purpose,requested_url,final_url,official_domain,http_status,bytes,content_sha256,acquired_at_utc,status,error
CPI_archive_index,https://www.bls.gov/bls/news-release/cpi.htm,https://www.bls.gov/bls/news-release/cpi.htm,www.bls.gov,200,128353,2ecacc37b27435aad7fce2ca2ff4031f42cd6b0860772d4a27c60bb73b457a6f,2026-09-03T15:41:04.304064Z,ok,
CPI_release_document,https://www.bls.gov/news.release/archives/cpi_01162015.htm,https://www.bls.gov/news.release/archives/cpi_01162015.htm,www.bls.gov,200,843673,0d6506526db661a782e5b3764c720878ac0623fbe3068163963192ba3baf179b,2026-09-03T15:41:05.379848Z,ok,
CPI_release_document,https://www.bls.gov/news.release/archives/cpi_02262015.htm,https://www.bls.gov/news.release/archives/cpi_02262015.htm,www.bls.gov,200,836193,eb589cc6488bf08cedec50df30c4a0f52ebaf998b28b8e4bd469417a7be30837,2026-09-03T15:41:06.326696Z,ok,
CPI_release_document,https://www.bls.gov/news.release/archives/cpi_03242015.htm,https://www.bls.gov/news.release/archives/cpi_03242015.htm,www.bls.gov,200,831960,33e897bd7018af0d58125be2c286db7fab06589a98f9c78366be7abf874e6bd4,2026-09-03T15:41:07.287021Z,ok,
CPI_release_document,https://www.bls.gov/news.release/archives/cpi_04172015.htm,https://www.bls.gov/news.release/archives/cpi_04172015.htm,www.bls.gov,200,832150,598af13e8f4178d220e3a5270bdcd13993c624981054730a85ba9ee45ba56a63,2026-09-03T15:41:08.297991Z,ok,
CPI_release_document,https://www.bls.gov/news.release/archives/cpi_05222015.htm,https://www.bls.gov/news.release/archives/cpi_05222015.htm,www.bls.gov,200,831915,1c7c67ff2c611922de87d44ee71d111f2144ed1d5eb0997ff594da2692885cbf,2026-09-03T15:41:09.357753Z,ok,
CPI_release_document,https://www.bls.gov/news.release/archives/cpi_06182015.htm,https://www.bls.gov/news.release/archives/cpi_06182015.htm,www.bls.gov,200,832401,99e7d9d2d7c166ed2facf76b95d8cefbbb09de5c384e79d70593955d5a7b8739,2026-09-03T15:41:10.480178Z,ok,
CPI_release_document,https://www.bls.gov/news.release/archives/cpi_07172015.htm,https://www.bls.gov/news.release/archives/cpi_07172015.htm,www.bls.gov,200,832780,1c6fe4a2db993611f46d4a7134e926898ec3401804eb851e59f1152d0e978e60,2026-09-03T15:41:11.729704Z,ok,
CPI_release_document,https://www.bls.gov/news.release/archives/cpi_08192015.htm,https://www.bls.gov/news.release/archives/cpi_08192015.htm,www.bls.gov,200,832420,00f6a5d38c5b7c763d37d42ac600b9612bbceb15c3c49b6d3ce24fd68f056c3e,2026-09-03T15:41:12.924585Z,ok,
CPI_release_document,https://www.bls.gov/news.release/archives/cpi_09162015.htm,https://www.bls.gov/news.release/archives/cpi_09162015.htm,www.bls.gov,200,833364,725fb87e4502db94d9f02dc15363b3d6500d743f2d24374f001c0787954a23ee,2026-09-03T15:41:14.117360Z,ok,
CPI_release_document,https://www.bls.gov/news.release/archives/cpi_10152015.htm,https://www.bls.gov/news.release/archives/cpi_10152015.htm,www.bls.gov,200,833098,18934727a26549eb63d24862f57eb964154c6ecd6a96ac5c8b71b525628f32c5,2026-09-03T15:41:15.109549Z,ok,
CPI_release_document,https://www.bls.gov/news.release/archives/cpi_11172015.htm,https://www.bls.gov/news.release/archives/cpi_11172015.htm,www.bls.gov,200,834046,abaf39e871eb7cda5db4029b2be4882738b4c614321daed87b29ae691fa96c71,2026-09-03T15:41:16.180016Z,ok,
CPI_release_document,https://www.bls.gov/news.release/archives/cpi_12152015.htm,https://www.bls.gov/news.release/archives/cpi_12152015.htm,www.bls.gov,200,834798,2ef64f31a7877675f5c7e080e9304abb11fb37fb1e065cb4759cfba3a0f13dc0,2026-09-03T15:41:17.209683Z,ok,
CPI_release_document,https://www.bls.gov/news.release/archives/cpi_01202016.htm,https://www.bls.gov/news.release/archives/cpi_01202016.htm,www.bls.gov,200,847832,1867eb16bfaae37fd2d952e797744b573c61ad39cea6d5500f62109cec1ed6ad,2026-09-03T15:41:18.143030Z,ok,
CPI_release_document,https://www.bls.gov/news.release/archives/cpi_02192016.htm,https://www.bls.gov/news.release/archives/cpi_02192016.htm,www.bls.gov,200,832540,720d9a47af16cadce9150e144b0aaf523a8f471bd824371f7cbc8eb8aa1b44b5,2026-09-03T15:41:19.180423Z,ok,
CPI_release_document,https://www.bls.gov/news.release/archives/cpi_03162016.htm,https://www.bls.gov/news.release/archives/cpi_03162016.htm,www.bls.gov,200,830398,1ca3a0a1c0133dd6a8f26648eb7152a35dfe42059fb7ffd4fa626a38d40fc135,2026-09-03T15:41:20.327798Z,ok,
CPI_release_document,https://www.bls.gov/news.release/archives/cpi_04142016.htm,https://www.bls.gov/news.release/archives/cpi_04142016.htm,www.bls.gov,200,832084,5c4bfebc981aca19cb51fb78fa2b0cc2049ca4a3aed4bb819c5a7866d02b5757,2026-09-03T15:41:21.509799Z,ok,
CPI_release_document,https://www.bls.gov/news.release/archives/cpi_05172016.htm,https://www.bls.gov/news.release/archives/cpi_05172016.htm,www.bls.gov,200,831716,cd06fe7cf3a018cb0916b260261e117eb7b9d401b2cf83a03c1be7c9eb410467,2026-09-03T15:41:22.729881Z,ok,
CPI_release_document,https://www.bls.gov/news.release/archives/cpi_06162016.htm,https://www.bls.gov/news.release/archives/cpi_06162016.htm,www.bls.gov,200,0,e3b0c44298fc1c149afbf4c8996fb92427ae41e4649b934ca495991b7852b855,2026-09-03T15:41:23.536351Z,ok,
CPI_release_document,https://www.bls.gov/news.release/archives/cpi_07152016.htm,https://www.bls.gov/news.release/archives/cpi_07152016.htm,www.bls.gov,200,832859,ef14f63c68c3590c1111b358f82598e91501c41776e634cd0efa905347d3fdf9,2026-09-03T15:41:24.072404Z,ok,
CPI_release_document,https://www.bls.gov/news.release/archives/cpi_08162016.htm,https://www.bls.gov/news.release/archives/cpi_08162016.htm,www.bls.gov,200,833337,44222a8ba9ec860ddd4c8af3b01b124a12f3e0855c71555340c50758b4e91295,2026-09-03T15:41:25.293449Z,ok,
CPI_release_document,https://www.bls.gov/news.release/archives/cpi_09162016.htm,https://www.bls.gov/news.release/archives/cpi_09162016.htm,www.bls.gov,200,833143,958d48698fc5f10bfbd8c07f3504ea23e7c533f025a15439752ef5c6dcbf6e4a,2026-09-03T15:41:26.579492Z,ok,
CPI_release_document,https://www.bls.gov/news.release/archives/cpi_10182016.htm,https://www.bls.gov/news.release/archives/cpi_10182016.htm,www.bls.gov,200,921515,622c4fb3f3db43969e4021e0413b878701c2651f4e89b96c0b3d3680f8a748e7,2026-09-03T15:41:27.775194Z,ok,
CPI_release_document,https://www.bls.gov/news.release/archives/cpi_11172016.htm,https://www.bls.gov/news.release/archives/cpi_11172016.htm,www.bls.gov,200,835101,5d8660c9e80f0fec9fd740ed9289310906235d03b1ae28c627510a87cbe032d0,2026-09-03T15:41:28.861835Z,ok,
CPI_release_document,https://www.bls.gov/news.release/archives/cpi_12152016.htm,https://www.bls.gov/news.release/archives/cpi_12152016.htm,www.bls.gov,200,834211,dee590c1235f82b56a8a347081424864eba45975d8b90d6f18305e348fdfd833,2026-09-03T15:41:29.996073Z,ok,
CPI_release_document,https://www.bls.gov/news.release/archives/cpi_01182017.htm,https://www.bls.gov/news.release/archives/cpi_01182017.htm,www.bls.gov,200,838062,94d1af9007e6ab563e41acffa9f108518b11d21bc289436244eafb20b7aa8f9f,2026-09-03T15:41:31.135744Z,ok,
CPI_release_document,https://www.bls.gov/news.release/archives/cpi_02152017.htm,https://www.bls.gov/news.release/archives/cpi_02152017.htm,www.bls.gov,200,838448,5d5003aea769a55a5414e1bc89b42afc41f29bc80b3bd6aa2e27983ab6162382,2026-09-03T15:41:32.345757Z,ok,
CPI_release_document,https://www.bls.gov/news.release/archives/cpi_03152017.htm,https://www.bls.gov/news.release/archives/cpi_03152017.htm,www.bls.gov,200,831847,93cd254b412805e94bd4b6515bf9987a6eca46d6a7f6b2a30b27f118faaa5203,2026-09-03T15:41:33.397245Z,ok,
CPI_release_document,https://www.bls.gov/news.release/archives/cpi_04142017.htm,https://www.bls.gov/news.release/archives/cpi_04142017.htm,www.bls.gov,200,833369,1126a634d07617fd9b68fc73335a7034fdce892402c5e13e0171eeb9a3b849e1,2026-09-03T15:41:34.488605Z,ok,
CPI_release_document,https://www.bls.gov/news.release/archives/cpi_05122017.htm,https://www.bls.gov/news.release/archives/cpi_05122017.htm,www.bls.gov,200,834374,13d15325b1b6354b38730b4f583b919c04d735ecef556d028bf2b83cd7167120,2026-09-03T15:41:35.569418Z,ok,
CPI_release_document,https://www.bls.gov/news.release/archives/cpi_06142017.htm,https://www.bls.gov/news.release/archives/cpi_06142017.htm,www.bls.gov,200,832790,90a7b4a8ee0f7d33ccd3227d3af5cbff47b50538195e4c45e0ec00ea0b9ccec4,2026-09-03T15:41:36.618840Z,ok,
CPI_release_document,https://www.bls.gov/news.release/archives/cpi_07142017.htm,https://www.bls.gov/news.release/archives/cpi_07142017.htm,www.bls.gov,200,832952,796cb2bb950e6629a9ee331e8449b61dd26f6bfee318477aa36a70a0988b1ca3,2026-09-03T15:41:37.724771Z,ok,
CPI_release_document,https://www.bls.gov/news.release/archives/cpi_08112017.htm,https://www.bls.gov/news.release/archives/cpi_08112017.htm,www.bls.gov,200,832949,08356c51b830ccc5f2a23cddbb305292316f6dc5a41f469e03cbaee557ec25df,2026-09-03T15:41:38.675286Z,ok,
CPI_release_document,https://www.bls.gov/news.release/archives/cpi_09142017.htm,https://www.bls.gov/news.release/archives/cpi_09142017.htm,www.bls.gov,200,833293,43872d2131fefc182a563ab7c6918a344207a2de4576fd9dc4728442fa7dd719,2026-09-03T15:41:39.768460Z,ok,
CPI_release_document,https://www.bls.gov/news.release/archives/cpi_10132017.htm,https://www.bls.gov/news.release/archives/cpi_10132017.htm,www.bls.gov,200,833499,97bcd17ef606b42e2a9c4ab969cbdf01c36533e3ad8ca7a06d7ba011dd9ce619,2026-09-03T15:41:40.789093Z,ok,
CPI_release_document,https://www.bls.gov/news.release/archives/cpi_11152017.htm,https://www.bls.gov/news.release/archives/cpi_11152017.htm,www.bls.gov,200,833409,9840fbf95652b78dd16b3aeba25cce7649ad483b111ae7fa9b201751d1e0d85f,2026-09-03T15:41:42.074698Z,ok,
CPI_release_document,https://www.bls.gov/news.release/archives/cpi_12132017.htm,https://www.bls.gov/news.release/archives/cpi_12132017.htm,www.bls.gov,200,833898,1f953f664bf21be3f46a8d63dc29e9206efd8b0d72f1477f10106a5dc30f0cf2,2026-09-03T15:41:43.105215Z,ok,
CPI_release_document,https://www.bls.gov/news.release/archives/cpi_01122018.htm,https://www.bls.gov/news.release/archives/cpi_01122018.htm,www.bls.gov,200,836996,faea4533dad549dfa4f88c7addf7abd3bdfa8f3e11d4bf1d92a76d0635a34628,2026-09-03T15:41:44.124584Z,ok,
CPI_release_document,https://www.bls.gov/news.release/archives/cpi_02142018.htm,https://www.bls.gov/news.release/archives/cpi_02142018.htm,www.bls.gov,200,834565,b5682079929535e1d60b32fb582616444e09f83588df386d34159a58b4f93820,2026-09-03T15:41:45.058060Z,ok,
CPI_release_document,https://www.bls.gov/news.release/archives/cpi_03132018.htm,https://www.bls.gov/news.release/archives/cpi_03132018.htm,www.bls.gov,200,835098,4df10ce73658ecc31223668a47b3e6f8bc1554a3e970fc107755c0d5744a188f,2026-09-03T15:41:46.022480Z,ok,
CPI_release_document,https://www.bls.gov/news.release/archives/cpi_04112018.htm,https://www.bls.gov/news.release/archives/cpi_04112018.htm,www.bls.gov,200,835920,990b4ea1b9a88849f14f44830b6bc6f70e4dfec338185253d4a131d32c3f9816,2026-09-03T15:41:47.230941Z,ok,
CPI_release_document,https://www.bls.gov/news.release/archives/cpi_05102018.htm,https://www.bls.gov/news.release/archives/cpi_05102018.htm,www.bls.gov,200,835552,969f1c8c211d1c018ede19d04980b0f8ea83c6a1227122f62d6615ad4e6e76d9,2026-09-03T15:41:48.120342Z,ok,
CPI_release_document,https://www.bls.gov/news.release/archives/cpi_06122018.htm,https://www.bls.gov/news.release/archives/cpi_06122018.htm,www.bls.gov,200,835880,ec04ba9b6eac1c16cdafac2cf239e1cbefd4a4a91245229286cbe3c78bb7c0aa,2026-09-03T15:41:49.094560Z,ok,
CPI_release_document,https://www.bls.gov/news.release/archives/cpi_07122018.htm,https://www.bls.gov/news.release/archives/cpi_07122018.htm,www.bls.gov,200,836244,b2da7d78a231856e706e7dc3010971de8868780a8a37931248d4c3de42bf7e96,2026-09-03T15:41:50.214723Z,ok,
CPI_release_document,https://www.bls.gov/news.release/archives/cpi_08102018.htm,https://www.bls.gov/news.release/archives/cpi_08102018.htm,www.bls.gov,200,827881,49225310b0ed0e1dd0b5884d4fd10adadf7b1789930e51722aff2e6e90e51977,2026-09-03T15:41:51.214892Z,ok,
CPI_release_document,https://www.bls.gov/news.release/archives/cpi_09132018.htm,https://www.bls.gov/news.release/archives/cpi_09132018.htm,www.bls.gov,200,828973,2682e454ebc6c8e081db1d933d57ea9f60a835191056c7b6d8ee25e45af1d6a8,2026-09-03T15:41:52.239575Z,ok,
CPI_release_document,https://www.bls.gov/news.release/archives/cpi_10112018.htm,https://www.bls.gov/news.release/archives/cpi_10112018.htm,www.bls.gov,200,1379753,0bbe0e927af15253d587dcfb6d4c34f99072a61873459422632dd59bdaf75617,2026-09-03T15:41:53.216971Z,ok,
CPI_release_document,https://www.bls.gov/news.release/archives/cpi_11142018.htm,https://www.bls.gov/news.release/archives/cpi_11142018.htm,www.bls.gov,200,1379570,57afb6a87632d7038ccc2b02f244ae0b009b6b0d39765537a7cfbf4473d6fa0c,2026-09-03T15:41:54.274512Z,ok,
CPI_release_document,https://www.bls.gov/news.release/archives/cpi_12122018.htm,https://www.bls.gov/news.release/archives/cpi_12122018.htm,www.bls.gov,200,1380551,c9005e9631f0e35427b81929cfabf39235f3f88d0f62cd15988d918b0a2b2e28,2026-09-03T15:41:55.389874Z,ok,
CPI_release_document,https://www.bls.gov/news.release/archives/cpi_01112019.htm,https://www.bls.gov/news.release/archives/cpi_01112019.htm,www.bls.gov,200,1384513,c645750b813633b207bb411ca46224298483e9652437b646c90840304bb80e57,2026-09-03T15:41:56.844808Z,ok,
CPI_release_document,https://www.bls.gov/news.release/archives/cpi_02132019.htm,https://www.bls.gov/news.release/archives/cpi_02132019.htm,www.bls.gov,200,1375434,45c7b7a62b83be5c09e5397a0fcc015a23228ecd04f4a7fd5160b124274168b7,2026-09-03T15:41:58.068859Z,ok,
CPI_release_document,https://www.bls.gov/news.release/archives/cpi_03122019.htm,https://www.bls.gov/news.release/archives/cpi_03122019.htm,www.bls.gov,200,1376240,3f91d4a2ad3eed1194be3e330fa8bc54100150fde3990b15a5c4630a1810201d,2026-09-03T15:41:59.176250Z,ok,
CPI_release_document,https://www.bls.gov/news.release/archives/cpi_04102019.htm,https://www.bls.gov/news.release/archives/cpi_04102019.htm,www.bls.gov,200,1377070,34289421e3fb268fe87549f3348748933057659cdf64dab44bc0d75089bde307,2026-09-03T15:42:00.291252Z,ok,
CPI_release_document,https://www.bls.gov/news.release/archives/cpi_05102019.htm,https://www.bls.gov/news.release/archives/cpi_05102019.htm,www.bls.gov,200,1377327,d538024a240ecc6bf6b0a67b3a8021e1776c3702054df8bb083325e1982e1482,2026-09-03T15:42:01.497423Z,ok,
CPI_release_document,https://www.bls.gov/news.release/archives/cpi_06122019.htm,https://www.bls.gov/news.release/archives/cpi_06122019.htm,www.bls.gov,200,1377680,3f572310684555271654e09b9b2f3494f39e99146c56ffaca2666f27b19db7c1,2026-09-03T15:42:02.610050Z,ok,
CPI_release_document,https://www.bls.gov/news.release/archives/cpi_07112019.htm,https://www.bls.gov/news.release/archives/cpi_07112019.htm,www.bls.gov,200,1378930,1f4a3cc1f0d011b8dc1cb854ff936625a7d7031ab85240a42e2e95cc5ff8af25,2026-09-03T15:42:03.656235Z,ok,
CPI_release_document,https://www.bls.gov/news.release/archives/cpi_08132019.htm,https://www.bls.gov/news.release/archives/cpi_08132019.htm,www.bls.gov,200,1377980,30326ebe2d0950e8c1a4553cb2cf22ef47687e739c7a69a51efa6a547a476539,2026-09-03T15:42:04.911153Z,ok,
CPI_release_document,https://www.bls.gov/news.release/archives/cpi_09122019.htm,https://www.bls.gov/news.release/archives/cpi_09122019.htm,www.bls.gov,200,1379223,c35a95374bdcee7fb5b718d54facd6f026e66c422d8295fd89e07f17b5d2c3f8,2026-09-03T15:42:06.181316Z,ok,
CPI_release_document,https://www.bls.gov/news.release/archives/cpi_10102019.htm,https://www.bls.gov/news.release/archives/cpi_10102019.htm,www.bls.gov,200,1380475,4f5ff05d7d93af1b9600520d9b318b6227835a5bdeb01f1320a0a3bab176febe,2026-09-03T15:42:08.186283Z,ok,
CPI_release_document,https://www.bls.gov/news.release/archives/cpi_11132019.htm,https://www.bls.gov/news.release/archives/cpi_11132019.htm,www.bls.gov,200,1380670,df4c0c412837dba17e39e6811ea14a8eb92ced0e49dee3f26b7c7e318ac006fe,2026-09-03T15:42:09.348553Z,ok,
CPI_release_document,https://www.bls.gov/news.release/archives/cpi_12112019.htm,https://www.bls.gov/news.release/archives/cpi_12112019.htm,www.bls.gov,200,1381037,fb035026aa840bd4267fcaeade9fe1e491f0de99e6cf3f64a8bfb3d039049fed,2026-09-03T15:42:10.631195Z,ok,
CPI_release_document,https://www.bls.gov/news.release/archives/cpi_01142020.htm,https://www.bls.gov/news.release/archives/cpi_01142020.htm,www.bls.gov,200,1385787,6fc54f77d7d77595dea6a8bdcf7b18fc07e3d87ae8d0bc20699bdd784cc09dd0,2026-09-03T15:42:11.631223Z,ok,
CPI_release_document,https://www.bls.gov/news.release/archives/cpi_02132020.htm,https://www.bls.gov/news.release/archives/cpi_02132020.htm,www.bls.gov,200,1374542,878a528add75e5c21f73cf1c714205b2327170fd131f23fe2be5b84d9a7ba0ba,2026-09-03T15:42:12.626418Z,ok,
CPI_release_document,https://www.bls.gov/news.release/archives/cpi_03112020.htm,https://www.bls.gov/news.release/archives/cpi_03112020.htm,www.bls.gov,200,1375906,0a55f738610a90af008ee123d69bd06a1eebad995ae76fe9be71d2f4ed244995,2026-09-03T15:42:13.503196Z,ok,
CPI_release_document,https://www.bls.gov/news.release/archives/cpi_04102020.htm,https://www.bls.gov/news.release/archives/cpi_04102020.htm,www.bls.gov,200,1377428,90ed5953e018f620209d27258b515b8a30cc7fbd5181d6631b5ab9d80f67a196,2026-09-03T15:42:14.605918Z,ok,
CPI_release_document,https://www.bls.gov/news.release/archives/cpi_05122020.htm,https://www.bls.gov/news.release/archives/cpi_05122020.htm,www.bls.gov,200,1376297,7884517c77a6eacd89c66eace5b56e63e32b7eb06a73934b5bebe19751d9701f,2026-09-03T15:42:15.798263Z,ok,
CPI_release_document,https://www.bls.gov/news.release/archives/cpi_06102020.htm,https://www.bls.gov/news.release/archives/cpi_06102020.htm,www.bls.gov,200,1377508,c3b112b13bd90807dbb764a4b8ea71d5bd70ca88afcb71e6e08d6e7c54a17761,2026-09-03T15:42:16.782233Z,ok,
CPI_release_document,https://www.bls.gov/news.release/archives/cpi_07142020.htm,https://www.bls.gov/news.release/archives/cpi_07142020.htm,www.bls.gov,200,1373696,2c55bf4191eff0ec2a261bd7a9b927dde6a4c0b3bb3aa6cf46020bb446861ec6,2026-09-03T15:42:17.790886Z,ok,
CPI_release_document,https://www.bls.gov/news.release/archives/cpi_08122020.htm,https://www.bls.gov/news.release/archives/cpi_08122020.htm,www.bls.gov,200,1373840,8538149f45c5f85035d12d5b10ef7531a7ef16e0a41470514618bd0be05a364a,2026-09-03T15:42:18.876502Z,ok,
CPI_release_document,https://www.bls.gov/news.release/archives/cpi_09112020.htm,https://www.bls.gov/news.release/archives/cpi_09112020.htm,www.bls.gov,200,1375691,336e154173da44fb7df063fba00cafd647fb052a859261acf698593f35a1d520,2026-09-03T15:42:19.893486Z,ok,
CPI_release_document,https://www.bls.gov/news.release/archives/cpi_10132020.htm,https://www.bls.gov/news.release/archives/cpi_10132020.htm,www.bls.gov,200,1376694,8a040f95f48bb90dae5d0a0a31c16c6099d14cb6afdd2ed4427b89eec4089731,2026-09-03T15:42:20.995205Z,ok,
CPI_release_document,https://www.bls.gov/news.release/archives/cpi_11122020.htm,https://www.bls.gov/news.release/archives/cpi_11122020.htm,www.bls.gov,200,1375813,ef408b86b72841d9774b7e1702675c61f3fa6d4527bcf492bf1de6cba8c54b9a,2026-09-03T15:42:21.943503Z,ok,
CPI_release_document,https://www.bls.gov/news.release/archives/cpi_12102020.htm,https://www.bls.gov/news.release/archives/cpi_12102020.htm,www.bls.gov,200,1377283,b95341839a08c52cd8962850ad71e8d656015379cfaad42d38ba189a46eb1e7b,2026-09-03T15:42:23.064954Z,ok,
CPI_release_document,https://www.bls.gov/news.release/archives/cpi_01132021.htm,https://www.bls.gov/news.release/archives/cpi_01132021.htm,www.bls.gov,200,1386472,958ec606783364d637bde7939bdb033c1f389102b6d4a12a7ae1996c97a8201e,2026-09-03T15:42:24.021789Z,ok,
CPI_release_document,https://www.bls.gov/news.release/archives/cpi_02102021.htm,https://www.bls.gov/news.release/archives/cpi_02102021.htm,www.bls.gov,200,1347290,5fa70452195d67cefd495f5c2f80ade7b3bca3e475d52a38eb58ddc6214828e9,2026-09-03T15:42:24.999006Z,ok,
CPI_release_document,https://www.bls.gov/news.release/archives/cpi_03102021.htm,https://www.bls.gov/news.release/archives/cpi_03102021.htm,www.bls.gov,200,1340188,051c25ebb219625b5cf58504c49a2609593cf39ecd2ba62a9966eba34231e2ca,2026-09-03T15:42:26.183301Z,ok,
CPI_release_document,https://www.bls.gov/news.release/archives/cpi_04132021.htm,https://www.bls.gov/news.release/archives/cpi_04132021.htm,www.bls.gov,200,1340381,25d2560be0fe9b6b9d5b6d7e489f844fadde12ba546db7288c4ef0b8c593035f,2026-09-03T15:42:27.323175Z,ok,
CPI_release_document,https://www.bls.gov/news.release/archives/cpi_05122021.htm,https://www.bls.gov/news.release/archives/cpi_05122021.htm,www.bls.gov,200,1341072,f55b37016a070ed30322fcc08a0c6f03f000aa258777c41bf45203365e6d6144,2026-09-03T15:42:28.233888Z,ok,
CPI_release_document,https://www.bls.gov/news.release/archives/cpi_06102021.htm,https://www.bls.gov/news.release/archives/cpi_06102021.htm,www.bls.gov,200,1342939,038432fac4cdf645ba331e627c39c813fbde56d60cb51a5eefe94712dae81d36,2026-09-03T15:42:29.155531Z,ok,
CPI_release_document,https://www.bls.gov/news.release/archives/cpi_07132021.htm,https://www.bls.gov/news.release/archives/cpi_07132021.htm,www.bls.gov,200,1342576,7859bd7378e4c8af049c6a7652554d100e92b5a34a5eb1708ceff3f9c5b4ec8c,2026-09-03T15:42:30.203019Z,ok,
CPI_release_document,https://www.bls.gov/news.release/archives/cpi_08112021.htm,https://www.bls.gov/news.release/archives/cpi_08112021.htm,www.bls.gov,200,1342555,d960fccff1dac20240e5a52c2bad13fec7c6885fb3448d98dbb6ca7164efd830,2026-09-03T15:42:31.204329Z,ok,
CPI_release_document,https://www.bls.gov/news.release/archives/cpi_09142021.htm,https://www.bls.gov/news.release/archives/cpi_09142021.htm,www.bls.gov,200,1343688,b9b9107bde86a3500e1a6ccc066fbd5ecf5096268549518c3ff5471a52bb5b4b,2026-09-03T15:42:32.441080Z,ok,
CPI_release_document,https://www.bls.gov/news.release/archives/cpi_10132021.htm,https://www.bls.gov/news.release/archives/cpi_10132021.htm,www.bls.gov,200,1344589,d4727fa17384682e1e3862526950acc01fe02218de3c6ebc88a43cfa4100d6a4,2026-09-03T15:42:33.586520Z,ok,
CPI_release_document,https://www.bls.gov/news.release/archives/cpi_11102021.htm,https://www.bls.gov/news.release/archives/cpi_11102021.htm,www.bls.gov,200,1347282,dba1449bea39c15efdd8977ff8fda8b693be8d040633927ae4d917ff43c3774d,2026-09-03T15:42:34.699008Z,ok,
CPI_release_document,https://www.bls.gov/news.release/archives/cpi_12102021.htm,https://www.bls.gov/news.release/archives/cpi_12102021.htm,www.bls.gov,200,1349586,e0464114ec5f7be2519b8ee669284ec502e935078d89c7d64a164da267e44bc3,2026-09-03T15:42:35.769580Z,ok,
CPI_release_document,https://www.bls.gov/news.release/archives/cpi_01122022.htm,https://www.bls.gov/news.release/archives/cpi_01122022.htm,www.bls.gov,200,1349361,1c58a1fa79111d1f5d2d7ba930028444c471677256d26dbf29672cba9d9d44fe,2026-09-03T15:42:36.912605Z,ok,
CPI_release_document,https://www.bls.gov/news.release/archives/cpi_02102022.htm,https://www.bls.gov/news.release/archives/cpi_02102022.htm,www.bls.gov,200,1345667,594e83805adc03fc65820d38ce93481fc9b5f412d4bd03e04d85bcf6b68a994c,2026-09-03T15:42:37.990097Z,ok,
CPI_release_document,https://www.bls.gov/news.release/archives/cpi_03102022.htm,https://www.bls.gov/news.release/archives/cpi_03102022.htm,www.bls.gov,200,1347136,00d4554129f8aa814d9b8438efc5854b3cb72baf2b283ee9558018f0f66474a5,2026-09-03T15:42:39.069201Z,ok,
CPI_release_document,https://www.bls.gov/news.release/archives/cpi_04122022.htm,https://www.bls.gov/news.release/archives/cpi_04122022.htm,www.bls.gov,200,1347434,42d50a01cb591f118887649e9af9aa54f3fd473686cf3500eca95b477b28c7b9,2026-09-03T15:42:40.253142Z,ok,
CPI_release_document,https://www.bls.gov/news.release/archives/cpi_05112022.htm,https://www.bls.gov/news.release/archives/cpi_05112022.htm,www.bls.gov,200,1366148,6068d3a659694034c9aa6d7948c98fb371911ec9c7e4c83a564a5ca4928b60cd,2026-09-03T15:42:41.387663Z,ok,
CPI_release_document,https://www.bls.gov/news.release/archives/cpi_06102022.htm,https://www.bls.gov/news.release/archives/cpi_06102022.htm,www.bls.gov,200,1366431,f3fb77be2cdbf3d6ce44b158285d361fa789ac9571670116ffb25268d6858a43,2026-09-03T15:42:42.485425Z,ok,
CPI_release_document,https://www.bls.gov/news.release/archives/cpi_07132022.htm,https://www.bls.gov/news.release/archives/cpi_07132022.htm,www.bls.gov,200,1367408,1903f1805855a17693580398bedf18a77b72da3cb0c85ae9c067de1899953bf7,2026-09-03T15:42:43.487611Z,ok,
CPI_release_document,https://www.bls.gov/news.release/archives/cpi_08102022.htm,https://www.bls.gov/news.release/archives/cpi_08102022.htm,www.bls.gov,200,1366654,807dc8d1594d5edbfdce40e9012f1c9fa14ae083577ba8e25e8ee518674fc0e9,2026-09-03T15:42:44.481562Z,ok,
CPI_release_document,https://www.bls.gov/news.release/archives/cpi_09132022.htm,https://www.bls.gov/news.release/archives/cpi_09132022.htm,www.bls.gov,200,1367872,c0d7a9380f790016edacf9ff25c9c1f78ccc77028bafdbd3e71464a475419e92,2026-09-03T15:42:45.571709Z,ok,
CPI_release_document,https://www.bls.gov/news.release/archives/cpi_10132022.htm,https://www.bls.gov/news.release/archives/cpi_10132022.htm,www.bls.gov,200,1368106,0f588bdc487f8d8eb3c285c31a5d9f6b3332783e6ec0a4a7f00f52a4da71d678,2026-09-03T15:42:46.755362Z,ok,
CPI_release_document,https://www.bls.gov/news.release/archives/cpi_11102022.htm,https://www.bls.gov/news.release/archives/cpi_11102022.htm,www.bls.gov,200,1368843,7b63bc7a078bfe43415882aa83cb5da5f7d07192d02ab5cf8ed2356cdcf3798e,2026-09-03T15:42:47.375716Z,ok,
CPI_release_document,https://www.bls.gov/news.release/archives/cpi_12132022.htm,https://www.bls.gov/news.release/archives/cpi_12132022.htm,www.bls.gov,200,1371474,c1142a3659e44977e269ea57661200e3d508bf386700c262effcc2a109b782df,2026-09-03T15:42:47.890843Z,ok,
CPI_release_document,https://www.bls.gov/news.release/archives/cpi_01122023.htm,https://www.bls.gov/news.release/archives/cpi_01122023.htm,www.bls.gov,200,1370786,499497984f419ab8df6f67a6740509729242cc048107d7cd63f087d5216b9467,2026-09-03T15:42:48.549778Z,ok,
CPI_release_document,https://www.bls.gov/news.release/archives/cpi_02142023.htm,https://www.bls.gov/news.release/archives/cpi_02142023.htm,www.bls.gov,200,1364963,5981cc5faf9306b5cf4f85865a981c31d5832987e9e1c4c602469581f2a49b55,2026-09-03T15:42:49.168210Z,ok,
CPI_release_document,https://www.bls.gov/news.release/archives/cpi_03142023.htm,https://www.bls.gov/news.release/archives/cpi_03142023.htm,www.bls.gov,200,1363760,8660ff792a47dd6102bfbfef0f5eabdf3bf270eaa0dfa65bc3df73554a8acf11,2026-09-03T15:42:50.064375Z,ok,
CPI_release_document,https://www.bls.gov/news.release/archives/cpi_04122023.htm,https://www.bls.gov/news.release/archives/cpi_04122023.htm,www.bls.gov,200,1364486,da459f694383849548462d8d7925820791b731cf401619fefc764a2baea521f9,2026-09-03T15:42:50.723055Z,ok,
CPI_release_document,https://www.bls.gov/news.release/archives/cpi_05102023.htm,https://www.bls.gov/news.release/archives/cpi_05102023.htm,www.bls.gov,200,1366736,fb3a7359c1e3c5108585db3b9a6062773a36b3c009149a02728ca120129f3a42,2026-09-03T15:42:51.307256Z,ok,
CPI_release_document,https://www.bls.gov/news.release/archives/cpi_06132023.htm,https://www.bls.gov/news.release/archives/cpi_06132023.htm,www.bls.gov,200,1366870,fd0bab2e3a5d840db0436f881bce63e762416c254ba35eb7647467c2c13db63d,2026-09-03T15:42:51.920910Z,ok,
CPI_release_document,https://www.bls.gov/news.release/archives/cpi_07122023.htm,https://www.bls.gov/news.release/archives/cpi_07122023.htm,www.bls.gov,200,1367242,7b762c579ac8da5b0d978aa33df0df0e7119fd3c4feeda2243d0e22e11803ada,2026-09-03T15:42:52.573542Z,ok,
CPI_release_document,https://www.bls.gov/news.release/archives/cpi_08102023.htm,https://www.bls.gov/news.release/archives/cpi_08102023.htm,www.bls.gov,200,1367396,c21a6de3e6e8bb311d1214d4b0c6452106ea4737b09e002a8f6cb7ce76267f87,2026-09-03T15:42:53.242113Z,ok,
CPI_release_document,https://www.bls.gov/news.release/archives/cpi_09132023.htm,https://www.bls.gov/news.release/archives/cpi_09132023.htm,www.bls.gov,200,1368219,7c884dcf53513f0a75734036492b4007a5aa950032be11321b6fa997028bc52c,2026-09-03T15:42:53.900521Z,ok,
CPI_release_document,https://www.bls.gov/news.release/archives/cpi_10122023.htm,https://www.bls.gov/news.release/archives/cpi_10122023.htm,www.bls.gov,200,1368921,2781e936e37cece09f727b9ea841374e4fa65b310352afc32051c48c6447f84e,2026-09-03T15:42:54.784284Z,ok,
CPI_release_document,https://www.bls.gov/news.release/archives/cpi_11142023.htm,https://www.bls.gov/news.release/archives/cpi_11142023.htm,www.bls.gov,200,1370155,fb0828e5ba89c1313470d1c4026bf7ecaf8b9577a4e1dd4312f44a46bbd42765,2026-09-03T15:42:55.220920Z,ok,
CPI_release_document,https://www.bls.gov/news.release/archives/cpi_12122023.htm,https://www.bls.gov/news.release/archives/cpi_12122023.htm,www.bls.gov,200,1370078,6cc6db73dadc1aa2744628df86a8b679567f5f4f9a792336885ba9e66fae9c5f,2026-09-03T15:42:56.108914Z,ok,
CPI_release_document,https://www.bls.gov/news.release/archives/cpi_01112024.htm,https://www.bls.gov/news.release/archives/cpi_01112024.htm,www.bls.gov,200,1369631,1038c83ecffd9f69d33a12c00afcafe9e944edd7bfddc5ada59f08b9942cd908,2026-09-03T15:42:56.754165Z,ok,
CPI_release_document,https://www.bls.gov/news.release/archives/cpi_02132024.htm,https://www.bls.gov/news.release/archives/cpi_02132024.htm,www.bls.gov,200,1363494,342dd114af6554bfb38e09a6e88327d48949e57abaed4179fb82ffc34edb9f9b,2026-09-03T15:42:57.766345Z,ok,
CPI_release_document,https://www.bls.gov/news.release/archives/cpi_03122024.htm,https://www.bls.gov/news.release/archives/cpi_03122024.htm,www.bls.gov,200,1362861,f7e95863de9cc75da6b6bccd3c153b6b319f9e21da4d07de9625dca6facf8e0a,2026-09-03T15:42:58.206767Z,ok,
CPI_release_document,https://www.bls.gov/news.release/archives/cpi_04102024.htm,https://www.bls.gov/news.release/archives/cpi_04102024.htm,www.bls.gov,200,1364249,04370e66ff51dc44097554bf7209d689aad737f946b990f1408a77f3135a017b,2026-09-03T15:42:58.805203Z,ok,
CPI_release_document,https://www.bls.gov/news.release/archives/cpi_05152024.htm,https://www.bls.gov/news.release/archives/cpi_05152024.htm,www.bls.gov,200,1364197,2be32c82e99921d31f94c7e218a7a85065df0ed0b085121079a8859714820211,2026-09-03T15:42:59.610387Z,ok,
CPI_release_document,https://www.bls.gov/news.release/archives/cpi_06122024.htm,https://www.bls.gov/news.release/archives/cpi_06122024.htm,www.bls.gov,200,1365392,c9fe8fa8d02b82e671fec2db8ca46a44c7184ae77fbadcb11d4e20bad57963a7,2026-09-03T15:43:00.215500Z,ok,
CPI_release_document,https://www.bls.gov/news.release/archives/cpi_07112024.htm,https://www.bls.gov/news.release/archives/cpi_07112024.htm,www.bls.gov,200,1364412,1f1d9774f8cdb1686c8ccf9b5ee0d6e31b900a8cb9f69ceebab62b5590d93922,2026-09-03T15:43:00.829270Z,ok,
CPI_release_document,https://www.bls.gov/news.release/archives/cpi_08142024.htm,https://www.bls.gov/news.release/archives/cpi_08142024.htm,www.bls.gov,200,1364753,143ab49b95eadfac80a2059adf4397c85a288818d9a5241638c3db106e00e9ce,2026-09-03T15:43:01.494598Z,ok,
CPI_release_document,https://www.bls.gov/news.release/archives/cpi_09112024.htm,https://www.bls.gov/news.release/archives/cpi_09112024.htm,www.bls.gov,200,1364013,4937ea1816e0f3cbc27f3c7d01c6291891d0a4dd527344b9a729f3969d3d94f8,2026-09-03T15:43:02.071414Z,ok,
CPI_release_document,https://www.bls.gov/news.release/archives/cpi_10102024.htm,https://www.bls.gov/news.release/archives/cpi_10102024.htm,www.bls.gov,200,1366087,1cb273463c6279397c7e44d8c1af05274be1c59639f952d0999f2790437109f6,2026-09-03T15:43:02.992083Z,ok,
CPI_release_document,https://www.bls.gov/news.release/archives/cpi_11132024.htm,https://www.bls.gov/news.release/archives/cpi_11132024.htm,www.bls.gov,200,1370137,41724c8999895328487a8a82db07e6351c6f8241813446c2e70c7eab1c551596,2026-09-03T15:43:03.600843Z,ok,
CPI_release_document,https://www.bls.gov/news.release/archives/cpi_12112024.htm,https://www.bls.gov/news.release/archives/cpi_12112024.htm,www.bls.gov,200,1370250,f83fa3e7e82e2bbb48f4a40224c5b4c831fcdd231bd30088377605ebda50222b,2026-09-03T15:43:04.285441Z,ok,
EMPLOYMENT_archive_index,https://www.bls.gov/bls/news-release/empsit.htm,https://www.bls.gov/bls/news-release/empsit.htm,www.bls.gov,200,132559,d0a5d6be8fb79516bd32a9fd89acc421d0f9deef721aad8d1059e65b3b967128,2026-09-03T15:43:04.947169Z,ok,
EMPLOYMENT_release_document,https://www.bls.gov/news.release/archives/empsit_01092015.htm,https://www.bls.gov/news.release/archives/empsit_01092015.htm,www.bls.gov,200,596099,5bd7cd33985e6c772f60e8f71ec61d84b1a6152feb80c897bfc5c4ae07396105,2026-09-03T15:43:05.294643Z,ok,
EMPLOYMENT_release_document,https://www.bls.gov/news.release/archives/empsit_02062015.htm,https://www.bls.gov/news.release/archives/empsit_02062015.htm,www.bls.gov,200,577272,d559635823b5d527fd34b45e2cc96c228010403527b1be39d5f8e448b45a8dc5,2026-09-03T15:43:05.806773Z,ok,
EMPLOYMENT_release_document,https://www.bls.gov/news.release/archives/empsit_03062015.htm,https://www.bls.gov/news.release/archives/empsit_03062015.htm,www.bls.gov,200,563697,a18475c71999f89d75ac2e625b4f452d3119008ed7dc4f507e642969b8c0df22,2026-09-03T15:43:06.973358Z,ok,
EMPLOYMENT_release_document,https://www.bls.gov/news.release/archives/empsit_04032015.htm,https://www.bls.gov/news.release/archives/empsit_04032015.htm,www.bls.gov,200,563640,f78702c631058c2a5846d8a742f048ef4c5c1a1121f392e3cb94791c8af7c738,2026-09-03T15:43:08.137783Z,ok,
EMPLOYMENT_release_document,https://www.bls.gov/news.release/archives/empsit_05082015.htm,https://www.bls.gov/news.release/archives/empsit_05082015.htm,www.bls.gov,200,563595,a31cd2b573262d9ae5cd25176d6aa7be1190e1d8eea45ce321a94ab29bead02c,2026-09-03T15:43:08.942427Z,ok,
EMPLOYMENT_release_document,https://www.bls.gov/news.release/archives/empsit_06052015.htm,https://www.bls.gov/news.release/archives/empsit_06052015.htm,www.bls.gov,200,563755,154f3ad6144b6fc28f92f5da39b32b5106b14d2d3a60b332f0d5ec9a96019115,2026-09-03T15:43:09.723568Z,ok,
EMPLOYMENT_release_document,https://www.bls.gov/news.release/archives/empsit_07022015.htm,https://www.bls.gov/news.release/archives/empsit_07022015.htm,www.bls.gov,200,563602,a711766fe117c5585b23736a6323c2136393f70ad20ef7da5072db62349e7848,2026-09-03T15:43:10.957957Z,ok,
EMPLOYMENT_release_document,https://www.bls.gov/news.release/archives/empsit_08072015.htm,https://www.bls.gov/news.release/archives/empsit_08072015.htm,www.bls.gov,200,563551,f407a597f6af29d17ca7b35e1ccc8a8e54794feacac8a12d642e3a80c5b287c7,2026-09-03T15:43:11.806646Z,ok,
EMPLOYMENT_release_document,https://www.bls.gov/news.release/archives/empsit_09042015.htm,https://www.bls.gov/news.release/archives/empsit_09042015.htm,www.bls.gov,200,565435,e24f134c5990376f0c4b3db6dbdc91c03d698f8a00fcb715d9f019ad2e0ec4dd,2026-09-03T15:43:12.601185Z,ok,
EMPLOYMENT_release_document,https://www.bls.gov/news.release/archives/empsit_10022015.htm,https://www.bls.gov/news.release/archives/empsit_10022015.htm,www.bls.gov,200,563521,f4380e466869ebb39bc5ab3426d8e87e9e4ce11d0ec091a224b38c1493246add,2026-09-03T15:43:13.526070Z,ok,
EMPLOYMENT_release_document,https://www.bls.gov/news.release/archives/empsit_11062015.htm,https://www.bls.gov/news.release/archives/empsit_11062015.htm,www.bls.gov,200,563449,5e1d1bbd7a129aa50018a134382c574f9e2ed02d22b9af845884e78b4c5d6aba,2026-09-03T15:43:14.450873Z,ok,
EMPLOYMENT_release_document,https://www.bls.gov/news.release/archives/empsit_12042015.htm,https://www.bls.gov/news.release/archives/empsit_12042015.htm,www.bls.gov,200,564357,417338b683456640fc6e52f5ee138acc2b662e2e8dc4033f81405289023fbf13,2026-09-03T15:43:15.505986Z,ok,
EMPLOYMENT_release_document,https://www.bls.gov/news.release/archives/empsit_01082016.htm,https://www.bls.gov/news.release/archives/empsit_01082016.htm,www.bls.gov,200,595067,fb21d2a2677f2c4d1d39ca81bd05edad514d05c7a914fc377506a200e5763a8d,2026-09-03T15:43:16.515772Z,ok,
EMPLOYMENT_release_document,https://www.bls.gov/news.release/archives/empsit_02052016.htm,https://www.bls.gov/news.release/archives/empsit_02052016.htm,www.bls.gov,200,593508,a1491f4d40e5759efe06a3e81c2d9f786811d3803c737d62af4b0904cda0f985,2026-09-03T15:43:17.529733Z,ok,
EMPLOYMENT_release_document,https://www.bls.gov/news.release/archives/empsit_03042016.htm,https://www.bls.gov/news.release/archives/empsit_03042016.htm,www.bls.gov,200,580410,d909d6b7c9316783920caa267ee94e29c99bba6e98ec807572c5b7058e98b319,2026-09-03T15:43:18.498088Z,ok,
EMPLOYMENT_release_document,https://www.bls.gov/news.release/archives/empsit_04012016.htm,https://www.bls.gov/news.release/archives/empsit_04012016.htm,www.bls.gov,200,580198,84fe7b3f6ca7febef524704897177d708d14c48a51507d15f3a975332638fb7a,2026-09-03T15:43:19.465895Z,ok,
EMPLOYMENT_release_document,https://www.bls.gov/news.release/archives/empsit_05062016.htm,https://www.bls.gov/news.release/archives/empsit_05062016.htm,www.bls.gov,200,579621,b75982e76084e422355272ab9264675b8f7b8cc278355c9be8c3226426a05598,2026-09-03T15:43:20.371766Z,ok,
EMPLOYMENT_release_document,https://www.bls.gov/news.release/archives/empsit_06032016.htm,https://www.bls.gov/news.release/archives/empsit_06032016.htm,www.bls.gov,200,580127,5c59d084257b17f74763268f880ded30a52ebb1da187bad29d7260785017241e,2026-09-03T15:43:21.272941Z,ok,
EMPLOYMENT_release_document,https://www.bls.gov/news.release/archives/empsit_07082016.htm,https://www.bls.gov/news.release/archives/empsit_07082016.htm,www.bls.gov,200,580919,37fd0d994fc57b74c6a83d6ce12980bb11e7dc5dd6195ff06b2d2ba81e5ff636,2026-09-03T15:43:22.294808Z,ok,
EMPLOYMENT_release_document,https://www.bls.gov/news.release/archives/empsit_08052016.htm,https://www.bls.gov/news.release/archives/empsit_08052016.htm,www.bls.gov,200,581356,4eab8651a441e880f3ba14688b8341e4d2b252d5138898ddaebabaf3cec6759a,2026-09-03T15:43:23.145553Z,ok,
EMPLOYMENT_release_document,https://www.bls.gov/news.release/archives/empsit_09022016.htm,https://www.bls.gov/news.release/archives/empsit_09022016.htm,www.bls.gov,200,579662,6db3e0b7cfa369f71cd6c70235f3ba6e9a41fe41381c1ebb4fb3584d9bcdcc89,2026-09-03T15:43:23.964154Z,ok,
EMPLOYMENT_release_document,https://www.bls.gov/news.release/archives/empsit_10072016.htm,https://www.bls.gov/news.release/archives/empsit_10072016.htm,www.bls.gov,200,579799,80d97309208458237777de835cf1fb0f170b4b6b46e134ef40dbbcfed85f1892,2026-09-03T15:43:24.899085Z,ok,
EMPLOYMENT_release_document,https://www.bls.gov/news.release/archives/empsit_11042016.htm,https://www.bls.gov/news.release/archives/empsit_11042016.htm,www.bls.gov,200,580322,eb9da351fb5128bffbc0e7125b94f236ecf15f0149e662ce154ee3326a0a1f17,2026-09-03T15:43:25.742867Z,ok,
EMPLOYMENT_release_document,https://www.bls.gov/news.release/archives/empsit_12022016.htm,https://www.bls.gov/news.release/archives/empsit_12022016.htm,www.bls.gov,200,581491,0d2af8c7fa3f5d6417ca307c749a614f9498b9ca80c7dfbf985c6e050d058215,2026-09-03T15:43:26.585861Z,ok,
EMPLOYMENT_release_document,https://www.bls.gov/news.release/archives/empsit_01062017.htm,https://www.bls.gov/news.release/archives/empsit_01062017.htm,www.bls.gov,200,610790,48ea2e1a58584463950bf4fd37084bd254b2714ae21696e42b135b6b75c1ffdf,2026-09-03T15:43:27.504777Z,ok,
EMPLOYMENT_release_document,https://www.bls.gov/news.release/archives/empsit_02032017.htm,https://www.bls.gov/news.release/archives/empsit_02032017.htm,www.bls.gov,200,592595,d45967e10f74b9a061459c59c9895c4019843fdef4b0d33235ada891103ce630,2026-09-03T15:43:28.314840Z,ok,
EMPLOYMENT_release_document,https://www.bls.gov/news.release/archives/empsit_03102017.htm,https://www.bls.gov/news.release/archives/empsit_03102017.htm,www.bls.gov,200,581556,99e1ca06687ddf6194e498449f777413f2eb478fbd45440871374cfe5fa7436f,2026-09-03T15:43:29.348390Z,ok,
EMPLOYMENT_release_document,https://www.bls.gov/news.release/archives/empsit_04072017.htm,https://www.bls.gov/news.release/archives/empsit_04072017.htm,www.bls.gov,200,581823,3dca4e944faf55c64c0ed4455e76207810236de267225b11d9ae9d90d5411159,2026-09-03T15:43:30.228276Z,ok,
EMPLOYMENT_release_document,https://www.bls.gov/news.release/archives/empsit_05052017.htm,https://www.bls.gov/news.release/archives/empsit_05052017.htm,www.bls.gov,200,581448,56410780099e0314107a2c265af83a43d381f1db5c669d73ae2e5c5519f22a94,2026-09-03T15:43:31.155763Z,ok,
EMPLOYMENT_release_document,https://www.bls.gov/news.release/archives/empsit_06022017.htm,https://www.bls.gov/news.release/archives/empsit_06022017.htm,www.bls.gov,200,580927,abfc575f662a7b65607d9f63c9a90764df3880981a5aed4a1ea27bf1f6789d9d,2026-09-03T15:43:31.974932Z,ok,
EMPLOYMENT_release_document,https://www.bls.gov/news.release/archives/empsit_07072017.htm,https://www.bls.gov/news.release/archives/empsit_07072017.htm,www.bls.gov,200,581284,7bc80f0a31b81fb80fd8aa602fd28fe45d235c59f2a0a257ff0394256c3defa5,2026-09-03T15:43:32.810639Z,ok,
EMPLOYMENT_release_document,https://www.bls.gov/news.release/archives/empsit_08042017.htm,https://www.bls.gov/news.release/archives/empsit_08042017.htm,www.bls.gov,200,582506,4462e648afc82b411ee940032c7fba0b3d94955ec61cdbd3e2c01d6262849f86,2026-09-03T15:43:33.805813Z,ok,
EMPLOYMENT_release_document,https://www.bls.gov/news.release/archives/empsit_09012017.htm,https://www.bls.gov/news.release/archives/empsit_09012017.htm,www.bls.gov,200,584152,c844a3e1f1ae818cd90462d20503b70bd25bd60851ed05f13d03dfb9194fcbe8,2026-09-03T15:43:34.839807Z,ok,
EMPLOYMENT_release_document,https://www.bls.gov/news.release/archives/empsit_10062017.htm,https://www.bls.gov/news.release/archives/empsit_10062017.htm,www.bls.gov,200,584945,e0883819d6db775725bf659fcde007c8a0d6b92ac31cc201e550b0c328a02336,2026-09-03T15:43:35.413742Z,ok,
EMPLOYMENT_release_document,https://www.bls.gov/news.release/archives/empsit_11032017.htm,https://www.bls.gov/news.release/archives/empsit_11032017.htm,www.bls.gov,200,583511,8f0e0c8324f5b017aa87691cae502f004a5172152ec399501cd964db11a71fb6,2026-09-03T15:43:36.438123Z,ok,
EMPLOYMENT_release_document,https://www.bls.gov/news.release/archives/empsit_12082017.htm,https://www.bls.gov/news.release/archives/empsit_12082017.htm,www.bls.gov,200,584056,7e3aa59dfc5860e5a6c44e6a8b7f278b85b07d69aa1028dfa655c967b5fc2773,2026-09-03T15:43:37.294027Z,ok,
EMPLOYMENT_release_document,https://www.bls.gov/news.release/archives/empsit_01052018.htm,https://www.bls.gov/news.release/archives/empsit_01052018.htm,www.bls.gov,200,614183,ad4c96e6de0c7d0d3f4561c9fe0f03d35010462ff272a68cb231aa6b197c8686,2026-09-03T15:43:38.139821Z,ok,
EMPLOYMENT_release_document,https://www.bls.gov/news.release/archives/empsit_02022018.htm,https://www.bls.gov/news.release/archives/empsit_02022018.htm,www.bls.gov,200,594605,4c7e217d92504319481f933f0eef7871b63097d23b099f08de44fcbd22865f85,2026-09-03T15:43:38.991292Z,ok,
EMPLOYMENT_release_document,https://www.bls.gov/news.release/archives/empsit_03092018.htm,https://www.bls.gov/news.release/archives/empsit_03092018.htm,www.bls.gov,200,582150,ae01f847ca132af4dc98111df3c07066292c26764cb1e3b02a26b7b9ba8cf3ba,2026-09-03T15:43:40.002423Z,ok,
EMPLOYMENT_release_document,https://www.bls.gov/news.release/archives/empsit_04062018.htm,https://www.bls.gov/news.release/archives/empsit_04062018.htm,www.bls.gov,200,581227,ef79ee42f759b33d464af79ddd442e95c4add09cd3f7f8c97b915cef1dcd41f6,2026-09-03T15:43:40.918324Z,ok,
EMPLOYMENT_release_document,https://www.bls.gov/news.release/archives/empsit_05042018.htm,https://www.bls.gov/news.release/archives/empsit_05042018.htm,www.bls.gov,200,581117,fe07732bcc175fc2b187a33f6ca203d9a07bfa3fc5aa387ce93fdeec4b55c17e,2026-09-03T15:43:41.830402Z,ok,
EMPLOYMENT_release_document,https://www.bls.gov/news.release/archives/empsit_06012018.htm,https://www.bls.gov/news.release/archives/empsit_06012018.htm,www.bls.gov,200,581543,fd7898afef0689dabd87744fbb629b0f8e20fdc84145c95030e1b182a503fec6,2026-09-03T15:43:42.692192Z,ok,
EMPLOYMENT_release_document,https://www.bls.gov/news.release/archives/empsit_07062018.htm,https://www.bls.gov/news.release/archives/empsit_07062018.htm,www.bls.gov,200,583355,88f2c26ffc6801c6f35ba691d3d771f000f80303dfeb6c2ebf642a16c55af61e,2026-09-03T15:43:43.631431Z,ok,
EMPLOYMENT_release_document,https://www.bls.gov/news.release/archives/empsit_08032018.htm,https://www.bls.gov/news.release/archives/empsit_08032018.htm,www.bls.gov,200,583672,e8a2fa206d17bd06a12b8435a642136fdacad8e87052a603c297a04fdd07a7d8,2026-09-03T15:43:44.576049Z,ok,
EMPLOYMENT_release_document,https://www.bls.gov/news.release/archives/empsit_09072018.htm,https://www.bls.gov/news.release/archives/empsit_09072018.htm,www.bls.gov,200,581342,5b9effc2ce8ce99167bf5a49e66c2d02af7471eb017af8e112dc6b28f948139c,2026-09-03T15:43:45.499347Z,ok,
EMPLOYMENT_release_document,https://www.bls.gov/news.release/archives/empsit_10052018.htm,https://www.bls.gov/news.release/archives/empsit_10052018.htm,www.bls.gov,200,774585,c0def8afbb2334b6374d5e17504d5a40a5df83f2af4dc8b105f657f859f1a21b,2026-09-03T15:43:46.729247Z,ok,
EMPLOYMENT_release_document,https://www.bls.gov/news.release/archives/empsit_11022018.htm,https://www.bls.gov/news.release/archives/empsit_11022018.htm,www.bls.gov,200,1062650,ef9178d1533ff7c83dba8ed4ccb1cdf9fd2406ec3419bf40c198f8af68a9d6c8,2026-09-03T15:43:47.783844Z,ok,
EMPLOYMENT_release_document,https://www.bls.gov/news.release/archives/empsit_12072018.htm,https://www.bls.gov/news.release/archives/empsit_12072018.htm,www.bls.gov,200,1061632,efe7f3ab3899fa40e16b48c84f061ed531ece0a55aff5c4e23d6197685ae4cb1,2026-09-03T15:43:48.901019Z,ok,
EMPLOYMENT_release_document,https://www.bls.gov/news.release/archives/empsit_01042019.htm,https://www.bls.gov/news.release/archives/empsit_01042019.htm,www.bls.gov,200,1126177,ea771afc76d7ce15966e4d1c7da9a531ff954e24eb5485e5dccba2eb058e1fc6,2026-09-03T15:43:50.184834Z,ok,
EMPLOYMENT_release_document,https://www.bls.gov/news.release/archives/empsit_02012019.htm,https://www.bls.gov/news.release/archives/empsit_02012019.htm,www.bls.gov,200,1081192,38ef339eb0c99f39fe4c8cbd70b1e753ed99555d39954c81bd7111bd34d15efe,2026-09-03T15:43:51.173830Z,ok,
EMPLOYMENT_release_document,https://www.bls.gov/news.release/archives/empsit_03082019.htm,https://www.bls.gov/news.release/archives/empsit_03082019.htm,www.bls.gov,200,1061356,e28704921e77bacc57f88586a106f2148d96a03f1b8745fd098e346604daa635,2026-09-03T15:43:52.298676Z,ok,
EMPLOYMENT_release_document,https://www.bls.gov/news.release/archives/empsit_04052019.htm,https://www.bls.gov/news.release/archives/empsit_04052019.htm,www.bls.gov,200,1061202,01506531763a2a8a2d7194a5a676649222c241c593b2b28ac2fae8008b401bcb,2026-09-03T15:43:53.458578Z,ok,
EMPLOYMENT_release_document,https://www.bls.gov/news.release/archives/empsit_05032019.htm,https://www.bls.gov/news.release/archives/empsit_05032019.htm,www.bls.gov,200,1061767,05eff373a19cc53036f5afcd29075cd2d0439a0fbb158935dd4aa9692e955858,2026-09-03T15:43:54.519204Z,ok,
EMPLOYMENT_release_document,https://www.bls.gov/news.release/archives/empsit_06072019.htm,https://www.bls.gov/news.release/archives/empsit_06072019.htm,www.bls.gov,200,1060304,cb63109910fc0235c6f2f6180a1f346627e680b77255a36ecc6d449e50825943,2026-09-03T15:43:55.649599Z,ok,
EMPLOYMENT_release_document,https://www.bls.gov/news.release/archives/empsit_07052019.htm,https://www.bls.gov/news.release/archives/empsit_07052019.htm,www.bls.gov,200,1062300,b968afdf1f5770ff35d2f4e51027c5fa1dd779696ddb781a589ebb40fb92bdaa,2026-09-03T15:43:56.720183Z,ok,
EMPLOYMENT_release_document,https://www.bls.gov/news.release/archives/empsit_08022019.htm,https://www.bls.gov/news.release/archives/empsit_08022019.htm,www.bls.gov,200,1062679,3251144f03e2b7478266be18f63c167d96ee8f9cef5382b7e276f5de72a824fd,2026-09-03T15:43:57.780321Z,ok,
EMPLOYMENT_release_document,https://www.bls.gov/news.release/archives/empsit_09062019.htm,https://www.bls.gov/news.release/archives/empsit_09062019.htm,www.bls.gov,200,1061898,230afa1debc909fde6de3c9b2c183b498ddff0bddbea3882f5fb722aa29cfa5d,2026-09-03T15:43:58.708696Z,ok,
EMPLOYMENT_release_document,https://www.bls.gov/news.release/archives/empsit_10042019.htm,https://www.bls.gov/news.release/archives/empsit_10042019.htm,www.bls.gov,200,1061786,e6906ace00e711b73a9849fd8d752c90adf93494c57cd1a23a814bdc4a73b306,2026-09-03T15:43:59.554526Z,ok,
EMPLOYMENT_release_document,https://www.bls.gov/news.release/archives/empsit_11012019.htm,https://www.bls.gov/news.release/archives/empsit_11012019.htm,www.bls.gov,200,1061704,d2e48a621c154c40f9877fa7d3552cc5c913a0fc7999acca6adc468bd858ab24,2026-09-03T15:44:00.562203Z,ok,
EMPLOYMENT_release_document,https://www.bls.gov/news.release/archives/empsit_12062019.htm,https://www.bls.gov/news.release/archives/empsit_12062019.htm,www.bls.gov,200,1065665,e59a8d3b402e0744188780b720a6debdbc30cb03217419cda746c72fd9f9d886,2026-09-03T15:44:01.607620Z,ok,
EMPLOYMENT_release_document,https://www.bls.gov/news.release/archives/empsit_01102020.htm,https://www.bls.gov/news.release/archives/empsit_01102020.htm,www.bls.gov,200,1129520,c8175b205234ca356d1e45af69caea2da7beaa02f0e29575bb6db69580edddca,2026-09-03T15:44:02.587585Z,ok,
EMPLOYMENT_release_document,https://www.bls.gov/news.release/archives/empsit_02072020.htm,https://www.bls.gov/news.release/archives/empsit_02072020.htm,www.bls.gov,200,1082940,4c9a804c503fbbce61a3200f4c55d1a60fe3e71314d644e2d996c8b39ca4d8f1,2026-09-03T15:44:03.563855Z,ok,
EMPLOYMENT_release_document,https://www.bls.gov/news.release/archives/empsit_03062020.htm,https://www.bls.gov/news.release/archives/empsit_03062020.htm,www.bls.gov,200,1064475,c60644178009245b601643fd04451f78a7623a90b5306ce8ddfba7b95934f198,2026-09-03T15:44:04.552678Z,ok,
EMPLOYMENT_release_document,https://www.bls.gov/news.release/archives/empsit_04032020.htm,https://www.bls.gov/news.release/archives/empsit_04032020.htm,www.bls.gov,200,1071212,f7e63c5ef3c1a87c7b991b880f813ab09a39cbf1dce81955db10e4ec98364326,2026-09-03T15:44:05.538887Z,ok,
EMPLOYMENT_release_document,https://www.bls.gov/news.release/archives/empsit_05082020.htm,https://www.bls.gov/news.release/archives/empsit_05082020.htm,www.bls.gov,200,1073548,b3e029055cdde92ee7ee1c9ab275898856c4b3004729dd11c7d15fcd660d7b9d,2026-09-03T15:44:06.825877Z,ok,
EMPLOYMENT_release_document,https://www.bls.gov/news.release/archives/empsit_06052020.htm,https://www.bls.gov/news.release/archives/empsit_06052020.htm,www.bls.gov,200,1074593,0e3ff27b6c5082f2555746f3a7f4d065740b357edc036c7be1d101ad099333cb,2026-09-03T15:44:07.600523Z,ok,
EMPLOYMENT_release_document,https://www.bls.gov/news.release/archives/empsit_07022020.htm,https://www.bls.gov/news.release/archives/empsit_07022020.htm,www.bls.gov,200,1076191,817e508f51408c7b6cfaf02e173c7a39d306fe98809bc5d2d5ae187ccfc2cc88,2026-09-03T15:44:08.562414Z,ok,
EMPLOYMENT_release_document,https://www.bls.gov/news.release/archives/empsit_08072020.htm,https://www.bls.gov/news.release/archives/empsit_08072020.htm,www.bls.gov,200,1074342,d81df5de7a95204ae8e4ee4809ac494db5c7181c6d659f649fc2fc895fa9439a,2026-09-03T15:44:09.686703Z,ok,
EMPLOYMENT_release_document,https://www.bls.gov/news.release/archives/empsit_09042020.htm,https://www.bls.gov/news.release/archives/empsit_09042020.htm,www.bls.gov,200,1074090,f783d52909015bc150fec6f5fb4a0e1ad8c4ee458ebaad9af9aa9dc8a0eef04f,2026-09-03T15:44:10.589064Z,ok,
EMPLOYMENT_release_document,https://www.bls.gov/news.release/archives/empsit_10022020.htm,https://www.bls.gov/news.release/archives/empsit_10022020.htm,www.bls.gov,200,1074160,f9076b52c11df5e7caf88072dbee7d8e45e896c4e3dc690c388d9149ce8fe906,2026-09-03T15:44:11.374434Z,ok,
EMPLOYMENT_release_document,https://www.bls.gov/news.release/archives/empsit_11062020.htm,https://www.bls.gov/news.release/archives/empsit_11062020.htm,www.bls.gov,200,1073308,5b7530a3eed1b4fa49fca6af231bf92cf963301ecef02eea04e58edf52bb0bf7,2026-09-03T15:44:12.333813Z,ok,
EMPLOYMENT_release_document,https://www.bls.gov/news.release/archives/empsit_12042020.htm,https://www.bls.gov/news.release/archives/empsit_12042020.htm,www.bls.gov,200,1073071,6a4ba583c9ab7aa79563c98b254914425b2cc2d4a5b28b91d497c98d60bc56d8,2026-09-03T15:44:13.356599Z,ok,
EMPLOYMENT_release_document,https://www.bls.gov/news.release/archives/empsit_01082021.htm,https://www.bls.gov/news.release/archives/empsit_01082021.htm,www.bls.gov,200,1137257,5183f2765b1d2243d2ad103bebbbb49cc9a5c13f3f9a33d0146f701be7496793,2026-09-03T15:44:14.246135Z,ok,
EMPLOYMENT_release_document,https://www.bls.gov/news.release/archives/empsit_02052021.htm,https://www.bls.gov/news.release/archives/empsit_02052021.htm,www.bls.gov,200,1086628,c1fdfededab72c0db7eba1787c9612c1bec6e97f71aa3939a3eff556818ef9ab,2026-09-03T15:44:15.126395Z,ok,
EMPLOYMENT_release_document,https://www.bls.gov/news.release/archives/empsit_03052021.htm,https://www.bls.gov/news.release/archives/empsit_03052021.htm,www.bls.gov,200,1070691,151837d6cee66d963e05b958ac835fe1521fa53141a6a472b5f70dc8b26080f0,2026-09-03T15:44:16.141189Z,ok,
EMPLOYMENT_release_document,https://www.bls.gov/news.release/archives/empsit_04022021.htm,https://www.bls.gov/news.release/archives/empsit_04022021.htm,www.bls.gov,200,1071124,18c54a75bec5865a04050c9119d28750320a4e99ec02347472e67ae389805bde,2026-09-03T15:44:17.057881Z,ok,
EMPLOYMENT_release_document,https://www.bls.gov/news.release/archives/empsit_05072021.htm,https://www.bls.gov/news.release/archives/empsit_05072021.htm,www.bls.gov,200,1071065,d2f15ed9ec40dc9da29dfe1de8d3125f1796cf76aa299ecf7c7d63d09d121498,2026-09-03T15:44:17.957958Z,ok,
EMPLOYMENT_release_document,https://www.bls.gov/news.release/archives/empsit_06042021.htm,https://www.bls.gov/news.release/archives/empsit_06042021.htm,www.bls.gov,200,1070502,51e73193ff1d69031148e8b40ce8c31f6e9a34222c632c787172dfd63f3adabf,2026-09-03T15:44:19.005507Z,ok,
EMPLOYMENT_release_document,https://www.bls.gov/news.release/archives/empsit_07022021.htm,https://www.bls.gov/news.release/archives/empsit_07022021.htm,www.bls.gov,200,1073332,5635b26eff56e8aa0dbc68b9aa13ba26bea0cfe9ac2f54d8184b7d7fbcde635b,2026-09-03T15:44:20.161468Z,ok,
EMPLOYMENT_release_document,https://www.bls.gov/news.release/archives/empsit_08062021.htm,https://www.bls.gov/news.release/archives/empsit_08062021.htm,www.bls.gov,200,1072963,b1f4f179457d1f1585ae3e702a7f4312237c4f42e10734a12eaa236ac8cf8875,2026-09-03T15:44:21.031409Z,ok,
EMPLOYMENT_release_document,https://www.bls.gov/news.release/archives/empsit_09032021.htm,https://www.bls.gov/news.release/archives/empsit_09032021.htm,www.bls.gov,200,1071319,aced389f32fca91407bcc7c95804b0287589b81adbf485dbd2e69520a8dc554f,2026-09-03T15:44:22.087898Z,ok,
EMPLOYMENT_release_document,https://www.bls.gov/news.release/archives/empsit_10082021.htm,https://www.bls.gov/news.release/archives/empsit_10082021.htm,www.bls.gov,200,1072295,83f159f49af80aa0d13445e9349fcab567f601676c1a510ff60073992edc432f,2026-09-03T15:44:23.056654Z,ok,
EMPLOYMENT_release_document,https://www.bls.gov/news.release/archives/empsit_11052021.htm,https://www.bls.gov/news.release/archives/empsit_11052021.htm,www.bls.gov,200,1071953,f04896a4cf592f92a4048dc6b75f907264ef3e07d0d955c28b425176e2481222,2026-09-03T15:44:24.152728Z,ok,
EMPLOYMENT_release_document,https://www.bls.gov/news.release/archives/empsit_12032021.htm,https://www.bls.gov/news.release/archives/empsit_12032021.htm,www.bls.gov,200,1071287,129ac843261eb4309664fbe2939771a311a6be4c457c5a02eb5a65bd21d08e45,2026-09-03T15:44:25.214653Z,ok,
EMPLOYMENT_release_document,https://www.bls.gov/news.release/archives/empsit_01072022.htm,https://www.bls.gov/news.release/archives/empsit_01072022.htm,www.bls.gov,200,1134023,67cd93a78b49827295748dd2e5ab42e9fb04e83fe594bac4681e4fdecfb2df1a,2026-09-03T15:44:26.306307Z,ok,
EMPLOYMENT_release_document,https://www.bls.gov/news.release/archives/empsit_02042022.htm,https://www.bls.gov/news.release/archives/empsit_02042022.htm,www.bls.gov,200,1083718,b3b066d49124e81bb8d567eb3edd963ae61bfd356f6d11f33e8d13f45f024f30,2026-09-03T15:44:27.260228Z,ok,
EMPLOYMENT_release_document,https://www.bls.gov/news.release/archives/empsit_03042022.htm,https://www.bls.gov/news.release/archives/empsit_03042022.htm,www.bls.gov,200,1068259,a3644a6394a953c39010963f124b8bc0dc0d02303b1b32d35713d9ed8baf71c7,2026-09-03T15:44:27.977893Z,ok,
EMPLOYMENT_release_document,https://www.bls.gov/news.release/archives/empsit_04012022.htm,https://www.bls.gov/news.release/archives/empsit_04012022.htm,www.bls.gov,200,1067255,938bdc091ec7c0f429230f28cc5f5d75ababcc8f733bdb7172c214a6415e1dcc,2026-09-03T15:44:28.908044Z,ok,
EMPLOYMENT_release_document,https://www.bls.gov/news.release/archives/empsit_05062022.htm,https://www.bls.gov/news.release/archives/empsit_05062022.htm,www.bls.gov,200,1066504,2ff0c5c64165c803ed20e096fe9ddd19e2b48b44d3cbd66ae89dadc4c50721fa,2026-09-03T15:44:29.870570Z,ok,
EMPLOYMENT_release_document,https://www.bls.gov/news.release/archives/empsit_06032022.htm,https://www.bls.gov/news.release/archives/empsit_06032022.htm,www.bls.gov,200,1067045,88fab67e82fa787d7d7b282c53f3c5f168175cbbead6ef3d4e079f2838ef51cd,2026-09-03T15:44:30.960814Z,ok,
EMPLOYMENT_release_document,https://www.bls.gov/news.release/archives/empsit_07082022.htm,https://www.bls.gov/news.release/archives/empsit_07082022.htm,www.bls.gov,200,1067850,76a005ade8b3ecc58ba72e27697bf7affb539dd781e8f16ab0355d4a0f227c4e,2026-09-03T15:44:32.054471Z,ok,
EMPLOYMENT_release_document,https://www.bls.gov/news.release/archives/empsit_08052022.htm,https://www.bls.gov/news.release/archives/empsit_08052022.htm,www.bls.gov,200,1069028,a6f07eae148b4d8eb20058b2d2182db898a36d4e089f609e817f8c0c10a7bee3,2026-09-03T15:44:33.133762Z,ok,
EMPLOYMENT_release_document,https://www.bls.gov/news.release/archives/empsit_09022022.htm,https://www.bls.gov/news.release/archives/empsit_09022022.htm,www.bls.gov,200,1068352,18685765cbe196302b0e47dac15a97677f503c71aa178ee6509dc23b8c2ee704,2026-09-03T15:44:34.557731Z,ok,
EMPLOYMENT_release_document,https://www.bls.gov/news.release/archives/empsit_10072022.htm,https://www.bls.gov/news.release/archives/empsit_10072022.htm,www.bls.gov,200,1069297,7ca9f958b2c369dd62159608eb9f73a2b18caba6213f27dd737f6a7c6162dbb8,2026-09-03T15:44:35.363363Z,ok,
EMPLOYMENT_release_document,https://www.bls.gov/news.release/archives/empsit_11042022.htm,https://www.bls.gov/news.release/archives/empsit_11042022.htm,www.bls.gov,200,1068219,e261f15a952e7a1c8c634870083de8aa8b88a910d01d10c0234d06cd5e312a8e,2026-09-03T15:44:36.107035Z,ok,
EMPLOYMENT_release_document,https://www.bls.gov/news.release/archives/empsit_12022022.htm,https://www.bls.gov/news.release/archives/empsit_12022022.htm,www.bls.gov,200,1068395,5258cb3170e9aed813a078c87213f5fda1665f1c8643b503adc9e4474138b513,2026-09-03T15:44:37.324248Z,ok,
EMPLOYMENT_release_document,https://www.bls.gov/news.release/archives/empsit_01062023.htm,https://www.bls.gov/news.release/archives/empsit_01062023.htm,www.bls.gov,200,1131325,8e50e59c53d5d72be1c08c0e86501e7a933469d32a51970c3cf2da95601fa1e5,2026-09-03T15:44:38.559629Z,ok,
EMPLOYMENT_release_document,https://www.bls.gov/news.release/archives/empsit_02032023.htm,https://www.bls.gov/news.release/archives/empsit_02032023.htm,www.bls.gov,200,1080758,b45ea39fc0df33a5501a79d1dfbbbea57376bda28c223db72ce98e26708266a5,2026-09-03T15:44:39.522269Z,ok,
EMPLOYMENT_release_document,https://www.bls.gov/news.release/archives/empsit_03102023.htm,https://www.bls.gov/news.release/archives/empsit_03102023.htm,www.bls.gov,200,1064593,078ce413091b8056bb0fba78309c0457d234e0606890091afa7ea3968bd29cb4,2026-09-03T15:44:40.608868Z,ok,
EMPLOYMENT_release_document,https://www.bls.gov/news.release/archives/empsit_04072023.htm,https://www.bls.gov/news.release/archives/empsit_04072023.htm,www.bls.gov,200,1064398,b4f91ec7e865a9fe31110d0ab37cd2445cec832cdd1eb4ff5952aa22659b7520,2026-09-03T15:44:41.596202Z,ok,
EMPLOYMENT_release_document,https://www.bls.gov/news.release/archives/empsit_05052023.htm,https://www.bls.gov/news.release/archives/empsit_05052023.htm,www.bls.gov,200,1064090,31e39b0cf2d6b1f80f0e3bd3a3d64442e9000acc1070329009c790116ceed0a0,2026-09-03T15:44:42.582894Z,ok,
EMPLOYMENT_release_document,https://www.bls.gov/news.release/archives/empsit_06022023.htm,https://www.bls.gov/news.release/archives/empsit_06022023.htm,www.bls.gov,200,1064533,616e658eb41e3bfad1c58f7a100d3223fa5132f830532d7a50fcd5dfb4906ffe,2026-09-03T15:44:43.240884Z,ok,
EMPLOYMENT_release_document,https://www.bls.gov/news.release/archives/empsit_07072023.htm,https://www.bls.gov/news.release/archives/empsit_07072023.htm,www.bls.gov,200,1065946,019cc414a2170f482ecc28cdbbfc0477508825e03cea9c6f83aef7ad875f2527,2026-09-03T15:44:44.475402Z,ok,
EMPLOYMENT_release_document,https://www.bls.gov/news.release/archives/empsit_08042023.htm,https://www.bls.gov/news.release/archives/empsit_08042023.htm,www.bls.gov,200,1066191,cfd21a70d0b8a2adba4abee4450df2a339db43629ddfb438652776116d23a4c2,2026-09-03T15:44:45.574965Z,ok,
EMPLOYMENT_release_document,https://www.bls.gov/news.release/archives/empsit_09012023.htm,https://www.bls.gov/news.release/archives/empsit_09012023.htm,www.bls.gov,200,1064651,930f2ccc198ae8ad36b3efb2b03b2f7e6c3ce0653200c6cd5b90320d041c89d3,2026-09-03T15:44:46.368031Z,ok,
EMPLOYMENT_release_document,https://www.bls.gov/news.release/archives/empsit_10062023.htm,https://www.bls.gov/news.release/archives/empsit_10062023.htm,www.bls.gov,200,1071402,4ddb8dbecb1aef917c895534927f9a2b46837bd2b9ab3c499e5dcd91d0087c2c,2026-09-03T15:44:47.414424Z,ok,
EMPLOYMENT_release_document,https://www.bls.gov/news.release/archives/empsit_11032023.htm,https://www.bls.gov/news.release/archives/empsit_11032023.htm,www.bls.gov,200,1071586,a29c639524542a3bc452bfeabc212bfa1c14da92db3250c35188707156c7c96f,2026-09-03T15:44:48.212858Z,ok,
EMPLOYMENT_release_document,https://www.bls.gov/news.release/archives/empsit_12082023.htm,https://www.bls.gov/news.release/archives/empsit_12082023.htm,www.bls.gov,200,1072255,35e7faa52bc0f2530ff9ae1edaf033edccca9d228573e5513981907b805022ba,2026-09-03T15:44:49.309607Z,ok,
EMPLOYMENT_release_document,https://www.bls.gov/news.release/archives/empsit_01052024.htm,https://www.bls.gov/news.release/archives/empsit_01052024.htm,www.bls.gov,200,1137148,faba00ecc133d6fdad2b848600359c8360322b406fe1b45680c3e67fa289cdd8,2026-09-03T15:44:50.353874Z,ok,
EMPLOYMENT_release_document,https://www.bls.gov/news.release/archives/empsit_02022024.htm,https://www.bls.gov/news.release/archives/empsit_02022024.htm,www.bls.gov,200,1087388,2070e01fa9e7aa7fa2bf422c6df052585574599eee843037f0ade96bf1db61f6,2026-09-03T15:44:51.657406Z,ok,
EMPLOYMENT_release_document,https://www.bls.gov/news.release/archives/empsit_03082024.htm,https://www.bls.gov/news.release/archives/empsit_03082024.htm,www.bls.gov,200,1071671,1fd3e877e67754f4e9c23443d036df15463bb5b92b63cf5aa0326b96e852fa5a,2026-09-03T15:44:52.310136Z,ok,
EMPLOYMENT_release_document,https://www.bls.gov/news.release/archives/empsit_04052024.htm,https://www.bls.gov/news.release/archives/empsit_04052024.htm,www.bls.gov,200,1064506,ff85602d391e16412ed4b540c4f02efef92dc5a92314acd809b718f6fd21e33e,2026-09-03T15:44:53.565487Z,ok,
EMPLOYMENT_release_document,https://www.bls.gov/news.release/archives/empsit_05032024.htm,https://www.bls.gov/news.release/archives/empsit_05032024.htm,www.bls.gov,200,1070873,6b11f4b6ffccb7df9e71e8e96c551e24423ce8a17f9089d3dd478047a7012f05,2026-09-03T15:44:54.787342Z,ok,
EMPLOYMENT_release_document,https://www.bls.gov/news.release/archives/empsit_06072024.htm,https://www.bls.gov/news.release/archives/empsit_06072024.htm,www.bls.gov,200,1070782,e8187078947a3005e9b035bf53069a7a9737135af09e1e382d42cc71b7a72d5d,2026-09-03T15:44:55.717612Z,ok,
EMPLOYMENT_release_document,https://www.bls.gov/news.release/archives/empsit_07052024.htm,https://www.bls.gov/news.release/archives/empsit_07052024.htm,www.bls.gov,200,1072132,a559c5eda40121538323ddb42e636a1ec9746c48257510cd735304f5b783d30d,2026-09-03T15:44:56.741728Z,ok,
EMPLOYMENT_release_document,https://www.bls.gov/news.release/archives/empsit_08022024.htm,https://www.bls.gov/news.release/archives/empsit_08022024.htm,www.bls.gov,200,1073499,988a6be18a8aed1bb3a77edd826160b008ab1c8f81c447b364957a7d7b33ef2f,2026-09-03T15:44:57.837983Z,ok,
EMPLOYMENT_release_document,https://www.bls.gov/news.release/archives/empsit_09062024.htm,https://www.bls.gov/news.release/archives/empsit_09062024.htm,www.bls.gov,200,1070644,2cf2139b767f987cda9b9e5ae713e231108a31237422eaeb46ed69cb0d2a3c94,2026-09-03T15:44:58.772105Z,ok,
EMPLOYMENT_release_document,https://www.bls.gov/news.release/archives/empsit_10042024.htm,https://www.bls.gov/news.release/archives/empsit_10042024.htm,www.bls.gov,200,1065352,377514397be08b918d9b414ceb8cac00c1d2474330b28024ab226622e7668c5e,2026-09-03T15:44:59.544348Z,ok,
EMPLOYMENT_release_document,https://www.bls.gov/news.release/archives/empsit_11012024.htm,https://www.bls.gov/news.release/archives/empsit_11012024.htm,www.bls.gov,200,1074438,89d29e0c9dfd0906943784ad9e34e3f15469837572db4c48a50f1c53e7c28c34,2026-09-03T15:45:00.485404Z,ok,
EMPLOYMENT_release_document,https://www.bls.gov/news.release/archives/empsit_12062024.htm,https://www.bls.gov/news.release/archives/empsit_12062024.htm,www.bls.gov,200,1071992,7318f6ed97a61ebcd355ee49e9094480298fe225609bf5d474f0dae170b9d6ee,2026-09-03T15:45:01.490843Z,ok,
PCE_sitemap_index,https://www.bea.gov/sitemap.xml,https://www.bea.gov/sitemap.xml,www.bea.gov,200,1481,06b0a0564fc58ff586501d006d22012bc72dc06028191a1714ee450616a0fdd7,2026-09-03T15:45:02.496563Z,ok,
PCE_sitemap_child,https://www.bea.gov/articles/sitemap.xml,https://www.bea.gov/articles/sitemap.xml,www.bea.gov,200,231272,cd7d2f58cec5acf8387884642a82fdea0d680bae1aeb894a1a5638c0112e2b0d,2026-09-03T15:45:03.622802Z,ok,
PCE_sitemap_child,https://www.bea.gov/faq/sitemap.xml,https://www.bea.gov/faq/sitemap.xml,www.bea.gov,200,105162,cf0605956cbf14f1941757490e58e8aa854ccfd1ea19afd821dee96d5880039d,2026-09-03T15:45:05.445767Z,ok,
PCE_sitemap_child,https://www.bea.gov/glossary/sitemap.xml,https://www.bea.gov/glossary/sitemap.xml,www.bea.gov,200,63386,f4d2e97bb024ff99d08a47544c089e3dc274089bd313510e43638e80a4b11333,2026-09-03T15:45:07.060364Z,ok,
PCE_sitemap_child,https://www.bea.gov/methodology-papers/sitemap.xml,https://www.bea.gov/methodology-papers/sitemap.xml,www.bea.gov,200,6419,778794001bb2ba415f4208fe22913bb45194b6c4239c0b688f11a095d259b833,2026-09-03T15:45:08.561186Z,ok,
PCE_sitemap_child,https://www.bea.gov/pages/sitemap.xml,https://www.bea.gov/pages/sitemap.xml,www.bea.gov,200,107902,e44a7270f51e1c11b4270e453e2e078c5242c907313977ad5755879fc71c5fce,2026-09-03T15:45:09.698257Z,ok,
PCE_sitemap_child,https://www.bea.gov/papers/sitemap.xml,https://www.bea.gov/papers/sitemap.xml,www.bea.gov,200,124891,097e25658f9bf4b117f42a1a6050d635d0269a6bc530420d91b64037b3f66e2f,2026-09-03T15:45:11.315425Z,ok,
PCE_sitemap_child,https://www.bea.gov/products/sitemap.xml,https://www.bea.gov/products/sitemap.xml,www.bea.gov,200,7122,95febcc9b48ef8868bcb8c155dd5bffa3de0af23a192cda4ae64d884b77b0e81,2026-09-03T15:45:13.011113Z,ok,
PCE_sitemap_child,https://www.bea.gov/releases/sitemap.xml,https://www.bea.gov/releases/sitemap.xml,www.bea.gov,200,346136,4d7a5d650a1262afd7872c2045a6a385bcd3f540415d19d46b62f08ec8d2b32a,2026-09-03T15:45:13.887816Z,ok,
PCE_sitemap_child,https://www.bea.gov/resources/sitemap.xml,https://www.bea.gov/resources/sitemap.xml,www.bea.gov,200,19425,edfa74d5d157893a237fece93537ad8a5b310946ed291a3ff600d4cbf87ae6f5,2026-09-03T15:45:14.752508Z,ok,
PCE_release_document,https://www.bea.gov/news/2015/personal-consumption-expenditures-state-1997-2014,https://www.bea.gov/news/2015/personal-consumption-expenditures-state-1997-2014,www.bea.gov,200,52270,9a98929125df3fb95f028e3b141af0bb18c5a47cbb6a7bdbf469fa25a4f5af84,2026-09-03T15:45:15.991171Z,ok,
PCE_release_document,https://www.bea.gov/news/2015/personal-income-and-outlays-april-2015,https://www.bea.gov/news/2015/personal-income-and-outlays-april-2015,www.bea.gov,200,51012,520450b62d9f9fdec34f36144510a2ccfa9b5afd1215f2d72e61cde339be3c61,2026-09-03T15:45:17.455283Z,ok,
PCE_release_document,https://www.bea.gov/news/2015/personal-income-and-outlays-august-2015,https://www.bea.gov/news/2015/personal-income-and-outlays-august-2015,www.bea.gov,200,48780,4de85929ed7e9c38178571d9c37c4297781d2f873d0bf12dff815aea235cbc4b,2026-09-03T15:45:18.922235Z,ok,
PCE_release_document,https://www.bea.gov/news/2015/personal-income-and-outlays-december-2014,https://www.bea.gov/news/2015/personal-income-and-outlays-december-2014,www.bea.gov,200,50558,e587e31ea9b6e73798f0863d823db85b45c39923af2330553f5c89b888aa7efb,2026-09-03T15:45:20.378381Z,ok,
PCE_release_document,https://www.bea.gov/news/2015/personal-income-and-outlays-february-2015,https://www.bea.gov/news/2015/personal-income-and-outlays-february-2015,www.bea.gov,200,51053,125b7ff867b15c74a99255374d300adfdb98d5190548d306856d674e1ca606c2,2026-09-03T15:45:21.835041Z,ok,
PCE_release_document,https://www.bea.gov/news/2015/personal-income-and-outlays-january-2015,https://www.bea.gov/news/2015/personal-income-and-outlays-january-2015,www.bea.gov,200,54171,0a6a109561926971ec1dead650ec5434e73f4bf6f14e882254877cadd15b08c7,2026-09-03T15:45:23.273186Z,ok,
PCE_release_document,https://www.bea.gov/news/2015/personal-income-and-outlays-july-2015,https://www.bea.gov/news/2015/personal-income-and-outlays-july-2015,www.bea.gov,200,50157,fd05eb40cffe1c91b7d506d40cb364512eacac5714479c9846b8dc3c0e3d4ab6,2026-09-03T15:45:24.732965Z,ok,
PCE_release_document,https://www.bea.gov/news/2015/personal-income-and-outlays-june-2015-includes-historical-revisions,https://www.bea.gov/news/2015/personal-income-and-outlays-june-2015-includes-historical-revisions,www.bea.gov,200,52623,3de568b82d8adf4c4db60f315d880c88b4c06e4e5da5b09415e4b159d13c3712,2026-09-03T15:45:26.196710Z,ok,
PCE_release_document,https://www.bea.gov/news/2015/personal-income-and-outlays-march-2015,https://www.bea.gov/news/2015/personal-income-and-outlays-march-2015,www.bea.gov,200,50170,9dfa619197b53ca3f4c9f0a989a58feba312ececabbffe8fd9abfedc8e9c8efa,2026-09-03T15:45:27.652387Z,ok,
PCE_release_document,https://www.bea.gov/news/2015/personal-income-and-outlays-may-2015,https://www.bea.gov/news/2015/personal-income-and-outlays-may-2015,www.bea.gov,200,50307,937eb22006d1d2eb0b57c43342d2ed9e8c8816b84e0729b897c3d0f2e3c3eddf,2026-09-03T15:45:29.117042Z,ok,
PCE_release_document,https://www.bea.gov/news/2015/personal-income-and-outlays-november-2015,https://www.bea.gov/news/2015/personal-income-and-outlays-november-2015,www.bea.gov,200,50354,d0c6b31fccd1cb0d042f8967ccd1d74454295c50a9ed1a8450b2ceb0dc03aabe,2026-09-03T15:45:30.559626Z,ok,
PCE_release_document,https://www.bea.gov/news/2015/personal-income-and-outlays-october-2015,https://www.bea.gov/news/2015/personal-income-and-outlays-october-2015,www.bea.gov,200,50522,ae4bed55a8e868899512cdd94466d16f8c577c092f07214e6f2ac752fb70b3c4,2026-09-03T15:45:32.016109Z,ok,
PCE_release_document,https://www.bea.gov/news/2015/personal-income-and-outlays-september-2015,https://www.bea.gov/news/2015/personal-income-and-outlays-september-2015,www.bea.gov,200,49876,d50cbbc345b224c350250f20b4f52912f1b53e967deb49ce2a16ad3b540c94cf,2026-09-03T15:45:33.463166Z,ok,
PCE_release_document,https://www.bea.gov/news/2016/personal-consumption-expenditures-state-2015,https://www.bea.gov/news/2016/personal-consumption-expenditures-state-2015,www.bea.gov,200,51984,6b0887280befddb2989f98c14b2099d57374e3f354af80651be45e53478c303d,2026-09-03T15:45:34.904356Z,ok,
PCE_release_document,https://www.bea.gov/news/2016/personal-consumption-expenditures-state-2015/supplementary-maps,https://www.bea.gov/news/2016/personal-consumption-expenditures-state-2015/supplementary-maps,www.bea.gov,200,35679,d7bfda57f5798d76685516d515936c1e9c5981a658b6703d176339d0a3784950,2026-09-03T15:45:36.350102Z,ok,
PCE_release_document,https://www.bea.gov/news/2016/personal-income-and-outlays-april-2016,https://www.bea.gov/news/2016/personal-income-and-outlays-april-2016,www.bea.gov,200,50707,b5987b8c260673c63e641ba129d943e976199831b5eee3abf8f021a5379fa18d,2026-09-03T15:45:37.740924Z,ok,
PCE_release_document,https://www.bea.gov/news/2016/personal-income-and-outlays-august-2016,https://www.bea.gov/news/2016/personal-income-and-outlays-august-2016,www.bea.gov,200,49735,33b3e9bf442d135b49e3581282424490ba572a372a2aa3efe5a2b9e36fbbddb8,2026-09-03T15:45:39.195798Z,ok,
PCE_release_document,https://www.bea.gov/news/2016/personal-income-and-outlays-december-2015,https://www.bea.gov/news/2016/personal-income-and-outlays-december-2015,www.bea.gov,200,50193,aee62f52b552d8b056e1a8508891fe2b74729e8d31e49da3a04358c68d8df5d5,2026-09-03T15:45:40.635223Z,ok,
PCE_release_document,https://www.bea.gov/news/2016/personal-income-and-outlays-february-2016,https://www.bea.gov/news/2016/personal-income-and-outlays-february-2016,www.bea.gov,200,50183,4bcfb3be36198ab690d6988bbc9f8e00e0272827f3aaf55fa2b0c825517f77b0,2026-09-03T15:45:42.081806Z,ok,
PCE_release_document,https://www.bea.gov/news/2016/personal-income-and-outlays-january-2016,https://www.bea.gov/news/2016/personal-income-and-outlays-january-2016,www.bea.gov,200,49999,1903f8f7383d6dcee94279db261ad144fd1465f721f0951397243fdcbd5e0d7c,2026-09-03T15:45:43.518534Z,ok,
PCE_release_document,https://www.bea.gov/news/2016/personal-income-and-outlays-july-2016,https://www.bea.gov/news/2016/personal-income-and-outlays-july-2016,www.bea.gov,200,51371,30e1bec1de43e84e05a83636cc445b4953ea483cfac85043f42f959488628ce9,2026-09-03T15:45:44.972237Z,ok,
PCE_release_document,https://www.bea.gov/news/2016/personal-income-and-outlays-june-2016,https://www.bea.gov/news/2016/personal-income-and-outlays-june-2016,www.bea.gov,200,54651,724798402ef5a5afc9e32c435822d45ba55f5e83e7a80827f088329833233686,2026-09-03T15:45:46.457384Z,ok,
PCE_release_document,https://www.bea.gov/news/2016/personal-income-and-outlays-march-2016,https://www.bea.gov/news/2016/personal-income-and-outlays-march-2016,www.bea.gov,200,49521,d0d10812fe566f93d85c61ac9c5911a3848e953e5ea9a43245ec52d47f9e8d54,2026-09-03T15:45:47.940945Z,ok,
PCE_release_document,https://www.bea.gov/news/2016/personal-income-and-outlays-may-2016,https://www.bea.gov/news/2016/personal-income-and-outlays-may-2016,www.bea.gov,200,49074,f1d90360bc87e7f6cf23a4ed1c988cc5fa554ff6c90173ed72b5bf4f6bcac699,2026-09-03T15:45:49.405325Z,ok,
PCE_release_document,https://www.bea.gov/news/2016/personal-income-and-outlays-november-2016,https://www.bea.gov/news/2016/personal-income-and-outlays-november-2016,www.bea.gov,200,50419,20fae1de89b5b863d4f919a03baa9fd0ac43eddef5c0efdfa51b4c9f638b8445,2026-09-03T15:45:50.860016Z,ok,
PCE_release_document,https://www.bea.gov/news/2016/personal-income-and-outlays-october-2016,https://www.bea.gov/news/2016/personal-income-and-outlays-october-2016,www.bea.gov,200,49736,70f074b1a5633abc553c8c1ef73b9b9939178739b30a626dbe80cf50de1c410e,2026-09-03T15:45:52.307175Z,ok,
PCE_release_document,https://www.bea.gov/news/2016/personal-income-and-outlays-september-2016,https://www.bea.gov/news/2016/personal-income-and-outlays-september-2016,www.bea.gov,200,51072,35453182fda3b3a6951a4f6cf811946fa6ed519ecd1d38879050cdf0e84eed5f,2026-09-03T15:45:53.768450Z,ok,
PCE_release_document,https://www.bea.gov/news/2017/personal-consumption-expenditures-state-2016,https://www.bea.gov/news/2017/personal-consumption-expenditures-state-2016,www.bea.gov,200,49448,b4bb30f6c5988d77387d6b021d73b1ea0b4553458b3ca29dd1c76aa6dba3ff06,2026-09-03T15:45:55.229854Z,ok,
PCE_release_document,https://www.bea.gov/news/2017/personal-consumption-expenditures-state-2016/supplementary-map,https://www.bea.gov/news/2017/personal-consumption-expenditures-state-2016/supplementary-map,www.bea.gov,200,36275,3221fa98c0c39b9c0dddda20cb6e91f1c1e08971ca5d92bbd7bcd6a73d552d73,2026-09-03T15:45:56.689321Z,ok,
PCE_release_document,https://www.bea.gov/news/2017/personal-income-and-outlays-april-2017,https://www.bea.gov/news/2017/personal-income-and-outlays-april-2017,www.bea.gov,200,50407,98606fc81b411b3975f8f8fe1330472f79a95c47109c5fa731028f13faa67ff5,2026-09-03T15:45:58.069998Z,ok,
PCE_release_document,https://www.bea.gov/news/2017/personal-income-and-outlays-august-2017,https://www.bea.gov/news/2017/personal-income-and-outlays-august-2017,www.bea.gov,200,51009,34e9cf95914d5e8a1951178907676fd54454e9e3b9837f977ce03fa3e18ea059,2026-09-03T15:45:59.518606Z,ok,
PCE_release_document,https://www.bea.gov/news/2017/personal-income-and-outlays-december-2016,https://www.bea.gov/news/2017/personal-income-and-outlays-december-2016,www.bea.gov,200,51060,9e84828b59b92010e668e2f4664560258c9fb0e33245571ce57ced64c4093e12,2026-09-03T15:46:00.193187Z,ok,
PCE_release_document,https://www.bea.gov/news/2017/personal-income-and-outlays-february-2017,https://www.bea.gov/news/2017/personal-income-and-outlays-february-2017,www.bea.gov,200,51352,d8bd2a7436e050eb0a0741f67860759b339ecc4691ac79d062999af779ef4bf2,2026-09-03T15:46:01.651447Z,ok,
PCE_release_document,https://www.bea.gov/news/2017/personal-income-and-outlays-january-2017,https://www.bea.gov/news/2017/personal-income-and-outlays-january-2017,www.bea.gov,200,52016,6a7bc50546ace79cd73de692570444ed5e15aa8f7bf0224dc7340eb11fe78489,2026-09-03T15:46:03.124813Z,ok,
PCE_release_document,https://www.bea.gov/news/2017/personal-income-and-outlays-july-2017,https://www.bea.gov/news/2017/personal-income-and-outlays-july-2017,www.bea.gov,200,50728,f3a7519a55602f12feaced9b0508ed4ba9d5040bf325b47d730abb91a178e1e0,2026-09-03T15:46:04.598837Z,ok,
PCE_release_document,https://www.bea.gov/news/2017/personal-income-and-outlays-june-2017-annual-update-2014-through-may-2017,https://www.bea.gov/news/2017/personal-income-and-outlays-june-2017-annual-update-2014-through-may-2017,www.bea.gov,200,53971,17ffd4e413706e2ba4ebc664a2cfa758f1479a5cd5755f234c8e53b65a63c88f,2026-09-03T15:46:06.089084Z,ok,
PCE_release_document,https://www.bea.gov/news/2017/personal-income-and-outlays-march-2017,https://www.bea.gov/news/2017/personal-income-and-outlays-march-2017,www.bea.gov,200,50095,9c82f87d5cf295f849cc8ecf753b3600b4cc4acfe2f593232830e52c484a1f67,2026-09-03T15:46:07.552970Z,ok,
PCE_release_document,https://www.bea.gov/news/2017/personal-income-and-outlays-may-2017,https://www.bea.gov/news/2017/personal-income-and-outlays-may-2017,www.bea.gov,200,49693,90b8afaddd1f1068ed37b6834d3f2d956b70ecbb766724454d1565810c60ed60,2026-09-03T15:46:08.214879Z,ok,
PCE_release_document,https://www.bea.gov/news/2017/personal-income-and-outlays-november-2017,https://www.bea.gov/news/2017/personal-income-and-outlays-november-2017,www.bea.gov,200,51499,a1c43fc690e6c059c4d3d1a2c63e109e4a4739a4d78a306ea56e69b677d26377,2026-09-03T15:46:08.890379Z,ok,
PCE_release_document,https://www.bea.gov/news/2017/personal-income-and-outlays-october-2017,https://www.bea.gov/news/2017/personal-income-and-outlays-october-2017,www.bea.gov,200,52264,ca9eebfce6705796e03fefdfbf544666043664700b091693b7640319f530ab59,2026-09-03T15:46:10.370930Z,ok,
PCE_release_document,https://www.bea.gov/news/2017/personal-income-and-outlays-september-2017,https://www.bea.gov/news/2017/personal-income-and-outlays-september-2017,www.bea.gov,200,51541,576cc55b38b31adf811f59f5f977092d3467563485db851aef734d4b2bc72ea5,2026-09-03T15:46:11.825887Z,ok,
PCE_release_document,https://www.bea.gov/news/2018/personal-consumption-expenditures-state-2017,https://www.bea.gov/news/2018/personal-consumption-expenditures-state-2017,www.bea.gov,200,49991,a804b72a2f7b8ec35cbdce8d0b96f93a729b62b8525c572deac1ef88ba67d4eb,2026-09-03T15:46:12.530009Z,ok,
PCE_release_document,https://www.bea.gov/news/2018/personal-income-and-outlays-april-2018,https://www.bea.gov/news/2018/personal-income-and-outlays-april-2018,www.bea.gov,200,54982,32d77e9951061f98ca4e1206e37ccddcabea369ee04838b4660c033b4c38a4a8,2026-09-03T15:46:13.979587Z,ok,
PCE_release_document,https://www.bea.gov/news/2018/personal-income-and-outlays-august-2018,https://www.bea.gov/news/2018/personal-income-and-outlays-august-2018,www.bea.gov,200,54518,e9bd51543b6c3336c981cb1d2b861a65cf4d6ae3dcfd69b0c9ec25054390a59b,2026-09-03T15:46:15.431730Z,ok,
PCE_release_document,https://www.bea.gov/news/2018/personal-income-and-outlays-december-2017,https://www.bea.gov/news/2018/personal-income-and-outlays-december-2017,www.bea.gov,200,50400,9dd03d90273db27752fa8d906ad31f5442d2df88f5796dd8695a1cd92ef0fa82,2026-09-03T15:46:16.114948Z,ok,
PCE_release_document,https://www.bea.gov/news/2018/personal-income-and-outlays-february-2018,https://www.bea.gov/news/2018/personal-income-and-outlays-february-2018,www.bea.gov,200,54202,703fe5442b85d5036241e5cb775ac0e686024ce7d05dff060d27262cd721dbf2,2026-09-03T15:46:17.570837Z,ok,
PCE_release_document,https://www.bea.gov/news/2018/personal-income-and-outlays-january-2018,https://www.bea.gov/news/2018/personal-income-and-outlays-january-2018,www.bea.gov,200,57609,ea99d7b9da8b4b99cf5eeb262b3bf5c786d19594ca33b30904b07cfbe03f54b7,2026-09-03T15:46:18.198271Z,ok,
PCE_release_document,https://www.bea.gov/news/2018/personal-income-and-outlays-july-2018,https://www.bea.gov/news/2018/personal-income-and-outlays-july-2018,www.bea.gov,200,54827,4a60893b7ec22fa203a9b764816e84c04c31ba5ed7584684a8f84a8c50c041ec,2026-09-03T15:46:19.672395Z,ok,
PCE_release_document,https://www.bea.gov/news/2018/personal-income-and-outlays-june-2018,https://www.bea.gov/news/2018/personal-income-and-outlays-june-2018,www.bea.gov,200,56178,9e513999f7d578d412eb1db5653fe59095462e51710aea77bd1eecb45c2197c5,2026-09-03T15:46:21.144499Z,ok,
PCE_release_document,https://www.bea.gov/news/2018/personal-income-and-outlays-march-2018,https://www.bea.gov/news/2018/personal-income-and-outlays-march-2018,www.bea.gov,200,54790,dc04ff549c8a49c0047c878e828a21df728aa450ad5e65d10a720e8e2cbc99dc,2026-09-03T15:46:22.611312Z,ok,
PCE_release_document,https://www.bea.gov/news/2018/personal-income-and-outlays-may-2018,https://www.bea.gov/news/2018/personal-income-and-outlays-may-2018,www.bea.gov,200,55704,b7d9e0fb4da490bd6800b4f1109399984e2a7de143a0865f111e57fc9ebf47b5,2026-09-03T15:46:23.247495Z,ok,
PCE_release_document,https://www.bea.gov/news/2018/personal-income-and-outlays-november-2018,https://www.bea.gov/news/2018/personal-income-and-outlays-november-2018,www.bea.gov,200,60659,83a628c7c13ca0dce34ec2b01781dc6c647287bcdbe93e5250cbba54e4b1fb28,2026-09-03T15:46:23.927440Z,ok,
PCE_release_document,https://www.bea.gov/news/2018/personal-income-and-outlays-october-2018,https://www.bea.gov/news/2018/personal-income-and-outlays-october-2018,www.bea.gov,200,59838,c0944fe74ad17ae5a4bdfab3e325e769ec510ca0d617c8c010e95f74179e07f8,2026-09-03T15:46:25.450677Z,ok,
PCE_release_document,https://www.bea.gov/news/2018/personal-income-and-outlays-september-2018,https://www.bea.gov/news/2018/personal-income-and-outlays-september-2018,www.bea.gov,200,55003,2938bc360ad761a281404763367686584b72d9da72d66865d3c0b7387ae50b13,2026-09-03T15:46:26.960152Z,ok,
PCE_release_document,https://www.bea.gov/news/2019/personal-consumption-expenditures-state-2018,https://www.bea.gov/news/2019/personal-consumption-expenditures-state-2018,www.bea.gov,200,47104,a59545a8e478b030e5add25cf3f3d047c9fc4286ed632e845d4c11ca075b2d57,2026-09-03T15:46:27.642464Z,ok,
PCE_release_document,https://www.bea.gov/news/2019/personal-income-and-outlays-april-2019,https://www.bea.gov/news/2019/personal-income-and-outlays-april-2019,www.bea.gov,200,60024,675eb83947fdf9775b372c47ce4cbc3680758ba1915e5ff87d5287b159bd178a,2026-09-03T15:46:29.069149Z,ok,
PCE_release_document,https://www.bea.gov/news/2019/personal-income-and-outlays-august-2019,https://www.bea.gov/news/2019/personal-income-and-outlays-august-2019,www.bea.gov,200,56893,6803ce880ded28ece6283e8ae1b9b86ffd8c6b882ea4c37ec3132fe46f656e51,2026-09-03T15:46:30.533093Z,ok,
PCE_release_document,https://www.bea.gov/news/2019/personal-income-and-outlays-december-2018-personal-income-january-2019,https://www.bea.gov/news/2019/personal-income-and-outlays-december-2018-personal-income-january-2019,www.bea.gov,200,57086,a4a8c8a5ad4dfa94baf26bcf3d8f4dfd376d40c1e03c9fc9762c1157c9c6b718,2026-09-03T15:46:31.987583Z,ok,
PCE_release_document,https://www.bea.gov/news/2019/personal-income-and-outlays-july-2019,https://www.bea.gov/news/2019/personal-income-and-outlays-july-2019,www.bea.gov,200,57998,48e3555c7fbd48195ef665b921d9991798469e0d850c1bdcdf1be4d48d2984e3,2026-09-03T15:46:33.451446Z,ok,
PCE_release_document,https://www.bea.gov/news/2019/personal-income-and-outlays-june-2019,https://www.bea.gov/news/2019/personal-income-and-outlays-june-2019,www.bea.gov,200,59688,abd5486ed3f669116ef7996af81dffa627cfb41d18b874cfc2040e3039d1779b,2026-09-03T15:46:34.172640Z,ok,
PCE_release_document,https://www.bea.gov/news/2019/personal-income-and-outlays-march-2019,https://www.bea.gov/news/2019/personal-income-and-outlays-march-2019,www.bea.gov,200,56740,d5d658bc09104cdd7481e55889f47a662a2dac891df7db8c6895a2452136a132,2026-09-03T15:46:35.682081Z,ok,
PCE_release_document,https://www.bea.gov/news/2019/personal-income-and-outlays-may-2019,https://www.bea.gov/news/2019/personal-income-and-outlays-may-2019,www.bea.gov,200,59231,5e8ae86f16486cc48752ea2d8b067c6b1e6e6f584995b0fc2c731bd9587d98fd,2026-09-03T15:46:37.143163Z,ok,
PCE_release_document,https://www.bea.gov/news/2019/personal-income-and-outlays-november-2019,https://www.bea.gov/news/2019/personal-income-and-outlays-november-2019,www.bea.gov,200,58726,fd6fb74439788b1621298ae55d82fed3fdd802efe1108bcdd11fbf1517d3989e,2026-09-03T15:46:38.607084Z,ok,
PCE_release_document,https://www.bea.gov/news/2019/personal-income-and-outlays-october-2019,https://www.bea.gov/news/2019/personal-income-and-outlays-october-2019,www.bea.gov,200,60122,292bf1c52fa015c15ab2d3aa10b2b7553af5baab820bd72115d56c3f28df6e37,2026-09-03T15:46:40.074396Z,ok,
PCE_release_document,https://www.bea.gov/news/2019/personal-income-and-outlays-september-2019,https://www.bea.gov/news/2019/personal-income-and-outlays-september-2019,www.bea.gov,200,59893,c5ed57c8201bd61cf63b83fb5ab9e1d8f74c0e0c5eb18938ec15885f29c68ed4,2026-09-03T15:46:41.570047Z,ok,
PCE_release_document,https://www.bea.gov/news/2019/personal-income-february-2019-personal-outlays-january-2019,https://www.bea.gov/news/2019/personal-income-february-2019-personal-outlays-january-2019,www.bea.gov,200,55532,cbb279a525c9517a12facb71fbf9b8cd2fe95365fc0d6cd3671abcda01c8992a,2026-09-03T15:46:42.794664Z,ok,
PCE_release_document,https://www.bea.gov/news/2020/personal-consumption-expenditures-state-2019,https://www.bea.gov/news/2020/personal-consumption-expenditures-state-2019,www.bea.gov,200,47815,61b36cea691b3b1c8c49b7a55c1c55e430efed3df91506b3a975189f8577b339,2026-09-03T15:46:43.989172Z,ok,
PCE_release_document,https://www.bea.gov/news/2020/personal-income-and-outlays-april-2020,https://www.bea.gov/news/2020/personal-income-and-outlays-april-2020,www.bea.gov,200,61890,0def14af0d7870cc9c146606af96152575417b650e75e2a57e19d40d21784807,2026-09-03T15:46:45.113734Z,ok,
PCE_release_document,https://www.bea.gov/news/2020/personal-income-and-outlays-august-2020,https://www.bea.gov/news/2020/personal-income-and-outlays-august-2020,www.bea.gov,200,60520,b495eaed071799796c8b3a1314048baf22e9e2476876feb37ff62d52474662b3,2026-09-03T15:46:45.589302Z,ok,
PCE_release_document,https://www.bea.gov/news/2020/personal-income-and-outlays-december-2019,https://www.bea.gov/news/2020/personal-income-and-outlays-december-2019,www.bea.gov,200,57063,6e495d71b0f3bc04aaa4ec9a05ce8d7975113459ac18357222c7fc05d2722352,2026-09-03T15:46:46.753983Z,ok,
PCE_release_document,https://www.bea.gov/news/2020/personal-income-and-outlays-february-2020,https://www.bea.gov/news/2020/personal-income-and-outlays-february-2020,www.bea.gov,200,57580,b4d37b9008b69207a09a752ccc173049de7afdc0fa39dbd8b18aceed0f61a5ac,2026-09-03T15:46:47.925054Z,ok,
PCE_release_document,https://www.bea.gov/news/2020/personal-income-and-outlays-january-2020,https://www.bea.gov/news/2020/personal-income-and-outlays-january-2020,www.bea.gov,200,57435,d7f235a649ba414a745b0746c0fc95c67720076ad88d56aa3939ca08b7be0500,2026-09-03T15:46:49.092972Z,ok,
PCE_release_document,https://www.bea.gov/news/2020/personal-income-and-outlays-july-2020,https://www.bea.gov/news/2020/personal-income-and-outlays-july-2020,www.bea.gov,200,60868,ff6298deccef57cd4a5f02d637d6c9715c760465c2cdf53862175108281f161c,2026-09-03T15:46:50.312981Z,ok,
PCE_release_document,https://www.bea.gov/news/2020/personal-income-and-outlays-june-2020-and-annual-update,https://www.bea.gov/news/2020/personal-income-and-outlays-june-2020-and-annual-update,www.bea.gov,200,66363,684d1d5355326b5349db78c7058b50b97a3c0246daa58ce6cafdb8ab03707383,2026-09-03T15:46:50.748745Z,ok,
PCE_release_document,https://www.bea.gov/news/2020/personal-income-and-outlays-march-2020,https://www.bea.gov/news/2020/personal-income-and-outlays-march-2020,www.bea.gov,200,61199,4f39a136a6928dc927467260dfc9c13130335d7e31b00f472d1c54c8612f78f2,2026-09-03T15:46:51.995475Z,ok,
PCE_release_document,https://www.bea.gov/news/2020/personal-income-and-outlays-may-2020,https://www.bea.gov/news/2020/personal-income-and-outlays-may-2020,www.bea.gov,200,62337,1eaeeda18083b2b901d6a2341057508d87531ab06023b2f698098ae64bac01d4,2026-09-03T15:46:53.581440Z,ok,
PCE_release_document,https://www.bea.gov/news/2020/personal-income-and-outlays-november-2020,https://www.bea.gov/news/2020/personal-income-and-outlays-november-2020,www.bea.gov,200,62633,4ab5c0986313c4bde1dc98bb8506e015ccacdaf486d2e8963cd2cbd6ca1bb9b9,2026-09-03T15:46:55.062679Z,ok,
PCE_release_document,https://www.bea.gov/news/2020/personal-income-and-outlays-october-2020,https://www.bea.gov/news/2020/personal-income-and-outlays-october-2020,www.bea.gov,200,60609,8033888f8f77a0d327ef576d06f6794089f92b7c0b2f624c03a83a8a858ab92f,2026-09-03T15:46:56.543900Z,ok,
PCE_release_document,https://www.bea.gov/news/2020/personal-income-and-outlays-september-2020,https://www.bea.gov/news/2020/personal-income-and-outlays-september-2020,www.bea.gov,200,62138,d62f10a4761d9bfd4f99b0b5a092b1c249e3661161569bcd2aec0b2c27475208,2026-09-03T15:46:57.254527Z,ok,
PCE_release_document,https://www.bea.gov/news/2020/personal-income-county-and-metropolitan-area-2019,https://www.bea.gov/news/2020/personal-income-county-and-metropolitan-area-2019,www.bea.gov,200,50715,2824056ab65a3b849fc3207e16a84040a43da5330dafaa4a2a8308a762ee4af5,2026-09-03T15:46:58.761724Z,ok,
PCE_release_document,https://www.bea.gov/news/2020/personal-income-state-1st-quarter-2020,https://www.bea.gov/news/2020/personal-income-state-1st-quarter-2020,www.bea.gov,200,54734,b108ded3ec2976fbb7596a36ecff3bbcc3dba673dc006f007e14a6c5143fac60,2026-09-03T15:47:00.221219Z,ok,
PCE_release_document,https://www.bea.gov/news/2020/personal-income-state-2nd-quarter-2020,https://www.bea.gov/news/2020/personal-income-state-2nd-quarter-2020,www.bea.gov,200,54484,08c46e4d1bee6b374bf4d669a086bb70a83be83d77e9b36f223f030b9a036b12,2026-09-03T15:47:01.686776Z,ok,
PCE_release_document,https://www.bea.gov/news/2020/personal-income-state-3rd-quarter-2020,https://www.bea.gov/news/2020/personal-income-state-3rd-quarter-2020,www.bea.gov,200,53168,a3b25e3c1b026de6fddb94db9bdfbcf63c089b84a131a211b87004a30e648a1f,2026-09-03T15:47:03.180534Z,ok,
PCE_release_document,https://www.bea.gov/news/2021/personal-consumption-expenditures-state-2020,https://www.bea.gov/news/2021/personal-consumption-expenditures-state-2020,www.bea.gov,200,49399,b62fb03d6b485ad5a1976cea07a671d5bd90e7c5c6f609278d445c7a54285c2f,2026-09-03T15:47:04.649684Z,ok,
PCE_release_document,https://www.bea.gov/news/2021/personal-income-and-outlays-april-2021,https://www.bea.gov/news/2021/personal-income-and-outlays-april-2021,www.bea.gov,200,61424,946ffa454483512f43692afdee8ee097fba7cb67e132f22c69b037bcacc74ab6,2026-09-03T15:47:05.319731Z,ok,
PCE_release_document,https://www.bea.gov/news/2021/personal-income-and-outlays-august-2021,https://www.bea.gov/news/2021/personal-income-and-outlays-august-2021,www.bea.gov,200,60474,0f7d3f313f54cdde7ee45386f0b8fb39682b146263ebad1938e528906d58c36d,2026-09-03T15:47:06.800891Z,ok,
PCE_release_document,https://www.bea.gov/news/2021/personal-income-and-outlays-december-2020,https://www.bea.gov/news/2021/personal-income-and-outlays-december-2020,www.bea.gov,200,63154,64e0e9727c17599a20bc93da8fc3f88fd3ac75c8488c9b30c05a3e900feef51e,2026-09-03T15:47:08.300862Z,ok,
PCE_release_document,https://www.bea.gov/news/2021/personal-income-and-outlays-february-2021,https://www.bea.gov/news/2021/personal-income-and-outlays-february-2021,www.bea.gov,200,60098,b7d1adf8a58ab6147d6c73ad47247e8f7369b08d1cb191537363e09b8ce5d6fe,2026-09-03T15:47:09.830497Z,ok,
PCE_release_document,https://www.bea.gov/news/2021/personal-income-and-outlays-january-2021,https://www.bea.gov/news/2021/personal-income-and-outlays-january-2021,www.bea.gov,200,60868,9b60faedb0a55817031f0bf04f8656ac86f4402354d80c84f7b93c39e660da29,2026-09-03T15:47:11.297955Z,ok,
PCE_release_document,https://www.bea.gov/news/2021/personal-income-and-outlays-july-2021,https://www.bea.gov/news/2021/personal-income-and-outlays-july-2021,www.bea.gov,200,60685,849acc589303f9fe281fb3d98dbac5476843e268a73a12ae369accea0b036e30,2026-09-03T15:47:12.786834Z,ok,
PCE_release_document,https://www.bea.gov/news/2021/personal-income-and-outlays-june-2021-and-annual-update,https://www.bea.gov/news/2021/personal-income-and-outlays-june-2021-and-annual-update,www.bea.gov,200,65945,8dd1ec5262d92c5510e04fe8fdec52ff77841566f9a87e05adf4fb52f52a64d3,2026-09-03T15:47:13.482014Z,ok,
PCE_release_document,https://www.bea.gov/news/2021/personal-income-and-outlays-march-2021,https://www.bea.gov/news/2021/personal-income-and-outlays-march-2021,www.bea.gov,200,60510,35dc33e2bd613c94071e857f80338de3553c1820647ad17cc7569c25e3c4d4aa,2026-09-03T15:47:15.002583Z,ok,
PCE_release_document,https://www.bea.gov/news/2021/personal-income-and-outlays-may-2021,https://www.bea.gov/news/2021/personal-income-and-outlays-may-2021,www.bea.gov,200,60974,d812322001bc02e473e37b0d171afb73e022334f38644f564575d52eaf9b2bb3,2026-09-03T15:47:15.709362Z,ok,
PCE_release_document,https://www.bea.gov/news/2021/personal-income-and-outlays-november-2021,https://www.bea.gov/news/2021/personal-income-and-outlays-november-2021,www.bea.gov,200,64587,76e175b7f3e1a2f77d4dd5fde22c2b8375d316e3f8e27e71a241bfda21313c7e,2026-09-03T15:47:17.220780Z,ok,
PCE_release_document,https://www.bea.gov/news/2021/personal-income-and-outlays-october-2021,https://www.bea.gov/news/2021/personal-income-and-outlays-october-2021,www.bea.gov,200,61560,1ac023bd9ef0b52caa846e58420ddaf97765cbdbb7a2f15397607fc84805504e,2026-09-03T15:47:18.729607Z,ok,
PCE_release_document,https://www.bea.gov/news/2021/personal-income-and-outlays-september-2021,https://www.bea.gov/news/2021/personal-income-and-outlays-september-2021,www.bea.gov,200,60617,4c5c0173fb764c0514d8cef6cd50b18f138662cd52f3a49f12a551d486dbbf31,2026-09-03T15:47:20.216657Z,ok,
PCE_release_document,https://www.bea.gov/news/2021/personal-income-county-and-metropolitan-area-2020,https://www.bea.gov/news/2021/personal-income-county-and-metropolitan-area-2020,www.bea.gov,200,50840,227acaa090ec1af00423a35bf94525de8ee8b23cad70734dc31c4cd1cfbf0c70,2026-09-03T15:47:21.691919Z,ok,
PCE_release_document,https://www.bea.gov/news/2021/personal-income-state-1st-quarter-2021,https://www.bea.gov/news/2021/personal-income-state-1st-quarter-2021,www.bea.gov,200,55164,7105900be32757630df7ad21eb2c9d6c218115a90e89df0ec8ff5c33359b72fc,2026-09-03T15:47:23.130870Z,ok,
PCE_release_document,https://www.bea.gov/news/2021/personal-income-state-2nd-quarter-2021,https://www.bea.gov/news/2021/personal-income-state-2nd-quarter-2021,www.bea.gov,200,55897,9b1ccb8f1e5b769e9067043d99ffbf4dbfb5e5f03691b90977acce12ec4c9d5f,2026-09-03T15:47:24.607874Z,ok,
PCE_release_document,https://www.bea.gov/news/2021/personal-income-state-3rd-quarter-2021,https://www.bea.gov/news/2021/personal-income-state-3rd-quarter-2021,www.bea.gov,200,54685,ac4020760be4ac75a146e8a847d4bd50c1baf1f6138edf43f8a4b488c56298e7,2026-09-03T15:47:26.105928Z,ok,
PCE_release_document,https://www.bea.gov/news/2022/personal-consumption-expenditures-state-2021,https://www.bea.gov/news/2022/personal-consumption-expenditures-state-2021,www.bea.gov,200,48503,bcbbfe0b45262b30f173f4a7bb269bf8b53bdc3a70d35a7479f0c77b7e67921c,2026-09-03T15:47:26.787947Z,ok,
PCE_release_document,https://www.bea.gov/news/2022/personal-income-and-outlays-april-2022,https://www.bea.gov/news/2022/personal-income-and-outlays-april-2022,www.bea.gov,200,63266,4af2fabb1c8abc28094013d04e078b835f158ab951e88d558274e4534d6552cc,2026-09-03T15:47:28.215513Z,ok,
PCE_release_document,https://www.bea.gov/news/2022/personal-income-and-outlays-august-2022-and-annual-update,https://www.bea.gov/news/2022/personal-income-and-outlays-august-2022-and-annual-update,www.bea.gov,200,63404,36d9b273e63999baf9f9029b6e29d7c57ca77331c254cf747f09f0ce4c5b5d46,2026-09-03T15:47:29.117103Z,ok,
PCE_release_document,https://www.bea.gov/news/2022/personal-income-and-outlays-december-2021,https://www.bea.gov/news/2022/personal-income-and-outlays-december-2021,www.bea.gov,200,65416,fd81ca6f5431759d950abd6e4802cb2e5a29096850bd52b6b2fef92b54f0a018,2026-09-03T15:47:30.613338Z,ok,
PCE_release_document,https://www.bea.gov/news/2022/personal-income-and-outlays-february-2022,https://www.bea.gov/news/2022/personal-income-and-outlays-february-2022,www.bea.gov,200,61960,bc938fb9e2aff7cbb6376c95cd937aeb4c2a9122e4466f3b236b4ba9b7bc10ca,2026-09-03T15:47:31.296667Z,ok,
PCE_release_document,https://www.bea.gov/news/2022/personal-income-and-outlays-january-2022,https://www.bea.gov/news/2022/personal-income-and-outlays-january-2022,www.bea.gov,200,62440,6dd21b79b052bf44ea422b6f8cbaf8c8870b1e29e6adf57cf06d02367af1bf92,2026-09-03T15:47:32.778325Z,ok,
PCE_release_document,https://www.bea.gov/news/2022/personal-income-and-outlays-july-2022,https://www.bea.gov/news/2022/personal-income-and-outlays-july-2022,www.bea.gov,200,63837,06413996777a4211c7f7211319f697c308c50c3cad96ccbbfb9f28dd328fd11e,2026-09-03T15:47:34.263605Z,ok,
PCE_release_document,https://www.bea.gov/news/2022/personal-income-and-outlays-june-2022,https://www.bea.gov/news/2022/personal-income-and-outlays-june-2022,www.bea.gov,200,63244,770035eb1c42ab4066bef7850e859156ac3fd59a1415de492b6a9f3ced7197f2,2026-09-03T15:47:35.759146Z,ok,
PCE_release_document,https://www.bea.gov/news/2022/personal-income-and-outlays-march-2022,https://www.bea.gov/news/2022/personal-income-and-outlays-march-2022,www.bea.gov,200,63138,7fdc9599e3f2426d89c342027c77bac78f95ba524ea6828d04311d543641ae88,2026-09-03T15:47:37.272844Z,ok,
PCE_release_document,https://www.bea.gov/news/2022/personal-income-and-outlays-may-2022,https://www.bea.gov/news/2022/personal-income-and-outlays-may-2022,www.bea.gov,200,61895,4f1ca7c920d8b632ff6a84425faf28867cddf1ccf07b1269fddc3e280ccd2a88,2026-09-03T15:47:38.767350Z,ok,
PCE_release_document,https://www.bea.gov/news/2022/personal-income-and-outlays-november-2022,https://www.bea.gov/news/2022/personal-income-and-outlays-november-2022,www.bea.gov,200,63876,f45e34e0ef1748959d25d187b01582df731506b4900394ac7b8dc8ef1ef63cbc,2026-09-03T15:47:40.263482Z,ok,
PCE_release_document,https://www.bea.gov/news/2022/personal-income-and-outlays-october-2022,https://www.bea.gov/news/2022/personal-income-and-outlays-october-2022,www.bea.gov,200,65131,fea4beffb4f8bb3c5a316f02d1f9ca1aea17d5847e1acd81e4a3fcc5e07691fa,2026-09-03T15:47:41.760914Z,ok,
PCE_release_document,https://www.bea.gov/news/2022/personal-income-and-outlays-september-2022,https://www.bea.gov/news/2022/personal-income-and-outlays-september-2022,www.bea.gov,200,62488,570a44f3df1c21e9f271e324bb6ed322b9e7de3f16973db6dc7a9a63832b05cf,2026-09-03T15:47:43.282461Z,ok,
PCE_release_document,https://www.bea.gov/news/2022/personal-income-county-and-metropolitan-area-2021,https://www.bea.gov/news/2022/personal-income-county-and-metropolitan-area-2021,www.bea.gov,200,50074,dec0905155a4a6ba7960622a01a153f366649a7dc784b8aecf6074921034c55d,2026-09-03T15:47:44.794361Z,ok,
PCE_release_document,https://www.bea.gov/news/2022/personal-income-state-1st-quarter-2022,https://www.bea.gov/news/2022/personal-income-state-1st-quarter-2022,www.bea.gov,200,54950,a37c572e1b848fd22d7738e811573551d378fa6e9feed1abbaa121bc3a3092b3,2026-09-03T15:47:46.263622Z,ok,
PCE_release_document,https://www.bea.gov/news/2022/personal-income-state-2021-preliminary-and-4th-quarter-2021,https://www.bea.gov/news/2022/personal-income-state-2021-preliminary-and-4th-quarter-2021,www.bea.gov,200,57940,e332cc67f2a431568c65118288371d4c28d47547707cc904b7500df0c679762d,2026-09-03T15:47:47.719273Z,ok,
PCE_release_document,https://www.bea.gov/news/2023/personal-consumption-expenditures-state-2022,https://www.bea.gov/news/2023/personal-consumption-expenditures-state-2022,www.bea.gov,200,47802,d7a58d8258d03d5aaac8e555d25353465a06e638efcd6c29bbf10fcc5f933146,2026-09-03T15:47:48.356265Z,ok,
PCE_release_document,https://www.bea.gov/news/2023/personal-income-and-outlays-april-2023,https://www.bea.gov/news/2023/personal-income-and-outlays-april-2023,www.bea.gov,200,61232,58bb11fa73bd53b011b9c5d101737ba062fc2fd099f196c99098a04730571c5a,2026-09-03T15:47:49.772774Z,ok,
PCE_release_document,https://www.bea.gov/news/2023/personal-income-and-outlays-august-2023,https://www.bea.gov/news/2023/personal-income-and-outlays-august-2023,www.bea.gov,200,57011,a950e8eb29f73ac9f3b54f61e04b3f60bb21241ae15616a481ba9196372dfd3f,2026-09-03T15:47:51.327496Z,ok,
PCE_release_document,https://www.bea.gov/news/2023/personal-income-and-outlays-december-2022,https://www.bea.gov/news/2023/personal-income-and-outlays-december-2022,www.bea.gov,200,64086,345befcb413406998967a15ee5d23c061ab912d312a06cac2b6d1d4dd27e14c8,2026-09-03T15:47:51.996491Z,ok,
PCE_release_document,https://www.bea.gov/news/2023/personal-income-and-outlays-february-2023,https://www.bea.gov/news/2023/personal-income-and-outlays-february-2023,www.bea.gov,200,61209,9a0be95fe41646d1d2bb0d2ae3fa0c4d31f2e9d6494707594162b88e8d77c615,2026-09-03T15:47:53.504135Z,ok,
PCE_release_document,https://www.bea.gov/news/2023/personal-income-and-outlays-january-2023,https://www.bea.gov/news/2023/personal-income-and-outlays-january-2023,www.bea.gov,200,61518,c8218c746bed333e0edff9474e98e6c469652fc9efe279bad3215243ca13bd98,2026-09-03T15:47:54.204794Z,ok,
PCE_release_document,https://www.bea.gov/news/2023/personal-income-and-outlays-july-2023,https://www.bea.gov/news/2023/personal-income-and-outlays-july-2023,www.bea.gov,200,62717,9de45f2ea25aff3c261c9904f9571b965606c1fe0bf00aef744abcf9ff2cf817,2026-09-03T15:47:55.697578Z,ok,
PCE_release_document,https://www.bea.gov/news/2023/personal-income-and-outlays-june-2023,https://www.bea.gov/news/2023/personal-income-and-outlays-june-2023,www.bea.gov,200,61586,594b2851bb611400c004c92d978088fe5e34374b6dbe264737cd9207f8e8ff83,2026-09-03T15:47:57.186048Z,ok,
PCE_release_document,https://www.bea.gov/news/2023/personal-income-and-outlays-march-2023,https://www.bea.gov/news/2023/personal-income-and-outlays-march-2023,www.bea.gov,200,61327,9dcd423c483584d51e3b49d203717410544a041e33095946342cef16abc80a8a,2026-09-03T15:47:58.671327Z,ok,
PCE_release_document,https://www.bea.gov/news/2023/personal-income-and-outlays-may-2023,https://www.bea.gov/news/2023/personal-income-and-outlays-may-2023,www.bea.gov,200,61771,3371d5aa3b5218e7a67ea98dfe3869ccea37e274d530821fa2369bf6841787c5,2026-09-03T15:47:59.376810Z,ok,
PCE_release_document,https://www.bea.gov/news/2023/personal-income-and-outlays-november-2023,https://www.bea.gov/news/2023/personal-income-and-outlays-november-2023,www.bea.gov,200,64048,3a18eaab2f97a24d961174e98ae6b92e814bb9bc6683f088eba163facc2e61af,2026-09-03T15:48:00.852613Z,ok,
PCE_release_document,https://www.bea.gov/news/2023/personal-income-and-outlays-october-2023,https://www.bea.gov/news/2023/personal-income-and-outlays-october-2023,www.bea.gov,200,63212,a33a150b019277db6b29dabc07ab5f496693eae4e277a3b7f9bfad78bedf432a,2026-09-03T15:48:02.363687Z,ok,
PCE_release_document,https://www.bea.gov/news/2023/personal-income-and-outlays-september-2023,https://www.bea.gov/news/2023/personal-income-and-outlays-september-2023,www.bea.gov,200,62952,a4e4e9a07320c34c7bfbc19eed5268c3285a50e9418d83a58309a44971dccc90,2026-09-03T15:48:03.089570Z,ok,
PCE_release_document,https://www.bea.gov/news/2023/personal-income-county-and-metropolitan-area-2022,https://www.bea.gov/news/2023/personal-income-county-and-metropolitan-area-2022,www.bea.gov,200,48423,63cebe75dd15e41015c2fbcc2c05499e7558023ea3a789a118c39d6dc399354a,2026-09-03T15:48:04.573960Z,ok,
PCE_release_document,https://www.bea.gov/news/2023/personal-income-state-2nd-quarter-2023,https://www.bea.gov/news/2023/personal-income-state-2nd-quarter-2023,www.bea.gov,200,56576,1742fe14f77c942b023fc3aaebdaa2a29eb38cfbc9e405e725a6656db6f8ed2c,2026-09-03T15:48:06.015884Z,ok,
PCE_release_document,https://www.bea.gov/news/2024/personal-consumption-expenditures-state-2023,https://www.bea.gov/news/2024/personal-consumption-expenditures-state-2023,www.bea.gov,200,50494,5962964fca2b7c9c39f2ce43821fa850b8c4402cb52f6392c6c644afde6edfc3,2026-09-03T15:48:07.480149Z,ok,
PCE_release_document,https://www.bea.gov/news/2024/personal-income-and-outlays-april-2024,https://www.bea.gov/news/2024/personal-income-and-outlays-april-2024,www.bea.gov,200,62145,69539cd689eae340e40036992c2add519f8accef6fc95079b23e70ed7c25e36f,2026-09-03T15:48:08.923799Z,ok,
PCE_release_document,https://www.bea.gov/news/2024/personal-income-and-outlays-august-2024,https://www.bea.gov/news/2024/personal-income-and-outlays-august-2024,www.bea.gov,200,57774,9c45646595301d0cf607859a28e9614f94a379f76fd5fc714ac1a8c112e15487,2026-09-03T15:48:09.637747Z,ok,
PCE_release_document,https://www.bea.gov/news/2024/personal-income-and-outlays-december-2023,https://www.bea.gov/news/2024/personal-income-and-outlays-december-2023,www.bea.gov,200,63990,902cd8f7459ef383c5290a1180caa220c76ff335b07a5ab36eaf22e9ef08becd,2026-09-03T15:48:10.313485Z,ok,
PCE_release_document,https://www.bea.gov/news/2024/personal-income-and-outlays-february-2024,https://www.bea.gov/news/2024/personal-income-and-outlays-february-2024,www.bea.gov,200,61142,7aa5df0fbf29d91ec0dab4138c53d90843ccc4f7deaf1dcb38147d021e9fe749,2026-09-03T15:48:11.824588Z,ok,
PCE_release_document,https://www.bea.gov/news/2024/personal-income-and-outlays-january-2024,https://www.bea.gov/news/2024/personal-income-and-outlays-january-2024,www.bea.gov,200,61674,275d3e4d35243d9fdffac6bdb66d24477b4abfa23274bf47dd85fc46141bf791,2026-09-03T15:48:13.324771Z,ok,
PCE_release_document,https://www.bea.gov/news/2024/personal-income-and-outlays-july-2024,https://www.bea.gov/news/2024/personal-income-and-outlays-july-2024,www.bea.gov,200,62351,13174fe3ca8c7c46b48082adb939eb7424be30ed20afd792fcde60fac9b4f8ab,2026-09-03T15:48:14.818669Z,ok,
PCE_release_document,https://www.bea.gov/news/2024/personal-income-and-outlays-june-2024,https://www.bea.gov/news/2024/personal-income-and-outlays-june-2024,www.bea.gov,200,62434,1c5e7527fefcf1028f67a57c3fb43b6c33930833c6901bf2329fca8da4d50577,2026-09-03T15:48:16.323849Z,ok,
PCE_release_document,https://www.bea.gov/news/2024/personal-income-and-outlays-march-2024,https://www.bea.gov/news/2024/personal-income-and-outlays-march-2024,www.bea.gov,200,60957,c803a74412a92a4f34865a95ba6cf46c850b412ba732b541de87021c459fce66,2026-09-03T15:48:17.819813Z,ok,
PCE_release_document,https://www.bea.gov/news/2024/personal-income-and-outlays-may-2024,https://www.bea.gov/news/2024/personal-income-and-outlays-may-2024,www.bea.gov,200,61381,c84b1de3bd067aac4e87c88dd623f41d40ca8ee2cbfe1bc0d2c65af666deef39,2026-09-03T15:48:19.318508Z,ok,
PCE_release_document,https://www.bea.gov/news/2024/personal-income-and-outlays-november-2024,https://www.bea.gov/news/2024/personal-income-and-outlays-november-2024,www.bea.gov,200,64386,43415c67270b0e9a6fc2faf591f263d4e2575a7af333f5fb8ac8d8abd2fa17b3,2026-09-03T15:48:20.820384Z,ok,
PCE_release_document,https://www.bea.gov/news/2024/personal-income-and-outlays-october-2024,https://www.bea.gov/news/2024/personal-income-and-outlays-october-2024,www.bea.gov,200,62954,a87e009874316b573b341c9120f6bec79738eba0f0a2b09d0ca6899e1ba164b8,2026-09-03T15:48:22.328875Z,ok,
PCE_release_document,https://www.bea.gov/news/2024/personal-income-and-outlays-september-2024,https://www.bea.gov/news/2024/personal-income-and-outlays-september-2024,www.bea.gov,200,63849,f269f05b3604c09e41560fcc9fd46fef7825f91a8798eaa574e3a551c1170c22,2026-09-03T15:48:23.826933Z,ok,
PCE_release_document,https://www.bea.gov/news/2024/personal-income-county-and-metropolitan-area-2023,https://www.bea.gov/news/2024/personal-income-county-and-metropolitan-area-2023,www.bea.gov,200,52038,9d0fa0e4196e6a50011571f8b1e0899c3cd72d82c91b927dd6eb99c7afdeb832,2026-09-03T15:48:24.561709Z,ok,
FOMC_calendar_or_historical_index,https://www.federalreserve.gov/monetarypolicy/fomccalendars.htm,https://www.federalreserve.gov/monetarypolicy/fomccalendars.htm,www.federalreserve.gov,200,166936,84483e3d91d38c61229cdde61d2f3fe0627e92408fb6c0a6ae2069ceeabf95fe,2026-09-03T15:48:26.038770Z,ok,
FOMC_calendar_or_historical_index,https://www.federalreserve.gov/monetarypolicy/fomchistorical2015.htm,https://www.federalreserve.gov/monetarypolicy/fomchistorical2015.htm,www.federalreserve.gov,200,97302,50964edda9e6d1330f2b833da23eb1cfece299f7bb8db3789854c18a84fac4e4,2026-09-03T15:48:26.438748Z,ok,
FOMC_calendar_or_historical_index,https://www.federalreserve.gov/monetarypolicy/fomchistorical2016.htm,https://www.federalreserve.gov/monetarypolicy/fomchistorical2016.htm,www.federalreserve.gov,200,97890,9c94bd65c5e61b8fc931efd3437f7d78b2d924b243247568e3a4759995eb920a,2026-09-03T15:48:26.827774Z,ok,
FOMC_calendar_or_historical_index,https://www.federalreserve.gov/monetarypolicy/fomchistorical2017.htm,https://www.federalreserve.gov/monetarypolicy/fomchistorical2017.htm,www.federalreserve.gov,200,97261,604f0a1ddad9ed4227cf79f9381cf81f7bb94544ad33f22a0529b08c64f18084,2026-09-03T15:48:27.205272Z,ok,
FOMC_calendar_or_historical_index,https://www.federalreserve.gov/monetarypolicy/fomchistorical2018.htm,https://www.federalreserve.gov/monetarypolicy/fomchistorical2018.htm,www.federalreserve.gov,200,97766,d11fa84e2ba90de014ef1c7bce5ce6648e91bb882d032f4a4543ecf09b8024e4,2026-09-03T15:48:27.579025Z,ok,
FOMC_calendar_or_historical_index,https://www.federalreserve.gov/monetarypolicy/fomchistorical2019.htm,https://www.federalreserve.gov/monetarypolicy/fomchistorical2019.htm,www.federalreserve.gov,200,99405,617bf55290288256e7e49473b740937e0bc83af9dcd6e781882b620120d263e0,2026-09-03T15:48:27.968997Z,ok,
FOMC_calendar_or_historical_index,https://www.federalreserve.gov/monetarypolicy/fomchistorical2020.htm,https://www.federalreserve.gov/monetarypolicy/fomchistorical2020.htm,www.federalreserve.gov,200,100616,f69bbfc6ab3e01e057baf28a7daba97a552ab111e612732cbc09f1d36d24769c,2026-09-03T15:48:28.376068Z,ok,
FOMC_statement_document,https://www.federalreserve.gov/newsevents/pressreleases/monetary20150128a.htm,https://www.federalreserve.gov/newsevents/pressreleases/monetary20150128a.htm,www.federalreserve.gov,200,85858,3b10e069a94d17053c0e292c1aa962d504225f7b09901853b2af87e6329bb929,2026-09-03T15:48:28.735386Z,ok,
FOMC_statement_document,https://www.federalreserve.gov/newsevents/pressreleases/monetary20150318a.htm,https://www.federalreserve.gov/newsevents/pressreleases/monetary20150318a.htm,www.federalreserve.gov,200,85771,6116fea14110b85d4d3f29e7c32c8d2dac6f17c523255edf5e3522f2f9a4f286,2026-09-03T15:48:29.095333Z,ok,
FOMC_statement_document,https://www.federalreserve.gov/newsevents/pressreleases/monetary20150429a.htm,https://www.federalreserve.gov/newsevents/pressreleases/monetary20150429a.htm,www.federalreserve.gov,200,85662,768e09d0c947ba01cdb7c09d834e6d799e291a82e5f205c71a97989426c87d90,2026-09-03T15:48:29.471574Z,ok,
FOMC_statement_document,https://www.federalreserve.gov/newsevents/pressreleases/monetary20150617a.htm,https://www.federalreserve.gov/newsevents/pressreleases/monetary20150617a.htm,www.federalreserve.gov,200,85518,e10be4f7230822f5881241c9557c683d21eb2cee29c4bf1a9e365acd1219168a,2026-09-03T15:48:29.863818Z,ok,
FOMC_statement_document,https://www.federalreserve.gov/newsevents/pressreleases/monetary20150729a.htm,https://www.federalreserve.gov/newsevents/pressreleases/monetary20150729a.htm,www.federalreserve.gov,200,85487,593d71aa4258c5d988e57a4d60694283c82ec4dbab4b4d246a9c0ed3ae463a47,2026-09-03T15:48:30.215860Z,ok,
FOMC_statement_document,https://www.federalreserve.gov/newsevents/pressreleases/monetary20150917a.htm,https://www.federalreserve.gov/newsevents/pressreleases/monetary20150917a.htm,www.federalreserve.gov,200,85788,d6ecd9b36de909e615165467752c0ffe170a4baeb28111b600aa1b4e50142280,2026-09-03T15:48:30.557592Z,ok,
FOMC_statement_document,https://www.federalreserve.gov/newsevents/pressreleases/monetary20151028a.htm,https://www.federalreserve.gov/newsevents/pressreleases/monetary20151028a.htm,www.federalreserve.gov,200,85698,2fc6b2f96def7c7e911a2a4289ad389ecbcdd071c5b2bead42c8e2fd79a1321c,2026-09-03T15:48:30.920177Z,ok,
FOMC_statement_document,https://www.federalreserve.gov/newsevents/pressreleases/monetary20151216a.htm,https://www.federalreserve.gov/newsevents/pressreleases/monetary20151216a.htm,www.federalreserve.gov,200,85726,4fe43f0cd3ecdf1c859e637e069a7ea36190d0a9f175087005e2cb22dcb212b7,2026-09-03T15:48:31.268949Z,ok,
FOMC_statement_document,https://www.federalreserve.gov/newsevents/pressreleases/monetary20160127a.htm,https://www.federalreserve.gov/newsevents/pressreleases/monetary20160127a.htm,www.federalreserve.gov,200,85585,30c99a878982508c32076bc3a35aedec67a4d38fc3e252a71284ff78da4cd32d,2026-09-03T15:48:31.620315Z,ok,
FOMC_statement_document,https://www.federalreserve.gov/newsevents/pressreleases/monetary20160127b.htm,https://www.federalreserve.gov/newsevents/pressreleases/monetary20160127b.htm,www.federalreserve.gov,200,84390,221feb38ac8e890bbfe975642044f3774010f01df24a4a2b6e2a61696ee653c0,2026-09-03T15:48:32.016576Z,ok,
FOMC_statement_document,https://www.federalreserve.gov/newsevents/pressreleases/monetary20160316a.htm,https://www.federalreserve.gov/newsevents/pressreleases/monetary20160316a.htm,www.federalreserve.gov,200,85643,0d355dfaadf8fcb444e5a7e6ccd26dbe616680ff1209fe04384ffb27798131cc,2026-09-03T15:48:32.369189Z,ok,
FOMC_statement_document,https://www.federalreserve.gov/newsevents/pressreleases/monetary20160427a.htm,https://www.federalreserve.gov/newsevents/pressreleases/monetary20160427a.htm,www.federalreserve.gov,200,85669,2afc11ae6f094272613d496c23ce0e761e99512c2c35397098f76dd6a3c4cd38,2026-09-03T15:48:32.737066Z,ok,
FOMC_statement_document,https://www.federalreserve.gov/newsevents/pressreleases/monetary20160615a.htm,https://www.federalreserve.gov/newsevents/pressreleases/monetary20160615a.htm,www.federalreserve.gov,200,85439,f324be666d4322892a335c4655afb8f9d667c3192f4b0b5543b70c4f5117444b,2026-09-03T15:48:33.113702Z,ok,
FOMC_statement_document,https://www.federalreserve.gov/newsevents/pressreleases/monetary20160727a.htm,https://www.federalreserve.gov/newsevents/pressreleases/monetary20160727a.htm,www.federalreserve.gov,200,85583,b6ada982298e3b7a4c7dc07d781b64d45da5b9eb5be3e4dcf5f3a77fe5af0fd6,2026-09-03T15:48:33.453872Z,ok,
FOMC_statement_document,https://www.federalreserve.gov/newsevents/pressreleases/monetary20160921a.htm,https://www.federalreserve.gov/newsevents/pressreleases/monetary20160921a.htm,www.federalreserve.gov,200,85799,722e4206a91bfc8a2d6ae66d7cc15b346260e7df6668aa43d68e8dfe15d3a275,2026-09-03T15:48:33.804201Z,ok,
FOMC_statement_document,https://www.federalreserve.gov/newsevents/pressreleases/monetary20161102a.htm,https://www.federalreserve.gov/newsevents/pressreleases/monetary20161102a.htm,www.federalreserve.gov,200,85771,557fcc96c1dd46e496600e23897ad2d41bbf772bea79d87bf0f80901bf49468a,2026-09-03T15:48:34.210017Z,ok,
FOMC_statement_document,https://www.federalreserve.gov/newsevents/pressreleases/monetary20161214a.htm,https://www.federalreserve.gov/newsevents/pressreleases/monetary20161214a.htm,www.federalreserve.gov,200,85430,f1fd3c46e7c5e1aaeccdefdcee6ebea9077e6e5d80bd54040dc33242e301161e,2026-09-03T15:48:34.556845Z,ok,
FOMC_statement_document,https://www.federalreserve.gov/newsevents/pressreleases/monetary20170201a.htm,https://www.federalreserve.gov/newsevents/pressreleases/monetary20170201a.htm,www.federalreserve.gov,200,85878,6305bef4745f5e714e9c32617286c2686700f28ec63bb176604924e26b481034,2026-09-03T15:48:34.949032Z,ok,
FOMC_statement_document,https://www.federalreserve.gov/newsevents/pressreleases/monetary20170315a.htm,https://www.federalreserve.gov/newsevents/pressreleases/monetary20170315a.htm,www.federalreserve.gov,200,85613,874254f21a489bc4e8a5506b68c38170f81c08939515e5ebc1d618e61af71129,2026-09-03T15:48:35.311291Z,ok,
FOMC_statement_document,https://www.federalreserve.gov/newsevents/pressreleases/monetary20170503a.htm,https://www.federalreserve.gov/newsevents/pressreleases/monetary20170503a.htm,www.federalreserve.gov,200,85594,e7f1ee2f0cfc94e93c945ecb4ddadc5b58a81d7789a3d5300e354cfc7bd6bd70,2026-09-03T15:48:35.667330Z,ok,
FOMC_statement_document,https://www.federalreserve.gov/newsevents/pressreleases/monetary20170614a.htm,https://www.federalreserve.gov/newsevents/pressreleases/monetary20170614a.htm,www.federalreserve.gov,200,85790,523201ed713c7c99cbec6d9cd37dafb8e904c471747bbdcc3398afbb8089f08d,2026-09-03T15:48:36.121851Z,ok,
FOMC_statement_document,https://www.federalreserve.gov/newsevents/pressreleases/monetary20170614c.htm,https://www.federalreserve.gov/newsevents/pressreleases/monetary20170614c.htm,www.federalreserve.gov,200,86357,96e57ca1581a13851725279cff092a487c244a6d0c04b0ae8d5cae76504b9316,2026-09-03T15:48:36.520713Z,ok,
FOMC_statement_document,https://www.federalreserve.gov/newsevents/pressreleases/monetary20170726a.htm,https://www.federalreserve.gov/newsevents/pressreleases/monetary20170726a.htm,www.federalreserve.gov,200,85478,351872f99705cbba7f7d4c0987d0b713e1bcd8059e96be002c67db9a0172e132,2026-09-03T15:48:36.915200Z,ok,
FOMC_statement_document,https://www.federalreserve.gov/newsevents/pressreleases/monetary20170920a.htm,https://www.federalreserve.gov/newsevents/pressreleases/monetary20170920a.htm,www.federalreserve.gov,200,85654,837d50ed710efa78b9451cfd2facbe30bc67e23a30be580f51dc777972991eea,2026-09-03T15:48:37.311081Z,ok,
FOMC_statement_document,https://www.federalreserve.gov/newsevents/pressreleases/monetary20171101a.htm,https://www.federalreserve.gov/newsevents/pressreleases/monetary20171101a.htm,www.federalreserve.gov,200,85534,6adda694543059362605adb7a4d872ccd860cc0a8d7cde16b5431aa68b00c621,2026-09-03T15:48:37.730502Z,ok,
FOMC_statement_document,https://www.federalreserve.gov/newsevents/pressreleases/monetary20171213a.htm,https://www.federalreserve.gov/newsevents/pressreleases/monetary20171213a.htm,www.federalreserve.gov,200,85313,05182230a770b3d77e124326ad6e62c28ef51b266d07c4f63e7986683eaf28d1,2026-09-03T15:48:38.126653Z,ok,
FOMC_statement_document,https://www.federalreserve.gov/newsevents/pressreleases/monetary20180131a.htm,https://www.federalreserve.gov/newsevents/pressreleases/monetary20180131a.htm,www.federalreserve.gov,200,84854,3d43fed5c15594d03fdb028b4d94e7ca99cfec453b1d25396b8b0d3f2f37aae2,2026-09-03T15:48:38.530008Z,ok,
FOMC_statement_document,https://www.federalreserve.gov/newsevents/pressreleases/monetary20180131b.htm,https://www.federalreserve.gov/newsevents/pressreleases/monetary20180131b.htm,www.federalreserve.gov,200,83310,6bd885fff624fa22b7ee6ef4900c556d6a1418a615017d30f4a58a42c1f483d1,2026-09-03T15:48:38.896451Z,ok,
FOMC_statement_document,https://www.federalreserve.gov/newsevents/pressreleases/monetary20180321a.htm,https://www.federalreserve.gov/newsevents/pressreleases/monetary20180321a.htm,www.federalreserve.gov,200,85015,c753f24de9591fe87c69a8e7a3d1fd3e8d86047b902bc47c08b960797286e103,2026-09-03T15:48:39.281471Z,ok,
FOMC_statement_document,https://www.federalreserve.gov/newsevents/pressreleases/monetary20180502a.htm,https://www.federalreserve.gov/newsevents/pressreleases/monetary20180502a.htm,www.federalreserve.gov,200,84831,7c2a0af502663866b6212e968279f98413bd0e5d6cf0601e3f0ed44e8d24dd91,2026-09-03T15:48:39.653390Z,ok,
FOMC_statement_document,https://www.federalreserve.gov/newsevents/pressreleases/monetary20180613a.htm,https://www.federalreserve.gov/newsevents/pressreleases/monetary20180613a.htm,www.federalreserve.gov,200,84193,7a4292dd18e90def653898208f40578784587bb82e3df68858f17fc21d672d40,2026-09-03T15:48:40.017515Z,ok,
FOMC_statement_document,https://www.federalreserve.gov/newsevents/pressreleases/monetary20180801a.htm,https://www.federalreserve.gov/newsevents/pressreleases/monetary20180801a.htm,www.federalreserve.gov,200,84134,cdff55d1cdd7e1d6484c63380098f7f3a1850f18e589a0427189c43e5d09d233,2026-09-03T15:48:40.373152Z,ok,
FOMC_statement_document,https://www.federalreserve.gov/newsevents/pressreleases/monetary20180926a.htm,https://www.federalreserve.gov/newsevents/pressreleases/monetary20180926a.htm,www.federalreserve.gov,200,84013,4c362bd3c12647fe5ccf5c02e3c813e338334ad1f080e37778ca5e151b747dc8,2026-09-03T15:48:40.814811Z,ok,
FOMC_statement_document,https://www.federalreserve.gov/newsevents/pressreleases/monetary20181108a.htm,https://www.federalreserve.gov/newsevents/pressreleases/monetary20181108a.htm,www.federalreserve.gov,200,84087,9d2fd4e5e5e565b857d806f84d73587ec0fc50aa09c9fe7e304eea4a73d1b230,2026-09-03T15:48:41.135491Z,ok,
FOMC_statement_document,https://www.federalreserve.gov/newsevents/pressreleases/monetary20181219a.htm,https://www.federalreserve.gov/newsevents/pressreleases/monetary20181219a.htm,www.federalreserve.gov,200,84274,ac82a2c7690d12a68a3bf58284f50e4c096f2a31d0ee67196c8fcbacdef113b7,2026-09-03T15:48:41.493767Z,ok,
FOMC_statement_document,https://www.federalreserve.gov/newsevents/pressreleases/monetary20190130a.htm,https://www.federalreserve.gov/newsevents/pressreleases/monetary20190130a.htm,www.federalreserve.gov,200,84260,f4cef00b2540162ef6e8f2dcc88383e8547754da696e608727ad084190d8374e,2026-09-03T15:48:41.877134Z,ok,
FOMC_statement_document,https://www.federalreserve.gov/newsevents/pressreleases/monetary20190130b.htm,https://www.federalreserve.gov/newsevents/pressreleases/monetary20190130b.htm,www.federalreserve.gov,200,83260,b2b45f4d51a3e3996a455852fb8bdbdf75dce6037048452bcd34fba3375e1699,2026-09-03T15:48:42.261742Z,ok,
FOMC_statement_document,https://www.federalreserve.gov/newsevents/pressreleases/monetary20190130c.htm,https://www.federalreserve.gov/newsevents/pressreleases/monetary20190130c.htm,www.federalreserve.gov,200,83529,cd1644727fd860e5884f000fbf8d5a94dfedb836a07a0980b5e6c0707b83e485,2026-09-03T15:48:42.617302Z,ok,
FOMC_statement_document,https://www.federalreserve.gov/newsevents/pressreleases/monetary20190320a.htm,https://www.federalreserve.gov/newsevents/pressreleases/monetary20190320a.htm,www.federalreserve.gov,200,84353,ca7ada8b4ee342b402207dc5012ca8b8d399f75d1d81129cee03845bc60e8ead,2026-09-03T15:48:42.966710Z,ok,
FOMC_statement_document,https://www.federalreserve.gov/newsevents/pressreleases/monetary20190320c.htm,https://www.federalreserve.gov/newsevents/pressreleases/monetary20190320c.htm,www.federalreserve.gov,200,86244,85459fe8684810f7f6b5e95202e926032e0f5adfc450bf4631e703d5398aebe3,2026-09-03T15:48:43.364047Z,ok,
FOMC_statement_document,https://www.federalreserve.gov/newsevents/pressreleases/monetary20190501a.htm,https://www.federalreserve.gov/newsevents/pressreleases/monetary20190501a.htm,www.federalreserve.gov,200,84183,2182e1f7ab722bddafad1f00f8bcae975093b0fe8cb38d87b91afb77f64c20ba,2026-09-03T15:48:43.739166Z,ok,
FOMC_statement_document,https://www.federalreserve.gov/newsevents/pressreleases/monetary20190619a.htm,https://www.federalreserve.gov/newsevents/pressreleases/monetary20190619a.htm,www.federalreserve.gov,200,84425,c7a207ffc2bf17cd564ef865a3b2081b0a2e7cd93a7df1448a1f278154714751,2026-09-03T15:48:44.133339Z,ok,
FOMC_statement_document,https://www.federalreserve.gov/newsevents/pressreleases/monetary20190731a.htm,https://www.federalreserve.gov/newsevents/pressreleases/monetary20190731a.htm,www.federalreserve.gov,200,84713,0147c6915f6c8f51bf98c936615eb7cfc8af3c82a08d2ca33836ef29e0cfd0b7,2026-09-03T15:48:44.480676Z,ok,
FOMC_statement_document,https://www.federalreserve.gov/newsevents/pressreleases/monetary20190918a.htm,https://www.federalreserve.gov/newsevents/pressreleases/monetary20190918a.htm,www.federalreserve.gov,200,84609,ecadd0c37ff727d97fadd280cb5b8722eac40ca866b9e27e5bc13aa1cf57d806,2026-09-03T15:48:44.842761Z,ok,
FOMC_statement_document,https://www.federalreserve.gov/newsevents/pressreleases/monetary20191011a.htm,https://www.federalreserve.gov/newsevents/pressreleases/monetary20191011a.htm,www.federalreserve.gov,200,87877,0b957fb874343f6617f660a2dfc157aa53ad5a26342e982fd46dc5e438978bed,2026-09-03T15:48:45.227461Z,ok,
FOMC_statement_document,https://www.federalreserve.gov/newsevents/pressreleases/monetary20191030a.htm,https://www.federalreserve.gov/newsevents/pressreleases/monetary20191030a.htm,www.federalreserve.gov,200,84380,046281b30eedcf975324a1f21c398e77823ab311c84d1e306ba62e7db0b93697,2026-09-03T15:48:45.652915Z,ok,
FOMC_statement_document,https://www.federalreserve.gov/newsevents/pressreleases/monetary20191211a.htm,https://www.federalreserve.gov/newsevents/pressreleases/monetary20191211a.htm,www.federalreserve.gov,200,84178,345c4df13903b2d7bf6f40971ebcc50e69a83052c5faf5983d2099e9ba1c2c0b,2026-09-03T15:48:46.026526Z,ok,
FOMC_statement_document,https://www.federalreserve.gov/newsevents/pressreleases/monetary20200129a.htm,https://www.federalreserve.gov/newsevents/pressreleases/monetary20200129a.htm,www.federalreserve.gov,200,84184,e53e3d6c010d2a702188fe650c1b2ca89b9ddb271ed3f08b2c0ecc254c1c711f,2026-09-03T15:48:46.394369Z,ok,
FOMC_statement_document,https://www.federalreserve.gov/newsevents/pressreleases/monetary20200303a.htm,https://www.federalreserve.gov/newsevents/pressreleases/monetary20200303a.htm,www.federalreserve.gov,200,82883,7ced12d8618b83475f26a57be54a0c4422c4cd2f3f90f8458f9fe8e230bac244,2026-09-03T15:48:46.765506Z,ok,
FOMC_statement_document,https://www.federalreserve.gov/newsevents/pressreleases/monetary20200315a.htm,https://www.federalreserve.gov/newsevents/pressreleases/monetary20200315a.htm,www.federalreserve.gov,200,87259,2e5782a75ca812b60d272353b99ee61f8a9e2338c35055853f0cbaba5906df10,2026-09-03T15:48:47.229427Z,ok,
FOMC_statement_document,https://www.federalreserve.gov/newsevents/pressreleases/monetary20200319b.htm,https://www.federalreserve.gov/newsevents/pressreleases/monetary20200319b.htm,www.federalreserve.gov,200,84277,0891849346e52f5c356f28fd3b98689e770cc869b7a9625e53e1bf5e984b130b,2026-09-03T15:48:47.595429Z,ok,
FOMC_statement_document,https://www.federalreserve.gov/newsevents/pressreleases/monetary20200323a.htm,https://www.federalreserve.gov/newsevents/pressreleases/monetary20200323a.htm,www.federalreserve.gov,200,87132,cd0da2d02521f0807ff901d1d71d9271c8cd6ea41aad51044d3c658d485e5920,2026-09-03T15:48:48.024450Z,ok,
FOMC_statement_document,https://www.federalreserve.gov/newsevents/pressreleases/monetary20200331a.htm,https://www.federalreserve.gov/newsevents/pressreleases/monetary20200331a.htm,www.federalreserve.gov,200,84674,9b76c018232b8bacc2475829f8d6fade7b561a6ce4dad62cf58f445c84872fb6,2026-09-03T15:48:48.397694Z,ok,
FOMC_statement_document,https://www.federalreserve.gov/newsevents/pressreleases/monetary20200429a.htm,https://www.federalreserve.gov/newsevents/pressreleases/monetary20200429a.htm,www.federalreserve.gov,200,84905,156e59b60f4848e96b02abd5418b0aedbc85db1109d314a018228327c3af1142,2026-09-03T15:48:48.789265Z,ok,
FOMC_statement_document,https://www.federalreserve.gov/newsevents/pressreleases/monetary20200610a.htm,https://www.federalreserve.gov/newsevents/pressreleases/monetary20200610a.htm,www.federalreserve.gov,200,84901,5b9a282d1504f4da9905f797a3ad9f1792839550a87d4438aa857f35ad7e15aa,2026-09-03T15:48:49.174300Z,ok,
FOMC_statement_document,https://www.federalreserve.gov/newsevents/pressreleases/monetary20200729a.htm,https://www.federalreserve.gov/newsevents/pressreleases/monetary20200729a.htm,www.federalreserve.gov,200,85041,3c148552a290ddf6082eecb534a6a53a9304a6df68e0333be4986f5d47b20f66,2026-09-03T15:48:49.636931Z,ok,
FOMC_statement_document,https://www.federalreserve.gov/newsevents/pressreleases/monetary20200827a.htm,https://www.federalreserve.gov/newsevents/pressreleases/monetary20200827a.htm,www.federalreserve.gov,200,88035,f12ae8835394d360d7a4df5904f1a6612a6b559bd35312e3669d8520a6d1705f,2026-09-03T15:48:50.039608Z,ok,
FOMC_statement_document,https://www.federalreserve.gov/newsevents/pressreleases/monetary20200916a.htm,https://www.federalreserve.gov/newsevents/pressreleases/monetary20200916a.htm,www.federalreserve.gov,200,85659,676af938ed985d9fbc3e5fb4bf52bc096caaa5c801e6b07d3c9ba77e1ae72084,2026-09-03T15:48:50.439567Z,ok,
FOMC_statement_document,https://www.federalreserve.gov/newsevents/pressreleases/monetary20201105a.htm,https://www.federalreserve.gov/newsevents/pressreleases/monetary20201105a.htm,www.federalreserve.gov,200,85118,cd3af18c35b228d57553ecc8f255296397cb0205abda43562e276477e267dd96,2026-09-03T15:48:50.788459Z,ok,
FOMC_statement_document,https://www.federalreserve.gov/newsevents/pressreleases/monetary20201216a.htm,https://www.federalreserve.gov/newsevents/pressreleases/monetary20201216a.htm,www.federalreserve.gov,200,85229,d36e47cb4b9dc39912eefa6800a96fda66e23ef278a4017c5037ab58ea99734c,2026-09-03T15:48:51.195315Z,ok,
FOMC_statement_document,https://www.federalreserve.gov/newsevents/pressreleases/monetary20210127a.htm,https://www.federalreserve.gov/newsevents/pressreleases/monetary20210127a.htm,www.federalreserve.gov,200,85300,e256c838e1bad3561d7d3f6ae2b6bfc89ec9f5be7e6790ea24c2e8b063bc9283,2026-09-03T15:48:51.579158Z,ok,
FOMC_statement_document,https://www.federalreserve.gov/newsevents/pressreleases/monetary20210127a1.htm,https://www.federalreserve.gov/newsevents/pressreleases/monetary20210127a1.htm,www.federalreserve.gov,200,82218,c807989886cc81246babb569c78abdad28f807faa8f8f752f516225289fbe2c4,2026-09-03T15:48:51.941730Z,ok,
FOMC_statement_document,https://www.federalreserve.gov/newsevents/pressreleases/monetary20210127b.htm,https://www.federalreserve.gov/newsevents/pressreleases/monetary20210127b.htm,www.federalreserve.gov,200,83208,38251ac52717115802538896ecc70472bd094dc69436d822b0134d68266d830a,2026-09-03T15:48:52.348274Z,ok,
FOMC_statement_document,https://www.federalreserve.gov/newsevents/pressreleases/monetary20210317a.htm,https://www.federalreserve.gov/newsevents/pressreleases/monetary20210317a.htm,www.federalreserve.gov,200,85262,aebbd2116f61cb08fa303b46f09222f1d5bf6b9e4a7290f683872e5eb1b511b1,2026-09-03T15:48:52.726723Z,ok,
FOMC_statement_document,https://www.federalreserve.gov/newsevents/pressreleases/monetary20210317a1.htm,https://www.federalreserve.gov/newsevents/pressreleases/monetary20210317a1.htm,www.federalreserve.gov,200,82321,5c4d7852671f7b475b0cfb9ba89e83dd9f5e3ef9b08183cfda05d99fca09c0f2,2026-09-03T15:48:53.124221Z,ok,
FOMC_statement_document,https://www.federalreserve.gov/newsevents/pressreleases/monetary20210428a.htm,https://www.federalreserve.gov/newsevents/pressreleases/monetary20210428a.htm,www.federalreserve.gov,200,85250,2fcefecd06bff0c277b9d849dcaabd4e75b22b49fe1786be4b824ad2678efe3a,2026-09-03T15:48:53.507270Z,ok,
FOMC_statement_document,https://www.federalreserve.gov/newsevents/pressreleases/monetary20210428a1.htm,https://www.federalreserve.gov/newsevents/pressreleases/monetary20210428a1.htm,www.federalreserve.gov,200,81531,b355ec8ba6da1c04bdd023087b636d9295697d41e3fd5ae361d1d819cee09b78,2026-09-03T15:48:53.866842Z,ok,
FOMC_statement_document,https://www.federalreserve.gov/newsevents/pressreleases/monetary20210616a.htm,https://www.federalreserve.gov/newsevents/pressreleases/monetary20210616a.htm,www.federalreserve.gov,200,85210,244dbf44c9117243f7b85bb0218bdb5c67c5f1af53a63caa3e34e58700aed553,2026-09-03T15:48:54.287142Z,ok,
FOMC_statement_document,https://www.federalreserve.gov/newsevents/pressreleases/monetary20210616a1.htm,https://www.federalreserve.gov/newsevents/pressreleases/monetary20210616a1.htm,www.federalreserve.gov,200,81861,8cc9a197bb38edbbc68f9956eee589b1521551c59bbd0cc51fcf75a03cd54675,2026-09-03T15:48:54.640467Z,ok,
FOMC_statement_document,https://www.federalreserve.gov/newsevents/pressreleases/monetary20210728a.htm,https://www.federalreserve.gov/newsevents/pressreleases/monetary20210728a.htm,www.federalreserve.gov,200,85293,2dde27e164f15ddaa2209a92b56831920869555b6c2d5f5a4431fb55a82d96e8,2026-09-03T15:48:54.972981Z,ok,
FOMC_statement_document,https://www.federalreserve.gov/newsevents/pressreleases/monetary20210728a1.htm,https://www.federalreserve.gov/newsevents/pressreleases/monetary20210728a1.htm,www.federalreserve.gov,200,82273,4c1fd832bcaf343edc83382da4ac91f49fe0b461c320c5bebc7251146b3a2f9f,2026-09-03T15:48:55.326736Z,ok,
FOMC_statement_document,https://www.federalreserve.gov/newsevents/pressreleases/monetary20210922a.htm,https://www.federalreserve.gov/newsevents/pressreleases/monetary20210922a.htm,www.federalreserve.gov,200,85412,7476acfde9721ea744618a773b54a45e09c6c4a74685ee8e8c793274ab1663db,2026-09-03T15:48:55.685412Z,ok,
FOMC_statement_document,https://www.federalreserve.gov/newsevents/pressreleases/monetary20210922a1.htm,https://www.federalreserve.gov/newsevents/pressreleases/monetary20210922a1.htm,www.federalreserve.gov,200,82277,be9bb8cd59f0d6ab57f3f6bba63ed7597b148c8dab3b5857228a2b552b4ef28a,2026-09-03T15:48:56.108349Z,ok,
FOMC_statement_document,https://www.federalreserve.gov/newsevents/pressreleases/monetary20211103a.htm,https://www.federalreserve.gov/newsevents/pressreleases/monetary20211103a.htm,www.federalreserve.gov,200,86091,da078495cb083fb82c44bf8d431ec25346ebbb7342dea5a055380bc3ff41667e,2026-09-03T15:48:56.493948Z,ok,
FOMC_statement_document,https://www.federalreserve.gov/newsevents/pressreleases/monetary20211103a1.htm,https://www.federalreserve.gov/newsevents/pressreleases/monetary20211103a1.htm,www.federalreserve.gov,200,82708,a4cf379cf88d93d1991f02776735ea44a66ade37df87441e6d78ed94fa7c7941,2026-09-03T15:48:57.038992Z,ok,
FOMC_statement_document,https://www.federalreserve.gov/newsevents/pressreleases/monetary20211215a.htm,https://www.federalreserve.gov/newsevents/pressreleases/monetary20211215a.htm,www.federalreserve.gov,200,85487,1c8d10030785f7dc7bdc57a5c21566ca03309100daa543cff9726c2de5a8051c,2026-09-03T15:48:57.422158Z,ok,
FOMC_statement_document,https://www.federalreserve.gov/newsevents/pressreleases/monetary20211215a1.htm,https://www.federalreserve.gov/newsevents/pressreleases/monetary20211215a1.htm,www.federalreserve.gov,200,82508,ff1a7c8ecdf76d9a8c53ff423332d71bc17fa791233a1516ccced260a818aaf9,2026-09-03T15:48:57.796498Z,ok,
FOMC_statement_document,https://www.federalreserve.gov/newsevents/pressreleases/monetary20220126a.htm,https://www.federalreserve.gov/newsevents/pressreleases/monetary20220126a.htm,www.federalreserve.gov,200,84852,2b6f29001db3afb005f4f70a8e5d3951a829242a2a2c7d6a00ba279428b08cad,2026-09-03T15:48:58.218031Z,ok,
FOMC_statement_document,https://www.federalreserve.gov/newsevents/pressreleases/monetary20220126a1.htm,https://www.federalreserve.gov/newsevents/pressreleases/monetary20220126a1.htm,www.federalreserve.gov,200,82455,ca4906ad13ea4bf6a0c9d36889ccab5ba517fd5399e83ab7487c5c2848fc3193,2026-09-03T15:48:58.640854Z,ok,
FOMC_statement_document,https://www.federalreserve.gov/newsevents/pressreleases/monetary20220126b.htm,https://www.federalreserve.gov/newsevents/pressreleases/monetary20220126b.htm,www.federalreserve.gov,200,83067,e880228cf25b73a3dabeaf1c3cf798fb8f5453a91a6e4a345b0c67766193cd5b,2026-09-03T15:48:59.009847Z,ok,
FOMC_statement_document,https://www.federalreserve.gov/newsevents/pressreleases/monetary20220126c.htm,https://www.federalreserve.gov/newsevents/pressreleases/monetary20220126c.htm,www.federalreserve.gov,200,83615,24bc4626aeb3b9f7e5658f034acadd76e6418a8554c2c3955d2314bfef044d56,2026-09-03T15:48:59.380472Z,ok,
FOMC_statement_document,https://www.federalreserve.gov/newsevents/pressreleases/monetary20220316a.htm,https://www.federalreserve.gov/newsevents/pressreleases/monetary20220316a.htm,www.federalreserve.gov,200,84345,c9362b8e0636db0f021b1ddc594d3ab78eb1094ef3e898dfa8f692baaf4d4dc1,2026-09-03T15:48:59.786704Z,ok,
FOMC_statement_document,https://www.federalreserve.gov/newsevents/pressreleases/monetary20220316a1.htm,https://www.federalreserve.gov/newsevents/pressreleases/monetary20220316a1.htm,www.federalreserve.gov,200,81481,5b6fc2458713a94645af38aa8db0a9a590cde2e2c3a54350bb54df0677761ce3,2026-09-03T15:49:00.132297Z,ok,
FOMC_statement_document,https://www.federalreserve.gov/newsevents/pressreleases/monetary20220504a.htm,https://www.federalreserve.gov/newsevents/pressreleases/monetary20220504a.htm,www.federalreserve.gov,200,84860,d7edbda5c1dfe9280f8420175b5564bfb9e0be886f6aec5f702fa0c7fd949ff3,2026-09-03T15:49:00.524520Z,ok,
FOMC_statement_document,https://www.federalreserve.gov/newsevents/pressreleases/monetary20220504a1.htm,https://www.federalreserve.gov/newsevents/pressreleases/monetary20220504a1.htm,www.federalreserve.gov,200,82516,280e91e793c9cfae6e42bc8ade1638a9db6181834247b0473b9ad882cc44aff9,2026-09-03T15:49:00.917002Z,ok,
FOMC_statement_document,https://www.federalreserve.gov/newsevents/pressreleases/monetary20220504b.htm,https://www.federalreserve.gov/newsevents/pressreleases/monetary20220504b.htm,www.federalreserve.gov,200,84678,bdcc495a5059965928508b542d6dd3b95b28fd6edf3f471b4892a6e128e45956,2026-09-03T15:49:01.272942Z,ok,
FOMC_statement_document,https://www.federalreserve.gov/newsevents/pressreleases/monetary20220615a.htm,https://www.federalreserve.gov/newsevents/pressreleases/monetary20220615a.htm,www.federalreserve.gov,200,84490,c5cf6986e0957951545061cd7a3e2e53184c98f87f98d8a83de9419068b0dcee,2026-09-03T15:49:01.697641Z,ok,
FOMC_statement_document,https://www.federalreserve.gov/newsevents/pressreleases/monetary20220615a1.htm,https://www.federalreserve.gov/newsevents/pressreleases/monetary20220615a1.htm,www.federalreserve.gov,200,81739,424191b33613048d9c336e7a79c5f2509af7b3219d68c03d1078b740b3da8af7,2026-09-03T15:49:02.189742Z,ok,
FOMC_statement_document,https://www.federalreserve.gov/newsevents/pressreleases/monetary20220727a.htm,https://www.federalreserve.gov/newsevents/pressreleases/monetary20220727a.htm,www.federalreserve.gov,200,84151,d4cb6971ef5f44020a7bca414b02c6bea8b22c3e3588f892608a6586159af5b8,2026-09-03T15:49:02.571244Z,ok,
FOMC_statement_document,https://www.federalreserve.gov/newsevents/pressreleases/monetary20220727a1.htm,https://www.federalreserve.gov/newsevents/pressreleases/monetary20220727a1.htm,www.federalreserve.gov,200,82488,52e4f201a30f5b4050aa9662cdf4ccda10aeb21f31b8cb4028986567c369d298,2026-09-03T15:49:02.944320Z,ok,
FOMC_statement_document,https://www.federalreserve.gov/newsevents/pressreleases/monetary20220921a.htm,https://www.federalreserve.gov/newsevents/pressreleases/monetary20220921a.htm,www.federalreserve.gov,200,84158,6687caa65c2d04b93cea6168a108b93b5aa13cb50e5e2dd703808549b694adc5,2026-09-03T15:49:03.329761Z,ok,
FOMC_statement_document,https://www.federalreserve.gov/newsevents/pressreleases/monetary20220921a1.htm,https://www.federalreserve.gov/newsevents/pressreleases/monetary20220921a1.htm,www.federalreserve.gov,200,81802,de7a7566d8abb5f8c98c6c1a0dd376965166baa3ee7127bddb8bbee5d3f5fb02,2026-09-03T15:49:03.685852Z,ok,
FOMC_statement_document,https://www.federalreserve.gov/newsevents/pressreleases/monetary20221102a.htm,https://www.federalreserve.gov/newsevents/pressreleases/monetary20221102a.htm,www.federalreserve.gov,200,84792,2e49fd31c49c18c6c793f363be6f1648e545fe9a7583612b3d4a5c53efc9d20a,2026-09-03T15:49:04.076360Z,ok,
FOMC_statement_document,https://www.federalreserve.gov/newsevents/pressreleases/monetary20221102a1.htm,https://www.federalreserve.gov/newsevents/pressreleases/monetary20221102a1.htm,www.federalreserve.gov,200,81869,aa793b06728e331f5a5b45e43d31d0ff524097ed975a10c7dc0184ce5855659f,2026-09-03T15:49:04.427947Z,ok,
FOMC_statement_document,https://www.federalreserve.gov/newsevents/pressreleases/monetary20221214a.htm,https://www.federalreserve.gov/newsevents/pressreleases/monetary20221214a.htm,www.federalreserve.gov,200,84793,d8936853d017f27f70a42f9b4e8796a49ba6c5ef9e16628ca67503c2805387f3,2026-09-03T15:49:04.930925Z,ok,
FOMC_statement_document,https://www.federalreserve.gov/newsevents/pressreleases/monetary20221214a1.htm,https://www.federalreserve.gov/newsevents/pressreleases/monetary20221214a1.htm,www.federalreserve.gov,200,81843,b592081ac714cf5aeb2f20ef549258aead8ebcde78f7efa0ab1eda072bbe6bbf,2026-09-03T15:49:05.319431Z,ok,
FOMC_statement_document,https://www.federalreserve.gov/newsevents/pressreleases/monetary20230201a.htm,https://www.federalreserve.gov/newsevents/pressreleases/monetary20230201a.htm,www.federalreserve.gov,200,84539,b12604f40b942e976562c664e0a5715d80c6ea04a188ab93897f1c6dcaa234c3,2026-09-03T15:49:05.695384Z,ok,
FOMC_statement_document,https://www.federalreserve.gov/newsevents/pressreleases/monetary20230201a1.htm,https://www.federalreserve.gov/newsevents/pressreleases/monetary20230201a1.htm,www.federalreserve.gov,200,81804,12f9bf82ac277cdc9de2d59186424e9c52572b767a6d96b915ce69a7bdd6238a,2026-09-03T15:49:06.056858Z,ok,
FOMC_statement_document,https://www.federalreserve.gov/newsevents/pressreleases/monetary20230201b.htm,https://www.federalreserve.gov/newsevents/pressreleases/monetary20230201b.htm,www.federalreserve.gov,200,83309,f3a2f795ea4edfd87d355c3e99b401b5086246da06621426b1e3d7fb8eee809a,2026-09-03T15:49:06.445657Z,ok,
FOMC_statement_document,https://www.federalreserve.gov/newsevents/pressreleases/monetary20230322a.htm,https://www.federalreserve.gov/newsevents/pressreleases/monetary20230322a.htm,www.federalreserve.gov,200,84735,e3925b7cc88183c71b5fb9942dea4568eccb7f052be981613eeecb3dfb37a283,2026-09-03T15:49:06.881923Z,ok,
FOMC_statement_document,https://www.federalreserve.gov/newsevents/pressreleases/monetary20230322a1.htm,https://www.federalreserve.gov/newsevents/pressreleases/monetary20230322a1.htm,www.federalreserve.gov,200,81590,48eda263567af4a302705108c27167c4dbf72ce242bab452e6858e874a8888ce,2026-09-03T15:49:07.240594Z,ok,
FOMC_statement_document,https://www.federalreserve.gov/newsevents/pressreleases/monetary20230503a.htm,https://www.federalreserve.gov/newsevents/pressreleases/monetary20230503a.htm,www.federalreserve.gov,200,84518,2b3ff2745f893a324c38f0bf636f3f2e98131f1a21f7fc1cea51f1365f5e7522,2026-09-03T15:49:07.626871Z,ok,
FOMC_statement_document,https://www.federalreserve.gov/newsevents/pressreleases/monetary20230503a1.htm,https://www.federalreserve.gov/newsevents/pressreleases/monetary20230503a1.htm,www.federalreserve.gov,200,81615,629b9bd1daa38e324f6f1c6ece50666c3e9344235f6cf1ad72da3d66fec39b96,2026-09-03T15:49:08.002449Z,ok,
FOMC_statement_document,https://www.federalreserve.gov/newsevents/pressreleases/monetary20230614a.htm,https://www.federalreserve.gov/newsevents/pressreleases/monetary20230614a.htm,www.federalreserve.gov,200,84588,b76c3d5b681b24b0edf6f43f48506dfe30e89fc0667fa55113f2661017a4061f,2026-09-03T15:49:08.379023Z,ok,
FOMC_statement_document,https://www.federalreserve.gov/newsevents/pressreleases/monetary20230614a1.htm,https://www.federalreserve.gov/newsevents/pressreleases/monetary20230614a1.htm,www.federalreserve.gov,200,81336,7599b6185eb5df35718474355a133524d29b67988c03516ba42f9510db4de162,2026-09-03T15:49:08.777373Z,ok,
FOMC_statement_document,https://www.federalreserve.gov/newsevents/pressreleases/monetary20230726a.htm,https://www.federalreserve.gov/newsevents/pressreleases/monetary20230726a.htm,www.federalreserve.gov,200,84545,3bd0ec39864ad14caa48ee0aaaa769eab2de4988b428674126737187f9d8544f,2026-09-03T15:49:09.158261Z,ok,
FOMC_statement_document,https://www.federalreserve.gov/newsevents/pressreleases/monetary20230726a1.htm,https://www.federalreserve.gov/newsevents/pressreleases/monetary20230726a1.htm,www.federalreserve.gov,200,81634,5ceb71922eaa3b4bcc7ed168d1fcc0a1099b4e5ee63af2a27bd7d7f6a9f25c08,2026-09-03T15:49:09.543051Z,ok,
FOMC_statement_document,https://www.federalreserve.gov/newsevents/pressreleases/monetary20230920a.htm,https://www.federalreserve.gov/newsevents/pressreleases/monetary20230920a.htm,www.federalreserve.gov,200,84592,ffeed5da56a0340026d2356c20a50fd773744e47ef10c06dfa0fd0ecc9245c29,2026-09-03T15:49:09.989515Z,ok,
FOMC_statement_document,https://www.federalreserve.gov/newsevents/pressreleases/monetary20230920a1.htm,https://www.federalreserve.gov/newsevents/pressreleases/monetary20230920a1.htm,www.federalreserve.gov,200,81436,1efbe5df144f933f60c27d117e5abc4a47bbe5b0523ff9c957534304c6bf93a1,2026-09-03T15:49:10.371683Z,ok,
FOMC_statement_document,https://www.federalreserve.gov/newsevents/pressreleases/monetary20231101a.htm,https://www.federalreserve.gov/newsevents/pressreleases/monetary20231101a.htm,www.federalreserve.gov,200,84626,33cc023f0bca2e2cca53e08da07a7e3c5465d881afaff0a2ec9a58d6aad73b8a,2026-09-03T15:49:10.729249Z,ok,
FOMC_statement_document,https://www.federalreserve.gov/newsevents/pressreleases/monetary20231101a1.htm,https://www.federalreserve.gov/newsevents/pressreleases/monetary20231101a1.htm,www.federalreserve.gov,200,81390,eebab584e1137bf2a040bb1ed0b0ebd5e2007db4efdc9cad3f4843faa1bd2d85,2026-09-03T15:49:11.123523Z,ok,
FOMC_statement_document,https://www.federalreserve.gov/newsevents/pressreleases/monetary20231213a.htm,https://www.federalreserve.gov/newsevents/pressreleases/monetary20231213a.htm,www.federalreserve.gov,200,84680,86c717e834ac2753b5dc5b759c0ca0d6a2160b4f611fc9c929cd235777092f24,2026-09-03T15:49:11.462761Z,ok,
FOMC_statement_document,https://www.federalreserve.gov/newsevents/pressreleases/monetary20231213a1.htm,https://www.federalreserve.gov/newsevents/pressreleases/monetary20231213a1.htm,www.federalreserve.gov,200,81359,3f940fdbb2839ea1deed50c8cccc7758493c9cbea66e35b90372d70449fc17a6,2026-09-03T15:49:11.824587Z,ok,
FOMC_statement_document,https://www.federalreserve.gov/newsevents/pressreleases/monetary20240131a.htm,https://www.federalreserve.gov/newsevents/pressreleases/monetary20240131a.htm,www.federalreserve.gov,200,84492,f7982ea8e5b38530e8dfde457bfec6e8faa050cbd6ff6cb0dd82bd38f7e82a69,2026-09-03T15:49:12.177825Z,ok,
FOMC_statement_document,https://www.federalreserve.gov/newsevents/pressreleases/monetary20240131a1.htm,https://www.federalreserve.gov/newsevents/pressreleases/monetary20240131a1.htm,www.federalreserve.gov,200,81365,3f59de32981477eaa8aa1eb7fb57d02e0b09b6490b1d5762f202044439a7b1bb,2026-09-03T15:49:12.555643Z,ok,
FOMC_statement_document,https://www.federalreserve.gov/newsevents/pressreleases/monetary20240131b.htm,https://www.federalreserve.gov/newsevents/pressreleases/monetary20240131b.htm,www.federalreserve.gov,200,83311,0c0b26a9ab8e2c38f7d0648165c515c5c28e6c12cd85012bf12819e783b7f9c0,2026-09-03T15:49:12.943543Z,ok,
FOMC_statement_document,https://www.federalreserve.gov/newsevents/pressreleases/monetary20240320a.htm,https://www.federalreserve.gov/newsevents/pressreleases/monetary20240320a.htm,www.federalreserve.gov,200,84452,2644153980eff2c0742a4219f69201efdf4f9a102875baadaca6dfef6b134f98,2026-09-03T15:49:13.335010Z,ok,
FOMC_statement_document,https://www.federalreserve.gov/newsevents/pressreleases/monetary20240320a1.htm,https://www.federalreserve.gov/newsevents/pressreleases/monetary20240320a1.htm,www.federalreserve.gov,200,81390,5b431173f683894762d17f3fe727044ffbdd5ead7af91d449de48c1858826906,2026-09-03T15:49:13.710904Z,ok,
FOMC_statement_document,https://www.federalreserve.gov/newsevents/pressreleases/monetary20240501a.htm,https://www.federalreserve.gov/newsevents/pressreleases/monetary20240501a.htm,www.federalreserve.gov,200,84938,ac843b4a92602297191782e9b4cc4605e6f38a17f89c2b3c8ce5c0ec71a3551d,2026-09-03T15:49:14.082335Z,ok,
FOMC_statement_document,https://www.federalreserve.gov/newsevents/pressreleases/monetary20240501a1.htm,https://www.federalreserve.gov/newsevents/pressreleases/monetary20240501a1.htm,www.federalreserve.gov,200,82524,05b4d616f5325122ce94362ba25d6e01a3f27dda96880e3f919dfe77582d88a1,2026-09-03T15:49:14.460448Z,ok,
FOMC_statement_document,https://www.federalreserve.gov/newsevents/pressreleases/monetary20240612a.htm,https://www.federalreserve.gov/newsevents/pressreleases/monetary20240612a.htm,www.federalreserve.gov,200,84540,84b888ab84df2018bebdcb929f5c811f67330ea11488ed47da0b9fe7df3b45eb,2026-09-03T15:49:14.839684Z,ok,
FOMC_statement_document,https://www.federalreserve.gov/newsevents/pressreleases/monetary20240612a1.htm,https://www.federalreserve.gov/newsevents/pressreleases/monetary20240612a1.htm,www.federalreserve.gov,200,81422,1a487e7c376f2d2d7d73dcaddd0906c4257d2d1ed62e54d2adadfd92e6c6918e,2026-09-03T15:49:15.196464Z,ok,
FOMC_statement_document,https://www.federalreserve.gov/newsevents/pressreleases/monetary20240731a.htm,https://www.federalreserve.gov/newsevents/pressreleases/monetary20240731a.htm,www.federalreserve.gov,200,84620,2b2114421ab1a4b6753281b654ae9722efd26bb040e16039000fbc93c84b995d,2026-09-03T15:49:15.555906Z,ok,
FOMC_statement_document,https://www.federalreserve.gov/newsevents/pressreleases/monetary20240731a1.htm,https://www.federalreserve.gov/newsevents/pressreleases/monetary20240731a1.htm,www.federalreserve.gov,200,81430,84cde683d8cfde4675c10f7d69ed57be157ff24222f50a799c16ed323e1bdb76,2026-09-03T15:49:15.951044Z,ok,
FOMC_statement_document,https://www.federalreserve.gov/newsevents/pressreleases/monetary20240918a.htm,https://www.federalreserve.gov/newsevents/pressreleases/monetary20240918a.htm,www.federalreserve.gov,200,84619,a52505b666479ce848525b7cc4edd3ae3bc8c179fd7d06b061ff28333aebbc1c,2026-09-03T15:49:16.329878Z,ok,
FOMC_statement_document,https://www.federalreserve.gov/newsevents/pressreleases/monetary20240918a1.htm,https://www.federalreserve.gov/newsevents/pressreleases/monetary20240918a1.htm,www.federalreserve.gov,200,81619,22143450705ec8543c556ad87c1954c195d5c116654c5ffd9ee43d6df7f12708,2026-09-03T15:49:16.784278Z,ok,
FOMC_statement_document,https://www.federalreserve.gov/newsevents/pressreleases/monetary20241107a.htm,https://www.federalreserve.gov/newsevents/pressreleases/monetary20241107a.htm,www.federalreserve.gov,200,84394,78d28277cda1610a45e25e7738e7be48e3d046b908ec0c1dbb8f390d473ec193,2026-09-03T15:49:17.155294Z,ok,
FOMC_statement_document,https://www.federalreserve.gov/newsevents/pressreleases/monetary20241107a1.htm,https://www.federalreserve.gov/newsevents/pressreleases/monetary20241107a1.htm,www.federalreserve.gov,200,81734,2ebcde5a9212b790272c9dc99ccd7543646f32e4dbd80435a502aaeb13fdbf9e,2026-09-03T15:49:17.509667Z,ok,
FOMC_statement_document,https://www.federalreserve.gov/newsevents/pressreleases/monetary20241218a.htm,https://www.federalreserve.gov/newsevents/pressreleases/monetary20241218a.htm,www.federalreserve.gov,200,84547,61b9a90b44fc77f8bb9073a757ecc1c8bac13bec07b61faec3174fce851c470e,2026-09-03T15:49:17.856685Z,ok,
FOMC_statement_document,https://www.federalreserve.gov/newsevents/pressreleases/monetary20241218a1.htm,https://www.federalreserve.gov/newsevents/pressreleases/monetary20241218a1.htm,www.federalreserve.gov,200,81902,86c56bd17abc3859a03464cb439b173e60619a56b8e9c1a7820803fe788ea21f,2026-09-03T15:49:18.217654Z,ok,
