provider,instrument,gap_start_utc,gap_end_utc,missing_minutes,classification,native_before_open_utc,native_before_open,native_before_high,native_before_low,native_before_close,native_after_open_utc,native_after_open,native_after_high,native_after_low,native_after_close
Dukascopy,EUR/USD,2016-07-01T21:00:00+00:00,2016-07-03T21:04:00+00:00,2884,unexplained_source_gap,2016-07-01T20:59:00+00:00,1.11374,1.1139,1.11365,1.11365,2016-07-03T21:04:00+00:00,1.11253,1.11324,1.1125,1.11324
Dukascopy,EUR/USD,2016-12-23T22:00:00+00:00,2016-12-25T22:04:00+00:00,2884,unexplained_source_gap,2016-12-23T21:59:00+00:00,1.04545,1.04548,1.04532,1.04532,2016-12-25T22:04:00+00:00,1.04416,1.04516,1.04405,1.04405
Dukascopy,EUR/USD,2016-12-26T17:27:00+00:00,2016-12-26T17:39:00+00:00,12,unexplained_source_gap,2016-12-26T17:26:00+00:00,1.045,1.045,1.045,1.045,2016-12-26T17:39:00+00:00,1.045,1.045,1.045,1.045
Dukascopy,EUR/USD,2016-12-26T20:28:00+00:00,2016-12-26T20:35:00+00:00,7,unexplained_source_gap,2016-12-26T20:27:00+00:00,1.04552,1.04563,1.04552,1.04563,2016-12-26T20:35:00+00:00,1.04562,1.04562,1.04562,1.04562
Dukascopy,EUR/USD,2017-01-02T04:02:00+00:00,2017-01-02T04:08:00+00:00,6,unexplained_source_gap,2017-01-02T04:01:00+00:00,1.05191,1.05191,1.05191,1.05191,2017-01-02T04:08:00+00:00,1.05187,1.05187,1.05187,1.05187
Dukascopy,EUR/USD,2017-04-14T21:00:00+00:00,2017-04-16T21:03:00+00:00,2883,unexplained_source_gap,2017-04-14T20:59:00+00:00,1.06101,1.06105,1.06101,1.06105,2017-04-16T21:03:00+00:00,1.06129,1.06129,1.06128,1.06128
Dukascopy,EUR/USD,2018-03-16T21:00:00+00:00,2018-03-18T21:02:00+00:00,2882,unexplained_source_gap,2018-03-16T20:59:00+00:00,1.22893,1.22906,1.22888,1.22889,2018-03-18T21:02:00+00:00,1.22817,1.22819,1.22805,1.22819
Dukascopy,EUR/USD,2018-07-06T21:00:00+00:00,2018-07-08T21:02:00+00:00,2882,unexplained_source_gap,2018-07-06T20:59:00+00:00,1.1742,1.17445,1.17417,1.17444,2018-07-08T21:02:00+00:00,1.17392,1.17392,1.17392,1.17392
Dukascopy,EUR/USD,2018-12-24T22:00:00+00:00,2018-12-24T22:06:00+00:00,6,unexplained_source_gap,2018-12-24T21:59:00+00:00,1.13972,1.13988,1.13972,1.13988,2018-12-24T22:06:00+00:00,1.13976,1.13976,1.1391,1.1391
Dukascopy,EUR/USD,2018-12-25T07:59:00+00:00,2018-12-25T22:01:00+00:00,842,unexplained_source_gap,2018-12-25T07:58:00+00:00,1.13999,1.13999,1.13988,1.13988,2018-12-25T22:01:00+00:00,1.13901,1.13944,1.13892,1.13943
Dukascopy,EUR/USD,2018-12-31T22:00:00+00:00,2019-01-01T22:02:00+00:00,1442,unexplained_source_gap,2018-12-31T21:59:00+00:00,1.14671,1.14671,1.14635,1.14644,2019-01-01T22:02:00+00:00,1.14598,1.14599,1.14598,1.14598
Dukascopy,EUR/USD,2019-03-22T21:00:00+00:00,2019-03-24T21:05:00+00:00,2885,unexplained_source_gap,2019-03-22T20:59:00+00:00,1.1301,1.13012,1.12991,1.13004,2019-03-24T21:05:00+00:00,1.12892,1.12916,1.12892,1.12916
Dukascopy,EUR/USD,2019-08-16T21:00:00+00:00,2019-08-18T21:01:00+00:00,2881,unexplained_source_gap,2019-08-16T20:59:00+00:00,1.109,1.10905,1.10899,1.10899,2019-08-18T21:01:00+00:00,1.10925,1.10926,1.10924,1.10925
Dukascopy,EUR/USD,2019-08-30T20:59:00+00:00,2019-09-01T21:04:00+00:00,2885,unexplained_source_gap,2019-08-30T20:58:00+00:00,1.09902,1.09904,1.0988,1.0988,2019-09-01T21:04:00+00:00,1.09893,1.09893,1.09893,1.09893
Dukascopy,EUR/USD,2019-12-27T22:00:00+00:00,2019-12-29T22:03:00+00:00,2883,unexplained_source_gap,2019-12-27T21:59:00+00:00,1.11757,1.11758,1.11712,1.11713,2019-12-29T22:03:00+00:00,1.11736,1.11739,1.11736,1.11739
Dukascopy,EUR/USD,2019-12-31T22:00:00+00:00,2020-01-01T22:02:00+00:00,1442,unexplained_source_gap,2019-12-31T21:59:00+00:00,1.12099,1.12115,1.12076,1.12076,2020-01-01T22:02:00+00:00,1.12136,1.12139,1.12136,1.12139
Dukascopy,EUR/USD,2020-03-20T21:00:00+00:00,2020-03-22T21:06:00+00:00,2886,unexplained_source_gap,2020-03-20T20:59:00+00:00,1.06987,1.06989,1.06929,1.06929,2020-03-22T21:06:00+00:00,1.07011,1.07032,1.07011,1.07029
Dukascopy,EUR/USD,2020-03-27T21:00:00+00:00,2020-03-29T21:01:00+00:00,2881,unexplained_source_gap,2020-03-27T20:59:00+00:00,1.1134,1.11384,1.11339,1.11379,2020-03-29T21:01:00+00:00,1.11172,1.11172,1.11172,1.11172
Dukascopy,EUR/USD,2020-05-15T21:00:00+00:00,2020-05-17T21:02:00+00:00,2882,unexplained_source_gap,2020-05-15T20:59:00+00:00,1.08178,1.08222,1.08174,1.08183,2020-05-17T21:02:00+00:00,1.08088,1.08088,1.08088,1.08088
Dukascopy,EUR/USD,2020-06-26T21:00:00+00:00,2020-06-28T21:01:00+00:00,2881,unexplained_source_gap,2020-06-26T20:59:00+00:00,1.12182,1.12191,1.12162,1.1217,2020-06-28T21:01:00+00:00,1.12149,1.12163,1.12149,1.12163
Dukascopy,EUR/USD,2020-07-17T21:00:00+00:00,2020-07-19T21:04:00+00:00,2884,unexplained_source_gap,2020-07-17T20:59:00+00:00,1.14272,1.14274,1.14261,1.14269,2020-07-19T21:04:00+00:00,1.14084,1.14084,1.14084,1.14084
Dukascopy,EUR/USD,2020-08-11T21:51:00+00:00,2020-08-11T21:57:00+00:00,6,unexplained_source_gap,2020-08-11T21:50:00+00:00,1.17435,1.17435,1.17427,1.17427,2020-08-11T21:57:00+00:00,1.17429,1.17433,1.17427,1.17433
Dukascopy,EUR/USD,2020-08-25T21:05:00+00:00,2020-08-25T21:11:00+00:00,6,unexplained_source_gap,2020-08-25T21:04:00+00:00,1.18345,1.18345,1.18345,1.18345,2020-08-25T21:11:00+00:00,1.18355,1.18355,1.18355,1.18355
Dukascopy,EUR/USD,2020-08-27T21:14:00+00:00,2020-08-27T21:20:00+00:00,6,unexplained_source_gap,2020-08-27T21:13:00+00:00,1.18196,1.18196,1.18196,1.18196,2020-08-27T21:20:00+00:00,1.18199,1.18199,1.18199,1.18199
Dukascopy,EUR/USD,2020-08-28T21:00:00+00:00,2020-08-30T21:03:00+00:00,2883,unexplained_source_gap,2020-08-28T20:59:00+00:00,1.19042,1.19046,1.18993,1.19018,2020-08-30T21:03:00+00:00,1.18998,1.18998,1.18998,1.18998
Dukascopy,EUR/USD,2020-09-09T21:34:00+00:00,2020-09-09T21:46:00+00:00,12,unexplained_source_gap,2020-09-09T21:33:00+00:00,1.18024,1.18024,1.18023,1.18023,2020-09-09T21:46:00+00:00,1.18026,1.18026,1.18026,1.18026
Dukascopy,EUR/USD,2020-09-10T21:06:00+00:00,2020-09-10T21:12:00+00:00,6,unexplained_source_gap,2020-09-10T21:05:00+00:00,1.1813,1.1813,1.1813,1.1813,2020-09-10T21:12:00+00:00,1.18141,1.18144,1.1813,1.18131
Dukascopy,EUR/USD,2020-09-24T21:43:00+00:00,2020-09-24T21:49:00+00:00,6,unexplained_source_gap,2020-09-24T21:42:00+00:00,1.16712,1.16715,1.1671,1.16711,2020-09-24T21:49:00+00:00,1.16711,1.16725,1.1671,1.1671
Dukascopy,EUR/USD,2020-12-24T22:15:00+00:00,2020-12-24T22:44:00+00:00,29,unexplained_source_gap,2020-12-24T22:14:00+00:00,1.21852,1.21852,1.21816,1.21816,2020-12-24T22:44:00+00:00,1.21811,1.21811,1.21811,1.21811
Dukascopy,EUR/USD,2020-12-24T22:45:00+00:00,2020-12-24T22:53:00+00:00,8,unexplained_source_gap,2020-12-24T22:44:00+00:00,1.21811,1.21811,1.21811,1.21811,2020-12-24T22:53:00+00:00,1.21812,1.21812,1.21812,1.21812
Dukascopy,EUR/USD,2020-12-25T08:00:00+00:00,2020-12-27T22:06:00+00:00,3726,unexplained_source_gap,2020-12-25T07:59:00+00:00,1.21922,1.21922,1.21922,1.21922,2020-12-27T22:06:00+00:00,1.2186,1.2186,1.2186,1.2186
Dukascopy,EUR/USD,2020-12-28T22:21:00+00:00,2020-12-28T22:28:00+00:00,7,unexplained_source_gap,2020-12-28T22:20:00+00:00,1.22114,1.22128,1.22114,1.22116,2020-12-28T22:28:00+00:00,1.22114,1.22122,1.22091,1.22108
Dukascopy,EUR/USD,2021-01-18T22:21:00+00:00,2021-01-18T22:27:00+00:00,6,unexplained_source_gap,2021-01-18T22:20:00+00:00,1.20769,1.20769,1.20769,1.20769,2021-01-18T22:27:00+00:00,1.20772,1.20786,1.20768,1.20768
Dukascopy,EUR/USD,2021-01-20T22:24:00+00:00,2021-01-20T22:30:00+00:00,6,unexplained_source_gap,2021-01-20T22:23:00+00:00,1.21049,1.2105,1.21049,1.21049,2021-01-20T22:30:00+00:00,1.21048,1.21048,1.21048,1.21048
Dukascopy,EUR/USD,2021-02-04T22:22:00+00:00,2021-02-04T22:28:00+00:00,6,unexplained_source_gap,2021-02-04T22:21:00+00:00,1.19642,1.19642,1.19641,1.19641,2021-02-04T22:28:00+00:00,1.19626,1.19626,1.19626,1.19626
Dukascopy,EUR/USD,2021-02-08T22:46:00+00:00,2021-02-08T22:55:00+00:00,9,unexplained_source_gap,2021-02-08T22:45:00+00:00,1.205,1.20501,1.205,1.205,2021-02-08T22:55:00+00:00,1.20502,1.20502,1.205,1.205
Dukascopy,EUR/USD,2021-02-14T22:09:00+00:00,2021-02-14T22:15:00+00:00,6,unexplained_source_gap,2021-02-14T22:08:00+00:00,1.21217,1.21217,1.21217,1.21217,2021-02-14T22:15:00+00:00,1.21218,1.21218,1.21217,1.21217
Dukascopy,EUR/USD,2021-04-15T21:15:00+00:00,2021-04-15T21:23:00+00:00,8,unexplained_source_gap,2021-04-15T21:14:00+00:00,1.19701,1.19702,1.19701,1.19702,2021-04-15T21:23:00+00:00,1.19701,1.1971,1.19701,1.1971
Dukascopy,EUR/USD,2021-04-20T21:06:00+00:00,2021-04-20T21:13:00+00:00,7,unexplained_source_gap,2021-04-20T21:05:00+00:00,1.20352,1.20352,1.20337,1.20337,2021-04-20T21:13:00+00:00,1.20349,1.2035,1.20337,1.20337
Dukascopy,EUR/USD,2021-04-20T21:14:00+00:00,2021-04-20T21:30:00+00:00,16,unexplained_source_gap,2021-04-20T21:13:00+00:00,1.20349,1.2035,1.20337,1.20337,2021-04-20T21:30:00+00:00,1.20334,1.20358,1.20334,1.20358
Dukascopy,EUR/USD,2021-04-26T21:26:00+00:00,2021-04-26T21:37:00+00:00,11,unexplained_source_gap,2021-04-26T21:25:00+00:00,1.2087,1.2087,1.20868,1.20868,2021-04-26T21:37:00+00:00,1.20869,1.2087,1.20868,1.2087
Dukascopy,EUR/USD,2021-05-03T21:19:00+00:00,2021-05-03T21:28:00+00:00,9,unexplained_source_gap,2021-05-03T21:18:00+00:00,1.20617,1.2062,1.20617,1.2062,2021-05-03T21:28:00+00:00,1.20622,1.20635,1.2062,1.20635
Dukascopy,EUR/USD,2021-05-13T21:14:00+00:00,2021-05-13T21:23:00+00:00,9,unexplained_source_gap,2021-05-13T21:13:00+00:00,1.20787,1.20808,1.20785,1.20808,2021-05-13T21:23:00+00:00,1.20811,1.20824,1.20811,1.20822
Dukascopy,EUR/USD,2021-05-17T21:15:00+00:00,2021-05-17T21:22:00+00:00,7,unexplained_source_gap,2021-05-17T21:14:00+00:00,1.21526,1.21526,1.21526,1.21526,2021-05-17T21:22:00+00:00,1.21537,1.21537,1.21521,1.21521
Dukascopy,EUR/USD,2021-06-11T21:00:00+00:00,2021-06-13T21:03:00+00:00,2883,unexplained_source_gap,2021-06-11T20:59:00+00:00,1.21079,1.21081,1.21071,1.21072,2021-06-13T21:03:00+00:00,1.21045,1.21046,1.21045,1.21046
Dukascopy,EUR/USD,2021-07-02T21:00:00+00:00,2021-07-04T21:04:00+00:00,2884,unexplained_source_gap,2021-07-02T20:59:00+00:00,1.18642,1.18646,1.18621,1.18622,2021-07-04T21:04:00+00:00,1.18598,1.18623,1.18598,1.18602
Dukascopy,EUR/USD,2021-07-30T21:00:00+00:00,2021-08-01T21:04:00+00:00,2884,unexplained_source_gap,2021-07-30T20:59:00+00:00,1.18665,1.18669,1.18657,1.18667,2021-08-01T21:04:00+00:00,1.18641,1.18641,1.18633,1.18633
Dukascopy,EUR/USD,2021-08-20T21:00:00+00:00,2021-08-22T21:03:00+00:00,2883,unexplained_source_gap,2021-08-20T20:59:00+00:00,1.16989,1.16992,1.1695,1.16951,2021-08-22T21:03:00+00:00,1.16935,1.16935,1.16935,1.16935
Dukascopy,EUR/USD,2021-08-23T23:31:00+00:00,2021-08-23T23:37:00+00:00,6,unexplained_source_gap,2021-08-23T23:30:00+00:00,1.17448,1.17451,1.17448,1.17451,2021-08-23T23:37:00+00:00,1.1745,1.1745,1.17449,1.17449
Dukascopy,EUR/USD,2021-10-14T22:46:00+00:00,2021-10-14T22:52:00+00:00,6,unexplained_source_gap,2021-10-14T22:45:00+00:00,1.15974,1.15979,1.15974,1.15979,2021-10-14T22:52:00+00:00,1.15979,1.15979,1.15975,1.15976
Dukascopy,EUR/USD,2021-12-10T22:00:00+00:00,2021-12-12T22:06:00+00:00,2886,unexplained_source_gap,2021-12-10T21:59:00+00:00,1.13159,1.13164,1.13146,1.13146,2021-12-12T22:06:00+00:00,1.131,1.13103,1.131,1.13103
Dukascopy,EUR/USD,2021-12-12T22:21:00+00:00,2021-12-12T22:27:00+00:00,6,unexplained_source_gap,2021-12-12T22:20:00+00:00,1.1314,1.1314,1.1314,1.1314,2021-12-12T22:27:00+00:00,1.1314,1.1314,1.1314,1.1314
Dukascopy,EUR/USD,2021-12-24T22:00:00+00:00,2021-12-26T22:05:00+00:00,2885,unexplained_source_gap,2021-12-24T21:59:00+00:00,1.13102,1.13102,1.13102,1.13102,2021-12-26T22:05:00+00:00,1.13101,1.13101,1.13101,1.13101
Dukascopy,EUR/USD,2021-12-31T22:00:00+00:00,2022-01-02T22:03:00+00:00,2883,unexplained_source_gap,2021-12-31T21:59:00+00:00,1.13685,1.13685,1.13667,1.13667,2022-01-02T22:03:00+00:00,1.1369,1.1369,1.1369,1.1369
Dukascopy,EUR/USD,2022-01-03T21:21:00+00:00,2022-01-03T21:27:00+00:00,6,unexplained_source_gap,2022-01-03T21:20:00+00:00,1.12962,1.12962,1.12961,1.12961,2022-01-03T21:27:00+00:00,1.12962,1.12962,1.12962,1.12962
Dukascopy,EUR/USD,2022-04-22T21:00:00+00:00,2022-04-24T21:04:00+00:00,2884,unexplained_source_gap,2022-04-22T20:59:00+00:00,1.07962,1.07971,1.07947,1.07947,2022-04-24T21:04:00+00:00,1.08041,1.0805,1.08023,1.08035
Dukascopy,EUR/USD,2022-04-29T21:00:00+00:00,2022-05-01T21:04:00+00:00,2884,unexplained_source_gap,2022-04-29T20:59:00+00:00,1.05427,1.05433,1.05408,1.05409,2022-05-01T21:04:00+00:00,1.05444,1.05597,1.05444,1.05593
Dukascopy,EUR/USD,2022-05-13T21:00:00+00:00,2022-05-15T21:04:00+00:00,2884,unexplained_source_gap,2022-05-13T20:59:00+00:00,1.04058,1.04119,1.04049,1.04116,2022-05-15T21:04:00+00:00,1.03952,1.03952,1.03952,1.03952
Dukascopy,EUR/USD,2022-06-03T21:00:00+00:00,2022-06-05T21:04:00+00:00,2884,unexplained_source_gap,2022-06-03T20:59:00+00:00,1.07187,1.07187,1.07169,1.07169,2022-06-05T21:04:00+00:00,1.07167,1.07167,1.07117,1.07117
Dukascopy,EUR/USD,2022-06-24T21:00:00+00:00,2022-06-26T21:04:00+00:00,2884,unexplained_source_gap,2022-06-24T20:59:00+00:00,1.05519,1.0557,1.05519,1.05519,2022-06-26T21:04:00+00:00,1.05479,1.055,1.05457,1.055
Dukascopy,EUR/USD,2022-07-01T21:00:00+00:00,2022-07-03T21:04:00+00:00,2884,unexplained_source_gap,2022-07-01T20:59:00+00:00,1.04267,1.04268,1.04238,1.04262,2022-07-03T21:04:00+00:00,1.04174,1.0423,1.04142,1.0423
Dukascopy,EUR/USD,2022-07-08T21:00:00+00:00,2022-07-10T21:04:00+00:00,2884,unexplained_source_gap,2022-07-08T20:59:00+00:00,1.01849,1.01859,1.01822,1.01822,2022-07-10T21:04:00+00:00,1.01697,1.0176,1.01697,1.0176
Dukascopy,EUR/USD,2022-07-24T21:44:00+00:00,2022-07-24T21:52:00+00:00,8,unexplained_source_gap,2022-07-24T21:43:00+00:00,1.02161,1.02165,1.02161,1.02165,2022-07-24T21:52:00+00:00,1.02166,1.02166,1.02166,1.02166
Dukascopy,EUR/USD,2022-08-05T21:00:00+00:00,2022-08-07T21:02:00+00:00,2882,unexplained_source_gap,2022-08-05T20:59:00+00:00,1.018,1.01825,1.01778,1.01825,2022-08-07T21:02:00+00:00,1.01726,1.01726,1.01726,1.01726
Dukascopy,EUR/USD,2022-08-12T21:00:00+00:00,2022-08-14T21:01:00+00:00,2881,unexplained_source_gap,2022-08-12T20:59:00+00:00,1.02587,1.026,1.02579,1.0259,2022-08-14T21:01:00+00:00,1.02551,1.0256,1.02551,1.0256
Dukascopy,EUR/USD,2022-08-16T21:23:00+00:00,2022-08-16T21:30:00+00:00,7,unexplained_source_gap,2022-08-16T21:22:00+00:00,1.0168,1.0168,1.0168,1.0168,2022-08-16T21:30:00+00:00,1.0168,1.01697,1.0168,1.01695
Dukascopy,EUR/USD,2022-08-19T21:00:00+00:00,2022-08-21T21:04:00+00:00,2884,unexplained_source_gap,2022-08-19T20:59:00+00:00,1.00389,1.00395,1.00326,1.00326,2022-08-21T21:04:00+00:00,1.00366,1.00366,1.00366,1.00366
Dukascopy,EUR/USD,2022-09-16T21:00:00+00:00,2022-09-18T21:04:00+00:00,2884,unexplained_source_gap,2022-09-16T20:59:00+00:00,1.0013,1.00154,1.0012,1.00146,2022-09-18T21:04:00+00:00,1.00072,1.00085,1.00072,1.00085
Dukascopy,EUR/USD,2022-10-09T21:01:00+00:00,2022-10-09T21:12:00+00:00,11,unexplained_source_gap,2022-10-09T21:00:00+00:00,0.97336,0.97336,0.97336,0.97336,2022-10-09T21:12:00+00:00,0.97313,0.97313,0.97313,0.97313
Dukascopy,EUR/USD,2022-10-27T21:26:00+00:00,2022-10-27T21:32:00+00:00,6,unexplained_source_gap,2022-10-27T21:25:00+00:00,0.99636,0.99636,0.99636,0.99636,2022-10-27T21:32:00+00:00,0.99629,0.9963,0.99619,0.9963
Dukascopy,EUR/USD,2022-12-23T22:00:00+00:00,2022-12-25T22:01:00+00:00,2881,unexplained_source_gap,2022-12-23T21:59:00+00:00,1.06159,1.06184,1.06127,1.06172,2022-12-25T22:01:00+00:00,1.06114,1.06114,1.06114,1.06114
Dukascopy,EUR/USD,2022-12-25T22:23:00+00:00,2022-12-25T22:35:00+00:00,12,unexplained_source_gap,2022-12-25T22:22:00+00:00,1.06131,1.06131,1.06131,1.06131,2022-12-25T22:35:00+00:00,1.06064,1.06064,1.06064,1.06064
Dukascopy,EUR/USD,2022-12-26T22:39:00+00:00,2022-12-26T22:45:00+00:00,6,unexplained_source_gap,2022-12-26T22:38:00+00:00,1.06348,1.0635,1.06348,1.0635,2022-12-26T22:45:00+00:00,1.0635,1.0635,1.0635,1.0635
Dukascopy,EUR/USD,2022-12-29T22:01:00+00:00,2022-12-29T22:08:00+00:00,7,unexplained_source_gap,2022-12-29T22:00:00+00:00,1.06605,1.06613,1.06605,1.06613,2022-12-29T22:08:00+00:00,1.06617,1.06625,1.06617,1.06625
Dukascopy,EUR/USD,2022-12-30T22:00:00+00:00,2023-01-01T22:04:00+00:00,2884,unexplained_source_gap,2022-12-30T21:59:00+00:00,1.07053,1.07054,1.07003,1.07026,2023-01-01T22:04:00+00:00,1.0697,1.06974,1.0697,1.0697
Dukascopy,EUR/USD,2023-01-01T22:17:00+00:00,2023-01-01T22:42:00+00:00,25,unexplained_source_gap,2023-01-01T22:16:00+00:00,1.06788,1.06788,1.06788,1.06788,2023-01-01T22:42:00+00:00,1.06904,1.06958,1.06904,1.06928
Dukascopy,EUR/USD,2023-01-23T22:06:00+00:00,2023-01-23T22:12:00+00:00,6,unexplained_source_gap,2023-01-23T22:05:00+00:00,1.0871,1.08711,1.08709,1.08711,2023-01-23T22:12:00+00:00,1.08711,1.08712,1.08711,1.08712
Dukascopy,EUR/USD,2023-02-02T22:04:00+00:00,2023-02-02T22:14:00+00:00,10,unexplained_source_gap,2023-02-02T22:03:00+00:00,1.0909,1.0909,1.0909,1.0909,2023-02-02T22:14:00+00:00,1.09098,1.09098,1.0909,1.0909
Dukascopy,EUR/USD,2023-02-02T22:15:00+00:00,2023-02-02T22:25:00+00:00,10,unexplained_source_gap,2023-02-02T22:14:00+00:00,1.09098,1.09098,1.0909,1.0909,2023-02-02T22:25:00+00:00,1.0909,1.0909,1.0909,1.0909
Dukascopy,EUR/USD,2023-02-20T22:17:00+00:00,2023-02-20T22:23:00+00:00,6,unexplained_source_gap,2023-02-20T22:16:00+00:00,1.06839,1.06839,1.06839,1.06839,2023-02-20T22:23:00+00:00,1.0684,1.0684,1.06839,1.06839
Dukascopy,EUR/USD,2023-03-02T22:18:00+00:00,2023-03-02T22:24:00+00:00,6,unexplained_source_gap,2023-03-02T22:17:00+00:00,1.05967,1.05967,1.05967,1.05967,2023-03-02T22:24:00+00:00,1.05965,1.05965,1.05965,1.05965
Dukascopy,EUR/USD,2023-03-07T22:04:00+00:00,2023-03-07T22:10:00+00:00,6,unexplained_source_gap,2023-03-07T22:03:00+00:00,1.05487,1.05487,1.05487,1.05487,2023-03-07T22:10:00+00:00,1.05487,1.05487,1.05487,1.05487
Dukascopy,EUR/USD,2023-03-14T21:22:00+00:00,2023-03-14T21:29:00+00:00,7,unexplained_source_gap,2023-03-14T21:21:00+00:00,1.07334,1.07334,1.07334,1.07334,2023-03-14T21:29:00+00:00,1.07334,1.07334,1.07334,1.07334
Dukascopy,EUR/USD,2023-03-15T21:16:00+00:00,2023-03-15T21:30:00+00:00,14,unexplained_source_gap,2023-03-15T21:15:00+00:00,1.05765,1.05768,1.05764,1.05768,2023-03-15T21:30:00+00:00,1.05769,1.05769,1.05769,1.05769
Dukascopy,EUR/USD,2023-03-15T21:42:00+00:00,2023-03-15T21:48:00+00:00,6,unexplained_source_gap,2023-03-15T21:41:00+00:00,1.05767,1.05767,1.05767,1.05767,2023-03-15T21:48:00+00:00,1.05771,1.05771,1.05767,1.05767
Dukascopy,EUR/USD,2023-03-15T21:49:00+00:00,2023-03-15T21:56:00+00:00,7,unexplained_source_gap,2023-03-15T21:48:00+00:00,1.05771,1.05771,1.05767,1.05767,2023-03-15T21:56:00+00:00,1.0575,1.05753,1.0575,1.05751
Dukascopy,EUR/USD,2023-03-20T21:21:00+00:00,2023-03-20T21:27:00+00:00,6,unexplained_source_gap,2023-03-20T21:20:00+00:00,1.07208,1.07208,1.07208,1.07208,2023-03-20T21:27:00+00:00,1.07208,1.07208,1.07208,1.07208
Dukascopy,EUR/USD,2023-03-27T21:08:00+00:00,2023-03-27T21:14:00+00:00,6,unexplained_source_gap,2023-03-27T21:07:00+00:00,1.07974,1.07974,1.07974,1.07974,2023-03-27T21:14:00+00:00,1.07974,1.07974,1.07974,1.07974
Dukascopy,EUR/USD,2023-04-03T21:09:00+00:00,2023-04-03T21:20:00+00:00,11,unexplained_source_gap,2023-04-03T21:08:00+00:00,1.09022,1.09022,1.09022,1.09022,2023-04-03T21:20:00+00:00,1.09023,1.09031,1.09023,1.09031
Dukascopy,EUR/USD,2023-04-06T21:12:00+00:00,2023-04-06T21:18:00+00:00,6,unexplained_source_gap,2023-04-06T21:11:00+00:00,1.09205,1.09205,1.09205,1.09205,2023-04-06T21:18:00+00:00,1.09208,1.09208,1.09205,1.09205
Dukascopy,EUR/USD,2023-04-06T21:19:00+00:00,2023-04-06T21:30:00+00:00,11,unexplained_source_gap,2023-04-06T21:18:00+00:00,1.09208,1.09208,1.09205,1.09205,2023-04-06T21:30:00+00:00,1.09205,1.09205,1.09198,1.09198
Dukascopy,EUR/USD,2023-04-07T21:00:00+00:00,2023-04-09T21:04:00+00:00,2884,unexplained_source_gap,2023-04-07T20:59:00+00:00,1.09012,1.09029,1.09012,1.09029,2023-04-09T21:04:00+00:00,1.0898,1.0898,1.0898,1.0898
Dukascopy,EUR/USD,2023-05-01T21:27:00+00:00,2023-05-01T21:35:00+00:00,8,unexplained_source_gap,2023-05-01T21:26:00+00:00,1.09745,1.09745,1.09745,1.09745,2023-05-01T21:35:00+00:00,1.09745,1.09745,1.09745,1.09745
Dukascopy,EUR/USD,2023-05-01T21:37:00+00:00,2023-05-01T21:50:00+00:00,13,unexplained_source_gap,2023-05-01T21:36:00+00:00,1.09745,1.09745,1.09745,1.09745,2023-05-01T21:50:00+00:00,1.09733,1.09733,1.0973,1.09733
Dukascopy,EUR/USD,2023-05-04T21:43:00+00:00,2023-05-04T21:49:00+00:00,6,unexplained_source_gap,2023-05-04T21:42:00+00:00,1.10129,1.10129,1.10128,1.10128,2023-05-04T21:49:00+00:00,1.10125,1.10126,1.10125,1.10126
Dukascopy,EUR/USD,2023-05-10T21:10:00+00:00,2023-05-10T21:16:00+00:00,6,unexplained_source_gap,2023-05-10T21:09:00+00:00,1.09812,1.09812,1.09812,1.09812,2023-05-10T21:16:00+00:00,1.09812,1.09812,1.09812,1.09812
Dukascopy,EUR/USD,2023-05-10T21:18:00+00:00,2023-05-10T21:30:00+00:00,12,unexplained_source_gap,2023-05-10T21:17:00+00:00,1.09812,1.09812,1.09812,1.09812,2023-05-10T21:30:00+00:00,1.09812,1.09812,1.09812,1.09812
Dukascopy,EUR/USD,2023-05-16T21:09:00+00:00,2023-05-16T21:15:00+00:00,6,unexplained_source_gap,2023-05-16T21:08:00+00:00,1.0862,1.0862,1.0862,1.0862,2023-05-16T21:15:00+00:00,1.08625,1.08626,1.08625,1.08626
Dukascopy,EUR/USD,2023-05-16T21:20:00+00:00,2023-05-16T21:26:00+00:00,6,unexplained_source_gap,2023-05-16T21:19:00+00:00,1.08624,1.08624,1.08624,1.08624,2023-05-16T21:26:00+00:00,1.08624,1.08624,1.08624,1.08624
Dukascopy,EUR/USD,2023-05-25T21:31:00+00:00,2023-05-25T21:39:00+00:00,8,unexplained_source_gap,2023-05-25T21:30:00+00:00,1.07242,1.07242,1.07242,1.07242,2023-05-25T21:39:00+00:00,1.07242,1.07242,1.07242,1.07242
Dukascopy,EUR/USD,2023-05-31T21:35:00+00:00,2023-05-31T21:44:00+00:00,9,unexplained_source_gap,2023-05-31T21:34:00+00:00,1.06866,1.06866,1.06866,1.06866,2023-05-31T21:44:00+00:00,1.06866,1.06866,1.06866,1.06866
Dukascopy,EUR/USD,2023-06-15T21:04:00+00:00,2023-06-15T21:20:00+00:00,16,unexplained_source_gap,2023-06-15T21:03:00+00:00,1.09436,1.09436,1.09436,1.09436,2023-06-15T21:20:00+00:00,1.09436,1.09436,1.09436,1.09436
Dukascopy,EUR/USD,2023-06-16T21:00:00+00:00,2023-06-18T21:04:00+00:00,2884,unexplained_source_gap,2023-06-16T20:59:00+00:00,1.09404,1.09426,1.09376,1.09376,2023-06-18T21:04:00+00:00,1.09302,1.0936,1.09301,1.0936
Dukascopy,EUR/USD,2023-06-19T21:06:00+00:00,2023-06-19T21:13:00+00:00,7,unexplained_source_gap,2023-06-19T21:05:00+00:00,1.09204,1.09215,1.092,1.092,2023-06-19T21:13:00+00:00,1.092,1.092,1.092,1.092
Dukascopy,EUR/USD,2023-06-19T21:18:00+00:00,2023-06-19T21:30:00+00:00,12,unexplained_source_gap,2023-06-19T21:17:00+00:00,1.092,1.092,1.092,1.092,2023-06-19T21:30:00+00:00,1.09201,1.09203,1.092,1.092
Dukascopy,EUR/USD,2023-06-20T21:04:00+00:00,2023-06-20T21:12:00+00:00,8,unexplained_source_gap,2023-06-20T21:03:00+00:00,1.09167,1.09167,1.09167,1.09167,2023-06-20T21:12:00+00:00,1.09167,1.09167,1.09167,1.09167
Dukascopy,EUR/USD,2023-07-02T21:30:00+00:00,2023-07-02T21:36:00+00:00,6,unexplained_source_gap,2023-07-02T21:29:00+00:00,1.09089,1.09089,1.09089,1.09089,2023-07-02T21:36:00+00:00,1.09089,1.09089,1.09089,1.09089
Dukascopy,EUR/USD,2023-07-07T21:00:00+00:00,2023-07-09T21:04:00+00:00,2884,unexplained_source_gap,2023-07-07T20:59:00+00:00,1.09687,1.0969,1.09646,1.09646,2023-07-09T21:04:00+00:00,1.09593,1.09663,1.09563,1.09663
Dukascopy,EUR/USD,2023-07-21T21:00:00+00:00,2023-07-23T21:04:00+00:00,2884,unexplained_source_gap,2023-07-21T20:59:00+00:00,1.11248,1.11258,1.11236,1.11244,2023-07-23T21:04:00+00:00,1.11197,1.11253,1.11197,1.11253
Dukascopy,EUR/USD,2023-08-04T21:00:00+00:00,2023-08-06T21:03:00+00:00,2883,unexplained_source_gap,2023-08-04T20:59:00+00:00,1.10044,1.10089,1.10029,1.10029,2023-08-06T21:03:00+00:00,1.10141,1.10141,1.10141,1.10141
Dukascopy,EUR/USD,2023-09-04T19:37:00+00:00,2023-09-04T19:43:00+00:00,6,unexplained_source_gap,2023-09-04T19:36:00+00:00,1.07937,1.07937,1.07935,1.07935,2023-09-04T19:43:00+00:00,1.07935,1.07937,1.07933,1.07933
Dukascopy,EUR/USD,2023-10-13T21:00:00+00:00,2023-10-15T21:04:00+00:00,2884,unexplained_source_gap,2023-10-13T20:59:00+00:00,1.05077,1.0508,1.05061,1.05073,2023-10-15T21:04:00+00:00,1.05083,1.05083,1.05025,1.05078
Dukascopy,EUR/USD,2023-10-27T21:00:00+00:00,2023-10-29T21:04:00+00:00,2884,unexplained_source_gap,2023-10-27T20:59:00+00:00,1.05636,1.05639,1.05605,1.05605,2023-10-29T21:04:00+00:00,1.05644,1.05648,1.0563,1.0563
Dukascopy,EUR/USD,2023-12-22T21:59:00+00:00,2023-12-24T23:00:00+00:00,2941,unexplained_source_gap,2023-12-22T21:58:00+00:00,1.10135,1.10135,1.10135,1.10135,2023-12-24T23:00:00+00:00,1.10108,1.10139,1.10108,1.10139
Dukascopy,EUR/USD,2023-12-24T23:01:00+00:00,2023-12-24T23:10:00+00:00,9,unexplained_source_gap,2023-12-24T23:00:00+00:00,1.10108,1.10139,1.10108,1.10139,2023-12-24T23:10:00+00:00,1.10149,1.10149,1.10149,1.10149
Dukascopy,EUR/USD,2023-12-24T23:11:00+00:00,2023-12-24T23:38:00+00:00,27,unexplained_source_gap,2023-12-24T23:10:00+00:00,1.10149,1.10149,1.10149,1.10149,2023-12-24T23:38:00+00:00,1.10149,1.10149,1.10149,1.10149
Dukascopy,EUR/USD,2023-12-24T23:39:00+00:00,2023-12-24T23:49:00+00:00,10,unexplained_source_gap,2023-12-24T23:38:00+00:00,1.10149,1.10149,1.10149,1.10149,2023-12-24T23:49:00+00:00,1.10159,1.10159,1.10149,1.10149
Dukascopy,EUR/USD,2023-12-25T00:21:00+00:00,2023-12-25T00:33:00+00:00,12,unexplained_source_gap,2023-12-25T00:20:00+00:00,1.10139,1.10139,1.10139,1.10139,2023-12-25T00:33:00+00:00,1.10129,1.10129,1.10129,1.10129
Dukascopy,EUR/USD,2023-12-25T02:06:00+00:00,2023-12-25T02:13:00+00:00,7,unexplained_source_gap,2023-12-25T02:05:00+00:00,1.10026,1.10026,1.10004,1.10004,2023-12-25T02:13:00+00:00,1.10014,1.10014,1.10004,1.10004
Dukascopy,EUR/USD,2023-12-25T02:14:00+00:00,2023-12-25T02:21:00+00:00,7,unexplained_source_gap,2023-12-25T02:13:00+00:00,1.10014,1.10014,1.10004,1.10004,2023-12-25T02:21:00+00:00,1.10004,1.10004,1.09996,1.09996
Dukascopy,EUR/USD,2023-12-25T02:40:00+00:00,2023-12-25T02:46:00+00:00,6,unexplained_source_gap,2023-12-25T02:39:00+00:00,1.09997,1.09997,1.09997,1.09997,2023-12-25T02:46:00+00:00,1.09997,1.09997,1.09997,1.09997
Dukascopy,EUR/USD,2023-12-25T04:45:00+00:00,2023-12-25T04:51:00+00:00,6,unexplained_source_gap,2023-12-25T04:44:00+00:00,1.10016,1.10016,1.10016,1.10016,2023-12-25T04:51:00+00:00,1.10016,1.10016,1.10016,1.10016
Dukascopy,EUR/USD,2023-12-25T22:07:00+00:00,2023-12-25T22:13:00+00:00,6,unexplained_source_gap,2023-12-25T22:06:00+00:00,1.10038,1.1004,1.10038,1.1004,2023-12-25T22:13:00+00:00,1.10082,1.10082,1.10082,1.10082
Dukascopy,EUR/USD,2024-04-26T21:00:00+00:00,2024-04-28T21:04:00+00:00,2884,unexplained_source_gap,2024-04-26T20:59:00+00:00,1.06924,1.06925,1.0691,1.06911,2024-04-28T21:04:00+00:00,1.06898,1.06903,1.06898,1.06903
Dukascopy,EUR/USD,2024-04-28T21:13:00+00:00,2024-04-28T21:21:00+00:00,8,unexplained_source_gap,2024-04-28T21:12:00+00:00,1.06941,1.06941,1.06941,1.06941,2024-04-28T21:21:00+00:00,1.06941,1.06941,1.0694,1.0694
Dukascopy,EUR/USD,2024-05-12T21:07:00+00:00,2024-05-12T21:15:00+00:00,8,unexplained_source_gap,2024-05-12T21:06:00+00:00,1.07706,1.07707,1.07706,1.07707,2024-05-12T21:15:00+00:00,1.07711,1.07711,1.07711,1.07711
Dukascopy,EUR/USD,2024-06-19T18:25:00+00:00,2024-06-19T18:31:00+00:00,6,unexplained_source_gap,2024-06-19T18:24:00+00:00,1.07429,1.07429,1.07426,1.07426,2024-06-19T18:31:00+00:00,1.07425,1.07426,1.07425,1.07426
Dukascopy,EUR/USD,2024-06-24T22:49:00+00:00,2024-06-24T22:57:00+00:00,8,unexplained_source_gap,2024-06-24T22:48:00+00:00,1.0734,1.0734,1.07339,1.07339,2024-06-24T22:57:00+00:00,1.07338,1.07338,1.07336,1.07337
Dukascopy,EUR/USD,2024-07-04T18:33:00+00:00,2024-07-04T18:40:00+00:00,7,unexplained_source_gap,2024-07-04T18:32:00+00:00,1.08123,1.08123,1.08123,1.08123,2024-07-04T18:40:00+00:00,1.08122,1.08123,1.08122,1.08123
Dukascopy,EUR/USD,2024-07-04T19:14:00+00:00,2024-07-04T19:20:00+00:00,6,unexplained_source_gap,2024-07-04T19:13:00+00:00,1.08122,1.08122,1.08122,1.08122,2024-07-04T19:20:00+00:00,1.08121,1.08121,1.08119,1.0812
Dukascopy,EUR/USD,2024-07-08T21:02:00+00:00,2024-07-08T21:09:00+00:00,7,unexplained_source_gap,2024-07-08T21:01:00+00:00,1.08238,1.08238,1.08238,1.08238,2024-07-08T21:09:00+00:00,1.08237,1.08238,1.08237,1.08238
Dukascopy,EUR/USD,2024-07-08T21:18:00+00:00,2024-07-08T21:24:00+00:00,6,unexplained_source_gap,2024-07-08T21:17:00+00:00,1.08237,1.08238,1.08237,1.08237,2024-07-08T21:24:00+00:00,1.0824,1.0824,1.08239,1.08239
Dukascopy,EUR/USD,2024-09-20T21:00:00+00:00,2024-09-22T21:02:00+00:00,2882,unexplained_source_gap,2024-09-20T20:59:00+00:00,1.1163,1.11633,1.11626,1.11626,2024-09-22T21:02:00+00:00,1.1158,1.11582,1.1158,1.11582
Dukascopy,EUR/USD,2024-09-27T21:00:00+00:00,2024-09-29T21:01:00+00:00,2881,unexplained_source_gap,2024-09-27T20:59:00+00:00,1.11626,1.11634,1.11614,1.11619,2024-09-29T21:01:00+00:00,1.11582,1.1159,1.11582,1.1159
Dukascopy,EUR/USD,2024-10-04T21:00:00+00:00,2024-10-06T21:03:00+00:00,2883,unexplained_source_gap,2024-10-04T20:59:00+00:00,1.09749,1.09762,1.09739,1.09739,2024-10-06T21:03:00+00:00,1.0962,1.0962,1.0962,1.0962
Dukascopy,EUR/USD,2024-12-02T00:00:00+00:00,2024-12-02T19:30:00+00:00,1170,unexplained_source_gap,2024-12-01T23:59:00+00:00,1.05443,1.05459,1.05438,1.05439,2024-12-02T19:30:00+00:00,1.0492,1.04921,1.04911,1.04911
Dukascopy,EUR/USD,2024-12-02T19:31:00+00:00,2024-12-03T04:01:00+00:00,510,unexplained_source_gap,2024-12-02T19:30:00+00:00,1.0492,1.04921,1.04911,1.04911,2024-12-03T04:01:00+00:00,1.04897,1.04899,1.04893,1.04896
Dukascopy,EUR/USD,2024-12-03T04:02:00+00:00,2024-12-04T03:29:00+00:00,1407,unexplained_source_gap,2024-12-03T04:01:00+00:00,1.04897,1.04899,1.04893,1.04896,2024-12-04T03:29:00+00:00,1.04922,1.04928,1.04918,1.04923
Dukascopy,EUR/USD,2024-12-04T03:30:00+00:00,2024-12-05T16:52:00+00:00,2242,unexplained_source_gap,2024-12-04T03:29:00+00:00,1.04922,1.04928,1.04918,1.04923,2024-12-05T16:52:00+00:00,1.05669,1.05685,1.05666,1.05675
Dukascopy,EUR/USD,2024-12-05T16:53:00+00:00,2024-12-06T21:52:00+00:00,1739,unexplained_source_gap,2024-12-05T16:52:00+00:00,1.05669,1.05685,1.05666,1.05675,2024-12-06T21:52:00+00:00,1.05677,1.05682,1.05675,1.0568
Dukascopy,EUR/USD,2024-12-06T21:53:00+00:00,2024-12-08T22:00:00+00:00,2887,unexplained_source_gap,2024-12-06T21:52:00+00:00,1.05677,1.05682,1.05675,1.0568,2024-12-08T22:00:00+00:00,1.05544,1.0557,1.05544,1.05564
Dukascopy,EUR/USD,2024-12-24T22:18:00+00:00,2024-12-24T22:25:00+00:00,7,unexplained_source_gap,2024-12-24T22:17:00+00:00,1.03894,1.03894,1.03894,1.03894,2024-12-24T22:25:00+00:00,1.03894,1.03894,1.03894,1.03894
Dukascopy,EUR/USD,2024-12-24T22:26:00+00:00,2024-12-24T22:34:00+00:00,8,unexplained_source_gap,2024-12-24T22:25:00+00:00,1.03894,1.03894,1.03894,1.03894,2024-12-24T22:34:00+00:00,1.03894,1.03894,1.03894,1.03894
Dukascopy,EUR/USD,2024-12-24T22:35:00+00:00,2024-12-24T22:42:00+00:00,7,unexplained_source_gap,2024-12-24T22:34:00+00:00,1.03894,1.03894,1.03894,1.03894,2024-12-24T22:42:00+00:00,1.03894,1.03894,1.03894,1.03894
Dukascopy,EUR/USD,2024-12-24T22:44:00+00:00,2024-12-24T22:54:00+00:00,10,unexplained_source_gap,2024-12-24T22:43:00+00:00,1.03894,1.03894,1.03894,1.03894,2024-12-24T22:54:00+00:00,1.03894,1.03894,1.03894,1.03894
Dukascopy,EUR/USD,2024-12-24T23:02:00+00:00,2024-12-24T23:10:00+00:00,8,unexplained_source_gap,2024-12-24T23:01:00+00:00,1.03938,1.03938,1.03938,1.03938,2024-12-24T23:10:00+00:00,1.03958,1.03958,1.03958,1.03958
Dukascopy,EUR/USD,2024-12-24T23:16:00+00:00,2024-12-24T23:29:00+00:00,13,unexplained_source_gap,2024-12-24T23:15:00+00:00,1.03958,1.03958,1.03958,1.03958,2024-12-24T23:29:00+00:00,1.03962,1.03962,1.03958,1.03958
Dukascopy,EUR/USD,2024-12-24T23:34:00+00:00,2024-12-24T23:47:00+00:00,13,unexplained_source_gap,2024-12-24T23:33:00+00:00,1.03958,1.03958,1.03958,1.03958,2024-12-24T23:47:00+00:00,1.0395,1.03952,1.0395,1.03952
Dukascopy,EUR/USD,2024-12-24T23:48:00+00:00,2024-12-24T23:56:00+00:00,8,unexplained_source_gap,2024-12-24T23:47:00+00:00,1.0395,1.03952,1.0395,1.03952,2024-12-24T23:56:00+00:00,1.03952,1.03952,1.03952,1.03952
Dukascopy,EUR/USD,2024-12-24T23:57:00+00:00,2024-12-25T00:03:00+00:00,6,unexplained_source_gap,2024-12-24T23:56:00+00:00,1.03952,1.03952,1.03952,1.03952,2024-12-25T00:03:00+00:00,1.03952,1.03952,1.03952,1.03952
Dukascopy,EUR/USD,2024-12-25T01:41:00+00:00,2024-12-25T01:47:00+00:00,6,unexplained_source_gap,2024-12-25T01:40:00+00:00,1.04019,1.04038,1.04019,1.04038,2024-12-25T01:47:00+00:00,1.04039,1.04039,1.04039,1.04039
Dukascopy,EUR/USD,2024-12-25T01:49:00+00:00,2024-12-25T02:01:00+00:00,12,unexplained_source_gap,2024-12-25T01:48:00+00:00,1.04039,1.04039,1.04039,1.04039,2024-12-25T02:01:00+00:00,1.04045,1.04045,1.04045,1.04045
Dukascopy,EUR/USD,2024-12-25T02:08:00+00:00,2024-12-25T02:14:00+00:00,6,unexplained_source_gap,2024-12-25T02:07:00+00:00,1.04027,1.04027,1.04027,1.04027,2024-12-25T02:14:00+00:00,1.04027,1.04027,1.04027,1.04027
Dukascopy,EUR/USD,2024-12-25T02:15:00+00:00,2024-12-25T02:33:00+00:00,18,unexplained_source_gap,2024-12-25T02:14:00+00:00,1.04027,1.04027,1.04027,1.04027,2024-12-25T02:33:00+00:00,1.04051,1.04051,1.04051,1.04051
Dukascopy,EUR/USD,2024-12-25T03:12:00+00:00,2024-12-25T03:28:00+00:00,16,unexplained_source_gap,2024-12-25T03:11:00+00:00,1.04044,1.04044,1.04044,1.04044,2024-12-25T03:28:00+00:00,1.04062,1.04062,1.04044,1.04044
Dukascopy,EUR/USD,2024-12-25T04:12:00+00:00,2024-12-25T04:19:00+00:00,7,unexplained_source_gap,2024-12-25T04:11:00+00:00,1.04055,1.04055,1.04055,1.04055,2024-12-25T04:19:00+00:00,1.04057,1.04057,1.04055,1.04055
Dukascopy,EUR/USD,2024-12-25T04:22:00+00:00,2024-12-25T04:30:00+00:00,8,unexplained_source_gap,2024-12-25T04:21:00+00:00,1.04053,1.04053,1.04053,1.04053,2024-12-25T04:30:00+00:00,1.04055,1.04055,1.04055,1.04055
Dukascopy,EUR/USD,2024-12-25T04:31:00+00:00,2024-12-25T04:39:00+00:00,8,unexplained_source_gap,2024-12-25T04:30:00+00:00,1.04055,1.04055,1.04055,1.04055,2024-12-25T04:39:00+00:00,1.04057,1.04057,1.04057,1.04057
Dukascopy,EUR/USD,2024-12-25T04:44:00+00:00,2024-12-25T05:00:00+00:00,16,unexplained_source_gap,2024-12-25T04:43:00+00:00,1.04058,1.04058,1.04058,1.04058,2024-12-25T05:00:00+00:00,1.04037,1.04037,1.04037,1.04037
Dukascopy,EUR/USD,2024-12-25T06:50:00+00:00,2024-12-25T06:56:00+00:00,6,unexplained_source_gap,2024-12-25T06:49:00+00:00,1.04025,1.04025,1.04025,1.04025,2024-12-25T06:56:00+00:00,1.04024,1.04024,1.04024,1.04024
Dukascopy,EUR/USD,2024-12-25T08:00:00+00:00,2024-12-25T22:04:00+00:00,844,unexplained_source_gap,2024-12-25T07:59:00+00:00,1.04047,1.04054,1.03997,1.04004,2024-12-25T22:04:00+00:00,1.04012,1.04012,1.03996,1.04012
Dukascopy,GBP/USD,2016-11-11T22:00:00+00:00,2016-11-13T22:03:00+00:00,2883,unexplained_source_gap,2016-11-11T21:59:00+00:00,1.26013,1.26095,1.25954,1.25954,2016-11-13T22:03:00+00:00,1.25625,1.25625,1.25625,1.25625
Dukascopy,GBP/USD,2016-11-25T22:00:00+00:00,2016-11-27T22:03:00+00:00,2883,unexplained_source_gap,2016-11-25T21:59:00+00:00,1.24839,1.24853,1.24839,1.24843,2016-11-27T22:03:00+00:00,1.24783,1.24783,1.24751,1.24763
Dukascopy,GBP/USD,2016-12-23T22:00:00+00:00,2016-12-25T22:04:00+00:00,2884,unexplained_source_gap,2016-12-23T21:59:00+00:00,1.2287,1.22899,1.2287,1.22871,2016-12-25T22:04:00+00:00,1.22562,1.227,1.22534,1.22572
Dukascopy,GBP/USD,2016-12-30T22:00:00+00:00,2017-01-01T22:04:00+00:00,2884,unexplained_source_gap,2016-12-30T21:59:00+00:00,1.23422,1.23422,1.23389,1.23399,2017-01-01T22:04:00+00:00,1.23202,1.23202,1.23172,1.23172
Dukascopy,GBP/USD,2017-02-10T22:00:00+00:00,2017-02-12T22:04:00+00:00,2884,unexplained_source_gap,2017-02-10T21:59:00+00:00,1.24841,1.24841,1.24823,1.24835,2017-02-12T22:04:00+00:00,1.24582,1.24653,1.24579,1.24653
Dukascopy,GBP/USD,2017-07-28T21:00:00+00:00,2017-07-30T21:02:00+00:00,2882,unexplained_source_gap,2017-07-28T20:59:00+00:00,1.31329,1.3135,1.31323,1.31335,2017-07-30T21:02:00+00:00,1.31227,1.31227,1.31227,1.31227
Dukascopy,GBP/USD,2017-08-11T21:00:00+00:00,2017-08-13T21:04:00+00:00,2884,unexplained_source_gap,2017-08-11T20:59:00+00:00,1.3009,1.30107,1.30075,1.30078,2017-08-13T21:04:00+00:00,1.29801,1.29801,1.29794,1.29794
Dukascopy,GBP/USD,2017-10-13T21:00:00+00:00,2017-10-15T21:04:00+00:00,2884,unexplained_source_gap,2017-10-13T20:59:00+00:00,1.32828,1.32841,1.32823,1.32823,2017-10-15T21:04:00+00:00,1.32858,1.32858,1.32853,1.32854
Dukascopy,GBP/USD,2017-10-27T21:00:00+00:00,2017-10-29T21:04:00+00:00,2884,unexplained_source_gap,2017-10-27T20:59:00+00:00,1.31255,1.31257,1.31247,1.31247,2017-10-29T21:04:00+00:00,1.31087,1.31176,1.31087,1.31176
Dukascopy,GBP/USD,2017-12-08T22:00:00+00:00,2017-12-10T22:04:00+00:00,2884,unexplained_source_gap,2017-12-08T21:59:00+00:00,1.33784,1.33809,1.33783,1.33789,2017-12-10T22:04:00+00:00,1.33735,1.3374,1.33697,1.3374
Dukascopy,GBP/USD,2018-03-30T21:00:00+00:00,2018-04-01T21:03:00+00:00,2883,unexplained_source_gap,2018-03-30T20:59:00+00:00,1.40185,1.40185,1.40088,1.40088,2018-04-01T21:03:00+00:00,1.40224,1.40224,1.40218,1.40218
Dukascopy,GBP/USD,2018-04-13T21:00:00+00:00,2018-04-15T21:03:00+00:00,2883,unexplained_source_gap,2018-04-13T20:59:00+00:00,1.42378,1.42412,1.42306,1.42372,2018-04-15T21:03:00+00:00,1.42397,1.42397,1.42293,1.42295
Dukascopy,GBP/USD,2018-05-11T21:00:00+00:00,2018-05-13T21:02:00+00:00,2882,unexplained_source_gap,2018-05-11T20:59:00+00:00,1.35402,1.35408,1.35379,1.35407,2018-05-13T21:02:00+00:00,1.35393,1.35397,1.35393,1.35397
Dukascopy,GBP/USD,2018-06-01T21:00:00+00:00,2018-06-03T21:04:00+00:00,2884,unexplained_source_gap,2018-06-01T20:59:00+00:00,1.33465,1.33465,1.33449,1.33449,2018-06-03T21:04:00+00:00,1.3331,1.33311,1.3331,1.3331
Dukascopy,GBP/USD,2018-07-27T21:00:00+00:00,2018-07-29T21:04:00+00:00,2884,unexplained_source_gap,2018-07-27T20:59:00+00:00,1.30971,1.30987,1.30951,1.30967,2018-07-29T21:04:00+00:00,1.30989,1.30989,1.30988,1.30988
Dukascopy,GBP/USD,2018-08-03T21:00:00+00:00,2018-08-05T21:04:00+00:00,2884,unexplained_source_gap,2018-08-03T20:59:00+00:00,1.30013,1.30022,1.29984,1.30011,2018-08-05T21:04:00+00:00,1.29948,1.29949,1.29948,1.29949
Dukascopy,GBP/USD,2018-12-24T20:59:00+00:00,2018-12-24T21:06:00+00:00,7,unexplained_source_gap,2018-12-24T20:58:00+00:00,1.26896,1.26939,1.26885,1.26933,2018-12-24T21:06:00+00:00,1.26896,1.26906,1.26895,1.26906
Dukascopy,GBP/USD,2018-12-24T22:00:00+00:00,2018-12-24T22:06:00+00:00,6,unexplained_source_gap,2018-12-24T21:59:00+00:00,1.27005,1.27005,1.27005,1.27005,2018-12-24T22:06:00+00:00,1.26947,1.26947,1.26947,1.26947
Dukascopy,GBP/USD,2018-12-24T22:09:00+00:00,2018-12-24T22:15:00+00:00,6,unexplained_source_gap,2018-12-24T22:08:00+00:00,1.26947,1.26947,1.26947,1.26947,2018-12-24T22:15:00+00:00,1.26948,1.26948,1.26948,1.26948
Dukascopy,GBP/USD,2018-12-24T22:32:00+00:00,2018-12-24T23:16:00+00:00,44,unexplained_source_gap,2018-12-24T22:31:00+00:00,1.26947,1.26972,1.26848,1.26848,2018-12-24T23:16:00+00:00,1.26873,1.26873,1.26873,1.26873
Dukascopy,GBP/USD,2018-12-25T08:00:00+00:00,2018-12-25T22:05:00+00:00,845,unexplained_source_gap,2018-12-25T07:59:00+00:00,1.26465,1.26544,1.26465,1.26544,2018-12-25T22:05:00+00:00,1.26749,1.26751,1.26749,1.2675
Dukascopy,GBP/USD,2018-12-28T22:00:00+00:00,2018-12-30T22:02:00+00:00,2882,unexplained_source_gap,2018-12-28T21:59:00+00:00,1.26957,1.26957,1.26943,1.26943,2018-12-30T22:02:00+00:00,1.26918,1.26923,1.26908,1.26923
Dukascopy,GBP/USD,2018-12-31T22:00:00+00:00,2019-01-01T22:06:00+00:00,1446,unexplained_source_gap,2018-12-31T21:59:00+00:00,1.27552,1.27616,1.27526,1.27526,2019-01-01T22:06:00+00:00,1.27459,1.27459,1.2725,1.2725
Dukascopy,GBP/USD,2019-01-04T22:00:00+00:00,2019-01-06T22:04:00+00:00,2884,unexplained_source_gap,2019-01-04T21:59:00+00:00,1.27243,1.27258,1.2717,1.2717,2019-01-06T22:04:00+00:00,1.27187,1.27187,1.27186,1.27186
Dukascopy,GBP/USD,2019-01-25T16:47:00+00:00,2019-01-25T16:53:00+00:00,6,unexplained_source_gap,2019-01-25T16:46:00+00:00,1.31578,1.31623,1.31574,1.31612,2019-01-25T16:53:00+00:00,1.31669,1.31678,1.31669,1.31678
Dukascopy,GBP/USD,2019-02-08T22:00:00+00:00,2019-02-10T22:04:00+00:00,2884,unexplained_source_gap,2019-02-08T21:59:00+00:00,1.2941,1.29441,1.29389,1.29441,2019-02-10T22:04:00+00:00,1.29277,1.29278,1.29277,1.29277
Dukascopy,GBP/USD,2019-04-12T21:00:00+00:00,2019-04-14T21:04:00+00:00,2884,unexplained_source_gap,2019-04-12T20:59:00+00:00,1.3068,1.3068,1.30634,1.30634,2019-04-14T21:04:00+00:00,1.30737,1.30765,1.30736,1.30765
Dukascopy,GBP/USD,2019-04-19T20:59:00+00:00,2019-04-21T21:04:00+00:00,2885,unexplained_source_gap,2019-04-19T20:58:00+00:00,1.29857,1.29857,1.29783,1.29815,2019-04-21T21:04:00+00:00,1.29892,1.29892,1.29892,1.29892
Dukascopy,GBP/USD,2019-04-26T21:00:00+00:00,2019-04-28T21:06:00+00:00,2886,unexplained_source_gap,2019-04-26T20:59:00+00:00,1.29117,1.29147,1.29106,1.29106,2019-04-28T21:06:00+00:00,1.29137,1.29137,1.29117,1.29117
Dukascopy,GBP/USD,2019-05-17T21:00:00+00:00,2019-05-19T21:04:00+00:00,2884,unexplained_source_gap,2019-05-17T20:59:00+00:00,1.27147,1.27151,1.27147,1.2715,2019-05-19T21:04:00+00:00,1.27331,1.27331,1.27331,1.27331
Dukascopy,GBP/USD,2019-06-07T21:00:00+00:00,2019-06-09T21:06:00+00:00,2886,unexplained_source_gap,2019-06-07T20:59:00+00:00,1.27354,1.27357,1.27345,1.27354,2019-06-09T21:06:00+00:00,1.27197,1.2735,1.27197,1.2735
Dukascopy,GBP/USD,2019-07-12T21:00:00+00:00,2019-07-14T21:06:00+00:00,2886,unexplained_source_gap,2019-07-12T20:59:00+00:00,1.25726,1.25737,1.25705,1.25705,2019-07-14T21:06:00+00:00,1.25515,1.25516,1.25407,1.25499
Dukascopy,GBP/USD,2019-07-19T21:00:00+00:00,2019-07-21T21:06:00+00:00,2886,unexplained_source_gap,2019-07-19T20:59:00+00:00,1.24986,1.24986,1.24972,1.24972,2019-07-21T21:06:00+00:00,1.24746,1.24746,1.24746,1.24746
Dukascopy,GBP/USD,2019-08-02T21:00:00+00:00,2019-08-04T21:06:00+00:00,2886,unexplained_source_gap,2019-08-02T20:59:00+00:00,1.21573,1.21574,1.21571,1.21572,2019-08-04T21:06:00+00:00,1.21579,1.21579,1.2127,1.21513
Dukascopy,GBP/USD,2019-08-16T21:00:00+00:00,2019-08-18T21:04:00+00:00,2884,unexplained_source_gap,2019-08-16T20:59:00+00:00,1.21422,1.21434,1.21421,1.21425,2019-08-18T21:04:00+00:00,1.21533,1.21533,1.2152,1.2152
Dukascopy,GBP/USD,2019-08-30T21:00:00+00:00,2019-09-01T21:06:00+00:00,2886,unexplained_source_gap,2019-08-30T20:59:00+00:00,1.21614,1.21614,1.21573,1.21573,2019-09-01T21:06:00+00:00,1.21472,1.21478,1.21381,1.21478
Dukascopy,GBP/USD,2019-09-13T21:00:00+00:00,2019-09-15T21:04:00+00:00,2884,unexplained_source_gap,2019-09-13T20:59:00+00:00,1.24968,1.25021,1.24964,1.24974,2019-09-15T21:04:00+00:00,1.24741,1.24741,1.24741,1.24741
Dukascopy,GBP/USD,2019-09-27T21:00:00+00:00,2019-09-29T21:04:00+00:00,2884,unexplained_source_gap,2019-09-27T20:59:00+00:00,1.22867,1.22881,1.22851,1.22851,2019-09-29T21:04:00+00:00,1.22901,1.22901,1.22901,1.22901
Dukascopy,GBP/USD,2019-10-04T21:00:00+00:00,2019-10-06T21:05:00+00:00,2885,unexplained_source_gap,2019-10-04T20:59:00+00:00,1.23305,1.23305,1.23291,1.23291,2019-10-06T21:05:00+00:00,1.23068,1.23068,1.23059,1.23059
Dukascopy,GBP/USD,2019-12-25T07:34:00+00:00,2019-12-25T07:42:00+00:00,8,unexplained_source_gap,2019-12-25T07:33:00+00:00,1.29485,1.29485,1.29485,1.29485,2019-12-25T07:42:00+00:00,1.29462,1.29462,1.29462,1.29462
Dukascopy,GBP/USD,2019-12-25T07:44:00+00:00,2019-12-25T07:52:00+00:00,8,unexplained_source_gap,2019-12-25T07:43:00+00:00,1.29462,1.29462,1.29462,1.29462,2019-12-25T07:52:00+00:00,1.29528,1.29528,1.29519,1.29519
Dukascopy,GBP/USD,2019-12-25T07:58:00+00:00,2019-12-25T22:04:00+00:00,846,unexplained_source_gap,2019-12-25T07:57:00+00:00,1.29527,1.29527,1.29527,1.29527,2019-12-25T22:04:00+00:00,1.29542,1.29542,1.29542,1.29542
Dukascopy,GBP/USD,2019-12-31T22:00:00+00:00,2020-01-01T22:02:00+00:00,1442,unexplained_source_gap,2019-12-31T21:59:00+00:00,1.32576,1.32576,1.32538,1.32559,2020-01-01T22:02:00+00:00,1.32463,1.32464,1.32462,1.32463
Dukascopy,GBP/USD,2020-03-20T21:00:00+00:00,2020-03-22T21:01:00+00:00,2881,unexplained_source_gap,2020-03-20T20:59:00+00:00,1.16308,1.16308,1.16299,1.16301,2020-03-22T21:01:00+00:00,1.16693,1.16693,1.16669,1.16669
Dukascopy,GBP/USD,2020-03-23T21:00:00+00:00,2020-03-23T21:09:00+00:00,9,unexplained_source_gap,2020-03-23T20:59:00+00:00,1.15368,1.15461,1.15368,1.15372,2020-03-23T21:09:00+00:00,1.1518,1.1518,1.1518,1.1518
Dukascopy,GBP/USD,2020-03-23T21:18:00+00:00,2020-03-23T21:25:00+00:00,7,unexplained_source_gap,2020-03-23T21:17:00+00:00,1.15195,1.15216,1.14977,1.14978,2020-03-23T21:25:00+00:00,1.15084,1.15105,1.15024,1.15039
Dukascopy,GBP/USD,2020-03-23T21:34:00+00:00,2020-03-23T21:40:00+00:00,6,unexplained_source_gap,2020-03-23T21:33:00+00:00,1.14978,1.14978,1.14971,1.14971,2020-03-23T21:40:00+00:00,1.14984,1.14984,1.14984,1.14984
Dukascopy,GBP/USD,2020-03-24T21:00:00+00:00,2020-03-24T21:06:00+00:00,6,unexplained_source_gap,2020-03-24T20:59:00+00:00,1.17565,1.17565,1.17488,1.17488,2020-03-24T21:06:00+00:00,1.17454,1.17454,1.17406,1.17406
Dukascopy,GBP/USD,2020-03-27T21:00:00+00:00,2020-03-29T21:06:00+00:00,2886,unexplained_source_gap,2020-03-27T20:59:00+00:00,1.24438,1.2448,1.24437,1.24448,2020-03-29T21:06:00+00:00,1.24283,1.24283,1.24127,1.24127
Dukascopy,GBP/USD,2020-03-29T21:16:00+00:00,2020-03-29T21:23:00+00:00,7,unexplained_source_gap,2020-03-29T21:15:00+00:00,1.24186,1.24335,1.24186,1.24335,2020-03-29T21:23:00+00:00,1.24196,1.24196,1.24195,1.24196
Dukascopy,GBP/USD,2020-03-29T21:34:00+00:00,2020-03-29T21:50:00+00:00,16,unexplained_source_gap,2020-03-29T21:33:00+00:00,1.24243,1.24289,1.24197,1.24265,2020-03-29T21:50:00+00:00,1.2436,1.2436,1.2436,1.2436
Dukascopy,GBP/USD,2020-03-29T21:52:00+00:00,2020-03-29T22:01:00+00:00,9,unexplained_source_gap,2020-03-29T21:51:00+00:00,1.24269,1.24269,1.24269,1.24269,2020-03-29T22:01:00+00:00,1.24388,1.24388,1.24388,1.24388
Dukascopy,GBP/USD,2020-04-03T21:00:00+00:00,2020-04-05T21:06:00+00:00,2886,unexplained_source_gap,2020-04-03T20:59:00+00:00,1.22645,1.22663,1.22635,1.2264,2020-04-05T21:06:00+00:00,1.22296,1.22296,1.22274,1.22281
Dukascopy,GBP/USD,2020-04-12T21:01:00+00:00,2020-04-12T21:10:00+00:00,9,unexplained_source_gap,2020-04-12T21:00:00+00:00,1.24506,1.24506,1.245,1.245,2020-04-12T21:10:00+00:00,1.24583,1.24583,1.24455,1.24583
Dukascopy,GBP/USD,2020-05-08T21:00:00+00:00,2020-05-10T21:08:00+00:00,2888,unexplained_source_gap,2020-05-08T20:59:00+00:00,1.24044,1.24044,1.24032,1.24033,2020-05-10T21:08:00+00:00,1.23965,1.23965,1.23951,1.23953
Dukascopy,GBP/USD,2020-05-10T21:09:00+00:00,2020-05-10T21:28:00+00:00,19,unexplained_source_gap,2020-05-10T21:08:00+00:00,1.23965,1.23965,1.23951,1.23953,2020-05-10T21:28:00+00:00,1.23961,1.23995,1.23961,1.23995
Dukascopy,GBP/USD,2020-05-10T21:31:00+00:00,2020-05-10T21:51:00+00:00,20,unexplained_source_gap,2020-05-10T21:30:00+00:00,1.23937,1.23937,1.23937,1.23937,2020-05-10T21:51:00+00:00,1.23931,1.23931,1.2393,1.23931
Dukascopy,GBP/USD,2020-06-05T21:00:00+00:00,2020-06-07T21:06:00+00:00,2886,unexplained_source_gap,2020-06-05T20:59:00+00:00,1.26661,1.26675,1.26654,1.26656,2020-06-07T21:06:00+00:00,1.26767,1.26767,1.26765,1.26765
Dukascopy,GBP/USD,2020-06-19T21:00:00+00:00,2020-06-21T21:02:00+00:00,2882,unexplained_source_gap,2020-06-19T20:59:00+00:00,1.23472,1.23481,1.23424,1.23476,2020-06-21T21:02:00+00:00,1.23419,1.23419,1.23419,1.23419
Dukascopy,GBP/USD,2020-06-26T21:00:00+00:00,2020-06-28T21:05:00+00:00,2885,unexplained_source_gap,2020-06-26T20:59:00+00:00,1.23336,1.23345,1.23328,1.23343,2020-06-28T21:05:00+00:00,1.23442,1.23452,1.23442,1.23443
Dukascopy,GBP/USD,2020-07-10T21:00:00+00:00,2020-07-12T21:16:00+00:00,2896,unexplained_source_gap,2020-07-10T20:59:00+00:00,1.26192,1.26217,1.26192,1.26202,2020-07-12T21:16:00+00:00,1.26126,1.26213,1.26126,1.26157
Dukascopy,GBP/USD,2020-07-17T21:00:00+00:00,2020-07-19T21:10:00+00:00,2890,unexplained_source_gap,2020-07-17T20:59:00+00:00,1.25651,1.2566,1.2565,1.25654,2020-07-19T21:10:00+00:00,1.25449,1.25539,1.2544,1.25538
Dukascopy,GBP/USD,2020-07-31T21:00:00+00:00,2020-08-02T21:02:00+00:00,2882,unexplained_source_gap,2020-07-31T20:59:00+00:00,1.30836,1.30845,1.30833,1.30836,2020-08-02T21:02:00+00:00,1.30755,1.30755,1.30755,1.30755
Dukascopy,GBP/USD,2020-08-14T21:00:00+00:00,2020-08-16T21:04:00+00:00,2884,unexplained_source_gap,2020-08-14T20:59:00+00:00,1.30838,1.30852,1.30829,1.30829,2020-08-16T21:04:00+00:00,1.3091,1.3091,1.3091,1.3091
Dukascopy,GBP/USD,2020-08-28T21:00:00+00:00,2020-08-30T21:01:00+00:00,2881,unexplained_source_gap,2020-08-28T20:59:00+00:00,1.33494,1.33504,1.33485,1.33488,2020-08-30T21:01:00+00:00,1.33328,1.33328,1.33328,1.33328
Dukascopy,GBP/USD,2020-09-11T21:00:00+00:00,2020-09-13T21:05:00+00:00,2885,unexplained_source_gap,2020-09-11T20:59:00+00:00,1.27938,1.27946,1.27935,1.27942,2020-09-13T21:05:00+00:00,1.27733,1.2777,1.27733,1.27758
Dukascopy,GBP/USD,2020-09-18T21:00:00+00:00,2020-09-20T21:10:00+00:00,2890,unexplained_source_gap,2020-09-18T20:59:00+00:00,1.29154,1.29168,1.29139,1.29143,2020-09-20T21:10:00+00:00,1.29237,1.29237,1.29237,1.29237
Dukascopy,GBP/USD,2020-10-01T21:00:00+00:00,2020-10-01T21:10:00+00:00,10,unexplained_source_gap,2020-10-01T20:59:00+00:00,1.28861,1.28897,1.28835,1.28835,2020-10-01T21:10:00+00:00,1.28787,1.28863,1.28787,1.288
Dukascopy,GBP/USD,2020-12-24T22:34:00+00:00,2020-12-24T22:41:00+00:00,7,unexplained_source_gap,2020-12-24T22:33:00+00:00,1.35701,1.35701,1.35701,1.35701,2020-12-24T22:41:00+00:00,1.35714,1.35714,1.35714,1.35714
Dukascopy,GBP/USD,2020-12-24T22:55:00+00:00,2020-12-24T23:02:00+00:00,7,unexplained_source_gap,2020-12-24T22:54:00+00:00,1.35736,1.35736,1.35674,1.35674,2020-12-24T23:02:00+00:00,1.35641,1.35641,1.35641,1.35641
Dukascopy,GBP/USD,2020-12-25T01:16:00+00:00,2020-12-25T01:22:00+00:00,6,unexplained_source_gap,2020-12-25T01:15:00+00:00,1.35497,1.35498,1.35497,1.35498,2020-12-25T01:22:00+00:00,1.35581,1.35581,1.35581,1.35581
Dukascopy,GBP/USD,2020-12-25T06:57:00+00:00,2020-12-27T22:00:00+00:00,3783,unexplained_source_gap,2020-12-25T06:56:00+00:00,1.35393,1.35408,1.35393,1.35408,2020-12-27T22:00:00+00:00,1.35452,1.35452,1.35452,1.35452
Dukascopy,GBP/USD,2021-01-08T22:00:00+00:00,2021-01-10T22:05:00+00:00,2885,unexplained_source_gap,2021-01-08T21:59:00+00:00,1.35597,1.35621,1.35545,1.35621,2021-01-10T22:05:00+00:00,1.35588,1.35588,1.35587,1.35587
Dukascopy,GBP/USD,2021-04-02T21:00:00+00:00,2021-04-04T21:02:00+00:00,2882,unexplained_source_gap,2021-04-02T20:59:00+00:00,1.38249,1.38283,1.38239,1.38272,2021-04-04T21:02:00+00:00,1.3821,1.38211,1.3821,1.38211
Dukascopy,GBP/USD,2021-04-28T21:31:00+00:00,2021-04-28T21:37:00+00:00,6,unexplained_source_gap,2021-04-28T21:30:00+00:00,1.39378,1.39378,1.39378,1.39378,2021-04-28T21:37:00+00:00,1.39377,1.39378,1.39377,1.39378
Dukascopy,GBP/USD,2021-05-16T21:21:00+00:00,2021-05-16T21:27:00+00:00,6,unexplained_source_gap,2021-05-16T21:20:00+00:00,1.40989,1.4099,1.40989,1.4099,2021-05-16T21:27:00+00:00,1.4099,1.4099,1.40965,1.40965
Dukascopy,GBP/USD,2021-05-21T21:00:00+00:00,2021-05-23T21:10:00+00:00,2890,unexplained_source_gap,2021-05-21T20:59:00+00:00,1.41458,1.41481,1.41403,1.41409,2021-05-23T21:10:00+00:00,1.41468,1.41505,1.41451,1.41479
Dukascopy,GBP/USD,2021-05-28T21:00:00+00:00,2021-05-30T21:02:00+00:00,2882,unexplained_source_gap,2021-05-28T20:59:00+00:00,1.41887,1.41888,1.41834,1.41834,2021-05-30T21:02:00+00:00,1.41793,1.41801,1.41793,1.41801
Dukascopy,GBP/USD,2021-05-30T21:34:00+00:00,2021-05-30T21:40:00+00:00,6,unexplained_source_gap,2021-05-30T21:33:00+00:00,1.4183,1.4183,1.4183,1.4183,2021-05-30T21:40:00+00:00,1.41809,1.41846,1.41809,1.41843
Dukascopy,GBP/USD,2021-06-07T22:43:00+00:00,2021-06-07T22:49:00+00:00,6,unexplained_source_gap,2021-06-07T22:42:00+00:00,1.41797,1.41797,1.41795,1.41797,2021-06-07T22:49:00+00:00,1.41796,1.41796,1.41768,1.41768
Dukascopy,GBP/USD,2021-06-18T21:00:00+00:00,2021-06-20T21:05:00+00:00,2885,unexplained_source_gap,2021-06-18T20:59:00+00:00,1.37928,1.38003,1.37928,1.38003,2021-06-20T21:05:00+00:00,1.38068,1.38068,1.38067,1.38067
Dukascopy,GBP/USD,2021-06-24T22:48:00+00:00,2021-06-24T22:54:00+00:00,6,unexplained_source_gap,2021-06-24T22:47:00+00:00,1.39218,1.39218,1.39218,1.39218,2021-06-24T22:54:00+00:00,1.39216,1.39217,1.39216,1.39217
Dukascopy,GBP/USD,2021-06-25T21:00:00+00:00,2021-06-27T21:10:00+00:00,2890,unexplained_source_gap,2021-06-25T20:59:00+00:00,1.38778,1.38807,1.3877,1.38779,2021-06-27T21:10:00+00:00,1.38794,1.38827,1.38768,1.38778
Dukascopy,GBP/USD,2021-07-02T21:00:00+00:00,2021-07-04T21:05:00+00:00,2885,unexplained_source_gap,2021-07-02T20:59:00+00:00,1.38315,1.38316,1.38244,1.38244,2021-07-04T21:05:00+00:00,1.38189,1.38214,1.38189,1.38214
Dukascopy,GBP/USD,2021-07-05T21:14:00+00:00,2021-07-05T21:25:00+00:00,11,unexplained_source_gap,2021-07-05T21:13:00+00:00,1.3845,1.3845,1.3845,1.3845,2021-07-05T21:25:00+00:00,1.3845,1.3845,1.3845,1.3845
Dukascopy,GBP/USD,2021-07-05T21:34:00+00:00,2021-07-05T21:42:00+00:00,8,unexplained_source_gap,2021-07-05T21:33:00+00:00,1.3845,1.3845,1.3845,1.3845,2021-07-05T21:42:00+00:00,1.3845,1.3845,1.3845,1.3845
Dukascopy,GBP/USD,2021-07-16T21:00:00+00:00,2021-07-18T21:05:00+00:00,2885,unexplained_source_gap,2021-07-16T20:59:00+00:00,1.37637,1.37639,1.37565,1.37565,2021-07-18T21:05:00+00:00,1.37677,1.37684,1.37677,1.37684
Dukascopy,GBP/USD,2021-07-27T21:05:00+00:00,2021-07-27T21:15:00+00:00,10,unexplained_source_gap,2021-07-27T21:04:00+00:00,1.38793,1.38793,1.38793,1.38793,2021-07-27T21:15:00+00:00,1.38787,1.38787,1.38785,1.38785
Dukascopy,GBP/USD,2021-07-30T21:00:00+00:00,2021-08-01T21:02:00+00:00,2882,unexplained_source_gap,2021-07-30T20:59:00+00:00,1.39034,1.39034,1.38951,1.38959,2021-08-01T21:02:00+00:00,1.38963,1.38963,1.38963,1.38963
Dukascopy,GBP/USD,2021-08-15T21:40:00+00:00,2021-08-15T21:49:00+00:00,9,unexplained_source_gap,2021-08-15T21:39:00+00:00,1.38596,1.38596,1.38593,1.38593,2021-08-15T21:49:00+00:00,1.38592,1.38593,1.38592,1.38593
Dukascopy,GBP/USD,2021-08-15T21:53:00+00:00,2021-08-15T21:59:00+00:00,6,unexplained_source_gap,2021-08-15T21:52:00+00:00,1.38593,1.38595,1.38593,1.38595,2021-08-15T21:59:00+00:00,1.38595,1.38595,1.38594,1.38594
Dukascopy,GBP/USD,2021-09-07T21:21:00+00:00,2021-09-07T21:34:00+00:00,13,unexplained_source_gap,2021-09-07T21:20:00+00:00,1.37836,1.37836,1.37835,1.37835,2021-09-07T21:34:00+00:00,1.37839,1.37851,1.37839,1.37851
Dukascopy,GBP/USD,2021-09-10T21:00:00+00:00,2021-09-12T21:10:00+00:00,2890,unexplained_source_gap,2021-09-10T20:59:00+00:00,1.38306,1.38306,1.38286,1.38299,2021-09-12T21:10:00+00:00,1.38303,1.38345,1.38303,1.38313
Dukascopy,GBP/USD,2021-09-16T23:19:00+00:00,2021-09-16T23:25:00+00:00,6,unexplained_source_gap,2021-09-16T23:18:00+00:00,1.37973,1.37973,1.37973,1.37973,2021-09-16T23:25:00+00:00,1.37972,1.37973,1.37972,1.37972
Dukascopy,GBP/USD,2021-09-17T21:00:00+00:00,2021-09-19T21:10:00+00:00,2890,unexplained_source_gap,2021-09-17T20:59:00+00:00,1.37286,1.37302,1.37256,1.37283,2021-09-19T21:10:00+00:00,1.37346,1.37351,1.37346,1.37349
Dukascopy,GBP/USD,2021-10-01T21:00:00+00:00,2021-10-03T21:02:00+00:00,2882,unexplained_source_gap,2021-10-01T20:59:00+00:00,1.35427,1.35429,1.35423,1.35423,2021-10-03T21:02:00+00:00,1.35544,1.35544,1.3547,1.3547
Dukascopy,GBP/USD,2021-10-18T21:14:00+00:00,2021-10-18T21:20:00+00:00,6,unexplained_source_gap,2021-10-18T21:13:00+00:00,1.37249,1.37249,1.37249,1.37249,2021-10-18T21:20:00+00:00,1.37252,1.37262,1.3725,1.3725
Dukascopy,GBP/USD,2021-10-22T21:00:00+00:00,2021-10-24T21:05:00+00:00,2885,unexplained_source_gap,2021-10-22T20:59:00+00:00,1.37551,1.37552,1.37513,1.37514,2021-10-24T21:05:00+00:00,1.37455,1.3747,1.37442,1.37442
Dukascopy,GBP/USD,2021-10-25T21:24:00+00:00,2021-10-25T21:30:00+00:00,6,unexplained_source_gap,2021-10-25T21:23:00+00:00,1.37661,1.37663,1.37661,1.37661,2021-10-25T21:30:00+00:00,1.37661,1.37663,1.37661,1.37663
Dukascopy,GBP/USD,2021-10-26T21:11:00+00:00,2021-10-26T21:17:00+00:00,6,unexplained_source_gap,2021-10-26T21:10:00+00:00,1.37639,1.37639,1.37639,1.37639,2021-10-26T21:17:00+00:00,1.37639,1.37639,1.37639,1.37639
Dukascopy,GBP/USD,2021-10-27T21:05:00+00:00,2021-10-27T21:12:00+00:00,7,unexplained_source_gap,2021-10-27T21:04:00+00:00,1.37387,1.37387,1.37387,1.37387,2021-10-27T21:12:00+00:00,1.37387,1.3739,1.37387,1.37387
Dukascopy,GBP/USD,2021-10-29T21:00:00+00:00,2021-10-31T21:10:00+00:00,2890,unexplained_source_gap,2021-10-29T20:59:00+00:00,1.36885,1.36899,1.36732,1.36762,2021-10-31T21:10:00+00:00,1.36764,1.36764,1.36698,1.36742
Dukascopy,GBP/USD,2021-10-31T21:16:00+00:00,2021-10-31T21:22:00+00:00,6,unexplained_source_gap,2021-10-31T21:15:00+00:00,1.36773,1.36774,1.36773,1.36774,2021-10-31T21:22:00+00:00,1.36774,1.36844,1.36774,1.36844
Dukascopy,GBP/USD,2021-11-19T22:00:00+00:00,2021-11-21T22:03:00+00:00,2883,unexplained_source_gap,2021-11-19T21:59:00+00:00,1.34398,1.34501,1.34374,1.34486,2021-11-21T22:03:00+00:00,1.34495,1.34495,1.3445,1.34474
Dukascopy,GBP/USD,2021-11-22T22:13:00+00:00,2021-11-22T22:19:00+00:00,6,unexplained_source_gap,2021-11-22T22:12:00+00:00,1.3392,1.3392,1.3392,1.3392,2021-11-22T22:19:00+00:00,1.3392,1.3392,1.3392,1.3392
Dukascopy,GBP/USD,2021-11-23T22:20:00+00:00,2021-11-23T22:30:00+00:00,10,unexplained_source_gap,2021-11-23T22:19:00+00:00,1.33765,1.33765,1.33765,1.33765,2021-11-23T22:30:00+00:00,1.33765,1.33765,1.33765,1.33765
Dukascopy,GBP/USD,2021-11-24T22:09:00+00:00,2021-11-24T22:16:00+00:00,7,unexplained_source_gap,2021-11-24T22:08:00+00:00,1.33265,1.33265,1.33265,1.33265,2021-11-24T22:16:00+00:00,1.33265,1.33265,1.33265,1.33265
Dukascopy,GBP/USD,2021-11-24T22:17:00+00:00,2021-11-24T22:26:00+00:00,9,unexplained_source_gap,2021-11-24T22:16:00+00:00,1.33265,1.33265,1.33265,1.33265,2021-11-24T22:26:00+00:00,1.3327,1.3327,1.3327,1.3327
Dukascopy,GBP/USD,2021-12-06T22:11:00+00:00,2021-12-06T22:28:00+00:00,17,unexplained_source_gap,2021-12-06T22:10:00+00:00,1.32609,1.32609,1.32609,1.32609,2021-12-06T22:28:00+00:00,1.32609,1.32609,1.32609,1.32609
Dukascopy,GBP/USD,2021-12-13T22:15:00+00:00,2021-12-13T22:21:00+00:00,6,unexplained_source_gap,2021-12-13T22:14:00+00:00,1.32117,1.32117,1.32117,1.32117,2021-12-13T22:21:00+00:00,1.32119,1.32119,1.32119,1.32119
Dukascopy,GBP/USD,2021-12-20T22:24:00+00:00,2021-12-20T22:30:00+00:00,6,unexplained_source_gap,2021-12-20T22:23:00+00:00,1.32088,1.32088,1.32087,1.32087,2021-12-20T22:30:00+00:00,1.32087,1.32087,1.32073,1.32077
Dukascopy,GBP/USD,2021-12-31T22:00:00+00:00,2022-01-02T22:01:00+00:00,2881,unexplained_source_gap,2021-12-31T21:59:00+00:00,1.35194,1.35225,1.35177,1.35177,2022-01-02T22:01:00+00:00,1.35199,1.35213,1.35199,1.35213
Dukascopy,GBP/USD,2022-01-07T22:00:00+00:00,2022-01-09T22:02:00+00:00,2882,unexplained_source_gap,2022-01-07T21:59:00+00:00,1.3591,1.3591,1.35819,1.35827,2022-01-09T22:02:00+00:00,1.35734,1.35839,1.35734,1.35839
Dukascopy,GBP/USD,2022-01-09T22:04:00+00:00,2022-01-09T22:10:00+00:00,6,unexplained_source_gap,2022-01-09T22:03:00+00:00,1.35839,1.35894,1.35765,1.35773,2022-01-09T22:10:00+00:00,1.35773,1.35773,1.35773,1.35773
Dukascopy,GBP/USD,2022-01-13T22:21:00+00:00,2022-01-13T22:28:00+00:00,7,unexplained_source_gap,2022-01-13T22:20:00+00:00,1.37073,1.37082,1.37072,1.37072,2022-01-13T22:28:00+00:00,1.37072,1.37078,1.37072,1.37072
Dukascopy,GBP/USD,2022-02-03T22:43:00+00:00,2022-02-03T22:50:00+00:00,7,unexplained_source_gap,2022-02-03T22:42:00+00:00,1.35952,1.35952,1.35952,1.35952,2022-02-03T22:50:00+00:00,1.35952,1.35955,1.35952,1.35954
Dukascopy,GBP/USD,2022-03-01T22:11:00+00:00,2022-03-01T22:29:00+00:00,18,unexplained_source_gap,2022-03-01T22:10:00+00:00,1.33241,1.3328,1.33228,1.33228,2022-03-01T22:29:00+00:00,1.33228,1.33242,1.33228,1.33241
Dukascopy,GBP/USD,2022-03-18T21:00:00+00:00,2022-03-20T21:10:00+00:00,2890,unexplained_source_gap,2022-03-18T20:59:00+00:00,1.31769,1.31769,1.31745,1.31758,2022-03-20T21:10:00+00:00,1.31677,1.31677,1.31627,1.31627
Dukascopy,GBP/USD,2022-04-06T21:22:00+00:00,2022-04-06T21:28:00+00:00,6,unexplained_source_gap,2022-04-06T21:21:00+00:00,1.30644,1.30644,1.30644,1.30644,2022-04-06T21:28:00+00:00,1.30644,1.30644,1.30644,1.30644
Dukascopy,GBP/USD,2022-04-08T21:00:00+00:00,2022-04-10T21:05:00+00:00,2885,unexplained_source_gap,2022-04-08T20:59:00+00:00,1.30355,1.30355,1.30295,1.30305,2022-04-10T21:05:00+00:00,1.3023,1.30239,1.3023,1.30239
Dukascopy,GBP/USD,2022-04-22T21:00:00+00:00,2022-04-24T21:04:00+00:00,2884,unexplained_source_gap,2022-04-22T20:59:00+00:00,1.28337,1.28357,1.28337,1.28343,2022-04-24T21:04:00+00:00,1.28304,1.28315,1.28304,1.28315
Dukascopy,GBP/USD,2022-05-10T21:36:00+00:00,2022-05-10T21:43:00+00:00,7,unexplained_source_gap,2022-05-10T21:35:00+00:00,1.23136,1.23143,1.23136,1.23143,2022-05-10T21:43:00+00:00,1.23143,1.23143,1.23143,1.23143
Dukascopy,GBP/USD,2022-05-10T21:44:00+00:00,2022-05-10T21:54:00+00:00,10,unexplained_source_gap,2022-05-10T21:43:00+00:00,1.23143,1.23143,1.23143,1.23143,2022-05-10T21:54:00+00:00,1.23135,1.23135,1.23134,1.23135
Dukascopy,GBP/USD,2022-05-13T21:00:00+00:00,2022-05-15T21:01:00+00:00,2881,unexplained_source_gap,2022-05-13T20:59:00+00:00,1.22603,1.22613,1.2257,1.22585,2022-05-15T21:01:00+00:00,1.22369,1.2242,1.22369,1.2242
Dukascopy,GBP/USD,2022-05-27T21:00:00+00:00,2022-05-29T21:09:00+00:00,2889,unexplained_source_gap,2022-05-27T20:59:00+00:00,1.26268,1.26279,1.26268,1.26275,2022-05-29T21:09:00+00:00,1.26093,1.26093,1.26093,1.26093
Dukascopy,GBP/USD,2022-06-17T21:00:00+00:00,2022-06-19T21:05:00+00:00,2885,unexplained_source_gap,2022-06-17T20:59:00+00:00,1.22168,1.22254,1.22166,1.22186,2022-06-19T21:05:00+00:00,1.22189,1.222,1.22187,1.222
Dukascopy,GBP/USD,2022-06-24T21:00:00+00:00,2022-06-26T21:05:00+00:00,2885,unexplained_source_gap,2022-06-24T20:59:00+00:00,1.22747,1.22747,1.22579,1.22622,2022-06-26T21:05:00+00:00,1.225,1.22521,1.22499,1.22521
Dukascopy,GBP/USD,2022-07-08T21:00:00+00:00,2022-07-10T21:05:00+00:00,2885,unexplained_source_gap,2022-07-08T20:59:00+00:00,1.20286,1.20324,1.20283,1.2029,2022-07-10T21:05:00+00:00,1.20003,1.20112,1.20003,1.20109
Dukascopy,GBP/USD,2022-07-22T21:00:00+00:00,2022-07-24T21:05:00+00:00,2885,unexplained_source_gap,2022-07-22T20:59:00+00:00,1.20051,1.20093,1.19972,1.19972,2022-07-24T21:05:00+00:00,1.19863,1.20064,1.19863,1.20064
Dukascopy,GBP/USD,2022-07-31T21:13:00+00:00,2022-07-31T21:20:00+00:00,7,unexplained_source_gap,2022-07-31T21:12:00+00:00,1.21648,1.21648,1.21648,1.21648,2022-07-31T21:20:00+00:00,1.21648,1.21648,1.21644,1.21647
Dukascopy,GBP/USD,2022-08-12T21:00:00+00:00,2022-08-14T21:25:00+00:00,2905,unexplained_source_gap,2022-08-12T20:59:00+00:00,1.21339,1.21376,1.21252,1.21314,2022-08-14T21:25:00+00:00,1.21294,1.21329,1.21294,1.21306
Dukascopy,GBP/USD,2022-08-19T21:00:00+00:00,2022-08-21T21:04:00+00:00,2884,unexplained_source_gap,2022-08-19T20:59:00+00:00,1.18298,1.18346,1.18224,1.18224,2022-08-21T21:04:00+00:00,1.18169,1.18169,1.18169,1.18169
Dukascopy,GBP/USD,2022-08-21T21:14:00+00:00,2022-08-21T21:25:00+00:00,11,unexplained_source_gap,2022-08-21T21:13:00+00:00,1.1819,1.1819,1.18187,1.18187,2022-08-21T21:25:00+00:00,1.18311,1.18311,1.1828,1.18283
Dukascopy,GBP/USD,2022-09-18T21:42:00+00:00,2022-09-18T21:57:00+00:00,15,unexplained_source_gap,2022-09-18T21:41:00+00:00,1.14185,1.14193,1.14184,1.14186,2022-09-18T21:57:00+00:00,1.14194,1.14194,1.14153,1.14158
Dukascopy,GBP/USD,2022-09-28T21:15:00+00:00,2022-09-28T21:21:00+00:00,6,unexplained_source_gap,2022-09-28T21:14:00+00:00,1.08864,1.08864,1.08864,1.08864,2022-09-28T21:21:00+00:00,1.08868,1.08868,1.08868,1.08868
Dukascopy,GBP/USD,2022-10-07T21:00:00+00:00,2022-10-09T21:13:00+00:00,2893,unexplained_source_gap,2022-10-07T20:59:00+00:00,1.10934,1.10934,1.1073,1.10934,2022-10-09T21:13:00+00:00,1.10891,1.10891,1.10891,1.10891
Dukascopy,GBP/USD,2022-10-30T21:17:00+00:00,2022-10-30T21:24:00+00:00,7,unexplained_source_gap,2022-10-30T21:16:00+00:00,1.15871,1.15871,1.15846,1.15846,2022-10-30T21:24:00+00:00,1.15846,1.15846,1.15846,1.15846
Dukascopy,GBP/USD,2022-11-21T22:01:00+00:00,2022-11-21T22:11:00+00:00,10,unexplained_source_gap,2022-11-21T22:00:00+00:00,1.18182,1.18186,1.18182,1.18186,2022-11-21T22:11:00+00:00,1.18196,1.18227,1.18185,1.18186
Dukascopy,GBP/USD,2022-12-02T22:00:00+00:00,2022-12-04T22:04:00+00:00,2884,unexplained_source_gap,2022-12-02T21:59:00+00:00,1.22917,1.22922,1.22772,1.22772,2022-12-04T22:04:00+00:00,1.22667,1.22706,1.22667,1.22706
Dukascopy,GBP/USD,2022-12-06T22:18:00+00:00,2022-12-06T22:24:00+00:00,6,unexplained_source_gap,2022-12-06T22:17:00+00:00,1.21284,1.21289,1.21282,1.21283,2022-12-06T22:24:00+00:00,1.21282,1.21282,1.21282,1.21282
Dukascopy,GBP/USD,2022-12-07T22:19:00+00:00,2022-12-07T22:25:00+00:00,6,unexplained_source_gap,2022-12-07T22:18:00+00:00,1.21998,1.21998,1.21998,1.21998,2022-12-07T22:25:00+00:00,1.22017,1.22036,1.22005,1.22036
Dukascopy,GBP/USD,2022-12-22T22:05:00+00:00,2022-12-22T22:11:00+00:00,6,unexplained_source_gap,2022-12-22T22:04:00+00:00,1.2021,1.2021,1.2021,1.2021,2022-12-22T22:11:00+00:00,1.20202,1.20202,1.2019,1.2019
Dukascopy,GBP/USD,2022-12-23T22:00:00+00:00,2022-12-25T22:04:00+00:00,2884,unexplained_source_gap,2022-12-23T21:59:00+00:00,1.20506,1.20511,1.20335,1.20335,2022-12-25T22:04:00+00:00,1.20551,1.20551,1.20551,1.20551
Dukascopy,GBP/USD,2022-12-25T22:12:00+00:00,2022-12-25T22:24:00+00:00,12,unexplained_source_gap,2022-12-25T22:11:00+00:00,1.20588,1.20588,1.20588,1.20588,2022-12-25T22:24:00+00:00,1.20588,1.20613,1.20587,1.20613
Dukascopy,GBP/USD,2022-12-25T22:51:00+00:00,2022-12-25T22:58:00+00:00,7,unexplained_source_gap,2022-12-25T22:50:00+00:00,1.20489,1.20489,1.20489,1.20489,2022-12-25T22:58:00+00:00,1.20489,1.20489,1.20489,1.20489
Dukascopy,GBP/USD,2022-12-25T23:49:00+00:00,2022-12-25T23:55:00+00:00,6,unexplained_source_gap,2022-12-25T23:48:00+00:00,1.20587,1.20593,1.20587,1.20587,2022-12-25T23:55:00+00:00,1.20587,1.20604,1.20587,1.20604
Dukascopy,GBP/USD,2022-12-26T17:37:00+00:00,2022-12-26T17:45:00+00:00,8,unexplained_source_gap,2022-12-26T17:36:00+00:00,1.20542,1.20542,1.20542,1.20542,2022-12-26T17:45:00+00:00,1.20542,1.20542,1.20542,1.20542
Dukascopy,GBP/USD,2022-12-26T17:54:00+00:00,2022-12-26T18:00:00+00:00,6,unexplained_source_gap,2022-12-26T17:53:00+00:00,1.20546,1.20556,1.20542,1.20542,2022-12-26T18:00:00+00:00,1.20542,1.20542,1.20542,1.20542
Dukascopy,GBP/USD,2022-12-30T22:00:00+00:00,2023-01-01T23:04:00+00:00,2944,unexplained_source_gap,2022-12-30T21:59:00+00:00,1.20955,1.20992,1.20921,1.20934,2023-01-01T23:04:00+00:00,1.20615,1.20615,1.20613,1.20613
Dukascopy,GBP/USD,2023-01-01T23:09:00+00:00,2023-01-01T23:18:00+00:00,9,unexplained_source_gap,2023-01-01T23:08:00+00:00,1.20564,1.20664,1.20564,1.20664,2023-01-01T23:18:00+00:00,1.20566,1.20644,1.20563,1.20643
Dukascopy,GBP/USD,2023-01-06T22:00:00+00:00,2023-01-08T22:03:00+00:00,2883,unexplained_source_gap,2023-01-06T21:59:00+00:00,1.2093,1.20936,1.20873,1.20874,2023-01-08T22:03:00+00:00,1.20793,1.20794,1.20793,1.20794
Dukascopy,GBP/USD,2023-01-13T22:00:00+00:00,2023-01-15T22:02:00+00:00,2882,unexplained_source_gap,2023-01-13T21:59:00+00:00,1.22309,1.22341,1.22212,1.2223,2023-01-15T22:02:00+00:00,1.22125,1.22136,1.22124,1.22136
Dukascopy,GBP/USD,2023-02-12T22:30:00+00:00,2023-02-12T22:36:00+00:00,6,unexplained_source_gap,2023-02-12T22:29:00+00:00,1.20572,1.20573,1.20572,1.20573,2023-02-12T22:36:00+00:00,1.20573,1.20573,1.20573,1.20573
Dukascopy,GBP/USD,2023-03-03T22:00:00+00:00,2023-03-05T22:04:00+00:00,2884,unexplained_source_gap,2023-03-03T21:59:00+00:00,1.20434,1.20437,1.20433,1.20437,2023-03-05T22:04:00+00:00,1.20253,1.20254,1.20253,1.20254
Dukascopy,GBP/USD,2023-03-17T21:00:00+00:00,2023-03-19T21:04:00+00:00,2884,unexplained_source_gap,2023-03-17T20:59:00+00:00,1.21794,1.21794,1.21715,1.21726,2023-03-19T21:04:00+00:00,1.21998,1.21998,1.21997,1.21998
Dukascopy,GBP/USD,2023-04-07T21:00:00+00:00,2023-04-09T21:04:00+00:00,2884,unexplained_source_gap,2023-04-07T20:59:00+00:00,1.24127,1.24127,1.24113,1.24113,2023-04-09T21:04:00+00:00,1.24168,1.24168,1.24167,1.24167
Dukascopy,GBP/USD,2023-04-14T21:00:00+00:00,2023-04-16T21:04:00+00:00,2884,unexplained_source_gap,2023-04-14T20:59:00+00:00,1.24143,1.24149,1.24107,1.24107,2023-04-16T21:04:00+00:00,1.23985,1.24024,1.23985,1.24024
Dukascopy,GBP/USD,2023-05-12T21:00:00+00:00,2023-05-14T21:04:00+00:00,2884,unexplained_source_gap,2023-05-12T20:59:00+00:00,1.24469,1.24473,1.24437,1.24437,2023-05-14T21:04:00+00:00,1.24542,1.24542,1.24534,1.24534
Dukascopy,GBP/USD,2023-05-19T21:00:00+00:00,2023-05-21T21:04:00+00:00,2884,unexplained_source_gap,2023-05-19T20:59:00+00:00,1.24413,1.24423,1.24411,1.24411,2023-05-21T21:04:00+00:00,1.24354,1.24367,1.24352,1.24367
Dukascopy,GBP/USD,2023-05-26T21:00:00+00:00,2023-05-28T21:03:00+00:00,2883,unexplained_source_gap,2023-05-26T20:59:00+00:00,1.2344,1.2344,1.23437,1.23437,2023-05-28T21:03:00+00:00,1.23326,1.23326,1.23325,1.23325
Dukascopy,GBP/USD,2023-06-02T21:00:00+00:00,2023-06-04T21:04:00+00:00,2884,unexplained_source_gap,2023-06-02T20:59:00+00:00,1.2446,1.24479,1.24434,1.24434,2023-06-04T21:04:00+00:00,1.24474,1.24474,1.24403,1.24403
Dukascopy,GBP/USD,2023-06-09T21:00:00+00:00,2023-06-11T21:05:00+00:00,2885,unexplained_source_gap,2023-06-09T20:59:00+00:00,1.25792,1.25792,1.25754,1.25754,2023-06-11T21:05:00+00:00,1.25644,1.25644,1.25643,1.25644
Dukascopy,GBP/USD,2023-06-30T21:00:00+00:00,2023-07-02T21:04:00+00:00,2884,unexplained_source_gap,2023-06-30T20:59:00+00:00,1.26947,1.2695,1.26902,1.26902,2023-07-02T21:04:00+00:00,1.26892,1.26945,1.26892,1.26945
Dukascopy,GBP/USD,2023-07-07T21:00:00+00:00,2023-07-09T21:01:00+00:00,2881,unexplained_source_gap,2023-07-07T20:59:00+00:00,1.28381,1.28411,1.28341,1.28343,2023-07-09T21:01:00+00:00,1.28307,1.28312,1.28298,1.283
Dukascopy,GBP/USD,2023-07-09T21:17:00+00:00,2023-07-09T21:23:00+00:00,6,unexplained_source_gap,2023-07-09T21:16:00+00:00,1.28314,1.28314,1.28314,1.28314,2023-07-09T21:23:00+00:00,1.28314,1.28314,1.28314,1.28314
Dukascopy,GBP/USD,2023-07-14T21:00:00+00:00,2023-07-16T21:04:00+00:00,2884,unexplained_source_gap,2023-07-14T20:59:00+00:00,1.30917,1.30917,1.30859,1.30859,2023-07-16T21:04:00+00:00,1.30893,1.30913,1.30893,1.30913
Dukascopy,GBP/USD,2023-07-28T21:00:00+00:00,2023-07-30T21:04:00+00:00,2884,unexplained_source_gap,2023-07-28T20:59:00+00:00,1.2846,1.2846,1.28432,1.28455,2023-07-30T21:04:00+00:00,1.28381,1.28381,1.28381,1.28381
Dukascopy,GBP/USD,2023-08-04T21:00:00+00:00,2023-08-06T21:02:00+00:00,2882,unexplained_source_gap,2023-08-04T20:59:00+00:00,1.27435,1.27449,1.27426,1.27426,2023-08-06T21:02:00+00:00,1.27512,1.27513,1.27512,1.27513
Dukascopy,GBP/USD,2023-08-06T21:17:00+00:00,2023-08-06T21:24:00+00:00,7,unexplained_source_gap,2023-08-06T21:16:00+00:00,1.27556,1.27571,1.27549,1.27571,2023-08-06T21:24:00+00:00,1.27578,1.27578,1.27543,1.27543
Dukascopy,GBP/USD,2023-08-11T21:00:00+00:00,2023-08-13T21:02:00+00:00,2882,unexplained_source_gap,2023-08-11T20:59:00+00:00,1.26934,1.26934,1.26897,1.269,2023-08-13T21:02:00+00:00,1.26916,1.26923,1.26916,1.26923
Dukascopy,GBP/USD,2023-08-25T21:00:00+00:00,2023-08-27T21:04:00+00:00,2884,unexplained_source_gap,2023-08-25T20:59:00+00:00,1.25765,1.25767,1.25723,1.25723,2023-08-27T21:04:00+00:00,1.25809,1.25809,1.25803,1.25809
Dukascopy,GBP/USD,2023-09-22T21:00:00+00:00,2023-09-24T21:04:00+00:00,2884,unexplained_source_gap,2023-09-22T20:59:00+00:00,1.22383,1.22383,1.22348,1.22371,2023-09-24T21:04:00+00:00,1.22467,1.22467,1.2246,1.2246
Dukascopy,GBP/USD,2023-10-13T21:00:00+00:00,2023-10-15T21:02:00+00:00,2882,unexplained_source_gap,2023-10-13T20:59:00+00:00,1.21401,1.21422,1.2135,1.21358,2023-10-15T21:02:00+00:00,1.21416,1.21416,1.21415,1.21415
Dukascopy,GBP/USD,2023-11-10T22:00:00+00:00,2023-11-12T22:04:00+00:00,2884,unexplained_source_gap,2023-11-10T21:59:00+00:00,1.22256,1.2226,1.22237,1.22237,2023-11-12T22:04:00+00:00,1.21964,1.22199,1.21964,1.22087
Dukascopy,GBP/USD,2023-11-17T22:00:00+00:00,2023-11-19T22:02:00+00:00,2882,unexplained_source_gap,2023-11-17T21:59:00+00:00,1.24603,1.24609,1.24564,1.24564,2023-11-19T22:02:00+00:00,1.24467,1.24478,1.24467,1.24478
Dukascopy,GBP/USD,2023-12-08T22:00:00+00:00,2023-12-10T22:04:00+00:00,2884,unexplained_source_gap,2023-12-08T21:59:00+00:00,1.25467,1.25469,1.25445,1.25445,2023-12-10T22:04:00+00:00,1.25306,1.25324,1.25306,1.25324
Dukascopy,GBP/USD,2023-12-15T22:00:00+00:00,2023-12-17T22:04:00+00:00,2884,unexplained_source_gap,2023-12-15T21:59:00+00:00,1.26781,1.26789,1.26717,1.26738,2023-12-17T22:04:00+00:00,1.26746,1.26748,1.26746,1.26748
Dukascopy,GBP/USD,2023-12-22T21:59:00+00:00,2023-12-25T00:17:00+00:00,3018,unexplained_source_gap,2023-12-22T21:58:00+00:00,1.26985,1.26985,1.26938,1.26945,2023-12-25T00:17:00+00:00,1.27061,1.27061,1.27061,1.27061
Dukascopy,GBP/USD,2023-12-25T00:18:00+00:00,2023-12-25T00:40:00+00:00,22,unexplained_source_gap,2023-12-25T00:17:00+00:00,1.27061,1.27061,1.27061,1.27061,2023-12-25T00:40:00+00:00,1.27116,1.27116,1.2711,1.2711
Dukascopy,GBP/USD,2023-12-25T02:21:00+00:00,2023-12-25T02:41:00+00:00,20,unexplained_source_gap,2023-12-25T02:20:00+00:00,1.269,1.26903,1.269,1.26903,2023-12-25T02:41:00+00:00,1.26904,1.26904,1.26904,1.26904
Dukascopy,GBP/USD,2023-12-25T02:57:00+00:00,2023-12-25T03:10:00+00:00,13,unexplained_source_gap,2023-12-25T02:56:00+00:00,1.26903,1.26903,1.26903,1.26903,2023-12-25T03:10:00+00:00,1.26902,1.26902,1.26902,1.26902
Dukascopy,GBP/USD,2023-12-25T03:11:00+00:00,2023-12-25T03:23:00+00:00,12,unexplained_source_gap,2023-12-25T03:10:00+00:00,1.26902,1.26902,1.26902,1.26902,2023-12-25T03:23:00+00:00,1.26902,1.26902,1.26821,1.26821
Dukascopy,GBP/USD,2023-12-25T03:44:00+00:00,2023-12-25T03:50:00+00:00,6,unexplained_source_gap,2023-12-25T03:43:00+00:00,1.26843,1.26843,1.26843,1.26843,2023-12-25T03:50:00+00:00,1.26843,1.26843,1.26843,1.26843
Dukascopy,GBP/USD,2023-12-25T03:56:00+00:00,2023-12-25T04:13:00+00:00,17,unexplained_source_gap,2023-12-25T03:55:00+00:00,1.26842,1.26843,1.26842,1.26842,2023-12-25T04:13:00+00:00,1.26838,1.26838,1.26826,1.26826
Dukascopy,GBP/USD,2023-12-25T04:40:00+00:00,2023-12-25T04:46:00+00:00,6,unexplained_source_gap,2023-12-25T04:39:00+00:00,1.26853,1.26853,1.26853,1.26853,2023-12-25T04:46:00+00:00,1.26853,1.26853,1.26852,1.26852
Dukascopy,GBP/USD,2023-12-25T04:47:00+00:00,2023-12-25T04:56:00+00:00,9,unexplained_source_gap,2023-12-25T04:46:00+00:00,1.26853,1.26853,1.26852,1.26852,2023-12-25T04:56:00+00:00,1.26846,1.26859,1.26846,1.26859
Dukascopy,GBP/USD,2023-12-25T07:41:00+00:00,2023-12-25T07:52:00+00:00,11,unexplained_source_gap,2023-12-25T07:40:00+00:00,1.26825,1.2683,1.26825,1.2683,2023-12-25T07:52:00+00:00,1.26834,1.26834,1.26834,1.26834
Dukascopy,GBP/USD,2024-01-04T22:07:00+00:00,2024-01-04T22:15:00+00:00,8,unexplained_source_gap,2024-01-04T22:06:00+00:00,1.26808,1.26814,1.26792,1.26792,2024-01-04T22:15:00+00:00,1.26796,1.26806,1.26792,1.26792
Dukascopy,GBP/USD,2024-01-19T22:00:00+00:00,2024-01-21T22:04:00+00:00,2884,unexplained_source_gap,2024-01-19T21:59:00+00:00,1.27028,1.27035,1.27008,1.2702,2024-01-21T22:04:00+00:00,1.26789,1.2682,1.26789,1.2682
Dukascopy,GBP/USD,2024-02-02T22:00:00+00:00,2024-02-04T22:04:00+00:00,2884,unexplained_source_gap,2024-02-02T21:59:00+00:00,1.26289,1.26289,1.26284,1.26284,2024-02-04T22:04:00+00:00,1.26201,1.26217,1.26201,1.26217
Dukascopy,GBP/USD,2024-03-08T22:00:00+00:00,2024-03-10T21:01:00+00:00,2821,unexplained_source_gap,2024-03-08T21:59:00+00:00,1.2856,1.28589,1.28511,1.28548,2024-03-10T21:01:00+00:00,1.28544,1.28544,1.28544,1.28544
Dukascopy,GBP/USD,2024-03-22T21:00:00+00:00,2024-03-24T21:01:00+00:00,2881,unexplained_source_gap,2024-03-22T20:59:00+00:00,1.25995,1.25997,1.25984,1.25984,2024-03-24T21:01:00+00:00,1.25948,1.25952,1.25948,1.25952
Dukascopy,GBP/USD,2024-03-29T21:00:00+00:00,2024-03-31T21:04:00+00:00,2884,unexplained_source_gap,2024-03-29T20:59:00+00:00,1.26158,1.26158,1.26158,1.26158,2024-03-31T21:04:00+00:00,1.26077,1.26097,1.26077,1.26097
Dukascopy,GBP/USD,2024-04-12T21:00:00+00:00,2024-04-14T21:02:00+00:00,2882,unexplained_source_gap,2024-04-12T20:59:00+00:00,1.24484,1.24484,1.2447,1.24482,2024-04-14T21:02:00+00:00,1.2441,1.24416,1.2441,1.24416
Dukascopy,GBP/USD,2024-04-19T21:00:00+00:00,2024-04-21T21:02:00+00:00,2882,unexplained_source_gap,2024-04-19T20:59:00+00:00,1.23692,1.23695,1.23684,1.23695,2024-04-21T21:02:00+00:00,1.23694,1.23701,1.23693,1.23701
Dukascopy,GBP/USD,2024-04-26T21:00:00+00:00,2024-04-28T21:05:00+00:00,2885,unexplained_source_gap,2024-04-26T20:59:00+00:00,1.24927,1.24927,1.24854,1.24908,2024-04-28T21:05:00+00:00,1.24632,1.24683,1.24623,1.24678
Dukascopy,GBP/USD,2024-05-03T21:00:00+00:00,2024-05-05T21:04:00+00:00,2884,unexplained_source_gap,2024-05-03T20:59:00+00:00,1.25455,1.25457,1.25446,1.25446,2024-05-05T21:04:00+00:00,1.25324,1.25343,1.25324,1.25343
Dukascopy,GBP/USD,2024-05-17T21:00:00+00:00,2024-05-19T21:02:00+00:00,2882,unexplained_source_gap,2024-05-17T20:59:00+00:00,1.27003,1.27009,1.26997,1.26999,2024-05-19T21:02:00+00:00,1.26953,1.26965,1.26953,1.26965
Dukascopy,GBP/USD,2024-05-19T22:42:00+00:00,2024-05-19T22:48:00+00:00,6,unexplained_source_gap,2024-05-19T22:41:00+00:00,1.27016,1.27016,1.27015,1.27015,2024-05-19T22:48:00+00:00,1.27015,1.27016,1.27014,1.27016
Dukascopy,GBP/USD,2024-05-24T21:00:00+00:00,2024-05-26T21:01:00+00:00,2881,unexplained_source_gap,2024-05-24T20:59:00+00:00,1.27368,1.2737,1.27358,1.27358,2024-05-26T21:01:00+00:00,1.27299,1.27309,1.27299,1.27309
Dukascopy,GBP/USD,2024-05-26T21:19:00+00:00,2024-05-26T21:25:00+00:00,6,unexplained_source_gap,2024-05-26T21:18:00+00:00,1.27357,1.27357,1.27357,1.27357,2024-05-26T21:25:00+00:00,1.27357,1.27357,1.27356,1.27356
Dukascopy,GBP/USD,2024-05-27T19:02:00+00:00,2024-05-27T19:09:00+00:00,7,unexplained_source_gap,2024-05-27T19:01:00+00:00,1.27683,1.27683,1.27683,1.27683,2024-05-27T19:09:00+00:00,1.27681,1.27683,1.27681,1.27683
Dukascopy,GBP/USD,2024-07-19T21:00:00+00:00,2024-07-21T21:04:00+00:00,2884,unexplained_source_gap,2024-07-19T20:59:00+00:00,1.2912,1.29139,1.29096,1.291,2024-07-21T21:04:00+00:00,1.29073,1.29078,1.29073,1.29078
Dukascopy,GBP/USD,2024-08-09T21:00:00+00:00,2024-08-11T21:01:00+00:00,2881,unexplained_source_gap,2024-08-09T20:59:00+00:00,1.27573,1.276,1.27568,1.27578,2024-08-11T21:01:00+00:00,1.27544,1.27569,1.27544,1.27569
Dukascopy,GBP/USD,2024-08-22T21:19:00+00:00,2024-08-22T21:30:00+00:00,11,unexplained_source_gap,2024-08-22T21:18:00+00:00,1.30864,1.30864,1.30864,1.30864,2024-08-22T21:30:00+00:00,1.30864,1.30865,1.30864,1.30864
Dukascopy,GBP/USD,2024-08-23T21:00:00+00:00,2024-08-25T21:04:00+00:00,2884,unexplained_source_gap,2024-08-23T20:59:00+00:00,1.32163,1.32168,1.32086,1.32086,2024-08-25T21:04:00+00:00,1.32179,1.32179,1.32094,1.32094
Dukascopy,GBP/USD,2024-08-30T21:00:00+00:00,2024-09-01T21:04:00+00:00,2884,unexplained_source_gap,2024-08-30T20:59:00+00:00,1.31257,1.31269,1.31231,1.31231,2024-09-01T21:04:00+00:00,1.3127,1.31271,1.31269,1.31271
Dukascopy,GBP/USD,2024-09-02T19:36:00+00:00,2024-09-02T19:43:00+00:00,7,unexplained_source_gap,2024-09-02T19:35:00+00:00,1.31461,1.31466,1.31461,1.31466,2024-09-02T19:43:00+00:00,1.31466,1.31466,1.31465,1.31465
Dukascopy,GBP/USD,2024-09-12T21:22:00+00:00,2024-09-12T21:28:00+00:00,6,unexplained_source_gap,2024-09-12T21:21:00+00:00,1.31213,1.31213,1.31213,1.31213,2024-09-12T21:28:00+00:00,1.31214,1.31214,1.31214,1.31214
Dukascopy,GBP/USD,2024-09-15T21:22:00+00:00,2024-09-15T21:33:00+00:00,11,unexplained_source_gap,2024-09-15T21:21:00+00:00,1.31193,1.31193,1.31193,1.31193,2024-09-15T21:33:00+00:00,1.31193,1.31193,1.31193,1.31193
Dukascopy,GBP/USD,2024-09-20T21:00:00+00:00,2024-09-22T21:04:00+00:00,2884,unexplained_source_gap,2024-09-20T20:59:00+00:00,1.33204,1.33238,1.33165,1.33165,2024-09-22T21:04:00+00:00,1.33039,1.33113,1.33039,1.33044
Dukascopy,GBP/USD,2024-09-29T21:16:00+00:00,2024-09-29T21:23:00+00:00,7,unexplained_source_gap,2024-09-29T21:15:00+00:00,1.33701,1.33716,1.337,1.33703,2024-09-29T21:23:00+00:00,1.33705,1.33705,1.33705,1.33705
Dukascopy,GBP/USD,2024-10-03T21:38:00+00:00,2024-10-03T21:44:00+00:00,6,unexplained_source_gap,2024-10-03T21:37:00+00:00,1.31214,1.31214,1.31214,1.31214,2024-10-03T21:44:00+00:00,1.31214,1.31214,1.31214,1.31214
Dukascopy,GBP/USD,2024-11-15T22:00:00+00:00,2024-11-17T22:04:00+00:00,2884,unexplained_source_gap,2024-11-15T21:59:00+00:00,1.26185,1.26204,1.26133,1.26133,2024-11-17T22:04:00+00:00,1.26117,1.26117,1.26117,1.26117
Dukascopy,GBP/USD,2024-11-29T22:00:00+00:00,2024-12-01T22:04:00+00:00,2884,unexplained_source_gap,2024-11-29T21:59:00+00:00,1.27282,1.27285,1.27248,1.27257,2024-12-01T22:04:00+00:00,1.27223,1.27233,1.27223,1.27226
Dukascopy,GBP/USD,2024-12-24T22:18:00+00:00,2024-12-24T22:33:00+00:00,15,unexplained_source_gap,2024-12-24T22:17:00+00:00,1.25251,1.25251,1.25251,1.25251,2024-12-24T22:33:00+00:00,1.25251,1.25251,1.25251,1.25251
Dukascopy,GBP/USD,2024-12-24T22:36:00+00:00,2024-12-24T22:54:00+00:00,18,unexplained_source_gap,2024-12-24T22:35:00+00:00,1.25251,1.25251,1.25251,1.25251,2024-12-24T22:54:00+00:00,1.2525,1.2525,1.25192,1.25192
Dukascopy,GBP/USD,2024-12-25T00:32:00+00:00,2024-12-25T00:40:00+00:00,8,unexplained_source_gap,2024-12-25T00:31:00+00:00,1.2521,1.2521,1.2521,1.2521,2024-12-25T00:40:00+00:00,1.25319,1.25319,1.25319,1.25319
Dukascopy,GBP/USD,2024-12-25T00:41:00+00:00,2024-12-25T00:48:00+00:00,7,unexplained_source_gap,2024-12-25T00:40:00+00:00,1.25319,1.25319,1.25319,1.25319,2024-12-25T00:48:00+00:00,1.2521,1.25318,1.2521,1.25318
Dukascopy,GBP/USD,2024-12-25T01:35:00+00:00,2024-12-25T02:01:00+00:00,26,unexplained_source_gap,2024-12-25T01:34:00+00:00,1.25346,1.25346,1.25346,1.25346,2024-12-25T02:01:00+00:00,1.25353,1.25353,1.25353,1.25353
Dukascopy,GBP/USD,2024-12-25T02:08:00+00:00,2024-12-25T02:20:00+00:00,12,unexplained_source_gap,2024-12-25T02:07:00+00:00,1.25353,1.25353,1.25353,1.25353,2024-12-25T02:20:00+00:00,1.25343,1.25353,1.25343,1.25353
Dukascopy,GBP/USD,2024-12-25T02:21:00+00:00,2024-12-25T02:33:00+00:00,12,unexplained_source_gap,2024-12-25T02:20:00+00:00,1.25343,1.25353,1.25343,1.25353,2024-12-25T02:33:00+00:00,1.25296,1.25353,1.25296,1.25353
Dukascopy,GBP/USD,2024-12-25T02:34:00+00:00,2024-12-25T02:45:00+00:00,11,unexplained_source_gap,2024-12-25T02:33:00+00:00,1.25296,1.25353,1.25296,1.25353,2024-12-25T02:45:00+00:00,1.25353,1.25353,1.25353,1.25353
Dukascopy,GBP/USD,2024-12-25T02:52:00+00:00,2024-12-25T02:58:00+00:00,6,unexplained_source_gap,2024-12-25T02:51:00+00:00,1.25375,1.25375,1.25354,1.25354,2024-12-25T02:58:00+00:00,1.25376,1.25376,1.25376,1.25376
Dukascopy,GBP/USD,2024-12-25T03:08:00+00:00,2024-12-25T03:18:00+00:00,10,unexplained_source_gap,2024-12-25T03:07:00+00:00,1.25354,1.25354,1.25354,1.25354,2024-12-25T03:18:00+00:00,1.2534,1.2534,1.2534,1.2534
Dukascopy,GBP/USD,2024-12-25T03:22:00+00:00,2024-12-25T03:28:00+00:00,6,unexplained_source_gap,2024-12-25T03:21:00+00:00,1.25342,1.25342,1.25342,1.25342,2024-12-25T03:28:00+00:00,1.25344,1.25344,1.25344,1.25344
Dukascopy,GBP/USD,2024-12-25T03:52:00+00:00,2024-12-25T03:58:00+00:00,6,unexplained_source_gap,2024-12-25T03:51:00+00:00,1.25347,1.25347,1.25347,1.25347,2024-12-25T03:58:00+00:00,1.25348,1.25348,1.25348,1.25348
Dukascopy,GBP/USD,2024-12-25T04:19:00+00:00,2024-12-25T04:25:00+00:00,6,unexplained_source_gap,2024-12-25T04:18:00+00:00,1.25305,1.25362,1.25305,1.25362,2024-12-25T04:25:00+00:00,1.25359,1.25362,1.25359,1.25362
Dukascopy,GBP/USD,2024-12-25T04:26:00+00:00,2024-12-25T04:49:00+00:00,23,unexplained_source_gap,2024-12-25T04:25:00+00:00,1.25359,1.25362,1.25359,1.25362,2024-12-25T04:49:00+00:00,1.25304,1.25362,1.25304,1.25362
Dukascopy,GBP/USD,2024-12-25T04:53:00+00:00,2024-12-25T05:07:00+00:00,14,unexplained_source_gap,2024-12-25T04:52:00+00:00,1.25361,1.25361,1.25361,1.25361,2024-12-25T05:07:00+00:00,1.25356,1.25356,1.25356,1.25356
Dukascopy,GBP/USD,2024-12-25T05:30:00+00:00,2024-12-25T05:42:00+00:00,12,unexplained_source_gap,2024-12-25T05:29:00+00:00,1.25356,1.25356,1.25356,1.25356,2024-12-25T05:42:00+00:00,1.25344,1.25344,1.25344,1.25344
Dukascopy,GBP/USD,2024-12-25T05:52:00+00:00,2024-12-25T05:58:00+00:00,6,unexplained_source_gap,2024-12-25T05:51:00+00:00,1.25344,1.25344,1.25344,1.25344,2024-12-25T05:58:00+00:00,1.25324,1.25324,1.25324,1.25324
Dukascopy,GBP/USD,2024-12-25T07:19:00+00:00,2024-12-25T22:03:00+00:00,884,unexplained_source_gap,2024-12-25T07:18:00+00:00,1.25357,1.2539,1.25343,1.2539,2024-12-25T22:03:00+00:00,1.25482,1.25482,1.25458,1.25458
Dukascopy,GBP/USD,2024-12-27T22:00:00+00:00,2024-12-29T22:02:00+00:00,2882,unexplained_source_gap,2024-12-27T21:59:00+00:00,1.25733,1.2574,1.25714,1.25714,2024-12-29T22:02:00+00:00,1.25706,1.25706,1.25706,1.25706
Dukascopy,USD/JPY,2016-09-23T21:00:00+00:00,2016-09-25T21:04:00+00:00,2884,unexplained_source_gap,2016-09-23T20:59:00+00:00,101.006,101.019,100.978,100.978,2016-09-25T21:04:00+00:00,100.943,100.971,100.943,100.966
Dukascopy,USD/JPY,2016-12-26T09:43:00+00:00,2016-12-26T09:54:00+00:00,11,unexplained_source_gap,2016-12-26T09:42:00+00:00,117.038,117.038,117.038,117.038,2016-12-26T09:54:00+00:00,117.045,117.045,117.039,117.039
Dukascopy,USD/JPY,2016-12-26T16:44:00+00:00,2016-12-26T16:52:00+00:00,8,unexplained_source_gap,2016-12-26T16:43:00+00:00,117.053,117.053,117.051,117.051,2016-12-26T16:52:00+00:00,117.05,117.052,117.05,117.05
Dukascopy,USD/JPY,2016-12-26T18:44:00+00:00,2016-12-26T18:50:00+00:00,6,unexplained_source_gap,2016-12-26T18:43:00+00:00,117.104,117.104,117.104,117.104,2016-12-26T18:50:00+00:00,117.104,117.125,117.104,117.125
Dukascopy,USD/JPY,2016-12-26T20:26:00+00:00,2016-12-26T20:35:00+00:00,9,unexplained_source_gap,2016-12-26T20:25:00+00:00,117.052,117.052,117.052,117.052,2016-12-26T20:35:00+00:00,117.059,117.068,117.059,117.068
Dukascopy,USD/JPY,2016-12-26T20:45:00+00:00,2016-12-26T20:57:00+00:00,12,unexplained_source_gap,2016-12-26T20:44:00+00:00,117.05,117.053,117.049,117.049,2016-12-26T20:57:00+00:00,117.067,117.067,117.051,117.054
Dukascopy,USD/JPY,2016-12-30T22:00:00+00:00,2017-01-01T22:04:00+00:00,2884,unexplained_source_gap,2016-12-30T21:59:00+00:00,116.992,116.992,116.929,116.929,2017-01-01T22:04:00+00:00,116.762,116.762,116.762,116.762
Dukascopy,USD/JPY,2017-01-01T22:06:00+00:00,2017-01-01T22:36:00+00:00,30,unexplained_source_gap,2017-01-01T22:05:00+00:00,116.762,116.762,116.739,116.739,2017-01-01T22:36:00+00:00,116.917,116.917,116.917,116.917
Dukascopy,USD/JPY,2017-01-01T23:18:00+00:00,2017-01-01T23:25:00+00:00,7,unexplained_source_gap,2017-01-01T23:17:00+00:00,116.825,116.825,116.819,116.819,2017-01-01T23:25:00+00:00,116.724,116.752,116.724,116.752
Dukascopy,USD/JPY,2017-01-01T23:41:00+00:00,2017-01-01T23:48:00+00:00,7,unexplained_source_gap,2017-01-01T23:40:00+00:00,116.762,116.762,116.762,116.762,2017-01-01T23:48:00+00:00,116.763,116.763,116.763,116.763
Dukascopy,USD/JPY,2017-01-01T23:53:00+00:00,2017-01-02T00:00:00+00:00,7,unexplained_source_gap,2017-01-01T23:52:00+00:00,116.768,116.768,116.763,116.763,2017-01-02T00:00:00+00:00,116.795,116.795,116.763,116.792
Dukascopy,USD/JPY,2017-01-02T00:13:00+00:00,2017-01-02T00:20:00+00:00,7,unexplained_source_gap,2017-01-02T00:12:00+00:00,116.794,116.794,116.792,116.792,2017-01-02T00:20:00+00:00,116.791,116.791,116.791,116.791
Dukascopy,USD/JPY,2017-01-02T02:49:00+00:00,2017-01-02T03:05:00+00:00,16,unexplained_source_gap,2017-01-02T02:48:00+00:00,116.818,116.818,116.818,116.818,2017-01-02T03:05:00+00:00,116.824,116.824,116.805,116.805
Dukascopy,USD/JPY,2017-01-02T04:44:00+00:00,2017-01-02T04:50:00+00:00,6,unexplained_source_gap,2017-01-02T04:43:00+00:00,116.82,116.82,116.82,116.82,2017-01-02T04:50:00+00:00,116.833,116.833,116.83,116.83
Dukascopy,USD/JPY,2017-01-02T05:37:00+00:00,2017-01-02T05:51:00+00:00,14,unexplained_source_gap,2017-01-02T05:36:00+00:00,116.876,116.876,116.854,116.854,2017-01-02T05:51:00+00:00,116.848,116.848,116.848,116.848
Dukascopy,USD/JPY,2017-01-02T05:52:00+00:00,2017-01-02T06:11:00+00:00,19,unexplained_source_gap,2017-01-02T05:51:00+00:00,116.848,116.848,116.848,116.848,2017-01-02T06:11:00+00:00,116.848,116.848,116.848,116.848
Dukascopy,USD/JPY,2017-01-02T06:16:00+00:00,2017-01-02T06:23:00+00:00,7,unexplained_source_gap,2017-01-02T06:15:00+00:00,116.848,116.848,116.848,116.848,2017-01-02T06:23:00+00:00,116.865,116.87,116.865,116.87
Dukascopy,USD/JPY,2017-01-02T06:36:00+00:00,2017-01-02T07:00:00+00:00,24,unexplained_source_gap,2017-01-02T06:35:00+00:00,116.861,116.861,116.859,116.859,2017-01-02T07:00:00+00:00,116.866,116.867,116.866,116.867
Dukascopy,USD/JPY,2017-01-02T11:22:00+00:00,2017-01-02T11:30:00+00:00,8,unexplained_source_gap,2017-01-02T11:21:00+00:00,117.34,117.34,117.34,117.34,2017-01-02T11:30:00+00:00,117.348,117.37,117.347,117.367
Dukascopy,USD/JPY,2017-03-12T21:20:00+00:00,2017-03-12T21:28:00+00:00,8,unexplained_source_gap,2017-03-12T21:19:00+00:00,114.696,114.699,114.695,114.696,2017-03-12T21:28:00+00:00,114.698,114.698,114.698,114.698
Dukascopy,USD/JPY,2017-04-30T21:31:00+00:00,2017-04-30T21:41:00+00:00,10,unexplained_source_gap,2017-04-30T21:30:00+00:00,111.368,111.375,111.368,111.375,2017-04-30T21:41:00+00:00,111.368,111.371,111.365,111.365
Dukascopy,USD/JPY,2017-10-01T21:18:00+00:00,2017-10-01T21:25:00+00:00,7,unexplained_source_gap,2017-10-01T21:17:00+00:00,112.498,112.502,112.498,112.502,2017-10-01T21:25:00+00:00,112.502,112.502,112.502,112.502
Dukascopy,USD/JPY,2017-12-24T23:20:00+00:00,2017-12-24T23:27:00+00:00,7,unexplained_source_gap,2017-12-24T23:19:00+00:00,113.242,113.242,113.23,113.238,2017-12-24T23:27:00+00:00,113.238,113.243,113.238,113.242
Dukascopy,USD/JPY,2018-03-30T21:00:00+00:00,2018-04-01T21:01:00+00:00,2881,unexplained_source_gap,2018-03-30T20:59:00+00:00,106.267,106.267,106.249,106.249,2018-04-01T21:01:00+00:00,106.167,106.167,106.167,106.167
Dukascopy,USD/JPY,2018-05-11T21:00:00+00:00,2018-05-13T21:01:00+00:00,2881,unexplained_source_gap,2018-05-11T20:59:00+00:00,109.369,109.374,109.36,109.369,2018-05-13T21:01:00+00:00,109.308,109.308,109.308,109.308
Dukascopy,USD/JPY,2018-06-01T21:00:00+00:00,2018-06-03T21:01:00+00:00,2881,unexplained_source_gap,2018-06-01T20:59:00+00:00,109.508,109.514,109.505,109.508,2018-06-03T21:01:00+00:00,109.455,109.455,109.453,109.453
Dukascopy,USD/JPY,2018-08-20T12:04:00+00:00,2018-08-20T12:10:00+00:00,6,unexplained_source_gap,2018-08-20T12:03:00+00:00,110.577,110.577,110.566,110.567,2018-08-20T12:10:00+00:00,110.571,110.571,110.57,110.57
Dukascopy,USD/JPY,2019-04-05T21:00:00+00:00,2019-04-07T21:03:00+00:00,2883,unexplained_source_gap,2019-04-05T20:59:00+00:00,111.696,111.699,111.688,111.688,2019-04-07T21:03:00+00:00,111.665,111.665,111.665,111.665
Dukascopy,USD/JPY,2019-09-08T21:13:00+00:00,2019-09-08T21:21:00+00:00,8,unexplained_source_gap,2019-09-08T21:12:00+00:00,106.818,106.818,106.818,106.818,2019-09-08T21:21:00+00:00,106.817,106.818,106.817,106.818
Dukascopy,USD/JPY,2020-03-20T21:00:00+00:00,2020-03-22T21:03:00+00:00,2883,unexplained_source_gap,2020-03-20T20:59:00+00:00,110.662,110.662,110.655,110.659,2020-03-22T21:03:00+00:00,110.749,110.789,110.749,110.789
Dukascopy,USD/JPY,2020-04-30T21:10:00+00:00,2020-04-30T21:20:00+00:00,10,unexplained_source_gap,2020-04-30T21:09:00+00:00,107.164,107.164,107.164,107.164,2020-04-30T21:20:00+00:00,107.164,107.164,107.164,107.164
Dukascopy,USD/JPY,2020-05-01T21:00:00+00:00,2020-05-03T21:05:00+00:00,2885,unexplained_source_gap,2020-05-01T20:59:00+00:00,106.893,106.9,106.871,106.871,2020-05-03T21:05:00+00:00,106.831,106.832,106.831,106.832
Dukascopy,USD/JPY,2020-06-12T21:00:00+00:00,2020-06-14T21:05:00+00:00,2885,unexplained_source_gap,2020-06-12T20:59:00+00:00,107.359,107.379,107.359,107.379,2020-06-14T21:05:00+00:00,107.295,107.295,107.295,107.295
Dukascopy,USD/JPY,2020-07-17T21:00:00+00:00,2020-07-19T21:10:00+00:00,2890,unexplained_source_gap,2020-07-17T20:59:00+00:00,107.024,107.031,107.017,107.018,2020-07-19T21:10:00+00:00,107.026,107.026,107.026,107.026
Dukascopy,USD/JPY,2020-08-04T21:01:00+00:00,2020-08-04T21:10:00+00:00,9,unexplained_source_gap,2020-08-04T21:00:00+00:00,105.711,105.711,105.709,105.709,2020-08-04T21:10:00+00:00,105.664,105.689,105.664,105.688
Dukascopy,USD/JPY,2020-08-14T21:00:00+00:00,2020-08-16T21:05:00+00:00,2885,unexplained_source_gap,2020-08-14T20:59:00+00:00,106.575,106.591,106.575,106.582,2020-08-16T21:05:00+00:00,106.558,106.558,106.558,106.558
Dukascopy,USD/JPY,2020-09-21T21:41:00+00:00,2020-09-21T21:47:00+00:00,6,unexplained_source_gap,2020-09-21T21:40:00+00:00,104.679,104.679,104.679,104.679,2020-09-21T21:47:00+00:00,104.678,104.679,104.678,104.679
Dukascopy,USD/JPY,2020-10-13T21:29:00+00:00,2020-10-13T21:39:00+00:00,10,unexplained_source_gap,2020-10-13T21:28:00+00:00,105.477,105.477,105.477,105.477,2020-10-13T21:39:00+00:00,105.489,105.489,105.487,105.487
Dukascopy,USD/JPY,2020-10-18T21:16:00+00:00,2020-10-18T21:23:00+00:00,7,unexplained_source_gap,2020-10-18T21:15:00+00:00,105.384,105.384,105.384,105.384,2020-10-18T21:23:00+00:00,105.385,105.385,105.371,105.371
Dukascopy,USD/JPY,2020-10-26T21:13:00+00:00,2020-10-26T21:19:00+00:00,6,unexplained_source_gap,2020-10-26T21:12:00+00:00,104.846,104.847,104.846,104.846,2020-10-26T21:19:00+00:00,104.846,104.846,104.845,104.846
Dukascopy,USD/JPY,2020-12-24T22:00:00+00:00,2020-12-24T22:08:00+00:00,8,unexplained_source_gap,2020-12-24T21:59:00+00:00,103.625,103.625,103.625,103.625,2020-12-24T22:08:00+00:00,103.573,103.573,103.572,103.572
Dukascopy,USD/JPY,2020-12-29T18:41:00+00:00,2020-12-29T18:47:00+00:00,6,unexplained_source_gap,2020-12-29T18:40:00+00:00,103.538,103.544,103.538,103.544,2020-12-29T18:47:00+00:00,103.542,103.543,103.529,103.543
Dukascopy,USD/JPY,2021-01-19T22:41:00+00:00,2021-01-19T22:47:00+00:00,6,unexplained_source_gap,2021-01-19T22:40:00+00:00,103.908,103.908,103.907,103.907,2021-01-19T22:47:00+00:00,103.907,103.909,103.907,103.908
Dukascopy,USD/JPY,2021-04-09T21:00:00+00:00,2021-04-11T21:05:00+00:00,2885,unexplained_source_gap,2021-04-09T20:59:00+00:00,109.654,109.656,109.65,109.65,2021-04-11T21:05:00+00:00,109.666,109.668,109.659,109.659
Dukascopy,USD/JPY,2021-04-14T21:36:00+00:00,2021-04-14T21:43:00+00:00,7,unexplained_source_gap,2021-04-14T21:35:00+00:00,108.934,108.934,108.934,108.934,2021-04-14T21:43:00+00:00,108.935,108.935,108.935,108.935
Dukascopy,USD/JPY,2021-04-26T21:31:00+00:00,2021-04-26T21:37:00+00:00,6,unexplained_source_gap,2021-04-26T21:30:00+00:00,108.112,108.112,108.112,108.112,2021-04-26T21:37:00+00:00,108.113,108.113,108.094,108.094
Dukascopy,USD/JPY,2021-06-03T20:21:00+00:00,2021-06-03T20:27:00+00:00,6,unexplained_source_gap,2021-06-03T20:20:00+00:00,110.277,110.287,110.275,110.287,2021-06-03T20:27:00+00:00,110.285,110.285,110.279,110.279
Dukascopy,USD/JPY,2021-06-03T21:14:00+00:00,2021-06-03T21:27:00+00:00,13,unexplained_source_gap,2021-06-03T21:13:00+00:00,110.29,110.29,110.29,110.29,2021-06-03T21:27:00+00:00,110.29,110.29,110.29,110.29
Dukascopy,USD/JPY,2021-06-18T21:00:00+00:00,2021-06-20T21:03:00+00:00,2883,unexplained_source_gap,2021-06-18T20:59:00+00:00,110.214,110.236,110.137,110.137,2021-06-20T21:03:00+00:00,110.147,110.209,110.147,110.209
Dukascopy,USD/JPY,2021-06-25T21:00:00+00:00,2021-06-27T21:01:00+00:00,2881,unexplained_source_gap,2021-06-25T20:59:00+00:00,110.781,110.794,110.74,110.74,2021-06-27T21:01:00+00:00,110.729,110.733,110.729,110.733
Dukascopy,USD/JPY,2021-08-08T21:24:00+00:00,2021-08-08T21:30:00+00:00,6,unexplained_source_gap,2021-08-08T21:23:00+00:00,110.207,110.212,110.207,110.212,2021-08-08T21:30:00+00:00,110.212,110.212,110.212,110.212
Dukascopy,USD/JPY,2021-08-13T21:00:00+00:00,2021-08-15T21:04:00+00:00,2884,unexplained_source_gap,2021-08-13T20:59:00+00:00,109.593,109.603,109.562,109.562,2021-08-15T21:04:00+00:00,109.599,109.614,109.599,109.614
Dukascopy,USD/JPY,2021-08-20T21:00:00+00:00,2021-08-22T21:03:00+00:00,2883,unexplained_source_gap,2021-08-20T20:59:00+00:00,109.768,109.778,109.7,109.7,2021-08-22T21:03:00+00:00,109.73,109.73,109.73,109.73
Dukascopy,USD/JPY,2021-09-03T21:00:00+00:00,2021-09-05T21:03:00+00:00,2883,unexplained_source_gap,2021-09-03T20:59:00+00:00,109.683,109.691,109.677,109.677,2021-09-05T21:03:00+00:00,109.689,109.689,109.689,109.689
Dukascopy,USD/JPY,2021-09-05T21:12:00+00:00,2021-09-05T21:18:00+00:00,6,unexplained_source_gap,2021-09-05T21:11:00+00:00,109.655,109.688,109.655,109.688,2021-09-05T21:18:00+00:00,109.688,109.688,109.688,109.688
Dukascopy,USD/JPY,2021-09-09T21:01:00+00:00,2021-09-09T21:07:00+00:00,6,unexplained_source_gap,2021-09-09T21:00:00+00:00,109.701,109.713,109.7,109.713,2021-09-09T21:07:00+00:00,109.713,109.713,109.713,109.713
Dukascopy,USD/JPY,2021-09-21T21:01:00+00:00,2021-09-21T21:07:00+00:00,6,unexplained_source_gap,2021-09-21T21:00:00+00:00,109.208,109.208,109.207,109.207,2021-09-21T21:07:00+00:00,109.213,109.213,109.212,109.212
Dukascopy,USD/JPY,2021-10-08T21:00:00+00:00,2021-10-10T21:03:00+00:00,2883,unexplained_source_gap,2021-10-08T20:59:00+00:00,112.22,112.226,112.214,112.215,2021-10-10T21:03:00+00:00,112.098,112.098,112.098,112.098
Dukascopy,USD/JPY,2021-12-09T22:03:00+00:00,2021-12-09T22:10:00+00:00,7,unexplained_source_gap,2021-12-09T22:02:00+00:00,113.44,113.44,113.44,113.44,2021-12-09T22:10:00+00:00,113.455,113.459,113.44,113.455
Dukascopy,USD/JPY,2021-12-15T22:06:00+00:00,2021-12-15T22:12:00+00:00,6,unexplained_source_gap,2021-12-15T22:05:00+00:00,114.029,114.029,114.029,114.029,2021-12-15T22:12:00+00:00,114.029,114.029,114.029,114.029
Dukascopy,USD/JPY,2021-12-20T22:09:00+00:00,2021-12-20T22:18:00+00:00,9,unexplained_source_gap,2021-12-20T22:08:00+00:00,113.617,113.617,113.617,113.617,2021-12-20T22:18:00+00:00,113.617,113.617,113.617,113.617
Dukascopy,USD/JPY,2021-12-24T21:59:00+00:00,2021-12-26T22:00:00+00:00,2881,unexplained_source_gap,2021-12-24T21:58:00+00:00,114.274,114.274,114.274,114.274,2021-12-26T22:00:00+00:00,114.32,114.419,114.32,114.398
Dukascopy,USD/JPY,2021-12-30T22:12:00+00:00,2021-12-30T22:19:00+00:00,7,unexplained_source_gap,2021-12-30T22:11:00+00:00,115.04,115.04,115.04,115.04,2021-12-30T22:19:00+00:00,115.04,115.04,115.04,115.04
Dukascopy,USD/JPY,2022-02-01T22:21:00+00:00,2022-02-01T22:27:00+00:00,6,unexplained_source_gap,2022-02-01T22:20:00+00:00,114.65,114.65,114.65,114.65,2022-02-01T22:27:00+00:00,114.65,114.65,114.65,114.65
Dukascopy,USD/JPY,2022-03-18T21:00:00+00:00,2022-03-20T21:04:00+00:00,2884,unexplained_source_gap,2022-03-18T20:59:00+00:00,119.141,119.142,119.11,119.116,2022-03-20T21:04:00+00:00,119.099,119.099,119.099,119.099
Dukascopy,USD/JPY,2022-04-06T21:22:00+00:00,2022-04-06T21:29:00+00:00,7,unexplained_source_gap,2022-04-06T21:21:00+00:00,123.76,123.76,123.76,123.76,2022-04-06T21:29:00+00:00,123.76,123.76,123.76,123.76
Dukascopy,USD/JPY,2022-04-11T21:02:00+00:00,2022-04-11T21:08:00+00:00,6,unexplained_source_gap,2022-04-11T21:01:00+00:00,125.352,125.352,125.352,125.352,2022-04-11T21:08:00+00:00,125.352,125.383,125.352,125.352
Dukascopy,USD/JPY,2022-04-15T20:59:00+00:00,2022-04-17T21:12:00+00:00,2893,unexplained_source_gap,2022-04-15T20:58:00+00:00,126.345,126.382,126.345,126.352,2022-04-17T21:12:00+00:00,126.334,126.36,126.334,126.36
Dukascopy,USD/JPY,2022-04-22T21:00:00+00:00,2022-04-24T21:12:00+00:00,2892,unexplained_source_gap,2022-04-22T20:59:00+00:00,128.509,128.528,128.449,128.449,2022-04-24T21:12:00+00:00,128.426,128.438,128.426,128.438
Dukascopy,USD/JPY,2022-05-13T21:00:00+00:00,2022-05-15T21:06:00+00:00,2886,unexplained_source_gap,2022-05-13T20:59:00+00:00,129.242,129.244,129.182,129.182,2022-05-15T21:06:00+00:00,129.19,129.195,129.19,129.195
Dukascopy,USD/JPY,2022-05-27T21:00:00+00:00,2022-05-29T21:02:00+00:00,2882,unexplained_source_gap,2022-05-27T20:59:00+00:00,127.097,127.101,127.075,127.087,2022-05-29T21:02:00+00:00,127.0,127.019,127.0,127.019
Dukascopy,USD/JPY,2022-06-24T21:00:00+00:00,2022-06-26T21:30:00+00:00,2910,unexplained_source_gap,2022-06-24T20:59:00+00:00,135.168,135.191,135.137,135.162,2022-06-26T21:30:00+00:00,134.974,135.091,134.963,135.091
Dukascopy,USD/JPY,2022-07-15T21:00:00+00:00,2022-07-17T21:05:00+00:00,2885,unexplained_source_gap,2022-07-15T20:59:00+00:00,138.466,138.487,138.449,138.453,2022-07-17T21:05:00+00:00,138.499,138.499,138.499,138.499
Dukascopy,USD/JPY,2022-07-17T21:43:00+00:00,2022-07-17T21:52:00+00:00,9,unexplained_source_gap,2022-07-17T21:42:00+00:00,138.527,138.527,138.527,138.527,2022-07-17T21:52:00+00:00,138.526,138.526,138.526,138.526
Dukascopy,USD/JPY,2022-08-05T21:00:00+00:00,2022-08-07T21:04:00+00:00,2884,unexplained_source_gap,2022-08-05T20:59:00+00:00,135.042,135.049,134.923,134.953,2022-08-07T21:04:00+00:00,135.015,135.035,134.977,134.977
Dukascopy,USD/JPY,2022-08-12T21:00:00+00:00,2022-08-14T21:05:00+00:00,2885,unexplained_source_gap,2022-08-12T20:59:00+00:00,133.496,133.497,133.388,133.388,2022-08-14T21:05:00+00:00,133.319,133.361,133.319,133.361
Dukascopy,USD/JPY,2022-08-24T21:53:00+00:00,2022-08-24T22:00:00+00:00,7,unexplained_source_gap,2022-08-24T21:52:00+00:00,137.102,137.102,137.099,137.099,2022-08-24T22:00:00+00:00,137.1,137.105,137.095,137.096
Dukascopy,USD/JPY,2022-09-18T21:39:00+00:00,2022-09-18T21:46:00+00:00,7,unexplained_source_gap,2022-09-18T21:38:00+00:00,142.909,142.913,142.909,142.913,2022-09-18T21:46:00+00:00,142.917,142.917,142.917,142.917
Dukascopy,USD/JPY,2022-10-07T21:00:00+00:00,2022-10-09T21:13:00+00:00,2893,unexplained_source_gap,2022-10-07T20:59:00+00:00,145.374,145.381,145.218,145.218,2022-10-09T21:13:00+00:00,145.309,145.309,145.309,145.309
Dukascopy,USD/JPY,2022-10-09T21:14:00+00:00,2022-10-09T21:28:00+00:00,14,unexplained_source_gap,2022-10-09T21:13:00+00:00,145.309,145.309,145.309,145.309,2022-10-09T21:28:00+00:00,145.308,145.308,145.308,145.308
Dukascopy,USD/JPY,2022-10-09T21:36:00+00:00,2022-10-09T21:50:00+00:00,14,unexplained_source_gap,2022-10-09T21:35:00+00:00,145.309,145.309,145.309,145.309,2022-10-09T21:50:00+00:00,145.29,145.29,145.288,145.288
Dukascopy,USD/JPY,2022-10-21T21:00:00+00:00,2022-10-23T21:05:00+00:00,2885,unexplained_source_gap,2022-10-21T20:59:00+00:00,147.559,147.569,147.559,147.569,2022-10-23T21:05:00+00:00,147.63,147.635,147.623,147.623
Dukascopy,USD/JPY,2022-10-30T21:17:00+00:00,2022-10-30T21:23:00+00:00,6,unexplained_source_gap,2022-10-30T21:16:00+00:00,147.503,147.503,147.503,147.503,2022-10-30T21:23:00+00:00,147.522,147.522,147.522,147.522
Dukascopy,USD/JPY,2022-11-20T22:12:00+00:00,2022-11-20T22:22:00+00:00,10,unexplained_source_gap,2022-11-20T22:11:00+00:00,140.3,140.3,140.3,140.3,2022-11-20T22:22:00+00:00,140.297,140.297,140.297,140.297
Dukascopy,USD/JPY,2022-12-04T22:21:00+00:00,2022-12-04T22:28:00+00:00,7,unexplained_source_gap,2022-12-04T22:20:00+00:00,134.349,134.349,134.303,134.347,2022-12-04T22:28:00+00:00,134.349,134.364,134.349,134.364
Dukascopy,USD/JPY,2022-12-15T22:00:00+00:00,2022-12-15T22:06:00+00:00,6,unexplained_source_gap,2022-12-15T21:59:00+00:00,137.788,137.791,137.758,137.77,2022-12-15T22:06:00+00:00,137.761,137.779,137.761,137.771
Dukascopy,USD/JPY,2022-12-23T22:00:00+00:00,2022-12-25T22:04:00+00:00,2884,unexplained_source_gap,2022-12-23T21:59:00+00:00,132.814,132.872,132.778,132.872,2022-12-25T22:04:00+00:00,132.703,132.703,132.67,132.67
Dukascopy,USD/JPY,2022-12-25T22:14:00+00:00,2022-12-25T22:23:00+00:00,9,unexplained_source_gap,2022-12-25T22:13:00+00:00,132.693,132.693,132.693,132.693,2022-12-25T22:23:00+00:00,132.694,132.706,132.694,132.706
Dukascopy,USD/JPY,2022-12-25T22:43:00+00:00,2022-12-25T22:49:00+00:00,6,unexplained_source_gap,2022-12-25T22:42:00+00:00,132.694,132.694,132.694,132.694,2022-12-25T22:49:00+00:00,132.719,132.719,132.719,132.719
Dukascopy,USD/JPY,2022-12-25T22:51:00+00:00,2022-12-25T22:57:00+00:00,6,unexplained_source_gap,2022-12-25T22:50:00+00:00,132.694,132.694,132.694,132.694,2022-12-25T22:57:00+00:00,132.727,132.727,132.727,132.727
Dukascopy,USD/JPY,2022-12-25T23:08:00+00:00,2022-12-25T23:15:00+00:00,7,unexplained_source_gap,2022-12-25T23:07:00+00:00,132.73,132.73,132.73,132.73,2022-12-25T23:15:00+00:00,132.743,132.743,132.735,132.736
Dukascopy,USD/JPY,2023-01-01T22:54:00+00:00,2023-01-01T23:00:00+00:00,6,unexplained_source_gap,2023-01-01T22:53:00+00:00,130.759,130.759,130.759,130.759,2023-01-01T23:00:00+00:00,130.771,130.771,130.759,130.759
Dukascopy,USD/JPY,2023-01-02T03:16:00+00:00,2023-01-02T03:25:00+00:00,9,unexplained_source_gap,2023-01-02T03:15:00+00:00,130.919,130.919,130.919,130.919,2023-01-02T03:25:00+00:00,130.93,130.93,130.93,130.93
Dukascopy,USD/JPY,2023-01-02T22:01:00+00:00,2023-01-02T22:07:00+00:00,6,unexplained_source_gap,2023-01-02T22:00:00+00:00,130.641,130.641,130.641,130.641,2023-01-02T22:07:00+00:00,130.632,130.632,130.632,130.632
Dukascopy,USD/JPY,2023-01-26T22:12:00+00:00,2023-01-26T22:24:00+00:00,12,unexplained_source_gap,2023-01-26T22:11:00+00:00,130.214,130.214,130.174,130.175,2023-01-26T22:24:00+00:00,130.173,130.176,130.173,130.173
Dukascopy,USD/JPY,2023-01-31T22:09:00+00:00,2023-01-31T22:17:00+00:00,8,unexplained_source_gap,2023-01-31T22:08:00+00:00,130.048,130.049,130.048,130.049,2023-01-31T22:17:00+00:00,130.067,130.067,130.052,130.067
Dukascopy,USD/JPY,2023-02-28T22:18:00+00:00,2023-02-28T22:24:00+00:00,6,unexplained_source_gap,2023-02-28T22:17:00+00:00,136.13,136.13,136.123,136.123,2023-02-28T22:24:00+00:00,136.134,136.134,136.131,136.131
Dukascopy,USD/JPY,2023-03-17T21:00:00+00:00,2023-03-19T21:01:00+00:00,2881,unexplained_source_gap,2023-03-17T20:59:00+00:00,131.851,131.851,131.786,131.803,2023-03-19T21:01:00+00:00,131.792,131.826,131.792,131.819
Dukascopy,USD/JPY,2023-04-09T21:22:00+00:00,2023-04-09T21:30:00+00:00,8,unexplained_source_gap,2023-04-09T21:21:00+00:00,132.136,132.136,132.136,132.136,2023-04-09T21:30:00+00:00,132.136,132.143,132.136,132.143
Dukascopy,USD/JPY,2023-04-09T21:37:00+00:00,2023-04-09T21:46:00+00:00,9,unexplained_source_gap,2023-04-09T21:36:00+00:00,132.136,132.136,132.136,132.136,2023-04-09T21:46:00+00:00,132.143,132.143,132.143,132.143
Dukascopy,USD/JPY,2023-04-12T21:38:00+00:00,2023-04-12T21:44:00+00:00,6,unexplained_source_gap,2023-04-12T21:37:00+00:00,133.074,133.074,133.074,133.074,2023-04-12T21:44:00+00:00,133.072,133.074,133.072,133.074
Dukascopy,USD/JPY,2023-04-28T21:00:00+00:00,2023-04-30T21:04:00+00:00,2884,unexplained_source_gap,2023-04-28T20:59:00+00:00,136.305,136.346,136.243,136.243,2023-04-30T21:04:00+00:00,136.105,136.109,136.105,136.109
Dukascopy,USD/JPY,2023-05-05T21:00:00+00:00,2023-05-07T21:04:00+00:00,2884,unexplained_source_gap,2023-05-05T20:59:00+00:00,134.828,134.845,134.777,134.782,2023-05-07T21:04:00+00:00,134.794,134.847,134.794,134.847
Dukascopy,USD/JPY,2023-06-09T21:00:00+00:00,2023-06-11T21:05:00+00:00,2885,unexplained_source_gap,2023-06-09T20:59:00+00:00,139.352,139.363,139.334,139.341,2023-06-11T21:05:00+00:00,139.271,139.271,139.271,139.271
Dukascopy,USD/JPY,2023-06-16T21:00:00+00:00,2023-06-18T21:01:00+00:00,2881,unexplained_source_gap,2023-06-16T20:59:00+00:00,141.828,141.843,141.795,141.795,2023-06-18T21:01:00+00:00,141.675,141.675,141.675,141.675
Dukascopy,USD/JPY,2023-06-25T21:34:00+00:00,2023-06-25T21:41:00+00:00,7,unexplained_source_gap,2023-06-25T21:33:00+00:00,143.538,143.538,143.538,143.538,2023-06-25T21:41:00+00:00,143.538,143.538,143.537,143.537
Dukascopy,USD/JPY,2023-06-30T21:00:00+00:00,2023-07-02T21:04:00+00:00,2884,unexplained_source_gap,2023-06-30T20:59:00+00:00,144.281,144.283,144.223,144.223,2023-07-02T21:04:00+00:00,144.22,144.22,144.22,144.22
Dukascopy,USD/JPY,2023-07-04T21:14:00+00:00,2023-07-04T21:25:00+00:00,11,unexplained_source_gap,2023-07-04T21:13:00+00:00,144.411,144.411,144.411,144.411,2023-07-04T21:25:00+00:00,144.411,144.424,144.411,144.424
Dukascopy,USD/JPY,2023-07-07T21:00:00+00:00,2023-07-09T21:05:00+00:00,2885,unexplained_source_gap,2023-07-07T20:59:00+00:00,142.085,142.085,142.075,142.083,2023-07-09T21:05:00+00:00,142.091,142.099,142.064,142.099
Dukascopy,USD/JPY,2023-07-09T21:34:00+00:00,2023-07-09T21:40:00+00:00,6,unexplained_source_gap,2023-07-09T21:33:00+00:00,142.109,142.109,142.109,142.109,2023-07-09T21:40:00+00:00,142.11,142.115,142.11,142.114
Dukascopy,USD/JPY,2023-07-14T21:00:00+00:00,2023-07-16T21:08:00+00:00,2888,unexplained_source_gap,2023-07-14T20:59:00+00:00,138.743,138.775,138.743,138.743,2023-07-16T21:08:00+00:00,138.599,138.6,138.599,138.6
Dukascopy,USD/JPY,2023-08-11T21:00:00+00:00,2023-08-13T21:01:00+00:00,2881,unexplained_source_gap,2023-08-11T20:59:00+00:00,144.948,144.959,144.876,144.876,2023-08-13T21:01:00+00:00,144.805,144.813,144.805,144.813
Dukascopy,USD/JPY,2023-08-13T21:33:00+00:00,2023-08-13T21:43:00+00:00,10,unexplained_source_gap,2023-08-13T21:32:00+00:00,144.944,144.945,144.944,144.945,2023-08-13T21:43:00+00:00,144.945,144.949,144.945,144.948
Dukascopy,USD/JPY,2023-09-01T21:00:00+00:00,2023-09-03T21:03:00+00:00,2883,unexplained_source_gap,2023-09-01T20:59:00+00:00,146.192,146.192,146.162,146.162,2023-09-03T21:03:00+00:00,146.17,146.177,146.17,146.177
Dukascopy,USD/JPY,2023-09-04T17:04:00+00:00,2023-09-04T17:14:00+00:00,10,unexplained_source_gap,2023-09-04T17:03:00+00:00,146.482,146.482,146.48,146.481,2023-09-04T17:14:00+00:00,146.481,146.481,146.48,146.48
Dukascopy,USD/JPY,2023-09-22T21:00:00+00:00,2023-09-24T21:04:00+00:00,2884,unexplained_source_gap,2023-09-22T20:59:00+00:00,148.373,148.373,148.332,148.341,2023-09-24T21:04:00+00:00,148.207,148.226,148.207,148.213
Dukascopy,USD/JPY,2023-11-17T22:00:00+00:00,2023-11-19T22:04:00+00:00,2884,unexplained_source_gap,2023-11-17T21:59:00+00:00,149.588,149.588,149.506,149.506,2023-11-19T22:04:00+00:00,149.575,149.575,149.547,149.547
Dukascopy,USD/JPY,2023-12-22T21:59:00+00:00,2023-12-24T23:32:00+00:00,2973,unexplained_source_gap,2023-12-22T21:58:00+00:00,142.405,142.444,142.402,142.412,2023-12-24T23:32:00+00:00,142.26,142.26,142.26,142.26
Dukascopy,USD/JPY,2023-12-25T03:11:00+00:00,2023-12-25T03:18:00+00:00,7,unexplained_source_gap,2023-12-25T03:10:00+00:00,142.205,142.205,142.205,142.205,2023-12-25T03:18:00+00:00,142.203,142.203,142.203,142.203
Dukascopy,USD/JPY,2023-12-25T03:40:00+00:00,2023-12-25T03:48:00+00:00,8,unexplained_source_gap,2023-12-25T03:39:00+00:00,142.206,142.206,142.206,142.206,2023-12-25T03:48:00+00:00,142.206,142.206,142.206,142.206
Dukascopy,USD/JPY,2023-12-25T07:20:00+00:00,2023-12-25T07:31:00+00:00,11,unexplained_source_gap,2023-12-25T07:19:00+00:00,142.265,142.265,142.265,142.265,2023-12-25T07:31:00+00:00,142.262,142.262,142.262,142.262
Dukascopy,USD/JPY,2023-12-25T07:34:00+00:00,2023-12-25T07:40:00+00:00,6,unexplained_source_gap,2023-12-25T07:33:00+00:00,142.395,142.395,142.395,142.395,2023-12-25T07:40:00+00:00,142.416,142.416,142.241,142.241
Dukascopy,USD/JPY,2023-12-25T07:41:00+00:00,2023-12-25T07:47:00+00:00,6,unexplained_source_gap,2023-12-25T07:40:00+00:00,142.416,142.416,142.241,142.241,2023-12-25T07:47:00+00:00,142.272,142.272,142.272,142.272
Dukascopy,USD/JPY,2024-01-12T22:00:00+00:00,2024-01-14T22:04:00+00:00,2884,unexplained_source_gap,2024-01-12T21:59:00+00:00,144.909,144.926,144.9,144.904,2024-01-14T22:04:00+00:00,144.78,144.824,144.78,144.824
Dukascopy,USD/JPY,2024-03-08T22:00:00+00:00,2024-03-10T21:04:00+00:00,2824,unexplained_source_gap,2024-03-08T21:59:00+00:00,147.055,147.055,147.03,147.03,2024-03-10T21:04:00+00:00,146.915,146.915,146.915,146.915
Dukascopy,USD/JPY,2024-03-22T21:00:00+00:00,2024-03-24T21:03:00+00:00,2883,unexplained_source_gap,2024-03-22T20:59:00+00:00,151.423,151.431,151.416,151.431,2024-03-24T21:03:00+00:00,151.305,151.306,151.305,151.306
Dukascopy,USD/JPY,2024-05-03T21:00:00+00:00,2024-05-05T21:04:00+00:00,2884,unexplained_source_gap,2024-05-03T20:59:00+00:00,152.959,153.008,152.951,153.008,2024-05-05T21:04:00+00:00,152.886,152.896,152.886,152.896
Dukascopy,USD/JPY,2024-05-24T21:00:00+00:00,2024-05-26T21:04:00+00:00,2884,unexplained_source_gap,2024-05-24T20:59:00+00:00,156.972,156.986,156.943,156.943,2024-05-26T21:04:00+00:00,156.806,156.835,156.806,156.831
Dukascopy,USD/JPY,2024-06-07T21:00:00+00:00,2024-06-09T21:02:00+00:00,2882,unexplained_source_gap,2024-06-07T20:59:00+00:00,156.767,156.767,156.696,156.7,2024-06-09T21:02:00+00:00,156.717,156.717,156.717,156.717
Dukascopy,USD/JPY,2024-06-14T21:00:00+00:00,2024-06-16T21:04:00+00:00,2884,unexplained_source_gap,2024-06-14T20:59:00+00:00,157.384,157.384,157.36,157.36,2024-06-16T21:04:00+00:00,157.253,157.306,157.253,157.302
Dukascopy,USD/JPY,2024-07-19T21:00:00+00:00,2024-07-21T21:04:00+00:00,2884,unexplained_source_gap,2024-07-19T20:59:00+00:00,157.45,157.486,157.404,157.475,2024-07-21T21:04:00+00:00,157.329,157.329,157.317,157.317
Dukascopy,USD/JPY,2024-08-02T21:00:00+00:00,2024-08-04T21:03:00+00:00,2883,unexplained_source_gap,2024-08-02T20:59:00+00:00,146.532,146.54,146.489,146.498,2024-08-04T21:03:00+00:00,146.441,146.441,146.441,146.441
Dukascopy,USD/JPY,2024-08-09T21:00:00+00:00,2024-08-11T21:05:00+00:00,2885,unexplained_source_gap,2024-08-09T20:59:00+00:00,146.623,146.648,146.594,146.634,2024-08-11T21:05:00+00:00,146.484,146.496,146.468,146.496
Dukascopy,USD/JPY,2024-08-30T21:00:00+00:00,2024-09-01T21:04:00+00:00,2884,unexplained_source_gap,2024-08-30T20:59:00+00:00,146.174,146.182,146.106,146.113,2024-09-01T21:04:00+00:00,145.971,145.971,145.932,145.932
Dukascopy,USD/JPY,2024-09-01T21:17:00+00:00,2024-09-01T21:25:00+00:00,8,unexplained_source_gap,2024-09-01T21:16:00+00:00,145.951,145.951,145.951,145.951,2024-09-01T21:25:00+00:00,146.027,146.027,145.999,145.999
Dukascopy,USD/JPY,2024-09-06T21:00:00+00:00,2024-09-08T21:04:00+00:00,2884,unexplained_source_gap,2024-09-06T20:59:00+00:00,142.249,142.309,142.239,142.251,2024-09-08T21:04:00+00:00,142.172,142.172,142.147,142.147
Dukascopy,USD/JPY,2024-09-20T21:00:00+00:00,2024-09-22T21:05:00+00:00,2885,unexplained_source_gap,2024-09-20T20:59:00+00:00,143.855,143.877,143.808,143.808,2024-09-22T21:05:00+00:00,143.754,143.754,143.753,143.754
Dukascopy,USD/JPY,2024-09-27T21:00:00+00:00,2024-09-29T21:06:00+00:00,2886,unexplained_source_gap,2024-09-27T20:59:00+00:00,142.223,142.236,142.15,142.15,2024-09-29T21:06:00+00:00,142.129,142.129,142.129,142.129
Dukascopy,USD/JPY,2024-09-29T21:07:00+00:00,2024-09-29T21:14:00+00:00,7,unexplained_source_gap,2024-09-29T21:06:00+00:00,142.129,142.129,142.129,142.129,2024-09-29T21:14:00+00:00,142.123,142.123,142.123,142.123
Dukascopy,USD/JPY,2024-09-29T21:18:00+00:00,2024-09-29T21:32:00+00:00,14,unexplained_source_gap,2024-09-29T21:17:00+00:00,142.119,142.119,142.119,142.119,2024-09-29T21:32:00+00:00,142.119,142.119,142.119,142.119
Dukascopy,USD/JPY,2024-10-11T21:00:00+00:00,2024-10-13T21:02:00+00:00,2882,unexplained_source_gap,2024-10-11T20:59:00+00:00,149.091,149.132,149.081,149.091,2024-10-13T21:02:00+00:00,149.029,149.033,149.021,149.033
Dukascopy,USD/JPY,2024-10-13T21:17:00+00:00,2024-10-13T21:23:00+00:00,6,unexplained_source_gap,2024-10-13T21:16:00+00:00,149.004,149.004,149.004,149.004,2024-10-13T21:23:00+00:00,149.016,149.059,149.016,149.024
Dukascopy,USD/JPY,2024-10-23T21:09:00+00:00,2024-10-23T21:18:00+00:00,9,unexplained_source_gap,2024-10-23T21:08:00+00:00,152.673,152.673,152.673,152.673,2024-10-23T21:18:00+00:00,152.673,152.673,152.671,152.671
Dukascopy,USD/JPY,2024-10-23T21:35:00+00:00,2024-10-23T21:46:00+00:00,11,unexplained_source_gap,2024-10-23T21:34:00+00:00,152.674,152.674,152.672,152.672,2024-10-23T21:46:00+00:00,152.672,152.672,152.672,152.672
Dukascopy,USD/JPY,2024-10-29T21:45:00+00:00,2024-10-29T21:53:00+00:00,8,unexplained_source_gap,2024-10-29T21:44:00+00:00,153.358,153.358,153.358,153.358,2024-10-29T21:53:00+00:00,153.352,153.368,153.346,153.366
Dukascopy,USD/JPY,2024-10-31T21:41:00+00:00,2024-10-31T21:49:00+00:00,8,unexplained_source_gap,2024-10-31T21:40:00+00:00,151.983,151.995,151.983,151.995,2024-10-31T21:49:00+00:00,151.999,152.0,151.999,152.0
Dukascopy,USD/JPY,2024-11-15T22:00:00+00:00,2024-11-17T22:03:00+00:00,2883,unexplained_source_gap,2024-11-15T21:59:00+00:00,154.321,154.321,154.248,154.248,2024-11-17T22:03:00+00:00,154.349,154.349,154.349,154.349
Dukascopy,USD/JPY,2024-11-19T22:12:00+00:00,2024-11-19T22:21:00+00:00,9,unexplained_source_gap,2024-11-19T22:11:00+00:00,154.651,154.651,154.649,154.649,2024-11-19T22:21:00+00:00,154.549,154.618,154.546,154.564
Dukascopy,USD/JPY,2024-11-28T22:19:00+00:00,2024-11-28T22:26:00+00:00,7,unexplained_source_gap,2024-11-28T22:18:00+00:00,151.514,151.514,151.514,151.514,2024-11-28T22:26:00+00:00,151.525,151.526,151.515,151.518
Dukascopy,USD/JPY,2024-11-29T22:00:00+00:00,2024-12-01T22:04:00+00:00,2884,unexplained_source_gap,2024-11-29T21:59:00+00:00,149.624,149.724,149.624,149.724,2024-12-01T22:04:00+00:00,149.514,149.529,149.514,149.529
Dukascopy,USD/JPY,2024-12-06T22:00:00+00:00,2024-12-08T22:04:00+00:00,2884,unexplained_source_gap,2024-12-06T21:59:00+00:00,150.035,150.06,149.989,149.989,2024-12-08T22:04:00+00:00,149.864,149.864,149.843,149.843
Dukascopy,USD/JPY,2024-12-10T22:01:00+00:00,2024-12-10T22:16:00+00:00,15,unexplained_source_gap,2024-12-10T22:00:00+00:00,151.92,151.92,151.914,151.914,2024-12-10T22:16:00+00:00,151.918,151.918,151.914,151.918
Dukascopy,USD/JPY,2024-12-20T22:00:00+00:00,2024-12-22T22:04:00+00:00,2884,unexplained_source_gap,2024-12-20T21:59:00+00:00,156.417,156.42,156.405,156.407,2024-12-22T22:04:00+00:00,156.249,156.27,156.249,156.27
Dukascopy,USD/JPY,2024-12-24T22:10:00+00:00,2024-12-24T22:42:00+00:00,32,unexplained_source_gap,2024-12-24T22:09:00+00:00,157.049,157.049,157.049,157.049,2024-12-24T22:42:00+00:00,157.043,157.043,157.043,157.043
Dukascopy,USD/JPY,2024-12-24T22:45:00+00:00,2024-12-24T22:51:00+00:00,6,unexplained_source_gap,2024-12-24T22:44:00+00:00,157.048,157.048,157.048,157.048,2024-12-24T22:51:00+00:00,157.044,157.044,157.044,157.044
Dukascopy,USD/JPY,2024-12-25T02:57:00+00:00,2024-12-25T03:04:00+00:00,7,unexplained_source_gap,2024-12-25T02:56:00+00:00,157.072,157.072,157.072,157.072,2024-12-25T03:04:00+00:00,157.018,157.07,157.018,157.069
Dukascopy,USD/JPY,2024-12-25T08:00:00+00:00,2024-12-25T22:04:00+00:00,844,unexplained_source_gap,2024-12-25T07:59:00+00:00,157.02,157.02,157.01,157.01,2024-12-25T22:04:00+00:00,157.176,157.176,157.17,157.17
Dukascopy,USD/JPY,2024-12-27T22:00:00+00:00,2024-12-29T22:02:00+00:00,2882,unexplained_source_gap,2024-12-27T21:59:00+00:00,157.794,157.807,157.764,157.764,2024-12-29T22:02:00+00:00,157.679,157.689,157.679,157.683
Dukascopy,USD/JPY,2024-12-30T22:40:00+00:00,2024-12-30T22:50:00+00:00,10,unexplained_source_gap,2024-12-30T22:39:00+00:00,156.898,156.898,156.898,156.898,2024-12-30T22:50:00+00:00,156.905,156.905,156.897,156.902
