scheme,fold,entry_time,exit_time,score,rsi,outcome,exit_type,spread_points,spread_observed,gross_pnl_price,denominator,reward,stress_reward,risk_multiplier
W0_expanding,2018_2020,2018-03-14T04:45:00,2018-03-14T05:21:00,0.7510138154029846,56.189726994120385,2,sl,30.0,False,-0.6,0.8999999999999999,-1.0555555555555556,-1.1111111111111112,1.0
W0_expanding,2018_2020,2018-03-20T04:57:00,2018-03-20T06:27:00,0.7530536651611328,34.44390865030118,0,timeout,30.0,False,-0.25,0.8999999999999999,-0.6666666666666669,-0.7222222222222223,1.0
W0_expanding,2018_2020,2018-05-07T03:01:00,2018-05-07T03:10:00,0.751497745513916,50.484750692708815,1,tp,30.0,False,1.5,0.8999999999999999,1.277777777777778,1.2222222222222225,1.0
W0_expanding,2018_2020,2018-05-07T04:10:00,2018-05-07T05:02:00,0.7514781951904297,48.01946917199717,2,sl,30.0,False,-0.6,0.8999999999999999,-1.0555555555555556,-1.1111111111111112,1.0
W0_expanding,2018_2020,2018-05-08T04:03:00,2018-05-08T04:30:00,0.7542629241943359,69.86234378574623,2,sl,30.0,False,-0.6,0.8999999999999999,-1.0555555555555556,-1.1111111111111112,1.0
W0_expanding,2018_2020,2018-05-10T01:37:00,2018-05-10T02:50:00,0.7541701197624207,31.168264473126513,2,sl,30.0,False,-0.6,0.8999999999999999,-1.0555555555555556,-1.1111111111111112,1.0
W0_expanding,2018_2020,2018-05-10T03:47:00,2018-05-10T04:10:00,0.751527726650238,31.775285183178767,1,tp,30.0,False,1.5,0.8999999999999999,1.277777777777778,1.2222222222222225,1.0
W0_expanding,2018_2020,2018-05-14T03:11:00,2018-05-14T03:42:00,0.7512322664260864,50.80175870341019,1,tp,30.0,False,1.5,0.8999999999999999,1.277777777777778,1.2222222222222225,1.0
W0_expanding,2018_2020,2018-05-14T04:03:00,2018-05-14T04:16:00,0.7517600059509277,61.70151502041686,2,sl,30.0,False,-0.6,0.8999999999999999,-1.0555555555555556,-1.1111111111111112,1.0
W0_expanding,2018_2020,2018-05-18T04:07:00,2018-05-18T04:21:00,0.7513812184333801,30.06508437176805,2,sl,30.0,False,-0.6,0.8999999999999999,-1.0555555555555556,-1.1111111111111112,1.0
W0_expanding,2018_2020,2018-05-21T04:02:00,2018-05-21T04:10:00,0.7500777244567871,64.54504380427167,2,sl,30.0,False,-0.6,0.8999999999999999,-1.0555555555555556,-1.1111111111111112,1.0
W0_expanding,2018_2020,2018-05-21T04:41:00,2018-05-21T04:57:00,0.7528782486915588,62.43045633901181,2,sl,30.0,False,-0.6,0.8999999999999999,-1.0555555555555556,-1.1111111111111112,1.0
W0_expanding,2018_2020,2018-05-23T01:01:00,2018-05-23T02:12:00,0.7591832280158997,32.81214111720709,1,tp,30.0,False,1.5,0.8999999999999999,1.277777777777778,1.2222222222222225,1.0
W0_expanding,2018_2020,2018-05-23T03:02:00,2018-05-23T03:08:00,0.7501949667930603,63.87039084807698,1,tp,30.0,False,1.5,0.8999999999999999,1.277777777777778,1.2222222222222225,1.0
W0_expanding,2018_2020,2018-05-23T03:49:00,2018-05-23T04:36:00,0.7506769895553589,31.168264473104273,2,sl,30.0,False,-0.6,0.8999999999999999,-1.0555555555555556,-1.1111111111111112,1.0
W0_expanding,2018_2020,2018-05-28T03:21:00,2018-05-28T04:10:00,0.7522363662719727,45.94536645484082,2,sl,30.0,False,-0.6,0.8999999999999999,-1.0555555555555556,-1.1111111111111112,1.0
W0_expanding,2018_2020,2018-05-28T04:26:00,2018-05-28T05:56:00,0.7512914538383484,53.97684336601457,0,timeout,30.0,False,-0.10999999999989996,0.8999999999999999,-0.511111111111,-0.5666666666665556,1.0
W0_expanding,2018_2020,2018-05-31T01:06:00,2018-05-31T02:36:00,0.7510842084884644,48.275473645616145,0,timeout,30.0,False,0.6600000000000819,0.8999999999999999,0.34444444444453537,0.28888888888897984,1.0
W0_expanding,2018_2020,2018-05-31T04:20:00,2018-05-31T04:30:00,0.7500627040863037,63.969929721314394,2,sl,30.0,False,-0.6,0.8999999999999999,-1.0555555555555556,-1.1111111111111112,0.5
W0_expanding,2018_2020,2018-06-04T03:13:00,2018-06-04T03:56:00,0.7660866379737854,54.65556065674197,2,sl,30.0,False,-0.6,0.8999999999999999,-1.0555555555555556,-1.1111111111111112,0.5
W0_expanding,2018_2020,2018-06-05T02:44:00,2018-06-05T03:50:00,0.750732958316803,24.27151475611076,2,sl,30.0,False,-0.6,0.8999999999999999,-1.0555555555555556,-1.1111111111111112,0.5
W0_expanding,2018_2020,2018-06-05T04:12:00,2018-06-05T05:42:00,0.7597821950912476,58.60170944950468,0,timeout,30.0,False,0.19000000000005457,0.8999999999999999,-0.1777777777777172,-0.23333333333327275,0.5
W0_expanding,2018_2020,2018-06-06T04:15:00,2018-06-06T05:45:00,0.7515683174133301,54.9442096495194,0,timeout,30.0,False,-0.15000000000009095,0.8999999999999999,-0.5555555555556567,-0.6111111111112123,0.5
W0_expanding,2018_2020,2018-06-07T04:42:00,2018-06-07T06:12:00,0.7518922686576843,33.85789447991465,0,timeout,30.0,False,0.01999999999998181,0.8999999999999999,-0.36666666666668696,-0.4222222222222425,0.5
W0_expanding,2018_2020,2018-06-08T03:44:00,2018-06-08T04:15:00,0.7511332631111145,57.36371853329216,2,sl,30.0,False,-0.6,0.8999999999999999,-1.0555555555555556,-1.1111111111111112,0.5
W0_expanding,2018_2020,2018-06-08T04:30:00,2018-06-08T04:52:00,0.7515050768852234,66.42267889233273,2,sl,30.0,False,-0.6,0.8999999999999999,-1.0555555555555556,-1.1111111111111112,0.5
W0_expanding,2018_2020,2018-06-08T08:04:00,2018-06-08T08:25:00,0.7659597396850586,74.60151679169951,2,sl,30.0,False,-0.6,0.8999999999999999,-1.0555555555555556,-1.1111111111111112,0.5
W0_expanding,2018_2020,2018-06-11T03:24:00,2018-06-11T04:31:00,0.7528473138809204,62.99911801234442,1,tp,30.0,False,1.5,0.8999999999999999,1.277777777777778,1.2222222222222225,0.5
W0_expanding,2018_2020,2018-06-12T02:04:00,2018-06-12T02:12:00,0.7508974671363831,45.678222845523095,2,sl,30.0,False,-0.6,0.8999999999999999,-1.0555555555555556,-1.1111111111111112,0.5
W0_expanding,2018_2020,2018-06-12T03:01:00,2018-06-12T03:12:00,0.7608790397644043,50.87677644744358,2,sl,30.0,False,-0.6,0.8999999999999999,-1.0555555555555556,-1.1111111111111112,0.5
W0_expanding,2018_2020,2018-06-13T03:01:00,2018-06-13T03:54:00,0.7599471807479858,30.207892801548994,2,sl,30.0,False,-0.6,0.8999999999999999,-1.0555555555555556,-1.1111111111111112,0.5
W0_expanding,2018_2020,2018-06-13T04:52:00,2018-06-13T05:00:00,0.7506470084190369,85.58450614135826,2,sl,30.0,False,-0.6,0.8999999999999999,-1.0555555555555556,-1.1111111111111112,0.5
W0_expanding,2018_2020,2018-06-14T03:45:00,2018-06-14T04:19:00,0.7512443661689758,65.51645066352715,2,sl,30.0,False,-0.6,0.8999999999999999,-1.0555555555555556,-1.1111111111111112,0.5
W0_expanding,2018_2020,2018-06-20T03:01:00,2018-06-20T03:06:00,0.7630545496940613,46.19845217641181,2,sl,30.0,False,-0.6,0.8999999999999999,-1.0555555555555556,-1.1111111111111112,0.5
W0_expanding,2018_2020,2018-06-20T03:34:00,2018-06-20T03:55:00,0.7534544467926025,59.999505886424785,2,sl,30.0,False,-0.6,0.8999999999999999,-1.0555555555555556,-1.1111111111111112,0.5
W0_expanding,2018_2020,2018-06-26T03:01:00,2018-06-26T04:31:00,0.7549940347671509,47.56720759951185,0,timeout,30.0,False,0.5099999999999909,0.8999999999999999,0.17777777777776765,0.1222222222222121,0.5
W0_expanding,2018_2020,2018-06-27T03:32:00,2018-06-27T04:33:00,0.7557786703109741,66.26450138371914,2,sl,30.0,False,-0.6,0.8999999999999999,-1.0555555555555556,-1.1111111111111112,0.5
W0_expanding,2018_2020,2018-06-27T04:54:00,2018-06-27T05:03:00,0.7534071803092957,46.15363004989216,2,sl,30.0,False,-0.732571428571438,1.032571428571438,-1.048422800221361,-1.0968456004427218,0.5
W0_expanding,2018_2020,2018-06-29T04:20:00,2018-06-29T04:25:00,0.750186026096344,28.06102405391023,2,sl,30.0,False,-0.6,0.8999999999999999,-1.0555555555555556,-1.1111111111111112,0.5
W0_expanding,2018_2020,2018-07-03T04:48:00,2018-07-03T05:22:00,0.7519492506980896,33.145937066535495,1,tp,30.0,False,1.5,0.9411428571428457,1.2219186399514415,1.1687917425622487,0.5
W0_expanding,2018_2020,2018-07-09T04:16:00,2018-07-09T04:52:00,0.7521611452102661,45.26984204204055,1,tp,30.0,False,1.5,0.8999999999999999,1.277777777777778,1.2222222222222225,0.5
W0_expanding,2018_2020,2018-07-10T03:37:00,2018-07-10T04:10:00,0.7638475298881531,23.008564495658092,1,tp,30.0,False,1.5,0.8999999999999999,1.277777777777778,1.2222222222222225,0.5
W0_expanding,2018_2020,2018-07-16T02:49:00,2018-07-16T03:42:00,0.763323187828064,23.943189852579124,1,tp,30.0,False,1.5,0.8999999999999999,1.277777777777778,1.2222222222222225,0.5
W0_expanding,2018_2020,2018-07-17T02:41:00,2018-07-17T03:33:00,0.7627797722816467,54.23600117962649,2,sl,30.0,False,-0.6,0.8999999999999999,-1.0555555555555556,-1.1111111111111112,0.5
W0_expanding,2018_2020,2018-07-17T04:15:00,2018-07-17T04:18:00,0.7521700263023376,45.67874917593125,2,sl,30.0,False,-0.6,0.8999999999999999,-1.0555555555555556,-1.1111111111111112,0.5
W0_expanding,2018_2020,2018-07-17T04:34:00,2018-07-17T04:51:00,0.7501230239868164,62.73030323828669,1,tp,30.0,False,1.5,0.8999999999999999,1.277777777777778,1.2222222222222225,0.5
W0_expanding,2018_2020,2018-07-18T02:17:00,2018-07-18T02:51:00,0.7518669366836548,48.340911482105334,2,sl,30.0,False,-0.6,0.8999999999999999,-1.0555555555555556,-1.1111111111111112,0.5
W0_expanding,2018_2020,2018-07-18T03:13:00,2018-07-18T03:23:00,0.7601991891860962,55.490880420623846,2,sl,30.0,False,-0.6,0.8999999999999999,-1.0555555555555556,-1.1111111111111112,0.5
W0_expanding,2018_2020,2018-07-19T01:28:00,2018-07-19T01:58:00,0.7587227821350098,51.89781446910958,2,sl,30.0,False,-0.6,0.8999999999999999,-1.0555555555555556,-1.1111111111111112,0.5
W0_expanding,2018_2020,2018-07-24T02:25:00,2018-07-24T03:31:00,0.7702733278274536,28.74974843970098,2,sl,30.0,False,-0.6,0.8999999999999999,-1.0555555555555556,-1.1111111111111112,0.5
W0_expanding,2018_2020,2018-07-24T04:01:00,2018-07-24T04:18:00,0.7652067542076111,47.61869488797609,2,sl,30.0,False,-0.6,0.8999999999999999,-1.0555555555555556,-1.1111111111111112,0.5
W0_expanding,2018_2020,2018-07-30T02:38:00,2018-07-30T02:52:00,0.7646604180335999,56.94333721287875,2,sl,30.0,False,-0.6,0.8999999999999999,-1.0555555555555556,-1.1111111111111112,0.5
W0_expanding,2018_2020,2018-07-30T04:01:00,2018-07-30T04:34:00,0.7750792503356934,28.40213157996942,2,sl,30.0,False,-0.6,0.8999999999999999,-1.0555555555555556,-1.1111111111111112,0.5
W0_expanding,2018_2020,2018-08-07T04:36:00,2018-08-07T04:50:00,0.7509583234786987,33.953267281049676,2,sl,30.0,False,-0.6,0.8999999999999999,-1.0555555555555556,-1.1111111111111112,0.5
W0_expanding,2018_2020,2018-08-08T03:02:00,2018-08-08T03:14:00,0.7518842816352844,63.15634352841926,2,sl,30.0,False,-0.6,0.8999999999999999,-1.0555555555555556,-1.1111111111111112,0.5
W0_expanding,2018_2020,2018-08-08T04:01:00,2018-08-08T04:32:00,0.7791174054145813,45.21684083846693,1,tp,30.0,False,1.5,0.8999999999999999,1.277777777777778,1.2222222222222225,0.5
W0_expanding,2018_2020,2018-08-09T03:07:00,2018-08-09T04:36:00,0.7624121904373169,75.80473989297903,2,sl,30.0,False,-0.6,0.8999999999999999,-1.0555555555555556,-1.1111111111111112,0.5
W0_expanding,2018_2020,2018-08-13T04:01:00,2018-08-13T04:06:00,0.7658599615097046,28.86577107174996,2,sl,30.0,False,-0.6,0.8999999999999999,-1.0555555555555556,-1.1111111111111112,0.5
W0_expanding,2018_2020,2018-08-13T04:28:00,2018-08-13T04:38:00,0.7549509406089783,58.16700623980749,2,sl,30.0,False,-0.6,0.8999999999999999,-1.0555555555555556,-1.1111111111111112,0.5
W0_expanding,2018_2020,2018-08-14T03:36:00,2018-08-14T03:45:00,0.7535180449485779,45.2827198310985,2,sl,30.0,False,-0.6,0.8999999999999999,-1.0555555555555556,-1.1111111111111112,0.5
W0_expanding,2018_2020,2018-08-14T04:25:00,2018-08-14T04:43:00,0.7526879906654358,26.717414487094644,1,tp,30.0,False,1.5,0.8999999999999999,1.277777777777778,1.2222222222222225,0.5
W0_expanding,2018_2020,2018-08-15T02:49:00,2018-08-15T03:26:00,0.7585867047309875,24.7997222431065,2,sl,30.0,False,-0.6,0.8999999999999999,-1.0555555555555556,-1.1111111111111112,0.5
W0_expanding,2018_2020,2018-08-15T04:12:00,2018-08-15T05:18:00,0.7520877718925476,26.821067716905006,2,sl,30.0,False,-0.6,0.8999999999999999,-1.0555555555555556,-1.1111111111111112,0.5
W0_expanding,2018_2020,2018-08-16T03:50:00,2018-08-16T03:52:00,0.7787615656852722,26.742127666394765,1,tp,30.0,False,1.5627857142857076,2.223428571428563,0.5454574659470564,0.5229696736057559,0.5
W0_expanding,2018_2020,2018-09-05T02:20:00,2018-09-05T03:14:00,0.7609918117523193,49.99890627392526,2,sl,30.0,False,-0.6,0.8999999999999999,-1.0555555555555556,-1.1111111111111112,0.5
W0_expanding,2018_2020,2018-09-10T03:26:00,2018-09-10T03:27:00,0.7514614462852478,49.99931373490952,2,sl,30.0,False,-0.6,0.8999999999999999,-1.0555555555555556,-1.1111111111111112,0.5
W0_expanding,2018_2020,2018-09-11T04:14:00,2018-09-11T04:42:00,0.7563781142234802,57.07278096637238,2,sl,30.0,False,-0.6,0.8999999999999999,-1.0555555555555556,-1.1111111111111112,0.5
W0_expanding,2018_2020,2018-09-17T02:21:00,2018-09-17T02:28:00,0.7679206728935242,23.308025329053848,2,sl,30.0,False,-0.6,0.8999999999999999,-1.0555555555555556,-1.1111111111111112,0.5
W0_expanding,2018_2020,2018-09-17T02:53:00,2018-09-17T03:02:00,0.7587658166885376,54.197894068306205,2,sl,30.0,False,-0.6,0.8999999999999999,-1.0555555555555556,-1.1111111111111112,0.5
W0_expanding,2018_2020,2018-09-17T03:26:00,2018-09-17T03:39:00,0.7516879439353943,61.36314824768058,2,sl,30.0,False,-0.6,0.8999999999999999,-1.0555555555555556,-1.1111111111111112,0.5
W0_expanding,2018_2020,2018-09-17T04:30:00,2018-09-17T05:01:00,0.7516888976097107,60.605417821329276,2,sl,30.0,False,-0.6,0.8999999999999999,-1.0555555555555556,-1.1111111111111112,0.5
W0_expanding,2018_2020,2018-09-19T04:01:00,2018-09-19T05:31:00,0.7791460156440735,33.33259260905314,0,timeout,30.0,False,1.1900000000000546,0.8999999999999999,0.933333333333394,0.8777777777778385,0.5
W0_expanding,2018_2020,2018-09-24T02:01:00,2018-09-24T02:16:00,0.7501983642578125,25.88192665061294,2,sl,30.0,False,-0.6,0.8999999999999999,-1.0555555555555556,-1.1111111111111112,0.5
W0_expanding,2018_2020,2018-09-24T02:41:00,2018-09-24T03:18:00,0.7570873498916626,46.61605065811569,2,sl,30.0,False,-0.6,0.8999999999999999,-1.0555555555555556,-1.1111111111111112,0.5
W0_expanding,2018_2020,2018-09-25T03:16:00,2018-09-25T03:32:00,0.7501944899559021,28.357616408035113,2,sl,30.0,False,-0.6,0.8999999999999999,-1.0555555555555556,-1.1111111111111112,0.5
W0_expanding,2018_2020,2018-09-25T04:01:00,2018-09-25T05:02:00,0.7738314270973206,49.999507047113624,2,sl,30.0,False,-0.6,0.8999999999999999,-1.0555555555555556,-1.1111111111111112,0.5
W0_expanding,2018_2020,2018-09-26T03:28:00,2018-09-26T03:36:00,0.7591612935066223,52.77675156316229,2,sl,30.0,False,-0.6,0.8999999999999999,-1.0555555555555556,-1.1111111111111112,0.5
W0_expanding,2018_2020,2018-09-26T04:13:00,2018-09-26T05:25:00,0.7515665888786316,53.74098477974162,1,tp,30.0,False,1.5,0.8999999999999999,1.277777777777778,1.2222222222222225,0.5
W0_expanding,2018_2020,2018-10-02T01:07:00,2018-10-02T02:55:00,0.7523797154426575,64.70455020043902,0,timeout,30.0,False,0.20000000000004547,0.8999999999999999,-0.1666666666666162,-0.22222222222217175,0.5
W0_expanding,2018_2020,2018-10-04T03:02:00,2018-10-04T04:32:00,0.7507947087287903,55.66929961836109,0,timeout,30.0,False,0.3000000000001819,0.8999999999999999,-0.055555555555353485,-0.11111111111090903,0.5
W0_expanding,2018_2020,2018-10-10T01:55:00,2018-10-10T03:32:00,0.7511309385299683,45.53514509640602,0,timeout,30.0,False,0.540000000000191,0.8999999999999999,0.2111111111113233,0.15555555555576775,0.5
W0_expanding,2018_2020,2018-11-09T04:53:00,2018-11-09T05:37:00,0.7529802322387695,58.33257717030121,2,sl,25.0,True,-0.6,0.85,-1.0588235294117647,-1.1176470588235294,0.5
W0_expanding,2018_2020,2018-11-12T03:13:00,2018-11-12T03:44:00,0.7548351883888245,30.344681094648877,1,tp,21.0,True,1.5,0.8099999999999999,1.5308641975308643,1.4691358024691359,0.5
W0_expanding,2018_2020,2018-11-12T04:16:00,2018-11-12T04:26:00,0.7513984441757202,49.63978780069876,2,sl,22.0,True,-0.6,0.82,-1.0609756097560976,-1.121951219512195,0.5
W0_expanding,2018_2020,2018-11-13T04:26:00,2018-11-13T05:56:00,0.7553762793540955,32.95402118602688,0,timeout,22.0,True,1.0900000000001455,0.82,1.0000000000001774,0.9390243902440799,0.5
W0_expanding,2018_2020,2018-11-14T04:28:00,2018-11-14T05:58:00,0.7579329609870911,33.73437074555336,0,timeout,21.0,True,0.5499999999999545,0.8099999999999999,0.35802469135796855,0.29629629629624016,0.5
W0_expanding,2018_2020,2018-11-28T03:18:00,2018-11-28T04:50:00,0.7517642378807068,72.22141976200464,0,timeout,24.0,True,0.6800000000000637,0.84,0.46428571428579013,0.40476190476198054,0.5
W0_expanding,2018_2020,2018-11-28T04:55:00,2018-11-28T05:51:00,0.7516736388206482,66.93472815629471,2,sl,20.0,True,-0.6,0.8,-1.0625,-1.1249999999999998,0.5
W0_expanding,2018_2020,2018-12-14T04:54:00,2018-12-14T06:24:00,0.7583613395690918,58.331972253996526,0,timeout,26.0,True,-0.33999999999991815,0.86,-0.755813953488277,-0.8139534883719979,0.5
W0_expanding,2018_2020,2019-01-18T08:51:00,2019-01-18T09:17:00,0.7623240947723389,74.38897384678866,2,sl,22.0,True,-0.6,0.82,-1.0609756097560976,-1.121951219512195,0.5
W0_expanding,2018_2020,2019-01-22T03:32:00,2019-01-22T04:00:00,0.7515838742256165,59.04683175653391,2,sl,21.0,True,-0.6,0.8099999999999999,-1.0617283950617284,-1.1234567901234567,0.5
W0_expanding,2018_2020,2019-02-08T04:51:00,2019-02-08T05:03:00,0.7537211179733276,84.61234724904172,2,sl,26.0,True,-0.6,0.86,-1.0581395348837208,-1.1162790697674418,0.5
W0_expanding,2018_2020,2019-02-13T04:26:00,2019-02-13T05:56:00,0.7560521364212036,60.18440501697609,0,timeout,27.0,True,0.6599999999998545,0.87,0.39080459770098214,0.33333333333316606,0.5
W0_expanding,2018_2020,2019-02-13T08:07:00,2019-02-13T09:13:00,0.7565087676048279,54.87711185420036,2,sl,25.0,True,-0.6,0.85,-1.0588235294117647,-1.1176470588235294,0.5
W0_expanding,2018_2020,2019-02-19T04:18:00,2019-02-19T05:48:00,0.7505366206169128,67.44076259223625,0,timeout,24.0,True,-0.01999999999998181,0.84,-0.36904761904759736,-0.42857142857140695,0.5
W0_expanding,2018_2020,2019-03-11T04:31:00,2019-03-11T06:02:00,0.7508220076560974,74.795896632071,0,timeout,24.0,True,0.36999999999989086,0.84,0.09523809523796534,0.03571428571415576,0.5
W0_expanding,2018_2020,2019-03-11T08:23:00,2019-03-11T08:42:00,0.7521995902061462,95.52039211118176,2,sl,22.0,True,-0.6,0.82,-1.0609756097560976,-1.121951219512195,0.5
W0_expanding,2018_2020,2019-03-12T04:01:00,2019-03-12T05:09:00,0.7653828263282776,54.83788416089227,1,tp,23.0,True,1.5,0.83,1.4698795180722892,1.4096385542168675,0.5
W0_expanding,2018_2020,2019-03-13T04:07:00,2019-03-13T04:40:00,0.7535476088523865,45.19169934251516,1,tp,21.0,True,1.5,0.8099999999999999,1.5308641975308643,1.4691358024691359,0.5
W0_expanding,2018_2020,2019-03-19T04:01:00,2019-03-19T04:29:00,0.7698078155517578,65.09347989743632,1,tp,25.0,True,1.5,0.85,1.411764705882353,1.352941176470588,0.5
W0_expanding,2018_2020,2019-03-19T04:41:00,2019-03-19T06:11:00,0.7507579922676086,62.38451983185288,0,timeout,22.0,True,0.03999999999996362,0.82,-0.28048780487809316,-0.3414634146341907,0.5
W0_expanding,2018_2020,2019-03-20T04:09:00,2019-03-20T04:24:00,0.7524541616439819,60.838565216849595,2,sl,26.0,True,-0.6,0.86,-1.0581395348837208,-1.1162790697674418,0.5
W0_expanding,2018_2020,2019-04-03T03:36:00,2019-04-03T03:42:00,0.7558317184448242,53.74098477974162,2,sl,28.0,True,-0.6,0.88,-1.0568181818181817,-1.1136363636363635,0.5
W0_expanding,2018_2020,2019-04-04T03:02:00,2019-04-04T04:03:00,0.7540003061294556,66.10012643769082,2,sl,22.0,True,-0.6,0.82,-1.0609756097560976,-1.121951219512195,0.5
W0_expanding,2018_2020,2019-04-05T04:04:00,2019-04-05T04:17:00,0.7558872103691101,58.99917401155565,2,sl,25.0,True,-0.6,0.85,-1.0588235294117647,-1.1176470588235294,0.5
W0_expanding,2018_2020,2019-04-08T03:01:00,2019-04-08T03:54:00,0.7746548652648926,59.257722947915774,1,tp,23.0,True,1.5,0.83,1.4698795180722892,1.4096385542168675,0.5
W0_expanding,2018_2020,2019-04-08T04:24:00,2019-04-08T04:33:00,0.7646757364273071,51.38081804891978,1,tp,22.0,True,1.5,0.82,1.5,1.4390243902439024,0.5
W0_expanding,2018_2020,2019-04-09T03:02:00,2019-04-09T03:08:00,0.7568244934082031,50.76813730165704,2,sl,24.0,True,-0.6,0.84,-1.0595238095238095,-1.119047619047619,0.5
W0_expanding,2018_2020,2019-04-16T04:01:00,2019-04-16T04:16:00,0.7503674030303955,66.40552368957896,2,sl,25.0,True,-0.6,0.85,-1.0588235294117647,-1.1176470588235294,0.5
W0_expanding,2018_2020,2019-04-22T04:19:00,2019-04-22T04:55:00,0.7582128643989563,64.02813209075721,1,tp,25.0,True,1.5,0.85,1.411764705882353,1.352941176470588,0.5
W0_expanding,2018_2020,2019-04-23T03:01:00,2019-04-23T03:15:00,0.7672072052955627,53.163614822012164,2,sl,22.0,True,-0.6,0.82,-1.0609756097560976,-1.121951219512195,0.5
W0_expanding,2018_2020,2019-04-23T03:59:00,2019-04-23T04:08:00,0.7537041902542114,69.03163455298628,2,sl,21.0,True,-0.6,0.8099999999999999,-1.0617283950617284,-1.1234567901234567,0.5
W0_expanding,2018_2020,2019-04-23T04:25:00,2019-04-23T05:13:00,0.7557004690170288,65.57301801454219,2,sl,24.0,True,-0.6,0.84,-1.0595238095238095,-1.119047619047619,0.5
W0_expanding,2018_2020,2019-04-24T03:01:00,2019-04-24T03:38:00,0.7640904784202576,45.26249086854932,2,sl,24.0,True,-0.6,0.84,-1.0595238095238095,-1.119047619047619,0.5
W0_expanding,2018_2020,2019-04-24T04:12:00,2019-04-24T04:30:00,0.7550917267799377,45.0326950611031,2,sl,25.0,True,-0.6,0.85,-1.0588235294117647,-1.1176470588235294,0.5
W0_expanding,2018_2020,2019-04-24T04:48:00,2019-04-24T04:53:00,0.7517729997634888,75.6512529412579,2,sl,22.0,True,-0.6,0.82,-1.0609756097560976,-1.121951219512195,0.5
W0_expanding,2018_2020,2019-04-25T01:01:00,2019-04-25T01:12:00,0.7672719359397888,72.0573399959506,2,sl,28.0,True,-0.6,0.88,-1.0568181818181817,-1.1136363636363635,0.5
W0_expanding,2018_2020,2019-04-25T01:57:00,2019-04-25T02:34:00,0.7551275491714478,69.04531753703061,2,sl,27.0,True,-0.6,0.87,-1.057471264367816,-1.1149425287356323,0.5
W0_expanding,2018_2020,2019-04-25T02:58:00,2019-04-25T03:03:00,0.7640780210494995,67.53185360652968,2,sl,23.0,True,-0.6,0.83,-1.0602409638554218,-1.1204819277108433,0.5
W0_expanding,2018_2020,2019-04-25T03:44:00,2019-04-25T05:14:00,0.7580011487007141,75.55477202458155,0,timeout,20.0,True,1.2299999999997908,0.8,1.2249999999997385,1.1624999999997383,0.5
W0_expanding,2018_2020,2019-04-26T02:58:00,2019-04-26T03:19:00,0.7528262138366699,46.77313738075166,2,sl,26.0,True,-0.6,0.86,-1.0581395348837208,-1.1162790697674418,0.5
W0_expanding,2018_2020,2019-04-26T04:52:00,2019-04-26T05:36:00,0.7605699896812439,58.47388251325979,1,tp,19.0,True,1.5,0.79,1.5949367088607593,1.5316455696202531,0.5
W0_expanding,2018_2020,2019-04-26T08:08:00,2019-04-26T09:32:00,0.7528985738754272,54.9442096495194,1,tp,24.0,True,1.5,0.84,1.4404761904761905,1.380952380952381,0.5
W0_expanding,2018_2020,2019-04-26T09:55:00,2019-04-26T10:00:00,0.7503384351730347,94.91300206436172,2,sl,20.0,True,-0.6,0.8,-1.0625,-1.1249999999999998,0.5
W0_expanding,2018_2020,2019-04-29T02:37:00,2019-04-29T03:27:00,0.752652645111084,57.574536297724286,2,sl,19.0,True,-0.6,0.79,-1.0632911392405062,-1.1265822784810124,0.5
W0_expanding,2018_2020,2019-04-30T03:01:00,2019-04-30T04:11:00,0.7801383137702942,57.14171430856633,1,tp,23.0,True,1.5,0.83,1.4698795180722892,1.4096385542168675,0.5
W0_expanding,2018_2020,2019-04-30T04:13:00,2019-04-30T05:43:00,0.756215512752533,57.691997043094865,0,timeout,26.0,True,0.01999999999998181,0.9057142857143221,-0.32018927444795675,-0.3753943217665665,0.5
W0_expanding,2018_2020,2019-05-01T01:01:00,2019-05-01T01:45:00,0.7544928193092346,52.11164850270288,2,sl,26.0,True,-0.6,0.86,-1.0581395348837208,-1.1162790697674418,0.5
W0_expanding,2018_2020,2019-05-01T02:22:00,2019-05-01T03:52:00,0.7553987503051758,51.722889447494744,0,timeout,24.0,True,-0.3400000000001455,0.84,-0.7500000000001733,-0.8095238095239828,0.5
W0_expanding,2018_2020,2019-05-03T04:02:00,2019-05-03T04:20:00,0.7548415064811707,56.5885331477076,2,sl,27.0,True,-0.6,0.87,-1.057471264367816,-1.1149425287356323,0.5
W0_expanding,2018_2020,2019-05-07T03:01:00,2019-05-07T03:34:00,0.7616870999336243,68.86701496395999,2,sl,19.0,True,-0.6,0.79,-1.0632911392405062,-1.1265822784810124,0.5
W0_expanding,2018_2020,2019-05-07T04:01:00,2019-05-07T04:10:00,0.7940062880516052,55.837166639424595,2,sl,22.0,True,-0.6,0.82,-1.0609756097560976,-1.121951219512195,0.5
W0_expanding,2018_2020,2019-05-07T04:32:00,2019-05-07T06:02:00,0.759506106376648,54.204898253665924,0,timeout,21.0,True,1.1800000000000637,0.8099999999999999,1.1358024691358812,1.0740740740741528,0.5
W0_expanding,2018_2020,2019-05-08T03:01:00,2019-05-08T03:20:00,0.7752899527549744,66.26394253590969,2,sl,18.0,True,-0.6,0.78,-1.064102564102564,-1.1282051282051282,0.5
W0_expanding,2018_2020,2019-05-08T04:11:00,2019-05-08T04:21:00,0.7779425382614136,29.936038786902273,2,sl,20.0,True,-0.6,0.8,-1.0625,-1.1249999999999998,0.5
W0_expanding,2018_2020,2019-05-08T08:05:00,2019-05-08T09:35:00,0.7507725358009338,66.66511114740656,0,timeout,25.0,True,0.5699999999999363,0.85,0.3176470588234545,0.2588235294116898,0.5
W0_expanding,2018_2020,2019-05-09T03:01:00,2019-05-09T03:31:00,0.7529864311218262,28.570612268227535,1,tp,21.0,True,1.5,0.8099999999999999,1.5308641975308643,1.4691358024691359,0.5
W0_expanding,2018_2020,2019-05-13T04:17:00,2019-05-13T04:45:00,0.7500023245811462,31.394837758438484,2,sl,25.0,True,-0.6,0.85,-1.0588235294117647,-1.1176470588235294,0.5
W0_expanding,2018_2020,2019-05-15T03:01:00,2019-05-15T04:31:00,0.7731819152832031,48.999314009604326,0,timeout,18.0,True,0.07999999999992724,0.78,-0.1923076923077856,-0.2564102564103497,0.5
W0_expanding,2018_2020,2019-05-16T03:21:00,2019-05-16T04:51:00,0.7572289705276489,29.473249867902226,0,timeout,30.0,True,0.0500000000001819,0.8999999999999999,-0.3333333333331313,-0.38888888888868683,0.5
W0_expanding,2018_2020,2019-05-17T04:17:00,2019-05-17T05:47:00,0.7529590725898743,67.06530603934559,0,timeout,24.0,True,-0.16000000000008185,0.84,-0.5357142857143832,-0.5952380952381928,0.5
W0_expanding,2018_2020,2019-05-20T03:01:00,2019-05-20T03:05:00,0.7547916769981384,55.61455689636678,2,sl,23.0,True,-0.6,0.83,-1.0602409638554218,-1.1204819277108433,0.5
W0_expanding,2018_2020,2019-05-20T04:15:00,2019-05-20T04:23:00,0.7512895464897156,57.86760906267249,2,sl,20.0,True,-0.6,0.8,-1.0625,-1.1249999999999998,0.5
W0_expanding,2018_2020,2019-05-20T04:49:00,2019-05-20T05:48:00,0.7579841017723083,26.288470083204373,2,sl,19.0,True,-0.6,0.79,-1.0632911392405062,-1.1265822784810124,0.5
W0_expanding,2018_2020,2019-05-21T04:01:00,2019-05-21T04:03:00,0.7659394145011902,53.48779160535996,2,sl,23.0,True,-0.6,0.83,-1.0602409638554218,-1.1204819277108433,0.5
W0_expanding,2018_2020,2019-05-22T03:05:00,2019-05-22T03:54:00,0.7513520121574402,64.70512111622328,2,sl,25.0,True,-0.6,0.85,-1.0588235294117647,-1.1176470588235294,0.5
W0_expanding,2018_2020,2019-05-24T03:25:00,2019-05-24T03:46:00,0.7541478276252747,26.581807411000256,2,sl,24.0,True,-0.6,0.84,-1.0595238095238095,-1.119047619047619,0.5
W0_expanding,2018_2020,2019-05-24T04:02:00,2019-05-24T04:21:00,0.7582134008407593,85.84792276329337,2,sl,24.0,True,-0.6,0.84,-1.0595238095238095,-1.119047619047619,0.5
W0_expanding,2018_2020,2019-05-24T08:01:00,2019-05-24T09:02:00,0.759025514125824,69.33203913526705,2,sl,22.0,True,-0.6,0.82,-1.0609756097560976,-1.121951219512195,0.5
W0_expanding,2018_2020,2019-05-24T09:39:00,2019-05-24T09:43:00,0.753376841545105,47.61841270688129,2,sl,22.0,True,-0.6,0.82,-1.0609756097560976,-1.121951219512195,0.5
W0_expanding,2018_2020,2019-05-27T01:57:00,2019-05-27T02:31:00,0.750041663646698,28.394570958049115,2,sl,27.0,True,-0.6,0.87,-1.057471264367816,-1.1149425287356323,0.5
W0_expanding,2018_2020,2019-05-27T04:18:00,2019-05-27T05:48:00,0.7619105577468872,87.34099824431772,0,timeout,22.0,True,0.4700000000000273,0.82,0.24390243902442352,0.18292682926832596,0.5
W0_expanding,2018_2020,2019-05-27T08:11:00,2019-05-27T08:55:00,0.7645750045776367,49.998703737310514,2,sl,23.0,True,-0.6,0.83,-1.0602409638554218,-1.1204819277108433,0.5
W0_expanding,2018_2020,2019-05-27T09:15:00,2019-05-27T09:43:00,0.7944815158843994,59.52182546296205,2,sl,23.0,True,-0.6,0.83,-1.0602409638554218,-1.1204819277108433,0.5
W0_expanding,2018_2020,2019-05-27T11:31:00,2019-05-27T11:59:00,0.7608979344367981,49.99833338888704,2,sl,26.0,True,-0.6,0.86,-1.0581395348837208,-1.1162790697674418,0.5
W0_expanding,2018_2020,2019-05-27T12:16:00,2019-05-27T13:37:00,0.7839578986167908,73.80706357408552,2,sl,23.0,True,-0.6,0.83,-1.0602409638554218,-1.1204819277108433,0.5
W0_expanding,2018_2020,2019-05-28T03:01:00,2019-05-28T03:30:00,0.7691210508346558,70.31096194770352,2,sl,22.0,True,-0.6,0.82,-1.0609756097560976,-1.121951219512195,0.5
W0_expanding,2018_2020,2019-05-28T08:39:00,2019-05-28T08:55:00,0.7536529302597046,74.13614154143134,2,sl,17.0,True,-0.6,0.77,-1.0649350649350648,-1.12987012987013,0.5
W0_expanding,2018_2020,2019-05-29T03:13:00,2019-05-29T04:00:00,0.7560843229293823,70.95676785651648,2,sl,14.0,True,-0.6,0.74,-1.0675675675675675,-1.135135135135135,0.5
W0_expanding,2018_2020,2019-05-31T04:01:00,2019-05-31T05:05:00,0.7533913254737854,31.199650563909174,2,sl,17.0,True,-0.6,0.77,-1.0649350649350648,-1.12987012987013,0.5
W0_expanding,2018_2020,2019-09-09T04:10:00,2019-09-09T04:33:00,0.7519239783287048,59.66221057495785,2,sl,22.0,True,-1.942857142857169,2.162857142857169,-1.023117569352708,-1.0462351387054156,0.5
W0_expanding,2018_2020,2019-09-18T03:19:00,2019-09-18T04:34:00,0.7501960396766663,46.09883306122584,2,sl,25.0,True,-0.6,0.85,-1.0588235294117647,-1.1176470588235294,0.5
W0_expanding,2018_2020,2019-11-18T04:25:00,2019-11-18T05:09:00,0.7531047463417053,85.71257146286574,2,sl,20.0,True,-0.6,0.8,-1.0625,-1.1249999999999998,0.5
W0_expanding,2018_2020,2019-11-25T03:02:00,2019-11-25T03:05:00,0.7533949017524719,67.2721564786718,2,sl,16.0,True,-0.6,0.76,-1.0657894736842104,-1.131578947368421,0.5
W0_expanding,2018_2020,2019-11-25T03:49:00,2019-11-25T05:19:00,0.7511671185493469,60.90161456946992,0,timeout,18.0,True,-0.2799999999999727,0.78,-0.6538461538461188,-0.717948717948683,0.5
W0_expanding,2018_2020,2019-11-26T03:02:00,2019-11-26T03:06:00,0.7618463635444641,54.82194542780086,2,sl,20.0,True,-0.6,0.8,-1.0625,-1.1249999999999998,0.5
W0_expanding,2018_2020,2019-11-26T03:29:00,2019-11-26T03:46:00,0.7514263391494751,52.42682816719086,2,sl,20.0,True,-0.6,0.8,-1.0625,-1.1249999999999998,0.5
W0_expanding,2018_2020,2019-11-26T04:01:00,2019-11-26T05:31:00,0.7511758208274841,85.07418244831078,0,timeout,19.0,True,0.4500000000000455,0.8208571428571148,0.25583014270803495,0.19491820396803983,0.5
W0_expanding,2018_2020,2019-11-27T04:40:00,2019-11-27T06:10:00,0.7543115019798279,59.22249600490545,0,timeout,17.0,True,-0.30999999999994543,0.77,-0.6883116883116174,-0.7532467532466823,0.5
W0_expanding,2018_2020,2019-12-03T04:04:00,2019-12-03T04:23:00,0.7607082724571228,34.90519936529586,2,sl,21.0,True,-0.6,0.8099999999999999,-1.0617283950617284,-1.1234567901234567,0.5
W0_expanding,2018_2020,2019-12-10T04:19:00,2019-12-10T05:31:00,0.7570304274559021,67.19924736841666,2,sl,19.0,True,-0.6,0.79,-1.0632911392405062,-1.1265822784810124,0.5
W0_expanding,2018_2020,2019-12-11T01:57:00,2019-12-11T03:27:00,0.7509085536003113,23.683992384285787,0,timeout,18.0,True,-0.07999999999992724,0.78,-0.3974358974358041,-0.46153846153836825,0.5
W0_expanding,2018_2020,2019-12-11T04:02:00,2019-12-11T05:32:00,0.7567024230957031,49.59944448622219,0,timeout,19.0,True,0.009999999999990905,0.79,-0.2911392405063406,-0.35443037974684694,0.5
W0_expanding,2018_2020,2019-12-12T04:00:00,2019-12-12T05:30:00,0.7523153424263,51.612126269065335,0,timeout,23.0,True,1.0,0.83,0.8674698795180723,0.8072289156626505,0.5
W0_expanding,2018_2020,2019-12-16T03:33:00,2019-12-16T04:30:00,0.7503207325935364,54.285171434003196,1,tp,18.0,True,1.5,0.78,1.6282051282051282,1.564102564102564,0.5
W0_expanding,2018_2020,2019-12-16T04:51:00,2019-12-16T05:31:00,0.754081130027771,46.051783256633676,2,sl,19.0,True,-0.6,0.79,-1.0632911392405062,-1.1265822784810124,0.5
W0_expanding,2018_2020,2019-12-17T03:01:00,2019-12-17T03:31:00,0.7711838483810425,33.064142824187996,2,sl,21.0,True,-0.6,0.8099999999999999,-1.0617283950617284,-1.1234567901234567,0.5
W0_expanding,2018_2020,2019-12-17T04:19:00,2019-12-17T05:49:00,0.7618614435195923,72.33934813738155,0,timeout,20.0,True,0.849999999999909,0.8,0.7499999999998863,0.6874999999998862,0.5
W0_expanding,2018_2020,2019-12-18T02:10:00,2019-12-18T03:40:00,0.7548268437385559,47.22130403020117,0,timeout,34.0,True,0.1999999999998181,0.94,-0.2021276595746616,-0.25531914893636376,0.5
W0_expanding,2018_2020,2019-12-18T04:54:00,2019-12-18T06:24:00,0.7697008848190308,67.92273411644031,0,timeout,19.0,True,0.8399999999999181,0.79,0.7594936708859723,0.696202531645466,0.5
W0_expanding,2018_2020,2019-12-18T08:01:00,2019-12-18T09:31:00,0.7623220086097717,90.47468256482213,0,timeout,23.0,True,0.20000000000004547,0.83,-0.09638554216861994,-0.15662650602404163,0.5
W0_expanding,2018_2020,2019-12-19T04:05:00,2019-12-19T05:35:00,0.7536357641220093,69.22970415839563,0,timeout,22.0,True,0.09999999999990905,0.82,-0.20731707317084266,-0.2682926829269402,0.5
W0_expanding,2018_2020,2019-12-20T04:04:00,2019-12-20T05:34:00,0.7519332766532898,50.818505804784195,0,timeout,23.0,True,-0.4700000000000273,0.83,-0.9036144578313583,-0.96385542168678,0.5
W0_expanding,2018_2020,2019-12-20T09:49:00,2019-12-20T09:55:00,0.7622066736221313,48.888381898262914,2,sl,20.0,True,-0.6,0.8,-1.0625,-1.1249999999999998,0.5
W0_expanding,2018_2020,2019-12-23T03:25:00,2019-12-23T03:35:00,0.7508390545845032,62.36465257512568,2,sl,23.0,True,-0.6,0.83,-1.0602409638554218,-1.1204819277108433,0.5
W0_expanding,2018_2020,2019-12-23T03:53:00,2019-12-23T05:09:00,0.7617694139480591,67.81500067814912,1,tp,20.0,True,1.5,0.8,1.5625,1.4999999999999998,0.5
W0_expanding,2018_2020,2019-12-23T08:09:00,2019-12-23T08:32:00,0.7555832862854004,47.53989252705858,1,tp,20.0,True,1.5,0.8,1.5625,1.4999999999999998,0.5
W0_expanding,2018_2020,2019-12-24T04:18:00,2019-12-24T05:48:00,0.7556021809577942,33.974054078996616,0,timeout,20.0,True,0.5499999999999545,0.8,0.37499999999994316,0.31249999999994316,0.5
W0_expanding,2018_2020,2020-10-14T04:34:00,2020-10-14T04:42:00,0.7586853504180908,46.136817813432856,1,tp,23.0,True,1.9221428571429249,2.595714285714369,0.632636213538806,0.6133736929003916,0.5
W1_trailing_24m,2018_2020,2018-03-20T01:50:00,2018-03-20T01:57:00,0.7502058744430542,31.578365661675733,2,sl,30.0,False,-0.6,0.8999999999999999,-1.0555555555555556,-1.1111111111111112,1.0
W1_trailing_24m,2018_2020,2018-03-20T04:16:00,2018-03-20T05:46:00,0.760269820690155,72.87962658514233,0,timeout,30.0,False,-0.3300000000001546,0.8999999999999999,-0.7555555555557275,-0.811111111111283,1.0
W1_trailing_24m,2018_2020,2018-04-24T04:25:00,2018-04-24T04:36:00,0.7595586180686951,28.735516581252213,1,tp,30.0,False,1.5,1.0954285714286276,1.0498174230568058,1.0041731872717274,1.0
W1_trailing_24m,2018_2020,2018-04-25T01:30:00,2018-04-25T03:01:00,0.7656918168067932,78.94542941049102,0,timeout,30.0,False,0.9800000000000182,0.8999999999999999,0.7000000000000202,0.6444444444444647,1.0
W1_trailing_24m,2018_2020,2018-04-25T03:04:00,2018-04-25T03:10:00,0.7531828880310059,51.427542877712945,2,sl,30.0,False,-0.6,0.8999999999999999,-1.0555555555555556,-1.1111111111111112,1.0
W1_trailing_24m,2018_2020,2018-04-27T03:31:00,2018-04-27T04:15:00,0.7643357515335083,31.61261769248223,2,sl,30.0,False,-0.6,0.8999999999999999,-1.0555555555555556,-1.1111111111111112,1.0
W1_trailing_24m,2018_2020,2018-04-27T04:34:00,2018-04-27T04:56:00,0.7504881024360657,48.62967067439122,1,tp,30.0,False,1.5,0.8999999999999999,1.277777777777778,1.2222222222222225,1.0
W1_trailing_24m,2018_2020,2018-05-01T04:27:00,2018-05-01T04:34:00,0.7531812787055969,27.026822499730926,2,sl,30.0,False,-0.6,0.8999999999999999,-1.0555555555555556,-1.1111111111111112,1.0
W1_trailing_24m,2018_2020,2018-05-04T01:23:00,2018-05-04T02:53:00,0.750618577003479,49.99916668055533,0,timeout,30.0,False,0.03999999999996362,0.8999999999999999,-0.34444444444448497,-0.4000000000000405,1.0
W1_trailing_24m,2018_2020,2018-05-04T03:21:00,2018-05-04T03:25:00,0.788759708404541,56.17889156800268,2,sl,30.0,False,-0.6,0.8999999999999999,-1.0555555555555556,-1.1111111111111112,1.0
W1_trailing_24m,2018_2020,2018-05-04T04:12:00,2018-05-04T04:51:00,0.7613093852996826,47.43504603763672,1,tp,30.0,False,1.5,0.8999999999999999,1.277777777777778,1.2222222222222225,1.0
W1_trailing_24m,2018_2020,2018-05-07T01:18:00,2018-05-07T02:46:00,0.7526617646217346,54.544760339410104,2,sl,30.0,False,-0.6,0.8999999999999999,-1.0555555555555556,-1.1111111111111112,1.0
W1_trailing_24m,2018_2020,2018-05-07T04:33:00,2018-05-07T04:40:00,0.7560508251190186,51.350865599918755,2,sl,30.0,False,-0.6,0.8999999999999999,-1.0555555555555556,-1.1111111111111112,1.0
W1_trailing_24m,2018_2020,2018-05-08T01:01:00,2018-05-08T02:31:00,0.7663848400115967,50.60932406674527,0,timeout,30.0,False,0.7100000000000364,0.8999999999999999,0.40000000000004043,0.34444444444448485,1.0
W1_trailing_24m,2018_2020,2018-05-08T02:56:00,2018-05-08T03:39:00,0.7586920261383057,72.4713401130601,2,sl,30.0,False,-0.6,0.8999999999999999,-1.0555555555555556,-1.1111111111111112,1.0
W1_trailing_24m,2018_2020,2018-05-08T04:52:00,2018-05-08T05:05:00,0.7653030157089233,52.40349343802803,2,sl,30.0,False,-0.6,0.8999999999999999,-1.0555555555555556,-1.1111111111111112,1.0
W1_trailing_24m,2018_2020,2018-05-09T01:11:00,2018-05-09T02:41:00,0.7624930739402771,63.08665556162887,0,timeout,30.0,False,0.9700000000000273,0.8999999999999999,0.6888888888889192,0.6333333333333637,1.0
W1_trailing_24m,2018_2020,2018-05-09T02:59:00,2018-05-09T03:25:00,0.7506735920906067,63.15747167243913,2,sl,30.0,False,-0.6,0.8999999999999999,-1.0555555555555556,-1.1111111111111112,1.0
W1_trailing_24m,2018_2020,2018-05-09T03:40:00,2018-05-09T03:44:00,0.7716443538665771,31.797029880911325,2,sl,30.0,False,-0.6,0.8999999999999999,-1.0555555555555556,-1.1111111111111112,0.5
W1_trailing_24m,2018_2020,2018-05-09T04:44:00,2018-05-09T04:47:00,0.7507795095443726,63.80909841553716,2,sl,30.0,False,-0.6,0.8999999999999999,-1.0555555555555556,-1.1111111111111112,0.5
W1_trailing_24m,2018_2020,2018-05-10T01:01:00,2018-05-10T02:32:00,0.7754453420639038,60.22631458136921,0,timeout,30.0,False,0.8400000000001455,0.8999999999999999,0.5444444444446062,0.4888888888890506,0.5
W1_trailing_24m,2018_2020,2018-05-10T02:41:00,2018-05-10T03:32:00,0.7578892707824707,22.448765794073893,2,sl,30.0,False,-0.6,0.8999999999999999,-1.0555555555555556,-1.1111111111111112,0.5
W1_trailing_24m,2018_2020,2018-05-11T01:24:00,2018-05-11T02:54:00,0.7617017030715942,45.16061048543592,0,timeout,30.0,False,0.0,0.8999999999999999,-0.38888888888888895,-0.44444444444444453,0.5
W1_trailing_24m,2018_2020,2018-05-11T03:21:00,2018-05-11T03:31:00,0.756615161895752,71.64104255627889,2,sl,30.0,False,-0.6,0.8999999999999999,-1.0555555555555556,-1.1111111111111112,0.5
W1_trailing_24m,2018_2020,2018-05-11T04:14:00,2018-05-11T04:36:00,0.7515474557876587,29.12601564844151,2,sl,30.0,False,-0.6,0.8999999999999999,-1.0555555555555556,-1.1111111111111112,0.5
W1_trailing_24m,2018_2020,2018-05-11T08:21:00,2018-05-11T08:38:00,0.761184573173523,54.87711185420036,2,sl,30.0,False,-0.6,0.8999999999999999,-1.0555555555555556,-1.1111111111111112,0.5
W1_trailing_24m,2018_2020,2018-05-14T02:08:00,2018-05-14T03:03:00,0.7517148852348328,48.74914688993084,1,tp,30.0,False,1.5,0.8999999999999999,1.277777777777778,1.2222222222222225,0.5
W1_trailing_24m,2018_2020,2018-05-14T03:10:00,2018-05-14T03:42:00,0.752276599407196,47.87198393203609,1,tp,30.0,False,1.5,0.8999999999999999,1.277777777777778,1.2222222222222225,0.5
W1_trailing_24m,2018_2020,2018-05-14T04:07:00,2018-05-14T04:16:00,0.7513962984085083,65.1367780597323,2,sl,30.0,False,-0.6,0.8999999999999999,-1.0555555555555556,-1.1111111111111112,0.5
W1_trailing_24m,2018_2020,2018-05-14T08:04:00,2018-05-14T09:05:00,0.7503541707992554,49.99890627392526,1,tp,30.0,False,1.5,0.8999999999999999,1.277777777777778,1.2222222222222225,0.5
W1_trailing_24m,2018_2020,2018-05-16T04:16:00,2018-05-16T04:30:00,0.759971559047699,56.49672827446621,2,sl,30.0,False,-0.6,0.8999999999999999,-1.0555555555555556,-1.1111111111111112,0.5
W1_trailing_24m,2018_2020,2018-05-16T04:51:00,2018-05-16T05:26:00,0.7520084381103516,62.20879597491503,1,tp,30.0,False,1.5,0.8999999999999999,1.277777777777778,1.2222222222222225,0.5
W1_trailing_24m,2018_2020,2018-05-17T04:05:00,2018-05-17T04:10:00,0.7571813464164734,46.11842664019423,2,sl,30.0,False,-0.6,0.8999999999999999,-1.0555555555555556,-1.1111111111111112,0.5
W1_trailing_24m,2018_2020,2018-05-17T04:36:00,2018-05-17T04:49:00,0.7517039179801941,66.26947310609918,1,tp,30.0,False,1.5,0.8999999999999999,1.277777777777778,1.2222222222222225,0.5
W1_trailing_24m,2018_2020,2018-05-18T01:13:00,2018-05-18T02:37:00,0.7772072553634644,28.57095238888489,2,sl,30.0,False,-0.6,0.8999999999999999,-1.0555555555555556,-1.1111111111111112,0.5
W1_trailing_24m,2018_2020,2018-05-18T03:24:00,2018-05-18T04:04:00,0.7598863244056702,47.014434177547415,2,sl,30.0,False,-0.6,0.8999999999999999,-1.0555555555555556,-1.1111111111111112,0.5
W1_trailing_24m,2018_2020,2018-05-18T04:33:00,2018-05-18T04:36:00,0.7556226849555969,57.89420360602099,2,sl,30.0,False,-0.6,0.8999999999999999,-1.0555555555555556,-1.1111111111111112,0.5
W1_trailing_24m,2018_2020,2018-05-21T01:20:00,2018-05-21T01:34:00,0.7567615509033203,64.21935865043494,2,sl,30.0,False,-0.6,0.8999999999999999,-1.0555555555555556,-1.1111111111111112,0.5
W1_trailing_24m,2018_2020,2018-05-21T01:51:00,2018-05-21T03:14:00,0.7605686187744141,29.83837279256909,2,sl,30.0,False,-0.6,0.8999999999999999,-1.0555555555555556,-1.1111111111111112,0.5
W1_trailing_24m,2018_2020,2018-05-21T04:01:00,2018-05-21T04:12:00,0.7689934372901917,67.40046537158203,2,sl,30.0,False,-0.6,0.8999999999999999,-1.0555555555555556,-1.1111111111111112,0.5
W1_trailing_24m,2018_2020,2018-05-22T01:30:00,2018-05-22T02:49:00,0.7559448480606079,54.760992078695715,2,sl,30.0,False,-0.6,0.8999999999999999,-1.0555555555555556,-1.1111111111111112,0.5
W1_trailing_24m,2018_2020,2018-05-23T01:01:00,2018-05-23T02:12:00,0.7605707049369812,32.81214111720709,1,tp,30.0,False,1.5,0.8999999999999999,1.277777777777778,1.2222222222222225,0.5
W1_trailing_24m,2018_2020,2018-05-23T02:40:00,2018-05-23T03:08:00,0.7774873375892639,70.23692462268195,1,tp,30.0,False,1.5,0.8999999999999999,1.277777777777778,1.2222222222222225,0.5
W1_trailing_24m,2018_2020,2018-05-24T01:27:00,2018-05-24T01:43:00,0.7514335513114929,51.76385330123786,2,sl,30.0,False,-0.6,0.8999999999999999,-1.0555555555555556,-1.1111111111111112,0.5
W1_trailing_24m,2018_2020,2018-05-24T02:02:00,2018-05-24T02:10:00,0.7510506510734558,72.72573006024953,2,sl,30.0,False,-0.6,0.8999999999999999,-1.0555555555555556,-1.1111111111111112,0.5
W1_trailing_24m,2018_2020,2018-05-24T02:40:00,2018-05-24T04:10:00,0.7634540796279907,46.82487654899531,0,timeout,30.0,False,-0.21000000000003638,0.8999999999999999,-0.6222222222222628,-0.6777777777778183,0.5
W1_trailing_24m,2018_2020,2018-05-24T04:50:00,2018-05-24T05:36:00,0.7552860975265503,49.06789630400835,1,tp,30.0,False,1.5,0.8999999999999999,1.277777777777778,1.2222222222222225,0.5
W1_trailing_24m,2018_2020,2018-05-25T01:09:00,2018-05-25T02:25:00,0.7536315321922302,58.30084316146557,2,sl,30.0,False,-0.6,0.8999999999999999,-1.0555555555555556,-1.1111111111111112,0.5
W1_trailing_24m,2018_2020,2018-05-25T02:53:00,2018-05-25T03:06:00,0.7563377022743225,57.89412743023218,2,sl,30.0,False,-0.6,0.8999999999999999,-1.0555555555555556,-1.1111111111111112,0.5
W1_trailing_24m,2018_2020,2018-05-25T03:26:00,2018-05-25T03:33:00,0.7617327570915222,30.840717971909413,2,sl,30.0,False,-0.6,0.8999999999999999,-1.0555555555555556,-1.1111111111111112,0.5
W1_trailing_24m,2018_2020,2018-05-25T03:56:00,2018-05-25T04:00:00,0.7507216334342957,50.36444883045779,2,sl,30.0,False,-0.6,0.8999999999999999,-1.0555555555555556,-1.1111111111111112,0.5
W1_trailing_24m,2018_2020,2018-05-25T04:18:00,2018-05-25T04:23:00,0.7500225305557251,55.55504720872165,2,sl,30.0,False,-0.6,0.8999999999999999,-1.0555555555555556,-1.1111111111111112,0.5
W1_trailing_24m,2018_2020,2018-05-25T04:48:00,2018-05-25T05:07:00,0.7510595321655273,82.35197232973505,2,sl,30.0,False,-0.6,0.8999999999999999,-1.0555555555555556,-1.1111111111111112,0.5
W1_trailing_24m,2018_2020,2018-05-25T08:01:00,2018-05-25T09:31:00,0.7617128491401672,69.38577265139364,0,timeout,30.0,False,0.30999999999994543,0.8999999999999999,-0.04444444444450512,-0.10000000000006067,0.5
W1_trailing_24m,2018_2020,2018-05-25T09:49:00,2018-05-25T11:19:00,0.752387285232544,54.16614005141222,0,timeout,30.0,False,1.1200000000001182,0.8999999999999999,0.855555555555687,0.8000000000001314,0.5
W1_trailing_24m,2018_2020,2018-05-28T03:42:00,2018-05-28T04:10:00,0.7541064023971558,47.05833910532684,2,sl,30.0,False,-0.6,0.8999999999999999,-1.0555555555555556,-1.1111111111111112,0.5
W1_trailing_24m,2018_2020,2018-05-28T04:25:00,2018-05-28T04:32:00,0.7674712538719177,53.370366749927804,2,sl,30.0,False,-0.6,0.8999999999999999,-1.0555555555555556,-1.1111111111111112,0.5
W1_trailing_24m,2018_2020,2018-05-28T04:54:00,2018-05-28T05:34:00,0.7503631114959717,55.3566815514664,2,sl,30.0,False,-0.6,0.8999999999999999,-1.0555555555555556,-1.1111111111111112,0.5
W1_trailing_24m,2018_2020,2018-05-28T08:15:00,2018-05-28T08:48:00,0.7563386559486389,30.262600425796194,2,sl,30.0,False,-0.6,0.8999999999999999,-1.0555555555555556,-1.1111111111111112,0.5
W1_trailing_24m,2018_2020,2018-05-29T03:01:00,2018-05-29T03:10:00,0.758645236492157,52.33122661286792,1,tp,30.0,False,1.5,0.8999999999999999,1.277777777777778,1.2222222222222225,0.5
W1_trailing_24m,2018_2020,2018-05-31T01:02:00,2018-05-31T02:32:00,0.7520560026168823,52.02653488412636,0,timeout,30.0,False,0.8999999999998636,0.8999999999999999,0.6111111111109595,0.555555555555404,0.5
W1_trailing_24m,2018_2020,2018-05-31T02:42:00,2018-05-31T03:35:00,0.7607177495956421,45.917711379633346,1,tp,30.0,False,1.5,0.8999999999999999,1.277777777777778,1.2222222222222225,0.5
W1_trailing_24m,2018_2020,2018-06-01T03:29:00,2018-06-01T03:36:00,0.7533828616142273,58.535585977802405,2,sl,30.0,False,-0.6,0.8999999999999999,-1.0555555555555556,-1.1111111111111112,0.5
W1_trailing_24m,2018_2020,2018-06-01T04:23:00,2018-06-01T05:53:00,0.7507176995277405,33.72082044384004,0,timeout,30.0,False,-0.06999999999993634,0.9971428571428469,-0.421203438395356,-0.47134670487100117,0.5
W1_trailing_24m,2018_2020,2018-06-04T03:12:00,2018-06-04T03:56:00,0.7654373049736023,57.44646627636948,2,sl,30.0,False,-0.6,0.8999999999999999,-1.0555555555555556,-1.1111111111111112,0.5
W1_trailing_24m,2018_2020,2018-06-05T01:33:00,2018-06-05T03:05:00,0.7686702013015747,57.14095244444233,0,timeout,30.0,False,-0.1799999999998363,0.8999999999999999,-0.5888888888887072,-0.6444444444442626,0.5
W1_trailing_24m,2018_2020,2018-06-05T03:21:00,2018-06-05T03:25:00,0.7538048624992371,63.57079286349704,2,sl,30.0,False,-0.6,0.8999999999999999,-1.0555555555555556,-1.1111111111111112,0.5
W1_trailing_24m,2018_2020,2018-06-05T04:51:00,2018-06-05T05:35:00,0.754801869392395,93.61562700128506,2,sl,30.0,False,-0.6,0.8999999999999999,-1.0555555555555556,-1.1111111111111112,0.5
W1_trailing_24m,2018_2020,2018-06-06T01:01:00,2018-06-06T02:31:00,0.7584051489830017,51.162235448614915,0,timeout,30.0,False,0.20000000000004547,0.8999999999999999,-0.1666666666666162,-0.22222222222217175,0.5
W1_trailing_24m,2018_2020,2018-06-06T03:43:00,2018-06-06T05:13:00,0.7580626010894775,51.281437658010425,0,timeout,30.0,False,0.19000000000005457,0.8999999999999999,-0.1777777777777172,-0.23333333333327275,0.5
W1_trailing_24m,2018_2020,2018-06-07T02:14:00,2018-06-07T03:12:00,0.7607414722442627,69.6190194098001,2,sl,30.0,False,-0.6,0.8999999999999999,-1.0555555555555556,-1.1111111111111112,0.5
W1_trailing_24m,2018_2020,2018-06-07T03:35:00,2018-06-07T03:44:00,0.7847947478294373,93.5441625216973,2,sl,30.0,False,-0.6,0.8999999999999999,-1.0555555555555556,-1.1111111111111112,0.5
W1_trailing_24m,2018_2020,2018-06-08T01:16:00,2018-06-08T02:46:00,0.7579997181892395,59.64765777681883,0,timeout,30.0,False,-0.5,0.8999999999999999,-0.9444444444444446,-1.0000000000000002,0.5
W1_trailing_24m,2018_2020,2018-06-08T08:01:00,2018-06-08T08:08:00,0.7796509265899658,57.9536234650921,2,sl,30.0,False,-0.6,0.8999999999999999,-1.0555555555555556,-1.1111111111111112,0.5
W1_trailing_24m,2018_2020,2018-06-11T01:01:00,2018-06-11T01:06:00,0.7534006237983704,65.64055437550812,2,sl,30.0,False,-0.6,0.8999999999999999,-1.0555555555555556,-1.1111111111111112,0.5
W1_trailing_24m,2018_2020,2018-06-11T01:27:00,2018-06-11T02:57:00,0.7548201680183411,51.7844196752224,0,timeout,30.0,False,0.5900000000001455,0.8999999999999999,0.26666666666682837,0.2111111111112728,0.5
W1_trailing_24m,2018_2020,2018-06-11T03:25:00,2018-06-11T03:49:00,0.7617974281311035,57.40666324696064,2,sl,30.0,False,-0.6,0.8999999999999999,-1.0555555555555556,-1.1111111111111112,0.5
W1_trailing_24m,2018_2020,2018-06-11T04:10:00,2018-06-11T04:32:00,0.7623959183692932,54.67570830221548,1,tp,30.0,False,1.5,0.8999999999999999,1.277777777777778,1.2222222222222225,0.5
W1_trailing_24m,2018_2020,2018-06-12T01:25:00,2018-06-12T02:10:00,0.7607107758522034,33.33246915823507,2,sl,30.0,False,-0.6,0.8999999999999999,-1.0555555555555556,-1.1111111111111112,0.5
W1_trailing_24m,2018_2020,2018-06-12T03:20:00,2018-06-12T03:28:00,0.7586499452590942,45.41456951791474,2,sl,30.0,False,-0.6,0.8999999999999999,-1.0555555555555556,-1.1111111111111112,0.5
W1_trailing_24m,2018_2020,2018-06-12T03:59:00,2018-06-12T04:02:00,0.750968337059021,66.51119481082463,2,sl,30.0,False,-0.6,0.8999999999999999,-1.0555555555555556,-1.1111111111111112,0.5
W1_trailing_24m,2018_2020,2018-06-12T04:21:00,2018-06-12T04:30:00,0.7506890892982483,58.98405243096736,2,sl,30.0,False,-0.6,0.8999999999999999,-1.0555555555555556,-1.1111111111111112,0.5
W1_trailing_24m,2018_2020,2018-06-13T02:02:00,2018-06-13T03:32:00,0.7590101361274719,55.23735873997416,0,timeout,30.0,False,-0.20000000000004547,0.8999999999999999,-0.6111111111111618,-0.6666666666667173,0.5
W1_trailing_24m,2018_2020,2018-06-13T08:56:00,2018-06-13T09:27:00,0.766740620136261,64.91068640419569,2,sl,30.0,False,-0.6,0.8999999999999999,-1.0555555555555556,-1.1111111111111112,0.5
W1_trailing_24m,2018_2020,2018-06-14T04:59:00,2018-06-14T05:04:00,0.7532145380973816,51.01967931070277,2,sl,30.0,False,-0.6,0.8999999999999999,-1.0555555555555556,-1.1111111111111112,0.5
W1_trailing_24m,2018_2020,2018-06-15T02:09:00,2018-06-15T02:44:00,0.7670392990112305,45.651479216611484,2,sl,30.0,False,-0.6,0.8999999999999999,-1.0555555555555556,-1.1111111111111112,0.5
W1_trailing_24m,2018_2020,2018-06-15T02:59:00,2018-06-15T03:00:00,0.7502456903457642,58.82304498668441,2,sl,30.0,False,-0.6,0.8999999999999999,-1.0555555555555556,-1.1111111111111112,0.5
W1_trailing_24m,2018_2020,2018-06-15T03:16:00,2018-06-15T03:25:00,0.7537587285041809,58.37521966848867,2,sl,30.0,False,-0.6,0.8999999999999999,-1.0555555555555556,-1.1111111111111112,0.5
W1_trailing_24m,2018_2020,2018-06-15T03:45:00,2018-06-15T04:03:00,0.7519093751907349,28.65829194142006,2,sl,30.0,False,-0.6,0.8999999999999999,-1.0555555555555556,-1.1111111111111112,0.5
W1_trailing_24m,2018_2020,2018-06-15T04:55:00,2018-06-15T05:44:00,0.7551381587982178,62.1422357204982,2,sl,30.0,False,-0.6,0.8999999999999999,-1.0555555555555556,-1.1111111111111112,0.5
W1_trailing_24m,2018_2020,2018-06-15T08:38:00,2018-06-15T08:54:00,0.7544134259223938,50.4847506927086,2,sl,30.0,False,-0.6,0.8999999999999999,-1.0555555555555556,-1.1111111111111112,0.5
W1_trailing_24m,2018_2020,2018-06-19T02:28:00,2018-06-19T02:44:00,0.7545393705368042,24.44406420344629,1,tp,30.0,False,1.5,0.8999999999999999,1.277777777777778,1.2222222222222225,0.5
W1_trailing_24m,2018_2020,2018-06-20T02:01:00,2018-06-20T03:07:00,0.7568739652633667,28.676175392304884,2,sl,30.0,False,-0.6,0.8999999999999999,-1.0555555555555556,-1.1111111111111112,0.5
W1_trailing_24m,2018_2020,2018-06-20T04:15:00,2018-06-20T04:18:00,0.7533245086669922,61.59357803617369,2,sl,30.0,False,-0.6,0.8999999999999999,-1.0555555555555556,-1.1111111111111112,0.5
W1_trailing_24m,2018_2020,2018-06-20T04:57:00,2018-06-20T05:54:00,0.7509192824363708,45.76216892342282,2,sl,30.0,False,-0.6,0.8999999999999999,-1.0555555555555556,-1.1111111111111112,0.5
W1_trailing_24m,2018_2020,2018-06-21T03:29:00,2018-06-21T04:18:00,0.7537714838981628,49.557215132296086,2,sl,30.0,False,-0.6,0.8999999999999999,-1.0555555555555556,-1.1111111111111112,0.5
W1_trailing_24m,2018_2020,2018-06-21T04:59:00,2018-06-21T05:57:00,0.751933217048645,26.274365552503824,2,sl,30.0,False,-0.6,0.8999999999999999,-1.0555555555555556,-1.1111111111111112,0.5
W1_trailing_24m,2018_2020,2018-06-22T01:19:00,2018-06-22T02:20:00,0.7639824151992798,54.79346971427646,2,sl,30.0,False,-0.6,0.8999999999999999,-1.0555555555555556,-1.1111111111111112,0.5
W1_trailing_24m,2018_2020,2018-06-22T03:06:00,2018-06-22T03:09:00,0.7867729663848877,55.83268195204564,2,sl,30.0,False,-0.6,0.8999999999999999,-1.0555555555555556,-1.1111111111111112,0.5
W1_trailing_24m,2018_2020,2018-06-25T02:36:00,2018-06-25T03:17:00,0.7524089813232422,48.48416285022301,2,sl,30.0,False,-0.6,0.8999999999999999,-1.0555555555555556,-1.1111111111111112,0.5
W1_trailing_24m,2018_2020,2018-06-26T02:01:00,2018-06-26T02:54:00,0.7762613296508789,22.22172840604746,2,sl,30.0,False,-0.6,0.8999999999999999,-1.0555555555555556,-1.1111111111111112,0.5
W1_trailing_24m,2018_2020,2018-06-26T03:25:00,2018-06-26T04:16:00,0.7623237371444702,33.939105971221565,1,tp,30.0,False,1.5,0.8999999999999999,1.277777777777778,1.2222222222222225,0.5
W1_trailing_24m,2018_2020,2018-06-26T04:19:00,2018-06-26T04:32:00,0.7562270164489746,59.01594195454079,2,sl,30.0,False,-0.6,0.8999999999999999,-1.0555555555555556,-1.1111111111111112,0.5
W1_trailing_24m,2018_2020,2018-06-27T02:01:00,2018-06-27T02:55:00,0.7615821957588196,65.75216365714601,2,sl,30.0,False,-0.6,0.8999999999999999,-1.0555555555555556,-1.1111111111111112,0.5
W1_trailing_24m,2018_2020,2018-06-27T03:42:00,2018-06-27T04:33:00,0.7560067176818848,52.58557224309987,2,sl,30.0,False,-0.6,0.8999999999999999,-1.0555555555555556,-1.1111111111111112,0.5
W1_trailing_24m,2018_2020,2018-06-28T04:46:00,2018-06-28T04:55:00,0.7626422047615051,32.67958904762996,2,sl,30.0,False,-0.6,0.8999999999999999,-1.0555555555555556,-1.1111111111111112,0.5
W1_trailing_24m,2018_2020,2018-06-29T02:38:00,2018-06-29T03:04:00,0.7567167282104492,45.36017005940339,2,sl,30.0,False,-0.6,0.8999999999999999,-1.0555555555555556,-1.1111111111111112,0.5
W1_trailing_24m,2018_2020,2018-06-29T04:58:00,2018-06-29T05:13:00,0.7500677108764648,45.53514509639496,2,sl,30.0,False,-0.6,0.8999999999999999,-1.0555555555555556,-1.1111111111111112,0.5
W1_trailing_24m,2018_2020,2018-07-02T04:01:00,2018-07-02T04:06:00,0.7603820562362671,48.401517067929085,2,sl,30.0,False,-0.6,0.8999999999999999,-1.0555555555555556,-1.1111111111111112,0.5
W1_trailing_24m,2018_2020,2018-07-02T04:28:00,2018-07-02T04:38:00,0.755020022392273,78.67566069173887,2,sl,30.0,False,-0.6,0.8999999999999999,-1.0555555555555556,-1.1111111111111112,0.5
W1_trailing_24m,2018_2020,2018-07-03T01:35:00,2018-07-03T03:03:00,0.7621061205863953,59.419084250458276,2,sl,30.0,False,-0.6,0.8999999999999999,-1.0555555555555556,-1.1111111111111112,0.5
W1_trailing_24m,2018_2020,2018-07-03T03:19:00,2018-07-03T03:40:00,0.7505382895469666,68.91141722287787,2,sl,30.0,False,-0.6,0.8999999999999999,-1.0555555555555556,-1.1111111111111112,0.5
W1_trailing_24m,2018_2020,2018-07-04T01:01:00,2018-07-04T01:36:00,0.7501645088195801,24.47528485734749,1,tp,30.0,False,1.5,0.8999999999999999,1.277777777777778,1.2222222222222225,0.5
W1_trailing_24m,2018_2020,2018-07-04T02:27:00,2018-07-04T03:02:00,0.756913959980011,71.68052785187,1,tp,30.0,False,1.5,0.8999999999999999,1.277777777777778,1.2222222222222225,0.5
W1_trailing_24m,2018_2020,2018-07-05T03:03:00,2018-07-05T03:09:00,0.763765811920166,34.44390865030903,2,sl,30.0,False,-0.6,0.8999999999999999,-1.0555555555555556,-1.1111111111111112,0.5
W1_trailing_24m,2018_2020,2018-07-05T03:41:00,2018-07-05T04:17:00,0.7527404427528381,54.74817515393373,1,tp,30.0,False,1.5,0.8999999999999999,1.277777777777778,1.2222222222222225,0.5
W1_trailing_24m,2018_2020,2018-07-06T02:25:00,2018-07-06T02:39:00,0.7529609203338623,58.677007042894964,2,sl,30.0,False,-0.6,0.8999999999999999,-1.0555555555555556,-1.1111111111111112,0.5
W1_trailing_24m,2018_2020,2018-07-09T04:02:00,2018-07-09T04:21:00,0.7500799298286438,47.67403056021191,2,sl,30.0,False,-0.6,0.8999999999999999,-1.0555555555555556,-1.1111111111111112,0.5
W1_trailing_24m,2018_2020,2018-07-09T04:49:00,2018-07-09T04:59:00,0.7502012848854065,65.6709556765835,1,tp,30.0,False,1.5,0.8999999999999999,1.277777777777778,1.2222222222222225,0.5
W1_trailing_24m,2018_2020,2018-07-10T01:01:00,2018-07-10T02:32:00,0.7891761660575867,57.893883669067655,0,timeout,30.0,False,0.4700000000000273,0.8999999999999999,0.1333333333333636,0.07777777777780807,0.5
W1_trailing_24m,2018_2020,2018-07-10T03:00:00,2018-07-10T03:34:00,0.7580514550209045,73.33247778776041,2,sl,30.0,False,-0.6,0.8999999999999999,-1.0555555555555556,-1.1111111111111112,0.5
W1_trailing_24m,2018_2020,2018-07-10T04:36:00,2018-07-10T04:40:00,0.7515132427215576,65.25778703802081,2,sl,30.0,False,-0.6,0.8999999999999999,-1.0555555555555556,-1.1111111111111112,0.5
W1_trailing_24m,2018_2020,2018-07-11T04:11:00,2018-07-11T04:13:00,0.7752590179443359,33.3972231168668,2,sl,30.0,False,-1.0354285714285394,1.3354285714285394,-1.037441163885324,-1.074882327770648,0.5
W1_trailing_24m,2018_2020,2018-07-12T02:02:00,2018-07-12T03:15:00,0.7628822326660156,27.847607763909764,2,sl,30.0,False,-0.6,0.8999999999999999,-1.0555555555555556,-1.1111111111111112,0.5
W1_trailing_24m,2018_2020,2018-07-12T04:08:00,2018-07-12T04:45:00,0.755732536315918,48.84589082981962,1,tp,30.0,False,1.5,0.8999999999999999,1.277777777777778,1.2222222222222225,0.5
W1_trailing_24m,2018_2020,2018-07-13T01:17:00,2018-07-13T01:47:00,0.7569452524185181,50.66572090654267,2,sl,30.0,False,-0.6,0.8999999999999999,-1.0555555555555556,-1.1111111111111112,0.5
W1_trailing_24m,2018_2020,2018-07-13T02:29:00,2018-07-13T02:46:00,0.7821290493011475,70.51155492080575,2,sl,30.0,False,-0.6,0.8999999999999999,-1.0555555555555556,-1.1111111111111112,0.5
W1_trailing_24m,2018_2020,2018-07-16T01:20:00,2018-07-16T02:50:00,0.7503059506416321,64.28479593147509,0,timeout,30.0,False,-0.31999999999993634,0.8999999999999999,-0.7444444444443739,-0.7999999999999293,0.5
W1_trailing_24m,2018_2020,2018-07-16T03:15:00,2018-07-16T04:24:00,0.8211891651153564,84.14490484309684,1,tp,30.0,False,1.5,0.8999999999999999,1.277777777777778,1.2222222222222225,0.5
W1_trailing_24m,2018_2020,2018-07-17T01:48:00,2018-07-17T02:30:00,0.7555922865867615,31.81716945371798,2,sl,30.0,False,-0.6,0.8999999999999999,-1.0555555555555556,-1.1111111111111112,0.5
W1_trailing_24m,2018_2020,2018-07-17T02:53:00,2018-07-17T03:33:00,0.7500782012939453,51.161957828592264,2,sl,30.0,False,-0.6,0.8999999999999999,-1.0555555555555556,-1.1111111111111112,0.5
W1_trailing_24m,2018_2020,2018-07-18T01:25:00,2018-07-18T02:13:00,0.7537159323692322,63.88764662908454,2,sl,30.0,False,-0.6,0.8999999999999999,-1.0555555555555556,-1.1111111111111112,0.5
W1_trailing_24m,2018_2020,2018-07-18T02:40:00,2018-07-18T02:51:00,0.7657955288887024,52.173277890527444,2,sl,30.0,False,-0.6,0.8999999999999999,-1.0555555555555556,-1.1111111111111112,0.5
W1_trailing_24m,2018_2020,2018-07-18T04:02:00,2018-07-18T05:32:00,0.7520050406455994,78.90538697233096,0,timeout,30.0,False,0.7599999999999909,0.8999999999999999,0.45555555555554544,0.3999999999999899,0.5
W1_trailing_24m,2018_2020,2018-07-19T01:28:00,2018-07-19T01:58:00,0.7777825593948364,51.89781446910958,2,sl,30.0,False,-0.6,0.8999999999999999,-1.0555555555555556,-1.1111111111111112,0.5
W1_trailing_24m,2018_2020,2018-07-19T02:24:00,2018-07-19T03:10:00,0.7840036749839783,58.90297994285212,1,tp,30.0,False,1.5,0.8999999999999999,1.277777777777778,1.2222222222222225,0.5
W1_trailing_24m,2018_2020,2018-07-19T04:42:00,2018-07-19T06:10:00,0.750319242477417,32.208450638556485,2,sl,30.0,False,-0.6011428571427782,0.9011428571427782,-1.0554850982878934,-1.1109701965757866,0.5
W1_trailing_24m,2018_2020,2018-07-20T01:18:00,2018-07-20T02:03:00,0.7650560736656189,34.11708513035343,2,sl,30.0,False,-0.6,0.8999999999999999,-1.0555555555555556,-1.1111111111111112,0.5
W1_trailing_24m,2018_2020,2018-07-24T01:17:00,2018-07-24T02:26:00,0.7502406239509583,29.628861473966467,2,sl,30.0,False,-0.6,0.8999999999999999,-1.0555555555555556,-1.1111111111111112,0.5
W1_trailing_24m,2018_2020,2018-07-24T03:01:00,2018-07-24T03:15:00,0.7607100009918213,67.56692842094114,2,sl,30.0,False,-0.6,0.8999999999999999,-1.0555555555555556,-1.1111111111111112,0.5
W1_trailing_24m,2018_2020,2018-07-25T01:23:00,2018-07-25T02:53:00,0.7802117466926575,88.52255849866596,0,timeout,30.0,False,0.4500000000000455,0.8999999999999999,0.1111111111111616,0.05555555555560606,0.5
W1_trailing_24m,2018_2020,2018-07-26T01:16:00,2018-07-26T02:30:00,0.7578401565551758,68.98673049732716,1,tp,30.0,False,1.5,0.8999999999999999,1.277777777777778,1.2222222222222225,0.5
W1_trailing_24m,2018_2020,2018-07-26T02:56:00,2018-07-26T03:43:00,0.7507167458534241,50.349157420836214,2,sl,30.0,False,-0.6,0.8999999999999999,-1.0555555555555556,-1.1111111111111112,0.5
W1_trailing_24m,2018_2020,2018-07-27T01:25:00,2018-07-27T02:55:00,0.7520475387573242,31.867641596732838,0,timeout,30.0,False,0.5099999999999909,0.8999999999999999,0.17777777777776765,0.1222222222222121,0.5
W1_trailing_24m,2018_2020,2018-07-27T03:48:00,2018-07-27T04:01:00,0.7649937868118286,71.27553419416823,2,sl,30.0,False,-0.6,0.8999999999999999,-1.0555555555555556,-1.1111111111111112,0.5
W1_trailing_24m,2018_2020,2018-07-27T04:17:00,2018-07-27T04:44:00,0.7621288895606995,74.77016202648522,2,sl,30.0,False,-0.6,0.8999999999999999,-1.0555555555555556,-1.1111111111111112,0.5
W1_trailing_24m,2018_2020,2018-07-30T01:45:00,2018-07-30T02:19:00,0.7680427432060242,65.62356448453912,2,sl,30.0,False,-0.6,0.8999999999999999,-1.0555555555555556,-1.1111111111111112,0.5
W1_trailing_24m,2018_2020,2018-07-30T02:56:00,2018-07-30T04:26:00,0.7505165934562683,34.88343699527904,0,timeout,30.0,False,0.4500000000000455,0.8999999999999999,0.1111111111111616,0.05555555555560606,0.5
W1_trailing_24m,2018_2020,2018-07-30T04:34:00,2018-07-30T04:36:00,0.7504157423973083,33.333111112588966,2,sl,30.0,False,-0.6,0.8999999999999999,-1.0555555555555556,-1.1111111111111112,0.5
W1_trailing_24m,2018_2020,2018-07-31T01:16:00,2018-07-31T02:46:00,0.7707808017730713,76.3429367730006,0,timeout,30.0,False,0.4700000000000273,0.8999999999999999,0.1333333333333636,0.07777777777780807,0.5
W1_trailing_24m,2018_2020,2018-08-01T01:16:00,2018-08-01T01:57:00,0.7681525349617004,69.01340409320292,2,sl,30.0,False,-0.6,0.8999999999999999,-1.0555555555555556,-1.1111111111111112,0.5
W1_trailing_24m,2018_2020,2018-08-01T02:27:00,2018-08-01T03:52:00,0.7502387166023254,22.297086378907437,2,sl,30.0,False,-0.6,0.8999999999999999,-1.0555555555555556,-1.1111111111111112,0.5
W1_trailing_24m,2018_2020,2018-08-02T01:42:00,2018-08-02T03:12:00,0.7724533081054688,58.331064903057865,0,timeout,30.0,False,0.2400000000000091,0.8999999999999999,-0.12222222222221217,-0.1777777777777677,0.5
W1_trailing_24m,2018_2020,2018-08-03T01:20:00,2018-08-03T02:45:00,0.76209956407547,79.65912673257098,2,sl,30.0,False,-0.6,0.8999999999999999,-1.0555555555555556,-1.1111111111111112,0.5
W1_trailing_24m,2018_2020,2018-08-03T03:08:00,2018-08-03T03:17:00,0.7617365717887878,52.48174840817023,2,sl,30.0,False,-0.6,0.8999999999999999,-1.0555555555555556,-1.1111111111111112,0.5
W1_trailing_24m,2018_2020,2018-08-03T04:09:00,2018-08-03T04:34:00,0.7588584423065186,60.759134756167335,2,sl,30.0,False,-0.6,0.8999999999999999,-1.0555555555555556,-1.1111111111111112,0.5
W1_trailing_24m,2018_2020,2018-08-03T08:02:00,2018-08-03T09:12:00,0.7767561674118042,27.450226856537768,2,sl,30.0,False,-0.6,0.8999999999999999,-1.0555555555555556,-1.1111111111111112,0.5
W1_trailing_24m,2018_2020,2018-08-03T23:25:00,2018-08-06T01:58:00,0.752612829208374,32.46694215948361,0,timeout,30.0,False,0.2400000000000091,0.8999999999999999,-0.12222222222221217,-0.1777777777777677,0.5
W1_trailing_24m,2018_2020,2018-08-06T02:18:00,2018-08-06T03:48:00,0.7664351463317871,55.65149641656313,0,timeout,30.0,False,-0.01999999999998181,0.8999999999999999,-0.411111111111091,-0.4666666666666465,0.5
W1_trailing_24m,2018_2020,2018-08-07T01:22:00,2018-08-07T02:52:00,0.7589583992958069,52.940304512641,0,timeout,30.0,False,0.5399999999999636,0.8999999999999999,0.21111111111107067,0.15555555555551512,0.5
W1_trailing_24m,2018_2020,2018-08-07T03:12:00,2018-08-07T03:31:00,0.7889995574951172,80.88068775055271,2,sl,30.0,False,-0.6,0.8999999999999999,-1.0555555555555556,-1.1111111111111112,0.5
W1_trailing_24m,2018_2020,2018-08-07T04:06:00,2018-08-07T04:23:00,0.7524767518043518,82.8565904798699,2,sl,30.0,False,-0.6,0.8999999999999999,-1.0555555555555556,-1.1111111111111112,0.5
W1_trailing_24m,2018_2020,2018-08-07T04:41:00,2018-08-07T04:49:00,0.7511571645736694,46.42823979828426,2,sl,30.0,False,-0.6,0.8999999999999999,-1.0555555555555556,-1.1111111111111112,0.5
W1_trailing_24m,2018_2020,2018-08-08T01:21:00,2018-08-08T02:24:00,0.7548767328262329,32.14205359150431,1,tp,30.0,False,1.5,0.8999999999999999,1.277777777777778,1.2222222222222225,0.5
W1_trailing_24m,2018_2020,2018-08-08T02:28:00,2018-08-08T03:26:00,0.7746341228485107,57.999188011373754,2,sl,30.0,False,-0.6,0.8999999999999999,-1.0555555555555556,-1.1111111111111112,0.5
W1_trailing_24m,2018_2020,2018-08-08T04:01:00,2018-08-08T04:32:00,0.7789472341537476,45.21684083846693,1,tp,30.0,False,1.5,0.8999999999999999,1.277777777777778,1.2222222222222225,0.5
W1_trailing_24m,2018_2020,2018-08-08T04:54:00,2018-08-08T05:12:00,0.7504698634147644,28.571092440929263,2,sl,30.0,False,-0.6,0.8999999999999999,-1.0555555555555556,-1.1111111111111112,0.5
W1_trailing_24m,2018_2020,2018-08-09T01:01:00,2018-08-09T02:31:00,0.7695639729499817,50.90779507430645,0,timeout,30.0,False,0.22000000000002728,0.8999999999999999,-0.14444444444441418,-0.19999999999996973,0.5
W1_trailing_24m,2018_2020,2018-08-09T03:03:00,2018-08-09T04:33:00,0.7583385705947876,69.22927813863546,0,timeout,30.0,False,-0.10000000000013642,0.8999999999999999,-0.5000000000001517,-0.5555555555557072,0.5
W1_trailing_24m,2018_2020,2018-08-10T01:15:00,2018-08-10T01:41:00,0.8159487247467041,69.69549130777058,2,sl,30.0,False,-0.6,0.8999999999999999,-1.0555555555555556,-1.1111111111111112,0.5
W1_trailing_24m,2018_2020,2018-08-10T02:20:00,2018-08-10T03:51:00,0.758022129535675,60.427355089317395,0,timeout,30.0,False,0.9200000000000728,0.8999999999999999,0.6333333333334141,0.5777777777778587,0.5
W1_trailing_24m,2018_2020,2018-08-13T04:01:00,2018-08-13T04:06:00,0.7609667181968689,28.86577107174996,2,sl,30.0,False,-0.6,0.8999999999999999,-1.0555555555555556,-1.1111111111111112,0.5
W1_trailing_24m,2018_2020,2018-08-14T01:57:00,2018-08-14T02:36:00,0.7515540719032288,63.999104012526544,2,sl,30.0,False,-0.6,0.8999999999999999,-1.0555555555555556,-1.1111111111111112,0.5
W1_trailing_24m,2018_2020,2018-08-14T04:08:00,2018-08-14T04:18:00,0.7518275380134583,73.97906341484854,2,sl,30.0,False,-0.6,0.8999999999999999,-1.0555555555555556,-1.1111111111111112,0.5
W1_trailing_24m,2018_2020,2018-08-14T04:58:00,2018-08-14T05:01:00,0.7539522647857666,34.14617489670454,2,sl,30.0,False,-0.6205714285713579,0.920571428571358,-1.054314090626944,-1.1086281812538878,0.5
W1_trailing_24m,2018_2020,2018-08-15T01:23:00,2018-08-15T02:47:00,0.7545979022979736,55.31832504623096,2,sl,30.0,False,-0.6,0.8999999999999999,-1.0555555555555556,-1.1111111111111112,0.5
W1_trailing_24m,2018_2020,2018-08-16T03:33:00,2018-08-16T03:40:00,0.754888653755188,27.464734576579815,2,sl,30.0,False,-1.343999999999973,1.643999999999973,-1.0304136253041367,-1.0608272506082737,0.5
W1_trailing_24m,2018_2020,2018-08-16T04:01:00,2018-08-16T04:10:00,0.75506991147995,82.74952548723961,2,sl,30.0,False,-1.4480000000000084,1.7480000000000084,-1.028604118993135,-1.0572082379862697,0.5
W1_trailing_24m,2018_2020,2018-08-17T02:06:00,2018-08-17T03:03:00,0.7705650925636292,27.95656839574852,2,sl,30.0,False,-0.6,0.8999999999999999,-1.0555555555555556,-1.1111111111111112,0.5
W1_trailing_24m,2018_2020,2018-08-21T01:01:00,2018-08-21T02:37:00,0.7880521416664124,49.99923914201306,0,timeout,30.0,False,0.6199999999998909,0.8999999999999999,0.29999999999987875,0.24444444444432317,0.5
W1_trailing_24m,2018_2020,2018-08-21T02:59:00,2018-08-21T03:30:00,0.7816423177719116,52.72660166143113,1,tp,30.0,False,1.5,0.8999999999999999,1.277777777777778,1.2222222222222225,0.5
W1_trailing_24m,2018_2020,2018-08-22T02:30:00,2018-08-22T03:16:00,0.7546387314796448,46.376341109577695,1,tp,30.0,False,1.5,0.8999999999999999,1.277777777777778,1.2222222222222225,0.5
W1_trailing_24m,2018_2020,2018-08-23T02:37:00,2018-08-23T02:56:00,0.7525283694267273,28.68819538137761,2,sl,30.0,False,-0.6,0.8999999999999999,-1.0555555555555556,-1.1111111111111112,0.5
W1_trailing_24m,2018_2020,2018-08-23T03:33:00,2018-08-23T03:37:00,0.751581609249115,67.99923840853492,2,sl,30.0,False,-0.6,0.8999999999999999,-1.0555555555555556,-1.1111111111111112,0.5
W1_trailing_24m,2018_2020,2018-08-24T01:31:00,2018-08-24T02:00:00,0.7663289904594421,56.961015880731594,2,sl,30.0,False,-0.6,0.8999999999999999,-1.0555555555555556,-1.1111111111111112,0.5
W1_trailing_24m,2018_2020,2018-08-24T02:16:00,2018-08-24T02:26:00,0.7821720838546753,61.86367280387562,2,sl,30.0,False,-0.6,0.8999999999999999,-1.0555555555555556,-1.1111111111111112,0.5
W1_trailing_24m,2018_2020,2018-08-24T02:48:00,2018-08-24T03:06:00,0.7588067650794983,60.99914601195469,2,sl,30.0,False,-0.6,0.8999999999999999,-1.0555555555555556,-1.1111111111111112,0.5
W1_trailing_24m,2018_2020,2018-08-24T03:45:00,2018-08-24T03:52:00,0.754970133304596,65.90804237205376,1,tp,30.0,False,1.5,0.8999999999999999,1.277777777777778,1.2222222222222225,0.5
W1_trailing_24m,2018_2020,2018-08-28T01:01:00,2018-08-28T01:02:00,0.7562670707702637,68.54761317211408,2,sl,30.0,False,-0.6,0.8999999999999999,-1.0555555555555556,-1.1111111111111112,0.5
W1_trailing_24m,2018_2020,2018-08-28T01:32:00,2018-08-28T03:05:00,0.7669476270675659,61.9037301759295,0,timeout,30.0,False,0.6099999999999,0.8999999999999999,0.28888888888877773,0.23333333333322218,0.5
W1_trailing_24m,2018_2020,2018-08-28T03:07:00,2018-08-28T03:54:00,0.7507242560386658,63.15711912309009,2,sl,30.0,False,-0.6,0.8999999999999999,-1.0555555555555556,-1.1111111111111112,0.5
W1_trailing_24m,2018_2020,2018-08-28T04:58:00,2018-08-28T05:23:00,0.7511271834373474,50.34915742083611,2,sl,30.0,False,-0.6,0.8999999999999999,-1.0555555555555556,-1.1111111111111112,0.5
W1_trailing_24m,2018_2020,2018-08-29T04:26:00,2018-08-29T05:56:00,0.7532941102981567,58.69505671681412,0,timeout,30.0,False,0.8399999999999181,0.8999999999999999,0.5444444444443535,0.48888888888879795,0.5
W1_trailing_24m,2018_2020,2018-08-31T04:25:00,2018-08-31T04:34:00,0.7531522512435913,51.72388822950347,1,tp,30.0,False,1.5,0.8999999999999999,1.277777777777778,1.2222222222222225,0.5
W1_trailing_24m,2018_2020,2018-09-04T04:36:00,2018-09-04T05:55:00,0.7526057362556458,64.39766974676,2,sl,30.0,False,-0.6777142857142411,0.9777142857142411,-1.0511396843950929,-1.1022793687901857,0.5
W1_trailing_24m,2018_2020,2018-09-05T01:20:00,2018-09-05T03:05:00,0.7546631693840027,85.5247403337181,0,timeout,30.0,False,-0.14000000000010004,0.8999999999999999,-0.5444444444445556,-0.6000000000001112,0.5
W1_trailing_24m,2018_2020,2018-09-05T03:47:00,2018-09-05T04:24:00,0.7570874691009521,61.16975724648987,1,tp,30.0,False,1.5,0.8999999999999999,1.277777777777778,1.2222222222222225,0.5
W1_trailing_24m,2018_2020,2018-09-05T04:36:00,2018-09-05T05:25:00,0.7658458352088928,51.747998436369905,1,tp,30.0,False,1.5,0.8999999999999999,1.277777777777778,1.2222222222222225,0.5
W1_trailing_24m,2018_2020,2018-09-06T02:08:00,2018-09-06T03:06:00,0.7502920627593994,51.10952103712217,1,tp,30.0,False,1.5,0.8999999999999999,1.277777777777778,1.2222222222222225,0.5
W1_trailing_24m,2018_2020,2018-09-07T02:01:00,2018-09-07T03:13:00,0.7694523334503174,27.396734857122652,1,tp,30.0,False,1.5,0.8999999999999999,1.277777777777778,1.2222222222222225,0.5
W1_trailing_24m,2018_2020,2018-09-10T01:43:00,2018-09-10T01:59:00,0.7509304285049438,45.587296732129055,2,sl,30.0,False,-0.6,0.8999999999999999,-1.0555555555555556,-1.1111111111111112,0.5
W1_trailing_24m,2018_2020,2018-09-10T02:31:00,2018-09-10T03:10:00,0.7609640955924988,58.42604723071341,2,sl,30.0,False,-0.6,0.8999999999999999,-1.0555555555555556,-1.1111111111111112,0.5
W1_trailing_24m,2018_2020,2018-09-10T03:28:00,2018-09-10T04:01:00,0.7526679635047913,29.65092144599261,1,tp,30.0,False,1.5,0.8999999999999999,1.277777777777778,1.2222222222222225,0.5
W1_trailing_24m,2018_2020,2018-09-11T01:20:00,2018-09-11T03:06:00,0.7642413377761841,45.713371446847496,0,timeout,30.0,False,-0.14000000000010004,0.8999999999999999,-0.5444444444445556,-0.6000000000001112,0.5
W1_trailing_24m,2018_2020,2018-09-11T04:05:00,2018-09-11T04:47:00,0.7510871887207031,32.84637967202734,2,sl,30.0,False,-0.6,0.8999999999999999,-1.0555555555555556,-1.1111111111111112,0.5
W1_trailing_24m,2018_2020,2018-09-12T01:14:00,2018-09-12T02:46:00,0.7633307576179504,26.922714501928567,0,timeout,30.0,False,-0.38999999999987267,0.8999999999999999,-0.822222222222081,-0.8777777777776364,0.5
W1_trailing_24m,2018_2020,2018-09-12T03:30:00,2018-09-12T03:34:00,0.7651795148849487,61.64324451682487,2,sl,30.0,False,-0.6,0.8999999999999999,-1.0555555555555556,-1.1111111111111112,0.5
W1_trailing_24m,2018_2020,2018-09-12T03:50:00,2018-09-12T04:00:00,0.7518144845962524,53.106924577995294,2,sl,30.0,False,-0.6,0.8999999999999999,-1.0555555555555556,-1.1111111111111112,0.5
W1_trailing_24m,2018_2020,2018-09-12T04:19:00,2018-09-12T04:39:00,0.7500880360603333,30.348047327036582,2,sl,30.0,False,-0.6,0.8999999999999999,-1.0555555555555556,-1.1111111111111112,0.5
W1_trailing_24m,2018_2020,2018-09-14T01:54:00,2018-09-14T03:24:00,0.7504245042800903,47.47407612417718,0,timeout,30.0,False,0.2799999999999727,0.8999999999999999,-0.07777777777780814,-0.1333333333333637,0.5
W1_trailing_24m,2018_2020,2018-09-14T04:48:00,2018-09-14T06:18:00,0.7531861066818237,58.20834707696678,0,timeout,30.0,False,1.1299999999998818,0.8999999999999999,0.8666666666665352,0.8111111111109798,0.5
W1_trailing_24m,2018_2020,2018-09-17T01:53:00,2018-09-17T02:20:00,0.7594543695449829,55.2075282235418,2,sl,30.0,False,-0.6,0.8999999999999999,-1.0555555555555556,-1.1111111111111112,0.5
W1_trailing_24m,2018_2020,2018-09-17T02:53:00,2018-09-17T03:02:00,0.7527522444725037,54.197894068306205,2,sl,30.0,False,-0.6,0.8999999999999999,-1.0555555555555556,-1.1111111111111112,0.5
W1_trailing_24m,2018_2020,2018-09-17T04:22:00,2018-09-17T05:02:00,0.7613254189491272,49.999533337688845,2,sl,30.0,False,-0.6,0.8999999999999999,-1.0555555555555556,-1.1111111111111112,0.5
W1_trailing_24m,2018_2020,2018-09-19T01:42:00,2018-09-19T03:13:00,0.7625194191932678,58.33265278571118,0,timeout,30.0,False,0.10000000000013642,0.8999999999999999,-0.27777777777762624,-0.3333333333331818,0.5
W1_trailing_24m,2018_2020,2018-09-19T03:32:00,2018-09-19T04:01:00,0.7537557482719421,59.99954594937709,2,sl,30.0,False,-0.6,0.8999999999999999,-1.0555555555555556,-1.1111111111111112,0.5
W1_trailing_24m,2018_2020,2018-09-19T08:12:00,2018-09-19T08:35:00,0.7525622248649597,77.61031859034668,1,tp,30.0,False,1.5,0.8999999999999999,1.277777777777778,1.2222222222222225,0.5
W1_trailing_24m,2018_2020,2018-09-20T01:18:00,2018-09-20T03:06:00,0.7558442950248718,46.80781350064021,0,timeout,30.0,False,0.16000000000008185,0.8999999999999999,-0.2111111111110202,-0.2666666666665758,0.5
W1_trailing_24m,2018_2020,2018-09-20T03:29:00,2018-09-20T03:39:00,0.7521733045578003,99.99802820789449,2,sl,30.0,False,-0.6,0.8999999999999999,-1.0555555555555556,-1.1111111111111112,0.5
W1_trailing_24m,2018_2020,2018-09-21T01:26:00,2018-09-21T02:58:00,0.7524898648262024,48.61016591344144,0,timeout,30.0,False,0.44000000000005457,0.8999999999999999,0.10000000000006061,0.04444444444450506,0.5
W1_trailing_24m,2018_2020,2018-09-21T03:21:00,2018-09-21T04:11:00,0.7591032385826111,82.66512358435047,2,sl,30.0,False,-0.6,0.8999999999999999,-1.0555555555555556,-1.1111111111111112,0.5
W1_trailing_24m,2018_2020,2018-09-24T01:39:00,2018-09-24T01:56:00,0.7521772980690002,51.161957828591646,2,sl,30.0,False,-0.6,0.8999999999999999,-1.0555555555555556,-1.1111111111111112,0.5
W1_trailing_24m,2018_2020,2018-09-24T02:37:00,2018-09-24T03:18:00,0.7598960995674133,59.80310074175911,2,sl,30.0,False,-0.6,0.8999999999999999,-1.0555555555555556,-1.1111111111111112,0.5
W1_trailing_24m,2018_2020,2018-09-25T01:17:00,2018-09-25T02:02:00,0.7531070113182068,67.00934213320608,2,sl,30.0,False,-0.6,0.8999999999999999,-1.0555555555555556,-1.1111111111111112,0.5
W1_trailing_24m,2018_2020,2018-09-25T02:22:00,2018-09-25T03:37:00,0.7776910662651062,34.99951000686559,2,sl,30.0,False,-0.6,0.8999999999999999,-1.0555555555555556,-1.1111111111111112,0.5
W1_trailing_24m,2018_2020,2018-09-25T04:01:00,2018-09-25T05:02:00,0.7692940831184387,49.999507047113624,2,sl,30.0,False,-0.6,0.8999999999999999,-1.0555555555555556,-1.1111111111111112,0.5
W1_trailing_24m,2018_2020,2018-09-26T01:22:00,2018-09-26T02:54:00,0.7525447010993958,52.27106410250349,0,timeout,30.0,False,-0.03000000000020009,0.8999999999999999,-0.4222222222224446,-0.4777777777780002,0.5
W1_trailing_24m,2018_2020,2018-09-26T03:16:00,2018-09-26T03:36:00,0.7509149312973022,57.04169113826101,2,sl,30.0,False,-0.6,0.8999999999999999,-1.0555555555555556,-1.1111111111111112,0.5
W1_trailing_24m,2018_2020,2018-09-26T04:01:00,2018-09-26T05:21:00,0.7887030839920044,32.894433867056875,1,tp,30.0,False,1.5,0.8999999999999999,1.277777777777778,1.2222222222222225,0.5
W1_trailing_24m,2018_2020,2018-09-27T01:37:00,2018-09-27T02:54:00,0.7501499652862549,79.99776006270915,1,tp,30.0,False,1.5,0.8999999999999999,1.277777777777778,1.2222222222222225,0.5
W1_trailing_24m,2018_2020,2018-09-28T01:24:00,2018-09-28T01:31:00,0.7549875974655151,64.28491072432588,2,sl,30.0,False,-0.6,0.8999999999999999,-1.0555555555555556,-1.1111111111111112,0.5
W1_trailing_24m,2018_2020,2018-09-28T03:11:00,2018-09-28T04:41:00,0.7513837218284607,31.91457673470046,0,timeout,30.0,False,1.1100000000001273,0.8999999999999999,0.8444444444445859,0.7888888888890304,0.5
W1_trailing_24m,2018_2020,2018-09-28T04:42:00,2018-09-28T06:12:00,0.7562152743339539,72.48623555169674,0,timeout,30.0,False,0.290000000000191,0.8999999999999999,-0.06666666666645449,-0.12222222222201004,0.5
W1_trailing_24m,2018_2020,2018-10-01T02:29:00,2018-10-01T03:00:00,0.7707817554473877,28.05727136561272,2,sl,30.0,False,-0.6,0.8999999999999999,-1.0555555555555556,-1.1111111111111112,0.5
W1_trailing_24m,2018_2020,2018-10-02T01:10:00,2018-10-02T02:56:00,0.7708679437637329,64.70455020043902,0,timeout,30.0,False,0.25,0.8999999999999999,-0.11111111111111116,-0.1666666666666667,0.5
W1_trailing_24m,2018_2020,2018-10-02T03:46:00,2018-10-02T04:15:00,0.7562331557273865,50.4847506927086,1,tp,30.0,False,1.5,0.8999999999999999,1.277777777777778,1.2222222222222225,0.5
W1_trailing_24m,2018_2020,2018-10-03T02:09:00,2018-10-03T03:02:00,0.7579920887947083,47.19026891712103,1,tp,30.0,False,1.5,0.8999999999999999,1.277777777777778,1.2222222222222225,0.5
W1_trailing_24m,2018_2020,2018-10-03T04:01:00,2018-10-03T04:30:00,0.7711650133132935,29.99967692655268,2,sl,30.0,False,-0.6,0.8999999999999999,-1.0555555555555556,-1.1111111111111112,0.5
W1_trailing_24m,2018_2020,2018-10-04T02:04:00,2018-10-04T02:20:00,0.7531364560127258,24.285471430996495,2,sl,30.0,False,-0.6,0.8999999999999999,-1.0555555555555556,-1.1111111111111112,0.5
W1_trailing_24m,2018_2020,2018-10-04T02:40:00,2018-10-04T04:11:00,0.7544133067131042,63.49135803252665,0,timeout,30.0,False,0.16000000000008185,0.8999999999999999,-0.2111111111110202,-0.2666666666665758,0.5
W1_trailing_24m,2018_2020,2018-10-05T02:19:00,2018-10-05T02:39:00,0.750096321105957,49.39675716313285,2,sl,30.0,False,-0.6,0.8999999999999999,-1.0555555555555556,-1.1111111111111112,0.5
W1_trailing_24m,2018_2020,2018-10-05T02:55:00,2018-10-05T03:15:00,0.758929967880249,50.79252207093754,2,sl,30.0,False,-0.6,0.8999999999999999,-1.0555555555555556,-1.1111111111111112,0.5
W1_trailing_24m,2018_2020,2018-10-05T04:21:00,2018-10-05T05:06:00,0.7867265343666077,72.99897801432007,2,sl,30.0,False,-0.6,0.8999999999999999,-1.0555555555555556,-1.1111111111111112,0.5
W1_trailing_24m,2018_2020,2018-10-08T03:01:00,2018-10-08T03:06:00,0.7582456469535828,72.2208179285438,2,sl,30.0,False,-0.6,0.8999999999999999,-1.0555555555555556,-1.1111111111111112,0.5
W1_trailing_24m,2018_2020,2018-10-08T03:44:00,2018-10-08T03:49:00,0.7565516829490662,45.73593774950774,2,sl,30.0,False,-0.6,0.8999999999999999,-1.0555555555555556,-1.1111111111111112,0.5
W1_trailing_24m,2018_2020,2018-10-08T04:55:00,2018-10-08T05:04:00,0.7555558085441589,55.974349911385595,2,sl,30.0,False,-0.6,0.8999999999999999,-1.0555555555555556,-1.1111111111111112,0.5
W1_trailing_24m,2018_2020,2018-10-09T02:30:00,2018-10-09T02:45:00,0.7600721120834351,71.23151062855902,1,tp,30.0,False,1.5,0.8999999999999999,1.277777777777778,1.2222222222222225,0.5
W1_trailing_24m,2018_2020,2018-10-09T03:34:00,2018-10-09T03:52:00,0.7500952482223511,45.90111261018621,2,sl,30.0,False,-0.6,0.8999999999999999,-1.0555555555555556,-1.1111111111111112,0.5
W1_trailing_24m,2018_2020,2018-10-09T04:48:00,2018-10-09T05:22:00,0.7500138878822327,65.94136001518896,2,sl,30.0,False,-0.6,0.8999999999999999,-1.0555555555555556,-1.1111111111111112,0.5
W1_trailing_24m,2018_2020,2018-10-10T01:44:00,2018-10-10T03:22:00,0.750216543674469,23.655557873336534,0,timeout,30.0,False,0.6900000000000546,0.8999999999999999,0.3777777777778384,0.32222222222228286,0.5
W1_trailing_24m,2018_2020,2018-10-15T04:21:00,2018-10-15T05:51:00,0.7515496611595154,61.485904863057435,0,timeout,22.0,True,0.2599999999999909,0.82,-0.012195121951230625,-0.07317073170732817,0.5
W1_trailing_24m,2018_2020,2018-10-16T02:09:00,2018-10-16T03:00:00,0.7501192688941956,32.75822533176357,2,sl,25.0,True,-0.6,0.85,-1.0588235294117647,-1.1176470588235294,0.5
W1_trailing_24m,2018_2020,2018-10-16T03:54:00,2018-10-16T04:10:00,0.7500290870666504,58.332652785719084,2,sl,25.0,True,-0.6,0.85,-1.0588235294117647,-1.1176470588235294,0.5
W1_trailing_24m,2018_2020,2018-10-16T04:52:00,2018-10-16T05:06:00,0.752518355846405,33.61304993050469,2,sl,24.0,True,-0.6,0.84,-1.0595238095238095,-1.119047619047619,0.5
W1_trailing_24m,2018_2020,2018-10-17T02:17:00,2018-10-17T02:56:00,0.7616839408874512,55.554475329642855,2,sl,23.0,True,-0.6,0.83,-1.0602409638554218,-1.1204819277108433,0.5
W1_trailing_24m,2018_2020,2018-10-18T03:11:00,2018-10-18T03:19:00,0.761042058467865,99.99770497070558,2,sl,22.0,True,-0.6,0.82,-1.0609756097560976,-1.121951219512195,0.5
W1_trailing_24m,2018_2020,2018-10-19T02:01:00,2018-10-19T03:36:00,0.7854117751121521,27.27238016970506,0,timeout,24.0,True,-0.2599999999999909,0.84,-0.654761904761894,-0.7142857142857035,0.5
W1_trailing_24m,2018_2020,2018-10-31T04:52:00,2018-10-31T05:24:00,0.7669263482093811,49.99879313257956,2,sl,25.0,True,-0.6,0.85,-1.0588235294117647,-1.1176470588235294,0.5
W1_trailing_24m,2018_2020,2018-11-12T03:13:00,2018-11-12T03:44:00,0.754195511341095,30.344681094648877,1,tp,21.0,True,1.5,0.8099999999999999,1.5308641975308643,1.4691358024691359,0.5
W1_trailing_24m,2018_2020,2018-11-12T04:03:00,2018-11-12T04:26:00,0.7553621530532837,58.332652785719084,2,sl,21.0,True,-0.6,0.8099999999999999,-1.0617283950617284,-1.1234567901234567,0.5
W1_trailing_24m,2018_2020,2018-11-12T04:41:00,2018-11-12T06:11:00,0.7612143754959106,71.10889883427308,0,timeout,21.0,True,-0.39000000000010004,0.8099999999999999,-0.8024691358025927,-0.8641975308643212,0.5
W1_trailing_24m,2018_2020,2018-11-13T03:44:00,2018-11-13T05:00:00,0.7533180713653564,71.18559610309185,2,sl,21.0,True,-0.6,0.8099999999999999,-1.0617283950617284,-1.1234567901234567,0.5
W1_trailing_24m,2018_2020,2018-11-14T04:28:00,2018-11-14T05:58:00,0.7543681263923645,33.73437074555336,0,timeout,21.0,True,0.5499999999999545,0.8099999999999999,0.35802469135796855,0.29629629629624016,0.5
W1_trailing_24m,2018_2020,2018-11-15T04:00:00,2018-11-15T04:43:00,0.7532698512077332,56.84876994330437,1,tp,25.0,True,1.5,0.85,1.411764705882353,1.352941176470588,0.5
W1_trailing_24m,2018_2020,2018-11-16T01:18:00,2018-11-16T02:51:00,0.7945483326911926,48.213683043249844,0,timeout,18.0,True,0.6599999999998545,0.78,0.5512820512818647,0.48717948717930054,0.5
W1_trailing_24m,2018_2020,2018-11-16T02:58:00,2018-11-16T03:24:00,0.7627120018005371,56.52087903009849,1,tp,21.0,True,1.5,0.8099999999999999,1.5308641975308643,1.4691358024691359,0.5
W1_trailing_24m,2018_2020,2018-11-16T04:23:00,2018-11-16T04:34:00,0.769355833530426,75.72712603905154,2,sl,20.0,True,-0.6,0.8,-1.0625,-1.1249999999999998,0.5
W1_trailing_24m,2018_2020,2018-11-16T08:37:00,2018-11-16T09:53:00,0.761297345161438,54.90120723832765,2,sl,22.0,True,-0.6,0.82,-1.0609756097560976,-1.121951219512195,0.5
W1_trailing_24m,2018_2020,2018-11-16T23:21:00,2018-11-16T23:55:00,0.7594941258430481,49.99825006124786,2,sl,28.0,True,-0.6,0.88,-1.0568181818181817,-1.1136363636363635,0.5
W1_trailing_24m,2018_2020,2018-11-21T03:42:00,2018-11-21T05:12:00,0.7523561120033264,67.77672347318872,0,timeout,25.0,True,0.10999999999989996,0.85,-0.22352941176482358,-0.2823529411765883,0.5
W1_trailing_24m,2018_2020,2018-11-23T04:21:00,2018-11-23T05:51:00,0.7556105852127075,52.380253977563946,0,timeout,25.0,True,0.5900000000001455,0.85,0.3411764705884065,0.2823529411766418,0.5
W1_trailing_24m,2018_2020,2018-11-28T03:47:00,2018-11-28T05:20:00,0.7514377236366272,26.315304718055245,0,timeout,23.0,True,0.8199999999999363,0.83,0.6506024096384775,0.5903614457830558,0.5
W1_trailing_24m,2018_2020,2018-11-29T03:48:00,2018-11-29T04:49:00,0.7505940794944763,73.43589358983715,1,tp,25.0,True,1.5,0.85,1.411764705882353,1.352941176470588,0.5
W1_trailing_24m,2018_2020,2018-11-30T04:33:00,2018-11-30T06:03:00,0.7500810623168945,94.44199594822045,0,timeout,24.0,True,0.10000000000013642,0.84,-0.22619047619031377,-0.28571428571412333,0.5
W1_trailing_24m,2018_2020,2018-12-07T04:31:00,2018-12-07T05:24:00,0.7594362497329712,58.619274707171705,1,tp,23.0,True,1.5,0.83,1.4698795180722892,1.4096385542168675,0.5
W1_trailing_24m,2018_2020,2018-12-11T03:59:00,2018-12-11T05:29:00,0.7646273374557495,60.673202893436766,0,timeout,24.0,True,0.16000000000008185,0.84,-0.1547619047618073,-0.21428571428561688,0.5
W1_trailing_24m,2018_2020,2018-12-13T08:41:00,2018-12-13T10:11:00,0.7576563954353333,25.39626103545072,0,timeout,18.0,True,0.6399999999998727,0.78,0.5256410256408625,0.46153846153829825,0.5
W1_trailing_24m,2018_2020,2018-12-17T08:37:00,2018-12-17T10:07:00,0.7700108885765076,94.64049113058323,0,timeout,21.0,True,0.6299999999998818,0.8099999999999999,0.45679012345664416,0.39506172839491577,0.5
W1_trailing_24m,2018_2020,2018-12-18T04:29:00,2018-12-18T05:59:00,0.7688462138175964,49.3818625357096,0,timeout,23.0,True,0.32999999999992724,0.83,0.06024096385533399,-8.768086658334821e-14,0.5
W1_trailing_24m,2018_2020,2018-12-19T04:13:00,2018-12-19T05:43:00,0.7604946494102478,77.52687036384846,0,timeout,24.0,True,1.0700000000001637,0.84,0.9285714285716234,0.8690476190478139,0.5
W1_trailing_24m,2018_2020,2018-12-28T04:56:00,2018-12-28T05:01:00,0.7529897093772888,48.93471258302944,2,sl,27.0,True,-0.6,0.87,-1.057471264367816,-1.1149425287356323,0.5
W1_trailing_24m,2018_2020,2018-12-31T04:14:00,2018-12-31T04:51:00,0.7506285905838013,68.82991737814399,2,sl,24.0,True,-0.6,0.84,-1.0595238095238095,-1.119047619047619,0.5
W1_trailing_24m,2018_2020,2018-12-31T08:01:00,2018-12-31T09:12:00,0.7682768702507019,73.46728868972322,1,tp,26.0,True,1.5,0.86,1.3837209302325582,1.3255813953488373,0.5
W1_trailing_24m,2018_2020,2019-01-18T08:51:00,2019-01-18T09:17:00,0.7576432824134827,74.38897384678866,2,sl,22.0,True,-0.6,0.82,-1.0609756097560976,-1.121951219512195,0.5
W1_trailing_24m,2018_2020,2019-01-22T02:24:00,2019-01-22T02:58:00,0.7517770528793335,49.99912501531223,2,sl,25.0,True,-0.6,0.85,-1.0588235294117647,-1.1176470588235294,0.5
W1_trailing_24m,2018_2020,2019-01-22T03:52:00,2019-01-22T04:02:00,0.759209156036377,32.78613277728114,2,sl,27.0,True,-0.6,0.87,-1.057471264367816,-1.1149425287356323,0.5
W1_trailing_24m,2018_2020,2019-01-22T04:21:00,2019-01-22T04:56:00,0.7534211277961731,50.68395948570763,2,sl,23.0,True,-0.6,0.83,-1.0602409638554218,-1.1204819277108433,0.5
W1_trailing_24m,2018_2020,2019-01-23T02:45:00,2019-01-23T03:14:00,0.7608214020729065,61.10952679003684,2,sl,22.0,True,-0.6,0.82,-1.0609756097560976,-1.121951219512195,0.5
W1_trailing_24m,2018_2020,2019-01-23T04:51:00,2019-01-23T05:55:00,0.7601548433303833,56.75568300060101,2,sl,23.0,True,-0.6,0.83,-1.0602409638554218,-1.1204819277108433,0.5
W1_trailing_24m,2018_2020,2019-01-25T03:08:00,2019-01-25T03:20:00,0.7525136470794678,78.75590539757388,2,sl,25.0,True,-0.6,0.85,-1.0588235294117647,-1.1176470588235294,0.5
W1_trailing_24m,2018_2020,2019-01-25T04:14:00,2019-01-25T04:44:00,0.7530611753463745,70.32858835138525,1,tp,22.0,True,1.5,0.82,1.5,1.4390243902439024,0.5
W1_trailing_24m,2018_2020,2019-01-29T04:34:00,2019-01-29T04:38:00,0.7531348466873169,54.544462827943214,2,sl,25.0,True,-0.6,0.85,-1.0588235294117647,-1.1176470588235294,0.5
W1_trailing_24m,2018_2020,2019-01-29T04:57:00,2019-01-29T05:13:00,0.7595505714416504,68.49183714285913,2,sl,28.0,True,-0.6,0.88,-1.0568181818181817,-1.1136363636363635,0.5
W1_trailing_24m,2018_2020,2019-02-05T04:08:00,2019-02-05T04:56:00,0.7583575248718262,45.23734128241235,1,tp,26.0,True,1.5,0.86,1.3837209302325582,1.3255813953488373,0.5
W1_trailing_24m,2018_2020,2019-02-05T08:10:00,2019-02-05T08:20:00,0.7584589719772339,26.228906221822584,2,sl,24.0,True,-0.6,0.84,-1.0595238095238095,-1.119047619047619,0.5
W1_trailing_24m,2018_2020,2019-02-06T03:01:00,2019-02-06T03:08:00,0.7651628255844116,61.72732816964073,2,sl,21.0,True,-0.6,0.8099999999999999,-1.0617283950617284,-1.1234567901234567,0.5
W1_trailing_24m,2018_2020,2019-02-06T04:21:00,2019-02-06T04:25:00,0.7504616975784302,66.32558310391508,1,tp,25.0,True,1.5,0.85,1.411764705882353,1.352941176470588,0.5
W1_trailing_24m,2018_2020,2019-02-06T04:26:00,2019-02-06T05:50:00,0.751807689666748,84.7920796824375,2,sl,20.0,True,-0.6,0.8,-1.0625,-1.1249999999999998,0.5
W1_trailing_24m,2018_2020,2019-02-08T02:53:00,2019-02-08T04:19:00,0.7527710199356079,78.84403112224827,2,sl,26.0,True,-0.6,0.86,-1.0581395348837208,-1.1162790697674418,0.5
W1_trailing_24m,2018_2020,2019-02-08T04:34:00,2019-02-08T05:16:00,0.7517457008361816,75.30734036694935,2,sl,26.0,True,-0.6,0.86,-1.0581395348837208,-1.1162790697674418,0.5
W1_trailing_24m,2018_2020,2019-02-08T08:01:00,2019-02-08T08:32:00,0.7994537949562073,66.66518521810627,2,sl,23.0,True,-0.6,0.83,-1.0602409638554218,-1.1204819277108433,0.5
W1_trailing_24m,2018_2020,2019-02-08T08:53:00,2019-02-08T09:06:00,0.7645358443260193,34.69288632568072,2,sl,25.0,True,-0.6,0.85,-1.0588235294117647,-1.1176470588235294,0.5
W1_trailing_24m,2018_2020,2019-02-13T08:08:00,2019-02-13T09:13:00,0.759885847568512,58.440495887100035,2,sl,25.0,True,-0.6,0.85,-1.0588235294117647,-1.1176470588235294,0.5
W1_trailing_24m,2018_2020,2019-02-15T03:18:00,2019-02-15T03:39:00,0.7519090175628662,60.43863061447873,2,sl,25.0,True,-0.6,0.85,-1.0588235294117647,-1.1176470588235294,0.5
W1_trailing_24m,2018_2020,2019-02-15T04:15:00,2019-02-15T04:32:00,0.7565610408782959,49.99918605976182,2,sl,22.0,True,-0.6,0.82,-1.0609756097560976,-1.121951219512195,0.5
W1_trailing_24m,2018_2020,2019-02-15T09:32:00,2019-02-15T11:02:00,0.7503122687339783,53.69421097588759,0,timeout,26.0,True,0.7400000000000091,0.86,0.5000000000000105,0.4418604651162897,0.5
W1_trailing_24m,2018_2020,2019-02-19T04:17:00,2019-02-19T05:47:00,0.751591682434082,60.67320289344222,0,timeout,27.0,True,-0.01999999999998181,0.87,-0.3908045977011285,-0.4482758620689446,0.5
W1_trailing_24m,2018_2020,2019-03-05T04:29:00,2019-03-05T05:16:00,0.752063512802124,56.24917969947012,1,tp,23.0,True,1.5,0.83,1.4698795180722892,1.4096385542168675,0.5
W1_trailing_24m,2018_2020,2019-03-11T03:25:00,2019-03-11T03:30:00,0.7506702542304993,55.262479232718,2,sl,25.0,True,-0.6,0.85,-1.0588235294117647,-1.1176470588235294,0.5
W1_trailing_24m,2018_2020,2019-03-11T03:51:00,2019-03-11T05:21:00,0.7509729862213135,34.88343699527843,0,timeout,25.0,True,0.8300000000001546,0.85,0.6235294117648877,0.564705882353123,0.5
W1_trailing_24m,2018_2020,2019-03-11T08:21:00,2019-03-11T08:50:00,0.7644348740577698,54.736035468957276,2,sl,21.0,True,-0.6,0.8099999999999999,-1.0617283950617284,-1.1234567901234567,0.5
W1_trailing_24m,2018_2020,2019-03-12T02:19:00,2019-03-12T03:15:00,0.7522682547569275,53.33283556020548,1,tp,20.0,True,1.5,0.8,1.5625,1.4999999999999998,0.5
W1_trailing_24m,2018_2020,2019-03-12T03:18:00,2019-03-12T04:48:00,0.7533221244812012,91.35723518437135,0,timeout,23.0,True,0.9800000000000182,0.83,0.8433734939759255,0.7831325301205038,0.5
W1_trailing_24m,2018_2020,2019-03-12T04:49:00,2019-03-12T06:19:00,0.7566651701927185,79.13589359532043,0,timeout,26.0,True,0.7400000000000091,0.86,0.5000000000000105,0.4418604651162897,0.5
W1_trailing_24m,2018_2020,2019-03-12T08:02:00,2019-03-12T08:08:00,0.7595618367195129,51.76385330123786,2,sl,26.0,True,-0.6,0.86,-1.0581395348837208,-1.1162790697674418,0.5
W1_trailing_24m,2018_2020,2019-03-12T08:33:00,2019-03-12T09:01:00,0.7652384638786316,64.70455020042918,2,sl,24.0,True,-0.6,0.84,-1.0595238095238095,-1.119047619047619,0.5
W1_trailing_24m,2018_2020,2019-03-13T04:10:00,2019-03-13T05:40:00,0.7570697069168091,65.62404298269985,0,timeout,26.0,True,0.3400000000001455,0.86,0.03488372093040177,-0.02325581395331915,0.5
W1_trailing_24m,2018_2020,2019-03-13T09:30:00,2019-03-13T10:00:00,0.7509102821350098,45.28242079822195,2,sl,24.0,True,-0.6,0.84,-1.0595238095238095,-1.119047619047619,0.5
W1_trailing_24m,2018_2020,2019-03-15T03:38:00,2019-03-15T03:42:00,0.7534302473068237,32.78613277728114,2,sl,25.0,True,-0.6,0.85,-1.0588235294117647,-1.1176470588235294,0.5
W1_trailing_24m,2018_2020,2019-03-15T04:54:00,2019-03-15T04:57:00,0.7529064416885376,48.62322869246594,1,tp,25.0,True,1.5,0.85,1.411764705882353,1.352941176470588,0.5
W1_trailing_24m,2018_2020,2019-03-15T04:58:00,2019-03-15T05:51:00,0.7535491585731506,87.79619350959277,2,sl,24.0,True,-0.6,0.84,-1.0595238095238095,-1.119047619047619,0.5
W1_trailing_24m,2018_2020,2019-03-18T02:17:00,2019-03-18T03:00:00,0.754900336265564,48.10041341039635,2,sl,20.0,True,-0.6,0.8,-1.0625,-1.1249999999999998,0.5
W1_trailing_24m,2018_2020,2019-03-18T04:19:00,2019-03-18T05:49:00,0.7529831528663635,46.42799107868729,0,timeout,24.0,True,0.32999999999992724,0.84,0.047619047618961026,-0.011904761904848554,0.5
W1_trailing_24m,2018_2020,2019-03-19T04:06:00,2019-03-19T04:29:00,0.7898164987564087,28.984919146558482,1,tp,22.0,True,1.5,0.82,1.5,1.4390243902439024,0.5
W1_trailing_24m,2018_2020,2019-03-19T04:45:00,2019-03-19T06:15:00,0.7757231593132019,54.254511103022,0,timeout,26.0,True,0.2400000000000091,0.86,-0.08139534883719872,-0.13953488372091966,0.5
W1_trailing_24m,2018_2020,2019-03-20T04:01:00,2019-03-20T05:31:00,0.7524096965789795,55.41351860556833,0,timeout,24.0,True,-0.009999999999990905,0.84,-0.3571428571428463,-0.41666666666665586,0.5
W1_trailing_24m,2018_2020,2019-03-20T08:04:00,2019-03-20T09:00:00,0.750855028629303,50.832740284695404,2,sl,24.0,True,-0.6,0.84,-1.0595238095238095,-1.119047619047619,0.5
W1_trailing_24m,2018_2020,2019-03-22T09:13:00,2019-03-22T10:30:00,0.750588595867157,71.12929045603809,2,sl,21.0,True,-0.6,0.8099999999999999,-1.0617283950617284,-1.1234567901234567,0.5
W1_trailing_24m,2018_2020,2019-04-02T03:09:00,2019-04-02T04:39:00,0.7583009004592896,66.33571415841047,0,timeout,25.0,True,0.38000000000010914,0.85,0.09411764705895194,0.035294117647187186,0.5
W1_trailing_24m,2018_2020,2019-04-04T03:01:00,2019-04-04T04:03:00,0.7652289271354675,66.10012643769082,2,sl,24.0,True,-0.6,0.84,-1.0595238095238095,-1.119047619047619,0.5
W1_trailing_24m,2018_2020,2019-04-05T02:36:00,2019-04-05T02:59:00,0.7874556183815002,53.487501366253134,2,sl,22.0,True,-0.6,0.82,-1.0609756097560976,-1.121951219512195,0.5
W1_trailing_24m,2018_2020,2019-04-05T04:34:00,2019-04-05T04:57:00,0.79682457447052,56.75568300060101,2,sl,22.0,True,-0.6,0.82,-1.0609756097560976,-1.121951219512195,0.5
W1_trailing_24m,2018_2020,2019-04-08T01:01:00,2019-04-08T01:33:00,0.7500486373901367,66.32558310391508,1,tp,26.0,True,1.5,0.86,1.3837209302325582,1.3255813953488373,0.5
W1_trailing_24m,2018_2020,2019-04-08T01:49:00,2019-04-08T02:37:00,0.750726044178009,25.35161278509956,2,sl,24.0,True,-0.6,0.84,-1.0595238095238095,-1.119047619047619,0.5
W1_trailing_24m,2018_2020,2019-04-08T02:56:00,2019-04-08T03:54:00,0.755150556564331,45.901112610189266,1,tp,25.0,True,1.5,0.85,1.411764705882353,1.352941176470588,0.5
W1_trailing_24m,2018_2020,2019-04-08T08:22:00,2019-04-08T09:41:00,0.7501103281974792,87.49846877678574,1,tp,22.0,True,1.5,0.82,1.5,1.4390243902439024,0.5
W1_trailing_24m,2018_2020,2019-04-08T11:25:00,2019-04-08T12:55:00,0.7528234720230103,45.5219124576356,0,timeout,19.0,True,0.31999999999993634,0.79,0.10126582278472955,0.03797468354422323,0.5
W1_trailing_24m,2018_2020,2019-04-09T03:02:00,2019-04-09T03:08:00,0.8006646037101746,50.76813730165704,2,sl,24.0,True,-0.6,0.84,-1.0595238095238095,-1.119047619047619,0.5
W1_trailing_24m,2018_2020,2019-04-09T03:27:00,2019-04-09T03:44:00,0.7519581317901611,23.626191886440367,1,tp,21.0,True,1.5,0.8099999999999999,1.5308641975308643,1.4691358024691359,0.5
W1_trailing_24m,2018_2020,2019-04-15T04:11:00,2019-04-15T04:14:00,0.7517290711402893,34.201798428282345,2,sl,24.0,True,-0.6,0.84,-1.0595238095238095,-1.119047619047619,0.5
W1_trailing_24m,2018_2020,2019-04-16T02:11:00,2019-04-16T03:03:00,0.7642756104469299,57.14171430857561,2,sl,24.0,True,-0.6,0.84,-1.0595238095238095,-1.119047619047619,0.5
W1_trailing_24m,2018_2020,2019-04-16T04:33:00,2019-04-16T04:47:00,0.7635849118232727,55.12157477948476,2,sl,19.0,True,-0.6,0.79,-1.0632911392405062,-1.1265822784810124,0.5
W1_trailing_24m,2018_2020,2019-04-17T03:14:00,2019-04-17T04:27:00,0.751268208026886,27.361438742631265,1,tp,19.0,True,1.5,0.79,1.5949367088607593,1.5316455696202531,0.5
W1_trailing_24m,2018_2020,2019-04-18T04:50:00,2019-04-18T05:07:00,0.7504519820213318,32.972848210844944,2,sl,23.0,True,-0.6,0.83,-1.0602409638554218,-1.1204819277108433,0.5
W1_trailing_24m,2018_2020,2019-04-22T01:19:00,2019-04-22T02:49:00,0.761653482913971,51.06306927343584,0,timeout,26.0,True,0.9700000000000273,0.86,0.767441860465148,0.7093023255814271,0.5
W1_trailing_24m,2018_2020,2019-04-22T02:51:00,2019-04-22T03:35:00,0.7662190794944763,77.49864377374675,2,sl,23.0,True,-0.6,0.83,-1.0602409638554218,-1.1204819277108433,0.5
W1_trailing_24m,2018_2020,2019-04-22T03:50:00,2019-04-22T04:45:00,0.7515383958816528,28.030005742368814,1,tp,28.0,True,1.5,0.88,1.3295454545454544,1.272727272727273,0.5
W1_trailing_24m,2018_2020,2019-04-23T01:11:00,2019-04-23T02:09:00,0.754835844039917,82.49855627527513,2,sl,28.0,True,-0.6,0.88,-1.0568181818181817,-1.1136363636363635,0.5
W1_trailing_24m,2018_2020,2019-04-23T04:07:00,2019-04-23T05:30:00,0.7581275105476379,58.82322664515648,2,sl,21.0,True,-0.6,0.8099999999999999,-1.0617283950617284,-1.1234567901234567,0.5
W1_trailing_24m,2018_2020,2019-04-24T02:05:00,2019-04-24T03:35:00,0.7564892768859863,46.93743444064864,0,timeout,24.0,True,-0.5399999999999636,0.84,-0.9880952380951948,-1.0476190476190044,0.5
W1_trailing_24m,2018_2020,2019-04-25T01:01:00,2019-04-25T01:12:00,0.7982374429702759,72.0573399959506,2,sl,28.0,True,-0.6,0.88,-1.0568181818181817,-1.1136363636363635,0.5
W1_trailing_24m,2018_2020,2019-04-25T02:54:00,2019-04-25T03:03:00,0.7508527636528015,63.63568871238461,2,sl,23.0,True,-0.6,0.83,-1.0602409638554218,-1.1204819277108433,0.5
W1_trailing_24m,2018_2020,2019-04-26T01:35:00,2019-04-26T03:05:00,0.7574336528778076,70.96453708544324,0,timeout,26.0,True,1.0299999999999727,0.86,0.8372093023255496,0.7790697674418288,0.5
W1_trailing_24m,2018_2020,2019-04-26T03:16:00,2019-04-26T03:53:00,0.7626266479492188,49.586489995512885,2,sl,24.0,True,-0.6,0.84,-1.0595238095238095,-1.119047619047619,0.5
W1_trailing_24m,2018_2020,2019-04-26T08:20:00,2019-04-26T09:31:00,0.765171229839325,32.583757109439304,1,tp,24.0,True,1.5,0.84,1.4404761904761905,1.380952380952381,0.5
W1_trailing_24m,2018_2020,2019-04-26T09:54:00,2019-04-26T10:00:00,0.7829697132110596,95.2359788830141,2,sl,23.0,True,-0.6,0.83,-1.0602409638554218,-1.1204819277108433,0.5
W1_trailing_24m,2018_2020,2019-04-26T11:17:00,2019-04-26T12:12:00,0.7509233355522156,47.286308520684635,2,sl,20.0,True,-0.6,0.8,-1.0625,-1.1249999999999998,0.5
W1_trailing_24m,2018_2020,2019-04-29T01:01:00,2019-04-29T02:31:00,0.7744202017784119,71.4274725443713,0,timeout,27.0,True,-0.11999999999989086,0.87,-0.5057471264366562,-0.5632183908044722,0.5
W1_trailing_24m,2018_2020,2019-04-29T08:31:00,2019-04-29T09:00:00,0.7734811902046204,59.998472766164305,2,sl,25.0,True,-0.6,0.85,-1.0588235294117647,-1.1176470588235294,0.5
W1_trailing_24m,2018_2020,2019-04-30T02:58:00,2019-04-30T03:59:00,0.7545202374458313,64.1014135643637,1,tp,25.0,True,1.5,0.85,1.411764705882353,1.352941176470588,0.5
W1_trailing_24m,2018_2020,2019-04-30T04:18:00,2019-04-30T05:48:00,0.779209554195404,63.39206474204442,0,timeout,21.0,True,-0.060000000000172804,0.8099999999999999,-0.3950617283952751,-0.4567901234570035,0.5
W1_trailing_24m,2018_2020,2019-04-30T08:20:00,2019-04-30T08:48:00,0.7646824717521667,52.77709363026659,2,sl,26.0,True,-0.6,0.86,-1.0581395348837208,-1.1162790697674418,0.5
W1_trailing_24m,2018_2020,2019-05-01T01:01:00,2019-05-01T01:45:00,0.7826586961746216,52.11164850270288,2,sl,26.0,True,-0.6,0.86,-1.0581395348837208,-1.1162790697674418,0.5
W1_trailing_24m,2018_2020,2019-05-01T02:14:00,2019-05-01T03:44:00,0.750377893447876,58.927098251124576,0,timeout,29.0,True,-0.12000000000011823,0.8899999999999999,-0.5168539325844026,-0.5730337078653015,0.5
W1_trailing_24m,2018_2020,2019-05-01T04:01:00,2019-05-01T04:51:00,0.8018427491188049,33.33255557369064,2,sl,22.0,True,-0.6,0.82,-1.0609756097560976,-1.121951219512195,0.5
W1_trailing_24m,2018_2020,2019-05-01T08:01:00,2019-05-01T09:12:00,0.7684239149093628,61.10952679006256,2,sl,24.0,True,-0.6,0.84,-1.0595238095238095,-1.119047619047619,0.5
W1_trailing_24m,2018_2020,2019-05-02T03:55:00,2019-05-02T04:02:00,0.7662351727485657,30.76881657361632,2,sl,22.0,True,-0.6,0.82,-1.0609756097560976,-1.121951219512195,0.5
W1_trailing_24m,2018_2020,2019-05-03T02:01:00,2019-05-03T03:31:00,0.7619020342826843,67.43966475509978,0,timeout,21.0,True,0.5599999999999454,0.8099999999999999,0.370370370370303,0.3086419753085746,0.5
W1_trailing_24m,2018_2020,2019-05-03T04:25:00,2019-05-03T05:55:00,0.7643851637840271,27.47210482475846,0,timeout,22.0,True,0.16000000000008185,0.82,-0.13414634146331483,-0.1951219512194124,0.5
W1_trailing_24m,2018_2020,2019-05-03T08:08:00,2019-05-03T09:00:00,0.7531178593635559,67.85544647096658,2,sl,20.0,True,-0.6,0.8,-1.0625,-1.1249999999999998,0.5
W1_trailing_24m,2018_2020,2019-05-03T23:16:00,2019-05-06T01:00:00,0.7658767104148865,67.74091572814953,1,tp,17.0,True,1.5,0.77,1.6623376623376622,1.5974025974025974,0.5
W1_trailing_24m,2018_2020,2019-05-07T02:03:00,2019-05-07T03:01:00,0.7587463855743408,53.18990498155374,1,tp,17.0,True,1.5,0.77,1.6623376623376622,1.5974025974025974,0.5
W1_trailing_24m,2018_2020,2019-05-07T04:24:00,2019-05-07T05:54:00,0.7613618969917297,45.08900390800971,0,timeout,17.0,True,1.199999999999818,0.77,1.2727272727270365,1.2077922077919716,0.5
W1_trailing_24m,2018_2020,2019-05-08T01:03:00,2019-05-08T02:33:00,0.7557304501533508,22.97253835737537,0,timeout,28.0,True,0.4900000000000091,0.88,0.18181818181819215,0.12500000000001033,0.5
W1_trailing_24m,2018_2020,2019-05-08T02:56:00,2019-05-08T03:56:00,0.7513501644134521,79.1028247170899,1,tp,22.0,True,1.5,0.82,1.5,1.4390243902439024,0.5
W1_trailing_24m,2018_2020,2019-05-08T03:57:00,2019-05-08T04:20:00,0.7536845803260803,87.20859248819929,2,sl,23.0,True,-0.6,0.83,-1.0602409638554218,-1.1204819277108433,0.5
W1_trailing_24m,2018_2020,2019-05-08T08:01:00,2019-05-08T08:30:00,0.7629445195198059,90.90716257531739,2,sl,17.0,True,-0.6,0.77,-1.0649350649350648,-1.12987012987013,0.5
W1_trailing_24m,2018_2020,2019-05-08T08:51:00,2019-05-08T10:15:00,0.7703659534454346,71.427142885723,2,sl,24.0,True,-0.6,0.84,-1.0595238095238095,-1.119047619047619,0.5
W1_trailing_24m,2018_2020,2019-05-09T03:01:00,2019-05-09T03:31:00,0.7866392731666565,28.570612268227535,1,tp,21.0,True,1.5,0.8099999999999999,1.5308641975308643,1.4691358024691359,0.5
W1_trailing_24m,2018_2020,2019-05-09T04:46:00,2019-05-09T05:02:00,0.750847578048706,24.999698279503534,2,sl,20.0,True,-0.6,0.8,-1.0625,-1.1249999999999998,0.5
W1_trailing_24m,2018_2020,2019-05-10T03:16:00,2019-05-10T03:37:00,0.7576051950454712,78.08927345515662,2,sl,19.0,True,-0.6,0.79,-1.0632911392405062,-1.1265822784810124,0.5
W1_trailing_24m,2018_2020,2019-05-13T02:18:00,2019-05-13T02:59:00,0.7539373636245728,59.61458211139927,2,sl,26.0,True,-0.6,0.86,-1.0581395348837208,-1.1162790697674418,0.5
W1_trailing_24m,2018_2020,2019-05-13T03:43:00,2019-05-13T04:01:00,0.7518209218978882,45.08144988500498,2,sl,24.0,True,-0.6,0.84,-1.0595238095238095,-1.119047619047619,0.5
W1_trailing_24m,2018_2020,2019-05-13T08:01:00,2019-05-13T09:21:00,0.7993968725204468,52.940086527628345,2,sl,23.0,True,-0.6,0.83,-1.0602409638554218,-1.1204819277108433,0.5
W1_trailing_24m,2018_2020,2019-05-14T02:41:00,2019-05-14T03:03:00,0.7506548166275024,64.3555435865261,1,tp,23.0,True,1.5,0.83,1.4698795180722892,1.4096385542168675,0.5
W1_trailing_24m,2018_2020,2019-05-15T01:05:00,2019-05-15T02:35:00,0.7502996325492859,69.01272369277,0,timeout,26.0,True,-0.049999999999954525,0.86,-0.4186046511627378,-0.47674418604645874,0.5
W1_trailing_24m,2018_2020,2019-05-15T04:16:00,2019-05-15T04:25:00,0.7662705183029175,73.68366759403203,2,sl,15.0,True,-0.6,0.75,-1.0666666666666667,-1.1333333333333333,0.5
W1_trailing_24m,2018_2020,2019-05-16T03:11:00,2019-05-16T04:00:00,0.7600000500679016,49.99971074547503,2,sl,30.0,True,-0.6,0.8999999999999999,-1.0555555555555556,-1.1111111111111112,0.5
W1_trailing_24m,2018_2020,2019-05-16T04:20:00,2019-05-16T04:30:00,0.7538530826568604,77.71679998086702,2,sl,25.0,True,-0.6,0.85,-1.0588235294117647,-1.1176470588235294,0.5
W1_trailing_24m,2018_2020,2019-05-17T03:04:00,2019-05-17T03:15:00,0.7565699219703674,56.81757920748386,2,sl,22.0,True,-0.6,0.82,-1.0609756097560976,-1.121951219512195,0.5
W1_trailing_24m,2018_2020,2019-05-17T03:53:00,2019-05-17T04:00:00,0.7541353702545166,59.999458069413926,2,sl,19.0,True,-0.6,0.79,-1.0632911392405062,-1.1265822784810124,0.5
W1_trailing_24m,2018_2020,2019-05-20T02:51:00,2019-05-20T03:05:00,0.7581658959388733,49.15195921403473,2,sl,24.0,True,-0.6,0.84,-1.0595238095238095,-1.119047619047619,0.5
W1_trailing_24m,2018_2020,2019-05-20T04:49:00,2019-05-20T05:48:00,0.7791915535926819,26.288470083204373,2,sl,19.0,True,-0.6,0.79,-1.0632911392405062,-1.1265822784810124,0.5
W1_trailing_24m,2018_2020,2019-05-21T01:17:00,2019-05-21T02:48:00,0.7592264413833618,84.31141105931124,0,timeout,24.0,True,0.06999999999993634,0.84,-0.2619047619048377,-0.3214285714286473,0.5
W1_trailing_24m,2018_2020,2019-05-21T03:47:00,2019-05-21T04:03:00,0.7561296224594116,51.76385330123786,2,sl,23.0,True,-0.6,0.83,-1.0602409638554218,-1.1204819277108433,0.5
W1_trailing_24m,2018_2020,2019-05-22T01:29:00,2019-05-22T02:59:00,0.7589284777641296,33.33236113945097,0,timeout,19.0,True,0.2599999999999909,0.79,0.02531645569619103,-0.03797468354431528,0.5
W1_trailing_24m,2018_2020,2019-05-22T03:15:00,2019-05-22T03:55:00,0.7517797350883484,55.19430342841548,2,sl,23.0,True,-0.6,0.83,-1.0602409638554218,-1.1204819277108433,0.5
W1_trailing_24m,2018_2020,2019-05-23T02:14:00,2019-05-23T03:44:00,0.7507362365722656,58.33219909614184,0,timeout,20.0,True,-0.10999999999989996,0.8,-0.44999999999987494,-0.5124999999998749,0.5
W1_trailing_24m,2018_2020,2019-05-23T04:00:00,2019-05-23T04:06:00,0.7731083035469055,78.56985717429204,2,sl,20.0,True,-0.6,0.8,-1.0625,-1.1249999999999998,0.5
W1_trailing_24m,2018_2020,2019-05-24T01:01:00,2019-05-24T02:31:00,0.8366474509239197,29.33278578800227,0,timeout,29.0,True,0.7000000000000455,0.8899999999999999,0.404494382022523,0.3483146067416242,0.5
W1_trailing_24m,2018_2020,2019-05-24T08:46:00,2019-05-24T08:58:00,0.7900714874267578,61.48084390235828,2,sl,22.0,True,-0.6,0.82,-1.0609756097560976,-1.121951219512195,0.5
W1_trailing_24m,2018_2020,2019-05-24T19:11:00,2019-05-24T20:41:00,0.7503502368927002,48.83641429091785,0,timeout,17.0,True,0.03999999999996362,0.77,-0.233766233766281,-0.298701298701346,0.5
W1_trailing_24m,2018_2020,2019-05-24T22:32:00,2019-05-27T01:04:00,0.7532247304916382,72.0906761175365,0,timeout,19.0,True,0.6600000000000819,0.79,0.5316455696203568,0.4683544303798505,0.5
W1_trailing_24m,2018_2020,2019-05-27T09:56:00,2019-05-27T11:26:00,0.7617224454879761,48.23449966706525,0,timeout,23.0,True,0.8999999999998636,0.83,0.7469879518070646,0.6867469879516428,0.5
W1_trailing_24m,2018_2020,2019-05-27T11:51:00,2019-05-27T13:21:00,0.7619617581367493,30.76881657363313,0,timeout,25.0,True,-0.15999999999985448,0.85,-0.5411764705880641,-0.5999999999998289,0.5
W1_trailing_24m,2018_2020,2019-05-28T01:01:00,2019-05-28T02:31:00,0.7725561857223511,49.99905407194999,0,timeout,27.0,True,0.029999999999972715,0.87,-0.3333333333333647,-0.3908045977011808,0.5
W1_trailing_24m,2018_2020,2019-05-28T02:48:00,2019-05-28T03:31:00,0.7567620873451233,70.26894085789394,2,sl,23.0,True,-0.6,0.83,-1.0602409638554218,-1.1204819277108433,0.5
W1_trailing_24m,2018_2020,2019-05-28T08:35:00,2019-05-28T08:56:00,0.7874821424484253,86.66397045425927,2,sl,21.0,True,-0.6,0.8099999999999999,-1.0617283950617284,-1.1234567901234567,0.5
W1_trailing_24m,2018_2020,2019-05-29T02:23:00,2019-05-29T03:13:00,0.7699782252311707,64.44344199089676,1,tp,28.0,True,1.5,0.88,1.3295454545454544,1.272727272727273,0.5
W1_trailing_24m,2018_2020,2019-05-29T03:21:00,2019-05-29T04:00:00,0.7685590386390686,86.05401198770107,2,sl,18.0,True,-0.6,0.78,-1.064102564102564,-1.1282051282051282,0.5
W1_trailing_24m,2018_2020,2019-05-29T08:20:00,2019-05-29T09:27:00,0.754688024520874,52.70170564340342,1,tp,25.0,True,1.5,0.85,1.411764705882353,1.352941176470588,0.5
W1_trailing_24m,2018_2020,2019-05-30T03:36:00,2019-05-30T04:06:00,0.7652947902679443,55.43393904875092,2,sl,24.0,True,-0.6,0.84,-1.0595238095238095,-1.119047619047619,0.5
W1_trailing_24m,2018_2020,2019-05-30T04:54:00,2019-05-30T05:34:00,0.7628006339073181,29.99916002350571,2,sl,23.0,True,-0.6,0.83,-1.0602409638554218,-1.1204819277108433,0.5
W1_trailing_24m,2018_2020,2019-05-31T01:52:00,2019-05-31T02:35:00,0.7588323950767517,49.998541709200154,1,tp,28.0,True,1.5,0.88,1.3295454545454544,1.272727272727273,0.5
W1_trailing_24m,2018_2020,2019-05-31T02:46:00,2019-05-31T03:05:00,0.7538943290710449,55.28141762681303,1,tp,18.0,True,1.5,0.78,1.6282051282051282,1.564102564102564,0.5
W1_trailing_24m,2018_2020,2019-05-31T03:06:00,2019-05-31T04:01:00,0.7540351748466492,80.24622009439685,1,tp,15.0,True,1.5,0.75,1.7333333333333334,1.6666666666666667,0.5
W1_trailing_24m,2018_2020,2019-05-31T04:02:00,2019-05-31T05:05:00,0.7745564579963684,55.951914686420395,2,sl,17.0,True,-0.6,0.77,-1.0649350649350648,-1.12987012987013,0.5
W1_trailing_24m,2018_2020,2019-08-14T04:29:00,2019-08-14T05:13:00,0.7750058770179749,33.08886679705405,1,tp,22.0,True,2.027071428571443,2.7148571428571606,0.6472058513997064,0.6287886760681973,0.5
W1_trailing_24m,2018_2020,2019-09-09T04:11:00,2019-09-09T04:55:00,0.7903265357017517,62.21190129339977,1,tp,26.0,True,1.6463571428571657,2.286285714285743,0.5845101224693853,0.5626405898525398,0.5
W1_trailing_24m,2018_2020,2019-09-10T04:11:00,2019-09-10T04:23:00,0.7516538500785828,24.347783742983253,2,sl,23.0,True,-1.7805714285714203,2.0105714285714202,-1.0248685519397474,-1.0497371038794943,0.5
W1_trailing_24m,2018_2020,2019-09-18T03:01:00,2019-09-18T04:31:00,0.7512929439544678,47.99961600307405,0,timeout,29.0,True,0.08000000000015461,0.8899999999999999,-0.2921348314605005,-0.34831460674139936,0.5
W1_trailing_24m,2018_2020,2019-09-18T08:26:00,2019-09-18T08:46:00,0.7682056427001953,49.17919916592139,2,sl,24.0,True,-0.6,0.84,-1.0595238095238095,-1.119047619047619,0.5
W1_trailing_24m,2018_2020,2019-09-20T08:06:00,2019-09-20T08:09:00,0.7505771517753601,26.190039689800514,2,sl,17.0,True,-0.6,0.77,-1.0649350649350648,-1.12987012987013,0.5
W1_trailing_24m,2018_2020,2019-10-25T08:17:00,2019-10-25T08:38:00,0.7585272789001465,32.92626711251306,1,tp,20.0,True,1.5,0.8,1.5625,1.4999999999999998,0.5
W1_trailing_24m,2018_2020,2019-11-12T02:01:00,2019-11-12T02:16:00,0.7566270232200623,61.59931008772134,1,tp,23.0,True,1.5,0.83,1.4698795180722892,1.4096385542168675,0.5
W1_trailing_24m,2018_2020,2019-11-12T03:01:00,2019-11-12T03:07:00,0.761224091053009,64.05488628183917,2,sl,24.0,True,-0.6,0.84,-1.0595238095238095,-1.119047619047619,0.5
W1_trailing_24m,2018_2020,2019-11-12T04:22:00,2019-11-12T04:33:00,0.7500554323196411,64.28507143500227,2,sl,20.0,True,-0.6,0.8,-1.0625,-1.1249999999999998,0.5
W1_trailing_24m,2018_2020,2019-11-13T04:02:00,2019-11-13T04:27:00,0.7614089250564575,55.86548485095612,2,sl,18.0,True,-0.6,0.78,-1.064102564102564,-1.1282051282051282,0.5
W1_trailing_24m,2018_2020,2019-11-13T04:57:00,2019-11-13T05:09:00,0.754030168056488,57.69168639722274,2,sl,23.0,True,-0.6,0.83,-1.0602409638554218,-1.1204819277108433,0.5
W1_trailing_24m,2018_2020,2019-11-14T02:01:00,2019-11-14T03:01:00,0.7697346210479736,51.54564779477337,2,sl,24.0,True,-0.6,0.84,-1.0595238095238095,-1.119047619047619,0.5
W1_trailing_24m,2018_2020,2019-11-15T01:01:00,2019-11-15T01:31:00,0.7811275124549866,49.99935186025366,2,sl,24.0,True,-0.6,0.84,-1.0595238095238095,-1.119047619047619,0.5
W1_trailing_24m,2018_2020,2019-11-15T01:57:00,2019-11-15T02:37:00,0.7617654204368591,70.58765398402286,2,sl,44.0,True,-0.6,1.04,-1.048076923076923,-1.0961538461538463,0.5
W1_trailing_24m,2018_2020,2019-11-15T03:18:00,2019-11-15T04:48:00,0.7616156935691833,52.352725606424954,0,timeout,20.0,True,0.15999999999985448,0.922285714285785,-0.09758364312282689,-0.15179677819097637,0.5
W1_trailing_24m,2018_2020,2019-11-15T23:15:00,2019-11-18T01:29:00,0.7647584080696106,47.72651344183278,1,tp,20.0,True,1.5,0.8,1.5625,1.4999999999999998,0.5
W1_trailing_24m,2018_2020,2019-11-18T01:51:00,2019-11-18T02:02:00,0.7514917850494385,69.4437692966909,2,sl,20.0,True,-0.6,0.8,-1.0625,-1.1249999999999998,0.5
W1_trailing_24m,2018_2020,2019-11-18T02:21:00,2019-11-18T02:33:00,0.753829300403595,57.406911298295086,2,sl,20.0,True,-0.6,0.8,-1.0625,-1.1249999999999998,0.5
W1_trailing_24m,2018_2020,2019-11-18T02:51:00,2019-11-18T03:00:00,0.7574089765548706,54.22847801059806,2,sl,20.0,True,-0.6,0.8,-1.0625,-1.1249999999999998,0.5
W1_trailing_24m,2018_2020,2019-11-19T01:01:00,2019-11-19T02:08:00,0.7599441409111023,61.42795714899878,1,tp,24.0,True,1.5,0.84,1.4404761904761905,1.380952380952381,0.5
W1_trailing_24m,2018_2020,2019-11-19T04:04:00,2019-11-19T04:16:00,0.7526015043258667,47.19973568148273,2,sl,20.0,True,-0.6,0.8,-1.0625,-1.1249999999999998,0.5
W1_trailing_24m,2018_2020,2019-11-19T04:31:00,2019-11-19T05:01:00,0.7727899551391602,59.73098239346334,1,tp,18.0,True,1.5,0.78,1.6282051282051282,1.564102564102564,0.5
W1_trailing_24m,2018_2020,2019-11-20T01:55:00,2019-11-20T01:58:00,0.7595402002334595,53.37787345254531,1,tp,23.0,True,1.5,0.83,1.4698795180722892,1.4096385542168675,0.5
W1_trailing_24m,2018_2020,2019-11-20T02:29:00,2019-11-20T02:51:00,0.763453483581543,79.20682287573187,2,sl,20.0,True,-0.6,0.8,-1.0625,-1.1249999999999998,0.5
W1_trailing_24m,2018_2020,2019-11-20T04:23:00,2019-11-20T05:53:00,0.7550231218338013,55.37592727796823,0,timeout,20.0,True,0.6599999999998545,0.8,0.5124999999998181,0.4499999999998181,0.5
W1_trailing_24m,2018_2020,2019-11-22T04:17:00,2019-11-22T05:47:00,0.7571127414703369,62.68591223673124,0,timeout,20.0,True,0.5199999999999818,0.8,0.33749999999997726,0.27499999999997726,0.5
W1_trailing_24m,2018_2020,2019-11-25T02:31:00,2019-11-25T03:02:00,0.7525613307952881,64.39325643517128,2,sl,23.0,True,-0.6,0.83,-1.0602409638554218,-1.1204819277108433,0.5
W1_trailing_24m,2018_2020,2019-11-25T03:36:00,2019-11-25T04:49:00,0.7568336129188538,72.78046217369099,1,tp,17.0,True,1.5,0.77,1.6623376623376622,1.5974025974025974,0.5
W1_trailing_24m,2018_2020,2019-11-26T02:01:00,2019-11-26T02:10:00,0.7522935271263123,52.02653488412761,2,sl,21.0,True,-0.6,0.8099999999999999,-1.0617283950617284,-1.1234567901234567,0.5
W1_trailing_24m,2018_2020,2019-11-26T02:50:00,2019-11-26T03:46:00,0.7509936690330505,58.26016031108206,2,sl,16.0,True,-0.6,0.76,-1.0657894736842104,-1.131578947368421,0.5
W1_trailing_24m,2018_2020,2019-11-26T04:01:00,2019-11-26T05:31:00,0.7716386914253235,85.07418244831078,0,timeout,19.0,True,0.4500000000000455,0.8208571428571148,0.25583014270803495,0.19491820396803983,0.5
W1_trailing_24m,2018_2020,2019-11-27T01:15:00,2019-11-27T01:43:00,0.7544572949409485,34.95098124879084,2,sl,28.0,True,-0.6,0.88,-1.0568181818181817,-1.1136363636363635,0.5
W1_trailing_24m,2018_2020,2019-11-27T02:11:00,2019-11-27T03:00:00,0.753697395324707,51.5621240261775,2,sl,23.0,True,-0.6,0.83,-1.0602409638554218,-1.1204819277108433,0.5
W1_trailing_24m,2018_2020,2019-11-27T04:04:00,2019-11-27T04:55:00,0.7526013851165771,47.17914845739766,2,sl,20.0,True,-0.6,0.8,-1.0625,-1.1249999999999998,0.5
W1_trailing_24m,2018_2020,2019-11-29T02:35:00,2019-11-29T03:30:00,0.7574593424797058,46.60130833173591,1,tp,25.0,True,1.5,0.85,1.411764705882353,1.352941176470588,0.5
W1_trailing_24m,2018_2020,2019-11-29T04:49:00,2019-11-29T05:25:00,0.7560036778450012,47.72651344183278,1,tp,20.0,True,1.5,0.8,1.5625,1.4999999999999998,0.5
W1_trailing_24m,2018_2020,2019-12-02T02:26:00,2019-12-02T03:56:00,0.7552546858787537,51.59536046008014,0,timeout,19.0,True,-0.05999999999994543,0.79,-0.3797468354429689,-0.44303797468347517,0.5
W1_trailing_24m,2018_2020,2019-12-02T08:51:00,2019-12-02T09:06:00,0.7697624564170837,54.45469072706748,2,sl,19.0,True,-0.6,0.79,-1.0632911392405062,-1.1265822784810124,0.5
W1_trailing_24m,2018_2020,2019-12-03T01:01:00,2019-12-03T02:02:00,0.798561155796051,49.42449201966925,1,tp,26.0,True,1.5,0.86,1.3837209302325582,1.3255813953488373,0.5
W1_trailing_24m,2018_2020,2019-12-03T02:10:00,2019-12-03T02:15:00,0.7552099823951721,58.10010424499389,2,sl,23.0,True,-0.6,0.83,-1.0602409638554218,-1.1204819277108433,0.5
W1_trailing_24m,2018_2020,2019-12-03T03:21:00,2019-12-03T04:51:00,0.7552355527877808,63.33284074457788,0,timeout,20.0,True,-0.36999999999989086,0.8,-0.7749999999998636,-0.8374999999998636,0.5
W1_trailing_24m,2018_2020,2019-12-04T01:21:00,2019-12-04T02:13:00,0.7507066130638123,65.82220157542525,1,tp,22.0,True,1.5,0.82,1.5,1.4390243902439024,0.5
W1_trailing_24m,2018_2020,2019-12-05T04:27:00,2019-12-05T05:57:00,0.7555678486824036,66.32558310391508,0,timeout,24.0,True,0.2699999999999818,0.84,-0.02380952380954544,-0.08333333333335502,0.5
W1_trailing_24m,2018_2020,2019-12-09T04:38:00,2019-12-09T06:08:00,0.7573344111442566,34.09036674417307,0,timeout,18.0,True,0.2699999999999818,0.78,0.051282051282027945,-0.012820512820536175,0.5
W1_trailing_24m,2018_2020,2019-12-10T03:47:00,2019-12-10T04:02:00,0.7542858719825745,61.42795714899878,2,sl,19.0,True,-0.6,0.79,-1.0632911392405062,-1.1265822784810124,0.5
W1_trailing_24m,2018_2020,2019-12-11T01:29:00,2019-12-11T01:56:00,0.7580316662788391,48.59781291150521,2,sl,20.0,True,-0.6,0.8,-1.0625,-1.1249999999999998,0.5
W1_trailing_24m,2018_2020,2019-12-12T04:00:00,2019-12-12T05:30:00,0.7505696415901184,51.612126269065335,0,timeout,23.0,True,1.0,0.83,0.8674698795180723,0.8072289156626505,0.5
W1_trailing_24m,2018_2020,2019-12-16T01:19:00,2019-12-16T02:49:00,0.7645684480667114,29.687175296516855,0,timeout,34.0,True,-0.2400000000000091,0.94,-0.6702127659574565,-0.7234042553191586,0.5
W1_trailing_24m,2018_2020,2019-12-16T03:15:00,2019-12-16T04:36:00,0.7523234486579895,33.95032388608935,1,tp,20.0,True,1.5,0.8,1.5625,1.4999999999999998,0.5
W1_trailing_24m,2018_2020,2019-12-17T01:15:00,2019-12-17T01:42:00,0.7588179707527161,28.220616510040443,2,sl,22.0,True,-0.6,0.82,-1.0609756097560976,-1.121951219512195,0.5
W1_trailing_24m,2018_2020,2019-12-17T01:59:00,2019-12-17T03:29:00,0.7553282976150513,56.04352493991749,0,timeout,25.0,True,-0.21000000000003638,0.85,-0.6000000000000428,-0.6588235294118077,0.5
W1_trailing_24m,2018_2020,2019-12-17T08:09:00,2019-12-17T09:36:00,0.7524234652519226,31.168264473117304,2,sl,18.0,True,-0.6,0.78,-1.064102564102564,-1.1282051282051282,0.5
W1_trailing_24m,2018_2020,2019-12-18T01:19:00,2019-12-18T02:10:00,0.750029444694519,54.76129630306168,2,sl,24.0,True,-0.6,0.84,-1.0595238095238095,-1.119047619047619,0.5
W1_trailing_24m,2018_2020,2019-12-18T02:28:00,2019-12-18T03:58:00,0.7611464262008667,49.998870993235634,0,timeout,33.0,True,0.7300000000000182,0.9299999999999999,0.37634408602152497,0.3225806451613099,0.5
W1_trailing_24m,2018_2020,2019-12-18T04:57:00,2019-12-18T06:27:00,0.800083339214325,73.0142504769764,0,timeout,19.0,True,0.5,0.79,0.3291139240506329,0.2658227848101266,0.5
W1_trailing_24m,2018_2020,2019-12-18T08:01:00,2019-12-18T09:31:00,0.7687994241714478,90.47468256482213,0,timeout,23.0,True,0.20000000000004547,0.83,-0.09638554216861994,-0.15662650602404163,0.5
W1_trailing_24m,2018_2020,2019-12-18T09:51:00,2019-12-18T10:00:00,0.7590371370315552,77.92066118279672,2,sl,20.0,True,-0.6,0.8,-1.0625,-1.1249999999999998,0.5
W1_trailing_24m,2018_2020,2019-12-20T01:19:00,2019-12-20T01:54:00,0.7547132968902588,45.3697822435559,2,sl,22.0,True,-0.6,0.82,-1.0609756097560976,-1.121951219512195,0.5
W1_trailing_24m,2018_2020,2019-12-20T02:43:00,2019-12-20T03:12:00,0.752906084060669,63.234643172794314,2,sl,19.0,True,-0.6,0.79,-1.0632911392405062,-1.1265822784810124,0.5
W1_trailing_24m,2018_2020,2019-12-20T08:06:00,2019-12-20T08:32:00,0.7609886527061462,75.83821360067287,2,sl,21.0,True,-0.6,0.8099999999999999,-1.0617283950617284,-1.1234567901234567,0.5
W1_trailing_24m,2018_2020,2019-12-20T09:00:00,2019-12-20T09:55:00,0.7547159194946289,50.71377857649902,2,sl,20.0,True,-0.6,0.8,-1.0625,-1.1249999999999998,0.5
W1_trailing_24m,2018_2020,2019-12-23T01:03:00,2019-12-23T02:33:00,0.7643222808837891,32.29119575338835,0,timeout,22.0,True,1.009999999999991,0.82,0.9024390243902328,0.8414634146341352,0.5
W1_trailing_24m,2018_2020,2019-12-23T02:38:00,2019-12-23T04:08:00,0.7746380567550659,34.666019567633526,0,timeout,21.0,True,0.7699999999999818,0.8099999999999999,0.6296296296296072,0.5679012345678788,0.5
W1_trailing_24m,2018_2020,2019-12-24T01:09:00,2019-12-24T02:39:00,0.7560569643974304,46.03123457357866,0,timeout,19.0,True,-0.2400000000000091,0.79,-0.6075949367088722,-0.6708860759493787,0.5
W1_trailing_24m,2018_2020,2019-12-24T03:40:00,2019-12-24T03:47:00,0.7513470649719238,79.83099358493433,1,tp,19.0,True,1.5,0.79,1.5949367088607593,1.5316455696202531,0.5
W1_trailing_24m,2018_2020,2019-12-24T04:02:00,2019-12-24T04:04:00,0.7529013156890869,64.90340930397699,2,sl,18.0,True,-0.6,0.78,-1.064102564102564,-1.1282051282051282,0.5
W1_trailing_24m,2018_2020,2019-12-24T04:42:00,2019-12-24T06:12:00,0.7507046461105347,56.02362389714728,0,timeout,22.0,True,0.35999999999989996,0.82,0.10975609756085358,0.04878048780475604,0.5
W1_trailing_24m,2018_2020,2019-12-27T04:12:00,2019-12-27T04:30:00,0.7553640604019165,73.4031620805663,1,tp,15.0,True,1.5,0.75,1.7333333333333334,1.6666666666666667,0.5
W1_trailing_24m,2018_2020,2019-12-30T08:02:00,2019-12-30T08:07:00,0.7633474469184875,64.28479593149001,2,sl,19.0,True,-0.6,0.79,-1.0632911392405062,-1.1265822784810124,0.5
W1_trailing_24m,2018_2020,2020-02-07T02:01:00,2020-02-07T02:09:00,0.7617502212524414,33.33288889480029,2,sl,23.0,True,-0.6,0.83,-1.0602409638554218,-1.1204819277108433,0.5
W1_trailing_24m,2018_2020,2020-03-12T03:15:00,2020-03-12T03:17:00,0.7588145732879639,48.778218742528395,2,sl,25.0,True,-2.4937142857142787,2.7437142857142787,-1.0182234718317191,-1.0364469436634387,0.5
W1_trailing_24m,2018_2020,2020-03-12T04:07:00,2020-03-12T04:09:00,0.7648566961288452,48.05393498935704,2,sl,29.0,True,-3.1965714285713798,3.48657142857138,-1.0143407358846186,-1.0286814717692374,0.5
W1_trailing_24m,2018_2020,2020-03-17T03:12:00,2020-03-17T03:53:00,0.7607445120811462,27.116344700545866,2,sl,68.0,True,-5.826285714285665,6.5062857142856645,-1.0076848761637098,-1.0153697523274199,0.5
W1_trailing_24m,2018_2020,2020-03-19T03:02:00,2020-03-19T03:07:00,0.7723017930984497,48.146483934211346,2,sl,45.0,True,-4.180571428571446,4.6305714285714465,-1.010797803418276,-1.021595606836552,0.5
W1_trailing_24m,2018_2020,2020-03-19T04:19:00,2020-03-19T04:31:00,0.7546019554138184,48.128988786720036,2,sl,24.0,True,-2.5359999999999805,2.7759999999999803,-1.0180115273775219,-1.0360230547550435,0.5
W1_trailing_24m,2018_2020,2020-05-01T09:09:00,2020-05-01T09:32:00,0.7512975931167603,45.55251767282649,1,tp,24.0,True,2.329785714285749,3.1074285714286143,0.6564223979404213,0.6403319235012895,0.5
W1_trailing_24m,2018_2020,2020-08-11T04:12:00,2020-08-11T04:20:00,0.7701555490493774,51.84376530638358,1,tp,23.0,True,2.2555000000000387,3.0060000000000477,0.6571856287425174,0.6405522288755848,0.5
W1_trailing_24m,2018_2020,2020-08-17T03:08:00,2020-08-17T03:46:00,0.7576148509979248,46.4854902069189,2,sl,23.0,True,-3.265142857142876,3.495142857142876,-1.01430556690918,-1.0286111338183601,0.5
W1_trailing_24m,2018_2020,2020-08-17T04:13:00,2020-08-17T04:16:00,0.7776041030883789,48.24490848179842,2,sl,23.0,True,-2.7771428571428523,3.0071428571428522,-1.0166270783847982,-1.0332541567695963,0.5
W1_trailing_24m,2018_2020,2020-08-24T04:16:00,2020-08-24T04:59:00,0.7611083388328552,51.27924116104731,1,tp,23.0,True,1.6612142857143164,2.274571428571466,0.6072415525687762,0.585259389523933,0.5
W1_trailing_24m,2018_2020,2020-11-03T01:54:00,2020-11-03T02:16:00,0.7520432472229004,24.264456101183626,2,sl,23.0,True,-0.6,0.83,-1.0602409638554218,-1.1204819277108433,0.5
W1_trailing_24m,2018_2020,2020-11-18T03:14:00,2020-11-18T03:24:00,0.7512804865837097,31.340160952346977,1,tp,22.0,True,1.5,1.9388571428571646,0.6343943412908859,0.6086059534335327,0.5
W1_trailing_24m,2018_2020,2020-11-24T03:22:00,2020-11-24T03:37:00,0.7645876407623291,26.916024012378415,2,sl,19.0,True,-1.7679999999999774,1.9579999999999773,-1.025536261491318,-1.0510725229826359,0.5
W1_trailing_24m,2018_2020,2020-12-02T01:49:00,2020-12-02T01:56:00,0.7533102631568909,64.12515795864539,2,sl,32.0,True,-0.6,0.9199999999999999,-1.0543478260869565,-1.108695652173913,0.5
W1_trailing_24m,2021_2022,2021-01-18T01:37:00,2021-01-18T01:44:00,0.7530116438865662,26.20944354427479,2,sl,26.0,True,-4.103999999999984,4.363999999999984,-1.0114573785517873,-1.0229147571035748,0.5
W1_trailing_24m,2021_2022,2021-04-07T23:34:00,2021-04-08T01:00:00,0.7536850571632385,23.02610370694535,1,tp,25.0,True,1.5,0.85,1.411764705882353,1.352941176470588,0.5
W1_trailing_24m,2021_2022,2021-04-09T23:30:00,2021-04-12T01:00:00,0.7526987195014954,31.312688507428064,1,tp,22.0,True,1.5,0.82,1.5,1.4390243902439024,0.5
W1_trailing_24m,2021_2022,2021-04-15T01:22:00,2021-04-15T02:46:00,0.7568236589431763,50.713778576499486,2,sl,23.0,True,-0.6,0.83,-1.0602409638554218,-1.1204819277108433,0.5
W1_trailing_24m,2021_2022,2021-04-19T23:41:00,2021-04-19T23:45:00,0.7549813389778137,51.785282741690466,2,sl,28.0,True,-0.6,0.88,-1.0568181818181817,-1.1136363636363635,0.5
W1_trailing_24m,2021_2022,2021-04-20T01:16:00,2021-04-20T02:46:00,0.771975576877594,28.46686238243305,0,timeout,34.0,True,1.1100000000001273,0.94,0.7659574468086461,0.712765957446944,0.5
W1_trailing_24m,2021_2022,2021-04-23T23:14:00,2021-04-26T01:01:00,0.7517487406730652,45.19169934251306,2,sl,24.0,True,-0.6,0.84,-1.0595238095238095,-1.119047619047619,0.5
W1_trailing_24m,2021_2022,2021-04-27T23:47:00,2021-04-28T01:16:00,0.7534685730934143,66.31481220277585,2,sl,28.0,True,-0.6,0.88,-1.0568181818181817,-1.1136363636363635,0.5
W1_trailing_24m,2021_2022,2021-04-28T01:31:00,2021-04-28T02:00:00,0.7507503628730774,49.99890627392526,2,sl,23.0,True,-0.6,0.83,-1.0602409638554218,-1.1204819277108433,0.5
W1_trailing_24m,2021_2022,2021-04-28T02:21:00,2021-04-28T02:45:00,0.7570233941078186,65.90839188068747,2,sl,22.0,True,-0.6,0.82,-1.0609756097560976,-1.121951219512195,0.5
W1_trailing_24m,2021_2022,2021-06-03T23:23:00,2021-06-03T23:36:00,0.7625778913497925,29.998600065307556,2,sl,29.0,True,-0.6,0.8899999999999999,-1.056179775280899,-1.1123595505617978,0.5
W1_trailing_24m,2021_2022,2021-06-04T03:26:00,2021-06-04T03:45:00,0.7712924480438232,50.465728801210254,2,sl,29.0,True,-1.1485714285714235,1.4385714285714235,-1.034756703078451,-1.0695134061569018,0.5
W1_trailing_24m,2021_2022,2021-06-04T04:08:00,2021-06-04T04:47:00,0.7854698300361633,58.695514759664114,2,sl,23.0,True,-1.432000000000049,1.662000000000049,-1.0300842358604083,-1.0601684717208166,0.5
W1_trailing_24m,2021_2022,2021-06-09T23:22:00,2021-06-10T01:53:00,0.7510052919387817,59.572693579350485,0,timeout,29.0,True,0.03999999999996362,0.8899999999999999,-0.3370786516854342,-0.39325842696633306,0.5
W1_trailing_24m,2021_2022,2021-06-29T01:37:00,2021-06-29T01:55:00,0.7709930539131165,50.44981414648806,2,sl,21.0,True,-0.6,0.8099999999999999,-1.0617283950617284,-1.1234567901234567,0.5
W1_trailing_24m,2021_2022,2021-08-04T01:08:00,2021-08-04T02:38:00,0.776947557926178,54.90045371305543,0,timeout,25.0,True,0.5399999999999636,0.85,0.2823529411764278,0.22352941176466304,0.5
W1_trailing_24m,2021_2022,2021-08-06T02:09:00,2021-08-06T02:48:00,0.7617790699005127,49.99840914152731,2,sl,25.0,True,-0.6,0.85,-1.0588235294117647,-1.1176470588235294,0.5
W1_trailing_24m,2021_2022,2021-08-11T01:57:00,2021-08-11T02:44:00,0.7550925016403198,63.29001764525984,2,sl,26.0,True,-0.6,0.86,-1.0581395348837208,-1.1162790697674418,0.5
W1_trailing_24m,2021_2022,2021-08-24T22:38:00,2021-08-24T22:47:00,0.7561033368110657,24.999513898348752,2,sl,25.0,True,-0.6,0.85,-1.0588235294117647,-1.1176470588235294,0.5
W1_trailing_24m,2021_2022,2021-08-24T23:14:00,2021-08-24T23:50:00,0.7528668642044067,65.62442578626639,2,sl,25.0,True,-0.6,0.85,-1.0588235294117647,-1.1176470588235294,0.5
W1_trailing_24m,2021_2022,2021-08-25T01:00:00,2021-08-25T02:00:00,0.7545608878135681,31.468223388024555,2,sl,25.0,True,-0.6,0.85,-1.0588235294117647,-1.1176470588235294,0.5
W1_trailing_24m,2021_2022,2021-08-25T23:30:00,2021-08-26T02:01:00,0.7617467641830444,32.29119575337997,0,timeout,25.0,True,1.0399999999999636,0.85,0.8705882352940748,0.8117647058823101,0.5
W1_trailing_24m,2021_2022,2021-08-26T02:17:00,2021-08-26T03:35:00,0.7927149534225464,49.20525575622187,2,sl,25.0,True,-0.6,0.85,-1.0588235294117647,-1.1176470588235294,0.5
W1_trailing_24m,2021_2022,2021-09-03T01:53:00,2021-09-03T03:23:00,0.7622110843658447,47.498337558188304,0,timeout,25.0,True,-0.12999999999988177,0.85,-0.5058823529410373,-0.5647058823528022,0.5
W1_trailing_24m,2021_2022,2021-09-03T04:03:00,2021-09-03T04:11:00,0.7530348300933838,93.20325007500549,2,sl,25.0,True,-0.6,0.85,-1.0588235294117647,-1.1176470588235294,0.5
W1_trailing_24m,2021_2022,2021-09-27T23:37:00,2021-09-28T01:00:00,0.7601020932197571,47.05804845567564,2,sl,25.0,True,-0.6,0.85,-1.0588235294117647,-1.1176470588235294,0.5
W1_trailing_24m,2021_2022,2021-10-11T23:20:00,2021-10-12T01:00:00,0.7541893124580383,63.54074003088541,2,sl,25.0,True,-0.6,0.85,-1.0588235294117647,-1.1176470588235294,0.5
W1_trailing_24m,2021_2022,2021-10-12T01:15:00,2021-10-12T01:27:00,0.7571200728416443,47.45706406872519,2,sl,25.0,True,-0.6,0.85,-1.0588235294117647,-1.1176470588235294,0.5
W1_trailing_24m,2021_2022,2021-10-12T01:43:00,2021-10-12T02:02:00,0.7548487186431885,55.46153238533761,2,sl,25.0,True,-0.6,0.85,-1.0588235294117647,-1.1176470588235294,0.5
W1_trailing_24m,2021_2022,2021-10-12T03:00:00,2021-10-12T03:02:00,0.753354549407959,23.25562466351495,2,sl,25.0,True,-0.6,0.85,-1.0588235294117647,-1.1176470588235294,0.5
W1_trailing_24m,2021_2022,2021-10-13T02:01:00,2021-10-13T03:31:00,0.7682923078536987,31.342628661492682,0,timeout,25.0,True,0.36999999999989086,0.85,0.0823529411763422,0.023529411764577443,0.5
W1_trailing_24m,2021_2022,2021-10-15T03:31:00,2021-10-15T04:01:00,0.7591926455497742,26.38014152025903,2,sl,25.0,True,-0.6,0.85,-1.0588235294117647,-1.1176470588235294,0.5
W1_trailing_24m,2021_2022,2021-10-18T23:17:00,2021-10-19T01:00:00,0.7531508803367615,47.36783934232702,2,sl,25.0,True,-0.6,0.85,-1.0588235294117647,-1.1176470588235294,0.5
W1_trailing_24m,2021_2022,2021-10-19T01:15:00,2021-10-19T01:48:00,0.7779635787010193,27.343450930998927,2,sl,25.0,True,-0.6,0.85,-1.0588235294117647,-1.1176470588235294,0.5
W1_trailing_24m,2021_2022,2021-10-19T23:37:00,2021-10-19T23:45:00,0.7559139132499695,23.199740162911482,2,sl,25.0,True,-0.6,0.85,-1.0588235294117647,-1.1176470588235294,0.5
W1_trailing_24m,2021_2022,2021-10-20T01:17:00,2021-10-20T01:55:00,0.7529402375221252,54.91740258719,2,sl,25.0,True,-0.6,0.85,-1.0588235294117647,-1.1176470588235294,0.5
W1_trailing_24m,2021_2022,2021-10-20T02:30:00,2021-10-20T03:02:00,0.7513673901557922,46.87465820561318,2,sl,25.0,True,-0.6,0.85,-1.0588235294117647,-1.1176470588235294,0.5
W1_trailing_24m,2021_2022,2021-11-02T22:37:00,2021-11-03T00:57:00,0.7785712480545044,24.210169534332124,2,sl,25.0,True,-0.6,0.85,-1.0588235294117647,-1.1176470588235294,0.5
W1_trailing_24m,2021_2022,2021-11-03T02:18:00,2021-11-03T02:23:00,0.7689056992530823,59.8478500985563,2,sl,25.0,True,-0.6,0.85,-1.0588235294117647,-1.1176470588235294,0.5
W1_trailing_24m,2021_2022,2021-12-14T23:40:00,2021-12-14T23:54:00,0.7572835683822632,29.99940001201601,2,sl,25.0,True,-0.6,0.85,-1.0588235294117647,-1.1176470588235294,0.5
W1_trailing_24m,2021_2022,2021-12-28T23:40:00,2021-12-29T01:14:00,0.7514337301254272,31.080493071766398,1,tp,25.0,True,1.5,0.85,1.411764705882353,1.352941176470588,0.5
W1_trailing_24m,2021_2022,2022-02-01T17:12:00,2022-02-01T17:34:00,0.7549261450767517,47.092984924314564,1,tp,24.0,True,2.859999999999996,3.7599999999999945,0.6835106382978723,0.6702127659574467,0.5
W1_trailing_24m,2021_2022,2022-05-26T02:22:00,2022-05-26T03:11:00,0.7576234340667725,33.96136705821408,2,sl,18.0,True,-0.6,0.78,-1.064102564102564,-1.1282051282051282,0.5
W1_trailing_24m,2021_2022,2022-05-30T19:15:00,2022-05-30T19:23:00,0.7660955190658569,57.23631492867603,2,sl,18.0,True,-0.6,0.78,-1.064102564102564,-1.1282051282051282,0.5
W1_trailing_24m,2021_2022,2022-05-31T01:52:00,2022-05-31T02:00:00,0.7526323795318604,28.16873636456451,2,sl,18.0,True,-0.6,0.78,-1.064102564102564,-1.1282051282051282,0.5
W1_trailing_24m,2021_2022,2022-05-31T02:35:00,2022-05-31T03:01:00,0.7522402405738831,32.38052064066315,2,sl,18.0,True,-0.6,0.78,-1.064102564102564,-1.1282051282051282,0.5
W1_trailing_24m,2021_2022,2022-06-10T01:08:00,2022-06-10T01:24:00,0.7554329037666321,55.22330363713023,2,sl,23.0,True,-0.6,0.83,-1.0602409638554218,-1.1204819277108433,0.5
W1_trailing_24m,2021_2022,2022-06-10T01:41:00,2022-06-10T02:33:00,0.7550419569015503,24.323403979293943,2,sl,18.0,True,-0.6,0.78,-1.064102564102564,-1.1282051282051282,0.5
W1_trailing_24m,2021_2022,2022-07-07T23:35:00,2022-07-07T23:55:00,0.751029372215271,33.332657018542264,2,sl,26.0,True,-0.6,0.86,-1.0581395348837208,-1.1162790697674418,0.5
W1_trailing_24m,2021_2022,2022-07-11T01:10:00,2022-07-11T01:18:00,0.7598527669906616,50.71759010426573,1,tp,28.0,True,1.5,1.8959999999999597,0.6170886075949498,0.5907172995780717,0.5
W1_trailing_24m,2021_2022,2022-07-26T23:26:00,2022-07-27T01:00:00,0.7564675807952881,31.858012378623187,2,sl,28.0,True,-0.6,0.88,-1.0568181818181817,-1.1136363636363635,0.5
W1_trailing_24m,2021_2022,2022-08-10T01:54:00,2022-08-10T03:03:00,0.7609713673591614,28.76657159997879,2,sl,12.0,True,-0.6,0.72,-1.0694444444444444,-1.1388888888888888,0.5
W1_trailing_24m,2021_2022,2022-08-10T03:50:00,2022-08-10T04:16:00,0.7502071261405945,56.83395994573198,2,sl,12.0,True,-0.6,0.72,-1.0694444444444444,-1.1388888888888888,0.5
W1_trailing_24m,2021_2022,2022-08-15T23:27:00,2022-08-15T23:53:00,0.7705339789390564,22.8343939515602,2,sl,12.0,True,-0.6,0.72,-1.0694444444444444,-1.1388888888888888,0.5
W1_trailing_24m,2021_2022,2022-08-16T23:16:00,2022-08-16T23:33:00,0.7610760927200317,66.94137423203973,2,sl,12.0,True,-0.6,0.72,-1.0694444444444444,-1.1388888888888888,0.5
W1_trailing_24m,2021_2022,2022-08-17T01:15:00,2022-08-17T02:45:00,0.7791534662246704,32.3805206406778,0,timeout,12.0,True,0.01999999999998181,0.72,-0.20833333333335863,-0.27777777777780305,0.5
W1_trailing_24m,2021_2022,2022-09-02T02:00:00,2022-09-02T02:36:00,0.7665151953697205,54.097119082506744,1,tp,12.0,True,1.5,0.72,1.8472222222222223,1.777777777777778,0.5
W1_trailing_24m,2021_2022,2022-09-21T01:55:00,2022-09-21T02:32:00,0.7585134506225586,32.652128306523025,1,tp,20.0,True,1.5,0.8,1.5625,1.4999999999999998,0.5
W1_trailing_24m,2021_2022,2022-10-10T23:25:00,2022-10-11T01:56:00,0.771976888179779,27.535673189230565,0,timeout,16.0,True,1.1699999999998454,0.76,1.2631578947366386,1.197368421052428,0.5
W1_trailing_24m,2021_2022,2022-11-07T23:18:00,2022-11-07T23:24:00,0.7670000791549683,72.47613333406,2,sl,12.0,True,-0.6,0.72,-1.0694444444444444,-1.1388888888888888,0.5
W1_trailing_24m,2021_2022,2022-11-07T23:39:00,2022-11-08T01:30:00,0.7593802213668823,32.291195753395996,2,sl,14.0,True,-0.6,0.74,-1.0675675675675675,-1.135135135135135,0.5
W1_trailing_24m,2023_2024,2023-01-16T18:02:00,2023-01-16T18:30:00,0.7699564099311829,55.329556033612185,2,sl,12.0,True,-0.6,0.72,-1.0694444444444444,-1.1388888888888888,0.5
W1_trailing_24m,2023_2024,2023-01-16T18:56:00,2023-01-16T19:07:00,0.7610759735107422,48.16482829926933,2,sl,12.0,True,-0.6,0.72,-1.0694444444444444,-1.1388888888888888,0.5
W1_trailing_24m,2023_2024,2023-02-07T20:01:00,2023-02-07T20:11:00,0.7671043276786804,48.45951999786391,2,sl,12.0,True,-3.6971428571428726,3.8171428571428727,-1.0130988023952094,-1.026197604790419,0.5
W1_trailing_24m,2023_2024,2023-03-22T20:22:00,2023-03-22T20:36:00,0.7673141360282898,46.035331175434614,1,tp,12.0,True,3.0466428571428734,3.8697142857143056,0.743373449497933,0.7304525989367989,0.5
W1_trailing_24m,2023_2024,2023-06-19T18:09:00,2023-06-19T18:31:00,0.7544687986373901,53.30153480118816,2,sl,13.0,True,-0.6,0.73,-1.0684931506849316,-1.136986301369863,0.5
W1_trailing_24m,2023_2024,2023-09-15T22:06:00,2023-09-15T22:33:00,0.7503860592842102,52.844926968307774,2,sl,13.0,True,-0.6,0.73,-1.0684931506849316,-1.136986301369863,0.5
W1_trailing_24m,2023_2024,2023-10-06T23:23:00,2023-10-06T23:34:00,0.7718479037284851,55.171747927176135,1,tp,19.0,True,1.5,0.79,1.5949367088607593,1.5316455696202531,0.5
W1_trailing_24m,2023_2024,2023-11-01T20:44:00,2023-11-01T20:50:00,0.7579807639122009,22.945177976669598,1,tp,15.0,True,2.6492142857143044,3.4105714285714512,0.7181243193432192,0.7034640194353698,0.5
W1_trailing_24m,2023_2024,2023-11-23T18:01:00,2023-11-23T18:05:00,0.7643745541572571,48.12798192954841,2,sl,15.0,True,-0.6,0.75,-1.0666666666666667,-1.1333333333333333,0.5
W1_trailing_24m,2023_2024,2023-11-23T18:25:00,2023-11-23T18:55:00,0.7615112066268921,65.21672968535746,2,sl,20.0,True,-0.6,0.8,-1.0625,-1.1249999999999998,0.5
W1_trailing_24m,2023_2024,2023-11-23T19:37:00,2023-11-23T21:07:00,0.7839534878730774,74.24163683112948,0,timeout,19.0,True,-0.5299999999999727,0.79,-0.9746835443037629,-1.0379746835442694,0.5
W1_trailing_24m,2023_2024,2024-01-15T18:26:00,2024-01-15T19:29:00,0.7587003111839294,60.08547588125092,1,tp,17.0,True,1.5,0.77,1.6623376623376622,1.5974025974025974,0.5
W1_trailing_24m,2023_2024,2024-01-19T22:37:00,2024-01-19T22:51:00,0.7569270133972168,51.72372176316364,2,sl,24.0,True,-0.6,0.84,-1.0595238095238095,-1.119047619047619,0.5
W1_trailing_24m,2023_2024,2024-01-19T23:28:00,2024-01-22T01:01:00,0.7549339532852173,48.14752401357838,2,sl,16.0,True,-0.6,0.76,-1.0657894736842104,-1.131578947368421,0.5
W1_trailing_24m,2023_2024,2024-01-26T23:10:00,2024-01-26T23:31:00,0.7638592720031738,54.687101239881244,2,sl,16.0,True,-0.6,0.76,-1.0657894736842104,-1.131578947368421,0.5
W1_trailing_24m,2023_2024,2024-01-26T23:46:00,2024-01-29T01:00:00,0.7544821500778198,59.50344376180818,1,tp,16.0,True,1.5,0.76,1.6973684210526316,1.631578947368421,0.5
W1_trailing_24m,2023_2024,2024-01-29T01:11:00,2024-01-29T01:28:00,0.7600035667419434,71.04924180218839,1,tp,24.0,True,2.3307142857142984,3.1085714285714445,0.6564797794117654,0.6403952205882361,0.5
W1_trailing_24m,2023_2024,2024-02-19T20:51:00,2024-02-20T01:02:00,0.7661558389663696,57.65693045313496,2,sl,38.0,True,-0.6,0.98,-1.0510204081632653,-1.1020408163265307,0.5
W1_trailing_24m,2023_2024,2024-03-20T20:16:00,2024-03-20T20:35:00,0.7503380179405212,55.19390224187978,2,sl,18.0,True,-4.412571428571443,4.592571428571443,-1.0108871469453777,-1.0217742938907552,0.5
W1_trailing_24m,2023_2024,2024-03-25T22:00:00,2024-03-26T00:21:00,0.7587181329727173,27.37408757695249,1,tp,18.0,True,1.5,0.78,1.6282051282051282,1.564102564102564,0.5
W1_trailing_24m,2023_2024,2024-04-08T01:33:00,2024-04-08T01:58:00,0.7787039279937744,59.74838383242347,2,sl,26.0,True,-4.219428571428528,4.479428571428528,-1.0111621380278097,-1.0223242760556197,0.5
W1_trailing_24m,2023_2024,2024-04-12T04:09:00,2024-04-12T04:50:00,0.7502248287200928,66.06056869301128,1,tp,19.0,True,3.6752857142857076,4.7134285714285635,0.7288294841486328,0.7182214948172393,0.5
W1_trailing_24m,2023_2024,2024-04-19T04:30:00,2024-04-19T04:31:00,0.7519112825393677,64.67776107452724,1,tp,19.0,True,2.977000000000037,3.854000000000046,0.7101712506486779,0.697197716658019,0.5
W1_trailing_24m,2023_2024,2024-04-23T04:52:00,2024-04-23T05:06:00,0.7598902583122253,29.17761814188532,1,tp,19.0,True,4.406071428571369,5.612857142857071,0.7422372104861277,0.7333290913718492,0.5
W1_trailing_24m,2023_2024,2024-05-06T04:09:00,2024-05-06T05:01:00,0.7506551146507263,75.83460192451258,1,tp,19.0,True,2.7615714285714503,3.5888571428571696,0.7026112570655211,0.6886792452830198,0.5
W1_trailing_24m,2023_2024,2024-06-06T04:42:00,2024-06-06T05:34:00,0.7523351907730103,52.268558272243354,1,tp,19.0,True,2.3669285714285513,3.1031428571428323,0.6854111039499114,0.669298407144829,0.5
W1_trailing_24m,2023_2024,2024-06-11T04:12:00,2024-06-11T04:21:00,0.754441499710083,33.73284975685442,1,tp,19.0,True,2.3362857142857854,3.065428571428659,0.6838475160779233,0.667536583092557,0.5
W1_trailing_24m,2023_2024,2024-07-29T01:22:00,2024-07-29T01:37:00,0.7634309530258179,69.58350162524803,2,sl,30.0,True,-3.4594285714286217,3.7594285714286215,-1.013299893600851,-1.026599787201702,0.5
W1_trailing_24m,2023_2024,2024-08-05T03:33:00,2024-08-05T03:48:00,0.750178337097168,60.52516529638604,2,sl,17.0,True,-4.5611428571428405,4.73114285714284,-1.0105682710308594,-1.0211365420617187,0.5
W1_trailing_24m,2023_2024,2024-11-04T01:10:00,2024-11-04T01:17:00,0.7683097124099731,49.270327057119346,1,tp,45.0,True,2.6845000000001553,3.7540000000001914,0.5819126265317113,0.568593500266395,0.5
W1_trailing_24m,2023_2024,2024-11-14T01:37:00,2024-11-14T03:02:00,0.7741197943687439,29.28951675246418,2,sl,16.0,True,-3.5725714285712975,3.7325714285712976,-1.0133955909369263,-1.0267911818738527,0.5
W1_trailing_24m,2023_2024,2024-11-14T22:13:00,2024-11-14T22:25:00,0.7563683986663818,23.982979006576514,1,tp,16.0,True,2.7225714285715705,3.510857142857318,0.715657552083338,0.7014160156250054,0.5
W1_trailing_24m,2023_2024,2024-11-18T03:32:00,2024-11-18T03:34:00,0.78260338306427,70.98171182693612,1,tp,16.0,True,2.8989999999999396,3.7279999999999256,0.7212982832618008,0.7078862660944186,0.5
W1_trailing_24m,2023_2024,2024-11-18T03:48:00,2024-11-18T04:04:00,0.7766027450561523,22.881333309417386,1,tp,16.0,True,2.4012857142857684,3.1154285714286383,0.7033657373440962,0.6873165810711691,0.5
W1_trailing_24m,2023_2024,2024-11-18T04:11:00,2024-11-18T04:25:00,0.7846843004226685,61.09628231250994,1,tp,17.0,True,2.544285714285765,3.3014285714286338,0.7040242319342297,0.6888792730419756,0.5
W1_trailing_24m,2023_2024,2024-11-26T01:51:00,2024-11-26T02:03:00,0.7597495913505554,23.93524978307134,1,tp,18.0,True,4.252857142857329,5.414285714285943,0.7430079155672853,0.7337730870712434,1.0
W1_trailing_24m,2023_2024,2024-12-09T01:03:00,2024-12-09T01:06:00,0.7673197388648987,75.63381783955819,1,tp,16.0,True,2.826571428571391,3.638857142857097,0.7190640703517576,0.7053234924623102,1.0
W1_trailing_24m,2023_2024,2024-12-09T01:08:00,2024-12-09T01:27:00,0.7539318203926086,72.14832015127755,2,sl,16.0,True,-4.701714285714271,4.861714285714271,-1.0102844381758345,-1.020568876351669,1.0
W2_trailing_18m,2018_2020,2018-03-20T01:22:00,2018-03-20T02:00:00,0.7628703713417053,64.28464287500162,2,sl,30.0,False,-0.6,0.8999999999999999,-1.0555555555555556,-1.1111111111111112,1.0
W2_trailing_18m,2018_2020,2018-03-20T04:14:00,2018-03-20T05:44:00,0.7551347613334656,77.14131431658566,0,timeout,30.0,False,-0.290000000000191,0.8999999999999999,-0.7111111111113235,-0.766666666666879,1.0
W2_trailing_18m,2018_2020,2018-04-24T03:43:00,2018-04-24T04:08:00,0.7504081130027771,76.13515239530896,2,sl,30.0,False,-0.6,0.8999999999999999,-1.0555555555555556,-1.1111111111111112,1.0
W2_trailing_18m,2018_2020,2018-04-25T01:30:00,2018-04-25T03:01:00,0.7564921379089355,78.94542941049102,0,timeout,30.0,False,0.9800000000000182,0.8999999999999999,0.7000000000000202,0.6444444444444647,1.0
W2_trailing_18m,2018_2020,2018-04-27T03:55:00,2018-04-27T04:16:00,0.750307559967041,50.53725402066827,2,sl,30.0,False,-0.6,0.8999999999999999,-1.0555555555555556,-1.1111111111111112,1.0
W2_trailing_18m,2018_2020,2018-04-27T04:36:00,2018-04-27T04:58:00,0.7572910189628601,49.245884702319024,1,tp,30.0,False,1.5,0.8999999999999999,1.277777777777778,1.2222222222222225,1.0
W2_trailing_18m,2018_2020,2018-05-04T01:24:00,2018-05-04T02:54:00,0.7564417123794556,53.84518739406792,0,timeout,30.0,False,-0.05999999999994543,0.8999999999999999,-0.455555555555495,-0.5111111111110506,1.0
W2_trailing_18m,2018_2020,2018-05-04T03:21:00,2018-05-04T03:25:00,0.7586721181869507,56.17889156800268,2,sl,30.0,False,-0.6,0.8999999999999999,-1.0555555555555556,-1.1111111111111112,1.0
W2_trailing_18m,2018_2020,2018-05-04T04:12:00,2018-05-04T04:51:00,0.7518633008003235,47.43504603763672,1,tp,30.0,False,1.5,0.8999999999999999,1.277777777777778,1.2222222222222225,1.0
W2_trailing_18m,2018_2020,2018-05-07T01:15:00,2018-05-07T02:46:00,0.7536248564720154,58.01464717171134,2,sl,30.0,False,-0.6,0.8999999999999999,-1.0555555555555556,-1.1111111111111112,1.0
W2_trailing_18m,2018_2020,2018-05-07T03:08:00,2018-05-07T03:10:00,0.7602668404579163,58.181324522093966,1,tp,30.0,False,1.5,0.8999999999999999,1.277777777777778,1.2222222222222225,1.0
W2_trailing_18m,2018_2020,2018-05-07T03:45:00,2018-05-07T04:13:00,0.7604662775993347,47.16949982406081,1,tp,30.0,False,1.5,0.8999999999999999,1.277777777777778,1.2222222222222225,1.0
W2_trailing_18m,2018_2020,2018-05-07T04:33:00,2018-05-07T04:40:00,0.7578197121620178,51.350865599918755,2,sl,30.0,False,-0.6,0.8999999999999999,-1.0555555555555556,-1.1111111111111112,1.0
W2_trailing_18m,2018_2020,2018-05-07T04:55:00,2018-05-07T05:02:00,0.7585248351097107,46.6253664078987,2,sl,30.0,False,-0.6,0.8999999999999999,-1.0555555555555556,-1.1111111111111112,1.0
W2_trailing_18m,2018_2020,2018-05-08T01:01:00,2018-05-08T02:31:00,0.766869843006134,50.60932406674527,0,timeout,30.0,False,0.7100000000000364,0.8999999999999999,0.40000000000004043,0.34444444444448485,1.0
W2_trailing_18m,2018_2020,2018-05-08T02:40:00,2018-05-08T03:07:00,0.7524569034576416,84.11695433096371,1,tp,30.0,False,1.5,0.8999999999999999,1.277777777777778,1.2222222222222225,1.0
W2_trailing_18m,2018_2020,2018-05-08T03:25:00,2018-05-08T03:34:00,0.7532774806022644,33.939105971216875,2,sl,30.0,False,-0.6,0.8999999999999999,-1.0555555555555556,-1.1111111111111112,1.0
W2_trailing_18m,2018_2020,2018-05-08T04:02:00,2018-05-08T04:27:00,0.7634173631668091,78.20442637052884,2,sl,30.0,False,-0.6,0.8999999999999999,-1.0555555555555556,-1.1111111111111112,1.0
W2_trailing_18m,2018_2020,2018-05-08T04:57:00,2018-05-08T05:06:00,0.7537802457809448,59.27564259774185,2,sl,30.0,False,-0.6,0.8999999999999999,-1.0555555555555556,-1.1111111111111112,0.5
W2_trailing_18m,2018_2020,2018-05-09T01:15:00,2018-05-09T02:45:00,0.7589861154556274,73.20194455736822,0,timeout,30.0,False,0.7300000000000182,0.8999999999999999,0.4222222222222424,0.3666666666666869,0.5
W2_trailing_18m,2018_2020,2018-05-09T02:58:00,2018-05-09T03:09:00,0.7545059323310852,62.62093364413739,2,sl,30.0,False,-0.6,0.8999999999999999,-1.0555555555555556,-1.1111111111111112,0.5
W2_trailing_18m,2018_2020,2018-05-09T03:30:00,2018-05-09T03:44:00,0.7551022171974182,23.868175245084387,2,sl,30.0,False,-0.6,0.8999999999999999,-1.0555555555555556,-1.1111111111111112,0.5
W2_trailing_18m,2018_2020,2018-05-10T01:01:00,2018-05-10T02:32:00,0.795233964920044,60.22631458136921,0,timeout,30.0,False,0.8400000000001455,0.8999999999999999,0.5444444444446062,0.4888888888890506,0.5
W2_trailing_18m,2018_2020,2018-05-11T01:20:00,2018-05-11T02:50:00,0.7544206380844116,50.745208309079594,0,timeout,30.0,False,0.5199999999999818,0.8999999999999999,0.18888888888886865,0.1333333333333131,0.5
W2_trailing_18m,2018_2020,2018-05-11T02:56:00,2018-05-11T03:05:00,0.7619130611419678,49.72639553577219,2,sl,30.0,False,-0.6,0.8999999999999999,-1.0555555555555556,-1.1111111111111112,0.5
W2_trailing_18m,2018_2020,2018-05-11T04:14:00,2018-05-11T04:36:00,0.7526472806930542,29.12601564844151,2,sl,30.0,False,-0.6,0.8999999999999999,-1.0555555555555556,-1.1111111111111112,0.5
W2_trailing_18m,2018_2020,2018-05-11T08:21:00,2018-05-11T08:38:00,0.7575255632400513,54.87711185420036,2,sl,30.0,False,-0.6,0.8999999999999999,-1.0555555555555556,-1.1111111111111112,0.5
W2_trailing_18m,2018_2020,2018-05-11T09:01:00,2018-05-11T09:17:00,0.7822802066802979,59.7816989741412,1,tp,30.0,False,1.5,0.8999999999999999,1.277777777777778,1.2222222222222225,0.5
W2_trailing_18m,2018_2020,2018-05-11T09:51:00,2018-05-11T10:00:00,0.7521241903305054,60.65527367550642,2,sl,30.0,False,-0.6,0.8999999999999999,-1.0555555555555556,-1.1111111111111112,0.5
W2_trailing_18m,2018_2020,2018-05-14T02:37:00,2018-05-14T03:39:00,0.7589266896247864,66.35427200017268,1,tp,30.0,False,1.5,0.8999999999999999,1.277777777777778,1.2222222222222225,0.5
W2_trailing_18m,2018_2020,2018-05-14T03:57:00,2018-05-14T04:52:00,0.7525449991226196,55.962943357244114,2,sl,30.0,False,-0.6,0.8999999999999999,-1.0555555555555556,-1.1111111111111112,0.5
W2_trailing_18m,2018_2020,2018-05-18T01:14:00,2018-05-18T02:37:00,0.7520345449447632,28.234829073400036,2,sl,30.0,False,-0.6,0.8999999999999999,-1.0555555555555556,-1.1111111111111112,0.5
W2_trailing_18m,2018_2020,2018-05-18T03:56:00,2018-05-18T04:06:00,0.7518654465675354,47.68167712351687,2,sl,30.0,False,-0.6,0.8999999999999999,-1.0555555555555556,-1.1111111111111112,0.5
W2_trailing_18m,2018_2020,2018-05-21T04:06:00,2018-05-21T04:12:00,0.7558484077453613,49.707195379687185,2,sl,30.0,False,-0.6,0.8999999999999999,-1.0555555555555556,-1.1111111111111112,0.5
W2_trailing_18m,2018_2020,2018-05-21T04:47:00,2018-05-21T04:57:00,0.7558545470237732,58.33284722627198,2,sl,30.0,False,-0.6,0.8999999999999999,-1.0555555555555556,-1.1111111111111112,0.5
W2_trailing_18m,2018_2020,2018-05-23T01:01:00,2018-05-23T02:12:00,0.7619776129722595,32.81214111720709,1,tp,30.0,False,1.5,0.8999999999999999,1.277777777777778,1.2222222222222225,0.5
W2_trailing_18m,2018_2020,2018-05-23T02:32:00,2018-05-23T03:08:00,0.7566340565681458,71.56764514994602,1,tp,30.0,False,1.5,0.8999999999999999,1.277777777777778,1.2222222222222225,0.5
W2_trailing_18m,2018_2020,2018-05-23T03:46:00,2018-05-23T03:49:00,0.7534688115119934,51.61173779946904,2,sl,30.0,False,-0.6,0.8999999999999999,-1.0555555555555556,-1.1111111111111112,0.5
W2_trailing_18m,2018_2020,2018-05-24T01:23:00,2018-05-24T02:05:00,0.7539871335029602,54.45469072705322,2,sl,30.0,False,-0.6,0.8999999999999999,-1.0555555555555556,-1.1111111111111112,0.5
W2_trailing_18m,2018_2020,2018-05-24T02:34:00,2018-05-24T03:08:00,0.7579717040061951,68.30918568408323,1,tp,30.0,False,1.5,0.8999999999999999,1.277777777777778,1.2222222222222225,0.5
W2_trailing_18m,2018_2020,2018-05-24T03:44:00,2018-05-24T04:51:00,0.758936882019043,30.87219314717602,2,sl,30.0,False,-0.6,0.8999999999999999,-1.0555555555555556,-1.1111111111111112,0.5
W2_trailing_18m,2018_2020,2018-05-25T01:06:00,2018-05-25T02:25:00,0.7651738524436951,47.88708788055056,2,sl,30.0,False,-0.6,0.8999999999999999,-1.0555555555555556,-1.1111111111111112,0.5
W2_trailing_18m,2018_2020,2018-05-25T02:40:00,2018-05-25T03:07:00,0.7510377764701843,66.4467564114543,2,sl,30.0,False,-0.6,0.8999999999999999,-1.0555555555555556,-1.1111111111111112,0.5
W2_trailing_18m,2018_2020,2018-05-25T03:47:00,2018-05-25T04:05:00,0.7536219358444214,46.71009609121716,2,sl,30.0,False,-0.6,0.8999999999999999,-1.0555555555555556,-1.1111111111111112,0.5
W2_trailing_18m,2018_2020,2018-05-25T04:54:00,2018-05-25T05:07:00,0.7510050535202026,52.63093260258942,2,sl,30.0,False,-0.6,0.8999999999999999,-1.0555555555555556,-1.1111111111111112,0.5
W2_trailing_18m,2018_2020,2018-05-25T08:01:00,2018-05-25T09:31:00,0.7627457976341248,69.38577265139364,0,timeout,30.0,False,0.30999999999994543,0.8999999999999999,-0.04444444444450512,-0.10000000000006067,0.5
W2_trailing_18m,2018_2020,2018-05-28T01:05:00,2018-05-28T01:07:00,0.7505517601966858,32.983096268201365,2,sl,30.0,False,-0.7714285714285455,1.0714285714285454,-1.0466666666666677,-1.0933333333333357,0.5
W2_trailing_18m,2018_2020,2018-05-28T01:25:00,2018-05-28T02:54:00,0.7503135204315186,52.666175115704476,1,tp,30.0,False,1.5,0.8999999999999999,1.277777777777778,1.2222222222222225,0.5
W2_trailing_18m,2018_2020,2018-05-28T03:01:00,2018-05-28T03:10:00,0.7655975818634033,62.6455731369544,2,sl,30.0,False,-0.6,0.8999999999999999,-1.0555555555555556,-1.1111111111111112,0.5
W2_trailing_18m,2018_2020,2018-05-28T03:36:00,2018-05-28T04:10:00,0.7562387585639954,49.295288637999796,2,sl,30.0,False,-0.6,0.8999999999999999,-1.0555555555555556,-1.1111111111111112,0.5
W2_trailing_18m,2018_2020,2018-05-29T03:01:00,2018-05-29T03:10:00,0.7871764302253723,52.33122661286792,1,tp,30.0,False,1.5,0.8999999999999999,1.277777777777778,1.2222222222222225,0.5
W2_trailing_18m,2018_2020,2018-05-29T03:25:00,2018-05-29T03:54:00,0.7534768581390381,47.58996008466878,1,tp,30.0,False,1.5,0.8999999999999999,1.277777777777778,1.2222222222222225,0.5
W2_trailing_18m,2018_2020,2018-05-30T04:57:00,2018-05-30T05:02:00,0.7569469809532166,45.549404349919996,2,sl,30.0,False,-0.6,0.8999999999999999,-1.0555555555555556,-1.1111111111111112,0.5
W2_trailing_18m,2018_2020,2018-05-31T01:26:00,2018-05-31T02:46:00,0.7528127431869507,79.30843048614582,1,tp,30.0,False,1.5,0.8999999999999999,1.277777777777778,1.2222222222222225,0.5
W2_trailing_18m,2018_2020,2018-05-31T03:04:00,2018-05-31T03:35:00,0.7509742975234985,49.45016906463384,1,tp,30.0,False,1.5,0.8999999999999999,1.277777777777778,1.2222222222222225,0.5
W2_trailing_18m,2018_2020,2018-06-04T03:12:00,2018-06-04T03:56:00,0.7553338408470154,57.44646627636948,2,sl,30.0,False,-0.6,0.8999999999999999,-1.0555555555555556,-1.1111111111111112,0.5
W2_trailing_18m,2018_2020,2018-06-05T02:34:00,2018-06-05T02:41:00,0.7516074180603027,49.9992222343208,2,sl,30.0,False,-0.6,0.8999999999999999,-1.0555555555555556,-1.1111111111111112,0.5
W2_trailing_18m,2018_2020,2018-06-05T03:01:00,2018-06-05T03:50:00,0.7754535675048828,53.06071914961796,2,sl,30.0,False,-0.6,0.8999999999999999,-1.0555555555555556,-1.1111111111111112,0.5
W2_trailing_18m,2018_2020,2018-06-05T04:08:00,2018-06-05T04:17:00,0.7502881288528442,61.17596678616029,2,sl,30.0,False,-0.6,0.8999999999999999,-1.0555555555555556,-1.1111111111111112,0.5
W2_trailing_18m,2018_2020,2018-06-05T04:36:00,2018-06-05T06:06:00,0.754442572593689,66.9110759153892,0,timeout,30.0,False,0.36000000000012733,0.8999999999999999,0.011111111111252552,-0.044444444444303,0.5
W2_trailing_18m,2018_2020,2018-06-06T01:01:00,2018-06-06T02:31:00,0.7714350819587708,51.162235448614915,0,timeout,30.0,False,0.20000000000004547,0.8999999999999999,-0.1666666666666162,-0.22222222222217175,0.5
W2_trailing_18m,2018_2020,2018-06-06T03:11:00,2018-06-06T04:41:00,0.7523009181022644,57.54640976440196,0,timeout,30.0,False,1.0399999999999636,0.8999999999999999,0.7666666666666262,0.7111111111110707,0.5
W2_trailing_18m,2018_2020,2018-06-07T03:34:00,2018-06-07T03:45:00,0.7600913047790527,95.23492074074237,2,sl,30.0,False,-0.6,0.8999999999999999,-1.0555555555555556,-1.1111111111111112,0.5
W2_trailing_18m,2018_2020,2018-06-08T01:01:00,2018-06-08T02:31:00,0.7587681412696838,34.745350478890984,0,timeout,30.0,False,0.14999999999986358,0.8999999999999999,-0.22222222222237387,-0.2777777777779294,0.5
W2_trailing_18m,2018_2020,2018-06-08T02:56:00,2018-06-08T03:03:00,0.7510057687759399,53.04832763622496,2,sl,30.0,False,-0.6,0.8999999999999999,-1.0555555555555556,-1.1111111111111112,0.5
W2_trailing_18m,2018_2020,2018-06-08T08:01:00,2018-06-08T08:08:00,0.7543209791183472,57.9536234650921,2,sl,30.0,False,-0.6,0.8999999999999999,-1.0555555555555556,-1.1111111111111112,0.5
W2_trailing_18m,2018_2020,2018-06-11T01:51:00,2018-06-11T03:21:00,0.7627090215682983,46.728360563509426,0,timeout,30.0,False,0.6699999999998454,0.8999999999999999,0.35555555555538376,0.29999999999982824,0.5
W2_trailing_18m,2018_2020,2018-06-12T01:11:00,2018-06-12T01:28:00,0.7543227076530457,31.578559561543983,2,sl,30.0,False,-0.6,0.8999999999999999,-1.0555555555555556,-1.1111111111111112,0.5
W2_trailing_18m,2018_2020,2018-06-12T02:34:00,2018-06-12T02:45:00,0.7597391605377197,53.48793672610071,2,sl,30.0,False,-0.6,0.8999999999999999,-1.0555555555555556,-1.1111111111111112,0.5
W2_trailing_18m,2018_2020,2018-06-12T03:01:00,2018-06-12T03:12:00,0.7847403883934021,50.87677644744358,2,sl,30.0,False,-0.6,0.8999999999999999,-1.0555555555555556,-1.1111111111111112,0.5
W2_trailing_18m,2018_2020,2018-06-12T03:32:00,2018-06-12T05:02:00,0.7549893856048584,51.33309377889449,0,timeout,30.0,False,-0.03999999999996362,0.8999999999999999,-0.433333333333293,-0.4888888888888485,0.5
W2_trailing_18m,2018_2020,2018-06-13T02:29:00,2018-06-13T03:54:00,0.7629922032356262,62.78865339269991,2,sl,30.0,False,-0.6,0.8999999999999999,-1.0555555555555556,-1.1111111111111112,0.5
W2_trailing_18m,2018_2020,2018-06-13T08:55:00,2018-06-13T09:19:00,0.7534019351005554,64.91068640419569,2,sl,30.0,False,-0.6,0.8999999999999999,-1.0555555555555556,-1.1111111111111112,0.5
W2_trailing_18m,2018_2020,2018-06-14T03:59:00,2018-06-14T04:01:00,0.7535950541496277,46.960962732887985,2,sl,30.0,False,-0.6,0.8999999999999999,-1.0555555555555556,-1.1111111111111112,0.5
W2_trailing_18m,2018_2020,2018-06-15T02:04:00,2018-06-15T03:00:00,0.7511218190193176,55.55469137147597,2,sl,30.0,False,-0.6,0.8999999999999999,-1.0555555555555556,-1.1111111111111112,0.5
W2_trailing_18m,2018_2020,2018-06-15T03:15:00,2018-06-15T03:25:00,0.7620102167129517,68.39328626631973,2,sl,30.0,False,-0.6,0.8999999999999999,-1.0555555555555556,-1.1111111111111112,0.5
W2_trailing_18m,2018_2020,2018-06-15T03:47:00,2018-06-15T03:54:00,0.7542738914489746,22.01238479661528,2,sl,30.0,False,-0.6,0.8999999999999999,-1.0555555555555556,-1.1111111111111112,0.5
W2_trailing_18m,2018_2020,2018-06-15T04:10:00,2018-06-15T05:40:00,0.7528066635131836,47.058546714429404,0,timeout,30.0,False,0.8800000000001091,0.8999999999999999,0.5888888888890101,0.5333333333334547,0.5
W2_trailing_18m,2018_2020,2018-06-15T08:14:00,2018-06-15T08:50:00,0.7646544575691223,31.775285183185517,2,sl,30.0,False,-0.6,0.8999999999999999,-1.0555555555555556,-1.1111111111111112,0.5
W2_trailing_18m,2018_2020,2018-06-15T09:24:00,2018-06-15T10:01:00,0.7593814730644226,57.47625950110423,2,sl,30.0,False,-0.6,0.8999999999999999,-1.0555555555555556,-1.1111111111111112,0.5
W2_trailing_18m,2018_2020,2018-06-20T02:18:00,2018-06-20T03:06:00,0.7503138780593872,55.97434991138388,2,sl,30.0,False,-0.6,0.8999999999999999,-1.0555555555555556,-1.1111111111111112,0.5
W2_trailing_18m,2018_2020,2018-06-20T04:17:00,2018-06-20T04:41:00,0.7567439675331116,79.43503544738456,2,sl,30.0,False,-0.6,0.8999999999999999,-1.0555555555555556,-1.1111111111111112,0.5
W2_trailing_18m,2018_2020,2018-06-22T01:19:00,2018-06-22T02:20:00,0.754474937915802,54.79346971427646,2,sl,30.0,False,-0.6,0.8999999999999999,-1.0555555555555556,-1.1111111111111112,0.5
W2_trailing_18m,2018_2020,2018-06-25T02:36:00,2018-06-25T03:17:00,0.7504749894142151,48.48416285022301,2,sl,30.0,False,-0.6,0.8999999999999999,-1.0555555555555556,-1.1111111111111112,0.5
W2_trailing_18m,2018_2020,2018-06-26T03:01:00,2018-06-26T04:31:00,0.7527399659156799,47.56720759951185,0,timeout,30.0,False,0.5099999999999909,0.8999999999999999,0.17777777777776765,0.1222222222222121,0.5
W2_trailing_18m,2018_2020,2018-06-27T02:15:00,2018-06-27T02:35:00,0.750144898891449,69.73555750289715,2,sl,30.0,False,-0.6,0.8999999999999999,-1.0555555555555556,-1.1111111111111112,0.5
W2_trailing_18m,2018_2020,2018-06-27T04:04:00,2018-06-27T04:32:00,0.7540857791900635,68.26877126789158,2,sl,30.0,False,-0.6,0.8999999999999999,-1.0555555555555556,-1.1111111111111112,0.5
W2_trailing_18m,2018_2020,2018-07-03T04:18:00,2018-07-03T04:33:00,0.7570722699165344,29.34767722192767,2,sl,30.0,False,-0.6,0.8999999999999999,-1.0555555555555556,-1.1111111111111112,0.5
W2_trailing_18m,2018_2020,2018-07-03T04:58:00,2018-07-03T05:06:00,0.7545881867408752,56.944167632520866,2,sl,30.0,False,-0.6,0.8999999999999999,-1.0555555555555556,-1.1111111111111112,0.5
W2_trailing_18m,2018_2020,2018-07-04T01:01:00,2018-07-04T01:36:00,0.7569538354873657,24.47528485734749,1,tp,30.0,False,1.5,0.8999999999999999,1.277777777777778,1.2222222222222225,0.5
W2_trailing_18m,2018_2020,2018-07-04T01:39:00,2018-07-04T02:10:00,0.7765178084373474,69.2298372906569,2,sl,30.0,False,-0.6,0.8999999999999999,-1.0555555555555556,-1.1111111111111112,0.5
W2_trailing_18m,2018_2020,2018-07-04T02:27:00,2018-07-04T03:02:00,0.7613049745559692,71.68052785187,1,tp,30.0,False,1.5,0.8999999999999999,1.277777777777778,1.2222222222222225,0.5
W2_trailing_18m,2018_2020,2018-07-04T03:40:00,2018-07-04T03:44:00,0.7521073222160339,55.40488130518037,2,sl,30.0,False,-0.6,0.8999999999999999,-1.0555555555555556,-1.1111111111111112,0.5
W2_trailing_18m,2018_2020,2018-07-05T01:17:00,2018-07-05T02:47:00,0.7578151226043701,47.19064007361955,0,timeout,30.0,False,1.0699999999999363,0.8999999999999999,0.7999999999999292,0.7444444444443737,0.5
W2_trailing_18m,2018_2020,2018-07-05T02:55:00,2018-07-05T03:05:00,0.7514297962188721,51.09436837871621,2,sl,30.0,False,-0.6,0.8999999999999999,-1.0555555555555556,-1.1111111111111112,0.5
W2_trailing_18m,2018_2020,2018-07-05T03:21:00,2018-07-05T04:17:00,0.7735215425491333,32.66636178061873,1,tp,30.0,False,1.5,0.8999999999999999,1.277777777777778,1.2222222222222225,0.5
W2_trailing_18m,2018_2020,2018-07-05T04:41:00,2018-07-05T05:01:00,0.756908118724823,26.87732162746549,2,sl,30.0,False,-0.6,0.8999999999999999,-1.0555555555555556,-1.1111111111111112,0.5
W2_trailing_18m,2018_2020,2018-07-06T01:16:00,2018-07-06T02:46:00,0.7694376111030579,46.07779893216299,0,timeout,30.0,False,0.15000000000009095,0.8999999999999999,-0.22222222222212124,-0.27777777777767676,0.5
W2_trailing_18m,2018_2020,2018-07-06T03:02:00,2018-07-06T03:45:00,0.7547617554664612,50.6574281552664,2,sl,30.0,False,-0.6,0.8999999999999999,-1.0555555555555556,-1.1111111111111112,0.5
W2_trailing_18m,2018_2020,2018-07-06T04:24:00,2018-07-06T04:37:00,0.7510979771614075,31.48127743616321,2,sl,30.0,False,-0.6,0.8999999999999999,-1.0555555555555556,-1.1111111111111112,0.5
W2_trailing_18m,2018_2020,2018-07-09T03:01:00,2018-07-09T03:11:00,0.777856171131134,53.076351485442316,2,sl,30.0,False,-0.6,0.8999999999999999,-1.0555555555555556,-1.1111111111111112,0.5
W2_trailing_18m,2018_2020,2018-07-09T03:54:00,2018-07-09T04:15:00,0.7559975981712341,79.99942564514689,2,sl,30.0,False,-0.6,0.8999999999999999,-1.0555555555555556,-1.1111111111111112,0.5
W2_trailing_18m,2018_2020,2018-07-10T01:01:00,2018-07-10T02:32:00,0.7530577778816223,57.893883669067655,0,timeout,30.0,False,0.4700000000000273,0.8999999999999999,0.1333333333333636,0.07777777777780807,0.5
W2_trailing_18m,2018_2020,2018-07-10T04:40:00,2018-07-10T05:05:00,0.7649888396263123,52.69202396602658,2,sl,30.0,False,-0.6,0.8999999999999999,-1.0555555555555556,-1.1111111111111112,0.5
W2_trailing_18m,2018_2020,2018-07-11T01:04:00,2018-07-11T01:38:00,0.7559847831726074,32.23654518971634,2,sl,30.0,False,-0.6,0.8999999999999999,-1.0555555555555556,-1.1111111111111112,0.5
W2_trailing_18m,2018_2020,2018-07-11T03:15:00,2018-07-11T03:21:00,0.7503241896629333,23.949438952878623,2,sl,30.0,False,-0.6,0.8999999999999999,-1.0555555555555556,-1.1111111111111112,0.5
W2_trailing_18m,2018_2020,2018-07-12T02:46:00,2018-07-12T03:13:00,0.7566688656806946,22.3400928071176,2,sl,30.0,False,-0.6,0.8999999999999999,-1.0555555555555556,-1.1111111111111112,0.5
W2_trailing_18m,2018_2020,2018-07-13T01:01:00,2018-07-13T01:48:00,0.7655961513519287,56.625550894315005,2,sl,30.0,False,-0.6,0.8999999999999999,-1.0555555555555556,-1.1111111111111112,0.5
W2_trailing_18m,2018_2020,2018-07-13T02:29:00,2018-07-13T02:46:00,0.7771246433258057,70.51155492080575,2,sl,30.0,False,-0.6,0.8999999999999999,-1.0555555555555556,-1.1111111111111112,0.5
W2_trailing_18m,2018_2020,2018-07-17T02:07:00,2018-07-17T03:32:00,0.7530912160873413,54.92849436772797,2,sl,30.0,False,-0.6,0.8999999999999999,-1.0555555555555556,-1.1111111111111112,0.5
W2_trailing_18m,2018_2020,2018-07-17T03:50:00,2018-07-17T03:57:00,0.7615098357200623,47.36803324416877,2,sl,30.0,False,-0.6,0.8999999999999999,-1.0555555555555556,-1.1111111111111112,0.5
W2_trailing_18m,2018_2020,2018-07-17T04:21:00,2018-07-17T04:41:00,0.7608603835105896,32.05559276017337,1,tp,30.0,False,1.5,0.8999999999999999,1.277777777777778,1.2222222222222225,0.5
W2_trailing_18m,2018_2020,2018-07-17T04:48:00,2018-07-17T05:20:00,0.7500504851341248,73.10567292446538,1,tp,30.0,False,1.5,0.8999999999999999,1.277777777777778,1.2222222222222225,0.5
W2_trailing_18m,2018_2020,2018-07-18T02:21:00,2018-07-18T03:28:00,0.7540852427482605,33.50229998365094,2,sl,30.0,False,-0.6,0.8999999999999999,-1.0555555555555556,-1.1111111111111112,0.5
W2_trailing_18m,2018_2020,2018-07-18T03:58:00,2018-07-18T05:28:00,0.7540708184242249,81.81731405878872,0,timeout,30.0,False,1.0899999999999181,0.8999999999999999,0.8222222222221313,0.7666666666665758,0.5
W2_trailing_18m,2018_2020,2018-07-19T01:28:00,2018-07-19T01:58:00,0.8043766021728516,51.89781446910958,2,sl,30.0,False,-0.6,0.8999999999999999,-1.0555555555555556,-1.1111111111111112,0.5
W2_trailing_18m,2018_2020,2018-07-19T02:25:00,2018-07-19T03:10:00,0.7662473917007446,75.43674365892699,1,tp,30.0,False,1.5,0.8999999999999999,1.277777777777778,1.2222222222222225,0.5
W2_trailing_18m,2018_2020,2018-07-20T01:47:00,2018-07-20T01:59:00,0.784729540348053,49.34975208243005,2,sl,30.0,False,-0.6,0.8999999999999999,-1.0555555555555556,-1.1111111111111112,0.5
W2_trailing_18m,2018_2020,2018-07-20T02:29:00,2018-07-20T03:33:00,0.755302906036377,69.07116804501179,2,sl,30.0,False,-0.6,0.8999999999999999,-1.0555555555555556,-1.1111111111111112,0.5
W2_trailing_18m,2018_2020,2018-07-24T03:08:00,2018-07-24T03:29:00,0.7502152323722839,63.15737765889566,2,sl,30.0,False,-0.6,0.8999999999999999,-1.0555555555555556,-1.1111111111111112,0.5
W2_trailing_18m,2018_2020,2018-07-24T03:53:00,2018-07-24T04:18:00,0.7533354163169861,62.39241581724912,2,sl,30.0,False,-0.6,0.8999999999999999,-1.0555555555555556,-1.1111111111111112,0.5
W2_trailing_18m,2018_2020,2018-07-24T04:58:00,2018-07-24T05:11:00,0.7543211579322815,71.06573732986932,2,sl,30.0,False,-0.8011428571428821,1.101142857142882,-1.0454073689673058,-1.0908147379346114,0.5
W2_trailing_18m,2018_2020,2018-07-25T01:49:00,2018-07-25T03:19:00,0.7510243654251099,45.54392315354245,0,timeout,30.0,False,0.5599999999999454,0.8999999999999999,0.2333333333332727,0.17777777777771714,0.5
W2_trailing_18m,2018_2020,2018-07-26T01:14:00,2018-07-26T02:24:00,0.751107394695282,53.96785420637268,1,tp,30.0,False,1.5,0.8999999999999999,1.277777777777778,1.2222222222222225,0.5
W2_trailing_18m,2018_2020,2018-07-26T02:39:00,2018-07-26T03:43:00,0.7631382346153259,52.142335719497154,2,sl,30.0,False,-0.6,0.8999999999999999,-1.0555555555555556,-1.1111111111111112,0.5
W2_trailing_18m,2018_2020,2018-07-27T02:27:00,2018-07-27T03:32:00,0.7622383236885071,29.41136102053764,2,sl,30.0,False,-0.6,0.8999999999999999,-1.0555555555555556,-1.1111111111111112,0.5
W2_trailing_18m,2018_2020,2018-07-30T02:06:00,2018-07-30T02:52:00,0.7557538747787476,27.272293395348782,2,sl,30.0,False,-0.6,0.8999999999999999,-1.0555555555555556,-1.1111111111111112,0.5
W2_trailing_18m,2018_2020,2018-07-30T03:14:00,2018-07-30T04:34:00,0.7555627226829529,57.14209524825074,2,sl,30.0,False,-0.6,0.8999999999999999,-1.0555555555555556,-1.1111111111111112,0.5
W2_trailing_18m,2018_2020,2018-07-30T04:56:00,2018-07-30T05:29:00,0.7564210295677185,55.11750264170936,2,sl,30.0,False,-0.6,0.8999999999999999,-1.0555555555555556,-1.1111111111111112,0.5
W2_trailing_18m,2018_2020,2018-07-31T01:19:00,2018-07-31T02:49:00,0.7507652640342712,81.9428511112398,0,timeout,30.0,False,0.5299999999999727,0.8999999999999999,0.19999999999996967,0.14444444444441412,0.5
W2_trailing_18m,2018_2020,2018-08-01T01:16:00,2018-08-01T01:57:00,0.7577375173568726,69.01340409320292,2,sl,30.0,False,-0.6,0.8999999999999999,-1.0555555555555556,-1.1111111111111112,0.5
W2_trailing_18m,2018_2020,2018-08-01T02:30:00,2018-08-01T03:52:00,0.7797074317932129,26.828962922371886,2,sl,30.0,False,-0.6,0.8999999999999999,-1.0555555555555556,-1.1111111111111112,0.5
W2_trailing_18m,2018_2020,2018-08-02T01:49:00,2018-08-02T03:19:00,0.7598316073417664,60.46314771147971,0,timeout,30.0,False,0.009999999999990905,0.8999999999999999,-0.377777777777788,-0.4333333333333435,0.5
W2_trailing_18m,2018_2020,2018-08-03T01:22:00,2018-08-03T02:45:00,0.7826141119003296,79.99720009800794,2,sl,30.0,False,-0.6,0.8999999999999999,-1.0555555555555556,-1.1111111111111112,0.5
W2_trailing_18m,2018_2020,2018-08-03T03:42:00,2018-08-03T04:21:00,0.7764408588409424,58.240862228489064,1,tp,30.0,False,1.5,0.8999999999999999,1.277777777777778,1.2222222222222225,0.5
W2_trailing_18m,2018_2020,2018-08-03T08:02:00,2018-08-03T09:12:00,0.7754892110824585,27.450226856537768,2,sl,30.0,False,-0.6,0.8999999999999999,-1.0555555555555556,-1.1111111111111112,0.5
W2_trailing_18m,2018_2020,2018-08-03T20:45:00,2018-08-03T20:58:00,0.7540233731269836,56.24917969947012,2,sl,30.0,False,-0.6,0.8999999999999999,-1.0555555555555556,-1.1111111111111112,0.5
W2_trailing_18m,2018_2020,2018-08-03T23:14:00,2018-08-03T23:55:00,0.7544634938240051,59.30136021042594,2,sl,30.0,False,-0.6,0.8999999999999999,-1.0555555555555556,-1.1111111111111112,0.5
W2_trailing_18m,2018_2020,2018-08-06T01:25:00,2018-08-06T02:55:00,0.7602541446685791,32.65259475885085,0,timeout,30.0,False,1.1100000000001273,0.8999999999999999,0.8444444444445859,0.7888888888890304,0.5
W2_trailing_18m,2018_2020,2018-08-06T03:01:00,2018-08-06T03:21:00,0.7838579416275024,46.24919063917021,2,sl,30.0,False,-0.6,0.8999999999999999,-1.0555555555555556,-1.1111111111111112,0.5
W2_trailing_18m,2018_2020,2018-08-06T03:43:00,2018-08-06T04:31:00,0.7679219245910645,33.69513942178308,1,tp,30.0,False,1.5,0.8999999999999999,1.277777777777778,1.2222222222222225,0.5
W2_trailing_18m,2018_2020,2018-08-07T01:23:00,2018-08-07T02:53:00,0.7648237347602844,47.25202029859293,0,timeout,30.0,False,0.5399999999999636,0.8999999999999999,0.21111111111107067,0.15555555555551512,0.5
W2_trailing_18m,2018_2020,2018-08-07T02:55:00,2018-08-07T03:31:00,0.7519808411598206,60.56218609773215,2,sl,30.0,False,-0.6,0.8999999999999999,-1.0555555555555556,-1.1111111111111112,0.5
W2_trailing_18m,2018_2020,2018-08-08T01:24:00,2018-08-08T02:38:00,0.7516263127326965,47.6179894415062,1,tp,30.0,False,1.5,0.8999999999999999,1.277777777777778,1.2222222222222225,0.5
W2_trailing_18m,2018_2020,2018-08-08T03:21:00,2018-08-08T03:56:00,0.7535115480422974,25.16532959296677,2,sl,30.0,False,-0.6,0.8999999999999999,-1.0555555555555556,-1.1111111111111112,0.5
W2_trailing_18m,2018_2020,2018-08-08T04:50:00,2018-08-08T05:00:00,0.75599205493927,58.014647171708546,2,sl,30.0,False,-0.6,0.8999999999999999,-1.0555555555555556,-1.1111111111111112,0.5
W2_trailing_18m,2018_2020,2018-08-09T01:01:00,2018-08-09T02:31:00,0.8116024732589722,50.90779507430645,0,timeout,30.0,False,0.22000000000002728,0.8999999999999999,-0.14444444444441418,-0.19999999999996973,0.5
W2_trailing_18m,2018_2020,2018-08-09T03:13:00,2018-08-09T04:11:00,0.7502566576004028,52.136128285643615,1,tp,30.0,False,1.5,0.8999999999999999,1.277777777777778,1.2222222222222225,0.5
W2_trailing_18m,2018_2020,2018-08-10T01:15:00,2018-08-10T01:41:00,0.7544089555740356,69.69549130777058,2,sl,30.0,False,-0.6,0.8999999999999999,-1.0555555555555556,-1.1111111111111112,0.5
W2_trailing_18m,2018_2020,2018-08-10T02:33:00,2018-08-10T04:04:00,0.7649664282798767,48.88838189826329,0,timeout,30.0,False,0.31999999999993634,0.8999999999999999,-0.03333333333340411,-0.08888888888895966,0.5
W2_trailing_18m,2018_2020,2018-08-13T04:07:00,2018-08-13T04:09:00,0.7502753138542175,28.4131373491049,2,sl,30.0,False,-0.6,0.8999999999999999,-1.0555555555555556,-1.1111111111111112,0.5
W2_trailing_18m,2018_2020,2018-08-14T03:13:00,2018-08-14T04:08:00,0.751314640045166,60.86910208291571,1,tp,30.0,False,1.5,0.8999999999999999,1.277777777777778,1.2222222222222225,0.5
W2_trailing_18m,2018_2020,2018-08-15T02:16:00,2018-08-15T02:54:00,0.7538831233978271,33.06414282419422,2,sl,30.0,False,-0.6,0.8999999999999999,-1.0555555555555556,-1.1111111111111112,0.5
W2_trailing_18m,2018_2020,2018-08-15T04:19:00,2018-08-15T05:17:00,0.7619872093200684,73.11772922138914,2,sl,30.0,False,-0.6,0.8999999999999999,-1.0555555555555556,-1.1111111111111112,0.5
W2_trailing_18m,2018_2020,2018-08-16T03:56:00,2018-08-16T04:02:00,0.7546611428260803,55.545627538705816,1,tp,30.0,False,1.642642857142841,2.3217142857142656,0.5567622446468106,0.5352264336696999,0.5
W2_trailing_18m,2018_2020,2018-08-17T02:32:00,2018-08-17T03:03:00,0.7791304588317871,61.0517318692133,2,sl,30.0,False,-0.6,0.8999999999999999,-1.0555555555555556,-1.1111111111111112,0.5
W2_trailing_18m,2018_2020,2018-08-21T01:01:00,2018-08-21T02:37:00,0.8196343183517456,49.99923914201306,0,timeout,30.0,False,0.6199999999998909,0.8999999999999999,0.29999999999987875,0.24444444444432317,0.5
W2_trailing_18m,2018_2020,2018-08-21T03:18:00,2018-08-21T03:33:00,0.7574407458305359,63.472521787229134,1,tp,30.0,False,1.5,0.8999999999999999,1.277777777777778,1.2222222222222225,0.5
W2_trailing_18m,2018_2020,2018-08-21T04:00:00,2018-08-21T04:01:00,0.7594744563102722,51.53024417172987,2,sl,30.0,False,-0.6,0.8999999999999999,-1.0555555555555556,-1.1111111111111112,0.5
W2_trailing_18m,2018_2020,2018-08-21T04:39:00,2018-08-21T04:54:00,0.750055193901062,48.20690243162153,2,sl,30.0,False,-0.6,0.8999999999999999,-1.0555555555555556,-1.1111111111111112,0.5
W2_trailing_18m,2018_2020,2018-08-22T01:21:00,2018-08-22T02:51:00,0.7524743676185608,25.15701119612055,0,timeout,30.0,False,0.1899999999998272,0.8999999999999999,-0.17777777777796983,-0.23333333333352538,0.5
W2_trailing_18m,2018_2020,2018-08-22T04:37:00,2018-08-22T06:07:00,0.7563184499740601,27.464517955462412,0,timeout,30.0,False,0.2699999999999818,0.8999999999999999,-0.08888888888890914,-0.1444444444444647,0.5
W2_trailing_18m,2018_2020,2018-08-23T02:04:00,2018-08-23T02:27:00,0.7580536603927612,47.22176312175182,2,sl,30.0,False,-0.6,0.8999999999999999,-1.0555555555555556,-1.1111111111111112,0.5
W2_trailing_18m,2018_2020,2018-08-23T04:15:00,2018-08-23T04:43:00,0.7672461867332458,74.27619296890688,2,sl,30.0,False,-0.6,0.8999999999999999,-1.0555555555555556,-1.1111111111111112,0.5
W2_trailing_18m,2018_2020,2018-08-24T01:30:00,2018-08-24T02:00:00,0.7574095129966736,61.36266013949015,2,sl,30.0,False,-0.6,0.8999999999999999,-1.0555555555555556,-1.1111111111111112,0.5
W2_trailing_18m,2018_2020,2018-08-24T19:40:00,2018-08-24T19:55:00,0.7843490242958069,49.99961111413578,2,sl,30.0,False,-0.6,0.8999999999999999,-1.0555555555555556,-1.1111111111111112,0.5
W2_trailing_18m,2018_2020,2018-08-28T01:01:00,2018-08-28T01:02:00,0.7565922141075134,68.54761317211408,2,sl,30.0,False,-0.6,0.8999999999999999,-1.0555555555555556,-1.1111111111111112,0.5
W2_trailing_18m,2018_2020,2018-08-28T01:23:00,2018-08-28T02:17:00,0.7528325915336609,27.026515714559253,2,sl,30.0,False,-0.6,0.8999999999999999,-1.0555555555555556,-1.1111111111111112,0.5
W2_trailing_18m,2018_2020,2018-08-28T02:59:00,2018-08-28T03:55:00,0.7815694212913513,32.9665257897134,2,sl,30.0,False,-0.6,0.8999999999999999,-1.0555555555555556,-1.1111111111111112,0.5
W2_trailing_18m,2018_2020,2018-08-30T03:01:00,2018-08-30T03:05:00,0.7507084608078003,32.74295716690271,2,sl,30.0,False,-0.6,0.8999999999999999,-1.0555555555555556,-1.1111111111111112,0.5
W2_trailing_18m,2018_2020,2018-08-30T04:03:00,2018-08-30T04:19:00,0.7531569600105286,62.89252799032281,2,sl,30.0,False,-0.6,0.8999999999999999,-1.0555555555555556,-1.1111111111111112,0.5
W2_trailing_18m,2018_2020,2018-08-30T04:58:00,2018-08-30T05:28:00,0.7500216364860535,54.82194542780086,2,sl,30.0,False,-0.6,0.8999999999999999,-1.0555555555555556,-1.1111111111111112,0.5
W2_trailing_18m,2018_2020,2018-09-03T03:51:00,2018-09-03T04:07:00,0.7570298314094543,33.4915750873986,2,sl,30.0,False,-0.8034285714285163,1.1034285714285164,-1.0453133091662374,-1.0906266183324747,0.5
W2_trailing_18m,2018_2020,2018-09-05T02:20:00,2018-09-05T03:14:00,0.7590677738189697,49.99890627392526,2,sl,30.0,False,-0.6,0.8999999999999999,-1.0555555555555556,-1.1111111111111112,0.5
W2_trailing_18m,2018_2020,2018-09-05T03:43:00,2018-09-05T04:25:00,0.7513986229896545,61.05218172076765,1,tp,30.0,False,1.5,0.8999999999999999,1.277777777777778,1.2222222222222225,0.5
W2_trailing_18m,2018_2020,2018-09-06T02:08:00,2018-09-06T03:06:00,0.7529246211051941,51.10952103712217,1,tp,30.0,False,1.5,0.8999999999999999,1.277777777777778,1.2222222222222225,0.5
W2_trailing_18m,2018_2020,2018-09-07T01:26:00,2018-09-07T02:59:00,0.7677121758460999,49.998870993235634,0,timeout,30.0,False,0.6200000000001182,0.8999999999999999,0.3000000000001314,0.2444444444445758,0.5
W2_trailing_18m,2018_2020,2018-09-11T01:40:00,2018-09-11T02:58:00,0.7660416960716248,45.6134749222322,2,sl,30.0,False,-0.6,0.8999999999999999,-1.0555555555555556,-1.1111111111111112,0.5
W2_trailing_18m,2018_2020,2018-09-12T01:10:00,2018-09-12T02:42:00,0.7527491450309753,26.548343648847947,0,timeout,30.0,False,-0.1999999999998181,0.8999999999999999,-0.6111111111109092,-0.6666666666664647,0.5
W2_trailing_18m,2018_2020,2018-09-12T03:15:00,2018-09-12T03:34:00,0.7504303455352783,65.31739049510688,2,sl,30.0,False,-0.6,0.8999999999999999,-1.0555555555555556,-1.1111111111111112,0.5
W2_trailing_18m,2018_2020,2018-09-12T04:57:00,2018-09-12T05:18:00,0.756830632686615,24.137736822811235,2,sl,30.0,False,-0.6,0.8999999999999999,-1.0555555555555556,-1.1111111111111112,0.5
W2_trailing_18m,2018_2020,2018-09-13T01:19:00,2018-09-13T02:55:00,0.7702785730361938,33.72038129611812,0,timeout,30.0,False,0.16000000000008185,0.8999999999999999,-0.2111111111110202,-0.2666666666665758,0.5
W2_trailing_18m,2018_2020,2018-09-13T03:46:00,2018-09-13T04:33:00,0.7522721290588379,23.8093650804243,1,tp,30.0,False,1.5,0.8999999999999999,1.277777777777778,1.2222222222222225,0.5
W2_trailing_18m,2018_2020,2018-09-13T04:36:00,2018-09-13T04:43:00,0.7629169225692749,51.72388822950347,2,sl,30.0,False,-0.6,0.8999999999999999,-1.0555555555555556,-1.1111111111111112,0.5
W2_trailing_18m,2018_2020,2018-09-13T19:24:00,2018-09-13T19:37:00,0.7653319835662842,69.35405568002065,1,tp,30.0,False,1.5,0.8999999999999999,1.277777777777778,1.2222222222222225,0.5
W2_trailing_18m,2018_2020,2018-09-14T01:55:00,2018-09-14T03:25:00,0.7530332803726196,45.83266494030492,0,timeout,30.0,False,0.4900000000000091,0.8999999999999999,0.15555555555556563,0.1000000000000101,0.5
W2_trailing_18m,2018_2020,2018-09-14T08:04:00,2018-09-14T09:35:00,0.759380042552948,81.24822269514186,0,timeout,30.0,False,1.0700000000001637,0.8999999999999999,0.8000000000001819,0.7444444444446264,0.5
W2_trailing_18m,2018_2020,2018-09-17T02:05:00,2018-09-17T02:20:00,0.7562823295593262,58.76203848604392,2,sl,30.0,False,-0.6,0.8999999999999999,-1.0555555555555556,-1.1111111111111112,0.5
W2_trailing_18m,2018_2020,2018-09-17T03:52:00,2018-09-17T04:41:00,0.7503394484519958,57.21608194579864,1,tp,30.0,False,1.5,0.8999999999999999,1.277777777777778,1.2222222222222225,0.5
W2_trailing_18m,2018_2020,2018-09-18T01:16:00,2018-09-18T01:37:00,0.7503800988197327,59.998320047029594,2,sl,30.0,False,-0.6,0.8999999999999999,-1.0555555555555556,-1.1111111111111112,0.5
W2_trailing_18m,2018_2020,2018-09-18T01:58:00,2018-09-18T02:00:00,0.7584006190299988,30.06508437177544,2,sl,30.0,False,-0.6,0.8999999999999999,-1.0555555555555556,-1.1111111111111112,0.5
W2_trailing_18m,2018_2020,2018-09-18T02:16:00,2018-09-18T02:20:00,0.7555851936340332,25.90339599546462,2,sl,30.0,False,-0.6,0.8999999999999999,-1.0555555555555556,-1.1111111111111112,0.5
W2_trailing_18m,2018_2020,2018-09-19T02:23:00,2018-09-19T03:53:00,0.7697029709815979,32.141250080382136,0,timeout,30.0,False,0.05999999999994543,0.8999999999999999,-0.3222222222222829,-0.3777777777778385,0.5
W2_trailing_18m,2018_2020,2018-09-20T01:03:00,2018-09-20T02:51:00,0.7568560242652893,55.8815859390139,0,timeout,30.0,False,0.09999999999990905,0.8999999999999999,-0.2777777777778789,-0.33333333333343446,0.5
W2_trailing_18m,2018_2020,2018-09-20T03:25:00,2018-09-20T03:39:00,0.761242687702179,67.0319357724164,2,sl,30.0,False,-0.6,0.8999999999999999,-1.0555555555555556,-1.1111111111111112,0.5
W2_trailing_18m,2018_2020,2018-09-21T01:08:00,2018-09-21T02:42:00,0.7501946687698364,34.73633020144135,0,timeout,30.0,False,-0.11999999999989086,0.8999999999999999,-0.522222222222101,-0.5777777777776566,0.5
W2_trailing_18m,2018_2020,2018-09-21T02:58:00,2018-09-21T03:21:00,0.78807133436203,89.36037122852133,1,tp,30.0,False,1.5,0.8999999999999999,1.277777777777778,1.2222222222222225,0.5
W2_trailing_18m,2018_2020,2018-09-21T03:38:00,2018-09-21T04:01:00,0.7525292038917542,50.32633688319153,2,sl,30.0,False,-0.6,0.8999999999999999,-1.0555555555555556,-1.1111111111111112,0.5
W2_trailing_18m,2018_2020,2018-09-21T08:05:00,2018-09-21T09:33:00,0.7558834552764893,71.71615754929019,2,sl,30.0,False,-0.6,0.8999999999999999,-1.0555555555555556,-1.1111111111111112,0.5
W2_trailing_18m,2018_2020,2018-09-24T02:46:00,2018-09-24T03:16:00,0.7513346672058105,24.467720693509747,2,sl,30.0,False,-0.6,0.8999999999999999,-1.0555555555555556,-1.1111111111111112,0.5
W2_trailing_18m,2018_2020,2018-09-24T03:53:00,2018-09-24T05:07:00,0.7509605884552002,50.587402089847615,2,sl,30.0,False,-0.6,0.8999999999999999,-1.0555555555555556,-1.1111111111111112,0.5
W2_trailing_18m,2018_2020,2018-09-25T02:01:00,2018-09-25T03:34:00,0.7678948640823364,27.65875059041619,0,timeout,30.0,False,-0.4499999999998181,0.8999999999999999,-0.888888888888687,-0.9444444444442425,0.5
W2_trailing_18m,2018_2020,2018-09-25T04:03:00,2018-09-25T05:00:00,0.7606480717658997,53.59428083664273,2,sl,30.0,False,-0.6,0.8999999999999999,-1.0555555555555556,-1.1111111111111112,0.5
W2_trailing_18m,2018_2020,2018-09-26T03:35:00,2018-09-26T03:54:00,0.8451470136642456,31.64500882262081,2,sl,30.0,False,-0.6,0.8999999999999999,-1.0555555555555556,-1.1111111111111112,0.5
W2_trailing_18m,2018_2020,2018-09-26T08:07:00,2018-09-26T09:03:00,0.7605352997779846,49.99815796260138,2,sl,30.0,False,-0.6,0.8999999999999999,-1.0555555555555556,-1.1111111111111112,0.5
W2_trailing_18m,2018_2020,2018-09-28T01:25:00,2018-09-28T01:31:00,0.7624256610870361,68.57051429789531,2,sl,30.0,False,-0.6,0.8999999999999999,-1.0555555555555556,-1.1111111111111112,0.5
W2_trailing_18m,2018_2020,2018-09-28T01:55:00,2018-09-28T02:30:00,0.7563530206680298,99.99658548244695,2,sl,30.0,False,-0.6,0.8999999999999999,-1.0555555555555556,-1.1111111111111112,0.5
W2_trailing_18m,2018_2020,2018-09-28T03:01:00,2018-09-28T04:31:00,0.7755078077316284,47.93332969701332,0,timeout,30.0,False,0.6299999999998818,0.8999999999999999,0.3111111111109797,0.2555555555554242,0.5
W2_trailing_18m,2018_2020,2018-09-28T08:55:00,2018-09-28T09:04:00,0.756697416305542,63.748884394517766,2,sl,30.0,False,-0.6,0.8999999999999999,-1.0555555555555556,-1.1111111111111112,0.5
W2_trailing_18m,2018_2020,2018-10-01T02:52:00,2018-10-01T03:33:00,0.7627661824226379,33.69513942179114,2,sl,30.0,False,-0.6,0.8999999999999999,-1.0555555555555556,-1.1111111111111112,0.5
W2_trailing_18m,2018_2020,2018-10-02T01:10:00,2018-10-02T02:56:00,0.7897236347198486,64.70455020043902,0,timeout,30.0,False,0.25,0.8999999999999999,-0.11111111111111116,-0.1666666666666667,0.5
W2_trailing_18m,2018_2020,2018-10-02T03:45:00,2018-10-02T04:15:00,0.7621409893035889,49.52314921515374,1,tp,30.0,False,1.5,0.8999999999999999,1.277777777777778,1.2222222222222225,0.5
W2_trailing_18m,2018_2020,2018-10-03T02:09:00,2018-10-03T03:02:00,0.7773087024688721,47.19026891712103,1,tp,30.0,False,1.5,0.8999999999999999,1.277777777777778,1.2222222222222225,0.5
W2_trailing_18m,2018_2020,2018-10-04T02:49:00,2018-10-04T04:19:00,0.7606874108314514,73.91191873165428,0,timeout,30.0,False,0.10000000000013642,0.8999999999999999,-0.27777777777762624,-0.3333333333331818,0.5
W2_trailing_18m,2018_2020,2018-10-05T01:37:00,2018-10-05T02:40:00,0.7550018429756165,64.06109866346951,2,sl,30.0,False,-0.6,0.8999999999999999,-1.0555555555555556,-1.1111111111111112,0.5
W2_trailing_18m,2018_2020,2018-10-05T03:21:00,2018-10-05T04:37:00,0.7585157752037048,24.62294235115968,1,tp,30.0,False,1.5,0.8999999999999999,1.277777777777778,1.2222222222222225,0.5
W2_trailing_18m,2018_2020,2018-10-08T03:46:00,2018-10-08T03:58:00,0.7521430253982544,34.42583445763616,2,sl,30.0,False,-0.6,0.8999999999999999,-1.0555555555555556,-1.1111111111111112,0.5
W2_trailing_18m,2018_2020,2018-10-10T01:43:00,2018-10-10T03:21:00,0.7527524828910828,26.505577014382098,0,timeout,30.0,False,0.5900000000001455,0.8999999999999999,0.26666666666682837,0.2111111111112728,0.5
W2_trailing_18m,2018_2020,2018-10-11T02:13:00,2018-10-11T03:45:00,0.7510709762573242,57.81186768269639,0,timeout,17.0,True,0.03999999999996362,0.77,-0.233766233766281,-0.298701298701346,0.5
W2_trailing_18m,2018_2020,2018-10-11T19:52:00,2018-10-11T20:02:00,0.7750464081764221,76.39685120750012,1,tp,19.0,True,1.5,0.79,1.5949367088607593,1.5316455696202531,0.5
W2_trailing_18m,2018_2020,2018-10-12T01:17:00,2018-10-12T01:47:00,0.7634429931640625,74.79589663207567,2,sl,27.0,True,-0.6,0.87,-1.057471264367816,-1.1149425287356323,0.5
W2_trailing_18m,2018_2020,2018-10-12T02:03:00,2018-10-12T02:10:00,0.752407968044281,55.487331205710824,2,sl,25.0,True,-0.6,0.85,-1.0588235294117647,-1.1176470588235294,0.5
W2_trailing_18m,2018_2020,2018-10-12T02:58:00,2018-10-12T03:10:00,0.7563416957855225,48.343922639121566,2,sl,22.0,True,-0.6,0.82,-1.0609756097560976,-1.121951219512195,0.5
W2_trailing_18m,2018_2020,2018-10-16T02:33:00,2018-10-16T04:07:00,0.7510071992874146,66.03686366406562,0,timeout,22.0,True,1.1800000000000637,0.82,1.1097560975610532,1.0487804878049556,0.5
W2_trailing_18m,2018_2020,2018-10-17T03:20:00,2018-10-17T04:07:00,0.7503934502601624,67.38156938112735,2,sl,23.0,True,-0.6,0.83,-1.0602409638554218,-1.1204819277108433,0.5
W2_trailing_18m,2018_2020,2018-10-19T02:14:00,2018-10-19T03:07:00,0.7678964138031006,83.87002082234201,2,sl,25.0,True,-0.6,0.85,-1.0588235294117647,-1.1176470588235294,0.5
W2_trailing_18m,2018_2020,2018-10-19T04:05:00,2018-10-19T05:07:00,0.7528319954872131,66.1061833370967,2,sl,20.0,True,-0.6,0.8,-1.0625,-1.1249999999999998,0.5
W2_trailing_18m,2018_2020,2018-10-19T08:25:00,2018-10-19T08:53:00,0.7610591053962708,57.60781901145654,1,tp,23.0,True,1.5,0.83,1.4698795180722892,1.4096385542168675,0.5
W2_trailing_18m,2018_2020,2018-11-09T08:01:00,2018-11-09T08:05:00,0.7599058151245117,95.11870326379369,2,sl,16.0,True,-0.6,0.76,-1.0657894736842104,-1.131578947368421,0.5
W2_trailing_18m,2018_2020,2018-11-12T03:21:00,2018-11-12T03:44:00,0.7608348727226257,47.15871578293874,1,tp,24.0,True,1.5,0.84,1.4404761904761905,1.380952380952381,0.5
W2_trailing_18m,2018_2020,2018-11-13T04:21:00,2018-11-13T05:00:00,0.7733476758003235,53.845187394083624,2,sl,22.0,True,-0.6,0.82,-1.0609756097560976,-1.121951219512195,0.5
W2_trailing_18m,2018_2020,2018-11-16T01:11:00,2018-11-16T02:44:00,0.7526751756668091,62.49956250306532,0,timeout,18.0,True,0.75,0.78,0.6666666666666666,0.6025641025641025,0.5
W2_trailing_18m,2018_2020,2018-11-16T03:56:00,2018-11-16T04:00:00,0.771145224571228,57.142360252767986,2,sl,27.0,True,-0.6,0.87,-1.057471264367816,-1.1149425287356323,0.5
W2_trailing_18m,2018_2020,2018-11-16T04:19:00,2018-11-16T04:43:00,0.7523468136787415,62.93027497943196,2,sl,25.0,True,-0.6,0.85,-1.0588235294117647,-1.1176470588235294,0.5
W2_trailing_18m,2018_2020,2018-11-16T08:37:00,2018-11-16T09:53:00,0.7672324180603027,54.90120723832765,2,sl,22.0,True,-0.6,0.82,-1.0609756097560976,-1.121951219512195,0.5
W2_trailing_18m,2018_2020,2018-11-16T22:10:00,2018-11-16T23:25:00,0.756970226764679,65.26219613605795,2,sl,26.0,True,-0.6,0.86,-1.0581395348837208,-1.1162790697674418,0.5
W2_trailing_18m,2018_2020,2018-11-21T04:38:00,2018-11-21T05:15:00,0.7662491798400879,61.72732816964073,2,sl,24.0,True,-0.6,0.84,-1.0595238095238095,-1.119047619047619,0.5
W2_trailing_18m,2018_2020,2018-11-22T04:47:00,2018-11-22T06:18:00,0.7592858076095581,68.86701496395857,0,timeout,23.0,True,0.01999999999998181,0.83,-0.3132530120482147,-0.3734939759036364,0.5
W2_trailing_18m,2018_2020,2018-11-23T04:01:00,2018-11-23T05:31:00,0.8046309351921082,34.84774565389938,0,timeout,25.0,True,-0.19000000000005457,0.85,-0.5764705882353583,-0.6352941176471232,0.5
W2_trailing_18m,2018_2020,2018-11-23T08:17:00,2018-11-23T08:42:00,0.7870553731918335,70.09254084526414,2,sl,24.0,True,-0.6,0.84,-1.0595238095238095,-1.119047619047619,0.5
W2_trailing_18m,2018_2020,2018-11-28T03:47:00,2018-11-28T05:20:00,0.751038134098053,26.315304718055245,0,timeout,23.0,True,0.8199999999999363,0.83,0.6506024096384775,0.5903614457830558,0.5
W2_trailing_18m,2018_2020,2018-11-30T04:32:00,2018-11-30T06:02:00,0.7666051983833313,95.45252070407966,0,timeout,24.0,True,0.0,0.84,-0.34523809523809523,-0.4047619047619048,0.5
W2_trailing_18m,2018_2020,2018-11-30T08:36:00,2018-11-30T10:06:00,0.7556458711624146,49.586203134840076,0,timeout,26.0,True,-0.18000000000006366,0.86,-0.5697674418605392,-0.6279069767442601,0.5
W2_trailing_18m,2018_2020,2018-12-07T04:30:00,2018-12-07T05:24:00,0.776984453201294,58.619274707171705,1,tp,26.0,True,1.5,0.86,1.3837209302325582,1.3255813953488373,0.5
W2_trailing_18m,2018_2020,2018-12-11T04:03:00,2018-12-11T04:18:00,0.7544775605201721,52.49938750715191,2,sl,31.0,True,-0.6,0.9099999999999999,-1.054945054945055,-1.10989010989011,0.5
W2_trailing_18m,2018_2020,2018-12-13T03:05:00,2018-12-13T03:11:00,0.7502303719520569,49.99930000979986,2,sl,24.0,True,-0.6,0.84,-1.0595238095238095,-1.119047619047619,0.5
W2_trailing_18m,2018_2020,2018-12-13T03:54:00,2018-12-13T04:19:00,0.7570191025733948,67.46874149110673,2,sl,25.0,True,-0.6,0.85,-1.0588235294117647,-1.1176470588235294,0.5
W2_trailing_18m,2018_2020,2018-12-13T04:37:00,2018-12-13T06:07:00,0.7546866536140442,49.57924864749538,0,timeout,22.0,True,0.2899999999999636,0.82,0.024390243902394637,-0.036585365853702916,0.5
W2_trailing_18m,2018_2020,2018-12-17T08:47:00,2018-12-17T10:17:00,0.7510254383087158,61.970609030229134,0,timeout,24.0,True,0.20000000000004547,0.84,-0.10714285714280299,-0.16666666666661256,0.5
W2_trailing_18m,2018_2020,2018-12-18T04:29:00,2018-12-18T05:59:00,0.7709216475486755,49.3818625357096,0,timeout,23.0,True,0.32999999999992724,0.83,0.06024096385533399,-8.768086658334821e-14,0.5
W2_trailing_18m,2018_2020,2018-12-19T04:13:00,2018-12-19T05:43:00,0.7507844567298889,77.52687036384846,0,timeout,24.0,True,1.0700000000001637,0.84,0.9285714285716234,0.8690476190478139,0.5
W2_trailing_18m,2018_2020,2018-12-21T04:22:00,2018-12-21T04:35:00,0.7618378400802612,33.332831548772376,2,sl,30.0,True,-0.6,0.8999999999999999,-1.0555555555555556,-1.1111111111111112,0.5
W2_trailing_18m,2018_2020,2018-12-21T04:50:00,2018-12-21T06:14:00,0.7591959238052368,76.92169627725977,2,sl,30.0,True,-0.6,0.8999999999999999,-1.0555555555555556,-1.1111111111111112,0.5
W2_trailing_18m,2018_2020,2018-12-28T04:52:00,2018-12-28T05:01:00,0.7520903944969177,55.35575896316878,2,sl,26.0,True,-0.6,0.86,-1.0581395348837208,-1.1162790697674418,0.5
W2_trailing_18m,2018_2020,2018-12-31T04:01:00,2018-12-31T04:59:00,0.7561322450637817,49.36621376330076,2,sl,19.0,True,-0.6,0.79,-1.0632911392405062,-1.1265822784810124,0.5
W2_trailing_18m,2018_2020,2018-12-31T08:00:00,2018-12-31T09:12:00,0.7533484697341919,77.1910865347349,1,tp,25.0,True,1.5,0.85,1.411764705882353,1.352941176470588,0.5
W2_trailing_18m,2018_2020,2019-01-16T04:12:00,2019-01-16T05:09:00,0.7672826051712036,55.13946546494519,2,sl,27.0,True,-0.6,0.87,-1.057471264367816,-1.1149425287356323,0.5
W2_trailing_18m,2018_2020,2019-01-18T08:51:00,2019-01-18T09:17:00,0.7538366317749023,74.38897384678866,2,sl,22.0,True,-0.6,0.82,-1.0609756097560976,-1.121951219512195,0.5
W2_trailing_18m,2018_2020,2019-01-21T08:58:00,2019-01-21T09:21:00,0.7641834020614624,56.520018955938376,2,sl,24.0,True,-0.6,0.84,-1.0595238095238095,-1.119047619047619,0.5
W2_trailing_18m,2018_2020,2019-01-22T03:30:00,2019-01-22T03:48:00,0.7542701363563538,68.82991737814399,2,sl,24.0,True,-0.6,0.84,-1.0595238095238095,-1.119047619047619,0.5
W2_trailing_18m,2018_2020,2019-01-23T04:37:00,2019-01-23T05:55:00,0.7567059993743896,46.08639546996217,2,sl,28.0,True,-0.6,0.88,-1.0568181818181817,-1.1136363636363635,0.5
W2_trailing_18m,2018_2020,2019-01-25T02:40:00,2019-01-25T03:23:00,0.7598252892494202,62.194060101406144,2,sl,25.0,True,-0.6,0.85,-1.0588235294117647,-1.1176470588235294,0.5
W2_trailing_18m,2018_2020,2019-01-29T04:34:00,2019-01-29T04:38:00,0.7513418793678284,54.544462827943214,2,sl,25.0,True,-0.6,0.85,-1.0588235294117647,-1.1176470588235294,0.5
W2_trailing_18m,2018_2020,2019-02-05T04:15:00,2019-02-05T05:45:00,0.7611041069030762,78.99889401548492,0,timeout,26.0,True,0.9800000000000182,0.86,0.7790697674418816,0.7209302325581607,0.5
W2_trailing_18m,2018_2020,2019-02-06T03:01:00,2019-02-06T03:08:00,0.7680074572563171,61.72732816964073,2,sl,21.0,True,-0.6,0.8099999999999999,-1.0617283950617284,-1.1234567901234567,0.5
W2_trailing_18m,2018_2020,2019-02-06T03:28:00,2019-02-06T03:38:00,0.7670820355415344,51.078622229711456,2,sl,22.0,True,-0.6,0.82,-1.0609756097560976,-1.121951219512195,0.5
W2_trailing_18m,2018_2020,2019-02-08T04:18:00,2019-02-08T05:28:00,0.7587355971336365,23.076508883160443,2,sl,23.0,True,-0.6,0.83,-1.0602409638554218,-1.1204819277108433,0.5
W2_trailing_18m,2018_2020,2019-02-08T08:01:00,2019-02-08T08:32:00,0.7714502215385437,66.66518521810627,2,sl,23.0,True,-0.6,0.83,-1.0602409638554218,-1.1204819277108433,0.5
W2_trailing_18m,2018_2020,2019-02-08T23:41:00,2019-02-11T01:00:00,0.7610496878623962,49.9992045581093,2,sl,25.0,True,-0.6,0.85,-1.0588235294117647,-1.1176470588235294,0.5
W2_trailing_18m,2018_2020,2019-02-13T08:11:00,2019-02-13T09:13:00,0.7527884840965271,33.870202930889135,2,sl,27.0,True,-0.6,0.87,-1.057471264367816,-1.1149425287356323,0.5
W2_trailing_18m,2018_2020,2019-02-13T11:55:00,2019-02-13T12:01:00,0.7633895874023438,55.554691371459135,2,sl,21.0,True,-0.6,0.8099999999999999,-1.0617283950617284,-1.1234567901234567,0.5
W2_trailing_18m,2018_2020,2019-02-15T03:25:00,2019-02-15T03:35:00,0.7503029704093933,62.78967551690343,2,sl,26.0,True,-0.6,0.86,-1.0581395348837208,-1.1162790697674418,0.5
W2_trailing_18m,2018_2020,2019-02-15T04:16:00,2019-02-15T04:32:00,0.751240611076355,52.221409889178375,2,sl,23.0,True,-0.6,0.83,-1.0602409638554218,-1.1204819277108433,0.5
W2_trailing_18m,2018_2020,2019-02-15T08:17:00,2019-02-15T08:45:00,0.7637688517570496,64.94751622141658,1,tp,26.0,True,1.5,0.86,1.3837209302325582,1.3255813953488373,0.5
W2_trailing_18m,2018_2020,2019-02-15T08:53:00,2019-02-15T09:24:00,0.7509782314300537,57.14238095634918,2,sl,23.0,True,-0.6,0.83,-1.0602409638554218,-1.1204819277108433,0.5
W2_trailing_18m,2018_2020,2019-02-19T04:27:00,2019-02-19T04:44:00,0.7723403573036194,61.66522781135676,2,sl,22.0,True,-0.6,0.82,-1.0609756097560976,-1.121951219512195,0.5
W2_trailing_18m,2018_2020,2019-03-05T04:32:00,2019-03-05T05:19:00,0.7568724155426025,65.38373521894982,1,tp,22.0,True,1.5,0.82,1.5,1.4390243902439024,0.5
W2_trailing_18m,2018_2020,2019-03-11T08:23:00,2019-03-11T08:42:00,0.7687457799911499,95.52039211118176,2,sl,22.0,True,-0.6,0.82,-1.0609756097560976,-1.121951219512195,0.5
W2_trailing_18m,2018_2020,2019-03-12T02:02:00,2019-03-12T03:14:00,0.7526211738586426,67.56628928641808,1,tp,25.0,True,1.5,0.85,1.411764705882353,1.352941176470588,0.5
W2_trailing_18m,2018_2020,2019-03-12T03:22:00,2019-03-12T04:52:00,0.7543308138847351,69.18866559927606,0,timeout,21.0,True,1.4700000000000273,0.8099999999999999,1.4938271604938609,1.4320987654321324,0.5
W2_trailing_18m,2018_2020,2019-03-12T04:57:00,2019-03-12T06:27:00,0.7571274638175964,78.6504481951932,0,timeout,26.0,True,0.2300000000000182,0.86,-0.09302325581393234,-0.15116279069765326,0.5
W2_trailing_18m,2018_2020,2019-03-12T08:04:00,2019-03-12T08:09:00,0.7643187642097473,45.3324871269098,2,sl,20.0,True,-0.6,0.8,-1.0625,-1.1249999999999998,0.5
W2_trailing_18m,2018_2020,2019-03-12T08:37:00,2019-03-12T09:01:00,0.7579346299171448,75.38299175092,2,sl,21.0,True,-0.6,0.8099999999999999,-1.0617283950617284,-1.1234567901234567,0.5
W2_trailing_18m,2018_2020,2019-03-13T04:10:00,2019-03-13T05:40:00,0.7596343159675598,65.62404298269985,0,timeout,26.0,True,0.3400000000001455,0.86,0.03488372093040177,-0.02325581395331915,0.5
W2_trailing_18m,2018_2020,2019-03-15T03:56:00,2019-03-15T04:14:00,0.7540338039398193,51.90811957493608,2,sl,24.0,True,-0.6,0.84,-1.0595238095238095,-1.119047619047619,0.5
W2_trailing_18m,2018_2020,2019-03-18T02:13:00,2019-03-18T02:17:00,0.7529965043067932,57.969838293144676,2,sl,22.0,True,-0.6,0.82,-1.0609756097560976,-1.121951219512195,0.5
W2_trailing_18m,2018_2020,2019-03-18T03:11:00,2019-03-18T04:41:00,0.7505484223365784,30.15856261115995,0,timeout,27.0,True,-0.31999999999993634,0.87,-0.7356321839079729,-0.7931034482757889,0.5
W2_trailing_18m,2018_2020,2019-03-19T03:53:00,2019-03-19T05:23:00,0.756288468837738,83.33203705720976,0,timeout,24.0,True,1.1400000000001,0.84,1.011904761904881,0.9523809523810715,0.5
W2_trailing_18m,2018_2020,2019-03-20T04:01:00,2019-03-20T05:31:00,0.7511758208274841,55.41351860556833,0,timeout,24.0,True,-0.009999999999990905,0.84,-0.3571428571428463,-0.41666666666665586,0.5
W2_trailing_18m,2018_2020,2019-03-20T08:35:00,2019-03-20T08:56:00,0.7603102326393127,23.683774246272534,2,sl,24.0,True,-0.6,0.84,-1.0595238095238095,-1.119047619047619,0.5
W2_trailing_18m,2018_2020,2019-04-02T03:09:00,2019-04-02T04:39:00,0.7569745779037476,66.33571415841047,0,timeout,25.0,True,0.38000000000010914,0.85,0.09411764705895194,0.035294117647187186,0.5
W2_trailing_18m,2018_2020,2019-04-03T02:53:00,2019-04-03T03:06:00,0.7509761452674866,51.01967931070277,2,sl,26.0,True,-0.6,0.86,-1.0581395348837208,-1.1162790697674418,0.5
W2_trailing_18m,2018_2020,2019-04-03T03:31:00,2019-04-03T03:42:00,0.774013340473175,47.61825398147095,2,sl,25.0,True,-0.6,0.85,-1.0588235294117647,-1.1176470588235294,0.5
W2_trailing_18m,2018_2020,2019-04-04T03:01:00,2019-04-04T04:03:00,0.7676112055778503,66.10012643769082,2,sl,24.0,True,-0.6,0.84,-1.0595238095238095,-1.119047619047619,0.5
W2_trailing_18m,2018_2020,2019-04-04T04:35:00,2019-04-04T04:42:00,0.7541857957839966,56.04309384250325,2,sl,22.0,True,-0.6,0.82,-1.0609756097560976,-1.121951219512195,0.5
W2_trailing_18m,2018_2020,2019-04-05T01:49:00,2019-04-05T02:03:00,0.7519516348838806,34.693381931277585,2,sl,29.0,True,-0.6,0.8899999999999999,-1.056179775280899,-1.1123595505617978,0.5
W2_trailing_18m,2018_2020,2019-04-05T02:18:00,2019-04-05T03:00:00,0.7658014893531799,54.866576874264894,2,sl,26.0,True,-0.6,0.86,-1.0581395348837208,-1.1162790697674418,0.5
W2_trailing_18m,2018_2020,2019-04-05T04:24:00,2019-04-05T05:00:00,0.7709499597549438,24.999562507663214,2,sl,20.0,True,-0.6,0.8,-1.0625,-1.1249999999999998,0.5
W2_trailing_18m,2018_2020,2019-04-05T23:10:00,2019-04-08T01:33:00,0.7683161497116089,46.1532248604413,1,tp,21.0,True,1.5,0.8099999999999999,1.5308641975308643,1.4691358024691359,0.5
W2_trailing_18m,2018_2020,2019-04-08T01:49:00,2019-04-08T02:37:00,0.7650359869003296,25.35161278509956,2,sl,24.0,True,-0.6,0.84,-1.0595238095238095,-1.119047619047619,0.5
W2_trailing_18m,2018_2020,2019-04-08T04:25:00,2019-04-08T04:33:00,0.7558059096336365,52.9407801224989,1,tp,25.0,True,1.5,0.85,1.411764705882353,1.352941176470588,0.5
W2_trailing_18m,2018_2020,2019-04-08T11:28:00,2019-04-08T12:58:00,0.7509554624557495,49.01893503422589,0,timeout,21.0,True,0.049999999999954525,0.8099999999999999,-0.2592592592593154,-0.3209876543210438,0.5
W2_trailing_18m,2018_2020,2019-04-09T03:02:00,2019-04-09T03:08:00,0.7956399917602539,50.76813730165704,2,sl,24.0,True,-0.6,0.84,-1.0595238095238095,-1.119047619047619,0.5
W2_trailing_18m,2018_2020,2019-04-16T01:44:00,2019-04-16T03:04:00,0.7579033374786377,70.83126742136096,2,sl,21.0,True,-0.6,0.8099999999999999,-1.0617283950617284,-1.1234567901234567,0.5
W2_trailing_18m,2018_2020,2019-04-17T03:22:00,2019-04-17T03:51:00,0.7528263926506042,23.78624611289156,1,tp,20.0,True,1.5,0.8,1.5625,1.4999999999999998,0.5
W2_trailing_18m,2018_2020,2019-04-22T01:20:00,2019-04-22T02:50:00,0.7543962597846985,52.1731191047082,0,timeout,24.0,True,0.9600000000000364,0.84,0.797619047619091,0.7380952380952813,0.5
W2_trailing_18m,2018_2020,2019-04-22T02:51:00,2019-04-22T03:35:00,0.7503145337104797,77.49864377374675,2,sl,23.0,True,-0.6,0.83,-1.0602409638554218,-1.1204819277108433,0.5
W2_trailing_18m,2018_2020,2019-04-22T04:14:00,2019-04-22T04:55:00,0.7529645562171936,55.84364817463005,1,tp,26.0,True,1.5,0.86,1.3837209302325582,1.3255813953488373,0.5
W2_trailing_18m,2018_2020,2019-04-23T02:12:00,2019-04-23T03:14:00,0.7588161826133728,26.026898114266515,2,sl,22.0,True,-0.6,0.82,-1.0609756097560976,-1.121951219512195,0.5
W2_trailing_18m,2018_2020,2019-04-24T02:05:00,2019-04-24T03:35:00,0.7569980025291443,46.93743444064864,0,timeout,24.0,True,-0.5399999999999636,0.84,-0.9880952380951948,-1.0476190476190044,0.5
W2_trailing_18m,2018_2020,2019-04-25T01:01:00,2019-04-25T01:12:00,0.7814281582832336,72.0573399959506,2,sl,28.0,True,-0.6,0.88,-1.0568181818181817,-1.1136363636363635,0.5
W2_trailing_18m,2018_2020,2019-04-25T02:58:00,2019-04-25T03:03:00,0.7574017643928528,67.53185360652968,2,sl,23.0,True,-0.6,0.83,-1.0602409638554218,-1.1204819277108433,0.5
W2_trailing_18m,2018_2020,2019-04-25T03:23:00,2019-04-25T04:53:00,0.7580404877662659,62.88569030962706,0,timeout,26.0,True,0.5,0.86,0.22093023255813954,0.16279069767441862,0.5
W2_trailing_18m,2018_2020,2019-04-26T02:00:00,2019-04-26T03:30:00,0.7807340621948242,93.99736807369939,0,timeout,26.0,True,0.06999999999993634,0.86,-0.2790697674419345,-0.33720930232565544,0.5
W2_trailing_18m,2018_2020,2019-04-26T04:06:00,2019-04-26T05:14:00,0.752363920211792,74.76586601769915,1,tp,23.0,True,1.5,0.83,1.4698795180722892,1.4096385542168675,0.5
W2_trailing_18m,2018_2020,2019-04-26T09:14:00,2019-04-26T09:57:00,0.758300244808197,66.385773612754,1,tp,23.0,True,1.5,0.83,1.4698795180722892,1.4096385542168675,0.5
W2_trailing_18m,2018_2020,2019-04-26T11:24:00,2019-04-26T12:15:00,0.75483238697052,59.48204073399536,2,sl,18.0,True,-0.6,0.78,-1.064102564102564,-1.1282051282051282,0.5
W2_trailing_18m,2018_2020,2019-04-29T01:01:00,2019-04-29T02:31:00,0.7575386762619019,71.4274725443713,0,timeout,27.0,True,-0.11999999999989086,0.87,-0.5057471264366562,-0.5632183908044722,0.5
W2_trailing_18m,2018_2020,2019-04-29T02:56:00,2019-04-29T03:32:00,0.7536845207214355,56.817277906935345,2,sl,17.0,True,-0.6,0.77,-1.0649350649350648,-1.12987012987013,0.5
W2_trailing_18m,2018_2020,2019-04-29T04:06:00,2019-04-29T05:36:00,0.7510390877723694,64.91148354317966,0,timeout,25.0,True,0.43000000000006366,0.85,0.15294117647066316,0.0941176470588984,0.5
W2_trailing_18m,2018_2020,2019-04-29T08:32:00,2019-04-29T08:59:00,0.7533761262893677,75.43674365893747,2,sl,24.0,True,-0.6,0.84,-1.0595238095238095,-1.119047619047619,0.5
W2_trailing_18m,2018_2020,2019-04-29T09:14:00,2019-04-29T09:29:00,0.7501755952835083,45.16078044279672,2,sl,24.0,True,-0.6,0.84,-1.0595238095238095,-1.119047619047619,0.5
W2_trailing_18m,2018_2020,2019-04-30T02:00:00,2019-04-30T03:30:00,0.7504150867462158,59.9984727661395,0,timeout,22.0,True,0.6700000000000728,0.82,0.48780487804886924,0.4268292682927717,0.5
W2_trailing_18m,2018_2020,2019-04-30T03:45:00,2019-04-30T04:00:00,0.7537844777107239,63.26470360145977,2,sl,22.0,True,-0.6,0.82,-1.0609756097560976,-1.121951219512195,0.5
W2_trailing_18m,2018_2020,2019-04-30T04:19:00,2019-04-30T05:49:00,0.7535225749015808,67.61814604377344,0,timeout,20.0,True,-0.19000000000005457,0.8,-0.5500000000000682,-0.6125000000000682,0.5
W2_trailing_18m,2018_2020,2019-05-01T01:01:00,2019-05-01T01:45:00,0.7936161160469055,52.11164850270288,2,sl,26.0,True,-0.6,0.86,-1.0581395348837208,-1.1162790697674418,0.5
W2_trailing_18m,2018_2020,2019-05-01T04:01:00,2019-05-01T04:51:00,0.7906331419944763,33.33255557369064,2,sl,22.0,True,-0.6,0.82,-1.0609756097560976,-1.121951219512195,0.5
W2_trailing_18m,2018_2020,2019-05-01T08:22:00,2019-05-01T09:12:00,0.7500376105308533,33.683714134731005,2,sl,25.0,True,-0.6,0.85,-1.0588235294117647,-1.1176470588235294,0.5
W2_trailing_18m,2018_2020,2019-05-02T03:59:00,2019-05-02T04:01:00,0.751502275466919,49.99916668055533,2,sl,23.0,True,-0.6,0.83,-1.0602409638554218,-1.1204819277108433,0.5
W2_trailing_18m,2018_2020,2019-05-03T02:23:00,2019-05-03T03:53:00,0.7510454654693604,28.168458650093086,0,timeout,26.0,True,1.25,0.86,1.0930232558139534,1.0348837209302326,0.5
W2_trailing_18m,2018_2020,2019-05-03T04:01:00,2019-05-03T04:20:00,0.7547925114631653,57.89412743024207,2,sl,27.0,True,-0.6,0.87,-1.057471264367816,-1.1149425287356323,0.5
W2_trailing_18m,2018_2020,2019-05-03T04:40:00,2019-05-03T06:10:00,0.753292977809906,45.971258958469015,0,timeout,23.0,True,0.41000000000008185,0.83,0.15662650602419498,0.0963855421687733,0.5
W2_trailing_18m,2018_2020,2019-05-03T08:03:00,2019-05-03T09:00:00,0.7730725407600403,56.248769558177024,2,sl,19.0,True,-0.6,0.79,-1.0632911392405062,-1.1265822784810124,0.5
W2_trailing_18m,2018_2020,2019-05-03T23:13:00,2019-05-06T01:00:00,0.7500686645507812,58.71484219468013,1,tp,23.0,True,1.5,0.83,1.4698795180722892,1.4096385542168675,0.5
W2_trailing_18m,2018_2020,2019-05-07T01:19:00,2019-05-07T02:49:00,0.7576684951782227,51.135550116246975,0,timeout,27.0,True,1.3200000000001637,0.87,1.1494252873565098,1.091954022988694,0.5
W2_trailing_18m,2018_2020,2019-05-07T03:05:00,2019-05-07T03:45:00,0.757416844367981,66.12828564838813,2,sl,19.0,True,-0.6,0.79,-1.0632911392405062,-1.1265822784810124,0.5
W2_trailing_18m,2018_2020,2019-05-07T04:01:00,2019-05-07T04:10:00,0.7557889819145203,55.837166639424595,2,sl,22.0,True,-0.6,0.82,-1.0609756097560976,-1.121951219512195,0.5
W2_trailing_18m,2018_2020,2019-05-07T04:32:00,2019-05-07T06:02:00,0.7503595948219299,54.204898253665924,0,timeout,21.0,True,1.1800000000000637,0.8099999999999999,1.1358024691358812,1.0740740740741528,0.5
W2_trailing_18m,2018_2020,2019-05-08T02:36:00,2019-05-08T03:56:00,0.7795589566230774,64.35554358651964,1,tp,21.0,True,1.5,0.8099999999999999,1.5308641975308643,1.4691358024691359,0.5
W2_trailing_18m,2018_2020,2019-05-13T03:52:00,2019-05-13T03:58:00,0.7613768577575684,61.28939994452091,2,sl,27.0,True,-0.6,0.87,-1.057471264367816,-1.1149425287356323,0.5
W2_trailing_18m,2018_2020,2019-05-13T08:01:00,2019-05-13T09:21:00,0.7765734791755676,52.940086527628345,2,sl,23.0,True,-0.6,0.83,-1.0602409638554218,-1.1204819277108433,0.5
W2_trailing_18m,2018_2020,2019-05-13T09:48:00,2019-05-13T09:59:00,0.7542585134506226,53.01115402872558,2,sl,24.0,True,-0.6,0.84,-1.0595238095238095,-1.119047619047619,0.5
W2_trailing_18m,2018_2020,2019-05-14T02:42:00,2019-05-14T03:03:00,0.7506698369979858,67.85629465345897,1,tp,25.0,True,1.5,0.85,1.411764705882353,1.352941176470588,0.5
W2_trailing_18m,2018_2020,2019-05-15T02:01:00,2019-05-15T03:31:00,0.7564451098442078,55.55382721425883,0,timeout,26.0,True,0.9499999999998181,0.86,0.7441860465114164,0.6860465116276955,0.5
W2_trailing_18m,2018_2020,2019-05-15T03:53:00,2019-05-15T04:00:00,0.7567737698554993,34.40808417938477,2,sl,21.0,True,-0.6,0.8099999999999999,-1.0617283950617284,-1.1234567901234567,0.5
W2_trailing_18m,2018_2020,2019-05-15T04:22:00,2019-05-15T04:27:00,0.7577022314071655,57.56058251310109,2,sl,17.0,True,-0.6,0.77,-1.0649350649350648,-1.12987012987013,0.5
W2_trailing_18m,2018_2020,2019-05-16T03:27:00,2019-05-16T04:57:00,0.7539425492286682,46.21794365444729,0,timeout,28.0,True,0.03999999999996362,0.88,-0.3295454545454959,-0.3863636363636777,0.5
W2_trailing_18m,2018_2020,2019-05-17T03:11:00,2019-05-17T03:24:00,0.7572045922279358,58.82304498669228,2,sl,20.0,True,-0.6,0.8,-1.0625,-1.1249999999999998,0.5
W2_trailing_18m,2018_2020,2019-05-20T03:21:00,2019-05-20T04:15:00,0.763626754283905,47.540438060538904,1,tp,23.0,True,1.5,0.83,1.4698795180722892,1.4096385542168675,0.5
W2_trailing_18m,2018_2020,2019-05-21T02:31:00,2019-05-21T03:12:00,0.7614400386810303,49.3818625357096,2,sl,23.0,True,-0.6,0.83,-1.0602409638554218,-1.1204819277108433,0.5
W2_trailing_18m,2018_2020,2019-05-21T03:41:00,2019-05-21T04:03:00,0.7510710954666138,56.861964639704524,2,sl,23.0,True,-0.6,0.83,-1.0602409638554218,-1.1204819277108433,0.5
W2_trailing_18m,2018_2020,2019-05-21T04:56:00,2019-05-21T06:01:00,0.7501887083053589,62.09607310885007,2,sl,27.0,True,-0.6,0.87,-1.057471264367816,-1.1149425287356323,0.5
W2_trailing_18m,2018_2020,2019-05-22T01:01:00,2019-05-22T02:31:00,0.7527198195457458,32.306996464680225,0,timeout,28.0,True,0.22000000000002728,0.88,-0.12499999999996901,-0.18181818181815082,0.5
W2_trailing_18m,2018_2020,2019-05-22T03:58:00,2019-05-22T04:04:00,0.7597182989120483,22.608420419242393,2,sl,24.0,True,-0.6,0.84,-1.0595238095238095,-1.119047619047619,0.5
W2_trailing_18m,2018_2020,2019-05-23T02:04:00,2019-05-23T03:34:00,0.7561414837837219,61.427342881713784,0,timeout,22.0,True,0.30999999999994543,0.82,0.04878048780481148,-0.012195121951286069,0.5
W2_trailing_18m,2018_2020,2019-05-23T03:59:00,2019-05-23T05:29:00,0.7500730156898499,76.92142015403553,0,timeout,21.0,True,-0.22000000000002728,0.8099999999999999,-0.5925925925926263,-0.6543209876543548,0.5
W2_trailing_18m,2018_2020,2019-05-24T01:01:00,2019-05-24T02:31:00,0.8725921511650085,29.33278578800227,0,timeout,29.0,True,0.7000000000000455,0.8899999999999999,0.404494382022523,0.3483146067416242,0.5
W2_trailing_18m,2018_2020,2019-05-24T08:45:00,2019-05-24T08:58:00,0.7527195811271667,61.48084390235828,2,sl,22.0,True,-0.6,0.82,-1.0609756097560976,-1.121951219512195,0.5
W2_trailing_18m,2018_2020,2019-05-24T11:28:00,2019-05-24T11:40:00,0.7631796598434448,48.95761936805187,2,sl,20.0,True,-0.6,0.8,-1.0625,-1.1249999999999998,0.5
W2_trailing_18m,2018_2020,2019-05-24T20:57:00,2019-05-24T22:27:00,0.7557764649391174,56.86118420277435,0,timeout,21.0,True,0.03999999999996362,0.8099999999999999,-0.2716049382716499,-0.3333333333333783,0.5
W2_trailing_18m,2018_2020,2019-05-24T22:51:00,2019-05-27T01:23:00,0.7570794820785522,63.37903196273604,0,timeout,23.0,True,1.0599999999999454,0.83,0.9397590361445126,0.8795180722890908,0.5
W2_trailing_18m,2018_2020,2019-05-27T04:18:00,2019-05-27T05:48:00,0.7536740899085999,87.34099824431772,0,timeout,22.0,True,0.4700000000000273,0.82,0.24390243902442352,0.18292682926832596,0.5
W2_trailing_18m,2018_2020,2019-05-27T08:09:00,2019-05-27T08:54:00,0.7548282146453857,30.768402389152982,2,sl,23.0,True,-0.6,0.83,-1.0602409638554218,-1.1204819277108433,0.5
W2_trailing_18m,2018_2020,2019-05-27T11:44:00,2019-05-27T13:14:00,0.76714026927948,29.66987321073715,0,timeout,22.0,True,-0.21000000000003638,0.82,-0.585365853658581,-0.6463414634146786,0.5
W2_trailing_18m,2018_2020,2019-05-28T01:01:00,2019-05-28T02:31:00,0.7525508403778076,49.99905407194999,0,timeout,27.0,True,0.029999999999972715,0.87,-0.3333333333333647,-0.3908045977011808,0.5
W2_trailing_18m,2018_2020,2019-05-28T02:56:00,2019-05-28T03:30:00,0.7566342949867249,32.652128306554275,2,sl,27.0,True,-0.6,0.87,-1.057471264367816,-1.1149425287356323,0.5
W2_trailing_18m,2018_2020,2019-05-28T08:22:00,2019-05-28T09:52:00,0.7585413455963135,91.30295843324768,0,timeout,21.0,True,-0.36999999999989086,0.8099999999999999,-0.7777777777776431,-0.8395061728393716,0.5
W2_trailing_18m,2018_2020,2019-05-29T02:14:00,2019-05-29T03:12:00,0.762287437915802,58.33219909613132,1,tp,22.0,True,1.5,0.82,1.5,1.4390243902439024,0.5
W2_trailing_18m,2018_2020,2019-05-29T03:27:00,2019-05-29T04:00:00,0.7633620500564575,53.5479034382973,2,sl,22.0,True,-0.6,0.82,-1.0609756097560976,-1.121951219512195,0.5
W2_trailing_18m,2018_2020,2019-05-31T01:44:00,2019-05-31T02:35:00,0.7608628869056702,64.44243956856471,1,tp,27.0,True,1.5,0.87,1.3563218390804597,1.2988505747126435,0.5
W2_trailing_18m,2018_2020,2019-05-31T02:44:00,2019-05-31T03:05:00,0.7556090354919434,60.88406381737913,1,tp,20.0,True,1.5,0.8,1.5625,1.4999999999999998,0.5
W2_trailing_18m,2018_2020,2019-05-31T03:33:00,2019-05-31T04:10:00,0.7519521713256836,52.67791295466692,1,tp,20.0,True,1.5,0.8,1.5625,1.4999999999999998,0.5
W2_trailing_18m,2018_2020,2019-05-31T04:54:00,2019-05-31T05:03:00,0.7501416802406311,66.32558310391508,2,sl,20.0,True,-0.6,0.8,-1.0625,-1.1249999999999998,0.5
W2_trailing_18m,2018_2020,2019-06-07T08:59:00,2019-06-07T09:26:00,0.7564528584480286,30.379208469714584,2,sl,15.0,True,-0.6,0.75,-1.0666666666666667,-1.1333333333333333,0.5
W2_trailing_18m,2018_2020,2019-09-18T08:26:00,2019-09-18T08:46:00,0.7513400316238403,49.17919916592139,2,sl,24.0,True,-0.6,0.84,-1.0595238095238095,-1.119047619047619,0.5
W2_trailing_18m,2018_2020,2019-10-08T03:27:00,2019-10-08T03:31:00,0.7562190890312195,58.4206221638336,2,sl,21.0,True,-0.6,0.8099999999999999,-1.0617283950617284,-1.1234567901234567,0.5
W2_trailing_18m,2018_2020,2019-10-08T04:09:00,2019-10-08T05:02:00,0.7581816911697388,71.19388108741333,2,sl,22.0,True,-1.3257142857143014,1.5457142857143014,-1.0323475046210717,-1.0646950092421437,0.5
W2_trailing_18m,2018_2020,2019-11-15T01:01:00,2019-11-15T01:31:00,0.7846751809120178,49.99935186025366,2,sl,24.0,True,-0.6,0.84,-1.0595238095238095,-1.119047619047619,0.5
W2_trailing_18m,2018_2020,2019-11-15T01:57:00,2019-11-15T02:37:00,0.7649099826812744,70.58765398402286,2,sl,44.0,True,-0.6,1.04,-1.048076923076923,-1.0961538461538463,0.5
W2_trailing_18m,2018_2020,2019-11-15T03:47:00,2019-11-15T03:57:00,0.7578612565994263,46.621180610457834,2,sl,20.0,True,-0.6,0.8,-1.0625,-1.1249999999999998,0.5
W2_trailing_18m,2018_2020,2019-11-15T23:17:00,2019-11-18T01:29:00,0.7688807249069214,50.60155611833021,1,tp,24.0,True,1.5,0.84,1.4404761904761905,1.380952380952381,0.5
W2_trailing_18m,2018_2020,2019-11-18T02:21:00,2019-11-18T02:33:00,0.7565940618515015,57.406911298295086,2,sl,20.0,True,-0.6,0.8,-1.0625,-1.1249999999999998,0.5
W2_trailing_18m,2018_2020,2019-11-18T02:51:00,2019-11-18T03:00:00,0.7601562142372131,54.22847801059806,2,sl,20.0,True,-0.6,0.8,-1.0625,-1.1249999999999998,0.5
W2_trailing_18m,2018_2020,2019-11-18T03:16:00,2019-11-18T03:22:00,0.7655797600746155,69.5116017302364,2,sl,20.0,True,-0.6,0.8,-1.0625,-1.1249999999999998,0.5
W2_trailing_18m,2018_2020,2019-11-19T01:24:00,2019-11-19T02:09:00,0.7637630105018616,79.43821295794937,1,tp,16.0,True,1.5,0.76,1.6973684210526316,1.631578947368421,0.5
W2_trailing_18m,2018_2020,2019-11-20T01:55:00,2019-11-20T01:58:00,0.7532647252082825,53.37787345254531,1,tp,23.0,True,1.5,0.83,1.4698795180722892,1.4096385542168675,0.5
W2_trailing_18m,2018_2020,2019-11-20T02:29:00,2019-11-20T02:51:00,0.7583588361740112,79.20682287573187,2,sl,20.0,True,-0.6,0.8,-1.0625,-1.1249999999999998,0.5
W2_trailing_18m,2018_2020,2019-11-25T03:02:00,2019-11-25T03:05:00,0.7528868317604065,67.2721564786718,2,sl,16.0,True,-0.6,0.76,-1.0657894736842104,-1.131578947368421,0.5
W2_trailing_18m,2018_2020,2019-11-25T03:28:00,2019-11-25T04:49:00,0.7518530488014221,45.45425620018687,1,tp,23.0,True,1.5,0.83,1.4698795180722892,1.4096385542168675,0.5
W2_trailing_18m,2018_2020,2019-11-26T03:01:00,2019-11-26T03:06:00,0.7594255208969116,68.55285550944673,2,sl,16.0,True,-0.6,0.76,-1.0657894736842104,-1.131578947368421,0.5
W2_trailing_18m,2018_2020,2019-11-26T03:34:00,2019-11-26T03:46:00,0.7511664628982544,68.98673049731724,2,sl,19.0,True,-0.6,0.79,-1.0632911392405062,-1.1265822784810124,0.5
W2_trailing_18m,2018_2020,2019-11-26T04:03:00,2019-11-26T05:33:00,0.7585763335227966,75.11687716607885,0,timeout,19.0,True,0.6799999999998363,0.79,0.5569620253162485,0.49367088607574217,0.5
W2_trailing_18m,2018_2020,2019-11-27T01:15:00,2019-11-27T01:43:00,0.7509335279464722,34.95098124879084,2,sl,28.0,True,-0.6,0.88,-1.0568181818181817,-1.1136363636363635,0.5
W2_trailing_18m,2018_2020,2019-11-27T02:00:00,2019-11-27T02:02:00,0.7512250542640686,32.954021186018366,2,sl,18.0,True,-0.6,0.78,-1.064102564102564,-1.1282051282051282,0.5
W2_trailing_18m,2018_2020,2019-11-27T02:22:00,2019-11-27T02:59:00,0.7503096461296082,48.17032049726557,2,sl,23.0,True,-0.6,0.83,-1.0602409638554218,-1.1204819277108433,0.5
W2_trailing_18m,2018_2020,2019-11-27T03:34:00,2019-11-27T04:06:00,0.7522335648536682,47.999552004182505,2,sl,14.0,True,-0.6,0.74,-1.0675675675675675,-1.135135135135135,0.5
W2_trailing_18m,2018_2020,2019-11-27T04:51:00,2019-11-27T06:21:00,0.7504302263259888,26.922593697055277,0,timeout,16.0,True,0.2400000000000091,0.76,0.03947368421053829,-0.026315789473672253,0.5
W2_trailing_18m,2018_2020,2019-12-02T03:25:00,2019-12-02T04:15:00,0.7508007884025574,45.65182656218678,2,sl,18.0,True,-0.6,0.78,-1.064102564102564,-1.1282051282051282,0.5
W2_trailing_18m,2018_2020,2019-12-03T01:01:00,2019-12-03T02:02:00,0.8103879690170288,49.42449201966925,1,tp,26.0,True,1.5,0.86,1.3837209302325582,1.3255813953488373,0.5
W2_trailing_18m,2018_2020,2019-12-03T02:24:00,2019-12-03T02:32:00,0.7516336441040039,34.61507396728827,2,sl,24.0,True,-0.6,0.84,-1.0595238095238095,-1.119047619047619,0.5
W2_trailing_18m,2018_2020,2019-12-03T03:04:00,2019-12-03T03:32:00,0.7563188076019287,45.097729721462045,1,tp,20.0,True,1.5,0.8,1.5625,1.4999999999999998,0.5
W2_trailing_18m,2018_2020,2019-12-03T03:38:00,2019-12-03T04:17:00,0.7542977333068848,59.280940159786105,2,sl,19.0,True,-0.6,0.79,-1.0632911392405062,-1.1265822784810124,0.5
W2_trailing_18m,2018_2020,2019-12-04T01:21:00,2019-12-04T02:13:00,0.7515308260917664,65.82220157542525,1,tp,22.0,True,1.5,0.82,1.5,1.4390243902439024,0.5
W2_trailing_18m,2018_2020,2019-12-06T08:04:00,2019-12-06T08:05:00,0.7581535577774048,24.855290188396637,2,sl,17.0,True,-0.6,0.77,-1.0649350649350648,-1.12987012987013,0.5
W2_trailing_18m,2018_2020,2019-12-10T04:37:00,2019-12-10T05:31:00,0.7531930804252625,54.665646241278246,2,sl,19.0,True,-0.6,0.79,-1.0632911392405062,-1.1265822784810124,0.5
W2_trailing_18m,2018_2020,2019-12-11T01:43:00,2019-12-11T01:56:00,0.7515534162521362,67.59171640366826,2,sl,20.0,True,-0.6,0.8,-1.0625,-1.1249999999999998,0.5
W2_trailing_18m,2018_2020,2019-12-11T02:17:00,2019-12-11T03:47:00,0.7816150784492493,47.65929054039904,0,timeout,23.0,True,0.06999999999993634,0.83,-0.25301204819284784,-0.3132530120482695,0.5
W2_trailing_18m,2018_2020,2019-12-12T04:00:00,2019-12-12T05:30:00,0.751257061958313,51.612126269065335,0,timeout,23.0,True,1.0,0.83,0.8674698795180723,0.8072289156626505,0.5
W2_trailing_18m,2018_2020,2019-12-13T20:00:00,2019-12-13T20:06:00,0.7705633640289307,62.49947917100691,1,tp,19.0,True,1.5,0.79,1.5949367088607593,1.5316455696202531,0.5
W2_trailing_18m,2018_2020,2019-12-17T01:23:00,2019-12-17T01:41:00,0.7566921710968018,52.72660166143227,2,sl,24.0,True,-0.6,0.84,-1.0595238095238095,-1.119047619047619,0.5
W2_trailing_18m,2018_2020,2019-12-17T02:01:00,2019-12-17T03:01:00,0.7674108743667603,65.24334548363308,2,sl,23.0,True,-0.6,0.83,-1.0602409638554218,-1.1204819277108433,0.5
W2_trailing_18m,2018_2020,2019-12-18T02:08:00,2019-12-18T02:36:00,0.782993495464325,54.68630373710242,2,sl,34.0,True,-0.6,0.94,-1.0531914893617023,-1.1063829787234043,0.5
W2_trailing_18m,2018_2020,2019-12-18T03:13:00,2019-12-18T04:43:00,0.7584673762321472,63.30193924115712,0,timeout,34.0,True,0.029999999999972715,0.94,-0.3829787234042844,-0.4361702127659865,0.5
W2_trailing_18m,2018_2020,2019-12-18T04:58:00,2019-12-18T06:28:00,0.7691579461097717,78.8716842203062,0,timeout,21.0,True,0.6099999999999,0.8099999999999999,0.4320987654319753,0.3703703703702469,0.5
W2_trailing_18m,2018_2020,2019-12-18T08:19:00,2019-12-18T09:49:00,0.7516067028045654,52.82879320168658,0,timeout,19.0,True,0.599999999999909,0.79,0.4556962025315304,0.39240506329102415,0.5
W2_trailing_18m,2018_2020,2019-12-20T01:05:00,2019-12-20T01:31:00,0.7527030110359192,54.901207238342074,2,sl,38.0,True,-0.6,0.98,-1.0510204081632653,-1.1020408163265307,0.5
W2_trailing_18m,2018_2020,2019-12-20T02:45:00,2019-12-20T03:11:00,0.764988124370575,45.2168408384542,2,sl,21.0,True,-0.6,0.8099999999999999,-1.0617283950617284,-1.1234567901234567,0.5
W2_trailing_18m,2018_2020,2019-12-20T09:11:00,2019-12-20T09:55:00,0.7797574400901794,68.420332417558,2,sl,20.0,True,-0.6,0.8,-1.0625,-1.1249999999999998,0.5
W2_trailing_18m,2018_2020,2019-12-23T01:34:00,2019-12-23T02:55:00,0.7500468492507935,45.587296732129055,1,tp,22.0,True,1.5,0.82,1.5,1.4390243902439024,0.5
W2_trailing_18m,2018_2020,2019-12-23T03:50:00,2019-12-23T05:07:00,0.7658296227455139,78.82223116324734,1,tp,18.0,True,1.5,0.78,1.6282051282051282,1.564102564102564,0.5
W2_trailing_18m,2018_2020,2019-12-23T08:12:00,2019-12-23T08:32:00,0.7591791749000549,73.91079401932535,1,tp,16.0,True,1.5,0.76,1.6973684210526316,1.631578947368421,0.5
W2_trailing_18m,2018_2020,2019-12-24T01:50:00,2019-12-24T02:54:00,0.7515270709991455,64.78745489525738,2,sl,23.0,True,-0.6,0.83,-1.0602409638554218,-1.1204819277108433,0.5
W2_trailing_18m,2018_2020,2019-12-24T04:54:00,2019-12-24T06:24:00,0.7676284909248352,46.59016788368425,0,timeout,19.0,True,-0.10999999999989996,0.79,-0.44303797468341766,-0.506329113923924,0.5
W2_trailing_18m,2018_2020,2019-12-27T01:57:00,2019-12-27T02:01:00,0.7517791986465454,31.817675627907704,2,sl,24.0,True,-0.6,0.84,-1.0595238095238095,-1.119047619047619,0.5
W2_trailing_18m,2018_2020,2019-12-27T02:47:00,2019-12-27T03:04:00,0.7520567774772644,46.49065713227296,2,sl,22.0,True,-0.6,0.82,-1.0609756097560976,-1.121951219512195,0.5
W2_trailing_18m,2018_2020,2020-02-07T23:44:00,2020-02-10T01:00:00,0.7521469593048096,51.42788572343773,1,tp,27.0,True,1.5,0.87,1.3563218390804597,1.2988505747126435,0.5
W2_trailing_18m,2018_2020,2020-10-14T04:28:00,2020-10-14T04:36:00,0.7639095187187195,30.769197298463794,1,tp,23.0,True,1.821857142857175,2.472285714285754,0.6236565353056773,0.6034323356061515,0.5
W2_trailing_18m,2018_2020,2020-11-03T02:03:00,2020-11-03T02:16:00,0.7563323378562927,52.43203564945757,2,sl,23.0,True,-0.6,0.83,-1.0602409638554218,-1.1204819277108433,0.5
W2_trailing_18m,2018_2020,2020-11-18T03:14:00,2020-11-18T03:24:00,0.7986276745796204,31.340160952346977,1,tp,22.0,True,1.5,1.9388571428571646,0.6343943412908859,0.6086059534335327,0.5
W2_trailing_18m,2018_2020,2020-11-24T03:22:00,2020-11-24T03:37:00,0.7556025981903076,26.916024012378415,2,sl,19.0,True,-1.7679999999999774,1.9579999999999773,-1.025536261491318,-1.0510725229826359,0.5
W2_trailing_18m,2018_2020,2020-12-02T01:21:00,2020-12-02T01:35:00,0.7554520964622498,24.059897113861496,2,sl,38.0,True,-0.6,0.98,-1.0510204081632653,-1.1020408163265307,0.5
W2_trailing_18m,2018_2020,2020-12-09T01:42:00,2020-12-09T02:33:00,0.750633716583252,45.13845004284121,2,sl,26.0,True,-0.6,0.86,-1.0581395348837208,-1.1162790697674418,0.5
W2_trailing_18m,2018_2020,2020-12-18T19:52:00,2020-12-18T20:35:00,0.7567303776741028,48.37177804423737,2,sl,26.0,True,-0.6,0.86,-1.0581395348837208,-1.1162790697674418,0.5
W2_trailing_18m,2021_2022,2021-01-18T01:48:00,2021-01-18T01:59:00,0.7560962438583374,31.45256341192885,2,sl,30.0,True,-5.715428571428545,6.0154285714285445,-1.008311959722618,-1.0166239194452362,0.5
W2_trailing_18m,2021_2022,2021-02-17T01:11:00,2021-02-17T01:18:00,0.765457808971405,22.265979140519846,1,tp,25.0,True,1.5,1.9734285714286413,0.608078760677552,0.5827421456493206,0.5
W2_trailing_18m,2021_2022,2021-04-07T23:32:00,2021-04-08T01:00:00,0.75935298204422,22.22197531138343,1,tp,25.0,True,1.5,0.85,1.411764705882353,1.352941176470588,0.5
W2_trailing_18m,2021_2022,2021-04-08T01:34:00,2021-04-08T02:10:00,0.757056713104248,33.98012065854623,2,sl,25.0,True,-0.6,0.85,-1.0588235294117647,-1.1176470588235294,0.5
W2_trailing_18m,2021_2022,2021-04-09T03:35:00,2021-04-09T03:59:00,0.7666850686073303,67.30708826972514,1,tp,25.0,True,1.5,0.85,1.411764705882353,1.352941176470588,0.5
W2_trailing_18m,2021_2022,2021-04-15T01:22:00,2021-04-15T02:46:00,0.7552569508552551,50.713778576499486,2,sl,23.0,True,-0.6,0.83,-1.0602409638554218,-1.1204819277108433,0.5
W2_trailing_18m,2021_2022,2021-04-19T23:46:00,2021-04-20T02:17:00,0.7560310959815979,27.152066139778753,0,timeout,24.0,True,0.7599999999999909,0.84,0.5595238095237988,0.4999999999999892,0.5
W2_trailing_18m,2021_2022,2021-04-28T02:25:00,2021-04-28T02:43:00,0.7521122097969055,75.30734036693514,2,sl,18.0,True,-0.6,0.78,-1.064102564102564,-1.1282051282051282,0.5
W2_trailing_18m,2021_2022,2021-05-25T01:38:00,2021-05-25T02:01:00,0.7651032209396362,33.66289972218185,2,sl,26.0,True,-0.6,0.86,-1.0581395348837208,-1.1162790697674418,0.5
W2_trailing_18m,2021_2022,2021-05-25T17:13:00,2021-05-25T17:32:00,0.750751256942749,73.41368496111218,2,sl,14.0,True,-3.423999999999978,3.5639999999999783,-1.0140291806958475,-1.028058361391695,0.5
W2_trailing_18m,2021_2022,2021-06-03T03:23:00,2021-06-03T04:00:00,0.7645489573478699,51.72372176315687,1,tp,28.0,True,1.5,0.88,1.3295454545454544,1.272727272727273,0.5
W2_trailing_18m,2021_2022,2021-06-03T23:24:00,2021-06-03T23:38:00,0.768121063709259,33.331605027887434,2,sl,31.0,True,-0.6,0.9099999999999999,-1.054945054945055,-1.10989010989011,0.5
W2_trailing_18m,2021_2022,2021-06-03T23:55:00,2021-06-04T02:13:00,0.7580239176750183,52.79940864662011,1,tp,30.0,True,1.5,0.8999999999999999,1.277777777777778,1.2222222222222225,0.5
W2_trailing_18m,2021_2022,2021-06-04T02:47:00,2021-06-04T02:56:00,0.7503424286842346,50.6574281552664,2,sl,25.0,True,-0.6,0.85,-1.0588235294117647,-1.1176470588235294,0.5
W2_trailing_18m,2021_2022,2021-06-04T03:22:00,2021-06-04T03:46:00,0.7562317252159119,51.21569650155642,2,sl,27.0,True,-0.9862857142857268,1.2562857142857267,-1.0397998635433245,-1.0795997270866493,0.5
W2_trailing_18m,2021_2022,2021-06-04T04:07:00,2021-06-04T04:44:00,0.7732957601547241,55.769094271448274,2,sl,24.0,True,-1.342857142857169,1.582857142857169,-1.0315884476534292,-1.0631768953068583,0.5
W2_trailing_18m,2021_2022,2021-06-09T23:44:00,2021-06-10T01:11:00,0.7976911067962646,55.55432101508454,2,sl,30.0,True,-0.6,0.8999999999999999,-1.0555555555555556,-1.1111111111111112,0.5
W2_trailing_18m,2021_2022,2021-06-10T01:55:00,2021-06-10T02:32:00,0.7643386721611023,60.49278160623206,2,sl,26.0,True,-0.6,0.86,-1.0581395348837208,-1.1162790697674418,0.5
W2_trailing_18m,2021_2022,2021-06-10T03:17:00,2021-06-10T03:58:00,0.7578918933868408,22.195629895274294,2,sl,21.0,True,-0.86742857142864,1.07742857142864,-1.0464067886502224,-1.092813577300445,0.5
W2_trailing_18m,2021_2022,2021-06-29T01:27:00,2021-06-29T02:00:00,0.7599071264266968,57.47033955776536,2,sl,29.0,True,-0.6,0.8899999999999999,-1.056179775280899,-1.1123595505617978,0.5
W2_trailing_18m,2021_2022,2021-06-29T02:50:00,2021-06-29T03:15:00,0.7610395550727844,64.78809363851522,2,sl,28.0,True,-0.6,0.88,-1.0568181818181817,-1.1136363636363635,0.5
W2_trailing_18m,2021_2022,2021-06-29T04:14:00,2021-06-29T04:26:00,0.7533753514289856,45.374309418427806,1,tp,26.0,True,1.5,1.2565714285714318,0.9470213733515209,0.9072305593451546,0.5
W2_trailing_18m,2021_2022,2021-06-30T02:40:00,2021-06-30T03:45:00,0.7555896639823914,30.985304515124497,1,tp,23.0,True,1.5,0.83,1.4698795180722892,1.4096385542168675,0.5
W2_trailing_18m,2021_2022,2021-07-21T02:28:00,2021-07-21T03:09:00,0.7510610818862915,33.707334940798106,2,sl,25.0,True,-0.6,0.85,-1.0588235294117647,-1.1176470588235294,0.5
W2_trailing_18m,2021_2022,2021-07-22T01:53:00,2021-07-22T02:10:00,0.7694101333618164,59.08996902322596,2,sl,25.0,True,-0.6,0.85,-1.0588235294117647,-1.1176470588235294,0.5
W2_trailing_18m,2021_2022,2021-07-22T02:29:00,2021-07-22T02:50:00,0.7569577693939209,45.870970464602976,2,sl,26.0,True,-0.6,0.86,-1.0581395348837208,-1.1162790697674418,0.5
W2_trailing_18m,2021_2022,2021-07-22T03:21:00,2021-07-22T04:07:00,0.7799255847930908,58.92808036123895,2,sl,21.0,True,-0.6,0.8099999999999999,-1.0617283950617284,-1.1234567901234567,0.5
W2_trailing_18m,2021_2022,2021-07-23T03:57:00,2021-07-23T04:02:00,0.7695607542991638,33.62790195519666,1,tp,25.0,True,1.5,0.85,1.411764705882353,1.352941176470588,0.5
W2_trailing_18m,2021_2022,2021-07-27T02:25:00,2021-07-27T02:37:00,0.7564476728439331,29.702558578398396,2,sl,22.0,True,-0.6,0.82,-1.0609756097560976,-1.121951219512195,0.5
W2_trailing_18m,2021_2022,2021-07-28T02:26:00,2021-07-28T03:19:00,0.7690659761428833,48.81835948265222,2,sl,32.0,True,-0.6,0.9199999999999999,-1.0543478260869565,-1.108695652173913,0.5
W2_trailing_18m,2021_2022,2021-08-04T01:08:00,2021-08-04T02:38:00,0.7525141835212708,54.90045371305543,0,timeout,25.0,True,0.5399999999999636,0.85,0.2823529411764278,0.22352941176466304,0.5
W2_trailing_18m,2021_2022,2021-08-04T02:57:00,2021-08-04T03:04:00,0.7558075189590454,59.64765777681883,2,sl,25.0,True,-0.6,0.85,-1.0588235294117647,-1.1176470588235294,0.5
W2_trailing_18m,2021_2022,2021-08-04T03:20:00,2021-08-04T03:33:00,0.7587984800338745,59.88653197092856,2,sl,25.0,True,-0.6,0.85,-1.0588235294117647,-1.1176470588235294,0.5
W2_trailing_18m,2021_2022,2021-08-04T04:41:00,2021-08-04T04:52:00,0.7501116394996643,56.745716492054164,1,tp,25.0,True,1.5,0.85,1.411764705882353,1.352941176470588,0.5
W2_trailing_18m,2021_2022,2021-08-05T03:01:00,2021-08-05T03:03:00,0.7586895227432251,33.624248585382816,2,sl,25.0,True,-0.6,0.85,-1.0588235294117647,-1.1176470588235294,0.5
W2_trailing_18m,2021_2022,2021-08-05T04:14:00,2021-08-05T04:59:00,0.7606418132781982,65.39760707041677,2,sl,25.0,True,-0.7074285714286297,0.9574285714286297,-1.052223216950161,-1.104446433900322,0.5
W2_trailing_18m,2021_2022,2021-08-06T02:41:00,2021-08-06T03:03:00,0.7510314583778381,55.22272668928597,2,sl,25.0,True,-0.6,0.85,-1.0588235294117647,-1.1176470588235294,0.5
W2_trailing_18m,2021_2022,2021-08-06T04:40:00,2021-08-06T05:19:00,0.7533450126647949,45.579934221249346,2,sl,25.0,True,-0.6,0.85,-1.0588235294117647,-1.1176470588235294,0.5
W2_trailing_18m,2021_2022,2021-08-11T01:55:00,2021-08-11T02:43:00,0.7520937323570251,45.870970464602976,2,sl,25.0,True,-0.6,0.85,-1.0588235294117647,-1.1176470588235294,0.5
W2_trailing_18m,2021_2022,2021-08-11T03:47:00,2021-08-11T04:00:00,0.7515429258346558,45.34846809386327,2,sl,25.0,True,-0.6,0.85,-1.0588235294117647,-1.1176470588235294,0.5
W2_trailing_18m,2021_2022,2021-08-24T03:22:00,2021-08-24T03:40:00,0.7502831220626831,29.44759983657643,2,sl,25.0,True,-0.6,0.85,-1.0588235294117647,-1.1176470588235294,0.5
W2_trailing_18m,2021_2022,2021-08-24T23:14:00,2021-08-24T23:50:00,0.7542611360549927,65.62442578626639,2,sl,25.0,True,-0.6,0.85,-1.0588235294117647,-1.1176470588235294,0.5
W2_trailing_18m,2021_2022,2021-08-25T01:00:00,2021-08-25T02:00:00,0.8273313045501709,31.468223388024555,2,sl,25.0,True,-0.6,0.85,-1.0588235294117647,-1.1176470588235294,0.5
W2_trailing_18m,2021_2022,2021-08-25T03:03:00,2021-08-25T03:11:00,0.7567629814147949,81.55284381562777,2,sl,25.0,True,-0.6,0.85,-1.0588235294117647,-1.1176470588235294,0.5
W2_trailing_18m,2021_2022,2021-08-26T03:20:00,2021-08-26T03:35:00,0.7548747062683105,30.188413435351777,2,sl,25.0,True,-0.6,0.85,-1.0588235294117647,-1.1176470588235294,0.5
W2_trailing_18m,2021_2022,2021-08-26T04:03:00,2021-08-26T04:08:00,0.7648130059242249,29.48190727223826,2,sl,25.0,True,-0.6,0.85,-1.0588235294117647,-1.1176470588235294,0.5
W2_trailing_18m,2021_2022,2021-08-26T23:53:00,2021-08-27T01:44:00,0.7547176480293274,50.703725456227446,1,tp,25.0,True,1.5,0.85,1.411764705882353,1.352941176470588,0.5
W2_trailing_18m,2021_2022,2021-09-02T03:00:00,2021-09-02T03:14:00,0.7628495693206787,30.826743177148614,1,tp,25.0,True,1.5,0.85,1.411764705882353,1.352941176470588,0.5
W2_trailing_18m,2021_2022,2021-09-03T02:14:00,2021-09-03T03:44:00,0.7748180627822876,54.79399512607968,0,timeout,25.0,True,1.099999999999909,0.85,0.9411764705881283,0.8823529411763635,0.5
W2_trailing_18m,2021_2022,2021-09-03T03:47:00,2021-09-03T04:00:00,0.7625751495361328,66.2645013837236,1,tp,25.0,True,1.5,0.85,1.411764705882353,1.352941176470588,0.5
W2_trailing_18m,2021_2022,2021-09-03T04:06:00,2021-09-03T04:08:00,0.7570947408676147,92.60813195050702,2,sl,25.0,True,-0.6,0.85,-1.0588235294117647,-1.1176470588235294,0.5
W2_trailing_18m,2021_2022,2021-09-03T04:45:00,2021-09-03T04:53:00,0.7549315690994263,49.11473999718675,1,tp,25.0,True,1.5,0.85,1.411764705882353,1.352941176470588,0.5
W2_trailing_18m,2021_2022,2021-09-06T17:47:00,2021-09-06T17:54:00,0.7645367383956909,62.65007403552349,2,sl,25.0,True,-0.6,0.85,-1.0588235294117647,-1.1176470588235294,0.5
W2_trailing_18m,2021_2022,2021-09-08T02:34:00,2021-09-08T03:25:00,0.7647358775138855,55.17188109908445,1,tp,25.0,True,1.5,0.85,1.411764705882353,1.352941176470588,0.5
W2_trailing_18m,2021_2022,2021-09-08T17:01:00,2021-09-08T17:14:00,0.7562039494514465,49.26383410568081,1,tp,25.0,True,2.82378571428568,3.725428571428529,0.6774484239588912,0.6640271493212653,0.5
W2_trailing_18m,2021_2022,2021-09-09T01:32:00,2021-09-09T02:07:00,0.7631154656410217,50.39314527241404,2,sl,25.0,True,-0.6,0.85,-1.0588235294117647,-1.1176470588235294,0.5
W2_trailing_18m,2021_2022,2021-09-13T04:12:00,2021-09-13T04:40:00,0.7534478306770325,50.99592112312205,1,tp,25.0,True,1.5,1.549428571428611,0.7744790706250955,0.7422091093490498,0.5
W2_trailing_18m,2021_2022,2021-09-14T02:22:00,2021-09-14T03:16:00,0.7508084177970886,61.97060903024898,2,sl,25.0,True,-0.6,0.85,-1.0588235294117647,-1.1176470588235294,0.5
W2_trailing_18m,2021_2022,2021-09-14T04:01:00,2021-09-14T04:11:00,0.7511971592903137,25.522863045987705,2,sl,25.0,True,-0.6,0.85,-1.0588235294117647,-1.1176470588235294,0.5
W2_trailing_18m,2021_2022,2021-09-14T04:32:00,2021-09-14T04:44:00,0.7517763376235962,50.1828928349858,2,sl,25.0,True,-0.6811428571428094,0.9311428571428094,-1.0536974532065078,-1.1073949064130155,0.5
W2_trailing_18m,2021_2022,2021-09-15T03:11:00,2021-09-15T03:14:00,0.754688560962677,59.503443761811745,2,sl,25.0,True,-0.6,0.85,-1.0588235294117647,-1.1176470588235294,0.5
W2_trailing_18m,2021_2022,2021-09-15T03:29:00,2021-09-15T04:00:00,0.7550938129425049,34.99969375268748,2,sl,25.0,True,-0.6,0.85,-1.0588235294117647,-1.1176470588235294,0.5
W2_trailing_18m,2021_2022,2021-09-23T23:28:00,2021-09-23T23:35:00,0.7552788257598877,23.900751453153475,2,sl,25.0,True,-1.8125714285714172,2.062571428571417,-1.0242415847070232,-1.0484831694140466,0.5
W2_trailing_18m,2021_2022,2021-09-27T23:27:00,2021-09-28T01:00:00,0.7572351098060608,51.66546113923756,2,sl,25.0,True,-0.6,0.85,-1.0588235294117647,-1.1176470588235294,0.5
W2_trailing_18m,2021_2022,2021-09-28T02:16:00,2021-09-28T03:32:00,0.767937421798706,24.324017534914532,2,sl,25.0,True,-0.6,0.85,-1.0588235294117647,-1.1176470588235294,0.5
W2_trailing_18m,2021_2022,2021-09-28T03:54:00,2021-09-28T04:00:00,0.7663606405258179,23.57696741664185,2,sl,25.0,True,-0.6,0.85,-1.0588235294117647,-1.1176470588235294,0.5
W2_trailing_18m,2021_2022,2021-09-29T02:38:00,2021-09-29T03:00:00,0.760107159614563,24.999513898348752,1,tp,25.0,True,1.5,0.85,1.411764705882353,1.352941176470588,0.5
W2_trailing_18m,2021_2022,2021-09-30T04:14:00,2021-09-30T04:26:00,0.7595546841621399,49.7704823883595,2,sl,25.0,True,-0.8731428571428167,1.1231428571428168,-1.0445179343678468,-1.0890358687356938,0.5
W2_trailing_18m,2021_2022,2021-10-06T02:59:00,2021-10-06T03:05:00,0.7500804662704468,34.18762510533348,2,sl,25.0,True,-0.6,0.85,-1.0588235294117647,-1.1176470588235294,0.5
W2_trailing_18m,2021_2022,2021-10-07T23:20:00,2021-10-07T23:30:00,0.753711998462677,47.79362565385504,2,sl,25.0,True,-0.6,0.85,-1.0588235294117647,-1.1176470588235294,0.5
W2_trailing_18m,2021_2022,2021-10-11T23:30:00,2021-10-12T01:00:00,0.7594513297080994,59.99870772013441,2,sl,25.0,True,-0.6,0.85,-1.0588235294117647,-1.1176470588235294,0.5
W2_trailing_18m,2021_2022,2021-10-12T01:15:00,2021-10-12T01:27:00,0.7532878518104553,47.45706406872519,2,sl,25.0,True,-0.6,0.85,-1.0588235294117647,-1.1176470588235294,0.5
W2_trailing_18m,2021_2022,2021-10-12T01:48:00,2021-10-12T02:00:00,0.7790394425392151,60.6890692089864,2,sl,25.0,True,-0.6,0.85,-1.0588235294117647,-1.1176470588235294,0.5
W2_trailing_18m,2021_2022,2021-10-12T02:15:00,2021-10-12T03:01:00,0.7705810070037842,47.88685181977215,2,sl,25.0,True,-0.6,0.85,-1.0588235294117647,-1.1176470588235294,0.5
W2_trailing_18m,2021_2022,2021-10-12T03:21:00,2021-10-12T04:01:00,0.7529807686805725,32.526759307895816,2,sl,25.0,True,-0.6868571428571678,0.9368571428571678,-1.0533699298566621,-1.1067398597133244,0.5
W2_trailing_18m,2021_2022,2021-10-13T02:01:00,2021-10-13T03:31:00,0.7623118758201599,31.342628661492682,0,timeout,25.0,True,0.36999999999989086,0.85,0.0823529411763422,0.023529411764577443,0.5
W2_trailing_18m,2021_2022,2021-10-14T03:44:00,2021-10-14T03:55:00,0.7519536018371582,45.30351698936919,1,tp,25.0,True,1.5,0.85,1.411764705882353,1.352941176470588,0.5
W2_trailing_18m,2021_2022,2021-10-15T02:47:00,2021-10-15T03:34:00,0.7641576528549194,33.548084081821,2,sl,25.0,True,-0.6,0.85,-1.0588235294117647,-1.1176470588235294,0.5
W2_trailing_18m,2021_2022,2021-10-18T23:21:00,2021-10-19T01:00:00,0.7515992522239685,81.81644631778973,2,sl,25.0,True,-0.6,0.85,-1.0588235294117647,-1.1176470588235294,0.5
W2_trailing_18m,2021_2022,2021-10-19T01:15:00,2021-10-19T01:48:00,0.7585157752037048,27.343450930998927,2,sl,25.0,True,-0.6,0.85,-1.0588235294117647,-1.1176470588235294,0.5
W2_trailing_18m,2021_2022,2021-10-19T02:35:00,2021-10-19T03:17:00,0.7606725096702576,70.87282308783595,1,tp,25.0,True,1.5,0.85,1.411764705882353,1.352941176470588,0.5
W2_trailing_18m,2021_2022,2021-10-20T01:20:00,2021-10-20T01:55:00,0.7534096837043762,59.648390282930556,2,sl,25.0,True,-0.6,0.85,-1.0588235294117647,-1.1176470588235294,0.5
W2_trailing_18m,2021_2022,2021-10-20T02:15:00,2021-10-20T03:02:00,0.7544665932655334,48.483820040182,2,sl,25.0,True,-0.6,0.85,-1.0588235294117647,-1.1176470588235294,0.5
W2_trailing_18m,2021_2022,2021-10-26T03:30:00,2021-10-26T03:35:00,0.7653342485427856,28.461231955961125,2,sl,25.0,True,-0.6,0.85,-1.0588235294117647,-1.1176470588235294,0.5
W2_trailing_18m,2021_2022,2021-10-26T03:52:00,2021-10-26T04:00:00,0.7533161044120789,51.612437048953794,2,sl,25.0,True,-0.6,0.85,-1.0588235294117647,-1.1176470588235294,0.5
W2_trailing_18m,2021_2022,2021-10-26T04:43:00,2021-10-26T04:55:00,0.764382004737854,25.60698487907365,1,tp,25.0,True,1.5,0.982571428571438,1.221285257342239,1.1703983716196456,0.5
W2_trailing_18m,2021_2022,2021-10-28T03:48:00,2021-10-28T03:53:00,0.7540660500526428,53.10293555786066,2,sl,25.0,True,-0.6,0.85,-1.0588235294117647,-1.1176470588235294,0.5
W2_trailing_18m,2021_2022,2021-11-02T01:50:00,2021-11-02T02:42:00,0.7605330348014832,59.63805124535936,2,sl,25.0,True,-0.6,0.85,-1.0588235294117647,-1.1176470588235294,0.5
W2_trailing_18m,2021_2022,2021-11-03T00:26:00,2021-11-03T01:56:00,0.759644627571106,23.287447928575318,0,timeout,25.0,True,0.13999999999987267,0.85,-0.18823529411779685,-0.2470588235295616,0.5
W2_trailing_18m,2021_2022,2021-11-03T02:15:00,2021-11-03T02:23:00,0.7794599533081055,58.749485941996404,2,sl,25.0,True,-0.6,0.85,-1.0588235294117647,-1.1176470588235294,0.5
W2_trailing_18m,2021_2022,2021-11-03T03:10:00,2021-11-03T03:14:00,0.7510409951210022,32.114765115744305,2,sl,25.0,True,-0.7188571428571647,0.9688571428571647,-1.0516071955175452,-1.1032143910350904,0.5
W2_trailing_18m,2021_2022,2021-11-09T02:18:00,2021-11-09T02:47:00,0.7669841051101685,31.073200550953842,2,sl,25.0,True,-0.6,0.85,-1.0588235294117647,-1.1176470588235294,0.5
W2_trailing_18m,2021_2022,2021-11-22T01:05:00,2021-11-22T01:10:00,0.776451587677002,32.06517672894307,2,sl,25.0,True,-1.7588571428571282,2.0088571428571282,-1.0248897738586262,-1.0497795477172527,0.5
W2_trailing_18m,2021_2022,2021-11-29T01:11:00,2021-11-29T01:34:00,0.7899906635284424,33.840063414364806,1,tp,25.0,True,3.997499999999975,5.16999999999997,0.7151837524177944,0.7055125725338485,0.5
W2_trailing_18m,2021_2022,2021-11-30T17:46:00,2021-11-30T17:51:00,0.7814005017280579,32.81663155744735,2,sl,25.0,True,-3.8788571428571235,4.1288571428571235,-1.012109888589025,-1.02421977717805,0.5
W2_trailing_18m,2021_2022,2021-12-06T23:51:00,2021-12-07T01:16:00,0.7507749795913696,32.583757109439304,1,tp,25.0,True,1.5,0.85,1.411764705882353,1.352941176470588,0.5
W2_trailing_18m,2021_2022,2021-12-09T01:15:00,2021-12-09T02:03:00,0.7562962174415588,58.02368847946115,2,sl,25.0,True,-0.6,0.85,-1.0588235294117647,-1.1176470588235294,0.5
W2_trailing_18m,2021_2022,2021-12-09T23:29:00,2021-12-10T02:00:00,0.7557767033576965,59.090157034357496,0,timeout,25.0,True,1.0499999999999545,0.85,0.882352941176417,0.8235294117646523,0.5
W2_trailing_18m,2021_2022,2021-12-15T02:32:00,2021-12-15T03:07:00,0.7513630390167236,53.02917816894584,2,sl,25.0,True,-0.6,0.85,-1.0588235294117647,-1.1176470588235294,0.5
W2_trailing_18m,2021_2022,2021-12-17T23:45:00,2021-12-17T23:56:00,0.7568121552467346,68.47721882492823,2,sl,33.0,True,-0.6,0.9299999999999999,-1.053763440860215,-1.1075268817204302,0.5
W2_trailing_18m,2021_2022,2021-12-28T04:17:00,2021-12-28T04:34:00,0.7617783546447754,24.999756946827205,2,sl,25.0,True,-0.6,0.85,-1.0588235294117647,-1.1176470588235294,0.5
W2_trailing_18m,2021_2022,2021-12-30T04:19:00,2021-12-30T04:40:00,0.7602854371070862,30.40910776168913,2,sl,25.0,True,-0.6,0.85,-1.0588235294117647,-1.1176470588235294,0.5
W2_trailing_18m,2021_2022,2022-01-05T02:01:00,2022-01-05T02:52:00,0.7620555758476257,74.45179392326602,2,sl,25.0,True,-0.6,0.85,-1.0588235294117647,-1.1176470588235294,0.5
W2_trailing_18m,2021_2022,2022-01-05T04:01:00,2022-01-05T04:04:00,0.7558366060256958,58.95460793692985,2,sl,25.0,True,-0.6,0.85,-1.0588235294117647,-1.1176470588235294,0.5
W2_trailing_18m,2021_2022,2022-01-05T19:56:00,2022-01-05T20:29:00,0.7551483511924744,23.737205898545312,1,tp,25.0,True,1.5,0.85,1.411764705882353,1.352941176470588,0.5
W2_trailing_18m,2021_2022,2022-01-13T02:53:00,2022-01-13T03:41:00,0.753560483455658,27.585873963596853,1,tp,25.0,True,1.5,0.85,1.411764705882353,1.352941176470588,0.5
W2_trailing_18m,2021_2022,2022-01-13T04:22:00,2022-01-13T04:55:00,0.7526264190673828,49.99961538757394,2,sl,25.0,True,-0.6,0.85,-1.0588235294117647,-1.1176470588235294,0.5
W2_trailing_18m,2021_2022,2022-01-18T01:04:00,2022-01-18T02:17:00,0.7504363059997559,34.50670204660338,1,tp,25.0,True,1.5,0.85,1.411764705882353,1.352941176470588,0.5
W2_trailing_18m,2021_2022,2022-01-25T17:04:00,2022-01-25T17:08:00,0.7511056065559387,28.250205718193513,2,sl,24.0,True,-2.48571428571426,2.72571428571426,-1.0183438155136268,-1.036687631027254,0.5
W2_trailing_18m,2021_2022,2022-02-02T01:51:00,2022-02-02T02:16:00,0.7575389742851257,25.999636005095013,2,sl,36.0,True,-0.6,0.96,-1.0520833333333335,-1.1041666666666667,0.5
W2_trailing_18m,2021_2022,2022-02-02T04:55:00,2022-02-02T05:12:00,0.7841188907623291,57.06169555721035,2,sl,28.0,True,-0.6,0.88,-1.0568181818181817,-1.1136363636363635,0.5
W2_trailing_18m,2021_2022,2022-02-09T01:12:00,2022-02-09T02:01:00,0.7520480155944824,48.3216936216722,2,sl,36.0,True,-0.6,0.96,-1.0520833333333335,-1.1041666666666667,0.5
W2_trailing_18m,2021_2022,2022-02-09T02:28:00,2022-02-09T03:12:00,0.7610578536987305,34.93916970075071,1,tp,36.0,True,1.5,0.96,1.1354166666666665,1.0833333333333335,0.5
W2_trailing_18m,2021_2022,2022-02-09T03:35:00,2022-02-09T04:02:00,0.7531346082687378,52.59204719358116,1,tp,28.0,True,1.5,0.88,1.3295454545454544,1.272727272727273,0.5
W2_trailing_18m,2021_2022,2022-03-08T17:12:00,2022-03-08T17:18:00,0.7628381252288818,60.66428140171429,1,tp,18.0,True,6.108142857142812,7.69771428571423,0.7636218543537966,0.7571264197164274,0.5
W2_trailing_18m,2021_2022,2022-05-30T17:13:00,2022-05-30T17:15:00,0.7533426284790039,24.012770952104717,1,tp,18.0,True,1.5,1.689714285714316,0.7516063577950491,0.722015556307055,0.5
W2_trailing_18m,2021_2022,2022-05-30T18:50:00,2022-05-30T18:52:00,0.7701954245567322,31.063644727221217,2,sl,18.0,True,-0.6,0.78,-1.064102564102564,-1.1282051282051282,0.5
W2_trailing_18m,2021_2022,2022-05-30T19:15:00,2022-05-30T19:23:00,0.7558225989341736,57.23631492867603,2,sl,18.0,True,-0.6,0.78,-1.064102564102564,-1.1282051282051282,0.5
W2_trailing_18m,2021_2022,2022-06-07T01:28:00,2022-06-07T02:21:00,0.7695533037185669,56.24929688379022,2,sl,24.0,True,-0.6,0.84,-1.0595238095238095,-1.119047619047619,0.5
W2_trailing_18m,2021_2022,2022-06-08T23:30:00,2022-06-08T23:33:00,0.7504029273986816,57.25741806141149,2,sl,21.0,True,-0.6,0.8099999999999999,-1.0617283950617284,-1.1234567901234567,0.5
W2_trailing_18m,2021_2022,2022-06-10T01:14:00,2022-06-10T01:24:00,0.7647562026977539,60.272816685694586,2,sl,22.0,True,-0.6,0.82,-1.0609756097560976,-1.121951219512195,0.5
W2_trailing_18m,2021_2022,2022-06-10T01:46:00,2022-06-10T02:33:00,0.7569804787635803,34.999183352375184,2,sl,19.0,True,-0.6,0.79,-1.0632911392405062,-1.1265822784810124,0.5
W2_trailing_18m,2021_2022,2022-06-10T02:56:00,2022-06-10T03:00:00,0.7669141292572021,75.88577134694614,2,sl,18.0,True,-0.6,0.78,-1.064102564102564,-1.1282051282051282,0.5
W2_trailing_18m,2021_2022,2022-06-10T03:23:00,2022-06-10T03:29:00,0.7502325773239136,45.72466909094056,2,sl,18.0,True,-0.6,0.78,-1.064102564102564,-1.1282051282051282,0.5
W2_trailing_18m,2021_2022,2022-06-10T03:46:00,2022-06-10T04:15:00,0.7547792792320251,73.68360726872011,2,sl,18.0,True,-0.6,0.78,-1.064102564102564,-1.1282051282051282,0.5
W2_trailing_18m,2021_2022,2022-06-29T01:49:00,2022-06-29T02:01:00,0.7520352005958557,51.09436837871585,2,sl,18.0,True,-0.6,0.78,-1.064102564102564,-1.1282051282051282,0.5
W2_trailing_18m,2021_2022,2022-06-29T02:23:00,2022-06-29T02:30:00,0.7704260349273682,24.038137948143856,2,sl,18.0,True,-0.6,0.78,-1.064102564102564,-1.1282051282051282,0.5
W2_trailing_18m,2021_2022,2022-06-29T02:45:00,2022-06-29T03:58:00,0.761878490447998,34.96469265335709,1,tp,18.0,True,1.5,0.78,1.6282051282051282,1.564102564102564,0.5
W2_trailing_18m,2021_2022,2022-07-04T20:40:00,2022-07-04T20:59:00,0.7574333548545837,71.87185560631723,2,sl,31.0,True,-0.6,0.9099999999999999,-1.054945054945055,-1.10989010989011,0.5
W2_trailing_18m,2021_2022,2022-07-12T04:26:00,2022-07-12T04:29:00,0.7504509687423706,48.7602365505076,1,tp,22.0,True,1.5,1.7091428571427763,0.7196589769308265,0.6904045469742888,0.5
W2_trailing_18m,2021_2022,2022-07-13T01:45:00,2022-07-13T02:13:00,0.7547897696495056,58.162434414208164,2,sl,34.0,True,-0.6,0.94,-1.0531914893617023,-1.1063829787234043,0.5
W2_trailing_18m,2021_2022,2022-08-10T01:38:00,2022-08-10T02:01:00,0.7625386714935303,31.632201172655712,2,sl,12.0,True,-0.6,0.72,-1.0694444444444444,-1.1388888888888888,0.5
W2_trailing_18m,2021_2022,2022-08-10T02:19:00,2022-08-10T03:23:00,0.7848156690597534,25.396261035459887,2,sl,12.0,True,-0.6,0.72,-1.0694444444444444,-1.1388888888888888,0.5
W2_trailing_18m,2021_2022,2022-08-10T03:48:00,2022-08-10T04:17:00,0.7576889991760254,65.51671423333872,2,sl,12.0,True,-0.6,0.72,-1.0694444444444444,-1.1388888888888888,0.5
W2_trailing_18m,2021_2022,2022-08-16T01:56:00,2022-08-16T02:44:00,0.7823746204376221,34.69338193126244,2,sl,12.0,True,-0.6,0.72,-1.0694444444444444,-1.1388888888888888,0.5
W2_trailing_18m,2021_2022,2022-08-16T23:25:00,2022-08-16T23:33:00,0.7763296961784363,63.998208050161864,2,sl,12.0,True,-0.6,0.72,-1.0694444444444444,-1.1388888888888888,0.5
W2_trailing_18m,2021_2022,2022-08-17T01:15:00,2022-08-17T02:45:00,0.7906048893928528,32.3805206406778,0,timeout,12.0,True,0.01999999999998181,0.72,-0.20833333333335863,-0.27777777777780305,0.5
W2_trailing_18m,2021_2022,2022-08-18T23:50:00,2022-08-19T01:09:00,0.7522718906402588,29.05948133954452,2,sl,12.0,True,-0.6,0.72,-1.0694444444444444,-1.1388888888888888,0.5
W2_trailing_18m,2021_2022,2022-08-26T02:28:00,2022-08-26T03:06:00,0.7683212757110596,34.745350478885115,2,sl,12.0,True,-0.6,0.72,-1.0694444444444444,-1.1388888888888888,0.5
W2_trailing_18m,2021_2022,2022-08-26T03:42:00,2022-08-26T03:51:00,0.7504610419273376,61.145951564762285,2,sl,13.0,True,-0.6,0.73,-1.0684931506849316,-1.136986301369863,0.5
W2_trailing_18m,2021_2022,2022-08-26T17:18:00,2022-08-26T17:23:00,0.7657260894775391,67.46780634157146,2,sl,12.0,True,-4.018285714285698,4.138285714285698,-1.0120822977078154,-1.024164595415631,0.5
W2_trailing_18m,2021_2022,2022-08-31T01:32:00,2022-08-31T03:02:00,0.7567943334579468,52.630803335539866,0,timeout,20.0,True,0.4199999999998454,0.8,0.21249999999980673,0.14999999999980673,0.5
W2_trailing_18m,2021_2022,2022-09-01T23:33:00,2022-09-01T23:52:00,0.7786577939987183,47.058177632858644,1,tp,12.0,True,1.5,0.72,1.8472222222222223,1.777777777777778,0.5
W2_trailing_18m,2021_2022,2022-09-05T18:25:00,2022-09-05T19:40:00,0.7529332637786865,28.97177308185944,1,tp,12.0,True,1.5,0.72,1.8472222222222223,1.777777777777778,0.5
W2_trailing_18m,2021_2022,2022-09-05T19:45:00,2022-09-05T20:55:00,0.7529221177101135,62.31820836599206,2,sl,12.0,True,-0.6,0.72,-1.0694444444444444,-1.1388888888888888,0.5
W2_trailing_18m,2021_2022,2022-09-06T01:00:00,2022-09-06T01:09:00,0.7982479929924011,66.66616487832887,1,tp,12.0,True,1.5,0.72,1.8472222222222223,1.777777777777778,0.5
W2_trailing_18m,2021_2022,2022-11-07T23:29:00,2022-11-08T01:25:00,0.7587454319000244,31.249658206858925,2,sl,12.0,True,-0.6,0.72,-1.0694444444444444,-1.1388888888888888,0.5
W2_trailing_18m,2021_2022,2022-11-08T17:26:00,2022-11-08T17:28:00,0.7512312531471252,74.38828519333715,1,tp,12.0,True,3.540642857142804,4.47771428571422,0.7527596988259307,0.7415932873915252,0.5
W2_trailing_18m,2021_2022,2022-11-08T17:35:00,2022-11-08T17:47:00,0.7608679533004761,55.5059138351788,1,tp,12.0,True,3.233285714285687,4.099428571428538,0.747247003066629,0.735050181209924,0.5
W2_trailing_18m,2021_2022,2022-11-14T01:13:00,2022-11-14T02:43:00,0.750485897064209,31.97816322784955,0,timeout,12.0,True,-0.32999999999992724,3.293714285714284,-0.15180430256763935,-0.16698473282440549,0.5
W2_trailing_18m,2021_2022,2022-11-24T18:26:00,2022-11-24T18:53:00,0.7521783113479614,45.93270667086295,2,sl,12.0,True,-0.6,0.72,-1.0694444444444444,-1.1388888888888888,0.5
W2_trailing_18m,2021_2022,2022-11-24T20:26:00,2022-11-24T20:30:00,0.7545632123947144,46.51087075326865,2,sl,12.0,True,-0.6,0.72,-1.0694444444444444,-1.1388888888888888,0.5
W2_trailing_18m,2021_2022,2022-11-25T02:01:00,2022-11-25T02:13:00,0.7560718655586243,30.17204964767261,2,sl,19.0,True,-0.6,0.79,-1.0632911392405062,-1.1265822784810124,0.5
W2_trailing_18m,2021_2022,2022-12-09T02:46:00,2022-12-09T02:59:00,0.7511416077613831,31.578688829449575,1,tp,13.0,True,1.5,0.73,1.808219178082192,1.7397260273972603,0.5
W2_trailing_18m,2021_2022,2022-12-21T19:51:00,2022-12-21T20:07:00,0.7502714395523071,24.5280859162214,2,sl,12.0,True,-0.6,0.72,-1.0694444444444444,-1.1388888888888888,0.5
W2_trailing_18m,2021_2022,2022-12-21T23:50:00,2022-12-22T01:00:00,0.7517285346984863,32.78613277729397,2,sl,23.0,True,-0.6,0.83,-1.0602409638554218,-1.1204819277108433,0.5
W2_trailing_18m,2021_2022,2022-12-27T17:48:00,2022-12-27T18:00:00,0.7597242593765259,53.77583721913986,1,tp,12.0,True,2.653857142857157,3.3862857142857323,0.7335048936888292,0.7187394532568346,0.5
W2_trailing_18m,2023_2024,2023-02-21T02:55:00,2023-02-21T02:58:00,0.7635232210159302,49.139880108521275,2,sl,12.0,True,-0.8594285714285954,0.9794285714285954,-1.0510501750291703,-1.1021003500583406,0.5
W2_trailing_18m,2023_2024,2023-06-28T04:17:00,2023-06-28T04:21:00,0.7522554993629456,26.132276706666858,2,sl,12.0,True,-0.8079999999999927,0.9279999999999927,-1.053879310344828,-1.107758620689656,0.5
W2_trailing_18m,2023_2024,2023-07-07T01:01:00,2023-07-07T01:24:00,0.7886836528778076,59.19933696743004,2,sl,25.0,True,-0.6,0.85,-1.0588235294117647,-1.1176470588235294,0.5
W2_trailing_18m,2023_2024,2023-07-07T01:49:00,2023-07-07T03:05:00,0.7640156149864197,76.25822473729927,1,tp,21.0,True,1.5,0.8099999999999999,1.5308641975308643,1.4691358024691359,0.5
W2_trailing_18m,2023_2024,2023-07-14T17:05:00,2023-07-14T17:31:00,0.7581057548522949,29.065013081964395,1,tp,12.0,True,2.308428571428562,2.9611428571428458,0.7221632574295634,0.7052778849864911,0.5
W2_trailing_18m,2023_2024,2023-07-21T02:21:00,2023-07-21T03:48:00,0.7574220895767212,59.99930000817036,1,tp,19.0,True,1.5,0.79,1.5949367088607593,1.5316455696202531,0.5
W2_trailing_18m,2023_2024,2023-07-28T01:49:00,2023-07-28T02:08:00,0.7764147520065308,50.64889020489366,2,sl,27.0,True,-0.6,0.87,-1.057471264367816,-1.1149425287356323,0.5
W2_trailing_18m,2023_2024,2023-08-02T01:06:00,2023-08-02T01:08:00,0.7648974657058716,76.2992652609451,1,tp,19.0,True,1.5497857142858038,2.0974285714286816,0.6244721427598519,0.6006334286882008,0.5
W2_trailing_18m,2023_2024,2023-08-02T01:14:00,2023-08-02T02:01:00,0.7522734999656677,72.68649122306968,1,tp,17.0,True,2.137571428571427,2.800857142857141,0.6846373559114557,0.6667856778537182,0.5
W2_trailing_18m,2023_2024,2023-08-04T01:08:00,2023-08-04T01:27:00,0.7577760219573975,61.80495467404662,1,tp,13.0,True,1.5,0.73,1.808219178082192,1.7397260273972603,0.5
W2_trailing_18m,2023_2024,2023-08-04T03:03:00,2023-08-04T03:05:00,0.7622062563896179,71.199202568934,2,sl,17.0,True,-0.6,0.77,-1.0649350649350648,-1.12987012987013,0.5
W2_trailing_18m,2023_2024,2023-08-04T03:20:00,2023-08-04T03:59:00,0.7668011784553528,34.28525714895849,1,tp,25.0,True,1.5,0.85,1.411764705882353,1.352941176470588,0.5
W2_trailing_18m,2023_2024,2023-08-09T04:21:00,2023-08-09T04:23:00,0.7671508193016052,97.93331774113878,2,sl,17.0,True,-0.6,0.77,-1.0649350649350648,-1.12987012987013,1.0
W2_trailing_18m,2023_2024,2023-08-09T04:39:00,2023-08-09T04:40:00,0.7619650363922119,72.87711785857248,2,sl,23.0,True,-0.7074285714285777,0.9374285714285777,-1.0533373971350195,-1.106674794270039,1.0
W2_trailing_18m,2023_2024,2023-08-11T02:00:00,2023-08-11T02:02:00,0.7574359774589539,47.28224893941226,2,sl,13.0,True,-0.6,0.73,-1.0684931506849316,-1.136986301369863,1.0
W2_trailing_18m,2023_2024,2023-08-11T03:41:00,2023-08-11T04:05:00,0.7566404342651367,75.65719789422549,1,tp,13.0,True,1.5,0.73,1.808219178082192,1.7397260273972603,0.5
W2_trailing_18m,2023_2024,2023-08-11T23:53:00,2023-08-14T01:00:00,0.7500337958335876,79.24423639687413,2,sl,19.0,True,-0.6,0.79,-1.0632911392405062,-1.1265822784810124,0.5
W2_trailing_18m,2023_2024,2023-08-18T01:48:00,2023-08-18T02:08:00,0.7847228050231934,62.345140227178106,2,sl,23.0,True,-0.6,0.83,-1.0602409638554218,-1.1204819277108433,0.5
W2_trailing_18m,2023_2024,2023-08-18T02:29:00,2023-08-18T03:35:00,0.7675895690917969,53.5027076191657,1,tp,16.0,True,1.5,0.76,1.6973684210526316,1.631578947368421,0.5
W2_trailing_18m,2023_2024,2023-09-01T03:04:00,2023-09-01T03:14:00,0.76176518201828,72.37998731445114,2,sl,19.0,True,-0.6,0.79,-1.0632911392405062,-1.1265822784810124,0.5
W2_trailing_18m,2023_2024,2023-09-05T04:40:00,2023-09-05T04:45:00,0.7502682209014893,45.12966499502546,2,sl,13.0,True,-0.6057142857142286,0.7357142857142286,-1.0679611650485488,-1.135922330097098,0.5
W2_trailing_18m,2023_2024,2023-09-07T04:21:00,2023-09-07T04:56:00,0.7508936524391174,63.86116483754684,1,tp,13.0,True,1.5,0.8100000000000053,1.629629629629619,1.567901234567891,0.5
W2_trailing_18m,2023_2024,2023-09-08T01:19:00,2023-09-08T02:49:00,0.7540064454078674,80.21854608829672,0,timeout,13.0,True,0.10999999999989996,0.73,-0.09589041095904115,-0.1643835616439727,0.5
W2_trailing_18m,2023_2024,2023-09-08T23:08:00,2023-09-11T01:21:00,0.7540357708930969,47.49944583979238,2,sl,13.0,True,-0.6,0.73,-1.0684931506849316,-1.136986301369863,0.5
W2_trailing_18m,2023_2024,2023-09-12T04:17:00,2023-09-12T04:21:00,0.763099193572998,70.30273204901944,2,sl,13.0,True,-0.7062857142857476,0.8362857142857476,-1.059788179022888,-1.1195763580457758,0.5
W2_trailing_18m,2023_2024,2023-09-15T02:14:00,2023-09-15T02:56:00,0.7584920525550842,55.55489079618282,2,sl,19.0,True,-0.6,0.79,-1.0632911392405062,-1.1265822784810124,0.5
W2_trailing_18m,2023_2024,2023-09-15T03:26:00,2023-09-15T04:19:00,0.7580779194831848,31.54332778081526,1,tp,18.0,True,1.5,0.78,1.6282051282051282,1.564102564102564,0.5
W2_trailing_18m,2023_2024,2023-09-15T22:55:00,2023-09-18T01:05:00,0.7504519820213318,53.93216008413215,1,tp,13.0,True,1.5,0.73,1.808219178082192,1.7397260273972603,0.5
W2_trailing_18m,2023_2024,2023-09-22T02:50:00,2023-09-22T03:39:00,0.7534253001213074,69.71762250231042,1,tp,21.0,True,1.5,0.8099999999999999,1.5308641975308643,1.4691358024691359,0.5
W2_trailing_18m,2023_2024,2023-09-22T03:59:00,2023-09-22T04:05:00,0.7843883037567139,54.224817501793865,2,sl,19.0,True,-0.6,0.79,-1.0632911392405062,-1.1265822784810124,1.0
W2_trailing_18m,2023_2024,2023-09-27T04:41:00,2023-09-27T05:27:00,0.761612057685852,59.113096654346236,2,sl,18.0,True,-0.7782857142856562,0.9582857142856562,-1.0521765056648809,-1.1043530113297617,0.5
W2_trailing_18m,2023_2024,2023-09-29T02:43:00,2023-09-29T03:26:00,0.7833885550498962,59.165976396935875,1,tp,20.0,True,1.5,0.8,1.5625,1.4999999999999998,0.5
W2_trailing_18m,2023_2024,2023-09-29T03:31:00,2023-09-29T03:42:00,0.7544230818748474,56.874502348108635,2,sl,19.0,True,-0.6,0.79,-1.0632911392405062,-1.1265822784810124,1.0
W2_trailing_18m,2023_2024,2023-10-06T03:45:00,2023-10-06T03:53:00,0.7665274143218994,75.60911065392938,2,sl,16.0,True,-0.6,0.76,-1.0657894736842104,-1.131578947368421,1.0
W2_trailing_18m,2023_2024,2023-10-06T08:01:00,2023-10-06T08:18:00,0.754106879234314,24.03074695313029,2,sl,17.0,True,-0.6,0.77,-1.0649350649350648,-1.12987012987013,0.5
W2_trailing_18m,2023_2024,2023-10-13T02:24:00,2023-10-13T03:51:00,0.7606317400932312,54.13476850620119,1,tp,25.0,True,1.5,0.85,1.411764705882353,1.352941176470588,0.5
W2_trailing_18m,2023_2024,2023-11-03T00:02:00,2023-11-03T00:34:00,0.7616227865219116,66.37850922489542,2,sl,28.0,True,-0.6,0.88,-1.0568181818181817,-1.1136363636363635,0.5
W2_trailing_18m,2023_2024,2023-11-23T18:01:00,2023-11-23T18:05:00,0.7659604549407959,48.12798192954841,2,sl,15.0,True,-0.6,0.75,-1.0666666666666667,-1.1333333333333333,0.5
W2_trailing_18m,2023_2024,2023-11-23T18:24:00,2023-11-23T18:55:00,0.7640013098716736,54.70020016854133,2,sl,17.0,True,-0.6,0.77,-1.0649350649350648,-1.12987012987013,0.5
W2_trailing_18m,2023_2024,2024-01-26T23:14:00,2024-01-26T23:31:00,0.7618956565856934,62.94065813575605,2,sl,16.0,True,-0.6,0.76,-1.0657894736842104,-1.131578947368421,0.5
W2_trailing_18m,2023_2024,2024-01-26T23:46:00,2024-01-29T01:00:00,0.7506062984466553,59.50344376180818,1,tp,16.0,True,1.5,0.76,1.6973684210526316,1.631578947368421,0.5
W2_trailing_18m,2023_2024,2024-01-29T01:12:00,2024-01-29T01:22:00,0.7555361986160278,67.79860829711839,1,tp,22.0,True,2.413357142857144,3.1902857142857157,0.6718386172308795,0.656166039763568,0.5
W2_trailing_18m,2023_2024,2024-03-15T00:01:00,2024-03-15T01:31:00,0.828331708908081,58.21861982146422,0,timeout,18.0,True,-0.24000000000023647,0.78,-0.6025641025644057,-0.6666666666669698,0.5
W2_trailing_18m,2023_2024,2024-03-20T20:16:00,2024-03-20T20:35:00,0.7516716718673706,55.19390224187978,2,sl,18.0,True,-4.412571428571443,4.592571428571443,-1.0108871469453777,-1.0217742938907552,0.5
W2_trailing_18m,2023_2024,2024-04-23T04:49:00,2024-04-23T04:52:00,0.7522650957107544,23.33864096913949,2,sl,19.0,True,-6.116571428571375,6.306571428571376,-1.007928238118969,-1.0158564762379378,0.5
W2_trailing_18m,2023_2024,2024-05-06T04:16:00,2024-05-06T04:26:00,0.7600434422492981,59.59591002122739,1,tp,19.0,True,2.800571428571415,3.636857142857126,0.704061591641134,0.6903134574593442,0.5
W2_trailing_18m,2023_2024,2024-05-23T04:33:00,2024-05-23T04:37:00,0.7533559799194336,23.299641333671147,1,tp,19.0,True,2.4904285714285446,3.255142857142824,0.6913455630650388,0.6759852541033954,0.5
W2_trailing_18m,2023_2024,2024-05-31T17:04:00,2024-05-31T17:10:00,0.7505965828895569,32.908890268145385,2,sl,19.0,True,-3.653714285714263,3.8437142857142628,-1.013008250947744,-1.026016501895488,0.5
W2_trailing_18m,2023_2024,2024-06-11T04:11:00,2024-06-11T04:21:00,0.7529322504997253,32.02573487351839,1,tp,19.0,True,2.242500000000051,2.9500000000000624,0.6788135593220368,0.6618644067796642,0.5
W2_trailing_18m,2023_2024,2024-07-25T04:39:00,2024-07-25T04:40:00,0.7563496232032776,29.409152922040178,2,sl,19.0,True,-4.112000000000002,4.302000000000002,-1.0116225011622502,-1.0232450023245,0.5
W2_trailing_18m,2023_2024,2024-11-01T01:00:00,2024-11-01T01:31:00,0.7554421424865723,53.95629108772061,1,tp,28.0,True,1.5,0.88,1.3295454545454544,1.272727272727273,0.5
W2_trailing_18m,2023_2024,2024-11-04T01:10:00,2024-11-04T01:17:00,0.7721604108810425,49.270327057119346,1,tp,45.0,True,2.6845000000001553,3.7540000000001914,0.5819126265317113,0.568593500266395,0.5
W2_trailing_18m,2023_2024,2024-11-26T01:51:00,2024-11-26T02:03:00,0.768832266330719,23.93524978307134,1,tp,18.0,True,4.252857142857329,5.414285714285943,0.7430079155672853,0.7337730870712434,0.5
W2_trailing_18m,2023_2024,2024-11-28T03:14:00,2024-11-28T03:19:00,0.7504943013191223,23.08617702191357,2,sl,16.0,True,-3.2068571428572406,3.3668571428572407,-1.014850644942294,-1.0297012898845885,0.5
W2_trailing_18m,2023_2024,2024-12-09T01:02:00,2024-12-09T01:06:00,0.757064163684845,73.31170090824075,1,tp,16.0,True,2.489499999999953,3.223999999999942,0.7070409429280379,0.6915322580645139,0.5
W2_trailing_18m,2023_2024,2024-12-09T01:10:00,2024-12-09T01:27:00,0.753440797328949,66.51754213272937,2,sl,37.0,True,-5.219428571428477,5.589428571428477,-1.0089454582630477,-1.0178909165260954,0.5
W2_trailing_18m,2023_2024,2024-12-18T22:01:00,2024-12-18T22:18:00,0.760962724685669,25.045460846789155,2,sl,16.0,True,-4.084571428571508,4.244571428571508,-1.0117797522886374,-1.0235595045772747,0.5
W3_trailing_12m,2018_2020,2018-02-14T01:57:00,2018-02-14T03:03:00,0.763282835483551,49.192992982337884,1,tp,30.0,False,1.5,0.8999999999999999,1.277777777777778,1.2222222222222225,1.0
W3_trailing_12m,2018_2020,2018-02-23T02:42:00,2018-02-23T02:53:00,0.7548794150352478,25.61953828633341,2,sl,30.0,False,-0.6,0.8999999999999999,-1.0555555555555556,-1.1111111111111112,1.0
W3_trailing_12m,2018_2020,2018-02-23T04:16:00,2018-02-23T04:26:00,0.7660962343215942,24.427219861777502,2,sl,30.0,False,-0.6,0.8999999999999999,-1.0555555555555556,-1.1111111111111112,1.0
W3_trailing_12m,2018_2020,2018-02-23T04:42:00,2018-02-23T05:06:00,0.7567788362503052,53.44763080445176,2,sl,30.0,False,-0.6,0.8999999999999999,-1.0555555555555556,-1.1111111111111112,1.0
W3_trailing_12m,2018_2020,2018-03-02T01:28:00,2018-03-02T01:43:00,0.7679760456085205,49.659390998997814,2,sl,30.0,False,-0.6,0.8999999999999999,-1.0555555555555556,-1.1111111111111112,1.0
W3_trailing_12m,2018_2020,2018-03-02T02:44:00,2018-03-02T03:00:00,0.7524539828300476,49.38982228199857,2,sl,30.0,False,-0.6,0.8999999999999999,-1.0555555555555556,-1.1111111111111112,1.0
W3_trailing_12m,2018_2020,2018-03-20T01:17:00,2018-03-20T02:00:00,0.7533155679702759,65.07864198334477,2,sl,30.0,False,-0.6,0.8999999999999999,-1.0555555555555556,-1.1111111111111112,1.0
W3_trailing_12m,2018_2020,2018-03-20T03:45:00,2018-03-20T03:50:00,0.7562106251716614,56.33747272914504,2,sl,30.0,False,-0.6,0.8999999999999999,-1.0555555555555556,-1.1111111111111112,1.0
W3_trailing_12m,2018_2020,2018-03-20T04:05:00,2018-03-20T05:35:00,0.7503798604011536,55.33905364393855,0,timeout,30.0,False,-0.07000000000016371,0.8999999999999999,-0.46666666666684864,-0.5222222222224042,1.0
W3_trailing_12m,2018_2020,2018-04-25T01:12:00,2018-04-25T02:44:00,0.7546034455299377,51.18053816729537,0,timeout,30.0,False,0.9300000000000637,0.8999999999999999,0.6444444444445151,0.5888888888889596,1.0
W3_trailing_12m,2018_2020,2018-04-25T03:16:00,2018-04-25T03:24:00,0.7549995183944702,23.493777763317667,2,sl,30.0,False,-0.6,0.8999999999999999,-1.0555555555555556,-1.1111111111111112,1.0
W3_trailing_12m,2018_2020,2018-05-04T02:21:00,2018-05-04T03:26:00,0.7530090808868408,57.31609460325476,2,sl,30.0,False,-0.6,0.8999999999999999,-1.0555555555555556,-1.1111111111111112,1.0
W3_trailing_12m,2018_2020,2018-05-07T01:30:00,2018-05-07T02:40:00,0.7545759677886963,57.62575125337054,2,sl,30.0,False,-0.6,0.8999999999999999,-1.0555555555555556,-1.1111111111111112,1.0
W3_trailing_12m,2018_2020,2018-05-07T03:05:00,2018-05-07T03:10:00,0.75113445520401,53.17401235224141,1,tp,30.0,False,1.5,0.8999999999999999,1.277777777777778,1.2222222222222225,1.0
W3_trailing_12m,2018_2020,2018-05-08T01:01:00,2018-05-08T02:31:00,0.7611593008041382,50.60932406674527,0,timeout,30.0,False,0.7100000000000364,0.8999999999999999,0.40000000000004043,0.34444444444448485,1.0
W3_trailing_12m,2018_2020,2018-05-08T03:28:00,2018-05-08T03:33:00,0.7521504163742065,51.24955156642237,2,sl,30.0,False,-0.6,0.8999999999999999,-1.0555555555555556,-1.1111111111111112,1.0
W3_trailing_12m,2018_2020,2018-05-08T03:58:00,2018-05-08T04:30:00,0.7506005764007568,61.537951756610596,2,sl,30.0,False,-0.6,0.8999999999999999,-1.0555555555555556,-1.1111111111111112,1.0
W3_trailing_12m,2018_2020,2018-05-09T01:16:00,2018-05-09T02:46:00,0.7571141719818115,72.48254043250488,0,timeout,30.0,False,0.5900000000001455,0.8999999999999999,0.26666666666682837,0.2111111111112728,1.0
W3_trailing_12m,2018_2020,2018-05-10T01:01:00,2018-05-10T02:32:00,0.8325037360191345,60.22631458136921,0,timeout,30.0,False,0.8400000000001455,0.8999999999999999,0.5444444444446062,0.4888888888890506,0.5
W3_trailing_12m,2018_2020,2018-05-10T03:05:00,2018-05-10T03:22:00,0.7537681460380554,68.71454636667015,2,sl,30.0,False,-0.6,0.8999999999999999,-1.0555555555555556,-1.1111111111111112,0.5
W3_trailing_12m,2018_2020,2018-05-10T04:13:00,2018-05-10T04:39:00,0.7519122362136841,86.08014464394414,1,tp,30.0,False,1.5,0.8999999999999999,1.277777777777778,1.2222222222222225,0.5
W3_trailing_12m,2018_2020,2018-05-11T01:02:00,2018-05-11T02:32:00,0.7519385814666748,61.192751196256836,0,timeout,30.0,False,-0.37000000000011823,0.8999999999999999,-0.8000000000001315,-0.8555555555556871,0.5
W3_trailing_12m,2018_2020,2018-05-11T02:52:00,2018-05-11T03:05:00,0.75214684009552,58.15173145421229,2,sl,30.0,False,-0.6,0.8999999999999999,-1.0555555555555556,-1.1111111111111112,0.5
W3_trailing_12m,2018_2020,2018-05-11T04:10:00,2018-05-11T04:34:00,0.7523479461669922,66.7749397885481,2,sl,30.0,False,-0.6,0.8999999999999999,-1.0555555555555556,-1.1111111111111112,0.5
W3_trailing_12m,2018_2020,2018-05-11T08:29:00,2018-05-11T08:40:00,0.7529298663139343,34.04204618229039,2,sl,30.0,False,-0.6,0.8999999999999999,-1.0555555555555556,-1.1111111111111112,0.5
W3_trailing_12m,2018_2020,2018-05-11T09:12:00,2018-05-11T09:34:00,0.7511181831359863,65.24015328227222,2,sl,30.0,False,-0.6,0.8999999999999999,-1.0555555555555556,-1.1111111111111112,0.5
W3_trailing_12m,2018_2020,2018-05-11T19:51:00,2018-05-11T20:27:00,0.7508386373519897,54.080860069354706,2,sl,30.0,False,-0.6,0.8999999999999999,-1.0555555555555556,-1.1111111111111112,0.5
W3_trailing_12m,2018_2020,2018-05-14T01:01:00,2018-05-14T02:19:00,0.8006423711776733,30.499786501492963,1,tp,30.0,False,1.5,0.8999999999999999,1.277777777777778,1.2222222222222225,0.5
W3_trailing_12m,2018_2020,2018-05-14T02:22:00,2018-05-14T03:37:00,0.7540892362594604,67.3459766901204,1,tp,30.0,False,1.5,0.8999999999999999,1.277777777777778,1.2222222222222225,0.5
W3_trailing_12m,2018_2020,2018-05-15T01:49:00,2018-05-15T03:01:00,0.7628239393234253,50.70322557019912,2,sl,30.0,False,-0.6,0.8999999999999999,-1.0555555555555556,-1.1111111111111112,0.5
W3_trailing_12m,2018_2020,2018-05-15T04:30:00,2018-05-15T04:33:00,0.7666137218475342,59.37370120027292,2,sl,30.0,False,-0.6,0.8999999999999999,-1.0555555555555556,-1.1111111111111112,0.5
W3_trailing_12m,2018_2020,2018-05-16T04:16:00,2018-05-16T04:30:00,0.7623698115348816,56.49672827446621,2,sl,30.0,False,-0.6,0.8999999999999999,-1.0555555555555556,-1.1111111111111112,0.5
W3_trailing_12m,2018_2020,2018-05-23T01:53:00,2018-05-23T02:50:00,0.7613998055458069,46.96870066393157,1,tp,30.0,False,1.5,0.8999999999999999,1.277777777777778,1.2222222222222225,0.5
W3_trailing_12m,2018_2020,2018-05-24T01:01:00,2018-05-24T02:10:00,0.7630361914634705,66.66603175208371,2,sl,30.0,False,-0.6,0.8999999999999999,-1.0555555555555556,-1.1111111111111112,0.5
W3_trailing_12m,2018_2020,2018-05-24T02:25:00,2018-05-24T03:55:00,0.7522600889205933,90.69669011343284,0,timeout,30.0,False,0.7899999999999636,0.8999999999999999,0.48888888888884846,0.43333333333329294,0.5
W3_trailing_12m,2018_2020,2018-05-25T01:13:00,2018-05-25T02:21:00,0.7533853650093079,54.54510744022632,2,sl,30.0,False,-0.6,0.8999999999999999,-1.0555555555555556,-1.1111111111111112,0.5
W3_trailing_12m,2018_2020,2018-05-25T04:17:00,2018-05-25T04:25:00,0.7513956427574158,62.49935662426795,2,sl,30.0,False,-0.6,0.8999999999999999,-1.0555555555555556,-1.1111111111111112,0.5
W3_trailing_12m,2018_2020,2018-05-25T04:51:00,2018-05-25T05:07:00,0.7558414340019226,60.1844050169718,2,sl,30.0,False,-0.6,0.8999999999999999,-1.0555555555555556,-1.1111111111111112,0.5
W3_trailing_12m,2018_2020,2018-05-25T08:01:00,2018-05-25T09:31:00,0.7804051637649536,69.38577265139364,0,timeout,30.0,False,0.30999999999994543,0.8999999999999999,-0.04444444444450512,-0.10000000000006067,0.5
W3_trailing_12m,2018_2020,2018-05-25T11:08:00,2018-05-25T11:51:00,0.752062201499939,70.85657600454076,1,tp,30.0,False,1.5,0.8999999999999999,1.277777777777778,1.2222222222222225,0.5
W3_trailing_12m,2018_2020,2018-05-25T19:41:00,2018-05-25T20:48:00,0.7619211077690125,49.61779034422559,2,sl,30.0,False,-0.6,0.8999999999999999,-1.0555555555555556,-1.1111111111111112,0.5
W3_trailing_12m,2018_2020,2018-05-28T01:01:00,2018-05-28T01:07:00,0.7675496339797974,34.079483305281386,2,sl,30.0,False,-0.6319999999999449,0.9319999999999449,-1.053648068669531,-1.1072961373390622,0.5
W3_trailing_12m,2018_2020,2018-05-28T02:12:00,2018-05-28T02:55:00,0.7538982033729553,26.086638945258997,1,tp,30.0,False,1.5,0.8999999999999999,1.277777777777778,1.2222222222222225,0.5
W3_trailing_12m,2018_2020,2018-05-28T03:01:00,2018-05-28T03:10:00,0.7741941213607788,62.6455731369544,2,sl,30.0,False,-0.6,0.8999999999999999,-1.0555555555555556,-1.1111111111111112,0.5
W3_trailing_12m,2018_2020,2018-05-28T04:02:00,2018-05-28T04:08:00,0.7581422328948975,73.72187437500372,2,sl,30.0,False,-0.6,0.8999999999999999,-1.0555555555555556,-1.1111111111111112,0.5
W3_trailing_12m,2018_2020,2018-05-28T08:25:00,2018-05-28T08:48:00,0.7526795268058777,54.28462859315727,2,sl,30.0,False,-0.6,0.8999999999999999,-1.0555555555555556,-1.1111111111111112,0.5
W3_trailing_12m,2018_2020,2018-05-29T01:01:00,2018-05-29T01:35:00,0.7602946758270264,29.03199584004136,2,sl,30.0,False,-0.6,0.8999999999999999,-1.0555555555555556,-1.1111111111111112,0.5
W3_trailing_12m,2018_2020,2018-05-29T02:01:00,2018-05-29T03:08:00,0.778076171875,71.87395183819496,1,tp,30.0,False,1.5,0.8999999999999999,1.277777777777778,1.2222222222222225,0.5
W3_trailing_12m,2018_2020,2018-05-29T04:10:00,2018-05-29T05:40:00,0.7506750822067261,27.058734394753074,0,timeout,30.0,False,0.03999999999996362,0.9411428571428717,-0.3293867638130269,-0.3825136612022185,0.5
W3_trailing_12m,2018_2020,2018-05-30T03:16:00,2018-05-30T03:50:00,0.760014533996582,23.218911592409498,1,tp,30.0,False,1.5,1.0039999999999574,1.1454183266932756,1.0956175298805246,0.5
W3_trailing_12m,2018_2020,2018-05-31T01:05:00,2018-05-31T02:35:00,0.7566767930984497,48.83681179338715,0,timeout,30.0,False,0.6600000000000819,0.8999999999999999,0.34444444444453537,0.28888888888897984,0.5
W3_trailing_12m,2018_2020,2018-05-31T02:42:00,2018-05-31T03:35:00,0.7726558446884155,45.917711379633346,1,tp,30.0,False,1.5,0.8999999999999999,1.277777777777778,1.2222222222222225,0.5
W3_trailing_12m,2018_2020,2018-05-31T04:42:00,2018-05-31T04:57:00,0.7504777908325195,29.951488250807444,2,sl,30.0,False,-0.6,0.8999999999999999,-1.0555555555555556,-1.1111111111111112,0.5
W3_trailing_12m,2018_2020,2018-06-04T03:07:00,2018-06-04T04:37:00,0.7801267504692078,49.999669813501235,0,timeout,30.0,False,1.0299999999999727,0.8999999999999999,0.7555555555555252,0.6999999999999698,0.5
W3_trailing_12m,2018_2020,2018-06-05T01:33:00,2018-06-05T03:05:00,0.7786357998847961,57.14095244444233,0,timeout,30.0,False,-0.1799999999998363,0.8999999999999999,-0.5888888888887072,-0.6444444444442626,0.5
W3_trailing_12m,2018_2020,2018-06-05T03:21:00,2018-06-05T03:25:00,0.7556517720222473,63.57079286349704,2,sl,30.0,False,-0.6,0.8999999999999999,-1.0555555555555556,-1.1111111111111112,0.5
W3_trailing_12m,2018_2020,2018-06-05T03:42:00,2018-06-05T03:50:00,0.7614145874977112,58.03498884835567,2,sl,30.0,False,-0.6,0.8999999999999999,-1.0555555555555556,-1.1111111111111112,0.5
W3_trailing_12m,2018_2020,2018-06-05T04:33:00,2018-06-05T06:03:00,0.7540463209152222,71.84368367808871,0,timeout,30.0,False,0.2300000000000182,0.8999999999999999,-0.13333333333331318,-0.18888888888886873,0.5
W3_trailing_12m,2018_2020,2018-06-08T01:01:00,2018-06-08T02:31:00,0.7816059589385986,34.745350478890984,0,timeout,30.0,False,0.14999999999986358,0.8999999999999999,-0.22222222222237387,-0.2777777777779294,0.5
W3_trailing_12m,2018_2020,2018-06-08T02:56:00,2018-06-08T03:03:00,0.7622832655906677,53.04832763622496,2,sl,30.0,False,-0.6,0.8999999999999999,-1.0555555555555556,-1.1111111111111112,0.5
W3_trailing_12m,2018_2020,2018-06-08T08:21:00,2018-06-08T08:25:00,0.7808102369308472,33.332685197777295,2,sl,30.0,False,-0.6,0.8999999999999999,-1.0555555555555556,-1.1111111111111112,0.5
W3_trailing_12m,2018_2020,2018-06-08T08:40:00,2018-06-08T09:27:00,0.7526932954788208,58.76246253893363,2,sl,30.0,False,-0.6,0.8999999999999999,-1.0555555555555556,-1.1111111111111112,0.5
W3_trailing_12m,2018_2020,2018-06-08T09:51:00,2018-06-08T10:28:00,0.7555770874023438,46.59474827007934,1,tp,30.0,False,1.5,0.8999999999999999,1.277777777777778,1.2222222222222225,0.5
W3_trailing_12m,2018_2020,2018-06-08T19:34:00,2018-06-08T21:04:00,0.7568835616111755,32.05099441414859,0,timeout,30.0,False,0.7699999999999818,0.8999999999999999,0.46666666666664647,0.41111111111109094,0.5
W3_trailing_12m,2018_2020,2018-06-12T01:43:00,2018-06-12T02:12:00,0.7532147765159607,48.245021552368996,2,sl,30.0,False,-0.6,0.8999999999999999,-1.0555555555555556,-1.1111111111111112,0.5
W3_trailing_12m,2018_2020,2018-06-12T03:01:00,2018-06-12T03:12:00,0.7950407266616821,50.87677644744358,2,sl,30.0,False,-0.6,0.8999999999999999,-1.0555555555555556,-1.1111111111111112,0.5
W3_trailing_12m,2018_2020,2018-06-12T03:35:00,2018-06-12T05:05:00,0.7724485993385315,53.35938852512456,0,timeout,30.0,False,0.13000000000010914,0.8999999999999999,-0.24444444444432323,-0.2999999999998788,0.5
W3_trailing_12m,2018_2020,2018-06-12T08:02:00,2018-06-12T08:42:00,0.7529404163360596,33.73437074556226,1,tp,30.0,False,1.5,0.8999999999999999,1.277777777777778,1.2222222222222225,0.5
W3_trailing_12m,2018_2020,2018-06-13T01:24:00,2018-06-13T01:43:00,0.7574502229690552,51.89781446910958,2,sl,30.0,False,-0.6,0.8999999999999999,-1.0555555555555556,-1.1111111111111112,0.5
W3_trailing_12m,2018_2020,2018-06-13T02:19:00,2018-06-13T03:13:00,0.764484703540802,79.99776006270915,2,sl,30.0,False,-0.6,0.8999999999999999,-1.0555555555555556,-1.1111111111111112,0.5
W3_trailing_12m,2018_2020,2018-06-13T03:36:00,2018-06-13T04:03:00,0.7649238705635071,60.43863061446363,2,sl,30.0,False,-0.6,0.8999999999999999,-1.0555555555555556,-1.1111111111111112,0.5
W3_trailing_12m,2018_2020,2018-06-13T04:26:00,2018-06-13T05:56:00,0.7643458843231201,62.06821641807569,0,timeout,30.0,False,0.21000000000003638,0.8999999999999999,-0.15555555555551517,-0.21111111111107073,0.5
W3_trailing_12m,2018_2020,2018-06-13T08:56:00,2018-06-13T09:27:00,0.762047529220581,64.91068640419569,2,sl,30.0,False,-0.6,0.8999999999999999,-1.0555555555555556,-1.1111111111111112,0.5
W3_trailing_12m,2018_2020,2018-06-14T01:24:00,2018-06-14T01:28:00,0.7599441409111023,64.22691123840477,2,sl,30.0,False,-0.6,0.8999999999999999,-1.0555555555555556,-1.1111111111111112,0.5
W3_trailing_12m,2018_2020,2018-06-14T01:43:00,2018-06-14T02:12:00,0.7538003921508789,53.60747370657424,2,sl,30.0,False,-0.6,0.8999999999999999,-1.0555555555555556,-1.1111111111111112,0.5
W3_trailing_12m,2018_2020,2018-06-15T02:40:00,2018-06-15T03:00:00,0.7622414827346802,53.912387153552174,2,sl,30.0,False,-0.6,0.8999999999999999,-1.0555555555555556,-1.1111111111111112,0.5
W3_trailing_12m,2018_2020,2018-06-15T03:31:00,2018-06-15T03:39:00,0.7659811973571777,32.6920876494069,2,sl,30.0,False,-0.6,0.8999999999999999,-1.0555555555555556,-1.1111111111111112,0.5
W3_trailing_12m,2018_2020,2018-06-15T03:57:00,2018-06-15T04:00:00,0.7556102275848389,56.60347454768228,2,sl,30.0,False,-0.6,0.8999999999999999,-1.0555555555555556,-1.1111111111111112,0.5
W3_trailing_12m,2018_2020,2018-06-15T08:07:00,2018-06-15T08:50:00,0.7522513270378113,52.74644126353963,2,sl,30.0,False,-0.6,0.8999999999999999,-1.0555555555555556,-1.1111111111111112,0.5
W3_trailing_12m,2018_2020,2018-06-15T09:23:00,2018-06-15T10:01:00,0.7685129046440125,67.2126005593353,2,sl,30.0,False,-0.6,0.8999999999999999,-1.0555555555555556,-1.1111111111111112,0.5
W3_trailing_12m,2018_2020,2018-06-19T01:21:00,2018-06-19T02:44:00,0.7651062607765198,66.10012643769082,1,tp,30.0,False,1.5,0.8999999999999999,1.277777777777778,1.2222222222222225,0.5
W3_trailing_12m,2018_2020,2018-06-20T02:01:00,2018-06-20T03:07:00,0.7549780607223511,28.676175392304884,2,sl,30.0,False,-0.6,0.8999999999999999,-1.0555555555555556,-1.1111111111111112,0.5
W3_trailing_12m,2018_2020,2018-06-20T04:03:00,2018-06-20T05:33:00,0.7670106887817383,56.89627705245696,0,timeout,30.0,False,0.2799999999999727,0.8999999999999999,-0.07777777777780814,-0.1333333333333637,0.5
W3_trailing_12m,2018_2020,2018-06-22T01:24:00,2018-06-22T02:54:00,0.7619478702545166,92.45038810295901,0,timeout,30.0,False,-0.16000000000008185,0.8999999999999999,-0.5666666666667578,-0.6222222222223133,0.5
W3_trailing_12m,2018_2020,2018-06-22T03:10:00,2018-06-22T03:38:00,0.75484699010849,33.742041479398,1,tp,30.0,False,1.5,0.8999999999999999,1.277777777777778,1.2222222222222225,0.5
W3_trailing_12m,2018_2020,2018-06-26T01:54:00,2018-06-26T02:53:00,0.779518187046051,55.404357214873876,2,sl,30.0,False,-0.6,0.8999999999999999,-1.0555555555555556,-1.1111111111111112,0.5
W3_trailing_12m,2018_2020,2018-06-26T03:10:00,2018-06-26T03:23:00,0.756466269493103,70.68011019815069,2,sl,30.0,False,-0.6,0.8999999999999999,-1.0555555555555556,-1.1111111111111112,0.5
W3_trailing_12m,2018_2020,2018-06-26T03:42:00,2018-06-26T04:54:00,0.7525516152381897,53.740984779734475,2,sl,30.0,False,-0.6,0.8999999999999999,-1.0555555555555556,-1.1111111111111112,0.5
W3_trailing_12m,2018_2020,2018-06-27T01:42:00,2018-06-27T02:55:00,0.7696189284324646,58.063642052698704,2,sl,30.0,False,-0.6,0.8999999999999999,-1.0555555555555556,-1.1111111111111112,0.5
W3_trailing_12m,2018_2020,2018-06-27T03:33:00,2018-06-27T03:44:00,0.7562414407730103,65.66209682568595,2,sl,30.0,False,-0.6,0.8999999999999999,-1.0555555555555556,-1.1111111111111112,0.5
W3_trailing_12m,2018_2020,2018-06-27T04:34:00,2018-06-27T04:38:00,0.7570533752441406,28.37190827593868,2,sl,30.0,False,-0.6,0.8999999999999999,-1.0555555555555556,-1.1111111111111112,0.5
W3_trailing_12m,2018_2020,2018-06-29T04:37:00,2018-06-29T05:16:00,0.7693318128585815,47.91631727685517,2,sl,30.0,False,-0.6,0.8999999999999999,-1.0555555555555556,-1.1111111111111112,0.5
W3_trailing_12m,2018_2020,2018-07-05T01:36:00,2018-07-05T03:06:00,0.7859445214271545,56.94333721288753,0,timeout,30.0,False,0.16000000000008185,0.8999999999999999,-0.2111111111110202,-0.2666666666665758,0.5
W3_trailing_12m,2018_2020,2018-07-06T01:28:00,2018-07-06T02:58:00,0.7826443910598755,61.97060903024898,0,timeout,30.0,False,-0.3000000000001819,0.8999999999999999,-0.7222222222224245,-0.77777777777798,0.5
W3_trailing_12m,2018_2020,2018-07-06T03:18:00,2018-07-06T03:45:00,0.7517133355140686,51.23412513718913,2,sl,30.0,False,-0.6,0.8999999999999999,-1.0555555555555556,-1.1111111111111112,0.5
W3_trailing_12m,2018_2020,2018-07-06T04:13:00,2018-07-06T04:17:00,0.7521634101867676,46.7977068138475,2,sl,30.0,False,-0.6,0.8999999999999999,-1.0555555555555556,-1.1111111111111112,0.5
W3_trailing_12m,2018_2020,2018-07-06T04:36:00,2018-07-06T04:39:00,0.7606191039085388,27.75101028031635,2,sl,30.0,False,-0.6,0.8999999999999999,-1.0555555555555556,-1.1111111111111112,0.5
W3_trailing_12m,2018_2020,2018-07-09T01:47:00,2018-07-09T03:17:00,0.7597993612289429,49.089659535939084,0,timeout,30.0,False,0.5200000000002092,0.8999999999999999,0.1888888888891213,0.13333333333356576,0.5
W3_trailing_12m,2018_2020,2018-07-10T02:18:00,2018-07-10T03:48:00,0.764239490032196,69.99891112806428,0,timeout,30.0,False,-0.049999999999954525,0.8999999999999999,-0.444444444444394,-0.49999999999994954,0.5
W3_trailing_12m,2018_2020,2018-07-10T04:06:00,2018-07-10T05:36:00,0.751415491104126,72.39959456226828,0,timeout,30.0,False,0.5599999999999454,0.8999999999999999,0.2333333333332727,0.17777777777771714,0.5
W3_trailing_12m,2018_2020,2018-07-20T19:58:00,2018-07-20T20:05:00,0.758793830871582,51.78528274168998,2,sl,30.0,False,-0.6,0.8999999999999999,-1.0555555555555556,-1.1111111111111112,0.5
W3_trailing_12m,2018_2020,2018-07-26T01:17:00,2018-07-26T02:30:00,0.7545008063316345,62.307021308999275,1,tp,30.0,False,1.5,0.8999999999999999,1.277777777777778,1.2222222222222225,0.5
W3_trailing_12m,2018_2020,2018-07-26T02:44:00,2018-07-26T03:41:00,0.7537478804588318,50.53687363846083,2,sl,30.0,False,-0.6,0.8999999999999999,-1.0555555555555556,-1.1111111111111112,0.5
W3_trailing_12m,2018_2020,2018-07-27T19:34:00,2018-07-27T20:03:00,0.7608169317245483,52.42647187319676,2,sl,30.0,False,-0.6,0.8999999999999999,-1.0555555555555556,-1.1111111111111112,0.5
W3_trailing_12m,2018_2020,2018-07-31T01:25:00,2018-07-31T02:55:00,0.7502915263175964,76.11781246363637,0,timeout,30.0,False,0.2699999999999818,0.8999999999999999,-0.08888888888890914,-0.1444444444444647,0.5
W3_trailing_12m,2018_2020,2018-08-03T19:14:00,2018-08-03T19:20:00,0.7562845349311829,61.764070075751675,2,sl,30.0,False,-0.6,0.8999999999999999,-1.0555555555555556,-1.1111111111111112,0.5
W3_trailing_12m,2018_2020,2018-08-03T19:37:00,2018-08-03T19:41:00,0.7599900364875793,32.27819500333122,2,sl,30.0,False,-0.6,0.8999999999999999,-1.0555555555555556,-1.1111111111111112,0.5
W3_trailing_12m,2018_2020,2018-08-03T19:56:00,2018-08-03T20:07:00,0.7522428631782532,50.74573847735818,2,sl,30.0,False,-0.6,0.8999999999999999,-1.0555555555555556,-1.1111111111111112,0.5
W3_trailing_12m,2018_2020,2018-08-07T02:29:00,2018-08-07T03:59:00,0.7781137228012085,49.22970889857864,0,timeout,30.0,False,1.0499999999999545,0.8999999999999999,0.7777777777777273,0.7222222222221717,0.5
W3_trailing_12m,2018_2020,2018-08-10T19:16:00,2018-08-10T19:45:00,0.762204110622406,62.24445335594565,2,sl,30.0,False,-0.6,0.8999999999999999,-1.0555555555555556,-1.1111111111111112,0.5
W3_trailing_12m,2018_2020,2018-08-17T19:01:00,2018-08-17T19:53:00,0.764824390411377,31.550565931589418,2,sl,30.0,False,-0.6,0.8999999999999999,-1.0555555555555556,-1.1111111111111112,0.5
W3_trailing_12m,2018_2020,2018-08-21T01:27:00,2018-08-21T03:01:00,0.7506195902824402,53.19069715982644,0,timeout,30.0,False,0.709999999999809,0.8999999999999999,0.3999999999997878,0.3444444444442322,0.5
W3_trailing_12m,2018_2020,2018-08-23T03:09:00,2018-08-23T03:37:00,0.7510420680046082,33.33308243916443,2,sl,30.0,False,-0.6,0.8999999999999999,-1.0555555555555556,-1.1111111111111112,0.5
W3_trailing_12m,2018_2020,2018-08-24T19:27:00,2018-08-24T19:41:00,0.7521881461143494,27.586040429068746,2,sl,30.0,False,-0.6,0.8999999999999999,-1.0555555555555556,-1.1111111111111112,0.5
W3_trailing_12m,2018_2020,2018-09-20T03:29:00,2018-09-20T03:39:00,0.7646193504333496,99.99802820789449,2,sl,30.0,False,-0.6,0.8999999999999999,-1.0555555555555556,-1.1111111111111112,0.5
W3_trailing_12m,2018_2020,2018-09-21T01:34:00,2018-09-21T03:05:00,0.7519389390945435,49.998870993235634,0,timeout,30.0,False,0.8899999999998727,0.8999999999999999,0.5999999999998585,0.544444444444303,0.5
W3_trailing_12m,2018_2020,2018-09-25T02:01:00,2018-09-25T03:34:00,0.7753989696502686,27.65875059041619,0,timeout,30.0,False,-0.4499999999998181,0.8999999999999999,-0.888888888888687,-0.9444444444442425,0.5
W3_trailing_12m,2018_2020,2018-10-05T19:30:00,2018-10-05T19:44:00,0.7680172324180603,25.242546895312145,2,sl,30.0,False,-0.6,0.8999999999999999,-1.0555555555555556,-1.1111111111111112,0.5
W3_trailing_12m,2018_2020,2018-10-11T19:53:00,2018-10-11T20:02:00,0.7700533270835876,70.76846864725641,1,tp,20.0,True,1.5,0.8,1.5625,1.4999999999999998,0.5
W3_trailing_12m,2018_2020,2018-10-12T01:18:00,2018-10-12T01:47:00,0.7656223773956299,66.66566309754477,2,sl,23.0,True,-0.6,0.83,-1.0602409638554218,-1.1204819277108433,0.5
W3_trailing_12m,2018_2020,2018-10-12T02:41:00,2018-10-12T02:58:00,0.7913084626197815,56.700212574258515,2,sl,20.0,True,-0.6,0.8,-1.0625,-1.1249999999999998,0.5
W3_trailing_12m,2018_2020,2018-10-19T01:14:00,2018-10-19T02:51:00,0.7575739026069641,55.29320693541234,0,timeout,28.0,True,0.41000000000008185,0.88,0.0909090909091839,0.034090909091002104,0.5
W3_trailing_12m,2018_2020,2018-10-19T02:55:00,2018-10-19T03:37:00,0.7536568641662598,50.58740208984731,2,sl,22.0,True,-0.6,0.82,-1.0609756097560976,-1.121951219512195,0.5
W3_trailing_12m,2018_2020,2018-11-15T01:47:00,2018-11-15T02:25:00,0.7501967549324036,59.090282375787496,2,sl,18.0,True,-0.6,0.78,-1.064102564102564,-1.1282051282051282,0.5
W3_trailing_12m,2018_2020,2018-11-16T01:01:00,2018-11-16T02:37:00,0.7650501132011414,73.36631802591018,0,timeout,18.0,True,0.7899999999999636,0.78,0.7179487179486713,0.6538461538461071,0.5
W3_trailing_12m,2018_2020,2018-11-16T03:20:00,2018-11-16T03:24:00,0.7517781853675842,64.53435844126636,1,tp,24.0,True,1.5,0.84,1.4404761904761905,1.380952380952381,0.5
W3_trailing_12m,2018_2020,2018-11-16T03:44:00,2018-11-16T04:01:00,0.7581174969673157,52.608375427282624,2,sl,25.0,True,-0.6,0.85,-1.0588235294117647,-1.1176470588235294,0.5
W3_trailing_12m,2018_2020,2018-11-16T04:29:00,2018-11-16T04:34:00,0.7853928804397583,73.56203463392693,2,sl,23.0,True,-0.6,0.83,-1.0602409638554218,-1.1204819277108433,0.5
W3_trailing_12m,2018_2020,2018-11-16T19:02:00,2018-11-16T19:31:00,0.7516797184944153,58.5630829374788,1,tp,22.0,True,1.5,0.82,1.5,1.4390243902439024,0.5
W3_trailing_12m,2018_2020,2018-11-16T20:55:00,2018-11-16T21:03:00,0.7690426707267761,29.65092144599261,2,sl,22.0,True,-0.6,0.82,-1.0609756097560976,-1.121951219512195,0.5
W3_trailing_12m,2018_2020,2018-11-16T22:24:00,2018-11-16T22:33:00,0.7546831369400024,51.99927201019095,2,sl,23.0,True,-0.6,0.83,-1.0602409638554218,-1.1204819277108433,0.5
W3_trailing_12m,2018_2020,2018-11-16T23:11:00,2018-11-16T23:55:00,0.7627558708190918,45.5351450964042,2,sl,27.0,True,-0.6,0.87,-1.057471264367816,-1.1149425287356323,0.5
W3_trailing_12m,2018_2020,2018-12-13T03:09:00,2018-12-13T03:14:00,0.7607533931732178,49.43742457983836,2,sl,22.0,True,-0.6,0.82,-1.0609756097560976,-1.121951219512195,0.5
W3_trailing_12m,2018_2020,2018-12-13T03:29:00,2018-12-13T04:59:00,0.7518641948699951,49.99825006124786,0,timeout,24.0,True,0.08000000000015461,0.84,-0.24999999999981593,-0.3095238095236255,0.5
W3_trailing_12m,2018_2020,2019-01-16T04:22:00,2019-01-16T05:11:00,0.7529485821723938,26.22890622183236,2,sl,27.0,True,-0.6,0.87,-1.057471264367816,-1.1149425287356323,0.5
W3_trailing_12m,2018_2020,2019-01-18T08:50:00,2019-01-18T09:19:00,0.7566872835159302,67.0319357724079,2,sl,24.0,True,-0.6,0.84,-1.0595238095238095,-1.119047619047619,0.5
W3_trailing_12m,2018_2020,2019-01-18T11:24:00,2019-01-18T11:28:00,0.7503501176834106,31.273962225685693,2,sl,21.0,True,-0.6,0.8099999999999999,-1.0617283950617284,-1.1234567901234567,0.5
W3_trailing_12m,2018_2020,2019-01-22T03:58:00,2019-01-22T04:03:00,0.7669575214385986,33.33259260906516,2,sl,24.0,True,-0.6,0.84,-1.0595238095238095,-1.119047619047619,0.5
W3_trailing_12m,2018_2020,2019-01-24T02:31:00,2019-01-24T03:04:00,0.7883720397949219,50.63201411620516,1,tp,23.0,True,1.5,0.83,1.4698795180722892,1.4096385542168675,0.5
W3_trailing_12m,2018_2020,2019-02-04T04:47:00,2019-02-04T05:13:00,0.7518737316131592,60.414904565302265,2,sl,25.0,True,-0.6,0.85,-1.0588235294117647,-1.1176470588235294,0.5
W3_trailing_12m,2018_2020,2019-02-05T03:22:00,2019-02-05T04:33:00,0.7603619694709778,29.544514492741826,1,tp,26.0,True,1.5,0.86,1.3837209302325582,1.3255813953488373,0.5
W3_trailing_12m,2018_2020,2019-02-05T04:50:00,2019-02-05T06:20:00,0.7512382864952087,72.85568574342196,0,timeout,25.0,True,0.6600000000000819,0.85,0.4235294117648022,0.36470588235303747,0.5
W3_trailing_12m,2018_2020,2019-02-05T08:16:00,2019-02-05T08:36:00,0.7592343091964722,33.89750073725757,2,sl,25.0,True,-0.6,0.85,-1.0588235294117647,-1.1176470588235294,0.5
W3_trailing_12m,2018_2020,2019-02-06T02:05:00,2019-02-06T03:10:00,0.7553130984306335,51.01967931070277,2,sl,28.0,True,-0.6,0.88,-1.0568181818181817,-1.1136363636363635,0.5
W3_trailing_12m,2018_2020,2019-02-06T03:34:00,2019-02-06T03:38:00,0.7524909973144531,45.16095040144662,2,sl,24.0,True,-0.6,0.84,-1.0595238095238095,-1.119047619047619,0.5
W3_trailing_12m,2018_2020,2019-02-06T04:17:00,2019-02-06T04:25:00,0.7694714665412903,67.34597669014406,1,tp,28.0,True,1.5,0.88,1.3295454545454544,1.272727272727273,0.5
W3_trailing_12m,2018_2020,2019-02-06T08:34:00,2019-02-06T09:04:00,0.7662732601165771,48.978192459809165,2,sl,21.0,True,-0.6,0.8099999999999999,-1.0617283950617284,-1.1234567901234567,0.5
W3_trailing_12m,2018_2020,2019-02-08T08:02:00,2019-02-08T08:32:00,0.7541553974151611,69.99860002799619,2,sl,26.0,True,-0.6,0.86,-1.0581395348837208,-1.1162790697674418,0.5
W3_trailing_12m,2018_2020,2019-02-08T09:01:00,2019-02-08T09:12:00,0.7687870860099792,29.999533340595008,2,sl,22.0,True,-0.6,0.82,-1.0609756097560976,-1.121951219512195,0.5
W3_trailing_12m,2018_2020,2019-02-19T04:10:00,2019-02-19T05:40:00,0.7552053928375244,49.99918605976182,0,timeout,21.0,True,-0.01999999999998181,0.8099999999999999,-0.34567901234565657,-0.40740740740738496,0.5
W3_trailing_12m,2018_2020,2019-03-07T03:27:00,2019-03-07T04:37:00,0.7524859309196472,54.30968936581293,2,sl,22.0,True,-0.6,0.82,-1.0609756097560976,-1.121951219512195,0.5
W3_trailing_12m,2018_2020,2019-03-11T04:03:00,2019-03-11T05:33:00,0.750144362449646,47.29684989466648,0,timeout,23.0,True,0.7100000000000364,0.83,0.5180722891566704,0.45783132530124865,0.5
W3_trailing_12m,2018_2020,2019-03-12T01:25:00,2019-03-12T01:38:00,0.7573220729827881,53.33208891792524,2,sl,26.0,True,-0.6,0.86,-1.0581395348837208,-1.1162790697674418,0.5
W3_trailing_12m,2018_2020,2019-03-12T02:01:00,2019-03-12T03:12:00,0.797994077205658,56.17889156799149,1,tp,23.0,True,1.5,0.83,1.4698795180722892,1.4096385542168675,0.5
W3_trailing_12m,2018_2020,2019-03-12T03:16:00,2019-03-12T04:46:00,0.7525383234024048,91.71521656032043,0,timeout,18.0,True,0.9700000000000273,0.78,0.9487179487179837,0.8846153846154196,0.5
W3_trailing_12m,2018_2020,2019-03-12T04:58:00,2019-03-12T06:28:00,0.7555102109909058,71.42714288570907,0,timeout,23.0,True,0.13000000000010914,0.83,-0.1807228915661336,-0.2409638554215553,0.5
W3_trailing_12m,2018_2020,2019-03-14T04:56:00,2019-03-14T05:17:00,0.7519845366477966,57.245796057141334,2,sl,26.0,True,-0.6,0.86,-1.0581395348837208,-1.1162790697674418,0.5
W3_trailing_12m,2018_2020,2019-03-15T03:44:00,2019-03-15T04:14:00,0.7560864090919495,22.47173336839181,2,sl,25.0,True,-0.6,0.85,-1.0588235294117647,-1.1176470588235294,0.5
W3_trailing_12m,2018_2020,2019-03-18T01:37:00,2019-03-18T01:57:00,0.7612739205360413,54.99807506737264,2,sl,27.0,True,-0.6,0.87,-1.057471264367816,-1.1149425287356323,0.5
W3_trailing_12m,2018_2020,2019-03-18T03:39:00,2019-03-18T04:38:00,0.7564467787742615,70.31198730842199,2,sl,25.0,True,-0.6,0.85,-1.0588235294117647,-1.1176470588235294,0.5
W3_trailing_12m,2018_2020,2019-03-18T04:57:00,2019-03-18T06:27:00,0.7525264620780945,52.1731191047082,0,timeout,24.0,True,-0.05999999999994543,0.84,-0.4166666666666017,-0.47619047619041127,0.5
W3_trailing_12m,2018_2020,2019-03-19T04:07:00,2019-03-19T04:29:00,0.7521847486495972,29.999400011990005,1,tp,25.0,True,1.5,0.85,1.411764705882353,1.352941176470588,0.5
W3_trailing_12m,2018_2020,2019-03-19T04:46:00,2019-03-19T06:16:00,0.7660652995109558,54.83788416087887,0,timeout,25.0,True,0.2599999999999909,0.85,-0.04705882352942245,-0.10588235294118721,0.5
W3_trailing_12m,2018_2020,2019-03-20T03:37:00,2019-03-20T05:07:00,0.7544540166854858,49.999500004999945,0,timeout,25.0,True,1.2699999999999818,0.85,1.141176470588214,1.0823529411764492,0.5
W3_trailing_12m,2018_2020,2019-03-20T08:30:00,2019-03-20T08:52:00,0.7561049461364746,26.983527350176132,2,sl,25.0,True,-0.6,0.85,-1.0588235294117647,-1.1176470588235294,0.5
W3_trailing_12m,2018_2020,2019-04-02T03:11:00,2019-04-02T04:29:00,0.7801769971847534,79.99882107000528,2,sl,25.0,True,-0.6,0.85,-1.0588235294117647,-1.1176470588235294,0.5
W3_trailing_12m,2018_2020,2019-04-03T02:48:00,2019-04-03T03:02:00,0.7548784613609314,56.17889156800584,2,sl,25.0,True,-0.6,0.85,-1.0588235294117647,-1.1176470588235294,0.5
W3_trailing_12m,2018_2020,2019-04-03T03:20:00,2019-04-03T03:43:00,0.7563368678092957,65.75216365712639,2,sl,24.0,True,-0.6,0.84,-1.0595238095238095,-1.119047619047619,0.5
W3_trailing_12m,2018_2020,2019-04-04T03:01:00,2019-04-04T04:03:00,0.8261841535568237,66.10012643769082,2,sl,24.0,True,-0.6,0.84,-1.0595238095238095,-1.119047619047619,0.5
W3_trailing_12m,2018_2020,2019-04-04T04:35:00,2019-04-04T04:42:00,0.7792375683784485,56.04309384250325,2,sl,22.0,True,-0.6,0.82,-1.0609756097560976,-1.121951219512195,0.5
W3_trailing_12m,2018_2020,2019-04-05T01:48:00,2019-04-05T02:13:00,0.7635215520858765,48.275279436284016,2,sl,25.0,True,-0.6,0.85,-1.0588235294117647,-1.1176470588235294,0.5
W3_trailing_12m,2018_2020,2019-04-05T02:36:00,2019-04-05T02:59:00,0.7527106404304504,53.487501366253134,2,sl,22.0,True,-0.6,0.82,-1.0609756097560976,-1.121951219512195,0.5
W3_trailing_12m,2018_2020,2019-04-05T03:24:00,2019-04-05T04:24:00,0.7532539963722229,59.55821043018392,2,sl,21.0,True,-0.6,0.8099999999999999,-1.0617283950617284,-1.1234567901234567,0.5
W3_trailing_12m,2018_2020,2019-04-05T04:44:00,2019-04-05T05:00:00,0.7546997666358948,46.96870066392739,2,sl,26.0,True,-0.6,0.86,-1.0581395348837208,-1.1162790697674418,0.5
W3_trailing_12m,2018_2020,2019-04-05T08:40:00,2019-04-05T08:59:00,0.7505226731300354,30.840717971925713,2,sl,25.0,True,-0.6,0.85,-1.0588235294117647,-1.1176470588235294,0.5
W3_trailing_12m,2018_2020,2019-04-08T01:21:00,2019-04-08T01:33:00,0.7529034614562988,53.73022056256857,1,tp,21.0,True,1.5,0.8099999999999999,1.5308641975308643,1.4691358024691359,0.5
W3_trailing_12m,2018_2020,2019-04-08T01:54:00,2019-04-08T02:28:00,0.7614573836326599,59.99847276615604,2,sl,21.0,True,-0.6,0.8099999999999999,-1.0617283950617284,-1.1234567901234567,0.5
W3_trailing_12m,2018_2020,2019-04-08T03:00:00,2019-04-08T03:54:00,0.763899564743042,59.99847276615604,1,tp,21.0,True,1.5,0.8099999999999999,1.5308641975308643,1.4691358024691359,0.5
W3_trailing_12m,2018_2020,2019-04-09T03:01:00,2019-04-09T03:16:00,0.7675595879554749,28.260009477979935,2,sl,21.0,True,-0.6,0.8099999999999999,-1.0617283950617284,-1.1234567901234567,0.5
W3_trailing_12m,2018_2020,2019-04-09T03:33:00,2019-04-09T03:50:00,0.7564125657081604,48.3016316140237,1,tp,24.0,True,1.5,0.84,1.4404761904761905,1.380952380952381,0.5
W3_trailing_12m,2018_2020,2019-04-16T01:42:00,2019-04-16T03:04:00,0.7668929696083069,91.66310199048867,2,sl,19.0,True,-0.6,0.79,-1.0632911392405062,-1.1265822784810124,0.5
W3_trailing_12m,2018_2020,2019-04-17T03:22:00,2019-04-17T03:51:00,0.7503882646560669,23.78624611289156,1,tp,20.0,True,1.5,0.8,1.5625,1.4999999999999998,0.5
W3_trailing_12m,2018_2020,2019-04-22T03:11:00,2019-04-22T03:35:00,0.7626244425773621,66.1001264376784,2,sl,24.0,True,-0.6,0.84,-1.0595238095238095,-1.119047619047619,0.5
W3_trailing_12m,2018_2020,2019-04-23T01:11:00,2019-04-23T02:09:00,0.7696782946586609,82.49855627527513,2,sl,28.0,True,-0.6,0.88,-1.0568181818181817,-1.1136363636363635,0.5
W3_trailing_12m,2018_2020,2019-04-23T03:40:00,2019-04-23T04:30:00,0.750142514705658,84.84758494984041,1,tp,18.0,True,1.5,0.78,1.6282051282051282,1.564102564102564,0.5
W3_trailing_12m,2018_2020,2019-04-24T02:11:00,2019-04-24T03:38:00,0.7656983733177185,54.9990375168534,2,sl,27.0,True,-0.6,0.87,-1.057471264367816,-1.1149425287356323,0.5
W3_trailing_12m,2018_2020,2019-04-25T01:01:00,2019-04-25T01:12:00,0.76792973279953,72.0573399959506,2,sl,28.0,True,-0.6,0.88,-1.0568181818181817,-1.1136363636363635,0.5
W3_trailing_12m,2018_2020,2019-04-25T01:28:00,2019-04-25T02:42:00,0.7770833969116211,32.14245536216583,2,sl,27.0,True,-0.6,0.87,-1.057471264367816,-1.1149425287356323,0.5
W3_trailing_12m,2018_2020,2019-04-25T03:57:00,2019-04-25T04:13:00,0.750182569026947,64.3470427316494,2,sl,25.0,True,-0.6,0.85,-1.0588235294117647,-1.1176470588235294,0.5
W3_trailing_12m,2018_2020,2019-04-26T04:04:00,2019-04-26T05:13:00,0.7544393539428711,51.57451888060318,1,tp,22.0,True,1.5,0.82,1.5,1.4390243902439024,0.5
W3_trailing_12m,2018_2020,2019-04-26T08:01:00,2019-04-26T09:31:00,0.7906014323234558,86.74552477426805,0,timeout,20.0,True,1.1099999999999,0.8,1.074999999999875,1.0124999999998747,0.5
W3_trailing_12m,2018_2020,2019-04-26T09:46:00,2019-04-26T10:00:00,0.7543944716453552,63.37965682028803,2,sl,20.0,True,-0.6,0.8,-1.0625,-1.1249999999999998,0.5
W3_trailing_12m,2018_2020,2019-04-26T11:57:00,2019-04-26T12:11:00,0.777209460735321,53.76303619220451,2,sl,23.0,True,-0.6,0.83,-1.0602409638554218,-1.1204819277108433,0.5
W3_trailing_12m,2018_2020,2019-04-29T01:02:00,2019-04-29T02:32:00,0.7571448087692261,59.33974642146963,0,timeout,29.0,True,-0.14999999999986358,0.8899999999999999,-0.5505617977526558,-0.6067415730335547,0.5
W3_trailing_12m,2018_2020,2019-04-29T02:52:00,2019-04-29T03:27:00,0.7578525543212891,55.17152597543867,2,sl,14.0,True,-0.6,0.74,-1.0675675675675675,-1.135135135135135,0.5
W3_trailing_12m,2018_2020,2019-04-29T03:42:00,2019-04-29T05:12:00,0.7680060863494873,46.34067223242732,0,timeout,28.0,True,0.33999999999991815,0.88,0.011363636363543329,-0.04545454545463848,0.5
W3_trailing_12m,2018_2020,2019-04-29T09:15:00,2019-04-29T09:29:00,0.7624008655548096,52.20534494497629,2,sl,22.0,True,-0.6,0.82,-1.0609756097560976,-1.121951219512195,0.5
W3_trailing_12m,2018_2020,2019-04-29T09:48:00,2019-04-29T09:53:00,0.7538479566574097,56.1640245222171,2,sl,22.0,True,-0.6,0.82,-1.0609756097560976,-1.121951219512195,0.5
W3_trailing_12m,2018_2020,2019-04-30T01:01:00,2019-04-30T02:31:00,0.7660045623779297,58.331631994058945,0,timeout,24.0,True,0.2599999999999909,0.84,-0.035714285714296516,-0.0952380952381061,0.5
W3_trailing_12m,2018_2020,2019-04-30T04:10:00,2019-04-30T05:40:00,0.7514280080795288,59.273858937893756,0,timeout,20.0,True,0.21000000000003638,0.8,-0.049999999999954525,-0.11249999999995451,0.5
W3_trailing_12m,2018_2020,2019-05-01T01:03:00,2019-05-01T01:45:00,0.7553815841674805,48.05107439605224,2,sl,29.0,True,-0.6,0.8899999999999999,-1.056179775280899,-1.1123595505617978,0.5
W3_trailing_12m,2018_2020,2019-05-01T08:01:00,2019-05-01T09:12:00,0.7749962210655212,61.10952679006256,2,sl,24.0,True,-0.6,0.84,-1.0595238095238095,-1.119047619047619,0.5
W3_trailing_12m,2018_2020,2019-05-03T03:01:00,2019-05-03T04:31:00,0.7871149182319641,61.53713612322734,0,timeout,19.0,True,0.2699999999999818,0.79,0.03797468354428078,-0.02531645569622553,0.5
W3_trailing_12m,2018_2020,2019-05-03T04:51:00,2019-05-03T06:21:00,0.7617258429527283,34.2102742400877,0,timeout,19.0,True,0.7100000000000364,0.79,0.5949367088608055,0.5316455696202992,0.5
W3_trailing_12m,2018_2020,2019-05-03T19:25:00,2019-05-03T20:42:00,0.7592701315879822,52.659182325236074,2,sl,21.0,True,-0.6,0.8099999999999999,-1.0617283950617284,-1.1234567901234567,0.5
W3_trailing_12m,2018_2020,2019-05-03T23:42:00,2019-05-06T01:00:00,0.7744485139846802,78.42921959006009,1,tp,24.0,True,1.5,0.84,1.4404761904761905,1.380952380952381,0.5
W3_trailing_12m,2018_2020,2019-05-07T01:20:00,2019-05-07T02:50:00,0.7606852054595947,59.998880020894156,0,timeout,27.0,True,1.3100000000001728,0.87,1.1379310344829572,1.0804597701151413,0.5
W3_trailing_12m,2018_2020,2019-05-07T02:55:00,2019-05-07T03:45:00,0.7627243399620056,71.4274725443713,2,sl,20.0,True,-0.6,0.8,-1.0625,-1.1249999999999998,0.5
W3_trailing_12m,2018_2020,2019-05-07T04:01:00,2019-05-07T04:10:00,0.7792170643806458,55.837166639424595,2,sl,22.0,True,-0.6,0.82,-1.0609756097560976,-1.121951219512195,0.5
W3_trailing_12m,2018_2020,2019-05-07T04:56:00,2019-05-07T06:26:00,0.7517825961112976,49.38228928885869,0,timeout,20.0,True,0.22000000000002728,0.8,-0.037499999999965894,-0.09999999999996588,0.5
W3_trailing_12m,2018_2020,2019-05-08T03:01:00,2019-05-08T03:20:00,0.7717872858047485,66.26394253590969,2,sl,18.0,True,-0.6,0.78,-1.064102564102564,-1.1282051282051282,0.5
W3_trailing_12m,2018_2020,2019-05-08T08:24:00,2019-05-08T08:30:00,0.7503170371055603,65.38285507696524,2,sl,19.0,True,-0.6,0.79,-1.0632911392405062,-1.1265822784810124,0.5
W3_trailing_12m,2018_2020,2019-05-09T02:19:00,2019-05-09T03:31:00,0.750298798084259,51.46952856852751,1,tp,22.0,True,1.5,0.82,1.5,1.4390243902439024,0.5
W3_trailing_12m,2018_2020,2019-05-10T01:21:00,2019-05-10T02:37:00,0.7744054794311523,49.99416734714283,2,sl,26.0,True,-0.6,0.86,-1.0581395348837208,-1.1162790697674418,0.5
W3_trailing_12m,2018_2020,2019-05-10T02:55:00,2019-05-10T03:01:00,0.7520780563354492,83.11537192829302,2,sl,22.0,True,-0.6,0.82,-1.0609756097560976,-1.121951219512195,0.5
W3_trailing_12m,2018_2020,2019-05-10T11:02:00,2019-05-10T12:32:00,0.7558344006538391,22.37740329814764,0,timeout,22.0,True,0.6199999999998909,0.82,0.42682926829254986,0.3658536585364523,0.5
W3_trailing_12m,2018_2020,2019-05-10T12:58:00,2019-05-10T13:05:00,0.7538376450538635,49.99912501531223,2,sl,23.0,True,-0.6,0.83,-1.0602409638554218,-1.1204819277108433,0.5
W3_trailing_12m,2018_2020,2019-05-10T19:54:00,2019-05-10T20:20:00,0.7616766095161438,50.25604944374735,2,sl,20.0,True,-0.6,0.8,-1.0625,-1.1249999999999998,0.5
W3_trailing_12m,2018_2020,2019-05-13T08:01:00,2019-05-13T09:21:00,0.8443293571472168,52.940086527628345,2,sl,23.0,True,-0.6,0.83,-1.0602409638554218,-1.1204819277108433,0.5
W3_trailing_12m,2018_2020,2019-05-13T09:46:00,2019-05-13T10:00:00,0.7660535573959351,49.99932693213745,2,sl,23.0,True,-0.6,0.83,-1.0602409638554218,-1.1204819277108433,0.5
W3_trailing_12m,2018_2020,2019-05-13T11:43:00,2019-05-13T13:13:00,0.7509141564369202,49.99964646714619,0,timeout,23.0,True,0.13999999999987267,0.83,-0.16867469879533417,-0.22891566265075586,0.5
W3_trailing_12m,2018_2020,2019-05-15T02:04:00,2019-05-15T03:34:00,0.7747020125389099,49.9990000199996,0,timeout,27.0,True,0.8399999999999181,0.87,0.5977011494251933,0.5402298850573772,0.5
W3_trailing_12m,2018_2020,2019-05-15T03:35:00,2019-05-15T04:00:00,0.7503357529640198,46.80804587755318,2,sl,24.0,True,-0.6,0.84,-1.0595238095238095,-1.119047619047619,0.5
W3_trailing_12m,2018_2020,2019-05-15T08:08:00,2019-05-15T09:17:00,0.7583426833152771,53.99848804235573,2,sl,25.0,True,-0.6,0.85,-1.0588235294117647,-1.1176470588235294,0.5
W3_trailing_12m,2018_2020,2019-05-20T02:01:00,2019-05-20T02:12:00,0.7542207837104797,66.12753905555789,2,sl,25.0,True,-0.6,0.85,-1.0588235294117647,-1.1176470588235294,0.5
W3_trailing_12m,2018_2020,2019-05-20T03:21:00,2019-05-20T04:15:00,0.7540329098701477,47.540438060538904,1,tp,23.0,True,1.5,0.83,1.4698795180722892,1.4096385542168675,0.5
W3_trailing_12m,2018_2020,2019-05-21T01:17:00,2019-05-21T02:48:00,0.7656126022338867,84.31141105931124,0,timeout,24.0,True,0.06999999999993634,0.84,-0.2619047619048377,-0.3214285714286473,0.5
W3_trailing_12m,2018_2020,2019-05-21T04:01:00,2019-05-21T04:03:00,0.7579233050346375,53.48779160535996,2,sl,23.0,True,-0.6,0.83,-1.0602409638554218,-1.1204819277108433,0.5
W3_trailing_12m,2018_2020,2019-05-21T04:31:00,2019-05-21T06:01:00,0.7590762376785278,47.69179408837378,0,timeout,24.0,True,-0.2899999999999636,0.84,-0.6904761904761473,-0.7499999999999568,0.5
W3_trailing_12m,2018_2020,2019-05-22T01:15:00,2019-05-22T02:45:00,0.7674709558486938,31.03298461453585,0,timeout,23.0,True,0.15000000000009095,0.83,-0.15662650602398684,-0.21686746987940853,0.5
W3_trailing_12m,2018_2020,2019-05-22T03:15:00,2019-05-22T03:55:00,0.7541893124580383,55.19430342841548,2,sl,23.0,True,-0.6,0.83,-1.0602409638554218,-1.1204819277108433,0.5
W3_trailing_12m,2018_2020,2019-05-22T04:21:00,2019-05-22T05:50:00,0.7685033082962036,49.99938597245297,2,sl,25.0,True,-0.6,0.85,-1.0588235294117647,-1.1176470588235294,0.5
W3_trailing_12m,2018_2020,2019-05-24T01:01:00,2019-05-24T02:31:00,0.8377119898796082,29.33278578800227,0,timeout,29.0,True,0.7000000000000455,0.8899999999999999,0.404494382022523,0.3483146067416242,0.5
W3_trailing_12m,2018_2020,2019-05-24T08:45:00,2019-05-24T08:58:00,0.7594509124755859,61.48084390235828,2,sl,22.0,True,-0.6,0.82,-1.0609756097560976,-1.121951219512195,0.5
W3_trailing_12m,2018_2020,2019-05-24T09:54:00,2019-05-24T10:02:00,0.7693105340003967,32.462516986849465,2,sl,22.0,True,-0.6,0.82,-1.0609756097560976,-1.121951219512195,0.5
W3_trailing_12m,2018_2020,2019-05-24T11:03:00,2019-05-24T11:14:00,0.7526412606239319,64.8636377149638,2,sl,22.0,True,-0.6,0.82,-1.0609756097560976,-1.121951219512195,0.5
W3_trailing_12m,2018_2020,2019-05-24T11:41:00,2019-05-24T12:19:00,0.7722058296203613,33.7576607597173,2,sl,21.0,True,-0.6,0.8099999999999999,-1.0617283950617284,-1.1234567901234567,0.5
W3_trailing_12m,2018_2020,2019-05-24T18:40:00,2019-05-24T20:10:00,0.7609661817550659,33.55673168171052,0,timeout,19.0,True,0.6600000000000819,0.79,0.5316455696203568,0.4683544303798505,0.5
W3_trailing_12m,2018_2020,2019-05-24T20:33:00,2019-05-24T22:03:00,0.7504916191101074,27.840687630894507,0,timeout,19.0,True,-0.009999999999990905,0.79,-0.3164556962025201,-0.3797468354430264,0.5
W3_trailing_12m,2018_2020,2019-05-24T22:23:00,2019-05-24T23:53:00,0.7578481435775757,78.84403112222304,0,timeout,21.0,True,0.3999999999998636,0.8099999999999999,0.17283950617267108,0.1111111111109427,0.5
W3_trailing_12m,2018_2020,2019-05-27T01:00:00,2019-05-27T01:34:00,0.8261961340904236,55.35575896316878,2,sl,27.0,True,-0.6,0.87,-1.057471264367816,-1.1149425287356323,0.5
W3_trailing_12m,2018_2020,2019-05-27T04:18:00,2019-05-27T05:48:00,0.7542418241500854,87.34099824431772,0,timeout,22.0,True,0.4700000000000273,0.82,0.24390243902442352,0.18292682926832596,0.5
W3_trailing_12m,2018_2020,2019-05-27T08:14:00,2019-05-27T08:54:00,0.7616599798202515,84.08823355621325,2,sl,23.0,True,-0.6,0.83,-1.0602409638554218,-1.1204819277108433,0.5
W3_trailing_12m,2018_2020,2019-05-27T09:55:00,2019-05-27T11:25:00,0.7581535577774048,45.05425191261041,0,timeout,24.0,True,0.7899999999999636,0.84,0.5952380952380519,0.5357142857142424,0.5
W3_trailing_12m,2018_2020,2019-05-27T11:51:00,2019-05-27T13:21:00,0.7558177709579468,30.76881657363313,0,timeout,25.0,True,-0.15999999999985448,0.85,-0.5411764705880641,-0.5999999999998289,0.5
W3_trailing_12m,2018_2020,2019-05-28T01:01:00,2019-05-28T02:31:00,0.754416823387146,49.99905407194999,0,timeout,27.0,True,0.029999999999972715,0.87,-0.3333333333333647,-0.3908045977011808,0.5
W3_trailing_12m,2018_2020,2019-05-28T03:25:00,2019-05-28T03:30:00,0.75380539894104,56.45097555350507,2,sl,21.0,True,-0.6,0.8099999999999999,-1.0617283950617284,-1.1234567901234567,0.5
W3_trailing_12m,2018_2020,2019-05-28T08:02:00,2019-05-28T09:32:00,0.7619792819023132,65.15013317899474,0,timeout,23.0,True,0.8699999999998909,0.83,0.7108433734938444,0.6506024096384226,0.5
W3_trailing_12m,2018_2020,2019-05-28T09:41:00,2019-05-28T09:51:00,0.7750566601753235,69.30597001626232,2,sl,15.0,True,-0.6,0.75,-1.0666666666666667,-1.1333333333333333,0.5
W3_trailing_12m,2018_2020,2019-05-28T11:04:00,2019-05-28T11:34:00,0.7512620091438293,24.60290123760558,1,tp,22.0,True,1.5,0.82,1.5,1.4390243902439024,0.5
W3_trailing_12m,2018_2020,2019-05-29T01:16:00,2019-05-29T02:46:00,0.7554762959480286,62.68525732299397,0,timeout,30.0,True,0.2400000000000091,0.8999999999999999,-0.12222222222221217,-0.1777777777777677,0.5
W3_trailing_12m,2018_2020,2019-05-29T03:35:00,2019-05-29T03:54:00,0.7597681283950806,53.59074570694331,2,sl,22.0,True,-0.6,0.82,-1.0609756097560976,-1.121951219512195,0.5
W3_trailing_12m,2018_2020,2019-05-31T01:34:00,2019-05-31T02:35:00,0.7611819505691528,49.99681838428463,1,tp,21.0,True,1.5,0.8099999999999999,1.5308641975308643,1.4691358024691359,0.5
W3_trailing_12m,2018_2020,2019-05-31T02:44:00,2019-05-31T03:05:00,0.7527862191200256,60.88406381737913,1,tp,20.0,True,1.5,0.8,1.5625,1.4999999999999998,0.5
W3_trailing_12m,2018_2020,2019-05-31T03:07:00,2019-05-31T04:09:00,0.7653804421424866,72.72669421947663,1,tp,18.0,True,1.5,0.78,1.6282051282051282,1.564102564102564,0.5
W3_trailing_12m,2018_2020,2019-05-31T09:05:00,2019-05-31T09:44:00,0.7506771683692932,24.858560440765018,1,tp,17.0,True,1.5,0.77,1.6623376623376622,1.5974025974025974,0.5
W3_trailing_12m,2018_2020,2019-05-31T09:45:00,2019-05-31T11:15:00,0.7581883072853088,67.73016020487452,0,timeout,18.0,True,0.709999999999809,0.78,0.6153846153843705,0.5512820512818064,0.5
W3_trailing_12m,2018_2020,2019-05-31T11:23:00,2019-05-31T11:30:00,0.7542164325714111,70.53483260030207,2,sl,21.0,True,-0.6,0.8099999999999999,-1.0617283950617284,-1.1234567901234567,0.5
W3_trailing_12m,2018_2020,2019-05-31T11:51:00,2019-05-31T12:21:00,0.7579401731491089,66.24144752848903,1,tp,23.0,True,1.5,0.83,1.4698795180722892,1.4096385542168675,0.5
W3_trailing_12m,2018_2020,2019-08-22T03:01:00,2019-08-22T03:55:00,0.7515169978141785,71.28614058814402,2,sl,27.0,True,-0.6,0.87,-1.057471264367816,-1.1149425287356323,0.5
W3_trailing_12m,2018_2020,2019-09-12T01:57:00,2019-09-12T02:18:00,0.757278323173523,66.66590786771533,2,sl,26.0,True,-0.6,0.86,-1.0581395348837208,-1.1162790697674418,0.5
W3_trailing_12m,2018_2020,2019-09-12T02:48:00,2019-09-12T02:57:00,0.7519738078117371,31.195207949588166,2,sl,29.0,True,-0.7805714285713683,1.0705714285713683,-1.0467040298905819,-1.0934080597811635,0.5
W3_trailing_12m,2018_2020,2019-09-18T02:33:00,2019-09-18T04:03:00,0.7528342604637146,59.64839028292669,0,timeout,28.0,True,0.8800000000001091,0.88,0.6250000000001239,0.5681818181819422,0.5
W3_trailing_12m,2018_2020,2019-10-03T01:01:00,2019-10-03T02:31:00,0.7572713494300842,27.118429571750696,0,timeout,26.0,True,0.7000000000000455,0.86,0.45348837209307613,0.3953488372093552,0.5
W3_trailing_12m,2018_2020,2019-10-03T02:40:00,2019-10-03T03:01:00,0.7503906488418579,53.645442168653744,1,tp,26.0,True,1.5,0.86,1.3837209302325582,1.3255813953488373,0.5
W3_trailing_12m,2018_2020,2019-10-15T01:28:00,2019-10-15T01:45:00,0.7533352375030518,57.54640976440521,2,sl,24.0,True,-0.6,0.84,-1.0595238095238095,-1.119047619047619,0.5
W3_trailing_12m,2018_2020,2019-10-15T02:01:00,2019-10-15T02:45:00,0.7560773491859436,32.4318188574819,2,sl,24.0,True,-0.6,0.84,-1.0595238095238095,-1.119047619047619,0.5
W3_trailing_12m,2018_2020,2019-10-18T02:46:00,2019-10-18T03:07:00,0.7564973831176758,54.62120613707403,2,sl,30.0,True,-0.6,0.8999999999999999,-1.0555555555555556,-1.1111111111111112,0.5
W3_trailing_12m,2018_2020,2019-10-23T03:01:00,2019-10-23T03:20:00,0.7817146182060242,48.8628589999728,1,tp,19.0,True,1.5,0.79,1.5949367088607593,1.5316455696202531,0.5
W3_trailing_12m,2018_2020,2019-10-24T03:01:00,2019-10-24T03:21:00,0.751258134841919,56.69228843146907,2,sl,23.0,True,-0.6,0.83,-1.0602409638554218,-1.1204819277108433,0.5
W3_trailing_12m,2018_2020,2019-11-12T02:14:00,2019-11-12T02:45:00,0.7518975734710693,71.65314836848236,2,sl,18.0,True,-0.6,0.78,-1.064102564102564,-1.1282051282051282,0.5
W3_trailing_12m,2018_2020,2019-11-12T03:01:00,2019-11-12T03:07:00,0.766549825668335,64.05488628183917,2,sl,24.0,True,-0.6,0.84,-1.0595238095238095,-1.119047619047619,0.5
W3_trailing_12m,2018_2020,2019-11-15T01:01:00,2019-11-15T01:31:00,0.8309260606765747,49.99935186025366,2,sl,24.0,True,-0.6,0.84,-1.0595238095238095,-1.119047619047619,0.5
W3_trailing_12m,2018_2020,2019-11-15T01:56:00,2019-11-15T02:30:00,0.7676886916160583,51.88644980646192,2,sl,44.0,True,-0.6,1.04,-1.048076923076923,-1.0961538461538463,0.5
W3_trailing_12m,2018_2020,2019-11-15T03:18:00,2019-11-15T04:48:00,0.7535879611968994,52.352725606424954,0,timeout,20.0,True,0.15999999999985448,0.922285714285785,-0.09758364312282689,-0.15179677819097637,0.5
W3_trailing_12m,2018_2020,2019-11-15T09:40:00,2019-11-15T10:09:00,0.755567193031311,47.908490220966776,1,tp,18.0,True,1.5,0.78,1.6282051282051282,1.564102564102564,0.5
W3_trailing_12m,2018_2020,2019-11-15T23:15:00,2019-11-18T01:29:00,0.7540571689605713,47.72651344183278,1,tp,20.0,True,1.5,0.8,1.5625,1.4999999999999998,0.5
W3_trailing_12m,2018_2020,2019-11-18T03:47:00,2019-11-18T04:03:00,0.7510432004928589,34.41527154947386,2,sl,21.0,True,-0.6,0.8099999999999999,-1.0617283950617284,-1.1234567901234567,1.0
W3_trailing_12m,2018_2020,2019-11-21T03:07:00,2019-11-21T04:21:00,0.7533501386642456,47.096632397236334,2,sl,20.0,True,-0.7977142857143398,0.9977142857143397,-1.0501145475372253,-1.1002290950744507,0.5
W3_trailing_12m,2018_2020,2019-11-22T03:18:00,2019-11-22T03:58:00,0.7539089918136597,52.11233353396085,2,sl,20.0,True,-0.6,0.8,-1.0625,-1.1249999999999998,0.5
W3_trailing_12m,2018_2020,2019-11-25T03:01:00,2019-11-25T03:02:00,0.7544070482254028,55.77850206079062,2,sl,20.0,True,-0.6,0.8,-1.0625,-1.1249999999999998,0.5
W3_trailing_12m,2018_2020,2019-11-26T03:02:00,2019-11-26T03:06:00,0.7618839144706726,54.82194542780086,2,sl,20.0,True,-0.6,0.8,-1.0625,-1.1249999999999998,0.5
W3_trailing_12m,2018_2020,2019-11-26T03:32:00,2019-11-26T03:46:00,0.7504768371582031,58.756597405442804,2,sl,21.0,True,-0.6,0.8099999999999999,-1.0617283950617284,-1.1234567901234567,0.5
W3_trailing_12m,2018_2020,2019-11-26T04:04:00,2019-11-26T05:34:00,0.7551122307777405,73.09592723707773,0,timeout,18.0,True,0.5099999999999909,0.78,0.3589743589743473,0.29487179487178317,0.5
W3_trailing_12m,2018_2020,2019-12-03T01:01:00,2019-12-03T02:02:00,0.7699359655380249,49.42449201966925,1,tp,26.0,True,1.5,0.86,1.3837209302325582,1.3255813953488373,0.5
W3_trailing_12m,2018_2020,2019-12-03T02:30:00,2019-12-03T02:37:00,0.7573359608650208,49.122203762401185,2,sl,19.0,True,-0.6,0.79,-1.0632911392405062,-1.1265822784810124,0.5
W3_trailing_12m,2018_2020,2019-12-03T03:28:00,2019-12-03T03:57:00,0.7520624399185181,93.87620993170053,2,sl,18.0,True,-0.6,0.78,-1.064102564102564,-1.1282051282051282,0.5
W3_trailing_12m,2018_2020,2019-12-03T04:20:00,2019-12-03T05:01:00,0.7513054013252258,28.722976466304345,2,sl,21.0,True,-0.6,0.8099999999999999,-1.0617283950617284,-1.1234567901234567,0.5
W3_trailing_12m,2018_2020,2019-12-06T08:04:00,2019-12-06T08:05:00,0.7625201344490051,24.855290188396637,2,sl,17.0,True,-0.6,0.77,-1.0649350649350648,-1.12987012987013,0.5
W3_trailing_12m,2018_2020,2019-12-06T09:02:00,2019-12-06T10:31:00,0.7556546926498413,61.110516981084025,1,tp,17.0,True,1.5,0.77,1.6623376623376622,1.5974025974025974,0.5
W3_trailing_12m,2018_2020,2019-12-09T01:03:00,2019-12-09T02:01:00,0.7643277645111084,23.451182160817353,1,tp,27.0,True,1.5,0.87,1.3563218390804597,1.2988505747126435,0.5
W3_trailing_12m,2018_2020,2019-12-10T01:30:00,2019-12-10T01:37:00,0.8154734373092651,28.570793664892378,2,sl,21.0,True,-0.6,0.8099999999999999,-1.0617283950617284,-1.1234567901234567,0.5
W3_trailing_12m,2018_2020,2019-12-10T02:19:00,2019-12-10T03:49:00,0.7555596232414246,49.99941667347214,0,timeout,23.0,True,0.5799999999999272,0.83,0.36144578313244247,0.30120481927702075,0.5
W3_trailing_12m,2018_2020,2019-12-12T01:23:00,2019-12-12T02:53:00,0.7749938368797302,45.45401954026465,0,timeout,39.0,True,0.5499999999999545,0.99,0.11111111111106517,0.06060606060601468,0.5
W3_trailing_12m,2018_2020,2019-12-12T04:26:00,2019-12-12T05:56:00,0.7603979110717773,52.856085735428145,0,timeout,19.0,True,0.43000000000006366,0.79,0.24050632911400463,0.17721518987349832,0.5
W3_trailing_12m,2018_2020,2019-12-13T09:01:00,2019-12-13T09:04:00,0.7660279273986816,61.86006230657157,2,sl,19.0,True,-0.6,0.79,-1.0632911392405062,-1.1265822784810124,0.5
W3_trailing_12m,2018_2020,2019-12-13T09:25:00,2019-12-13T09:40:00,0.7543768286705017,54.99974333453414,1,tp,17.0,True,1.5,0.8100000000000417,1.5802469135801656,1.5185185185184404,0.5
W3_trailing_12m,2018_2020,2019-12-16T04:51:00,2019-12-16T05:31:00,0.7526294589042664,46.051783256633676,2,sl,19.0,True,-0.6,0.79,-1.0632911392405062,-1.1265822784810124,0.5
W3_trailing_12m,2018_2020,2019-12-17T01:38:00,2019-12-17T03:08:00,0.7647634744644165,30.76867851090077,0,timeout,24.0,True,0.2899999999999636,0.84,-4.328548101961176e-14,-0.05952380952385287,0.5
W3_trailing_12m,2018_2020,2019-12-18T02:04:00,2019-12-18T03:34:00,0.7553266286849976,58.53458662387138,0,timeout,24.0,True,0.13999999999987267,0.84,-0.17857142857158015,-0.2380952380953897,0.5
W3_trailing_12m,2018_2020,2019-12-18T03:58:00,2019-12-18T05:28:00,0.7550665140151978,74.795896632071,0,timeout,21.0,True,0.2799999999999727,0.8099999999999999,0.024691358024657665,-0.03703703703707072,0.5
W3_trailing_12m,2018_2020,2019-12-18T08:02:00,2019-12-18T09:32:00,0.762274444103241,89.33166580891137,0,timeout,19.0,True,0.20000000000004547,0.79,-0.050632911392347484,-0.1139240506328538,0.5
W3_trailing_12m,2018_2020,2019-12-20T01:19:00,2019-12-20T01:54:00,0.7525920271873474,45.3697822435559,2,sl,22.0,True,-0.6,0.82,-1.0609756097560976,-1.121951219512195,0.5
W3_trailing_12m,2018_2020,2019-12-20T02:10:00,2019-12-20T03:26:00,0.7604661583900452,59.99916001175074,2,sl,18.0,True,-0.6,0.78,-1.064102564102564,-1.1282051282051282,0.5
W3_trailing_12m,2018_2020,2019-12-20T03:58:00,2019-12-20T05:28:00,0.7535920739173889,22.221876548589833,0,timeout,23.0,True,-0.37999999999988177,0.83,-0.7951807228914238,-0.8554216867468456,0.5
W3_trailing_12m,2018_2020,2019-12-20T11:54:00,2019-12-20T12:21:00,0.7559788823127747,51.78441967521951,2,sl,20.0,True,-0.6,0.8,-1.0625,-1.1249999999999998,0.5
W3_trailing_12m,2018_2020,2019-12-23T01:03:00,2019-12-23T02:33:00,0.7558700442314148,32.29119575338835,0,timeout,22.0,True,1.009999999999991,0.82,0.9024390243902328,0.8414634146341352,0.5
W3_trailing_12m,2018_2020,2019-12-23T04:01:00,2019-12-23T05:09:00,0.7617450952529907,66.31481220277585,1,tp,19.0,True,1.5,0.79,1.5949367088607593,1.5316455696202531,0.5
W3_trailing_12m,2018_2020,2019-12-23T08:12:00,2019-12-23T08:32:00,0.7636417746543884,73.91079401932535,1,tp,16.0,True,1.5,0.76,1.6973684210526316,1.631578947368421,0.5
W3_trailing_12m,2018_2020,2019-12-23T11:24:00,2019-12-23T11:29:00,0.7561022639274597,33.33268519779834,2,sl,20.0,True,-0.6,0.8,-1.0625,-1.1249999999999998,0.5
W3_trailing_12m,2018_2020,2019-12-24T02:32:00,2019-12-24T02:56:00,0.7565411329269409,54.05303142914675,2,sl,20.0,True,-0.6,0.8,-1.0625,-1.1249999999999998,0.5
W3_trailing_12m,2018_2020,2020-02-13T04:49:00,2020-02-13T05:09:00,0.7666785717010498,82.27702293882562,1,tp,19.0,True,1.5,0.79,1.5949367088607593,1.5316455696202531,0.5
W3_trailing_12m,2018_2020,2020-06-10T01:34:00,2020-06-10T01:53:00,0.7544825673103333,53.43454344763297,2,sl,38.0,True,-0.6,0.98,-1.0510204081632653,-1.1020408163265307,0.5
W3_trailing_12m,2018_2020,2020-09-11T01:50:00,2020-09-11T02:03:00,0.7516176104545593,52.63109418728723,2,sl,23.0,True,-0.6,0.83,-1.0602409638554218,-1.1204819277108433,0.5
W3_trailing_12m,2018_2020,2020-09-14T04:13:00,2020-09-14T04:34:00,0.7502642273902893,75.0998948601471,1,tp,23.0,True,1.5,1.9568571428570796,0.6234486786392376,0.5978975032851704,0.5
W3_trailing_12m,2018_2020,2020-09-30T02:06:00,2020-09-30T02:38:00,0.759239912033081,34.88334235132169,2,sl,23.0,True,-0.6,0.83,-1.0602409638554218,-1.1204819277108433,0.5
W3_trailing_12m,2018_2020,2020-11-04T03:31:00,2020-11-04T03:36:00,0.7528807520866394,31.413579671644385,1,tp,25.0,True,2.2146428571428487,2.9757142857142753,0.6434229476716269,0.6266202592414779,0.5
W3_trailing_12m,2018_2020,2020-11-18T02:01:00,2020-11-18T02:05:00,0.7612807154655457,55.08935853232564,2,sl,25.0,True,-0.6,0.85,-1.0588235294117647,-1.1176470588235294,0.5
W3_trailing_12m,2018_2020,2020-11-18T02:22:00,2020-11-18T02:43:00,0.7621949911117554,46.2308305368679,2,sl,30.0,True,-0.6,0.8999999999999999,-1.0555555555555556,-1.1111111111111112,0.5
W3_trailing_12m,2018_2020,2020-11-18T03:02:00,2020-11-18T03:03:00,0.7684829831123352,56.02393888852373,2,sl,21.0,True,-0.9897142857143211,1.199714285714321,-1.0416765896642046,-1.0833531793284092,0.5
W3_trailing_12m,2018_2020,2020-11-18T03:35:00,2020-11-18T03:51:00,0.7507727146148682,51.41492457336364,2,sl,24.0,True,-0.7839999999999626,1.0239999999999627,-1.0488281250000016,-1.0976562500000033,0.5
W3_trailing_12m,2018_2020,2020-11-18T04:18:00,2020-11-18T04:43:00,0.7549242377281189,55.55516274127483,2,sl,31.0,True,-0.6,0.9099999999999999,-1.054945054945055,-1.10989010989011,0.5
W3_trailing_12m,2018_2020,2020-11-24T03:14:00,2020-11-24T03:18:00,0.7531530857086182,46.30598307602103,2,sl,27.0,True,-1.6148571428571294,1.8848571428571295,-1.026527209337578,-1.0530544186751558,0.5
W3_trailing_12m,2018_2020,2020-11-24T04:59:00,2020-11-24T05:11:00,0.7550455927848816,30.38578369759189,1,tp,22.0,True,1.5,1.4497142857143106,0.8484430429641163,0.813953488372079,0.5
W3_trailing_12m,2018_2020,2020-11-25T01:46:00,2020-11-25T01:49:00,0.7612479329109192,34.45368017825061,1,tp,44.0,True,1.5,1.3737142857142421,0.7352329450915375,0.6988352745424514,0.5
W3_trailing_12m,2018_2020,2020-11-25T03:01:00,2020-11-25T03:04:00,0.7601593732833862,50.700546521319126,1,tp,27.0,True,1.5,1.568285714285677,0.7524139187466019,0.7205319730370001,0.5
W3_trailing_12m,2018_2020,2020-11-25T03:15:00,2020-11-25T03:29:00,0.7681517601013184,65.71919714586554,1,tp,31.0,True,1.5,1.4688571428571544,0.7761135965765356,0.7420735265512487,0.5
W3_trailing_12m,2018_2020,2020-11-30T02:31:00,2020-11-30T02:32:00,0.7517955899238586,23.925453444651936,2,sl,26.0,True,-1.1839999999999626,1.4439999999999626,-1.0346260387811643,-1.0692520775623287,0.5
W3_trailing_12m,2018_2020,2020-11-30T03:08:00,2020-11-30T03:26:00,0.7520573735237122,47.25074544494253,2,sl,26.0,True,-1.2228571428571482,1.4828571428571482,-1.033718689788054,-1.0674373795761076,0.5
W3_trailing_12m,2018_2020,2020-11-30T04:46:00,2020-11-30T04:53:00,0.7547586560249329,25.367603535974,2,sl,26.0,True,-1.3531428571428739,1.6131428571428739,-1.0309953949698898,-1.0619907899397798,0.5
W3_trailing_12m,2018_2020,2020-12-02T01:24:00,2020-12-02T01:35:00,0.7550833225250244,47.691794088372966,2,sl,38.0,True,-0.6,0.98,-1.0510204081632653,-1.1020408163265307,0.5
W3_trailing_12m,2018_2020,2020-12-02T01:52:00,2020-12-02T01:56:00,0.7628910541534424,60.6331000618089,2,sl,26.0,True,-0.6,0.86,-1.0581395348837208,-1.1162790697674418,0.5
W3_trailing_12m,2018_2020,2020-12-07T01:09:00,2020-12-07T01:12:00,0.7501960396766663,45.356234344001706,2,sl,37.0,True,-1.0491428571428905,1.4191428571428903,-1.035232534729212,-1.0704650694584241,0.5
W3_trailing_12m,2018_2020,2020-12-14T03:10:00,2020-12-14T03:21:00,0.7570675015449524,46.76681883677227,1,tp,26.0,True,1.5,1.537714285714267,0.7738758825715442,0.7413600891861852,0.5
W3_trailing_12m,2018_2020,2020-12-15T02:30:00,2020-12-15T02:41:00,0.751483142375946,59.99965000204165,2,sl,26.0,True,-0.6,0.86,-1.0581395348837208,-1.1162790697674418,0.5
W3_trailing_12m,2018_2020,2020-12-15T02:58:00,2020-12-15T03:00:00,0.751483142375946,50.97379427496384,2,sl,26.0,True,-0.6,0.86,-1.0581395348837208,-1.1162790697674418,0.5
W3_trailing_12m,2018_2020,2020-12-18T19:44:00,2020-12-18T20:40:00,0.7533168792724609,54.0175195333568,2,sl,26.0,True,-0.6,0.86,-1.0581395348837208,-1.1162790697674418,0.5
W3_trailing_12m,2018_2020,2020-12-23T04:16:00,2020-12-23T04:33:00,0.7534918189048767,27.618995011436667,1,tp,31.0,True,1.5,1.607142857142899,0.7093333333333149,0.6782222222222045,0.5
W3_trailing_12m,2018_2020,2020-12-29T03:07:00,2020-12-29T03:13:00,0.7556822299957275,67.24945286290125,2,sl,30.0,True,-1.3017142857142971,1.6017142857142972,-1.0312165536924722,-1.0624331073849442,0.5
W3_trailing_12m,2021_2022,2021-01-04T17:20:00,2021-01-04T17:38:00,0.7614549398422241,27.703378586647915,1,tp,26.0,True,2.751357142857195,3.6462857142857787,0.6695463093559028,0.6558337251214571,0.5
W3_trailing_12m,2021_2022,2021-01-18T01:55:00,2021-01-18T01:59:00,0.7502554655075073,22.538437266297464,2,sl,46.0,True,-2.6148571428571037,3.0748571428571037,-1.016260918044973,-1.0325218360899466,0.5
W3_trailing_12m,2021_2022,2021-01-25T17:01:00,2021-01-25T17:09:00,0.7557592988014221,24.92708826681796,2,sl,26.0,True,-3.0354285714285396,3.2954285714285394,-1.0151725333795736,-1.0303450667591472,0.5
W3_trailing_12m,2021_2022,2021-01-25T18:16:00,2021-01-25T18:33:00,0.7533535361289978,32.896728770861856,1,tp,26.0,True,1.968571428571454,2.6828571428571744,0.6182108626198105,0.5995740149094806,0.5
W3_trailing_12m,2021_2022,2021-02-04T03:50:00,2021-02-04T03:52:00,0.760376513004303,23.59663925644898,2,sl,26.0,True,-1.718857142857087,1.978857142857087,-1.0252671094426804,-1.0505342188853608,0.5
W3_trailing_12m,2021_2022,2021-03-15T00:08:00,2021-03-15T00:56:00,0.7558228969573975,47.358937956567736,1,tp,25.0,True,1.625000000000021,2.250000000000026,0.5888888888888913,0.5666666666666694,0.5
W3_trailing_12m,2021_2022,2021-04-07T04:13:00,2021-04-07T04:35:00,0.7552995085716248,33.0493249249467,2,sl,25.0,True,-0.9988571428570661,1.248857142857066,-1.0400366048959073,-1.0800732097918146,0.5
W3_trailing_12m,2021_2022,2021-04-19T04:14:00,2021-04-19T04:15:00,0.7738381028175354,24.489742094759734,2,sl,22.0,True,-1.4811428571428613,1.7011428571428613,-1.029392005374538,-1.0587840107490762,0.5
W3_trailing_12m,2021_2022,2021-04-28T03:14:00,2021-04-28T03:32:00,0.7537756562232971,31.683080482547638,2,sl,21.0,True,-0.8868571428571418,1.0968571428571419,-1.0455847877051316,-1.091169575410263,0.5
W3_trailing_12m,2021_2022,2021-05-14T20:37:00,2021-05-14T20:55:00,0.7554747462272644,57.63507049704696,1,tp,14.0,True,1.5,0.74,1.7702702702702704,1.7027027027027026,0.5
W3_trailing_12m,2021_2022,2021-05-19T04:14:00,2021-05-19T04:25:00,0.758232831954956,45.96863495055416,2,sl,23.0,True,-1.275428571428581,1.5054285714285809,-1.0332131334219015,-1.066426266843803,0.5
W3_trailing_12m,2021_2022,2021-05-25T02:13:00,2021-05-25T02:29:00,0.7665612101554871,23.842515325181537,2,sl,23.0,True,-0.8457142857142961,1.075714285714296,-1.0464807436918986,-1.0929614873837974,0.5
W3_trailing_12m,2021_2022,2021-05-25T04:17:00,2021-05-25T04:21:00,0.7513183355331421,32.35679720437254,2,sl,16.0,True,-1.4754285714286588,1.6354285714286587,-1.030573025856043,-1.0611460517120863,0.5
W3_trailing_12m,2021_2022,2021-05-27T19:43:00,2021-05-27T19:49:00,0.7621586918830872,68.47243418025093,2,sl,14.0,True,-0.6,0.74,-1.0675675675675675,-1.135135135135135,0.5
W3_trailing_12m,2021_2022,2021-05-28T03:06:00,2021-05-28T03:37:00,0.772720456123352,31.37915885922955,2,sl,21.0,True,-0.6,0.8099999999999999,-1.0617283950617284,-1.1234567901234567,0.5
W3_trailing_12m,2021_2022,2021-05-28T04:06:00,2021-05-28T04:12:00,0.7528754472732544,34.17709405586844,1,tp,14.0,True,1.5,1.2988571428571025,1.0085789705235686,0.9700835899692338,0.5
W3_trailing_12m,2021_2022,2021-05-28T04:13:00,2021-05-28T04:22:00,0.7773734331130981,48.837086991196415,2,sl,14.0,True,-1.3942857142856677,1.5342857142856676,-1.032588454376165,-1.0651769087523297,0.5
W3_trailing_12m,2021_2022,2021-05-31T17:49:00,2021-05-31T19:19:00,0.7526000142097473,46.02236118576044,0,timeout,23.0,True,0.6200000000001182,0.83,0.4096385542170099,0.34939759036158824,0.5
W3_trailing_12m,2021_2022,2021-06-02T03:45:00,2021-06-02T03:49:00,0.7683770656585693,69.88580772653597,2,sl,22.0,True,-0.6,0.82,-1.0609756097560976,-1.121951219512195,0.5
W3_trailing_12m,2021_2022,2021-06-02T04:14:00,2021-06-02T04:29:00,0.7579352855682373,70.12968797483758,2,sl,14.0,True,-1.2388571428571336,1.3788571428571337,-1.0362619146290926,-1.0725238292581851,0.5
W3_trailing_12m,2021_2022,2021-06-03T03:21:00,2021-06-03T04:00:00,0.7604643702507019,50.9087669442096,1,tp,27.0,True,1.5,0.87,1.3563218390804597,1.2988505747126435,0.5
W3_trailing_12m,2021_2022,2021-06-03T04:03:00,2021-06-03T04:18:00,0.7542209029197693,32.9267168356014,2,sl,17.0,True,-0.8388571428571595,1.0088571428571596,-1.0495610308694414,-1.0991220617388824,0.5
W3_trailing_12m,2021_2022,2021-06-04T03:02:00,2021-06-04T03:04:00,0.7828453779220581,22.957073385589837,2,sl,26.0,True,-0.6,0.86,-1.0581395348837208,-1.1162790697674418,0.5
W3_trailing_12m,2021_2022,2021-06-04T03:23:00,2021-06-04T04:00:00,0.7566845417022705,50.148705047340535,2,sl,30.0,True,-1.045714285714296,1.345714285714296,-1.0371549893842884,-1.0743099787685768,0.5
W3_trailing_12m,2021_2022,2021-06-09T19:38:00,2021-06-09T20:02:00,0.7529333233833313,23.129031424196413,1,tp,20.0,True,1.5,0.8,1.5625,1.4999999999999998,0.5
W3_trailing_12m,2021_2022,2021-06-10T03:24:00,2021-06-10T03:38:00,0.7515371441841125,33.03821164160641,2,sl,25.0,True,-0.723428571428641,0.973428571428641,-1.0513648371000843,-1.1027296742001689,0.5
W3_trailing_12m,2021_2022,2021-06-10T04:02:00,2021-06-10T04:11:00,0.7513642907142639,33.95623819709144,1,tp,18.0,True,1.5,0.9868571428570587,1.2869137232195655,1.236247828604622,0.5
W3_trailing_12m,2021_2022,2021-06-11T19:51:00,2021-06-11T19:58:00,0.7546754479408264,62.58007992185319,2,sl,19.0,True,-0.6,0.79,-1.0632911392405062,-1.1265822784810124,0.5
W3_trailing_12m,2021_2022,2021-06-15T04:09:00,2021-06-15T04:13:00,0.787897527217865,28.031731124406917,2,sl,14.0,True,-1.4937142857143044,1.6337142857143045,-1.0306051066806572,-1.0612102133613144,0.5
W3_trailing_12m,2021_2022,2021-06-28T04:43:00,2021-06-28T04:47:00,0.7595095038414001,34.42616366580725,1,tp,15.0,True,1.5,1.6677142857143865,0.7795100222716679,0.7495288675689114,0.5
W3_trailing_12m,2021_2022,2021-07-12T04:21:00,2021-07-12T04:29:00,0.7503295540809631,50.08066217620824,2,sl,19.0,True,-1.176000000000048,1.3660000000000478,-1.0366032210834542,-1.073206442166908,0.5
W3_trailing_12m,2021_2022,2021-07-22T04:01:00,2021-07-22T04:06:00,0.7547926306724548,52.41328704413028,2,sl,21.0,True,-0.6,0.8099999999999999,-1.0617283950617284,-1.1234567901234567,0.5
W3_trailing_12m,2021_2022,2021-07-23T03:36:00,2021-07-23T03:39:00,0.7504658102989197,47.94474573531678,2,sl,25.0,True,-0.6,0.85,-1.0588235294117647,-1.1176470588235294,0.5
W3_trailing_12m,2021_2022,2021-07-23T04:02:00,2021-07-23T04:03:00,0.7674441337585449,75.25199316771904,2,sl,27.0,True,-0.6,0.87,-1.057471264367816,-1.1149425287356323,0.5
W3_trailing_12m,2021_2022,2021-07-23T04:25:00,2021-07-23T04:43:00,0.7791409492492676,48.92436293490369,2,sl,27.0,True,-0.6,0.87,-1.057471264367816,-1.1149425287356323,0.5
W3_trailing_12m,2021_2022,2021-07-30T03:01:00,2021-07-30T03:03:00,0.753893256187439,26.020222304533604,2,sl,22.0,True,-0.6,0.82,-1.0609756097560976,-1.121951219512195,0.5
W3_trailing_12m,2021_2022,2021-07-30T03:59:00,2021-07-30T04:00:00,0.7534038424491882,27.573387489920805,2,sl,21.0,True,-0.6,0.8099999999999999,-1.0617283950617284,-1.1234567901234567,0.5
W3_trailing_12m,2021_2022,2021-07-30T19:06:00,2021-07-30T19:12:00,0.7546816468238831,32.69213165775025,2,sl,14.0,True,-0.6,0.74,-1.0675675675675675,-1.135135135135135,0.5
W3_trailing_12m,2021_2022,2021-08-04T03:03:00,2021-08-04T03:08:00,0.7734096646308899,47.61825398148384,2,sl,25.0,True,-0.6,0.85,-1.0588235294117647,-1.1176470588235294,0.5
W3_trailing_12m,2021_2022,2021-08-04T03:32:00,2021-08-04T04:02:00,0.7601624131202698,22.07752066846534,2,sl,25.0,True,-0.6,0.85,-1.0588235294117647,-1.1176470588235294,0.5
W3_trailing_12m,2021_2022,2021-08-04T04:28:00,2021-08-04T04:52:00,0.7544571161270142,79.54494835032703,1,tp,25.0,True,1.5,0.85,1.411764705882353,1.352941176470588,0.5
W3_trailing_12m,2021_2022,2021-08-05T03:01:00,2021-08-05T03:03:00,0.7743041515350342,33.624248585382816,2,sl,25.0,True,-0.6,0.85,-1.0588235294117647,-1.1176470588235294,0.5
W3_trailing_12m,2021_2022,2021-08-05T04:26:00,2021-08-05T04:38:00,0.7642839550971985,56.32153697259801,2,sl,25.0,True,-0.6,0.85,-1.0588235294117647,-1.1176470588235294,0.5
W3_trailing_12m,2021_2022,2021-08-05T04:53:00,2021-08-05T04:59:00,0.7553277015686035,51.00974033517404,2,sl,25.0,True,-0.6,0.85,-1.0588235294117647,-1.1176470588235294,0.5
W3_trailing_12m,2021_2022,2021-08-05T08:32:00,2021-08-05T08:37:00,0.7621425986289978,31.95239802747308,2,sl,25.0,True,-0.6,0.85,-1.0588235294117647,-1.1176470588235294,0.5
W3_trailing_12m,2021_2022,2021-08-05T09:05:00,2021-08-05T09:20:00,0.7622528672218323,49.99974637809808,1,tp,25.0,True,1.5,0.85,1.411764705882353,1.352941176470588,0.5
W3_trailing_12m,2021_2022,2021-08-05T09:30:00,2021-08-05T09:33:00,0.7571146488189697,47.22195987800268,2,sl,25.0,True,-0.6,0.85,-1.0588235294117647,-1.1176470588235294,0.5
W3_trailing_12m,2021_2022,2021-08-06T03:05:00,2021-08-06T03:11:00,0.7536085247993469,30.578158599813662,2,sl,25.0,True,-0.6,0.85,-1.0588235294117647,-1.1176470588235294,0.5
W3_trailing_12m,2021_2022,2021-08-06T04:45:00,2021-08-06T05:09:00,0.7636701464653015,61.67122092302786,2,sl,25.0,True,-0.6,0.85,-1.0588235294117647,-1.1176470588235294,0.5
W3_trailing_12m,2021_2022,2021-08-06T08:56:00,2021-08-06T09:01:00,0.7562843561172485,72.48288095290505,2,sl,25.0,True,-0.6,0.85,-1.0588235294117647,-1.1176470588235294,0.5
W3_trailing_12m,2021_2022,2021-08-23T04:06:00,2021-08-23T04:09:00,0.7525189518928528,29.59991712023242,2,sl,25.0,True,-1.0697142857143003,1.3197142857143003,-1.0378869885256545,-1.075773977051309,0.5
W3_trailing_12m,2021_2022,2021-08-25T03:48:00,2021-08-25T04:41:00,0.7614755630493164,23.328741254793982,1,tp,25.0,True,1.5,1.5551428571428394,0.771633290464826,0.7394819033621248,0.5
W3_trailing_12m,2021_2022,2021-08-26T04:05:00,2021-08-26T04:07:00,0.7511078119277954,22.825971172621095,2,sl,25.0,True,-0.6,0.85,-1.0588235294117647,-1.1176470588235294,0.5
W3_trailing_12m,2021_2022,2021-08-30T04:40:00,2021-08-30T04:43:00,0.7899783849716187,30.594840180202766,2,sl,25.0,True,-1.3485714285714234,1.5985714285714234,-1.031277926720286,-1.0625558534405721,0.5
W3_trailing_12m,2021_2022,2021-09-02T03:00:00,2021-09-02T03:14:00,0.7636138200759888,30.826743177148614,1,tp,25.0,True,1.5,0.85,1.411764705882353,1.352941176470588,0.5
W3_trailing_12m,2021_2022,2021-09-02T04:22:00,2021-09-02T04:39:00,0.7577047348022461,48.340911482105334,2,sl,25.0,True,-0.6,0.85,-1.0588235294117647,-1.1176470588235294,0.5
W3_trailing_12m,2021_2022,2021-09-02T20:13:00,2021-09-02T20:34:00,0.7502333521842957,28.712672288411326,1,tp,25.0,True,1.5,0.85,1.411764705882353,1.352941176470588,0.5
W3_trailing_12m,2021_2022,2021-09-03T03:01:00,2021-09-03T03:53:00,0.7612662315368652,70.11381426045747,1,tp,25.0,True,1.5,0.85,1.411764705882353,1.352941176470588,0.5
W3_trailing_12m,2021_2022,2021-09-03T08:22:00,2021-09-03T08:49:00,0.7532894611358643,34.1173660922871,1,tp,25.0,True,1.5,0.85,1.411764705882353,1.352941176470588,0.5
W3_trailing_12m,2021_2022,2021-09-03T09:01:00,2021-09-03T09:12:00,0.786153256893158,64.17843395666269,2,sl,25.0,True,-0.6,0.85,-1.0588235294117647,-1.1176470588235294,0.5
W3_trailing_12m,2021_2022,2021-09-03T09:37:00,2021-09-03T10:39:00,0.7554685473442078,63.79259017455213,2,sl,25.0,True,-0.6,0.85,-1.0588235294117647,-1.1176470588235294,0.5
W3_trailing_12m,2021_2022,2021-09-06T17:08:00,2021-09-06T18:38:00,0.7535849809646606,25.913500734543604,0,timeout,25.0,True,1.009999999999991,0.971142857142825,0.7310973815828332,0.6796116504854499,0.5
W3_trailing_12m,2021_2022,2021-09-09T04:10:00,2021-09-09T04:25:00,0.7507578730583191,33.16571248241665,2,sl,25.0,True,-0.9725714285714535,1.2225714285714535,-1.0408974059359655,-1.0817948118719312,0.5
W3_trailing_12m,2021_2022,2021-09-13T04:07:00,2021-09-13T04:14:00,0.7585899233818054,51.40021093855864,1,tp,25.0,True,1.5,1.3357142857142597,0.8983957219251512,0.8609625668449365,0.5
W3_trailing_12m,2021_2022,2021-09-15T04:12:00,2021-09-15T04:21:00,0.7641290426254272,32.91657065999942,1,tp,25.0,True,1.5,1.125428571428503,1.066260472201131,1.0218329525260839,0.5
W3_trailing_12m,2021_2022,2021-09-23T23:40:00,2021-09-23T23:47:00,0.7501711845397949,33.68835264488058,1,tp,25.0,True,1.5,1.7094285714285176,0.701988968744799,0.6727394283804323,0.5
W3_trailing_12m,2021_2022,2021-10-18T23:22:00,2021-10-19T01:23:00,0.7609051465988159,75.86023785631679,2,sl,25.0,True,-0.6,0.85,-1.0588235294117647,-1.1176470588235294,0.5
W3_trailing_12m,2021_2022,2021-10-19T01:59:00,2021-10-19T02:15:00,0.7503271102905273,24.24139581957128,2,sl,25.0,True,-0.6,0.85,-1.0588235294117647,-1.1176470588235294,0.5
W3_trailing_12m,2021_2022,2021-10-26T04:06:00,2021-10-26T04:34:00,0.7599971890449524,29.545219526667253,2,sl,25.0,True,-0.6,0.85,-1.0588235294117647,-1.1176470588235294,0.5
W3_trailing_12m,2021_2022,2021-10-27T03:02:00,2021-10-27T03:49:00,0.7513967752456665,72.72650138559763,2,sl,25.0,True,-0.6,0.85,-1.0588235294117647,-1.1176470588235294,0.5
W3_trailing_12m,2021_2022,2021-10-28T02:52:00,2021-10-28T03:13:00,0.750748872756958,27.961899778866226,2,sl,25.0,True,-0.6,0.85,-1.0588235294117647,-1.1176470588235294,0.5
W3_trailing_12m,2021_2022,2021-10-28T20:58:00,2021-10-28T21:20:00,0.7529311776161194,62.1789291634637,2,sl,25.0,True,-0.6,0.85,-1.0588235294117647,-1.1176470588235294,0.5
W3_trailing_12m,2021_2022,2021-11-03T02:33:00,2021-11-03T02:47:00,0.7877886891365051,25.35707946444488,1,tp,25.0,True,1.5,1.1791428571429217,1.0176883935061232,0.975284710443368,0.5
W3_trailing_12m,2021_2022,2021-11-11T19:49:00,2021-11-11T20:04:00,0.7885218858718872,24.32414024974382,2,sl,25.0,True,-0.6,0.85,-1.0588235294117647,-1.1176470588235294,0.5
W3_trailing_12m,2021_2022,2021-11-12T03:24:00,2021-11-12T03:33:00,0.7545115351676941,22.891501911441296,2,sl,25.0,True,-1.0034285714285684,1.2534285714285684,-1.0398905858217462,-1.0797811716434924,0.5
W3_trailing_12m,2021_2022,2021-11-15T03:45:00,2021-11-15T03:50:00,0.7532014846801758,25.870027589282188,1,tp,25.0,True,1.5,1.6968571428571781,0.7071897625862793,0.6777235224785176,0.5
W3_trailing_12m,2021_2022,2021-11-18T19:06:00,2021-11-18T19:09:00,0.7502180933952332,72.48863980744422,2,sl,25.0,True,-0.6,0.85,-1.0588235294117647,-1.1176470588235294,0.5
W3_trailing_12m,2021_2022,2021-11-18T19:49:00,2021-11-18T19:52:00,0.7572128176689148,32.462516986849465,2,sl,25.0,True,-0.6,0.85,-1.0588235294117647,-1.1176470588235294,0.5
W3_trailing_12m,2021_2022,2021-11-19T03:03:00,2021-11-19T03:38:00,0.7585775256156921,60.49791922744659,1,tp,25.0,True,1.5,0.85,1.411764705882353,1.352941176470588,0.5
W3_trailing_12m,2021_2022,2021-11-19T03:40:00,2021-11-19T04:11:00,0.7700653076171875,57.4465233151311,2,sl,25.0,True,-0.6,0.85,-1.0588235294117647,-1.1176470588235294,0.5
W3_trailing_12m,2021_2022,2021-11-19T04:43:00,2021-11-19T05:51:00,0.7509743571281433,49.314832052175625,1,tp,25.0,True,1.5,0.8785714285714805,1.3658536585365046,1.3089430894308167,0.5
W3_trailing_12m,2021_2022,2021-11-19T09:20:00,2021-11-19T09:32:00,0.7508189678192139,50.46999793731279,2,sl,25.0,True,-0.6205714285714619,0.8705714285714619,-1.0574335411880518,-1.1148670823761033,0.5
W3_trailing_12m,2021_2022,2021-11-19T19:31:00,2021-11-19T19:38:00,0.7637993097305298,51.219220703625616,2,sl,25.0,True,-0.6,0.85,-1.0588235294117647,-1.1176470588235294,0.5
W3_trailing_12m,2021_2022,2021-11-22T01:05:00,2021-11-22T01:10:00,0.7821184992790222,32.06517672894307,2,sl,25.0,True,-1.7588571428571282,2.0088571428571282,-1.0248897738586262,-1.0497795477172527,0.5
W3_trailing_12m,2021_2022,2021-11-25T08:09:00,2021-11-25T09:09:00,0.7751895189285278,55.39869690997582,1,tp,25.0,True,1.5,0.85,1.411764705882353,1.352941176470588,0.5
W3_trailing_12m,2021_2022,2021-11-25T09:28:00,2021-11-25T09:57:00,0.7692201733589172,22.62429106784134,2,sl,25.0,True,-0.6,0.85,-1.0588235294117647,-1.1176470588235294,0.5
W3_trailing_12m,2021_2022,2021-11-25T17:18:00,2021-11-25T17:51:00,0.7592145204544067,47.50713633433645,2,sl,25.0,True,-0.7142857142857403,0.9642857142857403,-1.0518518518518505,-1.103703703703701,0.5
W3_trailing_12m,2021_2022,2021-11-25T18:24:00,2021-11-25T19:23:00,0.7528218626976013,61.249464067194026,2,sl,25.0,True,-0.6,0.85,-1.0588235294117647,-1.1176470588235294,0.5
W3_trailing_12m,2021_2022,2021-11-26T01:00:00,2021-11-26T01:18:00,0.7954161167144775,47.40216647381435,1,tp,25.0,True,1.5,0.85,1.411764705882353,1.352941176470588,0.5
W3_trailing_12m,2021_2022,2021-11-29T01:11:00,2021-11-29T01:34:00,0.7513427734375,33.840063414364806,1,tp,25.0,True,3.997499999999975,5.16999999999997,0.7151837524177944,0.7055125725338485,0.5
W3_trailing_12m,2021_2022,2021-11-30T17:49:00,2021-11-30T17:52:00,0.7500066161155701,29.72839882649926,2,sl,25.0,True,-3.8022857142857123,4.052285714285713,-1.0123387153634633,-1.0246774307269266,0.5
W3_trailing_12m,2021_2022,2021-12-20T17:04:00,2021-12-20T17:25:00,0.7693959474563599,51.56568664722175,2,sl,25.0,True,-1.966857142857199,2.216857142857199,-1.0225544528934134,-1.045108905786827,0.5
W3_trailing_12m,2021_2022,2021-12-23T08:20:00,2021-12-23T08:22:00,0.7591428160667419,32.30734438244619,2,sl,25.0,True,-0.6,0.85,-1.0588235294117647,-1.1176470588235294,0.5
W3_trailing_12m,2021_2022,2021-12-27T19:46:00,2021-12-27T19:51:00,0.7553908228874207,24.589975814399395,2,sl,25.0,True,-0.6,0.85,-1.0588235294117647,-1.1176470588235294,0.5
W3_trailing_12m,2021_2022,2021-12-30T01:18:00,2021-12-30T02:23:00,0.770858883857727,59.67674558513079,2,sl,25.0,True,-0.6,0.85,-1.0588235294117647,-1.1176470588235294,0.5
W3_trailing_12m,2021_2022,2021-12-30T02:41:00,2021-12-30T02:47:00,0.7645331025123596,76.80356945878441,2,sl,25.0,True,-0.6,0.85,-1.0588235294117647,-1.1176470588235294,0.5
W3_trailing_12m,2021_2022,2021-12-30T03:28:00,2021-12-30T04:44:00,0.7615566253662109,51.44467038994908,2,sl,25.0,True,-0.6,0.85,-1.0588235294117647,-1.1176470588235294,0.5
W3_trailing_12m,2021_2022,2021-12-30T09:04:00,2021-12-30T09:06:00,0.7656221389770508,50.30260349306102,2,sl,25.0,True,-0.6,0.85,-1.0588235294117647,-1.1176470588235294,0.5
W3_trailing_12m,2021_2022,2021-12-30T09:22:00,2021-12-30T09:58:00,0.7557265758514404,26.72661436258403,1,tp,25.0,True,1.5,0.85,1.411764705882353,1.352941176470588,0.5
W3_trailing_12m,2021_2022,2021-12-31T03:52:00,2021-12-31T04:15:00,0.7550473809242249,25.28715286198171,2,sl,25.0,True,-0.6045714285713985,0.8545714285713985,-1.0585088599130745,-1.1170177198261493,0.5
W3_trailing_12m,2021_2022,2021-12-31T08:18:00,2021-12-31T08:36:00,0.7566728591918945,26.66635555917503,2,sl,25.0,True,-0.6,0.85,-1.0588235294117647,-1.1176470588235294,0.5
W3_trailing_12m,2021_2022,2021-12-31T09:02:00,2021-12-31T09:36:00,0.7620391249656677,76.4994645037558,2,sl,25.0,True,-0.6,0.85,-1.0588235294117647,-1.1176470588235294,0.5
W3_trailing_12m,2021_2022,2021-12-31T09:54:00,2021-12-31T10:11:00,0.7588808536529541,26.18284966564373,2,sl,25.0,True,-0.6639999999999938,0.9139999999999938,-1.054704595185996,-1.109409190371992,0.5
W3_trailing_12m,2021_2022,2022-01-05T03:36:00,2022-01-05T04:35:00,0.7592125535011292,84.33663812474943,1,tp,25.0,True,1.5,0.85,1.411764705882353,1.352941176470588,0.5
W3_trailing_12m,2021_2022,2022-01-06T18:52:00,2022-01-06T18:57:00,0.7555460333824158,30.902627556665422,2,sl,25.0,True,-0.6171428571428416,0.8671428571428416,-1.057660626029655,-1.11532125205931,0.5
W3_trailing_12m,2021_2022,2022-01-07T03:57:00,2022-01-07T03:58:00,0.771284818649292,53.84587771344891,2,sl,25.0,True,-0.6,0.85,-1.0588235294117647,-1.1176470588235294,0.5
W3_trailing_12m,2021_2022,2022-01-07T08:31:00,2022-01-07T08:33:00,0.7597604393959045,49.333026372281026,2,sl,25.0,True,-0.6,0.85,-1.0588235294117647,-1.1176470588235294,0.5
W3_trailing_12m,2021_2022,2022-01-07T08:48:00,2022-01-07T09:00:00,0.7519727945327759,79.62032479405809,2,sl,25.0,True,-0.6,0.85,-1.0588235294117647,-1.1176470588235294,0.5
W3_trailing_12m,2021_2022,2022-01-07T09:28:00,2022-01-07T09:36:00,0.7565948963165283,45.87595759618079,2,sl,25.0,True,-0.6,0.85,-1.0588235294117647,-1.1176470588235294,0.5
W3_trailing_12m,2021_2022,2022-01-13T03:01:00,2022-01-13T03:02:00,0.7556014060974121,55.496975414841266,2,sl,25.0,True,-0.6,0.85,-1.0588235294117647,-1.1176470588235294,0.5
W3_trailing_12m,2021_2022,2022-01-13T04:22:00,2022-01-13T04:55:00,0.7594131827354431,49.99961538757394,2,sl,25.0,True,-0.6,0.85,-1.0588235294117647,-1.1176470588235294,0.5
W3_trailing_12m,2021_2022,2022-01-13T08:41:00,2022-01-13T08:43:00,0.7519567012786865,24.0194430038176,2,sl,25.0,True,-0.6,0.85,-1.0588235294117647,-1.1176470588235294,0.5
W3_trailing_12m,2021_2022,2022-01-14T09:01:00,2022-01-14T09:13:00,0.757504940032959,46.49640066903392,2,sl,25.0,True,-0.6,0.85,-1.0588235294117647,-1.1176470588235294,0.5
W3_trailing_12m,2021_2022,2022-01-17T17:01:00,2022-01-17T17:03:00,0.7590849995613098,28.74989937535524,2,sl,25.0,True,-0.7097142857143159,0.9597142857143159,-1.052098838940159,-1.1041976778803184,0.5
W3_trailing_12m,2021_2022,2022-01-17T17:39:00,2022-01-17T19:09:00,0.7527764439582825,32.46733569580174,0,timeout,25.0,True,0.7899999999999636,0.85,0.5764705882352513,0.5176470588234866,0.5
W3_trailing_12m,2021_2022,2022-01-17T19:56:00,2022-01-17T20:54:00,0.761668860912323,25.833031947959967,2,sl,25.0,True,-0.6,0.85,-1.0588235294117647,-1.1176470588235294,0.5
W3_trailing_12m,2021_2022,2022-01-19T08:24:00,2022-01-19T08:27:00,0.7630689740180969,56.93741764409718,2,sl,28.0,True,-0.6,0.88,-1.0568181818181817,-1.1136363636363635,0.5
W3_trailing_12m,2021_2022,2022-01-20T19:51:00,2022-01-20T20:02:00,0.7671982049942017,55.92379955772769,2,sl,24.0,True,-0.6,0.84,-1.0595238095238095,-1.119047619047619,0.5
W3_trailing_12m,2021_2022,2022-01-20T20:53:00,2022-01-20T21:00:00,0.8056045770645142,62.79028880741877,2,sl,24.0,True,-0.6,0.84,-1.0595238095238095,-1.119047619047619,0.5
W3_trailing_12m,2021_2022,2022-01-21T08:13:00,2022-01-21T09:03:00,0.7569383382797241,22.329945330462408,1,tp,28.0,True,1.5,0.88,1.3295454545454544,1.272727272727273,0.5
W3_trailing_12m,2021_2022,2022-01-25T17:12:00,2022-01-25T17:32:00,0.7556402683258057,23.704150957133933,1,tp,24.0,True,2.5331428571429178,3.3577142857143603,0.668056501021106,0.6531654186521479,0.5
W3_trailing_12m,2021_2022,2022-02-01T17:11:00,2022-02-01T17:13:00,0.7714155316352844,50.75183518009449,1,tp,24.0,True,2.7671428571428534,3.6457142857142806,0.6794670846394983,0.6657523510971787,0.5
W3_trailing_12m,2021_2022,2022-02-10T03:35:00,2022-02-10T03:51:00,0.7550261616706848,58.23481453682602,2,sl,28.0,True,-0.6,0.88,-1.0568181818181817,-1.1136363636363635,0.5
W3_trailing_12m,2021_2022,2022-02-10T04:17:00,2022-02-10T04:22:00,0.758685290813446,51.33285422669307,2,sl,28.0,True,-0.6,0.88,-1.0568181818181817,-1.1136363636363635,0.5
W3_trailing_12m,2021_2022,2022-02-10T04:57:00,2022-02-10T05:00:00,0.7611101865768433,65.64815337851456,2,sl,28.0,True,-0.6,0.88,-1.0568181818181817,-1.1136363636363635,0.5
W3_trailing_12m,2021_2022,2022-02-10T08:45:00,2022-02-10T09:00:00,0.7578973770141602,65.59041046693237,2,sl,28.0,True,-0.6,0.88,-1.0568181818181817,-1.1136363636363635,0.5
W3_trailing_12m,2021_2022,2022-02-11T08:04:00,2022-02-11T08:12:00,0.7518674731254578,47.76086136713678,2,sl,28.0,True,-0.6,0.88,-1.0568181818181817,-1.1136363636363635,0.5
W3_trailing_12m,2021_2022,2022-03-28T04:14:00,2022-03-28T04:24:00,0.796967625617981,22.580613293489748,2,sl,18.0,True,-1.7588571428572064,1.9388571428572063,-1.0257883878573526,-1.051576775714705,0.5
W3_trailing_12m,2021_2022,2022-04-04T17:04:00,2022-04-04T17:06:00,0.7519506216049194,46.9135325497848,2,sl,18.0,True,-2.7462857142856594,2.9262857142856595,-1.0170865065416914,-1.0341730130833828,0.5
W3_trailing_12m,2021_2022,2022-04-05T17:25:00,2022-04-05T17:44:00,0.7614385485649109,31.98029226789083,2,sl,18.0,True,-3.306285714285696,3.486285714285696,-1.0143419111621046,-1.0286838223242092,0.5
W3_trailing_12m,2021_2022,2022-04-20T04:18:00,2022-04-20T04:30:00,0.7566203474998474,32.531587918705725,2,sl,22.0,True,-1.6902857142857102,1.9102857142857101,-1.02617409512414,-1.05234819024828,0.5
W3_trailing_12m,2021_2022,2022-04-21T19:47:00,2022-04-21T19:51:00,0.7500967979431152,34.26776331816542,2,sl,18.0,True,-0.6297142857142588,0.8097142857142587,-1.0617501764290775,-1.1235003528581553,0.5
W3_trailing_12m,2021_2022,2022-04-25T01:03:00,2022-04-25T01:11:00,0.7675374150276184,47.589675255850835,1,tp,28.0,True,1.5,2.115428571428617,0.5530794165315926,0.5294435440302425,0.5
W3_trailing_12m,2021_2022,2022-05-06T04:34:00,2022-05-06T04:37:00,0.772919774055481,33.72509293387907,1,tp,18.0,True,1.5,1.9788571428570918,0.6417845798440824,0.6165174704014019,0.5
W3_trailing_12m,2021_2022,2022-05-13T01:37:00,2022-05-13T01:49:00,0.7546432614326477,29.67305822105577,2,sl,22.0,True,-2.6011428571429085,2.8211428571429087,-1.017723313753291,-1.0354466275065821,0.5
W3_trailing_12m,2021_2022,2022-05-23T01:04:00,2022-05-23T01:10:00,0.7500123381614685,69.52724211674274,2,sl,18.0,True,-2.0937142857143045,2.2737142857143047,-1.021990449861774,-1.043980899723548,0.5
W3_trailing_12m,2021_2022,2022-05-30T17:13:00,2022-05-30T17:15:00,0.7981574535369873,24.012770952104717,1,tp,18.0,True,1.5,1.689714285714316,0.7516063577950491,0.722015556307055,0.5
W3_trailing_12m,2021_2022,2022-06-20T01:13:00,2022-06-20T01:22:00,0.7566471099853516,24.362201394028716,1,tp,22.0,True,1.5,1.8714285714286285,0.6572519083969265,0.6305343511450189,0.5
W3_trailing_12m,2021_2022,2022-07-12T04:16:00,2022-07-12T04:24:00,0.7615994215011597,28.374950343836673,1,tp,18.0,True,1.5,1.8199999999999896,0.6978021978022018,0.6703296703296742,0.5
W3_trailing_12m,2021_2022,2022-08-03T17:05:00,2022-08-03T17:16:00,0.7673115730285645,30.095326499727904,2,sl,18.0,True,-2.943999999999921,3.123999999999921,-1.0160051216389248,-1.0320102432778497,0.5
W3_trailing_12m,2021_2022,2022-08-08T01:03:00,2022-08-08T01:04:00,0.7794880270957947,22.108300217246367,1,tp,40.0,True,1.5,1.7931428571428376,0.5855640535372914,0.5576800509878964,0.5
W3_trailing_12m,2021_2022,2022-08-08T01:06:00,2022-08-08T01:10:00,0.7560954093933105,50.85462479009034,2,sl,30.0,True,-1.654857142857093,1.954857142857093,-1.0255773165741018,-1.0511546331482036,0.5
W3_trailing_12m,2021_2022,2022-08-16T23:25:00,2022-08-16T23:33:00,0.7544442415237427,63.998208050161864,2,sl,12.0,True,-0.6,0.72,-1.0694444444444444,-1.1388888888888888,0.5
W3_trailing_12m,2021_2022,2022-08-29T01:06:00,2022-08-29T01:08:00,0.754153311252594,26.25164174249234,1,tp,12.0,True,1.5,1.5177142857142618,0.8763177710843512,0.8433734939759169,0.5
W3_trailing_12m,2021_2022,2022-09-06T03:56:00,2022-09-06T04:01:00,0.7582297921180725,70.67224758062069,2,sl,12.0,True,-1.3268571428571834,1.4468571428571835,-1.0345576619273291,-1.0691153238546582,0.5
W3_trailing_12m,2021_2022,2022-10-03T17:14:00,2022-10-03T17:22:00,0.767616868019104,79.90835038827109,1,tp,12.0,True,2.8442142857142962,3.6205714285714414,0.7386166351010104,0.7248066603535356,0.5
W3_trailing_12m,2021_2022,2022-10-24T02:52:00,2022-10-24T03:00:00,0.7679619193077087,54.16061768885769,2,sl,12.0,True,-4.001142857142934,4.121142857142934,-1.0121325568496946,-1.0242651136993894,0.5
W3_trailing_12m,2021_2022,2022-11-07T01:05:00,2022-11-07T01:07:00,0.7549974322319031,26.861668788710247,1,tp,16.0,True,1.6110714285714414,2.142857142857159,0.6538333333333345,0.6305000000000013,0.5
W3_trailing_12m,2021_2022,2022-11-14T01:01:00,2022-11-14T01:02:00,0.7709129452705383,22.145783353440436,2,sl,38.0,True,-2.0982857142856512,2.478285714285651,-1.0201752363384835,-1.0403504726769668,0.5
W3_trailing_12m,2021_2022,2022-11-24T17:17:00,2022-11-24T17:34:00,0.7513930797576904,66.80811263252036,1,tp,12.0,True,1.5,0.72,1.8472222222222223,1.777777777777778,0.5
W3_trailing_12m,2021_2022,2022-11-24T18:12:00,2022-11-24T18:53:00,0.7637324333190918,53.46497598531707,2,sl,12.0,True,-0.6,0.72,-1.0694444444444444,-1.1388888888888888,0.5
W3_trailing_12m,2021_2022,2022-12-21T19:51:00,2022-12-21T20:07:00,0.7681431174278259,24.5280859162214,2,sl,12.0,True,-0.6,0.72,-1.0694444444444444,-1.1388888888888888,0.5
W3_trailing_12m,2021_2022,2022-12-22T19:38:00,2022-12-22T19:41:00,0.7549946308135986,30.71144945307671,2,sl,12.0,True,-0.6,0.72,-1.0694444444444444,-1.1388888888888888,0.5
W3_trailing_12m,2021_2022,2022-12-27T17:48:00,2022-12-27T18:00:00,0.7555290460586548,53.77583721913986,1,tp,12.0,True,2.653857142857157,3.3862857142857323,0.7335048936888292,0.7187394532568346,0.5
W3_trailing_12m,2021_2022,2022-12-29T04:03:00,2022-12-29T04:23:00,0.7599114775657654,31.190372222567134,1,tp,12.0,True,1.5,1.1017142857142503,1.2072095435685035,1.1618257261411162,0.5
W3_trailing_12m,2023_2024,2023-02-07T19:47:00,2023-02-07T19:49:00,0.7639070749282837,70.68127518514973,2,sl,12.0,True,-3.521142857142877,3.641142857142877,-1.0137319522912742,-1.0274639045825484,0.5
W3_trailing_12m,2023_2024,2023-02-21T02:18:00,2023-02-21T02:22:00,0.7625439763069153,63.4403827067992,2,sl,12.0,True,-0.6,0.72,-1.0694444444444444,-1.1388888888888888,0.5
W3_trailing_12m,2023_2024,2023-03-22T20:02:00,2023-03-22T20:03:00,0.7705116271972656,64.02576899291341,1,tp,12.0,True,2.5294285714286358,3.233142857142936,0.7297631671968915,0.7142983386355627,0.5
W3_trailing_12m,2023_2024,2023-03-22T20:05:00,2023-03-22T20:09:00,0.7548348903656006,76.49996175001877,2,sl,12.0,True,-4.85600000000008,4.97600000000008,-1.0100482315112538,-1.0200964630225076,0.5
W3_trailing_12m,2023_2024,2023-03-22T20:38:00,2023-03-22T20:40:00,0.7596227526664734,69.24890777736829,1,tp,12.0,True,2.777357142857151,3.538285714285724,0.7368984173126617,0.7227672803617573,0.5
W3_trailing_12m,2023_2024,2023-04-18T02:23:00,2023-04-18T02:59:00,0.7514954805374146,29.49610579462167,2,sl,22.0,True,-0.6,0.82,-1.0609756097560976,-1.121951219512195,0.5
W3_trailing_12m,2023_2024,2023-04-21T17:08:00,2023-04-21T17:13:00,0.757255494594574,47.53917438894291,1,tp,12.0,True,2.7383571428571227,3.4902857142856893,0.7358587098886701,0.7215332351015056,0.5
W3_trailing_12m,2023_2024,2023-05-16T02:23:00,2023-05-16T02:47:00,0.763447642326355,62.12966283119587,2,sl,22.0,True,-0.6,0.82,-1.0609756097560976,-1.121951219512195,0.5
W3_trailing_12m,2023_2024,2023-05-16T03:28:00,2023-05-16T04:04:00,0.7652415037155151,47.29684989466648,1,tp,12.0,True,1.5,0.72,1.8472222222222223,1.777777777777778,0.5
W3_trailing_12m,2023_2024,2023-05-19T18:47:00,2023-05-19T19:34:00,0.7643405199050903,48.53685244809569,1,tp,12.0,True,2.7560000000000695,3.5120000000000857,0.7363325740318925,0.7220956719817789,0.5
W3_trailing_12m,2023_2024,2023-05-29T20:38:00,2023-05-29T20:58:00,0.7556207180023193,51.06332277551786,2,sl,18.0,True,-0.6,0.78,-1.064102564102564,-1.1282051282051282,0.5
W3_trailing_12m,2023_2024,2023-05-30T01:00:00,2023-05-30T01:18:00,0.7664775848388672,56.059416921466024,2,sl,24.0,True,-0.6,0.84,-1.0595238095238095,-1.119047619047619,0.5
W3_trailing_12m,2023_2024,2023-05-30T01:58:00,2023-05-30T02:00:00,0.7580667734146118,33.17050517704166,2,sl,28.0,True,-0.6,0.88,-1.0568181818181817,-1.1136363636363635,0.5
W3_trailing_12m,2023_2024,2023-05-30T02:25:00,2023-05-30T02:26:00,0.7651969790458679,46.9131748244177,2,sl,16.0,True,-0.6,0.76,-1.0657894736842104,-1.131578947368421,0.5
W3_trailing_12m,2023_2024,2023-05-30T02:44:00,2023-05-30T02:57:00,0.7586871385574341,45.037686620136895,2,sl,19.0,True,-0.6,0.79,-1.0632911392405062,-1.1265822784810124,0.5
W3_trailing_12m,2023_2024,2023-06-07T17:14:00,2023-06-07T17:23:00,0.7634955644607544,34.41426328261562,2,sl,12.0,True,-2.743999999999947,2.863999999999947,-1.0174581005586594,-1.0349162011173192,0.5
W3_trailing_12m,2023_2024,2023-06-19T19:41:00,2023-06-19T19:47:00,0.7537521123886108,72.72611572090034,2,sl,12.0,True,-0.6,0.72,-1.0694444444444444,-1.1388888888888888,0.5
W3_trailing_12m,2023_2024,2023-06-19T20:06:00,2023-06-19T21:00:00,0.7775656580924988,48.48416285022441,2,sl,13.0,True,-0.6,0.73,-1.0684931506849316,-1.136986301369863,0.5
W3_trailing_12m,2023_2024,2023-06-20T02:40:00,2023-06-20T03:01:00,0.7576739192008972,47.88685181977282,1,tp,24.0,True,1.5,0.84,1.4404761904761905,1.380952380952381,0.5
W3_trailing_12m,2023_2024,2023-06-27T02:15:00,2023-06-27T02:22:00,0.7555067539215088,62.89252799032281,2,sl,20.0,True,-0.6,0.8,-1.0625,-1.1249999999999998,0.5
W3_trailing_12m,2023_2024,2023-06-27T03:03:00,2023-06-27T03:31:00,0.7513129711151123,62.41072783674694,1,tp,12.0,True,1.5,0.72,1.8472222222222223,1.777777777777778,0.5
W3_trailing_12m,2023_2024,2023-07-14T17:05:00,2023-07-14T17:31:00,0.759155809879303,29.065013081964395,1,tp,12.0,True,2.308428571428562,2.9611428571428458,0.7221632574295634,0.7052778849864911,0.5
W3_trailing_12m,2023_2024,2023-07-18T02:40:00,2023-07-18T02:53:00,0.7509676814079285,78.35739029591404,2,sl,13.0,True,-0.6,0.73,-1.0684931506849316,-1.136986301369863,0.5
W3_trailing_12m,2023_2024,2023-07-24T02:07:00,2023-07-24T02:31:00,0.7528201341629028,49.68509711235274,2,sl,15.0,True,-0.6,0.75,-1.0666666666666667,-1.1333333333333333,0.5
W3_trailing_12m,2023_2024,2023-08-14T01:57:00,2023-08-14T02:00:00,0.7651612162590027,34.55846778048844,2,sl,19.0,True,-0.6,0.79,-1.0632911392405062,-1.1265822784810124,0.5
W3_trailing_12m,2023_2024,2023-08-14T02:48:00,2023-08-14T02:52:00,0.75474613904953,26.62313459487541,2,sl,23.0,True,-0.6,0.83,-1.0602409638554218,-1.1204819277108433,0.5
W3_trailing_12m,2023_2024,2023-08-15T02:38:00,2023-08-15T03:15:00,0.7634865641593933,29.8608207975725,2,sl,17.0,True,-0.6,0.77,-1.0649350649350648,-1.12987012987013,0.5
W3_trailing_12m,2023_2024,2023-08-15T03:33:00,2023-08-15T03:59:00,0.7567712664604187,22.288968647247756,1,tp,13.0,True,1.5,0.73,1.808219178082192,1.7397260273972603,0.5
W3_trailing_12m,2023_2024,2023-08-21T02:15:00,2023-08-21T02:46:00,0.7690153121948242,57.71757849255046,2,sl,23.0,True,-0.6,0.83,-1.0602409638554218,-1.1204819277108433,0.5
W3_trailing_12m,2023_2024,2023-09-01T03:05:00,2023-09-01T03:13:00,0.7545730471611023,62.294367113822446,2,sl,22.0,True,-0.6,0.82,-1.0609756097560976,-1.121951219512195,0.5
W3_trailing_12m,2023_2024,2023-09-04T01:41:00,2023-09-04T03:11:00,0.7744141221046448,60.54364108096235,0,timeout,18.0,True,0.8599999999999,0.78,0.8076923076921795,0.7435897435896153,0.5
W3_trailing_12m,2023_2024,2023-09-04T03:20:00,2023-09-04T04:05:00,0.7523184418678284,54.165876747641626,1,tp,13.0,True,1.5,0.73,1.808219178082192,1.7397260273972603,0.5
W3_trailing_12m,2023_2024,2023-09-05T01:14:00,2023-09-05T01:49:00,0.775480329990387,49.15195921404387,2,sl,21.0,True,-0.6,0.8099999999999999,-1.0617283950617284,-1.1234567901234567,0.5
W3_trailing_12m,2023_2024,2023-09-05T02:26:00,2023-09-05T03:00:00,0.7772092819213867,71.84368367807907,2,sl,25.0,True,-0.6,0.85,-1.0588235294117647,-1.1176470588235294,0.5
W3_trailing_12m,2023_2024,2023-09-05T03:48:00,2023-09-05T04:45:00,0.7640947699546814,53.07635148545052,2,sl,17.0,True,-0.6,0.77,-1.0649350649350648,-1.12987012987013,0.5
W3_trailing_12m,2023_2024,2023-09-05T22:49:00,2023-09-05T23:19:00,0.7544184327125549,28.124753908403747,2,sl,13.0,True,-0.6,0.73,-1.0684931506849316,-1.136986301369863,0.5
W3_trailing_12m,2023_2024,2023-09-05T23:58:00,2023-09-06T02:29:00,0.7731443643569946,53.57075893693896,0,timeout,22.0,True,0.38999999999987267,0.82,0.14634146341447885,0.0853658536583813,0.5
W3_trailing_12m,2023_2024,2023-09-06T17:07:00,2023-09-06T17:25:00,0.7524470686912537,26.862437243974796,2,sl,13.0,True,-2.5805714285713943,2.710571428571394,-1.0184462949299045,-1.0368925898598087,0.5
W3_trailing_12m,2023_2024,2023-09-11T01:26:00,2023-09-11T02:04:00,0.7932878136634827,29.577173182791938,2,sl,13.0,True,-0.6,0.73,-1.0684931506849316,-1.136986301369863,0.5
W3_trailing_12m,2023_2024,2023-09-11T02:28:00,2023-09-11T03:45:00,0.7540972232818604,52.20534494497629,1,tp,19.0,True,1.5,0.79,1.5949367088607593,1.5316455696202531,0.5
W3_trailing_12m,2023_2024,2023-09-12T01:13:00,2023-09-12T02:00:00,0.7769829630851746,83.16716401950507,2,sl,25.0,True,-0.6,0.85,-1.0588235294117647,-1.1176470588235294,0.5
W3_trailing_12m,2023_2024,2023-09-12T02:15:00,2023-09-12T02:35:00,0.842939555644989,54.32004878927776,2,sl,13.0,True,-0.6,0.73,-1.0684931506849316,-1.136986301369863,0.5
W3_trailing_12m,2023_2024,2023-09-12T02:50:00,2023-09-12T03:01:00,0.8359202742576599,63.37903196273604,2,sl,17.0,True,-0.6,0.77,-1.0649350649350648,-1.12987012987013,0.5
W3_trailing_12m,2023_2024,2023-09-12T03:17:00,2023-09-12T04:12:00,0.7746313214302063,51.666063895919955,1,tp,16.0,True,1.5,0.76,1.6973684210526316,1.631578947368421,0.5
W3_trailing_12m,2023_2024,2023-09-25T02:58:00,2023-09-25T03:03:00,0.751664936542511,24.822448571428737,2,sl,15.0,True,-0.6,0.75,-1.0666666666666667,-1.1333333333333333,0.5
W3_trailing_12m,2023_2024,2023-09-26T02:53:00,2023-09-26T03:23:00,0.8028775453567505,55.420751939117984,2,sl,23.0,True,-0.6,0.83,-1.0602409638554218,-1.1204819277108433,0.5
W3_trailing_12m,2023_2024,2023-09-26T04:15:00,2023-09-26T04:24:00,0.7644661664962769,61.748161489475685,2,sl,21.0,True,-0.6,0.8099999999999999,-1.0617283950617284,-1.1234567901234567,0.5
W3_trailing_12m,2023_2024,2023-10-03T17:17:00,2023-10-03T17:18:00,0.752849280834198,48.02427523769931,1,tp,15.0,True,2.7411428571428766,3.52371428571431,0.7211546258006978,0.7069650531095442,0.5
W3_trailing_12m,2023_2024,2023-10-06T02:49:00,2023-10-06T02:55:00,0.7501652240753174,24.527977932367335,2,sl,16.0,True,-0.6,0.76,-1.0657894736842104,-1.131578947368421,0.5
W3_trailing_12m,2023_2024,2023-10-13T01:02:00,2023-10-13T01:40:00,0.7504503726959229,62.24400875906162,1,tp,32.0,True,1.5,0.9199999999999999,1.2282608695652173,1.173913043478261,0.5
W3_trailing_12m,2023_2024,2023-10-13T01:48:00,2023-10-13T01:51:00,0.7550225853919983,83.33252315602488,2,sl,27.0,True,-0.6,0.87,-1.057471264367816,-1.1149425287356323,0.5
W3_trailing_12m,2023_2024,2023-10-13T02:15:00,2023-10-13T03:20:00,0.7986937165260315,57.6682163466097,1,tp,28.0,True,1.5,0.88,1.3295454545454544,1.272727272727273,0.5
W3_trailing_12m,2023_2024,2023-10-17T01:28:00,2023-10-17T01:41:00,0.7500794529914856,51.79253980256489,1,tp,19.0,True,1.5,0.79,1.5949367088607593,1.5316455696202531,0.5
W3_trailing_12m,2023_2024,2023-10-17T02:05:00,2023-10-17T02:35:00,0.7645609378814697,53.71385600344081,1,tp,22.0,True,1.5,0.82,1.5,1.4390243902439024,0.5
W3_trailing_12m,2023_2024,2023-10-19T20:27:00,2023-10-19T20:30:00,0.7574354410171509,70.88784625692593,1,tp,15.0,True,2.21278571428575,2.873428571428615,0.7004822511683422,0.6830814358158517,0.5
W3_trailing_12m,2023_2024,2023-10-19T20:32:00,2023-10-19T21:00:00,0.7589035034179688,77.66171974501984,1,tp,15.0,True,2.442142857142874,3.1557142857143066,0.7105024898143962,0.6946582163875065,0.5
W3_trailing_12m,2023_2024,2023-10-24T02:33:00,2023-10-24T02:46:00,0.7686802744865417,27.450729209014938,2,sl,15.0,True,-0.6,0.75,-1.0666666666666667,-1.1333333333333333,0.5
W3_trailing_12m,2023_2024,2023-10-24T03:13:00,2023-10-24T03:23:00,0.7520877122879028,47.68167712352545,1,tp,23.0,True,1.5,0.83,1.4698795180722892,1.4096385542168675,0.5
W3_trailing_12m,2023_2024,2023-10-25T18:14:00,2023-10-25T18:31:00,0.7570711374282837,45.100584802791516,1,tp,17.0,True,3.6994285714285637,4.7231428571428475,0.7366765470933396,0.7260903756578548,0.5
W3_trailing_12m,2023_2024,2023-10-31T00:22:00,2023-10-31T00:35:00,0.776702880859375,55.045164557524615,2,sl,33.0,True,-0.6,0.9299999999999999,-1.053763440860215,-1.1075268817204302,0.5
W3_trailing_12m,2023_2024,2023-11-03T00:52:00,2023-11-03T01:37:00,0.76633220911026,46.052207413875735,2,sl,26.0,True,-0.6,0.86,-1.0581395348837208,-1.1162790697674418,0.5
W3_trailing_12m,2023_2024,2023-11-14T02:54:00,2023-11-14T03:03:00,0.7602220773696899,49.99952703150105,1,tp,20.0,True,1.5,0.8,1.5625,1.4999999999999998,0.5
W3_trailing_12m,2023_2024,2023-11-23T20:15:00,2023-11-24T01:09:00,0.7503804564476013,28.76684744118208,1,tp,25.0,True,1.5,0.85,1.411764705882353,1.352941176470588,0.5
W3_trailing_12m,2023_2024,2024-02-13T02:03:00,2024-02-13T02:11:00,0.7556895613670349,51.048451273902614,2,sl,16.0,True,-0.6,0.76,-1.0657894736842104,-1.131578947368421,0.5
W3_trailing_12m,2023_2024,2024-02-13T02:35:00,2024-02-13T03:02:00,0.7719831466674805,57.14240000365896,1,tp,23.0,True,1.5,0.83,1.4698795180722892,1.4096385542168675,0.5
W3_trailing_12m,2023_2024,2024-02-13T04:07:00,2024-02-13T05:03:00,0.7555733919143677,25.675432799955644,2,sl,18.0,True,-0.6,0.78,-1.064102564102564,-1.1282051282051282,0.5
W3_trailing_12m,2023_2024,2024-02-16T02:48:00,2024-02-16T03:30:00,0.7812389135360718,34.090547524495165,1,tp,19.0,True,1.5,0.79,1.5949367088607593,1.5316455696202531,0.5
W3_trailing_12m,2023_2024,2024-02-19T20:42:00,2024-02-20T01:03:00,0.7505074739456177,34.44417654529269,2,sl,44.0,True,-0.6,1.04,-1.048076923076923,-1.0961538461538463,1.0
W3_trailing_12m,2023_2024,2024-02-20T02:07:00,2024-02-20T02:13:00,0.7698392868041992,48.04431697182406,2,sl,16.0,True,-0.6,0.76,-1.0657894736842104,-1.131578947368421,1.0
W3_trailing_12m,2023_2024,2024-02-28T02:18:00,2024-02-28T03:16:00,0.7689765095710754,51.785066972374956,1,tp,23.0,True,1.5,0.83,1.4698795180722892,1.4096385542168675,1.0
W3_trailing_12m,2023_2024,2024-03-15T00:16:00,2024-03-15T00:49:00,0.7752264142036438,63.18964131596929,2,sl,20.0,True,-0.6,0.8,-1.0625,-1.1249999999999998,1.0
W3_trailing_12m,2023_2024,2024-03-20T20:04:00,2024-03-20T20:06:00,0.7540648579597473,83.62911434532637,1,tp,18.0,True,2.596285714285802,3.37542857142868,0.7010326730997157,0.6862197392923689,1.0
W3_trailing_12m,2023_2024,2024-03-20T20:16:00,2024-03-20T20:35:00,0.7593823075294495,55.19390224187978,2,sl,18.0,True,-4.412571428571443,4.592571428571443,-1.0108871469453777,-1.0217742938907552,1.0
W3_trailing_12m,2023_2024,2024-03-20T20:56:00,2024-03-20T21:08:00,0.7551679015159607,63.44420466641837,1,tp,18.0,True,3.3605000000000054,4.316000000000006,0.7253243744207601,0.7137395736793329,1.0
W3_trailing_12m,2023_2024,2024-03-26T00:13:00,2024-03-26T00:44:00,0.7612289786338806,51.0522554044326,1,tp,38.0,True,1.5,0.98,1.0918367346938775,1.0408163265306123,1.0
W3_trailing_12m,2023_2024,2024-04-24T18:45:00,2024-04-24T18:48:00,0.7589559555053711,29.85911567815728,1,tp,19.0,True,1.672357142857163,2.248285714285739,0.6370885754225462,0.6148494090735821,1.0
W3_trailing_12m,2023_2024,2024-04-24T19:05:00,2024-04-24T19:24:00,0.7523735761642456,24.48508663716015,1,tp,19.0,True,1.5646428571427642,2.1157142857141715,0.62609723160026,0.6024645509790567,1.0
W3_trailing_12m,2023_2024,2024-04-24T20:35:00,2024-04-24T20:58:00,0.7538542151451111,32.16779717566783,1,tp,19.0,True,1.7466428571429788,2.3397142857144355,0.6439430943949308,0.6225729637318476,1.0
W3_trailing_12m,2023_2024,2024-04-25T18:04:00,2024-04-25T18:07:00,0.7586323618888855,26.806504936416346,1,tp,19.0,True,2.9909285714286593,3.8711428571429654,0.71062440032475,0.697708317957048,1.0
W3_trailing_12m,2023_2024,2024-04-25T18:25:00,2024-04-25T18:27:00,0.7636777758598328,30.282706550750845,1,tp,19.0,True,2.4142857142857985,3.1614285714286754,0.6877541798463666,0.6719385449615951,1.0
W3_trailing_12m,2023_2024,2024-05-01T17:09:00,2024-05-01T17:14:00,0.7528331279754639,69.09692526040479,1,tp,19.0,True,2.8237857142857012,3.665428571428555,0.704906851664198,0.6912658819861247,1.0
W3_trailing_12m,2023_2024,2024-05-01T17:16:00,2024-05-01T17:32:00,0.7530662417411804,64.35415110219392,2,sl,19.0,True,-3.531428571428478,3.721428571428478,-1.0134357005758161,-1.0268714011516322,1.0
W3_trailing_12m,2023_2024,2024-05-02T18:58:00,2024-05-02T19:08:00,0.7555087208747864,27.188426298872415,1,tp,19.0,True,1.5776428571427523,2.131714285714157,0.6274963141669905,0.6040410132689861,1.0
W3_trailing_12m,2023_2024,2024-05-03T17:00:00,2024-05-03T17:01:00,0.7588938474655151,70.65761724527061,2,sl,19.0,True,-4.4102857142856795,4.60028571428568,-1.0108688901310479,-1.0217377802620955,1.0
W3_trailing_12m,2023_2024,2024-05-31T17:13:00,2024-05-31T17:17:00,0.7748110890388489,29.75882931638698,1,tp,19.0,True,2.8237857142857434,3.665428571428607,0.7049068516641993,0.6912658819861264,1.0
W3_trailing_12m,2023_2024,2024-06-05T17:08:00,2024-06-05T17:20:00,0.7629948258399963,30.787746701890654,1,tp,19.0,True,3.079142857142844,3.979714285714269,0.713403690142867,0.7008399741546409,1.0
W3_trailing_12m,2023_2024,2024-06-27T17:09:00,2024-06-27T17:20:00,0.7545551657676697,61.442566544528354,2,sl,19.0,True,-2.753142857142926,2.943142857142926,-1.016988641879429,-1.0339772837588577,1.0
W3_trailing_12m,2023_2024,2024-07-25T04:28:00,2024-07-25T04:38:00,0.7566505074501038,28.38643439192741,2,sl,19.0,True,-3.315428571428648,3.505428571428648,-1.0142635911647238,-1.0285271823294475,1.0
W3_trailing_12m,2023_2024,2024-07-25T20:42:00,2024-07-25T20:52:00,0.7550707459449768,33.388527966910345,1,tp,19.0,True,2.222071428571413,2.924857142857124,0.6776643547914418,0.6605695027840177,1.0
W3_trailing_12m,2023_2024,2024-08-01T17:07:00,2024-08-01T17:09:00,0.7588047981262207,62.34935377053407,2,sl,17.0,True,-3.3417142857142608,3.5117142857142607,-1.0142380603693761,-1.028476120738752,1.0
W3_trailing_12m,2023_2024,2024-08-08T17:12:00,2024-08-08T17:21:00,0.7669246196746826,70.23249280698278,1,tp,17.0,True,3.0679999999999965,3.9459999999999957,0.7217435377597565,0.7090724784591991,1.0
W3_trailing_12m,2023_2024,2024-08-23T17:36:00,2024-08-23T17:41:00,0.7745157480239868,65.13589656177984,2,sl,17.0,True,-3.634285714285891,3.804285714285891,-1.0131430717236194,-1.0262861434472388,1.0
W3_trailing_12m,2023_2024,2024-10-04T18:39:00,2024-10-04T18:40:00,0.7549865245819092,22.4062498964701,2,sl,17.0,True,-2.876571428571437,3.046571428571437,-1.0164118915877334,-1.0328237831754665,1.0
W3_trailing_12m,2023_2024,2024-11-07T03:22:00,2024-11-07T03:25:00,0.7566138505935669,22.11661729448838,1,tp,17.0,True,3.250928571428507,4.171142857142778,0.7266422357695717,0.7146551133639273,0.5
W3_trailing_12m,2023_2024,2024-11-07T03:29:00,2024-11-07T03:35:00,0.7524082064628601,31.63536895017087,2,sl,17.0,True,-4.051428571428551,4.221428571428551,-1.011844331641286,-1.0236886632825721,1.0
W3_trailing_12m,2023_2024,2024-11-14T01:37:00,2024-11-14T03:02:00,0.7623643279075623,29.28951675246418,2,sl,16.0,True,-3.5725714285712975,3.7325714285712976,-1.0133955909369263,-1.0267911818738527,0.5
W3_trailing_12m,2023_2024,2024-11-14T22:13:00,2024-11-14T22:25:00,0.8182361721992493,23.982979006576514,1,tp,16.0,True,2.7225714285715705,3.510857142857318,0.715657552083338,0.7014160156250054,0.5
W3_trailing_12m,2023_2024,2024-11-27T17:08:00,2024-11-27T17:12:00,0.7633218765258789,34.68910600537538,2,sl,16.0,True,-3.1474285714286196,3.30742857142862,-1.0151174844505872,-1.0302349689011743,0.5
W3_trailing_12m,2023_2024,2024-11-28T03:15:00,2024-11-28T03:19:00,0.7508760094642639,29.924438178843218,2,sl,16.0,True,-3.1725714285715054,3.3325714285715056,-1.0150034293552808,-1.0300068587105617,0.5
