cohort,simulator,entry_index,exit_index,entry_time_api,exit_time_api,entry_time_actual_utc,exit_time_actual_utc,raw_episode_id,entry_price,exit_price,tp_distance,sl_distance,exit_reason,same_bar_both_hit,gross_price,spread_points,spread_observed,extra_cost_points,gross_r,net_r,stress_r,risk_mult,risk_guard_reasons,risk_budget,account_pnl,balance_before,balance_after,positive,trade_id,episode_trade_ordinal,model_id,fold
PAIRED_B0_technical_control,S5,15709,15725,2018-01-17T22:03:00,2018-01-17T22:19:00,2018-01-17T22:03:00,2018-01-17T22:19:00,2,1329.12,1327.414857142857,1.5,1.7051428571428398,stop_loss,False,-1.705142857142846,30.0,False,5.0,-0.8503847249928773,-1.0249358791678576,-1.0498717583357118,1.0,,14.0,-14.349102308350005,1000.0,985.65089769165,False,B0_technical_control_S5_000000,0,B0_technical_control,2018_2020
PAIRED_B0_technical_control,S5,18589,18600,2018-01-22T01:04:00,2018-01-22T01:15:00,2018-01-22T01:04:00,2018-01-22T01:15:00,3,1334.75,1333.1717142857144,1.5,1.5782857142856561,stop_loss,False,-1.5782857142855846,30.0,False,5.0,-0.8402798904775961,-1.0266200182536895,-1.053240036507417,1.0,,13.7991125676831,-14.16644519611954,985.65089769165,971.4844524955305,False,B0_technical_control_S5_000001,0,B0_technical_control,2018_2020
PAIRED_B0_technical_control,S5,28243,28333,2018-01-31T01:00:00,2018-01-31T02:30:00,2018-01-31T01:00:00,2018-01-31T02:30:00,6,1338.18,1338.82,1.5404999999999291,1.8959999999999129,timeout,False,0.6399999999998727,30.0,False,5.0,0.29143897996352375,0.13205828779593998,0.10928961748628516,1.0,,13.600782334937428,1.7960960278371034,971.4844524955305,973.2805485233675,True,B0_technical_control_S5_000002,0,B0_technical_control,2018_2020
PAIRED_B0_technical_control,S5,29508,29519,2018-01-31T22:06:00,2018-01-31T22:17:00,2018-01-31T22:06:00,2018-01-31T22:17:00,9,1343.64,1345.14,1.5,1.7462857142858152,take_profit,False,1.5,30.0,False,5.0,0.7330354649538874,0.561993856464647,0.5375593409661841,1.0,,13.625927679327146,7.65768764441344,973.2805485233675,980.9382361677809,True,B0_technical_control_S5_000003,0,B0_technical_control,2018_2020
PAIRED_B0_technical_control,S5,32381,32392,2018-02-05T01:00:00,2018-02-05T01:11:00,2018-02-05T01:00:00,2018-02-05T01:11:00,11,1331.84,1329.6571428571428,1.773571428571399,2.1828571428571064,stop_loss,False,-2.182857142857074,30.0,False,5.0,-0.8791714614499277,-1.0201380897583303,-1.0402761795166735,1.0,,13.733135306348933,-14.009694417811483,980.9382361677809,966.9285417499694,False,B0_technical_control_S5_000004,0,B0_technical_control,2018_2020
PAIRED_B0_technical_control,S5,33768,33858,2018-02-06T01:12:00,2018-02-06T02:42:00,2018-02-06T01:12:00,2018-02-06T02:42:00,15,1337.36,1338.9,4.35964285714284,5.365714285714265,timeout,False,1.540000000000191,30.0,False,5.0,0.2718103883005894,0.21003530005046311,0.20121028744330224,1.0,,13.536999584499572,2.843247769513362,966.9285417499694,969.7717895194828,True,B0_technical_control_S5_000005,0,B0_technical_control,2018_2020
PAIRED_B0_technical_control,S5,33941,33944,2018-02-06T04:05:00,2018-02-06T04:08:00,2018-02-06T04:05:00,2018-02-06T04:08:00,16,1344.32,1345.8790714285713,1.559071428571404,1.9188571428571128,take_profit,False,1.5590714285713148,30.0,False,5.0,0.7026461498840685,0.544907288179199,0.5223731650785034,1.0,,13.576805053272759,7.398100023716504,969.7717895194828,977.1698895431994,True,B0_technical_control_S5_000006,0,B0_technical_control,2018_2020
PAIRED_B0_technical_control,S5,33945,34014,2018-02-06T04:09:00,2018-02-06T05:18:00,2018-02-06T04:09:00,2018-02-06T05:18:00,16,1345.61,1343.3082857142856,1.8701428571428034,2.3017142857142194,stop_loss,False,-2.301714285714297,30.0,False,5.0,-0.8846914122556826,-1.0192180979574212,-1.0384361959148123,1.0,,13.680378453604792,-13.943289306820764,977.1698895431994,963.2266002363785,False,B0_technical_control_S5_000007,1,B0_technical_control,2018_2020
PAIRED_B0_technical_control,S5,39275,39287,2018-02-12T01:00:00,2018-02-12T01:12:00,2018-02-12T01:00:00,2018-02-12T01:12:00,18,1314.87,1316.8311428571428,1.9611428571428684,2.4137142857142995,take_profit,False,1.9611428571429315,30.0,False,5.0,0.7226784586228917,0.5937039376711131,0.5752790061065733,1.0,,13.4851724033093,8.006199956018559,963.2266002363785,971.2328001923971,True,B0_technical_control_S5_000008,0,B0_technical_control,2018_2020
PAIRED_B0_technical_control,S5,40660,40750,2018-02-13T01:05:00,2018-02-13T02:35:00,2018-02-13T01:05:00,2018-02-13T02:35:00,19,1323.52,1322.56,1.7912142857142823,2.2045714285714246,timeout,False,-0.9600000000000364,30.0,False,5.0,-0.3832991101985093,-0.5230435774583773,-0.5430070727812155,1.0,,13.59725920269356,-7.111959097005682,971.2328001923971,964.1208410953915,False,B0_technical_control_S5_000009,0,B0_technical_control,2018_2020
PAIRED_B0_technical_control,S5,42040,42130,2018-02-14T01:05:00,2018-02-14T02:35:00,2018-02-14T01:05:00,2018-02-14T02:35:00,20,1329.6,1332.26,5.667071428571405,6.974857142857115,timeout,False,2.660000000000082,30.0,False,5.0,0.3656429188594895,0.31753200848324237,0.3106590212866357,1.0,,13.49769177533548,4.285949179310017,964.1208410953915,968.4067902747015,True,B0_technical_control_S5_000010,0,B0_technical_control,2018_2020
PAIRED_B0_technical_control,S5,46184,46230,2018-02-19T01:10:00,2018-02-19T01:56:00,2018-02-19T01:10:00,2018-02-19T01:56:00,23,1349.27,1347.7317142857144,1.5,1.5382857142856925,stop_loss,False,-1.538285714285621,30.0,False,5.0,-0.83680447622004,-1.0271992539632813,-1.0543985079266014,1.0,,13.557695063845822,-13.926454255044089,968.4067902747015,954.4803360196574,False,B0_technical_control_S5_000011,0,B0_technical_control,2018_2020
PAIRED_B0_technical_control,S5,49956,49974,2018-02-21T22:05:00,2018-02-21T22:23:00,2018-02-21T22:05:00,2018-02-21T22:23:00,26,1323.69,1325.2407142857144,1.5507142857142477,1.9085714285713817,take_profit,False,1.5507142857143208,30.0,False,5.0,0.7021345407503542,0.5436610608020973,0.5210219922380607,1.0,,13.362724704275205,7.2647930879326506,954.4803360196574,961.7451291075901,True,B0_technical_control_S5_000012,0,B0_technical_control,2018_2020
PAIRED_B0_technical_control,S5,52830,52834,2018-02-26T01:00:00,2018-02-26T01:04:00,2018-02-26T01:00:00,2018-02-26T01:04:00,27,1328.04,1329.54,1.5,1.8365714285714212,take_profit,False,1.5,30.0,False,5.0,0.7020593741642175,0.5382455201925668,0.5148435410537595,1.0,,13.46443180750626,7.247170102328549,961.7451291075901,968.9922992099187,True,B0_technical_control_S5_000013,0,B0_technical_control,2018_2020
PAIRED_B0_technical_control,S5,59731,59758,2018-03-05T01:02:00,2018-03-05T01:29:00,2018-03-05T01:02:00,2018-03-05T01:29:00,29,1323.98,1322.1457142857143,1.5,1.8342857142857352,stop_loss,False,-1.83428571428567,30.0,False,5.0,-0.8594377510039869,-1.0234270414992999,-1.0468540829986304,1.0,,13.56589218893886,-13.88370090822416,968.9922992099187,955.1085983016945,False,B0_technical_control_S5_000014,0,B0_technical_control,2018_2020
PAIRED_B0_technical_control,S5,77493,77512,2018-03-21T20:16:00,2018-03-21T20:35:00,2018-03-21T20:16:00,2018-03-21T20:35:00,31,1325.89,1322.2900000000002,2.9250000000000003,3.6,stop_loss,False,-3.599999999999909,30.0,False,5.0,-0.9230769230768998,-1.0128205128204895,-1.0256410256410022,1.0,,13.371520376223724,-13.542950124636537,955.1085983016945,941.565648177058,False,B0_technical_control_S5_000015,0,B0_technical_control,2018_2020
PAIRED_B0_technical_control,S5,80414,80428,2018-03-26T01:00:00,2018-03-26T01:14:00,2018-03-26T01:00:00,2018-03-26T01:14:00,32,1347.1,1348.6,1.5,1.7839999999999887,take_profit,False,1.5,30.0,False,5.0,0.7197696737044186,0.5518234165067208,0.527831094049907,1.0,,13.181919074478813,7.27409161979401,941.565648177058,948.8397397968521,True,B0_technical_control_S5_000016,0,B0_technical_control,2018_2020
PAIRED_B0_technical_control,S5,85935,86025,2018-04-02T01:03:00,2018-04-02T02:33:00,2018-04-02T01:03:00,2018-04-02T02:33:00,34,1325.36,1327.32,3.615857142857127,4.450285714285695,timeout,False,1.9600000000000364,30.0,False,5.0,0.4126067604956187,0.3389269818356881,0.3284012991699838,1.0,,13.28375635715593,4.502223449571494,948.8397397968521,953.3419632464236,True,B0_technical_control_S5_000017,0,B0_technical_control,2018_2020
PAIRED_B0_technical_control,S5,220615,220624,2018-08-16T03:31:00,2018-08-16T03:40:00,2018-08-16T03:31:00,2018-08-16T03:40:00,41,1167.8,1166.392,1.5,1.4079999999999668,stop_loss,False,-1.4079999999999018,30.0,False,5.0,-0.824355971896914,-1.0292740046838031,-1.0585480093676445,0.5,live_rolling_pf,6.673393742724965,-6.868750702406358,953.3419632464236,946.4732125440172,False,B0_technical_control_S5_000018,0,B0_technical_control,2018_2020
PAIRED_B0_technical_control,S5,220639,220646,2018-08-16T03:55:00,2018-08-16T04:02:00,2018-08-16T03:55:00,2018-08-16T04:02:00,43,1165.06,1166.8595714285714,1.7995714285714177,2.2148571428571295,take_profit,False,1.7995714285714257,30.0,False,5.0,0.7155760054533088,0.5764030902067732,0.5565212451715538,0.5,live_post_loss_cap;live_rolling_pf,6.62531248780812,3.8188505915581246,946.4732125440172,950.2920631355753,True,B0_technical_control_S5_000019,0,B0_technical_control,2018_2020
PAIRED_B0_technical_control,S5,220647,220651,2018-08-16T04:03:00,2018-08-16T04:07:00,2018-08-16T04:03:00,2018-08-16T04:07:00,43,1167.13,1165.538,1.5,1.5920000000000074,stop_loss,False,-1.5920000000000982,30.0,False,5.0,-0.8414376321353552,-1.0264270613108302,-1.0528541226216122,0.5,live_post_loss_cap;live_rolling_pf,6.652044441949027,-6.827838428258781,950.2920631355753,943.4642247073165,False,B0_technical_control_S5_000020,1,B0_technical_control,2018_2020
PAIRED_B0_technical_control,S5,220666,220670,2018-08-16T04:22:00,2018-08-16T04:26:00,2018-08-16T04:22:00,2018-08-16T04:26:00,44,1166.26,1164.9514285714286,1.5,1.3085714285714338,stop_loss,False,-1.3085714285714403,30.0,False,5.0,-0.8134991119005375,-1.031083481349915,-1.062166962699826,0.5,live_post_loss_cap;live_rolling_pf,6.604249572951216,-6.809532641382229,943.4642247073165,936.6546920659342,False,B0_technical_control_S5_000021,0,B0_technical_control,2018_2020
PAIRED_B0_technical_control,S5,220685,220687,2018-08-16T04:41:00,2018-08-16T04:43:00,2018-08-16T04:41:00,2018-08-16T04:43:00,45,1168.72,1170.22,1.5,1.4708571428571304,take_profit,False,1.5,30.0,False,5.0,0.8470474346563467,0.6494030332365324,0.6211681187479876,0.5,live_post_loss_cap;live_rolling_pf,6.5565828444615395,4.257864786859935,936.6546920659342,940.9125568527942,True,B0_technical_control_S5_000022,0,B0_technical_control,2018_2020
PAIRED_B0_technical_control,S5,220688,220692,2018-08-16T04:44:00,2018-08-16T04:48:00,2018-08-16T04:44:00,2018-08-16T04:48:00,45,1170.43,1168.9260000000002,1.5,1.5039999999999836,stop_loss,False,-1.5039999999999054,30.0,False,5.0,-0.8337028824833255,-1.0277161862527286,-1.0554323725055004,0.5,live_post_loss_cap;live_rolling_pf,6.586387897969559,-6.768937451682402,940.9125568527942,934.1436194011118,False,B0_technical_control_S5_000023,1,B0_technical_control,2018_2020
PAIRED_B0_technical_control,S5,261257,261259,2018-09-26T22:00:00,2018-09-26T22:02:00,2018-09-26T22:00:00,2018-09-26T22:02:00,54,1198.01,1196.21,1.5,1.800000000000026,stop_loss,False,-1.7999999999999545,30.0,False,5.0,-0.8571428571428249,-1.0238095238094895,-1.047619047619013,0.5,live_rolling_pf,6.539005335807783,-6.694695939041077,934.1436194011118,927.4489234620708,False,B0_technical_control_S5_000024,0,B0_technical_control,2018_2020
PAIRED_B0_technical_control,S5,322231,322232,2018-11-28T19:09:00,2018-11-28T19:10:00,2018-11-28T19:09:00,2018-11-28T19:10:00,56,1223.0,1224.5,1.5,1.807999999999941,take_profit,False,1.5,26.0,True,5.0,0.7253384912959588,0.5754352030947939,0.5512572533849287,0.5,live_rolling_pf,6.492142464234496,3.735807317427113,927.4489234620708,931.1847307794978,True,B0_technical_control_S5_000025,0,B0_technical_control,2018_2020
PAIRED_B0_technical_control,S5,322233,322238,2018-11-28T19:11:00,2018-11-28T19:16:00,2018-11-28T19:11:00,2018-11-28T19:16:00,56,1225.97,1223.7140000000002,1.8329999999999587,2.255999999999949,stop_loss,False,-2.255999999999858,16.0,True,5.0,-0.933774834437047,-1.0206953642383734,-1.0413907284767843,0.5,live_rolling_pf,6.518293115456485,-6.653191565693339,931.1847307794978,924.5315392138045,False,B0_technical_control_S5_000026,1,B0_technical_control,2018_2020
PAIRED_B0_technical_control,S5,466295,466384,2019-05-01T01:37:00,2019-05-01T03:07:00,2019-05-01T01:37:00,2019-05-01T03:07:00,63,1282.86,1283.52,1.5,0.6,timeout,False,0.6600000000000819,27.0,True,5.0,0.7586206896552665,0.3908045977012435,0.3333333333334274,0.5,live_rolling_pf,6.471720774496632,2.529178233711936,924.5315392138045,927.0607174475165,True,B0_technical_control_S5_000027,0,B0_technical_control,2018_2020
PAIRED_B0_technical_control,S5,515824,515830,2019-06-20T04:18:00,2019-06-20T04:24:00,2019-06-20T04:18:00,2019-06-20T04:24:00,67,1375.19,1378.8745714285715,3.6845714285714557,4.5348571428571764,take_profit,False,3.6845714285714166,20.0,True,5.0,0.7781800627564486,0.7253801593048439,0.714820178614523,0.5,live_rolling_pf,6.4894250221326155,4.707300156351397,927.0607174475165,931.7680176038679,True,B0_technical_control_S5_000028,0,B0_technical_control,2018_2020
PAIRED_B0_technical_control,S5,518391,518397,2019-06-24T01:08:00,2019-06-24T01:14:00,2019-06-24T01:08:00,2019-06-24T01:14:00,68,1402.47,1403.97,1.5,1.5371428571427586,take_profit,False,1.5,33.0,True,5.0,0.8033664881408228,0.5998469778118144,0.573068094873787,0.5,live_rolling_pf,6.522376123227075,3.9124276056696994,931.7680176038679,935.6804452095375,True,B0_technical_control_S5_000029,0,B0_technical_control,2018_2020
PAIRED_B0_technical_control,S5,518427,518430,2019-06-24T01:44:00,2019-06-24T01:47:00,2019-06-24T01:44:00,2019-06-24T01:47:00,70,1403.79,1405.506,1.7160000000000228,2.112000000000028,take_profit,False,1.7160000000001219,29.0,True,5.0,0.7144046627810582,0.5728559533722338,0.5520399666944655,0.5,live_rolling_pf,6.549763116466763,3.752070794445861,935.6804452095375,939.4325160039834,True,B0_technical_control_S5_000030,0,B0_technical_control,2018_2020
PAIRED_B0_technical_control,S5,520930,520934,2019-06-25T20:28:00,2019-06-25T20:32:00,2019-06-25T20:28:00,2019-06-25T20:32:00,71,1414.0,1416.4124285714286,2.412428571428531,2.9691428571428076,take_profit,False,2.4124285714285634,19.0,True,5.0,0.763633897078783,0.6876639233065108,0.6718368454372875,0.5,live_rolling_pf,6.576027612027884,4.5220969474590405,939.4325160039834,943.9546129514425,True,B0_technical_control_S5_000031,0,B0_technical_control,2018_2020
PAIRED_B0_technical_control,S5,525295,525304,2019-07-01T01:18:00,2019-07-01T01:27:00,2019-07-01T01:18:00,2019-07-01T01:27:00,74,1391.69,1394.2584285714286,2.5684285714286,3.1611428571428926,take_profit,False,2.5684285714285124,32.0,True,5.0,0.7378118844385836,0.6315249507550653,0.6171618516086439,0.5,live_rolling_pf,6.607682290660098,4.172916233214235,943.9546129514425,948.1275291846567,True,B0_technical_control_S5_000032,0,B0_technical_control,2018_2020
PAIRED_B0_technical_control,S5,525310,525327,2019-07-01T01:33:00,2019-07-01T01:50:00,2019-07-01T01:33:00,2019-07-01T01:50:00,75,1392.97,1394.47,1.5,1.657142857142805,take_profit,False,1.5,42.0,True,5.0,0.7221458046767719,0.4958734525447167,0.4718019257221576,0.5,live_rolling_pf,6.636892704292597,3.2910588994464116,948.1275291846567,951.4185880841031,True,B0_technical_control_S5_000033,0,B0_technical_control,2018_2020
PAIRED_B0_technical_control,S5,525462,525463,2019-07-01T04:05:00,2019-07-01T04:06:00,2019-07-01T04:05:00,2019-07-01T04:06:00,77,1392.04,1393.54,1.5,1.554285714285704,take_profit,False,1.5,16.0,True,5.0,0.8750000000000052,0.7525000000000045,0.7233333333333377,0.5,live_rolling_pf,6.659930116588722,5.011597412733043,951.4185880841031,956.4301854968362,True,B0_technical_control_S5_000034,0,B0_technical_control,2018_2020
PAIRED_B0_technical_control,S5,526241,526244,2019-07-01T17:04:00,2019-07-01T17:07:00,2019-07-01T17:04:00,2019-07-01T17:07:00,79,1389.96,1391.46,1.5,1.3577142857142983,take_profit,False,1.5,19.0,True,5.0,0.969171127930581,0.8141037474616881,0.7817980431973354,0.5,live_rolling_pf,6.695011298477853,5.450433787389163,956.4301854968362,961.8806192842254,True,B0_technical_control_S5_000035,0,B0_technical_control,2018_2020
PAIRED_B0_technical_control,S5,526250,526260,2019-07-01T17:13:00,2019-07-01T17:23:00,2019-07-01T17:13:00,2019-07-01T17:23:00,80,1390.06,1391.56,1.5,1.689142857142932,take_profit,False,1.5,21.0,True,5.0,0.7898299984955307,0.6529261320896388,0.626598465473121,0.5,live_rolling_pf,6.733164334989578,4.39625894596865,961.8806192842254,966.276878230194,True,B0_technical_control_S5_000036,0,B0_technical_control,2018_2020
PAIRED_B0_technical_control,S5,526308,526315,2019-07-01T18:11:00,2019-07-01T18:18:00,2019-07-01T18:11:00,2019-07-01T18:18:00,81,1393.68,1392.1028571428571,1.5,1.577142857142852,stop_loss,False,-1.577142857142917,17.0,True,5.0,-0.9026982829109118,-1.0286181520850741,-1.057236304170111,0.5,live_rolling_pf,6.763938147611358,-6.957509558213735,966.276878230194,959.3193686719803,False,B0_technical_control_S5_000037,0,B0_technical_control,2018_2020
PAIRED_B0_technical_control,S5,526842,526932,2019-07-02T04:06:00,2019-07-02T05:36:00,2019-07-02T04:06:00,2019-07-02T05:36:00,82,1390.16,1389.7,1.5,1.2479999999999825,timeout,False,-0.4600000000000364,20.0,True,5.0,-0.3176795580110787,-0.49033149171273827,-0.5248618784530702,0.5,live_rolling_pf,6.715235580703863,-3.292691479488981,959.3193686719803,956.0266771924913,False,B0_technical_control_S5_000038,0,B0_technical_control,2018_2020
PAIRED_B0_technical_control,S5,527716,527718,2019-07-02T18:40:00,2019-07-02T18:42:00,2019-07-02T18:40:00,2019-07-02T18:42:00,83,1403.31,1401.7557142857142,1.5,1.554285714285652,stop_loss,False,-1.5542857142856974,20.0,True,5.0,-0.8859934853420414,-1.0285016286645219,-1.0570032573290182,0.5,live_rolling_pf,6.69218674034744,-6.882924961774459,956.0266771924913,949.1437522307168,False,B0_technical_control_S5_000039,0,B0_technical_control,2018_2020
PAIRED_B0_technical_control,S5,527927,528008,2019-07-02T22:11:00,2019-07-02T23:32:00,2019-07-02T22:11:00,2019-07-02T23:32:00,84,1413.91,1415.5730714285714,1.6630714285714574,2.0468571428571782,take_profit,False,1.6630714285713566,22.0,True,5.0,0.7336463322409449,0.6145386942273344,0.5924817242248139,0.5,live_rolling_pf,6.644006265615018,4.0829989349092815,949.1437522307168,953.2267511656261,True,B0_technical_control_S5_000040,0,B0_technical_control,2018_2020
PAIRED_B0_technical_control,S5,528051,528056,2019-07-03T01:16:00,2019-07-03T01:21:00,2019-07-03T01:16:00,2019-07-03T01:21:00,85,1433.9,1430.548,2.723500000000057,3.35200000000007,stop_loss,False,-3.352000000000089,47.0,True,5.0,-0.8770277341705985,-1.0130821559393035,-1.0261643118786021,0.5,live_rolling_pf,6.672587258159383,-6.759879085189233,953.2267511656261,946.4668720804368,False,B0_technical_control_S5_000041,0,B0_technical_control,2018_2020
PAIRED_B0_technical_control,S5,528086,528089,2019-07-03T01:51:00,2019-07-03T01:54:00,2019-07-03T01:51:00,2019-07-03T01:54:00,88,1424.94,1426.8398571428572,1.8998571428571462,2.3382857142857185,take_profit,False,1.8998571428571722,29.0,True,5.0,0.7228503098162944,0.5934884226546465,0.5744646157191101,0.5,live_post_loss_cap;live_rolling_pf,6.625268104563058,3.932019917041269,946.4668720804368,950.3988919974781,True,B0_technical_control_S5_000042,0,B0_technical_control,2018_2020
PAIRED_B0_technical_control,S5,534330,534341,2019-07-09T18:04:00,2019-07-09T18:15:00,2019-07-09T18:04:00,2019-07-09T18:15:00,91,1398.01,1396.4968571428572,1.5,1.5131428571429102,stop_loss,False,-1.5131428571428387,20.0,True,5.0,-0.8832555036690747,-1.0291861240826792,-1.0583722481654,0.5,live_rolling_pf,6.652792243982347,-6.8469614639115015,950.3988919974781,943.5519305335666,False,B0_technical_control_S5_000043,0,B0_technical_control,2018_2020
PAIRED_B0_technical_control,S5,556921,556941,2019-08-01T04:05:00,2019-08-01T04:25:00,2019-08-01T04:05:00,2019-08-01T04:25:00,96,1408.6,1410.1,1.5,1.3325714285714119,take_profit,False,1.5,21.0,True,5.0,0.9724022967216257,0.8038525652898773,0.7714391553991563,0.5,live_rolling_pf,6.6048635137349665,5.309336478905365,943.5519305335666,948.861267012472,True,B0_technical_control_S5_000044,0,B0_technical_control,2018_2020
PAIRED_B0_technical_control,S5,559714,559714,2019-08-05T04:41:00,2019-08-05T04:41:00,2019-08-05T04:41:00,2019-08-05T04:41:00,98,1449.25,1450.75,1.5,1.7131428571428584,take_profit,False,1.5,22.0,True,5.0,0.7759385161099611,0.636269583210168,0.6104049660065026,0.5,live_rolling_pf,6.642028869087304,4.2261209402040825,948.861267012472,953.0873879526761,True,B0_technical_control_S5_000045,0,B0_technical_control,2018_2020
PAIRED_B0_technical_control,S5,559715,559722,2019-08-05T04:42:00,2019-08-05T04:49:00,2019-08-05T04:42:00,2019-08-05T04:49:00,98,1450.59,1448.6402857142857,1.584142857142873,1.9497142857143055,stop_loss,False,-1.949714285714208,23.0,True,5.0,-0.8944815834315986,-1.0229387862104675,-1.04587757242098,1.0,,13.343223431337465,-13.649300780987417,953.0873879526761,939.4380871716886,False,B0_technical_control_S5_000046,1,B0_technical_control,2018_2020
PAIRED_B0_technical_control,S5,562456,562460,2019-08-07T04:25:00,2019-08-07T04:29:00,2019-08-07T04:25:00,2019-08-07T04:29:00,100,1482.38,1483.9613571428572,1.5813571428571402,1.946285714285711,take_profit,False,1.5813571428570867,25.0,True,5.0,0.7200143098737884,0.5834200598412658,0.560654351502512,0.5,live_rolling_pf,6.576066610201821,3.836609175244096,939.4380871716886,943.2746963469327,True,B0_technical_control_S5_000047,0,B0_technical_control,2018_2020
PAIRED_B0_technical_control,S5,562461,562466,2019-08-07T04:30:00,2019-08-07T04:35:00,2019-08-07T04:30:00,2019-08-07T04:35:00,100,1483.56,1485.2527857142857,1.692785714285737,2.0834285714285996,take_profit,False,1.6927857142857192,25.0,True,5.0,0.725449981633396,0.5968838006611924,0.5754561038324918,0.5,live_rolling_pf,6.602922874428529,3.9411777007616258,943.2746963469327,947.2158740476943,True,B0_technical_control_S5_000048,1,B0_technical_control,2018_2020
PAIRED_B0_technical_control,S5,562467,562469,2019-08-07T04:36:00,2019-08-07T04:38:00,2019-08-07T04:36:00,2019-08-07T04:38:00,101,1485.59,1487.1082142857142,1.5182142857142986,1.8685714285714443,take_profit,False,1.5182142857142935,25.0,True,5.0,0.7166217127444353,0.5750168577208356,0.5514160485502355,0.5,live_rolling_pf,6.63051111833386,3.8126556683473996,947.2158740476943,951.0285297160417,True,B0_technical_control_S5_000049,0,B0_technical_control,2018_2020
PAIRED_B0_technical_control,S5,562470,562471,2019-08-07T04:39:00,2019-08-07T04:40:00,2019-08-07T04:39:00,2019-08-07T04:40:00,101,1486.45,1487.95,1.5,1.788571428571439,take_profit,False,1.5,23.0,True,5.0,0.7430997876857711,0.6043878273177605,0.5796178343949014,0.5,live_rolling_pf,6.657199708012292,4.023530467545979,951.0285297160417,955.0520601835876,True,B0_technical_control_S5_000050,1,B0_technical_control,2018_2020
PAIRED_B0_technical_control,S5,567645,567648,2019-08-12T22:02:00,2019-08-12T22:05:00,2019-08-12T22:02:00,2019-08-12T22:05:00,103,1509.13,1507.5722857142857,1.5,1.5577142857143242,stop_loss,False,-1.5577142857143826,23.0,True,5.0,-0.8713440946140677,-1.027968675083938,-1.0559373501678435,1.0,,13.370728842570227,-13.744690413203513,955.0520601835876,941.3073697703841,False,B0_technical_control_S5_000051,0,B0_technical_control,2018_2020
PAIRED_B0_technical_control,S5,567663,567666,2019-08-12T22:20:00,2019-08-12T22:23:00,2019-08-12T22:20:00,2019-08-12T22:23:00,104,1511.91,1513.41,1.5,1.6205714285714359,take_profit,False,1.5,26.0,True,5.0,0.7976298997265238,0.6327863871163755,0.6061987237921581,0.5,live_post_loss_cap;live_rolling_pf,6.5891515883926886,4.169525427781136,941.3073697703841,945.4768951981652,True,B0_technical_control_S5_000052,0,B0_technical_control,2018_2020
PAIRED_B0_technical_control,S5,569343,569343,2019-08-14T04:22:00,2019-08-14T04:22:00,2019-08-14T04:22:00,2019-08-14T04:22:00,110,1495.69,1497.2527857142857,1.5627857142856865,1.923428571428537,take_profit,False,1.56278571428561,22.0,True,5.0,0.7291055718474704,0.603139162889857,0.5798120501199286,0.5,live_rolling_pf,6.618338266387156,3.991779001710657,945.4768951981652,949.4686741998759,True,B0_technical_control_S5_000053,0,B0_technical_control,2018_2020
PAIRED_B0_technical_control,S5,569344,569387,2019-08-14T04:23:00,2019-08-14T05:06:00,2019-08-14T04:23:00,2019-08-14T05:06:00,110,1496.08,1497.7347142857143,1.6547142857142587,2.036571428571395,take_profit,False,1.6547142857143626,23.0,True,5.0,0.7300516828438617,0.6065170805496458,0.5844573301399644,1.0,,13.292561438798263,8.062165556886722,949.4686741998759,957.5308397567626,True,B0_technical_control_S5_000054,1,B0_technical_control,2018_2020
PAIRED_B0_technical_control,S5,572573,572587,2019-08-16T12:14:00,2019-08-16T12:28:00,2019-08-16T12:14:00,2019-08-16T12:28:00,118,1507.28,1508.78,1.5,1.356571428571442,take_profit,False,1.5,25.0,True,5.0,0.9336653032189144,0.7469322425751315,0.7158100658011677,1.0,,13.405431756594677,10.012949204641146,957.5308397567626,967.5437889614037,True,B0_technical_control_S5_000055,0,B0_technical_control,2018_2020
PAIRED_B0_technical_control,S5,573280,573281,2019-08-19T01:03:00,2019-08-19T01:04:00,2019-08-19T01:03:00,2019-08-19T01:04:00,119,1508.39,1509.89,1.5,1.4228571428570962,take_profit,False,1.5,34.0,True,5.0,0.8508914100486449,0.6296596434359971,0.6012965964343757,1.0,,13.545613045459652,8.529125880326115,967.5437889614037,976.0729148417298,True,B0_technical_control_S5_000056,0,B0_technical_control,2018_2020
PAIRED_B0_technical_control,S5,573896,573925,2019-08-19T11:25:00,2019-08-19T11:54:00,2019-08-19T11:25:00,2019-08-19T11:54:00,121,1500.09,1501.59,1.5,1.5531428571429,take_profit,False,1.5,21.0,True,5.0,0.8507535245502953,0.7032895802949108,0.6749311294765676,1.0,,13.665020807784218,9.610466748627786,976.0729148417298,985.6833815903576,True,B0_technical_control_S5_000057,0,B0_technical_control,2018_2020
PAIRED_B0_technical_control,S5,574247,574275,2019-08-19T17:16:00,2019-08-19T17:44:00,2019-08-19T17:16:00,2019-08-19T17:44:00,122,1501.69,1503.19,1.5,1.5051428571428396,take_profit,False,1.5,23.0,True,5.0,0.8644821340359053,0.7031121356825364,0.6742960645480062,1.0,,13.799567342265007,9.702643265514931,985.6833815903576,995.3860248558725,True,B0_technical_control_S5_000058,0,B0_technical_control,2018_2020
PAIRED_B0_technical_control,S5,575617,575624,2019-08-20T17:07:00,2019-08-20T17:14:00,2019-08-20T17:07:00,2019-08-20T17:14:00,123,1503.09,1504.59,1.5,1.6822857142857435,take_profit,False,1.5,22.0,True,5.0,0.7885250826073775,0.6465905677380496,0.6203063983178037,1.0,,13.935404347982216,9.010501009021105,995.3860248558725,1004.3965258648936,True,B0_technical_control_S5_000059,0,B0_technical_control,2018_2020
PAIRED_B0_technical_control,S5,580168,580168,2019-08-26T01:03:00,2019-08-26T01:03:00,2019-08-26T01:03:00,2019-08-26T01:03:00,124,1544.87,1547.7894285714285,2.9194285714286186,3.593142857142915,take_profit,False,2.919428571428625,43.0,True,5.0,0.7256586890135673,0.6063489808962479,0.5939208863006936,1.0,,14.061551362108512,8.526207338234743,1004.3965258648936,1012.9227332031284,True,B0_technical_control_S5_000060,0,B0_technical_control,2018_2020
PAIRED_B0_technical_control,S5,580169,580171,2019-08-26T01:04:00,2019-08-26T01:06:00,2019-08-26T01:04:00,2019-08-26T01:06:00,124,1544.91,1548.0717857142859,3.1617857142857524,3.891428571428618,take_profit,False,3.16178571428577,72.0,True,5.0,0.6856412639405256,0.518664807930614,0.5078221809169834,1.0,,14.180918264843797,7.355143248114944,1012.9227332031284,1020.2778764512433,True,B0_technical_control_S5_000061,1,B0_technical_control,2018_2020
PAIRED_B0_technical_control,S5,580180,580190,2019-08-26T01:15:00,2019-08-26T01:25:00,2019-08-26T01:15:00,2019-08-26T01:25:00,125,1547.57,1550.5841428571428,3.0141428571429243,3.709714285714368,take_profit,False,3.014142857142815,25.0,True,5.0,0.7612021069340957,0.6854390648675702,0.6728118911898159,1.0,,14.283890270317407,9.790736389557349,1020.2778764512433,1030.0686128408006,True,B0_technical_control_S5_000062,0,B0_technical_control,2018_2020
PAIRED_B0_technical_control,S5,580196,580197,2019-08-26T01:31:00,2019-08-26T01:32:00,2019-08-26T01:31:00,2019-08-26T01:32:00,126,1551.19,1548.8494285714287,1.9017142857142875,2.340571428571431,stop_loss,False,-2.3405714285713657,23.0,True,5.0,-0.91052573079913,-1.019450928087115,-1.038901856174255,1.0,,14.420960579771208,-14.701461646955456,1030.0686128408006,1015.3671511938452,False,B0_technical_control_S5_000063,0,B0_technical_control,2018_2020
PAIRED_B0_technical_control,S5,587062,587094,2019-09-02T01:07:00,2019-09-02T01:39:00,2019-09-02T01:07:00,2019-09-02T01:39:00,131,1532.23,1529.1214285714286,2.5257142857142054,3.10857142857133,stop_loss,False,-3.108571428571395,30.0,True,5.0,-0.9119865884325395,-1.0146689019279322,-1.0293378038558456,1.0,,14.215140116713833,-14.423660612977724,1015.3671511938452,1000.9434905808674,False,B0_technical_control_S5_000064,0,B0_technical_control,2018_2020
PAIRED_B0_technical_control,S5,588137,588161,2019-09-02T19:02:00,2019-09-02T19:26:00,2019-09-02T19:02:00,2019-09-02T19:26:00,133,1527.99,1529.49,1.5,1.5668571428571991,take_profit,False,1.5,28.0,True,5.0,0.8121905940593812,0.6335086633663173,0.606435643564338,1.0,,14.013208868132145,8.877489219523419,1000.9434905808674,1009.8209798003909,True,B0_technical_control_S5_000065,0,B0_technical_control,2018_2020
PAIRED_B0_technical_control,S5,591933,591935,2019-09-05T17:24:00,2019-09-05T17:26:00,2019-09-05T17:24:00,2019-09-05T17:26:00,134,1511.11,1514.4287142857142,3.3187142857142655,4.084571428571404,take_profit,False,3.31871428571435,24.0,True,5.0,0.7674088266384971,0.7003501585623867,0.6887883192389195,1.0,,14.137493717205473,9.901195966519598,1009.8209798003909,1019.7221757669105,True,B0_technical_control_S5_000066,0,B0_technical_control,2018_2020
PAIRED_B0_technical_control,S5,592861,592869,2019-09-06T09:53:00,2019-09-06T10:01:00,2019-09-06T09:53:00,2019-09-06T10:01:00,136,1507.0,1508.5,1.5,1.8457142857142703,take_profit,False,1.5,17.0,True,5.0,0.7441530829199205,0.6350106307583322,0.6102055279943349,1.0,,14.276110460736747,9.065481908448067,1019.7221757669105,1028.7876576753586,True,B0_technical_control_S5_000067,0,B0_technical_control,2018_2020
PAIRED_B0_technical_control,S5,593459,593462,2019-09-06T19:51:00,2019-09-06T19:54:00,2019-09-06T19:51:00,2019-09-06T19:54:00,138,1513.86,1516.637357142857,2.7773571428571087,3.418285714285672,take_profit,False,2.7773571428569994,21.0,True,5.0,0.7654736593432248,0.6938144735805655,0.6800338609339002,1.0,,14.40302720745502,9.993028739906967,1028.7876576753586,1038.7806864152656,True,B0_technical_control_S5_000068,0,B0_technical_control,2018_2020
PAIRED_B0_technical_control,S5,593885,593892,2019-09-09T04:03:00,2019-09-09T04:10:00,2019-09-09T04:03:00,2019-09-09T04:10:00,139,1509.42,1510.92,1.5,1.510857142857172,take_profit,False,1.5,23.0,True,5.0,0.8616445100935356,0.7008042015427423,0.6720827178729577,1.0,,14.542929609813719,10.191746173297807,1038.7806864152656,1048.9724325885634,True,B0_technical_control_S5_000069,0,B0_technical_control,2018_2020
PAIRED_B0_technical_control,S5,593893,593937,2019-09-09T04:11:00,2019-09-09T04:55:00,2019-09-09T04:11:00,2019-09-09T04:55:00,139,1510.5,1512.1463571428571,1.6463571428571657,2.0262857142857427,take_profit,False,1.6463571428571413,26.0,True,5.0,0.7201012246938169,0.5845101224693746,0.5626405898525292,1.0,,14.685614056239888,8.583890070550746,1048.9724325885634,1057.5563226591141,True,B0_technical_control_S5_000070,1,B0_technical_control,2018_2020
PAIRED_B0_technical_control,S5,594726,594733,2019-09-09T18:04:00,2019-09-09T18:11:00,2019-09-09T18:04:00,2019-09-09T18:11:00,140,1500.39,1501.985285714286,1.5952857142857835,1.9634285714286568,take_profit,False,1.5952857142858647,22.0,True,5.0,0.7306333420570934,0.6069746139754443,0.5840748495158795,1.0,,14.805788517227597,8.986737769846286,1057.5563226591141,1066.5430604289604,True,B0_technical_control_S5_000071,0,B0_technical_control,2018_2020
PAIRED_B0_technical_control,S5,595265,595269,2019-09-10T04:04:00,2019-09-10T04:08:00,2019-09-10T04:04:00,2019-09-10T04:08:00,141,1491.26,1489.8382857142858,1.5,1.421714285714292,stop_loss,False,-1.421714285714188,24.0,True,5.0,-0.8555708390645873,-1.0300894085281354,-1.0601788170563335,1.0,,14.931602846005447,-15.380885944018774,1066.5430604289604,1051.1621744849417,False,B0_technical_control_S5_000072,0,B0_technical_control,2018_2020
PAIRED_B0_technical_control,S5,595284,595284,2019-09-10T04:23:00,2019-09-10T04:23:00,2019-09-10T04:23:00,2019-09-10T04:23:00,144,1489.74,1488.386857142857,1.5,1.3531428571428998,stop_loss,False,-1.3531428571429842,20.0,True,5.0,-0.8712288447388364,-1.0321927888153588,-1.0643855776306634,1.0,live_post_loss_cap,14.716270442789185,-15.190028229303604,1051.1621744849417,1035.972146255638,False,B0_technical_control_S5_000073,0,B0_technical_control,2018_2020
PAIRED_B0_technical_control,S5,595299,595320,2019-09-10T04:38:00,2019-09-10T04:59:00,2019-09-10T04:38:00,2019-09-10T04:59:00,146,1490.24,1488.3234285714286,1.557214285714263,1.9165714285714008,stop_loss,False,-1.9165714285713875,22.0,True,5.0,-0.8970312917892408,-1.0234019791388012,-1.0468039582776085,1.0,live_post_loss_cap,14.503610047578935,-14.843023227349684,1035.972146255638,1021.1291230282884,False,B0_technical_control_S5_000074,0,B0_technical_control,2018_2020
PAIRED_B0_technical_control,S5,600598,600601,2019-09-16T01:02:00,2019-09-16T01:05:00,2019-09-16T01:02:00,2019-09-16T01:05:00,147,1502.99,1500.1145714285715,2.336285714285659,2.875428571428503,stop_loss,False,-2.875428571428529,42.0,True,5.0,-0.8725507196115884,-1.0151725333795816,-1.0303450667591554,1.0,,14.295807722396038,-14.512711342252173,1021.1291230282884,1006.6164116860363,False,B0_technical_control_S5_000075,0,B0_technical_control,2018_2020
PAIRED_B0_technical_control,S5,600616,600628,2019-09-16T01:20:00,2019-09-16T01:32:00,2019-09-16T01:20:00,2019-09-16T01:32:00,149,1502.29,1503.8490714285715,1.5590714285714675,1.918857142857191,take_profit,False,1.5590714285715421,20.0,True,5.0,0.7358077130528955,0.6178195792880654,0.5942219525350994,1.0,live_post_loss_cap,14.092629763604508,8.706702591612606,1006.6164116860363,1015.3231142776489,True,B0_technical_control_S5_000076,0,B0_technical_control,2018_2020
PAIRED_B0_technical_control,S5,600635,600652,2019-09-16T01:39:00,2019-09-16T01:56:00,2019-09-16T01:39:00,2019-09-16T01:56:00,150,1502.19,1503.69,1.5,1.2994285714285592,take_profit,False,1.5,27.0,True,5.0,0.9557618787547862,0.7518660112870985,0.7200072819952723,1.0,live_post_loss_cap,14.214523599887084,10.68741716139343,1015.3231142776489,1026.0105314390423,True,B0_technical_control_S5_000077,0,B0_technical_control,2018_2020
PAIRED_B0_technical_control,S5,600786,600796,2019-09-16T04:10:00,2019-09-16T04:20:00,2019-09-16T04:10:00,2019-09-16T04:20:00,151,1509.47,1507.4254285714287,1.6612142857142738,2.044571428571414,stop_loss,False,-2.0445714285713166,18.0,True,5.0,-0.9190855381453449,-1.022476239404015,-1.0449524788080737,1.0,,14.364147440146592,-14.686999456845896,1026.0105314390423,1011.3235319821964,False,B0_technical_control_S5_000078,0,B0_technical_control,2018_2020
PAIRED_B0_technical_control,S5,615427,615432,2019-09-30T18:26:00,2019-09-30T18:31:00,2019-09-30T18:26:00,2019-09-30T18:31:00,157,1470.91,1468.614,1.865500000000077,2.296000000000095,stop_loss,False,-2.296000000000049,16.0,True,5.0,-0.9348534201954236,-1.0203583061889057,-1.0407166123778298,1.0,,14.15852944775075,-14.446773125432697,1011.3235319821964,996.8767588567637,False,B0_technical_control_S5_000079,0,B0_technical_control,2018_2020
PAIRED_B0_technical_control,S5,621285,621335,2019-10-07T01:10:00,2019-10-07T02:00:00,2019-10-07T01:10:00,2019-10-07T02:00:00,158,1507.74,1505.8211428571428,1.5590714285714462,1.9188571428571646,stop_loss,False,-1.9188571428571777,25.0,True,5.0,-0.8847319193782184,-1.0230536161243635,-1.0461072322487213,1.0,,13.956274623994691,-14.278017221702461,996.8767588567637,982.5987416350612,False,B0_technical_control_S5_000080,0,B0_technical_control,2018_2020
PAIRED_B0_technical_control,S5,622840,622843,2019-10-08T04:06:00,2019-10-08T04:09:00,2019-10-08T04:06:00,2019-10-08T04:09:00,161,1490.95,1492.45,1.5,1.189714285714321,take_profit,False,1.5,19.0,True,5.0,1.0871816110995787,0.9132325533236462,0.8769931662869935,1.0,,13.756382382890857,12.562776208023841,982.5987416350612,995.161517843085,True,B0_technical_control_S5_000081,0,B0_technical_control,2018_2020
PAIRED_B0_technical_control,S5,622844,622897,2019-10-08T04:10:00,2019-10-08T05:03:00,2019-10-08T04:10:00,2019-10-08T05:03:00,161,1492.46,1491.0394285714285,1.5,1.420571428571436,stop_loss,False,-1.4205714285715203,20.0,True,5.0,-0.8765867418900386,-1.0308533145275556,-1.061706629055059,1.0,,13.93226124980319,-14.362117688223442,995.161517843085,980.7994001548616,False,B0_technical_control_S5_000082,1,B0_technical_control,2018_2020
PAIRED_B0_technical_control,S5,633008,633050,2019-10-17T12:42:00,2019-10-17T13:24:00,2019-10-17T12:42:00,2019-10-17T13:24:00,164,1484.8,1486.3,1.5,1.8148571428571036,take_profit,False,1.5,19.0,True,5.0,0.7481829841812886,0.6284737067122824,0.6035342739062395,1.0,,13.731191602168062,8.629692883791126,980.7994001548616,989.4290930386527,True,B0_technical_control_S5_000083,0,B0_technical_control,2018_2020
PAIRED_B0_technical_control,S5,656712,656726,2019-11-11T17:17:00,2019-11-11T17:31:00,2019-11-11T17:17:00,2019-11-11T17:31:00,173,1453.95,1452.3671428571429,1.5,1.5828571428571585,stop_loss,False,-1.582857142857165,20.0,True,5.0,-0.8878205128205174,-1.0280448717948751,-1.0560897435897467,1.0,,13.852007302541137,-14.240485071442578,989.4290930386527,975.1886079672101,False,B0_technical_control_S5_000084,0,B0_technical_control,2018_2020
PAIRED_B0_technical_control,S5,676939,676947,2019-12-02T17:04:00,2019-12-02T17:12:00,2019-12-02T17:04:00,2019-12-02T17:12:00,175,1461.87,1460.3054285714284,1.5,1.564571428571461,stop_loss,False,-1.5645714285715258,17.0,True,5.0,-0.9019930818646414,-1.0288255641575068,-1.0576511283149763,0.5,live_rolling_pf,6.826320255770471,-7.023092788262871,975.1886079672101,968.1655151789473,False,B0_technical_control_S5_000085,0,B0_technical_control,2018_2020
PAIRED_B0_technical_control,S5,679353,679362,2019-12-04T11:21:00,2019-12-04T11:30:00,2019-12-04T11:21:00,2019-12-04T11:30:00,179,1475.25,1473.5848571428571,1.5,1.6651428571428502,stop_loss,False,-1.6651428571428823,17.0,True,5.0,-0.9073641600498382,-1.027245835279482,-1.0544916705589467,0.5,live_rolling_pf,6.777158606252631,-6.9618079533015145,968.1655151789473,961.2037072256458,False,B0_technical_control_S5_000086,0,B0_technical_control,2018_2020
PAIRED_B0_technical_control,S5,706116,706130,2020-01-06T01:19:00,2020-01-06T01:33:00,2020-01-06T01:19:00,2020-01-06T01:33:00,185,1575.34,1571.6005714285714,3.038285714285696,3.739428571428549,stop_loss,False,-3.7394285714285616,24.0,True,5.0,-0.9396898334290665,-1.012564618035615,-1.0251292360712265,0.5,live_rolling_pf,6.7284259505795205,-6.812966052629472,961.2037072256458,954.3907411730163,False,B0_technical_control_S5_000087,0,B0_technical_control,2018_2020
PAIRED_B0_technical_control,S5,708897,708898,2020-01-08T01:42:00,2020-01-08T01:43:00,2020-01-08T01:42:00,2020-01-08T01:43:00,190,1597.65,1594.0717142857145,2.9073571428570744,3.5782857142856304,stop_loss,False,-3.5782857142855846,14.0,True,5.0,-0.9623482403565259,-1.0134470570155096,-1.026894114031032,0.5,live_rolling_pf,6.680735188211115,-6.770571415192511,954.3907411730163,947.6201697578238,False,B0_technical_control_S5_000088,0,B0_technical_control,2018_2020
PAIRED_B0_technical_control,S5,708934,708940,2020-01-08T02:19:00,2020-01-08T02:25:00,2020-01-08T02:19:00,2020-01-08T02:25:00,191,1605.74,1608.7931428571428,3.053142857142825,3.7577142857142465,take_profit,False,3.0531428571428023,20.0,True,5.0,0.7714409471556392,0.7082731735489392,0.6956396188275992,0.5,live_post_loss_cap;live_rolling_pf,6.633341188304766,4.698217614673508,947.6201697578238,952.3183873724972,True,B0_technical_control_S5_000089,0,B0_technical_control,2018_2020
PAIRED_B0_technical_control,S5,708941,708958,2020-01-08T02:26:00,2020-01-08T02:43:00,2020-01-08T02:26:00,2020-01-08T02:43:00,194,1608.59,1604.8734285714286,3.019714285714263,3.7165714285714007,stop_loss,False,-3.716571428571342,15.0,True,5.0,-0.9612059410330149,-1.012931352988975,-1.0258627059779648,0.5,live_post_loss_cap;live_rolling_pf,6.666228711607481,-6.752432068182517,952.3183873724972,945.5659553043147,False,B0_technical_control_S5_000090,0,B0_technical_control,2018_2020
PAIRED_B0_technical_control,S5,710698,710701,2020-01-09T08:44:00,2020-01-09T08:47:00,2020-01-09T08:44:00,2020-01-09T08:47:00,198,1541.98,1544.155642857143,2.175642857142863,2.677714285714293,take_profit,False,2.175642857142975,19.0,True,5.0,0.7586679286639826,0.6749775829431499,0.6575420942513097,0.5,live_rolling_pf,6.618961687130203,4.467650761172458,945.5659553043147,950.0336060654871,True,B0_technical_control_S5_000091,0,B0_technical_control,2018_2020
PAIRED_B0_technical_control,S5,710711,710715,2020-01-09T08:57:00,2020-01-09T09:01:00,2020-01-09T08:57:00,2020-01-09T09:01:00,199,1544.36,1545.9515714285712,1.5915714285713956,1.9588571428571022,take_profit,False,1.591571428571342,21.0,True,5.0,0.7338295349756029,0.6139507311289402,0.5908971150045819,0.5,live_rolling_pf,6.65023524245841,4.082916789286785,950.0336060654871,954.1165228547738,True,B0_technical_control_S5_000092,0,B0_technical_control,2018_2020
PAIRED_B0_technical_control,S5,714509,714510,2020-01-14T03:19:00,2020-01-14T03:20:00,2020-01-14T03:19:00,2020-01-14T03:20:00,204,1538.08,1536.5142857142857,1.5,1.565714285714239,stop_loss,False,-1.5657142857141935,19.0,True,5.0,-0.8917819365337385,-1.0284784377542466,-1.0569568755085192,0.5,live_rolling_pf,6.678815659983417,-6.869017896028343,954.1165228547738,947.2475049587455,False,B0_technical_control_S5_000093,0,B0_technical_control,2018_2020
PAIRED_B0_technical_control,S5,726546,726577,2020-01-27T01:10:00,2020-01-27T01:41:00,2020-01-27T01:10:00,2020-01-27T01:41:00,206,1585.17,1581.586,2.9119999999999906,3.5839999999999885,stop_loss,False,-3.58400000000006,35.0,True,5.0,-0.9110320284697688,-1.012709710218625,-1.0254194204372322,0.5,live_rolling_pf,6.6307325347112185,-6.715007223764608,947.2475049587455,940.5324977349809,False,B0_technical_control_S5_000094,0,B0_technical_control,2018_2020
PAIRED_B0_technical_control,S5,731935,731955,2020-01-30T22:02:00,2020-01-30T22:22:00,2020-01-30T22:02:00,2020-01-30T22:22:00,210,1578.67,1576.615142857143,1.6695714285714303,2.054857142857145,stop_loss,False,-2.054857142857145,21.0,True,5.0,-0.9072789201463354,-1.0220764475842057,-1.0441528951684118,0.5,live_rolling_pf,6.583727484144866,-6.729072798857285,940.5324977349809,933.8034249361236,False,B0_technical_control_S5_000095,0,B0_technical_control,2018_2020
PAIRED_B0_technical_control,S5,733441,733444,2020-02-03T01:11:00,2020-02-03T01:14:00,2020-02-03T01:11:00,2020-02-03T01:14:00,212,1591.3,1589.3091428571427,1.6175714285714775,1.9908571428572033,stop_loss,False,-1.990857142857294,20.0,True,5.0,-0.9087115284298822,-1.0228221178925814,-1.045644235785121,0.5,live_rolling_pf,6.536623974552866,-6.685803577519585,933.8034249361236,927.1176213586041,False,B0_technical_control_S5_000096,0,B0_technical_control,2018_2020
PAIRED_B0_technical_control,S5,734391,734395,2020-02-03T17:01:00,2020-02-03T17:05:00,2020-02-03T17:01:00,2020-02-03T17:05:00,214,1572.65,1574.15,1.5,1.7874285714285312,take_profit,False,1.5,15.0,True,5.0,0.7742220911370166,0.6709924789854144,0.6451850759475138,0.5,live_rolling_pf,6.489823349510229,4.354622657465294,927.1176213586041,931.4722440160693,True,B0_technical_control_S5_000097,0,B0_technical_control,2018_2020
PAIRED_B0_technical_control,S5,734400,734416,2020-02-03T17:10:00,2020-02-03T17:26:00,2020-02-03T17:10:00,2020-02-03T17:26:00,215,1574.93,1572.547142857143,1.9360714285714202,2.382857142857133,stop_loss,False,-2.3828571428571195,18.0,True,5.0,-0.9297658862876199,-1.01950947603121,-1.0390189520624253,0.5,live_rolling_pf,6.5203057081124856,-6.647513456041068,931.4722440160693,924.8247305600282,False,B0_technical_control_S5_000098,0,B0_technical_control,2018_2020
PAIRED_B0_technical_control,S5,736846,736848,2020-02-05T11:58:00,2020-02-05T12:00:00,2020-02-05T11:58:00,2020-02-05T12:00:00,219,1547.76,1549.26,1.5,1.6651428571429019,take_profit,False,1.5,22.0,True,5.0,0.7956956653531184,0.6524704455895571,0.6259472567444532,0.5,live_rolling_pf,6.473773113920198,4.223945628285207,924.8247305600282,929.0486761883134,True,B0_technical_control_S5_000099,0,B0_technical_control,2018_2020
PAIRED_B0_technical_control,S5,740365,740369,2020-02-10T01:41:00,2020-02-10T01:45:00,2020-02-10T01:41:00,2020-02-10T01:45:00,220,1574.55,1573.1637142857141,1.5,1.3862857142857008,stop_loss,False,-1.3862857142858047,22.0,True,5.0,-0.8630380647457057,-1.0311277125578735,-1.0622554251156824,0.5,live_rolling_pf,6.503340733318193,-6.705774854330833,929.0486761883134,922.3429013339826,False,B0_technical_control_S5_000100,0,B0_technical_control,2018_2020
PAIRED_B0_technical_control,S5,753896,753946,2020-02-24T01:28:00,2020-02-24T02:18:00,2020-02-24T01:28:00,2020-02-24T02:18:00,222,1664.95,1660.9351428571429,3.26207142857146,4.014857142857181,stop_loss,False,-4.014857142857181,34.0,True,5.0,-0.921926256396799,-1.0114814328828237,-1.0229628657656475,0.5,live_rolling_pf,6.456400309337878,-6.530529036154183,922.3429013339826,915.8123722978283,False,B0_technical_control_S5_000101,0,B0_technical_control,2018_2020
PAIRED_B0_technical_control,S5,755251,755252,2020-02-25T01:04:00,2020-02-25T01:05:00,2020-02-25T01:04:00,2020-02-25T01:05:00,225,1656.35,1658.1254285714283,1.775428571428498,2.185142857142767,take_profit,False,1.7754285714283924,39.0,True,5.0,0.6894485742815478,0.5185842671695925,0.499167868634143,0.5,live_rolling_pf,6.4106866060847985,3.3244812156704073,915.8123722978283,919.1368535134987,True,B0_technical_control_S5_000102,0,B0_technical_control,2018_2020
PAIRED_B0_technical_control,S5,755703,755703,2020-02-25T08:36:00,2020-02-25T08:36:00,2020-02-25T08:36:00,2020-02-25T08:36:00,230,1635.04,1637.5991428571429,2.5591428571428945,3.1497142857143317,take_profit,False,2.559142857142888,16.0,True,5.0,0.7732216850828715,0.7097720994475132,0.6946650552486184,0.5,live_rolling_pf,6.433957974594492,4.566643859385002,919.1368535134987,923.7034973728837,True,B0_technical_control_S5_000103,0,B0_technical_control,2018_2020
PAIRED_B0_technical_control,S5,756566,756566,2020-02-25T22:59:00,2020-02-25T22:59:00,2020-02-25T22:59:00,2020-02-25T22:59:00,233,1634.32,1630.8331428571428,2.833071428571428,3.486857142857142,stop_loss,False,-3.4868571428571613,17.0,True,5.0,-0.9535119931244681,-1.0136729431986926,-1.0273458863973801,0.5,live_rolling_pf,6.465924481610186,-6.554332699774278,923.7034973728837,917.1491646731095,False,B0_technical_control_S5_000104,0,B0_technical_control,2018_2020
PAIRED_B0_technical_control,S5,756754,756758,2020-02-26T03:08:00,2020-02-26T03:12:00,2020-02-26T03:08:00,2020-02-26T03:12:00,234,1643.94,1645.6123571428573,1.6723571428571422,2.0582857142857134,take_profit,False,1.6723571428572086,21.0,True,5.0,0.7372779947096905,0.6226539866482217,0.6006109081748623,0.5,live_rolling_pf,6.420044152711767,3.9974660861435862,917.1491646731095,921.1466307592531,True,B0_technical_control_S5_000105,0,B0_technical_control,2018_2020
PAIRED_B0_technical_control,S5,756759,756762,2020-02-26T03:13:00,2020-02-26T03:16:00,2020-02-26T03:13:00,2020-02-26T03:16:00,235,1645.85,1643.5814285714284,1.8432142857142773,2.268571428571418,stop_loss,False,-2.2685714285714766,23.0,True,5.0,-0.9079473985134593,-1.0200114351057983,-1.040022870211573,0.5,live_rolling_pf,6.4480264153147715,-6.577060677485316,921.1466307592531,914.5695700817678,False,B0_technical_control_S5_000106,0,B0_technical_control,2018_2020
PAIRED_B0_technical_control,S5,757615,757625,2020-02-26T17:29:00,2020-02-26T17:39:00,2020-02-26T17:29:00,2020-02-26T17:39:00,236,1635.93,1637.6460000000002,1.7160000000000228,2.112000000000028,take_profit,False,1.7160000000001219,22.0,True,5.0,0.7358490566038169,0.6200686106346931,0.5986277873070776,0.5,live_rolling_pf,6.401986990572374,3.969671178545592,914.5695700817678,918.5392412603134,True,B0_technical_control_S5_000107,0,B0_technical_control,2018_2020
PAIRED_B0_technical_control,S5,757817,757826,2020-02-26T20:51:00,2020-02-26T21:00:00,2020-02-26T20:51:00,2020-02-26T21:00:00,237,1644.49,1646.3833571428572,1.8933571428571945,2.330285714285778,take_profit,False,1.8933571428572122,22.0,True,5.0,0.7424098140264482,0.6365393233251289,0.6169336768989586,0.5,live_rolling_pf,6.429774688822194,4.092804429555921,918.5392412603134,922.6320456898693,True,B0_technical_control_S5_000108,0,B0_technical_control,2018_2020
PAIRED_B0_technical_control,S5,760037,760050,2020-02-28T11:53:00,2020-02-28T12:06:00,2020-02-28T11:53:00,2020-02-28T12:06:00,245,1627.5,1624.7754285714286,2.2137142857142993,2.7245714285714455,stop_loss,False,-2.7245714285713802,18.0,True,5.0,-0.9380287231949415,-1.017214243556932,-1.0344284871138865,0.5,live_rolling_pf,6.458424319829085,-6.569601209064635,922.6320456898693,916.0624444808046,False,B0_technical_control_S5_000109,0,B0_technical_control,2018_2020
PAIRED_B0_technical_control,S5,760349,760350,2020-02-28T17:05:00,2020-02-28T17:06:00,2020-02-28T17:05:00,2020-02-28T17:06:00,248,1609.35,1606.1362857142856,2.611142857142868,3.2137142857142993,stop_loss,False,-3.2137142857143317,18.0,True,5.0,-0.9469607678060377,-1.0147331200538905,-1.0294662401077717,0.5,live_rolling_pf,6.412437111365633,-6.506912317165406,916.0624444808046,909.5555321636392,False,B0_technical_control_S5_000110,0,B0_technical_control,2018_2020
PAIRED_B0_technical_control,S5,760388,760409,2020-02-28T17:44:00,2020-02-28T18:05:00,2020-02-28T17:44:00,2020-02-28T18:05:00,250,1584.3,1590.5864285714285,6.286428571428639,7.737142857142941,take_profit,False,6.286428571428587,14.0,True,5.0,0.7980594849474001,0.7739390642002113,0.7675915850562144,0.5,live_post_loss_cap;live_rolling_pf,6.366888725145475,4.927583901805965,909.5555321636392,914.4831160654452,True,B0_technical_control_S5_000111,0,B0_technical_control,2018_2020
PAIRED_B0_technical_control,S5,760554,760554,2020-02-28T20:30:00,2020-02-28T20:30:00,2020-02-28T20:30:00,2020-02-28T20:30:00,254,1567.77,1570.796214285714,3.026214285714215,3.724571428571341,take_profit,False,3.0262142857141043,22.0,True,5.0,0.7671845574387657,0.6987360567868737,0.6860604085180049,0.5,live_rolling_pf,6.4013818124581165,4.472876285624195,914.4831160654452,918.9559923510694,True,B0_technical_control_S5_000112,0,B0_technical_control,2018_2020
PAIRED_B0_technical_control,S5,760556,760568,2020-02-28T20:32:00,2020-02-28T20:44:00,2020-02-28T20:32:00,2020-02-28T20:44:00,254,1571.0,1574.2314285714285,3.2314285714285247,3.9771428571428,take_profit,False,3.2314285714285234,16.0,True,5.0,0.7810773480662975,0.7303176795580095,0.7182320441988933,0.5,live_rolling_pf,6.432691946457486,4.697908655648327,918.9559923510694,923.6539010067178,True,B0_technical_control_S5_000113,1,B0_technical_control,2018_2020
PAIRED_B0_technical_control,S5,760768,760768,2020-03-02T01:06:00,2020-03-02T01:06:00,2020-03-02T01:06:00,2020-03-02T01:06:00,255,1584.09,1587.2805714285714,3.1905714285714613,3.9268571428571835,take_profit,False,3.190571428571502,20.0,True,5.0,0.7731237884242694,0.7125450013846688,0.7004292439767488,0.5,live_rolling_pf,6.465577307047025,4.607014791202506,923.6539010067178,928.2609157979202,True,B0_technical_control_S5_000114,0,B0_technical_control,2018_2020
PAIRED_B0_technical_control,S5,760769,760769,2020-03-02T01:07:00,2020-03-02T01:07:00,2020-03-02T01:07:00,2020-03-02T01:07:00,255,1587.37,1583.1311428571428,3.444071428571442,4.238857142857159,stop_loss,False,-4.238857142857114,28.0,True,5.0,-0.9380374304501672,-1.0110647445624583,-1.0221294891249266,0.5,live_rolling_pf,6.497826410585442,-6.569723200029765,928.2609157979202,921.6911925978904,False,B0_technical_control_S5_000115,1,B0_technical_control,2018_2020
PAIRED_B0_technical_control,S5,760802,760803,2020-03-02T01:40:00,2020-03-02T01:41:00,2020-03-02T01:40:00,2020-03-02T01:41:00,258,1581.82,1580.0462857142857,1.5,1.7737142857142576,stop_loss,False,-1.7737142857142771,27.0,True,5.0,-0.8678875996085635,-1.0244652593317587,-1.048930518663508,0.5,live_post_loss_cap;live_rolling_pf,6.451838348185233,-6.60968424654017,921.6911925978904,915.0815083513503,False,B0_technical_control_S5_000116,0,B0_technical_control,2018_2020
PAIRED_B0_technical_control,S5,760819,760831,2020-03-02T01:57:00,2020-03-02T02:09:00,2020-03-02T01:57:00,2020-03-02T02:09:00,260,1583.39,1585.1357142857144,1.7457142857143237,2.148571428571475,take_profit,False,1.7457142857142571,29.0,True,5.0,0.7158758055067116,0.576449912126515,0.555946104276486,0.5,live_post_loss_cap;live_rolling_pf,6.405570558459452,3.6924905855441423,915.0815083513503,918.7739989368945,True,B0_technical_control_S5_000117,0,B0_technical_control,2018_2020
PAIRED_B0_technical_control,S5,760846,760847,2020-03-02T02:24:00,2020-03-02T02:25:00,2020-03-02T02:24:00,2020-03-02T02:25:00,262,1589.18,1590.68,1.5,1.6354285714285393,take_profit,False,1.5,22.0,True,5.0,0.8084385586695552,0.6629196181090352,0.6359716661533833,0.5,live_post_loss_cap;live_rolling_pf,6.431417992558262,4.263513159526301,918.7739989368945,923.0375120964208,True,B0_technical_control_S5_000118,0,B0_technical_control,2018_2020
PAIRED_B0_technical_control,S5,760865,760866,2020-03-02T02:43:00,2020-03-02T02:44:00,2020-03-02T02:43:00,2020-03-02T02:44:00,263,1590.98,1592.5140000000001,1.5339999999999983,1.887999999999998,take_profit,False,1.5340000000001055,24.0,True,5.0,0.7208646616541856,0.5845864661654637,0.5610902255639598,0.5,live_post_loss_cap;live_rolling_pf,6.461262584674945,3.7771666613422568,923.0375120964208,926.814678757763,True,B0_technical_control_S5_000119,0,B0_technical_control,2018_2020
PAIRED_B0_technical_control,S5,760884,760885,2020-03-02T03:02:00,2020-03-02T03:03:00,2020-03-02T03:02:00,2020-03-02T03:03:00,264,1600.11,1602.9690714285714,2.859071428571425,3.5188571428571387,take_profit,False,2.8590714285714967,19.0,True,5.0,0.7708766658963292,0.7061667051845195,0.6926854633695593,0.5,live_post_loss_cap;live_rolling_pf,6.487702751304341,4.5813996761051285,926.814678757763,931.3960784338681,True,B0_technical_control_S5_000120,0,B0_technical_control,2018_2020
PAIRED_B0_technical_control,S5,760887,760906,2020-03-02T03:05:00,2020-03-02T03:24:00,2020-03-02T03:05:00,2020-03-02T03:24:00,265,1602.48,1605.5507857142857,3.0707857142857087,3.7794285714285643,take_profit,False,3.0707857142856483,24.0,True,5.0,0.7639856411714379,0.6918360818879574,0.6793965027011506,0.5,live_post_loss_cap;live_rolling_pf,6.519772549037077,4.510613895126472,931.3960784338681,935.9066923289945,True,B0_technical_control_S5_000121,0,B0_technical_control,2018_2020
PAIRED_B0_technical_control,S5,760957,760963,2020-03-02T04:15:00,2020-03-02T04:21:00,2020-03-02T04:15:00,2020-03-02T04:21:00,267,1597.91,1595.7431428571429,1.760571428571453,2.166857142857173,stop_loss,False,-2.166857142857225,25.0,True,5.0,-0.896559877054048,-1.020688024589216,-1.041376049178411,0.5,live_rolling_pf,6.551346846302962,-6.68688127095176,935.9066923289945,929.2198110580428,False,B0_technical_control_S5_000122,0,B0_technical_control,2018_2020
PAIRED_B0_technical_control,S5,762074,762075,2020-03-02T22:52:00,2020-03-02T22:53:00,2020-03-02T22:52:00,2020-03-02T22:53:00,270,1587.37,1585.5951428571427,1.5,1.77485714285714,stop_loss,False,-1.7748571428571722,22.0,True,5.0,-0.8897164136350776,-1.0250644514465932,-1.05012890289317,0.5,live_rolling_pf,6.504538677406299,-6.667571371268637,929.2198110580428,922.5522396867741,False,B0_technical_control_S5_000123,0,B0_technical_control,2018_2020
PAIRED_B0_technical_control,S5,762262,762262,2020-03-03T03:01:00,2020-03-03T03:01:00,2020-03-03T03:01:00,2020-03-03T03:01:00,272,1595.96,1597.46,1.5,1.5897142857142692,take_profit,False,1.5,18.0,True,5.0,0.847594446238303,0.7176299644817633,0.6893768162738199,0.5,live_rolling_pf,6.457865677807419,4.634357916992936,922.5522396867741,927.186597603767,True,B0_technical_control_S5_000124,0,B0_technical_control,2018_2020
PAIRED_B0_technical_control,S5,762263,762269,2020-03-03T03:02:00,2020-03-03T03:08:00,2020-03-03T03:02:00,2020-03-03T03:08:00,272,1596.83,1598.33,1.5,1.7417142857142869,take_profit,False,1.5,22.0,True,5.0,0.7646373434314007,0.6270026216137485,0.6015147101660352,0.5,live_rolling_pf,6.4903061832263695,4.069438991958856,927.186597603767,931.2560365957258,True,B0_technical_control_S5_000125,1,B0_technical_control,2018_2020
PAIRED_B0_technical_control,S5,762270,762306,2020-03-03T03:09:00,2020-03-03T03:45:00,2020-03-03T03:09:00,2020-03-03T03:45:00,272,1599.45,1597.3391428571429,1.715071428571431,2.110857142857146,stop_loss,False,-2.110857142857185,24.0,True,5.0,-0.8979095770539788,-1.0212688381137744,-1.0425376762275322,0.5,live_rolling_pf,6.518792256170081,-6.657439393363889,931.2560365957258,924.5985972023619,False,B0_technical_control_S5_000126,2,B0_technical_control,2018_2020
PAIRED_B0_technical_control,S5,763104,763104,2020-03-03T17:03:00,2020-03-03T17:03:00,2020-03-03T17:03:00,2020-03-03T17:03:00,273,1613.96,1617.5814285714287,3.6214285714285506,4.4571428571428315,take_profit,False,3.6214285714286234,16.0,True,5.0,0.7843440594059562,0.7388613861386292,0.7280321782178371,0.5,live_rolling_pf,6.472190180416534,4.782051408055384,924.5985972023619,929.3806486104173,True,B0_technical_control_S5_000127,0,B0_technical_control,2018_2020
PAIRED_B0_technical_control,S5,763105,763111,2020-03-03T17:04:00,2020-03-03T17:10:00,2020-03-03T17:04:00,2020-03-03T17:10:00,273,1617.16,1621.1593571428573,3.9993571428571375,4.9222857142857075,take_profit,False,3.999357142857207,30.0,True,5.0,0.765825035561891,0.6988045738045869,0.6892302221249721,0.5,live_rolling_pf,6.505664540272922,4.5461881363810335,929.3806486104173,933.9268367467984,True,B0_technical_control_S5_000128,1,B0_technical_control,2018_2020
PAIRED_B0_technical_control,S5,763117,763120,2020-03-03T17:16:00,2020-03-03T17:19:00,2020-03-03T17:16:00,2020-03-03T17:19:00,274,1619.89,1625.521785714286,5.6317857142857655,6.9314285714286346,take_profit,False,5.631785714285797,20.0,True,5.0,0.7897135416666713,0.7546574519230819,0.747646233974364,0.5,live_rolling_pf,6.537487857227589,4.933563928313461,933.9268367467984,938.8604006751118,True,B0_technical_control_S5_000129,0,B0_technical_control,2018_2020
PAIRED_B0_technical_control,S5,763142,763144,2020-03-03T17:41:00,2020-03-03T17:43:00,2020-03-03T17:41:00,2020-03-03T17:43:00,275,1638.38,1641.63,3.2499999999999365,3.999999999999922,take_profit,False,3.25,14.0,True,5.0,0.7850241545893869,0.7391304347826227,0.7270531400966321,0.5,live_rolling_pf,6.5720228047257825,4.857582073058279,938.8604006751118,943.7179827481701,True,B0_technical_control_S5_000130,0,B0_technical_control,2018_2020
PAIRED_B0_technical_control,S5,763145,763149,2020-03-03T17:44:00,2020-03-03T17:48:00,2020-03-03T17:44:00,2020-03-03T17:48:00,276,1642.1,1637.9411428571427,3.379071428571396,4.158857142857102,stop_loss,False,-4.158857142857187,15.0,True,5.0,-0.9651879848816584,-1.0116040050394732,-1.023208010078927,1.0,,13.212051758474383,-13.3653644736615,943.7179827481701,930.3526182745086,False,B0_technical_control_S5_000131,0,B0_technical_control,2018_2020
PAIRED_B0_technical_control,S5,767660,767661,2020-03-09T00:04:00,2020-03-09T00:05:00,2020-03-09T00:04:00,2020-03-09T00:05:00,282,1693.0,1697.0810714285715,4.081071428571412,5.022857142857123,take_profit,False,4.081071428571477,81.0,True,5.0,0.6996693607641548,0.5522287533676321,0.5436566250306248,1.0,,13.02493665584312,7.192744532148621,930.3526182745086,937.5453628066572,True,B0_technical_control_S5_000132,0,B0_technical_control,2018_2020
PAIRED_B0_technical_control,S5,767664,767666,2020-03-09T00:08:00,2020-03-09T00:10:00,2020-03-09T00:08:00,2020-03-09T00:10:00,283,1693.74,1699.6475714285714,5.90757142857144,7.270857142857157,take_profit,False,5.907571428571373,78.0,True,5.0,0.7337816736460988,0.6306870608275881,0.6244765419830994,1.0,,13.1256350792932,8.278168209654915,937.5453628066572,945.8235310163121,True,B0_technical_control_S5_000133,0,B0_technical_control,2018_2020
PAIRED_B0_technical_control,S5,767696,767710,2020-03-09T00:40:00,2020-03-09T00:54:00,2020-03-09T00:40:00,2020-03-09T00:54:00,286,1695.27,1700.1747142857143,4.90471428571428,6.036571428571421,take_profit,False,4.904714285714363,25.0,True,5.0,0.7801890651274958,0.7324682997773162,0.7245148388856196,1.0,,13.24152943422837,9.699000551140543,945.8235310163121,955.5225315674527,True,B0_technical_control_S5_000134,0,B0_technical_control,2018_2020
PAIRED_B0_technical_control,S5,767716,767717,2020-03-09T01:00:00,2020-03-09T01:01:00,2020-03-09T01:00:00,2020-03-09T01:01:00,288,1698.09,1694.2751428571428,3.0995714285714384,3.8148571428571554,stop_loss,False,-3.814857142857136,31.0,True,5.0,-0.9248458821084669,-1.012121631917984,-1.0242432638359724,1.0,,13.377315441944338,-13.539470335782351,955.5225315674527,941.9830612316704,False,B0_technical_control_S5_000135,0,B0_technical_control,2018_2020
PAIRED_B0_technical_control,S5,767775,767776,2020-03-09T01:59:00,2020-03-09T02:00:00,2020-03-09T01:59:00,2020-03-09T02:00:00,289,1700.52,1698.3691428571428,1.7475714285714439,2.150857142857162,stop_loss,False,-2.1508571428571486,29.0,True,5.0,-0.8811892777712702,-1.020484607280809,-1.0409692145616236,1.0,live_post_loss_cap,13.187762857243385,-13.457909000286454,941.9830612316704,928.5251522313839,False,B0_technical_control_S5_000136,0,B0_technical_control,2018_2020
PAIRED_B0_technical_control,S5,768241,768254,2020-03-09T09:45:00,2020-03-09T09:58:00,2020-03-09T09:45:00,2020-03-09T09:58:00,303,1677.33,1680.5595714285714,3.229571428571447,3.974857142857166,take_profit,False,3.2295714285714894,25.0,True,5.0,0.7644214512747786,0.6934131331575139,0.681578413471303,1.0,,12.999352131239375,9.0139214903405,928.5251522313839,937.5390737217244,True,B0_technical_control_S5_000137,0,B0_technical_control,2018_2020
PAIRED_B0_technical_control,S5,768323,768329,2020-03-09T11:07:00,2020-03-09T11:13:00,2020-03-09T11:07:00,2020-03-09T11:13:00,305,1669.33,1665.234,3.3280000000000136,4.096000000000017,stop_loss,False,-4.096000000000004,28.0,True,5.0,-0.9360146252285163,-1.0114259597806183,-1.02285191956124,1.0,,13.125547032104143,-13.27551900459158,937.5390737217244,924.2635547171328,False,B0_technical_control_S5_000138,0,B0_technical_control,2018_2020
PAIRED_B0_technical_control,S5,768363,768365,2020-03-09T11:47:00,2020-03-09T11:49:00,2020-03-09T11:47:00,2020-03-09T11:49:00,306,1664.24,1666.2438571428572,2.003857142857115,2.4662857142856804,take_profit,False,2.003857142857214,25.0,True,5.0,0.7377195750499986,0.6272746397391736,0.6088671505207027,0.5,live_post_loss_cap;live_rolling_pf,6.46984488301993,4.0583696181646625,924.2635547171328,928.3219243352975,True,B0_technical_control_S5_000139,0,B0_technical_control,2018_2020
PAIRED_B0_technical_control,S5,769149,769150,2020-03-10T01:54:00,2020-03-10T01:55:00,2020-03-10T01:54:00,2020-03-10T01:55:00,311,1663.36,1665.155857142857,1.7958571428571355,2.210285714285705,take_profit,False,1.7958571428571304,28.0,True,5.0,0.7211450206516726,0.588630105553003,0.5685520881138107,0.5,live_rolling_pf,6.498253470347082,3.825067626160571,928.3219243352975,932.1469919614581,True,B0_technical_control_S5_000140,0,B0_technical_control,2018_2020
PAIRED_B0_technical_control,S5,769529,769556,2020-03-10T08:14:00,2020-03-10T08:41:00,2020-03-10T08:14:00,2020-03-10T08:41:00,316,1657.72,1659.830642857143,2.1106428571428375,2.597714285714262,take_profit,False,2.1106428571429205,25.0,True,5.0,0.7411708638507358,0.6358232166148565,0.6182652754088767,1.0,,13.050057887460413,8.29752978301516,932.1469919614581,940.4445217444733,True,B0_technical_control_S5_000141,0,B0_technical_control,2018_2020
PAIRED_B0_technical_control,S5,769613,769615,2020-03-10T09:38:00,2020-03-10T09:40:00,2020-03-10T09:38:00,2020-03-10T09:40:00,317,1659.5,1661.1370714285715,1.6370714285714598,2.0148571428571813,take_profit,False,1.6370714285715167,25.0,True,5.0,0.7228144316891902,0.5903557461839571,0.5682792985997517,1.0,,13.166223304422626,7.772755583307025,940.4445217444733,948.2172773277803,True,B0_technical_control_S5_000142,0,B0_technical_control,2018_2020
PAIRED_B0_technical_control,S5,770083,770092,2020-03-10T17:28:00,2020-03-10T17:37:00,2020-03-10T17:28:00,2020-03-10T17:37:00,321,1657.21,1659.0225714285714,1.8125714285714059,2.230857142857115,take_profit,False,1.8125714285713457,20.0,True,5.0,0.7456511518570501,0.6428067700987039,0.6222378937470345,1.0,,13.275041882588924,8.533286795472005,948.2172773277803,956.7505641232523,True,B0_technical_control_S5_000143,0,B0_technical_control,2018_2020
PAIRED_B0_technical_control,S5,771443,771448,2020-03-11T17:09:00,2020-03-11T17:14:00,2020-03-11T17:09:00,2020-03-11T17:14:00,322,1649.39,1647.2322857142858,1.7531428571428884,2.157714285714324,stop_loss,False,-2.1577142857142917,25.0,True,5.0,-0.8961670819983268,-1.0207665836003184,-1.0415331672006505,1.0,,13.394507897725532,-13.672666065768773,956.7505641232523,943.0778980574835,False,B0_technical_control_S5_000144,0,B0_technical_control,2018_2020
PAIRED_B0_technical_control,S5,771465,771473,2020-03-11T17:31:00,2020-03-11T17:39:00,2020-03-11T17:31:00,2020-03-11T17:39:00,324,1651.66,1649.4017142857144,1.834857142857142,2.2582857142857136,stop_loss,False,-2.2582857142856483,19.0,True,5.0,-0.9223946784922128,-1.0204224530283315,-1.0408449060566896,0.5,live_post_loss_cap;live_rolling_pf,6.601545286402384,-6.7363650349283395,943.0778980574835,936.3415330225552,False,B0_technical_control_S5_000145,0,B0_technical_control,2018_2020
PAIRED_B0_technical_control,S5,772016,772017,2020-03-12T03:43:00,2020-03-12T03:44:00,2020-03-12T03:43:00,2020-03-12T03:44:00,325,1635.91,1638.1255714285714,2.2155714285714194,2.7268571428571313,take_profit,False,2.2155714285713657,24.0,True,5.0,0.746773882896746,0.6490273497688565,0.6321744992295651,0.5,live_rolling_pf,6.554390731157886,4.25397884559296,936.3415330225552,940.5955118681482,True,B0_technical_control_S5_000146,0,B0_technical_control,2018_2020
PAIRED_B0_technical_control,S5,772019,772026,2020-03-12T03:46:00,2020-03-12T03:53:00,2020-03-12T03:46:00,2020-03-12T03:53:00,325,1637.32,1639.6637142857141,2.3437142857143076,2.884571428571456,take_profit,False,2.3437142857142135,20.0,True,5.0,0.759818451278221,0.6787699147832236,0.6625602074842242,1.0,,13.168337166154075,8.938271096107156,940.5955118681482,949.5337829642554,True,B0_technical_control_S5_000147,1,B0_technical_control,2018_2020
PAIRED_B0_technical_control,S5,772034,772034,2020-03-12T04:01:00,2020-03-12T04:01:00,2020-03-12T04:01:00,2020-03-12T04:01:00,326,1631.36,1633.6609999999998,2.3009999999999553,2.8319999999999452,take_profit,False,2.300999999999931,24.0,True,5.0,0.7490234374999909,0.6546223958333225,0.6383463541666555,1.0,,13.293472961499575,8.702205119002345,949.5337829642554,958.2359880832577,True,B0_technical_control_S5_000148,0,B0_technical_control,2018_2020
PAIRED_B0_technical_control,S5,772040,772042,2020-03-12T04:07:00,2020-03-12T04:09:00,2020-03-12T04:07:00,2020-03-12T04:09:00,328,1637.96,1634.7634285714287,2.597214285714246,3.1965714285713798,stop_loss,False,-3.1965714285713602,29.0,True,5.0,-0.9168237318692057,-1.014340735884613,-1.0286814717692319,1.0,,13.415303833165607,-13.607689162248873,958.2359880832577,944.6282989210088,False,B0_technical_control_S5_000149,0,B0_technical_control,2018_2020
PAIRED_B0_technical_control,S5,772057,772061,2020-03-12T04:24:00,2020-03-12T04:28:00,2020-03-12T04:24:00,2020-03-12T04:28:00,331,1637.66,1635.7354285714287,1.5637142857142359,1.924571428571367,stop_loss,False,-1.9245714285714257,15.0,True,5.0,-0.9276959096543438,-1.0241013634485898,-1.0482027268971514,1.0,live_post_loss_cap,13.224796184894123,-13.54353180427978,944.6282989210088,931.0847671167289,False,B0_technical_control_S5_000150,0,B0_technical_control,2018_2020
PAIRED_B0_technical_control,S5,772826,772834,2020-03-12T17:13:00,2020-03-12T17:21:00,2020-03-12T17:13:00,2020-03-12T17:21:00,342,1576.46,1572.3948571428573,3.3029285714285446,4.065142857142824,stop_loss,False,-4.065142857142746,22.0,True,5.0,-0.9486598213094893,-1.0116682224296392,-1.0233364448592965,0.5,live_rolling_pf,6.517593369817103,-6.5936420989620705,931.0847671167289,924.4911250177669,False,B0_technical_control_S5_000151,0,B0_technical_control,2018_2020
PAIRED_B0_technical_control,S5,772940,772946,2020-03-12T19:07:00,2020-03-12T19:13:00,2020-03-12T19:07:00,2020-03-12T19:13:00,344,1604.95,1596.8734285714286,6.562214285714335,8.076571428571489,stop_loss,False,-8.07657142857147,27.0,True,5.0,-0.967651388080647,-1.0059904836887663,-1.0119809673775348,0.5,live_post_loss_cap;live_rolling_pf,6.471437875124368,-6.510204918158165,924.4911250177669,917.9809200996087,False,B0_technical_control_S5_000152,0,B0_technical_control,2018_2020
PAIRED_B0_technical_control,S5,772962,773019,2020-03-12T19:29:00,2020-03-12T20:26:00,2020-03-12T19:29:00,2020-03-12T20:26:00,346,1590.83,1584.2859999999998,5.316999999999999,6.543999999999999,stop_loss,False,-6.544000000000096,23.0,True,5.0,-0.9660466489518892,-1.0073811632713459,-1.0147623265426775,0.5,live_post_loss_cap;live_rolling_pf,6.425866440697261,-6.47329681005591,917.9809200996087,911.5076232895528,False,B0_technical_control_S5_000153,0,B0_technical_control,2018_2020
PAIRED_B0_technical_control,S5,773208,773209,2020-03-13T00:36:00,2020-03-13T00:37:00,2020-03-13T00:36:00,2020-03-13T00:37:00,349,1575.49,1577.3610714285714,1.8710714285714158,2.3028571428571274,take_profit,False,1.8710714285714403,36.0,True,5.0,0.7026555793991501,0.5486856223176041,0.5299087982832693,0.5,live_rolling_pf,6.38055336302687,3.5009178927230797,911.5076232895528,915.008541182276,True,B0_technical_control_S5_000154,0,B0_technical_control,2018_2020
PAIRED_B0_technical_control,S5,773225,773225,2020-03-13T00:53:00,2020-03-13T00:53:00,2020-03-13T00:53:00,2020-03-13T00:53:00,350,1576.15,1574.919142857143,1.5,1.230857142857115,stop_loss,False,-1.2308571428570758,29.0,True,5.0,-0.809318053729071,-1.0328761976328886,-1.065752395265803,0.5,live_rolling_pf,6.405059788275932,-6.615633799725759,915.008541182276,908.3929073825502,False,B0_technical_control_S5_000155,0,B0_technical_control,2018_2020
PAIRED_B0_technical_control,S5,773381,773394,2020-03-13T03:29:00,2020-03-13T03:42:00,2020-03-13T03:29:00,2020-03-13T03:42:00,351,1563.3,1559.3582857142858,3.202642857142837,3.941714285714261,stop_loss,False,-3.94171428571417,15.0,True,5.0,-0.963340548844332,-1.0122198170518597,-1.0244396341037416,0.5,live_rolling_pf,6.358750351677852,-6.436453117653803,908.3929073825502,901.9564542648964,False,B0_technical_control_S5_000156,0,B0_technical_control,2018_2020
PAIRED_B0_technical_control,S5,773414,773418,2020-03-13T04:02:00,2020-03-13T04:06:00,2020-03-13T04:02:00,2020-03-13T04:06:00,353,1552.5,1554.9505,2.4505000000000092,3.0160000000000116,take_profit,False,2.45049999999992,25.0,True,5.0,0.750306184935674,0.6584507042253254,0.6431414574402672,0.5,live_post_loss_cap;live_rolling_pf,6.313695179854275,4.15725703743909,901.9564542648964,906.1137113023354,True,B0_technical_control_S5_000157,0,B0_technical_control,2018_2020
PAIRED_B0_technical_control,S5,773423,773426,2020-03-13T04:11:00,2020-03-13T04:14:00,2020-03-13T04:11:00,2020-03-13T04:14:00,354,1561.11,1558.3511428571428,2.2415714285713957,2.7588571428571025,stop_loss,False,-2.758857142857096,34.0,True,5.0,-0.8902821316614384,-1.0161349806380213,-1.0322699612760449,0.5,live_post_loss_cap;live_rolling_pf,6.342795979116349,-6.445136869430311,906.1137113023354,899.6685744329052,False,B0_technical_control_S5_000158,0,B0_technical_control,2018_2020
PAIRED_B0_technical_control,S5,774244,774247,2020-03-13T17:52:00,2020-03-13T17:55:00,2020-03-13T17:52:00,2020-03-13T17:55:00,360,1539.97,1546.5628571428572,6.592857142857185,8.114285714285767,take_profit,False,6.592857142857156,26.0,True,5.0,0.787273967929031,0.7502558853633541,0.744285226885019,0.5,live_rolling_pf,6.297680021030336,4.724871499913221,899.6685744329052,904.3934459328184,True,B0_technical_control_S5_000159,0,B0_technical_control,2018_2020
PAIRED_B0_technical_control,S5,774556,774556,2020-03-16T00:06:00,2020-03-16T00:06:00,2020-03-16T00:06:00,2020-03-16T00:06:00,362,1549.51,1556.4213571428572,6.911357142857128,8.506285714285696,take_profit,False,6.911357142857241,82.0,True,5.0,0.741062128546057,0.6477774033453951,0.6424162122419088,0.5,live_rolling_pf,6.330754121529729,4.100919466062686,904.3934459328184,908.4943653988811,True,B0_technical_control_S5_000160,0,B0_technical_control,2018_2020
PAIRED_B0_technical_control,S5,774557,774560,2020-03-16T00:07:00,2020-03-16T00:10:00,2020-03-16T00:07:00,2020-03-16T00:10:00,362,1559.45,1567.3827857142858,7.932785714285699,9.763428571428554,take_profit,False,7.932785714285728,96.0,True,5.0,0.7397620697005248,0.6455757753383804,0.6409130874986702,0.5,live_rolling_pf,6.3594605577921675,4.105513680330527,908.4943653988811,912.5998790792116,True,B0_technical_control_S5_000161,1,B0_technical_control,2018_2020
PAIRED_B0_technical_control,S5,774566,774571,2020-03-16T00:16:00,2020-03-16T00:21:00,2020-03-16T00:16:00,2020-03-16T00:21:00,362,1571.35,1562.628857142857,7.085928571428567,8.721142857142851,stop_loss,False,-8.721142857142922,86.0,True,5.0,-0.910240353074499,-1.0052185841235837,-1.0104371682471598,0.5,live_rolling_pf,6.388199153554481,-6.421536508235511,912.5998790792116,906.1783425709762,False,B0_technical_control_S5_000162,2,B0_technical_control,2018_2020
PAIRED_B0_technical_control,S5,774586,774590,2020-03-16T00:36:00,2020-03-16T00:40:00,2020-03-16T00:36:00,2020-03-16T00:40:00,362,1545.15,1551.8301428571428,6.6801428571428625,8.221714285714292,take_profit,False,6.680142857142755,75.0,True,5.0,0.7445781981465439,0.6554090634056122,0.649835992484304,0.5,live_post_loss_cap;live_rolling_pf,6.343248397996833,4.157422491480254,906.1783425709762,910.3357650624564,True,B0_technical_control_S5_000163,3,B0_technical_control,2018_2020
PAIRED_B0_technical_control,S5,774591,774596,2020-03-16T00:41:00,2020-03-16T00:46:00,2020-03-16T00:41:00,2020-03-16T00:46:00,362,1547.87,1539.9842857142855,6.407142857142836,7.8857142857142595,stop_loss,False,-7.885714285714357,80.0,True,5.0,-0.9078947368421162,-1.0057565789473795,-1.011513157894748,0.5,live_post_loss_cap;live_rolling_pf,6.372350355437195,-6.409033293338631,910.3357650624564,903.9267317691177,False,B0_technical_control_S5_000164,4,B0_technical_control,2018_2020
PAIRED_B0_technical_control,S5,774614,774617,2020-03-16T01:04:00,2020-03-16T01:07:00,2020-03-16T01:04:00,2020-03-16T01:07:00,365,1542.3,1546.6076428571428,4.307642857142782,5.301714285714194,take_profit,False,4.30764285714281,74.0,True,5.0,0.7129835429868562,0.5822259528988943,0.5739501560578841,0.5,live_post_loss_cap;live_rolling_pf,6.3274871223838245,3.684027219285405,903.9267317691177,907.6107589884032,True,B0_technical_control_S5_000165,0,B0_technical_control,2018_2020
PAIRED_B0_technical_control,S5,774632,774633,2020-03-16T01:22:00,2020-03-16T01:23:00,2020-03-16T01:22:00,2020-03-16T01:23:00,366,1556.57,1552.41,3.379999999999966,4.159999999999958,stop_loss,False,-4.1599999999998545,63.0,True,5.0,-0.8684759916492465,-1.0104384133611475,-1.0208768267223167,0.5,live_post_loss_cap;live_rolling_pf,6.353275312918822,-6.419593426832242,907.6107589884032,901.191165561571,False,B0_technical_control_S5_000166,0,B0_technical_control,2018_2020
PAIRED_B0_technical_control,S5,774648,774655,2020-03-16T01:38:00,2020-03-16T01:45:00,2020-03-16T01:38:00,2020-03-16T01:45:00,369,1557.35,1561.5350714285714,4.185071428571423,5.150857142857136,take_profit,False,4.1850714285715185,70.0,True,5.0,0.7152920207051632,0.5871056743822799,0.5785599179607543,0.5,live_post_loss_cap;live_rolling_pf,6.308338158930997,3.703661129030653,901.191165561571,904.8948266906017,True,B0_technical_control_S5_000167,0,B0_technical_control,2018_2020
PAIRED_B0_technical_control,S5,774664,774682,2020-03-16T01:54:00,2020-03-16T02:12:00,2020-03-16T01:54:00,2020-03-16T02:12:00,371,1558.11,1554.2368571428572,3.1469285714285173,3.8731428571427906,stop_loss,False,-3.8731428571427386,75.0,True,5.0,-0.837772696372275,-1.0108151535751697,-1.0216303071503505,0.5,live_post_loss_cap;live_rolling_pf,6.334263786834212,-6.40276982247446,904.8948266906017,898.4920568681272,False,B0_technical_control_S5_000168,0,B0_technical_control,2018_2020
PAIRED_B0_technical_control,S5,774704,774712,2020-03-16T02:34:00,2020-03-16T02:42:00,2020-03-16T02:34:00,2020-03-16T02:42:00,376,1544.98,1541.549142857143,2.7875714285713844,3.430857142857089,stop_loss,False,-3.4308571428571213,33.0,True,5.0,-0.9122540454303804,-1.0132948416014673,-1.0265896832029262,0.5,live_post_loss_cap;live_rolling_pf,6.28944439807689,-6.373061565110558,898.4920568681272,892.1189953030166,False,B0_technical_control_S5_000169,0,B0_technical_control,2018_2020
PAIRED_B0_technical_control,S5,774737,774754,2020-03-16T03:07:00,2020-03-16T03:24:00,2020-03-16T03:07:00,2020-03-16T03:24:00,380,1535.59,1531.2014285714286,3.565714285714315,4.388571428571465,stop_loss,False,-4.3885714285713675,69.0,True,5.0,-0.8641350210970281,-1.0098452883262816,-1.0196905766525826,0.5,live_post_loss_cap;live_rolling_pf,6.244832967121116,-6.306315148231892,892.1189953030166,885.8126801547847,False,B0_technical_control_S5_000170,0,B0_technical_control,2018_2020
PAIRED_B0_technical_control,S5,774769,774778,2020-03-16T03:39:00,2020-03-16T03:48:00,2020-03-16T03:39:00,2020-03-16T03:48:00,382,1530.06,1533.3322857142857,3.2722857142857364,4.027428571428599,take_profit,False,3.272285714285772,70.0,True,5.0,0.6921914662154076,0.5335428502357156,0.5229662758370694,0.5,live_post_loss_cap;live_rolling_pf,6.2006887610834935,3.308333155013055,885.8126801547847,889.1210133097978,True,B0_technical_control_S5_000171,0,B0_technical_control,2018_2020
PAIRED_B0_technical_control,S5,774792,774797,2020-03-16T04:02:00,2020-03-16T04:07:00,2020-03-16T04:02:00,2020-03-16T04:07:00,382,1532.89,1530.395142857143,2.0270714285714218,2.4948571428571347,stop_loss,False,-2.4948571428571995,42.0,True,5.0,-0.8559106057635977,-1.0171534993138824,-1.0343069986277424,0.5,live_post_loss_cap;live_rolling_pf,6.223847093168585,-6.330607850010962,889.1210133097978,882.7904054597868,False,B0_technical_control_S5_000172,1,B0_technical_control,2018_2020
PAIRED_B0_technical_control,S5,774815,774819,2020-03-16T04:25:00,2020-03-16T04:29:00,2020-03-16T04:25:00,2020-03-16T04:29:00,382,1535.18,1536.68,1.5,1.5828571428571585,take_profit,False,1.5,45.0,True,5.0,0.737877723120163,0.4919184820801087,0.4673225579761032,0.5,live_post_loss_cap;live_rolling_pf,6.179532838218508,3.0398264137406343,882.7904054597868,885.8302318735275,True,B0_technical_control_S5_000173,2,B0_technical_control,2018_2020
PAIRED_B0_technical_control,S5,774820,774820,2020-03-16T04:30:00,2020-03-16T04:30:00,2020-03-16T04:30:00,2020-03-16T04:30:00,382,1537.83,1536.292857142857,1.5,1.5371428571428885,stop_loss,False,-1.5371428571429533,34.0,True,5.0,-0.8188736681887742,-1.0266362252663963,-1.053272450532758,0.5,live_post_loss_cap;live_rolling_pf,6.200811623114693,-6.365977838342465,885.8302318735275,879.464254035185,False,B0_technical_control_S5_000174,3,B0_technical_control,2018_2020
PAIRED_B0_technical_control,S5,774835,774839,2020-03-16T04:45:00,2020-03-16T04:49:00,2020-03-16T04:45:00,2020-03-16T04:49:00,382,1543.26,1545.7365,2.476500000000007,3.0480000000000085,take_profit,False,2.4764999999999873,54.0,True,5.0,0.6902173913043427,0.5257803790412439,0.5118450390189473,0.5,live_post_loss_cap;live_rolling_pf,6.156249778246296,3.2368353418789106,879.464254035185,882.7010893770639,True,B0_technical_control_S5_000175,4,B0_technical_control,2018_2020
PAIRED_B0_technical_control,S5,774840,774843,2020-03-16T04:50:00,2020-03-16T04:53:00,2020-03-16T04:50:00,2020-03-16T04:53:00,382,1545.23,1547.5467857142858,2.3167857142857398,2.8514285714286025,take_profit,False,2.316785714285743,55.0,True,5.0,0.6811213775724507,0.5047249055018938,0.49002519949601403,0.5,live_post_loss_cap;live_rolling_pf,6.1789076256394475,3.118648567455801,882.7010893770639,885.8197379445197,True,B0_technical_control_S5_000176,5,B0_technical_control,2018_2020
PAIRED_B0_technical_control,S5,774844,774850,2020-03-16T04:54:00,2020-03-16T05:00:00,2020-03-16T04:54:00,2020-03-16T05:00:00,383,1547.34,1544.5331428571428,2.2805714285714447,2.806857142857163,stop_loss,False,-2.8068571428570976,51.0,True,5.0,-0.846239986217571,-1.0150745111551185,-1.0301490223102565,0.5,live_post_loss_cap;live_rolling_pf,6.2007381656116385,-6.29421126225912,885.8197379445197,879.5255266822606,False,B0_technical_control_S5_000177,0,B0_technical_control,2018_2020
PAIRED_B0_technical_control,S5,775104,775116,2020-03-16T09:14:00,2020-03-16T09:26:00,2020-03-16T09:14:00,2020-03-16T09:26:00,393,1536.36,1532.5154285714284,3.1237142857142954,3.8445714285714403,stop_loss,False,-3.8445714285714985,77.0,True,5.0,-0.8331372670423014,-1.010835242399864,-1.0216704847997153,0.5,live_rolling_pf,6.156678686775825,-6.223387792725118,879.5255266822606,873.3021388895355,False,B0_technical_control_S5_000178,0,B0_technical_control,2018_2020
PAIRED_B0_technical_control,S5,775249,775250,2020-03-16T11:39:00,2020-03-16T11:40:00,2020-03-16T11:39:00,2020-03-16T11:40:00,396,1521.54,1525.8077142857144,4.26771428571431,5.252571428571459,take_profit,False,4.267714285714419,52.0,True,5.0,0.7393090477133434,0.6405662245100178,0.6319045733518314,0.5,live_rolling_pf,6.113114972226748,3.9158549777549503,873.3021388895355,877.2179938672905,True,B0_technical_control_S5_000179,0,B0_technical_control,2018_2020
PAIRED_B0_technical_control,S5,775252,775293,2020-03-16T11:42:00,2020-03-16T12:23:00,2020-03-16T11:42:00,2020-03-16T12:23:00,396,1523.25,1516.4854285714287,5.496214285714291,6.764571428571435,stop_loss,False,-6.764571428571344,45.0,True,5.0,-0.9376262326244379,-1.0069304185972705,-1.0138608371945539,0.5,live_rolling_pf,6.140525957071033,-6.183082372360941,877.2179938672905,871.0349114949296,False,B0_technical_control_S5_000180,1,B0_technical_control,2018_2020
PAIRED_B0_technical_control,S5,775308,775311,2020-03-16T12:38:00,2020-03-16T12:41:00,2020-03-16T12:38:00,2020-03-16T12:41:00,400,1500.01,1505.110642857143,5.100642857142906,6.277714285714346,take_profit,False,5.10064285714293,58.0,True,5.0,0.7437817681859885,0.6519144237980217,0.6446233647196117,0.5,live_post_loss_cap;live_rolling_pf,6.097244380464507,3.9748815570462446,871.0349114949296,875.0097930519759,True,B0_technical_control_S5_000181,0,B0_technical_control,2018_2020
PAIRED_B0_technical_control,S5,775325,775325,2020-03-16T12:55:00,2020-03-16T12:55:00,2020-03-16T12:55:00,2020-03-16T12:55:00,401,1493.15,1488.894,3.458000000000001,4.256000000000001,stop_loss,False,-4.2560000000000855,60.0,True,5.0,-0.8764415156507588,-1.0102965403624558,-1.020593080724894,0.5,live_post_loss_cap;live_rolling_pf,6.125068551363831,-6.188135566925757,875.0097930519759,868.8216574850501,False,B0_technical_control_S5_000182,0,B0_technical_control,2018_2020
PAIRED_B0_technical_control,S5,775570,775577,2020-03-16T17:03:00,2020-03-16T17:10:00,2020-03-16T17:03:00,2020-03-16T17:10:00,408,1491.22,1496.8629285714285,5.642928571428527,6.945142857142803,take_profit,False,5.642928571428456,53.0,True,5.0,0.7548924053051921,0.6773019149180035,0.6706130795397975,0.5,live_rolling_pf,6.081751602395351,4.119182006358008,868.8216574850501,872.940839491408,True,B0_technical_control_S5_000183,0,B0_technical_control,2018_2020
PAIRED_B0_technical_control,S5,775598,775608,2020-03-16T17:31:00,2020-03-16T17:41:00,2020-03-16T17:31:00,2020-03-16T17:41:00,409,1515.04,1508.7051428571428,5.147071428571435,6.3348571428571505,stop_loss,False,-6.334857142857118,36.0,True,5.0,-0.9462273813588207,-1.0074684192557137,-1.0149368385114323,0.5,live_rolling_pf,6.110585876439856,-6.156222293663152,872.940839491408,866.7846171977449,False,B0_technical_control_S5_000184,0,B0_technical_control,2018_2020
PAIRED_B0_technical_control,S5,775624,775631,2020-03-16T17:57:00,2020-03-16T18:04:00,2020-03-16T17:57:00,2020-03-16T18:04:00,411,1503.97,1508.6453571428572,4.675357142857177,5.754285714285756,take_profit,False,4.675357142857138,42.0,True,5.0,0.7572304488662597,0.6811082832022157,0.6730101804719983,0.5,live_post_loss_cap;live_rolling_pf,6.067492320384214,4.13261927767952,866.7846171977449,870.9172364754244,True,B0_technical_control_S5_000185,0,B0_technical_control,2018_2020
PAIRED_B0_technical_control,S5,775715,775715,2020-03-16T19:28:00,2020-03-16T19:28:00,2020-03-16T19:28:00,2020-03-16T19:28:00,412,1496.99,1492.7831428571428,3.4180714285714657,4.206857142857189,stop_loss,False,-4.206857142857189,28.0,True,5.0,-0.9375955170657163,-1.0111436576668362,-1.0222873153336727,0.5,live_post_loss_cap;live_rolling_pf,6.096420655327971,-6.164357080103975,870.9172364754244,864.7528793953204,False,B0_technical_control_S5_000186,0,B0_technical_control,2018_2020
PAIRED_B0_technical_control,S5,775752,775753,2020-03-16T20:05:00,2020-03-16T20:06:00,2020-03-16T20:05:00,2020-03-16T20:06:00,413,1488.6,1492.5594285714285,3.9594285714286017,4.873142857142895,take_profit,False,3.959428571428589,44.0,True,5.0,0.7452140245214004,0.6529898902989876,0.6435792643579251,0.5,live_post_loss_cap;live_rolling_pf,6.053270155767243,3.9527242149645874,864.7528793953204,868.705603610285,True,B0_technical_control_S5_000187,0,B0_technical_control,2018_2020
PAIRED_B0_technical_control,S5,775755,775781,2020-03-16T20:08:00,2020-03-16T20:34:00,2020-03-16T20:08:00,2020-03-16T20:34:00,414,1491.54,1495.5189285714287,3.978928571428584,4.897142857142873,take_profit,False,3.978928571428696,49.0,True,5.0,0.738597189074537,0.6383585255900505,0.6290771678600054,0.5,live_post_loss_cap;live_rolling_pf,6.080939225271996,3.881819398047335,868.705603610285,872.5874230083324,True,B0_technical_control_S5_000188,0,B0_technical_control,2018_2020
PAIRED_B0_technical_control,S5,775876,775883,2020-03-16T22:09:00,2020-03-16T22:16:00,2020-03-16T22:09:00,2020-03-16T22:16:00,416,1497.55,1502.6311428571428,5.081142857142838,6.253714285714263,take_profit,False,5.081142857142822,71.0,True,5.0,0.7296598695277535,0.6205227095556529,0.6133426332416988,0.5,live_rolling_pf,6.108111961058327,3.7902221843452057,872.5874230083324,876.3776451926776,True,B0_technical_control_S5_000189,0,B0_technical_control,2018_2020
PAIRED_B0_technical_control,S5,775957,775960,2020-03-17T00:31:00,2020-03-17T00:34:00,2020-03-17T00:31:00,2020-03-17T00:34:00,420,1503.56,1505.6585714285713,2.0985714285714203,2.582857142857133,take_profit,False,2.098571428571404,36.0,True,5.0,0.7131067961164989,0.5737864077669838,0.5567961165048478,0.5,live_rolling_pf,6.134643516348744,3.5199750661767633,876.3776451926776,879.8976202588544,True,B0_technical_control_S5_000190,0,B0_technical_control,2018_2020
PAIRED_B0_technical_control,S5,776113,776113,2020-03-17T03:07:00,2020-03-17T03:07:00,2020-03-17T03:07:00,2020-03-17T03:07:00,430,1500.13,1495.554,3.7180000000000177,4.576000000000022,stop_loss,False,-4.576000000000022,92.0,True,5.0,-0.8326055312954883,-1.0090975254730712,-1.0181950509461426,0.5,live_rolling_pf,6.159283341811981,-6.215317578909978,879.8976202588544,873.6823026799444,False,B0_technical_control_S5_000191,0,B0_technical_control,2018_2020
PAIRED_B0_technical_control,S5,776163,776163,2020-03-17T03:57:00,2020-03-17T03:57:00,2020-03-17T03:57:00,2020-03-17T03:57:00,431,1497.51,1493.7934285714286,3.019714285714305,3.716571428571452,stop_loss,False,-3.716571428571342,72.0,True,5.0,-0.8377125193199143,-1.0112699639360905,-1.022539927872206,0.5,live_post_loss_cap;live_rolling_pf,6.115776118759611,-6.184700695059235,873.6823026799444,867.4976019848851,False,B0_technical_control_S5_000192,0,B0_technical_control,2018_2020
PAIRED_B0_technical_control,S5,776184,776207,2020-03-17T04:18:00,2020-03-17T04:41:00,2020-03-17T04:18:00,2020-03-17T04:41:00,431,1489.39,1492.874,3.4839999999999987,4.2879999999999985,take_profit,False,3.4839999999999236,37.0,True,5.0,0.747960498067824,0.6577930442249731,0.6470588235293955,0.5,live_post_loss_cap;live_rolling_pf,6.072483213894196,3.9944372192725113,867.4976019848851,871.4920392041577,True,B0_technical_control_S5_000193,1,B0_technical_control,2018_2020
PAIRED_B0_technical_control,S5,776209,776216,2020-03-17T04:43:00,2020-03-17T04:50:00,2020-03-17T04:43:00,2020-03-17T04:50:00,431,1494.28,1491.6308571428572,2.1524285714286195,2.6491428571429165,stop_loss,False,-2.649142857142806,48.0,True,5.0,-0.8466033601168412,-1.0159788166544568,-1.0319576333089489,0.5,live_post_loss_cap;live_rolling_pf,6.100444274429104,-6.197922155000937,871.4920392041577,865.2941170491567,False,B0_technical_control_S5_000194,2,B0_technical_control,2018_2020
PAIRED_B0_technical_control,S5,776411,776415,2020-03-17T08:05:00,2020-03-17T08:09:00,2020-03-17T08:05:00,2020-03-17T08:09:00,438,1487.95,1490.3958571428573,2.4458571428571143,3.010285714285679,take_profit,False,2.4458571428572213,45.0,True,5.0,0.7068367599703048,0.5623400214681152,0.5478903476178962,0.5,live_rolling_pf,6.057058819344097,3.4061265865035963,865.2941170491567,868.7002436356603,True,B0_technical_control_S5_000195,0,B0_technical_control,2018_2020
PAIRED_B0_technical_control,S5,776420,776423,2020-03-17T08:14:00,2020-03-17T08:17:00,2020-03-17T08:14:00,2020-03-17T08:17:00,440,1486.58,1483.2805714285714,2.6807857142857463,3.299428571428611,stop_loss,False,-3.299428571428507,54.0,True,5.0,-0.8593540705461866,-1.0130227712456938,-1.0260455424914148,0.5,live_rolling_pf,6.080901705449622,-6.160091897327242,868.7002436356603,862.5401517383331,False,B0_technical_control_S5_000196,0,B0_technical_control,2018_2020
PAIRED_B0_technical_control,S5,776622,776632,2020-03-17T11:36:00,2020-03-17T11:46:00,2020-03-17T11:36:00,2020-03-17T11:46:00,446,1474.73,1471.2294285714286,2.8442142857142962,3.5005714285714413,stop_loss,False,-3.5005714285714475,69.0,True,5.0,-0.8353446512579279,-1.0119315470102965,-1.0238630940205917,0.5,live_rolling_pf,6.037781062168332,-6.109821130749471,862.5401517383331,856.4303306075836,False,B0_technical_control_S5_000197,0,B0_technical_control,2018_2020
PAIRED_B0_technical_control,S5,776948,776948,2020-03-17T17:02:00,2020-03-17T17:02:00,2020-03-17T17:02:00,2020-03-17T17:02:00,449,1535.22,1541.2612857142858,6.041285714285753,7.435428571428618,take_profit,False,6.041285714285777,29.0,True,5.0,0.7820000739672359,0.737989570620219,0.7315174377750694,0.5,live_rolling_pf,5.995012314253086,4.4242565636585605,856.4303306075836,860.8545871712422,True,B0_technical_control_S5_000198,0,B0_technical_control,2018_2020
PAIRED_B0_technical_control,S5,776949,776949,2020-03-17T17:03:00,2020-03-17T17:03:00,2020-03-17T17:03:00,2020-03-17T17:03:00,449,1538.63,1545.1290714285715,6.4990714285714715,7.998857142857196,take_profit,False,6.499071428571369,36.0,True,5.0,0.7775071780147541,0.7284574104457088,0.722475731473874,0.5,live_rolling_pf,6.0259821101986955,4.3896713233875095,860.8545871712422,865.2442584946297,True,B0_technical_control_S5_000199,1,B0_technical_control,2018_2020
PAIRED_B0_technical_control,S5,776951,776958,2020-03-17T17:05:00,2020-03-17T17:12:00,2020-03-17T17:05:00,2020-03-17T17:12:00,450,1545.38,1551.5067142857145,6.126714285714329,7.540571428571482,take_profit,False,6.126714285714343,34.0,True,5.0,0.7774454354289049,0.7279566383873564,0.721611920817927,0.5,live_rolling_pf,6.056709809462408,4.40902211258398,865.2442584946297,869.6532806072137,True,B0_technical_control_S5_000200,0,B0_technical_control,2018_2020
PAIRED_B0_technical_control,S5,776962,776970,2020-03-17T17:16:00,2020-03-17T17:24:00,2020-03-17T17:16:00,2020-03-17T17:24:00,453,1545.73,1537.4442857142858,6.7321428571428354,8.28571428571426,stop_loss,False,-8.28571428571422,30.0,True,5.0,-0.9650582362728738,-1.005823627287849,-1.0116472545757027,0.5,live_rolling_pf,6.087572964250496,-6.123024720281877,869.6532806072137,863.5302558869317,False,B0_technical_control_S5_000201,0,B0_technical_control,2018_2020
PAIRED_B0_technical_control,S5,776985,776987,2020-03-17T17:39:00,2020-03-17T17:41:00,2020-03-17T17:39:00,2020-03-17T17:41:00,454,1530.1,1533.9507857142858,3.850785714285759,4.739428571428626,take_profit,False,3.8507857142858484,24.0,True,5.0,0.7733388799632959,0.7150992655497092,0.7050579527197804,0.5,live_post_loss_cap;live_rolling_pf,6.044711791208522,4.322568962352881,863.5302558869317,867.8528248492846,True,B0_technical_control_S5_000202,0,B0_technical_control,2018_2020
PAIRED_B0_technical_control,S5,777416,777419,2020-03-18T01:51:00,2020-03-18T01:54:00,2020-03-18T01:51:00,2020-03-18T01:54:00,460,1539.11,1536.812857142857,1.866428571428563,2.297142857142847,stop_loss,False,-2.297142857142944,19.0,True,5.0,-0.9236071223435196,-1.0201033888570181,-1.0402067777139967,0.5,live_rolling_pf,6.074969773944993,-6.19709725360524,867.8528248492846,861.6557275956794,False,B0_technical_control_S5_000203,0,B0_technical_control,2018_2020
PAIRED_B0_technical_control,S5,777866,777871,2020-03-18T09:21:00,2020-03-18T09:26:00,2020-03-18T09:21:00,2020-03-18T09:26:00,464,1510.98,1513.775,2.794999999999992,3.43999999999999,take_profit,False,2.7950000000000728,31.0,True,5.0,0.7453333333333547,0.6493333333333544,0.636000000000021,0.5,live_rolling_pf,6.031590093169756,3.916512500498355,861.6557275956794,865.5722400961778,True,B0_technical_control_S5_000204,0,B0_technical_control,2018_2020
PAIRED_B0_technical_control,S5,777889,777894,2020-03-18T09:44:00,2020-03-18T09:49:00,2020-03-18T09:44:00,2020-03-18T09:49:00,465,1501.01,1496.706,3.4969999999999866,4.303999999999983,stop_loss,False,-4.304000000000087,31.0,True,5.0,-0.9328131772865417,-1.0108365843086486,-1.0216731686172746,0.5,live_rolling_pf,6.059005680673245,-6.124664606558442,865.5722400961778,859.4475754896193,False,B0_technical_control_S5_000205,0,B0_technical_control,2018_2020
PAIRED_B0_technical_control,S5,778059,778059,2020-03-18T12:34:00,2020-03-18T12:34:00,2020-03-18T12:34:00,2020-03-18T12:34:00,473,1504.9,1502.604,1.8654999999999924,2.2959999999999905,stop_loss,False,-2.296000000000049,31.0,True,5.0,-0.8810437452033989,-1.0191864927091552,-1.0383729854182882,0.5,live_rolling_pf,6.016133028427335,-6.1315615209145635,859.4475754896193,853.3160139687047,False,B0_technical_control_S5_000206,0,B0_technical_control,2018_2020
PAIRED_B0_technical_control,S5,778333,778337,2020-03-18T17:08:00,2020-03-18T17:12:00,2020-03-18T17:08:00,2020-03-18T17:12:00,478,1494.44,1489.5097142857144,4.005857142857131,4.9302857142857,stop_loss,False,-4.930285714285674,24.0,True,5.0,-0.9535809018567586,-1.0096706454465023,-1.01934129089301,0.5,live_rolling_pf,5.973212097780933,-6.030976914155331,853.3160139687047,847.2850370545494,False,B0_technical_control_S5_000207,0,B0_technical_control,2018_2020
PAIRED_B0_technical_control,S5,778476,778482,2020-03-18T19:31:00,2020-03-18T19:37:00,2020-03-18T19:31:00,2020-03-18T19:37:00,480,1475.16,1478.3375714285714,3.1775714285714525,3.9108571428571723,take_profit,False,3.1775714285713548,24.0,True,5.0,0.7655217511012983,0.6956566629955719,0.6836109581497571,0.5,live_rolling_pf,5.930995259381846,4.125936370384132,847.2850370545494,851.4109734249336,True,B0_technical_control_S5_000208,0,B0_technical_control,2018_2020
PAIRED_B0_technical_control,S5,778503,778545,2020-03-18T19:58:00,2020-03-18T20:40:00,2020-03-18T19:58:00,2020-03-18T20:40:00,481,1486.69,1491.6253571428572,4.93535714285713,6.074285714285699,take_profit,False,4.935357142857129,24.0,True,5.0,0.7816176470588232,0.7356900452488683,0.7277714932126692,0.5,live_rolling_pf,5.959876813974535,4.384622042950607,851.4109734249336,855.7955954678841,True,B0_technical_control_S5_000209,0,B0_technical_control,2018_2020
PAIRED_B0_technical_control,S5,778652,778655,2020-03-18T22:27:00,2020-03-18T22:30:00,2020-03-18T22:27:00,2020-03-18T22:30:00,485,1484.38,1486.1071428571431,1.727142857142912,2.1257142857143534,take_profit,False,1.7271428571430079,24.0,True,5.0,0.7300724637681588,0.6074879227053603,0.5863526570048779,0.5,live_rolling_pf,5.990569168275189,3.639198419858273,855.7955954678841,859.4347938877424,True,B0_technical_control_S5_000210,0,B0_technical_control,2018_2020
PAIRED_B0_technical_control,S5,778677,778682,2020-03-18T22:52:00,2020-03-18T22:57:00,2020-03-18T22:52:00,2020-03-18T22:57:00,486,1484.44,1485.94,1.5,1.7017142857142713,take_profit,False,1.5,24.0,True,5.0,0.7725132430841729,0.6231606827545662,0.597410241318427,0.5,live_rolling_pf,6.016043557214197,3.748961810594808,859.4347938877424,863.1837556983372,True,B0_technical_control_S5_000211,0,B0_technical_control,2018_2020
PAIRED_B0_technical_control,S5,778685,778686,2020-03-19T00:01:00,2020-03-19T00:02:00,2020-03-19T00:01:00,2020-03-19T00:02:00,487,1485.93,1484.5300000000002,1.5,1.3999999999999742,stop_loss,True,-1.3999999999998636,24.0,True,5.0,-0.8536585365852961,-1.030487804877982,-1.0609756097560312,0.5,live_rolling_pf,6.04228628988836,-6.226502335311382,863.1837556983372,856.9572533630259,False,B0_technical_control_S5_000212,0,B0_technical_control,2018_2020
PAIRED_B0_technical_control,S5,778706,778709,2020-03-19T00:22:00,2020-03-19T00:25:00,2020-03-19T00:22:00,2020-03-19T00:25:00,490,1486.82,1484.732,1.6965000000000408,2.0880000000000503,stop_loss,False,-2.0879999999999654,24.0,True,5.0,-0.8969072164948112,-1.0214776632302038,-1.0429553264604439,0.5,live_post_loss_cap;live_rolling_pf,5.998700773541181,-6.127538848574061,856.9572533630259,850.8297145144518,False,B0_technical_control_S5_000213,0,B0_technical_control,2018_2020
PAIRED_B0_technical_control,S5,778727,778729,2020-03-19T00:43:00,2020-03-19T00:45:00,2020-03-19T00:43:00,2020-03-19T00:45:00,491,1484.11,1482.9145714285714,1.5,1.1954285714285235,stop_loss,False,-1.1954285714284651,24.0,True,5.0,-0.8328025477706544,-1.0348328025477311,-1.0696656050955031,0.5,live_post_loss_cap;live_rolling_pf,5.955808001601163,-6.163265485733134,850.8297145144518,844.6664490287186,False,B0_technical_control_S5_000214,0,B0_technical_control,2018_2020
PAIRED_B0_technical_control,S5,778808,778837,2020-03-19T02:04:00,2020-03-19T02:33:00,2020-03-19T02:04:00,2020-03-19T02:33:00,493,1494.78,1491.308,2.8210000000000104,3.472000000000013,stop_loss,False,-3.47199999999998,24.0,True,5.0,-0.9353448275861982,-1.013469827586198,-1.0269396551724048,0.5,live_post_loss_cap;live_rolling_pf,5.91266514320103,-5.9923077232548705,844.6664490287186,838.6741413054638,False,B0_technical_control_S5_000215,0,B0_technical_control,2018_2020
PAIRED_B0_technical_control,S5,778861,778864,2020-03-19T02:57:00,2020-03-19T03:00:00,2020-03-19T02:57:00,2020-03-19T03:00:00,496,1483.83,1486.301857142857,2.4718571428571328,3.0422857142857023,take_profit,False,2.4718571428570613,24.0,True,5.0,0.7530901810584737,0.664737116991621,0.649503830083543,0.5,live_post_loss_cap;live_rolling_pf,5.870718989138246,3.902484815507721,838.6741413054638,842.5766261209715,True,B0_technical_control_S5_000216,0,B0_technical_control,2018_2020
PAIRED_B0_technical_control,S5,778866,778866,2020-03-19T03:02:00,2020-03-19T03:02:00,2020-03-19T03:02:00,2020-03-19T03:02:00,496,1491.36,1487.1794285714284,3.3967142857143005,4.180571428571446,stop_loss,False,-4.180571428571511,45.0,True,5.0,-0.9028197692355299,-1.01079780341829,-1.021595606836566,0.5,live_post_loss_cap;live_rolling_pf,5.898036382846801,-5.961722220262703,842.5766261209715,836.6149039007088,False,B0_technical_control_S5_000217,1,B0_technical_control,2018_2020
PAIRED_B0_technical_control,S5,778881,778898,2020-03-19T03:17:00,2020-03-19T03:34:00,2020-03-19T03:17:00,2020-03-19T03:34:00,496,1486.63,1489.8112857142858,3.1812857142857345,3.9154285714285963,take_profit,False,3.18128571428565,24.0,True,5.0,0.7655734323432143,0.6957852035203324,0.6837527502750079,0.5,live_post_loss_cap;live_rolling_pf,5.8563043273049615,4.074729898250886,836.6149039007088,840.6896337989597,True,B0_technical_control_S5_000218,2,B0_technical_control,2018_2020
PAIRED_B0_technical_control,S5,778899,778903,2020-03-19T03:35:00,2020-03-19T03:39:00,2020-03-19T03:35:00,2020-03-19T03:39:00,496,1490.14,1487.6840000000002,1.995500000000001,2.4560000000000013,stop_loss,False,-2.4559999999999036,24.0,True,5.0,-0.9109792284866106,-1.0185459940652455,-1.0370919881305274,0.5,live_post_loss_cap;live_rolling_pf,5.884827436592718,-5.993967411306761,840.6896337989597,834.6956663876529,False,B0_technical_control_S5_000219,3,B0_technical_control,2018_2020
PAIRED_B0_technical_control,S5,778918,778922,2020-03-19T03:54:00,2020-03-19T03:58:00,2020-03-19T03:54:00,2020-03-19T03:58:00,498,1487.69,1485.49,1.7875000000000212,2.200000000000026,stop_loss,False,-2.2000000000000455,24.0,True,5.0,-0.9016393442623041,-1.0204918032786963,-1.0409836065573845,0.5,live_post_loss_cap;live_rolling_pf,5.84286966471357,-5.962600600465942,834.6956663876529,828.7330657871869,False,B0_technical_control_S5_000220,0,B0_technical_control,2018_2020
PAIRED_B0_technical_control,S5,778940,778942,2020-03-19T04:16:00,2020-03-19T04:18:00,2020-03-19T04:16:00,2020-03-19T04:18:00,501,1481.07,1483.2512142857142,2.181214285714223,2.684571428571352,take_profit,False,2.1812142857143044,34.0,True,5.0,0.7211647458908237,0.5922208577366544,0.5756895900245815,0.5,live_post_loss_cap;live_rolling_pf,5.801131460510308,3.4355510493865054,828.7330657871869,832.1686168365734,True,B0_technical_control_S5_000221,0,B0_technical_control,2018_2020
PAIRED_B0_technical_control,S5,778943,778956,2020-03-19T04:19:00,2020-03-19T04:32:00,2020-03-19T04:19:00,2020-03-19T04:32:00,501,1483.52,1480.984,2.0604999999999842,2.5359999999999805,stop_loss,False,-2.536000000000058,24.0,True,5.0,-0.9135446685879237,-1.0180115273775499,-1.0360230547550715,0.5,live_post_loss_cap;live_rolling_pf,5.825180317856014,-5.930100712630242,832.1686168365734,826.2385161239431,False,B0_technical_control_S5_000222,1,B0_technical_control,2018_2020
PAIRED_B0_technical_control,S5,778976,778980,2020-03-19T04:52:00,2020-03-19T04:56:00,2020-03-19T04:52:00,2020-03-19T04:56:00,505,1479.59,1477.7202857142856,1.5191428571428691,1.8697142857143003,stop_loss,False,-1.8697142857142808,24.0,True,5.0,-0.8862405200433284,-1.0236998916576285,-1.0473997833152666,0.5,live_post_loss_cap;live_rolling_pf,5.783669612867602,-5.920741956076082,826.2385161239431,820.317774167867,False,B0_technical_control_S5_000223,0,B0_technical_control,2018_2020
PAIRED_B0_technical_control,S5,779225,779237,2020-03-19T09:01:00,2020-03-19T09:13:00,2020-03-19T09:01:00,2020-03-19T09:13:00,510,1488.69,1485.258,2.7884999999999978,3.4319999999999973,stop_loss,False,-3.4320000000000164,24.0,True,5.0,-0.9346405228758222,-1.01361655773421,-1.027233115468415,0.5,live_rolling_pf,5.742224419175069,-5.820413749501557,820.317774167867,814.4973604183655,False,B0_technical_control_S5_000224,0,B0_technical_control,2018_2020
PAIRED_B0_technical_control,S5,779705,779714,2020-03-19T17:01:00,2020-03-19T17:10:00,2020-03-19T17:01:00,2020-03-19T17:10:00,512,1476.36,1471.990857142857,3.549928571428594,4.369142857142886,stop_loss,False,-4.369142857142833,24.0,True,5.0,-0.9479295809570928,-1.0108480039672585,-1.0216960079345285,0.5,live_rolling_pf,5.7014815229285585,-5.763331217108538,814.4973604183655,808.7340292012569,False,B0_technical_control_S5_000225,0,B0_technical_control,2018_2020
PAIRED_B0_technical_control,S5,780005,780033,2020-03-19T22:01:00,2020-03-19T22:29:00,2020-03-19T22:01:00,2020-03-19T22:29:00,513,1469.75,1472.5134285714284,2.763428571428507,3.401142857142778,take_profit,False,2.7634285714284488,24.0,True,5.0,0.7589453860640129,0.6793000627746201,0.6655681104833455,0.5,live_rolling_pf,5.661138204408799,3.8456115376306967,808.7340292012569,812.5796407388876,True,B0_technical_control_S5_000226,0,B0_technical_control,2018_2020
PAIRED_B0_technical_control,S5,780074,780080,2020-03-20T00:11:00,2020-03-20T00:17:00,2020-03-20T00:11:00,2020-03-20T00:17:00,515,1463.1,1466.5542857142855,3.454285714285634,4.251428571428472,take_profit,False,3.454285714285561,36.0,True,5.0,0.749070631970243,0.660161090458469,0.6493184634448381,0.5,live_rolling_pf,5.688057485172213,3.7550342320017456,812.5796407388876,816.3346749708894,True,B0_technical_control_S5_000227,0,B0_technical_control,2018_2020
PAIRED_B0_technical_control,S5,780089,780091,2020-03-20T00:26:00,2020-03-20T00:28:00,2020-03-20T00:26:00,2020-03-20T00:28:00,516,1464.35,1466.6092142857142,2.2592142857143003,2.7805714285714465,take_profit,False,2.259214285714279,24.0,True,5.0,0.7479426787741137,0.6519343548997291,0.6353811956110421,0.5,live_rolling_pf,5.714342724796226,3.7253763379659874,816.3346749708894,820.0600513088553,True,B0_technical_control_S5_000228,0,B0_technical_control,2018_2020
PAIRED_B0_technical_control,S5,780112,780115,2020-03-20T00:49:00,2020-03-20T00:52:00,2020-03-20T00:49:00,2020-03-20T00:52:00,517,1468.41,1467.115142857143,1.5,1.2948571428571087,stop_loss,False,-1.294857142857154,24.0,True,5.0,-0.8436336559940693,-1.032576321667938,-1.0651526433358462,0.5,live_rolling_pf,5.740420359161988,-5.927422139291228,820.0600513088553,814.1326291695641,False,B0_technical_control_S5_000229,0,B0_technical_control,2018_2020
PAIRED_B0_technical_control,S5,780149,780156,2020-03-20T01:26:00,2020-03-20T01:33:00,2020-03-20T01:26:00,2020-03-20T01:33:00,518,1466.7,1468.2,1.5,0.9519999999999916,take_profit,False,1.5,24.0,True,5.0,1.2583892617449752,1.0151006711409467,0.9731543624161141,0.5,live_post_loss_cap;live_rolling_pf,5.698928404186949,5.784986047874376,814.1326291695641,819.9176152174384,True,B0_technical_control_S5_000230,0,B0_technical_control,2018_2020
PAIRED_B0_technical_control,S5,781442,781442,2020-03-23T00:01:00,2020-03-23T00:01:00,2020-03-23T00:01:00,2020-03-23T00:01:00,519,1508.01,1504.5174285714286,2.8377142857143443,3.4925714285715004,stop_loss,False,-3.4925714285714093,24.0,True,5.0,-0.9357011635027326,-1.0133955909369012,-1.026791181873827,0.5,live_rolling_pf,5.7394233065220694,-5.816306273349956,819.9176152174384,814.1013089440885,False,B0_technical_control_S5_000231,0,B0_technical_control,2018_2020
PAIRED_B0_technical_control,S5,781458,781459,2020-03-23T00:17:00,2020-03-23T00:18:00,2020-03-23T00:17:00,2020-03-23T00:18:00,519,1491.67,1496.5357142857144,4.865714285714273,5.988571428571413,take_profit,False,4.865714285714375,24.0,True,5.0,0.781192660550475,0.7346330275229519,0.7266055045871721,0.5,live_post_loss_cap;live_rolling_pf,5.69870916260862,4.1864599650999565,814.1013089440885,818.2877689091885,True,B0_technical_control_S5_000232,1,B0_technical_control,2018_2020
PAIRED_B0_technical_control,S5,781463,781476,2020-03-23T00:22:00,2020-03-23T00:35:00,2020-03-23T00:22:00,2020-03-23T00:35:00,519,1496.63,1491.0437142857145,4.538857142857111,5.586285714285675,stop_loss,False,-5.586285714285623,24.0,True,5.0,-0.9588073754413402,-1.0085817967830433,-1.0171635935660954,0.5,live_post_loss_cap;live_rolling_pf,5.72801438236432,-5.777171037764119,818.2877689091885,812.5105978714244,False,B0_technical_control_S5_000233,2,B0_technical_control,2018_2020
PAIRED_B0_technical_control,S5,781491,781497,2020-03-23T00:50:00,2020-03-23T00:56:00,2020-03-23T00:50:00,2020-03-23T00:56:00,520,1489.94,1487.133142857143,2.2805714285714025,2.806857142857111,stop_loss,False,-2.8068571428570976,24.0,True,5.0,-0.921230307576889,-1.0164103525881427,-1.0328207051762899,0.5,live_post_loss_cap;live_rolling_pf,5.687574185099971,-5.78090928284868,812.5105978714244,806.7296885885756,False,B0_technical_control_S5_000234,0,B0_technical_control,2018_2020
PAIRED_B0_technical_control,S5,781534,781538,2020-03-23T01:33:00,2020-03-23T01:37:00,2020-03-23T01:33:00,2020-03-23T01:37:00,523,1494.63,1491.9008571428574,2.2174285714285604,2.7291428571428438,stop_loss,False,-2.729142857142733,24.0,True,5.0,-0.919168591223981,-1.0168398768282925,-1.033679753656622,0.5,live_post_loss_cap;live_rolling_pf,5.64710782012003,-5.742204420246939,806.7296885885756,800.9874841683287,False,B0_technical_control_S5_000235,0,B0_technical_control,2018_2020
PAIRED_B0_technical_control,S5,781632,781679,2020-03-23T03:11:00,2020-03-23T03:58:00,2020-03-23T03:11:00,2020-03-23T03:58:00,526,1489.38,1493.3737857142858,3.9937857142857345,4.915428571428596,take_profit,False,3.99378571428565,24.0,True,5.0,0.7746757925071884,0.7184244070050827,0.7087258922633404,0.5,live_post_loss_cap;live_rolling_pf,5.6069123891783015,4.028142708324872,800.9874841683287,805.0156268766535,True,B0_technical_control_S5_000236,0,B0_technical_control,2018_2020
PAIRED_B0_technical_control,S5,781683,781684,2020-03-23T04:02:00,2020-03-23T04:03:00,2020-03-23T04:02:00,2020-03-23T04:03:00,528,1494.6,1496.1,1.5,1.3451428571429072,take_profit,False,1.5,24.0,True,5.0,0.9462869502523134,0.7633381398701994,0.7317952415284555,0.5,live_rolling_pf,5.635109388136575,4.301493918305271,805.0156268766535,809.3171207949588,True,B0_technical_control_S5_000237,0,B0_technical_control,2018_2020
PAIRED_B0_technical_control,S5,781685,781688,2020-03-23T04:04:00,2020-03-23T04:07:00,2020-03-23T04:04:00,2020-03-23T04:07:00,528,1495.29,1493.7357142857143,1.5,1.5542857142857818,stop_loss,False,-1.5542857142856974,24.0,True,5.0,-0.8662420382165186,-1.0278662420381686,-1.055732484076384,0.5,live_rolling_pf,5.665219845564712,-5.823088232980655,809.3171207949588,803.4940325619781,False,B0_technical_control_S5_000238,1,B0_technical_control,2018_2020
PAIRED_B0_technical_control,S5,781729,781731,2020-03-23T04:48:00,2020-03-23T04:50:00,2020-03-23T04:48:00,2020-03-23T04:50:00,529,1494.82,1493.162857142857,1.5,1.6571428571428832,stop_loss,False,-1.6571428571428442,24.0,True,5.0,-0.8734939759035956,-1.026355421686726,-1.0527108433734726,0.5,live_post_loss_cap;live_rolling_pf,5.624458227933847,-5.77269319629042,803.4940325619781,797.7213393656876,False,B0_technical_control_S5_000239,0,B0_technical_control,2018_2020
PAIRED_B0_technical_control,S5,783011,783012,2020-03-24T03:11:00,2020-03-24T03:12:00,2020-03-24T03:11:00,2020-03-24T03:12:00,531,1580.68,1577.3885714285716,2.67428571428571,3.2914285714285665,stop_loss,False,-3.291428571428469,24.0,True,5.0,-0.9320388349514285,-1.0141585760517522,-1.0283171521035321,0.5,live_rolling_pf,5.584049375559814,-5.663111563320417,797.7213393656876,792.0582278023672,False,B0_technical_control_S5_000240,0,B0_technical_control,2018_2020
PAIRED_B0_technical_control,S5,783104,783107,2020-03-24T04:45:00,2020-03-24T04:48:00,2020-03-24T04:45:00,2020-03-24T04:48:00,532,1581.28,1579.1165714285714,1.7577857142856779,2.163428571428527,stop_loss,False,-2.1634285714285397,24.0,True,5.0,-0.9001426533523573,-1.0208036138849321,-1.0416072277698587,0.5,live_post_loss_cap;live_rolling_pf,5.544407594616571,-5.659751309435659,792.0582278023672,786.3984764929315,False,B0_technical_control_S5_000241,0,B0_technical_control,2018_2020
PAIRED_B0_technical_control,S5,784178,784201,2020-03-25T00:21:00,2020-03-25T00:44:00,2020-03-25T00:21:00,2020-03-25T00:44:00,548,1628.65,1621.3848571428573,5.902928571428586,7.265142857142876,stop_loss,False,-7.265142857142791,24.0,True,5.0,-0.9680219278209116,-1.0066620983706298,-1.013324196741271,0.5,live_rolling_pf,5.504789335450521,-5.541462783512887,786.3984764929315,780.8570137094187,False,B0_technical_control_S5_000242,0,B0_technical_control,2018_2020
PAIRED_B0_technical_control,S5,784421,784422,2020-03-25T04:42:00,2020-03-25T04:43:00,2020-03-25T04:42:00,2020-03-25T04:43:00,560,1608.87,1604.1842857142856,3.8071428571428996,4.685714285714338,stop_loss,False,-4.685714285714312,91.0,True,5.0,-0.8373755425070174,-1.0089354097523566,-1.017870819504718,0.5,live_rolling_pf,5.46599909596593,-5.5148400375943964,780.8570137094187,775.3421736718243,False,B0_technical_control_S5_000243,0,B0_technical_control,2018_2020
PAIRED_B0_technical_control,S5,785689,785690,2020-03-26T02:59:00,2020-03-26T03:00:00,2020-03-26T02:59:00,2020-03-26T03:00:00,584,1601.99,1604.9744285714287,2.9844285714285808,3.673142857142869,take_profit,False,2.98442857142868,24.0,True,5.0,0.762667932243016,0.6885587032710536,0.6757812500000256,0.5,live_rolling_pf,5.42739521570277,3.7370802118638196,775.3421736718243,779.0792538836881,True,B0_technical_control_S5_000244,0,B0_technical_control,2018_2020
PAIRED_B0_technical_control,S5,790337,790338,2020-03-31T12:33:00,2020-03-31T12:34:00,2020-03-31T12:33:00,2020-03-31T12:34:00,625,1606.13,1604.4602857142859,1.5,1.6697142857142744,stop_loss,False,-1.6697142857142353,26.0,True,5.0,-0.8652650281314566,-1.0259105715131573,-1.0518211430263347,0.5,live_rolling_pf,5.453554777185817,-5.594859498241011,779.0792538836881,773.4843943854471,False,B0_technical_control_S5_000245,0,B0_technical_control,2018_2020
PAIRED_B0_technical_control,S5,795164,795167,2020-04-06T01:06:00,2020-04-06T01:09:00,2020-04-06T01:06:00,2020-04-06T01:09:00,633,1614.03,1609.9397142857142,3.3233571428571396,4.09028571428571,stop_loss,False,-4.090285714285756,80.0,True,5.0,-0.8364103762561438,-1.0102243514840008,-1.0204487029679925,0.5,live_rolling_pf,5.414390760698129,-5.469749394907233,773.4843943854471,768.0146449905399,False,B0_technical_control_S5_000246,0,B0_technical_control,2018_2020
PAIRED_B0_technical_control,S5,796121,796144,2020-04-06T17:03:00,2020-04-06T17:26:00,2020-04-06T17:03:00,2020-04-06T17:26:00,638,1649.39,1645.5042857142857,3.1571428571428783,3.885714285714312,stop_loss,False,-3.885714285714357,71.0,True,5.0,-0.8455082374883539,-1.0108797015853377,-1.0217594031706658,0.5,live_rolling_pf,5.3761025149337796,-5.434592905988443,768.0146449905399,762.5800520845514,False,B0_technical_control_S5_000247,0,B0_technical_control,2018_2020
PAIRED_B0_technical_control,S5,800684,800685,2020-04-13T01:16:00,2020-04-13T01:17:00,2020-04-13T01:16:00,2020-04-13T01:17:00,656,1693.07,1687.6802857142857,4.379142857142865,5.3897142857142954,stop_loss,False,-5.389714285714263,91.0,True,5.0,-0.8555490044899945,-1.0079368678851597,-1.0158737357703245,0.5,live_rolling_pf,5.33806036459186,-5.380427844468633,762.5800520845514,757.1996242400828,False,B0_technical_control_S5_000248,0,B0_technical_control,2018_2020
PAIRED_B0_technical_control,S5,803960,803962,2020-04-15T09:54:00,2020-04-15T09:56:00,2020-04-15T09:54:00,2020-04-15T09:56:00,663,1711.86,1713.4794285714286,1.6194285714285765,1.9931428571428633,take_profit,False,1.6194285714286707,44.0,True,5.0,0.6655706904650461,0.46418506341009125,0.4436355096289734,0.5,live_rolling_pf,5.30039736968058,2.4603652891438608,757.1996242400828,759.6599895292267,True,B0_technical_control_S5_000249,0,B0_technical_control,2018_2020
PAIRED_B0_technical_control,S5,806856,806857,2020-04-17T12:14:00,2020-04-17T12:15:00,2020-04-17T12:14:00,2020-04-17T12:15:00,675,1692.96,1694.46,1.5,1.8445714285714663,take_profit,False,1.5,31.0,True,5.0,0.696194138708382,0.5291075454183704,0.5059010741280908,0.5,live_rolling_pf,5.3176199267045865,2.8135928268864783,759.6599895292267,762.4735823561132,True,B0_technical_control_S5_000250,0,B0_technical_control,2018_2020
PAIRED_B0_technical_control,S5,806877,806877,2020-04-17T12:35:00,2020-04-17T12:35:00,2020-04-17T12:35:00,2020-04-17T12:35:00,676,1690.94,1692.723785714286,1.7837857142857387,2.1954285714286015,take_profit,False,1.783785714285841,24.0,True,5.0,0.7324319568278235,0.6133564054434983,0.5928261379634422,0.5,live_rolling_pf,5.337315076492793,3.27367639003701,762.4735823561132,765.7472587461502,True,B0_technical_control_S5_000251,0,B0_technical_control,2018_2020
PAIRED_B0_technical_control,S5,807776,807783,2020-04-20T04:36:00,2020-04-20T04:43:00,2020-04-20T04:36:00,2020-04-20T04:43:00,681,1678.95,1677.5225714285716,1.5,1.4274285714284947,stop_loss,False,-1.427428571428436,41.0,True,5.0,-0.776862074327435,-1.0272119421551549,-1.054423884310342,0.5,live_rolling_pf,5.360230811223052,-5.506093101996332,765.7472587461502,760.2411656441539,False,B0_technical_control_S5_000252,0,B0_technical_control,2018_2020
PAIRED_B0_technical_control,S5,808523,808529,2020-04-20T17:03:00,2020-04-20T17:09:00,2020-04-20T17:03:00,2020-04-20T17:09:00,686,1686.09,1683.808857142857,1.853428571428596,2.2811428571428873,stop_loss,False,-2.281142857142868,40.0,True,5.0,-0.850809889173055,-1.0186487638533601,-1.0372975277067271,0.5,live_rolling_pf,5.321688159509077,-5.420931065296984,760.2411656441539,754.8202345788569,False,B0_technical_control_S5_000253,0,B0_technical_control,2018_2020
PAIRED_B0_technical_control,S5,808646,808658,2020-04-20T19:06:00,2020-04-20T19:18:00,2020-04-20T19:06:00,2020-04-20T19:18:00,690,1700.88,1698.0582857142858,2.29264285714282,2.82171428571424,stop_loss,False,-2.821714285714279,24.0,True,5.0,-0.9216125419932926,-1.0163307204180794,-1.032661440836146,0.5,live_post_loss_cap;live_rolling_pf,5.283741642051998,-5.370028949569713,754.8202345788569,749.4502056292872,False,B0_technical_control_S5_000254,0,B0_technical_control,2018_2020
PAIRED_B0_technical_control,S5,809623,809632,2020-04-21T12:24:00,2020-04-21T12:33:00,2020-04-21T12:24:00,2020-04-21T12:33:00,693,1680.57,1675.4602857142856,4.1516428571428605,5.10971428571429,stop_loss,False,-5.10971428571429,25.0,True,5.0,-0.9533557225864918,-1.0093288554827016,-1.0186577109654031,0.5,live_rolling_pf,5.24615143940501,-5.2950920280235865,749.4502056292872,744.1551136012637,False,B0_technical_control_S5_000255,0,B0_technical_control,2018_2020
PAIRED_B0_technical_control,S5,809906,809915,2020-04-21T17:07:00,2020-04-21T17:16:00,2020-04-21T17:07:00,2020-04-21T17:16:00,698,1678.16,1681.629142857143,3.46914285714289,4.269714285714326,take_profit,False,3.4691428571429697,81.0,True,5.0,0.6829405478373529,0.5136396872715182,0.5037966139828068,0.5,live_rolling_pf,5.209085795208846,2.6755931988215798,744.1551136012637,746.8307068000853,True,B0_technical_control_S5_000256,0,B0_technical_control,2018_2020
PAIRED_B0_technical_control,S5,809924,809925,2020-04-21T17:25:00,2020-04-21T17:26:00,2020-04-21T17:25:00,2020-04-21T17:26:00,699,1687.29,1683.600857142857,2.9974285714286326,3.6891428571429326,stop_loss,False,-3.689142857142997,74.0,True,5.0,-0.8329247838988691,-1.0112888659527948,-1.0225777319055747,0.5,live_rolling_pf,5.2278149476005975,-5.286831049770077,746.8307068000853,741.5438757503152,False,B0_technical_control_S5_000257,0,B0_technical_control,2018_2020
PAIRED_B0_technical_control,S5,810521,810524,2020-04-22T04:23:00,2020-04-22T04:26:00,2020-04-22T04:23:00,2020-04-22T04:26:00,710,1690.35,1688.4517142857142,1.5423571428571126,1.898285714285677,stop_loss,False,-1.8982857142857483,33.0,True,5.0,-0.8519040902680126,-1.022438774201853,-1.0448775484036743,0.5,live_rolling_pf,5.190807130252207,-5.307282479373304,741.5438757503152,736.236593270942,False,B0_technical_control_S5_000258,0,B0_technical_control,2018_2020
PAIRED_B0_technical_control,S5,814983,814992,2020-04-27T09:49:00,2020-04-27T09:58:00,2020-04-27T09:49:00,2020-04-27T09:58:00,716,1715.87,1713.87,1.6249999999999578,1.9999999999999483,stop_loss,False,-2.0,24.0,True,5.0,-0.8928571428571634,-1.0223214285714521,-1.0446428571428812,0.5,live_rolling_pf,5.153656152896594,-5.2686931205953,736.236593270942,730.9679001503466,False,B0_technical_control_S5_000259,0,B0_technical_control,2018_2020
PAIRED_B0_technical_control,S5,815150,815151,2020-04-27T12:36:00,2020-04-27T12:37:00,2020-04-27T12:36:00,2020-04-27T12:37:00,722,1717.73,1715.8957142857143,1.5,1.834285714285657,stop_loss,False,-1.83428571428567,24.0,True,5.0,-0.8842975206611602,-1.0241046831955993,-1.0482093663911922,0.5,live_rolling_pf,5.116775301052426,-5.240113548667362,730.9679001503466,725.7277866016792,False,B0_technical_control_S5_000260,0,B0_technical_control,2018_2020
PAIRED_B0_technical_control,S5,816065,816091,2020-04-28T04:52:00,2020-04-28T05:18:00,2020-04-28T04:52:00,2020-04-28T05:18:00,725,1703.69,1701.8248571428571,1.5154285714286078,1.865142857142902,stop_loss,False,-1.8651428571429278,38.0,True,5.0,-0.8307457368287245,-1.0222702977857072,-1.0445405955714029,0.5,live_rolling_pf,5.080094506211754,-5.193229723644625,725.7277866016792,720.5345568780346,False,B0_technical_control_S5_000261,0,B0_technical_control,2018_2020
PAIRED_B0_technical_control,S5,816797,816798,2020-04-28T17:04:00,2020-04-28T17:05:00,2020-04-28T17:04:00,2020-04-28T17:05:00,731,1695.69,1698.8592142857144,3.169214285714296,3.9005714285714412,take_profit,False,3.169214285714361,52.0,True,5.0,0.716924120992776,0.5879815149948446,0.5766707600827454,0.5,live_rolling_pf,5.043741898146242,2.9656270025150007,720.5345568780346,723.5001838805496,True,B0_technical_control_S5_000262,0,B0_technical_control,2018_2020
PAIRED_B0_technical_control,S5,816807,816809,2020-04-28T17:14:00,2020-04-28T17:16:00,2020-04-28T17:14:00,2020-04-28T17:16:00,732,1697.5,1700.3414285714287,2.841428571428542,3.497142857142821,take_profit,False,2.8414285714286507,24.0,True,5.0,0.7603211009174597,0.6827217125382541,0.6693425076452877,0.5,live_rolling_pf,5.064501287163847,3.457644991924694,723.5001838805496,726.9578288724742,True,B0_technical_control_S5_000263,0,B0_technical_control,2018_2020
PAIRED_B0_technical_control,S5,816899,816904,2020-04-28T18:46:00,2020-04-28T18:51:00,2020-04-28T18:46:00,2020-04-28T18:51:00,733,1708.02,1705.605142857143,1.962071428571439,2.4148571428571555,stop_loss,False,-2.414857142857045,45.0,True,5.0,-0.8429241049166869,-1.0174528772314362,-1.0349057544629112,0.5,live_rolling_pf,5.08870480210732,-5.177517342285519,726.9578288724742,721.7803115301887,False,B0_technical_control_S5_000264,0,B0_technical_control,2018_2020
PAIRED_B0_technical_control,S5,817813,817816,2020-04-29T11:01:00,2020-04-29T11:04:00,2020-04-29T11:01:00,2020-04-29T11:04:00,735,1704.93,1703.25,1.5,1.6800000000000574,stop_loss,False,-1.6800000000000637,37.0,True,5.0,-0.8195121951219593,-1.0243902439024413,-1.0487804878048796,0.5,live_rolling_pf,5.052462180711321,-5.17569296560673,721.7803115301887,716.604618564582,False,B0_technical_control_S5_000265,0,B0_technical_control,2018_2020
PAIRED_B0_technical_control,S5,818474,818481,2020-04-29T22:02:00,2020-04-29T22:09:00,2020-04-29T22:02:00,2020-04-29T22:09:00,739,1704.62,1706.417714285714,1.7977142857142343,2.212571428571365,take_profit,False,1.7977142857141644,42.0,True,5.0,0.6828738875623754,0.5043412198827532,0.48534838289555926,0.5,live_rolling_pf,5.016232329952074,2.5298927325033342,716.604618564582,719.1345112970853,True,B0_technical_control_S5_000266,0,B0_technical_control,2018_2020
PAIRED_B0_technical_control,S5,819690,819693,2020-04-30T19:19:00,2020-04-30T19:22:00,2020-04-30T19:19:00,2020-04-30T19:22:00,742,1684.31,1687.9982857142857,3.688285714285717,4.539428571428575,take_profit,False,3.688285714285712,24.0,True,5.0,0.7717001434720219,0.7110234337637484,0.7005619320899081,0.5,live_rolling_pf,5.033941579079597,3.579250426923281,719.1345112970853,722.7137617240086,True,B0_technical_control_S5_000267,0,B0_technical_control,2018_2020
PAIRED_B0_technical_control,S5,820434,820436,2020-05-01T08:44:00,2020-05-01T08:46:00,2020-05-01T08:44:00,2020-05-01T08:46:00,743,1679.0,1676.896,1.7094999999999865,2.103999999999983,stop_loss,False,-2.104000000000042,24.0,True,5.0,-0.8976109215017307,-1.0213310580205028,-1.0426621160409808,0.5,live_rolling_pf,5.05899633206806,-5.166910076352915,722.7137617240086,717.5468516476557,False,B0_technical_control_S5_000268,0,B0_technical_control,2018_2020
PAIRED_B0_technical_control,S5,820454,820458,2020-05-01T09:04:00,2020-05-01T09:08:00,2020-05-01T09:04:00,2020-05-01T09:08:00,745,1671.34,1673.7041428571429,2.3641428571429026,2.909714285714342,take_profit,False,2.3641428571429515,24.0,True,5.0,0.7505896226415258,0.658517779390439,0.642643323657493,0.5,live_post_loss_cap;live_rolling_pf,5.02282796153359,3.307621515489305,717.5468516476557,720.854473163145,True,B0_technical_control_S5_000269,0,B0_technical_control,2018_2020
PAIRED_B0_technical_control,S5,820619,820636,2020-05-01T11:49:00,2020-05-01T12:06:00,2020-05-01T11:49:00,2020-05-01T12:06:00,748,1671.96,1673.8570714285715,1.8970714285714345,2.33485714285715,take_profit,False,1.8970714285715076,24.0,True,5.0,0.7367676431425054,0.6241400355082403,0.6047214824678497,0.5,live_rolling_pf,5.045981312142016,3.1493989553342345,720.854473163145,724.0038721184793,True,B0_technical_control_S5_000270,0,B0_technical_control,2018_2020
PAIRED_B0_technical_control,S5,822310,822341,2020-05-04T17:02:00,2020-05-04T17:33:00,2020-05-04T17:02:00,2020-05-04T17:33:00,749,1706.66,1709.7122142857143,3.0522142857142125,3.7565714285713385,take_profit,False,3.0522142857141716,74.0,True,5.0,0.6787870123268404,0.503097598170019,0.49197801499553667,0.5,live_rolling_pf,5.068027104829356,2.549712263900204,724.0038721184793,726.5535843823795,True,B0_technical_control_S5_000271,0,B0_technical_control,2018_2020
PAIRED_B0_technical_control,S5,824292,824303,2020-05-06T04:06:00,2020-05-06T04:17:00,2020-05-06T04:06:00,2020-05-06T04:17:00,752,1705.75,1707.2802857142856,1.530285714285695,1.8834285714285475,take_profit,False,1.5302857142855828,45.0,True,5.0,0.6558099669400752,0.44153299865306433,0.42010530182436323,0.5,live_rolling_pf,5.085875090676657,2.24558167956139,726.5535843823795,728.7991660619409,True,B0_technical_control_S5_000272,0,B0_technical_control,2018_2020
PAIRED_B0_technical_control,S5,824304,824305,2020-05-06T04:18:00,2020-05-06T04:19:00,2020-05-06T04:18:00,2020-05-06T04:19:00,754,1707.57,1705.7174285714284,1.505214285714289,1.8525714285714328,stop_loss,False,-1.8525714285715367,24.0,True,5.0,-0.8853085745494763,-1.023894046968919,-1.0477880939377884,0.5,live_rolling_pf,5.101594162433587,-5.223491892967139,728.7991660619409,723.5756741689738,False,B0_technical_control_S5_000273,0,B0_technical_control,2018_2020
PAIRED_B0_technical_control,S5,828252,828257,2020-05-11T01:10:00,2020-05-11T01:15:00,2020-05-11T01:10:00,2020-05-11T01:15:00,755,1703.48,1705.2340714285715,1.7540714285713956,2.1588571428571024,take_profit,False,1.7540714285714785,30.0,True,5.0,0.713368580060455,0.5710260283523421,0.5506913781083259,0.5,live_rolling_pf,5.065029719182816,2.892263804031542,723.5756741689738,726.4679379730054,True,B0_technical_control_S5_000274,0,B0_technical_control,2018_2020
PAIRED_B0_technical_control,S5,828348,828352,2020-05-11T02:46:00,2020-05-11T02:50:00,2020-05-11T02:46:00,2020-05-11T02:50:00,758,1707.18,1705.4702857142859,1.5,1.7097142857142122,stop_loss,False,-1.709714285714199,36.0,True,5.0,-0.8260629486471437,-1.0241579237990006,-1.0483158475980074,0.5,live_rolling_pf,5.085275565811038,-5.208125265426821,726.4679379730054,721.2598127075786,False,B0_technical_control_S5_000275,0,B0_technical_control,2018_2020
PAIRED_B0_technical_control,S5,828465,828475,2020-05-11T04:43:00,2020-05-11T04:53:00,2020-05-11T04:43:00,2020-05-11T04:53:00,760,1711.25,1709.6831428571427,1.5,1.566857142857225,stop_loss,False,-1.566857142857316,29.0,True,5.0,-0.8438221264810529,-1.0269272195722896,-1.0538544391445304,0.5,live_post_loss_cap;live_rolling_pf,5.04881868895305,-5.184769338371168,721.2598127075786,716.0750433692074,False,B0_technical_control_S5_000276,0,B0_technical_control,2018_2020
PAIRED_B0_technical_control,S5,828768,828768,2020-05-11T09:46:00,2020-05-11T09:46:00,2020-05-11T09:46:00,2020-05-11T09:46:00,761,1705.73,1707.239857142857,1.5098571428571421,1.8582857142857134,take_profit,False,1.5098571428570722,24.0,True,5.0,0.7195669934640189,0.5813589324618402,0.5575299564269818,0.5,live_rolling_pf,5.012525303584452,2.9140763594298185,716.0750433692074,718.9891197286372,True,B0_technical_control_S5_000277,0,B0_technical_control,2018_2020
PAIRED_B0_technical_control,S5,835144,835150,2020-05-18T01:08:00,2020-05-18T01:14:00,2020-05-18T01:08:00,2020-05-18T01:14:00,766,1750.82,1747.1708571428571,2.9649285714285565,3.649142857142839,stop_loss,False,-3.649142857142806,74.0,True,5.0,-0.8314021611769219,-1.0113917458664161,-1.0227834917328398,0.5,live_rolling_pf,5.03292383810046,-5.0902576274291285,718.9891197286372,713.8988621012081,False,B0_technical_control_S5_000278,0,B0_technical_control,2018_2020
PAIRED_B0_technical_control,S5,835169,835177,2020-05-18T01:33:00,2020-05-18T01:41:00,2020-05-18T01:33:00,2020-05-18T01:41:00,768,1743.75,1746.5357142857144,2.785714285714349,3.428571428571507,take_profit,False,2.785714285714448,24.0,True,5.0,0.7593457943925513,0.6802959501557929,0.6666666666666967,0.5,live_post_loss_cap;live_rolling_pf,4.997292034708457,3.3996375329579656,713.8988621012081,717.2984996341661,True,B0_technical_control_S5_000279,0,B0_technical_control,2018_2020
PAIRED_B0_technical_control,S5,837037,837045,2020-05-19T09:42:00,2020-05-19T09:50:00,2020-05-19T09:42:00,2020-05-19T09:50:00,773,1729.74,1731.5887857142857,1.848785714285743,2.275428571428607,take_profit,False,1.8487857142856683,14.0,True,5.0,0.7654069079725271,0.6867459190915252,0.6660456588596825,0.5,live_rolling_pf,5.021089497439163,3.448212721759662,717.2984996341661,720.7467123559258,True,B0_technical_control_S5_000280,0,B0_technical_control,2018_2020
PAIRED_B0_technical_control,S5,840236,840236,2020-05-21T17:03:00,2020-05-21T17:03:00,2020-05-21T17:03:00,2020-05-21T17:03:00,780,1729.25,1726.8282857142858,1.9676428571428624,2.4217142857142924,stop_loss,False,-2.421714285714188,14.0,True,5.0,-0.9453490965870662,-1.0195181797902781,-1.0390363595805971,0.5,live_rolling_pf,5.04522698649148,-5.143700633896584,720.7467123559258,715.6030117220291,False,B0_technical_control_S5_000281,0,B0_technical_control,2018_2020
PAIRED_B0_technical_control,S5,840269,840272,2020-05-21T17:36:00,2020-05-21T17:39:00,2020-05-21T17:36:00,2020-05-21T17:39:00,782,1719.62,1721.8810714285712,2.2610714285714204,2.7828571428571327,take_profit,False,2.261071428571313,14.0,True,5.0,0.7735826001954665,0.7085777126099335,0.6914711632453195,0.5,live_post_loss_cap;live_rolling_pf,5.009221082054204,3.5494224162794237,715.6030117220291,719.1524341383085,True,B0_technical_control_S5_000282,0,B0_technical_control,2018_2020
PAIRED_B0_technical_control,S5,843012,843013,2020-05-25T17:22:00,2020-05-25T17:23:00,2020-05-25T17:22:00,2020-05-25T17:23:00,785,1730.09,1728.7151428571428,1.5,1.3748571428571656,stop_loss,False,-1.3748571428570813,38.0,True,5.0,-0.7834581569520876,-1.0284923477694077,-1.0569846955388635,0.5,live_rolling_pf,5.03406703896816,-5.177499427736953,719.1524341383085,713.9749347105716,False,B0_technical_control_S5_000283,0,B0_technical_control,2018_2020
PAIRED_B0_technical_control,S5,844130,844131,2020-05-26T17:04:00,2020-05-26T17:05:00,2020-05-26T17:04:00,2020-05-26T17:05:00,787,1715.38,1718.6912857142859,3.3112857142857433,4.075428571428607,take_profit,False,3.3112857142857592,14.0,True,5.0,0.7855157923275085,0.740443269621802,0.7285820794360897,0.5,live_rolling_pf,4.997824542974001,3.700605545595758,713.9749347105716,717.6755402561673,True,B0_technical_control_S5_000284,0,B0_technical_control,2018_2020
PAIRED_B0_technical_control,S5,844134,844161,2020-05-26T17:08:00,2020-05-26T17:35:00,2020-05-26T17:08:00,2020-05-26T17:35:00,788,1720.08,1715.878857142857,3.41342857142855,4.20114285714283,stop_loss,False,-4.201142857142941,14.0,True,5.0,-0.9677504278004728,-1.0115177043570087,-1.0230354087139917,0.5,live_rolling_pf,5.023728781793172,-5.0815906046716615,717.6755402561673,712.5939496514957,False,B0_technical_control_S5_000285,0,B0_technical_control,2018_2020
PAIRED_B0_technical_control,S5,844185,844186,2020-05-26T17:59:00,2020-05-26T18:00:00,2020-05-26T17:59:00,2020-05-26T18:00:00,789,1710.81,1712.846357142857,2.036357142857107,2.50628571428567,take_profit,False,2.036357142857014,14.0,True,5.0,0.76951522349381,0.6977164759230897,0.6788220686676371,0.5,live_post_loss_cap;live_rolling_pf,4.988157647560469,3.4803197752047,712.5939496514957,716.0742694267004,True,B0_technical_control_S5_000286,0,B0_technical_control,2018_2020
PAIRED_B0_technical_control,S5,848681,848681,2020-06-01T01:01:00,2020-06-01T01:01:00,2020-06-01T01:01:00,2020-06-01T01:01:00,794,1735.75,1733.4082857142857,1.9026428571428369,2.3417142857142608,stop_loss,True,-2.3417142857142608,14.0,True,5.0,-0.9435873819940127,-1.0201473635735667,-1.0402947271471337,0.5,live_rolling_pf,5.012519885986903,-5.113508946549614,716.0742694267004,710.9607604801508,False,B0_technical_control_S5_000287,0,B0_technical_control,2018_2020
PAIRED_B0_technical_control,S5,848696,848786,2020-06-01T01:16:00,2020-06-01T02:46:00,2020-06-01T01:16:00,2020-06-01T02:46:00,794,1738.36,1739.43,2.6752142857142807,3.2925714285714225,timeout,False,1.0700000000001637,14.0,True,5.0,0.31171966039625265,0.25636757116702,0.2418012318961693,0.5,live_post_loss_cap;live_rolling_pf,4.976725323361056,1.2758709835154762,710.9607604801508,712.2366314636663,True,B0_technical_control_S5_000288,1,B0_technical_control,2018_2020
PAIRED_B0_technical_control,S5,849652,849693,2020-06-01T17:12:00,2020-06-01T17:53:00,2020-06-01T17:12:00,2020-06-01T17:53:00,796,1735.03,1737.0747142857142,2.0447142857142206,2.5165714285713485,take_profit,False,2.0447142857142353,14.0,True,5.0,0.7696816519681694,0.6981608948160916,0.6793396429339658,0.5,live_rolling_pf,4.985656420245665,3.480790347604305,712.2366314636663,715.7174218112706,True,B0_technical_control_S5_000289,0,B0_technical_control,2018_2020
PAIRED_B0_technical_control,S5,851562,851568,2020-06-03T03:04:00,2020-06-03T03:10:00,2020-06-03T03:04:00,2020-06-03T03:10:00,798,1722.8,1724.3107857142857,1.5107857142856915,1.8594285714285435,take_profit,False,1.5107857142857029,14.0,True,5.0,0.7556087453558208,0.6605815947413581,0.6355744498428154,0.5,live_rolling_pf,5.010021952678894,3.309528291189837,715.7174218112706,719.0269501024604,True,B0_technical_control_S5_000290,0,B0_technical_control,2018_2020
PAIRED_B0_technical_control,S5,851574,851584,2020-06-03T03:16:00,2020-06-03T03:26:00,2020-06-03T03:16:00,2020-06-03T03:26:00,799,1724.03,1725.5667857142857,1.53678571428571,1.8914285714285661,take_profit,False,1.5367857142857702,32.0,True,5.0,0.6949289405685024,0.5276162790697939,0.5050064599483469,0.5,live_rolling_pf,5.033188650717223,2.6555922677477377,719.0269501024604,721.6825423702081,True,B0_technical_control_S5_000291,0,B0_technical_control,2018_2020
PAIRED_B0_technical_control,S5,852081,852081,2020-06-03T11:43:00,2020-06-03T11:43:00,2020-06-03T11:43:00,2020-06-03T11:43:00,800,1714.86,1716.36,1.5,1.8400000000000156,take_profit,False,1.5,14.0,True,5.0,0.7575757575757517,0.6616161616161564,0.6363636363636314,0.5,live_rolling_pf,5.051777796591457,3.342337835118564,721.6825423702081,725.0248802053267,True,B0_technical_control_S5_000292,0,B0_technical_control,2018_2020
PAIRED_B0_technical_control,S5,852084,852115,2020-06-03T11:46:00,2020-06-03T12:17:00,2020-06-03T11:46:00,2020-06-03T12:17:00,801,1717.09,1718.9842857142855,1.894285714285723,2.331428571428582,take_profit,False,1.8942857142856155,29.0,True,5.0,0.7226158038146733,0.5929155313351098,0.573841961852821,0.5,live_rolling_pf,5.075174161437287,3.0091495845468095,725.0248802053267,728.0340297898734,True,B0_technical_control_S5_000293,0,B0_technical_control,2018_2020
PAIRED_B0_technical_control,S5,852406,852407,2020-06-03T17:08:00,2020-06-03T17:09:00,2020-06-03T17:08:00,2020-06-03T17:09:00,806,1701.22,1698.861142857143,1.9165714285713955,2.358857142857102,stop_loss,False,-2.358857142857005,14.0,True,5.0,-0.9439743882917506,-1.0200091470386077,-1.0400182940772542,0.5,live_rolling_pf,5.0962382085291145,-5.1982095881873445,728.0340297898734,722.8358202016861,False,B0_technical_control_S5_000294,0,B0_technical_control,2018_2020
PAIRED_B0_technical_control,S5,852423,852430,2020-06-03T17:25:00,2020-06-03T17:32:00,2020-06-03T17:25:00,2020-06-03T17:32:00,809,1694.6,1691.512,2.5089999999999772,3.087999999999972,stop_loss,False,-3.0879999999999654,14.0,True,5.0,-0.9566294919454746,-1.0154894671623276,-1.0309789343246574,0.5,live_post_loss_cap;live_rolling_pf,5.059850741411803,-5.13822513331718,722.8358202016861,717.697595068369,False,B0_technical_control_S5_000295,0,B0_technical_control,2018_2020
PAIRED_B0_technical_control,S5,852448,852459,2020-06-03T17:50:00,2020-06-03T18:01:00,2020-06-03T17:50:00,2020-06-03T18:01:00,811,1693.29,1695.2595,1.9694999999999403,2.4239999999999267,take_profit,False,1.9694999999999254,14.0,True,5.0,0.76813572542901,0.6940327613104432,0.6745319812792413,0.5,live_post_loss_cap;live_rolling_pf,5.0238831654785825,3.486739505838151,717.697595068369,721.1843345742071,True,B0_technical_control_S5_000296,0,B0_technical_control,2018_2020
PAIRED_B0_technical_control,S5,855578,855587,2020-06-08T01:04:00,2020-06-08T01:13:00,2020-06-08T01:04:00,2020-06-08T01:13:00,816,1680.77,1682.27,1.5,1.8457142857143483,take_profit,False,1.5,27.0,True,5.0,0.7089804186360358,0.5577312626603481,0.5340985820391468,0.5,live_rolling_pf,5.04829034201945,2.8155893467305484,721.1843345742071,723.9999239209377,True,B0_technical_control_S5_000297,0,B0_technical_control,2018_2020
PAIRED_B0_technical_control,S5,855759,855766,2020-06-08T04:05:00,2020-06-08T04:12:00,2020-06-08T04:05:00,2020-06-08T04:12:00,818,1684.35,1685.85,1.5,1.5085714285713818,take_profit,False,1.5,14.0,True,5.0,0.9098786828423134,0.7946273830156204,0.7642980935875433,0.5,live_rolling_pf,5.067999467446564,4.02717115394162,723.9999239209377,728.0270950748793,True,B0_technical_control_S5_000298,0,B0_technical_control,2018_2020
PAIRED_B0_technical_control,S5,862948,862950,2020-06-15T09:01:00,2020-06-15T09:03:00,2020-06-15T09:01:00,2020-06-15T09:03:00,821,1721.62,1723.12,1.5,1.7142857142857661,take_profit,False,1.5,14.0,True,5.0,0.8089368258859558,0.7064714946070682,0.6795069337442029,1.0,,10.19237933104831,7.200625459607888,728.0270950748793,735.2277205344872,True,B0_technical_control_S5_000299,0,B0_technical_control,2018_2020
PAIRED_B0_technical_control,S5,863166,863169,2020-06-15T12:39:00,2020-06-15T12:42:00,2020-06-15T12:39:00,2020-06-15T12:42:00,823,1714.06,1715.56,1.5,1.801142857142882,take_profit,False,1.5,17.0,True,5.0,0.7609798521524763,0.6493694738367798,0.6240034787650306,1.0,,10.29318808748282,6.684082132471729,735.2277205344872,741.9118026669589,True,B0_technical_control_S5_000300,0,B0_technical_control,2018_2020
PAIRED_B0_technical_control,S5,863468,863471,2020-06-15T17:41:00,2020-06-15T17:44:00,2020-06-15T17:41:00,2020-06-15T17:44:00,826,1717.02,1718.52,1.5,1.7142857142857661,take_profit,False,1.5,14.0,True,5.0,0.8089368258859558,0.7064714946070682,0.6795069337442029,1.0,,10.386765237337425,7.337953561354509,741.9118026669589,749.2497562283135,True,B0_technical_control_S5_000301,0,B0_technical_control,2018_2020
PAIRED_B0_technical_control,S5,865918,865919,2020-06-17T12:33:00,2020-06-17T12:34:00,2020-06-17T12:33:00,2020-06-17T12:34:00,827,1714.76,1716.4416428571428,1.6816428571429112,2.0697142857143525,take_profit,False,1.6816428571428332,23.0,True,5.0,0.7312399055783011,0.6094856503913249,0.5877438191079363,1.0,,10.489496587196388,6.393197649724973,749.2497562283135,755.6429538780384,True,B0_technical_control_S5_000302,0,B0_technical_control,2018_2020
PAIRED_B0_technical_control,S5,869367,869373,2020-06-22T01:06:00,2020-06-22T01:12:00,2020-06-22T01:06:00,2020-06-22T01:12:00,831,1746.07,1743.2722857142855,2.273142857142901,2.79771428571434,stop_loss,False,-2.7977142857143917,55.0,True,5.0,-0.8357087991806957,-1.0149355637108628,-1.0298711274217098,1.0,,10.579001354292538,-10.73700470301688,755.6429538780384,744.9059491750215,False,B0_technical_control_S5_000303,0,B0_technical_control,2018_2020
PAIRED_B0_technical_control,S5,899517,899522,2020-07-22T02:12:00,2020-07-22T02:17:00,2020-07-22T02:12:00,2020-07-22T02:17:00,843,1845.39,1843.5305714285714,1.5107857142857761,1.8594285714286476,stop_loss,False,-1.8594285714286798,25.0,True,5.0,-0.8814844913991797,-1.023703101720182,-1.0474062034403493,1.0,,10.428683288450301,-10.675875429244002,744.9059491750215,734.2300737457775,False,B0_technical_control_S5_000304,0,B0_technical_control,2018_2020
PAIRED_B0_technical_control,S5,899633,899633,2020-07-22T04:08:00,2020-07-22T04:08:00,2020-07-22T04:08:00,2020-07-22T04:08:00,844,1852.47,1854.034642857143,1.5646428571428488,1.9257142857142755,take_profit,False,1.5646428571428714,25.0,True,5.0,0.71913985554827,0.5812541037426225,0.5582731451083479,0.5,live_post_loss_cap;live_rolling_pf,5.139610516220443,2.987419704191871,734.2300737457775,737.2174934499694,True,B0_technical_control_S5_000305,0,B0_technical_control,2018_2020
PAIRED_B0_technical_control,S5,899634,899634,2020-07-22T04:09:00,2020-07-22T04:09:00,2020-07-22T04:09:00,2020-07-22T04:09:00,844,1854.0,1855.6760714285715,1.6760714285714244,2.062857142857138,take_profit,False,1.676071428571504,25.0,True,5.0,0.724675725756674,0.5949660284126342,0.5733477455219609,1.0,live_post_loss_cap,10.321044908299573,6.140671098159438,737.2174934499694,743.3581645481289,True,B0_technical_control_S5_000306,1,B0_technical_control,2018_2020
PAIRED_B0_technical_control,S5,899635,899636,2020-07-22T04:10:00,2020-07-22T04:11:00,2020-07-22T04:10:00,2020-07-22T04:11:00,844,1855.81,1857.6030714285714,1.7930714285714235,2.2068571428571366,take_profit,False,1.7930714285714657,25.0,True,5.0,0.7298232352599309,0.6077160134899573,0.5873648098616284,1.0,live_post_loss_cap,10.407014303673805,6.324509244961608,743.3581645481289,749.6826737930905,True,B0_technical_control_S5_000307,2,B0_technical_control,2018_2020
PAIRED_B0_technical_control,S5,899637,899637,2020-07-22T04:12:00,2020-07-22T04:12:00,2020-07-22T04:12:00,2020-07-22T04:12:00,844,1858.4,1860.595142857143,2.1951428571428453,2.7017142857142713,take_profit,False,2.195142857142855,25.0,True,5.0,0.7436840576904492,0.6420482044332615,0.6251088955570636,1.0,live_post_loss_cap,10.495557433103269,6.7386538044501245,749.6826737930905,756.4213275975407,True,B0_technical_control_S5_000308,3,B0_technical_control,2018_2020
PAIRED_B0_technical_control,S5,899638,899639,2020-07-22T04:13:00,2020-07-22T04:14:00,2020-07-22T04:13:00,2020-07-22T04:14:00,844,1860.61,1863.1329285714285,2.522928571428557,3.1051428571428397,take_profit,False,2.522928571428565,25.0,True,5.0,0.7519586136421719,0.662543643021376,0.64764114791791,1.0,live_post_loss_cap,10.58989858636557,7.016269988637564,756.4213275975407,763.4375975861782,True,B0_technical_control_S5_000309,4,B0_technical_control,2018_2020
PAIRED_B0_technical_control,S5,899640,899640,2020-07-22T04:15:00,2020-07-22T04:15:00,2020-07-22T04:15:00,2020-07-22T04:15:00,844,1865.47,1861.8734285714286,2.9222142857142885,3.596571428571432,stop_loss,False,-3.596571428571451,25.0,True,5.0,-0.9350070563767413,-1.0129985887246578,-1.0259971774493104,1.0,live_post_loss_cap,10.688126366206495,-10.827056925077985,763.4375975861782,752.6105406611002,False,B0_technical_control_S5_000310,5,B0_technical_control,2018_2020
PAIRED_B0_technical_control,S5,900057,900058,2020-07-22T11:12:00,2020-07-22T11:13:00,2020-07-22T11:12:00,2020-07-22T11:13:00,846,1848.88,1850.4362857142858,1.5562857142857347,1.9154285714285966,take_profit,False,1.55628571428565,25.0,True,5.0,0.7186963979416431,0.5801556933632042,0.5570655759334644,1.0,,10.536547569255404,6.112838060695752,752.6105406611002,758.7233787217959,True,B0_technical_control_S5_000311,0,B0_technical_control,2018_2020
PAIRED_B0_technical_control,S5,903592,903601,2020-07-27T01:11:00,2020-07-27T01:20:00,2020-07-27T01:11:00,2020-07-27T01:20:00,847,1906.44,1907.9888571428571,1.5488571428571067,1.9062857142856697,take_profit,False,1.5488571428570594,30.0,True,5.0,0.7020202020201785,0.5433825433825166,0.5207200207199935,1.0,,10.622127302105143,5.771878549550761,758.7233787217959,764.4952572713466,True,B0_technical_control_S5_000312,0,B0_technical_control,2018_2020
PAIRED_B0_technical_control,S5,905149,905151,2020-07-28T04:09:00,2020-07-28T04:11:00,2020-07-28T04:09:00,2020-07-28T04:11:00,852,1973.64,1976.3152142857143,2.675214285714302,3.2925714285714487,take_profit,False,2.675214285714219,25.0,True,5.0,0.7551617065892179,0.6704774578594822,0.6563634164045261,1.0,,10.702933601798854,7.176075712972927,764.4952572713466,771.6713329843195,True,B0_technical_control_S5_000313,0,B0_technical_control,2018_2020
PAIRED_B0_technical_control,S5,905152,905161,2020-07-28T04:12:00,2020-07-28T04:21:00,2020-07-28T04:12:00,2020-07-28T04:21:00,852,1974.48,1977.5517142857143,3.0717142857143425,3.7805714285714984,take_profit,False,3.071714285714279,25.0,True,5.0,0.7621039200396817,0.6876727865598503,0.6752675976465451,1.0,,10.803398661780474,7.429203262063536,771.6713329843195,779.1005362463831,True,B0_technical_control_S5_000314,1,B0_technical_control,2018_2020
PAIRED_B0_technical_control,S5,907604,907604,2020-07-29T22:06:00,2020-07-29T22:06:00,2020-07-29T22:06:00,2020-07-29T22:06:00,863,1955.71,1961.4151428571429,5.7051428571428415,7.021714285714267,take_profit,False,5.705142857142846,23.0,True,5.0,0.7867302312753639,0.7481186714471458,0.7412237500492498,1.0,,10.907407507449363,8.160035213405642,779.1005362463831,787.2605714597887,True,B0_technical_control_S5_000315,0,B0_technical_control,2018_2020
PAIRED_B0_technical_control,S5,907606,907610,2020-07-29T22:08:00,2020-07-29T22:12:00,2020-07-29T22:08:00,2020-07-29T22:12:00,864,1959.78,1966.0627142857143,6.282714285714272,7.732571428571411,take_profit,False,6.282714285714292,23.0,True,5.0,0.7890308227779995,0.7538663030607509,0.7475869245398136,1.0,,11.021648000437041,8.308849031726389,787.2605714597887,795.5694204915151,True,B0_technical_control_S5_000316,0,B0_technical_control,2018_2020
PAIRED_B0_technical_control,S5,908388,908388,2020-07-30T12:11:00,2020-07-30T12:11:00,2020-07-30T12:11:00,2020-07-30T12:11:00,871,1947.52,1945.3474285714285,1.765214285714285,2.1725714285714277,stop_loss,False,-2.172571428571473,23.0,True,5.0,-0.9042692353431037,-1.0208110357950004,-1.041622071589982,1.0,,11.13797188688121,-11.369764618502805,795.5694204915151,784.1996558730123,False,B0_technical_control_S5_000317,0,B0_technical_control,2018_2020
PAIRED_B0_technical_control,S5,908681,908686,2020-07-30T17:04:00,2020-07-30T17:09:00,2020-07-30T17:04:00,2020-07-30T17:09:00,872,1954.84,1956.8429285714285,2.002928571428587,2.465142857142876,take_profit,False,2.0029285714285834,23.0,True,5.0,0.7431623025548598,0.6392717057139828,0.620719813420969,1.0,,10.978795182222171,7.018433122823625,784.1996558730123,791.2180889958358,True,B0_technical_control_S5_000318,0,B0_technical_control,2018_2020
PAIRED_B0_technical_control,S5,910480,910497,2020-08-03T01:06:00,2020-08-03T01:23:00,2020-08-03T01:06:00,2020-08-03T01:23:00,873,1980.62,1983.943357142857,3.323357142857076,4.090285714285632,take_profit,False,3.3233571428570485,23.0,True,5.0,0.769244758944507,0.7044342305402996,0.6928609218966912,1.0,,11.077053245941702,7.803055479958871,791.2180889958358,799.0211444757947,True,B0_technical_control_S5_000319,0,B0_technical_control,2018_2020
PAIRED_B0_technical_control,S5,910506,910511,2020-08-03T01:32:00,2020-08-03T01:37:00,2020-08-03T01:32:00,2020-08-03T01:37:00,875,1982.31,1983.81,1.5,1.7634285714286049,take_profit,False,1.5,45.0,True,5.0,0.6776816832322087,0.45178778882147247,0.42919839938039883,1.0,,11.186296022661127,5.0538319451805025,799.0211444757947,804.0749764209752,True,B0_technical_control_S5_000320,0,B0_technical_control,2018_2020
PAIRED_B0_technical_control,S5,911442,911445,2020-08-03T17:08:00,2020-08-03T17:11:00,2020-08-03T17:08:00,2020-08-03T17:11:00,876,1965.68,1967.537142857143,1.8571428571428783,2.285714285714312,take_profit,False,1.8571428571428896,19.0,True,5.0,0.7501442585112574,0.6532025389498043,0.6330063473745016,1.0,,11.257049669893654,7.353133425458591,804.0749764209752,811.4281098464338,True,B0_technical_control_S5_000321,0,B0_technical_control,2018_2020
PAIRED_B0_technical_control,S5,911446,911450,2020-08-03T17:12:00,2020-08-03T17:16:00,2020-08-03T17:12:00,2020-08-03T17:16:00,876,1966.7,1968.6267857142857,1.9267857142857565,2.3714285714286234,take_profit,False,1.9267857142856428,19.0,True,5.0,0.7522308979363762,0.658533184606763,0.6390128276630935,1.0,,11.359993537850073,7.480932721592657,811.4281098464338,818.9090425680265,True,B0_technical_control_S5_000322,1,B0_technical_control,2018_2020
PAIRED_B0_technical_control,S5,917372,917375,2020-08-10T01:04:00,2020-08-10T01:07:00,2020-08-10T01:04:00,2020-08-10T01:07:00,880,2027.08,2029.8917142857142,2.8117142857142623,3.4605714285713995,take_profit,False,2.811714285714288,38.0,True,5.0,0.7321083172147064,0.6201458116351786,0.6071269156375592,1.0,,11.46472659595237,7.109802180022301,818.9090425680265,826.0188447480488,True,B0_technical_control_S5_000323,0,B0_technical_control,2018_2020
PAIRED_B0_technical_control,S5,918330,918332,2020-08-10T17:02:00,2020-08-10T17:04:00,2020-08-10T17:02:00,2020-08-10T17:04:00,884,2044.46,2046.4332142857143,1.9732142857142014,2.428571428571325,take_profit,False,1.9732142857142208,23.0,True,5.0,0.7422084900591125,0.6368887694787753,0.6180816765180007,1.0,,11.564263826472683,7.3651497583701,826.0188447480488,833.3839945064188,True,B0_technical_control_S5_000324,0,B0_technical_control,2018_2020
PAIRED_B0_technical_control,S5,918346,918349,2020-08-10T17:18:00,2020-08-10T17:21:00,2020-08-10T17:18:00,2020-08-10T17:21:00,885,2048.53,2046.3768571428575,1.7494285714285007,2.15314285714277,stop_loss,False,-2.1531428571427114,23.0,True,5.0,-0.903488790312884,-1.020980697758039,-1.0419613955161022,1.0,,11.667375923089864,-11.912165610961633,833.3839945064188,821.4718288954572,False,B0_technical_control_S5_000325,0,B0_technical_control,2018_2020
PAIRED_B0_technical_control,S5,918905,918905,2020-08-11T03:38:00,2020-08-11T03:38:00,2020-08-11T03:38:00,2020-08-11T03:38:00,888,2019.89,2018.1185714285714,1.5,1.7714285714286495,stop_loss,False,-1.7714285714287143,23.0,True,5.0,-0.8850820842255901,-1.0249821556031722,-1.0499643112063117,1.0,,11.500605604536402,-11.787915523279644,821.4718288954572,809.6839133721776,False,B0_technical_control_S5_000326,0,B0_technical_control,2018_2020
PAIRED_B0_technical_control,S5,918945,918953,2020-08-11T04:18:00,2020-08-11T04:26:00,2020-08-11T04:18:00,2020-08-11T04:26:00,889,2018.81,2020.6030714285714,1.7930714285714235,2.2068571428571366,take_profit,False,1.7930714285714657,23.0,True,5.0,0.7358131082190346,0.620911009497027,0.6003927775823829,1.0,live_post_loss_cap,11.335574787210486,7.038383184355911,809.6839133721776,816.7222965565335,True,B0_technical_control_S5_000327,0,B0_technical_control,2018_2020
PAIRED_B0_technical_control,S5,919208,919209,2020-08-11T08:41:00,2020-08-11T08:42:00,2020-08-11T08:41:00,2020-08-11T08:42:00,890,2010.31,2008.4379999999999,1.5210000000000525,1.8720000000000647,stop_loss,False,-1.872000000000071,23.0,True,5.0,-0.8905803996194164,-1.0237868696479566,-1.0475737392959101,1.0,,11.434112151791469,-11.706093887086249,816.7222965565335,805.0162026694472,False,B0_technical_control_S5_000328,0,B0_technical_control,2018_2020
PAIRED_B0_technical_control,S5,919227,919227,2020-08-11T09:00:00,2020-08-11T09:00:00,2020-08-11T09:00:00,2020-08-11T09:00:00,891,2008.92,2010.5877142857144,1.667714285714268,2.0525714285714067,take_profit,False,1.6677142857142826,23.0,True,5.0,0.7306296157216229,0.6079609463011686,0.5860558267618017,1.0,live_post_loss_cap,11.270226837372261,6.851857773077667,805.0162026694472,811.8680604425249,True,B0_technical_control_S5_000329,0,B0_technical_control,2018_2020
PAIRED_B0_technical_control,S5,919240,919242,2020-08-11T09:13:00,2020-08-11T09:15:00,2020-08-11T09:13:00,2020-08-11T09:15:00,892,2004.0,2001.6902857142857,1.8766428571428184,2.309714285714238,stop_loss,False,-2.3097142857143353,23.0,True,5.0,-0.9094386320171364,-1.0196872539093649,-1.0393745078186913,1.0,live_post_loss_cap,11.366152846195348,-11.589921183251047,811.8680604425249,800.2781392592739,False,B0_technical_control_S5_000330,0,B0_technical_control,2018_2020
PAIRED_B0_technical_control,S5,919262,919263,2020-08-11T09:35:00,2020-08-11T09:36:00,2020-08-11T09:35:00,2020-08-11T09:36:00,893,1994.42,1997.3087857142857,2.8887857142856843,3.5554285714285343,take_profit,False,2.888785714285632,23.0,True,5.0,0.7631330666465251,0.68916522001659,0.6759566759755302,1.0,live_post_loss_cap,11.203893949629835,7.721334038839187,800.2781392592739,807.999473298113,True,B0_technical_control_S5_000331,0,B0_technical_control,2018_2020
PAIRED_B0_technical_control,S5,919357,919357,2020-08-11T11:10:00,2020-08-11T11:10:00,2020-08-11T11:10:00,2020-08-11T11:10:00,898,1988.67,1991.1028571428571,2.432857142857126,2.9942857142856933,take_profit,False,2.432857142857074,23.0,True,5.0,0.7545414266725577,0.6677004873726015,0.6521931767833236,1.0,live_post_loss_cap,11.311992626173582,7.5530229896513745,807.999473298113,815.5524962877644,True,B0_technical_control_S5_000332,0,B0_technical_control,2018_2020
PAIRED_B0_technical_control,S5,919358,919360,2020-08-11T11:11:00,2020-08-11T11:13:00,2020-08-11T11:11:00,2020-08-11T11:13:00,898,1991.21,1993.7737857142859,2.563785714285705,3.15542857142856,take_profit,False,2.563785714285814,23.0,True,5.0,0.7573001941092394,0.6745927926407608,0.6598236138071039,1.0,live_post_loss_cap,11.417734948028702,7.702321704222694,815.5524962877644,823.254817991987,True,B0_technical_control_S5_000333,1,B0_technical_control,2018_2020
PAIRED_B0_technical_control,S5,919376,919388,2020-08-11T11:29:00,2020-08-11T11:41:00,2020-08-11T11:29:00,2020-08-11T11:41:00,899,1985.63,1988.4045714285717,2.7745714285714813,3.414857142857208,take_profit,False,2.774571428571562,23.0,True,5.0,0.7612291291056121,0.6844085600062955,0.6706906012385604,1.0,,11.525567451887818,7.88819702300197,823.254817991987,831.143015014989,True,B0_technical_control_S5_000334,0,B0_technical_control,2018_2020
PAIRED_B0_technical_control,S5,919708,919716,2020-08-11T17:01:00,2020-08-11T17:09:00,2020-08-11T17:01:00,2020-08-11T17:09:00,906,1941.18,1945.0354285714286,3.8554285714285697,4.745142857142855,take_profit,False,3.855428571428547,23.0,True,5.0,0.7749382645150129,0.7186584735542364,0.7086085108826692,1.0,,11.636002210209847,8.36231158666313,831.143015014989,839.5053266016522,True,B0_technical_control_S5_000335,0,B0_technical_control,2018_2020
PAIRED_B0_technical_control,S5,919729,919740,2020-08-11T17:22:00,2020-08-11T17:33:00,2020-08-11T17:22:00,2020-08-11T17:33:00,908,1948.33,1944.4031428571427,3.1905714285714613,3.9268571428571835,stop_loss,False,-3.926857142857216,23.0,True,5.0,-0.9446697367516751,-1.0120283180974714,-1.024056636194935,1.0,,11.753074572423131,-11.89444429200354,839.5053266016522,827.6108823096487,False,B0_technical_control_S5_000336,0,B0_technical_control,2018_2020
PAIRED_B0_technical_control,S5,919907,919908,2020-08-11T20:20:00,2020-08-11T20:21:00,2020-08-11T20:20:00,2020-08-11T20:21:00,910,1934.55,1937.530714285714,2.9807142857142352,3.668571428571367,take_profit,False,2.980714285714157,23.0,True,5.0,0.76456577500914,0.6927445950897544,0.6799193843898642,1.0,,11.586552352335081,8.026521517804607,827.6108823096487,835.6374038274532,True,B0_technical_control_S5_000337,0,B0_technical_control,2018_2020
PAIRED_B0_technical_control,S5,920031,920033,2020-08-11T22:24:00,2020-08-11T22:26:00,2020-08-11T22:24:00,2020-08-11T22:26:00,916,1920.38,1923.0867857142857,2.7067857142857226,3.3314285714285816,take_profit,False,2.7067857142856155,23.0,True,5.0,0.7600280786201065,0.6814079422382374,0.6673686321700466,1.0,,11.698923653584345,7.9717394931911505,835.6374038274532,843.6091433206444,True,B0_technical_control_S5_000338,0,B0_technical_control,2018_2020
PAIRED_B0_technical_control,S5,920042,920042,2020-08-11T22:35:00,2020-08-11T22:35:00,2020-08-11T22:35:00,2020-08-11T22:35:00,917,1916.76,1919.3145,2.5544999999999782,3.1439999999999735,take_profit,False,2.554499999999962,23.0,True,5.0,0.7571132187314706,0.67412566686425,0.659306461173675,1.0,,11.810528006489022,7.961780068393313,843.6091433206444,851.5709233890377,True,B0_technical_control_S5_000339,0,B0_technical_control,2018_2020
PAIRED_B0_technical_control,S5,920192,920194,2020-08-12T02:06:00,2020-08-12T02:08:00,2020-08-12T02:06:00,2020-08-12T02:08:00,919,1925.1,1923.5697142857143,1.5,1.5302857142856479,stop_loss,False,-1.5302857142855828,36.0,True,5.0,-0.8095525997581209,-1.026451027811333,-1.0529020556227002,1.0,,11.921992927446528,-12.237341893936932,851.5709233890377,839.3335814951008,False,B0_technical_control_S5_000340,0,B0_technical_control,2018_2020
PAIRED_B0_technical_control,S5,920224,920226,2020-08-12T02:38:00,2020-08-12T02:40:00,2020-08-12T02:38:00,2020-08-12T02:40:00,921,1918.08,1916.6182857142855,1.5,1.4617142857142815,stop_loss,False,-1.461714285714379,38.0,True,5.0,-0.7936704933292488,-1.0271486192988428,-1.0542972385976328,1.0,live_post_loss_cap,11.750670140931412,-12.06968461109384,839.3335814951008,827.263896884007,False,B0_technical_control_S5_000341,0,B0_technical_control,2018_2020
PAIRED_B0_technical_control,S5,920246,920247,2020-08-12T03:00:00,2020-08-12T03:01:00,2020-08-12T03:00:00,2020-08-12T03:01:00,923,1909.0,1911.2842857142857,2.284285714285685,2.8114285714285354,take_profit,False,2.2842857142857156,26.0,True,5.0,0.7437209302325672,0.6427906976744265,0.6265116279069846,1.0,live_post_loss_cap,11.581694556376098,7.4446055241451,827.263896884007,834.7085024081521,True,B0_technical_control_S5_000342,0,B0_technical_control,2018_2020
PAIRED_B0_technical_control,S5,920250,920252,2020-08-12T03:04:00,2020-08-12T03:06:00,2020-08-12T03:04:00,2020-08-12T03:06:00,924,1913.84,1916.3081428571427,2.4681428571428508,3.037714285714278,take_profit,False,2.468142857142766,30.0,True,5.0,0.7394709809963792,0.6346087998630113,0.6196284882725303,1.0,live_post_loss_cap,11.685919033714129,7.415987053281644,834.7085024081521,842.1244894614338,True,B0_technical_control_S5_000343,0,B0_technical_control,2018_2020
PAIRED_B0_technical_control,S5,920253,920269,2020-08-12T03:07:00,2020-08-12T03:23:00,2020-08-12T03:07:00,2020-08-12T03:23:00,924,1917.97,1920.331357142857,2.3613571428571487,2.9062857142857217,take_profit,False,2.3613571428570594,23.0,True,5.0,0.752915186298596,0.6636376059032241,0.6476951808326219,1.0,live_post_loss_cap,11.789742852460073,7.824116720821251,842.1244894614338,849.948606182255,True,B0_technical_control_S5_000344,1,B0_technical_control,2018_2020
PAIRED_B0_technical_control,S5,920272,920280,2020-08-12T03:26:00,2020-08-12T03:34:00,2020-08-12T03:26:00,2020-08-12T03:34:00,927,1922.98,1924.606857142857,1.6268571428571414,2.0022857142857124,take_profit,False,1.626857142857034,25.0,True,5.0,0.7223138399086164,0.5891158188506435,0.5669161486743146,1.0,live_post_loss_cap,11.899280486551572,7.010054367568312,849.948606182255,856.9586605498233,True,B0_technical_control_S5_000345,0,B0_technical_control,2018_2020
PAIRED_B0_technical_control,S5,920284,920286,2020-08-12T03:38:00,2020-08-12T03:40:00,2020-08-12T03:38:00,2020-08-12T03:40:00,928,1921.68,1919.3634285714286,1.8822142857142632,2.3165714285714007,stop_loss,False,-2.3165714285714785,33.0,True,5.0,-0.8753103746086861,-1.0188923674835662,-1.037784734967103,1.0,live_post_loss_cap,11.997421247697527,-12.224080938764175,856.9586605498233,844.7345796110592,False,B0_technical_control_S5_000346,0,B0_technical_control,2018_2020
PAIRED_B0_technical_control,S5,920304,920306,2020-08-12T03:58:00,2020-08-12T04:00:00,2020-08-12T03:58:00,2020-08-12T04:00:00,930,1924.61,1922.7665714285713,1.5,1.8434285714286098,stop_loss,False,-1.8434285714286034,44.0,True,5.0,-0.8073073073073077,-1.0218968968968938,-1.0437937937937902,1.0,live_post_loss_cap,11.826284114554829,-12.08524303848461,844.7345796110592,832.6493365725746,False,B0_technical_control_S5_000347,0,B0_technical_control,2018_2020
PAIRED_B0_technical_control,S5,920337,920340,2020-08-12T04:31:00,2020-08-12T04:34:00,2020-08-12T04:31:00,2020-08-12T04:34:00,932,1915.25,1913.1677142857143,1.6918571428571243,2.0822857142856916,stop_loss,False,-2.0822857142857174,30.0,True,5.0,-0.874070520508525,-1.0209882465819253,-1.0419764931638396,1.0,live_post_loss_cap,11.657090712016045,-11.901752606307708,832.6493365725746,820.7475839662669,False,B0_technical_control_S5_000348,0,B0_technical_control,2018_2020
PAIRED_B0_technical_control,S5,920365,920366,2020-08-12T04:59:00,2020-08-12T05:00:00,2020-08-12T04:59:00,2020-08-12T05:00:00,934,1889.48,1883.902857142857,4.531428571428588,5.577142857142878,stop_loss,False,-5.577142857142917,25.0,True,5.0,-0.9570973277764226,-1.0085805344447234,-1.0171610688894404,1.0,live_post_loss_cap,11.490466175527738,-11.589060516332783,820.7475839662669,809.1585234499341,False,B0_technical_control_S5_000349,0,B0_technical_control,2018_2020
PAIRED_B0_technical_control,S5,920554,920564,2020-08-12T08:08:00,2020-08-12T08:18:00,2020-08-12T08:08:00,2020-08-12T08:18:00,945,1875.69,1878.8842857142859,3.194285714285702,3.9314285714285564,take_profit,False,3.1942857142857974,30.0,True,5.0,0.7548953409858428,0.6721809588116359,0.6603646185010349,0.5,live_rolling_pf,5.664109664149539,3.8073066648622897,809.1585234499341,812.9658301147964,True,B0_technical_control_S5_000350,0,B0_technical_control,2018_2020
PAIRED_B0_technical_control,S5,920665,920666,2020-08-12T09:59:00,2020-08-12T10:00:00,2020-08-12T09:59:00,2020-08-12T10:00:00,946,1909.03,1913.5874285714285,4.557428571428586,5.609142857142875,take_profit,False,4.557428571428545,23.0,True,5.0,0.7804961589274285,0.7325439154474659,0.723981014826044,0.5,live_rolling_pf,5.6907608108035745,4.168732206221046,812.9658301147964,817.1345623210175,True,B0_technical_control_S5_000351,0,B0_technical_control,2018_2020
PAIRED_B0_technical_control,S5,920767,920771,2020-08-12T11:41:00,2020-08-12T11:45:00,2020-08-12T11:41:00,2020-08-12T11:45:00,949,1933.68,1928.5554285714286,4.163714285714279,5.12457142857142,stop_loss,False,-5.124571428571471,23.0,True,5.0,-0.9570460487700858,-1.0093378154847756,-1.0186756309695417,0.5,live_rolling_pf,5.719941936247123,-5.773353698631428,817.1345623210175,811.361208622386,False,B0_technical_control_S5_000352,0,B0_technical_control,2018_2020
PAIRED_B0_technical_control,S5,921699,921725,2020-08-13T04:14:00,2020-08-13T04:40:00,2020-08-13T04:14:00,2020-08-13T04:40:00,954,1941.04,1937.7428571428572,2.678928571428542,3.2971428571428207,stop_loss,False,-3.297142857142717,23.0,True,5.0,-0.9347914135277139,-1.0141757796678526,-1.0283515593357344,0.5,live_rolling_pf,5.6795284603567024,-5.760040204428017,811.361208622386,805.601168417958,False,B0_technical_control_S5_000353,0,B0_technical_control,2018_2020
PAIRED_B0_technical_control,S5,924268,924268,2020-08-17T01:06:00,2020-08-17T01:06:00,2020-08-17T01:06:00,2020-08-17T01:06:00,956,1943.44,1945.0687142857143,1.6287142857142825,2.0045714285714245,take_profit,False,1.6287142857142953,23.0,True,5.0,0.7288709883646649,0.6035673187571976,0.5811916634701498,0.5,live_rolling_pf,5.639208178925706,3.4036417604678477,805.601168417958,809.0048101784258,True,B0_technical_control_S5_000354,0,B0_technical_control,2018_2020
PAIRED_B0_technical_control,S5,924269,924273,2020-08-17T01:07:00,2020-08-17T01:11:00,2020-08-17T01:07:00,2020-08-17T01:11:00,956,1945.29,1947.058,1.7679999999999967,2.175999999999996,take_profit,False,1.768000000000029,23.0,True,5.0,0.7348295926849675,0.6184538653366715,0.5976724854530471,0.5,live_rolling_pf,5.663033671248981,3.5023250635156535,809.0048101784258,812.5071352419415,True,B0_technical_control_S5_000355,1,B0_technical_control,2018_2020
PAIRED_B0_technical_control,S5,924274,924285,2020-08-17T01:12:00,2020-08-17T01:23:00,2020-08-17T01:12:00,2020-08-17T01:23:00,956,1947.12,1949.1052857142856,1.9852857142857034,2.443428571428558,take_profit,False,1.9852857142857374,30.0,True,5.0,0.7236513226411284,0.5960737346386282,0.5778483649239855,0.5,live_rolling_pf,5.68754994669359,3.390199137669379,812.5071352419415,815.8973343796108,True,B0_technical_control_S5_000356,2,B0_technical_control,2018_2020
PAIRED_B0_technical_control,S5,924377,924378,2020-08-17T02:55:00,2020-08-17T02:56:00,2020-08-17T02:55:00,2020-08-17T02:56:00,957,1938.2,1935.9405714285715,1.8357857142856704,2.2594285714285176,stop_loss,False,-2.2594285714285434,23.0,True,5.0,-0.9076093194077899,-1.0200849305635367,-1.040169861127063,0.5,live_rolling_pf,5.711281340657276,-5.8259920298132,815.8973343796108,810.0713423497976,False,B0_technical_control_S5_000357,0,B0_technical_control,2018_2020
PAIRED_B0_technical_control,S5,924393,924396,2020-08-17T03:11:00,2020-08-17T03:14:00,2020-08-17T03:11:00,2020-08-17T03:14:00,957,1932.6,1935.2371428571428,2.637142857142866,3.245714285714296,take_profit,False,2.6371428571428623,27.0,True,5.0,0.7501015847216571,0.6590816741162124,0.6448598130841117,0.5,live_post_loss_cap;live_rolling_pf,5.670499396448584,3.737322235286305,810.0713423497976,813.808664585084,True,B0_technical_control_S5_000358,1,B0_technical_control,2018_2020
PAIRED_B0_technical_control,S5,924397,924403,2020-08-17T03:15:00,2020-08-17T03:21:00,2020-08-17T03:15:00,2020-08-17T03:21:00,957,1936.58,1933.713714285714,2.3288571428571783,2.866285714285758,stop_loss,False,-2.866285714285823,50.0,True,5.0,-0.8514683415379605,-1.0148531658462252,-1.029706331692431,0.5,live_post_loss_cap;live_rolling_pf,5.696660652095588,-5.7812740975308285,813.808664585084,808.0273904875531,False,B0_technical_control_S5_000359,2,B0_technical_control,2018_2020
PAIRED_B0_technical_control,S5,924429,924431,2020-08-17T03:47:00,2020-08-17T03:49:00,2020-08-17T03:47:00,2020-08-17T03:49:00,958,1930.49,1932.0342142857144,1.544214285714317,1.9005714285714672,take_profit,False,1.5442142857143608,23.0,True,5.0,0.7247887890572836,0.5933686469089691,0.5699007643824843,0.5,live_post_loss_cap;live_rolling_pf,5.656191733412872,3.3562068355128925,808.0273904875531,811.383597323066,True,B0_technical_control_S5_000360,0,B0_technical_control,2018_2020
PAIRED_B0_technical_control,S5,924432,924434,2020-08-17T03:50:00,2020-08-17T03:52:00,2020-08-17T03:50:00,2020-08-17T03:52:00,958,1931.85,1933.569714285714,1.7197142857142842,2.1165714285714268,take_profit,False,1.7197142857141898,26.0,True,5.0,0.7236114450588687,0.593171435441172,0.5721327242125113,0.5,live_post_loss_cap;live_rolling_pf,5.679685181261463,3.369027011822815,811.383597323066,814.7526243348889,True,B0_technical_control_S5_000361,1,B0_technical_control,2018_2020
PAIRED_B0_technical_control,S5,924436,924439,2020-08-17T03:54:00,2020-08-17T03:57:00,2020-08-17T03:54:00,2020-08-17T03:57:00,959,1934.48,1936.256357142857,1.7763571428570897,2.1862857142856487,take_profit,False,1.776357142857023,23.0,True,5.0,0.7351602223010227,0.6192798864845362,0.5985869693744493,0.5,live_post_loss_cap;live_rolling_pf,5.703268370344222,3.531919388977616,814.7526243348889,818.2845437238665,True,B0_technical_control_S5_000362,0,B0_technical_control,2018_2020
PAIRED_B0_technical_control,S5,924441,924442,2020-08-17T03:59:00,2020-08-17T04:00:00,2020-08-17T03:59:00,2020-08-17T04:00:00,960,1937.32,1939.127,1.8069999999999824,2.2239999999999784,take_profit,False,1.8070000000000164,23.0,True,5.0,0.7363488182559219,0.6222493887530683,0.6018744906275588,0.5,live_post_loss_cap;live_rolling_pf,5.727991806067066,3.5642394001078155,818.2845437238665,821.8487831239743,True,B0_technical_control_S5_000363,0,B0_technical_control,2018_2020
PAIRED_B0_technical_control,S5,924443,924445,2020-08-17T04:01:00,2020-08-17T04:03:00,2020-08-17T04:01:00,2020-08-17T04:03:00,961,1938.77,1936.5528571428572,1.8014285714285798,2.2171428571428673,stop_loss,False,-2.2171428571427896,32.0,True,5.0,-0.8738738738738439,-1.0197072072071767,-1.0394144144143838,0.5,live_post_loss_cap;live_rolling_pf,5.75294148186782,-5.866315891701752,821.8487831239743,815.9824672322725,False,B0_technical_control_S5_000364,0,B0_technical_control,2018_2020
PAIRED_B0_technical_control,S5,924460,924463,2020-08-17T04:18:00,2020-08-17T04:21:00,2020-08-17T04:18:00,2020-08-17T04:21:00,962,1933.68,1935.9615000000001,2.281499999999994,2.8079999999999927,take_profit,False,2.281500000000051,36.0,True,5.0,0.7201704545454723,0.5907512626262801,0.5749684343434518,0.5,live_post_loss_cap;live_rolling_pf,5.711877270625908,3.3742987095886057,815.9824672322725,819.3567659418611,True,B0_technical_control_S5_000365,0,B0_technical_control,2018_2020
PAIRED_B0_technical_control,S5,924464,924475,2020-08-17T04:22:00,2020-08-17T04:33:00,2020-08-17T04:22:00,2020-08-17T04:33:00,962,1935.75,1937.7148571428572,1.9648571428571295,2.418285714285698,take_profit,False,1.9648571428572268,34.0,True,5.0,0.7123472135902563,0.5709550445411566,0.5528278433810156,0.5,live_post_loss_cap;live_rolling_pf,5.735497361593028,3.2747111515540337,819.3567659418611,822.6314770934151,True,B0_technical_control_S5_000366,1,B0_technical_control,2018_2020
PAIRED_B0_technical_control,S5,924476,924485,2020-08-17T04:34:00,2020-08-17T04:43:00,2020-08-17T04:34:00,2020-08-17T04:43:00,964,1937.44,1938.94,1.5,1.798857142857144,take_profit,False,1.5,31.0,True,5.0,0.7112857336404278,0.5405771575667252,0.5168676331120441,0.5,live_post_loss_cap;live_rolling_pf,5.758420339653906,3.112870499284525,822.6314770934151,825.7443475926997,True,B0_technical_control_S5_000367,0,B0_technical_control,2018_2020
PAIRED_B0_technical_control,S5,924486,924493,2020-08-17T04:44:00,2020-08-17T04:51:00,2020-08-17T04:44:00,2020-08-17T04:51:00,964,1938.68,1940.18,1.5,1.5085714285713818,take_profit,False,1.5,26.0,True,5.0,0.8481421647819287,0.6728594507269967,0.6445880452342659,0.5,live_post_loss_cap;live_rolling_pf,5.7802104331488975,3.889269217135023,825.7443475926997,829.6336168098347,True,B0_technical_control_S5_000368,1,B0_technical_control,2018_2020
PAIRED_B0_technical_control,S5,925829,925830,2020-08-18T04:08:00,2020-08-18T04:09:00,2020-08-18T04:08:00,2020-08-18T04:09:00,965,1988.62,1990.2552142857141,1.6352142857143186,2.012571428571469,take_profit,False,1.6352142857142553,23.0,True,5.0,0.7291693209325762,0.6043126512931339,0.5820168174289478,0.5,live_rolling_pf,5.807435317668843,3.5095066340338423,829.6336168098347,833.1431234438686,True,B0_technical_control_S5_000369,0,B0_technical_control,2018_2020
PAIRED_B0_technical_control,S5,925831,925833,2020-08-18T04:10:00,2020-08-18T04:12:00,2020-08-18T04:10:00,2020-08-18T04:12:00,965,1989.77,1987.7174285714286,1.6677142857143104,2.052571428571459,stop_loss,False,-2.0525714285713548,23.0,True,5.0,-0.8992364501188691,-1.0219051195393207,-1.043810239078687,0.5,live_rolling_pf,5.83200186410708,-5.959752562093887,833.1431234438686,827.1833708817747,False,B0_technical_control_S5_000370,1,B0_technical_control,2018_2020
PAIRED_B0_technical_control,S5,925871,925876,2020-08-18T04:50:00,2020-08-18T04:55:00,2020-08-18T04:50:00,2020-08-18T04:55:00,967,1994.45,1992.6568571428572,1.5,1.7931428571428374,stop_loss,False,-1.7931428571428114,23.0,True,5.0,-0.8863154921621099,-1.0247140234430039,-1.0494280468860206,0.5,live_post_loss_cap;live_rolling_pf,5.790283596172423,-5.933384800709869,827.1833708817747,821.2499860810649,False,B0_technical_control_S5_000371,0,B0_technical_control,2018_2020
PAIRED_B0_technical_control,S5,926612,926625,2020-08-18T17:11:00,2020-08-18T17:24:00,2020-08-18T17:11:00,2020-08-18T17:24:00,971,1996.2,1992.1417142857144,3.297357142857079,4.058285714285636,stop_loss,False,-4.058285714285603,23.0,True,5.0,-0.9463655140249096,-1.0116596708641408,-1.023319341728289,0.5,live_rolling_pf,5.748749902567455,-5.815778434311652,821.2499860810649,815.4342076467533,False,B0_technical_control_S5_000372,0,B0_technical_control,2018_2020
PAIRED_B0_technical_control,S5,927201,927202,2020-08-19T04:01:00,2020-08-19T04:02:00,2020-08-19T04:01:00,2020-08-19T04:02:00,973,1999.81,2001.31,1.5,1.541714285714313,take_profit,False,1.5,31.0,True,5.0,0.8100601758987691,0.6156457336830646,0.5886437278197721,0.5,live_rolling_pf,5.708039453527273,3.514130137258677,815.4342076467533,818.948337784012,True,B0_technical_control_S5_000373,0,B0_technical_control,2018_2020
PAIRED_B0_technical_control,S5,927203,927207,2020-08-19T04:03:00,2020-08-19T04:07:00,2020-08-19T04:03:00,2020-08-19T04:07:00,973,2001.3,2002.8,1.5,1.6571428571428832,take_profit,False,1.5,36.0,True,5.0,0.7436260623229366,0.5403682719546672,0.5155807365439027,0.5,live_rolling_pf,5.732638364488084,3.0977358867594553,818.948337784012,822.0460736707714,True,B0_technical_control_S5_000374,1,B0_technical_control,2018_2020
PAIRED_B0_technical_control,S5,927208,927209,2020-08-19T04:08:00,2020-08-19T04:09:00,2020-08-19T04:08:00,2020-08-19T04:09:00,975,2002.77,2004.27,1.5,1.8400000000000678,take_profit,False,1.5,36.0,True,5.0,0.6818181818181609,0.49545454545453016,0.4727272727272582,0.5,live_rolling_pf,5.7543225156954,2.851005246412633,822.0460736707714,824.8970789171841,True,B0_technical_control_S5_000375,0,B0_technical_control,2018_2020
PAIRED_B0_technical_control,S5,927210,927210,2020-08-19T04:10:00,2020-08-19T04:10:00,2020-08-19T04:10:00,2020-08-19T04:10:00,975,2002.77,2004.4405,1.6705000000000432,2.0560000000000533,take_profit,False,1.6704999999999472,32.0,True,5.0,0.7030723905723526,0.5473484848484503,0.5263047138046798,0.5,live_rolling_pf,5.774279552420289,3.160543164108633,824.8970789171841,828.0576220812927,True,B0_technical_control_S5_000376,1,B0_technical_control,2018_2020
PAIRED_B0_technical_control,S5,927211,927214,2020-08-19T04:11:00,2020-08-19T04:14:00,2020-08-19T04:11:00,2020-08-19T04:14:00,975,2003.89,2001.6465714285714,1.8227857142857666,2.2434285714286357,stop_loss,False,-2.2434285714286943,27.0,True,5.0,-0.8925770148914663,-1.0198931453904967,-1.0397862907809703,0.5,live_rolling_pf,5.796403354569049,-5.911712049243454,828.0576220812927,822.1459100320493,False,B0_technical_control_S5_000377,2,B0_technical_control,2018_2020
PAIRED_B0_technical_control,S5,927234,927235,2020-08-19T04:34:00,2020-08-19T04:35:00,2020-08-19T04:34:00,2020-08-19T04:35:00,976,1997.01,1998.532857142857,1.522857142857088,1.874285714285647,take_profit,False,1.5228571428569921,23.0,True,5.0,0.7236931432450295,0.5906313645620653,0.5668703326543931,0.5,live_post_loss_cap;live_rolling_pf,5.755021370224346,3.3990961249794522,822.1459100320493,825.5450061570288,True,B0_technical_control_S5_000378,0,B0_technical_control,2018_2020
PAIRED_B0_technical_control,S5,927248,927256,2020-08-19T04:48:00,2020-08-19T04:56:00,2020-08-19T04:48:00,2020-08-19T04:56:00,977,1998.75,1996.606,1.7419999999999782,2.143999999999973,stop_loss,False,-2.1440000000000055,25.0,True,5.0,-0.895572263993329,-1.0208855472013503,-1.0417710944026874,0.5,live_post_loss_cap;live_rolling_pf,5.778815043099201,-5.8995087574497225,825.5450061570288,819.6454973995791,False,B0_technical_control_S5_000379,0,B0_technical_control,2018_2020
PAIRED_B0_technical_control,S5,927484,927489,2020-08-19T08:44:00,2020-08-19T08:49:00,2020-08-19T08:44:00,2020-08-19T08:49:00,980,1987.63,1985.6608571428571,1.5999285714285942,1.9691428571428853,stop_loss,False,-1.9691428571429697,23.0,True,5.0,-0.8954137975835138,-1.0227361309601526,-1.0454722619202665,1.0,,11.475036963594107,-11.735934906770975,819.6454973995791,807.9095624928082,False,B0_technical_control_S5_000380,0,B0_technical_control,2018_2020
PAIRED_B0_technical_control,S5,927511,927513,2020-08-19T09:11:00,2020-08-19T09:13:00,2020-08-19T09:11:00,2020-08-19T09:13:00,983,1990.4,1988.064,1.8979999999999841,2.3359999999999803,stop_loss,False,-2.3360000000000127,23.0,True,5.0,-0.9103663289166136,-1.019485580670317,-1.038971161340621,0.5,live_post_loss_cap;live_rolling_pf,5.655366937449657,-5.765565046129575,807.9095624928082,802.1439974466786,False,B0_technical_control_S5_000381,0,B0_technical_control,2018_2020
PAIRED_B0_technical_control,S5,928513,928515,2020-08-20T02:54:00,2020-08-20T02:56:00,2020-08-20T02:54:00,2020-08-20T02:56:00,991,1926.93,1928.43,1.5,1.7805714285714462,take_profit,False,1.5,26.0,True,5.0,0.7350882105852639,0.5831699803976427,0.5586670400448006,0.5,live_rolling_pf,5.61500798212675,3.274504094869464,802.1439974466786,805.418501541548,True,B0_technical_control_S5_000382,0,B0_technical_control,2018_2020
PAIRED_B0_technical_control,S5,928520,928521,2020-08-20T03:01:00,2020-08-20T03:02:00,2020-08-20T03:01:00,2020-08-20T03:02:00,992,1925.36,1926.868,1.508000000000001,1.856000000000001,take_profit,False,1.5080000000000382,23.0,True,5.0,0.722914669223412,0.588686481303949,0.5647171620326162,0.5,live_rolling_pf,5.637929510790836,3.3189728855471516,805.418501541548,808.7374744270952,True,B0_technical_control_S5_000383,0,B0_technical_control,2018_2020
PAIRED_B0_technical_control,S5,928526,928537,2020-08-20T03:07:00,2020-08-20T03:18:00,2020-08-20T03:07:00,2020-08-20T03:18:00,993,1928.89,1926.651142857143,1.8190714285714633,2.2388571428571855,stop_loss,False,-2.238857142857114,24.0,True,5.0,-0.9031811894882164,-1.0201705855232535,-1.0403411710465358,0.5,live_rolling_pf,5.661162320989667,-5.775351279746209,808.7374744270952,802.962123147349,False,B0_technical_control_S5_000384,0,B0_technical_control,2018_2020
PAIRED_B0_technical_control,S5,928562,928566,2020-08-20T03:43:00,2020-08-20T03:47:00,2020-08-20T03:43:00,2020-08-20T03:47:00,994,1936.35,1937.9489999999998,1.5989999999999815,1.9679999999999773,take_profit,False,1.5989999999999327,27.0,True,5.0,0.7144772117962238,0.5714924039320579,0.549151027703282,0.5,live_post_loss_cap;live_rolling_pf,5.620734862031443,3.212207278167073,802.962123147349,806.174330425516,True,B0_technical_control_S5_000385,0,B0_technical_control,2018_2020
PAIRED_B0_technical_control,S5,928580,928580,2020-08-20T04:01:00,2020-08-20T04:01:00,2020-08-20T04:01:00,2020-08-20T04:01:00,995,1946.2,1943.864,1.8979999999999841,2.3359999999999803,stop_loss,False,-2.3360000000000127,23.0,True,5.0,-0.9103663289166136,-1.019485580670317,-1.038971161340621,0.5,live_post_loss_cap;live_rolling_pf,5.643220312978612,-5.7531817376275285,806.174330425516,800.4211486878885,False,B0_technical_control_S5_000386,0,B0_technical_control,2018_2020
PAIRED_B0_technical_control,S5,928599,928602,2020-08-20T04:20:00,2020-08-20T04:23:00,2020-08-20T04:20:00,2020-08-20T04:23:00,996,1938.28,1935.9497142857142,1.8933571428571945,2.330285714285778,stop_loss,False,-2.3302857142857647,23.0,True,5.0,-0.9101662760852554,-1.0195290704162425,-1.0390581408324902,0.5,live_post_loss_cap;live_rolling_pf,5.602948040815219,-5.712368407642848,800.4211486878885,794.7087802802456,False,B0_technical_control_S5_000387,0,B0_technical_control,2018_2020
PAIRED_B0_technical_control,S5,928617,928622,2020-08-20T04:38:00,2020-08-20T04:43:00,2020-08-20T04:38:00,2020-08-20T04:43:00,998,1937.33,1939.8092857142856,2.4792857142857394,3.0514285714286027,take_profit,False,2.479285714285652,23.0,True,5.0,0.7555507183282281,0.6702220287331047,0.6549847627339757,0.5,live_post_loss_cap;live_rolling_pf,5.562961461961719,3.728419316800061,794.7087802802456,798.4371995970457,True,B0_technical_control_S5_000388,0,B0_technical_control,2018_2020
PAIRED_B0_technical_control,S5,928623,928624,2020-08-20T04:44:00,2020-08-20T04:45:00,2020-08-20T04:44:00,2020-08-20T04:45:00,998,1938.55,1940.722857142857,2.1728571428571093,2.674285714285673,take_profit,False,2.172857142857083,23.0,True,5.0,0.7481554353172551,0.6517461878996443,0.6345302508607853,0.5,live_post_loss_cap;live_rolling_pf,5.5890603971793205,3.642648807802494,798.4371995970457,802.0798484048482,True,B0_technical_control_S5_000389,1,B0_technical_control,2018_2020
PAIRED_B0_technical_control,S5,928627,928673,2020-08-20T04:48:00,2020-08-20T05:34:00,2020-08-20T04:48:00,2020-08-20T05:34:00,999,1940.59,1942.5372142857143,1.9472142857143093,2.3965714285714577,take_profit,False,1.9472142857143808,23.0,True,5.0,0.7413521157402652,0.6347492657457052,0.6157130425323909,0.5,live_post_loss_cap;live_rolling_pf,5.614558938833937,3.5638371639108275,802.0798484048482,805.6436855687591,True,B0_technical_control_S5_000390,0,B0_technical_control,2018_2020
PAIRED_B0_technical_control,S5,930388,930400,2020-08-21T11:10:00,2020-08-21T11:22:00,2020-08-21T11:10:00,2020-08-21T11:22:00,1003,1937.31,1935.2494285714286,1.6742142857142832,2.0605714285714254,stop_loss,False,-2.060571428571393,23.0,True,5.0,-0.8995883747037402,-1.021828614194822,-1.043657228389658,0.5,live_rolling_pf,5.639505798981314,-5.762608395316739,805.6436855687591,799.8810771734423,False,B0_technical_control_S5_000391,0,B0_technical_control,2018_2020
PAIRED_B0_technical_control,S5,931160,931160,2020-08-24T01:04:00,2020-08-24T01:04:00,2020-08-24T01:04:00,2020-08-24T01:04:00,1009,1938.45,1936.904857142857,1.5,1.5451428571428811,stop_loss,False,-1.5451428571429915,23.0,True,5.0,-0.8704329631418634,-1.0281667471431488,-1.0563334942862357,0.5,live_rolling_pf,5.599167540214096,-5.7568778765314335,799.8810771734423,794.1241992969109,False,B0_technical_control_S5_000392,0,B0_technical_control,2018_2020
PAIRED_B0_technical_control,S5,931283,931285,2020-08-24T03:07:00,2020-08-24T03:09:00,2020-08-24T03:07:00,2020-08-24T03:09:00,1011,1932.65,1934.15,1.5,1.6514285714286547,take_profit,False,1.5,23.0,True,5.0,0.7972665148063428,0.6484434320424921,0.6218678815489473,0.5,live_rolling_pf,5.558869395078377,3.6046123488205946,794.1241992969109,797.7288116457315,True,B0_technical_control_S5_000393,0,B0_technical_control,2018_2020
PAIRED_B0_technical_control,S5,931343,931351,2020-08-24T04:07:00,2020-08-24T04:15:00,2020-08-24T04:07:00,2020-08-24T04:15:00,1012,1931.99,1933.4970714285714,1.5070714285714093,1.854857142857119,take_profit,False,1.5070714285714075,31.0,True,5.0,0.6961528309357244,0.5298601029431135,0.5067638907219174,0.5,live_rolling_pf,5.584101681520121,2.958792691815064,797.7288116457315,800.6876043375466,True,B0_technical_control_S5_000394,0,B0_technical_control,2018_2020
PAIRED_B0_technical_control,S5,931352,931395,2020-08-24T04:16:00,2020-08-24T04:59:00,2020-08-24T04:16:00,2020-08-24T04:59:00,1012,1933.49,1935.1512142857143,1.6612142857143164,2.0445714285714662,take_profit,False,1.6612142857143226,23.0,True,5.0,0.7303416656199011,0.6072415525687789,0.5852593895239356,0.5,live_rolling_pf,5.604813230362827,3.4034754878635556,800.6876043375466,804.0910798254102,True,B0_technical_control_S5_000395,1,B0_technical_control,2018_2020
PAIRED_B0_technical_control,S5,934883,934889,2020-08-26T17:09:00,2020-08-26T17:15:00,2020-08-26T17:09:00,2020-08-26T17:15:00,1016,1929.96,1932.703,2.7430000000000394,3.3760000000000483,take_profit,False,2.742999999999938,23.0,True,5.0,0.7606766500277042,0.6830282861896575,0.6691625069328635,0.5,live_rolling_pf,5.628637558777871,3.844518665354787,804.0910798254102,807.9355984907651,True,B0_technical_control_S5_000396,0,B0_technical_control,2018_2020
PAIRED_B0_technical_control,S5,938053,938057,2020-08-31T01:03:00,2020-08-31T01:07:00,2020-08-31T01:03:00,2020-08-31T01:07:00,1017,1969.77,1971.27,1.5,1.7794285714285902,take_profit,False,1.5,23.0,True,5.0,0.7464808758708873,0.607137779041655,0.5822550831792921,0.5,live_rolling_pf,5.655549189435356,3.433697574134614,807.9355984907651,811.3692960648997,True,B0_technical_control_S5_000397,0,B0_technical_control,2018_2020
PAIRED_B0_technical_control,S5,938059,938060,2020-08-31T01:09:00,2020-08-31T01:10:00,2020-08-31T01:09:00,2020-08-31T01:10:00,1018,1971.01,1972.8504285714287,1.8404285714285868,2.265142857142876,take_profit,False,1.8404285714286743,26.0,True,5.0,0.7288413668251087,0.6060760353021406,0.5862751753790814,0.5,live_rolling_pf,5.679585072454298,3.442260402874322,811.3692960648997,814.811556467774,True,B0_technical_control_S5_000398,0,B0_technical_control,2018_2020
PAIRED_B0_technical_control,S5,938063,938065,2020-08-31T01:13:00,2020-08-31T01:15:00,2020-08-31T01:13:00,2020-08-31T01:15:00,1019,1974.03,1971.4311428571427,2.111571428571451,2.5988571428571703,stop_loss,False,-2.5988571428572413,38.0,True,5.0,-0.8724342988682391,-1.0167849606752588,-1.0335699213504936,0.5,live_rolling_pf,5.7036808952744185,-5.7994169548058245,814.811556467774,809.0121395129682,False,B0_technical_control_S5_000399,0,B0_technical_control,2018_2020
PAIRED_B0_technical_control,S5,938102,938106,2020-08-31T01:52:00,2020-08-31T01:56:00,2020-08-31T01:52:00,2020-08-31T01:56:00,1022,1973.09,1974.59,1.5,1.6468571428571004,take_profit,False,1.5,23.0,True,5.0,0.7992084031055136,0.6500228345258177,0.6233825544223006,0.5,live_post_loss_cap;live_rolling_pf,5.663084976590778,3.681134548644111,809.0121395129682,812.6932740616123,True,B0_technical_control_S5_000400,0,B0_technical_control,2018_2020
PAIRED_B0_technical_control,S5,940997,940997,2020-09-02T04:09:00,2020-09-02T04:09:00,2020-09-02T04:09:00,2020-09-02T04:09:00,1028,1961.01,1958.768857142857,1.8209285714286467,2.24114285714295,stop_loss,False,-2.241142857142904,23.0,True,5.0,-0.906925656145204,-1.0202335530118898,-1.0404671060237978,0.5,live_rolling_pf,5.688852918431286,-5.80395862553321,812.6932740616123,806.8893154360791,False,B0_technical_control_S5_000401,0,B0_technical_control,2018_2020
PAIRED_B0_technical_control,S5,941012,941018,2020-09-02T04:24:00,2020-09-02T04:30:00,2020-09-02T04:24:00,2020-09-02T04:30:00,1029,1964.47,1962.6425714285715,1.5,1.8274285714285725,stop_loss,False,-1.827428571428527,31.0,True,5.0,-0.8549659136478869,-1.0233925945728968,-1.0467851891458149,0.5,live_post_loss_cap;live_rolling_pf,5.648225208052554,-5.780351850400943,806.8893154360791,801.1089635856781,False,B0_technical_control_S5_000402,0,B0_technical_control,2018_2020
PAIRED_B0_technical_control,S5,945148,945157,2020-09-07T04:24:00,2020-09-07T04:33:00,2020-09-07T04:24:00,2020-09-07T04:33:00,1035,1937.98,1939.48,1.5,1.2582857142856874,take_profit,False,1.5,23.0,True,5.0,1.0078709925129765,0.8197350739105542,0.7861393741601217,0.5,live_rolling_pf,5.6077627450997465,4.596879808327193,801.1089635856781,805.7058433940053,True,B0_technical_control_S5_000403,0,B0_technical_control,2018_2020
PAIRED_B0_technical_control,S5,945158,945159,2020-09-07T04:34:00,2020-09-07T04:35:00,2020-09-07T04:34:00,2020-09-07T04:35:00,1035,1939.41,1937.9094285714286,1.5,1.5005714285714151,stop_loss,False,-1.5005714285714475,23.0,True,5.0,-0.8670959220736515,-1.0288921908535769,-1.057784381707135,0.5,live_rolling_pf,5.6399409037580375,-5.802891152752309,805.7058433940053,799.902952241253,False,B0_technical_control_S5_000404,1,B0_technical_control,2018_2020
PAIRED_B0_technical_control,S5,945912,945922,2020-09-07T17:08:00,2020-09-07T17:18:00,2020-09-07T17:08:00,2020-09-07T17:18:00,1036,1926.86,1928.36,1.5,1.7199999999999687,take_profit,False,1.5,23.0,True,5.0,0.7692307692307816,0.6256410256410357,0.6000000000000096,0.5,live_rolling_pf,5.599320665688771,3.50316472417457,799.902952241253,803.4061169654276,True,B0_technical_control_S5_000405,0,B0_technical_control,2018_2020
PAIRED_B0_technical_control,S5,951604,951606,2020-09-14T01:09:00,2020-09-14T01:11:00,2020-09-14T01:09:00,2020-09-14T01:11:00,1040,1937.95,1939.45,1.5,1.6434285714285322,take_profit,False,1.5,32.0,True,5.0,0.7639697322468139,0.5755238649592664,0.550058207217706,0.5,live_rolling_pf,5.623842818757994,3.2366557549750157,803.4061169654276,806.6427727204026,True,B0_technical_control_S5_000406,0,B0_technical_control,2018_2020
PAIRED_B0_technical_control,S5,951611,951642,2020-09-14T01:16:00,2020-09-14T01:47:00,2020-09-14T01:16:00,2020-09-14T01:47:00,1041,1940.62,1942.12,1.5,1.7588571428571282,take_profit,False,1.5,39.0,True,5.0,0.6980454726765105,0.49328546735806744,0.4700172849355171,0.5,live_rolling_pf,5.646499409042819,2.7853360999267385,806.6427727204026,809.4281088203294,True,B0_technical_control_S5_000407,0,B0_technical_control,2018_2020
PAIRED_B0_technical_control,S5,951781,951783,2020-09-14T04:06:00,2020-09-14T04:08:00,2020-09-14T04:06:00,2020-09-14T04:08:00,1042,1942.23,1943.73,1.5,1.2571428571428314,take_profit,False,1.5,23.0,True,5.0,1.0086455331412278,0.820365033621532,0.7867435158501577,0.5,live_rolling_pf,5.6659967617423055,4.648185623946218,809.4281088203294,814.0762944442756,True,B0_technical_control_S5_000408,0,B0_technical_control,2018_2020
PAIRED_B0_technical_control,S5,951784,951809,2020-09-14T04:09:00,2020-09-14T04:34:00,2020-09-14T04:09:00,2020-09-14T04:34:00,1042,1944.39,1945.89,1.5,1.5611428571427886,take_profit,False,1.5,23.0,True,5.0,0.8374541394162069,0.6811293667251817,0.6532142287446413,0.5,live_rolling_pf,5.698534061109929,3.8814388963056836,814.0762944442756,817.9577333405813,True,B0_technical_control_S5_000409,1,B0_technical_control,2018_2020
PAIRED_B0_technical_control,S5,953938,953971,2020-09-15T17:05:00,2020-09-15T17:38:00,2020-09-15T17:05:00,2020-09-15T17:38:00,1043,1951.61,1953.9481428571428,2.338142857142884,2.877714285714319,take_profit,False,2.338142857142884,23.0,True,5.0,0.7523673807115939,0.6622690079985305,0.6461800128711979,0.5,live_rolling_pf,5.7257041333840695,3.7919563965093537,817.9577333405813,821.7496897370906,True,B0_technical_control_S5_000410,0,B0_technical_control,2018_2020
PAIRED_B0_technical_control,S5,956707,956710,2020-09-17T17:17:00,2020-09-17T17:20:00,2020-09-17T17:17:00,2020-09-17T17:20:00,1051,1940.08,1942.096857142857,2.0168571428571664,2.4822857142857435,take_profit,False,2.016857142857134,23.0,True,5.0,0.7436005477720313,0.6403665859053939,0.62193194985778,1.0,,11.50449565631927,7.367094606000604,821.7496897370906,829.1167843430912,True,B0_technical_control_S5_000411,0,B0_technical_control,2018_2020
PAIRED_B0_technical_control,S5,958492,958526,2020-09-21T01:06:00,2020-09-21T01:40:00,2020-09-21T01:06:00,2020-09-21T01:40:00,1052,1947.39,1949.2545714285716,1.864571428571443,2.2948571428571607,take_profit,False,1.8645714285714803,44.0,True,5.0,0.6817801922273442,0.502611784371098,0.4843292937735218,1.0,,11.607634980803278,5.834134130029911,829.1167843430912,834.9509184731212,True,B0_technical_control_S5_000412,0,B0_technical_control,2018_2020
PAIRED_B0_technical_control,S5,959449,959456,2020-09-21T17:03:00,2020-09-21T17:10:00,2020-09-21T17:03:00,2020-09-21T17:10:00,1057,1911.09,1913.1421428571427,2.05214285714287,2.5257142857143013,take_profit,False,2.052142857142826,23.0,True,5.0,0.7446863659927269,0.6430793157076056,0.6249351995852624,1.0,,11.689312858623698,7.5171553142158425,834.9509184731212,842.4680737873371,True,B0_technical_control_S5_000413,0,B0_technical_control,2018_2020
PAIRED_B0_technical_control,S5,959467,959467,2020-09-21T17:21:00,2020-09-21T17:21:00,2020-09-21T17:21:00,2020-09-21T17:21:00,1058,1903.82,1900.9891428571427,2.3000714285714903,2.830857142857219,stop_loss,False,-2.8308571428572122,23.0,True,5.0,-0.9248576495846165,-1.016335293568559,-1.0326705871371202,1.0,,11.79455303302272,-11.987220519327083,842.4680737873371,830.4808532680099,False,B0_technical_control_S5_000414,0,B0_technical_control,2018_2020
PAIRED_B0_technical_control,S5,959482,959484,2020-09-21T17:36:00,2020-09-21T17:38:00,2020-09-21T17:36:00,2020-09-21T17:38:00,1058,1891.9,1886.6085714285714,4.299285714285731,5.291428571428593,stop_loss,False,-5.291428571428696,23.0,True,5.0,-0.9583441138421921,-1.009055627425633,-1.0181112548512474,1.0,live_post_loss_cap,11.62673194575214,-11.732019298430576,830.4808532680099,818.7488339695793,False,B0_technical_control_S5_000415,1,B0_technical_control,2018_2020
PAIRED_B0_technical_control,S5,959499,959499,2020-09-21T17:53:00,2020-09-21T17:53:00,2020-09-21T17:53:00,2020-09-21T17:53:00,1058,1892.91,1896.1395714285716,3.229571428571426,3.9748571428571395,take_profit,False,3.2295714285714894,23.0,True,5.0,0.7680573486444398,0.7014676904260528,0.6895766800299123,1.0,live_post_loss_cap,11.462483675574111,8.040561950451306,818.7488339695793,826.7893959200306,True,B0_technical_control_S5_000416,2,B0_technical_control,2018_2020
PAIRED_B0_technical_control,S5,959500,959507,2020-09-21T17:54:00,2020-09-21T18:01:00,2020-09-21T17:54:00,2020-09-21T18:01:00,1058,1897.13,1900.5425,3.4124999999999788,4.1999999999999735,take_profit,False,3.412499999999909,23.0,True,5.0,0.7703160270880202,0.7071106094807962,0.6958239277652206,1.0,live_post_loss_cap,11.575051542880429,8.18484175125781,826.7893959200306,834.9742376712885,True,B0_technical_control_S5_000417,3,B0_technical_control,2018_2020
PAIRED_B0_technical_control,S5,959508,959512,2020-09-21T18:02:00,2020-09-21T18:06:00,2020-09-21T18:02:00,2020-09-21T18:06:00,1058,1900.34,1903.2807857142857,2.9407857142857,3.6194285714285535,take_profit,False,2.9407857142857665,23.0,True,5.0,0.7639538335931293,0.6912157648630762,0.6782268240184239,1.0,live_post_loss_cap,11.689639327398039,8.08006298866093,834.9742376712885,843.0543006599495,True,B0_technical_control_S5_000418,4,B0_technical_control,2018_2020
PAIRED_B0_technical_control,S5,959526,959531,2020-09-21T18:20:00,2020-09-21T18:25:00,2020-09-21T18:20:00,2020-09-21T18:25:00,1059,1889.4,1892.4067142857143,3.006714285714296,3.7005714285714415,take_profit,False,3.0067142857142244,23.0,True,5.0,0.7649560223885841,0.6937195609507707,0.680998764265447,1.0,live_post_loss_cap,11.802760209239294,8.187805630360709,843.0543006599495,851.2421062903102,True,B0_technical_control_S5_000419,0,B0_technical_control,2018_2020
PAIRED_B0_technical_control,S5,959537,959540,2020-09-21T18:31:00,2020-09-21T18:34:00,2020-09-21T18:31:00,2020-09-21T18:34:00,1060,1893.28,1889.84,2.794999999999992,3.43999999999999,stop_loss,False,-3.4400000000000546,23.0,True,5.0,-0.937329700272497,-1.0136239782016525,-1.0272479564032875,1.0,live_post_loss_cap,11.917389488064343,-12.079751742670334,851.2421062903102,839.1623545476399,False,B0_technical_control_S5_000420,0,B0_technical_control,2018_2020
PAIRED_B0_technical_control,S5,959593,959597,2020-09-21T19:27:00,2020-09-21T19:31:00,2020-09-21T19:27:00,2020-09-21T19:31:00,1061,1904.21,1901.7905714285714,1.9657857142857,2.419428571428554,stop_loss,False,-2.419428571428625,23.0,True,5.0,-0.9131888277796014,-1.018871993960989,-1.037743987921951,1.0,live_post_loss_cap,11.74827296366696,-11.969986300089332,839.1623545476399,827.1923682475506,False,B0_technical_control_S5_000421,0,B0_technical_control,2018_2020
PAIRED_B0_technical_control,S5,960031,960035,2020-09-22T03:46:00,2020-09-22T03:50:00,2020-09-22T03:46:00,2020-09-22T03:50:00,1062,1917.2,1918.7,1.5,1.575999999999996,take_profit,False,1.5,23.0,True,5.0,0.8305647840531579,0.6755260243632352,0.6478405315614632,1.0,,11.580693155465708,7.823059606682278,827.1923682475506,835.0154278542328,True,B0_technical_control_S5_000422,0,B0_technical_control,2018_2020
PAIRED_B0_technical_control,S5,960071,960079,2020-09-22T04:26:00,2020-09-22T04:34:00,2020-09-22T04:26:00,2020-09-22T04:34:00,1063,1910.14,1912.2395000000001,2.099499999999991,2.583999999999989,take_profit,False,2.0995000000000346,23.0,True,5.0,0.7460909737029292,0.6465884861407397,0.6288201847903487,1.0,,11.69021598995926,7.558759059606027,835.0154278542328,842.5741869138388,True,B0_technical_control_S5_000423,0,B0_technical_control,2018_2020
PAIRED_B0_technical_control,S5,960080,960088,2020-09-22T04:35:00,2020-09-22T04:43:00,2020-09-22T04:35:00,2020-09-22T04:43:00,1064,1913.26,1910.9662857142857,1.8636428571429144,2.293714285714356,stop_loss,False,-2.293714285714259,23.0,True,5.0,-0.9088644854522452,-1.0198120683799,-1.0396241367598382,1.0,,11.796038616793744,-12.029742540481601,842.5741869138388,830.5444443733572,False,B0_technical_control_S5_000424,0,B0_technical_control,2018_2020
PAIRED_B0_technical_control,S5,960370,960373,2020-09-22T09:25:00,2020-09-22T09:28:00,2020-09-22T09:25:00,2020-09-22T09:28:00,1066,1906.81,1908.3746428571428,1.564642857142891,1.9257142857143272,take_profit,False,1.5646428571428714,23.0,True,5.0,0.7258117958913113,0.5959244532803132,0.5727302849569206,1.0,,11.627622221227002,6.9291844151347215,830.5444443733572,837.473628788492,True,B0_technical_control_S5_000425,0,B0_technical_control,2018_2020
PAIRED_B0_technical_control,S5,960376,960381,2020-09-22T09:31:00,2020-09-22T09:36:00,2020-09-22T09:31:00,2020-09-22T09:36:00,1067,1903.49,1900.7517142857143,2.224857142857146,2.7382857142857184,stop_loss,False,-2.7382857142856665,23.0,True,5.0,-0.922514197709098,-1.0168447396284357,-1.033689479256889,1.0,,11.724630803038888,-11.922129156155615,837.473628788492,825.5514996323363,False,B0_technical_control_S5_000426,0,B0_technical_control,2018_2020
PAIRED_B0_technical_control,S5,961426,961427,2020-09-23T04:02:00,2020-09-23T04:03:00,2020-09-23T04:02:00,2020-09-23T04:03:00,1073,1903.37,1901.7174285714284,1.5,1.652571428571459,stop_loss,False,-1.6525714285714912,23.0,True,5.0,-0.8778266808317082,-1.026559417210519,-1.053118834421021,1.0,,11.557720994852708,-11.864687328757777,825.5514996323363,813.6868123035786,False,B0_technical_control_S5_000427,0,B0_technical_control,2018_2020
PAIRED_B0_technical_control,S5,961452,961460,2020-09-23T04:28:00,2020-09-23T04:36:00,2020-09-23T04:28:00,2020-09-23T04:36:00,1074,1902.15,1903.65,1.5,1.4537142857143408,take_profit,False,1.5,23.0,True,5.0,0.8908874936364888,0.7245884948243442,0.6948922450364612,0.5,live_post_loss_cap;live_rolling_pf,5.69580768612505,4.127116718098281,813.6868123035786,817.8139290216768,True,B0_technical_control_S5_000428,0,B0_technical_control,2018_2020
PAIRED_B0_technical_control,S5,961742,961748,2020-09-23T09:18:00,2020-09-23T09:24:00,2020-09-23T09:18:00,2020-09-23T09:24:00,1082,1877.01,1879.1057857142857,2.0957857142857086,2.5794285714285645,take_profit,False,2.0957857142857392,23.0,True,5.0,0.7459829146750845,0.6463185192718501,0.628521305806987,0.5,live_rolling_pf,5.724697503151738,3.6999780135162887,817.8139290216768,821.5139070351931,True,B0_technical_control_S5_000429,0,B0_technical_control,2018_2020
PAIRED_B0_technical_control,S5,962512,962514,2020-09-23T22:08:00,2020-09-23T22:10:00,2020-09-23T22:08:00,2020-09-23T22:10:00,1084,1858.04,1860.0280714285714,1.9880714285714363,2.4468571428571524,take_profit,False,1.988071428571402,23.0,True,5.0,0.7426886540719269,0.6380883765609868,0.6194097555768904,0.5,live_rolling_pf,5.750597349246352,3.669389326836519,821.5139070351931,825.1832963620296,True,B0_technical_control_S5_000430,0,B0_technical_control,2018_2020
PAIRED_B0_technical_control,S5,962703,962724,2020-09-24T02:20:00,2020-09-24T02:41:00,2020-09-24T02:20:00,2020-09-24T02:41:00,1085,1854.47,1855.97,1.5,1.6811428571428355,take_profit,False,1.5,23.0,True,5.0,0.7848706832112512,0.6383614890118177,0.6121991329047759,0.5,live_rolling_pf,5.7762830745342075,3.687356664413417,825.1832963620296,828.870653026443,True,B0_technical_control_S5_000431,0,B0_technical_control,2018_2020
PAIRED_B0_technical_control,S5,962751,962758,2020-09-24T03:08:00,2020-09-24T03:15:00,2020-09-24T03:08:00,2020-09-24T03:15:00,1086,1858.57,1860.07,1.5,1.742857142857169,take_profit,False,1.5,23.0,True,5.0,0.7603186097031036,0.6183924692251909,0.5930485155684208,1.0,,11.604189142370203,7.1759431771064595,828.870653026443,836.0465962035495,True,B0_technical_control_S5_000432,0,B0_technical_control,2018_2020
PAIRED_B0_technical_control,S5,962760,962764,2020-09-24T03:17:00,2020-09-24T03:21:00,2020-09-24T03:17:00,2020-09-24T03:21:00,1088,1860.89,1859.1174285714287,1.5,1.7725714285713758,stop_loss,False,-1.772571428571382,23.0,True,5.0,-0.8851476672849194,-1.0249678984163257,-1.0499357968326481,1.0,,11.704652346849693,-11.996892917644246,836.0465962035495,824.0497032859053,False,B0_technical_control_S5_000433,0,B0_technical_control,2018_2020
PAIRED_B0_technical_control,S5,962805,962806,2020-09-24T04:02:00,2020-09-24T04:03:00,2020-09-24T04:02:00,2020-09-24T04:03:00,1089,1861.27,1862.77,1.5,1.755428571428638,take_profit,False,1.5,23.0,True,5.0,0.7555043891207115,0.614476903151512,0.5892934235141549,1.0,live_post_loss_cap,11.536695846002674,7.089033136052636,824.0497032859053,831.1387364219579,True,B0_technical_control_S5_000434,0,B0_technical_control,2018_2020
PAIRED_B0_technical_control,S5,962807,962812,2020-09-24T04:04:00,2020-09-24T04:09:00,2020-09-24T04:04:00,2020-09-24T04:09:00,1089,1863.51,1861.5442857142857,1.5971428571428825,1.9657142857143168,stop_loss,False,-1.9657142857142844,23.0,True,5.0,-0.8952504879635521,-1.0227716330513839,-1.0455432661027824,1.0,live_post_loss_cap,11.635942309907412,-11.900911718395696,831.1387364219579,819.2378247035622,False,B0_technical_control_S5_000435,1,B0_technical_control,2018_2020
PAIRED_B0_technical_control,S5,962828,962843,2020-09-24T04:25:00,2020-09-24T04:40:00,2020-09-24T04:25:00,2020-09-24T04:40:00,1090,1867.93,1866.034,1.5404999999999713,1.8959999999999646,stop_loss,False,-1.8959999999999582,23.0,True,5.0,-0.891815616180616,-1.023518344308558,-1.047036688617119,0.5,live_post_loss_cap;live_rolling_pf,5.734664772924935,-5.869534593548742,819.2378247035622,813.3682901100134,False,B0_technical_control_S5_000436,0,B0_technical_control,2018_2020
PAIRED_B0_technical_control,S5,965387,965394,2020-09-28T01:07:00,2020-09-28T01:14:00,2020-09-28T01:07:00,2020-09-28T01:14:00,1095,1862.55,1864.05,1.5,1.7611428571429184,take_profit,False,1.5,37.0,True,5.0,0.7038477007641573,0.5067703445501932,0.48330875452472133,0.5,live_rolling_pf,5.693578030770094,2.885336500376771,813.3682901100134,816.2536266103901,True,B0_technical_control_S5_000437,0,B0_technical_control,2018_2020
PAIRED_B0_technical_control,S5,965395,965402,2020-09-28T01:15:00,2020-09-28T01:22:00,2020-09-28T01:15:00,2020-09-28T01:22:00,1096,1863.53,1865.03,1.5,1.6480000000000083,take_profit,False,1.5,38.0,True,5.0,0.7396449704141981,0.5276134122287947,0.5029585798816547,0.5,live_rolling_pf,5.713775386272731,3.014664528260255,816.2536266103901,819.2682911386504,True,B0_technical_control_S5_000438,0,B0_technical_control,2018_2020
PAIRED_B0_technical_control,S5,965569,965595,2020-09-28T04:09:00,2020-09-28T04:35:00,2020-09-28T04:09:00,2020-09-28T04:35:00,1097,1860.64,1859.3234285714286,1.5,1.3165714285714785,stop_loss,False,-1.3165714285714785,23.0,True,5.0,-0.8512839460557964,-1.032329576944392,-1.0646591538887842,0.5,live_rolling_pf,5.734878037970553,-5.9202842187658264,819.2682911386504,813.3480069198846,False,B0_technical_control_S5_000439,0,B0_technical_control,2018_2020
PAIRED_B0_technical_control,S5,966003,966005,2020-09-28T11:23:00,2020-09-28T11:25:00,2020-09-28T11:23:00,2020-09-28T11:25:00,1099,1854.0,1855.5,1.5,1.6845714285714557,take_profit,False,1.5,23.0,True,5.0,0.7834651544545479,0.6372183256230323,0.6111028204745473,0.5,live_rolling_pf,5.693436048439192,3.6279617858282354,813.3480069198846,816.9759687057128,True,B0_technical_control_S5_000440,0,B0_technical_control,2018_2020
PAIRED_B0_technical_control,S5,966027,966028,2020-09-28T11:47:00,2020-09-28T11:48:00,2020-09-28T11:47:00,2020-09-28T11:48:00,1100,1849.59,1851.1843571428572,1.5943571428571284,1.9622857142856966,take_profit,False,1.594357142857234,23.0,True,5.0,0.7272579173726527,0.5995373387202341,0.5767300925323021,0.5,live_rolling_pf,5.71883178093999,3.428653186533458,816.9759687057128,820.4046218922463,True,B0_technical_control_S5_000441,0,B0_technical_control,2018_2020
PAIRED_B0_technical_control,S5,966965,966985,2020-09-29T04:26:00,2020-09-29T04:46:00,2020-09-29T04:26:00,2020-09-29T04:46:00,1101,1886.22,1884.732,1.5,1.48800000000005,stop_loss,False,-1.4880000000000564,23.0,True,5.0,-0.866123399301521,-1.0291036088475,-1.0582072176949964,0.5,live_rolling_pf,5.742832353245724,-5.909969499731356,820.4046218922463,814.4946523925149,False,B0_technical_control_S5_000442,0,B0_technical_control,2018_2020
PAIRED_B0_technical_control,S5,972277,972285,2020-10-05T01:03:00,2020-10-05T01:11:00,2020-10-05T01:03:00,2020-10-05T01:11:00,1102,1903.01,1901.411142857143,1.5,1.5988571428571179,stop_loss,False,-1.598857142857014,23.0,True,5.0,-0.8742384002499024,-1.0273394782064738,-1.0546789564130044,0.5,live_rolling_pf,5.701462566747605,-5.857337578336227,814.4946523925149,808.6373148141787,False,B0_technical_control_S5_000443,0,B0_technical_control,2018_2020
PAIRED_B0_technical_control,S5,973248,973255,2020-10-05T17:14:00,2020-10-05T17:21:00,2020-10-05T17:14:00,2020-10-05T17:21:00,1105,1912.03,1913.6234285714286,1.593428571428579,1.9611428571428666,take_profit,False,1.5934285714286034,23.0,True,5.0,0.7272134567740367,0.5994262615725768,0.5766071195723161,0.5,live_rolling_pf,5.660461203699251,3.39302909811005,808.6373148141787,812.0303439122888,True,B0_technical_control_S5_000444,0,B0_technical_control,2018_2020
PAIRED_B0_technical_control,S5,973262,973269,2020-10-05T17:28:00,2020-10-05T17:35:00,2020-10-05T17:28:00,2020-10-05T17:35:00,1106,1915.31,1913.0848571428571,1.807928571428553,2.2251428571428344,stop_loss,False,-2.225142857142828,23.0,True,5.0,-0.9063190969393656,-1.0203654137088303,-1.0407308274176632,0.5,live_rolling_pf,5.684212407386021,-5.799973744671304,812.0303439122888,806.2303701676175,False,B0_technical_control_S5_000445,0,B0_technical_control,2018_2020
PAIRED_B0_technical_control,S5,974916,974963,2020-10-06T22:04:00,2020-10-06T22:51:00,2020-10-06T22:04:00,2020-10-06T22:51:00,1109,1892.77,1888.1745714285714,3.733785714285675,4.595428571428523,stop_loss,False,-4.595428571428556,23.0,True,5.0,-0.9523358398957964,-1.0103617739357047,-1.0207235478714025,0.5,live_rolling_pf,5.643612591173323,-5.702090429023757,806.2303701676175,800.5282797385937,False,B0_technical_control_S5_000446,0,B0_technical_control,2018_2020
PAIRED_B0_technical_control,S5,982129,982132,2020-10-14T04:25:00,2020-10-14T04:28:00,2020-10-14T04:25:00,2020-10-14T04:28:00,1111,1883.71,1885.3823571428572,1.6723571428571842,2.0582857142857653,take_profit,False,1.6723571428572086,23.0,True,5.0,0.7308340616806217,0.6084717193157849,0.5866213010363497,0.5,live_rolling_pf,5.603697958170156,3.4096917311341484,800.5282797385937,803.9379714697278,True,B0_technical_control_S5_000447,0,B0_technical_control,2018_2020
PAIRED_B0_technical_control,S5,982133,982140,2020-10-14T04:29:00,2020-10-14T04:36:00,2020-10-14T04:29:00,2020-10-14T04:36:00,1111,1885.84,1887.7268571428572,1.8868571428571792,2.322285714285759,take_profit,False,1.8868571428572523,23.0,True,5.0,0.7392813164670623,0.6295757304377347,0.6099854472182119,0.5,live_rolling_pf,5.627565800288095,3.5429788493027927,803.9379714697278,807.4809503190306,True,B0_technical_control_S5_000448,1,B0_technical_control,2018_2020
PAIRED_B0_technical_control,S5,982141,982148,2020-10-14T04:37:00,2020-10-14T04:44:00,2020-10-14T04:37:00,2020-10-14T04:44:00,1111,1887.64,1889.1684285714286,1.528428571428617,1.8811428571429134,take_profit,False,1.5284285714285488,23.0,True,5.0,0.7239815942617104,0.5913520097441879,0.5676681553660587,0.5,live_rolling_pf,5.652366652233215,3.3425383796091386,807.4809503190306,810.8234886986397,True,B0_technical_control_S5_000449,2,B0_technical_control,2018_2020
PAIRED_B0_technical_control,S5,983494,983502,2020-10-15T04:11:00,2020-10-15T04:19:00,2020-10-15T04:11:00,2020-10-15T04:19:00,1112,1896.02,1897.52,1.5,1.7360000000000064,take_profit,False,1.5,23.0,True,5.0,0.7629704984740565,0.6205493387588993,0.595116988809764,0.5,live_rolling_pf,5.675764420890478,3.522091858334873,810.8234886986397,814.3455805569746,True,B0_technical_control_S5_000450,0,B0_technical_control,2018_2020
PAIRED_B0_technical_control,S5,983504,983506,2020-10-15T04:21:00,2020-10-15T04:23:00,2020-10-15T04:21:00,2020-10-15T04:23:00,1113,1896.3,1894.9594285714286,1.5,1.3405714285714048,stop_loss,False,-1.3405714285713657,23.0,True,5.0,-0.8535564853556215,-1.0318355466617912,-1.0636710933236073,0.5,live_rolling_pf,5.700419063898822,-5.8818950209993375,814.3455805569746,808.4636855359753,False,B0_technical_control_S5_000451,0,B0_technical_control,2018_2020
PAIRED_B0_technical_control,S5,983970,983970,2020-10-15T12:07:00,2020-10-15T12:07:00,2020-10-15T12:07:00,2020-10-15T12:07:00,1115,1890.36,1891.9497142857142,1.5897142857143178,1.9565714285714682,take_profit,False,1.589714285714308,23.0,True,5.0,0.7270351496145272,0.5989807918463341,0.576113942244871,0.5,live_rolling_pf,5.659245798751827,3.3897795297894087,808.4636855359753,811.8534650657647,True,B0_technical_control_S5_000452,0,B0_technical_control,2018_2020
PAIRED_B0_technical_control,S5,983976,983976,2020-10-15T12:13:00,2020-10-15T12:13:00,2020-10-15T12:13:00,2020-10-15T12:13:00,1116,1890.46,1892.2029285714286,1.7429285714285698,2.1451428571428552,take_profit,False,1.7429285714285925,23.0,True,5.0,0.7338205220738697,0.6159328762179812,0.5948815108865725,0.5,live_rolling_pf,5.682974255460353,3.5003306786384356,811.8534650657647,815.3537957444031,True,B0_technical_control_S5_000453,0,B0_technical_control,2018_2020
PAIRED_B0_technical_control,S5,984264,984280,2020-10-15T17:01:00,2020-10-15T17:17:00,2020-10-15T17:01:00,2020-10-15T17:17:00,1117,1894.29,1896.283642857143,1.99364285714286,2.4537142857142893,take_profit,False,1.9936428571429587,23.0,True,5.0,0.7428670286383846,0.6385340146918288,0.6199031193442295,0.5,live_rolling_pf,5.707476570210821,3.6444179281362654,815.3537957444031,818.9982136725394,True,B0_technical_control_S5_000454,0,B0_technical_control,2018_2020
PAIRED_B0_technical_control,S5,992962,992968,2020-10-26T00:09:00,2020-10-26T00:15:00,2020-10-26T00:09:00,2020-10-26T00:15:00,1121,1899.7,1898.3411428571428,1.5,1.3588571428571803,stop_loss,False,-1.3588571428572322,23.0,True,5.0,-0.8552418629743214,-1.0314691602230135,-1.0629383204459941,0.5,live_rolling_pf,5.732987495707776,-5.913399797766736,818.9982136725394,813.0848138747726,False,B0_technical_control_S5_000455,0,B0_technical_control,2018_2020
PAIRED_B0_technical_control,S5,992985,992994,2020-10-26T00:32:00,2020-10-26T00:41:00,2020-10-26T00:32:00,2020-10-26T00:41:00,1123,1898.64,1897.1885714285715,1.5,1.4514285714285506,stop_loss,False,-1.4514285714285506,23.0,True,5.0,-0.8632115548003382,-1.0297366185216656,-1.0594732370433313,0.5,live_post_loss_cap;live_rolling_pf,5.691593697123409,-5.860842447675084,813.0848138747726,807.2239714270976,False,B0_technical_control_S5_000456,0,B0_technical_control,2018_2020
PAIRED_B0_technical_control,S5,993012,993013,2020-10-26T00:59:00,2020-10-26T01:00:00,2020-10-26T00:59:00,2020-10-26T01:00:00,1124,1892.88,1894.38,1.5,1.5462857142857114,take_profit,False,1.5,23.0,True,5.0,0.8444587421585988,0.686826443622327,0.658677818883707,0.5,live_post_loss_cap;live_rolling_pf,5.650567799989683,3.8809593865137506,807.2239714270976,811.1049308136113,True,B0_technical_control_S5_000457,0,B0_technical_control,2018_2020
PAIRED_B0_technical_control,S5,993019,993058,2020-10-26T01:06:00,2020-10-26T01:45:00,2020-10-26T01:06:00,2020-10-26T01:45:00,1125,1896.15,1897.65,1.5,1.8262857142857685,take_profit,False,1.5,23.0,True,5.0,0.7294706127552955,0.5933027650409736,0.5689870779491304,0.5,live_post_loss_cap;live_rolling_pf,5.677734515695279,3.368615587330582,811.1049308136113,814.4735464009419,True,B0_technical_control_S5_000458,0,B0_technical_control,2018_2020
PAIRED_B0_technical_control,S5,996732,996732,2020-10-28T17:01:00,2020-10-28T17:01:00,2020-10-28T17:01:00,2020-10-28T17:01:00,1133,1870.21,1872.0755000000001,1.865500000000056,2.2960000000000687,take_profit,False,1.865500000000111,23.0,True,5.0,0.7385193982581395,0.6276722090261552,0.6078780680918722,0.5,live_rolling_pf,5.701314824806594,3.5785568704399213,814.4735464009419,818.0521032713818,True,B0_technical_control_S5_000459,0,B0_technical_control,2018_2020
PAIRED_B0_technical_control,S5,999980,999983,2020-11-02T03:13:00,2020-11-02T03:16:00,2020-11-02T03:13:00,2020-11-02T03:16:00,1135,1877.68,1879.18,1.5,1.276571428571437,take_profit,False,1.5,23.0,True,5.0,0.9956381566470645,0.8097857007396124,0.7765977621847102,0.5,live_rolling_pf,5.726364722899673,4.637128269823908,818.0521032713818,822.6892315412058,True,B0_technical_control_S5_000460,0,B0_technical_control,2018_2020
PAIRED_B0_technical_control,S5,1002627,1002635,2020-11-04T01:22:00,2020-11-04T01:30:00,2020-11-04T01:22:00,2020-11-04T01:30:00,1136,1912.73,1914.4125714285715,1.6825714285714395,2.0708571428571565,take_profit,False,1.682571428571464,23.0,True,5.0,0.7312802682230335,0.6095864895070278,0.5878554575934553,0.5,live_rolling_pf,5.758824620788441,3.510501684273066,822.6892315412058,826.1997332254789,True,B0_technical_control_S5_000461,0,B0_technical_control,2018_2020
PAIRED_B0_technical_control,S5,1002728,1002734,2020-11-04T03:03:00,2020-11-04T03:09:00,2020-11-04T03:03:00,2020-11-04T03:09:00,1137,1899.2,1903.4268571428572,4.226857142857141,5.202285714285712,take_profit,False,4.22685714285717,23.0,True,5.0,0.7780991952874402,0.7265555146478777,0.7173512859622416,0.5,live_rolling_pf,5.783398132578353,4.20195980662904,826.1997332254789,830.4016930321079,True,B0_technical_control_S5_000462,0,B0_technical_control,2018_2020
PAIRED_B0_technical_control,S5,1002739,1002808,2020-11-04T03:14:00,2020-11-04T04:23:00,2020-11-04T03:14:00,2020-11-04T04:23:00,1138,1903.4,1897.68,4.6474999999999325,5.719999999999917,stop_loss,False,-5.720000000000027,29.0,True,5.0,-0.9517470881863738,-1.008319467554095,-1.0166389351081715,0.5,live_rolling_pf,5.8128118512247555,-5.861171350819078,830.4016930321079,824.5405216812889,False,B0_technical_control_S5_000463,0,B0_technical_control,2018_2020
PAIRED_B0_technical_control,S5,1002826,1002831,2020-11-04T04:41:00,2020-11-04T04:46:00,2020-11-04T04:41:00,2020-11-04T04:46:00,1148,1887.13,1890.618642857143,3.4886428571428305,4.293714285714253,take_profit,False,3.4886428571428496,23.0,True,5.0,0.7711899197877888,0.7092938798711586,0.6982410156003318,0.5,live_post_loss_cap;live_rolling_pf,5.771783651769022,4.093890820140174,824.5405216812889,828.634412501429,True,B0_technical_control_S5_000464,0,B0_technical_control,2018_2020
PAIRED_B0_technical_control,S5,1002832,1002838,2020-11-04T04:47:00,2020-11-04T04:53:00,2020-11-04T04:47:00,2020-11-04T04:53:00,1149,1890.49,1893.8300714285715,3.3400714285714104,4.11085714285712,take_profit,False,3.340071428571491,23.0,True,5.0,0.7694497465938445,0.7049463568748946,0.6934278944250821,0.5,live_post_loss_cap;live_rolling_pf,5.800440887510003,4.088999671918357,828.634412501429,832.7234121733474,True,B0_technical_control_S5_000465,0,B0_technical_control,2018_2020
PAIRED_B0_technical_control,S5,1002839,1002854,2020-11-04T04:54:00,2020-11-04T05:09:00,2020-11-04T04:54:00,2020-11-04T05:09:00,1150,1894.49,1897.3472142857142,2.857214285714263,3.5165714285714005,take_profit,False,2.8572142857142353,23.0,True,5.0,0.7626210630671775,0.6878860672614878,0.6745405322961862,1.0,live_post_loss_cap,11.658127770426864,8.019463663630873,832.7234121733474,840.7428758369782,True,B0_technical_control_S5_000466,0,B0_technical_control,2018_2020
PAIRED_B0_technical_control,S5,1003138,1003140,2020-11-04T09:53:00,2020-11-04T09:55:00,2020-11-04T09:53:00,2020-11-04T09:55:00,1155,1888.32,1890.5736428571429,2.2536428571428977,2.7737142857143358,take_profit,False,2.2536428571429497,23.0,True,5.0,0.7502853609816601,0.6570674403120145,0.6404213830495779,1.0,,11.770400261717695,7.733946771414711,840.7428758369782,848.4768226083929,True,B0_technical_control_S5_000467,0,B0_technical_control,2018_2020
PAIRED_B0_technical_control,S5,1006748,1006750,2020-11-09T01:07:00,2020-11-09T01:09:00,2020-11-09T01:07:00,2020-11-09T01:09:00,1157,1955.34,1956.9092857142855,1.5692857142856593,1.931428571428504,take_profit,False,1.56928571428557,25.0,True,5.0,0.7193844138833877,0.5818598559266054,0.5589390962671417,1.0,,11.878675516517502,6.911724424639768,848.4768226083929,855.3885470330326,True,B0_technical_control_S5_000468,0,B0_technical_control,2018_2020
PAIRED_B0_technical_control,S5,1007714,1007737,2020-11-09T17:13:00,2020-11-09T17:36:00,2020-11-09T17:13:00,2020-11-09T17:36:00,1167,1867.24,1863.5965714285715,2.960285714285661,3.6434285714285064,stop_loss,False,-3.643428571428558,23.0,True,5.0,-0.9406210813601953,-1.012908460573887,-1.0258169211477604,1.0,,11.975439658462458,-12.130024149148682,855.3885470330326,843.258522883884,False,B0_technical_control_S5_000469,0,B0_technical_control,2018_2020
PAIRED_B0_technical_control,S5,1016526,1016536,2020-11-18T03:14:00,2020-11-18T03:24:00,2020-11-18T03:14:00,2020-11-18T03:24:00,1172,1877.43,1878.93,1.5,1.7188571428571646,take_profit,False,1.5,22.0,True,5.0,0.7736516357205926,0.6343943412908859,0.6086059534335327,1.0,,11.805619320374376,7.489418092279858,843.258522883884,850.7479409761638,True,B0_technical_control_S5_000470,0,B0_technical_control,2018_2020
PAIRED_B0_technical_control,S5,1017096,1017097,2020-11-18T12:44:00,2020-11-18T12:45:00,2020-11-18T12:44:00,2020-11-18T12:45:00,1173,1872.95,1874.45,1.5,1.554285714285704,take_profit,False,1.5,24.0,True,5.0,0.8359872611465016,0.6743630573248446,0.6464968152866278,1.0,,11.910471173666293,8.031981754853032,850.7479409761638,858.7799227310169,True,B0_technical_control_S5_000471,0,B0_technical_control,2018_2020
PAIRED_B0_technical_control,S5,1021493,1021531,2020-11-23T17:05:00,2020-11-23T17:43:00,2020-11-23T17:05:00,2020-11-23T17:43:00,1182,1841.15,1835.5877142857144,4.519357142857128,5.5622857142856965,stop_loss,False,-5.562285714285736,14.0,True,5.0,-0.9754484417276349,-1.0087684136687114,-1.0175368273374155,1.0,,12.022918918234236,-12.128340844814689,858.7799227310169,846.6515818862022,False,B0_technical_control_S5_000472,0,B0_technical_control,2018_2020
PAIRED_B0_technical_control,S5,1021969,1021971,2020-11-24T02:02:00,2020-11-24T02:04:00,2020-11-24T02:02:00,2020-11-24T02:04:00,1185,1834.26,1832.9925714285714,1.5,1.267428571428562,stop_loss,False,-1.2674285714285816,17.0,True,5.0,-0.88173325382629,-1.0347843371099323,-1.0695686742198511,1.0,,11.85312214640683,-12.265425142952651,846.6515818862022,834.3861567432496,False,B0_technical_control_S5_000473,0,B0_technical_control,2018_2020
PAIRED_B0_technical_control,S5,1022034,1022042,2020-11-24T03:07:00,2020-11-24T03:15:00,2020-11-24T03:07:00,2020-11-24T03:15:00,1188,1835.18,1833.6988571428572,1.5,1.4811428571428875,stop_loss,False,-1.4811428571429133,14.0,True,5.0,-0.9136411702502818,-1.0308424391963493,-1.0616848783926829,1.0,live_post_loss_cap,11.681406194405493,-12.041689254684304,834.3861567432496,822.3444674885652,False,B0_technical_control_S5_000474,0,B0_technical_control,2018_2020
PAIRED_B0_technical_control,S5,1022060,1022063,2020-11-24T03:33:00,2020-11-24T03:36:00,2020-11-24T03:33:00,2020-11-24T03:36:00,1189,1831.48,1829.624,1.508000000000022,1.856000000000027,stop_loss,False,-1.8559999999999945,24.0,True,5.0,-0.885496183206093,-1.0238549618320454,-1.047709923664106,0.5,live_post_loss_cap;live_rolling_pf,5.756411272419957,-5.89373024361309,822.3444674885652,816.4507372449522,False,B0_technical_control_S5_000475,0,B0_technical_control,2018_2020
PAIRED_B0_technical_control,S5,1023410,1023500,2020-11-25T03:04:00,2020-11-25T04:34:00,2020-11-25T03:04:00,2020-11-25T04:34:00,1197,1810.61,1810.94,1.5,1.5657142857142912,timeout,False,0.3300000000001546,36.0,True,5.0,0.17136498516328455,-0.041543026706151065,-0.06750741839754565,0.5,live_rolling_pf,5.715155160714665,-0.23742484347136641,816.4507372449522,816.2133124014808,False,B0_technical_control_S5_000476,0,B0_technical_control,2018_2020
PAIRED_B0_technical_control,S5,1024764,1024775,2020-11-26T02:39:00,2020-11-26T02:50:00,2020-11-26T02:39:00,2020-11-26T02:50:00,1199,1807.92,1809.42,1.5,1.4262857142857426,take_profit,False,1.5,34.0,True,5.0,0.8492397282432733,0.6284373989000221,0.6001294079585798,1.0,,11.426986373620732,7.181145593904209,816.2133124014808,823.3944579953851,True,B0_technical_control_S5_000477,0,B0_technical_control,2018_2020
PAIRED_B0_technical_control,S5,1026995,1027001,2020-11-30T01:13:00,2020-11-30T01:19:00,2020-11-30T01:13:00,2020-11-30T01:19:00,1203,1787.26,1785.9102857142857,1.5,1.3497142857143576,stop_loss,False,-1.349714285714299,26.0,True,5.0,-0.8384806531771096,-1.0310614128505124,-1.062122825701061,1.0,,11.527522411935392,-11.885583544716052,823.3944579953851,811.508874450669,False,B0_technical_control_S5_000478,0,B0_technical_control,2018_2020
PAIRED_B0_technical_control,S5,1027077,1027084,2020-11-30T02:35:00,2020-11-30T02:42:00,2020-11-30T02:35:00,2020-11-30T02:42:00,1204,1782.27,1780.9054285714285,1.5,1.3645714285713828,stop_loss,False,-1.3645714285714803,26.0,True,5.0,-0.8399577910658311,-1.0307773478720272,-1.061554695743994,0.5,live_post_loss_cap;live_rolling_pf,5.680562121154684,-5.855394757666122,811.508874450669,805.653479693003,False,B0_technical_control_S5_000479,0,B0_technical_control,2018_2020
PAIRED_B0_technical_control,S5,1027208,1027214,2020-11-30T04:46:00,2020-11-30T04:52:00,2020-11-30T04:46:00,2020-11-30T04:52:00,1205,1776.8,1775.446857142857,1.5,1.3531428571428739,stop_loss,False,-1.3531428571429842,26.0,True,5.0,-0.8388239461566411,-1.0309953949699584,-1.061990789939848,0.5,live_rolling_pf,5.6395743578510205,-5.814375192535063,805.653479693003,799.8391045004679,False,B0_technical_control_S5_000480,0,B0_technical_control,2018_2020
PAIRED_B0_technical_control,S5,1027696,1027705,2020-11-30T12:54:00,2020-11-30T13:03:00,2020-11-30T12:54:00,2020-11-30T13:03:00,1211,1766.72,1768.22,1.5,1.7028571428571793,take_profit,False,1.5,26.0,True,5.0,0.7641921397379771,0.6062590975254618,0.5807860262008626,0.5,live_rolling_pf,5.598873731503275,3.3943681356201902,799.8391045004679,803.2334726360881,True,B0_technical_control_S5_000481,0,B0_technical_control,2018_2020
PAIRED_B0_technical_control,S5,1027944,1027949,2020-11-30T17:02:00,2020-11-30T17:07:00,2020-11-30T17:02:00,2020-11-30T17:07:00,1213,1775.17,1773.019142857143,1.7475714285714439,2.150857142857162,stop_loss,False,-2.1508571428571486,26.0,True,5.0,-0.8921545389902774,-1.0207395117326326,-1.0414790234652702,0.5,live_rolling_pf,5.622634308452617,-5.739244998661072,803.2334726360881,797.494227637427,False,B0_technical_control_S5_000482,0,B0_technical_control,2018_2020
PAIRED_B0_technical_control,S5,1034485,1034500,2020-12-07T11:09:00,2020-12-07T11:24:00,2020-12-07T11:09:00,2020-12-07T11:24:00,1219,1828.63,1830.13,1.5,1.8388571428571336,take_profit,False,1.5,26.0,True,5.0,0.7146746528723146,0.5669752246120362,0.5431527361829591,0.5,live_rolling_pf,5.582459593461989,3.1651162818907275,797.494227637427,800.6593439193177,True,B0_technical_control_S5_000483,0,B0_technical_control,2018_2020
PAIRED_B0_technical_control,S5,1037596,1037615,2020-12-09T17:02:00,2020-12-09T17:21:00,2020-12-09T17:02:00,2020-12-09T17:21:00,1224,1842.82,1839.5765714285715,2.6352857142857036,3.243428571428558,stop_loss,False,-3.243428571428467,26.0,True,5.0,-0.9257869841787373,-1.0142717338117502,-1.0285434676235266,0.5,live_rolling_pf,5.604615407435224,-5.6846029866473735,800.6593439193177,794.9747409326703,False,B0_technical_control_S5_000484,0,B0_technical_control,2018_2020
PAIRED_B0_technical_control,S5,1037833,1037833,2020-12-09T20:59:00,2020-12-09T20:59:00,2020-12-09T20:59:00,2020-12-09T20:59:00,1227,1828.0,1826.056,1.5794999999999781,1.9439999999999733,stop_loss,False,-1.94399999999996,26.0,True,5.0,-0.8820326678765806,-1.0226860254083427,-1.0453720508166915,0.5,live_rolling_pf,5.564823186528693,-5.691066906731217,794.9747409326703,789.2836740259391,False,B0_technical_control_S5_000485,0,B0_technical_control,2018_2020
PAIRED_B0_technical_control,S5,1040773,1040801,2020-12-14T01:03:00,2020-12-14T01:31:00,2020-12-14T01:03:00,2020-12-14T01:31:00,1231,1836.27,1837.77,1.5,1.565714285714343,take_profit,False,1.5,32.0,True,5.0,0.7954545454545213,0.599242424242406,0.5727272727272554,0.5,live_rolling_pf,5.524985718181574,3.310805835667797,789.2836740259391,792.5944798616069,True,B0_technical_control_S5_000486,0,B0_technical_control,2018_2020
PAIRED_B0_technical_control,S5,1041461,1041468,2020-12-14T12:31:00,2020-12-14T12:38:00,2020-12-14T12:31:00,2020-12-14T12:38:00,1234,1822.04,1823.6724285714286,1.6324285714285436,2.0091428571428227,take_profit,False,1.6324285714285907,26.0,True,5.0,0.7194031730043003,0.5827877109040717,0.5607529589524219,0.5,live_rolling_pf,5.548161359031249,3.233400258156245,792.5944798616069,795.8278801197632,True,B0_technical_control_S5_000487,0,B0_technical_control,2018_2020
PAIRED_B0_technical_control,S5,1041474,1041515,2020-12-14T12:44:00,2020-12-14T13:25:00,2020-12-14T12:44:00,2020-12-14T13:25:00,1235,1823.85,1825.4517857142857,1.6017857142857777,1.9714285714286495,take_profit,False,1.6017857142858247,26.0,True,5.0,0.7178297055057862,0.5789052496799267,0.5564980793854334,0.5,live_rolling_pf,5.570795160838343,3.2249625635008488,795.8278801197632,799.0528426832641,True,B0_technical_control_S5_000488,0,B0_technical_control,2018_2020
PAIRED_B0_technical_control,S5,1041732,1041733,2020-12-14T17:02:00,2020-12-14T17:03:00,2020-12-14T17:02:00,2020-12-14T17:03:00,1239,1832.26,1830.3971428571429,1.5135714285714033,1.862857142857112,stop_loss,False,-1.8628571428571377,26.0,True,5.0,-0.8775235531628637,-1.02355316285331,-1.0471063257066078,0.5,live_rolling_pf,5.593369898782849,-5.725111450907685,799.0528426832641,793.3277312323564,False,B0_technical_control_S5_000489,0,B0_technical_control,2018_2020
PAIRED_B0_technical_control,S5,1048314,1048315,2020-12-21T11:50:00,2020-12-21T11:51:00,2020-12-21T11:50:00,2020-12-21T11:51:00,1243,1886.19,1888.8902857142857,2.7002857142856658,3.3234285714285114,take_profit,False,2.7002857142856556,26.0,True,5.0,0.7535480784563828,0.6670387498006646,0.6530856322755487,0.5,live_rolling_pf,5.5532941186264955,3.704262366164001,793.3277312323564,797.0319935985204,True,B0_technical_control_S5_000490,0,B0_technical_control,2018_2020
PAIRED_B0_technical_control,S5,1048316,1048318,2020-12-21T11:52:00,2020-12-21T11:54:00,2020-12-21T11:52:00,2020-12-21T11:54:00,1243,1889.35,1885.6974285714284,2.9677142857142473,3.652571428571381,stop_loss,False,-3.652571428571491,26.0,True,5.0,-0.9335475390682324,-1.012779319409989,-1.0255586388199498,0.5,live_rolling_pf,5.579223955189644,-5.650522640172874,797.0319935985204,791.3814709583476,False,B0_technical_control_S5_000491,1,B0_technical_control,2018_2020
PAIRED_B0_technical_control,S5,1048341,1048426,2020-12-21T12:17:00,2020-12-21T13:42:00,2020-12-21T12:17:00,2020-12-21T13:42:00,1244,1872.43,1879.539142857143,7.109142857142874,8.749714285714306,take_profit,False,7.109142857142842,26.0,True,5.0,0.7890530855584414,0.7546457791589997,0.7490962136107026,0.5,live_post_loss_cap;live_rolling_pf,5.539670296708433,4.180488807343503,791.3814709583476,795.5619597656911,True,B0_technical_control_S5_000492,0,B0_technical_control,2018_2020
PAIRED_B0_technical_control,S5,1049514,1049516,2020-12-22T08:51:00,2020-12-22T08:53:00,2020-12-22T08:51:00,2020-12-22T08:53:00,1254,1871.13,1869.539142857143,1.5,1.5908571428571252,stop_loss,False,-1.5908571428572031,26.0,True,5.0,-0.8595245446125755,-1.027014510651478,-1.0540290213029138,0.5,live_rolling_pf,5.568933718359838,-5.719375737611845,795.5619597656911,789.8425840280793,False,B0_technical_control_S5_000493,0,B0_technical_control,2018_2020
PAIRED_B0_technical_control,S5,1049538,1049539,2020-12-22T09:15:00,2020-12-22T09:16:00,2020-12-22T09:15:00,2020-12-22T09:16:00,1256,1867.03,1868.53,1.5,1.6651428571429019,take_profit,False,1.5,26.0,True,5.0,0.7791629563668563,0.6181359453843727,0.5921638468388108,0.5,live_post_loss_cap;live_rolling_pf,5.528898088196555,3.417610646681228,789.8425840280793,793.2601946747606,True,B0_technical_control_S5_000494,0,B0_technical_control,2018_2020
PAIRED_B0_technical_control,S5,1050549,1050557,2020-12-23T03:07:00,2020-12-23T03:15:00,2020-12-23T03:07:00,2020-12-23T03:15:00,1258,1864.83,1866.33,1.5,1.3680000000000292,take_profit,False,1.5,27.0,True,5.0,0.9157509157508994,0.7203907203907075,0.6898656898656775,0.5,live_rolling_pf,5.552821362723324,4.000200981693165,793.2601946747606,797.2603956564537,True,B0_technical_control_S5_000495,0,B0_technical_control,2018_2020
PAIRED_B0_technical_control,S5,1051389,1051390,2020-12-23T17:07:00,2020-12-23T17:08:00,2020-12-23T17:07:00,2020-12-23T17:08:00,1261,1872.84,1874.4092857142857,1.569285714285744,1.931428571428608,take_profit,False,1.5692857142857974,26.0,True,5.0,0.7161016949152803,0.574641460234709,0.5518252933507459,0.5,live_rolling_pf,5.580822769595176,3.2069721456312847,797.2603956564537,800.467367802085,True,B0_technical_control_S5_000496,0,B0_technical_control,2018_2020
PAIRED_B0_technical_control,S5,1052874,1052874,2020-12-28T01:02:00,2020-12-28T01:02:00,2020-12-28T01:02:00,2020-12-28T01:02:00,1262,1882.9,1884.5463571428572,1.6463571428571446,2.0262857142857165,take_profit,False,1.6463571428571413,27.0,True,5.0,0.7169652855543099,0.5776098046534764,0.5558355107627212,0.5,live_rolling_pf,5.603271574614595,3.236504599633514,800.467367802085,803.7038724017185,True,B0_technical_control_S5_000497,0,B0_technical_control,2018_2020
PAIRED_B0_technical_control,S5,1065025,1065025,2021-01-11T01:53:00,2021-01-11T01:53:00,2021-01-11T01:53:00,2021-01-11T01:53:00,1267,1842.05,1843.9842142857142,1.934214285714279,2.3805714285714203,take_profit,False,1.9342142857142335,26.0,True,5.0,0.7324983769746632,0.6150995455528927,0.5961642501622846,0.5,live_rolling_pf,5.625927106812029,3.46050520671378,803.7038724017185,807.1643776084323,True,B0_technical_control_S5_000498,0,B0_technical_control,2021_2022
PAIRED_B0_technical_control,S5,1071876,1071877,2021-01-18T01:10:00,2021-01-18T01:11:00,2021-01-18T01:10:00,2021-01-18T01:11:00,1270,1826.39,1827.89,1.5,1.7485714285714236,take_profit,False,1.5,43.0,True,5.0,0.6885245901639361,0.4681967213114765,0.4452459016393453,0.5,live_rolling_pf,5.6501506432590265,2.645382006089806,807.1643776084323,809.8097596145221,True,B0_technical_control_S5_000499,0,B0_technical_control,2021_2022
PAIRED_B0_technical_control,S5,1071880,1071900,2021-01-18T01:14:00,2021-01-18T01:34:00,2021-01-18T01:14:00,2021-01-18T01:34:00,1272,1827.87,1825.9271428571428,1.5785714285714074,1.9428571428571169,stop_loss,False,-1.942857142857065,31.0,True,5.0,-0.8623969562460121,-1.0221940393151325,-1.0443880786302882,0.5,live_rolling_pf,5.668668317301655,-5.794478964800295,809.8097596145221,804.0152806497218,False,B0_technical_control_S5_000500,0,B0_technical_control,2021_2022
PAIRED_B0_technical_control,S5,1071915,1071925,2021-01-18T01:49:00,2021-01-18T01:59:00,2021-01-18T01:49:00,2021-01-18T01:59:00,1275,1817.4,1811.8388571428573,4.518428571428537,5.561142857142815,stop_loss,False,-5.5611428571428405,40.0,True,5.0,-0.9328987730061388,-1.0083876533742375,-1.0167753067484706,0.5,live_post_loss_cap;live_rolling_pf,5.628106964548053,-5.675313574919814,804.0152806497218,798.339967074802,False,B0_technical_control_S5_000501,0,B0_technical_control,2021_2022
PAIRED_B0_technical_control,S5,1101725,1101731,2021-02-17T01:12:00,2021-02-17T01:18:00,2021-02-17T01:12:00,2021-02-17T01:18:00,1280,1789.09,1790.59,1.5,1.7862857142857789,take_profit,False,1.5,25.0,True,5.0,0.7366353304335391,0.5893082643468313,0.56475375333238,0.5,live_rolling_pf,5.5883797695236135,3.2932783824889054,798.339967074802,801.6332454572909,True,B0_technical_control_S5_000502,0,B0_technical_control,2021_2022
PAIRED_B0_technical_control,S5,1206454,1206483,2021-06-04T04:14:00,2021-06-04T04:43:00,2021-06-04T04:14:00,2021-06-04T04:43:00,1284,1870.75,1869.0585714285714,1.5,1.6914285714285922,stop_loss,False,-1.6914285714285597,20.0,True,5.0,-0.8942598187311018,-1.026435045317203,-1.0528700906344235,0.5,live_rolling_pf,5.611432718201036,-5.7597711964011165,801.6332454572909,795.8734742608898,False,B0_technical_control_S5_000503,0,B0_technical_control,2021_2022
PAIRED_B0_technical_control,S5,1221369,1221374,2021-06-18T23:01:00,2021-06-18T23:06:00,2021-06-18T23:01:00,2021-06-18T23:06:00,1291,1764.1,1761.9754285714284,1.7262142857142992,2.1245714285714454,stop_loss,False,-2.124571428571471,26.0,True,5.0,-0.8909657320872391,-1.0209681284447747,-1.0419362568895385,0.5,live_rolling_pf,5.571114319826228,-5.687930160464869,795.8734742608898,790.185544100425,False,B0_technical_control_S5_000504,0,B0_technical_control,2021_2022
PAIRED_B0_technical_control,S5,1269471,1269484,2021-08-09T01:32:00,2021-08-09T01:45:00,2021-08-09T01:32:00,2021-08-09T01:45:00,1296,1755.02,1753.3022857142857,1.5,1.717714285714231,stop_loss,False,-1.7177142857142371,30.0,True,5.0,-0.8513169073916729,-1.024780515434725,-1.0495610308694465,0.5,live_rolling_pf,5.531298808702975,-5.668367244206115,790.185544100425,784.5171768562188,False,B0_technical_control_S5_000505,0,B0_technical_control,2021_2022
PAIRED_B0_technical_control,S5,1316041,1316042,2021-09-23T23:27:00,2021-09-23T23:28:00,2021-09-23T23:27:00,2021-09-23T23:28:00,1300,1743.38,1741.678285714286,1.5,1.7017142857142713,stop_loss,False,-1.7017142857141607,25.0,True,5.0,-0.8719074806030752,-1.0256185038793169,-1.0512370077586906,0.5,live_rolling_pf,5.491620237993532,-5.632307332364304,784.5171768562188,778.8848695238545,False,B0_technical_control_S5_000506,0,B0_technical_control,2021_2022
PAIRED_B0_technical_control,S5,1379066,1379088,2021-11-29T01:11:00,2021-11-29T01:33:00,2021-11-29T01:11:00,2021-11-29T01:33:00,1305,1785.33,1789.3274999999999,3.997499999999975,4.91999999999997,take_profit,False,3.9974999999999454,25.0,True,5.0,0.773210831721464,0.7151837524177886,0.7055125725338427,0.5,live_rolling_pf,5.452194086666982,3.8993206258125697,778.8848695238545,782.7841901496671,True,B0_technical_control_S5_000507,0,B0_technical_control,2021_2022
PAIRED_B0_technical_control,S5,1476040,1476040,2022-03-08T19:13:00,2022-03-08T19:13:00,2022-03-08T19:13:00,2022-03-08T19:13:00,1309,2052.25,2046.7540000000001,4.465499999999929,5.495999999999913,stop_loss,False,-5.495999999999867,18.0,True,5.0,-0.9682875264270527,-1.0088090204369196,-1.017618040873847,0.5,live_rolling_pf,5.47948933104767,-5.527758264548752,782.7841901496671,777.2564318851183,False,B0_technical_control_S5_000508,0,B0_technical_control,2021_2022
PAIRED_B0_technical_control,S5,1487368,1487370,2022-03-21T00:12:00,2022-03-21T00:14:00,2022-03-21T00:12:00,2022-03-21T00:14:00,1311,1921.45,1919.2065714285716,1.8227857142857034,2.243428571428558,stop_loss,False,-2.243428571428467,21.0,True,5.0,-0.9144054966809919,-1.020379643647337,-1.0407592872947111,0.5,live_rolling_pf,5.440795023195829,-5.551676486926764,777.2564318851183,771.7047553981915,False,B0_technical_control_S5_000509,0,B0_technical_control,2021_2022
PAIRED_B0_technical_control,S5,1504094,1504105,2022-04-06T04:12:00,2022-04-06T04:23:00,2022-04-06T04:12:00,2022-04-06T04:23:00,1314,1921.36,1922.9079285714286,1.5479285714285993,1.9051428571428914,take_profit,False,1.5479285714286561,18.0,True,5.0,0.7423609208002476,0.6320567278706797,0.6080775554946867,0.5,live_rolling_pf,5.401933287787341,3.4143282780545694,771.7047553981915,775.1190836762461,True,B0_technical_control_S5_000510,0,B0_technical_control,2021_2022
PAIRED_B0_technical_control,S5,1520452,1520469,2022-04-25T01:04:00,2022-04-25T01:21:00,2022-04-25T01:04:00,2022-04-25T01:21:00,1315,1932.78,1934.325142857143,1.5451428571429087,1.9017142857143492,take_profit,False,1.5451428571429915,30.0,True,5.0,0.7017908123540507,0.5428237736828899,0.520114196729867,0.5,live_rolling_pf,5.425833585733723,2.9452714623833454,775.1190836762461,778.0643551386294,True,B0_technical_control_S5_000511,0,B0_technical_control,2021_2022
PAIRED_B0_technical_control,S5,1539787,1539794,2022-05-13T01:35:00,2022-05-13T01:42:00,2022-05-13T01:35:00,2022-05-13T01:42:00,1318,1817.69,1819.664142857143,1.9741428571429198,2.429714285714363,take_profit,False,1.9741428571428514,18.0,True,5.0,0.7564593825267982,0.6683271294065907,0.6491679439456759,0.5,live_rolling_pf,5.446450485970406,3.640010618743732,778.0643551386294,781.7043657573731,True,B0_technical_control_S5_000512,0,B0_technical_control,2021_2022
PAIRED_B0_technical_control,S5,1569933,1569933,2022-06-14T01:04:00,2022-06-14T01:04:00,2022-06-14T01:04:00,2022-06-14T01:04:00,1321,1814.05,1815.7984999999999,1.7484999999999933,2.1519999999999917,take_profit,False,1.7484999999999218,18.0,True,5.0,0.7497855917666929,0.65115780445966,0.6297169811320441,0.5,live_rolling_pf,5.471930560301612,3.5630902898017145,781.7043657573731,785.2674560471748,True,B0_technical_control_S5_000513,0,B0_technical_control,2021_2022
PAIRED_B0_technical_control,S5,1582184,1582184,2022-06-27T01:01:00,2022-06-27T01:01:00,2022-06-27T01:01:00,2022-06-27T01:01:00,1323,1835.79,1833.8677142857143,1.5618571428570949,1.922285714285655,stop_loss,False,-1.9222857142856355,18.0,True,5.0,-0.9143789073117577,-1.023783636857833,-1.0475672737156756,0.5,live_rolling_pf,5.496872192330224,-5.6276078044065265,785.2674560471748,779.6398482427683,False,B0_technical_control_S5_000514,0,B0_technical_control,2021_2022
PAIRED_B0_technical_control,S5,1595825,1595834,2022-07-11T01:09:00,2022-07-11T01:18:00,2022-07-11T01:09:00,2022-07-11T01:18:00,1326,1742.78,1744.28,1.5,1.5359999999999543,take_profit,False,1.5,24.0,True,5.0,0.8445945945946164,0.6813063063063238,0.6531531531531699,0.5,live_rolling_pf,5.457478937699378,3.718214816788523,779.6398482427683,783.3580630595568,True,B0_technical_control_S5_000515,0,B0_technical_control,2021_2022
PAIRED_B0_technical_control,S5,1597395,1597398,2022-07-12T04:21:00,2022-07-12T04:24:00,2022-07-12T04:21:00,2022-07-12T04:24:00,1329,1723.7,1725.2,1.5,1.7074285714285258,take_profit,False,1.5,23.0,True,5.0,0.7742220911370187,0.6297006341247752,0.6038932310868745,0.5,live_rolling_pf,5.483506441416898,3.45296748338751,783.3580630595568,786.8110305429443,True,B0_technical_control_S5_000516,0,B0_technical_control,2021_2022
PAIRED_B0_technical_control,S5,1597399,1597402,2022-07-12T04:25:00,2022-07-12T04:28:00,2022-07-12T04:25:00,2022-07-12T04:28:00,1330,1725.3,1726.8,1.5,1.6262857142856384,take_profit,False,1.5,21.0,True,5.0,0.8168663451066154,0.6752761786214687,0.6480473004512481,0.5,live_rolling_pf,5.50767721380061,3.719203222015814,786.8110305429443,790.5302337649601,True,B0_technical_control_S5_000517,0,B0_technical_control,2021_2022
PAIRED_B0_technical_control,S5,1597404,1597404,2022-07-12T04:30:00,2022-07-12T04:30:00,2022-07-12T04:30:00,2022-07-12T04:30:00,1331,1731.05,1732.5719285714285,1.5219285714285384,1.8731428571428166,take_profit,False,1.5219285714285888,18.0,True,5.0,0.7412677428333101,0.6292443640412121,0.6048914556081474,0.5,live_rolling_pf,5.533711636354721,3.4820568594054815,790.5302337649601,794.0122906243656,True,B0_technical_control_S5_000518,0,B0_technical_control,2021_2022
PAIRED_B0_technical_control,S5,1597410,1597433,2022-07-12T04:36:00,2022-07-12T04:59:00,2022-07-12T04:36:00,2022-07-12T04:59:00,1332,1731.3,1734.623357142857,3.3233571428571396,4.09028571428571,take_profit,False,3.3233571428570485,21.0,True,5.0,0.772822403826967,0.7123613048966634,0.7007341704869895,0.5,live_rolling_pf,5.558086034370559,3.9593654201721327,794.0122906243656,797.9716560445378,True,B0_technical_control_S5_000519,0,B0_technical_control,2021_2022
PAIRED_B0_technical_control,S5,1668650,1668660,2022-09-21T22:34:00,2022-09-21T22:44:00,2022-09-21T22:34:00,2022-09-21T22:44:00,1338,1676.53,1673.6362857142858,2.3511428571428303,2.893714285714253,stop_loss,False,-2.893714285714168,12.0,True,5.0,-0.9601820250284128,-1.016590822904788,-1.0331816458096044,0.5,live_rolling_pf,5.585801592311765,-5.678474637311092,797.9716560445378,792.2931814072267,False,B0_technical_control_S5_000520,0,B0_technical_control,2021_2022
PAIRED_B0_technical_control,S5,1671503,1671503,2022-09-26T01:11:00,2022-09-26T01:11:00,2022-09-26T01:11:00,2022-09-26T01:11:00,1339,1641.33,1642.83,1.5,1.7337142857142682,take_profit,False,1.5,12.0,True,5.0,0.8091861898890335,0.7174784217016097,0.6905055487053086,0.5,live_rolling_pf,5.546052269850587,3.979172829247029,792.2931814072267,796.2723542364737,True,B0_technical_control_S5_000521,0,B0_technical_control,2021_2022
PAIRED_B0_technical_control,S5,1781523,1781545,2023-01-18T04:52:00,2023-01-18T05:14:00,2023-01-18T04:52:00,2023-01-18T05:14:00,1344,1902.94,1905.2187142857142,2.2787142857142615,2.8045714285713985,take_profit,False,2.278714285714159,12.0,True,5.0,0.7791617819460374,0.7210336068776506,0.7039370847987133,0.5,live_rolling_pf,5.5739064796553155,4.0189738934245804,796.2723542364737,800.2913281298983,True,B0_technical_control_S5_000522,0,B0_technical_control,2023_2024
PAIRED_B0_technical_control,S5,1797523,1797529,2023-02-02T18:45:00,2023-02-02T18:51:00,2023-02-02T18:45:00,2023-02-02T18:51:00,1346,1917.37,1915.5825714285713,1.5,1.7874285714285572,stop_loss,False,-1.7874285714285634,12.0,True,5.0,-0.937088076692633,-1.026213301378074,-1.052426602756145,0.5,live_rolling_pf,5.602039296909288,-5.748887241330985,800.2913281298983,794.5424408885673,False,B0_technical_control_S5_000523,0,B0_technical_control,2023_2024
PAIRED_B0_technical_control,S5,1809396,1809407,2023-02-15T09:49:00,2023-02-15T10:00:00,2023-02-15T09:49:00,2023-02-15T10:00:00,1348,1836.72,1834.672,1.664000000000028,2.0480000000000342,stop_loss,False,-2.048000000000002,12.0,True,5.0,-0.9446494464944508,-1.0230627306272908,-1.046125461254597,0.5,live_rolling_pf,5.561797086219971,-5.690067314223113,794.5424408885673,788.8523735743441,False,B0_technical_control_S5_000524,0,B0_technical_control,2023_2024
PAIRED_B0_technical_control,S5,1835414,1835415,2023-03-14T08:23:00,2023-03-14T08:24:00,2023-03-14T08:23:00,2023-03-14T08:24:00,1349,1906.63,1908.4397857142858,1.8097857142857152,2.2274285714285726,take_profit,False,1.809785714285681,12.0,True,5.0,0.7709651898734031,0.6985455209347469,0.6772456183057304,0.5,live_rolling_pf,5.521966615020409,3.8573450456737124,788.8523735743441,792.7097186200178,True,B0_technical_control_S5_000525,0,B0_technical_control,2023_2024
PAIRED_B0_technical_control,S5,1835416,1835421,2023-03-14T08:25:00,2023-03-14T08:30:00,2023-03-14T08:25:00,2023-03-14T08:30:00,1350,1909.36,1907.0674285714285,1.862714285714302,2.2925714285714487,stop_loss,False,-2.292571428571364,12.0,True,5.0,-0.9502605400283878,-1.0207247749881219,-1.041449549976279,0.5,live_rolling_pf,5.548968030340125,-5.663969144185207,792.7097186200178,787.0457494758326,False,B0_technical_control_S5_000526,0,B0_technical_control,2023_2024
PAIRED_B0_technical_control,S5,1837421,1837430,2023-03-15T18:51:00,2023-03-15T19:00:00,2023-03-15T18:51:00,2023-03-15T19:00:00,1351,1934.89,1932.9060000000002,1.6120000000000119,1.9840000000000146,stop_loss,False,-1.9839999999999236,12.0,True,5.0,-0.9429657794676377,-1.0237642585550895,-1.0475285171102227,0.5,live_rolling_pf,5.509320246330828,-5.640245157127423,787.0457494758326,781.4055043187052,False,B0_technical_control_S5_000527,0,B0_technical_control,2023_2024
PAIRED_B0_technical_control,S5,1846675,1846680,2023-03-24T12:20:00,2023-03-24T12:25:00,2023-03-24T12:20:00,2023-03-24T12:25:00,1352,1997.47,1995.0048571428572,2.002928571428608,2.465142857142902,stop_loss,False,-2.465142857142837,12.0,True,5.0,-0.9535809018567395,-1.0193412908929893,-1.0386825817860041,0.5,live_rolling_pf,5.469838530230937,-5.575632268381814,781.4055043187052,775.8298720503234,False,B0_technical_control_S5_000528,0,B0_technical_control,2023_2024
PAIRED_B0_technical_control,S5,1847028,1847032,2023-03-24T18:13:00,2023-03-24T18:17:00,2023-03-24T18:13:00,2023-03-24T18:17:00,1354,1988.1,1989.9051428571427,1.8051428571428625,2.221714285714292,take_profit,False,1.805142857142755,12.0,True,5.0,0.7708638360175237,0.6982674475353375,0.6769155685699887,0.5,live_rolling_pf,5.430809104352264,3.7921572113477278,775.8298720503234,779.6220292616711,True,B0_technical_control_S5_000529,0,B0_technical_control,2023_2024
PAIRED_B0_technical_control,S5,1847997,1848005,2023-03-27T12:24:00,2023-03-27T12:32:00,2023-03-27T12:24:00,2023-03-27T12:32:00,1355,1962.79,1960.7431428571429,1.6630714285714152,2.0468571428571263,stop_loss,False,-2.0468571428571067,12.0,True,5.0,-0.9446202531645475,-1.023074894514759,-1.0461497890295273,0.5,live_rolling_pf,5.457354204831698,-5.5832820774378655,779.6220292616711,774.0387471842332,False,B0_technical_control_S5_000530,0,B0_technical_control,2023_2024
PAIRED_B0_technical_control,S5,1858027,1858033,2023-04-05T18:42:00,2023-04-05T18:48:00,2023-04-05T18:42:00,2023-04-05T18:48:00,1359,2019.7,2021.3445,1.6444999999999612,2.0239999999999525,take_profit,False,1.64449999999988,12.0,True,5.0,0.7670242537313042,0.6877332089551831,0.6644123134327945,0.5,live_rolling_pf,5.4182712302896325,3.7263250601966367,774.0387471842332,777.7650722444298,True,B0_technical_control_S5_000531,0,B0_technical_control,2023_2024
PAIRED_B0_technical_control,S5,1866285,1866288,2023-04-14T18:27:00,2023-04-14T18:30:00,2023-04-14T18:27:00,2023-04-14T18:30:00,1361,1998.3,1999.925,1.625000000000021,2.000000000000026,take_profit,False,1.625,12.0,True,5.0,0.7665094339622547,0.6863207547169726,0.6627358490565955,0.5,live_rolling_pf,5.444355505711009,3.736574179627085,777.7650722444298,781.5016464240568,True,B0_technical_control_S5_000532,0,B0_technical_control,2023_2024
PAIRED_B0_technical_control,S5,1866291,1866296,2023-04-14T18:33:00,2023-04-14T18:38:00,2023-04-14T18:33:00,2023-04-14T18:38:00,1362,1998.5,1996.6691428571428,1.5,1.830857142857141,stop_loss,False,-1.8308571428572122,12.0,True,5.0,-0.9384885764499487,-1.0256297598125732,-1.05125951962511,0.5,live_rolling_pf,5.470511524968398,-5.610719421405252,781.5016464240568,775.8909270026516,False,B0_technical_control_S5_000533,0,B0_technical_control,2023_2024
PAIRED_B0_technical_control,S5,1879249,1879339,2023-04-28T04:43:00,2023-04-28T06:13:00,2023-04-28T04:43:00,2023-04-28T06:13:00,1364,1989.91,1989.35,1.6045714285714048,1.9748571428571138,timeout,False,-0.5600000000001728,16.0,True,5.0,-0.26231263383306097,-0.3606798715204284,-0.3841006423983731,0.5,live_rolling_pf,5.431236489018561,-1.9589376790562771,775.8909270026516,773.9319893235953,False,B0_technical_control_S5_000534,0,B0_technical_control,2023_2024
PAIRED_B0_technical_control,S5,1884727,1884727,2023-05-04T04:06:00,2023-05-04T04:06:00,2023-05-04T04:06:00,2023-05-04T04:06:00,1365,2052.23,2050.423142857143,1.5,1.8068571428571367,stop_loss,False,-1.8068571428570976,14.0,True,5.0,-0.9280892280598564,-1.025682418550024,-1.0513648371000681,0.5,live_rolling_pf,5.417523925265167,-5.5566590422185955,773.9319893235953,768.3753302813767,False,B0_technical_control_S5_000535,0,B0_technical_control,2023_2024
PAIRED_B0_technical_control,S5,1884744,1884751,2023-05-04T04:23:00,2023-05-04T04:30:00,2023-05-04T04:23:00,2023-05-04T04:30:00,1368,2047.66,2049.1995714285713,1.5395714285713797,1.8948571428570826,take_profit,False,1.5395714285712074,13.0,True,5.0,0.7603358261604891,0.6714406660080948,0.646747565965763,0.5,live_post_loss_cap;live_rolling_pf,5.378627311969637,3.6114291045582214,768.3753302813767,771.9867593859349,True,B0_technical_control_S5_000536,0,B0_technical_control,2023_2024
PAIRED_B0_technical_control,S5,1885599,1885604,2023-05-04T18:38:00,2023-05-04T18:43:00,2023-05-04T18:38:00,2023-05-04T18:43:00,1369,2049.13,2050.705785714286,1.5757857142856535,1.9394285714284967,take_profit,False,1.5757857142857574,12.0,True,5.0,0.7651567702553207,0.682609600443997,0.6583310210877252,0.5,live_rolling_pf,5.403907315701544,3.6887590136074233,771.9867593859349,775.6755183995423,True,B0_technical_control_S5_000537,0,B0_technical_control,2023_2024
PAIRED_B0_technical_control,S5,1885606,1885628,2023-05-04T18:45:00,2023-05-04T19:07:00,2023-05-04T18:45:00,2023-05-04T19:07:00,1370,2051.22,2052.72,1.5,1.7611428571427887,take_profit,False,1.5,12.0,True,5.0,0.7973876063183765,0.7070170109356272,0.680437424058348,0.5,live_rolling_pf,5.429728628796796,3.838910505323512,775.6755183995423,779.5144289048658,True,B0_technical_control_S5_000538,0,B0_technical_control,2023_2024
PAIRED_B0_technical_control,S5,1891086,1891086,2023-05-10T18:10:00,2023-05-10T18:10:00,2023-05-10T18:10:00,2023-05-10T18:10:00,1371,2024.96,2023.2514285714285,1.5,1.708571428571434,stop_loss,False,-1.7085714285715312,12.0,True,5.0,-0.9343750000000534,-1.027343750000053,-1.0546875000000528,0.5,live_rolling_pf,5.456601002334061,-5.605804935991922,779.5144289048658,773.9086239688738,False,B0_technical_control_S5_000539,0,B0_technical_control,2023_2024
PAIRED_B0_technical_control,S5,2048192,2048193,2023-10-18T04:39:00,2023-10-18T04:40:00,2023-10-18T04:39:00,2023-10-18T04:40:00,1375,1936.21,1937.9677857142858,1.7577857142857414,2.163428571428605,take_profit,False,1.7577857142857738,19.0,True,5.0,0.7469042126988128,0.6449253368945165,0.6236797377686215,0.5,live_rolling_pf,5.417360367782117,3.4937929602708837,773.9086239688738,777.4024169291447,True,B0_technical_control_S5_000540,0,B0_technical_control,2023_2024
PAIRED_B0_technical_control,S5,2093272,2093274,2023-12-04T03:30:00,2023-12-04T03:32:00,2023-12-04T03:30:00,2023-12-04T03:32:00,1376,2091.86,2089.6485714285714,1.796785714285706,2.211428571428561,stop_loss,False,-2.211428571428769,32.0,True,5.0,-0.8735891647856346,-1.0197516930023396,-1.039503386004597,0.5,live_rolling_pf,5.441816918504013,-5.549302015653241,777.4024169291447,771.8531149134915,False,B0_technical_control_S5_000541,0,B0_technical_control,2023_2024
PAIRED_B0_technical_control,S5,2093307,2093316,2023-12-04T04:05:00,2023-12-04T04:14:00,2023-12-04T04:05:00,2023-12-04T04:14:00,1378,2085.81,2084.3242857142855,1.5,1.4857142857143377,stop_loss,False,-1.4857142857144936,34.0,True,5.0,-0.8137715179969608,-1.0273865414711332,-1.0547730829421809,0.5,live_post_loss_cap;live_rolling_pf,5.402971804394441,-5.550940515782853,771.8531149134915,766.3021743977087,False,B0_technical_control_S5_000542,0,B0_technical_control,2023_2024
PAIRED_B0_technical_control,S5,2182074,2182080,2024-03-05T18:09:00,2024-03-05T18:15:00,2024-03-05T18:09:00,2024-03-05T18:15:00,1383,2125.95,2127.559214285714,1.609214285714279,1.9805714285714204,take_profit,False,1.609214285714188,18.0,True,5.0,0.7448095741866806,0.6383562549589626,0.6152142290398935,0.5,live_rolling_pf,5.364115220783961,3.4242165035080183,766.3021743977087,769.7263909012166,True,B0_technical_control_S5_000543,0,B0_technical_control,2023_2024
PAIRED_B0_technical_control,S5,2203827,2203828,2024-03-27T12:02:00,2024-03-27T12:03:00,2024-03-27T12:02:00,2024-03-27T12:03:00,1385,2188.76,2190.7796428571432,2.0196428571428995,2.4857142857143377,take_profit,False,2.019642857143026,18.0,True,5.0,0.7576366559486016,0.6713558413719688,0.6525991425509616,0.5,live_rolling_pf,5.3880847363085165,3.617322161527867,769.7263909012166,773.3437130627445,True,B0_technical_control_S5_000544,0,B0_technical_control,2023_2024
PAIRED_B0_technical_control,S5,2205234,2205236,2024-03-28T12:30:00,2024-03-28T12:32:00,2024-03-28T12:30:00,2024-03-28T12:32:00,1386,2204.41,2206.7314285714283,2.321428571428529,2.8571428571428052,take_profit,False,2.3214285714284415,18.0,True,5.0,0.7643461900281923,0.6886171213546256,0.6721542803386328,0.5,live_rolling_pf,5.413405991439212,3.727764050548753,773.3437130627445,777.0714771132933,True,B0_technical_control_S5_000545,0,B0_technical_control,2023_2024
PAIRED_B0_technical_control,S5,2205255,2205267,2024-03-28T12:51:00,2024-03-28T13:03:00,2024-03-28T12:51:00,2024-03-28T13:03:00,1387,2212.35,2210.136285714286,1.7986428571428048,2.213714285714221,stop_loss,False,-2.2137142857141043,18.0,True,5.0,-0.9248030556218159,-1.0208880401049887,-1.0417760802100264,0.5,live_rolling_pf,5.439500339793053,-5.55312084104175,777.0714771132933,771.5183562722516,False,B0_technical_control_S5_000546,0,B0_technical_control,2023_2024
PAIRED_B0_technical_control,S5,2208277,2208287,2024-04-02T18:15:00,2024-04-02T18:25:00,2024-04-02T18:15:00,2024-04-02T18:25:00,1390,2258.97,2256.622571428571,1.9072857142857533,2.3474285714286194,stop_loss,False,-2.347428571428736,19.0,True,5.0,-0.9251210449274205,-1.0197049881770528,-1.0394099763540594,0.5,live_rolling_pf,5.400628493905761,-5.507047814526828,771.5183562722516,766.0113084577248,False,B0_technical_control_S5_000547,0,B0_technical_control,2023_2024
PAIRED_B0_technical_control,S5,2209666,2209669,2024-04-03T18:25:00,2024-04-03T18:28:00,2024-04-03T18:25:00,2024-04-03T18:28:00,1391,2284.72,2286.322714285714,1.602714285714306,1.9725714285714535,take_profit,False,1.602714285714228,19.0,True,5.0,0.7411150746465495,0.6301360813845611,0.6070154577883135,0.5,live_rolling_pf,5.3620791592040735,3.378839549454677,766.0113084577248,769.3901480071795,True,B0_technical_control_S5_000548,0,B0_technical_control,2023_2024
PAIRED_B0_technical_control,S5,2209680,2209684,2024-04-03T18:39:00,2024-04-03T18:43:00,2024-04-03T18:39:00,2024-04-03T18:43:00,1392,2284.98,2282.9777142857142,1.6268571428571414,2.0022857142857124,stop_loss,False,-2.00228571428579,19.0,True,5.0,-0.9133324644858949,-1.0228072461879674,-1.045614492375899,0.5,live_rolling_pf,5.385731036050257,-5.508564729691631,769.3901480071795,763.8815832774878,False,B0_technical_control_S5_000549,0,B0_technical_control,2023_2024
PAIRED_B0_technical_control,S5,2211579,2211581,2024-04-05T04:20:00,2024-04-05T04:22:00,2024-04-05T04:20:00,2024-04-05T04:22:00,1395,2274.52,2271.905142857143,2.12457142857127,2.614857142856948,stop_loss,False,-2.6148571428570904,19.0,True,5.0,-0.9322603646735717,-1.0178262198228085,-1.0356524396455662,0.5,live_rolling_pf,5.347171082942415,-5.442490930097112,763.8815832774878,758.4390923473907,False,B0_technical_control_S5_000550,0,B0_technical_control,2023_2024
PAIRED_B0_technical_control,S5,2212419,2212425,2024-04-05T18:20:00,2024-04-05T18:26:00,2024-04-05T18:20:00,2024-04-05T18:26:00,1397,2324.75,2326.7770714285716,2.0270714285715066,2.4948571428572386,take_profit,False,2.0270714285716167,19.0,True,5.0,0.7550015962541669,0.6656113653294068,0.6469884005534151,0.5,live_rolling_pf,5.3090736464317345,3.533779758435799,758.4390923473907,761.9728721058265,True,B0_technical_control_S5_000551,0,B0_technical_control,2023_2024
PAIRED_B0_technical_control,S5,2212426,2212432,2024-04-05T18:27:00,2024-04-05T18:33:00,2024-04-05T18:27:00,2024-04-05T18:33:00,1397,2326.54,2323.8977142857143,2.146857142857133,2.642285714285702,stop_loss,False,-2.642285714285663,20.0,True,5.0,-0.929634097305977,-1.0175914756734885,-1.0351829513469908,0.5,live_rolling_pf,5.3338101047407855,-5.4276396954453405,761.9728721058265,756.5452324103811,False,B0_technical_control_S5_000552,1,B0_technical_control,2023_2024
PAIRED_B0_technical_control,S5,2212447,2212451,2024-04-05T18:48:00,2024-04-05T18:52:00,2024-04-05T18:48:00,2024-04-05T18:52:00,1400,2325.85,2327.748928571428,1.8989285714284279,2.3371428571426804,take_profit,False,1.8989285714283142,19.0,True,5.0,0.7514132278122742,0.6564443188241386,0.6366591294516103,0.5,live_post_loss_cap;live_rolling_pf,5.295816626872668,3.4764087382449755,756.5452324103811,760.0216411486261,True,B0_technical_control_S5_000553,0,B0_technical_control,2023_2024
PAIRED_B0_technical_control,S5,2212452,2212453,2024-04-05T18:53:00,2024-04-05T18:54:00,2024-04-05T18:53:00,2024-04-05T18:54:00,1400,2327.74,2325.788,1.5859999999999088,1.9519999999998878,stop_loss,False,-1.9519999999997708,19.0,True,5.0,-0.9112978524742638,-1.0233426704014406,-1.0466853408029355,0.5,live_post_loss_cap;live_rolling_pf,5.320151488040383,-5.444338030711443,760.0216411486261,754.5773031179147,False,B0_technical_control_S5_000554,1,B0_technical_control,2023_2024
PAIRED_B0_technical_control,S5,2214828,2214863,2024-04-09T12:32:00,2024-04-09T13:07:00,2024-04-09T12:32:00,2024-04-09T13:07:00,1404,2363.6,2361.620571428571,1.6082857142857296,1.9794285714285902,stop_loss,False,-1.979428571428798,19.0,True,5.0,-0.9124193335968304,-1.023047543790429,-1.0460950875807618,0.5,live_rolling_pf,5.282041121825403,-5.40377919588352,754.5773031179147,749.1735239220311,False,B0_technical_control_S5_000555,0,B0_technical_control,2023_2024
PAIRED_B0_technical_control,S5,2215196,2215201,2024-04-09T18:40:00,2024-04-09T18:45:00,2024-04-09T18:40:00,2024-04-09T18:45:00,1405,2345.55,2347.1926428571433,1.6426428571428624,2.021714285714292,take_profit,False,1.6426428571430733,19.0,True,5.0,0.7427012013952642,0.6341880893942311,0.6115811910606825,0.5,live_rolling_pf,5.244214667454218,3.325818480325993,749.1735239220311,752.4993424023571,True,B0_technical_control_S5_000556,0,B0_technical_control,2023_2024
PAIRED_B0_technical_control,S5,2216214,2216218,2024-04-10T12:39:00,2024-04-10T12:43:00,2024-04-10T12:39:00,2024-04-10T12:43:00,1408,2346.34,2348.0885000000003,1.7484999999999933,2.1519999999999917,take_profit,False,1.7485000000001492,19.0,True,5.0,0.7465841161401175,0.6441076003416544,0.6227583262169745,0.5,live_rolling_pf,5.2674953968165,3.3928338198541863,752.4993424023571,755.8921762222113,True,B0_technical_control_S5_000557,0,B0_technical_control,2023_2024
PAIRED_B0_technical_control,S5,2216225,2216236,2024-04-10T12:50:00,2024-04-10T13:01:00,2024-04-10T12:50:00,2024-04-10T13:01:00,1409,2348.02,2346.2634285714284,1.5,1.756571428571312,stop_loss,False,-1.756571428571533,19.0,True,5.0,-0.9023924849553403,-1.0256861881697907,-1.0513723763394678,0.5,live_rolling_pf,5.29124523355548,-5.427157154277094,755.8921762222113,750.4650190679342,False,B0_technical_control_S5_000558,0,B0_technical_control,2023_2024
PAIRED_B0_technical_control,S5,2216579,2216582,2024-04-10T18:44:00,2024-04-10T18:47:00,2024-04-10T18:44:00,2024-04-10T18:47:00,1410,2340.07,2337.5808571428574,2.0224285714285055,2.489142857142776,stop_loss,False,-2.489142857142724,19.0,True,5.0,-0.9290817958835234,-1.0186626852937852,-1.0373253705875898,0.5,live_rolling_pf,5.25325513347554,-5.351294980799556,750.4650190679342,745.1137240871346,False,B0_technical_control_S5_000559,0,B0_technical_control,2023_2024
PAIRED_B0_technical_control,S5,2216623,2216625,2024-04-10T19:28:00,2024-04-10T19:30:00,2024-04-10T19:28:00,2024-04-10T19:30:00,1412,2337.7,2335.9365714285714,1.5,1.7634285714286049,stop_loss,False,-1.7634285714284488,19.0,True,5.0,-0.9027351177416214,-1.025596021646841,-1.0511920432937616,0.5,live_post_loss_cap;live_rolling_pf,5.215796068609943,-5.349299697687591,745.1137240871346,739.7644243894471,False,B0_technical_control_S5_000560,0,B0_technical_control,2023_2024
PAIRED_B0_technical_control,S5,2216787,2216825,2024-04-10T22:12:00,2024-04-10T22:50:00,2024-04-10T22:12:00,2024-04-10T22:50:00,1414,2328.71,2330.4417857142857,1.731785714285765,2.131428571428634,take_profit,False,1.7317857142857065,19.0,True,5.0,0.7459999999999766,0.642615384615364,0.621076923076903,0.5,live_rolling_pf,5.17835097072613,3.3276880007265155,739.7644243894471,743.0921123901736,True,B0_technical_control_S5_000561,0,B0_technical_control,2023_2024
PAIRED_B0_technical_control,S5,2218463,2218502,2024-04-12T04:10:00,2024-04-12T04:49:00,2024-04-12T04:10:00,2024-04-12T04:49:00,1415,2385.75,2389.5060714285714,3.75607142857137,4.622857142857071,take_profit,False,3.756071428571431,19.0,True,5.0,0.7804244582962425,0.7305580290887618,0.7201691896705367,0.5,live_rolling_pf,5.201644786731215,3.800103363414189,743.0921123901736,746.8922157535878,True,B0_technical_control_S5_000562,0,B0_technical_control,2023_2024
PAIRED_B0_technical_control,S5,2219549,2219552,2024-04-12T22:16:00,2024-04-12T22:19:00,2024-04-12T22:16:00,2024-04-12T22:19:00,1420,2336.3,2338.2379285714287,1.9379285714285193,2.385142857142793,take_profit,False,1.9379285714285288,19.0,True,5.0,0.7525518695218041,0.6593531565516475,0.6399367580161982,0.5,live_rolling_pf,5.228245510275115,3.447260180426876,746.8922157535878,750.3394759340147,True,B0_technical_control_S5_000563,0,B0_technical_control,2023_2024
PAIRED_B0_technical_control,S5,2219579,2219580,2024-04-12T22:46:00,2024-04-12T22:47:00,2024-04-12T22:46:00,2024-04-12T22:47:00,1421,2342.74,2344.542357142857,1.8023571428572138,2.2182857142858015,take_profit,False,1.8023571428570904,19.0,True,5.0,0.7483983865226703,0.6487424368252009,0.6279807806382282,0.5,live_rolling_pf,5.252376331538103,3.4074394204450384,750.3394759340147,753.7469153544597,True,B0_technical_control_S5_000564,0,B0_technical_control,2023_2024
PAIRED_B0_technical_control,S5,2223438,2223443,2024-04-17T18:09:00,2024-04-17T18:14:00,2024-04-17T18:09:00,2024-04-17T18:14:00,1423,2391.99,2389.929428571428,1.6742142857142621,2.0605714285713996,stop_loss,False,-2.0605714285716203,19.0,True,5.0,-0.9155769963184923,-1.0222165799163103,-1.0444331598325223,0.5,live_rolling_pf,5.276228407481218,-5.393448157552731,753.7469153544597,748.353467196907,False,B0_technical_control_S5_000565,0,B0_technical_control,2023_2024
PAIRED_B0_technical_control,S5,2223474,2223478,2024-04-17T18:45:00,2024-04-17T18:49:00,2024-04-17T18:45:00,2024-04-17T18:49:00,1424,2385.6,2387.5249285714285,1.924928571428531,2.3691428571428075,take_profit,False,1.9249285714286088,19.0,True,5.0,0.7521770682148333,0.6583956681925026,0.6388578765211836,0.5,live_post_loss_cap;live_rolling_pf,5.238474270378349,3.4489887675549857,748.353467196907,751.802455964462,True,B0_technical_control_S5_000566,0,B0_technical_control,2023_2024
PAIRED_B0_technical_control,S5,2223481,2223487,2024-04-17T18:52:00,2024-04-17T18:58:00,2024-04-17T18:52:00,2024-04-17T18:58:00,1425,2386.14,2384.1102857142855,1.649142857142793,2.0297142857142068,stop_loss,False,-2.0297142857143626,19.0,True,5.0,-0.9144033981208035,-1.022525421547246,-1.0450508430944212,0.5,live_post_loss_cap;live_rolling_pf,5.262617191751234,-5.381159862437214,751.802455964462,746.4212961020247,False,B0_technical_control_S5_000567,0,B0_technical_control,2023_2024
PAIRED_B0_technical_control,S5,2224821,2224836,2024-04-18T18:13:00,2024-04-18T18:28:00,2024-04-18T18:13:00,2024-04-18T18:28:00,1429,2382.74,2384.5432857142855,1.8032857142857632,2.2194285714286317,take_profit,False,1.803285714285721,19.0,True,5.0,0.7484287916518281,0.648820111466843,0.6280683030949711,0.5,live_rolling_pf,5.224949072714173,3.3900520397669878,746.4212961020247,749.8113481417917,True,B0_technical_control_S5_000568,0,B0_technical_control,2023_2024
PAIRED_B0_technical_control,S5,2224840,2224849,2024-04-18T18:32:00,2024-04-18T18:41:00,2024-04-18T18:32:00,2024-04-18T18:41:00,1430,2384.22,2382.408571428571,1.5,1.8114285714285092,stop_loss,False,-1.811428571428678,19.0,True,5.0,-0.9050678087081471,-1.024982155603226,-1.0499643112063672,0.5,live_rolling_pf,5.248679436992542,-5.379802763398942,749.8113481417917,744.4315453783927,False,B0_technical_control_S5_000569,0,B0_technical_control,2023_2024
PAIRED_B0_technical_control,S5,2224867,2224882,2024-04-18T18:59:00,2024-04-18T19:14:00,2024-04-18T18:59:00,2024-04-18T19:14:00,1432,2383.8,2385.4110714285716,1.6110714285713779,1.9828571428570805,take_profit,False,1.6110714285714494,19.0,True,5.0,0.7414529914530223,0.6309993425378317,0.6079881656805004,0.5,live_post_loss_cap;live_rolling_pf,5.211020817648749,3.288150709887315,744.4315453783927,747.71969608828,True,B0_technical_control_S5_000570,0,B0_technical_control,2023_2024
PAIRED_B0_technical_control,S5,2225368,2225368,2024-04-19T04:21:00,2024-04-19T04:21:00,2024-04-19T04:21:00,2024-04-19T04:21:00,1433,2390.55,2392.8835000000004,2.3335000000001367,2.8720000000001686,take_profit,False,2.3335000000001855,19.0,True,5.0,0.7620836054866287,0.6837034617897029,0.6673742651861767,0.5,live_rolling_pf,5.23403787261796,3.5785298126473113,747.71969608828,751.2982259009273,True,B0_technical_control_S5_000571,0,B0_technical_control,2023_2024
PAIRED_B0_technical_control,S5,2225370,2225374,2024-04-19T04:23:00,2024-04-19T04:27:00,2024-04-19T04:23:00,2024-04-19T04:27:00,1434,2393.17,2395.6047142857146,2.434714285714394,2.9965714285715617,take_profit,False,2.4347142857145627,19.0,True,5.0,0.7640545144804639,0.6887384560208597,0.6730476105084422,0.5,live_rolling_pf,5.259087581306491,3.6221358608275103,751.2982259009273,754.9203617617547,True,B0_technical_control_S5_000572,0,B0_technical_control,2023_2024
PAIRED_B0_technical_control,S5,2225376,2225378,2024-04-19T04:29:00,2024-04-19T04:31:00,2024-04-19T04:29:00,2024-04-19T04:31:00,1435,2394.9,2397.8055,2.905500000000039,3.5760000000000485,take_profit,False,2.905499999999847,19.0,True,5.0,0.7715082315453557,0.7077801380774861,0.6945034519383466,0.5,live_rolling_pf,5.2844425323322834,3.7402234651966837,754.9203617617547,758.6605852269514,True,B0_technical_control_S5_000573,0,B0_technical_control,2023_2024
PAIRED_B0_technical_control,S5,2225398,2225400,2024-04-19T04:51:00,2024-04-19T04:53:00,2024-04-19T04:51:00,2024-04-19T04:53:00,1436,2411.2,2405.4354285714285,4.683714285714375,5.764571428571539,stop_loss,False,-5.764571428571344,19.0,True,5.0,-0.9680917422388238,-1.0083969099371102,-1.016793819874253,0.5,live_rolling_pf,5.31062409658866,-5.355216928837563,758.6605852269514,753.3053682981139,False,B0_technical_control_S5_000574,0,B0_technical_control,2023_2024
PAIRED_B0_technical_control,S5,2225607,2225624,2024-04-19T08:20:00,2024-04-19T08:37:00,2024-04-19T08:20:00,2024-04-19T08:37:00,1452,2383.9,2381.8782857142855,1.6426428571430312,2.0217142857145,stop_loss,False,-2.021714285714552,22.0,True,5.0,-0.9018608208004403,-1.0223043589090193,-1.0446087178180152,0.5,live_rolling_pf,5.273137578086797,-5.3907515312050815,753.3053682981139,747.9146167669088,False,B0_technical_control_S5_000575,0,B0_technical_control,2023_2024
PAIRED_B0_technical_control,S5,2225650,2225651,2024-04-19T09:03:00,2024-04-19T09:04:00,2024-04-19T09:03:00,2024-04-19T09:04:00,1455,2380.15,2381.8845714285717,1.7345714285714557,2.1348571428571765,take_profit,False,1.7345714285715985,19.0,True,5.0,0.7460980705420311,0.6428659211012068,0.621359223301035,0.5,live_post_loss_cap;live_rolling_pf,5.2354023173683615,3.365661733090404,747.9146167669088,751.2802784999992,True,B0_technical_control_S5_000576,0,B0_technical_control,2023_2024
PAIRED_B0_technical_control,S5,2226201,2226205,2024-04-19T18:14:00,2024-04-19T18:18:00,2024-04-19T18:14:00,2024-04-19T18:18:00,1456,2394.22,2395.8385,1.6185000000000271,1.9920000000000333,take_profit,False,1.61850000000004,19.0,True,5.0,0.7417506874427201,0.6317598533455633,0.6088450962419889,0.5,live_rolling_pf,5.258961949499994,3.322401029966014,751.2802784999992,754.6026795299653,True,B0_technical_control_S5_000577,0,B0_technical_control,2023_2024
PAIRED_B0_technical_control,S5,2226212,2226219,2024-04-19T18:25:00,2024-04-19T18:32:00,2024-04-19T18:25:00,2024-04-19T18:32:00,1457,2393.69,2391.474,1.8004999999999882,2.2159999999999855,stop_loss,False,-2.2159999999998945,19.0,True,5.0,-0.9210307564421895,-1.0207813798835867,-1.041562759767211,0.5,live_rolling_pf,5.2822187567097565,-5.3919905513211495,754.6026795299653,749.2106889786442,False,B0_technical_control_S5_000578,0,B0_technical_control,2023_2024
PAIRED_B0_technical_control,S5,2228151,2228156,2024-04-23T04:47:00,2024-04-23T04:52:00,2024-04-23T04:47:00,2024-04-23T04:52:00,1460,2310.01,2304.2968571428573,4.641928571428552,5.713142857142833,stop_loss,False,-5.713142857142884,19.0,True,5.0,-0.9678137553845495,-1.008470064372498,-1.0169401287449873,0.5,live_rolling_pf,5.244474822850509,-5.288895862199998,749.2106889786442,743.9217931164442,False,B0_technical_control_S5_000579,0,B0_technical_control,2023_2024
PAIRED_B0_technical_control,S5,2228392,2228402,2024-04-23T08:48:00,2024-04-23T08:58:00,2024-04-23T08:48:00,2024-04-23T08:58:00,1471,2306.94,2308.617928571429,1.6779285714285868,2.065142857142876,take_profit,False,1.6779285714287653,19.0,True,5.0,0.7440453566452083,0.637621943494316,0.6154503990878801,0.5,live_rolling_pf,5.207452551815109,3.320386016742785,743.9217931164442,747.2421791331869,True,B0_technical_control_S5_000580,0,B0_technical_control,2023_2024
PAIRED_B0_technical_control,S5,2228595,2228597,2024-04-23T12:11:00,2024-04-23T12:13:00,2024-04-23T12:11:00,2024-04-23T12:13:00,1472,2299.62,2297.788,1.5,1.831999999999971,stop_loss,False,-1.83199999999988,19.0,True,5.0,-0.906033630069192,-1.024727992086998,-1.0494559841740407,0.5,live_rolling_pf,5.230695253932309,-5.360039844781046,747.2421791331869,741.8821392884059,False,B0_technical_control_S5_000581,0,B0_technical_control,2023_2024
PAIRED_B0_technical_control,S5,2228638,2228646,2024-04-23T12:54:00,2024-04-23T13:02:00,2024-04-23T12:54:00,2024-04-23T13:02:00,1476,2295.24,2296.748928571428,1.5089285714285716,1.8571428571428574,take_profit,False,1.5089285714284415,19.0,True,5.0,0.7370900209350375,0.6198534542916322,0.595429169574256,0.5,live_post_loss_cap;live_rolling_pf,5.193174975018842,3.2190074470062897,741.8821392884059,745.1011467354123,True,B0_technical_control_S5_000582,0,B0_technical_control,2023_2024
PAIRED_B0_technical_control,S5,2229995,2230005,2024-04-24T12:32:00,2024-04-24T12:42:00,2024-04-24T12:32:00,2024-04-24T12:42:00,1477,2313.1,2314.737071428571,1.6370714285713541,2.014857142857051,take_profit,False,1.6370714285712893,19.0,True,5.0,0.7424841259556499,0.6336335363482851,0.610956330180084,0.5,live_rolling_pf,5.215708027147886,3.3048475218018525,745.1011467354123,748.4059942572142,True,B0_technical_control_S5_000583,0,B0_technical_control,2023_2024
PAIRED_B0_technical_control,S5,2233109,2233119,2024-04-26T18:28:00,2024-04-26T18:38:00,2024-04-26T18:28:00,2024-04-26T18:38:00,1479,2333.26,2334.883142857143,1.6231428571429012,1.99771428571434,take_profit,False,1.6231428571427386,19.0,True,5.0,0.7419354838708953,0.6322319446257627,0.6093770406163601,0.5,live_rolling_pf,5.238841959800499,3.3121632398317113,748.4059942572142,751.7181574970459,True,B0_technical_control_S5_000584,0,B0_technical_control,2023_2024
PAIRED_B0_technical_control,S5,2239987,2239990,2024-05-03T18:12:00,2024-05-03T18:15:00,2024-05-03T18:12:00,2024-05-03T18:15:00,1483,2292.55,2294.689428571429,2.139428571428568,2.633142857142853,take_profit,False,2.1394285714286525,19.0,True,5.0,0.7578180346119112,0.6728063961137833,0.65509563809334,0.5,live_rolling_pf,5.262027102479322,3.540325491072166,751.7181574970459,755.2584829881181,True,B0_technical_control_S5_000585,0,B0_technical_control,2023_2024
PAIRED_B0_technical_control,S5,2239995,2240003,2024-05-03T18:20:00,2024-05-03T18:28:00,2024-05-03T18:20:00,2024-05-03T18:28:00,1484,2294.33,2292.1414285714286,1.7782142857143364,2.188571428571491,stop_loss,False,-2.188571428571322,19.0,True,5.0,-0.9201201201200513,-1.0210210210209496,-1.04204204204197,0.5,live_rolling_pf,5.286809380916827,-5.397943512046833,755.2584829881181,749.8605394760713,False,B0_technical_control_S5_000586,0,B0_technical_control,2023_2024
PAIRED_B0_technical_control,S5,2240034,2240041,2024-05-03T18:59:00,2024-05-03T19:06:00,2024-05-03T18:59:00,2024-05-03T19:06:00,1487,2293.86,2295.36,1.5,1.642285714285702,take_profit,False,1.5,19.0,True,5.0,0.8186496179635172,0.6876656790893544,0.6603773584905704,0.5,live_post_loss_cap;live_rolling_pf,5.249023776332499,3.6095734997078552,749.8605394760713,753.4701129757791,True,B0_technical_control_S5_000587,0,B0_technical_control,2023_2024
PAIRED_B0_technical_control,S5,2251030,2251037,2024-05-15T18:28:00,2024-05-15T18:35:00,2024-05-15T18:28:00,2024-05-15T18:35:00,1488,2383.92,2381.5222857142858,1.9481428571428587,2.397714285714288,stop_loss,False,-2.397714285714301,19.0,True,5.0,-0.9265761289610297,-1.0193220713260511,-1.0386441426520974,0.5,live_rolling_pf,5.274290790830454,-5.376201013685215,753.4701129757791,748.0939119620939,False,B0_technical_control_S5_000588,0,B0_technical_control,2023_2024
PAIRED_B0_technical_control,S5,2253801,2253803,2024-05-17T18:41:00,2024-05-17T18:43:00,2024-05-17T18:41:00,2024-05-17T18:43:00,1489,2406.46,2404.474857142857,1.6129285714286035,1.9851428571428966,stop_loss,False,-1.9851428571428187,19.0,True,5.0,-0.9126494154734978,-1.0229869959279816,-1.045973991855999,0.5,live_rolling_pf,5.2366573837346575,-5.357032405690801,748.0939119620939,742.7368795564031,False,B0_technical_control_S5_000589,0,B0_technical_control,2023_2024
PAIRED_B0_technical_control,S5,2258452,2258461,2024-05-23T04:17:00,2024-05-23T04:26:00,2024-05-23T04:17:00,2024-05-23T04:26:00,1494,2376.24,2373.696,2.0669999999999784,2.5439999999999734,stop_loss,False,-2.543999999999869,19.0,True,5.0,-0.9305047549377812,-1.0182882223847463,-1.0365764447695307,0.5,live_rolling_pf,5.199158156894822,-5.2942415174815824,742.7368795564031,737.4426380389215,False,B0_technical_control_S5_000590,0,B0_technical_control,2023_2024
PAIRED_B0_technical_control,S5,2258726,2258727,2024-05-23T08:51:00,2024-05-23T08:52:00,2024-05-23T08:51:00,2024-05-23T08:52:00,1499,2362.49,2364.466,1.9759999999999764,2.431999999999971,take_profit,False,1.9760000000001128,19.0,True,5.0,0.7536231884058484,0.6620900076278154,0.6430205949657252,0.5,live_rolling_pf,5.16209846627245,3.417773812909861,737.4426380389215,740.8604118518314,True,B0_technical_control_S5_000591,0,B0_technical_control,2023_2024
PAIRED_B0_technical_control,S5,2258732,2258733,2024-05-23T08:57:00,2024-05-23T08:58:00,2024-05-23T08:57:00,2024-05-23T08:58:00,1500,2361.53,2358.875142857143,2.1570714285714305,2.654857142857145,stop_loss,False,-2.654857142857054,19.0,True,5.0,-0.9332128151049194,-1.0175755749723494,-1.0351511499447306,0.5,live_rolling_pf,5.18602288296282,-5.277170216950652,740.8604118518314,735.5832416348807,False,B0_technical_control_S5_000592,0,B0_technical_control,2023_2024
PAIRED_B0_technical_control,S5,2259845,2259891,2024-05-24T04:31:00,2024-05-24T05:17:00,2024-05-24T04:31:00,2024-05-24T05:17:00,1501,2333.72,2331.7451428571426,1.6045714285714048,1.9748571428571138,stop_loss,False,-1.9748571428572177,19.0,True,5.0,-0.9122343935595031,-1.0230962122212441,-1.04619242444244,0.5,live_rolling_pf,5.149082691444165,-5.268006998030494,735.5832416348807,730.3152346368502,False,B0_technical_control_S5_000593,0,B0_technical_control,2023_2024
PAIRED_B0_technical_control,S5,2269805,2269806,2024-06-04T12:13:00,2024-06-04T12:14:00,2024-06-04T12:13:00,2024-06-04T12:14:00,1504,2328.42,2329.9818571428573,1.561857142857158,1.922285714285733,take_profit,False,1.5618571428572068,19.0,True,5.0,0.739415663465464,0.6257946706344085,0.6021236304612719,0.5,live_rolling_pf,5.112206642457951,3.199191672032009,730.3152346368502,733.5144263088822,True,B0_technical_control_S5_000594,0,B0_technical_control,2023_2024
PAIRED_B0_technical_control,S5,2269815,2269841,2024-06-04T12:23:00,2024-06-04T12:49:00,2024-06-04T12:23:00,2024-06-04T12:49:00,1505,2330.73,2332.538857142857,1.8088571428572289,2.22628571428582,take_profit,False,1.8088571428570503,20.0,True,5.0,0.7455252001883419,0.6424870466320581,0.6218794159208014,0.5,live_rolling_pf,5.134600984162176,3.2989146219484153,733.5144263088822,736.8133409308306,True,B0_technical_control_S5_000595,0,B0_technical_control,2023_2024
PAIRED_B0_technical_control,S5,2272107,2272112,2024-06-06T04:37:00,2024-06-06T04:42:00,2024-06-06T04:37:00,2024-06-06T04:42:00,1507,2370.83,2368.0494285714285,2.259214285714321,2.780571428571472,stop_loss,False,-2.7805714285714203,19.0,True,5.0,-0.9360392420890477,-1.016831778397597,-1.0336635567952115,0.5,live_rolling_pf,5.157693386515814,-5.2445065386404,736.8133409308306,731.5688343921902,False,B0_technical_control_S5_000596,0,B0_technical_control,2023_2024
PAIRED_B0_technical_control,S5,2274589,2274608,2024-06-07T23:01:00,2024-06-07T23:20:00,2024-06-07T23:01:00,2024-06-07T23:20:00,1509,2288.12,2289.675357142857,1.555357142857185,1.914285714285766,take_profit,False,1.5553571428572468,21.0,True,5.0,0.7321788836584037,0.6097848016140219,0.5862474781439485,0.5,live_rolling_pf,5.120981840745332,3.1226968958279007,731.5688343921902,734.691531288018,True,B0_technical_control_S5_000597,0,B0_technical_control,2023_2024
PAIRED_B0_technical_control,S5,2276217,2276226,2024-06-11T04:12:00,2024-06-11T04:21:00,2024-06-11T04:12:00,2024-06-11T04:21:00,1512,2306.1,2308.4362857142855,2.3362857142857854,2.875428571428659,take_profit,False,2.336285714285623,19.0,True,5.0,0.7621399944076286,0.6838475160778702,0.667536583092504,0.5,live_rolling_pf,5.142840719016126,3.516918851283306,734.691531288018,738.2084501393014,True,B0_technical_control_S5_000598,0,B0_technical_control,2023_2024
PAIRED_B0_technical_control,S5,2278677,2278686,2024-06-12T22:13:00,2024-06-12T22:22:00,2024-06-12T22:13:00,2024-06-12T22:22:00,1513,2322.32,2320.3497142857145,1.6008571428569116,1.9702857142854295,stop_loss,False,-1.9702857142856374,19.0,True,5.0,-0.912048670810824,-1.0231450866288523,-1.046290173257608,0.5,live_rolling_pf,5.16745915097511,-5.287060440675484,738.2084501393014,732.9213896986258,False,B0_technical_control_S5_000599,0,B0_technical_control,2023_2024
PAIRED_B0_technical_control,S5,2278978,2278980,2024-06-13T04:15:00,2024-06-13T04:17:00,2024-06-13T04:15:00,2024-06-13T04:17:00,1516,2315.65,2313.7014285714286,1.5832142857142606,1.9485714285713975,stop_loss,False,-1.9485714285715403,19.0,True,5.0,-0.9111556446226439,-1.0233800935204411,-1.0467601870408156,0.5,live_rolling_pf,5.130449727890381,-5.2504001223303804,732.9213896986258,727.6709895762955,False,B0_technical_control_S5_000600,0,B0_technical_control,2023_2024
PAIRED_B0_technical_control,S5,2279001,2279002,2024-06-13T04:38:00,2024-06-13T04:39:00,2024-06-13T04:38:00,2024-06-13T04:39:00,1519,2308.62,2310.418642857143,1.7986428571428048,2.213714285714221,take_profit,False,1.7986428571430224,19.0,True,5.0,0.7482764768811063,0.6484309996434952,0.6276298585523262,0.5,live_post_loss_cap;live_rolling_pf,5.093696927034069,3.3029109902777005,727.6709895762955,730.9739005665732,True,B0_technical_control_S5_000601,0,B0_technical_control,2023_2024
PAIRED_B0_technical_control,S5,2287928,2287929,2024-06-21T18:07:00,2024-06-21T18:08:00,2024-06-21T18:07:00,2024-06-21T18:08:00,1520,2331.21,2332.71,1.5,1.7657142857142132,take_profit,False,1.5,19.0,True,5.0,0.7669831994156603,0.6442658875091547,0.618699780861966,0.5,live_rolling_pf,5.1168173039660125,3.2965908415618634,730.9739005665732,734.2704914081351,True,B0_technical_control_S5_000602,0,B0_technical_control,2023_2024
PAIRED_B0_technical_control,S5,2287958,2287971,2024-06-21T18:37:00,2024-06-21T18:50:00,2024-06-21T18:37:00,2024-06-21T18:50:00,1521,2327.39,2328.951857142857,1.5618571428570738,1.9222857142856293,take_profit,False,1.5618571428572068,19.0,True,5.0,0.7394156634655003,0.6257946706344393,0.6021236304613016,0.5,live_rolling_pf,5.139893439856945,3.216517922291392,734.2704914081351,737.4870093304264,True,B0_technical_control_S5_000603,0,B0_technical_control,2023_2024
PAIRED_B0_technical_control,S5,2287973,2287974,2024-06-21T18:52:00,2024-06-21T18:53:00,2024-06-21T18:52:00,2024-06-21T18:53:00,1524,2329.15,2330.65,1.5,1.821714285714396,take_profit,False,1.5,19.0,True,5.0,0.7456327226245862,0.6263314870046525,0.6014770629171662,0.5,live_rolling_pf,5.162409065312985,3.2333793464037797,737.4870093304264,740.7203886768302,True,B0_technical_control_S5_000604,0,B0_technical_control,2023_2024
PAIRED_B0_technical_control,S5,2288974,2288982,2024-06-24T12:35:00,2024-06-24T12:43:00,2024-06-24T12:35:00,2024-06-24T12:43:00,1525,2324.87,2326.4745714285714,1.604571428571574,1.9748571428573218,take_profit,False,1.6045714285714894,19.0,True,5.0,0.741190444767025,0.6303286261052946,0.6072324138841009,0.5,live_rolling_pf,5.185042720737812,3.2682808544599236,740.7203886768302,743.9886695312902,True,B0_technical_control_S5_000605,0,B0_technical_control,2023_2024
PAIRED_B0_technical_control,S5,2291260,2291267,2024-06-26T04:43:00,2024-06-26T04:50:00,2024-06-26T04:43:00,2024-06-26T04:50:00,1527,2314.72,2312.653714285714,1.6788571428571362,2.0662857142857063,stop_loss,False,-2.066285714285641,19.0,True,5.0,-0.915790806635402,-1.022160314043279,-1.0443206280865864,0.5,live_rolling_pf,5.2079206867190315,-5.323329844649214,743.9886695312902,738.6653396866409,False,B0_technical_control_S5_000606,0,B0_technical_control,2023_2024
PAIRED_B0_technical_control,S5,2307071,2307071,2024-07-11T18:02:00,2024-07-11T18:02:00,2024-07-11T18:02:00,2024-07-11T18:02:00,1531,2415.08,2412.912,1.7615000000001082,2.1680000000001334,stop_loss,False,-2.16800000000012,19.0,True,5.0,-0.919423240033926,-1.021204410517381,-1.0424088210347673,0.5,live_rolling_pf,5.170657377806486,-5.28029811949022,738.6653396866409,733.3850415671507,False,B0_technical_control_S5_000607,0,B0_technical_control,2023_2024
PAIRED_B0_technical_control,S5,2307094,2307095,2024-07-11T18:25:00,2024-07-11T18:26:00,2024-07-11T18:25:00,2024-07-11T18:26:00,1534,2421.46,2423.206642857143,1.746642857142852,2.1497142857142797,take_profit,False,1.7466428571428878,19.0,True,5.0,0.7465197215777413,0.6439430943949348,0.6225729637318501,0.5,live_post_loss_cap;live_rolling_pf,5.133695290970055,3.305807631347962,733.3850415671507,736.6908491984987,True,B0_technical_control_S5_000608,0,B0_technical_control,2023_2024
PAIRED_B0_technical_control,S5,2307097,2307102,2024-07-11T18:28:00,2024-07-11T18:33:00,2024-07-11T18:28:00,2024-07-11T18:33:00,1535,2421.7,2423.5794285714283,1.8794285714285934,2.3131428571428843,take_profit,False,1.8794285714284342,19.0,True,5.0,0.7508275311036924,0.6549480652892886,0.6349731765779545,0.5,live_post_loss_cap;live_rolling_pf,5.156835944389491,3.3774597247921587,736.6908491984987,740.0683089232908,True,B0_technical_control_S5_000609,0,B0_technical_control,2023_2024
PAIRED_B0_technical_control,S5,2307107,2307111,2024-07-11T18:38:00,2024-07-11T18:42:00,2024-07-11T18:38:00,2024-07-11T18:42:00,1537,2421.17,2418.8397142857143,1.8933571428572156,2.3302857142858038,stop_loss,False,-2.3302857142857647,19.0,True,5.0,-0.9246117220269683,-1.0198390205191994,-1.039678041038414,0.5,live_post_loss_cap;live_rolling_pf,5.180478162463036,-5.283253775027404,740.0683089232908,734.7850551482634,False,B0_technical_control_S5_000610,0,B0_technical_control,2023_2024
PAIRED_B0_technical_control,S5,2307126,2307128,2024-07-11T18:57:00,2024-07-11T18:59:00,2024-07-11T18:57:00,2024-07-11T18:59:00,1538,2419.2,2417.453714285714,1.5,1.746285714285737,stop_loss,False,-1.746285714285932,19.0,True,5.0,-0.9018739855394261,-1.0258226353844888,-1.0516452707688768,0.5,live_post_loss_cap;live_rolling_pf,5.143495386037844,-5.2763139919933,734.7850551482634,729.50874115627,False,B0_technical_control_S5_000611,0,B0_technical_control,2023_2024
PAIRED_B0_technical_control,S5,2312619,2312625,2024-07-17T18:35:00,2024-07-17T18:41:00,2024-07-17T18:35:00,2024-07-17T18:41:00,1540,2464.08,2461.96,1.722500000000017,2.120000000000021,stop_loss,False,-2.119999999999891,19.0,True,5.0,-0.9177489177488621,-1.0216450216449653,-1.0432900432899865,0.5,live_rolling_pf,5.106561188093891,-5.217092815541522,729.50874115627,724.2916483407286,False,B0_technical_control_S5_000612,0,B0_technical_control,2023_2024
PAIRED_B0_technical_control,S5,2312640,2312643,2024-07-17T18:56:00,2024-07-17T18:59:00,2024-07-17T18:56:00,2024-07-17T18:59:00,1542,2461.63,2463.2317857142857,1.6017857142857144,1.9714285714285715,take_profit,False,1.6017857142855974,19.0,True,5.0,0.7410773298082737,0.6300396563119088,0.6069068076668328,0.5,live_post_loss_cap;live_rolling_pf,5.0700415383851,3.19432722833125,724.2916483407286,727.4859755690599,True,B0_technical_control_S5_000613,0,B0_technical_control,2023_2024
PAIRED_B0_technical_control,S5,2314516,2314526,2024-07-19T04:14:00,2024-07-19T04:24:00,2024-07-19T04:14:00,2024-07-19T04:24:00,1543,2426.93,2423.7665714285713,2.570285714285657,3.1634285714285006,stop_loss,False,-3.1634285714285397,19.0,True,5.0,-0.9433415693959378,-1.0149101133168732,-1.0298202266337346,0.5,live_rolling_pf,5.092401828983419,-5.1683301173086145,727.4859755690599,722.3176454517512,False,B0_technical_control_S5_000614,0,B0_technical_control,2023_2024
PAIRED_B0_technical_control,S5,2314822,2314824,2024-07-19T09:20:00,2024-07-19T09:22:00,2024-07-19T09:20:00,2024-07-19T09:22:00,1546,2415.13,2417.3474285714287,2.217428571428666,2.729142857142974,take_profit,False,2.217428571428627,19.0,True,5.0,0.7596163257316124,0.6774004110795653,0.6602720955270553,0.5,live_rolling_pf,5.056223518162259,3.42508788971328,722.3176454517512,725.7427333414645,True,B0_technical_control_S5_000615,0,B0_technical_control,2023_2024
PAIRED_B0_technical_control,S5,2320036,2320040,2024-07-25T04:20:00,2024-07-25T04:24:00,2024-07-25T04:20:00,2024-07-25T04:24:00,1547,2392.3,2389.862285714286,1.9806428571428505,2.4377142857142777,stop_loss,False,-2.4377142857142644,19.0,True,5.0,-0.9276938131999513,-1.0190279438947434,-1.0380558877894916,0.5,live_rolling_pf,5.080199133390251,-5.176864877474525,725.7427333414645,720.56586846399,False,B0_technical_control_S5_000616,0,B0_technical_control,2023_2024
PAIRED_B0_technical_control,S5,2320055,2320056,2024-07-25T04:39:00,2024-07-25T04:40:00,2024-07-25T04:39:00,2024-07-25T04:40:00,1548,2380.75,2376.638,3.3410000000000015,4.112000000000002,stop_loss,False,-4.11200000000008,19.0,True,5.0,-0.9558344955834677,-1.0116225011622682,-1.0232450023245183,0.5,live_post_loss_cap;live_rolling_pf,5.04396107924793,-5.102584522753925,720.56586846399,715.4632839412361,False,B0_technical_control_S5_000617,0,B0_technical_control,2023_2024
PAIRED_B0_technical_control,S5,2320071,2320084,2024-07-25T04:55:00,2024-07-25T05:08:00,2024-07-25T04:55:00,2024-07-25T05:08:00,1550,2375.28,2379.1540000000005,3.8740000000000236,4.768000000000029,take_profit,False,3.874000000000251,19.0,True,5.0,0.78136345300529,0.7329568374344956,0.7228721258572468,0.5,live_post_loss_cap;live_rolling_pf,5.008242987588653,3.6708259412864686,715.4632839412361,719.1341098825226,True,B0_technical_control_S5_000618,0,B0_technical_control,2023_2024
PAIRED_B0_technical_control,S5,2327775,2327776,2024-08-01T18:25:00,2024-08-01T18:26:00,2024-08-01T18:25:00,2024-08-01T18:26:00,1555,2446.97,2449.1029285714285,2.1329285714285953,2.6251428571428868,take_profit,False,2.1329285714286925,17.0,True,5.0,0.7630839210876362,0.6843759582950376,0.6664877849330834,0.5,live_rolling_pf,5.0339387691776585,3.445106669154502,719.1341098825226,722.5792165516771,True,B0_technical_control_S5_000619,0,B0_technical_control,2023_2024
PAIRED_B0_technical_control,S5,2327777,2327789,2024-08-01T18:27:00,2024-08-01T18:39:00,2024-08-01T18:27:00,2024-08-01T18:39:00,1556,2448.37,2445.7631428571426,2.118071428571466,2.606857142857189,stop_loss,False,-2.6068571428572795,17.0,True,5.0,-0.9387797098467258,-1.0180059676921818,-1.036011935384331,0.5,live_rolling_pf,5.058054515861739,-5.14912968205964,722.5792165516771,717.4300868696174,False,B0_technical_control_S5_000620,0,B0_technical_control,2023_2024
PAIRED_B0_technical_control,S5,2327804,2327842,2024-08-01T18:54:00,2024-08-01T19:32:00,2024-08-01T18:54:00,2024-08-01T19:32:00,1559,2445.49,2447.339714285714,1.8497142857142927,2.276571428571437,take_profit,False,1.8497142857140716,17.0,True,5.0,0.7560434427185833,0.6661216863247963,0.6456849235080265,0.5,live_post_loss_cap;live_rolling_pf,5.022010608087322,3.3452701750001426,717.4300868696174,720.7753570446175,True,B0_technical_control_S5_000621,0,B0_technical_control,2023_2024
PAIRED_B0_technical_control,S5,2329169,2329174,2024-08-02T18:40:00,2024-08-02T18:45:00,2024-08-02T18:40:00,2024-08-02T18:45:00,1561,2424.18,2420.521714285714,2.972357142857163,3.6582857142857392,stop_loss,False,-3.6582857142857392,17.0,True,5.0,-0.9555937010224647,-1.0130606761698635,-1.0261213523397268,0.5,live_rolling_pf,5.045427499312323,-5.111324194019366,720.7753570446175,715.6640328505981,False,B0_technical_control_S5_000622,0,B0_technical_control,2023_2024
PAIRED_B0_technical_control,S5,2329221,2329223,2024-08-02T19:32:00,2024-08-02T19:34:00,2024-08-02T19:32:00,2024-08-02T19:34:00,1563,2435.21,2432.3345714285715,2.336285714285743,2.875428571428607,stop_loss,False,-2.875428571428529,17.0,True,5.0,-0.9441786283891297,-1.0164180504737523,-1.03283610094753,0.5,live_post_loss_cap;live_rolling_pf,5.009648229954187,-5.091896887449319,715.6640328505981,710.5721359631488,False,B0_technical_control_S5_000623,0,B0_technical_control,2023_2024
PAIRED_B0_technical_control,S5,2329248,2329254,2024-08-02T19:59:00,2024-08-02T20:05:00,2024-08-02T19:59:00,2024-08-02T20:05:00,1567,2430.25,2427.692285714286,2.0781428571426983,2.5577142857140904,stop_loss,False,-2.5577142857141553,17.0,True,5.0,-0.9376767570964895,-1.018330365559887,-1.03666073111975,0.5,live_post_loss_cap;live_rolling_pf,4.9740049517420415,-5.065180280804161,710.5721359631488,705.5069556823446,False,B0_technical_control_S5_000624,0,B0_technical_control,2023_2024
PAIRED_B0_technical_control,S5,2329308,2329308,2024-08-02T20:59:00,2024-08-02T20:59:00,2024-08-02T20:59:00,2024-08-02T20:59:00,1568,2426.48,2427.98,1.5,1.7394285714287046,take_profit,False,1.5,17.0,True,5.0,0.7855753404159261,0.6703576238215903,0.6441717791410594,0.5,live_post_loss_cap;live_rolling_pf,4.938548689776412,3.3105937648057435,705.5069556823446,708.8175494471503,True,B0_technical_control_S5_000625,0,B0_technical_control,2023_2024
PAIRED_B0_technical_control,S5,2330156,2330162,2024-08-05T12:09:00,2024-08-05T12:15:00,2024-08-05T12:09:00,2024-08-05T12:15:00,1569,2424.21,2422.2202857142856,1.6166428571429703,1.989714285714425,stop_loss,False,-1.989714285714399,18.0,True,5.0,-0.9170397682380761,-1.0230445088227413,-1.046089017645495,0.5,live_rolling_pf,4.961722846130052,-5.0760633120336935,708.8175494471503,703.7414861351166,False,B0_technical_control_S5_000626,0,B0_technical_control,2023_2024
PAIRED_B0_technical_control,S5,2331334,2331341,2024-08-06T08:48:00,2024-08-06T08:55:00,2024-08-06T08:48:00,2024-08-06T08:55:00,1570,2403.77,2401.154,2.125500000000073,2.61600000000009,stop_loss,False,-2.6159999999999854,17.0,True,5.0,-0.9389806173725417,-1.0179468772433218,-1.0358937544866806,0.5,live_rolling_pf,4.926190402945816,-5.014600137384715,703.7414861351166,698.7268859977319,False,B0_technical_control_S5_000627,0,B0_technical_control,2023_2024
PAIRED_B0_technical_control,S5,2332451,2332453,2024-08-07T04:26:00,2024-08-07T04:28:00,2024-08-07T04:26:00,2024-08-07T04:28:00,1573,2381.13,2383.054,1.923999999999939,2.3679999999999253,take_profit,False,1.9239999999999782,17.0,True,5.0,0.7580772261623463,0.6713947990543847,0.6516942474389389,0.5,live_rolling_pf,4.8910882019841235,3.2838511805284023,698.7268859977319,702.0107371782602,True,B0_technical_control_S5_000628,0,B0_technical_control,2023_2024
PAIRED_B0_technical_control,S5,2332454,2332460,2024-08-07T04:29:00,2024-08-07T04:35:00,2024-08-07T04:29:00,2024-08-07T04:35:00,1573,2382.42,2384.4145714285714,1.9945714285713458,2.454857142857041,take_profit,False,1.994571428571362,17.0,True,5.0,0.7598780886034656,0.6760640034831837,0.6570153477740287,0.5,live_rolling_pf,4.914075160247822,3.32222932625441,702.0107371782602,705.3329665045146,True,B0_technical_control_S5_000629,1,B0_technical_control,2023_2024
PAIRED_B0_technical_control,S5,2332474,2332476,2024-08-07T04:49:00,2024-08-07T04:51:00,2024-08-07T04:49:00,2024-08-07T04:51:00,1574,2382.28,2384.6395,2.359500000000071,2.9040000000000874,take_profit,False,2.3595000000000255,17.0,True,5.0,0.7675666883539227,0.695998698763814,0.679733246584244,0.5,live_rolling_pf,4.937330765531603,3.4363757881765413,705.3329665045146,708.7693422926911,True,B0_technical_control_S5_000630,0,B0_technical_control,2023_2024
PAIRED_B0_technical_control,S5,2332484,2332486,2024-08-07T04:59:00,2024-08-07T05:01:00,2024-08-07T04:59:00,2024-08-07T05:01:00,1575,2383.57,2385.9629285714286,2.392928571428612,2.945142857142907,take_profit,False,2.392928571428456,17.0,True,5.0,0.7681601394111219,0.697537375034346,0.6814867467668969,0.5,live_rolling_pf,4.961385396048838,3.4607517456936456,708.7693422926911,712.2300940383848,True,B0_technical_control_S5_000631,0,B0_technical_control,2023_2024
PAIRED_B0_technical_control,S5,2333816,2333819,2024-08-08T04:12:00,2024-08-08T04:15:00,2024-08-08T04:12:00,2024-08-08T04:15:00,1578,2389.13,2387.0214285714287,1.7132142857142265,2.1085714285713557,stop_loss,False,-2.108571428571395,17.0,True,5.0,-0.9253918495297954,-1.0219435736677296,-1.0438871473354419,0.5,live_rolling_pf,4.985610658268693,-5.0950127730270305,712.2300940383848,707.1350812653577,False,B0_technical_control_S5_000632,0,B0_technical_control,2023_2024
PAIRED_B0_technical_control,S5,2340160,2340162,2024-08-14T18:01:00,2024-08-14T18:03:00,2024-08-14T18:01:00,2024-08-14T18:03:00,1579,2450.38,2452.0235714285714,1.6435714285713694,2.02285714285707,take_profit,False,1.6435714285712493,17.0,True,5.0,0.749511400651409,0.6491856677523828,0.626384364820786,0.5,live_rolling_pf,4.949945568857504,3.2134337194567073,707.1350812653577,710.3485149848144,True,B0_technical_control_S5_000633,0,B0_technical_control,2023_2024
PAIRED_B0_technical_control,S5,2340163,2340177,2024-08-14T18:04:00,2024-08-14T18:18:00,2024-08-14T18:04:00,2024-08-14T18:18:00,1579,2451.22,2449.1697142857142,1.6658571428570634,2.0502857142856166,stop_loss,False,-2.0502857142855646,17.0,True,5.0,-0.9234332775704275,-1.0225196242439618,-1.0450392484879467,0.5,live_rolling_pf,4.972439604893701,-5.084417076371701,710.3485149848144,705.2640979084427,False,B0_technical_control_S5_000634,1,B0_technical_control,2023_2024
PAIRED_B0_technical_control,S5,2340193,2340204,2024-08-14T18:34:00,2024-08-14T18:45:00,2024-08-14T18:34:00,2024-08-14T18:45:00,1582,2445.39,2443.383142857143,1.6305714285714237,2.006857142857137,stop_loss,False,-2.0068571428569157,17.0,True,5.0,-0.9219057619109101,-1.0229688935554833,-1.045937787111068,0.5,live_post_loss_cap;live_rolling_pf,4.9368486853591,-5.05024263731264,705.2640979084427,700.2138552711301,False,B0_technical_control_S5_000635,0,B0_technical_control,2023_2024
PAIRED_B0_technical_control,S5,2342919,2342924,2024-08-16T18:02:00,2024-08-16T18:07:00,2024-08-16T18:02:00,2024-08-16T18:07:00,1590,2487.71,2489.556,1.84600000000001,2.2720000000000122,take_profit,False,1.8460000000000036,17.0,True,5.0,0.7559377559377537,0.6658476658476641,0.6453726453726436,0.5,live_rolling_pf,4.901496986897911,3.2636503278853324,700.2138552711301,703.4775055990154,True,B0_technical_control_S5_000636,0,B0_technical_control,2023_2024
PAIRED_B0_technical_control,S5,2347063,2347071,2024-08-21T18:10:00,2024-08-21T18:18:00,2024-08-21T18:10:00,2024-08-21T18:18:00,1592,2504.8,2506.5615000000003,1.7615000000000236,2.168000000000029,take_profit,False,1.7615000000000691,17.0,True,5.0,0.7534217279726464,0.6593242087254277,0.6379384088965144,0.5,live_rolling_pf,4.924342539193108,3.2467382481464595,703.4775055990154,706.7242438471619,True,B0_technical_control_S5_000637,0,B0_technical_control,2023_2024
PAIRED_B0_technical_control,S5,2349856,2349856,2024-08-23T18:45:00,2024-08-23T18:45:00,2024-08-23T18:45:00,2024-08-23T18:45:00,1593,2515.38,2513.322857142857,1.6714285714286137,2.0571428571429093,stop_loss,False,-2.057142857142935,17.0,True,5.0,-0.9236690186016812,-1.0224502886465794,-1.0449005772931472,0.5,live_rolling_pf,4.947069706930134,-5.058132849805465,706.7242438471619,701.6661109973564,False,B0_technical_control_S5_000638,0,B0_technical_control,2023_2024
PAIRED_B0_technical_control,S5,2356729,2356734,2024-08-30T18:25:00,2024-08-30T18:30:00,2024-08-30T18:25:00,2024-08-30T18:30:00,1594,2505.63,2503.566,1.6770000000001217,2.0640000000001497,stop_loss,False,-2.0640000000003056,17.0,True,5.0,-0.9239033124441215,-1.0223813786929958,-1.0447627573859217,0.5,live_rolling_pf,4.911662776981495,-5.021592561605409,701.6661109973564,696.644518435751,False,B0_technical_control_S5_000639,0,B0_technical_control,2023_2024
PAIRED_B0_technical_control,S5,2356749,2356751,2024-08-30T18:45:00,2024-08-30T18:47:00,2024-08-30T18:45:00,2024-08-30T18:47:00,1596,2504.99,2503.1865714285714,1.5,1.8034285714285425,stop_loss,False,-1.8034285714284124,17.0,True,5.0,-0.9138555089039433,-1.0253366150281669,-1.0506732300563992,0.5,live_post_loss_cap;live_rolling_pf,4.876511629050257,-5.000065926875882,696.644518435751,691.6444525088751,False,B0_technical_control_S5_000640,0,B0_technical_control,2023_2024
PAIRED_B0_technical_control,S5,2360335,2360359,2024-09-04T12:08:00,2024-09-04T12:32:00,2024-09-04T12:08:00,2024-09-04T12:32:00,1598,2474.91,2476.439357142857,1.5293571428571244,1.8822857142856915,take_profit,False,1.5293571428569521,17.0,True,5.0,0.7451969928998179,0.6379994431295257,0.6136363636362775,0.5,live_rolling_pf,4.841511167562126,3.088881428810016,691.6444525088751,694.7333339376852,True,B0_technical_control_S5_000641,0,B0_technical_control,2023_2024
PAIRED_B0_technical_control,S5,2362103,2362104,2024-09-05T18:37:00,2024-09-05T18:38:00,2024-09-05T18:37:00,2024-09-05T18:38:00,1600,2508.63,2510.13,1.5,1.7977142857143917,take_profit,False,1.5,17.0,True,5.0,0.7623057935239897,0.650500943807138,0.6250907506896716,0.5,live_rolling_pf,4.863133337563797,3.1634728259452065,694.7333339376852,697.8968067636304,True,B0_technical_control_S5_000642,0,B0_technical_control,2023_2024
PAIRED_B0_technical_control,S5,2363495,2363497,2024-09-06T18:50:00,2024-09-06T18:52:00,2024-09-06T18:50:00,2024-09-06T18:52:00,1601,2508.05,2505.493428571429,2.077214285714191,2.556571428571312,stop_loss,False,-2.55657142857126,17.0,True,5.0,-0.9376506339725236,-1.018338048831586,-1.0366760976631912,0.5,live_rolling_pf,4.885277647345412,-4.974864107398289,697.8968067636304,692.9219426562321,False,B0_technical_control_S5_000643,0,B0_technical_control,2023_2024
PAIRED_B0_technical_control,S5,2368965,2368968,2024-09-12T18:05:00,2024-09-12T18:08:00,2024-09-12T18:05:00,2024-09-12T18:08:00,1602,2552.66,2554.571,1.9109999999999934,2.351999999999992,take_profit,False,1.9110000000000582,17.0,True,5.0,0.7577319587629121,0.6704996034893195,0.6506740681998666,0.5,live_rolling_pf,4.850453598593624,3.2522272146003677,692.9219426562321,696.1741698708324,True,B0_technical_control_S5_000644,0,B0_technical_control,2023_2024
PAIRED_B0_technical_control,S5,2368969,2368970,2024-09-12T18:09:00,2024-09-12T18:10:00,2024-09-12T18:09:00,2024-09-12T18:10:00,1603,2554.47,2552.363714285714,1.7113571428571277,2.1062857142856957,stop_loss,False,-2.1062857142856046,17.0,True,5.0,-0.9253169323458864,-1.0219656081335111,-1.0439312162670622,0.5,live_rolling_pf,4.873219189095827,-4.9802624121522125,696.1741698708324,691.1939074586802,False,B0_technical_control_S5_000645,0,B0_technical_control,2023_2024
PAIRED_B0_technical_control,S5,2368987,2369028,2024-09-12T18:27:00,2024-09-12T19:08:00,2024-09-12T18:27:00,2024-09-12T19:08:00,1605,2553.05,2550.9437142857146,1.7113571428571277,2.1062857142856957,stop_loss,False,-2.1062857142856046,17.0,True,5.0,-0.9253169323458864,-1.0219656081335111,-1.0439312162670622,0.5,live_post_loss_cap;live_rolling_pf,4.838357352210761,-4.944634813819316,691.1939074586802,686.2492726448609,False,B0_technical_control_S5_000646,0,B0_technical_control,2023_2024
PAIRED_B0_technical_control,S5,2370367,2370371,2024-09-13T18:28:00,2024-09-13T18:32:00,2024-09-13T18:28:00,2024-09-13T18:32:00,1606,2577.44,2579.1225714285715,1.682571428571334,2.0708571428570264,take_profit,False,1.682571428571464,17.0,True,5.0,0.7508606400612559,0.6526839219686842,0.6303710314930997,0.5,live_rolling_pf,4.803744908514026,3.1353270670260325,686.2492726448609,689.384599711887,True,B0_technical_control_S5_000647,0,B0_technical_control,2023_2024
PAIRED_B0_technical_control,S5,2373148,2373156,2024-09-17T18:52:00,2024-09-17T19:00:00,2024-09-17T18:52:00,2024-09-17T19:00:00,1607,2566.18,2564.0131428571426,1.7605714285713896,2.166857142857095,stop_loss,False,-2.166857142857225,17.0,True,5.0,-0.927252720381519,-1.02139625871139,-1.0427925174227244,0.5,live_rolling_pf,4.825692197983209,-4.928943956712794,689.384599711887,684.4556557551741,False,B0_technical_control_S5_000648,0,B0_technical_control,2023_2024
PAIRED_B0_technical_control,S5,2375531,2375564,2024-09-19T12:37:00,2024-09-19T13:10:00,2024-09-19T12:37:00,2024-09-19T13:10:00,1609,2591.98,2589.5114285714285,2.005714285714235,2.4685714285713662,stop_loss,False,-2.468571428571522,17.0,True,5.0,-0.9355711965349791,-1.0189496480780238,-1.0378992961559885,0.5,live_rolling_pf,4.791189590286219,-4.881980946897234,684.4556557551741,679.5736748082769,False,B0_technical_control_S5_000649,0,B0_technical_control,2023_2024
PAIRED_B0_technical_control,S5,2375858,2375860,2024-09-19T18:04:00,2024-09-19T18:06:00,2024-09-19T18:04:00,2024-09-19T18:06:00,1611,2581.12,2582.7617142857143,1.6417142857142284,2.020571428571358,take_profit,False,1.6417142857144427,17.0,True,5.0,0.7494456762750404,0.6490152602061706,0.6261901656450638,0.5,live_rolling_pf,4.757015723657938,3.0873757976947016,679.5736748082769,682.6610506059716,True,B0_technical_control_S5_000650,0,B0_technical_control,2023_2024
PAIRED_B0_technical_control,S5,2375861,2375873,2024-09-19T18:07:00,2024-09-19T18:19:00,2024-09-19T18:07:00,2024-09-19T18:19:00,1611,2582.71,2584.297857142857,1.5878571428570922,1.954285714285652,take_profit,False,1.5878571428570467,17.0,True,5.0,0.7474781439138973,0.6439139206455688,0.6203765971754941,0.5,live_rolling_pf,4.778627354241801,3.077024674974,682.6610506059716,685.7380752809456,True,B0_technical_control_S5_000651,1,B0_technical_control,2023_2024
PAIRED_B0_technical_control,S5,2377242,2377242,2024-09-20T18:09:00,2024-09-20T18:09:00,2024-09-20T18:09:00,2024-09-20T18:09:00,1613,2617.94,2616.108,1.5,1.8320000000000751,stop_loss,False,-1.83199999999988,17.0,True,5.0,-0.9150849150848207,-1.0249750249749265,-1.0499500499499506,0.5,live_rolling_pf,4.80016652696662,-4.920050805861417,685.7380752809456,680.8180244750843,False,B0_technical_control_S5_000652,0,B0_technical_control,2023_2024
PAIRED_B0_technical_control,S5,2381375,2381379,2024-09-25T18:06:00,2024-09-25T18:10:00,2024-09-25T18:06:00,2024-09-25T18:10:00,1614,2657.5,2659.593,2.0929999999999547,2.575999999999944,take_profit,False,2.092999999999847,17.0,True,5.0,0.7621995630006883,0.6820830298615752,0.663874726875413,0.5,live_rolling_pf,4.76572617132559,3.250620946428363,680.8180244750843,684.0686454215127,True,B0_technical_control_S5_000653,0,B0_technical_control,2023_2024
PAIRED_B0_technical_control,S5,2382753,2382758,2024-09-26T18:05:00,2024-09-26T18:10:00,2024-09-26T18:05:00,2024-09-26T18:10:00,1615,2665.4,2667.243214285714,1.8432142857142773,2.268571428571418,take_profit,False,1.8432142857141116,17.0,True,5.0,0.755858230814226,0.6656414762740968,0.6451376684240673,0.5,live_rolling_pf,4.788480517950589,3.1874112410783817,684.0686454215127,687.256056662591,True,B0_technical_control_S5_000654,0,B0_technical_control,2023_2024
PAIRED_B0_technical_control,S5,2382759,2382769,2024-09-26T18:11:00,2024-09-26T18:21:00,2024-09-26T18:11:00,2024-09-26T18:21:00,1615,2666.21,2668.071785714286,1.861785714285689,2.2914285714285403,take_profit,False,1.8617857142858156,17.0,True,5.0,0.7563842135810142,0.667005223447525,0.6466918165990047,0.5,live_rolling_pf,4.810792396638138,3.2088236574792752,687.256056662591,690.4648803200703,True,B0_technical_control_S5_000655,1,B0_technical_control,2023_2024
PAIRED_B0_technical_control,S5,2382778,2382780,2024-09-26T18:30:00,2024-09-26T18:32:00,2024-09-26T18:30:00,2024-09-26T18:32:00,1616,2669.74,2671.399357142857,1.6593571428570904,2.04228571428565,take_profit,False,1.6593571428570613,17.0,True,5.0,0.7500645744543308,0.6506199147617023,0.6280188557406504,0.5,live_rolling_pf,4.833254162240492,3.1446114110585524,690.4648803200703,693.6094917311289,True,B0_technical_control_S5_000656,0,B0_technical_control,2023_2024
PAIRED_B0_technical_control,S5,2382785,2382792,2024-09-26T18:37:00,2024-09-26T18:44:00,2024-09-26T18:37:00,2024-09-26T18:44:00,1617,2670.68,2672.18,1.5,1.7931428571427597,take_profit,False,1.5,18.0,True,5.0,0.7602085143353982,0.6436432088039704,0.6183029249927905,0.5,live_rolling_pf,4.855266442117902,3.125059272403003,693.6094917311289,696.7345510035318,True,B0_technical_control_S5_000657,0,B0_technical_control,2023_2024
PAIRED_B0_technical_control,S5,2384184,2384190,2024-09-27T18:57:00,2024-09-27T19:03:00,2024-09-27T18:57:00,2024-09-27T19:03:00,1618,2649.41,2646.927714285714,2.016857142857082,2.4822857142856396,stop_loss,False,-2.4822857142858084,17.0,True,5.0,-0.9359043412690482,-1.0188516643327152,-1.037703328665367,0.5,live_rolling_pf,4.877141857024723,-4.969084098216388,696.7345510035318,691.7654669053154,False,B0_technical_control_S5_000658,0,B0_technical_control,2023_2024
PAIRED_B0_technical_control,S5,2387701,2387714,2024-10-02T08:38:00,2024-10-02T08:51:00,2024-10-02T08:38:00,2024-10-02T08:51:00,1620,2647.52,2645.1634285714285,1.9147142857142756,2.3565714285714163,stop_loss,False,-2.356571428571442,17.0,True,5.0,-0.9327151419201727,-1.019789664141139,-1.0395793282822676,0.5,live_rolling_pf,4.8423582683372075,-4.938186912118669,691.7654669053154,686.8272799931967,False,B0_technical_control_S5_000659,0,B0_technical_control,2023_2024
PAIRED_B0_technical_control,S5,2392953,2392960,2024-10-08T04:16:00,2024-10-08T04:23:00,2024-10-08T04:16:00,2024-10-08T04:23:00,1621,2639.97,2641.7203571428568,1.7503571428570923,2.154285714285652,take_profit,False,1.7503571428569558,17.0,True,5.0,0.753073140749786,0.6584204056545161,0.6369084204055911,0.5,live_rolling_pf,4.807790959952377,3.1655476741539594,686.8272799931967,689.9928276673506,True,B0_technical_control_S5_000660,0,B0_technical_control,2023_2024
PAIRED_B0_technical_control,S5,2402069,2402070,2024-10-16T18:19:00,2024-10-16T18:20:00,2024-10-16T18:19:00,2024-10-16T18:20:00,1624,2671.4,2672.9,1.5,1.7977142857142359,take_profit,False,1.5,17.0,True,5.0,0.7623057935240501,0.6505009438071895,0.6250907506897211,0.5,live_rolling_pf,4.829949793671455,3.1418868993246214,689.9928276673506,693.1347145666753,True,B0_technical_control_S5_000661,0,B0_technical_control,2023_2024
PAIRED_B0_technical_control,S5,2404856,2404876,2024-10-18T18:48:00,2024-10-18T19:08:00,2024-10-18T18:48:00,2024-10-18T19:08:00,1625,2715.87,2717.4782857142854,1.6082857142857718,1.9794285714286421,take_profit,False,1.6082857142855573,17.0,True,5.0,0.7482387345472904,0.6458859497539933,0.622623953210062,0.5,live_rolling_pf,4.851943001966727,3.1338018139775206,693.1347145666753,696.2685163806527,True,B0_technical_control_S5_000662,0,B0_technical_control,2023_2024
PAIRED_B0_technical_control,S5,2408951,2408954,2024-10-23T18:07:00,2024-10-23T18:10:00,2024-10-23T18:07:00,2024-10-23T18:10:00,1626,2718.23,2715.731714285714,2.029857142857155,2.498285714285729,stop_loss,False,-2.4982857142858848,17.0,True,5.0,-0.9362886818717795,-1.0187386229789641,-1.0374772459578696,0.5,live_rolling_pf,4.8738796146645695,-4.9652094072086275,696.2685163806527,691.3033069734441,False,B0_technical_control_S5_000663,0,B0_technical_control,2023_2024
PAIRED_B0_technical_control,S5,2410383,2410389,2024-10-24T19:00:00,2024-10-24T19:06:00,2024-10-24T19:00:00,2024-10-24T19:06:00,1628,2731.15,2729.351142857143,1.5,1.7988571428570659,stop_loss,False,-1.7988571428572868,17.0,True,5.0,-0.9136554926717095,-1.0253954433319956,-1.0507908866638787,0.5,live_rolling_pf,4.839123148814109,-4.962014826516366,691.3033069734441,686.3412921469278,False,B0_technical_control_S5_000664,0,B0_technical_control,2023_2024
PAIRED_B0_technical_control,S5,2420553,2420556,2024-11-05T04:40:00,2024-11-05T04:43:00,2024-11-05T04:40:00,2024-11-05T04:43:00,1629,2728.53,2726.437428571429,1.7002142857143652,2.0925714285715262,stop_loss,False,-2.0925714285713184,17.0,True,5.0,-0.9248642505365954,-1.022098749842059,-1.0441974996842098,0.5,live_rolling_pf,4.804389045028494,-4.910560036678508,686.3412921469278,681.4307321102493,False,B0_technical_control_S5_000665,0,B0_technical_control,2023_2024
PAIRED_B0_technical_control,S5,2422144,2422148,2024-11-06T08:12:00,2024-11-06T08:16:00,2024-11-06T08:12:00,2024-11-06T08:16:00,1637,2733.12,2734.620571428571,1.5005714285714151,1.8468571428571263,take_profit,False,1.5005714285712202,17.0,True,5.0,0.7440147329649119,0.6349341266467357,0.610143079756241,0.5,live_rolling_pf,4.770015124771746,3.0286453873386683,681.4307321102493,684.459377497588,True,B0_technical_control_S5_000666,0,B0_technical_control,2023_2024
PAIRED_B0_technical_control,S5,2422157,2422158,2024-11-06T08:25:00,2024-11-06T08:26:00,2024-11-06T08:25:00,2024-11-06T08:26:00,1638,2728.19,2725.3797142857143,2.2833571428571986,2.810285714285783,stop_loss,False,-2.810285714285783,17.0,True,5.0,-0.9429584891189736,-1.0167769149650079,-1.0335538299300155,0.5,live_rolling_pf,4.791215642483116,-4.871597459896071,684.459377497588,679.5877800376919,False,B0_technical_control_S5_000667,0,B0_technical_control,2023_2024
PAIRED_B0_technical_control,S5,2422173,2422179,2024-11-06T08:41:00,2024-11-06T08:47:00,2024-11-06T08:41:00,2024-11-06T08:47:00,1638,2706.14,2711.5285,5.388500000000061,6.632000000000075,take_profit,False,5.388500000000022,17.0,True,5.0,0.7921934725080804,0.7598500441046699,0.7524992649220767,0.5,live_post_loss_cap;live_rolling_pf,4.7571144602638435,3.6146936324424446,679.5877800376919,683.2024736701344,True,B0_technical_control_S5_000668,1,B0_technical_control,2023_2024
PAIRED_B0_technical_control,S5,2422383,2422385,2024-11-06T12:11:00,2024-11-06T12:13:00,2024-11-06T12:11:00,2024-11-06T12:13:00,1639,2722.4,2723.9145,1.5144999999999107,1.86399999999989,take_profit,False,1.5144999999997708,17.0,True,5.0,0.7445919370697407,0.6364306784659984,0.6118485742378751,0.5,live_rolling_pf,4.782417315690941,3.0436770969327243,683.2024736701344,686.2461507670671,True,B0_technical_control_S5_000669,0,B0_technical_control,2023_2024
PAIRED_B0_technical_control,S5,2422390,2422392,2024-11-06T12:18:00,2024-11-06T12:20:00,2024-11-06T12:18:00,2024-11-06T12:20:00,1640,2722.57,2724.07,1.5,1.7828571428571327,take_profit,False,1.5,17.0,True,5.0,0.7681053401609403,0.6554498902706691,0.6298463789319712,0.5,live_rolling_pf,4.80372305536947,3.148599749532602,686.2461507670671,689.3947505165997,True,B0_technical_control_S5_000670,0,B0_technical_control,2023_2024
PAIRED_B0_technical_control,S5,2422405,2422411,2024-11-06T12:33:00,2024-11-06T12:39:00,2024-11-06T12:33:00,2024-11-06T12:39:00,1642,2726.28,2724.4205714285717,1.5107857142857126,1.8594285714285694,stop_loss,False,-1.8594285714284524,17.0,True,5.0,-0.9162325777839772,-1.024637477122285,-1.0492749542446276,0.5,live_rolling_pf,4.8257632536161985,-4.944657885374731,689.3947505165997,684.4500926312251,False,B0_technical_control_S5_000671,0,B0_technical_control,2023_2024
PAIRED_B0_technical_control,S5,2422756,2422757,2024-11-06T18:24:00,2024-11-06T18:25:00,2024-11-06T18:24:00,2024-11-06T18:25:00,1648,2664.42,2666.3755714285717,1.9555714285714658,2.4068571428571888,take_profit,False,1.9555714285716022,17.0,True,5.0,0.7588978822486402,0.6735225634771593,0.6541190819381864,0.5,live_rolling_pf,4.791150648418576,3.2269480667281334,684.4500926312251,687.6770406979532,True,B0_technical_control_S5_000672,0,B0_technical_control,2023_2024
PAIRED_B0_technical_control,S5,2427648,2427654,2024-11-12T08:01:00,2024-11-12T08:07:00,2024-11-12T08:01:00,2024-11-12T08:07:00,1654,2605.84,2607.5077142857144,1.6677142857143314,2.052571428571485,take_profit,False,1.6677142857142826,17.0,True,5.0,0.7503535158760563,0.6513690705746061,0.6288726057333675,0.5,live_rolling_pf,4.813739284885672,3.1355208839844497,687.6770406979532,690.8125615819376,True,B0_technical_control_S5_000673,0,B0_technical_control,2023_2024
PAIRED_B0_technical_control,S5,2427905,2427906,2024-11-12T12:18:00,2024-11-12T12:19:00,2024-11-12T12:18:00,2024-11-12T12:19:00,1655,2593.15,2591.1762857142858,1.6036428571428978,1.973714285714336,stop_loss,False,-1.9737142857143226,17.0,True,5.0,-0.9206983873117377,-1.0233240037318339,-1.046648007463674,0.5,live_rolling_pf,4.835687931073563,-4.948475534423907,690.8125615819376,685.8640860475138,False,B0_technical_control_S5_000674,0,B0_technical_control,2023_2024
PAIRED_B0_technical_control,S5,2427922,2427930,2024-11-12T12:35:00,2024-11-12T12:43:00,2024-11-12T12:35:00,2024-11-12T12:43:00,1658,2591.48,2593.0994285714287,1.6194285714286611,1.9931428571429675,take_profit,False,1.6194285714286707,17.0,True,5.0,0.7486461497820709,0.6469422797516969,0.6238277638357029,0.5,live_post_loss_cap;live_rolling_pf,4.801048602332596,3.106001327991748,685.8640860475138,688.9700873755055,True,B0_technical_control_S5_000675,0,B0_technical_control,2023_2024
PAIRED_B0_technical_control,S5,2440683,2440686,2024-11-25T18:27:00,2024-11-25T18:30:00,2024-11-25T18:27:00,2024-11-25T18:30:00,1660,2631.88,2633.487357142857,1.6073571428571378,1.978285714285708,take_profit,False,1.6073571428569267,16.0,True,5.0,0.7517036344199972,0.6534941207909216,0.6301109032601894,0.5,live_rolling_pf,4.822790611628538,3.1516653105049026,688.9700873755055,692.1217526860104,True,B0_technical_control_S5_000676,0,B0_technical_control,2023_2024
PAIRED_B0_technical_control,S5,2440687,2440687,2024-11-25T18:31:00,2024-11-25T18:31:00,2024-11-25T18:31:00,2024-11-25T18:31:00,1660,2633.38,2634.987357142857,1.6073571428570956,1.978285714285656,take_profit,False,1.6073571428569267,16.0,True,5.0,0.7517036344200155,0.6534941207909375,0.6301109032602046,0.5,live_rolling_pf,4.8448522688020725,3.1660824737627893,692.1217526860104,695.2878351597732,True,B0_technical_control_S5_000677,1,B0_technical_control,2023_2024
PAIRED_B0_technical_control,S5,2440711,2440718,2024-11-25T18:55:00,2024-11-25T19:02:00,2024-11-25T18:55:00,2024-11-25T19:02:00,1661,2631.01,2632.51,1.5,1.8411428571428718,take_profit,False,1.5,16.0,True,5.0,0.7495716733295205,0.6446316390633876,0.6196459166190702,0.5,live_rolling_pf,4.867014846118412,3.137431757599153,695.2878351597732,698.4252669173724,True,B0_technical_control_S5_000678,0,B0_technical_control,2023_2024
PAIRED_B0_technical_control,S5,2445207,2445217,2024-11-29T04:29:00,2024-11-29T04:39:00,2024-11-29T04:29:00,2024-11-29T04:39:00,1663,2660.38,2658.078285714286,1.8701428571429721,2.3017142857144273,stop_loss,False,-2.301714285714297,17.0,True,5.0,-0.9312218240665332,-1.020228875274481,-1.0404577505490145,1.0,,9.777953736843214,-9.975750743425461,698.4252669173724,688.4495161739469,False,B0_technical_control_S5_000679,0,B0_technical_control,2023_2024
PAIRED_B0_technical_control,S5,2456930,2456938,2024-12-11T18:19:00,2024-12-11T18:27:00,2024-12-11T18:19:00,2024-12-11T18:27:00,1674,2714.59,2716.274428571429,1.684428571428602,2.0731428571428947,take_profit,False,1.6844285714287253,16.0,True,5.0,0.7542860798362895,0.6602482088025142,0.6378582395087582,1.0,,9.638293226435257,6.363665838667284,688.4495161739469,694.8131820126142,True,B0_technical_control_S5_000680,0,B0_technical_control,2023_2024
PAIRED_B0_technical_control,S5,2458302,2458312,2024-12-12T18:12:00,2024-12-12T18:22:00,2024-12-12T18:12:00,2024-12-12T18:22:00,1675,2682.1,2680.002857142857,1.7039285714285206,2.097142857142795,stop_loss,False,-2.0971428571428987,16.0,True,5.0,-0.9291139240506769,-1.0221518987342237,-1.0443037974684015,1.0,,9.7273845481766,-9.942864585636661,694.8131820126142,684.8703174269775,False,B0_technical_control_S5_000681,0,B0_technical_control,2023_2024
PAIRED_B0_technical_control,S5,2458329,2458350,2024-12-12T18:39:00,2024-12-12T19:00:00,2024-12-12T18:39:00,2024-12-12T19:00:00,1678,2682.33,2683.83,1.5,1.7954285714284717,take_profit,False,1.5,16.0,True,5.0,0.767095265926398,0.6597019286967023,0.6341320864991556,0.5,live_post_loss_cap;live_rolling_pf,4.794092221988842,3.1626718851958984,684.8703174269775,688.0329893121734,True,B0_technical_control_S5_000682,0,B0_technical_control,2023_2024
PAIRED_B0_technical_control,S5,2464120,2464124,2024-12-18T23:15:00,2024-12-18T23:19:00,2024-12-18T23:15:00,2024-12-18T23:19:00,1680,2594.86,2592.784571428572,1.6862857142856587,2.075428571428503,stop_loss,False,-2.075428571428347,18.0,True,5.0,-0.9201925513047169,-1.0221687357486013,-1.044337471497272,0.5,live_rolling_pf,4.816230925185214,-4.923000675869886,688.0329893121734,683.1099886363036,False,B0_technical_control_S5_000683,0,B0_technical_control,2023_2024
PAIRED_B0_technical_control,S5,2464139,2464141,2024-12-18T23:34:00,2024-12-18T23:36:00,2024-12-18T23:34:00,2024-12-18T23:36:00,1683,2589.0,2587.096,1.547000000000071,1.9040000000000874,stop_loss,False,-1.9039999999999964,18.0,True,5.0,-0.9136276391554301,-1.023992322456769,-1.047984644913582,0.5,live_post_loss_cap;live_rolling_pf,4.781769920454125,-4.8964956862997395,683.1099886363036,678.2134929500038,False,B0_technical_control_S5_000684,0,B0_technical_control,2023_2024
PAIRED_B0_technical_control,S5,2464157,2464159,2024-12-18T23:52:00,2024-12-18T23:54:00,2024-12-18T23:52:00,2024-12-18T23:54:00,1684,2587.37,2585.8442857142854,1.5,1.5257142857143275,stop_loss,False,-1.5257142857144572,16.0,True,5.0,-0.9050847457627912,-1.0296610169492288,-1.0593220338983806,0.5,live_post_loss_cap;live_rolling_pf,4.747494450650026,-4.888309964017127,678.2134929500038,673.3251829859867,False,B0_technical_control_S5_000685,0,B0_technical_control,2023_2024
PAIRED_B0_technical_control,S5,2464165,2464166,2024-12-19T01:01:00,2024-12-19T01:02:00,2024-12-19T01:01:00,2024-12-19T01:02:00,1686,2583.65,2585.2657142857142,1.615714285714294,1.988571428571439,take_profit,False,1.615714285714148,24.0,True,5.0,0.7249999999999347,0.5948717948717301,0.5724358974358329,0.5,live_post_loss_cap;live_rolling_pf,4.713276280901907,2.80379512094647,673.3251829859867,676.1289781069331,True,B0_technical_control_S5_000686,0,B0_technical_control,2023_2024
PAIRED_B0_technical_control,S5,2464347,2464383,2024-12-19T04:03:00,2024-12-19T04:39:00,2024-12-19T04:03:00,2024-12-19T04:39:00,1687,2610.57,2607.726571428572,2.3102857142857243,2.843428571428584,stop_loss,False,-2.843428571428376,18.0,True,5.0,-0.940464940464872,-1.0165375165374477,-1.0330750330749643,0.5,live_rolling_pf,4.732902846748532,-4.811173305846769,676.1289781069331,671.3178048010864,False,B0_technical_control_S5_000687,0,B0_technical_control,2023_2024
PAIRED_B0_technical_control,S5,2465727,2465730,2024-12-20T04:04:00,2024-12-20T04:07:00,2024-12-20T04:04:00,2024-12-20T04:07:00,1689,2600.0,2597.9245714285717,1.6862857142856165,2.0754285714284513,stop_loss,False,-2.075428571428347,17.0,True,5.0,-0.9242906222165165,-1.0222674640539058,-1.0445349281078578,0.5,live_rolling_pf,4.699224633607605,-4.8038644492176905,671.3178048010864,666.5139403518687,False,B0_technical_control_S5_000688,0,B0_technical_control,2023_2024
PAIRED_B1_technical_plus_macro,S5,15709,15725,2018-01-17T22:03:00,2018-01-17T22:19:00,2018-01-17T22:03:00,2018-01-17T22:19:00,4,1329.12,1327.414857142857,1.5,1.7051428571428398,stop_loss,False,-1.705142857142846,30.0,False,5.0,-0.8503847249928773,-1.0249358791678576,-1.0498717583357118,1.0,,14.0,-14.349102308350005,1000.0,985.65089769165,False,B1_technical_plus_macro_S5_000000,0,B1_technical_plus_macro,2018_2020
PAIRED_B1_technical_plus_macro,S5,18591,18600,2018-01-22T01:06:00,2018-01-22T01:15:00,2018-01-22T01:06:00,2018-01-22T01:15:00,6,1334.38,1332.7365714285716,1.5,1.6434285714285322,stop_loss,False,-1.643428571428558,30.0,False,5.0,-0.8456336371655496,-1.0257277271390906,-1.0514554542781678,1.0,,13.7991125676831,-14.154132370586046,985.65089769165,971.496765321064,False,B1_technical_plus_macro_S5_000001,0,B1_technical_plus_macro,2018_2020
PAIRED_B1_technical_plus_macro,S5,29503,29519,2018-01-31T22:01:00,2018-01-31T22:17:00,2018-01-31T22:01:00,2018-01-31T22:17:00,18,1344.22,1345.72,1.5,1.7268571428571837,take_profit,False,1.5,30.0,False,5.0,0.7400620242458267,0.5673808852551337,0.5427121511136063,1.0,,13.600954714494897,7.7169217262251,971.496765321064,979.2136870472891,True,B1_technical_plus_macro_S5_000002,0,B1_technical_plus_macro,2018_2020
PAIRED_B1_technical_plus_macro,S5,29622,29626,2018-02-01T01:00:00,2018-02-01T01:04:00,2018-02-01T01:00:00,2018-02-01T01:04:00,19,1344.7,1342.9720000000002,1.5,1.7279999999999356,stop_loss,False,-1.727999999999838,30.0,False,5.0,-0.8520710059171069,-1.0246548323470928,-1.0493096646942335,1.0,,13.708991618662047,-14.04698450866786,979.2136870472891,965.1667025386213,False,B1_technical_plus_macro_S5_000003,0,B1_technical_plus_macro,2018_2020
PAIRED_B1_technical_plus_macro,S5,32381,32392,2018-02-05T01:00:00,2018-02-05T01:11:00,2018-02-05T01:00:00,2018-02-05T01:11:00,21,1331.84,1329.6571428571428,1.773571428571399,2.1828571428571064,stop_loss,False,-2.182857142857074,30.0,False,5.0,-0.8791714614499277,-1.0201380897583303,-1.0402761795166735,1.0,,13.512333835540698,-13.78444642716534,965.1667025386213,951.382256111456,False,B1_technical_plus_macro_S5_000004,0,B1_technical_plus_macro,2018_2020
PAIRED_B1_technical_plus_macro,S5,33768,33858,2018-02-06T01:12:00,2018-02-06T02:42:00,2018-02-06T01:12:00,2018-02-06T02:42:00,25,1337.36,1338.9,4.35964285714284,5.365714285714265,timeout,False,1.540000000000191,30.0,False,5.0,0.2718103883005894,0.21003530005046311,0.20121028744330224,1.0,,13.319351585560383,2.797534006750787,951.382256111456,954.1797901182067,True,B1_technical_plus_macro_S5_000005,0,B1_technical_plus_macro,2018_2020
PAIRED_B1_technical_plus_macro,S5,39275,39287,2018-02-12T01:00:00,2018-02-12T01:12:00,2018-02-12T01:00:00,2018-02-12T01:12:00,27,1314.87,1316.8311428571428,1.9611428571428684,2.4137142857142995,take_profit,False,1.9611428571429315,30.0,False,5.0,0.7226784586228917,0.5937039376711131,0.5752790061065733,1.0,,13.358517061654894,7.931004180951257,954.1797901182067,962.110794299158,True,B1_technical_plus_macro_S5_000006,0,B1_technical_plus_macro,2018_2020
PAIRED_B1_technical_plus_macro,S5,40660,40750,2018-02-13T01:05:00,2018-02-13T02:35:00,2018-02-13T01:05:00,2018-02-13T02:35:00,28,1323.52,1322.56,1.7912142857142823,2.2045714285714246,timeout,False,-0.9600000000000364,30.0,False,5.0,-0.3832991101985093,-0.5230435774583773,-0.5430070727812155,1.0,,13.469551120188212,-7.045162204661735,962.110794299158,955.0656320944962,False,B1_technical_plus_macro_S5_000007,0,B1_technical_plus_macro,2018_2020
PAIRED_B1_technical_plus_macro,S5,42041,42131,2018-02-14T01:06:00,2018-02-14T02:36:00,2018-02-14T01:06:00,2018-02-14T02:36:00,29,1329.47,1332.34,5.70235714285713,7.018285714285698,timeout,False,2.869999999999891,30.0,False,5.0,0.3921683454360756,0.3443429374560646,0.337510736316063,1.0,,13.370918849322948,4.604181473062527,955.0656320944962,959.6698135675588,True,B1_technical_plus_macro_S5_000008,0,B1_technical_plus_macro,2018_2020
PAIRED_B1_technical_plus_macro,S5,48700,48790,2018-02-21T01:09:00,2018-02-21T02:39:00,2018-02-21T01:09:00,2018-02-21T02:39:00,34,1329.44,1329.51,1.9611428571428684,2.4137142857142995,timeout,False,0.06999999999993634,30.0,False,5.0,0.025794904190332275,-0.10317961676144641,-0.12160454832598622,1.0,,13.435377389945824,-1.3862570901400122,959.6698135675588,958.2835564774188,False,B1_technical_plus_macro_S5_000009,0,B1_technical_plus_macro,2018_2020
PAIRED_B1_technical_plus_macro,S5,49956,49974,2018-02-21T22:05:00,2018-02-21T22:23:00,2018-02-21T22:05:00,2018-02-21T22:23:00,35,1323.69,1325.2407142857144,1.5507142857142477,1.9085714285713817,take_profit,False,1.5507142857143208,30.0,False,5.0,0.7021345407503542,0.5436610608020973,0.5210219922380607,1.0,,13.415969790683864,7.293740368092081,958.2835564774188,965.5772968455109,True,B1_technical_plus_macro_S5_000010,0,B1_technical_plus_macro,2018_2020
PAIRED_B1_technical_plus_macro,S5,58231,58233,2018-03-01T22:01:00,2018-03-01T22:03:00,2018-03-01T22:01:00,2018-03-01T22:03:00,37,1316.89,1318.39,1.5,1.7805714285713945,take_profit,False,1.5,30.0,False,5.0,0.7209557813787539,0.5527327657237113,0.5287009063444196,1.0,,13.518082155837153,7.47188693727622,965.5772968455109,973.049183782787,True,B1_technical_plus_macro_S5_000011,0,B1_technical_plus_macro,2018_2020
PAIRED_B1_technical_plus_macro,S5,58234,58237,2018-03-01T22:04:00,2018-03-01T22:07:00,2018-03-01T22:04:00,2018-03-01T22:07:00,37,1318.16,1316.3120000000001,1.5014999999999645,1.8479999999999563,stop_loss,False,-1.8479999999999563,30.0,False,5.0,-0.8603351955307235,-1.0232774674115461,-1.0465549348230923,1.0,,13.622688572959019,-13.939790262273714,973.049183782787,959.1093935205133,False,B1_technical_plus_macro_S5_000012,1,B1_technical_plus_macro,2018_2020
PAIRED_B1_technical_plus_macro,S5,59731,59758,2018-03-05T01:02:00,2018-03-05T01:29:00,2018-03-05T01:02:00,2018-03-05T01:29:00,38,1323.98,1322.1457142857143,1.5,1.8342857142857352,stop_loss,False,-1.83428571428567,30.0,False,5.0,-0.8594377510039869,-1.0234270414992999,-1.0468540829986304,1.0,,13.427531509287187,-13.742098847188414,959.1093935205133,945.3672946733249,False,B1_technical_plus_macro_S5_000013,0,B1_technical_plus_macro,2018_2020
PAIRED_B1_technical_plus_macro,S5,77478,77478,2018-03-21T20:01:00,2018-03-21T20:01:00,2018-03-21T20:01:00,2018-03-21T20:01:00,40,1325.66,1324.245142857143,1.5,1.4148571428571293,stop_loss,False,-1.414857142857045,30.0,False,5.0,-0.8250583138953176,-1.0291569476840563,-1.0583138953681617,1.0,,13.235142125426549,-13.62103847196866,945.3672946733249,931.7462562013562,False,B1_technical_plus_macro_S5_000014,0,B1_technical_plus_macro,2018_2020
PAIRED_B1_technical_plus_macro,S5,77493,77512,2018-03-21T20:16:00,2018-03-21T20:35:00,2018-03-21T20:16:00,2018-03-21T20:35:00,41,1325.89,1322.2900000000002,2.9250000000000003,3.6,stop_loss,False,-3.599999999999909,30.0,False,5.0,-0.9230769230768998,-1.0128205128204895,-1.0256410256410022,1.0,live_post_loss_cap,13.044447586818988,-13.211684094342004,931.7462562013562,918.5345721070142,False,B1_technical_plus_macro_S5_000015,0,B1_technical_plus_macro,2018_2020
PAIRED_B1_technical_plus_macro,S5,77527,77534,2018-03-21T20:50:00,2018-03-21T20:57:00,2018-03-21T20:50:00,2018-03-21T20:57:00,42,1328.88,1330.38,1.5,1.7154285714285185,take_profit,False,1.5,30.0,False,5.0,0.7442585766940939,0.5705982421321386,0.5457896229090022,1.0,live_post_loss_cap,12.8594840094982,7.3375989705460185,918.5345721070142,925.8721710775602,True,B1_technical_plus_macro_S5_000016,0,B1_technical_plus_macro,2018_2020
PAIRED_B1_technical_plus_macro,S5,77535,77543,2018-03-21T20:58:00,2018-03-21T21:06:00,2018-03-21T20:58:00,2018-03-21T21:06:00,42,1330.42,1332.0375714285715,1.6175714285714144,1.9908571428571253,take_profit,False,1.6175714285714093,30.0,False,5.0,0.7060987777500595,0.5533175355450195,0.5314916438014425,1.0,live_post_loss_cap,12.962210395085844,7.172218311024933,925.8721710775602,933.0443893885852,True,B1_technical_plus_macro_S5_000017,1,B1_technical_plus_macro,2018_2020
PAIRED_B1_technical_plus_macro,S5,77657,77747,2018-03-22T00:01:00,2018-03-22T01:31:00,2018-03-22T00:01:00,2018-03-22T01:31:00,43,1331.8,1331.55,1.5,0.6,timeout,False,-0.25,30.0,False,5.0,-0.2777777777777778,-0.6666666666666669,-0.7222222222222223,0.5,live_rolling_pf,6.531310725720096,-4.3542071504800655,933.0443893885852,928.6901822381051,False,B1_technical_plus_macro_S5_000018,0,B1_technical_plus_macro,2018_2020
PAIRED_B1_technical_plus_macro,S5,80414,80428,2018-03-26T01:00:00,2018-03-26T01:14:00,2018-03-26T01:00:00,2018-03-26T01:14:00,49,1347.1,1348.6,1.5,1.7839999999999887,take_profit,False,1.5,30.0,False,5.0,0.7197696737044186,0.5518234165067208,0.527831094049907,0.5,live_rolling_pf,6.5008312756667355,3.5873109246721624,928.6901822381051,932.2774931627772,True,B1_technical_plus_macro_S5_000019,0,B1_technical_plus_macro,2018_2020
PAIRED_B1_technical_plus_macro,S5,85938,86028,2018-04-02T01:06:00,2018-04-02T02:36:00,2018-04-02T01:06:00,2018-04-02T02:36:00,50,1325.3,1326.96,3.6641428571428185,4.509714285714238,timeout,False,1.6600000000000819,30.0,False,5.0,0.3451348461447276,0.2723654508732525,0.26196982297732746,0.5,live_rolling_pf,6.52594245213944,1.7774412583498576,932.2774931627772,934.0549344211271,True,B1_technical_plus_macro_S5_000020,0,B1_technical_plus_macro,2018_2020
PAIRED_B1_technical_plus_macro,S5,141045,141131,2018-05-28T01:10:00,2018-05-28T02:36:00,2018-05-28T01:10:00,2018-05-28T02:36:00,61,1296.37,1297.87,1.5,1.0639999999999419,take_profit,False,1.5,30.0,False,5.0,1.099706744868082,0.8431085043988628,0.8064516129032602,0.5,live_rolling_pf,6.53838454094789,5.51256761150322,934.0549344211271,939.5675020326303,True,B1_technical_plus_macro_S5_000021,0,B1_technical_plus_macro,2018_2020
PAIRED_B1_technical_plus_macro,S5,187436,187461,2018-07-13T01:37:00,2018-07-13T02:02:00,2018-07-13T01:37:00,2018-07-13T02:02:00,66,1246.53,1245.93,1.5,0.6,stop_loss,False,-0.599999999999909,30.0,False,5.0,-0.6666666666665657,-1.0555555555554548,-1.1111111111110101,0.5,live_rolling_pf,6.576972514228412,-6.942359876129328,939.5675020326303,932.6251421565009,False,B1_technical_plus_macro_S5_000022,0,B1_technical_plus_macro,2018_2020
PAIRED_B1_technical_plus_macro,S5,205341,205370,2018-08-01T01:27:00,2018-08-01T01:57:00,2018-08-01T01:27:00,2018-08-01T01:57:00,68,1224.4,1223.8000000000002,1.5,0.6,stop_loss,False,-0.599999999999909,30.0,False,5.0,-0.6666666666665657,-1.0555555555554548,-1.1111111111110101,0.5,live_rolling_pf,6.528375995095507,-6.8910635503779325,932.6251421565009,925.734078606123,False,B1_technical_plus_macro_S5_000023,0,B1_technical_plus_macro,2018_2020
PAIRED_B1_technical_plus_macro,S5,220615,220624,2018-08-16T03:31:00,2018-08-16T03:40:00,2018-08-16T03:31:00,2018-08-16T03:40:00,72,1167.8,1166.392,1.5,1.4079999999999668,stop_loss,False,-1.4079999999999018,30.0,False,5.0,-0.824355971896914,-1.0292740046838031,-1.0585480093676445,0.5,live_rolling_pf,6.480138550242861,-6.6698381565143645,925.734078606123,919.0642404496086,False,B1_technical_plus_macro_S5_000024,0,B1_technical_plus_macro,2018_2020
PAIRED_B1_technical_plus_macro,S5,220639,220646,2018-08-16T03:55:00,2018-08-16T04:02:00,2018-08-16T03:55:00,2018-08-16T04:02:00,75,1165.06,1166.8595714285714,1.7995714285714177,2.2148571428571295,take_profit,False,1.7995714285714257,30.0,False,5.0,0.7155760054533088,0.5764030902067732,0.5565212451715538,0.5,live_post_loss_cap;live_rolling_pf,6.433449683147261,3.708260278055867,919.0642404496086,922.7725007276645,True,B1_technical_plus_macro_S5_000025,0,B1_technical_plus_macro,2018_2020
PAIRED_B1_technical_plus_macro,S5,220647,220651,2018-08-16T04:03:00,2018-08-16T04:07:00,2018-08-16T04:03:00,2018-08-16T04:07:00,75,1167.13,1165.538,1.5,1.5920000000000074,stop_loss,False,-1.5920000000000982,30.0,False,5.0,-0.8414376321353552,-1.0264270613108302,-1.0528541226216122,0.5,live_post_loss_cap;live_rolling_pf,6.459407505093651,-6.630110663262397,922.7725007276645,916.1423900644021,False,B1_technical_plus_macro_S5_000026,1,B1_technical_plus_macro,2018_2020
PAIRED_B1_technical_plus_macro,S5,220667,220670,2018-08-16T04:23:00,2018-08-16T04:26:00,2018-08-16T04:23:00,2018-08-16T04:26:00,78,1166.52,1165.2377142857142,1.5,1.2822857142857176,stop_loss,False,-1.2822857142857629,30.0,False,5.0,-0.8104008667389239,-1.0315998555435462,-1.0631997110870635,0.5,live_post_loss_cap;live_rolling_pf,6.412996730450815,-6.615646500734295,916.1423900644021,909.5267435636678,False,B1_technical_plus_macro_S5_000027,0,B1_technical_plus_macro,2018_2020
PAIRED_B1_technical_plus_macro,S5,220685,220687,2018-08-16T04:41:00,2018-08-16T04:43:00,2018-08-16T04:41:00,2018-08-16T04:43:00,79,1168.72,1170.22,1.5,1.4708571428571304,take_profit,False,1.5,30.0,False,5.0,0.8470474346563467,0.6494030332365324,0.6211681187479876,0.5,live_post_loss_cap;live_rolling_pf,6.366687204945674,4.134545982559941,909.5267435636678,913.6612895462277,True,B1_technical_plus_macro_S5_000028,0,B1_technical_plus_macro,2018_2020
PAIRED_B1_technical_plus_macro,S5,220688,220692,2018-08-16T04:44:00,2018-08-16T04:48:00,2018-08-16T04:44:00,2018-08-16T04:48:00,79,1170.43,1168.9260000000002,1.5,1.5039999999999836,stop_loss,False,-1.5039999999999054,30.0,False,5.0,-0.8337028824833255,-1.0277161862527286,-1.0554323725055004,0.5,live_post_loss_cap;live_rolling_pf,6.3956290268235945,-6.572891472134395,913.6612895462277,907.0883980740933,False,B1_technical_plus_macro_S5_000029,1,B1_technical_plus_macro,2018_2020
PAIRED_B1_technical_plus_macro,S5,247339,247351,2018-09-12T18:27:00,2018-09-12T18:39:00,2018-09-12T18:27:00,2018-09-12T18:39:00,80,1203.81,1202.223714285714,1.5,1.586285714285779,stop_loss,False,-1.5862857142858502,30.0,False,5.0,-0.840957285671052,-1.0265071190548687,-1.0530142381096996,0.5,live_rolling_pf,6.349618786518653,-6.517928887645934,907.0883980740933,900.5704691864474,False,B1_technical_plus_macro_S5_000030,0,B1_technical_plus_macro,2018_2020
PAIRED_B1_technical_plus_macro,S5,322238,322244,2018-11-28T19:16:00,2018-11-28T19:22:00,2018-11-28T19:16:00,2018-11-28T19:22:00,87,1224.05,1221.914,1.7354999999999206,2.1359999999999024,stop_loss,False,-2.1359999999999673,25.0,True,5.0,-0.8952221290863599,-1.0209555741827605,-1.0419111483654941,0.5,live_rolling_pf,6.3039932843051325,-6.436097083222013,900.5704691864474,894.1343721032255,False,B1_technical_plus_macro_S5_000031,0,B1_technical_plus_macro,2018_2020
PAIRED_B1_technical_plus_macro,S5,427536,427537,2019-03-20T20:02:00,2019-03-20T20:03:00,2019-03-20T20:02:00,2019-03-20T20:03:00,93,1308.3,1309.8,1.5,1.2525714285714329,take_profit,False,1.5,20.0,True,5.0,1.0326514555468105,0.8605428796223421,0.8261211644374483,0.5,live_rolling_pf,6.258940604722579,5.386086771373171,894.1343721032255,899.5204588745986,True,B1_technical_plus_macro_S5_000032,0,B1_technical_plus_macro,2018_2020
PAIRED_B1_technical_plus_macro,S5,427538,427538,2019-03-20T20:04:00,2019-03-20T20:04:00,2019-03-20T20:04:00,2019-03-20T20:04:00,93,1310.38,1311.88,1.5,1.586285714285701,take_profit,False,1.5,17.0,True,5.0,0.8540751586139645,0.7288108020172498,0.700341630063451,0.5,live_rolling_pf,6.2966432121221905,4.589061589443245,899.5204588745986,904.1095204640418,True,B1_technical_plus_macro_S5_000033,1,B1_technical_plus_macro,2018_2020
PAIRED_B1_technical_plus_macro,S5,427539,427541,2019-03-20T20:05:00,2019-03-20T20:07:00,2019-03-20T20:05:00,2019-03-20T20:07:00,93,1312.69,1310.7357142857143,1.5878571428571344,1.954285714285704,stop_loss,False,-1.9542857142857883,23.0,True,5.0,-0.8947024198823141,-1.0228907782865007,-1.0457815565729625,0.5,live_rolling_pf,6.328766643248293,-6.47363703730589,904.1095204640418,897.6358834267359,False,B1_technical_plus_macro_S5_000034,2,B1_technical_plus_macro,2018_2020
PAIRED_B1_technical_plus_macro,S5,427556,427565,2019-03-20T20:22:00,2019-03-20T20:31:00,2019-03-20T20:22:00,2019-03-20T20:31:00,93,1315.11,1313.8059999999998,1.5,1.3039999999999834,stop_loss,False,-1.3040000000000873,18.0,True,5.0,-0.8787061994609852,-1.033692722372038,-1.067385444744006,0.5,live_post_loss_cap;live_rolling_pf,6.283451183987151,-6.4951577602674835,897.6358834267359,891.1407256664684,False,B1_technical_plus_macro_S5_000035,3,B1_technical_plus_macro,2018_2020
PAIRED_B1_technical_plus_macro,S5,427581,427583,2019-03-20T20:47:00,2019-03-20T20:49:00,2019-03-20T20:47:00,2019-03-20T20:49:00,94,1312.69,1314.19,1.5,1.6377142857142777,take_profit,False,1.5,19.0,True,5.0,0.8206972018133536,0.689385649523217,0.6620290761294386,0.5,live_post_loss_cap;live_rolling_pf,6.237985079665279,4.300377395861185,891.1407256664684,895.4411030623296,True,B1_technical_plus_macro_S5_000036,0,B1_technical_plus_macro,2018_2020
PAIRED_B1_technical_plus_macro,S5,427714,427716,2019-03-21T00:01:00,2019-03-21T00:03:00,2019-03-21T00:01:00,2019-03-21T00:03:00,95,1312.31,1313.81,1.5,0.6,take_profit,False,1.5,32.0,True,5.0,1.6304347826086958,1.2282608695652173,1.173913043478261,0.5,live_rolling_pf,6.2680877214363075,7.69884687524242,895.4411030623296,903.139949937572,True,B1_technical_plus_macro_S5_000037,0,B1_technical_plus_macro,2018_2020
PAIRED_B1_technical_plus_macro,S5,513830,513832,2019-06-18T17:02:00,2019-06-18T17:04:00,2019-06-18T17:02:00,2019-06-18T17:04:00,100,1340.23,1341.7955714285715,1.5655714285714193,1.9268571428571315,take_profit,False,1.565571428571502,15.0,True,5.0,0.7538175815105637,0.6575182280919362,0.6334433897372792,0.5,live_rolling_pf,6.321979649563005,4.156816857213946,903.139949937572,907.296766794786,True,B1_technical_plus_macro_S5_000038,0,B1_technical_plus_macro,2018_2020
PAIRED_B1_technical_plus_macro,S5,515507,515564,2019-06-19T22:00:00,2019-06-19T22:57:00,2019-06-19T22:00:00,2019-06-19T22:57:00,101,1352.14,1353.696285714286,1.5562857142857769,1.9154285714286485,take_profit,False,1.5562857142858775,17.0,True,5.0,0.7462666118646896,0.6407727085902724,0.6167968214824503,0.5,live_rolling_pf,6.351077367563502,4.069597047280042,907.296766794786,911.366363842066,True,B1_technical_plus_macro_S5_000039,0,B1_technical_plus_macro,2018_2020
PAIRED_B1_technical_plus_macro,S5,515781,515797,2019-06-20T03:35:00,2019-06-20T03:51:00,2019-06-20T03:35:00,2019-06-20T03:51:00,102,1365.16,1366.66,1.5,1.3588571428571026,take_profit,False,1.5,17.0,True,5.0,0.9811250233601455,0.8372266866006575,0.8045225191553192,0.5,live_rolling_pf,6.379564546894462,5.341141687551476,911.366363842066,916.7075055296175,True,B1_technical_plus_macro_S5_000040,0,B1_technical_plus_macro,2018_2020
PAIRED_B1_technical_plus_macro,S5,515802,515802,2019-06-20T03:56:00,2019-06-20T03:56:00,2019-06-20T03:56:00,2019-06-20T03:56:00,103,1372.72,1371.0240000000001,1.5,1.6960000000000168,stop_loss,False,-1.6959999999999127,14.0,True,5.0,-0.9237472766883972,-1.0272331154683527,-1.054466230936762,0.5,live_rolling_pf,6.4169525387073225,-6.591706148148878,916.7075055296175,910.1157993814686,False,B1_technical_plus_macro_S5_000041,0,B1_technical_plus_macro,2018_2020
PAIRED_B1_technical_plus_macro,S5,515817,515823,2019-06-20T04:11:00,2019-06-20T04:17:00,2019-06-20T04:11:00,2019-06-20T04:17:00,103,1384.09,1378.0179999999998,4.9335000000000315,6.072000000000038,stop_loss,False,-6.072000000000116,22.0,True,5.0,-0.9650349650349777,-1.0079465988557021,-1.0158931977113919,0.5,live_post_loss_cap;live_rolling_pf,6.370810595670281,-6.421436871859729,910.1157993814686,903.6943625096088,False,B1_technical_plus_macro_S5_000042,1,B1_technical_plus_macro,2018_2020
PAIRED_B1_technical_plus_macro,S5,518427,518430,2019-06-24T01:44:00,2019-06-24T01:47:00,2019-06-24T01:44:00,2019-06-24T01:47:00,106,1403.79,1405.506,1.7160000000000228,2.112000000000028,take_profit,False,1.7160000000001219,29.0,True,5.0,0.7144046627810582,0.5728559533722338,0.5520399666944655,0.5,live_rolling_pf,6.325860537567262,3.6238068691478857,903.6943625096088,907.3181693787567,True,B1_technical_plus_macro_S5_000043,0,B1_technical_plus_macro,2018_2020
PAIRED_B1_technical_plus_macro,S5,520882,520884,2019-06-25T19:40:00,2019-06-25T19:42:00,2019-06-25T19:40:00,2019-06-25T19:42:00,107,1424.06,1422.0885714285714,1.601785714285672,1.9714285714285193,stop_loss,False,-1.9714285714285325,15.0,True,5.0,-0.9292929292929337,-1.0235690235690302,-1.0471380471380545,0.5,live_rolling_pf,6.351227185651297,-6.500919408882178,907.3181693787567,900.8172499698745,False,B1_technical_plus_macro_S5_000044,0,B1_technical_plus_macro,2018_2020
PAIRED_B1_technical_plus_macro,S5,520929,520934,2019-06-25T20:27:00,2019-06-25T20:32:00,2019-06-25T20:27:00,2019-06-25T20:32:00,109,1413.97,1416.3499285714286,2.3799285714285396,2.9291428571428177,take_profit,False,2.379928571428536,20.0,True,5.0,0.7605688458728982,0.6806747626004355,0.6646959459459431,0.5,live_post_loss_cap;live_rolling_pf,6.3057207497891214,4.29214497438735,900.8172499698745,905.1093949442619,True,B1_technical_plus_macro_S5_000045,0,B1_technical_plus_macro,2018_2020
PAIRED_B1_technical_plus_macro,S5,521153,521186,2019-06-26T01:12:00,2019-06-26T01:45:00,2019-06-26T01:12:00,2019-06-26T01:45:00,110,1419.15,1417.287142857143,1.5135714285714243,1.8628571428571377,stop_loss,False,-1.8628571428571377,33.0,True,5.0,-0.8495114006514655,-1.022801302931596,-1.0456026058631924,0.5,live_rolling_pf,6.3357657646098335,-6.480229479112338,905.1093949442619,898.6291654651495,False,B1_technical_plus_macro_S5_000046,0,B1_technical_plus_macro,2018_2020
PAIRED_B1_technical_plus_macro,S5,525295,525304,2019-07-01T01:18:00,2019-07-01T01:27:00,2019-07-01T01:18:00,2019-07-01T01:27:00,112,1391.69,1394.2584285714286,2.5684285714286,3.1611428571428926,take_profit,False,2.5684285714285124,32.0,True,5.0,0.7378118844385836,0.6315249507550653,0.6171618516086439,0.5,live_rolling_pf,6.290404158256047,3.972547176272108,898.6291654651495,902.6017126414216,True,B1_technical_plus_macro_S5_000047,0,B1_technical_plus_macro,2018_2020
PAIRED_B1_technical_plus_macro,S5,526251,526257,2019-07-01T17:14:00,2019-07-01T17:20:00,2019-07-01T17:14:00,2019-07-01T17:20:00,113,1389.6,1391.1,1.5,1.7188571428571908,take_profit,False,1.5,20.0,True,5.0,0.781715306730177,0.6514294222751476,0.6253722453841416,0.5,live_rolling_pf,6.318211988489951,4.11586918547392,902.6017126414216,906.7175818268955,True,B1_technical_plus_macro_S5_000048,0,B1_technical_plus_macro,2018_2020
PAIRED_B1_technical_plus_macro,S5,526308,526315,2019-07-01T18:11:00,2019-07-01T18:18:00,2019-07-01T18:11:00,2019-07-01T18:18:00,114,1393.68,1392.1028571428571,1.5,1.577142857142852,stop_loss,False,-1.577142857142917,17.0,True,5.0,-0.9026982829109118,-1.0286181520850741,-1.057236304170111,0.5,live_rolling_pf,6.347023072788269,-6.528663144372798,906.7175818268955,900.1889186825227,False,B1_technical_plus_macro_S5_000049,0,B1_technical_plus_macro,2018_2020
PAIRED_B1_technical_plus_macro,S5,526844,526902,2019-07-02T04:08:00,2019-07-02T05:06:00,2019-07-02T04:08:00,2019-07-02T05:06:00,115,1389.88,1391.38,1.5,1.276571428571411,take_profit,False,1.5,15.0,True,5.0,1.0514720608852524,0.9112757861005522,0.876226717404377,0.5,live_rolling_pf,6.30132243077766,5.742242551579954,900.1889186825227,905.9311612341027,True,B1_technical_plus_macro_S5_000050,0,B1_technical_plus_macro,2018_2020
PAIRED_B1_technical_plus_macro,S5,528051,528056,2019-07-03T01:16:00,2019-07-03T01:21:00,2019-07-03T01:16:00,2019-07-03T01:21:00,116,1433.9,1430.548,2.723500000000057,3.35200000000007,stop_loss,False,-3.352000000000089,47.0,True,5.0,-0.8770277341705985,-1.0130821559393035,-1.0261643118786021,0.5,live_rolling_pf,6.341518128638719,-6.424478857689491,905.9311612341027,899.5066823764132,False,B1_technical_plus_macro_S5_000051,0,B1_technical_plus_macro,2018_2020
PAIRED_B1_technical_plus_macro,S5,528086,528089,2019-07-03T01:51:00,2019-07-03T01:54:00,2019-07-03T01:51:00,2019-07-03T01:54:00,119,1424.94,1426.8398571428572,1.8998571428571462,2.3382857142857185,take_profit,False,1.8998571428571722,29.0,True,5.0,0.7228503098162944,0.5934884226546465,0.5744646157191101,0.5,live_post_loss_cap;live_rolling_pf,6.296546776634893,3.736927614636241,899.5066823764132,903.2436099910494,True,B1_technical_plus_macro_S5_000052,0,B1_technical_plus_macro,2018_2020
PAIRED_B1_technical_plus_macro,S5,531948,531949,2019-07-08T01:21:00,2019-07-08T01:22:00,2019-07-08T01:21:00,2019-07-08T01:22:00,125,1395.18,1393.9022857142859,1.5,1.277714285714267,stop_loss,False,-1.2777142857141826,26.0,True,5.0,-0.8309178743960783,-1.0325157933853042,-1.065031586770663,0.5,live_rolling_pf,6.322705269937346,-6.528293048130803,903.2436099910494,896.7153169429187,False,B1_technical_plus_macro_S5_000053,0,B1_technical_plus_macro,2018_2020
PAIRED_B1_technical_plus_macro,S5,556920,556941,2019-08-01T04:04:00,2019-08-01T04:25:00,2019-08-01T04:04:00,2019-08-01T04:25:00,131,1408.8,1410.3,1.5,1.2468571428571265,take_profit,False,1.5,21.0,True,5.0,1.0296136497352537,0.8511472837811431,0.816826828789968,0.5,live_rolling_pf,6.27700721860043,5.342657644386384,896.7153169429187,902.057974587305,True,B1_technical_plus_macro_S5_000054,0,B1_technical_plus_macro,2018_2020
PAIRED_B1_technical_plus_macro,S5,563228,563236,2019-08-07T17:17:00,2019-08-07T17:25:00,2019-08-07T17:17:00,2019-08-07T17:25:00,134,1499.02,1501.7082142857143,2.6882142857143108,3.30857142857146,take_profit,False,2.6882142857143663,17.0,True,5.0,0.7727926078028909,0.7095482546201399,0.6951745379876966,0.5,live_rolling_pf,6.314405822111135,4.4803756300422055,902.057974587305,906.5383502173472,True,B1_technical_plus_macro_S5_000055,0,B1_technical_plus_macro,2018_2020
PAIRED_B1_technical_plus_macro,S5,567645,567648,2019-08-12T22:02:00,2019-08-12T22:05:00,2019-08-12T22:02:00,2019-08-12T22:05:00,136,1509.13,1507.5722857142857,1.5,1.5577142857143242,stop_loss,False,-1.5577142857143826,23.0,True,5.0,-0.8713440946140677,-1.027968675083938,-1.0559373501678435,0.5,live_rolling_pf,6.3457684515214305,-6.523251187499938,906.5383502173472,900.0150990298473,False,B1_technical_plus_macro_S5_000056,0,B1_technical_plus_macro,2018_2020
PAIRED_B1_technical_plus_macro,S5,568723,568723,2019-08-13T17:01:00,2019-08-13T17:01:00,2019-08-13T17:01:00,2019-08-13T17:01:00,137,1491.12,1496.6087857142857,5.488785714285768,6.755428571428638,take_profit,False,5.488785714285768,14.0,True,5.0,0.7960035634374742,0.7684490759923763,0.7611978950857716,0.5,live_rolling_pf,6.300105693208931,4.841310398600713,900.0150990298473,904.856409428448,True,B1_technical_plus_macro_S5_000057,0,B1_technical_plus_macro,2018_2020
PAIRED_B1_technical_plus_macro,S5,573896,573925,2019-08-19T11:25:00,2019-08-19T11:54:00,2019-08-19T11:25:00,2019-08-19T11:54:00,140,1500.09,1501.59,1.5,1.5531428571429,take_profit,False,1.5,21.0,True,5.0,0.8507535245502953,0.7032895802949108,0.6749311294765676,0.5,live_rolling_pf,6.333994865999136,4.454632590898653,904.856409428448,909.3110420193467,True,B1_technical_plus_macro_S5_000058,0,B1_technical_plus_macro,2018_2020
PAIRED_B1_technical_plus_macro,S5,574249,574263,2019-08-19T17:18:00,2019-08-19T17:32:00,2019-08-19T17:18:00,2019-08-19T17:32:00,141,1500.93,1502.43,1.5,1.5371428571428625,take_profit,False,1.5,22.0,True,5.0,0.8536585365853633,0.6999999999999978,0.6715447154471524,0.5,live_rolling_pf,6.365177294135427,4.455624105894786,909.3110420193467,913.7666661252415,True,B1_technical_plus_macro_S5_000059,0,B1_technical_plus_macro,2018_2020
PAIRED_B1_technical_plus_macro,S5,580168,580168,2019-08-26T01:03:00,2019-08-26T01:03:00,2019-08-26T01:03:00,2019-08-26T01:03:00,142,1544.87,1547.7894285714285,2.9194285714286186,3.593142857142915,take_profit,False,2.919428571428625,43.0,True,5.0,0.7256586890135673,0.6063489808962479,0.5939208863006936,0.5,live_rolling_pf,6.396366662876691,3.8784304074740157,913.7666661252415,917.6450965327156,True,B1_technical_plus_macro_S5_000060,0,B1_technical_plus_macro,2018_2020
PAIRED_B1_technical_plus_macro,S5,580169,580171,2019-08-26T01:04:00,2019-08-26T01:06:00,2019-08-26T01:04:00,2019-08-26T01:06:00,142,1544.91,1548.0717857142859,3.1617857142857524,3.891428571428618,take_profit,False,3.16178571428577,72.0,True,5.0,0.6856412639405256,0.518664807930614,0.5078221809169834,1.0,,12.847031351458018,6.663303048382549,917.6450965327156,924.3083995810981,True,B1_technical_plus_macro_S5_000061,1,B1_technical_plus_macro,2018_2020
PAIRED_B1_technical_plus_macro,S5,580182,580190,2019-08-26T01:17:00,2019-08-26T01:25:00,2019-08-26T01:17:00,2019-08-26T01:25:00,143,1547.01,1549.3778571428572,2.3678571428572064,2.9142857142857927,take_profit,False,2.367857142857247,29.0,True,5.0,0.7389656709763852,0.6328577797592679,0.6172536781096918,1.0,,12.940317594135374,8.189380662004304,924.3083995810981,932.4977802431024,True,B1_technical_plus_macro_S5_000062,0,B1_technical_plus_macro,2018_2020
PAIRED_B1_technical_plus_macro,S5,580207,580214,2019-08-26T01:42:00,2019-08-26T01:49:00,2019-08-26T01:42:00,2019-08-26T01:49:00,144,1548.25,1550.4887857142858,2.2387857142856626,2.7554285714285083,take_profit,False,2.2387857142857683,32.0,True,5.0,0.7279589371981002,0.6076505016722709,0.5913926049795912,1.0,,13.054968923403434,7.932858415622003,932.4977802431024,940.4306386587244,True,B1_technical_plus_macro_S5_000063,0,B1_technical_plus_macro,2018_2020
PAIRED_B1_technical_plus_macro,S5,580227,580228,2019-08-26T02:02:00,2019-08-26T02:03:00,2019-08-26T02:02:00,2019-08-26T02:03:00,145,1543.7,1545.2098571428571,1.5098571428571632,1.8582857142857394,take_profit,False,1.5098571428570722,20.0,True,5.0,0.7335508051082298,0.6120905052748055,0.5877984453081205,1.0,,13.166028941222143,8.058801307095374,940.4306386587244,948.4894399658198,True,B1_technical_plus_macro_S5_000064,0,B1_technical_plus_macro,2018_2020
PAIRED_B1_technical_plus_macro,S5,587058,587060,2019-09-02T01:03:00,2019-09-02T01:05:00,2019-09-02T01:03:00,2019-09-02T01:05:00,147,1528.64,1530.8787857142859,2.2387857142856626,2.7554285714285083,take_profit,False,2.2387857142857683,30.0,True,5.0,0.7327239573592997,0.6181737422854241,0.6018094258462992,1.0,,13.278852159521477,8.208637732706277,948.4894399658198,956.698077698526,True,B1_technical_plus_macro_S5_000065,0,B1_technical_plus_macro,2018_2020
PAIRED_B1_technical_plus_macro,S5,587061,587062,2019-09-02T01:06:00,2019-09-02T01:07:00,2019-09-02T01:06:00,2019-09-02T01:07:00,147,1531.08,1533.5509285714284,2.470928571428499,3.041142857142768,take_profit,False,2.4709285714284306,25.0,True,5.0,0.7507813178227052,0.6596275718378083,0.6444352808403253,1.0,,13.393773087779365,8.834902019638486,956.698077698526,965.5329797181645,True,B1_technical_plus_macro_S5_000066,1,B1_technical_plus_macro,2018_2020
PAIRED_B1_technical_plus_macro,S5,587068,587124,2019-09-02T01:13:00,2019-09-02T02:09:00,2019-09-02T01:13:00,2019-09-02T02:09:00,148,1532.25,1528.674,2.9054999999999755,3.5759999999999703,stop_loss,False,-3.576000000000022,26.0,True,5.0,-0.9322210636079379,-1.0130344108446434,-1.0260688216892733,1.0,,13.517461716054303,-13.693653865638094,965.5329797181645,951.8393258525264,False,B1_technical_plus_macro_S5_000067,0,B1_technical_plus_macro,2018_2020
PAIRED_B1_technical_plus_macro,S5,588133,588172,2019-09-02T18:58:00,2019-09-02T19:37:00,2019-09-02T18:58:00,2019-09-02T19:37:00,150,1528.48,1529.98,1.5,1.410285714285705,take_profit,False,1.5,25.0,True,5.0,0.9034589571502374,0.7227671657201898,0.6926518671485152,1.0,,13.325750561935369,9.631414964744254,951.8393258525264,961.4707408172707,True,B1_technical_plus_macro_S5_000068,0,B1_technical_plus_macro,2018_2020
PAIRED_B1_technical_plus_macro,S5,591933,591935,2019-09-05T17:24:00,2019-09-05T17:26:00,2019-09-05T17:24:00,2019-09-05T17:26:00,154,1511.11,1514.4287142857142,3.3187142857142655,4.084571428571404,take_profit,False,3.31871428571435,24.0,True,5.0,0.7674088266384971,0.7003501585623867,0.6887883192389195,1.0,,13.46059037144179,9.427126600982593,961.4707408172707,970.8978674182532,True,B1_technical_plus_macro_S5_000069,0,B1_technical_plus_macro,2018_2020
PAIRED_B1_technical_plus_macro,S5,592513,592519,2019-09-06T04:05:00,2019-09-06T04:11:00,2019-09-06T04:05:00,2019-09-06T04:11:00,156,1518.63,1517.279142857143,1.5,1.3508571428571357,stop_loss,False,-1.350857142857194,28.0,True,5.0,-0.8283111422565171,-1.0306587245970926,-1.0613174491941495,1.0,,13.592570143855545,-14.009301008462675,970.8978674182532,956.8885664097905,False,B1_technical_plus_macro_S5_000070,0,B1_technical_plus_macro,2018_2020
PAIRED_B1_technical_plus_macro,S5,592861,592869,2019-09-06T09:53:00,2019-09-06T10:01:00,2019-09-06T09:53:00,2019-09-06T10:01:00,157,1507.0,1508.5,1.5,1.8457142857142703,take_profit,False,1.5,17.0,True,5.0,0.7441530829199205,0.6350106307583322,0.6102055279943349,1.0,,13.396439929737069,8.506881769698444,956.8885664097905,965.395448179489,True,B1_technical_plus_macro_S5_000071,0,B1_technical_plus_macro,2018_2020
PAIRED_B1_technical_plus_macro,S5,593459,593462,2019-09-06T19:51:00,2019-09-06T19:54:00,2019-09-06T19:51:00,2019-09-06T19:54:00,160,1513.86,1516.637357142857,2.7773571428571087,3.418285714285672,take_profit,False,2.7773571428569994,21.0,True,5.0,0.7654736593432248,0.6938144735805655,0.6800338609339002,1.0,,13.515536274512845,9.377274685460167,965.395448179489,974.7727228649492,True,B1_technical_plus_macro_S5_000072,0,B1_technical_plus_macro,2018_2020
PAIRED_B1_technical_plus_macro,S5,593495,593499,2019-09-06T20:27:00,2019-09-06T20:31:00,2019-09-06T20:27:00,2019-09-06T20:31:00,161,1507.39,1509.8237857142858,2.4337857142856967,2.99542857142855,take_profit,False,2.4337857142857047,23.0,True,5.0,0.7545619629728074,0.6677517937815587,0.6522499778545501,1.0,,13.64681812010929,9.112687279113656,974.7727228649492,983.8854101440628,True,B1_technical_plus_macro_S5_000073,0,B1_technical_plus_macro,2018_2020
PAIRED_B1_technical_plus_macro,S5,593589,593597,2019-09-06T22:01:00,2019-09-06T22:09:00,2019-09-06T22:01:00,2019-09-06T22:09:00,163,1507.0,1506.1737142857141,1.5,0.8262857142857684,stop_loss,False,-0.8262857142858593,27.0,True,5.0,-0.7537138389367645,-1.045608548345142,-1.091217096690201,1.0,,13.77439574201688,-14.402625936141776,983.8854101440628,969.482784207921,False,B1_technical_plus_macro_S5_000074,0,B1_technical_plus_macro,2018_2020
PAIRED_B1_technical_plus_macro,S5,593714,593740,2019-09-09T01:08:00,2019-09-09T01:34:00,2019-09-09T01:08:00,2019-09-09T01:34:00,164,1504.25,1505.75,1.5,1.6160000000000114,take_profit,False,1.5,14.0,True,5.0,0.8542141230068282,0.7460136674259633,0.7175398633257357,1.0,,13.572758978910894,10.12546370294599,969.482784207921,979.608247910867,True,B1_technical_plus_macro_S5_000075,0,B1_technical_plus_macro,2018_2020
PAIRED_B1_technical_plus_macro,S5,593885,593892,2019-09-09T04:03:00,2019-09-09T04:10:00,2019-09-09T04:03:00,2019-09-09T04:10:00,166,1509.42,1510.92,1.5,1.510857142857172,take_profit,False,1.5,23.0,True,5.0,0.8616445100935356,0.7008042015427423,0.6720827178729577,1.0,,13.714515470752138,9.611190064026038,979.608247910867,989.219437974893,True,B1_technical_plus_macro_S5_000076,0,B1_technical_plus_macro,2018_2020
PAIRED_B1_technical_plus_macro,S5,593893,593937,2019-09-09T04:11:00,2019-09-09T04:55:00,2019-09-09T04:11:00,2019-09-09T04:55:00,166,1510.5,1512.1463571428571,1.6463571428571657,2.0262857142857427,take_profit,False,1.6463571428571413,26.0,True,5.0,0.7201012246938169,0.5845101224693746,0.5626405898525292,1.0,,13.849072131648503,8.09492284775707,989.219437974893,997.3143608226501,True,B1_technical_plus_macro_S5_000077,1,B1_technical_plus_macro,2018_2020
PAIRED_B1_technical_plus_macro,S5,595265,595269,2019-09-10T04:04:00,2019-09-10T04:08:00,2019-09-10T04:04:00,2019-09-10T04:08:00,167,1491.26,1489.8382857142858,1.5,1.421714285714292,stop_loss,False,-1.421714285714188,24.0,True,5.0,-0.8555708390645873,-1.0300894085281354,-1.0601788170563335,1.0,,13.962401051517102,-14.382521440789866,997.3143608226501,982.9318393818602,False,B1_technical_plus_macro_S5_000078,0,B1_technical_plus_macro,2018_2020
PAIRED_B1_technical_plus_macro,S5,595284,595284,2019-09-10T04:23:00,2019-09-10T04:23:00,2019-09-10T04:23:00,2019-09-10T04:23:00,168,1489.74,1488.386857142857,1.5,1.3531428571428998,stop_loss,False,-1.3531428571429842,20.0,True,5.0,-0.8712288447388364,-1.0321927888153588,-1.0643855776306634,1.0,live_post_loss_cap,13.761045751346042,-14.204052191097617,982.9318393818602,968.7277871907626,False,B1_technical_plus_macro_S5_000079,0,B1_technical_plus_macro,2018_2020
PAIRED_B1_technical_plus_macro,S5,595299,595320,2019-09-10T04:38:00,2019-09-10T04:59:00,2019-09-10T04:38:00,2019-09-10T04:59:00,168,1490.24,1488.3234285714286,1.557214285714263,1.9165714285714008,stop_loss,False,-1.9165714285713875,22.0,True,5.0,-0.8970312917892408,-1.0234019791388012,-1.0468039582776085,1.0,live_post_loss_cap,13.562189020670676,-13.87957108520889,968.7277871907626,954.8482161055537,False,B1_technical_plus_macro_S5_000080,1,B1_technical_plus_macro,2018_2020
PAIRED_B1_technical_plus_macro,S5,600597,600597,2019-09-16T01:01:00,2019-09-16T01:01:00,2019-09-16T01:01:00,2019-09-16T01:01:00,169,1502.48,1504.633357142857,2.1533571428570846,2.6502857142856424,take_profit,False,2.1533571428569758,17.0,True,5.0,0.7635244656062817,0.6855181845810544,0.6677894843480482,1.0,,13.367875025477751,9.163921419171924,954.8482161055537,964.0121375247256,True,B1_technical_plus_macro_S5_000081,0,B1_technical_plus_macro,2018_2020
PAIRED_B1_technical_plus_macro,S5,600598,600601,2019-09-16T01:02:00,2019-09-16T01:05:00,2019-09-16T01:02:00,2019-09-16T01:05:00,169,1502.99,1500.1145714285715,2.336285714285659,2.875428571428503,stop_loss,False,-2.875428571428529,42.0,True,5.0,-0.8725507196115884,-1.0151725333795816,-1.0303450667591554,1.0,,13.496169925346159,-13.700941014034978,964.0121375247256,950.3111965106907,False,B1_technical_plus_macro_S5_000082,1,B1_technical_plus_macro,2018_2020
PAIRED_B1_technical_plus_macro,S5,600616,600628,2019-09-16T01:20:00,2019-09-16T01:32:00,2019-09-16T01:20:00,2019-09-16T01:32:00,171,1502.29,1503.8490714285715,1.5590714285714675,1.918857142857191,take_profit,False,1.5590714285715421,20.0,True,5.0,0.7358077130528955,0.6178195792880654,0.5942219525350994,1.0,live_post_loss_cap,13.30435675114967,8.219692090693622,950.3111965106907,958.5308886013843,True,B1_technical_plus_macro_S5_000083,0,B1_technical_plus_macro,2018_2020
PAIRED_B1_technical_plus_macro,S5,600784,600786,2019-09-16T04:08:00,2019-09-16T04:10:00,2019-09-16T04:08:00,2019-09-16T04:10:00,173,1510.08,1508.1645714285714,1.5562857142856923,1.9154285714285444,stop_loss,False,-1.9154285714284924,25.0,True,5.0,-0.8845494128512742,-1.0230901174297162,-1.0461802348594567,1.0,,13.41943244041938,-13.729288711308806,958.5308886013843,944.8015998900755,False,B1_technical_plus_macro_S5_000084,0,B1_technical_plus_macro,2018_2020
PAIRED_B1_technical_plus_macro,S5,615418,615422,2019-09-30T18:17:00,2019-09-30T18:21:00,2019-09-30T18:17:00,2019-09-30T18:21:00,181,1473.93,1471.6328571428571,1.8664285714286264,2.2971428571429247,stop_loss,False,-2.297142857142944,22.0,True,5.0,-0.9125993189557422,-1.0198637911464317,-1.0397275822928556,1.0,,13.227222398461057,-13.48996518163149,944.8015998900755,931.311634708444,False,B1_technical_plus_macro_S5_000085,0,B1_technical_plus_macro,2018_2020
PAIRED_B1_technical_plus_macro,S5,621285,621335,2019-10-07T01:10:00,2019-10-07T02:00:00,2019-10-07T01:10:00,2019-10-07T02:00:00,182,1507.74,1505.8211428571428,1.5590714285714462,1.9188571428571646,stop_loss,False,-1.9188571428571777,25.0,True,5.0,-0.8847319193782184,-1.0230536161243635,-1.0461072322487213,1.0,,13.038362885918216,-13.338944298780323,931.311634708444,917.9726904096636,False,B1_technical_plus_macro_S5_000086,0,B1_technical_plus_macro,2018_2020
PAIRED_B1_technical_plus_macro,S5,622459,622482,2019-10-07T20:44:00,2019-10-07T21:07:00,2019-10-07T20:44:00,2019-10-07T21:07:00,183,1491.69,1493.9696428571428,2.2796428571428744,2.805714285714307,take_profit,False,2.2796428571427896,21.0,True,5.0,0.7559213642823029,0.6697063003315694,0.6531264803410436,0.5,live_rolling_pf,6.425808832867646,4.303404660097711,917.9726904096636,922.2760950697614,True,B1_technical_plus_macro_S5_000087,0,B1_technical_plus_macro,2018_2020
PAIRED_B1_technical_plus_macro,S5,622842,622849,2019-10-08T04:08:00,2019-10-08T04:15:00,2019-10-08T04:08:00,2019-10-08T04:15:00,184,1491.26,1492.76,1.5,1.2628571428571638,take_profit,False,1.5,18.0,True,5.0,1.0396039603960245,0.8801980198019674,0.8455445544554333,0.5,live_rolling_pf,6.45593266548833,5.682499148137666,922.2760950697614,927.9585942178991,True,B1_technical_plus_macro_S5_000088,0,B1_technical_plus_macro,2018_2020
PAIRED_B1_technical_plus_macro,S5,633008,633050,2019-10-17T12:42:00,2019-10-17T13:24:00,2019-10-17T12:42:00,2019-10-17T13:24:00,189,1484.8,1486.3,1.5,1.8148571428571036,take_profit,False,1.5,19.0,True,5.0,0.7481829841812886,0.6284737067122824,0.6035342739062395,0.5,live_rolling_pf,6.495710159525293,4.0823830416854925,927.9585942178991,932.0409772595846,True,B1_technical_plus_macro_S5_000089,0,B1_technical_plus_macro,2018_2020
PAIRED_B1_technical_plus_macro,S5,656712,656726,2019-11-11T17:17:00,2019-11-11T17:31:00,2019-11-11T17:17:00,2019-11-11T17:31:00,197,1453.95,1452.3671428571429,1.5,1.5828571428571585,stop_loss,False,-1.582857142857165,20.0,True,5.0,-0.8878205128205174,-1.0280448717948751,-1.0560897435897467,0.5,live_rolling_pf,6.524286840817092,-6.707259628820799,932.0409772595846,925.3337176307638,False,B1_technical_plus_macro_S5_000090,0,B1_technical_plus_macro,2018_2020
PAIRED_B1_technical_plus_macro,S5,687968,687969,2019-12-12T17:03:00,2019-12-12T17:04:00,2019-12-12T17:03:00,2019-12-12T17:04:00,202,1468.15,1466.3397142857143,1.5,1.8102857142857052,stop_loss,False,-1.8102857142857829,16.0,True,5.0,-0.9187935034803175,-1.0253770301624525,-1.0507540603248655,0.5,live_rolling_pf,6.477336023415346,-6.641711575053898,925.3337176307638,918.6920060557098,False,B1_technical_plus_macro_S5_000091,0,B1_technical_plus_macro,2018_2020
PAIRED_B1_technical_plus_macro,S5,706116,706130,2020-01-06T01:19:00,2020-01-06T01:33:00,2020-01-06T01:19:00,2020-01-06T01:33:00,205,1575.34,1571.6005714285714,3.038285714285696,3.739428571428549,stop_loss,False,-3.7394285714285616,24.0,True,5.0,-0.9396898334290665,-1.012564618035615,-1.0251292360712265,0.5,live_rolling_pf,6.430844042389969,-6.511645141429209,918.6920060557098,912.1803609142806,False,B1_technical_plus_macro_S5_000092,0,B1_technical_plus_macro,2018_2020
PAIRED_B1_technical_plus_macro,S5,708901,708910,2020-01-08T01:46:00,2020-01-08T01:55:00,2020-01-08T01:46:00,2020-01-08T01:55:00,211,1596.03,1592.1522857142857,3.1506428571428,3.8777142857142155,stop_loss,False,-3.877714285714319,21.0,True,5.0,-0.9486265464458201,-1.0122317746557883,-1.0244635493115513,0.5,live_rolling_pf,6.3852625263999645,-6.463365618740938,912.1803609142806,905.7169952955397,False,B1_technical_plus_macro_S5_000093,0,B1_technical_plus_macro,2018_2020
PAIRED_B1_technical_plus_macro,S5,708939,708940,2020-01-08T02:24:00,2020-01-08T02:25:00,2020-01-08T02:24:00,2020-01-08T02:25:00,213,1604.3,1607.5825,3.2825000000000126,4.040000000000016,take_profit,False,3.2825000000000273,20.0,True,5.0,0.7741745283018903,0.7152122641509471,0.7034198113207585,0.5,live_post_loss_cap;live_rolling_pf,6.3400189670687785,4.53445932019721,905.7169952955397,910.251454615737,True,B1_technical_plus_macro_S5_000094,0,B1_technical_plus_macro,2018_2020
PAIRED_B1_technical_plus_macro,S5,708960,708962,2020-01-08T02:45:00,2020-01-08T02:47:00,2020-01-08T02:45:00,2020-01-08T02:47:00,214,1602.84,1604.726857142857,1.886857142857137,2.322285714285707,take_profit,False,1.8868571428570249,18.0,True,5.0,0.7540534368576851,0.6621374743091578,0.6421557433203474,0.5,live_post_loss_cap;live_rolling_pf,6.371760182310159,4.218981194018507,910.251454615737,914.4704358097555,True,B1_technical_plus_macro_S5_000095,0,B1_technical_plus_macro,2018_2020
PAIRED_B1_technical_plus_macro,S5,708975,708975,2020-01-08T03:00:00,2020-01-08T03:00:00,2020-01-08T03:00:00,2020-01-08T03:00:00,215,1599.08,1600.7142857142856,1.634285714285727,2.011428571428587,take_profit,False,1.6342857142856246,14.0,True,5.0,0.7596281540504175,0.67131474103581,0.6480743691898606,0.5,live_post_loss_cap;live_rolling_pf,6.401293050668288,4.297282386603712,914.4704358097555,918.7677181963592,True,B1_technical_plus_macro_S5_000096,0,B1_technical_plus_macro,2018_2020
PAIRED_B1_technical_plus_macro,S5,710698,710701,2020-01-09T08:44:00,2020-01-09T08:47:00,2020-01-09T08:44:00,2020-01-09T08:47:00,216,1541.98,1544.155642857143,2.175642857142863,2.677714285714293,take_profit,False,2.175642857142975,19.0,True,5.0,0.7586679286639826,0.6749775829431499,0.6575420942513097,0.5,live_rolling_pf,6.431374027374514,4.341033296000601,918.7677181963592,923.1087514923597,True,B1_technical_plus_macro_S5_000097,0,B1_technical_plus_macro,2018_2020
PAIRED_B1_technical_plus_macro,S5,714509,714510,2020-01-14T03:19:00,2020-01-14T03:20:00,2020-01-14T03:19:00,2020-01-14T03:20:00,223,1538.08,1536.5142857142857,1.5,1.565714285714239,stop_loss,False,-1.5657142857141935,19.0,True,5.0,-0.8917819365337385,-1.0284784377542466,-1.0569568755085192,0.5,live_rolling_pf,6.461761260446518,-6.645782126284947,923.1087514923597,916.4629693660747,False,B1_technical_plus_macro_S5_000098,0,B1_technical_plus_macro,2018_2020
PAIRED_B1_technical_plus_macro,S5,715549,715553,2020-01-14T20:39:00,2020-01-14T20:43:00,2020-01-14T20:39:00,2020-01-14T20:43:00,226,1545.27,1546.77,1.5,1.4022857142856864,take_profit,False,1.5,19.0,True,5.0,0.942041988157203,0.7913152700520505,0.7599138704468104,0.5,live_rolling_pf,6.415240785562523,5.0764779946763365,916.4629693660747,921.5394473607511,True,B1_technical_plus_macro_S5_000099,0,B1_technical_plus_macro,2018_2020
PAIRED_B1_technical_plus_macro,S5,715554,715556,2020-01-14T20:44:00,2020-01-14T20:46:00,2020-01-14T20:44:00,2020-01-14T20:46:00,227,1547.79,1545.876857142857,1.5544285714285513,1.9131428571428324,stop_loss,False,-1.9131428571429296,20.0,True,5.0,-0.9053542455381736,-1.023661438615514,-1.047322877230982,0.5,live_rolling_pf,6.450776131525258,-6.603410774983765,921.5394473607511,914.9360365857673,False,B1_technical_plus_macro_S5_000100,0,B1_technical_plus_macro,2018_2020
PAIRED_B1_technical_plus_macro,S5,726546,726577,2020-01-27T01:10:00,2020-01-27T01:41:00,2020-01-27T01:10:00,2020-01-27T01:41:00,228,1585.17,1581.586,2.9119999999999906,3.5839999999999885,stop_loss,False,-3.58400000000006,35.0,True,5.0,-0.9110320284697688,-1.012709710218625,-1.0254194204372322,0.5,live_rolling_pf,6.404552256100371,-6.485952259355448,914.9360365857673,908.4500843264118,False,B1_technical_plus_macro_S5_000101,0,B1_technical_plus_macro,2018_2020
PAIRED_B1_technical_plus_macro,S5,731935,731955,2020-01-30T22:02:00,2020-01-30T22:22:00,2020-01-30T22:02:00,2020-01-30T22:22:00,231,1578.67,1576.615142857143,1.6695714285714303,2.054857142857145,stop_loss,False,-2.054857142857145,21.0,True,5.0,-0.9072789201463354,-1.0220764475842057,-1.0441528951684118,0.5,live_rolling_pf,6.359150590284883,-6.499538044971378,908.4500843264118,901.9505462814404,False,B1_technical_plus_macro_S5_000102,0,B1_technical_plus_macro,2018_2020
PAIRED_B1_technical_plus_macro,S5,734391,734395,2020-02-03T17:01:00,2020-02-03T17:05:00,2020-02-03T17:01:00,2020-02-03T17:05:00,233,1572.65,1574.15,1.5,1.7874285714285312,take_profit,False,1.5,15.0,True,5.0,0.7742220911370166,0.6709924789854144,0.6451850759475138,0.5,live_rolling_pf,6.313653823970083,4.236414230801427,901.9505462814404,906.1869605122419,True,B1_technical_plus_macro_S5_000103,0,B1_technical_plus_macro,2018_2020
PAIRED_B1_technical_plus_macro,S5,734405,734406,2020-02-03T17:15:00,2020-02-03T17:16:00,2020-02-03T17:15:00,2020-02-03T17:16:00,234,1573.34,1574.9250714285713,1.5850714285714016,1.9508571428571095,take_profit,False,1.585071428571382,15.0,True,5.0,0.754487964096277,0.6592887256901828,0.6354889160886592,0.5,live_rolling_pf,6.343308723585693,4.182071925032232,906.1869605122419,910.3690324372741,True,B1_technical_plus_macro_S5_000104,0,B1_technical_plus_macro,2018_2020
PAIRED_B1_technical_plus_macro,S5,736845,736848,2020-02-05T11:57:00,2020-02-05T12:00:00,2020-02-05T11:57:00,2020-02-05T12:00:00,236,1548.39,1549.89,1.5,1.6057142857143587,take_profit,False,1.5,22.0,True,5.0,0.8215962441314225,0.6737089201877665,0.646322378716719,0.5,live_rolling_pf,6.372583227060919,4.293266164709884,910.3690324372741,914.6622986019839,True,B1_technical_plus_macro_S5_000105,0,B1_technical_plus_macro,2018_2020
PAIRED_B1_technical_plus_macro,S5,740367,740444,2020-02-10T01:43:00,2020-02-10T03:00:00,2020-02-10T01:43:00,2020-02-10T03:00:00,237,1573.88,1572.2982857142858,1.5,1.5817142857142503,stop_loss,False,-1.5817142857142699,22.0,True,5.0,-0.8778940691405096,-1.0277513479226248,-1.0555026958452387,0.5,live_rolling_pf,6.402636090213887,-6.5803178719753666,914.6622986019839,908.0819807300086,False,B1_technical_plus_macro_S5_000106,0,B1_technical_plus_macro,2018_2020
PAIRED_B1_technical_plus_macro,S5,753896,753946,2020-02-24T01:28:00,2020-02-24T02:18:00,2020-02-24T01:28:00,2020-02-24T02:18:00,238,1664.95,1660.9351428571429,3.26207142857146,4.014857142857181,stop_loss,False,-4.014857142857181,34.0,True,5.0,-0.921926256396799,-1.0114814328828237,-1.0229628657656475,0.5,live_rolling_pf,6.35657386511006,-6.4295564413070325,908.0819807300086,901.6524242887016,False,B1_technical_plus_macro_S5_000107,0,B1_technical_plus_macro,2018_2020
PAIRED_B1_technical_plus_macro,S5,754516,754532,2020-02-24T11:48:00,2020-02-24T12:04:00,2020-02-24T11:48:00,2020-02-24T12:04:00,240,1683.25,1681.560857142857,1.5,1.6891428571429061,stop_loss,False,-1.689142857142997,14.0,True,5.0,-0.9234614183068309,-1.0273352077476279,-1.054670415495206,0.5,live_rolling_pf,6.311566970020912,-6.4840949643595,901.6524242887016,895.168329324342,False,B1_technical_plus_macro_S5_000108,0,B1_technical_plus_macro,2018_2020
PAIRED_B1_technical_plus_macro,S5,756559,756565,2020-02-25T22:52:00,2020-02-25T22:58:00,2020-02-25T22:52:00,2020-02-25T22:58:00,247,1639.77,1637.1197142857143,2.153357142857148,2.6502857142857206,stop_loss,False,-2.650285714285701,22.0,True,5.0,-0.9233525781405467,-1.0174198686044127,-1.0348397372088323,0.5,live_rolling_pf,6.266178305270395,-6.375334308000027,895.168329324342,888.792995016342,False,B1_technical_plus_macro_S5_000109,0,B1_technical_plus_macro,2018_2020
PAIRED_B1_technical_plus_macro,S5,759997,759997,2020-02-28T11:13:00,2020-02-28T11:13:00,2020-02-28T11:13:00,2020-02-28T11:13:00,255,1632.68,1634.18,1.5,1.7577142857142982,take_profit,False,1.5,14.0,True,5.0,0.7904245709123706,0.6903041252634704,0.6639566395663913,0.5,live_rolling_pf,6.221550965114394,4.294762296755392,888.792995016342,893.0877573130974,True,B1_technical_plus_macro_S5_000110,0,B1_technical_plus_macro,2018_2020
PAIRED_B1_technical_plus_macro,S5,760041,760060,2020-02-28T11:57:00,2020-02-28T12:16:00,2020-02-28T11:57:00,2020-02-28T12:16:00,257,1625.96,1628.2925714285714,2.3325714285714394,2.8708571428571563,take_profit,False,2.3325714285713275,21.0,True,5.0,0.7571176852452574,0.6727255865714193,0.6564963368264505,0.5,live_rolling_pf,6.251614301191682,4.2056208977874485,893.0877573130974,897.2933782108848,True,B1_technical_plus_macro_S5_000111,0,B1_technical_plus_macro,2018_2020
PAIRED_B1_technical_plus_macro,S5,760349,760350,2020-02-28T17:05:00,2020-02-28T17:06:00,2020-02-28T17:05:00,2020-02-28T17:06:00,262,1609.35,1606.1362857142856,2.611142857142868,3.2137142857142993,stop_loss,False,-3.2137142857143317,18.0,True,5.0,-0.9469607678060377,-1.0147331200538905,-1.0294662401077717,0.5,live_rolling_pf,6.281053647476194,-6.373593164929388,897.2933782108848,890.9197850459555,False,B1_technical_plus_macro_S5_000112,0,B1_technical_plus_macro,2018_2020
PAIRED_B1_technical_plus_macro,S5,760774,760775,2020-03-02T01:12:00,2020-03-02T01:13:00,2020-03-02T01:12:00,2020-03-02T01:13:00,265,1584.29,1578.9551428571428,4.334571428571372,5.334857142857072,stop_loss,False,-5.334857142857118,48.0,True,5.0,-0.9174528301886861,-1.0085986635220205,-1.0171973270440333,0.5,live_rolling_pf,6.236438495321688,-6.290063531518736,890.9197850459555,884.6297215144367,False,B1_technical_plus_macro_S5_000113,0,B1_technical_plus_macro,2018_2020
PAIRED_B1_technical_plus_macro,S5,760802,760803,2020-03-02T01:40:00,2020-03-02T01:41:00,2020-03-02T01:40:00,2020-03-02T01:41:00,268,1581.82,1580.0462857142857,1.5,1.7737142857142576,stop_loss,False,-1.7737142857142771,27.0,True,5.0,-0.8678875996085635,-1.0244652593317587,-1.048930518663508,0.5,live_post_loss_cap;live_rolling_pf,6.192408050601057,-6.3439069194470825,884.6297215144367,878.2858145949896,False,B1_technical_plus_macro_S5_000114,0,B1_technical_plus_macro,2018_2020
PAIRED_B1_technical_plus_macro,S5,760819,760831,2020-03-02T01:57:00,2020-03-02T02:09:00,2020-03-02T01:57:00,2020-03-02T02:09:00,271,1583.39,1585.1357142857144,1.7457142857143237,2.148571428571475,take_profit,False,1.7457142857142571,29.0,True,5.0,0.7158758055067116,0.576449912126515,0.555946104276486,0.5,live_post_loss_cap;live_rolling_pf,6.148000702164927,3.5440144645167244,878.2858145949896,881.8298290595063,True,B1_technical_plus_macro_S5_000115,0,B1_technical_plus_macro,2018_2020
PAIRED_B1_technical_plus_macro,S5,760838,760841,2020-03-02T02:16:00,2020-03-02T02:19:00,2020-03-02T02:16:00,2020-03-02T02:19:00,273,1584.95,1586.4570714285715,1.5070714285714304,1.854857142857145,take_profit,False,1.5070714285714075,25.0,True,5.0,0.7159970137097762,0.5734695262657693,0.5497149450251014,0.5,live_post_loss_cap;live_rolling_pf,6.172808803416545,3.5399177402244564,881.8298290595063,885.3697467997308,True,B1_technical_plus_macro_S5_000116,0,B1_technical_plus_macro,2018_2020
PAIRED_B1_technical_plus_macro,S5,760844,760845,2020-03-02T02:22:00,2020-03-02T02:23:00,2020-03-02T02:22:00,2020-03-02T02:23:00,274,1586.91,1588.41,1.5,1.708571428571408,take_profit,False,1.5,24.0,True,5.0,0.7697947214076327,0.6209677419354904,0.5953079178885693,0.5,live_post_loss_cap;live_rolling_pf,6.197588227598116,3.84850236713758,885.3697467997308,889.2182491668684,True,B1_technical_plus_macro_S5_000117,0,B1_technical_plus_macro,2018_2020
PAIRED_B1_technical_plus_macro,S5,760846,760847,2020-03-02T02:24:00,2020-03-02T02:25:00,2020-03-02T02:24:00,2020-03-02T02:25:00,274,1589.18,1590.68,1.5,1.6354285714285393,take_profit,False,1.5,22.0,True,5.0,0.8084385586695552,0.6629196181090352,0.6359716661533833,0.5,live_post_loss_cap;live_rolling_pf,6.224527744168079,4.1263615550729975,889.2182491668684,893.3446107219414,True,B1_technical_plus_macro_S5_000118,1,B1_technical_plus_macro,2018_2020
PAIRED_B1_technical_plus_macro,S5,760855,760856,2020-03-02T02:33:00,2020-03-02T02:34:00,2020-03-02T02:33:00,2020-03-02T02:34:00,275,1588.68,1590.2492857142859,1.5692857142857228,1.9314285714285822,take_profit,False,1.5692857142857974,21.0,True,5.0,0.7328218812542047,0.6114076050700825,0.5880587058039051,0.5,live_post_loss_cap;live_rolling_pf,6.25341227505359,3.823383822606371,893.3446107219414,897.1679945445478,True,B1_technical_plus_macro_S5_000119,0,B1_technical_plus_macro,2018_2020
PAIRED_B1_technical_plus_macro,S5,760865,760866,2020-03-02T02:43:00,2020-03-02T02:44:00,2020-03-02T02:43:00,2020-03-02T02:44:00,276,1590.98,1592.5140000000001,1.5339999999999983,1.887999999999998,take_profit,False,1.5340000000001055,24.0,True,5.0,0.7208646616541856,0.5845864661654637,0.5610902255639598,0.5,live_post_loss_cap;live_rolling_pf,6.2801759618118345,3.6713058724128724,897.1679945445478,900.8393004169607,True,B1_technical_plus_macro_S5_000120,0,B1_technical_plus_macro,2018_2020
PAIRED_B1_technical_plus_macro,S5,760942,760953,2020-03-02T04:00:00,2020-03-02T04:11:00,2020-03-02T04:00:00,2020-03-02T04:11:00,277,1595.65,1597.6269285714288,1.9769285714286315,2.433142857142931,take_profit,False,1.9769285714287435,16.0,True,5.0,0.7623677831644342,0.6813849713530659,0.6621033494932163,0.5,live_rolling_pf,6.3058751029187246,4.296728526358287,900.8393004169607,905.1360289433189,True,B1_technical_plus_macro_S5_000121,0,B1_technical_plus_macro,2018_2020
PAIRED_B1_technical_plus_macro,S5,760957,760963,2020-03-02T04:15:00,2020-03-02T04:21:00,2020-03-02T04:15:00,2020-03-02T04:21:00,278,1597.91,1595.7431428571429,1.760571428571453,2.166857142857173,stop_loss,False,-2.166857142857225,25.0,True,5.0,-0.896559877054048,-1.020688024589216,-1.041376049178411,0.5,live_rolling_pf,6.335952202603233,-6.467030537566786,905.1360289433189,898.6689984057522,False,B1_technical_plus_macro_S5_000122,0,B1_technical_plus_macro,2018_2020
PAIRED_B1_technical_plus_macro,S5,762074,762075,2020-03-02T22:52:00,2020-03-02T22:53:00,2020-03-02T22:52:00,2020-03-02T22:53:00,281,1587.37,1585.5951428571427,1.5,1.77485714285714,stop_loss,False,-1.7748571428571722,22.0,True,5.0,-0.8897164136350776,-1.0250644514465932,-1.05012890289317,0.5,live_rolling_pf,6.290682988840265,-6.448355507179961,898.6689984057522,892.2206428985722,False,B1_technical_plus_macro_S5_000123,0,B1_technical_plus_macro,2018_2020
PAIRED_B1_technical_plus_macro,S5,762263,762269,2020-03-03T03:02:00,2020-03-03T03:08:00,2020-03-03T03:02:00,2020-03-03T03:08:00,282,1596.83,1598.33,1.5,1.7417142857142869,take_profit,False,1.5,22.0,True,5.0,0.7646373434314007,0.6270026216137485,0.6015147101660352,0.5,live_rolling_pf,6.245544500290006,3.9159727750871625,892.2206428985722,896.1366156736594,True,B1_technical_plus_macro_S5_000124,0,B1_technical_plus_macro,2018_2020
PAIRED_B1_technical_plus_macro,S5,762270,762306,2020-03-03T03:09:00,2020-03-03T03:45:00,2020-03-03T03:09:00,2020-03-03T03:45:00,282,1599.45,1597.3391428571429,1.715071428571431,2.110857142857146,stop_loss,False,-2.110857142857185,24.0,True,5.0,-0.8979095770539788,-1.0212688381137744,-1.0425376762275322,0.5,live_rolling_pf,6.2729563097156165,-6.4063748019617375,896.1366156736594,889.7302408716977,False,B1_technical_plus_macro_S5_000125,1,B1_technical_plus_macro,2018_2020
PAIRED_B1_technical_plus_macro,S5,763108,763111,2020-03-03T17:07:00,2020-03-03T17:10:00,2020-03-03T17:07:00,2020-03-03T17:10:00,283,1619.06,1623.5960714285713,4.53607142857142,5.582857142857133,take_profit,False,4.536071428571404,18.0,True,5.0,0.7871219633118464,0.7472112047595408,0.738534952900344,0.5,live_rolling_pf,6.228111686101884,4.653714836349164,889.7302408716977,894.3839557080469,True,B1_technical_plus_macro_S5_000126,0,B1_technical_plus_macro,2018_2020
PAIRED_B1_technical_plus_macro,S5,763141,763144,2020-03-03T17:40:00,2020-03-03T17:43:00,2020-03-03T17:40:00,2020-03-03T17:43:00,284,1638.06,1641.2097142857142,3.149714285714208,3.8765714285713333,take_profit,False,3.1497142857142535,16.0,True,5.0,0.7802944507361372,0.728270101925264,0.7158833522083895,0.5,live_rolling_pf,6.260687689956328,4.55947166208674,894.3839557080469,898.9434273701336,True,B1_technical_plus_macro_S5_000127,0,B1_technical_plus_macro,2018_2020
PAIRED_B1_technical_plus_macro,S5,763145,763149,2020-03-03T17:44:00,2020-03-03T17:48:00,2020-03-03T17:44:00,2020-03-03T17:48:00,284,1642.1,1637.9411428571427,3.379071428571396,4.158857142857102,stop_loss,False,-4.158857142857187,15.0,True,5.0,-0.9651879848816584,-1.0116040050394732,-1.023208010078927,0.5,live_rolling_pf,6.292603991590935,-6.365623400020766,898.9434273701336,892.5778039701128,False,B1_technical_plus_macro_S5_000128,1,B1_technical_plus_macro,2018_2020
PAIRED_B1_technical_plus_macro,S5,766992,767001,2020-03-06T12:54:00,2020-03-06T13:03:00,2020-03-06T12:54:00,2020-03-06T13:03:00,289,1681.99,1683.9743571428571,1.984357142857196,2.44228571428578,take_profit,False,1.9843571428571067,24.0,True,5.0,0.7398008095440672,0.6316840647634989,0.6130432466978837,0.5,live_rolling_pf,6.248044627790789,3.9467902273066287,892.5778039701128,896.5245941974194,True,B1_technical_plus_macro_S5_000129,0,B1_technical_plus_macro,2018_2020
PAIRED_B1_technical_plus_macro,S5,767558,767558,2020-03-06T22:20:00,2020-03-06T22:20:00,2020-03-06T22:20:00,2020-03-06T22:20:00,292,1675.77,1678.8667857142857,3.096785714285706,3.8114285714285607,take_profit,False,3.0967857142857156,23.0,True,5.0,0.7662601626016283,0.6969777306468737,0.6846058677978104,0.5,live_rolling_pf,6.275672159381936,4.374003739929788,896.5245941974194,900.8985979373492,True,B1_technical_plus_macro_S5_000130,0,B1_technical_plus_macro,2018_2020
PAIRED_B1_technical_plus_macro,S5,767559,767562,2020-03-06T22:21:00,2020-03-06T22:24:00,2020-03-06T22:21:00,2020-03-06T22:24:00,292,1679.4,1675.384,3.2629999999999884,4.015999999999986,stop_loss,False,-4.016000000000076,18.0,True,5.0,-0.9571020019065992,-1.011916110581528,-1.0238322211630342,0.5,live_rolling_pf,6.306290185561445,-6.3814366367718,900.8985979373492,894.5171613005774,False,B1_technical_plus_macro_S5_000131,1,B1_technical_plus_macro,2018_2020
PAIRED_B1_technical_plus_macro,S5,767577,767633,2020-03-06T22:39:00,2020-03-06T23:35:00,2020-03-06T22:39:00,2020-03-06T23:35:00,293,1671.53,1675.7819285714286,4.251928571428568,5.2331428571428535,take_profit,False,4.251928571428607,27.0,True,5.0,0.7726364155547549,0.7144878251388886,0.7054021078864096,0.5,live_post_loss_cap;live_rolling_pf,6.261620129104042,4.473851347889434,894.5171613005774,898.9910126484668,True,B1_technical_plus_macro_S5_000132,0,B1_technical_plus_macro,2018_2020
PAIRED_B1_technical_plus_macro,S5,767720,767729,2020-03-09T01:04:00,2020-03-09T01:13:00,2020-03-09T01:04:00,2020-03-09T01:13:00,298,1695.94,1691.9502857142859,3.2416428571428435,3.9897142857142693,stop_loss,False,-3.9897142857141716,28.0,True,5.0,-0.9344218415417327,-1.0117103854389493,-1.0234207708779215,0.5,live_rolling_pf,6.292937088539268,-6.366629807389122,898.9910126484668,892.6243828410777,False,B1_technical_plus_macro_S5_000133,0,B1_technical_plus_macro,2018_2020
PAIRED_B1_technical_plus_macro,S5,767785,767786,2020-03-09T02:09:00,2020-03-09T02:10:00,2020-03-09T02:09:00,2020-03-09T02:10:00,301,1695.82,1697.3419285714285,1.5219285714285808,1.8731428571428688,take_profit,False,1.5219285714285888,22.0,True,5.0,0.7271021021021064,0.598109473109478,0.5742219492219542,0.5,live_post_loss_cap;live_rolling_pf,6.248370679887544,3.73720969514025,892.6243828410777,896.3615925362179,True,B1_technical_plus_macro_S5_000134,0,B1_technical_plus_macro,2018_2020
PAIRED_B1_technical_plus_macro,S5,768323,768329,2020-03-09T11:07:00,2020-03-09T11:13:00,2020-03-09T11:07:00,2020-03-09T11:13:00,306,1669.33,1665.234,3.3280000000000136,4.096000000000017,stop_loss,False,-4.096000000000004,28.0,True,5.0,-0.9360146252285163,-1.0114259597806183,-1.02285191956124,0.5,live_rolling_pf,6.2745311477535255,-6.346223688289994,896.3615925362179,890.0153688479279,False,B1_technical_plus_macro_S5_000135,0,B1_technical_plus_macro,2018_2020
PAIRED_B1_technical_plus_macro,S5,768359,768362,2020-03-09T11:43:00,2020-03-09T11:46:00,2020-03-09T11:43:00,2020-03-09T11:46:00,307,1667.74,1665.5434285714286,1.7847142857142884,2.1965714285714317,stop_loss,False,-2.1965714285713602,27.0,True,5.0,-0.8905363141433744,-1.0202710529363777,-1.0405421058727846,0.5,live_post_loss_cap;live_rolling_pf,6.230107581935496,-6.356398422528238,890.0153688479279,883.6589704253996,False,B1_technical_plus_macro_S5_000136,0,B1_technical_plus_macro,2018_2020
PAIRED_B1_technical_plus_macro,S5,769087,769095,2020-03-10T00:52:00,2020-03-10T01:00:00,2020-03-10T00:52:00,2020-03-10T01:00:00,314,1672.2,1670.392,1.5,1.8080000000000707,stop_loss,False,-1.8079999999999927,21.0,True,5.0,-0.8959365708622048,-1.0247770069375222,-1.0495540138750834,0.5,live_rolling_pf,6.185612792977797,-6.3388737640622335,883.6589704253996,877.3200966613374,False,B1_technical_plus_macro_S5_000137,0,B1_technical_plus_macro,2018_2020
PAIRED_B1_technical_plus_macro,S5,769149,769150,2020-03-10T01:54:00,2020-03-10T01:55:00,2020-03-10T01:54:00,2020-03-10T01:55:00,317,1663.36,1665.155857142857,1.7958571428571355,2.210285714285705,take_profit,False,1.7958571428571304,28.0,True,5.0,0.7211450206516726,0.588630105553003,0.5685520881138107,0.5,live_post_loss_cap;live_rolling_pf,6.141240676629362,3.614919147710737,877.3200966613374,880.9350158090482,True,B1_technical_plus_macro_S5_000138,0,B1_technical_plus_macro,2018_2020
PAIRED_B1_technical_plus_macro,S5,769202,769205,2020-03-10T02:47:00,2020-03-10T02:50:00,2020-03-10T02:47:00,2020-03-10T02:50:00,318,1663.27,1664.8114285714287,1.5414285714285842,1.8971428571428728,take_profit,False,1.5414285714286962,29.0,True,5.0,0.7047681254082819,0.549314173742705,0.5264532984977671,0.5,live_post_loss_cap;live_rolling_pf,6.166545110663337,3.3873706323111485,880.9350158090482,884.3223864413593,True,B1_technical_plus_macro_S5_000139,0,B1_technical_plus_macro,2018_2020
PAIRED_B1_technical_plus_macro,S5,769613,769615,2020-03-10T09:38:00,2020-03-10T09:40:00,2020-03-10T09:38:00,2020-03-10T09:40:00,322,1659.5,1661.1370714285715,1.6370714285714598,2.0148571428571813,take_profit,False,1.6370714285715167,25.0,True,5.0,0.7228144316891902,0.5903557461839571,0.5682792985997517,0.5,live_rolling_pf,6.190256705089515,3.654453616203365,884.3223864413593,887.9768400575626,True,B1_technical_plus_macro_S5_000140,0,B1_technical_plus_macro,2018_2020
PAIRED_B1_technical_plus_macro,S5,772826,772834,2020-03-12T17:13:00,2020-03-12T17:21:00,2020-03-12T17:13:00,2020-03-12T17:21:00,330,1576.46,1572.3948571428573,3.3029285714285446,4.065142857142824,stop_loss,False,-4.065142857142746,22.0,True,5.0,-0.9486598213094893,-1.0116682224296392,-1.0233364448592965,0.5,live_rolling_pf,6.215837880402939,-6.288365659378057,887.9768400575626,881.6884743981846,False,B1_technical_plus_macro_S5_000141,0,B1_technical_plus_macro,2018_2020
PAIRED_B1_technical_plus_macro,S5,772940,772946,2020-03-12T19:07:00,2020-03-12T19:13:00,2020-03-12T19:07:00,2020-03-12T19:13:00,331,1604.95,1596.8734285714286,6.562214285714335,8.076571428571489,stop_loss,False,-8.07657142857147,27.0,True,5.0,-0.967651388080647,-1.0059904836887663,-1.0119809673775348,0.5,live_post_loss_cap;live_rolling_pf,6.171819320787292,-6.208791503758481,881.6884743981846,875.4796828944261,False,B1_technical_plus_macro_S5_000142,0,B1_technical_plus_macro,2018_2020
PAIRED_B1_technical_plus_macro,S5,772962,773019,2020-03-12T19:29:00,2020-03-12T20:26:00,2020-03-12T19:29:00,2020-03-12T20:26:00,332,1590.83,1584.2859999999998,5.316999999999999,6.543999999999999,stop_loss,False,-6.544000000000096,23.0,True,5.0,-0.9660466489518892,-1.0073811632713459,-1.0147623265426775,0.5,live_post_loss_cap;live_rolling_pf,6.128357780260983,-6.173592189622312,875.4796828944261,869.3060907048038,False,B1_technical_plus_macro_S5_000143,0,B1_technical_plus_macro,2018_2020
PAIRED_B1_technical_plus_macro,S5,773381,773394,2020-03-13T03:29:00,2020-03-13T03:42:00,2020-03-13T03:29:00,2020-03-13T03:42:00,334,1563.3,1559.3582857142858,3.202642857142837,3.941714285714261,stop_loss,False,-3.94171428571417,15.0,True,5.0,-0.963340548844332,-1.0122198170518597,-1.0244396341037416,0.5,live_rolling_pf,6.085142634933626,-6.159501964666986,869.3060907048038,863.1465887401367,False,B1_technical_plus_macro_S5_000144,0,B1_technical_plus_macro,2018_2020
PAIRED_B1_technical_plus_macro,S5,773414,773418,2020-03-13T04:02:00,2020-03-13T04:06:00,2020-03-13T04:02:00,2020-03-13T04:06:00,335,1552.5,1554.9505,2.4505000000000092,3.0160000000000116,take_profit,False,2.45049999999992,25.0,True,5.0,0.750306184935674,0.6584507042253254,0.6431414574402672,0.5,live_post_loss_cap;live_rolling_pf,6.042026121180958,3.9783763544394124,863.1465887401367,867.1249650945762,True,B1_technical_plus_macro_S5_000145,0,B1_technical_plus_macro,2018_2020
PAIRED_B1_technical_plus_macro,S5,773425,773431,2020-03-13T04:13:00,2020-03-13T04:19:00,2020-03-13T04:13:00,2020-03-13T04:19:00,336,1558.79,1560.9758571428572,2.1858571428571185,2.690285714285684,take_profit,False,2.1858571428572304,43.0,True,5.0,0.7005310868968391,0.5466990202362754,0.5306748466258,0.5,live_post_loss_cap;live_rolling_pf,6.069874755662033,3.318394581877335,867.1249650945762,870.4433596764535,True,B1_technical_plus_macro_S5_000146,0,B1_technical_plus_macro,2018_2020
PAIRED_B1_technical_plus_macro,S5,773437,773445,2020-03-13T04:25:00,2020-03-13T04:33:00,2020-03-13T04:25:00,2020-03-13T04:33:00,338,1562.34,1564.2352142857142,1.8952142857143144,2.332571428571464,take_profit,False,1.8952142857142462,28.0,True,5.0,0.7254210411198352,0.5991087051618316,0.579970472440922,0.5,live_post_loss_cap;live_rolling_pf,6.093103517735175,3.650431358927322,870.4433596764535,874.0937910353808,True,B1_technical_plus_macro_S5_000147,0,B1_technical_plus_macro,2018_2020
PAIRED_B1_technical_plus_macro,S5,773460,773462,2020-03-13T04:48:00,2020-03-13T04:50:00,2020-03-13T04:48:00,2020-03-13T04:50:00,340,1560.05,1561.9359285714286,1.8859285714286296,2.3211428571429287,take_profit,False,1.8859285714286216,28.0,True,5.0,0.7250384446397182,0.5981711335676654,0.5789488137082636,0.5,live_post_loss_cap;live_rolling_pf,6.118656537247666,3.660003716796642,874.0937910353808,877.7537947521774,True,B1_technical_plus_macro_S5_000148,0,B1_technical_plus_macro,2018_2020
PAIRED_B1_technical_plus_macro,S5,774244,774247,2020-03-13T17:52:00,2020-03-13T17:55:00,2020-03-13T17:52:00,2020-03-13T17:55:00,344,1539.97,1546.5628571428572,6.592857142857185,8.114285714285767,take_profit,False,6.592857142857156,26.0,True,5.0,0.787273967929031,0.7502558853633541,0.744285226885019,0.5,live_rolling_pf,6.144276563265242,4.609779652889871,877.7537947521774,882.3635744050673,True,B1_technical_plus_macro_S5_000149,0,B1_technical_plus_macro,2018_2020
PAIRED_B1_technical_plus_macro,S5,774556,774556,2020-03-16T00:06:00,2020-03-16T00:06:00,2020-03-16T00:06:00,2020-03-16T00:06:00,346,1549.51,1556.4213571428572,6.911357142857128,8.506285714285696,take_profit,False,6.911357142857241,82.0,True,5.0,0.741062128546057,0.6477774033453951,0.6424162122419088,0.5,live_rolling_pf,6.176545020835471,4.001026295242731,882.3635744050673,886.36460070031,True,B1_technical_plus_macro_S5_000150,0,B1_technical_plus_macro,2018_2020
PAIRED_B1_technical_plus_macro,S5,774557,774560,2020-03-16T00:07:00,2020-03-16T00:10:00,2020-03-16T00:07:00,2020-03-16T00:10:00,346,1559.45,1567.3827857142858,7.932785714285699,9.763428571428554,take_profit,False,7.932785714285728,96.0,True,5.0,0.7397620697005248,0.6455757753383804,0.6409130874986702,0.5,live_rolling_pf,6.20455220490217,4.005508600307176,886.36460070031,890.3701093006172,True,B1_technical_plus_macro_S5_000151,1,B1_technical_plus_macro,2018_2020
PAIRED_B1_technical_plus_macro,S5,774566,774571,2020-03-16T00:16:00,2020-03-16T00:21:00,2020-03-16T00:16:00,2020-03-16T00:21:00,346,1571.35,1562.628857142857,7.085928571428567,8.721142857142851,stop_loss,False,-8.721142857142922,86.0,True,5.0,-0.910240353074499,-1.0052185841235837,-1.0104371682471598,0.5,live_rolling_pf,6.23259076510432,-6.265116064319888,890.3701093006172,884.1049932362973,False,B1_technical_plus_macro_S5_000152,2,B1_technical_plus_macro,2018_2020
PAIRED_B1_technical_plus_macro,S5,774586,774590,2020-03-16T00:36:00,2020-03-16T00:40:00,2020-03-16T00:36:00,2020-03-16T00:40:00,346,1545.15,1551.8301428571428,6.6801428571428625,8.221714285714292,take_profit,False,6.680142857142755,75.0,True,5.0,0.7445781981465439,0.6554090634056122,0.649835992484304,0.5,live_post_loss_cap;live_rolling_pf,6.188734952654081,4.056152978984588,884.1049932362973,888.161146215282,True,B1_technical_plus_macro_S5_000153,3,B1_technical_plus_macro,2018_2020
PAIRED_B1_technical_plus_macro,S5,774591,774596,2020-03-16T00:41:00,2020-03-16T00:46:00,2020-03-16T00:41:00,2020-03-16T00:46:00,346,1547.87,1539.9842857142855,6.407142857142836,7.8857142857142595,stop_loss,False,-7.885714285714357,80.0,True,5.0,-0.9078947368421162,-1.0057565789473795,-1.011513157894748,0.5,live_post_loss_cap;live_rolling_pf,6.217128023506974,-6.252917411800257,888.161146215282,881.9082288034817,False,B1_technical_plus_macro_S5_000154,4,B1_technical_plus_macro,2018_2020
PAIRED_B1_technical_plus_macro,S5,774614,774617,2020-03-16T01:04:00,2020-03-16T01:07:00,2020-03-16T01:04:00,2020-03-16T01:07:00,347,1542.3,1546.6076428571428,4.307642857142782,5.301714285714194,take_profit,False,4.30764285714281,74.0,True,5.0,0.7129835429868562,0.5822259528988943,0.5739501560578841,0.5,live_post_loss_cap;live_rolling_pf,6.173357601624372,3.594289012191383,881.9082288034817,885.5025178156732,True,B1_technical_plus_macro_S5_000155,0,B1_technical_plus_macro,2018_2020
PAIRED_B1_technical_plus_macro,S5,774621,774622,2020-03-16T01:11:00,2020-03-16T01:12:00,2020-03-16T01:11:00,2020-03-16T01:12:00,348,1547.97,1550.7055714285714,2.7355714285713475,3.366857142857043,take_profit,False,2.7355714285713475,66.0,True,5.0,0.6793316304810525,0.5030154675748468,0.490598836384269,0.5,live_post_loss_cap;live_rolling_pf,6.198517624709712,3.117950241264285,885.5025178156732,888.6204680569375,True,B1_technical_plus_macro_S5_000156,0,B1_technical_plus_macro,2018_2020
PAIRED_B1_technical_plus_macro,S5,774624,774625,2020-03-16T01:14:00,2020-03-16T01:15:00,2020-03-16T01:14:00,2020-03-16T01:15:00,348,1552.75,1555.5496428571428,2.7996428571428025,3.4457142857142182,take_profit,False,2.7996428571427714,50.0,True,5.0,0.7095401882693604,0.5701484431571205,0.557476466328735,0.5,live_post_loss_cap;live_rolling_pf,6.220343276398562,3.5465190349415026,888.6204680569375,892.166987091879,True,B1_technical_plus_macro_S5_000157,1,B1_technical_plus_macro,2018_2020
PAIRED_B1_technical_plus_macro,S5,774626,774628,2020-03-16T01:16:00,2020-03-16T01:18:00,2020-03-16T01:16:00,2020-03-16T01:18:00,348,1554.75,1557.9981428571427,3.2481428571427955,3.99771428571421,take_profit,False,3.2481428571427386,80.0,True,5.0,0.6770188184849789,0.49985111958073597,0.4894294902334276,0.5,live_post_loss_cap;live_rolling_pf,6.245168909643153,3.1216546714559343,892.166987091879,895.288641763335,True,B1_technical_plus_macro_S5_000158,2,B1_technical_plus_macro,2018_2020
PAIRED_B1_technical_plus_macro,S5,774629,774629,2020-03-16T01:19:00,2020-03-16T01:19:00,2020-03-16T01:19:00,2020-03-16T01:19:00,348,1558.13,1554.1425714285715,3.239785714285681,3.9874285714285307,stop_loss,False,-3.987428571428609,70.0,True,5.0,-0.8506643910764508,-1.0106668292088428,-1.0213336584176689,0.5,live_post_loss_cap;live_rolling_pf,6.267020492343345,-6.33386972958349,895.288641763335,888.9547720337515,False,B1_technical_plus_macro_S5_000159,3,B1_technical_plus_macro,2018_2020
PAIRED_B1_technical_plus_macro,S5,774646,774648,2020-03-16T01:36:00,2020-03-16T01:38:00,2020-03-16T01:36:00,2020-03-16T01:38:00,349,1553.47,1557.7934285714286,4.323428571428588,5.321142857142878,take_profit,False,4.323428571428622,62.0,True,5.0,0.7277099163220219,0.6149370010580039,0.6065211118591965,0.5,live_post_loss_cap;live_rolling_pf,6.22268340423626,3.8265582711344566,888.9547720337515,892.781330304886,True,B1_technical_plus_macro_S5_000160,0,B1_technical_plus_macro,2018_2020
PAIRED_B1_technical_plus_macro,S5,774649,774655,2020-03-16T01:39:00,2020-03-16T01:45:00,2020-03-16T01:39:00,2020-03-16T01:45:00,350,1555.19,1559.2487857142858,4.058785714285718,4.995428571428576,take_profit,False,4.058785714285705,80.0,True,5.0,0.7003426345888363,0.5536753105896252,0.5450478209426128,0.5,live_post_loss_cap;live_rolling_pf,6.2494693121342015,3.460176862416235,892.781330304886,896.2415071673022,True,B1_technical_plus_macro_S5_000161,0,B1_technical_plus_macro,2018_2020
PAIRED_B1_technical_plus_macro,S5,774661,774682,2020-03-16T01:51:00,2020-03-16T02:12:00,2020-03-16T01:51:00,2020-03-16T02:12:00,350,1558.62,1554.857714285714,3.056857142857108,3.762285714285671,stop_loss,False,-3.762285714285781,76.0,True,5.0,-0.8319433914581982,-1.0110563558251446,-1.0221127116502648,0.5,live_post_loss_cap;live_rolling_pf,6.273690550171115,-6.343054705230655,896.2415071673022,889.8984524620715,False,B1_technical_plus_macro_S5_000162,1,B1_technical_plus_macro,2018_2020
PAIRED_B1_technical_plus_macro,S5,774737,774754,2020-03-16T03:07:00,2020-03-16T03:24:00,2020-03-16T03:07:00,2020-03-16T03:24:00,353,1535.59,1531.2014285714286,3.565714285714315,4.388571428571465,stop_loss,False,-4.3885714285713675,69.0,True,5.0,-0.8641350210970281,-1.0098452883262816,-1.0196905766525826,0.5,live_post_loss_cap;live_rolling_pf,6.2292891672345005,-6.290618315153707,889.8984524620715,883.6078341469179,False,B1_technical_plus_macro_S5_000163,0,B1_technical_plus_macro,2018_2020
PAIRED_B1_technical_plus_macro,S5,774774,774778,2020-03-16T03:44:00,2020-03-16T03:48:00,2020-03-16T03:44:00,2020-03-16T03:48:00,355,1531.12,1533.221357142857,2.1013571428571742,2.586285714285753,take_profit,False,2.1013571428570685,50.0,True,5.0,0.6808692834659922,0.5026615441584588,0.4864608405850466,0.5,live_post_loss_cap;live_rolling_pf,6.185254839028425,3.109089748399607,883.6078341469179,886.7169238953174,True,B1_technical_plus_macro_S5_000164,0,B1_technical_plus_macro,2018_2020
PAIRED_B1_technical_plus_macro,S5,774792,774797,2020-03-16T04:02:00,2020-03-16T04:07:00,2020-03-16T04:02:00,2020-03-16T04:07:00,355,1532.89,1530.395142857143,2.0270714285714218,2.4948571428571347,stop_loss,False,-2.4948571428571995,42.0,True,5.0,-0.8559106057635977,-1.0171534993138824,-1.0343069986277424,0.5,live_post_loss_cap;live_rolling_pf,6.207018467267222,-6.313490554286746,886.7169238953174,880.4034333410307,False,B1_technical_plus_macro_S5_000165,1,B1_technical_plus_macro,2018_2020
PAIRED_B1_technical_plus_macro,S5,774815,774819,2020-03-16T04:25:00,2020-03-16T04:29:00,2020-03-16T04:25:00,2020-03-16T04:29:00,359,1535.18,1536.68,1.5,1.5828571428571585,take_profit,False,1.5,45.0,True,5.0,0.737877723120163,0.4919184820801087,0.4673225579761032,0.5,live_post_loss_cap;live_rolling_pf,6.162824033387215,3.031607043830652,880.4034333410307,883.4350403848613,True,B1_technical_plus_macro_S5_000166,0,B1_technical_plus_macro,2018_2020
PAIRED_B1_technical_plus_macro,S5,774820,774820,2020-03-16T04:30:00,2020-03-16T04:30:00,2020-03-16T04:30:00,2020-03-16T04:30:00,359,1537.83,1536.292857142857,1.5,1.5371428571428885,stop_loss,False,-1.5371428571429533,34.0,True,5.0,-0.8188736681887742,-1.0266362252663963,-1.053272450532758,0.5,live_post_loss_cap;live_rolling_pf,6.184045282694029,-6.348764905901463,883.4350403848613,877.0862754789598,False,B1_technical_plus_macro_S5_000167,1,B1_technical_plus_macro,2018_2020
PAIRED_B1_technical_plus_macro,S5,774835,774839,2020-03-16T04:45:00,2020-03-16T04:49:00,2020-03-16T04:45:00,2020-03-16T04:49:00,359,1543.26,1545.7365,2.476500000000007,3.0480000000000085,take_profit,False,2.4764999999999873,54.0,True,5.0,0.6902173913043427,0.5257803790412439,0.5118450390189473,0.5,live_post_loss_cap;live_rolling_pf,6.139603928352718,3.228083280612402,877.0862754789598,880.3143587595722,True,B1_technical_plus_macro_S5_000168,2,B1_technical_plus_macro,2018_2020
PAIRED_B1_technical_plus_macro,S5,774840,774843,2020-03-16T04:50:00,2020-03-16T04:53:00,2020-03-16T04:50:00,2020-03-16T04:53:00,359,1545.23,1547.5467857142858,2.3167857142857398,2.8514285714286025,take_profit,False,2.316785714285743,55.0,True,5.0,0.6811213775724507,0.5047249055018938,0.49002519949601403,0.5,live_post_loss_cap;live_rolling_pf,6.162200511317006,3.1102160707581974,880.3143587595722,883.4245748303304,True,B1_technical_plus_macro_S5_000169,3,B1_technical_plus_macro,2018_2020
PAIRED_B1_technical_plus_macro,S5,774844,774850,2020-03-16T04:54:00,2020-03-16T05:00:00,2020-03-16T04:54:00,2020-03-16T05:00:00,359,1547.34,1544.5331428571428,2.2805714285714447,2.806857142857163,stop_loss,False,-2.8068571428570976,51.0,True,5.0,-0.846239986217571,-1.0150745111551185,-1.0301490223102565,0.5,live_post_loss_cap;live_rolling_pf,6.183972023812313,-6.277192379068212,883.4245748303304,877.1473824512622,False,B1_technical_plus_macro_S5_000170,4,B1_technical_plus_macro,2018_2020
PAIRED_B1_technical_plus_macro,S5,775614,775616,2020-03-16T17:47:00,2020-03-16T17:49:00,2020-03-16T17:47:00,2020-03-16T17:49:00,365,1503.68,1498.1954285714287,4.456214285714329,5.484571428571481,stop_loss,False,-5.484571428571371,37.0,True,5.0,-0.9368015226196684,-1.0085403347811046,-1.0170806695622279,0.5,live_rolling_pf,6.140031677158835,-6.192469603248359,877.1473824512622,870.9549128480138,False,B1_technical_plus_macro_S5_000171,0,B1_technical_plus_macro,2018_2020
PAIRED_B1_technical_plus_macro,S5,775715,775715,2020-03-16T19:28:00,2020-03-16T19:28:00,2020-03-16T19:28:00,2020-03-16T19:28:00,367,1496.99,1492.7831428571428,3.4180714285714657,4.206857142857189,stop_loss,False,-4.206857142857189,28.0,True,5.0,-0.9375955170657163,-1.0111436576668362,-1.0222873153336727,0.5,live_post_loss_cap;live_rolling_pf,6.0966843899360965,-6.164623753680289,870.9549128480138,864.7902890943335,False,B1_technical_plus_macro_S5_000172,0,B1_technical_plus_macro,2018_2020
PAIRED_B1_technical_plus_macro,S5,775872,775873,2020-03-16T22:05:00,2020-03-16T22:06:00,2020-03-16T22:05:00,2020-03-16T22:06:00,369,1501.98,1496.3788571428572,4.55092857142855,5.601142857142831,stop_loss,False,-5.601142857142804,75.0,True,5.0,-0.8819110171397677,-1.0078725988573443,-1.0157451977146927,0.5,live_rolling_pf,6.053532023660335,-6.1011890529527,864.7902890943335,858.6891000413808,False,B1_technical_plus_macro_S5_000173,0,B1_technical_plus_macro,2018_2020
PAIRED_B1_technical_plus_macro,S5,775957,775960,2020-03-17T00:31:00,2020-03-17T00:34:00,2020-03-17T00:31:00,2020-03-17T00:34:00,374,1503.56,1505.6585714285713,2.0985714285714203,2.582857142857133,take_profit,False,2.098571428571404,36.0,True,5.0,0.7131067961164989,0.5737864077669838,0.5567961165048478,0.5,live_rolling_pf,6.010823700289666,3.448928938709856,858.6891000413808,862.1380289800907,True,B1_technical_plus_macro_S5_000174,0,B1_technical_plus_macro,2018_2020
PAIRED_B1_technical_plus_macro,S5,776113,776113,2020-03-17T03:07:00,2020-03-17T03:07:00,2020-03-17T03:07:00,2020-03-17T03:07:00,380,1500.13,1495.554,3.7180000000000177,4.576000000000022,stop_loss,False,-4.576000000000022,92.0,True,5.0,-0.8326055312954883,-1.0090975254730712,-1.0181950509461426,0.5,live_rolling_pf,6.034966202860635,-6.0898694616202835,862.1380289800907,856.0481595184704,False,B1_technical_plus_macro_S5_000175,0,B1_technical_plus_macro,2018_2020
PAIRED_B1_technical_plus_macro,S5,776163,776163,2020-03-17T03:57:00,2020-03-17T03:57:00,2020-03-17T03:57:00,2020-03-17T03:57:00,381,1497.51,1493.7934285714286,3.019714285714305,3.716571428571452,stop_loss,False,-3.716571428571342,72.0,True,5.0,-0.8377125193199143,-1.0112699639360905,-1.022539927872206,0.5,live_post_loss_cap;live_rolling_pf,5.992337116629293,-6.059870539826601,856.0481595184704,849.9882889786437,False,B1_technical_plus_macro_S5_000176,0,B1_technical_plus_macro,2018_2020
PAIRED_B1_technical_plus_macro,S5,776184,776207,2020-03-17T04:18:00,2020-03-17T04:41:00,2020-03-17T04:18:00,2020-03-17T04:41:00,381,1489.39,1492.874,3.4839999999999987,4.2879999999999985,take_profit,False,3.4839999999999236,37.0,True,5.0,0.747960498067824,0.6577930442249731,0.6470588235293955,0.5,live_post_loss_cap;live_rolling_pf,5.949918022850506,3.9138146891398673,849.9882889786437,853.9021036677835,True,B1_technical_plus_macro_S5_000177,1,B1_technical_plus_macro,2018_2020
PAIRED_B1_technical_plus_macro,S5,776209,776216,2020-03-17T04:43:00,2020-03-17T04:50:00,2020-03-17T04:43:00,2020-03-17T04:50:00,381,1494.28,1491.6308571428572,2.1524285714286195,2.6491428571429165,stop_loss,False,-2.649142857142806,48.0,True,5.0,-0.8466033601168412,-1.0159788166544568,-1.0319576333089489,0.5,live_post_loss_cap;live_rolling_pf,5.977314725674485,-6.072825141762022,853.9021036677835,847.8292785260215,False,B1_technical_plus_macro_S5_000178,2,B1_technical_plus_macro,2018_2020
PAIRED_B1_technical_plus_macro,S5,776411,776415,2020-03-17T08:05:00,2020-03-17T08:09:00,2020-03-17T08:05:00,2020-03-17T08:09:00,390,1487.95,1490.3958571428573,2.4458571428571143,3.010285714285679,take_profit,False,2.4458571428572213,45.0,True,5.0,0.7068367599703048,0.5623400214681152,0.5478903476178962,0.5,live_rolling_pf,5.934804949682151,3.3373783428133375,847.8292785260215,851.1666568688348,True,B1_technical_plus_macro_S5_000179,0,B1_technical_plus_macro,2018_2020
PAIRED_B1_technical_plus_macro,S5,776419,776419,2020-03-17T08:13:00,2020-03-17T08:13:00,2020-03-17T08:13:00,2020-03-17T08:13:00,391,1484.61,1487.1877142857143,2.577714285714285,3.1725714285714277,take_profit,False,2.5777142857143645,37.0,True,5.0,0.7276393257520991,0.6090813775304684,0.5949673360755122,0.5,live_rolling_pf,5.958166598081844,3.629008319115714,851.1666568688348,854.7956651879506,True,B1_technical_plus_macro_S5_000180,0,B1_technical_plus_macro,2018_2020
PAIRED_B1_technical_plus_macro,S5,776424,776429,2020-03-17T08:18:00,2020-03-17T08:23:00,2020-03-17T08:18:00,2020-03-17T08:23:00,392,1483.58,1486.0462857142857,2.4662857142857093,3.0354285714285654,take_profit,False,2.466285714285732,50.0,True,5.0,0.6975917245838109,0.5420235978665002,0.5278810408921992,0.5,live_rolling_pf,5.983569656315654,3.243235953201029,854.7956651879506,858.0389011411517,True,B1_technical_plus_macro_S5_000181,0,B1_technical_plus_macro,2018_2020
PAIRED_B1_technical_plus_macro,S5,776622,776632,2020-03-17T11:36:00,2020-03-17T11:46:00,2020-03-17T11:36:00,2020-03-17T11:46:00,396,1474.73,1471.2294285714286,2.8442142857142962,3.5005714285714413,stop_loss,False,-3.5005714285714475,69.0,True,5.0,-0.8353446512579279,-1.0119315470102965,-1.0238630940205917,0.5,live_rolling_pf,6.006272307988062,-6.0779364283874635,858.0389011411517,851.9609647127642,False,B1_technical_plus_macro_S5_000182,0,B1_technical_plus_macro,2018_2020
PAIRED_B1_technical_plus_macro,S5,776955,776955,2020-03-17T17:09:00,2020-03-17T17:09:00,2020-03-17T17:09:00,2020-03-17T17:09:00,398,1542.2,1548.0435,5.843500000000027,7.192000000000033,take_profit,False,5.843499999999949,25.0,True,5.0,0.7852055898951792,0.7448938457403822,0.7381752217145828,0.5,live_rolling_pf,5.963726752989349,4.442343355979039,851.9609647127642,856.4033080687432,True,B1_technical_plus_macro_S5_000183,0,B1_technical_plus_macro,2018_2020
PAIRED_B1_technical_plus_macro,S5,776968,776973,2020-03-17T17:22:00,2020-03-17T17:27:00,2020-03-17T17:22:00,2020-03-17T17:27:00,399,1543.37,1536.4271428571428,5.641071428571408,6.942857142857118,stop_loss,False,-6.942857142857065,25.0,True,5.0,-0.9652432969215416,-1.0069513406156827,-1.013902681231373,0.5,live_rolling_pf,5.9948231564812025,-6.036495214172685,856.4033080687432,850.3668128545705,False,B1_technical_plus_macro_S5_000184,0,B1_technical_plus_macro,2018_2020
PAIRED_B1_technical_plus_macro,S5,777426,777428,2020-03-18T02:01:00,2020-03-18T02:03:00,2020-03-18T02:01:00,2020-03-18T02:03:00,408,1537.29,1535.2522857142856,1.6556428571428927,2.0377142857143293,stop_loss,False,-2.037714285714401,41.0,True,5.0,-0.832496790008203,-1.0204272207307397,-1.04085444146145,0.5,live_rolling_pf,5.9525676899819935,-6.0741621040999245,850.3668128545705,844.2926507504706,False,B1_technical_plus_macro_S5_000185,0,B1_technical_plus_macro,2018_2020
PAIRED_B1_technical_plus_macro,S5,777886,777887,2020-03-18T09:41:00,2020-03-18T09:42:00,2020-03-18T09:41:00,2020-03-18T09:42:00,410,1504.21,1501.0008571428573,2.6074285714285645,3.209142857142849,stop_loss,False,-3.2091428571427514,31.0,True,5.0,-0.9119103677843351,-1.0142080051960427,-1.0284160103921132,0.5,live_rolling_pf,5.910048555253294,-5.994018555835197,844.2926507504706,838.2986321946354,False,B1_technical_plus_macro_S5_000186,0,B1_technical_plus_macro,2018_2020
PAIRED_B1_technical_plus_macro,S5,778652,778655,2020-03-18T22:27:00,2020-03-18T22:30:00,2020-03-18T22:27:00,2020-03-18T22:30:00,417,1484.38,1486.1071428571431,1.727142857142912,2.1257142857143534,take_profit,False,1.7271428571430079,24.0,True,5.0,0.7300724637681588,0.6074879227053603,0.5863526570048779,0.5,live_rolling_pf,5.868090425362448,3.564794062750648,838.2986321946354,841.863426257386,True,B1_technical_plus_macro_S5_000187,0,B1_technical_plus_macro,2018_2020
PAIRED_B1_technical_plus_macro,S5,778677,778682,2020-03-18T22:52:00,2020-03-18T22:57:00,2020-03-18T22:52:00,2020-03-18T22:57:00,418,1484.44,1485.94,1.5,1.7017142857142713,take_profit,False,1.5,24.0,True,5.0,0.7725132430841729,0.6231606827545662,0.597410241318427,0.5,live_rolling_pf,5.893043983801702,3.672313312448557,841.863426257386,845.5357395698345,True,B1_technical_plus_macro_S5_000188,0,B1_technical_plus_macro,2018_2020
PAIRED_B1_technical_plus_macro,S5,778685,778686,2020-03-19T00:01:00,2020-03-19T00:02:00,2020-03-19T00:01:00,2020-03-19T00:02:00,419,1485.93,1484.5300000000002,1.5,1.3999999999999742,stop_loss,True,-1.3999999999998636,24.0,True,5.0,-0.8536585365852961,-1.030487804877982,-1.0609756097560312,0.5,live_rolling_pf,5.9187501769888415,-6.099199877506399,845.5357395698345,839.4365396923281,False,B1_technical_plus_macro_S5_000189,0,B1_technical_plus_macro,2018_2020
PAIRED_B1_technical_plus_macro,S5,778706,778709,2020-03-19T00:22:00,2020-03-19T00:25:00,2020-03-19T00:22:00,2020-03-19T00:25:00,422,1486.82,1484.732,1.6965000000000408,2.0880000000000503,stop_loss,False,-2.0879999999999654,24.0,True,5.0,-0.8969072164948112,-1.0214776632302038,-1.0429553264604439,0.5,live_post_loss_cap;live_rolling_pf,5.876055777846297,-6.002259724964773,839.4365396923281,833.4342799673633,False,B1_technical_plus_macro_S5_000190,0,B1_technical_plus_macro,2018_2020
PAIRED_B1_technical_plus_macro,S5,778729,778732,2020-03-19T00:45:00,2020-03-19T00:48:00,2020-03-19T00:45:00,2020-03-19T00:48:00,423,1483.5,1482.38,1.5,1.1199999999999688,stop_loss,False,-1.1199999999998909,24.0,True,5.0,-0.8235294117646446,-1.0367647058822964,-1.0735294117646503,0.5,live_post_loss_cap;live_rolling_pf,5.834039959771543,-6.048526722998108,833.4342799673633,827.3857532443652,False,B1_technical_plus_macro_S5_000191,0,B1_technical_plus_macro,2018_2020
PAIRED_B1_technical_plus_macro,S5,778857,778858,2020-03-19T02:53:00,2020-03-19T02:54:00,2020-03-19T02:53:00,2020-03-19T02:54:00,427,1485.71,1483.836857142857,1.5219285714285808,1.8731428571428688,stop_loss,False,-1.873142857142966,24.0,True,5.0,-0.8864250946458012,-1.0236614386155138,-1.0473228772309815,0.5,live_rolling_pf,5.791700272710557,-5.928740233192753,827.3857532443652,821.4570130111724,False,B1_technical_plus_macro_S5_000192,0,B1_technical_plus_macro,2018_2020
PAIRED_B1_technical_plus_macro,S5,778873,778880,2020-03-19T03:09:00,2020-03-19T03:16:00,2020-03-19T03:09:00,2020-03-19T03:16:00,427,1482.86,1486.417357142857,3.5573571428571586,4.378285714285734,take_profit,False,3.5573571428571995,24.0,True,5.0,0.7702765404602911,0.7074826775550699,0.6966561494679628,0.5,live_post_loss_cap;live_rolling_pf,5.7501990910782075,4.06816624943074,821.4570130111724,825.5251792606032,True,B1_technical_plus_macro_S5_000193,1,B1_technical_plus_macro,2018_2020
PAIRED_B1_technical_plus_macro,S5,778881,778898,2020-03-19T03:17:00,2020-03-19T03:34:00,2020-03-19T03:17:00,2020-03-19T03:34:00,427,1486.63,1489.8112857142858,3.1812857142857345,3.9154285714285963,take_profit,False,3.18128571428565,24.0,True,5.0,0.7655734323432143,0.6957852035203324,0.6837527502750079,0.5,live_post_loss_cap;live_rolling_pf,5.778676254824222,4.020717434040983,825.5251792606032,829.5458966946442,True,B1_technical_plus_macro_S5_000194,2,B1_technical_plus_macro,2018_2020
PAIRED_B1_technical_plus_macro,S5,778909,778914,2020-03-19T03:45:00,2020-03-19T03:50:00,2020-03-19T03:45:00,2020-03-19T03:50:00,428,1485.54,1487.2894285714285,1.749428571428543,2.153142857142822,take_profit,False,1.7494285714285525,24.0,True,5.0,0.7310171919770803,0.6098376313276037,0.5889446036294181,0.5,live_post_loss_cap;live_rolling_pf,5.806821276862509,3.541218133024564,829.5458966946442,833.0871148276688,True,B1_technical_plus_macro_S5_000195,0,B1_technical_plus_macro,2018_2020
PAIRED_B1_technical_plus_macro,S5,778929,778929,2020-03-19T04:05:00,2020-03-19T04:05:00,2020-03-19T04:05:00,2020-03-19T04:05:00,430,1484.1,1482.1297142857143,1.6008571428570804,1.9702857142856374,stop_loss,False,-1.9702857142856374,24.0,True,5.0,-0.891416752843843,-1.0226215098241993,-1.0452430196483986,0.5,live_post_loss_cap;live_rolling_pf,5.831609803793682,-5.963529622261097,833.0871148276688,827.1235852054076,False,B1_technical_plus_macro_S5_000196,0,B1_technical_plus_macro,2018_2020
PAIRED_B1_technical_plus_macro,S5,778944,778954,2020-03-19T04:20:00,2020-03-19T04:30:00,2020-03-19T04:20:00,2020-03-19T04:30:00,432,1484.1,1481.7342857142855,1.9221428571428403,2.365714285714265,stop_loss,False,-2.3657142857143754,24.0,True,5.0,-0.907894736842147,-1.0191885964912708,-1.038377192982499,0.5,live_post_loss_cap;live_rolling_pf,5.789865096437853,-5.9009644815122915,827.1235852054076,821.2226207238953,False,B1_technical_plus_macro_S5_000197,0,B1_technical_plus_macro,2018_2020
PAIRED_B1_technical_plus_macro,S5,778976,778980,2020-03-19T04:52:00,2020-03-19T04:56:00,2020-03-19T04:52:00,2020-03-19T04:56:00,436,1479.59,1477.7202857142856,1.5191428571428691,1.8697142857143003,stop_loss,False,-1.8697142857142808,24.0,True,5.0,-0.8862405200433284,-1.0236998916576285,-1.0473997833152666,0.5,live_post_loss_cap;live_rolling_pf,5.748558345067267,-5.884798555032918,821.2226207238953,815.3378221688623,False,B1_technical_plus_macro_S5_000198,0,B1_technical_plus_macro,2018_2020
PAIRED_B1_technical_plus_macro,S5,779406,779407,2020-03-19T12:02:00,2020-03-19T12:03:00,2020-03-19T12:02:00,2020-03-19T12:03:00,441,1477.49,1479.4177142857143,1.9277142857142429,2.372571428571376,take_profit,False,1.9277142857142735,46.0,True,5.0,0.6805527536816707,0.5005043373007918,0.4828525317732546,0.5,live_rolling_pf,5.707364755182036,2.8565608145262806,815.3378221688623,818.1943829833886,True,B1_technical_plus_macro_S5_000199,0,B1_technical_plus_macro,2018_2020
PAIRED_B1_technical_plus_macro,S5,780005,780033,2020-03-19T22:01:00,2020-03-19T22:29:00,2020-03-19T22:01:00,2020-03-19T22:29:00,442,1469.75,1472.5134285714284,2.763428571428507,3.401142857142778,take_profit,False,2.7634285714284488,24.0,True,5.0,0.7589453860640129,0.6793000627746201,0.6655681104833455,0.5,live_rolling_pf,5.72736068088372,3.890596470057202,818.1943829833886,822.0849794534457,True,B1_technical_plus_macro_S5_000200,0,B1_technical_plus_macro,2018_2020
PAIRED_B1_technical_plus_macro,S5,780074,780080,2020-03-20T00:11:00,2020-03-20T00:17:00,2020-03-20T00:11:00,2020-03-20T00:17:00,445,1463.1,1466.5542857142855,3.454285714285634,4.251428571428472,take_profit,False,3.454285714285561,36.0,True,5.0,0.749070631970243,0.660161090458469,0.6493184634448381,0.5,live_rolling_pf,5.75459485617412,3.798959615398604,822.0849794534457,825.8839390688444,True,B1_technical_plus_macro_S5_000201,0,B1_technical_plus_macro,2018_2020
PAIRED_B1_technical_plus_macro,S5,780088,780088,2020-03-20T00:25:00,2020-03-20T00:25:00,2020-03-20T00:25:00,2020-03-20T00:25:00,446,1467.18,1464.5708571428572,2.1199285714285856,2.6091428571428747,stop_loss,False,-2.6091428571428423,24.0,True,5.0,-0.9157641395908436,-1.0175491375852272,-1.0350982751704658,0.5,live_rolling_pf,5.781187573481911,-5.882642429614951,825.8839390688444,820.0012966392294,False,B1_technical_plus_macro_S5_000202,0,B1_technical_plus_macro,2018_2020
PAIRED_B1_technical_plus_macro,S5,780112,780115,2020-03-20T00:49:00,2020-03-20T00:52:00,2020-03-20T00:49:00,2020-03-20T00:52:00,447,1468.41,1467.115142857143,1.5,1.2948571428571087,stop_loss,False,-1.294857142857154,24.0,True,5.0,-0.8436336559940693,-1.032576321667938,-1.0651526433358462,0.5,live_post_loss_cap;live_rolling_pf,5.740009076474606,-5.926997458526726,820.0012966392294,814.0742991807027,False,B1_technical_plus_macro_S5_000203,0,B1_technical_plus_macro,2018_2020
PAIRED_B1_technical_plus_macro,S5,780150,780156,2020-03-20T01:27:00,2020-03-20T01:33:00,2020-03-20T01:27:00,2020-03-20T01:33:00,448,1466.38,1467.88,1.5,0.9794285714285641,take_profit,False,1.5,24.0,True,5.0,1.2300843486410569,0.9922680412371192,0.9512652296157507,0.5,live_post_loss_cap;live_rolling_pf,5.698520094264919,5.654459371886615,814.0742991807027,819.7287585525893,True,B1_technical_plus_macro_S5_000204,0,B1_technical_plus_macro,2018_2020
PAIRED_B1_technical_plus_macro,S5,780751,780753,2020-03-20T11:28:00,2020-03-20T11:30:00,2020-03-20T11:28:00,2020-03-20T11:30:00,450,1505.24,1506.8965714285714,1.656571428571421,2.038857142857134,take_profit,False,1.6565714285713966,24.0,True,5.0,0.7269307923771203,0.599674022066187,0.5777331995987847,0.5,live_rolling_pf,5.738101309868125,3.440990291511875,819.7287585525893,823.1697488441012,True,B1_technical_plus_macro_S5_000205,0,B1_technical_plus_macro,2018_2020
PAIRED_B1_technical_plus_macro,S5,780791,780791,2020-03-20T12:08:00,2020-03-20T12:08:00,2020-03-20T12:08:00,2020-03-20T12:08:00,451,1501.83,1503.5385714285712,1.708571428571416,2.102857142857127,take_profit,False,1.7085714285713038,24.0,True,5.0,0.7292682926828784,0.6054878048779995,0.5841463414633652,0.5,live_rolling_pf,5.762188241908708,3.488934709887123,823.1697488441012,826.6586835539882,True,B1_technical_plus_macro_S5_000206,0,B1_technical_plus_macro,2018_2020
PAIRED_B1_technical_plus_macro,S5,781442,781442,2020-03-23T00:01:00,2020-03-23T00:01:00,2020-03-23T00:01:00,2020-03-23T00:01:00,452,1508.01,1504.5174285714286,2.8377142857143443,3.4925714285715004,stop_loss,False,-3.4925714285714093,24.0,True,5.0,-0.9357011635027326,-1.0133955909369012,-1.026791181873827,0.5,live_rolling_pf,5.786610784877918,-5.864125855863203,826.6586835539882,820.794557698125,False,B1_technical_plus_macro_S5_000207,0,B1_technical_plus_macro,2018_2020
PAIRED_B1_technical_plus_macro,S5,781458,781459,2020-03-23T00:17:00,2020-03-23T00:18:00,2020-03-23T00:17:00,2020-03-23T00:18:00,452,1491.67,1496.5357142857144,4.865714285714273,5.988571428571413,take_profit,False,4.865714285714375,24.0,True,5.0,0.781192660550475,0.7346330275229519,0.7266055045871721,0.5,live_post_loss_cap;live_rolling_pf,5.745561903886875,4.2208795362729505,820.794557698125,825.015437234398,True,B1_technical_plus_macro_S5_000208,1,B1_technical_plus_macro,2018_2020
PAIRED_B1_technical_plus_macro,S5,781463,781476,2020-03-23T00:22:00,2020-03-23T00:35:00,2020-03-23T00:22:00,2020-03-23T00:35:00,452,1496.63,1491.0437142857145,4.538857142857111,5.586285714285675,stop_loss,False,-5.586285714285623,24.0,True,5.0,-0.9588073754413402,-1.0085817967830433,-1.0171635935660954,0.5,live_post_loss_cap;live_rolling_pf,5.775108060640786,-5.824668864417321,825.015437234398,819.1907683699807,False,B1_technical_plus_macro_S5_000209,2,B1_technical_plus_macro,2018_2020
PAIRED_B1_technical_plus_macro,S5,781497,781498,2020-03-23T00:56:00,2020-03-23T00:57:00,2020-03-23T00:56:00,2020-03-23T00:57:00,454,1487.51,1489.0412142857142,1.5312142857142867,1.88457142857143,take_profit,False,1.5312142857142135,24.0,True,5.0,0.7207167832167488,0.5842186659494008,0.560684507799858,0.5,live_post_loss_cap;live_rolling_pf,5.734335378589865,3.350105764986223,819.1907683699807,822.5408741349669,True,B1_technical_plus_macro_S5_000210,0,B1_technical_plus_macro,2018_2020
PAIRED_B1_technical_plus_macro,S5,781499,781504,2020-03-23T00:58:00,2020-03-23T01:03:00,2020-03-23T00:58:00,2020-03-23T01:03:00,454,1489.32,1487.289142857143,1.650071428571406,2.030857142857115,stop_loss,False,-2.0308571428570303,24.0,True,5.0,-0.8943130347256786,-1.0220181177654386,-1.0440362355309145,0.5,live_post_loss_cap;live_rolling_pf,5.757786118944768,-5.884561731779901,822.5408741349669,816.656312403187,False,B1_technical_plus_macro_S5_000211,1,B1_technical_plus_macro,2018_2020
PAIRED_B1_technical_plus_macro,S5,781520,781526,2020-03-23T01:19:00,2020-03-23T01:25:00,2020-03-23T01:19:00,2020-03-23T01:25:00,457,1492.31,1494.1002857142857,1.7902857142856907,2.2034285714285424,take_profit,False,1.790285714285801,24.0,True,5.0,0.7326941066417654,0.6140084190832982,0.5935453695042521,0.5,live_post_loss_cap;live_rolling_pf,5.716594186822309,3.5100369591915386,816.656312403187,820.1663493623786,True,B1_technical_plus_macro_S5_000212,0,B1_technical_plus_macro,2018_2020
PAIRED_B1_technical_plus_macro,S5,781538,781541,2020-03-23T01:37:00,2020-03-23T01:40:00,2020-03-23T01:37:00,2020-03-23T01:40:00,459,1492.58,1489.8714285714286,2.200714285714269,2.708571428571408,stop_loss,False,-2.708571428571304,24.0,True,5.0,-0.9186046511627548,-1.01695736434105,-1.0339147286821355,0.5,live_post_loss_cap;live_rolling_pf,5.741164445536651,-5.838519462781498,820.1663493623786,814.3278298995971,False,B1_technical_plus_macro_S5_000213,0,B1_technical_plus_macro,2018_2020
PAIRED_B1_technical_plus_macro,S5,781561,781561,2020-03-23T02:00:00,2020-03-23T02:00:00,2020-03-23T02:00:00,2020-03-23T02:00:00,461,1491.59,1493.2289285714285,1.6389285714285797,2.0171428571428676,take_profit,False,1.6389285714285506,24.0,True,5.0,0.7261075949366962,0.597626582278469,0.5754746835442919,0.5,live_post_loss_cap;live_rolling_pf,5.70029480929718,3.406647704859971,814.3278298995971,817.7344776044571,True,B1_technical_plus_macro_S5_000214,0,B1_technical_plus_macro,2018_2020
PAIRED_B1_technical_plus_macro,S5,781591,781594,2020-03-23T02:30:00,2020-03-23T02:33:00,2020-03-23T02:30:00,2020-03-23T02:33:00,463,1495.97,1497.528142857143,1.5581428571428757,1.9177142857143086,take_profit,False,1.5581428571429115,24.0,True,5.0,0.7221265889830684,0.5877251059322223,0.5645524364406971,0.5,live_post_loss_cap;live_rolling_pf,5.724141343231199,3.36422157732157,817.7344776044571,821.0986991817787,True,B1_technical_plus_macro_S5_000215,0,B1_technical_plus_macro,2018_2020
PAIRED_B1_technical_plus_macro,S5,781623,781624,2020-03-23T03:02:00,2020-03-23T03:03:00,2020-03-23T03:02:00,2020-03-23T03:03:00,464,1487.92,1490.635142857143,2.715142857142879,3.3417142857143127,take_profit,False,2.715142857142837,24.0,True,5.0,0.758056796426281,0.6770899808551265,0.6631301850669964,0.5,live_post_loss_cap;live_rolling_pf,5.747690894272451,3.891703917564119,821.0986991817787,824.9904030993428,True,B1_technical_plus_macro_S5_000216,0,B1_technical_plus_macro,2018_2020
PAIRED_B1_technical_plus_macro,S5,781632,781679,2020-03-23T03:11:00,2020-03-23T03:58:00,2020-03-23T03:11:00,2020-03-23T03:58:00,465,1489.38,1493.3737857142858,3.9937857142857345,4.915428571428596,take_profit,False,3.99378571428565,24.0,True,5.0,0.7746757925071884,0.7184244070050827,0.7087258922633404,0.5,live_post_loss_cap;live_rolling_pf,5.7749328216953995,4.148852687920706,824.9904030993428,829.1392557872634,True,B1_technical_plus_macro_S5_000217,0,B1_technical_plus_macro,2018_2020
PAIRED_B1_technical_plus_macro,S5,781683,781684,2020-03-23T04:02:00,2020-03-23T04:03:00,2020-03-23T04:02:00,2020-03-23T04:03:00,467,1494.6,1496.1,1.5,1.3451428571429072,take_profit,False,1.5,24.0,True,5.0,0.9462869502523134,0.7633381398701994,0.7317952415284555,0.5,live_rolling_pf,5.8039747905108445,4.430395320442078,829.1392557872634,833.5696511077056,True,B1_technical_plus_macro_S5_000218,0,B1_technical_plus_macro,2018_2020
PAIRED_B1_technical_plus_macro,S5,781685,781688,2020-03-23T04:04:00,2020-03-23T04:07:00,2020-03-23T04:04:00,2020-03-23T04:07:00,467,1495.29,1493.7357142857143,1.5,1.5542857142857818,stop_loss,False,-1.5542857142856974,24.0,True,5.0,-0.8662420382165186,-1.0278662420381686,-1.055732484076384,0.5,live_rolling_pf,5.834987557753939,-5.997586733328013,833.5696511077056,827.5720643743775,False,B1_technical_plus_macro_S5_000219,1,B1_technical_plus_macro,2018_2020
PAIRED_B1_technical_plus_macro,S5,781729,781731,2020-03-23T04:48:00,2020-03-23T04:50:00,2020-03-23T04:48:00,2020-03-23T04:50:00,468,1494.82,1493.162857142857,1.5,1.6571428571428832,stop_loss,False,-1.6571428571428442,24.0,True,5.0,-0.8734939759035956,-1.026355421686726,-1.0527108433734726,0.5,live_post_loss_cap;live_rolling_pf,5.793004450620643,-5.945681525749831,827.5720643743775,821.6263828486277,False,B1_technical_plus_macro_S5_000220,0,B1_technical_plus_macro,2018_2020
PAIRED_B1_technical_plus_macro,S5,782474,782476,2020-03-23T17:13:00,2020-03-23T17:15:00,2020-03-23T17:13:00,2020-03-23T17:15:00,472,1536.64,1538.9976428571429,2.357642857142803,2.9017142857142195,take_profit,False,2.357642857142764,24.0,True,5.0,0.7504319752637184,0.65812568206619,0.6422108039286852,0.5,live_rolling_pf,5.7513846799403945,3.7851339653108083,821.6263828486277,825.4115168139385,True,B1_technical_plus_macro_S5_000221,0,B1_technical_plus_macro,2018_2020
PAIRED_B1_technical_plus_macro,S5,782477,782483,2020-03-23T17:16:00,2020-03-23T17:22:00,2020-03-23T17:16:00,2020-03-23T17:22:00,472,1538.67,1541.5327857142856,2.862785714285666,3.5234285714285116,take_profit,False,2.8627857142855646,24.0,True,5.0,0.7606855450956297,0.6836281506225037,0.6703423929547234,0.5,live_rolling_pf,5.77788061769757,3.9499218411941994,825.4115168139385,829.3614386551327,True,B1_technical_plus_macro_S5_000222,1,B1_technical_plus_macro,2018_2020
PAIRED_B1_technical_plus_macro,S5,782686,782687,2020-03-23T20:45:00,2020-03-23T20:46:00,2020-03-23T20:45:00,2020-03-23T20:46:00,473,1554.17,1552.4488571428572,1.5,1.721142857142877,stop_loss,False,-1.7211428571429224,24.0,True,5.0,-0.8776223776224019,-1.0254953379953609,-1.0509906759906984,0.5,live_rolling_pf,5.805530070585929,-5.9535440219777485,829.3614386551327,823.4078946331549,False,B1_technical_plus_macro_S5_000223,0,B1_technical_plus_macro,2018_2020
PAIRED_B1_technical_plus_macro,S5,784421,784422,2020-03-25T04:42:00,2020-03-25T04:43:00,2020-03-25T04:42:00,2020-03-25T04:43:00,502,1608.87,1604.1842857142856,3.8071428571428996,4.685714285714338,stop_loss,False,-4.685714285714312,91.0,True,5.0,-0.8373755425070174,-1.0089354097523566,-1.017870819504718,0.5,live_rolling_pf,5.7638552624320845,-5.815357670955192,823.4078946331549,817.5925369621997,False,B1_technical_plus_macro_S5_000224,0,B1_technical_plus_macro,2018_2020
PAIRED_B1_technical_plus_macro,S5,785689,785690,2020-03-26T02:59:00,2020-03-26T03:00:00,2020-03-26T02:59:00,2020-03-26T03:00:00,519,1601.99,1604.9744285714287,2.9844285714285808,3.673142857142869,take_profit,False,2.98442857142868,24.0,True,5.0,0.762667932243016,0.6885587032710536,0.6757812500000256,0.5,live_rolling_pf,5.723147758735398,3.9407231993834824,817.5925369621997,821.5332601615831,True,B1_technical_plus_macro_S5_000225,0,B1_technical_plus_macro,2018_2020
PAIRED_B1_technical_plus_macro,S5,788123,788139,2020-03-27T20:34:00,2020-03-27T20:50:00,2020-03-27T20:34:00,2020-03-27T20:50:00,544,1620.63,1623.122285714286,2.4922857142857278,3.067428571428588,take_profit,False,2.4922857142857993,58.0,True,5.0,0.6832993890020568,0.5105749647501385,0.4968666771110973,0.5,live_rolling_pf,5.750732821131082,2.936180207436467,821.5332601615831,824.4694403690196,True,B1_technical_plus_macro_S5_000226,0,B1_technical_plus_macro,2018_2020
PAIRED_B1_technical_plus_macro,S5,790337,790338,2020-03-31T12:33:00,2020-03-31T12:34:00,2020-03-31T12:33:00,2020-03-31T12:34:00,559,1606.13,1604.4602857142859,1.5,1.6697142857142744,stop_loss,False,-1.6697142857142353,26.0,True,5.0,-0.8652650281314566,-1.0259105715131573,-1.0518211430263347,0.5,live_rolling_pf,5.771286082583138,-5.920823403348797,824.4694403690196,818.5486169656708,False,B1_technical_plus_macro_S5_000227,0,B1_technical_plus_macro,2018_2020
PAIRED_B1_technical_plus_macro,S5,794422,794422,2020-04-03T11:42:00,2020-04-03T11:42:00,2020-04-03T11:42:00,2020-04-03T11:42:00,568,1608.18,1609.68,1.5,1.754285714285652,take_profit,False,1.5,24.0,True,5.0,0.752148997134694,0.6067335243553198,0.5816618911174967,0.5,live_rolling_pf,5.729840318759696,3.4764862105942793,818.5486169656708,822.0251031762651,True,B1_technical_plus_macro_S5_000228,0,B1_technical_plus_macro,2018_2020
PAIRED_B1_technical_plus_macro,S5,795164,795167,2020-04-06T01:06:00,2020-04-06T01:09:00,2020-04-06T01:06:00,2020-04-06T01:09:00,572,1614.03,1609.9397142857142,3.3233571428571396,4.09028571428571,stop_loss,False,-4.090285714285756,80.0,True,5.0,-0.8364103762561438,-1.0102243514840008,-1.0204487029679925,0.5,live_rolling_pf,5.754175722233856,-5.813008437318679,822.0251031762651,816.2120947389465,False,B1_technical_plus_macro_S5_000229,0,B1_technical_plus_macro,2018_2020
PAIRED_B1_technical_plus_macro,S5,796121,796144,2020-04-06T17:03:00,2020-04-06T17:26:00,2020-04-06T17:03:00,2020-04-06T17:26:00,574,1649.39,1645.5042857142857,3.1571428571428783,3.885714285714312,stop_loss,False,-3.885714285714357,71.0,True,5.0,-0.8455082374883539,-1.0108797015853377,-1.0217594031706658,0.5,live_rolling_pf,5.7134846631726255,-5.775645671320348,816.2120947389465,810.4364490676261,False,B1_technical_plus_macro_S5_000230,0,B1_technical_plus_macro,2018_2020
PAIRED_B1_technical_plus_macro,S5,800277,800281,2020-04-09T17:28:00,2020-04-09T17:32:00,2020-04-09T17:28:00,2020-04-09T17:32:00,583,1672.76,1675.5150714285714,2.755071428571414,3.3908571428571253,take_profit,False,2.755071428571455,48.0,True,5.0,0.7117471213463342,0.574826542663133,0.5619095069383028,0.5,live_rolling_pf,5.673055143473383,3.261022674460109,810.4364490676261,813.6974717420862,True,B1_technical_plus_macro_S5_000231,0,B1_technical_plus_macro,2018_2020
PAIRED_B1_technical_plus_macro,S5,800684,800685,2020-04-13T01:16:00,2020-04-13T01:17:00,2020-04-13T01:16:00,2020-04-13T01:17:00,585,1693.07,1687.6802857142857,4.379142857142865,5.3897142857142954,stop_loss,False,-5.389714285714263,91.0,True,5.0,-0.8555490044899945,-1.0079368678851597,-1.0158737357703245,0.5,live_rolling_pf,5.695882302194604,-5.7410897675165415,813.6974717420862,807.9563819745697,False,B1_technical_plus_macro_S5_000232,0,B1_technical_plus_macro,2018_2020
PAIRED_B1_technical_plus_macro,S5,803321,803333,2020-04-14T22:14:00,2020-04-14T22:26:00,2020-04-14T22:14:00,2020-04-14T22:26:00,587,1724.09,1727.0614285714285,2.9714285714285293,3.657142857142805,take_profit,False,2.9714285714285325,61.0,True,5.0,0.6963508536993632,0.5416806160026757,0.5299631737529267,0.5,live_rolling_pf,5.655694673821988,3.0635801748389464,807.9563819745697,811.0199621494087,True,B1_technical_plus_macro_S5_000233,0,B1_technical_plus_macro,2018_2020
PAIRED_B1_technical_plus_macro,S5,806877,806877,2020-04-17T12:35:00,2020-04-17T12:35:00,2020-04-17T12:35:00,2020-04-17T12:35:00,599,1690.94,1692.723785714286,1.7837857142857387,2.1954285714286015,take_profit,False,1.783785714285841,24.0,True,5.0,0.7324319568278235,0.6133564054434983,0.5928261379634422,0.5,live_rolling_pf,5.677139735045861,3.4821100210881837,811.0199621494087,814.5020721704968,True,B1_technical_plus_macro_S5_000234,0,B1_technical_plus_macro,2018_2020
PAIRED_B1_technical_plus_macro,S5,807776,807783,2020-04-20T04:36:00,2020-04-20T04:43:00,2020-04-20T04:36:00,2020-04-20T04:43:00,603,1678.95,1677.5225714285716,1.5,1.4274285714284947,stop_loss,False,-1.427428571428436,41.0,True,5.0,-0.776862074327435,-1.0272119421551549,-1.054423884310342,0.5,live_rolling_pf,5.701514505193478,-5.856663788105579,814.5020721704968,808.6454083823912,False,B1_technical_plus_macro_S5_000235,0,B1_technical_plus_macro,2018_2020
PAIRED_B1_technical_plus_macro,S5,808523,808529,2020-04-20T17:03:00,2020-04-20T17:09:00,2020-04-20T17:03:00,2020-04-20T17:09:00,607,1686.09,1683.808857142857,1.853428571428596,2.2811428571428873,stop_loss,False,-2.281142857142868,40.0,True,5.0,-0.850809889173055,-1.0186487638533601,-1.0372975277067271,0.5,live_rolling_pf,5.660517858676739,-5.766079519510929,808.6454083823912,802.8793288628802,False,B1_technical_plus_macro_S5_000236,0,B1_technical_plus_macro,2018_2020
PAIRED_B1_technical_plus_macro,S5,808646,808658,2020-04-20T19:06:00,2020-04-20T19:18:00,2020-04-20T19:06:00,2020-04-20T19:18:00,610,1700.88,1698.0582857142858,2.29264285714282,2.82171428571424,stop_loss,False,-2.821714285714279,24.0,True,5.0,-0.9216125419932926,-1.0163307204180794,-1.032661440836146,0.5,live_post_loss_cap;live_rolling_pf,5.620155302040162,-5.711936486983967,802.8793288628802,797.1673923758963,False,B1_technical_plus_macro_S5_000237,0,B1_technical_plus_macro,2018_2020
PAIRED_B1_technical_plus_macro,S5,809623,809632,2020-04-21T12:24:00,2020-04-21T12:33:00,2020-04-21T12:24:00,2020-04-21T12:33:00,611,1680.57,1675.4602857142856,4.1516428571428605,5.10971428571429,stop_loss,False,-5.10971428571429,25.0,True,5.0,-0.9533557225864918,-1.0093288554827016,-1.0186577109654031,0.5,live_rolling_pf,5.580171746631274,-5.632228362424252,797.1673923758963,791.535164013472,False,B1_technical_plus_macro_S5_000238,0,B1_technical_plus_macro,2018_2020
PAIRED_B1_technical_plus_macro,S5,814985,814992,2020-04-27T09:51:00,2020-04-27T09:58:00,2020-04-27T09:51:00,2020-04-27T09:58:00,619,1716.12,1713.7851428571428,1.8970714285714134,2.3348571428571243,stop_loss,False,-2.3348571428571177,24.0,True,5.0,-0.906790945406122,-1.0194185530403883,-1.0388371060807788,0.5,live_rolling_pf,5.540746148094304,-5.648339421054401,791.535164013472,785.8868245924176,False,B1_technical_plus_macro_S5_000239,0,B1_technical_plus_macro,2018_2020
PAIRED_B1_technical_plus_macro,S5,815150,815151,2020-04-27T12:36:00,2020-04-27T12:37:00,2020-04-27T12:36:00,2020-04-27T12:37:00,623,1717.73,1715.8957142857143,1.5,1.834285714285657,stop_loss,False,-1.83428571428567,24.0,True,5.0,-0.8842975206611602,-1.0241046831955993,-1.0482093663911922,0.5,live_rolling_pf,5.501207772146923,-5.633812642687694,785.8868245924176,780.25301194973,False,B1_technical_plus_macro_S5_000240,0,B1_technical_plus_macro,2018_2020
PAIRED_B1_technical_plus_macro,S5,816797,816798,2020-04-28T17:04:00,2020-04-28T17:05:00,2020-04-28T17:04:00,2020-04-28T17:05:00,628,1695.69,1698.8592142857144,3.169214285714296,3.9005714285714412,take_profit,False,3.169214285714361,52.0,True,5.0,0.716924120992776,0.5879815149948446,0.5766707600827454,0.5,live_rolling_pf,5.4617710836481095,3.2114204363184498,780.25301194973,783.4644323860484,True,B1_technical_plus_macro_S5_000241,0,B1_technical_plus_macro,2018_2020
PAIRED_B1_technical_plus_macro,S5,817813,817816,2020-04-29T11:01:00,2020-04-29T11:04:00,2020-04-29T11:01:00,2020-04-29T11:04:00,629,1704.93,1703.25,1.5,1.6800000000000574,stop_loss,False,-1.6800000000000637,37.0,True,5.0,-0.8195121951219593,-1.0243902439024413,-1.0487804878048796,0.5,live_rolling_pf,5.484251026702339,-5.618013246865823,783.4644323860484,777.8464191391826,False,B1_technical_plus_macro_S5_000242,0,B1_technical_plus_macro,2018_2020
PAIRED_B1_technical_plus_macro,S5,818519,818539,2020-04-29T22:47:00,2020-04-29T23:07:00,2020-04-29T22:47:00,2020-04-29T23:07:00,635,1713.9,1716.2957142857144,2.3957142857142606,2.9485714285713978,take_profit,False,2.395714285714348,53.0,True,5.0,0.6887063655031042,0.5219712525667577,0.5075975359343141,0.5,live_rolling_pf,5.444924933974278,2.842094287918524,777.8464191391826,780.688513427101,True,B1_technical_plus_macro_S5_000243,0,B1_technical_plus_macro,2018_2020
PAIRED_B1_technical_plus_macro,S5,822309,822312,2020-05-04T17:01:00,2020-05-04T17:04:00,2020-05-04T17:01:00,2020-05-04T17:04:00,643,1705.01,1707.9916428571428,2.9816428571427847,3.6697142857141962,take_profit,False,2.9816428571427878,60.0,True,5.0,0.6983237419700199,0.5460887312633785,0.5343783458244061,0.5,live_rolling_pf,5.4648195939897075,2.9842763986650906,780.688513427101,783.6727898257661,True,B1_technical_plus_macro_S5_000244,0,B1_technical_plus_macro,2018_2020
PAIRED_B1_technical_plus_macro,S5,822350,822359,2020-05-04T17:42:00,2020-05-04T17:51:00,2020-05-04T17:42:00,2020-05-04T17:51:00,644,1702.97,1700.2831428571428,2.1830714285714277,2.686857142857142,stop_loss,False,-2.686857142857207,24.0,True,5.0,-0.9180007809449654,-1.0170831706364922,-1.0341663412729623,0.5,live_rolling_pf,5.485709528780363,-5.57942284072275,783.6727898257661,778.0933669850434,False,B1_technical_plus_macro_S5_000245,0,B1_technical_plus_macro,2018_2020
PAIRED_B1_technical_plus_macro,S5,835144,835150,2020-05-18T01:08:00,2020-05-18T01:14:00,2020-05-18T01:08:00,2020-05-18T01:14:00,652,1750.82,1747.1708571428571,2.9649285714285565,3.649142857142839,stop_loss,False,-3.649142857142806,74.0,True,5.0,-0.8314021611769219,-1.0113917458664161,-1.0227834917328398,0.5,live_rolling_pf,5.446653568895304,-5.508700462174567,778.0933669850434,772.5846665228688,False,B1_technical_plus_macro_S5_000246,0,B1_technical_plus_macro,2018_2020
PAIRED_B1_technical_plus_macro,S5,835169,835177,2020-05-18T01:33:00,2020-05-18T01:41:00,2020-05-18T01:33:00,2020-05-18T01:41:00,655,1743.75,1746.5357142857144,2.785714285714349,3.428571428571507,take_profit,False,2.785714285714448,24.0,True,5.0,0.7593457943925513,0.6802959501557929,0.6666666666666967,0.5,live_post_loss_cap;live_rolling_pf,5.408092665660082,3.6791035385158,772.5846665228688,776.2637700613847,True,B1_technical_plus_macro_S5_000247,0,B1_technical_plus_macro,2018_2020
PAIRED_B1_technical_plus_macro,S5,840236,840236,2020-05-21T17:03:00,2020-05-21T17:03:00,2020-05-21T17:03:00,2020-05-21T17:03:00,661,1729.25,1726.8282857142858,1.9676428571428624,2.4217142857142924,stop_loss,False,-2.421714285714188,14.0,True,5.0,-0.9453490965870662,-1.0195181797902781,-1.0390363595805971,0.5,live_rolling_pf,5.433846390429693,-5.5399051812308535,776.2637700613847,770.7238648801538,False,B1_technical_plus_macro_S5_000248,0,B1_technical_plus_macro,2018_2020
PAIRED_B1_technical_plus_macro,S5,840269,840272,2020-05-21T17:36:00,2020-05-21T17:39:00,2020-05-21T17:36:00,2020-05-21T17:39:00,662,1719.62,1721.8810714285712,2.2610714285714204,2.7828571428571327,take_profit,False,2.261071428571313,14.0,True,5.0,0.7735826001954665,0.7085777126099335,0.6914711632453195,0.5,live_post_loss_cap;live_rolling_pf,5.395067054161077,3.822824272614668,770.7238648801538,774.5466891527684,True,B1_technical_plus_macro_S5_000249,0,B1_technical_plus_macro,2018_2020
PAIRED_B1_technical_plus_macro,S5,840276,840287,2020-05-21T17:43:00,2020-05-21T17:54:00,2020-05-21T17:43:00,2020-05-21T17:54:00,664,1719.89,1722.4649285714286,2.574928571428552,3.1691428571428335,take_profit,False,2.5749285714284724,14.0,True,5.0,0.7781255396304366,0.720708858573624,0.7055992056639363,0.5,live_post_loss_cap;live_rolling_pf,5.421826824069379,3.9075586217588993,774.5466891527684,778.4542477745273,True,B1_technical_plus_macro_S5_000250,0,B1_technical_plus_macro,2018_2020
PAIRED_B1_technical_plus_macro,S5,843012,843013,2020-05-25T17:22:00,2020-05-25T17:23:00,2020-05-25T17:22:00,2020-05-25T17:23:00,668,1730.09,1728.7151428571428,1.5,1.3748571428571656,stop_loss,False,-1.3748571428570813,38.0,True,5.0,-0.7834581569520876,-1.0284923477694077,-1.0569846955388635,0.5,live_rolling_pf,5.4491797344216915,-5.604439658472843,778.4542477745273,772.8498081160544,False,B1_technical_plus_macro_S5_000251,0,B1_technical_plus_macro,2018_2020
PAIRED_B1_technical_plus_macro,S5,844130,844131,2020-05-26T17:04:00,2020-05-26T17:05:00,2020-05-26T17:04:00,2020-05-26T17:05:00,669,1715.38,1718.6912857142859,3.3112857142857433,4.075428571428607,take_profit,False,3.3112857142857592,14.0,True,5.0,0.7855157923275085,0.740443269621802,0.7285820794360897,0.5,live_rolling_pf,5.409948656812381,4.005760071936235,772.8498081160544,776.8555681879907,True,B1_technical_plus_macro_S5_000252,0,B1_technical_plus_macro,2018_2020
PAIRED_B1_technical_plus_macro,S5,844185,844186,2020-05-26T17:59:00,2020-05-26T18:00:00,2020-05-26T17:59:00,2020-05-26T18:00:00,670,1710.81,1712.846357142857,2.036357142857107,2.50628571428567,take_profit,False,2.036357142857014,14.0,True,5.0,0.76951522349381,0.6977164759230897,0.6788220686676371,0.5,live_rolling_pf,5.437988977315935,3.7941745053614806,776.8555681879907,780.6497426933522,True,B1_technical_plus_macro_S5_000253,0,B1_technical_plus_macro,2018_2020
PAIRED_B1_technical_plus_macro,S5,848565,848566,2020-05-29T22:03:00,2020-05-29T22:04:00,2020-05-29T22:03:00,2020-05-29T22:04:00,678,1729.73,1727.6191428571428,1.715071428571431,2.110857142857146,stop_loss,False,-2.110857142857185,14.0,True,5.0,-0.9378014724549552,-1.0222137598375394,-1.0444275196750619,0.5,live_rolling_pf,5.464548198853466,-5.585936360163455,780.6497426933522,775.0638063331887,False,B1_technical_plus_macro_S5_000254,0,B1_technical_plus_macro,2018_2020
PAIRED_B1_technical_plus_macro,S5,848581,848587,2020-05-29T22:19:00,2020-05-29T22:25:00,2020-05-29T22:19:00,2020-05-29T22:25:00,678,1730.73,1729.251142857143,1.5,1.478857142857123,stop_loss,False,-1.478857142857123,16.0,True,5.0,-0.9023709902370979,-1.030509065550907,-1.0610181311018139,0.5,live_post_loss_cap;live_rolling_pf,5.425446644332321,-5.590971951647204,775.0638063331887,769.4728343815415,False,B1_technical_plus_macro_S5_000255,1,B1_technical_plus_macro,2018_2020
PAIRED_B1_technical_plus_macro,S5,848681,848681,2020-06-01T01:01:00,2020-06-01T01:01:00,2020-06-01T01:01:00,2020-06-01T01:01:00,681,1735.75,1733.4082857142857,1.9026428571428369,2.3417142857142608,stop_loss,True,-2.3417142857142608,14.0,True,5.0,-0.9435873819940127,-1.0201473635735667,-1.0402947271471337,0.5,live_rolling_pf,5.3863098406707905,-5.494829783350665,769.4728343815415,763.9780045981909,False,B1_technical_plus_macro_S5_000256,0,B1_technical_plus_macro,2018_2020
PAIRED_B1_technical_plus_macro,S5,849642,849645,2020-06-01T17:02:00,2020-06-01T17:05:00,2020-06-01T17:02:00,2020-06-01T17:05:00,687,1730.78,1732.3892142857142,1.609214285714258,1.9805714285713945,take_profit,False,1.609214285714188,14.0,True,5.0,0.758858798167576,0.6692603071947909,0.6456817569387948,0.5,live_rolling_pf,5.347846032187336,3.57910107833214,763.9780045981909,767.557105676523,True,B1_technical_plus_macro_S5_000257,0,B1_technical_plus_macro,2018_2020
PAIRED_B1_technical_plus_macro,S5,849657,849690,2020-06-01T17:17:00,2020-06-01T17:50:00,2020-06-01T17:17:00,2020-06-01T17:50:00,688,1734.17,1735.67,1.5,1.6822857142856655,take_profit,False,1.5,14.0,True,5.0,0.8231420507996456,0.7188773910316906,0.6914393226717024,0.5,live_rolling_pf,5.372899739735661,3.862456147176021,767.557105676523,771.4195618236989,True,B1_technical_plus_macro_S5_000258,0,B1_technical_plus_macro,2018_2020
PAIRED_B1_technical_plus_macro,S5,849699,849730,2020-06-01T17:59:00,2020-06-01T18:30:00,2020-06-01T17:59:00,2020-06-01T18:30:00,689,1737.05,1738.55,1.5,1.8194285714285798,take_profit,False,1.5,14.0,True,5.0,0.7655293088363921,0.6685622630504492,0.6430446194225694,0.5,live_rolling_pf,5.399936932765892,3.610194056099666,771.4195618236989,775.0297558797986,True,B1_technical_plus_macro_S5_000259,0,B1_technical_plus_macro,2018_2020
PAIRED_B1_technical_plus_macro,S5,851562,851568,2020-06-03T03:04:00,2020-06-03T03:10:00,2020-06-03T03:04:00,2020-06-03T03:10:00,690,1722.8,1724.3107857142857,1.5107857142856915,1.8594285714285435,take_profit,False,1.5107857142857029,14.0,True,5.0,0.7556087453558208,0.6605815947413581,0.6355744498428154,0.5,live_rolling_pf,5.42520829115859,3.58379274477758,775.0297558797986,778.6135486245762,True,B1_technical_plus_macro_S5_000260,0,B1_technical_plus_macro,2018_2020
PAIRED_B1_technical_plus_macro,S5,852081,852081,2020-06-03T11:43:00,2020-06-03T11:43:00,2020-06-03T11:43:00,2020-06-03T11:43:00,691,1714.86,1716.36,1.5,1.8400000000000156,take_profit,False,1.5,14.0,True,5.0,0.7575757575757517,0.6616161616161564,0.6363636363636314,0.5,live_rolling_pf,5.450294840372034,3.606003151963287,778.6135486245762,782.2195517765394,True,B1_technical_plus_macro_S5_000261,0,B1_technical_plus_macro,2018_2020
PAIRED_B1_technical_plus_macro,S5,852084,852115,2020-06-03T11:46:00,2020-06-03T12:17:00,2020-06-03T11:46:00,2020-06-03T12:17:00,692,1717.09,1718.9842857142855,1.894285714285723,2.331428571428582,take_profit,False,1.8942857142856155,29.0,True,5.0,0.7226158038146733,0.5929155313351098,0.573841961852821,0.5,live_rolling_pf,5.475536862435776,3.246530848136088,782.2195517765394,785.4660826246756,True,B1_technical_plus_macro_S5_000262,0,B1_technical_plus_macro,2018_2020
PAIRED_B1_technical_plus_macro,S5,852409,852411,2020-06-03T17:11:00,2020-06-03T17:13:00,2020-06-03T17:11:00,2020-06-03T17:13:00,695,1700.01,1697.2305714285715,2.2582857142857087,2.7794285714285643,stop_loss,False,-2.779428571428525,14.0,True,5.0,-0.9520454100606637,-1.0171266392640304,-1.0342532785280745,0.5,live_rolling_pf,5.498262578372729,-5.592429338131436,785.4660826246756,779.8736532865441,False,B1_technical_plus_macro_S5_000263,0,B1_technical_plus_macro,2018_2020
PAIRED_B1_technical_plus_macro,S5,852432,852441,2020-06-03T17:34:00,2020-06-03T17:43:00,2020-06-03T17:34:00,2020-06-03T17:43:00,699,1691.39,1693.4254285714287,2.035428571428536,2.505142857142814,take_profit,False,2.0354285714286107,14.0,True,5.0,0.7694966515446374,0.6976668826960729,0.6787643119464506,0.5,live_post_loss_cap;live_rolling_pf,5.459115573005809,3.8086441440965486,779.8736532865441,783.6822974306407,True,B1_technical_plus_macro_S5_000264,0,B1_technical_plus_macro,2018_2020
PAIRED_B1_technical_plus_macro,S5,852451,852459,2020-06-03T17:53:00,2020-06-03T18:01:00,2020-06-03T17:53:00,2020-06-03T18:01:00,701,1693.69,1695.5722142857144,1.8822142857142206,2.3165714285713483,take_profit,False,1.8822142857143263,14.0,True,5.0,0.7661956268900159,0.6888520586183223,0.6684984880205082,0.5,live_post_loss_cap;live_rolling_pf,5.4857760820144845,3.778888147214832,783.6822974306407,787.4611855778555,True,B1_technical_plus_macro_S5_000265,0,B1_technical_plus_macro,2018_2020
PAIRED_B1_technical_plus_macro,S5,855578,855587,2020-06-08T01:04:00,2020-06-08T01:13:00,2020-06-08T01:04:00,2020-06-08T01:13:00,706,1680.77,1682.27,1.5,1.8457142857143483,take_profit,False,1.5,27.0,True,5.0,0.7089804186360358,0.5577312626603481,0.5340985820391468,0.5,live_rolling_pf,5.512228299044989,3.0743420492984646,787.4611855778555,790.535527627154,True,B1_technical_plus_macro_S5_000266,0,B1_technical_plus_macro,2018_2020
PAIRED_B1_technical_plus_macro,S5,855758,855766,2020-06-08T04:04:00,2020-06-08T04:12:00,2020-06-08T04:04:00,2020-06-08T04:12:00,708,1684.22,1685.72,1.5,1.44114285714282,take_profit,False,1.5,14.0,True,5.0,0.9486808818214895,0.8285146367907675,0.7968919407300512,0.5,live_rolling_pf,5.533748693390078,4.584791788795465,790.535527627154,795.1203194159494,True,B1_technical_plus_macro_S5_000267,0,B1_technical_plus_macro,2018_2020
PAIRED_B1_technical_plus_macro,S5,855772,855819,2020-06-08T04:18:00,2020-06-08T05:05:00,2020-06-08T04:18:00,2020-06-08T05:05:00,710,1686.08,1687.58,1.5,1.3359999999999803,take_profit,False,1.5,32.0,True,5.0,0.905797101449286,0.6823671497584621,0.652173913043486,0.5,live_rolling_pf,5.565842235911647,3.7979479025242964,795.1203194159494,798.9182673184737,True,B1_technical_plus_macro_S5_000268,0,B1_technical_plus_macro,2018_2020
PAIRED_B1_technical_plus_macro,S5,859822,859831,2020-06-11T02:52:00,2020-06-11T03:01:00,2020-06-11T02:52:00,2020-06-11T03:01:00,715,1735.97,1735.1779999999999,1.5,0.7920000000000333,stop_loss,False,-0.7920000000001437,22.0,True,5.0,-0.7826086956522902,-1.0494071146246133,-1.0988142292491176,0.5,live_rolling_pf,5.592427871229316,-5.868733596093025,798.9182673184737,793.0495337223806,False,B1_technical_plus_macro_S5_000269,0,B1_technical_plus_macro,2018_2020
PAIRED_B1_technical_plus_macro,S5,863166,863169,2020-06-15T12:39:00,2020-06-15T12:42:00,2020-06-15T12:39:00,2020-06-15T12:42:00,718,1714.06,1715.56,1.5,1.801142857142882,take_profit,False,1.5,17.0,True,5.0,0.7609798521524763,0.6493694738367798,0.6240034787650306,0.5,live_rolling_pf,5.551346736056664,3.604875109078641,793.0495337223806,796.6544088314592,True,B1_technical_plus_macro_S5_000270,0,B1_technical_plus_macro,2018_2020
PAIRED_B1_technical_plus_macro,S5,865918,865919,2020-06-17T12:33:00,2020-06-17T12:34:00,2020-06-17T12:33:00,2020-06-17T12:34:00,720,1714.76,1716.4416428571428,1.6816428571429112,2.0697142857143525,take_profit,False,1.6816428571428332,23.0,True,5.0,0.7312399055783011,0.6094856503913249,0.5877438191079363,1.0,,11.15316172364043,6.7976920270526175,796.6544088314592,803.4521008585118,True,B1_technical_plus_macro_S5_000271,0,B1_technical_plus_macro,2018_2020
PAIRED_B1_technical_plus_macro,S5,869367,869373,2020-06-22T01:06:00,2020-06-22T01:12:00,2020-06-22T01:06:00,2020-06-22T01:12:00,724,1746.07,1743.2722857142855,2.273142857142901,2.79771428571434,stop_loss,False,-2.7977142857143917,55.0,True,5.0,-0.8357087991806957,-1.0149355637108628,-1.0298711274217098,1.0,,11.248329412019165,-11.41632955259315,803.4521008585118,792.0357713059186,False,B1_technical_plus_macro_S5_000272,0,B1_technical_plus_macro,2018_2020
PAIRED_B1_technical_plus_macro,S5,870356,870372,2020-06-22T17:35:00,2020-06-22T17:51:00,2020-06-22T17:35:00,2020-06-22T17:51:00,726,1757.21,1755.5402857142858,1.5,1.6697142857143004,stop_loss,False,-1.6697142857142353,14.0,True,5.0,-0.9226397221344769,-1.0276286706662094,-1.055257341332455,1.0,,11.08850079828286,-11.394861335020618,792.0357713059186,780.640909970898,False,B1_technical_plus_macro_S5_000273,0,B1_technical_plus_macro,2018_2020
PAIRED_B1_technical_plus_macro,S5,870653,870655,2020-06-22T22:32:00,2020-06-22T22:34:00,2020-06-22T22:32:00,2020-06-22T22:34:00,727,1752.45,1753.9533571428572,1.5033571428570844,1.8502857142856426,take_profit,False,1.5033571428571122,14.0,True,5.0,0.7553474016652428,0.659883720930241,0.6347616996841877,0.5,live_rolling_pf,5.464486369796286,3.6059255986737577,780.640909970898,784.2468355695717,True,B1_technical_plus_macro_S5_000274,0,B1_technical_plus_macro,2018_2020
PAIRED_B1_technical_plus_macro,S5,875850,875851,2020-06-26T17:14:00,2020-06-26T17:15:00,2020-06-26T17:14:00,2020-06-26T17:15:00,734,1750.94,1748.949142857143,1.6175714285713931,1.9908571428570991,stop_loss,False,-1.9908571428570667,14.0,True,5.0,-0.9342987396084576,-1.0234647358541016,-1.0469294717082185,0.5,live_rolling_pf,5.489727848987002,-5.618542862874387,784.2468355695717,778.6282927066973,False,B1_technical_plus_macro_S5_000275,0,B1_technical_plus_macro,2018_2020
PAIRED_B1_technical_plus_macro,S5,892141,892145,2020-07-14T17:06:00,2020-07-14T17:10:00,2020-07-14T17:06:00,2020-07-14T17:10:00,751,1800.71,1802.2328571428573,1.5228571428571092,1.8742857142856728,take_profit,False,1.5228571428572195,25.0,True,5.0,0.7168796234028746,0.5756556825824279,0.5521183591123535,0.5,live_rolling_pf,5.450398048946881,3.13755260921245,778.6282927066973,781.7658453159097,True,B1_technical_plus_macro_S5_000276,0,B1_technical_plus_macro,2018_2020
PAIRED_B1_technical_plus_macro,S5,899636,899636,2020-07-22T04:11:00,2020-07-22T04:11:00,2020-07-22T04:11:00,2020-07-22T04:11:00,752,1856.74,1858.701142857143,1.9611428571428684,2.4137142857142995,take_profit,False,1.9611428571429315,25.0,True,5.0,0.7362436983803737,0.6236190067575061,0.6048482248203615,0.5,live_rolling_pf,5.472360917211368,3.412668279809949,781.7658453159097,785.1785135957197,True,B1_technical_plus_macro_S5_000277,0,B1_technical_plus_macro,2018_2020
PAIRED_B1_technical_plus_macro,S5,899638,899639,2020-07-22T04:13:00,2020-07-22T04:14:00,2020-07-22T04:13:00,2020-07-22T04:14:00,753,1860.61,1863.1329285714285,2.522928571428557,3.1051428571428397,take_profit,False,2.522928571428565,25.0,True,5.0,0.7519586136421719,0.662543643021376,0.64764114791791,0.5,live_rolling_pf,5.496249595170037,3.6415052297387196,785.1785135957197,788.8200188254584,True,B1_technical_plus_macro_S5_000278,0,B1_technical_plus_macro,2018_2020
PAIRED_B1_technical_plus_macro,S5,899640,899640,2020-07-22T04:15:00,2020-07-22T04:15:00,2020-07-22T04:15:00,2020-07-22T04:15:00,753,1865.47,1861.8734285714286,2.9222142857142885,3.596571428571432,stop_loss,False,-3.596571428571451,25.0,True,5.0,-0.9350070563767413,-1.0129985887246578,-1.0259971774493104,1.0,,11.043480263556418,-11.187029921591263,788.8200188254584,777.6329889038672,False,B1_technical_plus_macro_S5_000279,1,B1_technical_plus_macro,2018_2020
PAIRED_B1_technical_plus_macro,S5,904542,904552,2020-07-27T17:01:00,2020-07-27T17:11:00,2020-07-27T17:01:00,2020-07-27T17:11:00,756,1937.48,1939.2535714285716,1.7735714285714834,2.1828571428572103,take_profit,False,1.7735714285715858,25.0,True,5.0,0.7290076335878307,0.6056958308867184,0.5851438637698664,0.5,live_rolling_pf,5.44343092232707,3.2970634153733505,777.6329889038672,780.9300523192405,True,B1_technical_plus_macro_S5_000280,0,B1_technical_plus_macro,2018_2020
PAIRED_B1_technical_plus_macro,S5,905151,905161,2020-07-28T04:11:00,2020-07-28T04:21:00,2020-07-28T04:11:00,2020-07-28T04:21:00,757,1976.02,1978.8595714285714,2.8395714285714644,3.494857142857187,take_profit,False,2.8395714285713893,25.0,True,5.0,0.7582589456015675,0.6781490806439123,0.664797436484303,0.5,live_rolling_pf,5.466510366234684,3.7071089791924674,780.9300523192405,784.6371612984329,True,B1_technical_plus_macro_S5_000281,0,B1_technical_plus_macro,2018_2020
PAIRED_B1_technical_plus_macro,S5,907315,907316,2020-07-29T17:17:00,2020-07-29T17:18:00,2020-07-29T17:17:00,2020-07-29T17:18:00,764,1945.68,1948.3199285714286,2.6399285714285146,3.249142857142787,take_profit,False,2.639928571428527,23.0,True,5.0,0.7587870575675479,0.6783074648928316,0.6639361090580609,1.0,,10.984920258178061,7.451153412374669,784.6371612984329,792.0883147108076,True,B1_technical_plus_macro_S5_000282,0,B1_technical_plus_macro,2018_2020
PAIRED_B1_technical_plus_macro,S5,907598,907598,2020-07-29T22:00:00,2020-07-29T22:00:00,2020-07-29T22:00:00,2020-07-29T22:00:00,766,1967.19,1961.7328571428573,4.433928571428529,5.457142857142806,stop_loss,False,-5.457142857142799,23.0,True,5.0,-0.9595579000251176,-1.0087917608641033,-1.0175835217282079,1.0,,11.089236405951306,-11.186730320597938,792.0883147108076,780.9015843902097,False,B1_technical_plus_macro_S5_000283,0,B1_technical_plus_macro,2018_2020
PAIRED_B1_technical_plus_macro,S5,907618,907621,2020-07-29T22:20:00,2020-07-29T22:23:00,2020-07-29T22:20:00,2020-07-29T22:23:00,767,1964.53,1968.417,3.88699999999997,4.7839999999999625,take_profit,False,3.8869999999999436,23.0,True,5.0,0.7752293577981596,0.7193857199840387,0.7094136418029457,0.5,live_post_loss_cap;live_rolling_pf,5.466311090731468,3.9323861396625928,780.9015843902097,784.8339705298723,True,B1_technical_plus_macro_S5_000284,0,B1_technical_plus_macro,2018_2020
PAIRED_B1_technical_plus_macro,S5,907622,907622,2020-07-29T22:24:00,2020-07-29T22:24:00,2020-07-29T22:24:00,2020-07-29T22:24:00,767,1968.08,1964.4674285714286,2.9352142857142556,3.6125714285713912,stop_loss,False,-3.6125714285713,23.0,True,5.0,-0.9401442486429975,-1.0130121198601891,-1.0260242397204018,0.5,live_post_loss_cap;live_rolling_pf,5.4938377937091065,-5.565324269573287,784.8339705298723,779.2686462602991,False,B1_technical_plus_macro_S5_000285,1,B1_technical_plus_macro,2018_2020
PAIRED_B1_technical_plus_macro,S5,907817,907840,2020-07-30T02:40:00,2020-07-30T03:03:00,2020-07-30T02:40:00,2020-07-30T03:03:00,772,1966.18,1965.428,1.5,0.7520000000000177,stop_loss,False,-0.7519999999999527,30.0,True,5.0,-0.7148288973383461,-1.0475285171102038,-1.095057034220469,0.5,live_rolling_pf,5.454880523822093,-5.71414290613269,779.2686462602991,773.5545033541664,False,B1_technical_plus_macro_S5_000286,0,B1_technical_plus_macro,2018_2020
PAIRED_B1_technical_plus_macro,S5,907861,907861,2020-07-30T03:24:00,2020-07-30T03:24:00,2020-07-30T03:24:00,2020-07-30T03:24:00,778,1969.0,1967.5405714285714,1.5,1.4594285714285435,stop_loss,False,-1.4594285714285888,23.0,True,5.0,-0.863859293083062,-1.0295958058515409,-1.059191611703055,0.5,live_post_loss_cap;live_rolling_pf,5.414881523479165,-5.57513930575715,773.5545033541664,767.9793640484093,False,B1_technical_plus_macro_S5_000287,0,B1_technical_plus_macro,2018_2020
PAIRED_B1_technical_plus_macro,S5,907902,907903,2020-07-30T04:05:00,2020-07-30T04:06:00,2020-07-30T04:05:00,2020-07-30T04:06:00,780,1969.55,1968.2174285714286,1.5,1.3325714285713601,stop_loss,False,-1.3325714285713275,23.0,True,5.0,-0.8528067288352259,-1.031998537209708,-1.0639970744194371,0.5,live_post_loss_cap;live_rolling_pf,5.375855548338865,-5.547875062136401,767.9793640484093,762.4314889862728,False,B1_technical_plus_macro_S5_000288,0,B1_technical_plus_macro,2018_2020
PAIRED_B1_technical_plus_macro,S5,910480,910497,2020-08-03T01:06:00,2020-08-03T01:23:00,2020-08-03T01:06:00,2020-08-03T01:23:00,785,1980.62,1983.943357142857,3.323357142857076,4.090285714285632,take_profit,False,3.3233571428570485,23.0,True,5.0,0.769244758944507,0.7044342305402996,0.6928609218966912,0.5,live_rolling_pf,5.33702042290391,3.7595798749861804,762.4314889862728,766.191068861259,True,B1_technical_plus_macro_S5_000289,0,B1_technical_plus_macro,2018_2020
PAIRED_B1_technical_plus_macro,S5,918353,918358,2020-08-10T17:25:00,2020-08-10T17:30:00,2020-08-10T17:25:00,2020-08-10T17:30:00,791,2044.08,2041.950857142857,1.7299285714285395,2.129142857142818,stop_loss,False,-2.129142857142824,23.0,True,5.0,-0.9025069637883019,-1.0211941383068943,-1.0423882766137855,0.5,live_rolling_pf,5.363337482028814,-5.477008798409483,766.191068861259,760.7140600628496,False,B1_technical_plus_macro_S5_000290,0,B1_technical_plus_macro,2018_2020
PAIRED_B1_technical_plus_macro,S5,918376,918384,2020-08-10T17:48:00,2020-08-10T17:56:00,2020-08-10T17:48:00,2020-08-10T17:56:00,794,2039.23,2037.0539999999999,1.7680000000000389,2.1760000000000477,stop_loss,False,-2.1760000000001583,23.0,True,5.0,-0.9044056525353762,-1.02078137988367,-1.0415627597672936,0.5,live_post_loss_cap;live_rolling_pf,5.324998420439948,-5.435659235495053,760.7140600628496,755.2784008273545,False,B1_technical_plus_macro_S5_000291,0,B1_technical_plus_macro,2018_2020
PAIRED_B1_technical_plus_macro,S5,918905,918905,2020-08-11T03:38:00,2020-08-11T03:38:00,2020-08-11T03:38:00,2020-08-11T03:38:00,795,2019.89,2018.1185714285714,1.5,1.7714285714286495,stop_loss,False,-1.7714285714287143,23.0,True,5.0,-0.8850820842255901,-1.0249821556031722,-1.0499643112063117,0.5,live_rolling_pf,5.286948805791481,-5.4190281835237695,755.2784008273545,749.8593726438307,False,B1_technical_plus_macro_S5_000292,0,B1_technical_plus_macro,2018_2020
PAIRED_B1_technical_plus_macro,S5,918945,918953,2020-08-11T04:18:00,2020-08-11T04:26:00,2020-08-11T04:18:00,2020-08-11T04:26:00,796,2018.81,2020.6030714285714,1.7930714285714235,2.2068571428571366,take_profit,False,1.7930714285714657,23.0,True,5.0,0.7358131082190346,0.620911009497027,0.6003927775823829,0.5,live_post_loss_cap;live_rolling_pf,5.249015608506816,3.2591715803436188,749.8593726438307,753.1185442241743,True,B1_technical_plus_macro_S5_000293,0,B1_technical_plus_macro,2018_2020
PAIRED_B1_technical_plus_macro,S5,919210,919212,2020-08-11T08:43:00,2020-08-11T08:45:00,2020-08-11T08:43:00,2020-08-11T08:45:00,797,2008.27,2006.2985714285714,1.6017857142857566,1.9714285714286235,stop_loss,False,-1.9714285714285325,23.0,True,5.0,-0.8955223880596627,-1.0227125243348056,-1.0454250486696526,0.5,live_rolling_pf,5.271829809569221,-5.391566372408016,753.1185442241743,747.7269778517664,False,B1_technical_plus_macro_S5_000294,0,B1_technical_plus_macro,2018_2020
PAIRED_B1_technical_plus_macro,S5,919262,919263,2020-08-11T09:35:00,2020-08-11T09:36:00,2020-08-11T09:35:00,2020-08-11T09:36:00,799,1994.42,1997.3087857142857,2.8887857142856843,3.5554285714285343,take_profit,False,2.888785714285632,23.0,True,5.0,0.7631330666465251,0.68916522001659,0.6759566759755302,0.5,live_post_loss_cap;live_rolling_pf,5.234088844962365,3.6071519904248674,747.7269778517664,751.3341298421913,True,B1_technical_plus_macro_S5_000295,0,B1_technical_plus_macro,2018_2020
PAIRED_B1_technical_plus_macro,S5,919357,919357,2020-08-11T11:10:00,2020-08-11T11:10:00,2020-08-11T11:10:00,2020-08-11T11:10:00,803,1988.67,1991.1028571428571,2.432857142857126,2.9942857142856933,take_profit,False,2.432857142857074,23.0,True,5.0,0.7545414266725577,0.6677004873726015,0.6521931767833236,0.5,live_rolling_pf,5.259338908895339,3.511663152727104,751.3341298421913,754.8457929949184,True,B1_technical_plus_macro_S5_000296,0,B1_technical_plus_macro,2018_2020
PAIRED_B1_technical_plus_macro,S5,919376,919388,2020-08-11T11:29:00,2020-08-11T11:41:00,2020-08-11T11:29:00,2020-08-11T11:41:00,804,1985.63,1988.4045714285717,2.7745714285714813,3.414857142857208,take_profit,False,2.774571428571562,23.0,True,5.0,0.7612291291056121,0.6844085600062955,0.6706906012385604,0.5,live_rolling_pf,5.283920550964429,3.6163604554732363,754.8457929949184,758.4621534503916,True,B1_technical_plus_macro_S5_000297,0,B1_technical_plus_macro,2018_2020
PAIRED_B1_technical_plus_macro,S5,919708,919716,2020-08-11T17:01:00,2020-08-11T17:09:00,2020-08-11T17:01:00,2020-08-11T17:09:00,806,1941.18,1945.0354285714286,3.8554285714285697,4.745142857142855,take_profit,False,3.855428571428547,23.0,True,5.0,0.7749382645150129,0.7186584735542364,0.7086085108826692,0.5,live_rolling_pf,5.309235074152741,3.815526774131222,758.4621534503916,762.2776802245228,True,B1_technical_plus_macro_S5_000298,0,B1_technical_plus_macro,2018_2020
PAIRED_B1_technical_plus_macro,S5,920042,920042,2020-08-11T22:35:00,2020-08-11T22:35:00,2020-08-11T22:35:00,2020-08-11T22:35:00,810,1916.76,1919.3145,2.5544999999999782,3.1439999999999735,take_profit,False,2.554499999999962,23.0,True,5.0,0.7571132187314706,0.67412566686425,0.659306461173675,0.5,live_rolling_pf,5.335943761571659,3.5970966466196295,762.2776802245228,765.8747768711424,True,B1_technical_plus_macro_S5_000299,0,B1_technical_plus_macro,2018_2020
PAIRED_B1_technical_plus_macro,S5,920066,920073,2020-08-11T22:59:00,2020-08-11T23:06:00,2020-08-11T22:59:00,2020-08-11T23:06:00,811,1916.61,1914.3814285714286,1.8107142857142435,2.2285714285713767,stop_loss,False,-2.2285714285712857,23.0,True,5.0,-0.9064497385240748,-1.0203370133642866,-1.04067402672861,0.5,live_rolling_pf,5.361123438097997,-5.470152677106186,765.8747768711424,760.4046241940363,False,B1_technical_plus_macro_S5_000300,0,B1_technical_plus_macro,2018_2020
PAIRED_B1_technical_plus_macro,S5,920152,920156,2020-08-12T01:26:00,2020-08-12T01:30:00,2020-08-12T01:26:00,2020-08-12T01:30:00,812,1919.24,1920.8287857142857,1.5887857142857262,1.9554285714285862,take_profit,False,1.5887857142856774,23.0,True,5.0,0.7269904562687716,0.5988691332200078,0.5759903255327286,0.5,live_rolling_pf,5.322832369358254,3.187680007312978,760.4046241940363,763.5923042013493,True,B1_technical_plus_macro_S5_000301,0,B1_technical_plus_macro,2018_2020
PAIRED_B1_technical_plus_macro,S5,920195,920195,2020-08-12T02:09:00,2020-08-12T02:09:00,2020-08-12T02:09:00,2020-08-12T02:09:00,814,1920.51,1918.796857142857,1.5,1.7131428571428065,stop_loss,False,-1.7131428571428842,35.0,True,5.0,-0.8303559063841908,-1.0242348705165871,-1.0484697410331367,0.5,live_rolling_pf,5.345146129409446,-5.47468505374792,763.5923042013493,758.1176191476013,False,B1_technical_plus_macro_S5_000302,0,B1_technical_plus_macro,2018_2020
PAIRED_B1_technical_plus_macro,S5,920210,920212,2020-08-12T02:24:00,2020-08-12T02:26:00,2020-08-12T02:24:00,2020-08-12T02:26:00,814,1915.33,1916.9485,1.618500000000069,1.9920000000000853,take_profit,False,1.61850000000004,25.0,True,5.0,0.7219000892060564,0.5880909901873282,0.5657894736842068,0.5,live_post_loss_cap;live_rolling_pf,5.30682333403321,3.1208949892608087,758.1176191476013,761.2385141368621,True,B1_technical_plus_macro_S5_000303,1,B1_technical_plus_macro,2018_2020
PAIRED_B1_technical_plus_macro,S5,920225,920226,2020-08-12T02:39:00,2020-08-12T02:40:00,2020-08-12T02:39:00,2020-08-12T02:40:00,815,1917.48,1916.0274285714286,1.5,1.4525714285714328,stop_loss,False,-1.4525714285714457,40.0,True,5.0,-0.7840838988278915,-1.0269895126465214,-1.0539790252930359,0.5,live_post_loss_cap;live_rolling_pf,5.328669598958035,-5.472487794488247,761.2385141368621,755.7660263423738,False,B1_technical_plus_macro_S5_000304,0,B1_technical_plus_macro,2018_2020
PAIRED_B1_technical_plus_macro,S5,920246,920247,2020-08-12T03:00:00,2020-08-12T03:01:00,2020-08-12T03:00:00,2020-08-12T03:01:00,817,1909.0,1911.2842857142857,2.284285714285685,2.8114285714285354,take_profit,False,2.2842857142857156,26.0,True,5.0,0.7437209302325672,0.6427906976744265,0.6265116279069846,0.5,live_post_loss_cap;live_rolling_pf,5.290362184396617,3.4005955994587045,755.7660263423738,759.1666219418325,True,B1_technical_plus_macro_S5_000305,0,B1_technical_plus_macro,2018_2020
PAIRED_B1_technical_plus_macro,S5,920252,920252,2020-08-12T03:06:00,2020-08-12T03:06:00,2020-08-12T03:06:00,2020-08-12T03:06:00,818,1915.79,1918.3890714285715,2.5990714285714507,3.19885714285717,take_profit,False,2.5990714285715057,23.0,True,5.0,0.7579993333889008,0.6763394717107079,0.6617573535538878,0.5,live_post_loss_cap;live_rolling_pf,5.314166353592828,3.594180464171792,759.1666219418325,762.7608024060044,True,B1_technical_plus_macro_S5_000306,0,B1_technical_plus_macro,2018_2020
PAIRED_B1_technical_plus_macro,S5,920258,920267,2020-08-12T03:12:00,2020-08-12T03:21:00,2020-08-12T03:12:00,2020-08-12T03:21:00,819,1917.32,1919.4947142857143,2.1747142857142925,2.676571428571437,take_profit,False,2.1747142857143444,23.0,True,5.0,0.7482060355844081,0.651872603951655,0.6346702054458062,0.5,live_post_loss_cap;live_rolling_pf,5.33932561684203,3.480560093196591,762.7608024060044,766.2413624992009,True,B1_technical_plus_macro_S5_000307,0,B1_technical_plus_macro,2018_2020
PAIRED_B1_technical_plus_macro,S5,920337,920340,2020-08-12T04:31:00,2020-08-12T04:34:00,2020-08-12T04:31:00,2020-08-12T04:34:00,820,1915.25,1913.1677142857143,1.6918571428571243,2.0822857142856916,stop_loss,False,-2.0822857142857174,30.0,True,5.0,-0.874070520508525,-1.0209882465819253,-1.0419764931638396,0.5,live_post_loss_cap;live_rolling_pf,5.363689537494406,-5.476263976096232,766.2413624992009,760.7650985231047,False,B1_technical_plus_macro_S5_000308,0,B1_technical_plus_macro,2018_2020
PAIRED_B1_technical_plus_macro,S5,920365,920366,2020-08-12T04:59:00,2020-08-12T05:00:00,2020-08-12T04:59:00,2020-08-12T05:00:00,822,1889.48,1883.902857142857,4.531428571428588,5.577142857142878,stop_loss,False,-5.577142857142917,25.0,True,5.0,-0.9570973277764226,-1.0085805344447234,-1.0171610688894404,0.5,live_post_loss_cap;live_rolling_pf,5.325355689661733,-5.371050087587279,760.7650985231047,755.3940484355174,False,B1_technical_plus_macro_S5_000309,0,B1_technical_plus_macro,2018_2020
PAIRED_B1_technical_plus_macro,S5,920767,920771,2020-08-12T11:41:00,2020-08-12T11:45:00,2020-08-12T11:41:00,2020-08-12T11:45:00,832,1933.68,1928.5554285714286,4.163714285714279,5.12457142857142,stop_loss,False,-5.124571428571471,23.0,True,5.0,-0.9570460487700858,-1.0093378154847756,-1.0186756309695417,0.5,live_rolling_pf,5.287758339048622,-5.337134450746742,755.3940484355174,750.0569139847707,False,B1_technical_plus_macro_S5_000310,0,B1_technical_plus_macro,2018_2020
PAIRED_B1_technical_plus_macro,S5,921386,921386,2020-08-12T22:00:00,2020-08-12T22:00:00,2020-08-12T22:00:00,2020-08-12T22:00:00,836,1928.14,1929.925642857143,1.7856428571428802,2.197714285714314,take_profit,False,1.785642857142875,23.0,True,5.0,0.7355243026950677,0.62018947863952,0.5995939743438865,0.5,live_rolling_pf,5.250398397893395,3.256241845039276,750.0569139847707,753.3131558298101,True,B1_technical_plus_macro_S5_000311,0,B1_technical_plus_macro,2018_2020
PAIRED_B1_technical_plus_macro,S5,924269,924273,2020-08-17T01:07:00,2020-08-17T01:11:00,2020-08-17T01:07:00,2020-08-17T01:11:00,838,1945.29,1947.058,1.7679999999999967,2.175999999999996,take_profit,False,1.768000000000029,23.0,True,5.0,0.7348295926849675,0.6184538653366715,0.5976724854530471,0.5,live_rolling_pf,5.273192090808671,3.2612260312233867,753.3131558298101,756.5743818610334,True,B1_technical_plus_macro_S5_000312,0,B1_technical_plus_macro,2018_2020
PAIRED_B1_technical_plus_macro,S5,924274,924285,2020-08-17T01:12:00,2020-08-17T01:23:00,2020-08-17T01:12:00,2020-08-17T01:23:00,839,1947.12,1949.1052857142856,1.9852857142857034,2.443428571428558,take_profit,False,1.9852857142857374,30.0,True,5.0,0.7236513226411284,0.5960737346386282,0.5778483649239855,0.5,live_rolling_pf,5.296020673027234,3.156818821294725,756.5743818610334,759.7312006823281,True,B1_technical_plus_macro_S5_000313,0,B1_technical_plus_macro,2018_2020
PAIRED_B1_technical_plus_macro,S5,924377,924378,2020-08-17T02:55:00,2020-08-17T02:56:00,2020-08-17T02:55:00,2020-08-17T02:56:00,840,1938.2,1935.9405714285715,1.8357857142856704,2.2594285714285176,stop_loss,False,-2.2594285714285434,23.0,True,5.0,-0.9076093194077899,-1.0200849305635367,-1.040169861127063,0.5,live_rolling_pf,5.318118404776297,-5.424932443664895,759.7312006823281,754.3062682386632,False,B1_technical_plus_macro_S5_000314,0,B1_technical_plus_macro,2018_2020
PAIRED_B1_technical_plus_macro,S5,924393,924396,2020-08-17T03:11:00,2020-08-17T03:14:00,2020-08-17T03:11:00,2020-08-17T03:14:00,840,1932.6,1935.2371428571428,2.637142857142866,3.245714285714296,take_profit,False,2.6371428571428623,27.0,True,5.0,0.7501015847216571,0.6590816741162124,0.6448598130841117,0.5,live_post_loss_cap;live_rolling_pf,5.280143877670643,3.4800460664696367,754.3062682386632,757.7863143051328,True,B1_technical_plus_macro_S5_000315,1,B1_technical_plus_macro,2018_2020
PAIRED_B1_technical_plus_macro,S5,924397,924403,2020-08-17T03:15:00,2020-08-17T03:21:00,2020-08-17T03:15:00,2020-08-17T03:21:00,840,1936.58,1933.713714285714,2.3288571428571783,2.866285714285758,stop_loss,False,-2.866285714285823,50.0,True,5.0,-0.8514683415379605,-1.0148531658462252,-1.029706331692431,0.5,live_post_loss_cap;live_rolling_pf,5.30450420013593,-5.383292880752546,757.7863143051328,752.4030214243803,False,B1_technical_plus_macro_S5_000316,2,B1_technical_plus_macro,2018_2020
PAIRED_B1_technical_plus_macro,S5,924429,924431,2020-08-17T03:47:00,2020-08-17T03:49:00,2020-08-17T03:47:00,2020-08-17T03:49:00,841,1930.49,1932.0342142857144,1.544214285714317,1.9005714285714672,take_profit,False,1.5442142857143608,23.0,True,5.0,0.7247887890572836,0.5933686469089691,0.5699007643824843,0.5,live_post_loss_cap;live_rolling_pf,5.266821149970662,3.125166539269632,752.4030214243803,755.52818796365,True,B1_technical_plus_macro_S5_000317,0,B1_technical_plus_macro,2018_2020
PAIRED_B1_technical_plus_macro,S5,924432,924434,2020-08-17T03:50:00,2020-08-17T03:52:00,2020-08-17T03:50:00,2020-08-17T03:52:00,841,1931.85,1933.569714285714,1.7197142857142842,2.1165714285714268,take_profit,False,1.7197142857141898,26.0,True,5.0,0.7236114450588687,0.593171435441172,0.5721327242125113,0.5,live_post_loss_cap;live_rolling_pf,5.28869731574555,3.137104178394661,755.52818796365,758.6652921420447,True,B1_technical_plus_macro_S5_000318,1,B1_technical_plus_macro,2018_2020
PAIRED_B1_technical_plus_macro,S5,924436,924439,2020-08-17T03:54:00,2020-08-17T03:57:00,2020-08-17T03:54:00,2020-08-17T03:57:00,841,1934.48,1936.256357142857,1.7763571428570897,2.1862857142856487,take_profit,False,1.776357142857023,23.0,True,5.0,0.7351602223010227,0.6192798864845362,0.5985869693744493,0.5,live_post_loss_cap;live_rolling_pf,5.310657044994313,3.288783091982381,758.6652921420447,761.9540752340271,True,B1_technical_plus_macro_S5_000319,2,B1_technical_plus_macro,2018_2020
PAIRED_B1_technical_plus_macro,S5,924440,924441,2020-08-17T03:58:00,2020-08-17T03:59:00,2020-08-17T03:58:00,2020-08-17T03:59:00,841,1936.23,1938.0908571428572,1.8608571428571394,2.29028571428571,take_profit,False,1.860857142857185,23.0,True,5.0,0.73835166080945,0.6272531459018429,0.6074141253826274,0.5,live_post_loss_cap;live_rolling_pf,5.33367852663819,3.345566635062911,761.9540752340271,765.29964186909,True,B1_technical_plus_macro_S5_000320,3,B1_technical_plus_macro,2018_2020
PAIRED_B1_technical_plus_macro,S5,924442,924442,2020-08-17T04:00:00,2020-08-17T04:00:00,2020-08-17T04:00:00,2020-08-17T04:00:00,841,1937.76,1939.5967142857144,1.836714285714283,2.2605714285714256,take_profit,False,1.836714285714379,34.0,True,5.0,0.7062733465172857,0.5563063063063428,0.5370797626895554,0.5,live_post_loss_cap;live_rolling_pf,5.35709749308363,2.9801871189003233,765.29964186909,768.2798289879903,True,B1_technical_plus_macro_S5_000321,4,B1_technical_plus_macro,2018_2020
PAIRED_B1_technical_plus_macro,S5,924443,924445,2020-08-17T04:01:00,2020-08-17T04:03:00,2020-08-17T04:01:00,2020-08-17T04:03:00,841,1938.77,1936.5528571428572,1.8014285714285798,2.2171428571428673,stop_loss,False,-2.2171428571427896,32.0,True,5.0,-0.8738738738738439,-1.0197072072071767,-1.0394144144143838,1.0,live_post_loss_cap,10.755917605831865,-10.967886702793313,768.2798289879903,757.311942285197,False,B1_technical_plus_macro_S5_000322,5,B1_technical_plus_macro,2018_2020
PAIRED_B1_technical_plus_macro,S5,924460,924463,2020-08-17T04:18:00,2020-08-17T04:21:00,2020-08-17T04:18:00,2020-08-17T04:21:00,841,1933.68,1935.9615000000001,2.281499999999994,2.8079999999999927,take_profit,False,2.281500000000051,36.0,True,5.0,0.7201704545454723,0.5907512626262801,0.5749684343434518,0.5,live_post_loss_cap;live_rolling_pf,5.301183595996379,3.131680902748585,757.311942285197,760.4436231879456,True,B1_technical_plus_macro_S5_000323,6,B1_technical_plus_macro,2018_2020
PAIRED_B1_technical_plus_macro,S5,924464,924475,2020-08-17T04:22:00,2020-08-17T04:33:00,2020-08-17T04:22:00,2020-08-17T04:33:00,841,1935.75,1937.7148571428572,1.9648571428571295,2.418285714285698,take_profit,False,1.9648571428572268,34.0,True,5.0,0.7123472135902563,0.5709550445411566,0.5528278433810156,0.5,live_post_loss_cap;live_rolling_pf,5.323105362315619,3.039253859238184,760.4436231879456,763.4828770471838,True,B1_technical_plus_macro_S5_000324,7,B1_technical_plus_macro,2018_2020
PAIRED_B1_technical_plus_macro,S5,924476,924485,2020-08-17T04:34:00,2020-08-17T04:43:00,2020-08-17T04:34:00,2020-08-17T04:43:00,842,1937.44,1938.94,1.5,1.798857142857144,take_profit,False,1.5,31.0,True,5.0,0.7112857336404278,0.5405771575667252,0.5168676331120441,1.0,live_post_loss_cap,10.688760278660574,5.778099649350451,763.4828770471838,769.2609766965343,True,B1_technical_plus_macro_S5_000325,0,B1_technical_plus_macro,2018_2020
PAIRED_B1_technical_plus_macro,S5,924486,924493,2020-08-17T04:44:00,2020-08-17T04:51:00,2020-08-17T04:44:00,2020-08-17T04:51:00,842,1938.68,1940.18,1.5,1.5085714285713818,take_profit,False,1.5,26.0,True,5.0,0.8481421647819287,0.6728594507269967,0.6445880452342659,1.0,live_post_loss_cap,10.76965367375148,7.2464632554404025,769.2609766965343,776.5074399519747,True,B1_technical_plus_macro_S5_000326,1,B1_technical_plus_macro,2018_2020
PAIRED_B1_technical_plus_macro,S5,926612,926625,2020-08-18T17:11:00,2020-08-18T17:24:00,2020-08-18T17:11:00,2020-08-18T17:24:00,843,1996.2,1992.1417142857144,3.297357142857079,4.058285714285636,stop_loss,False,-4.058285714285603,23.0,True,5.0,-0.9463655140249096,-1.0116596708641408,-1.023319341728289,1.0,,10.871104159327645,-10.997857655755197,776.5074399519747,765.5095822962195,False,B1_technical_plus_macro_S5_000327,0,B1_technical_plus_macro,2018_2020
PAIRED_B1_technical_plus_macro,S5,927211,927214,2020-08-19T04:11:00,2020-08-19T04:14:00,2020-08-19T04:11:00,2020-08-19T04:14:00,847,2003.89,2001.6465714285714,1.8227857142857666,2.2434285714286357,stop_loss,False,-2.2434285714286943,27.0,True,5.0,-0.8925770148914663,-1.0198931453904967,-1.0397862907809703,0.5,live_rolling_pf,5.358567076073537,-5.465165830002596,765.5095822962195,760.044416466217,False,B1_technical_plus_macro_S5_000328,0,B1_technical_plus_macro,2018_2020
PAIRED_B1_technical_plus_macro,S5,927234,927235,2020-08-19T04:34:00,2020-08-19T04:35:00,2020-08-19T04:34:00,2020-08-19T04:35:00,848,1997.01,1998.532857142857,1.522857142857088,1.874285714285647,take_profit,False,1.5228571428569921,23.0,True,5.0,0.7236931432450295,0.5906313645620653,0.5668703326543931,0.5,live_post_loss_cap;live_rolling_pf,5.320310915263518,3.1423424957765427,760.044416466217,763.1867589619935,True,B1_technical_plus_macro_S5_000329,0,B1_technical_plus_macro,2018_2020
PAIRED_B1_technical_plus_macro,S5,927734,927758,2020-08-19T12:54:00,2020-08-19T13:18:00,2020-08-19T12:54:00,2020-08-19T13:18:00,851,1987.64,1989.510142857143,1.8701428571428453,2.3017142857142714,take_profit,False,1.8701428571428096,23.0,True,5.0,0.7386863785125687,0.6280893804310873,0.6083399164879657,0.5,live_rolling_pf,5.342307312733955,3.355446490127537,763.1867589619935,766.542205452121,True,B1_technical_plus_macro_S5_000330,0,B1_technical_plus_macro,2018_2020
PAIRED_B1_technical_plus_macro,S5,928035,928037,2020-08-19T17:55:00,2020-08-19T17:57:00,2020-08-19T17:55:00,2020-08-19T17:57:00,854,1970.41,1966.2557142857145,3.3753571428571343,4.154285714285704,stop_loss,False,-4.1542857142856064,23.0,True,5.0,-0.9475399152818282,-1.0114043662430536,-1.0228087324861295,0.5,live_rolling_pf,5.365795438164847,-5.426988934526985,766.542205452121,761.115216517594,False,B1_technical_plus_macro_S5_000331,0,B1_technical_plus_macro,2018_2020
PAIRED_B1_technical_plus_macro,S5,928512,928519,2020-08-20T02:53:00,2020-08-20T03:00:00,2020-08-20T02:53:00,2020-08-20T03:00:00,859,1927.7,1926.0337142857143,1.5,1.6662857142857321,stop_loss,False,-1.6662857142857774,23.0,True,5.0,-0.8787102606599617,-1.026367334639168,-1.0527346692783117,0.5,live_rolling_pf,5.327806515623158,-5.468286572913334,761.115216517594,755.6469299446807,False,B1_technical_plus_macro_S5_000332,0,B1_technical_plus_macro,2018_2020
PAIRED_B1_technical_plus_macro,S5,928581,928588,2020-08-20T04:02:00,2020-08-20T04:09:00,2020-08-20T04:02:00,2020-08-20T04:09:00,861,1943.74,1941.236,2.0344999999999653,2.5039999999999574,stop_loss,False,-2.5039999999999054,32.0,True,5.0,-0.8866855524079119,-1.0177053824362425,-1.0354107648725035,0.5,live_post_loss_cap;live_rolling_pf,5.289528509612765,-5.383181634782867,755.6469299446807,750.2637483098978,False,B1_technical_plus_macro_S5_000333,0,B1_technical_plus_macro,2018_2020
PAIRED_B1_technical_plus_macro,S5,928604,928611,2020-08-20T04:25:00,2020-08-20T04:32:00,2020-08-20T04:25:00,2020-08-20T04:32:00,862,1934.85,1936.9940714285715,2.1440714285714844,2.6388571428572116,take_profit,False,2.1440714285715785,23.0,True,5.0,0.7473608206354292,0.6497609799821101,0.6323324370083032,0.5,live_post_loss_cap;live_rolling_pf,5.251846238169285,3.412444758428233,750.2637483098978,753.676193068326,True,B1_technical_plus_macro_S5_000334,0,B1_technical_plus_macro,2018_2020
PAIRED_B1_technical_plus_macro,S5,928616,928618,2020-08-20T04:37:00,2020-08-20T04:39:00,2020-08-20T04:37:00,2020-08-20T04:39:00,863,1936.21,1938.691142857143,2.481142857142881,3.053714285714315,take_profit,False,2.4811428571429133,28.0,True,5.0,0.7442577991086836,0.6452691121014853,0.6302708261913038,0.5,live_post_loss_cap;live_rolling_pf,5.275733351478283,3.4042677753925847,753.676193068326,757.0804608437186,True,B1_technical_plus_macro_S5_000335,0,B1_technical_plus_macro,2018_2020
PAIRED_B1_technical_plus_macro,S5,928619,928628,2020-08-20T04:40:00,2020-08-20T04:49:00,2020-08-20T04:40:00,2020-08-20T04:49:00,863,1939.26,1941.5693571428571,2.309357142857154,2.842285714285728,take_profit,False,2.309357142857152,28.0,True,5.0,0.7396367130307464,0.6339449121522696,0.617931002928258,0.5,live_post_loss_cap;live_rolling_pf,5.29956322590603,3.3596311436923965,757.0804608437186,760.4400919874109,True,B1_technical_plus_macro_S5_000336,1,B1_technical_plus_macro,2018_2020
PAIRED_B1_technical_plus_macro,S5,928631,928638,2020-08-20T04:52:00,2020-08-20T04:59:00,2020-08-20T04:52:00,2020-08-20T04:59:00,864,1940.06,1941.9375714285713,1.8775714285714311,2.310857142857146,take_profit,False,1.8775714285714002,23.0,True,5.0,0.7389519847070609,0.6287529517597992,0.6090745530192166,0.5,live_post_loss_cap;live_rolling_pf,5.323080643911877,3.346902667315045,760.4400919874109,763.786994654726,True,B1_technical_plus_macro_S5_000337,0,B1_technical_plus_macro,2018_2020
PAIRED_B1_technical_plus_macro,S5,929022,929022,2020-08-20T11:23:00,2020-08-20T11:23:00,2020-08-20T11:23:00,2020-08-20T11:23:00,867,1927.69,1929.9120714285714,2.2220714285714345,2.73485714285715,take_profit,False,2.2220714285713257,23.0,True,5.0,0.74946998169024,0.6550303555940661,0.6381661366483207,0.5,live_rolling_pf,5.346508962583082,3.5021256669476575,763.786994654726,767.2891203216736,True,B1_technical_plus_macro_S5_000338,0,B1_technical_plus_macro,2018_2020
PAIRED_B1_technical_plus_macro,S5,930388,930400,2020-08-21T11:10:00,2020-08-21T11:22:00,2020-08-21T11:10:00,2020-08-21T11:22:00,870,1937.31,1935.2494285714286,1.6742142857142832,2.0605714285714254,stop_loss,False,-2.060571428571393,23.0,True,5.0,-0.8995883747037402,-1.021828614194822,-1.043657228389658,0.5,live_rolling_pf,5.371023842251716,-5.488265849535419,767.2891203216736,761.8008544721382,False,B1_technical_plus_macro_S5_000339,0,B1_technical_plus_macro,2018_2020
PAIRED_B1_technical_plus_macro,S5,931164,931166,2020-08-24T01:08:00,2020-08-24T01:10:00,2020-08-24T01:08:00,2020-08-24T01:10:00,873,1932.47,1930.214,1.8330000000000644,2.2560000000000793,stop_loss,False,-2.2560000000000855,23.0,True,5.0,-0.9074818986323465,-1.0201126307321018,-1.0402252614642007,0.5,live_rolling_pf,5.332605981304968,-5.439858716246752,761.8008544721382,756.3609957558915,False,B1_technical_plus_macro_S5_000340,0,B1_technical_plus_macro,2018_2020
PAIRED_B1_technical_plus_macro,S5,931283,931285,2020-08-24T03:07:00,2020-08-24T03:09:00,2020-08-24T03:07:00,2020-08-24T03:09:00,874,1932.65,1934.15,1.5,1.6514285714286547,take_profit,False,1.5,23.0,True,5.0,0.7972665148063428,0.6484434320424921,0.6218678815489473,0.5,live_post_loss_cap;live_rolling_pf,5.2945269702912405,3.4332012396571896,756.3609957558915,759.7941969955486,True,B1_technical_plus_macro_S5_000341,0,B1_technical_plus_macro,2018_2020
PAIRED_B1_technical_plus_macro,S5,931343,931351,2020-08-24T04:07:00,2020-08-24T04:15:00,2020-08-24T04:07:00,2020-08-24T04:15:00,875,1931.99,1933.4970714285714,1.5070714285714093,1.854857142857119,take_profit,False,1.5070714285714075,31.0,True,5.0,0.6961528309357244,0.5298601029431135,0.5067638907219174,0.5,live_rolling_pf,5.318559378968841,2.8180924200494917,759.7941969955486,762.6122894155982,True,B1_technical_plus_macro_S5_000342,0,B1_technical_plus_macro,2018_2020
PAIRED_B1_technical_plus_macro,S5,931352,931395,2020-08-24T04:16:00,2020-08-24T04:59:00,2020-08-24T04:16:00,2020-08-24T04:59:00,875,1933.49,1935.1512142857143,1.6612142857143164,2.0445714285714662,take_profit,False,1.6612142857143226,23.0,True,5.0,0.7303416656199011,0.6072415525687789,0.5852593895239356,0.5,live_rolling_pf,5.338286025909188,3.2416290944293116,762.6122894155982,765.8539185100275,True,B1_technical_plus_macro_S5_000343,1,B1_technical_plus_macro,2018_2020
PAIRED_B1_technical_plus_macro,S5,936905,936920,2020-08-28T04:53:00,2020-08-28T05:08:00,2020-08-28T04:53:00,2020-08-28T05:08:00,880,1934.95,1936.5452857142857,1.5952857142857204,1.9634285714285789,take_profit,False,1.5952857142856374,23.0,True,5.0,0.727302331639926,0.5996483001171962,0.5768529373452801,0.5,live_rolling_pf,5.360977429570193,3.2147010026084217,765.8539185100275,769.0686195126359,True,B1_technical_plus_macro_S5_000344,0,B1_technical_plus_macro,2018_2020
PAIRED_B1_technical_plus_macro,S5,937388,937389,2020-08-28T12:56:00,2020-08-28T12:57:00,2020-08-28T12:56:00,2020-08-28T12:57:00,882,1954.06,1955.56,1.5,1.8160000000000114,take_profit,False,1.5,23.0,True,5.0,0.7331378299120194,0.5962854349951091,0.5718475073313751,1.0,,10.766960673176904,6.420181828580523,769.0686195126359,775.4888013412165,True,B1_technical_plus_macro_S5_000345,0,B1_technical_plus_macro,2018_2020
PAIRED_B1_technical_plus_macro,S5,938057,938057,2020-08-31T01:07:00,2020-08-31T01:07:00,2020-08-31T01:07:00,2020-08-31T01:07:00,883,1969.35,1970.9192857142857,1.5692857142857228,1.9314285714285822,take_profit,False,1.5692857142857974,23.0,True,5.0,0.7260409781890633,0.5964970257766383,0.5733641771315624,1.0,,10.85684321877703,6.476074689323763,775.4888013412165,781.9648760305403,True,B1_technical_plus_macro_S5_000346,0,B1_technical_plus_macro,2018_2020
PAIRED_B1_technical_plus_macro,S5,938059,938060,2020-08-31T01:09:00,2020-08-31T01:10:00,2020-08-31T01:09:00,2020-08-31T01:10:00,883,1971.01,1972.8504285714287,1.8404285714285868,2.265142857142876,take_profit,False,1.8404285714286743,26.0,True,5.0,0.7288413668251087,0.6060760353021406,0.5862751753790814,1.0,,10.947508264427563,6.635022405341676,781.9648760305403,788.599898435882,True,B1_technical_plus_macro_S5_000347,1,B1_technical_plus_macro,2018_2020
PAIRED_B1_technical_plus_macro,S5,938067,938089,2020-08-31T01:17:00,2020-08-31T01:39:00,2020-08-31T01:17:00,2020-08-31T01:39:00,884,1971.12,1972.6744285714285,1.5544285714285724,1.9131428571428584,take_profit,False,1.5544285714286161,42.0,True,5.0,0.6662380602498351,0.46479304433016827,0.44336272348765055,1.0,,11.040398578102348,5.131500465734652,788.599898435882,793.7313989016167,True,B1_technical_plus_macro_S5_000348,0,B1_technical_plus_macro,2018_2020
PAIRED_B1_technical_plus_macro,S5,938102,938106,2020-08-31T01:52:00,2020-08-31T01:56:00,2020-08-31T01:52:00,2020-08-31T01:56:00,886,1973.09,1974.59,1.5,1.6468571428571004,take_profit,False,1.5,23.0,True,5.0,0.7992084031055136,0.6500228345258177,0.6233825544223006,1.0,,11.112239584622634,7.223209472726399,793.7313989016167,800.954608374343,True,B1_technical_plus_macro_S5_000349,0,B1_technical_plus_macro,2018_2020
PAIRED_B1_technical_plus_macro,S5,940997,940997,2020-09-02T04:09:00,2020-09-02T04:09:00,2020-09-02T04:09:00,2020-09-02T04:09:00,889,1961.01,1958.768857142857,1.8209285714286467,2.24114285714295,stop_loss,False,-2.241142857142904,23.0,True,5.0,-0.906925656145204,-1.0202335530118898,-1.0404671060237978,1.0,,11.213364517240803,-11.44025072264204,800.954608374343,789.514357651701,False,B1_technical_plus_macro_S5_000350,0,B1_technical_plus_macro,2018_2020
PAIRED_B1_technical_plus_macro,S5,941012,941018,2020-09-02T04:24:00,2020-09-02T04:30:00,2020-09-02T04:24:00,2020-09-02T04:30:00,890,1964.47,1962.6425714285715,1.5,1.8274285714285725,stop_loss,False,-1.827428571428527,31.0,True,5.0,-0.8549659136478869,-1.0233925945728968,-1.0467851891458149,1.0,live_post_loss_cap,11.053201007123814,-11.311764057016196,789.514357651701,778.2025935946848,False,B1_technical_plus_macro_S5_000351,0,B1_technical_plus_macro,2018_2020
PAIRED_B1_technical_plus_macro,S5,943237,943259,2020-09-03T18:30:00,2020-09-03T18:52:00,2020-09-03T18:30:00,2020-09-03T18:52:00,897,1924.81,1928.1584285714287,3.34842857142863,4.121142857142929,take_profit,False,3.3484285714287125,23.0,True,5.0,0.7695515135596755,0.7052006041105991,0.693709370280407,0.5,live_rolling_pf,5.447418155162794,3.8415225738638474,778.2025935946848,782.0441161685486,True,B1_technical_plus_macro_S5_000352,0,B1_technical_plus_macro,2018_2020
PAIRED_B1_technical_plus_macro,S5,945149,945157,2020-09-07T04:25:00,2020-09-07T04:33:00,2020-09-07T04:25:00,2020-09-07T04:33:00,899,1937.67,1939.17,1.5,1.3177142857142568,take_profit,False,1.5,23.0,True,5.0,0.969171127930607,0.788259184050227,0.7559534797858735,1.0,,10.948617626359681,8.630348396632215,782.0441161685486,790.6744645651809,True,B1_technical_plus_macro_S5_000353,0,B1_technical_plus_macro,2018_2020
PAIRED_B1_technical_plus_macro,S5,945158,945159,2020-09-07T04:34:00,2020-09-07T04:35:00,2020-09-07T04:34:00,2020-09-07T04:35:00,899,1939.41,1937.9094285714286,1.5,1.5005714285714151,stop_loss,False,-1.5005714285714475,23.0,True,5.0,-0.8670959220736515,-1.0288921908535769,-1.057784381707135,1.0,,11.069442503912532,-11.389262949378269,790.6744645651809,779.2852016158026,False,B1_technical_plus_macro_S5_000354,1,B1_technical_plus_macro,2018_2020
PAIRED_B1_technical_plus_macro,S5,951781,951783,2020-09-14T04:06:00,2020-09-14T04:08:00,2020-09-14T04:06:00,2020-09-14T04:08:00,902,1942.23,1943.73,1.5,1.2571428571428314,take_profit,False,1.5,23.0,True,5.0,1.0086455331412278,0.820365033621532,0.7867435158501577,1.0,,10.909992822621238,8.950176628740344,779.2852016158026,788.235378244543,True,B1_technical_plus_macro_S5_000355,0,B1_technical_plus_macro,2018_2020
PAIRED_B1_technical_plus_macro,S5,951784,951809,2020-09-14T04:09:00,2020-09-14T04:34:00,2020-09-14T04:09:00,2020-09-14T04:34:00,902,1944.39,1945.89,1.5,1.5611428571427886,take_profit,False,1.5,23.0,True,5.0,0.8374541394162069,0.6811293667251817,0.6532142287446413,1.0,,11.035295295423602,7.516463696197254,788.235378244543,795.7518419407402,True,B1_technical_plus_macro_S5_000356,1,B1_technical_plus_macro,2018_2020
PAIRED_B1_technical_plus_macro,S5,953938,953971,2020-09-15T17:05:00,2020-09-15T17:38:00,2020-09-15T17:05:00,2020-09-15T17:38:00,903,1951.61,1953.9481428571428,2.338142857142884,2.877714285714319,take_profit,False,2.338142857142884,23.0,True,5.0,0.7523673807115939,0.6622690079985305,0.6461800128711979,1.0,,11.140525787170363,7.378024961651365,795.7518419407402,803.1298669023915,True,B1_technical_plus_macro_S5_000357,0,B1_technical_plus_macro,2018_2020
PAIRED_B1_technical_plus_macro,S5,955926,955940,2020-09-17T04:16:00,2020-09-17T04:30:00,2020-09-17T04:16:00,2020-09-17T04:30:00,907,1957.63,1959.13,1.5,1.4365714285714475,take_profit,False,1.5,23.0,True,5.0,0.9000514315103618,0.7320418309617609,0.7020401165780822,1.0,,11.243818136633482,8.23094521574223,803.1298669023915,811.3608121181338,True,B1_technical_plus_macro_S5_000358,0,B1_technical_plus_macro,2018_2020
PAIRED_B1_technical_plus_macro,S5,958492,958526,2020-09-21T01:06:00,2020-09-21T01:40:00,2020-09-21T01:06:00,2020-09-21T01:40:00,908,1947.39,1949.2545714285716,1.864571428571443,2.2948571428571607,take_profit,False,1.8645714285714803,44.0,True,5.0,0.6817801922273442,0.502611784371098,0.4843292937735218,1.0,,11.359051369653875,5.709193077664699,811.3608121181338,817.0700051957986,True,B1_technical_plus_macro_S5_000359,0,B1_technical_plus_macro,2018_2020
PAIRED_B1_technical_plus_macro,S5,959187,959193,2020-09-21T12:41:00,2020-09-21T12:47:00,2020-09-21T12:41:00,2020-09-21T12:47:00,912,1930.89,1929.298,1.5,1.5920000000000594,stop_loss,False,-1.5920000000000982,23.0,True,5.0,-0.8737650933040869,-1.0274423710208767,-1.054884742041732,1.0,,11.43898007274118,-11.752892807997757,817.0700051957986,805.3171123878008,False,B1_technical_plus_macro_S5_000360,0,B1_technical_plus_macro,2018_2020
PAIRED_B1_technical_plus_macro,S5,959467,959467,2020-09-21T17:21:00,2020-09-21T17:21:00,2020-09-21T17:21:00,2020-09-21T17:21:00,915,1903.82,1900.9891428571427,2.3000714285714903,2.830857142857219,stop_loss,False,-2.8308571428572122,23.0,True,5.0,-0.9248576495846165,-1.016335293568559,-1.0326705871371202,1.0,,11.27443957342921,-11.458610853682156,805.3171123878008,793.8585015341187,False,B1_technical_plus_macro_S5_000361,0,B1_technical_plus_macro,2018_2020
PAIRED_B1_technical_plus_macro,S5,959482,959484,2020-09-21T17:36:00,2020-09-21T17:38:00,2020-09-21T17:36:00,2020-09-21T17:38:00,915,1891.9,1886.6085714285714,4.299285714285731,5.291428571428593,stop_loss,False,-5.291428571428696,23.0,True,5.0,-0.9583441138421921,-1.009055627425633,-1.0181112548512474,1.0,live_post_loss_cap,11.114019021477661,-11.214663436937562,793.8585015341187,782.6438380971811,False,B1_technical_plus_macro_S5_000362,1,B1_technical_plus_macro,2018_2020
PAIRED_B1_technical_plus_macro,S5,959499,959499,2020-09-21T17:53:00,2020-09-21T17:53:00,2020-09-21T17:53:00,2020-09-21T17:53:00,919,1892.91,1896.1395714285716,3.229571428571426,3.9748571428571395,take_profit,False,3.2295714285714894,23.0,True,5.0,0.7680573486444398,0.7014676904260528,0.6895766800299123,1.0,live_post_loss_cap,10.957013733360535,7.6859911175069575,782.6438380971811,790.3298292146881,True,B1_technical_plus_macro_S5_000363,0,B1_technical_plus_macro,2018_2020
PAIRED_B1_technical_plus_macro,S5,959502,959503,2020-09-21T17:56:00,2020-09-21T17:57:00,2020-09-21T17:56:00,2020-09-21T17:57:00,920,1893.74,1896.7513571428572,3.0113571428571277,3.7062857142856958,take_profit,False,3.0113571428571504,23.0,True,5.0,0.7650250417362325,0.6938919939028867,0.6811896639326465,1.0,live_post_loss_cap,11.064617609005634,7.67764957448591,790.3298292146881,798.007478789174,True,B1_technical_plus_macro_S5_000364,0,B1_technical_plus_macro,2018_2020
PAIRED_B1_technical_plus_macro,S5,959508,959512,2020-09-21T18:02:00,2020-09-21T18:06:00,2020-09-21T18:02:00,2020-09-21T18:06:00,921,1900.34,1903.2807857142857,2.9407857142857,3.6194285714285535,take_profit,False,2.9407857142857665,23.0,True,5.0,0.7639538335931293,0.6912157648630762,0.6782268240184239,1.0,live_post_loss_cap,11.172104703048436,7.722334897447996,798.007478789174,805.729813686622,True,B1_technical_plus_macro_S5_000365,0,B1_technical_plus_macro,2018_2020
PAIRED_B1_technical_plus_macro,S5,959526,959531,2020-09-21T18:20:00,2020-09-21T18:25:00,2020-09-21T18:20:00,2020-09-21T18:25:00,922,1889.4,1892.4067142857143,3.006714285714296,3.7005714285714415,take_profit,False,3.0067142857142244,23.0,True,5.0,0.7649560223885841,0.6937195609507707,0.680998764265447,1.0,live_post_loss_cap,11.280217391612709,7.825307456338816,805.729813686622,813.5551211429608,True,B1_technical_plus_macro_S5_000366,0,B1_technical_plus_macro,2018_2020
PAIRED_B1_technical_plus_macro,S5,959532,959533,2020-09-21T18:26:00,2020-09-21T18:27:00,2020-09-21T18:26:00,2020-09-21T18:27:00,922,1891.25,1894.582642857143,3.332642857142845,4.101714285714271,take_profit,False,3.3326428571429005,23.0,True,5.0,0.7693588813402935,0.7047193456896106,0.6931765714662744,1.0,live_post_loss_cap,11.389771696001452,8.02659245716019,813.5551211429608,821.581713600121,True,B1_technical_plus_macro_S5_000367,1,B1_technical_plus_macro,2018_2020
PAIRED_B1_technical_plus_macro,S5,959571,959578,2020-09-21T19:05:00,2020-09-21T19:12:00,2020-09-21T19:05:00,2020-09-21T19:12:00,923,1903.67,1901.1568571428572,2.0419285714285724,2.5131428571428582,stop_loss,False,-2.5131428571428387,23.0,True,5.0,-0.9161545672325728,-1.0182272679929103,-1.0364545359858277,1.0,live_post_loss_cap,11.502143990401695,-11.71179665140779,821.581713600121,809.8699169487132,False,B1_technical_plus_macro_S5_000368,0,B1_technical_plus_macro,2018_2020
PAIRED_B1_technical_plus_macro,S5,960058,960061,2020-09-22T04:13:00,2020-09-22T04:16:00,2020-09-22T04:13:00,2020-09-22T04:16:00,924,1914.83,1912.9534285714285,1.5247142857143348,1.876571428571489,stop_loss,False,-1.876571428571424,23.0,True,5.0,-0.8908178489081506,-1.023735250237321,-1.0474705004746727,1.0,,11.338178837281985,-11.60729334922037,809.8699169487132,798.2626235994928,False,B1_technical_plus_macro_S5_000369,0,B1_technical_plus_macro,2018_2020
PAIRED_B1_technical_plus_macro,S5,960077,960079,2020-09-22T04:32:00,2020-09-22T04:34:00,2020-09-22T04:32:00,2020-09-22T04:34:00,925,1910.95,1912.9807857142857,2.030785714285725,2.499428571428585,take_profit,False,2.0307857142856847,23.0,True,5.0,0.7440332879723501,0.6414477127603754,0.6231288600439513,1.0,live_post_loss_cap,11.1756767303929,7.168612277259875,798.2626235994928,805.4312358767527,True,B1_technical_plus_macro_S5_000370,0,B1_technical_plus_macro,2018_2020
PAIRED_B1_technical_plus_macro,S5,960080,960088,2020-09-22T04:35:00,2020-09-22T04:43:00,2020-09-22T04:35:00,2020-09-22T04:43:00,925,1913.26,1910.9662857142857,1.8636428571429144,2.293714285714356,stop_loss,False,-2.293714285714259,23.0,True,5.0,-0.9088644854522452,-1.0198120683799,-1.0396241367598382,1.0,live_post_loss_cap,11.276037302274538,-11.499438924361504,805.4312358767527,793.9317969523912,False,B1_technical_plus_macro_S5_000371,1,B1_technical_plus_macro,2018_2020
PAIRED_B1_technical_plus_macro,S5,961426,961427,2020-09-23T04:02:00,2020-09-23T04:03:00,2020-09-23T04:02:00,2020-09-23T04:03:00,930,1903.37,1901.7174285714284,1.5,1.652571428571459,stop_loss,False,-1.6525714285714912,23.0,True,5.0,-0.8778266808317082,-1.026559417210519,-1.053118834421021,1.0,,11.115045157333476,-11.410254278980855,793.9317969523912,782.5215426734104,False,B1_technical_plus_macro_S5_000372,0,B1_technical_plus_macro,2018_2020
PAIRED_B1_technical_plus_macro,S5,961452,961460,2020-09-23T04:28:00,2020-09-23T04:36:00,2020-09-23T04:28:00,2020-09-23T04:36:00,931,1902.15,1903.65,1.5,1.4537142857143408,take_profit,False,1.5,23.0,True,5.0,0.8908874936364888,0.7245884948243442,0.6948922450364612,1.0,live_post_loss_cap,10.955301597427747,7.938085494826904,782.5215426734104,790.4596281682373,True,B1_technical_plus_macro_S5_000373,0,B1_technical_plus_macro,2018_2020
PAIRED_B1_technical_plus_macro,S5,962513,962515,2020-09-23T22:09:00,2020-09-23T22:11:00,2020-09-23T22:09:00,2020-09-23T22:11:00,939,1858.48,1860.4940714285715,2.014071428571434,2.4788571428571493,take_profit,False,2.0140714285714694,23.0,True,5.0,0.7435133424744358,0.6401487184896243,0.621690749920908,1.0,,11.066434794355322,7.084164051855549,790.4596281682373,797.5437922200928,True,B1_technical_plus_macro_S5_000374,0,B1_technical_plus_macro,2018_2020
PAIRED_B1_technical_plus_macro,S5,962703,962724,2020-09-24T02:20:00,2020-09-24T02:41:00,2020-09-24T02:20:00,2020-09-24T02:41:00,940,1854.47,1855.97,1.5,1.6811428571428355,take_profit,False,1.5,23.0,True,5.0,0.7848706832112512,0.6383614890118177,0.6121991329047759,1.0,,11.1656130910813,7.1276973985525025,797.5437922200928,804.6714896186453,True,B1_technical_plus_macro_S5_000375,0,B1_technical_plus_macro,2018_2020
PAIRED_B1_technical_plus_macro,S5,962807,962812,2020-09-24T04:04:00,2020-09-24T04:09:00,2020-09-24T04:04:00,2020-09-24T04:09:00,941,1863.51,1861.5442857142857,1.5971428571428825,1.9657142857143168,stop_loss,False,-1.9657142857142844,23.0,True,5.0,-0.8952504879635521,-1.0227716330513839,-1.0455432661027824,1.0,,11.265400854661035,-11.521932429100122,804.6714896186453,793.1495571895451,False,B1_technical_plus_macro_S5_000376,0,B1_technical_plus_macro,2018_2020
PAIRED_B1_technical_plus_macro,S5,962828,962843,2020-09-24T04:25:00,2020-09-24T04:40:00,2020-09-24T04:25:00,2020-09-24T04:40:00,942,1867.93,1866.034,1.5404999999999713,1.8959999999999646,stop_loss,False,-1.8959999999999582,23.0,True,5.0,-0.891815616180616,-1.023518344308558,-1.047036688617119,0.5,live_post_loss_cap;live_rolling_pf,5.5520469003268165,-5.6826218509459645,793.1495571895451,787.4669353385991,False,B1_technical_plus_macro_S5_000377,0,B1_technical_plus_macro,2018_2020
PAIRED_B1_technical_plus_macro,S5,965387,965394,2020-09-28T01:07:00,2020-09-28T01:14:00,2020-09-28T01:07:00,2020-09-28T01:14:00,945,1862.55,1864.05,1.5,1.7611428571429184,take_profit,False,1.5,37.0,True,5.0,0.7038477007641573,0.5067703445501932,0.48330875452472133,0.5,live_rolling_pf,5.512268547370194,2.7934542310039863,787.4669353385991,790.2603895696031,True,B1_technical_plus_macro_S5_000378,0,B1_technical_plus_macro,2018_2020
PAIRED_B1_technical_plus_macro,S5,965395,965402,2020-09-28T01:15:00,2020-09-28T01:22:00,2020-09-28T01:15:00,2020-09-28T01:22:00,946,1863.53,1865.03,1.5,1.6480000000000083,take_profit,False,1.5,38.0,True,5.0,0.7396449704141981,0.5276134122287947,0.5029585798816547,0.5,live_rolling_pf,5.531822726987222,2.9186638648305245,790.2603895696031,793.1790534344336,True,B1_technical_plus_macro_S5_000379,0,B1_technical_plus_macro,2018_2020
PAIRED_B1_technical_plus_macro,S5,965571,965595,2020-09-28T04:11:00,2020-09-28T04:35:00,2020-09-28T04:11:00,2020-09-28T04:35:00,947,1860.63,1859.295142857143,1.5,1.3348571428571763,stop_loss,False,-1.3348571428571177,23.0,True,5.0,-0.8530217272228979,-1.0319517984297593,-1.0639035968595558,0.5,live_rolling_pf,5.552253374041036,-5.7296578546793455,793.1790534344336,787.4493955797543,False,B1_technical_plus_macro_S5_000380,0,B1_technical_plus_macro,2018_2020
PAIRED_B1_technical_plus_macro,S5,966003,966005,2020-09-28T11:23:00,2020-09-28T11:25:00,2020-09-28T11:23:00,2020-09-28T11:25:00,949,1854.0,1855.5,1.5,1.6845714285714557,take_profit,False,1.5,23.0,True,5.0,0.7834651544545479,0.6372183256230323,0.6111028204745473,0.5,live_rolling_pf,5.5121457690582805,3.512440297549399,787.4493955797543,790.9618358773037,True,B1_technical_plus_macro_S5_000381,0,B1_technical_plus_macro,2018_2020
PAIRED_B1_technical_plus_macro,S5,966027,966028,2020-09-28T11:47:00,2020-09-28T11:48:00,2020-09-28T11:47:00,2020-09-28T11:48:00,950,1849.59,1851.1843571428572,1.5943571428571284,1.9622857142856966,take_profit,False,1.594357142857234,23.0,True,5.0,0.7272579173726527,0.5995373387202341,0.5767300925323021,0.5,live_rolling_pf,5.536732851141125,3.3194780787780442,790.9618358773037,794.2813139560817,True,B1_technical_plus_macro_S5_000382,0,B1_technical_plus_macro,2018_2020
PAIRED_B1_technical_plus_macro,S5,970490,970491,2020-10-01T17:13:00,2020-10-01T17:14:00,2020-10-01T17:13:00,2020-10-01T17:14:00,951,1896.61,1899.3715714285713,2.7615714285714716,3.398857142857196,take_profit,False,2.761571428571415,23.0,True,5.0,0.7610030706243454,0.6838437918274013,0.67006534918509,0.5,live_rolling_pf,5.559969197692572,3.8021504185936426,794.2813139560817,798.0834643746754,True,B1_technical_plus_macro_S5_000383,0,B1_technical_plus_macro,2018_2020
PAIRED_B1_technical_plus_macro,S5,972286,972291,2020-10-05T01:12:00,2020-10-05T01:17:00,2020-10-05T01:12:00,2020-10-05T01:17:00,953,1901.14,1899.3171428571432,1.5,1.8228571428570441,stop_loss,False,-1.8228571428569467,29.0,True,5.0,-0.8627450980391632,-1.0236646382690557,-1.0473292765381577,0.5,live_rolling_pf,5.586584250622728,-5.718788746073319,798.0834643746754,792.3646756286021,False,B1_technical_plus_macro_S5_000384,0,B1_technical_plus_macro,2018_2020
PAIRED_B1_technical_plus_macro,S5,974915,974963,2020-10-06T22:03:00,2020-10-06T22:51:00,2020-10-06T22:03:00,2020-10-06T22:51:00,956,1893.49,1888.9071428571428,3.723571428571378,4.582857142857081,stop_loss,False,-4.582857142857165,23.0,True,5.0,-0.9522113386761819,-1.0103888394182425,-1.0207776788364678,0.5,live_rolling_pf,5.546552729400215,-5.604174975030769,792.3646756286021,786.7605006535713,False,B1_technical_plus_macro_S5_000385,0,B1_technical_plus_macro,2018_2020
PAIRED_B1_technical_plus_macro,S5,983496,983506,2020-10-15T04:13:00,2020-10-15T04:23:00,2020-10-15T04:13:00,2020-10-15T04:23:00,960,1896.48,1894.729142857143,1.5,1.7508571428571096,stop_loss,False,-1.7508571428570576,23.0,True,5.0,-0.8838886484926878,-1.0252415981537317,-1.0504831963074894,0.5,live_rolling_pf,5.507323504574999,-5.646337151380083,786.7605006535713,781.1141635021912,False,B1_technical_plus_macro_S5_000386,0,B1_technical_plus_macro,2018_2020
PAIRED_B1_technical_plus_macro,S5,992962,992968,2020-10-26T00:09:00,2020-10-26T00:15:00,2020-10-26T00:09:00,2020-10-26T00:15:00,967,1899.7,1898.3411428571428,1.5,1.3588571428571803,stop_loss,False,-1.3588571428572322,23.0,True,5.0,-0.8552418629743214,-1.0314691602230135,-1.0629383204459941,0.5,live_rolling_pf,5.467799144515339,-5.639866191861348,781.1141635021912,775.4742973103299,False,B1_technical_plus_macro_S5_000387,0,B1_technical_plus_macro,2018_2020
PAIRED_B1_technical_plus_macro,S5,992985,992994,2020-10-26T00:32:00,2020-10-26T00:41:00,2020-10-26T00:32:00,2020-10-26T00:41:00,969,1898.64,1897.1885714285715,1.5,1.4514285714285506,stop_loss,False,-1.4514285714285506,23.0,True,5.0,-0.8632115548003382,-1.0297366185216656,-1.0594732370433313,0.5,live_post_loss_cap;live_rolling_pf,5.428320081172309,-5.5897399646396275,775.4742973103299,769.8845573456903,False,B1_technical_plus_macro_S5_000388,0,B1_technical_plus_macro,2018_2020
PAIRED_B1_technical_plus_macro,S5,993012,993013,2020-10-26T00:59:00,2020-10-26T01:00:00,2020-10-26T00:59:00,2020-10-26T01:00:00,970,1892.88,1894.38,1.5,1.5462857142857114,take_profit,False,1.5,23.0,True,5.0,0.8444587421585988,0.686826443622327,0.658677818883707,0.5,live_post_loss_cap;live_rolling_pf,5.389191901419832,3.70143950765043,769.8845573456903,773.5859968533407,True,B1_technical_plus_macro_S5_000389,0,B1_technical_plus_macro,2018_2020
PAIRED_B1_technical_plus_macro,S5,993014,993018,2020-10-26T01:01:00,2020-10-26T01:05:00,2020-10-26T01:01:00,2020-10-26T01:05:00,970,1894.53,1896.03,1.5,1.686857142857116,take_profit,False,1.5,23.0,True,5.0,0.7825309286033796,0.6364584885974154,0.6103741243106361,0.5,live_post_loss_cap;live_rolling_pf,5.415101977973385,3.446487620501815,773.5859968533407,777.0324844738425,True,B1_technical_plus_macro_S5_000390,1,B1_technical_plus_macro,2018_2020
PAIRED_B1_technical_plus_macro,S5,993020,993035,2020-10-26T01:07:00,2020-10-26T01:22:00,2020-10-26T01:07:00,2020-10-26T01:22:00,972,1896.01,1897.51,1.5,1.8274285714286245,take_profit,False,1.5,23.0,True,5.0,0.7290654075822613,0.5929731981669059,0.5686710179141639,0.5,live_post_loss_cap;live_rolling_pf,5.439227391316898,3.2253160617862173,777.0324844738425,780.2578005356287,True,B1_technical_plus_macro_S5_000391,0,B1_technical_plus_macro,2018_2020
PAIRED_B1_technical_plus_macro,S5,999980,999983,2020-11-02T03:13:00,2020-11-02T03:16:00,2020-11-02T03:13:00,2020-11-02T03:16:00,980,1877.68,1879.18,1.5,1.276571428571437,take_profit,False,1.5,23.0,True,5.0,0.9956381566470645,0.8097857007396124,0.7765977621847102,0.5,live_rolling_pf,5.461804603749401,4.42289126835005,780.2578005356287,784.6806918039788,True,B1_technical_plus_macro_S5_000392,0,B1_technical_plus_macro,2018_2020
PAIRED_B1_technical_plus_macro,S5,1002627,1002635,2020-11-04T01:22:00,2020-11-04T01:30:00,2020-11-04T01:22:00,2020-11-04T01:30:00,981,1912.73,1914.4125714285715,1.6825714285714395,2.0708571428571565,take_profit,False,1.682571428571464,23.0,True,5.0,0.7312802682230335,0.6095864895070278,0.5878554575934553,0.5,live_rolling_pf,5.492764842627851,3.3483152381051338,784.6806918039788,788.0290070420839,True,B1_technical_plus_macro_S5_000393,0,B1_technical_plus_macro,2018_2020
PAIRED_B1_technical_plus_macro,S5,1002695,1002697,2020-11-04T02:30:00,2020-11-04T02:32:00,2020-11-04T02:30:00,2020-11-04T02:32:00,982,1911.38,1909.4920000000002,1.5339999999999983,1.887999999999998,stop_loss,False,-1.88799999999992,23.0,True,5.0,-0.8914069877242312,-1.0236071765816441,-1.047214353163325,0.5,live_rolling_pf,5.516203049294587,-5.646425028739488,788.0290070420839,782.3825820133444,False,B1_technical_plus_macro_S5_000394,0,B1_technical_plus_macro,2018_2020
PAIRED_B1_technical_plus_macro,S5,1002720,1002723,2020-11-04T02:55:00,2020-11-04T02:58:00,2020-11-04T02:55:00,2020-11-04T02:58:00,984,1906.25,1903.8214285714284,1.9732142857143067,2.4285714285714546,stop_loss,False,-2.4285714285715585,23.0,True,5.0,-0.9134873723804806,-1.0188070929608128,-1.0376141859215864,0.5,live_post_loss_cap;live_rolling_pf,5.476678074093411,-5.579678467749331,782.3825820133444,776.8029035455951,False,B1_technical_plus_macro_S5_000395,0,B1_technical_plus_macro,2018_2020
PAIRED_B1_technical_plus_macro,S5,1002748,1002750,2020-11-04T03:23:00,2020-11-04T03:25:00,2020-11-04T03:23:00,2020-11-04T03:25:00,986,1904.73,1902.3082857142858,1.967642857142841,2.421714285714266,stop_loss,False,-2.421714285714188,29.0,True,5.0,-0.8930565799177873,-1.0184385207037958,-1.036877041407621,0.5,live_post_loss_cap;live_rolling_pf,5.437620324819166,-5.537881999757725,776.8029035455951,771.2650215458374,False,B1_technical_plus_macro_S5_000396,0,B1_technical_plus_macro,2018_2020
PAIRED_B1_technical_plus_macro,S5,1002806,1002809,2020-11-04T04:21:00,2020-11-04T04:24:00,2020-11-04T04:21:00,2020-11-04T04:24:00,989,1898.12,1895.9245714285714,1.7837857142856333,2.195428571428472,stop_loss,False,-2.195428571428465,23.0,True,5.0,-0.9051713982801206,-1.0206149134173619,-1.0412298268347262,0.5,live_post_loss_cap;live_rolling_pf,5.398855150820862,-5.510152082307912,771.2650215458374,765.7548694635294,False,B1_technical_plus_macro_S5_000397,0,B1_technical_plus_macro,2018_2020
PAIRED_B1_technical_plus_macro,S5,1002826,1002831,2020-11-04T04:41:00,2020-11-04T04:46:00,2020-11-04T04:41:00,2020-11-04T04:46:00,991,1887.13,1890.618642857143,3.4886428571428305,4.293714285714253,take_profit,False,3.4886428571428496,23.0,True,5.0,0.7711899197877888,0.7092938798711586,0.6982410156003318,0.5,live_post_loss_cap;live_rolling_pf,5.360284086244706,3.8020166967441353,765.7548694635294,769.5568861602735,True,B1_technical_plus_macro_S5_000398,0,B1_technical_plus_macro,2018_2020
PAIRED_B1_technical_plus_macro,S5,1002833,1002838,2020-11-04T04:48:00,2020-11-04T04:53:00,2020-11-04T04:48:00,2020-11-04T04:53:00,992,1891.36,1894.7539285714286,3.3939285714285674,4.177142857142853,take_profit,False,3.39392857142866,32.0,True,5.0,0.7546855146124727,0.6724110546378855,0.6612928843710495,0.5,live_post_loss_cap;live_rolling_pf,5.386898203121914,3.622209901988137,769.5568861602735,773.1790960622617,True,B1_technical_plus_macro_S5_000399,0,B1_technical_plus_macro,2018_2020
PAIRED_B1_technical_plus_macro,S5,1002839,1002854,2020-11-04T04:54:00,2020-11-04T05:09:00,2020-11-04T04:54:00,2020-11-04T05:09:00,992,1894.49,1897.3472142857142,2.857214285714263,3.5165714285714005,take_profit,False,2.8572142857142353,23.0,True,5.0,0.7626210630671775,0.6878860672614878,0.6745405322961862,0.5,live_post_loss_cap;live_rolling_pf,5.412253672435832,3.7230138937534294,773.1790960622617,776.9021099560151,True,B1_technical_plus_macro_S5_000400,1,B1_technical_plus_macro,2018_2020
PAIRED_B1_technical_plus_macro,S5,1005494,1005510,2020-11-06T03:11:00,2020-11-06T03:27:00,2020-11-06T03:11:00,2020-11-06T03:27:00,997,1939.73,1941.23,1.5,1.6640000000000197,take_profit,False,1.5,23.0,True,5.0,0.7919746568109738,0.644139387539592,0.6177402323125596,0.5,live_rolling_pf,5.438314769692106,3.50303274499699,776.9021099560151,780.4051427010121,True,B1_technical_plus_macro_S5_000401,0,B1_technical_plus_macro,2018_2020
PAIRED_B1_technical_plus_macro,S5,1006750,1006751,2020-11-09T01:09:00,2020-11-09T01:10:00,2020-11-09T01:09:00,2020-11-09T01:10:00,998,1956.61,1958.1105714285713,1.500571428571394,1.8468571428571003,take_profit,False,1.5005714285714475,26.0,True,5.0,0.712232167073525,0.5650935720097845,0.541361540547891,0.5,live_rolling_pf,5.462835998907085,3.087013507926044,780.4051427010121,783.4921562089381,True,B1_technical_plus_macro_S5_000402,0,B1_technical_plus_macro,2018_2020
PAIRED_B1_technical_plus_macro,S5,1007823,1007825,2020-11-09T19:02:00,2020-11-09T19:04:00,2020-11-09T19:02:00,2020-11-09T19:04:00,1007,1860.55,1862.4247857142857,1.8747857142857194,2.3074285714285776,take_profit,False,1.8747857142857356,23.0,True,5.0,0.7388526066884425,0.6285046728972031,0.6087996847201961,0.5,live_rolling_pf,5.484445093462567,3.4469993694893613,783.4921562089381,786.9391555784275,True,B1_technical_plus_macro_S5_000403,0,B1_technical_plus_macro,2018_2020
PAIRED_B1_technical_plus_macro,S5,1007832,1007837,2020-11-09T19:11:00,2020-11-09T19:16:00,2020-11-09T19:11:00,2020-11-09T19:16:00,1009,1862.94,1864.8918571428571,1.9518571428571836,2.4022857142857643,take_profit,False,1.9518571428570795,23.0,True,5.0,0.7415065668077334,0.635135135135099,0.6161402366221285,0.5,live_rolling_pf,5.5085740890489925,3.498688948449837,786.9391555784275,790.4378445268774,True,B1_technical_plus_macro_S5_000404,0,B1_technical_plus_macro,2018_2020
PAIRED_B1_technical_plus_macro,S5,1007840,1007850,2020-11-09T19:19:00,2020-11-09T19:29:00,2020-11-09T19:19:00,2020-11-09T19:29:00,1011,1866.54,1864.569714285714,1.600857142857186,1.9702857142857675,stop_loss,False,-1.9702857142858647,23.0,True,5.0,-0.8954681210232904,-1.0227243215167299,-1.0454486430334153,0.5,live_rolling_pf,5.533064911688141,-5.658800057714279,790.4378445268774,784.7790444691631,False,B1_technical_plus_macro_S5_000405,0,B1_technical_plus_macro,2018_2020
PAIRED_B1_technical_plus_macro,S5,1016526,1016536,2020-11-18T03:14:00,2020-11-18T03:24:00,2020-11-18T03:14:00,2020-11-18T03:24:00,1018,1877.43,1878.93,1.5,1.7188571428571646,take_profit,False,1.5,22.0,True,5.0,0.7736516357205926,0.6343943412908859,0.6086059534335327,0.5,live_rolling_pf,5.493453311284141,3.4850156948243387,784.7790444691631,788.2640601639874,True,B1_technical_plus_macro_S5_000406,0,B1_technical_plus_macro,2018_2020
PAIRED_B1_technical_plus_macro,S5,1017096,1017097,2020-11-18T12:44:00,2020-11-18T12:45:00,2020-11-18T12:44:00,2020-11-18T12:45:00,1019,1872.95,1874.45,1.5,1.554285714285704,take_profit,False,1.5,24.0,True,5.0,0.8359872611465016,0.6743630573248446,0.6464968152866278,0.5,live_rolling_pf,5.517848421147912,3.7210331311403726,788.2640601639874,791.9850932951279,True,B1_technical_plus_macro_S5_000407,0,B1_technical_plus_macro,2018_2020
PAIRED_B1_technical_plus_macro,S5,1021493,1021531,2020-11-23T17:05:00,2020-11-23T17:43:00,2020-11-23T17:05:00,2020-11-23T17:43:00,1024,1841.15,1835.5877142857144,4.519357142857128,5.5622857142856965,stop_loss,False,-5.562285714285736,14.0,True,5.0,-0.9754484417276349,-1.0087684136687114,-1.0175368273374155,0.5,live_rolling_pf,5.543895653065895,-5.592506823488147,791.9850932951279,786.3925864716397,False,B1_technical_plus_macro_S5_000408,0,B1_technical_plus_macro,2018_2020
PAIRED_B1_technical_plus_macro,S5,1021972,1021974,2020-11-24T02:05:00,2020-11-24T02:07:00,2020-11-24T02:05:00,2020-11-24T02:07:00,1027,1832.86,1831.6245714285712,1.5,1.2354285714286173,stop_loss,False,-1.2354285714286561,28.0,True,5.0,-0.8152337858220523,-1.032993966817521,-1.065987933635016,0.5,live_rolling_pf,5.504748105301478,-5.686371581626607,786.3925864716397,780.706214890013,False,B1_technical_plus_macro_S5_000409,0,B1_technical_plus_macro,2018_2020
PAIRED_B1_technical_plus_macro,S5,1022038,1022044,2020-11-24T03:11:00,2020-11-24T03:17:00,2020-11-24T03:11:00,2020-11-24T03:17:00,1029,1834.6,1833.0605714285714,1.5,1.5394285714285747,stop_loss,False,-1.539428571428516,25.0,True,5.0,-0.8602905955612001,-1.0279418808877208,-1.0558837617754742,0.5,live_post_loss_cap;live_rolling_pf,5.464943504230091,-5.617644304683412,780.706214890013,775.0885705853296,False,B1_technical_plus_macro_S5_000410,0,B1_technical_plus_macro,2018_2020
PAIRED_B1_technical_plus_macro,S5,1022060,1022063,2020-11-24T03:33:00,2020-11-24T03:36:00,2020-11-24T03:33:00,2020-11-24T03:36:00,1030,1831.48,1829.624,1.508000000000022,1.856000000000027,stop_loss,False,-1.8559999999999945,24.0,True,5.0,-0.885496183206093,-1.0238549618320454,-1.047709923664106,0.5,live_post_loss_cap;live_rolling_pf,5.425619994097308,-5.555047951971681,775.0885705853296,769.533522633358,False,B1_technical_plus_macro_S5_000411,0,B1_technical_plus_macro,2018_2020
PAIRED_B1_technical_plus_macro,S5,1022079,1022081,2020-11-24T03:52:00,2020-11-24T03:54:00,2020-11-24T03:52:00,2020-11-24T03:54:00,1031,1828.34,1826.837142857143,1.5,1.5028571428570754,stop_loss,False,-1.5028571428570103,26.0,True,5.0,-0.8525121555915296,-1.028363047001585,-1.0567260940032066,0.5,live_post_loss_cap;live_rolling_pf,5.386734658433506,-5.539518866735722,769.533522633358,763.9940037666222,False,B1_technical_plus_macro_S5_000412,0,B1_technical_plus_macro,2018_2020
PAIRED_B1_technical_plus_macro,S5,1022600,1022603,2020-11-24T12:33:00,2020-11-24T12:36:00,2020-11-24T12:33:00,2020-11-24T12:36:00,1034,1819.72,1817.9897142857144,1.5,1.7302857142857258,stop_loss,False,-1.7302857142856283,16.0,True,5.0,-0.9153567110035765,-1.0264510278113146,-1.052902055622681,0.5,live_rolling_pf,5.3479580263663555,-5.489417012855515,763.9940037666222,758.5045867537667,False,B1_technical_plus_macro_S5_000413,0,B1_technical_plus_macro,2018_2020
PAIRED_B1_technical_plus_macro,S5,1022624,1022624,2020-11-24T12:57:00,2020-11-24T12:57:00,2020-11-24T12:57:00,2020-11-24T12:57:00,1036,1813.62,1811.7571428571428,1.5135714285714243,1.8628571428571377,stop_loss,False,-1.8628571428571377,23.0,True,5.0,-0.890102389078498,-1.0238907849829353,-1.0477815699658706,0.5,live_post_loss_cap;live_rolling_pf,5.309532107276367,-5.436380997211298,758.5045867537667,753.0682057565555,False,B1_technical_plus_macro_S5_000414,0,B1_technical_plus_macro,2018_2020
PAIRED_B1_technical_plus_macro,S5,1023410,1023500,2020-11-25T03:04:00,2020-11-25T04:34:00,2020-11-25T03:04:00,2020-11-25T04:34:00,1037,1810.61,1810.94,1.5,1.5657142857142912,timeout,False,0.3300000000001546,36.0,True,5.0,0.17136498516328455,-0.041543026706151065,-0.06750741839754565,0.5,live_rolling_pf,5.271477440295889,-0.21899312808308496,753.0682057565555,752.8492126284724,False,B1_technical_plus_macro_S5_000415,0,B1_technical_plus_macro,2018_2020
PAIRED_B1_technical_plus_macro,S5,1026995,1027001,2020-11-30T01:13:00,2020-11-30T01:19:00,2020-11-30T01:13:00,2020-11-30T01:19:00,1042,1787.26,1785.9102857142857,1.5,1.3497142857143576,stop_loss,False,-1.349714285714299,26.0,True,5.0,-0.8384806531771096,-1.0310614128505124,-1.062122825701061,0.5,live_rolling_pf,5.2699444883993065,-5.43363640985276,752.8492126284724,747.4155762186197,False,B1_technical_plus_macro_S5_000416,0,B1_technical_plus_macro,2018_2020
PAIRED_B1_technical_plus_macro,S5,1027077,1027084,2020-11-30T02:35:00,2020-11-30T02:42:00,2020-11-30T02:35:00,2020-11-30T02:42:00,1043,1782.27,1780.9054285714285,1.5,1.3645714285713828,stop_loss,False,-1.3645714285714803,26.0,True,5.0,-0.8399577910658311,-1.0307773478720272,-1.061554695743994,0.5,live_post_loss_cap;live_rolling_pf,5.2319090335303375,-5.392933317890103,747.4155762186197,742.0226429007296,False,B1_technical_plus_macro_S5_000417,0,B1_technical_plus_macro,2018_2020
PAIRED_B1_technical_plus_macro,S5,1027208,1027214,2020-11-30T04:46:00,2020-11-30T04:52:00,2020-11-30T04:46:00,2020-11-30T04:52:00,1044,1776.8,1775.446857142857,1.5,1.3531428571428739,stop_loss,False,-1.3531428571429842,26.0,True,5.0,-0.8388239461566411,-1.0309953949699584,-1.061990789939848,0.5,live_rolling_pf,5.194158500305107,-5.355153494558631,742.0226429007296,736.667489406171,False,B1_technical_plus_macro_S5_000418,0,B1_technical_plus_macro,2018_2020
PAIRED_B1_technical_plus_macro,S5,1027696,1027705,2020-11-30T12:54:00,2020-11-30T13:03:00,2020-11-30T12:54:00,2020-11-30T13:03:00,1050,1766.72,1768.22,1.5,1.7028571428571793,take_profit,False,1.5,26.0,True,5.0,0.7641921397379771,0.6062590975254618,0.5807860262008626,0.5,live_rolling_pf,5.156672425843197,3.12627957112613,736.667489406171,739.7937689772971,True,B1_technical_plus_macro_S5_000419,0,B1_technical_plus_macro,2018_2020
PAIRED_B1_technical_plus_macro,S5,1037596,1037615,2020-12-09T17:02:00,2020-12-09T17:21:00,2020-12-09T17:02:00,2020-12-09T17:21:00,1054,1842.82,1839.5765714285715,2.6352857142857036,3.243428571428558,stop_loss,False,-3.243428571428467,26.0,True,5.0,-0.9257869841787373,-1.0142717338117502,-1.0285434676235266,0.5,live_rolling_pf,5.178556382841079,-5.252463361066127,739.7937689772971,734.5413056162309,False,B1_technical_plus_macro_S5_000420,0,B1_technical_plus_macro,2018_2020
PAIRED_B1_technical_plus_macro,S5,1040773,1040801,2020-12-14T01:03:00,2020-12-14T01:31:00,2020-12-14T01:03:00,2020-12-14T01:31:00,1057,1836.27,1837.77,1.5,1.565714285714343,take_profit,False,1.5,32.0,True,5.0,0.7954545454545213,0.599242424242406,0.5727272727272554,0.5,live_rolling_pf,5.141789139313617,3.0811781887855663,734.5413056162309,737.6224838050165,True,B1_technical_plus_macro_S5_000421,0,B1_technical_plus_macro,2018_2020
PAIRED_B1_technical_plus_macro,S5,1041461,1041468,2020-12-14T12:31:00,2020-12-14T12:38:00,2020-12-14T12:31:00,2020-12-14T12:38:00,1061,1822.04,1823.6724285714286,1.6324285714285436,2.0091428571428227,take_profit,False,1.6324285714285907,26.0,True,5.0,0.7194031730043003,0.5827877109040717,0.5607529589524219,0.5,live_rolling_pf,5.1633573866351155,3.0091412319367086,737.6224838050165,740.6316250369532,True,B1_technical_plus_macro_S5_000422,0,B1_technical_plus_macro,2018_2020
PAIRED_B1_technical_plus_macro,S5,1041732,1041733,2020-12-14T17:02:00,2020-12-14T17:03:00,2020-12-14T17:02:00,2020-12-14T17:03:00,1063,1832.26,1830.3971428571429,1.5135714285714033,1.862857142857112,stop_loss,False,-1.8628571428571377,26.0,True,5.0,-0.8775235531628637,-1.02355316285331,-1.0471063257066078,0.5,live_rolling_pf,5.1844213752586725,-5.306530896210322,740.6316250369532,735.3250941407429,False,B1_technical_plus_macro_S5_000423,0,B1_technical_plus_macro,2018_2020
PAIRED_B1_technical_plus_macro,S5,1041751,1041752,2020-12-14T17:21:00,2020-12-14T17:22:00,2020-12-14T17:21:00,2020-12-14T17:22:00,1066,1825.85,1824.0957142857142,1.5,1.7542857142857038,stop_loss,False,-1.7542857142857429,26.0,True,5.0,-0.8709219858156216,-1.0248226950354806,-1.0496453900709417,0.5,live_post_loss_cap;live_rolling_pf,5.1472756589852,-5.275044912931742,735.3250941407429,730.0500492278111,False,B1_technical_plus_macro_S5_000424,0,B1_technical_plus_macro,2018_2020
PAIRED_B1_technical_plus_macro,S5,1044500,1044502,2020-12-16T17:12:00,2020-12-16T17:14:00,2020-12-16T17:12:00,2020-12-16T17:14:00,1068,1850.16,1852.1174285714287,1.9574285714285857,2.409142857142875,take_profit,False,1.9574285714286361,26.0,True,5.0,0.7333547420252816,0.6172125883108743,0.5984799828730668,0.5,live_rolling_pf,5.110350344594678,3.1541725633626494,730.0500492278111,733.2042217911737,True,B1_technical_plus_macro_S5_000425,0,B1_technical_plus_macro,2018_2020
PAIRED_B1_technical_plus_macro,S5,1044789,1044789,2020-12-16T22:01:00,2020-12-16T22:01:00,2020-12-16T22:01:00,2020-12-16T22:01:00,1073,1862.99,1860.884857142857,1.7104285714285572,2.1051428571428397,stop_loss,False,-2.105142857142937,26.0,True,5.0,-0.8900700652331883,-1.0211403720705896,-1.0422807441411381,0.5,live_rolling_pf,5.132429552538216,-5.240931022904964,733.2042217911737,727.9632907682687,False,B1_technical_plus_macro_S5_000426,0,B1_technical_plus_macro,2018_2020
PAIRED_B1_technical_plus_macro,S5,1048314,1048315,2020-12-21T11:50:00,2020-12-21T11:51:00,2020-12-21T11:50:00,2020-12-21T11:51:00,1076,1886.19,1888.8902857142857,2.7002857142856658,3.3234285714285114,take_profit,False,2.7002857142856556,26.0,True,5.0,0.7535480784563828,0.6670387498006646,0.6530856322755487,0.5,live_rolling_pf,5.095743035377882,3.399058063623906,727.9632907682687,731.3623488318926,True,B1_technical_plus_macro_S5_000427,0,B1_technical_plus_macro,2018_2020
PAIRED_B1_technical_plus_macro,S5,1048316,1048318,2020-12-21T11:52:00,2020-12-21T11:54:00,2020-12-21T11:52:00,2020-12-21T11:54:00,1076,1889.35,1885.6974285714284,2.9677142857142473,3.652571428571381,stop_loss,False,-3.652571428571491,26.0,True,5.0,-0.9335475390682324,-1.012779319409989,-1.0255586388199498,0.5,live_rolling_pf,5.119536441823248,-5.184960633244386,731.3623488318926,726.1773881986483,False,B1_technical_plus_macro_S5_000428,1,B1_technical_plus_macro,2018_2020
PAIRED_B1_technical_plus_macro,S5,1048341,1048426,2020-12-21T12:17:00,2020-12-21T13:42:00,2020-12-21T12:17:00,2020-12-21T13:42:00,1077,1872.43,1879.539142857143,7.109142857142874,8.749714285714306,take_profit,False,7.109142857142842,26.0,True,5.0,0.7890530855584414,0.7546457791589997,0.7490962136107026,0.5,live_post_loss_cap;live_rolling_pf,5.083241717390538,3.8360469064737144,726.1773881986483,730.013435105122,True,B1_technical_plus_macro_S5_000429,0,B1_technical_plus_macro,2018_2020
PAIRED_B1_technical_plus_macro,S5,1051389,1051390,2020-12-23T17:07:00,2020-12-23T17:08:00,2020-12-23T17:07:00,2020-12-23T17:08:00,1091,1872.84,1874.4092857142857,1.569285714285744,1.931428571428608,take_profit,False,1.5692857142857974,26.0,True,5.0,0.7161016949152803,0.574641460234709,0.5518252933507459,0.5,live_rolling_pf,5.1100940457358535,2.9364719043783425,730.013435105122,732.9499070095003,True,B1_technical_plus_macro_S5_000430,0,B1_technical_plus_macro,2018_2020
PAIRED_B1_technical_plus_macro,S5,1053893,1053902,2020-12-28T18:01:00,2020-12-28T18:10:00,2020-12-28T18:01:00,2020-12-28T18:10:00,1098,1880.05,1882.195,2.1449999999999916,2.63999999999999,take_profit,False,2.144999999999982,26.0,True,5.0,0.7396551724137894,0.6327586206896512,0.6155172413793063,0.5,live_rolling_pf,5.130649349066502,3.2464626053575762,732.9499070095003,736.1963696148579,True,B1_technical_plus_macro_S5_000431,0,B1_technical_plus_macro,2018_2020
PAIRED_B1_technical_plus_macro,S5,1069323,1069341,2021-01-14T04:34:00,2021-01-14T04:52:00,2021-01-14T04:34:00,2021-01-14T04:52:00,1099,1836.61,1839.5285,2.9185000000000274,3.592000000000034,take_profit,False,2.9184999999999945,31.0,True,5.0,0.7479497693490439,0.6556893900563743,0.6428754484879479,0.5,live_rolling_pf,5.153374587304005,3.3790130398813827,736.1963696148579,739.5753826547392,True,B1_technical_plus_macro_S5_000432,0,B1_technical_plus_macro,2021_2022
PAIRED_B1_technical_plus_macro,S5,1071917,1071923,2021-01-18T01:51:00,2021-01-18T01:57:00,2021-01-18T01:51:00,2021-01-18T01:57:00,1103,1815.21,1812.3917142857144,2.2898571428571084,2.818285714285672,stop_loss,False,-2.8182857142855937,32.0,True,5.0,-0.8980335032774683,-1.0159322651128668,-1.0318645302257585,0.5,live_rolling_pf,5.177027678583174,-5.259509456055011,739.5753826547392,734.3158731986842,False,B1_technical_plus_macro_S5_000433,0,B1_technical_plus_macro,2021_2022
PAIRED_B1_technical_plus_macro,S5,1221369,1221374,2021-06-18T23:01:00,2021-06-18T23:06:00,2021-06-18T23:01:00,2021-06-18T23:06:00,1114,1764.1,1761.9754285714284,1.7262142857142992,2.1245714285714454,stop_loss,False,-2.124571428571471,26.0,True,5.0,-0.8909657320872391,-1.0209681284447747,-1.0419362568895385,0.5,live_rolling_pf,5.14021111239079,-5.247991719228658,734.3158731986842,729.0678814794555,False,B1_technical_plus_macro_S5_000434,0,B1_technical_plus_macro,2021_2022
PAIRED_B1_technical_plus_macro,S5,1273178,1273192,2021-08-11T17:23:00,2021-08-11T17:37:00,2021-08-11T17:23:00,2021-08-11T17:37:00,1124,1742.3,1743.8,1.5,1.7565714285714162,take_profit,False,1.5,25.0,True,5.0,0.7475437847073946,0.5980350277659157,0.5731169016090025,0.5,live_rolling_pf,5.103475170356189,3.0520569152066246,729.0678814794555,732.1199383946622,True,B1_technical_plus_macro_S5_000435,0,B1_technical_plus_macro,2021_2022
PAIRED_B1_technical_plus_macro,S5,1306003,1306013,2021-09-14T17:01:00,2021-09-14T17:11:00,2021-09-14T17:01:00,2021-09-14T17:11:00,1125,1793.0,1794.5785714285714,1.5785714285713863,1.9428571428570909,take_profit,False,1.578571428571422,25.0,True,5.0,0.7198697068404051,0.5830618892508252,0.5602605863192286,0.5,live_rolling_pf,5.124839568762636,2.988098641070127,732.1199383946622,735.1080370357323,True,B1_technical_plus_macro_S5_000436,0,B1_technical_plus_macro,2021_2022
PAIRED_B1_technical_plus_macro,S5,1316041,1316042,2021-09-23T23:27:00,2021-09-23T23:28:00,2021-09-23T23:27:00,2021-09-23T23:28:00,1126,1743.38,1741.678285714286,1.5,1.7017142857142713,stop_loss,False,-1.7017142857141607,25.0,True,5.0,-0.8719074806030752,-1.0256185038793169,-1.0512370077586906,0.5,live_rolling_pf,5.145756259250127,-5.277582835939745,735.1080370357323,729.8304541997926,False,B1_technical_plus_macro_S5_000437,0,B1_technical_plus_macro,2021_2022
PAIRED_B1_technical_plus_macro,S5,1476040,1476040,2022-03-08T19:13:00,2022-03-08T19:13:00,2022-03-08T19:13:00,2022-03-08T19:13:00,1129,2052.25,2046.7540000000001,4.465499999999929,5.495999999999913,stop_loss,False,-5.495999999999867,18.0,True,5.0,-0.9682875264270527,-1.0088090204369196,-1.017618040873847,0.5,live_rolling_pf,5.108813179398548,-5.153816819104274,729.8304541997926,724.6766373806884,False,B1_technical_plus_macro_S5_000438,0,B1_technical_plus_macro,2021_2022
PAIRED_B1_technical_plus_macro,S5,1504097,1504105,2022-04-06T04:15:00,2022-04-06T04:23:00,2022-04-06T04:15:00,2022-04-06T04:23:00,1132,1921.47,1923.0365,1.5664999999999687,1.9279999999999615,take_profit,False,1.5664999999999054,18.0,True,5.0,0.7431214421252059,0.6340132827324145,0.6102941176470251,0.5,live_rolling_pf,5.072736461664818,3.2161822964965245,724.6766373806884,727.8928196771849,True,B1_technical_plus_macro_S5_000439,0,B1_technical_plus_macro,2021_2022
PAIRED_B1_technical_plus_macro,S5,1526947,1526949,2022-04-29T17:23:00,2022-04-29T17:25:00,2022-04-29T17:23:00,2022-04-29T17:25:00,1134,1909.85,1911.35,1.5,1.7862857142857789,take_profit,False,1.5,18.0,True,5.0,0.7628596338273508,0.645887823307157,0.6204591688462453,0.5,live_rolling_pf,5.0952497377402945,3.2909597623154414,727.8928196771849,731.1837794395003,True,B1_technical_plus_macro_S5_000440,0,B1_technical_plus_macro,2021_2022
PAIRED_B1_technical_plus_macro,S5,1539787,1539794,2022-05-13T01:35:00,2022-05-13T01:42:00,2022-05-13T01:35:00,2022-05-13T01:42:00,1138,1817.69,1819.664142857143,1.9741428571429198,2.429714285714363,take_profit,False,1.9741428571428514,18.0,True,5.0,0.7564593825267982,0.6683271294065907,0.6491679439456759,0.5,live_rolling_pf,5.118286456076502,3.4206896946702408,731.1837794395003,734.6044691341706,True,B1_technical_plus_macro_S5_000441,0,B1_technical_plus_macro,2021_2022
PAIRED_B1_technical_plus_macro,S5,1569933,1569933,2022-06-14T01:04:00,2022-06-14T01:04:00,2022-06-14T01:04:00,2022-06-14T01:04:00,1141,1814.05,1815.7984999999999,1.7484999999999933,2.1519999999999917,take_profit,False,1.7484999999999218,18.0,True,5.0,0.7497855917666929,0.65115780445966,0.6297169811320441,0.5,live_rolling_pf,5.142231283939195,3.348404032873624,734.6044691341706,737.9528731670442,True,B1_technical_plus_macro_S5_000442,0,B1_technical_plus_macro,2021_2022
PAIRED_B1_technical_plus_macro,S5,1582184,1582184,2022-06-27T01:01:00,2022-06-27T01:01:00,2022-06-27T01:01:00,2022-06-27T01:01:00,1142,1835.79,1833.8677142857143,1.5618571428570949,1.922285714285655,stop_loss,False,-1.9222857142856355,18.0,True,5.0,-0.9143789073117577,-1.023783636857833,-1.0475672737156756,0.5,live_rolling_pf,5.16567011216931,-5.288528534244506,737.9528731670442,732.6643446327997,False,B1_technical_plus_macro_S5_000443,0,B1_technical_plus_macro,2021_2022
PAIRED_B1_technical_plus_macro,S5,1668650,1668660,2022-09-21T22:34:00,2022-09-21T22:44:00,2022-09-21T22:34:00,2022-09-21T22:44:00,1147,1676.53,1673.6362857142858,2.3511428571428303,2.893714285714253,stop_loss,False,-2.893714285714168,12.0,True,5.0,-0.9601820250284128,-1.016590822904788,-1.0331816458096044,0.5,live_rolling_pf,5.128650412429598,-5.213738943162785,732.6643446327997,727.450605689637,False,B1_technical_plus_macro_S5_000444,0,B1_technical_plus_macro,2021_2022
PAIRED_B1_technical_plus_macro,S5,1669345,1669345,2022-09-22T11:10:00,2022-09-22T11:10:00,2022-09-22T11:10:00,2022-09-22T11:10:00,1148,1663.88,1665.852285714286,1.9722857142857153,2.427428571428573,take_profit,False,1.9722857142858174,12.0,True,5.0,0.7742261103634317,0.7074921489457556,0.6878645132346745,0.5,live_rolling_pf,5.092154239827459,3.6026591458987696,727.450605689637,731.0532648355357,True,B1_technical_plus_macro_S5_000445,0,B1_technical_plus_macro,2021_2022
PAIRED_B1_technical_plus_macro,S5,1771441,1771443,2023-01-06T18:07:00,2023-01-06T18:09:00,2023-01-06T18:07:00,2023-01-06T18:09:00,1150,1863.75,1862.3202857142858,1.5,1.4297142857142848,stop_loss,False,-1.4297142857142262,12.0,True,5.0,-0.922566371681378,-1.032264011799372,-1.0645280235987822,0.5,live_rolling_pf,5.11737285384875,-5.2824798319871125,731.0532648355357,725.7707850035487,False,B1_technical_plus_macro_S5_000446,0,B1_technical_plus_macro,2023_2024
PAIRED_B1_technical_plus_macro,S5,1776898,1776898,2023-01-12T17:09:00,2023-01-12T17:09:00,2023-01-12T17:09:00,2023-01-12T17:09:00,1155,1881.03,1882.8305,1.8004999999999671,2.21599999999996,take_profit,False,1.8005000000000564,12.0,True,5.0,0.7707619863014072,0.6979880136986663,0.6765839041096248,0.5,live_rolling_pf,5.080395495024841,3.546055160376041,725.7707850035487,729.3168401639247,True,B1_technical_plus_macro_S5_000447,0,B1_technical_plus_macro,2023_2024
PAIRED_B1_technical_plus_macro,S5,1776912,1776915,2023-01-12T17:23:00,2023-01-12T17:26:00,2023-01-12T17:23:00,2023-01-12T17:26:00,1156,1887.32,1889.5810714285712,2.2610714285714204,2.7828571428571327,take_profit,False,2.261071428571313,12.0,True,5.0,0.778912401574766,0.7203494094487816,0.7031249999999626,0.5,live_rolling_pf,5.105217881147473,3.677540685791942,729.3168401639247,732.9943808497167,True,B1_technical_plus_macro_S5_000448,0,B1_technical_plus_macro,2023_2024
PAIRED_B1_technical_plus_macro,S5,1776916,1776919,2023-01-12T17:27:00,2023-01-12T17:30:00,2023-01-12T17:27:00,2023-01-12T17:30:00,1156,1888.39,1886.0517142857143,1.8998571428571462,2.3382857142857185,stop_loss,False,-2.338285714285803,12.0,True,5.0,-0.9511854951185839,-1.020339377033972,-1.0406787540679097,0.5,live_rolling_pf,5.130960665948017,-5.235321209479213,732.9943808497167,727.7590596402374,False,B1_technical_plus_macro_S5_000449,1,B1_technical_plus_macro,2023_2024
PAIRED_B1_technical_plus_macro,S5,1776934,1776942,2023-01-12T17:45:00,2023-01-12T17:53:00,2023-01-12T17:45:00,2023-01-12T17:53:00,1157,1887.31,1888.8124285714287,1.5024285714286407,1.8491428571429425,take_profit,False,1.502428571428709,12.0,True,5.0,0.7629860708067692,0.6766540917005628,0.6512623331399139,0.5,live_post_loss_cap;live_rolling_pf,5.094313417481662,3.447088018344044,727.7590596402374,731.2061476585815,True,B1_technical_plus_macro_S5_000450,0,B1_technical_plus_macro,2023_2024
PAIRED_B1_technical_plus_macro,S5,1808462,1808473,2023-02-14T17:14:00,2023-02-14T17:25:00,2023-02-14T17:14:00,2023-02-14T17:25:00,1170,1864.16,1860.8777142857143,2.6668571428571455,3.2822857142857176,stop_loss,False,-3.282285714285763,12.0,True,5.0,-0.9647295935505675,-1.0146960026872822,-1.0293920053745513,0.5,live_rolling_pf,5.11844303361007,-5.193663686186705,731.2061476585815,726.0124839723948,False,B1_technical_plus_macro_S5_000451,0,B1_technical_plus_macro,2023_2024
PAIRED_B1_technical_plus_macro,S5,1808488,1808493,2023-02-14T17:40:00,2023-02-14T17:45:00,2023-02-14T17:40:00,2023-02-14T17:45:00,1173,1856.37,1854.307142857143,1.6760714285713612,2.06285714285706,stop_loss,False,-2.0628571428569558,12.0,True,5.0,-0.9450261780104212,-1.0229057591622566,-1.0458115183245613,0.5,live_post_loss_cap;live_rolling_pf,5.082087387806763,-5.198496457553406,726.0124839723948,720.8139875148413,False,B1_technical_plus_macro_S5_000452,0,B1_technical_plus_macro,2023_2024
PAIRED_B1_technical_plus_macro,S5,1808509,1808518,2023-02-14T18:01:00,2023-02-14T18:10:00,2023-02-14T18:01:00,2023-02-14T18:10:00,1173,1853.5,1851.1617142857142,1.8998571428571673,2.3382857142857443,stop_loss,False,-2.338285714285803,12.0,True,5.0,-0.9511854951185739,-1.0203393770339613,-1.0406787540678988,0.5,live_post_loss_cap;live_rolling_pf,5.045697912603889,-5.148324264847811,720.8139875148413,715.6656632499935,False,B1_technical_plus_macro_S5_000453,1,B1_technical_plus_macro,2023_2024
PAIRED_B1_technical_plus_macro,S5,1808534,1808534,2023-02-14T18:26:00,2023-02-14T18:26:00,2023-02-14T18:26:00,2023-02-14T18:26:00,1175,1851.73,1849.9951428571428,1.5,1.73485714285715,stop_loss,False,-1.7348571428572086,12.0,True,5.0,-0.9353049907578876,-1.0269562538509247,-1.053912507701818,0.5,live_post_loss_cap;live_rolling_pf,5.009659642749955,-5.1447012997866555,715.6656632499935,710.5209619502068,False,B1_technical_plus_macro_S5_000454,0,B1_technical_plus_macro,2023_2024
PAIRED_B1_technical_plus_macro,S5,1808549,1808549,2023-02-14T18:41:00,2023-02-14T18:41:00,2023-02-14T18:41:00,2023-02-14T18:41:00,1175,1844.39,1846.1217857142858,1.731785714285723,2.131428571428582,take_profit,False,1.7317857142857065,12.0,True,5.0,0.7691941624365412,0.6936865482233435,0.6714784263959325,0.5,live_post_loss_cap;live_rolling_pf,4.973646733651448,3.45015183474898,710.5209619502068,713.9711137849558,True,B1_technical_plus_macro_S5_000455,1,B1_technical_plus_macro,2023_2024
PAIRED_B1_technical_plus_macro,S5,1808550,1808552,2023-02-14T18:42:00,2023-02-14T18:44:00,2023-02-14T18:42:00,2023-02-14T18:44:00,1175,1845.66,1847.5022857142858,1.8422857142857278,2.2674285714285882,take_profit,False,1.8422857142857083,12.0,True,5.0,0.7716610818573401,0.7004547630445115,0.6795117280995618,0.5,live_post_loss_cap;live_rolling_pf,4.997797796494691,3.5007312712880703,713.9711137849558,717.4718450562439,True,B1_technical_plus_macro_S5_000456,2,B1_technical_plus_macro,2023_2024
PAIRED_B1_technical_plus_macro,S5,1808553,1808557,2023-02-14T18:45:00,2023-02-14T18:49:00,2023-02-14T18:45:00,2023-02-14T18:49:00,1175,1847.47,1849.3187857142857,1.8487857142857007,2.275428571428555,take_profit,False,1.8487857142856683,12.0,True,5.0,0.7717974713740319,0.7008289599236498,0.6799558683205962,0.5,live_post_loss_cap;live_rolling_pf,5.022302915393707,3.5197753286168862,717.4718450562439,720.9916203848608,True,B1_technical_plus_macro_S5_000457,3,B1_technical_plus_macro,2023_2024
PAIRED_B1_technical_plus_macro,S5,1808558,1808570,2023-02-14T18:50:00,2023-02-14T19:02:00,2023-02-14T18:50:00,2023-02-14T19:02:00,1175,1849.31,1851.0993571428571,1.7893571428571413,2.2022857142857126,take_profit,False,1.7893571428571704,12.0,True,5.0,0.7705155019685163,0.6973117618110359,0.6757812500000123,0.5,live_post_loss_cap;live_rolling_pf,5.0469413426940255,3.519291559430926,720.9916203848608,724.5109119442917,True,B1_technical_plus_macro_S5_000458,4,B1_technical_plus_macro,2023_2024
PAIRED_B1_technical_plus_macro,S5,1844415,1844415,2023-03-22T20:38:00,2023-03-22T20:38:00,2023-03-22T20:38:00,2023-03-22T20:38:00,1184,1964.78,1967.5573571428572,2.777357142857151,3.418285714285724,take_profit,False,2.777357142857227,12.0,True,5.0,0.784944282945758,0.7368984173126832,0.7227672803617787,0.5,live_rolling_pf,5.071576383610042,3.7372366103626216,724.5109119442917,728.2481485546543,True,B1_technical_plus_macro_S5_000459,0,B1_technical_plus_macro,2023_2024
PAIRED_B1_technical_plus_macro,S5,1844427,1844433,2023-03-22T20:50:00,2023-03-22T20:56:00,2023-03-22T20:50:00,2023-03-22T20:56:00,1185,1974.88,1969.9177142857145,4.031857142857044,4.962285714285593,stop_loss,False,-4.962285714285599,12.0,True,5.0,-0.9763885765684738,-1.009838093096471,-1.0196761861929406,0.5,live_rolling_pf,5.09773703988258,-5.147889051462274,728.2481485546543,723.1002595031921,False,B1_technical_plus_macro_S5_000460,0,B1_technical_plus_macro,2023_2024
PAIRED_B1_technical_plus_macro,S5,1847995,1847999,2023-03-27T12:22:00,2023-03-27T12:26:00,2023-03-27T12:22:00,2023-03-27T12:26:00,1186,1962.33,1963.83,1.5,1.8114285714285352,take_profit,False,1.5,12.0,True,5.0,0.7766272189349258,0.6886094674556343,0.6627218934911367,0.5,live_rolling_pf,5.061701816522345,3.485535792294669,723.1002595031921,726.5857952954867,True,B1_technical_plus_macro_S5_000461,0,B1_technical_plus_macro,2023_2024
PAIRED_B1_technical_plus_macro,S5,1848001,1848005,2023-03-27T12:28:00,2023-03-27T12:32:00,2023-03-27T12:28:00,2023-03-27T12:32:00,1187,1962.42,1960.1160000000002,1.8719999999999652,2.303999999999957,stop_loss,False,-2.30399999999986,12.0,True,5.0,-0.9504950495049095,-1.0206270627062308,-1.0412541254125018,0.5,live_rolling_pf,5.086100567068407,-5.191011882395523,726.5857952954867,721.3947834130912,False,B1_technical_plus_macro_S5_000462,0,B1_technical_plus_macro,2023_2024
PAIRED_B1_technical_plus_macro,S5,1863463,1863470,2023-04-12T17:23:00,2023-04-12T17:30:00,2023-04-12T17:23:00,2023-04-12T17:30:00,1195,2012.02,2010.1,1.5599999999999745,1.9199999999999688,stop_loss,False,-1.9200000000000728,12.0,True,5.0,-0.9411764705882852,-1.0245098039216198,-1.049019607843189,0.5,live_rolling_pf,5.049763483891638,-5.173532196732379,721.3947834130912,716.2212512163588,False,B1_technical_plus_macro_S5_000463,0,B1_technical_plus_macro,2023_2024
PAIRED_B1_technical_plus_macro,S5,1863488,1863491,2023-04-12T17:48:00,2023-04-12T17:51:00,2023-04-12T17:48:00,2023-04-12T17:51:00,1196,2009.37,2007.1162857142856,1.831142857142881,2.253714285714315,stop_loss,False,-2.2537142857142953,12.0,True,5.0,-0.9494463168030737,-1.021064034665374,-1.0421280693307569,0.5,live_post_loss_cap;live_rolling_pf,5.013548758514512,-5.119154323360405,716.2212512163588,711.1020968929985,False,B1_technical_plus_macro_S5_000464,0,B1_technical_plus_macro,2023_2024
PAIRED_B1_technical_plus_macro,S5,1863513,1863515,2023-04-12T18:13:00,2023-04-12T18:15:00,2023-04-12T18:13:00,2023-04-12T18:15:00,1197,2008.01,2006.4854285714287,1.5,1.5245714285713934,stop_loss,False,-1.5245714285713348,13.0,True,5.0,-0.9214298048695883,-1.03021930581934,-1.0604386116387157,0.5,live_post_loss_cap;live_rolling_pf,4.977714678250989,-5.128137760394474,711.1020968929985,705.973959132604,False,B1_technical_plus_macro_S5_000465,0,B1_technical_plus_macro,2023_2024
PAIRED_B1_technical_plus_macro,S5,1879249,1879339,2023-04-28T04:43:00,2023-04-28T06:13:00,2023-04-28T04:43:00,2023-04-28T06:13:00,1200,1989.91,1989.35,1.6045714285714048,1.9748571428571138,timeout,False,-0.5600000000001728,16.0,True,5.0,-0.26231263383306097,-0.3606798715204284,-0.3841006423983731,0.5,live_rolling_pf,4.941817713928228,-1.7824141781370104,705.973959132604,704.191544954467,False,B1_technical_plus_macro_S5_000466,0,B1_technical_plus_macro,2023_2024
PAIRED_B1_technical_plus_macro,S5,1891023,1891029,2023-05-10T17:07:00,2023-05-10T17:13:00,2023-05-10T17:07:00,2023-05-10T17:13:00,1208,2037.32,2035.182857142857,1.7364285714285757,2.1371428571428623,stop_loss,False,-2.1371428571428623,12.0,True,5.0,-0.9468354430379747,-1.0221518987341771,-1.0443037974683544,0.5,live_rolling_pf,4.929340814681269,-5.038535073234335,704.191544954467,699.1530098812326,False,B1_technical_plus_macro_S5_000467,0,B1_technical_plus_macro,2023_2024
PAIRED_B1_technical_plus_macro,S5,1891048,1891050,2023-05-10T17:32:00,2023-05-10T17:34:00,2023-05-10T17:32:00,2023-05-10T17:34:00,1208,2034.27,2032.5294285714285,1.5,1.740571428571405,stop_loss,False,-1.7405714285714566,12.0,True,5.0,-0.9355036855037125,-1.0268734643734925,-1.0537469287469572,0.5,live_post_loss_cap;live_rolling_pf,4.894071069168628,-5.025591713687271,699.1530098812326,694.1274181675453,False,B1_technical_plus_macro_S5_000468,1,B1_technical_plus_macro,2023_2024
PAIRED_B1_technical_plus_macro,S5,1891067,1891070,2023-05-10T17:51:00,2023-05-10T17:54:00,2023-05-10T17:51:00,2023-05-10T17:54:00,1209,2030.58,2028.569714285714,1.6333571428571776,2.010285714285757,stop_loss,False,-2.0102857142858284,12.0,True,5.0,-0.9436695278970304,-1.0234710300429515,-1.0469420600858697,0.5,live_post_loss_cap;live_rolling_pf,4.8588919271728175,-4.972935125570945,694.1274181675453,689.1544830419743,False,B1_technical_plus_macro_S5_000469,0,B1_technical_plus_macro,2023_2024
PAIRED_B1_technical_plus_macro,S5,1891086,1891086,2023-05-10T18:10:00,2023-05-10T18:10:00,2023-05-10T18:10:00,2023-05-10T18:10:00,1210,2024.96,2023.2514285714285,1.5,1.708571428571434,stop_loss,False,-1.7085714285715312,12.0,True,5.0,-0.9343750000000534,-1.027343750000053,-1.0546875000000528,0.5,live_post_loss_cap;live_rolling_pf,4.82408138129382,-4.955989856563829,689.1544830419743,684.1984931854105,False,B1_technical_plus_macro_S5_000470,0,B1_technical_plus_macro,2023_2024
PAIRED_B1_technical_plus_macro,S5,1891101,1891125,2023-05-10T18:25:00,2023-05-10T18:49:00,2023-05-10T18:25:00,2023-05-10T18:49:00,1210,2023.99,2022.182,1.5,1.807999999999967,stop_loss,False,-1.8079999999999927,12.0,True,5.0,-0.9377593360995973,-1.02593360995852,-1.0518672199170267,0.5,live_post_loss_cap;live_rolling_pf,4.789389452297874,-4.913595610293216,684.1984931854105,679.2848975751173,False,B1_technical_plus_macro_S5_000471,1,B1_technical_plus_macro,2023_2024
PAIRED_B1_technical_plus_macro,S5,1923959,1923963,2023-06-13T17:11:00,2023-06-13T17:15:00,2023-06-13T17:11:00,2023-06-13T17:15:00,1220,1951.11,1952.6811428571427,1.5711428571428427,1.9337142857142682,take_profit,False,1.5711428571428314,12.0,True,5.0,0.7650250417362211,0.6822481914301548,0.657902058987194,0.5,live_rolling_pf,4.754994283025821,3.2440862498550924,679.2848975751173,682.5289838249723,True,B1_technical_plus_macro_S5_000472,0,B1_technical_plus_macro,2023_2024
PAIRED_B1_technical_plus_macro,S5,1923965,1923968,2023-06-13T17:17:00,2023-06-13T17:20:00,2023-06-13T17:17:00,2023-06-13T17:20:00,1221,1952.76,1954.26,1.5,1.8445714285714663,take_profit,False,1.5,12.0,True,5.0,0.7635253054101075,0.6769924374636287,0.6515415939499585,0.5,live_rolling_pf,4.777702886774806,3.2344687227946913,682.5289838249723,685.763452547767,True,B1_technical_plus_macro_S5_000473,0,B1_technical_plus_macro,2023_2024
PAIRED_B1_technical_plus_macro,S5,1923973,1923977,2023-06-13T17:25:00,2023-06-13T17:29:00,2023-06-13T17:25:00,2023-06-13T17:29:00,1222,1954.7,1952.9651428571428,1.5,1.7348571428572024,stop_loss,False,-1.7348571428572086,12.0,True,5.0,-0.9353049907578612,-1.0269562538508958,-1.0539125077017883,0.5,live_rolling_pf,4.800344167834369,-4.929743463794179,685.763452547767,680.8337090839728,False,B1_technical_plus_macro_S5_000474,0,B1_technical_plus_macro,2023_2024
PAIRED_B1_technical_plus_macro,S5,1924045,1924048,2023-06-13T18:37:00,2023-06-13T18:40:00,2023-06-13T18:37:00,2023-06-13T18:40:00,1223,1944.88,1943.2617142857143,1.5,1.6182857142856717,stop_loss,False,-1.6182857142857756,12.0,True,5.0,-0.9309664694280659,-1.0287639710717238,-1.0575279421433879,0.5,live_post_loss_cap;live_rolling_pf,4.7658359635878105,-4.9029203313770315,680.8337090839728,675.9307887525958,False,B1_technical_plus_macro_S5_000475,0,B1_technical_plus_macro,2023_2024
PAIRED_B1_technical_plus_macro,S5,1952605,1952607,2023-07-12T17:09:00,2023-07-12T17:11:00,2023-07-12T17:09:00,2023-07-12T17:11:00,1232,1955.32,1956.9654285714284,1.6454285714285528,2.0251428571428343,take_profit,False,1.6454285714285106,12.0,True,5.0,0.7670484816195855,0.6877996803409486,0.6644912093766436,0.5,live_rolling_pf,4.731515521268171,3.2543348630564846,675.9307887525958,679.1851236156523,True,B1_technical_plus_macro_S5_000476,0,B1_technical_plus_macro,2023_2024
PAIRED_B1_technical_plus_macro,S5,1952608,1952621,2023-07-12T17:12:00,2023-07-12T17:25:00,2023-07-12T17:12:00,2023-07-12T17:25:00,1233,1956.94,1954.8462857142858,1.7011428571428302,2.0937142857142526,stop_loss,False,-2.0937142857142135,12.0,True,5.0,-0.9457924625709675,-1.0225864739287385,-1.0451729478574947,0.5,live_rolling_pf,4.754295865309566,-4.8616786449208895,679.1851236156523,674.3234449707314,False,B1_technical_plus_macro_S5_000477,0,B1_technical_plus_macro,2023_2024
PAIRED_B1_technical_plus_macro,S5,2063001,2063002,2023-11-01T20:41:00,2023-11-01T20:42:00,2023-11-01T20:41:00,2023-11-01T20:42:00,1247,1976.27,1973.5454285714286,2.2137142857143206,2.7245714285714713,stop_loss,False,-2.7245714285713802,15.0,True,5.0,-0.9478183083192216,-1.017393897226884,-1.0347877944537995,0.5,live_rolling_pf,4.72026411479512,-4.802367903691615,674.3234449707314,669.5210770670399,False,B1_technical_plus_macro_S5_000478,0,B1_technical_plus_macro,2023_2024
PAIRED_B1_technical_plus_macro,S5,2075153,2075175,2023-11-14T17:24:00,2023-11-14T17:46:00,2023-11-14T17:24:00,2023-11-14T17:46:00,1255,1967.59,1966.0425714285714,1.5,1.5474285714286193,stop_loss,False,-1.5474285714285543,15.0,True,5.0,-0.9116310385456636,-1.0294563204847278,-1.0589126409694938,0.5,live_rolling_pf,4.686647539469279,-4.824698931390847,669.5210770670399,664.6963781356491,False,B1_technical_plus_macro_S5_000479,0,B1_technical_plus_macro,2023_2024
PAIRED_B1_technical_plus_macro,S5,2102362,2102367,2023-12-12T17:07:00,2023-12-12T17:12:00,2023-12-12T17:07:00,2023-12-12T17:12:00,1268,1983.87,1982.2094285714286,1.5,1.6605714285713995,stop_loss,False,-1.660571428571302,16.0,True,5.0,-0.9121155053357894,-1.0274639045824956,-1.0549278091650447,0.5,live_rolling_pf,4.6528746469495434,-4.7806607522876785,664.6963781356491,659.9157173833614,False,B1_technical_plus_macro_S5_000480,0,B1_technical_plus_macro,2023_2024
PAIRED_B1_technical_plus_macro,S5,2124449,2124464,2024-01-05T17:33:00,2024-01-05T17:48:00,2024-01-05T17:33:00,2024-01-05T17:48:00,1275,2060.89,2058.151714285714,2.224857142857104,2.7382857142856665,stop_loss,False,-2.7382857142856665,15.0,True,5.0,-0.948066079730932,-1.0173113067563562,-1.0346226135127121,0.5,live_rolling_pf,4.61941002168353,-4.69937804560228,659.9157173833614,655.2163393377591,False,B1_technical_plus_macro_S5_000481,0,B1_technical_plus_macro,2023_2024
PAIRED_B1_technical_plus_macro,S5,2129933,2129935,2024-01-11T17:02:00,2024-01-11T17:04:00,2024-01-11T17:02:00,2024-01-11T17:04:00,1287,2029.23,2027.222,1.631499999999973,2.0079999999999667,stop_loss,False,-2.008000000000038,15.0,True,5.0,-0.9304911955514686,-1.0231696014828882,-1.0463392029657428,0.5,live_rolling_pf,4.586514375364314,-4.692782085637043,655.2163393377591,650.523557252122,False,B1_technical_plus_macro_S5_000482,0,B1_technical_plus_macro,2023_2024
PAIRED_B1_technical_plus_macro,S5,2129950,2129952,2024-01-11T17:19:00,2024-01-11T17:21:00,2024-01-11T17:19:00,2024-01-11T17:21:00,1288,2027.04,2028.8024285714287,1.7624285714286152,2.169142857142911,take_profit,False,1.7624285714286998,15.0,True,5.0,0.7599482567451405,0.6737094985832601,0.65214980904279,0.5,live_post_loss_cap;live_rolling_pf,4.553664900764854,3.067847297010481,650.523557252122,653.5914045491326,True,B1_technical_plus_macro_S5_000483,0,B1_technical_plus_macro,2023_2024
PAIRED_B1_technical_plus_macro,S5,2129954,2129961,2024-01-11T17:23:00,2024-01-11T17:30:00,2024-01-11T17:23:00,2024-01-11T17:30:00,1289,2029.6,2031.4868571428572,1.8868571428571792,2.322285714285759,take_profit,False,1.8868571428572523,15.0,True,5.0,0.7632035132324354,0.6823067144343322,0.6620825147348064,0.5,live_post_loss_cap;live_rolling_pf,4.575139831843928,3.121648626743074,653.5914045491326,656.7130531758756,True,B1_technical_plus_macro_S5_000484,0,B1_technical_plus_macro,2023_2024
PAIRED_B1_technical_plus_macro,S5,2129962,2129963,2024-01-11T17:31:00,2024-01-11T17:32:00,2024-01-11T17:31:00,2024-01-11T17:32:00,1291,2032.42,2030.3514285714286,1.680714285714235,2.0685714285713663,stop_loss,False,-2.068571428571431,15.0,True,5.0,-0.932388924661972,-1.022537025112715,-1.0450740502254008,0.5,live_post_loss_cap;live_rolling_pf,4.5969913722311295,-4.700593882230037,656.7130531758756,652.0124592936456,False,B1_technical_plus_macro_S5_000485,0,B1_technical_plus_macro,2023_2024
PAIRED_B1_technical_plus_macro,S5,2130020,2130025,2024-01-11T18:29:00,2024-01-11T18:34:00,2024-01-11T18:29:00,2024-01-11T18:34:00,1294,2018.43,2015.7340000000002,2.1904999999999712,2.6959999999999646,stop_loss,False,-2.6959999999999127,15.0,True,5.0,-0.9472944483485405,-1.017568517217129,-1.0351370344342758,0.5,live_post_loss_cap;live_rolling_pf,4.56408721505552,-4.644271459873701,652.0124592936456,647.3681878337719,False,B1_technical_plus_macro_S5_000486,0,B1_technical_plus_macro,2023_2024
PAIRED_B1_technical_plus_macro,S5,2130045,2130054,2024-01-11T18:54:00,2024-01-11T19:03:00,2024-01-11T18:54:00,2024-01-11T19:03:00,1296,2016.4,2018.0472857142859,1.647285714285673,2.0274285714285205,take_profit,False,1.647285714285772,15.0,True,5.0,0.7565280146962783,0.664676551633686,0.6417136858680379,0.5,live_post_loss_cap;live_rolling_pf,4.531577314836404,3.012033183086899,647.3681878337719,650.3802210168589,True,B1_technical_plus_macro_S5_000487,0,B1_technical_plus_macro,2023_2024
PAIRED_B1_technical_plus_macro,S5,2161492,2161494,2024-02-13T17:03:00,2024-02-13T17:05:00,2024-02-13T17:03:00,2024-02-13T17:05:00,1303,1994.31,1992.3454285714286,1.5962142857142698,1.9645714285714089,stop_loss,False,-1.9645714285713893,16.0,True,5.0,-0.9246906939214532,-1.0235341581495336,-1.0470683162990766,0.5,live_rolling_pf,4.552661547118012,-4.659804603969188,650.3802210168589,645.7204164128897,False,B1_technical_plus_macro_S5_000488,0,B1_technical_plus_macro,2023_2024
PAIRED_B1_technical_plus_macro,S5,2161509,2161515,2024-02-13T17:20:00,2024-02-13T17:26:00,2024-02-13T17:20:00,2024-02-13T17:26:00,1303,1993.51,1995.01,1.5,1.7497142857143055,take_profit,False,1.5,16.0,True,5.0,0.7854578096947854,0.6754937163375154,0.6493117893476893,0.5,live_post_loss_cap;live_rolling_pf,4.520042914890228,3.0532605865842557,645.7204164128897,648.7736769994739,True,B1_technical_plus_macro_S5_000489,1,B1_technical_plus_macro,2023_2024
PAIRED_B1_technical_plus_macro,S5,2161517,2161520,2024-02-13T17:28:00,2024-02-13T17:31:00,2024-02-13T17:28:00,2024-02-13T17:31:00,1305,1994.36,1992.422857142857,1.5739285714285547,1.9371428571428364,stop_loss,False,-1.9371428571428169,16.0,True,5.0,-0.9237057220708346,-1.0238419618528518,-1.047683923705713,0.5,live_post_loss_cap;live_rolling_pf,4.541415738996317,-4.649691999803408,648.7736769994739,644.1239849996705,False,B1_technical_plus_macro_S5_000490,0,B1_technical_plus_macro,2023_2024
PAIRED_B1_technical_plus_macro,S5,2188958,2188976,2024-03-12T17:00:00,2024-03-12T17:18:00,2024-03-12T17:00:00,2024-03-12T17:18:00,1316,2161.98,2160.0337142857143,1.5813571428571613,1.946285714285737,stop_loss,False,-1.9462857142857501,17.0,True,5.0,-0.9196705818820105,-1.0236262994464755,-1.0472525988929446,0.5,live_rolling_pf,4.508867894997693,-4.615395758049509,644.1239849996705,639.5085892416209,False,B1_technical_plus_macro_S5_000491,0,B1_technical_plus_macro,2023_2024
PAIRED_B1_technical_plus_macro,S5,2197440,2197443,2024-03-20T20:29:00,2024-03-20T20:32:00,2024-03-20T20:29:00,2024-03-20T20:32:00,1317,2168.07,2164.686,2.7494999999998857,3.383999999999859,stop_loss,False,-3.3840000000000146,18.0,True,5.0,-0.949494949494991,-1.0140291806958914,-1.0280583613917396,0.5,live_rolling_pf,4.476560124691346,-4.539362595576663,639.5085892416209,634.9692266460443,False,B1_technical_plus_macro_S5_000492,0,B1_technical_plus_macro,2023_2024
PAIRED_B1_technical_plus_macro,S5,2197462,2197463,2024-03-20T20:51:00,2024-03-20T20:52:00,2024-03-20T20:51:00,2024-03-20T20:52:00,1319,2173.69,2177.642,3.951999999999995,4.863999999999994,take_profit,False,3.951999999999771,18.0,True,5.0,0.7835051546391308,0.7379064234733893,0.7279936558286628,0.5,live_post_loss_cap;live_rolling_pf,4.44478458652231,3.2798350973503254,634.9692266460443,638.2490617433946,True,B1_technical_plus_macro_S5_000493,0,B1_technical_plus_macro,2023_2024
PAIRED_B1_technical_plus_macro,S5,2212388,2212389,2024-04-05T17:49:00,2024-04-05T17:50:00,2024-04-05T17:49:00,2024-04-05T17:50:00,1324,2322.45,2317.9734285714285,3.6372142857143346,4.476571428571488,stop_loss,False,-4.476571428571333,19.0,True,5.0,-0.9592848833649338,-1.010714504377607,-1.0214290087552471,0.5,live_rolling_pf,4.467743432203762,-4.515613088766134,638.2490617433946,633.7334486546284,False,B1_technical_plus_macro_S5_000494,0,B1_technical_plus_macro,2023_2024
PAIRED_B1_technical_plus_macro,S5,2212413,2212414,2024-04-05T18:14:00,2024-04-05T18:15:00,2024-04-05T18:14:00,2024-04-05T18:15:00,1325,2322.06,2324.5392857142856,2.4792857142856977,3.0514285714285507,take_profit,False,2.479285714285652,19.0,True,5.0,0.7648743940061558,0.6908329660643306,0.6754076685764505,0.5,live_post_loss_cap;live_rolling_pf,4.436134140582399,3.064627706197779,633.7334486546284,636.7980763608263,True,B1_technical_plus_macro_S5_000495,0,B1_technical_plus_macro,2023_2024
PAIRED_B1_technical_plus_macro,S5,2212418,2212425,2024-04-05T18:19:00,2024-04-05T18:26:00,2024-04-05T18:19:00,2024-04-05T18:26:00,1326,2324.67,2326.8224285714286,2.152428571428641,2.6491428571429427,take_profit,False,2.1524285714285725,19.0,True,5.0,0.7581261950286582,0.673593639931549,0.6559826909529846,0.5,live_post_loss_cap;live_rolling_pf,4.457586534525784,3.002601939101082,636.7980763608263,639.8006782999273,True,B1_technical_plus_macro_S5_000496,0,B1_technical_plus_macro,2023_2024
PAIRED_B1_technical_plus_macro,S5,2212426,2212432,2024-04-05T18:27:00,2024-04-05T18:33:00,2024-04-05T18:27:00,2024-04-05T18:33:00,1327,2326.54,2323.8977142857143,2.146857142857133,2.642285714285702,stop_loss,False,-2.642285714285663,20.0,True,5.0,-0.929634097305977,-1.0175914756734885,-1.0351829513469908,0.5,live_post_loss_cap;live_rolling_pf,4.4786047480994915,-4.557390014576854,639.8006782999273,635.2432882853504,False,B1_technical_plus_macro_S5_000497,0,B1_technical_plus_macro,2023_2024
PAIRED_B1_technical_plus_macro,S5,2212448,2212461,2024-04-05T18:49:00,2024-04-05T19:02:00,2024-04-05T18:49:00,2024-04-05T19:02:00,1332,2326.09,2327.962,1.8719999999999022,2.3039999999998795,take_profit,False,1.8719999999998436,19.0,True,5.0,0.7506014434642879,0.6543704891739865,0.6343223736968404,0.5,live_post_loss_cap;live_rolling_pf,4.446703017997454,2.909791229098436,635.2432882853504,638.1530795144489,True,B1_technical_plus_macro_S5_000498,0,B1_technical_plus_macro,2023_2024
PAIRED_B1_technical_plus_macro,S5,2216491,2216491,2024-04-10T17:16:00,2024-04-10T17:16:00,2024-04-10T17:16:00,2024-04-10T17:16:00,1340,2340.51,2343.6467142857146,3.1367142857143464,3.8605714285715034,take_profit,False,3.1367142857143335,19.0,True,5.0,0.7743880933907008,0.715137194046694,0.7027932566833592,0.5,live_rolling_pf,4.467071556601143,3.1945690185935387,638.1530795144489,641.3476485330424,True,B1_technical_plus_macro_S5_000499,0,B1_technical_plus_macro,2023_2024
PAIRED_B1_technical_plus_macro,S5,2216492,2216494,2024-04-10T17:17:00,2024-04-10T17:19:00,2024-04-10T17:17:00,2024-04-10T17:19:00,1340,2343.09,2346.4198571428574,3.3298571428571972,4.098285714285781,take_profit,False,3.329857142857236,19.0,True,5.0,0.776500766206952,0.7205343460590415,0.7088746751948936,0.5,live_rolling_pf,4.489433539731297,3.234791059725818,641.3476485330424,644.5824395927682,True,B1_technical_plus_macro_S5_000500,1,B1_technical_plus_macro,2023_2024
PAIRED_B1_technical_plus_macro,S5,2216497,2216499,2024-04-10T17:22:00,2024-04-10T17:24:00,2024-04-10T17:22:00,2024-04-10T17:24:00,1341,2348.11,2351.4203571428575,3.3103571428572356,4.074285714285828,take_profit,False,3.310357142857356,19.0,True,5.0,0.7762981574539655,0.7200167504187911,0.7082914572864631,0.5,live_rolling_pf,4.512077077149377,3.2487710747282117,644.5824395927682,647.8312106674964,True,B1_technical_plus_macro_S5_000501,0,B1_technical_plus_macro,2023_2024
PAIRED_B1_technical_plus_macro,S5,2216501,2216507,2024-04-10T17:26:00,2024-04-10T17:32:00,2024-04-10T17:26:00,2024-04-10T17:32:00,1342,2348.86,2344.8314285714287,3.273214285714328,4.028571428571481,stop_loss,False,-4.0285714285714675,19.0,True,5.0,-0.9549610565526556,-1.0118523535387707,-1.0237047070775447,0.5,live_rolling_pf,4.534818474672475,-4.588566746468442,647.8312106674964,643.2426439210279,False,B1_technical_plus_macro_S5_000502,0,B1_technical_plus_macro,2023_2024
PAIRED_B1_technical_plus_macro,S5,2216522,2216523,2024-04-10T17:47:00,2024-04-10T17:48:00,2024-04-10T17:47:00,2024-04-10T17:48:00,1342,2348.43,2351.538857142857,3.1088571428571448,3.8262857142857167,take_profit,False,3.1088571428572322,19.0,True,5.0,0.7740627445401086,0.7143060396955472,0.7018567261862636,0.5,live_post_loss_cap;live_rolling_pf,4.502698507447196,3.2163047387976578,643.2426439210279,646.4589486598256,True,B1_technical_plus_macro_S5_000503,1,B1_technical_plus_macro,2023_2024
PAIRED_B1_technical_plus_macro,S5,2216524,2216531,2024-04-10T17:49:00,2024-04-10T17:56:00,2024-04-10T17:49:00,2024-04-10T17:56:00,1342,2350.07,2346.2825714285714,3.0772857142857446,3.787428571428609,stop_loss,False,-3.7874285714287907,19.0,True,5.0,-0.9522304432153323,-1.0125709359960229,-1.025141871992,0.5,live_post_loss_cap;live_rolling_pf,4.525212640618779,-4.582098799092392,646.4589486598256,641.8768498607333,False,B1_technical_plus_macro_S5_000504,2,B1_technical_plus_macro,2023_2024
PAIRED_B1_technical_plus_macro,S5,2216549,2216564,2024-04-10T18:14:00,2024-04-10T18:29:00,2024-04-10T18:14:00,2024-04-10T18:29:00,1343,2333.52,2337.1172857142856,3.597285714285779,4.427428571428651,take_profit,False,3.59728571428559,19.0,True,5.0,0.7790668894251189,0.7270899078026954,0.7162613699646906,0.5,live_post_loss_cap;live_rolling_pf,4.493137949025133,3.266915257101476,641.8768498607333,645.1437651178347,True,B1_technical_plus_macro_S5_000505,0,B1_technical_plus_macro,2023_2024
PAIRED_B1_technical_plus_macro,S5,2216576,2216578,2024-04-10T18:41:00,2024-04-10T18:43:00,2024-04-10T18:41:00,2024-04-10T18:43:00,1344,2338.79,2340.8802142857144,2.0902142857142216,2.57257142857135,take_profit,False,2.09021428571441,19.0,True,5.0,0.7566190919433905,0.6697435101872602,0.6516444306547331,0.5,live_post_loss_cap;live_rolling_pf,4.516006355824843,3.0245659487781076,645.1437651178347,648.1683310666128,True,B1_technical_plus_macro_S5_000506,0,B1_technical_plus_macro,2023_2024
PAIRED_B1_technical_plus_macro,S5,2216579,2216582,2024-04-10T18:44:00,2024-04-10T18:47:00,2024-04-10T18:44:00,2024-04-10T18:47:00,1345,2340.07,2337.5808571428574,2.0224285714285055,2.489142857142776,stop_loss,False,-2.489142857142724,19.0,True,5.0,-0.9290817958835234,-1.0186626852937852,-1.0373253705875898,0.5,live_post_loss_cap;live_rolling_pf,4.53717831746629,-4.621854248526949,648.1683310666128,643.5464768180859,False,B1_technical_plus_macro_S5_000507,0,B1_technical_plus_macro,2023_2024
PAIRED_B1_technical_plus_macro,S5,2225399,2225400,2024-04-19T04:52:00,2024-04-19T04:53:00,2024-04-19T04:52:00,2024-04-19T04:53:00,1353,2410.25,2404.4054285714283,4.748714285714401,5.84457142857157,stop_loss,False,-5.844571428571726,19.0,True,5.0,-0.9685147483547445,-1.0082855925382577,-1.0165711850764896,0.5,live_rolling_pf,4.504825337726602,-4.542150484931024,643.5464768180859,639.004326333155,False,B1_technical_plus_macro_S5_000508,0,B1_technical_plus_macro,2023_2024
PAIRED_B1_technical_plus_macro,S5,2228156,2228156,2024-04-23T04:52:00,2024-04-23T04:52:00,2024-04-23T04:52:00,2024-04-23T04:52:00,1358,2307.22,2301.7971428571427,4.406071428571369,5.422857142857071,stop_loss,False,-5.422857142857083,19.0,True,5.0,-0.9661491473657436,-1.0089081191142808,-1.0178162382285592,0.5,live_rolling_pf,4.473030284332085,-4.5128765709067,639.004326333155,634.4914497622483,False,B1_technical_plus_macro_S5_000509,0,B1_technical_plus_macro,2023_2024
PAIRED_B1_technical_plus_macro,S5,2228599,2228601,2024-04-23T12:15:00,2024-04-23T12:17:00,2024-04-23T12:15:00,2024-04-23T12:17:00,1366,2297.28,2295.250285714286,1.6491428571429196,2.0297142857143626,stop_loss,False,-2.0297142857143626,19.0,True,5.0,-0.9144033981207392,-1.022525421547174,-1.045050843094348,0.5,live_rolling_pf,4.441440148335738,-4.5414854599535435,634.4914497622483,629.9499643022948,False,B1_technical_plus_macro_S5_000510,0,B1_technical_plus_macro,2023_2024
PAIRED_B1_technical_plus_macro,S5,2233092,2233102,2024-04-26T18:11:00,2024-04-26T18:21:00,2024-04-26T18:11:00,2024-04-26T18:21:00,1370,2333.65,2331.4328571428573,1.8014285714286222,2.2171428571429197,stop_loss,False,-2.2171428571427896,19.0,True,5.0,-0.9210682492581083,-1.0207715133530613,-1.0415430267061763,0.5,live_rolling_pf,4.409649750116063,-4.501244848782923,629.9499643022948,625.4487194535119,False,B1_technical_plus_macro_S5_000511,0,B1_technical_plus_macro,2023_2024
PAIRED_B1_technical_plus_macro,S5,2236184,2236199,2024-04-30T23:46:00,2024-05-01T01:02:00,2024-04-30T23:46:00,2024-05-01T01:02:00,1375,2286.49,2287.99,1.5,1.5131428571428842,take_profit,False,1.5,20.0,True,5.0,0.8755837224816406,0.7296531020680338,0.7004669779853124,0.5,live_rolling_pf,4.378141036174584,3.194524188336141,625.4487194535119,628.643243641848,True,B1_technical_plus_macro_S5_000512,0,B1_technical_plus_macro,2023_2024
PAIRED_B1_technical_plus_macro,S5,2239929,2239967,2024-05-03T17:14:00,2024-05-03T17:52:00,2024-05-03T17:14:00,2024-05-03T17:52:00,1382,2287.69,2292.8575,5.167499999999966,6.359999999999959,take_profit,False,5.167500000000018,19.0,True,5.0,0.7889312977099314,0.7522900763358853,0.7446564885496257,0.5,live_rolling_pf,4.400502705492936,3.310454516231551,628.643243641848,631.9536981580795,True,B1_technical_plus_macro_S5_000513,0,B1_technical_plus_macro,2023_2024
PAIRED_B1_technical_plus_macro,S5,2250944,2250946,2024-05-15T17:02:00,2024-05-15T17:04:00,2024-05-15T17:02:00,2024-05-15T17:04:00,1386,2355.77,2358.521357142857,2.7513571428570267,3.386285714285571,take_profit,False,2.7513571428571595,19.0,True,5.0,0.7693337061596583,0.7022249740353447,0.6882439881761128,0.5,live_rolling_pf,4.4236758871065565,3.106415684964182,631.9536981580795,635.0601138430437,True,B1_technical_plus_macro_S5_000514,0,B1_technical_plus_macro,2023_2024
PAIRED_B1_technical_plus_macro,S5,2250961,2250965,2024-05-15T17:19:00,2024-05-15T17:23:00,2024-05-15T17:19:00,2024-05-15T17:23:00,1387,2362.63,2364.9012857142857,2.271285714285718,2.795428571428576,take_profit,False,2.2712857142855682,19.0,True,5.0,0.7607905062684924,0.6804000382811253,0.6636520241170905,0.5,live_rolling_pf,4.445420796901306,3.0246644803873592,635.0601138430437,638.0847783234311,True,B1_technical_plus_macro_S5_000515,0,B1_technical_plus_macro,2023_2024
PAIRED_B1_technical_plus_macro,S5,2250966,2250969,2024-05-15T17:24:00,2024-05-15T17:27:00,2024-05-15T17:24:00,2024-05-15T17:27:00,1387,2364.35,2366.2164285714284,1.8664285714285207,2.2971428571427945,take_profit,False,1.8664285714285143,19.0,True,5.0,0.750430786904074,0.6539345203905736,0.6338311315335944,0.5,live_rolling_pf,4.466593448264018,2.9208596443702093,638.0847783234311,641.0056379678014,True,B1_technical_plus_macro_S5_000516,1,B1_technical_plus_macro,2023_2024
PAIRED_B1_technical_plus_macro,S5,2250980,2250988,2024-05-15T17:38:00,2024-05-15T17:46:00,2024-05-15T17:38:00,2024-05-15T17:46:00,1389,2369.85,2367.403142857143,1.988071428571373,2.4468571428570747,stop_loss,False,-2.4468571428569703,19.0,True,5.0,-0.9279445227001428,-1.018961967710439,-1.037923935420917,0.5,live_rolling_pf,4.487039465774609,-4.572122563240092,641.0056379678014,636.4335154045613,False,B1_technical_plus_macro_S5_000517,0,B1_technical_plus_macro,2023_2024
PAIRED_B1_technical_plus_macro,S5,2251003,2251009,2024-05-15T18:01:00,2024-05-15T18:07:00,2024-05-15T18:01:00,2024-05-15T18:07:00,1390,2375.07,2376.797142857143,1.7271428571428908,2.125714285714327,take_profit,False,1.7271428571430079,19.0,True,5.0,0.7458359037631609,0.6421961752005472,0.620604565083336,0.5,live_post_loss_cap;live_rolling_pf,4.455034607831929,2.8610061855357345,636.4335154045613,639.294521590097,True,B1_technical_plus_macro_S5_000518,0,B1_technical_plus_macro,2023_2024
PAIRED_B1_technical_plus_macro,S5,2251011,2251014,2024-05-15T18:09:00,2024-05-15T18:12:00,2024-05-15T18:09:00,2024-05-15T18:12:00,1391,2377.04,2378.720714285714,1.680714285714235,2.0685714285713663,take_profit,False,1.6807142857142026,19.0,True,5.0,0.7441492726122544,0.6378874130297087,0.6157495256166784,0.5,live_post_loss_cap;live_rolling_pf,4.475061651130679,2.854585499788206,639.294521590097,642.1491070898852,True,B1_technical_plus_macro_S5_000519,0,B1_technical_plus_macro,2023_2024
PAIRED_B1_technical_plus_macro,S5,2251015,2251015,2024-05-15T18:13:00,2024-05-15T18:13:00,2024-05-15T18:13:00,2024-05-15T18:13:00,1391,2378.41,2380.1696428571427,1.759642857142756,2.165714285714161,take_profit,False,1.7596428571428078,19.0,True,5.0,0.7469678593086905,0.6450879320800617,0.623862947240764,0.5,live_post_loss_cap;live_rolling_pf,4.495043749629197,2.899698477057705,642.1491070898852,645.0488055669429,True,B1_technical_plus_macro_S5_000520,1,B1_technical_plus_macro,2023_2024
PAIRED_B1_technical_plus_macro,S5,2251016,2251018,2024-05-15T18:14:00,2024-05-15T18:16:00,2024-05-15T18:14:00,2024-05-15T18:16:00,1391,2380.85,2382.693214285714,1.8432142857141929,2.2685714285713146,take_profit,False,1.8432142857141116,19.0,True,5.0,0.7497094712376164,0.6520918070888613,0.6317547937245372,0.5,live_post_loss_cap;live_rolling_pf,4.5153416389686,2.944417288978615,645.0488055669429,647.9932228559214,True,B1_technical_plus_macro_S5_000521,2,B1_technical_plus_macro,2023_2024
PAIRED_B1_technical_plus_macro,S5,2251020,2251022,2024-05-15T18:18:00,2024-05-15T18:20:00,2024-05-15T18:18:00,2024-05-15T18:20:00,1392,2381.26,2383.1830714285716,1.9230714285713053,2.366857142856991,take_profit,False,1.9230714285713475,19.0,True,5.0,0.7521231422505438,0.6582579059112824,0.6387026483406029,1.0,live_post_loss_cap,9.071905119982901,5.971653266905785,647.9932228559214,653.9648761228273,True,B1_technical_plus_macro_S5_000522,0,B1_technical_plus_macro,2023_2024
PAIRED_B1_technical_plus_macro,S5,2251023,2251037,2024-05-15T18:21:00,2024-05-15T18:35:00,2024-05-15T18:21:00,2024-05-15T18:35:00,1392,2383.79,2381.2197142857144,2.0883571428570384,2.5702857142855855,stop_loss,False,-2.5702857142855464,19.0,True,5.0,-0.9311665459062035,-1.0181140668667708,-1.0362281337335555,1.0,live_post_loss_cap,9.155508265719583,-9.3213517546441,653.9648761228273,644.6435243681832,False,B1_technical_plus_macro_S5_000523,1,B1_technical_plus_macro,2023_2024
PAIRED_B1_technical_plus_macro,S5,2251056,2251072,2024-05-15T18:54:00,2024-05-15T19:10:00,2024-05-15T18:54:00,2024-05-15T19:10:00,1392,2378.58,2380.1390714285712,1.559071428571425,1.9188571428571386,take_profit,False,1.5590714285713148,19.0,True,5.0,0.7392968432461201,0.6254911258636514,0.6017816014089704,0.5,live_post_loss_cap;live_rolling_pf,4.512504670577282,2.82253162686437,644.6435243681832,647.4660559950476,True,B1_technical_plus_macro_S5_000524,2,B1_technical_plus_macro,2023_2024
PAIRED_B1_technical_plus_macro,S5,2258462,2258462,2024-05-23T04:27:00,2024-05-23T04:27:00,2024-05-23T04:27:00,2024-05-23T04:27:00,1395,2372.0,2369.2834285714284,2.2072142857142416,2.7165714285713745,stop_loss,False,-2.7165714285715694,19.0,True,5.0,-0.9346308856778404,-1.0172023985059162,-1.0344047970117654,1.0,,9.064524783930667,-9.220456351530595,647.4660559950476,638.2455996435169,False,B1_technical_plus_macro_S5_000525,0,B1_technical_plus_macro,2023_2024
PAIRED_B1_technical_plus_macro,S5,2267435,2267436,2024-05-31T18:40:00,2024-05-31T18:41:00,2024-05-31T18:40:00,2024-05-31T18:41:00,1399,2328.9,2330.8843571428574,1.984357142857133,2.442285714285702,take_profit,False,1.984357142857334,19.0,True,5.0,0.7538532508412787,0.6626777379790185,0.6436828394660477,0.5,live_rolling_pf,4.467719197504619,2.9606580517277967,638.2455996435169,641.2062576952447,True,B1_technical_plus_macro_S5_000526,0,B1_technical_plus_macro,2023_2024
PAIRED_B1_technical_plus_macro,S5,2269805,2269806,2024-06-04T12:13:00,2024-06-04T12:14:00,2024-06-04T12:13:00,2024-06-04T12:14:00,1400,2328.42,2329.9818571428573,1.561857142857158,1.922285714285733,take_profit,False,1.5618571428572068,19.0,True,5.0,0.739415663465464,0.6257946706344085,0.6021236304612719,0.5,live_rolling_pf,4.488443803866713,2.8088442119018215,641.2062576952447,644.0151019071466,True,B1_technical_plus_macro_S5_000527,0,B1_technical_plus_macro,2023_2024
PAIRED_B1_technical_plus_macro,S5,2274401,2274430,2024-06-07T19:53:00,2024-06-07T20:22:00,2024-06-07T19:53:00,2024-06-07T20:22:00,1401,2311.2,2309.0571428571425,1.7410714285714286,2.142857142857143,stop_loss,False,-2.1428571428573377,19.0,True,5.0,-0.9185548071035741,-1.021432945499165,-1.0428658909982464,1.0,,9.016211426700051,-9.209455394817462,644.0151019071466,634.8056465123291,False,B1_technical_plus_macro_S5_000528,0,B1_technical_plus_macro,2023_2024
PAIRED_B1_technical_plus_macro,S5,2278367,2278369,2024-06-12T17:03:00,2024-06-12T17:05:00,2024-06-12T17:03:00,2024-06-12T17:05:00,1411,2326.57,2324.2580000000003,1.8785000000000018,2.3120000000000025,stop_loss,False,-2.311999999999898,19.0,True,5.0,-0.9240607513988393,-1.0199840127897266,-1.0399680255794947,0.5,live_rolling_pf,4.4436395255863035,-4.532441274698555,634.8056465123291,630.2732052376306,False,B1_technical_plus_macro_S5_000529,0,B1_technical_plus_macro,2023_2024
PAIRED_B1_technical_plus_macro,S5,2278384,2278394,2024-06-12T17:20:00,2024-06-12T17:30:00,2024-06-12T17:20:00,2024-06-12T17:30:00,1414,2327.72,2325.1222857142857,2.1106428571428166,2.597714285714236,stop_loss,False,-2.597714285714119,19.0,True,5.0,-0.9318438044480453,-1.017935840934672,-1.0358716818693856,0.5,live_post_loss_cap;live_rolling_pf,4.411912436663414,-4.49104379634511,630.2732052376306,625.7821614412854,False,B1_technical_plus_macro_S5_000530,0,B1_technical_plus_macro,2023_2024
PAIRED_B1_technical_plus_macro,S5,2278410,2278416,2024-06-12T17:46:00,2024-06-12T17:52:00,2024-06-12T17:46:00,2024-06-12T17:52:00,1414,2323.76,2325.4026428571433,1.6426428571429046,2.021714285714344,take_profit,False,1.6426428571430733,19.0,True,5.0,0.7427012013952468,0.6341880893942162,0.6115811910606681,0.5,live_post_loss_cap;live_rolling_pf,4.380475130088998,2.7780451533900226,625.7821614412854,628.5602065946755,True,B1_technical_plus_macro_S5_000531,1,B1_technical_plus_macro,2023_2024
PAIRED_B1_technical_plus_macro,S5,2278417,2278426,2024-06-12T17:53:00,2024-06-12T18:02:00,2024-06-12T17:53:00,2024-06-12T18:02:00,1414,2325.67,2327.425928571429,1.7559285714286426,2.1611428571429445,take_profit,False,1.7559285714287398,19.0,True,5.0,0.7468404423381165,0.6447624255681604,0.6234961720744195,0.5,live_post_loss_cap;live_rolling_pf,4.399921446162729,2.836904023937249,628.5602065946755,631.3971106186127,True,B1_technical_plus_macro_S5_000532,2,B1_technical_plus_macro,2023_2024
PAIRED_B1_technical_plus_macro,S5,2278427,2278433,2024-06-12T18:03:00,2024-06-12T18:09:00,2024-06-12T18:03:00,2024-06-12T18:09:00,1414,2328.0,2326.2342857142858,1.5,1.7657142857143169,stop_loss,False,-1.765714285714239,19.0,True,5.0,-0.9028487947406484,-1.0255661066471475,-1.0511322132943348,0.5,live_post_loss_cap;live_rolling_pf,4.419779774330289,-4.532776335397723,631.3971106186127,626.864334283215,False,B1_technical_plus_macro_S5_000533,3,B1_technical_plus_macro,2023_2024
PAIRED_B1_technical_plus_macro,S5,2278448,2278450,2024-06-12T18:24:00,2024-06-12T18:26:00,2024-06-12T18:24:00,2024-06-12T18:26:00,1416,2326.93,2328.43,1.5,1.7165714285713745,take_profit,False,1.5,19.0,True,5.0,0.7867525850442304,0.6608721714371535,0.6346470852690125,0.5,live_post_loss_cap;live_rolling_pf,4.388050339982505,2.8999403565597777,626.864334283215,629.7642746397748,True,B1_technical_plus_macro_S5_000534,0,B1_technical_plus_macro,2023_2024
PAIRED_B1_technical_plus_macro,S5,2278451,2278453,2024-06-12T18:27:00,2024-06-12T18:29:00,2024-06-12T18:27:00,2024-06-12T18:29:00,1416,2328.6,2330.1,1.5,1.755428571428482,take_profit,False,1.5,19.0,True,5.0,0.7710383316199503,0.6476721985607582,0.6219709208400932,0.5,live_post_loss_cap;live_rolling_pf,4.408349922478424,2.8551656863167487,629.7642746397748,632.6194403260915,True,B1_technical_plus_macro_S5_000535,1,B1_technical_plus_macro,2023_2024
PAIRED_B1_technical_plus_macro,S5,2278456,2278459,2024-06-12T18:32:00,2024-06-12T18:35:00,2024-06-12T18:32:00,2024-06-12T18:35:00,1417,2330.14,2331.64,1.5,1.6914285714284365,take_profit,False,1.5,19.0,True,5.0,0.7972665148064353,0.6697038724374057,0.6431283219438578,0.5,live_post_loss_cap;live_rolling_pf,4.428336082282641,2.9656738227589745,632.6194403260915,635.5851141488505,True,B1_technical_plus_macro_S5_000536,0,B1_technical_plus_macro,2023_2024
PAIRED_B1_technical_plus_macro,S5,2278460,2278460,2024-06-12T18:36:00,2024-06-12T18:36:00,2024-06-12T18:36:00,2024-06-12T18:36:00,1417,2331.5,2333.0,1.5,1.8457142857141404,take_profit,False,1.5,19.0,True,5.0,0.7368421052632105,0.6189473684210969,0.5943859649123231,0.5,live_post_loss_cap;live_rolling_pf,4.449095799041953,2.753756136670374,635.5851141488505,638.3388702855209,True,B1_technical_plus_macro_S5_000537,1,B1_technical_plus_macro,2023_2024
PAIRED_B1_technical_plus_macro,S5,2278461,2278462,2024-06-12T18:37:00,2024-06-12T18:38:00,2024-06-12T18:37:00,2024-06-12T18:38:00,1417,2333.23,2334.910714285714,1.6807142857141508,2.0685714285712624,take_profit,False,1.6807142857142026,19.0,True,5.0,0.7441492726122887,0.6378874130297382,0.6157495256167068,0.5,live_post_loss_cap;live_rolling_pf,4.4683720919986465,2.8503183142192956,638.3388702855209,641.1891885997402,True,B1_technical_plus_macro_S5_000538,2,B1_technical_plus_macro,2023_2024
PAIRED_B1_technical_plus_macro,S5,2278463,2278464,2024-06-12T18:39:00,2024-06-12T18:40:00,2024-06-12T18:39:00,2024-06-12T18:40:00,1417,2335.12,2336.9409285714282,1.8209285714284988,2.241142857142768,take_profit,False,1.8209285714283396,19.0,True,5.0,0.7490010577035401,0.6502820542953804,0.6297155952520138,0.5,live_post_loss_cap;live_rolling_pf,4.488324320198181,2.9186767592823903,641.1891885997402,644.1078653590225,True,B1_technical_plus_macro_S5_000539,3,B1_technical_plus_macro,2023_2024
PAIRED_B1_technical_plus_macro,S5,2278467,2278470,2024-06-12T18:43:00,2024-06-12T18:46:00,2024-06-12T18:43:00,2024-06-12T18:46:00,1418,2335.66,2333.4314285714286,1.810714285714159,2.2285714285712728,stop_loss,False,-2.2285714285712857,19.0,True,5.0,-0.921441228588305,-1.0206733608978213,-1.0413467217956371,1.0,live_post_loss_cap,9.017510115026315,-9.20393235603401,644.1078653590225,634.9039330029885,False,B1_technical_plus_macro_S5_000540,0,B1_technical_plus_macro,2023_2024
PAIRED_B1_technical_plus_macro,S5,2278485,2278489,2024-06-12T19:01:00,2024-06-12T19:05:00,2024-06-12T19:01:00,2024-06-12T19:05:00,1421,2335.47,2333.5934285714284,1.5247142857143348,1.876571428571489,stop_loss,False,-1.876571428571424,19.0,True,5.0,-0.9080602792755138,-1.0241946633485093,-1.0483893266970499,0.5,live_post_loss_cap;live_rolling_pf,4.44432753102092,-4.551856539444483,634.9039330029885,630.3520764635441,False,B1_technical_plus_macro_S5_000541,0,B1_technical_plus_macro,2023_2024
PAIRED_B1_technical_plus_macro,S5,2278691,2278692,2024-06-12T22:27:00,2024-06-12T22:28:00,2024-06-12T22:27:00,2024-06-12T22:28:00,1423,2317.92,2316.1028571428574,1.5,1.8171428571428156,stop_loss,False,-1.8171428571426986,19.0,True,5.0,-0.9053380782917546,-1.024911032028412,-1.049822064056882,0.5,live_rolling_pf,4.412464535244808,-4.522383580606524,630.3520764635441,625.8296928829376,False,B1_technical_plus_macro_S5_000542,0,B1_technical_plus_macro,2023_2024
PAIRED_B1_technical_plus_macro,S5,2288974,2288982,2024-06-24T12:35:00,2024-06-24T12:43:00,2024-06-24T12:35:00,2024-06-24T12:43:00,1424,2324.87,2326.4745714285714,1.604571428571574,1.9748571428573218,take_profit,False,1.6045714285714894,19.0,True,5.0,0.741190444767025,0.6303286261052946,0.6072324138841009,0.5,live_rolling_pf,4.380807850180563,2.7613485934356037,625.8296928829376,628.5910414763732,True,B1_technical_plus_macro_S5_000543,0,B1_technical_plus_macro,2023_2024
PAIRED_B1_technical_plus_macro,S5,2291260,2291267,2024-06-26T04:43:00,2024-06-26T04:50:00,2024-06-26T04:43:00,2024-06-26T04:50:00,1425,2314.72,2312.653714285714,1.6788571428571362,2.0662857142857063,stop_loss,False,-2.066285714285641,19.0,True,5.0,-0.915790806635402,-1.022160314043279,-1.0443206280865864,0.5,live_rolling_pf,4.400137290334612,-4.49764571452197,628.5910414763732,624.0933957618513,False,B1_technical_plus_macro_S5_000544,0,B1_technical_plus_macro,2023_2024
PAIRED_B1_technical_plus_macro,S5,2294823,2294833,2024-06-28T18:08:00,2024-06-28T18:18:00,2024-06-28T18:08:00,2024-06-28T18:18:00,1429,2324.94,2326.44,1.5,1.8079999999998628,take_profit,False,1.5,19.0,True,5.0,0.7507507507508023,0.6306306306306739,0.6056056056056471,0.5,live_rolling_pf,4.368653770332959,2.7550068821921454,624.0933957618513,626.8484026440434,True,B1_technical_plus_macro_S5_000545,0,B1_technical_plus_macro,2023_2024
PAIRED_B1_technical_plus_macro,S5,2301565,2301566,2024-07-05T18:11:00,2024-07-05T18:12:00,2024-07-05T18:11:00,2024-07-05T18:12:00,1433,2381.94,2383.44,1.5,1.6925714285714226,take_profit,False,1.5,19.0,True,5.0,0.7967825163150731,0.6692973137046614,0.6427378964941589,0.5,live_rolling_pf,4.387938818508304,2.9368356639280138,626.8484026440434,629.7852383079714,True,B1_technical_plus_macro_S5_000546,0,B1_technical_plus_macro,2023_2024
PAIRED_B1_technical_plus_macro,S5,2301591,2301592,2024-07-05T18:37:00,2024-07-05T18:38:00,2024-07-05T18:37:00,2024-07-05T18:38:00,1434,2386.75,2385.0905714285714,1.5,1.6594285714284656,stop_loss,False,-1.6594285714286343,19.0,True,5.0,-0.8972655646532601,-1.0270353777229415,-1.054070755445792,0.5,live_rolling_pf,4.4084966681558,-4.527682040769721,629.7852383079714,625.2575562672017,False,B1_technical_plus_macro_S5_000547,0,B1_technical_plus_macro,2023_2024
PAIRED_B1_technical_plus_macro,S5,2307021,2307029,2024-07-11T17:12:00,2024-07-11T17:20:00,2024-07-11T17:12:00,2024-07-11T17:20:00,1445,2410.92,2408.6354285714287,1.8562142857143078,2.284571428571456,stop_loss,False,-2.2845714285713257,19.0,True,5.0,-0.9232190278258344,-1.0202055189931352,-1.0404110379863227,0.5,live_rolling_pf,4.376802893870412,-4.465238467871719,625.2575562672017,620.79231779933,False,B1_technical_plus_macro_S5_000548,0,B1_technical_plus_macro,2023_2024
PAIRED_B1_technical_plus_macro,S5,2307046,2307046,2024-07-11T17:37:00,2024-07-11T17:37:00,2024-07-11T17:37:00,2024-07-11T17:37:00,1448,2405.44,2407.195928571429,1.7559285714286426,2.1611428571429445,take_profit,False,1.7559285714287398,19.0,True,5.0,0.7468404423381165,0.6447624255681604,0.6234961720744195,0.5,live_post_loss_cap;live_rolling_pf,4.34554622459531,2.801844924188634,620.79231779933,623.5941627235187,True,B1_technical_plus_macro_S5_000549,0,B1_technical_plus_macro,2023_2024
PAIRED_B1_technical_plus_macro,S5,2307048,2307052,2024-07-11T17:39:00,2024-07-11T17:43:00,2024-07-11T17:39:00,2024-07-11T17:43:00,1448,2408.32,2410.196642857143,1.8766428571429452,2.309714285714394,take_profit,False,1.876642857142997,19.0,True,5.0,0.7507429420505435,0.6547319693679553,0.6347296833924161,0.5,live_post_loss_cap;live_rolling_pf,4.365159139064631,2.858009239724314,623.5941627235187,626.452171963243,True,B1_technical_plus_macro_S5_000550,1,B1_technical_plus_macro,2023_2024
PAIRED_B1_technical_plus_macro,S5,2307053,2307058,2024-07-11T17:44:00,2024-07-11T17:49:00,2024-07-11T17:44:00,2024-07-11T17:49:00,1448,2409.89,2411.7963571428572,1.9063571428572037,2.346285714285789,take_profit,False,1.9063571428573596,19.0,True,5.0,0.7516334347189999,0.6570068716909526,0.6372930043934428,0.5,live_post_loss_cap;live_rolling_pf,4.385165203742702,2.8810836723590114,626.452171963243,629.333255635602,True,B1_technical_plus_macro_S5_000551,2,B1_technical_plus_macro,2023_2024
PAIRED_B1_technical_plus_macro,S5,2307059,2307059,2024-07-11T17:50:00,2024-07-11T17:50:00,2024-07-11T17:50:00,2024-07-11T17:50:00,1448,2411.95,2413.5824285714284,1.6324285714285225,2.009142857142797,take_profit,False,1.6324285714285907,19.0,True,5.0,0.7423021956606761,0.6331687670521243,0.6104326360920094,0.5,live_post_loss_cap;live_rolling_pf,4.405332789449214,2.7893191307498544,629.333255635602,632.1225747663518,True,B1_technical_plus_macro_S5_000552,3,B1_technical_plus_macro,2023_2024
PAIRED_B1_technical_plus_macro,S5,2307071,2307071,2024-07-11T18:02:00,2024-07-11T18:02:00,2024-07-11T18:02:00,2024-07-11T18:02:00,1449,2415.08,2412.912,1.7615000000001082,2.1680000000001334,stop_loss,False,-2.16800000000012,19.0,True,5.0,-0.919423240033926,-1.021204410517381,-1.0424088210347673,0.5,live_post_loss_cap;live_rolling_pf,4.424858023364463,-4.51868452937301,632.1225747663518,627.6038902369788,False,B1_technical_plus_macro_S5_000553,0,B1_technical_plus_macro,2023_2024
PAIRED_B1_technical_plus_macro,S5,2307086,2307087,2024-07-11T18:17:00,2024-07-11T18:18:00,2024-07-11T18:17:00,2024-07-11T18:18:00,1449,2417.53,2419.1225000000004,1.5925000000000928,1.9600000000001143,take_profit,False,1.5925000000002,19.0,True,5.0,0.7406976744186583,0.62906976744192,0.6058139534884329,0.5,live_post_loss_cap;live_rolling_pf,4.393227231658852,2.7636464329391437,627.6038902369788,630.367536669918,True,B1_technical_plus_macro_S5_000554,1,B1_technical_plus_macro,2023_2024
PAIRED_B1_technical_plus_macro,S5,2307088,2307089,2024-07-11T18:19:00,2024-07-11T18:20:00,2024-07-11T18:19:00,2024-07-11T18:20:00,1449,2419.55,2421.1295000000005,1.5795000000001047,1.9440000000001287,take_profit,False,1.5795000000002801,19.0,True,5.0,0.7401593252109583,0.627694470478069,0.6042642924087172,0.5,live_post_loss_cap;live_rolling_pf,4.412572756689426,2.7697475199561223,630.367536669918,633.1372841898741,True,B1_technical_plus_macro_S5_000555,2,B1_technical_plus_macro,2023_2024
PAIRED_B1_technical_plus_macro,S5,2307090,2307092,2024-07-11T18:21:00,2024-07-11T18:23:00,2024-07-11T18:21:00,2024-07-11T18:23:00,1449,2420.88,2422.414,1.5340000000000829,1.888000000000102,take_profit,False,1.5340000000001055,19.0,True,5.0,0.7382098171318721,0.622714148219462,0.5986525505293765,0.5,live_post_loss_cap;live_rolling_pf,4.431960989329119,2.7598448124119668,633.1372841898741,635.8971290022861,True,B1_technical_plus_macro_S5_000556,3,B1_technical_plus_macro,2023_2024
PAIRED_B1_technical_plus_macro,S5,2307093,2307096,2024-07-11T18:24:00,2024-07-11T18:27:00,2024-07-11T18:24:00,2024-07-11T18:27:00,1449,2422.09,2423.7995,1.7094999999999865,2.103999999999983,take_profit,False,1.7094999999999345,19.0,True,5.0,0.7452048823016334,0.6405841325195926,0.6187881429816674,0.5,live_post_loss_cap;live_rolling_pf,4.451279903016003,2.8514192752754024,635.8971290022861,638.7485482775614,True,B1_technical_plus_macro_S5_000557,4,B1_technical_plus_macro,2023_2024
PAIRED_B1_technical_plus_macro,S5,2307097,2307102,2024-07-11T18:28:00,2024-07-11T18:33:00,2024-07-11T18:28:00,2024-07-11T18:33:00,1449,2421.7,2423.5794285714283,1.8794285714285934,2.3131428571428843,take_profit,False,1.8794285714284342,19.0,True,5.0,0.7508275311036924,0.6549480652892886,0.6349731765779545,0.5,live_post_loss_cap;live_rolling_pf,4.47123983794293,2.928429881305114,638.7485482775614,641.6769781588665,True,B1_technical_plus_macro_S5_000558,5,B1_technical_plus_macro,2023_2024
PAIRED_B1_technical_plus_macro,S5,2307103,2307104,2024-07-11T18:34:00,2024-07-11T18:35:00,2024-07-11T18:34:00,2024-07-11T18:35:00,1449,2424.12,2421.7165714285716,1.9527857142856908,2.4034285714285426,stop_loss,False,-2.4034285714283214,19.0,True,5.0,-0.9267379090006851,-1.019279497631291,-1.0385589952626673,0.5,live_post_loss_cap;live_rolling_pf,4.491738847112066,-4.578337315575341,641.6769781588665,637.0986408432912,False,B1_technical_plus_macro_S5_000559,6,B1_technical_plus_macro,2023_2024
PAIRED_B1_technical_plus_macro,S5,2307119,2307129,2024-07-11T18:50:00,2024-07-11T19:00:00,2024-07-11T18:50:00,2024-07-11T19:00:00,1449,2418.12,2416.2651428571426,1.5070714285714304,1.854857142857145,stop_loss,False,-1.8548571428573268,19.0,True,5.0,-0.9070839737320996,-1.0244515858600862,-1.0489031717200832,0.5,live_post_loss_cap;live_rolling_pf,4.459690485903038,-4.568736990728506,637.0986408432912,632.5299038525626,False,B1_technical_plus_macro_S5_000560,7,B1_technical_plus_macro,2023_2024
PAIRED_B1_technical_plus_macro,S5,2314516,2314526,2024-07-19T04:14:00,2024-07-19T04:24:00,2024-07-19T04:14:00,2024-07-19T04:24:00,1453,2426.93,2423.7665714285713,2.570285714285657,3.1634285714285006,stop_loss,False,-3.1634285714285397,19.0,True,5.0,-0.9433415693959378,-1.0149101133168732,-1.0298202266337346,0.5,live_rolling_pf,4.427709326967938,-4.493726974767206,632.5299038525626,628.0361768777954,False,B1_technical_plus_macro_S5_000561,0,B1_technical_plus_macro,2023_2024
PAIRED_B1_technical_plus_macro,S5,2320036,2320040,2024-07-25T04:20:00,2024-07-25T04:24:00,2024-07-25T04:20:00,2024-07-25T04:24:00,1457,2392.3,2389.862285714286,1.9806428571428505,2.4377142857142777,stop_loss,False,-2.4377142857142644,19.0,True,5.0,-0.9276938131999513,-1.0190279438947434,-1.0380558877894916,0.5,live_rolling_pf,4.396253238144568,-4.479904898107066,628.0361768777954,623.5562719796883,False,B1_technical_plus_macro_S5_000562,0,B1_technical_plus_macro,2023_2024
PAIRED_B1_technical_plus_macro,S5,2320071,2320084,2024-07-25T04:55:00,2024-07-25T05:08:00,2024-07-25T04:55:00,2024-07-25T05:08:00,1460,2375.28,2379.1540000000005,3.8740000000000236,4.768000000000029,take_profit,False,3.874000000000251,19.0,True,5.0,0.78136345300529,0.7329568374344956,0.7228721258572468,0.5,live_post_loss_cap;live_rolling_pf,4.364893903857818,3.1992788315087357,623.5562719796883,626.755550811197,True,B1_technical_plus_macro_S5_000563,0,B1_technical_plus_macro,2023_2024
PAIRED_B1_technical_plus_macro,S5,2329169,2329174,2024-08-02T18:40:00,2024-08-02T18:45:00,2024-08-02T18:40:00,2024-08-02T18:45:00,1461,2424.18,2420.521714285714,2.972357142857163,3.6582857142857392,stop_loss,False,-3.6582857142857392,17.0,True,5.0,-0.9555937010224647,-1.0130606761698635,-1.0261213523397268,0.5,live_rolling_pf,4.38728885567838,-4.444589814686046,626.755550811197,622.310960996511,False,B1_technical_plus_macro_S5_000564,0,B1_technical_plus_macro,2023_2024
PAIRED_B1_technical_plus_macro,S5,2330156,2330162,2024-08-05T12:09:00,2024-08-05T12:15:00,2024-08-05T12:09:00,2024-08-05T12:15:00,1463,2424.21,2422.2202857142856,1.6166428571429703,1.989714285714425,stop_loss,False,-1.989714285714399,18.0,True,5.0,-0.9170397682380761,-1.0230445088227413,-1.046089017645495,0.5,live_rolling_pf,4.356176726975577,-4.4565626799937865,622.310960996511,617.8543983165172,False,B1_technical_plus_macro_S5_000565,0,B1_technical_plus_macro,2023_2024
PAIRED_B1_technical_plus_macro,S5,2330177,2330183,2024-08-05T12:30:00,2024-08-05T12:36:00,2024-08-05T12:30:00,2024-08-05T12:36:00,1465,2421.88,2423.791,1.9110000000000356,2.352000000000044,take_profit,False,1.9110000000000582,17.0,True,5.0,0.7577319587628966,0.6704996034893057,0.6506740681998532,0.5,live_post_loss_cap;live_rolling_pf,4.32498078821562,2.899897903597438,617.8543983165172,620.7542962201146,True,B1_technical_plus_macro_S5_000566,0,B1_technical_plus_macro,2023_2024
PAIRED_B1_technical_plus_macro,S5,2332451,2332453,2024-08-07T04:26:00,2024-08-07T04:28:00,2024-08-07T04:26:00,2024-08-07T04:28:00,1467,2381.13,2383.054,1.923999999999939,2.3679999999999253,take_profit,False,1.9239999999999782,17.0,True,5.0,0.7580772261623463,0.6713947990543847,0.6516942474389389,0.5,live_rolling_pf,4.345280073540803,2.917398441809949,620.7542962201146,623.6716946619246,True,B1_technical_plus_macro_S5_000567,0,B1_technical_plus_macro,2023_2024
PAIRED_B1_technical_plus_macro,S5,2340105,2340107,2024-08-14T17:06:00,2024-08-14T17:08:00,2024-08-14T17:06:00,2024-08-14T17:08:00,1474,2454.65,2451.9848571428574,2.165428571428502,2.665142857142772,stop_loss,False,-2.665142857142655,17.0,True,5.0,-0.9400382948704598,-1.017635795626282,-1.0352715912526052,0.5,live_rolling_pf,4.365701862633472,-4.442694488448154,623.6716946619246,619.2290001734764,False,B1_technical_plus_macro_S5_000568,0,B1_technical_plus_macro,2023_2024
PAIRED_B1_technical_plus_macro,S5,2340122,2340124,2024-08-14T17:23:00,2024-08-14T17:25:00,2024-08-14T17:23:00,2024-08-14T17:25:00,1478,2457.27,2454.9511428571427,1.8840714285714677,2.318857142857191,stop_loss,False,-2.3188571428572686,17.0,True,5.0,-0.9316955573413251,-1.0200895419584743,-1.0401790839169172,0.5,live_post_loss_cap;live_rolling_pf,4.334603001214335,-4.421683190080559,619.2290001734764,614.8073169833958,False,B1_technical_plus_macro_S5_000569,0,B1_technical_plus_macro,2023_2024
PAIRED_B1_technical_plus_macro,S5,2340143,2340190,2024-08-14T17:44:00,2024-08-14T18:31:00,2024-08-14T17:44:00,2024-08-14T18:31:00,1479,2450.87,2447.2082857142855,2.975142857142854,3.661714285714282,stop_loss,False,-3.6617142857144245,17.0,True,5.0,-0.9556334352397657,-1.0130489896354111,-1.0260979792707852,0.5,live_post_loss_cap;live_rolling_pf,4.303651218883771,-4.359809519033409,614.8073169833958,610.4475074643624,False,B1_technical_plus_macro_S5_000570,0,B1_technical_plus_macro,2023_2024
PAIRED_B1_technical_plus_macro,S5,2340205,2340210,2024-08-14T18:46:00,2024-08-14T18:51:00,2024-08-14T18:46:00,2024-08-14T18:51:00,1479,2442.51,2444.200928571429,1.6909285714284903,2.0811428571427575,take_profit,False,1.6909285714286852,17.0,True,5.0,0.7511422769387817,0.6534141388501874,0.6312031983755069,0.5,live_post_loss_cap;live_rolling_pf,4.273132552250537,2.7921252268214882,610.4475074643624,613.2396326911838,True,B1_technical_plus_macro_S5_000571,1,B1_technical_plus_macro,2023_2024
PAIRED_B1_technical_plus_macro,S5,2340212,2340220,2024-08-14T18:53:00,2024-08-14T19:01:00,2024-08-14T18:53:00,2024-08-14T19:01:00,1480,2442.75,2444.3081428571427,1.5581428571428757,1.9177142857143086,take_profit,False,1.558142857142684,17.0,True,5.0,0.7463391268645592,0.6409607225946822,0.6170110852606192,0.5,live_post_loss_cap;live_rolling_pf,4.292677428838287,2.751437626654071,613.2396326911838,615.9910703178379,True,B1_technical_plus_macro_S5_000572,0,B1_technical_plus_macro,2023_2024
PAIRED_B1_technical_plus_macro,S5,2356726,2356734,2024-08-30T18:22:00,2024-08-30T18:30:00,2024-08-30T18:22:00,2024-08-30T18:30:00,1482,2506.26,2504.0234285714287,1.8172142857143854,2.2365714285715512,stop_loss,False,-2.2365714285715512,17.0,True,5.0,-0.9293600854802363,-1.0207764454469894,-1.0415528908939786,0.5,live_rolling_pf,4.311937492224865,-4.401524226302903,615.9910703178379,611.589546091535,False,B1_technical_plus_macro_S5_000573,0,B1_technical_plus_macro,2023_2024
PAIRED_B1_technical_plus_macro,S5,2356749,2356751,2024-08-30T18:45:00,2024-08-30T18:47:00,2024-08-30T18:45:00,2024-08-30T18:47:00,1488,2504.99,2503.1865714285714,1.5,1.8034285714285425,stop_loss,False,-1.8034285714284124,17.0,True,5.0,-0.9138555089039433,-1.0253366150281669,-1.0506732300563992,0.5,live_post_loss_cap;live_rolling_pf,4.281126822640745,-4.389596084832753,611.589546091535,607.1999500067022,False,B1_technical_plus_macro_S5_000574,0,B1_technical_plus_macro,2023_2024
PAIRED_B1_technical_plus_macro,S5,2356808,2356809,2024-08-30T19:44:00,2024-08-30T19:45:00,2024-08-30T19:44:00,2024-08-30T19:45:00,1490,2497.22,2498.72,1.5,1.8377142857142255,take_profit,False,1.5,17.0,True,5.0,0.747118258147169,0.6375409136189176,0.6126369716806787,0.5,live_post_loss_cap;live_rolling_pf,4.250399650046916,2.7098036761364384,607.1999500067022,609.9097536828386,True,B1_technical_plus_macro_S5_000575,0,B1_technical_plus_macro,2023_2024
PAIRED_B1_technical_plus_macro,S5,2367522,2367523,2024-09-11T17:01:00,2024-09-11T17:02:00,2024-09-11T17:01:00,2024-09-11T17:02:00,1498,2509.04,2506.6845714285714,1.9137857142857684,2.355428571428638,stop_loss,False,-2.355428571428547,17.0,True,5.0,-0.9326846928385222,-1.0197986197533293,-1.0395972395066946,0.5,live_rolling_pf,4.269368275779871,-4.353895874858964,609.9097536828386,605.5558578079797,False,B1_technical_plus_macro_S5_000576,0,B1_technical_plus_macro,2023_2024
PAIRED_B1_technical_plus_macro,S5,2367540,2367553,2024-09-11T17:19:00,2024-09-11T17:32:00,2024-09-11T17:19:00,2024-09-11T17:32:00,1501,2507.3,2504.2360000000003,2.4895000000000373,3.0640000000000462,stop_loss,False,-3.063999999999851,17.0,True,5.0,-0.9474335188620306,-1.0154607297463836,-1.0309214594928273,0.5,live_post_loss_cap;live_rolling_pf,4.238891004655858,-4.304427352903218,605.5558578079797,601.2514304550765,False,B1_technical_plus_macro_S5_000577,0,B1_technical_plus_macro,2023_2024
PAIRED_B1_technical_plus_macro,S5,2367568,2367570,2024-09-11T17:47:00,2024-09-11T17:49:00,2024-09-11T17:47:00,2024-09-11T17:49:00,1502,2505.1,2506.8577857142855,1.7577857142856146,2.1634285714284487,take_profit,False,1.7577857142855464,17.0,True,5.0,0.7533059875106816,0.6590241214643928,0.6375964246356908,0.5,live_post_loss_cap;live_rolling_pf,4.208760013185535,2.7736743701440636,601.2514304550765,604.0251048252205,True,B1_technical_plus_macro_S5_000578,0,B1_technical_plus_macro,2023_2024
PAIRED_B1_technical_plus_macro,S5,2367571,2367572,2024-09-11T17:50:00,2024-09-11T17:51:00,2024-09-11T17:50:00,2024-09-11T17:51:00,1502,2507.06,2508.777857142857,1.7178571428571008,2.1142857142856624,take_profit,False,1.7178571428571558,17.0,True,5.0,0.752032520325226,0.6557223264540544,0.6338336460287881,0.5,live_post_loss_cap;live_rolling_pf,4.228175733776544,2.772509228808534,604.0251048252205,606.797614054029,True,B1_technical_plus_macro_S5_000579,1,B1_technical_plus_macro,2023_2024
PAIRED_B1_technical_plus_macro,S5,2367573,2367587,2024-09-11T17:52:00,2024-09-11T18:06:00,2024-09-11T17:52:00,2024-09-11T18:06:00,1502,2508.72,2510.4610714285714,1.7410714285714286,2.142857142857143,take_profit,False,1.7410714285715585,17.0,True,5.0,0.7527794935145714,0.657659048795609,0.6360407659049357,0.5,live_post_loss_cap;live_rolling_pf,4.247583298378204,2.793461591691525,606.797614054029,609.5910756457206,True,B1_technical_plus_macro_S5_000580,2,B1_technical_plus_macro,2023_2024
PAIRED_B1_technical_plus_macro,S5,2367591,2367594,2024-09-11T18:10:00,2024-09-11T18:13:00,2024-09-11T18:10:00,2024-09-11T18:13:00,1503,2512.13,2513.63,1.5,1.541714285714261,take_profit,False,1.5,17.0,True,5.0,0.876314471707574,0.7477883491904632,0.7185778668002107,0.5,live_post_loss_cap;live_rolling_pf,4.267137529520045,3.1909157289684655,609.5910756457206,612.781991374689,True,B1_technical_plus_macro_S5_000581,0,B1_technical_plus_macro,2023_2024
PAIRED_B1_technical_plus_macro,S5,2367596,2367605,2024-09-11T18:15:00,2024-09-11T18:24:00,2024-09-11T18:15:00,2024-09-11T18:24:00,1504,2513.6,2511.929142857143,1.5,1.6708571428570786,stop_loss,False,-1.6708571428571304,17.0,True,5.0,-0.9076517150396027,-1.0271612602825062,-1.0543225205649842,0.5,live_post_loss_cap;live_rolling_pf,4.289473939622823,-4.405981457771946,612.781991374689,608.376009916917,False,B1_technical_plus_macro_S5_000582,0,B1_technical_plus_macro,2023_2024
PAIRED_B1_technical_plus_macro,S5,2375529,2375561,2024-09-19T12:35:00,2024-09-19T13:07:00,2024-09-19T12:35:00,2024-09-19T13:07:00,1506,2592.14,2589.796,1.9044999999999783,2.343999999999973,stop_loss,False,-2.344000000000051,17.0,True,5.0,-0.9323786793954161,-1.0198886237072706,-1.0397772474145104,0.5,live_rolling_pf,4.258632069418419,-4.343330400154797,608.376009916917,604.0326795167623,False,B1_technical_plus_macro_S5_000583,0,B1_technical_plus_macro,2023_2024
PAIRED_B1_technical_plus_macro,S5,2384160,2384166,2024-09-27T18:33:00,2024-09-27T18:39:00,2024-09-27T18:33:00,2024-09-27T18:39:00,1509,2651.94,2649.6234285714286,1.8822142857143684,2.3165714285715304,stop_loss,False,-2.3165714285714785,17.0,True,5.0,-0.9316327703090708,-1.0201080087325993,-1.0402160174652193,0.5,live_rolling_pf,4.228228756617336,-4.3132500173788255,604.0326795167623,599.7194294993835,False,B1_technical_plus_macro_S5_000584,0,B1_technical_plus_macro,2023_2024
PAIRED_B1_technical_plus_macro,S5,2396475,2396475,2024-10-10T17:00:00,2024-10-10T17:00:00,2024-10-10T17:00:00,2024-10-10T17:00:00,1522,2626.7,2628.772571428571,2.072571428571444,2.550857142857162,take_profit,False,2.0725714285713366,17.0,True,5.0,0.7617347474534945,0.6808778746193042,0.6625013126115336,0.5,live_rolling_pf,4.198036006495685,2.8583498336780933,599.7194294993835,602.5777793330616,True,B1_technical_plus_macro_S5_000585,0,B1_technical_plus_macro,2023_2024
PAIRED_B1_technical_plus_macro,S5,2396478,2396481,2024-10-10T17:03:00,2024-10-10T17:06:00,2024-10-10T17:03:00,2024-10-10T17:06:00,1523,2628.74,2626.1262857142856,2.123642857142763,2.6137142857141695,stop_loss,False,-2.6137142857141953,17.0,True,5.0,-0.9389305142153408,-1.0179616134660883,-1.0359232269321672,0.5,live_rolling_pf,4.218044455331431,-4.293807339420871,602.5777793330616,598.2839719936408,False,B1_technical_plus_macro_S5_000586,0,B1_technical_plus_macro,2023_2024
PAIRED_B1_technical_plus_macro,S5,2396496,2396499,2024-10-10T17:21:00,2024-10-10T17:24:00,2024-10-10T17:21:00,2024-10-10T17:24:00,1525,2627.11,2624.1945714285716,2.368785714285777,2.9154285714286488,stop_loss,False,-2.9154285714284924,17.0,True,5.0,-0.9449023057690035,-1.0162052041855218,-1.032410408371094,0.5,live_post_loss_cap;live_rolling_pf,4.187987803955485,-4.255855001445059,598.2839719936408,594.0281169921957,False,B1_technical_plus_macro_S5_000587,0,B1_technical_plus_macro,2023_2024
PAIRED_B1_technical_plus_macro,S5,2396514,2396528,2024-10-10T17:39:00,2024-10-10T17:53:00,2024-10-10T17:39:00,2024-10-10T17:53:00,1527,2625.55,2623.0197142857146,2.055857142857089,2.530285714285648,stop_loss,False,-2.530285714285583,17.0,True,5.0,-0.9370436990794367,-1.0185165590942522,-1.0370331181885282,0.5,live_post_loss_cap;live_rolling_pf,4.1581968189453695,-4.235192316068903,594.0281169921957,589.7929246761267,False,B1_technical_plus_macro_S5_000588,0,B1_technical_plus_macro,2023_2024
PAIRED_B1_technical_plus_macro,S5,2396579,2396583,2024-10-10T18:44:00,2024-10-10T18:48:00,2024-10-10T18:44:00,2024-10-10T18:48:00,1528,2620.7,2622.328714285714,1.6287142857142825,2.0045714285714245,take_profit,False,1.628714285714068,17.0,True,5.0,0.7489817369595649,0.6478123768229205,0.6248193404282285,0.5,live_post_loss_cap;live_rolling_pf,4.128550472732887,2.6745260945744835,589.7929246761267,592.4674507707012,True,B1_technical_plus_macro_S5_000589,0,B1_technical_plus_macro,2023_2024
PAIRED_B1_technical_plus_macro,S5,2417312,2417313,2024-10-31T18:35:00,2024-10-31T18:36:00,2024-10-31T18:35:00,2024-10-31T18:36:00,1529,2742.1,2740.468,1.5,1.6320000000000228,stop_loss,False,-1.6320000000000618,17.0,True,5.0,-0.9056603773585135,-1.0277469478357595,-1.0554938956714972,0.5,live_rolling_pf,4.147272155394909,-4.262346299551349,592.4674507707012,588.2051044711499,False,B1_technical_plus_macro_S5_000590,0,B1_technical_plus_macro,2023_2024
PAIRED_B1_technical_plus_macro,S5,2420553,2420556,2024-11-05T04:40:00,2024-11-05T04:43:00,2024-11-05T04:40:00,2024-11-05T04:43:00,1531,2728.53,2726.437428571429,1.7002142857143652,2.0925714285715262,stop_loss,False,-2.0925714285713184,17.0,True,5.0,-0.9248642505365954,-1.022098749842059,-1.0441974996842098,0.5,live_rolling_pf,4.117435731298049,-4.20842591351476,588.2051044711499,583.996678557635,False,B1_technical_plus_macro_S5_000591,0,B1_technical_plus_macro,2023_2024
PAIRED_B1_technical_plus_macro,S5,2422144,2422148,2024-11-06T08:12:00,2024-11-06T08:16:00,2024-11-06T08:12:00,2024-11-06T08:16:00,1536,2733.12,2734.620571428571,1.5005714285714151,1.8468571428571263,take_profit,False,1.5005714285712202,17.0,True,5.0,0.7440147329649119,0.6349341266467357,0.610143079756241,0.5,live_rolling_pf,4.087976749903445,2.595595947452105,583.996678557635,586.5922745050872,True,B1_technical_plus_macro_S5_000592,0,B1_technical_plus_macro,2023_2024
PAIRED_B1_technical_plus_macro,S5,2422409,2422412,2024-11-06T12:37:00,2024-11-06T12:40:00,2024-11-06T12:37:00,2024-11-06T12:40:00,1540,2724.94,2723.0668571428573,1.5219285714286441,1.8731428571429465,stop_loss,False,-1.8731428571427386,17.0,True,5.0,-0.9167948538664941,-1.0244721018038407,-1.0489442036077832,0.5,live_rolling_pf,4.10614592153561,-4.206631942548855,586.5922745050872,582.3856425625384,False,B1_technical_plus_macro_S5_000593,0,B1_technical_plus_macro,2023_2024
PAIRED_B1_technical_plus_macro,S5,2427649,2427654,2024-11-12T08:02:00,2024-11-12T08:07:00,2024-11-12T08:02:00,2024-11-12T08:07:00,1546,2605.39,2607.0911428571426,1.7011428571429146,2.0937142857143565,take_profit,False,1.7011428571427132,17.0,True,5.0,0.7514830241069431,0.654297614539863,0.6322100214564357,0.5,live_rolling_pf,4.076699497937769,2.6673747566965393,582.3856425625384,585.0530173192349,True,B1_technical_plus_macro_S5_000594,0,B1_technical_plus_macro,2023_2024
PAIRED_B1_technical_plus_macro,S5,2429567,2429572,2024-11-13T17:01:00,2024-11-13T17:06:00,2024-11-13T17:01:00,2024-11-13T17:06:00,1555,2599.29,2596.1825714285715,2.524785714285635,3.107428571428474,stop_loss,False,-3.1074285714284997,17.0,True,5.0,-0.9481300671258018,-1.0152558626100685,-1.030511725220129,0.5,live_rolling_pf,4.095371121234644,-4.157849540397442,585.0530173192349,580.8951677788374,False,B1_technical_plus_macro_S5_000595,0,B1_technical_plus_macro,2023_2024
PAIRED_B1_technical_plus_macro,S5,2429589,2429600,2024-11-13T17:23:00,2024-11-13T17:34:00,2024-11-13T17:23:00,2024-11-13T17:34:00,1556,2598.48,2600.898,2.4179999999999966,2.975999999999996,take_profit,False,2.41800000000012,16.0,True,5.0,0.7710459183673862,0.7040816326531004,0.68813775510208,0.5,live_post_loss_cap;live_rolling_pf,4.066266174451862,2.8629833269101437,580.8951677788374,583.7581511057475,True,B1_technical_plus_macro_S5_000596,0,B1_technical_plus_macro,2023_2024
PAIRED_B1_technical_plus_macro,S5,2429601,2429608,2024-11-13T17:35:00,2024-11-13T17:42:00,2024-11-13T17:35:00,2024-11-13T17:42:00,1556,2598.45,2600.765857142857,2.315857142856979,2.850285714285513,take_profit,False,2.315857142857112,16.0,True,5.0,0.7693147304480291,0.6995539104024664,0.6829441913439991,0.5,live_post_loss_cap;live_rolling_pf,4.086307057740233,2.8585920813473766,583.7581511057475,586.6167431870949,True,B1_technical_plus_macro_S5_000597,1,B1_technical_plus_macro,2023_2024
PAIRED_B1_technical_plus_macro,S5,2429609,2429613,2024-11-13T17:43:00,2024-11-13T17:47:00,2024-11-13T17:43:00,2024-11-13T17:47:00,1556,2600.28,2602.4909285714284,2.2109285714284397,2.721142857142695,take_profit,False,2.2109285714282123,16.0,True,5.0,0.7673790162633061,0.6944912733041587,0.6771370487900761,0.5,live_post_loss_cap;live_rolling_pf,4.106317202309665,2.85180146242281,586.6167431870949,589.4685446495178,True,B1_technical_plus_macro_S5_000598,2,B1_technical_plus_macro,2023_2024
PAIRED_B1_technical_plus_macro,S5,2429614,2429619,2024-11-13T17:48:00,2024-11-13T17:53:00,2024-11-13T17:48:00,2024-11-13T17:53:00,1556,2602.77,2604.806357142857,2.0363571428570855,2.506285714285644,take_profit,False,2.036357142857014,17.0,True,5.0,0.7608892921959791,0.6786858118927849,0.660003202732968,0.5,live_post_loss_cap;live_rolling_pf,4.126279812546624,2.8004475646750135,589.4685446495178,592.2689922141927,True,B1_technical_plus_macro_S5_000599,3,B1_technical_plus_macro,2023_2024
PAIRED_B1_technical_plus_macro,S5,2429620,2429623,2024-11-13T17:54:00,2024-11-13T17:57:00,2024-11-13T17:54:00,2024-11-13T17:57:00,1556,2604.69,2606.4849285714286,1.7949285714285645,2.2091428571428486,take_profit,False,1.7949285714284997,16.0,True,5.0,0.7576278340568947,0.6689881813796151,0.647883502170739,0.5,live_post_loss_cap;live_rolling_pf,4.145882945499349,2.773546691922372,592.2689922141927,595.042538906115,True,B1_technical_plus_macro_S5_000600,4,B1_technical_plus_macro,2023_2024
PAIRED_B1_technical_plus_macro,S5,2429624,2429631,2024-11-13T17:58:00,2024-11-13T18:05:00,2024-11-13T17:58:00,2024-11-13T18:05:00,1557,2604.71,2602.788857142857,1.5609285714286507,1.9211428571429547,stop_loss,False,-1.9211428571429678,17.0,True,5.0,-0.9187047410848577,-1.0239103702691676,-1.0478207405383289,0.5,live_post_loss_cap;live_rolling_pf,4.1652977723428055,-4.2648915843608615,595.042538906115,590.7776473217542,False,B1_technical_plus_macro_S5_000601,0,B1_technical_plus_macro,2023_2024
PAIRED_B1_technical_plus_macro,S5,2429647,2429652,2024-11-13T18:21:00,2024-11-13T18:26:00,2024-11-13T18:21:00,2024-11-13T18:26:00,1559,2599.78,2597.842857142857,1.5739285714285969,1.9371428571428884,stop_loss,False,-1.9371428571430442,16.0,True,5.0,-0.92370572207092,-1.0238419618529349,-1.0476839237057956,0.5,live_post_loss_cap;live_rolling_pf,4.13544353125228,-4.234040618169363,590.7776473217542,586.5436067035848,False,B1_technical_plus_macro_S5_000602,0,B1_technical_plus_macro,2023_2024
PAIRED_B1_technical_plus_macro,S5,2429667,2429681,2024-11-13T18:41:00,2024-11-13T18:55:00,2024-11-13T18:41:00,2024-11-13T18:55:00,1559,2591.08,2587.864,2.6130000000000724,3.2160000000000895,stop_loss,False,-3.2159999999998945,16.0,True,5.0,-0.9526066350710335,-1.0148104265402262,-1.02962085308051,0.5,live_post_loss_cap;live_rolling_pf,4.105805246925094,-4.166613973923154,586.5436067035848,582.3769927296617,False,B1_technical_plus_macro_S5_000603,1,B1_technical_plus_macro,2023_2024
PAIRED_B1_technical_plus_macro,S5,2429698,2429700,2024-11-13T19:12:00,2024-11-13T19:14:00,2024-11-13T19:12:00,2024-11-13T19:14:00,1559,2582.29,2579.923142857143,1.9230714285713053,2.366857142856991,stop_loss,False,-2.366857142857043,16.0,True,5.0,-0.9366802351877146,-1.019787426503866,-1.0395748530077116,0.5,live_post_loss_cap;live_rolling_pf,4.076638949107632,-4.157305142695896,582.3769927296617,578.2196875869657,False,B1_technical_plus_macro_S5_000604,2,B1_technical_plus_macro,2023_2024
PAIRED_B1_technical_plus_macro,S5,2429715,2429716,2024-11-13T19:29:00,2024-11-13T19:30:00,2024-11-13T19:29:00,2024-11-13T19:30:00,1559,2578.25,2579.912142857143,1.6621428571428234,2.045714285714244,take_profit,False,1.6621428571429533,17.0,True,5.0,0.7501611863314566,0.6508704061896108,0.6283043197937367,0.5,live_post_loss_cap;live_rolling_pf,4.04753781310876,2.6344225804859076,578.2196875869657,580.8541101674516,True,B1_technical_plus_macro_S5_000605,3,B1_technical_plus_macro,2023_2024
PAIRED_B1_technical_plus_macro,S5,2443388,2443390,2024-11-27T17:34:00,2024-11-27T17:36:00,2024-11-27T17:34:00,2024-11-27T17:36:00,1560,2641.4,2638.6251428571427,2.2545714285714893,2.774857142857218,stop_loss,False,-2.7748571428573996,16.0,True,5.0,-0.9454828660436769,-1.017036604361432,-1.0340732087228024,0.5,live_rolling_pf,4.065978771172161,-4.1352492428386025,580.8541101674516,576.718860924613,False,B1_technical_plus_macro_S5_000606,0,B1_technical_plus_macro,2023_2024
PAIRED_B1_technical_plus_macro,S5,2443423,2443446,2024-11-27T18:09:00,2024-11-27T18:32:00,2024-11-27T18:09:00,2024-11-27T18:32:00,1562,2640.59,2638.552285714286,1.655642857142935,2.0377142857143813,stop_loss,False,-2.0377142857141735,16.0,True,5.0,-0.9271970878834239,-1.022750910036306,-1.0455018200727062,0.5,live_post_loss_cap;live_rolling_pf,4.037032026472291,-4.128878178920248,576.718860924613,572.5899827456927,False,B1_technical_plus_macro_S5_000607,0,B1_technical_plus_macro,2023_2024
PAIRED_B1_technical_plus_macro,S5,2445209,2445217,2024-11-29T04:31:00,2024-11-29T04:39:00,2024-11-29T04:31:00,2024-11-29T04:39:00,1564,2660.63,2658.39,1.8200000000001182,2.2400000000001454,stop_loss,False,-2.2400000000002365,16.0,True,5.0,-0.9333333333333752,-1.02083333333337,-1.0416666666667018,0.5,live_rolling_pf,4.008129879219849,-4.091632585037076,572.5899827456927,568.4983501606556,False,B1_technical_plus_macro_S5_000608,0,B1_technical_plus_macro,2023_2024
PAIRED_B1_technical_plus_macro,S5,2452734,2452738,2024-12-06T17:19:00,2024-12-06T17:23:00,2024-12-06T17:19:00,2024-12-06T17:23:00,1570,2637.44,2635.0502857142856,1.9416428571428437,2.3897142857142692,stop_loss,False,-2.38971428571449,16.0,True,5.0,-0.937247870909992,-1.019610040340741,-1.0392200806813956,0.5,live_rolling_pf,3.979488451124589,-4.057526380186656,568.4983501606556,564.4408237804689,False,B1_technical_plus_macro_S5_000609,0,B1_technical_plus_macro,2023_2024
PAIRED_B1_technical_plus_macro,S5,2456853,2456854,2024-12-11T17:02:00,2024-12-11T17:03:00,2024-12-11T17:02:00,2024-12-11T17:03:00,1574,2706.3,2708.211928571429,1.9119285714285428,2.353142857142822,take_profit,False,1.9119285714286889,16.0,True,5.0,0.7607719417917808,0.67721123237841,0.6573158253752264,0.5,live_rolling_pf,3.9510857664632826,2.6757196611393943,564.4408237804689,567.1165434416083,True,B1_technical_plus_macro_S5_000610,0,B1_technical_plus_macro,2023_2024
PAIRED_B1_technical_plus_macro,S5,2456858,2456859,2024-12-11T17:07:00,2024-12-11T17:08:00,2024-12-11T17:07:00,2024-12-11T17:08:00,1575,2707.9,2709.9502857142857,2.0502857142857076,2.523428571428563,take_profit,False,2.0502857142855646,16.0,True,5.0,0.7640545144803554,0.6857964224871694,0.6671635434411728,0.5,live_rolling_pf,3.969815804091258,2.722485476378811,567.1165434416083,569.8390289179871,True,B1_technical_plus_macro_S5_000611,0,B1_technical_plus_macro,2023_2024
PAIRED_B1_technical_plus_macro,S5,2456860,2456860,2024-12-11T17:09:00,2024-12-11T17:09:00,2024-12-11T17:09:00,2024-12-11T17:09:00,1575,2710.09,2707.5642857142857,2.0521428571428486,2.5257142857142756,stop_loss,False,-2.525714285714457,16.0,True,5.0,-0.9404255319149609,-1.0186170212766634,-1.0372340425532591,0.5,live_rolling_pf,3.9888732024259097,-4.063134139705386,569.8390289179871,565.7758947782817,False,B1_technical_plus_macro_S5_000612,1,B1_technical_plus_macro,2023_2024
PAIRED_B1_technical_plus_macro,S5,2456875,2456881,2024-12-11T17:24:00,2024-12-11T17:30:00,2024-12-11T17:24:00,2024-12-11T17:30:00,1575,2710.38,2712.4535,2.07350000000012,2.552000000000148,take_profit,False,2.0734999999999673,16.0,True,5.0,0.7645648967551084,0.6871312684365286,0.6686946902654382,0.5,live_post_loss_cap;live_rolling_pf,3.9604312634479717,2.7213361576086883,565.7758947782817,568.4972309358903,True,B1_technical_plus_macro_S5_000613,2,B1_technical_plus_macro,2023_2024
PAIRED_B1_technical_plus_macro,S5,2456882,2456888,2024-12-11T17:31:00,2024-12-11T17:37:00,2024-12-11T17:31:00,2024-12-11T17:37:00,1576,2712.49,2714.439071428571,1.9490714285714086,2.398857142857118,take_profit,False,1.9490714285711874,16.0,True,5.0,0.7616960696738747,0.6796281822241196,0.6600882090217969,0.5,live_post_loss_cap;live_rolling_pf,3.9794806165512324,2.704567177622833,568.4972309358903,571.2017981135132,True,B1_technical_plus_macro_S5_000614,0,B1_technical_plus_macro,2023_2024
PAIRED_B1_technical_plus_macro,S5,2456889,2456909,2024-12-11T17:38:00,2024-12-11T17:58:00,2024-12-11T17:38:00,2024-12-11T17:58:00,1577,2714.56,2712.3188571428573,1.820928571428541,2.24114285714282,stop_loss,False,-2.241142857142677,16.0,True,5.0,-0.9333650642550559,-1.0208234174202166,-1.041646834840493,0.5,live_post_loss_cap;live_rolling_pf,3.998412586794592,-4.081673201107664,571.2017981135132,567.1201249124055,False,B1_technical_plus_macro_S5_000615,0,B1_technical_plus_macro,2023_2024
PAIRED_B1_technical_plus_macro,S5,2456924,2456925,2024-12-11T18:13:00,2024-12-11T18:14:00,2024-12-11T18:13:00,2024-12-11T18:14:00,1580,2713.69,2715.312214285714,1.6222142857142672,1.9965714285714058,take_profit,False,1.622214285714108,16.0,True,5.0,0.7522191308955269,0.6548423423422668,0.6316573926867287,0.5,live_post_loss_cap;live_rolling_pf,3.969840874386838,2.5996198969095494,567.1201249124055,569.719744809315,True,B1_technical_plus_macro_S5_000616,0,B1_technical_plus_macro,2023_2024
PAIRED_B1_technical_plus_macro,S5,2456926,2456944,2024-12-11T18:15:00,2024-12-11T18:33:00,2024-12-11T18:15:00,2024-12-11T18:33:00,1580,2715.95,2717.622357142857,1.6723571428571211,2.0582857142856876,take_profit,False,1.6723571428569812,17.0,True,5.0,0.7505128862674066,0.6517822797793942,0.6293435055775731,0.5,live_post_loss_cap;live_rolling_pf,3.988038213665205,2.59933263875005,569.719744809315,572.3190774480651,True,B1_technical_plus_macro_S5_000617,1,B1_technical_plus_macro,2023_2024
PAIRED_B1_technical_plus_macro,S5,2456945,2456945,2024-12-11T18:34:00,2024-12-11T18:34:00,2024-12-11T18:34:00,2024-12-11T18:34:00,1582,2716.17,2714.4865714285716,1.5,1.6834285714286776,stop_loss,False,-1.6834285714285215,16.0,True,5.0,-0.9132052076874592,-1.027123372597558,-1.0542467451952005,0.5,live_post_loss_cap;live_rolling_pf,4.006233542136456,-4.114896107212657,572.3190774480651,568.2041813408524,False,B1_technical_plus_macro_S5_000618,0,B1_technical_plus_macro,2023_2024
PAIRED_B1_technical_plus_macro,S5,2456960,2456962,2024-12-11T18:49:00,2024-12-11T18:51:00,2024-12-11T18:49:00,2024-12-11T18:51:00,1582,2713.66,2715.16,1.5,1.7005714285714413,take_profit,False,1.5,16.0,True,5.0,0.8062039312039257,0.6933353808353762,0.6664619164619119,0.5,live_post_loss_cap;live_rolling_pf,3.977429269385967,2.7576924372354914,568.2041813408524,570.9618737780879,True,B1_technical_plus_macro_S5_000619,1,B1_technical_plus_macro,2023_2024
PAIRED_B1_technical_plus_macro,S5,2456965,2456973,2024-12-11T18:54:00,2024-12-11T19:02:00,2024-12-11T18:54:00,2024-12-11T19:02:00,1583,2715.82,2717.32,1.5,1.610285714285783,take_profit,False,1.5,16.0,True,5.0,0.8473208521626527,0.7286959328598814,0.7004519044544596,0.5,live_post_loss_cap;live_rolling_pf,3.9967331164466153,2.9124031666810475,570.9618737780879,573.874276944769,True,B1_technical_plus_macro_S5_000620,0,B1_technical_plus_macro,2023_2024
PAIRED_B1_technical_plus_macro,S5,2464046,2464063,2024-12-18T22:01:00,2024-12-18T22:18:00,2024-12-18T22:01:00,2024-12-18T22:18:00,1588,2606.94,2602.8554285714285,3.31871428571435,4.084571428571508,stop_loss,False,-4.084571428571508,16.0,True,5.0,-0.9623047926763604,-1.0117797522886374,-1.0235595045772747,0.5,live_rolling_pf,4.017119938613384,-4.064440616403996,573.874276944769,569.809836328365,False,B1_technical_plus_macro_S5_000621,0,B1_technical_plus_macro,2023_2024
PAIRED_B1_technical_plus_macro,S5,2464079,2464081,2024-12-18T22:34:00,2024-12-18T22:36:00,2024-12-18T22:34:00,2024-12-18T22:36:00,1592,2592.21,2588.4785714285713,3.0317857142856806,3.73142857142853,stop_loss,False,-3.7314285714287507,16.0,True,5.0,-0.9588839941263411,-1.0128487518355929,-1.0256975036711289,0.5,live_post_loss_cap;live_rolling_pf,3.988668854298555,-4.039918270561796,569.809836328365,565.7699180578032,False,B1_technical_plus_macro_S5_000622,0,B1_technical_plus_macro,2023_2024
PAIRED_B1_technical_plus_macro,S5,2464117,2464132,2024-12-18T23:12:00,2024-12-18T23:27:00,2024-12-18T23:12:00,2024-12-18T23:27:00,1598,2593.67,2591.2905714285716,1.933285714285645,2.379428571428486,stop_loss,False,-2.3794285714284342,16.0,True,5.0,-0.9369936993699144,-1.0196894689468747,-1.0393789378937701,0.5,live_post_loss_cap;live_rolling_pf,3.960389426404623,-4.038367391033348,565.7699180578032,561.7315506667699,False,B1_technical_plus_macro_S5_000623,0,B1_technical_plus_macro,2023_2024
PAIRED_B1_technical_plus_macro,S5,2464148,2464159,2024-12-18T23:43:00,2024-12-18T23:54:00,2024-12-18T23:43:00,2024-12-18T23:54:00,1600,2588.15,2586.0734285714284,1.6872142857143348,2.076571428571489,stop_loss,False,-2.0765714285716967,20.0,True,5.0,-0.9121485943776035,-1.021962851405713,-1.043925702811335,0.5,live_post_loss_cap;live_rolling_pf,3.932120854667389,-4.018481440707754,561.7315506667699,557.7130692260621,False,B1_technical_plus_macro_S5_000624,0,B1_technical_plus_macro,2023_2024
PAIRED_B1_technical_plus_macro,S5,2464165,2464166,2024-12-19T01:01:00,2024-12-19T01:02:00,2024-12-19T01:01:00,2024-12-19T01:02:00,1603,2583.65,2585.2657142857142,1.615714285714294,1.988571428571439,take_profit,False,1.615714285714148,24.0,True,5.0,0.7249999999999347,0.5948717948717301,0.5724358974358329,0.5,live_post_loss_cap;live_rolling_pf,3.9039914845824346,2.322374421597503,557.7130692260621,560.0354436476596,True,B1_technical_plus_macro_S5_000625,0,B1_technical_plus_macro,2023_2024
PAIRED_B1_technical_plus_macro,S5,2464881,2464914,2024-12-19T12:57:00,2024-12-19T13:30:00,2024-12-19T12:57:00,2024-12-19T13:30:00,1604,2620.8,2618.577142857143,1.806071428571412,2.2228571428571224,stop_loss,False,-2.222857142857265,18.0,True,5.0,-0.9250891795482156,-1.0208085612366824,-1.041617122473306,0.5,live_rolling_pf,3.920248105533617,-4.001822828300601,560.0354436476596,556.0336208193589,False,B1_technical_plus_macro_S5_000626,0,B1_technical_plus_macro,2023_2024
