report_date,contract_code,contract_name,source_year,open_interest,producer_long,producer_short,swap_long,swap_short,managed_money_long,managed_money_short,COT_MM_NET_PCT_OI,COT_MM_NET_CHG_1W,COT_PROD_NET_PCT_OI,COT_SWAP_NET_PCT_OI,COT_MM_VS_PROD_SPREAD,availability_time_utc
2015-01-06,088691,GOLD - COMMODITY EXCHANGE INC.,2015,394021,32669,92020,58869,122190,128325,34129,0.23906340017410241,,-0.15062902738686518,-0.16070463249420716,0.38969242756096756,2015-01-10 05:00:00+00:00
2015-01-13,088691,GOLD - COMMODITY EXCHANGE INC.,2015,402108,34607,99314,57011,129980,132173,30232,0.25351646821252,0.014453068038417588,-0.16091945447491718,-0.18146617326688352,0.41443592268743717,2015-01-17 05:00:00+00:00
2015-01-20,088691,GOLD - COMMODITY EXCHANGE INC.,2015,430128,29306,114948,56831,148999,155602,26261,0.30070351151285196,0.047187043300331966,-0.19910817245099133,-0.21428040025294795,0.49981168396384329,2015-01-24 05:00:00+00:00
2015-01-27,088691,GOLD - COMMODITY EXCHANGE INC.,2015,438279,24610,121126,49720,159364,173110,19873,0.34963345266371421,0.048929941150862244,-0.22021588987836516,-0.25016941263441778,0.56984934254207942,2015-01-31 05:00:00+00:00
2015-02-03,088691,GOLD - COMMODITY EXCHANGE INC.,2015,419524,27037,117623,52559,165246,167310,18984,0.35355784174445326,0.0039243890807390547,-0.21592566813817565,-0.26860680199464154,0.56948350988262897,2015-02-07 05:00:00+00:00
2015-02-10,088691,GOLD - COMMODITY EXCHANGE INC.,2015,393232,23007,101513,58748,150833,140835,21298,0.30398594214102614,-0.049571899603427116,-0.19964295886397851,-0.23417473654229565,0.50362890100500468,2015-02-14 05:00:00+00:00
2015-02-17,088691,GOLD - COMMODITY EXCHANGE INC.,2015,389530,22366,96511,63983,133473,128595,32903,0.24566015454522117,-0.058325787595804979,-0.19034477447179934,-0.17839447539342285,0.43600492901702048,2015-02-21 05:00:00+00:00
2015-02-24,088691,GOLD - COMMODITY EXCHANGE INC.,2015,399307,24350,95758,67813,132099,124595,35108,0.2241057632348043,-0.021554391310416865,-0.17882982266777192,-0.16099392196981269,0.40293558590257622,2015-02-28 05:00:00+00:00
2015-03-03,088691,GOLD - COMMODITY EXCHANGE INC.,2015,405124,23666,89987,71498,128564,115279,42320,0.18009054018029047,-0.04401522305451383,-0.16370543339816945,-0.14086057602116883,0.34379597357845992,2015-03-07 05:00:00+00:00
2015-03-10,088691,GOLD - COMMODITY EXCHANGE INC.,2015,410918,26168,78115,78066,115461,107032,58359,0.11844942299923586,-0.061641117181054611,-0.12641694936702699,-0.091003557887461728,0.24486637236626285,2015-03-14 04:00:00+00:00
2015-03-17,088691,GOLD - COMMODITY EXCHANGE INC.,2015,429738,30755,74063,76537,89719,97847,78623,0.044734233416639908,-0.073715189582595958,-0.1007776831464753,-0.030674504000111697,0.14551191656311521,2015-03-21 04:00:00+00:00
2015-03-24,088691,GOLD - COMMODITY EXCHANGE INC.,2015,433767,27523,72822,81595,89221,98784,87349,0.026362079180758332,-0.018372154235881576,-0.10443164187224939,-0.017580867147570008,0.13079372105300771,2015-03-28 04:00:00+00:00
2015-03-31,088691,GOLD - COMMODITY EXCHANGE INC.,2015,387585,25366,75694,70154,100941,103808,67752,0.093027335939213335,0.066665256758454999,-0.12985022640195054,-0.079432898589986714,0.22287756234116388,2015-04-04 04:00:00+00:00
2015-04-07,088691,GOLD - COMMODITY EXCHANGE INC.,2015,390571,24724,85642,62352,109723,112747,57072,0.14254770579484907,0.049520369855635737,-0.15597164151972367,-0.12128652664944402,0.29851934731457275,2015-04-11 04:00:00+00:00
2015-04-14,088691,GOLD - COMMODITY EXCHANGE INC.,2015,395089,23642,83946,59580,102869,110439,62390,0.1216156359706294,-0.020932069824219676,-0.15263396348670805,-0.10956771765349073,0.27424959945733746,2015-04-18 04:00:00+00:00
2015-04-21,088691,GOLD - COMMODITY EXCHANGE INC.,2015,397379,21523,75074,58445,109900,108259,60134,0.12110604737542749,-0.00050958859520190691,-0.13476051829613542,-0.12948595673148305,0.25586656567156291,2015-04-25 04:00:00+00:00
2015-04-28,088691,GOLD - COMMODITY EXCHANGE INC.,2015,403575,18237,71952,57350,110507,114952,64369,0.12533729790001857,0.0042312505245910847,-0.13309793718639659,-0.13171529455491543,0.25843523508641519,2015-05-02 04:00:00+00:00
2015-05-05,088691,GOLD - COMMODITY EXCHANGE INC.,2015,399988,20250,60415,66517,100514,98957,76100,0.057144214326429792,-0.068193083573588775,-0.10041551246537396,-0.084995049851495544,0.15755972679180374,2015-05-09 04:00:00+00:00
2015-05-12,088691,GOLD - COMMODITY EXCHANGE INC.,2015,405612,20691,64014,65253,99432,104207,76488,0.068338707927773343,0.011194493601343551,-0.10680897014881216,-0.084265258424306974,0.17514767807658549,2015-05-16 04:00:00+00:00
2015-05-19,088691,GOLD - COMMODITY EXCHANGE INC.,2015,428597,17951,94860,61564,116989,132306,53689,0.18342872208624886,0.11509001415847551,-0.1794436265302837,-0.12931728406871723,0.36287234861653256,2015-05-23 04:00:00+00:00
2015-05-26,088691,GOLD - COMMODITY EXCHANGE INC.,2015,411961,17429,91862,66036,101323,125069,58825,0.16080162928044159,-0.02262709280580727,-0.18067972453703141,-0.085656166481778609,0.34148135381747302,2015-05-30 04:00:00+00:00
2015-06-02,088691,GOLD - COMMODITY EXCHANGE INC.,2015,398724,16934,90560,67739,102263,125229,63482,0.15486150821119371,-0.0059401210692478779,-0.18465404640804164,-0.086586210009931677,0.33951555461923533,2015-06-06 04:00:00+00:00
2015-06-09,088691,GOLD - COMMODITY EXCHANGE INC.,2015,406069,18488,79791,77467,94753,121125,83486,0.092691143623374356,-0.062170364587819354,-0.15096695389207254,-0.042569120026399454,0.2436580975154469,2015-06-13 04:00:00+00:00
2015-06-16,088691,GOLD - COMMODITY EXCHANGE INC.,2015,415718,16454,75845,76500,93746,124527,89529,0.084186876680826903,-0.0085042669425474532,-0.14286367200842878,-0.041484852712656173,0.22705054868925567,2015-06-20 04:00:00+00:00
2015-06-23,088691,GOLD - COMMODITY EXCHANGE INC.,2015,430978,15949,91484,71617,96970,124843,84927,0.092617256565300315,0.0084303798844734129,-0.17526416661639341,-0.058826668646659461,0.26788142318169372,2015-06-27 04:00:00+00:00
2015-06-30,088691,GOLD - COMMODITY EXCHANGE INC.,2015,442301,16748,81821,77261,86957,115188,99565,0.035322099656116539,-0.057295156909183777,-0.14712379126431999,-0.021921722989547841,0.18244589092043653,2015-07-04 04:00:00+00:00
2015-07-07,088691,GOLD - COMMODITY EXCHANGE INC.,2015,452145,18678,72089,82437,81615,111482,109383,0.0046423160711718588,-0.030679783584944678,-0.11812803414833736,0.0018180008625551538,0.12277035021950922,2015-07-11 04:00:00+00:00
2015-07-14,088691,GOLD - COMMODITY EXCHANGE INC.,2015,462664,22205,74248,81349,77775,108413,109536,-0.0024272474192934827,-0.0070695634904653411,-0.11248551864852246,0.0077248283851780123,0.11005827122922898,2015-07-18 04:00:00+00:00
2015-07-21,088691,GOLD - COMMODITY EXCHANGE INC.,2015,459760,26690,66493,80298,62079,106297,119853,-0.029484948668870716,-0.027057701249577234,-0.086573429615451544,0.039627196798329566,0.057088480946580825,2015-07-25 04:00:00+00:00
2015-07-28,088691,GOLD - COMMODITY EXCHANGE INC.,2015,438282,22082,58546,83026,61828,106284,120917,-0.033387179943506692,-0.0039022312746359762,-0.083197575989887793,0.048366120443002453,0.0498103960463811,2015-08-01 04:00:00+00:00
2015-08-04,088691,GOLD - COMMODITY EXCHANGE INC.,2015,434273,20798,60201,87818,63235,103573,114860,-0.025990563539524676,0.0073966164039820162,-0.090733248440497113,0.056607249356971305,0.06474268490097243,2015-08-08 04:00:00+00:00
2015-08-11,088691,GOLD - COMMODITY EXCHANGE INC.,2015,435489,18426,62110,86266,67040,108507,113937,-0.012468742034816035,0.013521821504708641,-0.10031022597585702,0.044148072626403884,0.087841483941040993,2015-08-15 04:00:00+00:00
2015-08-18,088691,GOLD - COMMODITY EXCHANGE INC.,2015,432728,17508,63587,86133,70002,112075,104158,0.018295557486458006,0.03076429952127404,-0.10648490506738643,0.037277458357212842,0.12478046255384444,2015-08-22 04:00:00+00:00
2015-08-25,088691,GOLD - COMMODITY EXCHANGE INC.,2015,432154,14467,80360,82325,79068,119456,78842,0.093980386621435874,0.075684829134977871,-0.15247573781568607,0.0075366651702865181,0.24645612443712195,2015-08-29 04:00:00+00:00
2015-09-01,088691,GOLD - COMMODITY EXCHANGE INC.,2015,410274,12944,80229,74975,76778,112641,72044,0.098950944978234062,0.0049705583567981881,-0.16400015599331177,-0.004394624080492549,0.26295110097154584,2015-09-05 04:00:00+00:00
2015-09-08,088691,GOLD - COMMODITY EXCHANGE INC.,2015,421732,20513,77612,74098,72978,112684,85859,0.063606745516109758,-0.035344199462124304,-0.13539167053958437,0.0026557150038413022,0.19899841605569413,2015-09-12 04:00:00+00:00
2015-09-15,088691,GOLD - COMMODITY EXCHANGE INC.,2015,413333,17304,60606,78146,67823,104300,95493,0.021307275247802619,-0.042299470268307139,-0.10476298771208686,0.024975020141145277,0.12607026295988949,2015-09-19 04:00:00+00:00
2015-09-22,088691,GOLD - COMMODITY EXCHANGE INC.,2015,419304,19677,75195,69713,71423,107531,86702,0.049675176005952719,0.0283679007581501,-0.13240512849865491,-0.0040781867094041553,0.18208030450460763,2015-09-26 04:00:00+00:00
2015-09-29,088691,GOLD - COMMODITY EXCHANGE INC.,2015,415700,25515,87605,61785,72838,112633,72069,0.097579985566514316,0.047904809560561597,-0.1493625210488333,-0.026588886216021169,0.24694250661534761,2015-10-03 04:00:00+00:00
2015-10-06,088691,GOLD - COMMODITY EXCHANGE INC.,2015,430228,25741,92163,63322,85369,115414,69576,0.10654350716364347,0.0089635215971291538,-0.15438790594754409,-0.051244921297544557,0.26093141311118756,2015-10-10 04:00:00+00:00
2015-10-13,088691,GOLD - COMMODITY EXCHANGE INC.,2015,435928,24080,103595,63188,102167,128350,51137,0.17712328641427025,0.070579779250626778,-0.1824039749683434,-0.089416142115211691,0.35952726138261365,2015-10-17 04:00:00+00:00
2015-10-20,088691,GOLD - COMMODITY EXCHANGE INC.,2015,467792,24068,125536,56278,118110,156199,39855,0.24870882785511508,0.071585541440844835,-0.21690836953175771,-0.13217840407702569,0.46561719738687279,2015-10-24 04:00:00+00:00
2015-10-27,088691,GOLD - COMMODITY EXCHANGE INC.,2015,466780,24021,126967,56525,119427,147660,33568,0.24442349715069198,-0.004285330704423107,-0.22054501049745062,-0.13475727323364325,0.46496850764814257,2015-10-31 04:00:00+00:00
2015-11-03,088691,GOLD - COMMODITY EXCHANGE INC.,2015,443900,26094,115320,64033,99795,116702,49495,0.1514012164902005,-0.09302228066049148,-0.20100473079522416,-0.080563189907636862,0.35240594728542463,2015-11-07 05:00:00+00:00
2015-11-10,088691,GOLD - COMMODITY EXCHANGE INC.,2015,436426,25898,90778,69343,76357,91880,75011,0.038652600899121502,-0.11274861559107899,-0.14866208704339337,-0.016071453121491386,0.18731468794251488,2015-11-14 05:00:00+00:00
2015-11-17,088691,GOLD - COMMODITY EXCHANGE INC.,2015,435376,25079,75078,73481,51955,90510,104433,-0.031979254713167468,-0.070631855612288963,-0.11484096505089854,0.049442321120135239,0.08286171033773107,2015-11-21 05:00:00+00:00
2015-11-24,088691,GOLD - COMMODITY EXCHANGE INC.,2015,397705,25625,67103,66384,36889,91059,107723,-0.041900403565456809,-0.009921148852289341,-0.10429338328660691,0.074163010271432336,0.062392979721150099,2015-11-28 05:00:00+00:00
2015-12-01,088691,GOLD - COMMODITY EXCHANGE INC.,2015,390940,27538,59821,66447,37075,89982,110548,-0.052606538087686089,-0.01070613452222928,-0.082577889190157058,0.075131733769887965,0.029971351102470969,2015-12-05 05:00:00+00:00
2015-12-08,088691,GOLD - COMMODITY EXCHANGE INC.,2015,394128,25951,62512,63378,40814,92488,109910,-0.044203913449437748,0.0084026246382483405,-0.092764279624893434,0.057250436406446635,0.048560366175455685,2015-12-12 05:00:00+00:00
2015-12-15,088691,GOLD - COMMODITY EXCHANGE INC.,2015,390944,20596,61412,68154,35604,83617,110836,-0.069623782434312845,-0.025419868984875096,-0.10440369976262585,0.083260006548252441,0.034779917328313009,2015-12-19 05:00:00+00:00
2015-12-22,088691,GOLD - COMMODITY EXCHANGE INC.,2015,405294,19453,73397,70804,39111,79979,100041,-0.049499869230731269,0.020123913203581575,-0.13309844211856084,0.078197555354878184,0.08359857288782957,2015-12-26 05:00:00+00:00
2015-12-29,088691,GOLD - COMMODITY EXCHANGE INC.,2015,401880,23044,67018,65832,37193,76071,103272,-0.067684383398029263,-0.018184514167297994,-0.10942072260376232,0.07126256594008161,0.041736339205733053,2016-01-02 05:00:00+00:00
2016-01-05,088691,GOLD - COMMODITY EXCHANGE INC.,2016,413688,22948,67800,62783,37206,79732,95659,-0.038500029007367868,0.029184354390661395,-0.10841987198081646,0.061826787337317009,0.069919842973448582,2016-01-09 05:00:00+00:00
2016-01-12,088691,GOLD - COMMODITY EXCHANGE INC.,2016,397565,23309,75124,52700,44470,82908,82816,0.00023140870046407507,0.038731437707831946,-0.130330889288544,0.020701017443688453,0.13056229798900806,2016-01-16 05:00:00+00:00
2016-01-19,088691,GOLD - COMMODITY EXCHANGE INC.,2016,408835,24206,73168,53388,44569,84054,83615,0.0010737828219208238,0.00084237412145674875,-0.11975980530042682,0.021571049445375273,0.12083358812234764,2016-01-23 05:00:00+00:00
2016-01-26,088691,GOLD - COMMODITY EXCHANGE INC.,2016,385350,19845,72454,47192,54416,95745,78942,0.043604515375632542,0.042530732553711717,-0.13652264175424939,-0.018746594005449591,0.18012715712988192,2016-01-30 05:00:00+00:00
2016-02-02,088691,GOLD - COMMODITY EXCHANGE INC.,2016,379185,24395,80385,48605,69970,100566,71530,0.076574759022640659,0.032970243647008117,-0.14765879451982541,-0.056344528396429186,0.22423355354246607,2016-02-06 05:00:00+00:00
2016-02-09,088691,GOLD - COMMODITY EXCHANGE INC.,2016,410833,23988,91728,52921,90104,121059,60423,0.14759281751952741,0.071018058496886749,-0.16488451511928204,-0.090506361465607685,0.31247733263880945,2016-02-13 05:00:00+00:00
2016-02-16,088691,GOLD - COMMODITY EXCHANGE INC.,2016,428912,26085,111860,55745,101954,126219,45206,0.18888023650539038,0.041287418985862967,-0.19998274704368263,-0.10773538627970307,0.388862983549073,2016-02-20 05:00:00+00:00
2016-02-23,088691,GOLD - COMMODITY EXCHANGE INC.,2016,445290,19329,123277,53429,112630,141373,32276,0.24500213344112826,0.056121896935737881,-0.23343888252599429,-0.1329493139302477,0.47844101596712252,2016-02-27 05:00:00+00:00
2016-03-01,088691,GOLD - COMMODITY EXCHANGE INC.,2016,450555,16920,129587,56255,115019,133823,29453,0.23164763458401305,-0.013354498857115205,-0.25006270044722617,-0.13042580816992377,0.48171033503123922,2016-03-05 05:00:00+00:00
2016-03-08,088691,GOLD - COMMODITY EXCHANGE INC.,2016,499110,17739,143726,54685,124070,160317,32890,0.25530844903928995,0.023660814455276902,-0.25242331349802649,-0.13901745106289196,0.50773176253731644,2016-03-12 05:00:00+00:00
2016-03-15,088691,GOLD - COMMODITY EXCHANGE INC.,2016,493086,19486,143435,60147,121729,159202,29425,0.26319343887273217,0.007884989833442213,-0.25137399966740082,-0.12489099264631322,0.51456743854013298,2016-03-19 04:00:00+00:00
2016-03-22,088691,GOLD - COMMODITY EXCHANGE INC.,2016,510579,19858,150125,59953,129680,174457,29558,0.28379349718652747,0.0206000583137953,-0.25513583598228678,-0.13656456689366386,0.53892933316881431,2016-03-26 04:00:00+00:00
2016-03-29,088691,GOLD - COMMODITY EXCHANGE INC.,2016,480461,24190,150685,56815,138284,184135,29930,0.32095216885449601,0.037158671667968546,-0.26327839304334794,-0.1695642310197914,0.58423056189784395,2016-04-02 04:00:00+00:00
2016-04-05,088691,GOLD - COMMODITY EXCHANGE INC.,2016,474094,21204,151023,57395,134821,186716,33958,0.32221036334566561,0.0012581944911695953,-0.27382544389931113,-0.16331360447506191,0.59603580724497673,2016-04-09 04:00:00+00:00
2016-04-12,088691,GOLD - COMMODITY EXCHANGE INC.,2016,504523,21129,164322,60602,149196,202500,31866,0.3382085653181322,0.015998201972466597,-0.28381857715109121,-0.17559952668163789,0.62202714246922342,2016-04-16 04:00:00+00:00
2016-04-19,088691,GOLD - COMMODITY EXCHANGE INC.,2016,503331,20069,166296,56336,150230,208661,34554,0.34590955057407552,0.0077009852559433156,-0.29051856531785247,-0.18654523564016523,0.63642811589192805,2016-04-23 04:00:00+00:00
2016-04-26,088691,GOLD - COMMODITY EXCHANGE INC.,2016,497884,18752,165367,55117,148610,206476,34426,0.34556242016212613,-0.00034713041194939231,-0.29447622337733287,-0.18778068787107036,0.64003864353945894,2016-04-30 04:00:00+00:00
2016-05-03,088691,GOLD - COMMODITY EXCHANGE INC.,2016,565774,19259,189227,54485,179418,248842,29947,0.38689476716851606,0.041332347006389936,-0.3004167741889871,-0.22081785306500476,0.68731154135750316,2016-05-07 04:00:00+00:00
2016-05-10,088691,GOLD - COMMODITY EXCHANGE INC.,2016,579777,20797,178897,54725,181621,246782,35591,0.36426246643105886,-0.022632300737457201,-0.2726910519044391,-0.21887035877587419,0.63695351833549796,2016-05-14 04:00:00+00:00
2016-05-17,088691,GOLD - COMMODITY EXCHANGE INC.,2016,595077,21631,170642,54437,195669,247059,34618,0.35699749780280537,-0.0072649686282534875,-0.25040624994748578,-0.23733399207161426,0.60740374775029116,2016-05-21 04:00:00+00:00
2016-05-24,088691,GOLD - COMMODITY EXCHANGE INC.,2016,542958,59557,156435,47330,175665,205180,48719,0.28816409372363977,-0.068833404079165605,-0.17842632395139219,-0.23636266525219263,0.46659041767503195,2016-05-28 04:00:00+00:00
2016-05-31,088691,GOLD - COMMODITY EXCHANGE INC.,2016,494321,47227,142196,47595,166664,192160,43549,0.300636630853231,0.012472537129591232,-0.19212010009690059,-0.24087384513302085,0.49275673095013162,2016-06-04 04:00:00+00:00
2016-06-07,088691,GOLD - COMMODITY EXCHANGE INC.,2016,496330,26136,147563,46410,168675,212061,34695,0.35735498559426188,0.056718354741030874,-0.24464972901094031,-0.2463381218141156,0.60200471460520222,2016-06-11 04:00:00+00:00
2016-06-14,088691,GOLD - COMMODITY EXCHANGE INC.,2016,545357,26395,176665,44717,192524,257500,28260,0.42034850565776177,0.062993520063499897,-0.27554427650144769,-0.27102796883509334,0.69589278215920947,2016-06-18 04:00:00+00:00
2016-06-21,088691,GOLD - COMMODITY EXCHANGE INC.,2016,571517,28287,177414,42538,205548,274936,24528,0.43814619687603346,0.017797691218271683,-0.26093187079299479,-0.2852233616847793,0.69907806766902825,2016-06-25 04:00:00+00:00
2016-06-28,088691,GOLD - COMMODITY EXCHANGE INC.,2016,613792,30055,179646,41808,218538,285895,24845,0.42530694437203481,-0.012839252503998644,-0.24371611229862886,-0.2879314165059173,0.66902305667066364,2016-07-02 04:00:00+00:00
2016-07-05,088691,GOLD - COMMODITY EXCHANGE INC.,2016,652971,29270,178378,43240,234339,300070,26994,0.41820540269016543,-0.0071015416818693833,-0.22835317341811504,-0.29266077666542617,0.64655857610828049,2016-07-09 04:00:00+00:00
2016-07-12,088691,GOLD - COMMODITY EXCHANGE INC.,2016,633020,35210,176993,39218,222887,296106,36977,0.40935357492654262,-0.0088518277636228104,-0.22397870525417837,-0.29014723073520582,0.63333228018072096,2016-07-16 04:00:00+00:00
2016-07-19,088691,GOLD - COMMODITY EXCHANGE INC.,2016,617069,31861,167764,37838,217412,287317,34920,0.40902557088429331,-0.00032800404224930801,-0.22023955181673363,-0.29101121592560963,0.62926512270102697,2016-07-23 04:00:00+00:00
2016-07-26,088691,GOLD - COMMODITY EXCHANGE INC.,2016,576325,31448,166649,35575,209397,278777,31356,0.42930811608033659,0.020282545196043278,-0.23459159328503881,-0.30160412961436689,0.66389970936537535,2016-07-30 04:00:00+00:00
2016-08-02,088691,GOLD - COMMODITY EXCHANGE INC.,2016,582211,29097,175971,37132,214285,288542,33813,0.43752007433731072,0.0082119582569741278,-0.25226936626068558,-0.30427628471464813,0.6897894405979963,2016-08-06 04:00:00+00:00
2016-08-09,088691,GOLD - COMMODITY EXCHANGE INC.,2016,575399,29067,165875,32598,208731,281496,36244,0.42622945121559125,-0.011290623121719467,-0.23776197038924293,-0.30610585002754609,0.66399142160483415,2016-08-13 04:00:00+00:00
2016-08-16,088691,GOLD - COMMODITY EXCHANGE INC.,2016,572496,30091,169299,32762,204547,277152,34425,0.42398025488387692,-0.0022491963317143315,-0.24315977753556356,-0.30006323188284284,0.66714003241944053,2016-08-20 04:00:00+00:00
2016-08-23,088691,GOLD - COMMODITY EXCHANGE INC.,2016,572973,23865,163651,32034,209723,284550,30866,0.44275035647403976,0.018770101590162847,-0.24396612056763584,-0.31011757971143494,0.6867164770416756,2016-08-27 04:00:00+00:00
2016-08-30,088691,GOLD - COMMODITY EXCHANGE INC.,2016,558398,22280,158022,31637,197108,266680,35086,0.41474718748992656,-0.028003168984113203,-0.24309184488483124,-0.2963316487523236,0.65783903237475783,2016-09-03 04:00:00+00:00
2016-09-06,088691,GOLD - COMMODITY EXCHANGE INC.,2016,590656,22474,176277,28000,204170,291692,22157,0.45633160418246832,0.041584416692541759,-0.26039352855130565,-0.29826159388882867,0.71672513273377403,2016-09-10 04:00:00+00:00
2016-09-13,088691,GOLD - COMMODITY EXCHANGE INC.,2016,575002,24700,173534,29423,191960,271631,28654,0.42256722585312745,-0.033764378329340872,-0.25884083881447367,-0.28267206027109471,0.68140806466760107,2016-09-17 04:00:00+00:00
2016-09-20,088691,GOLD - COMMODITY EXCHANGE INC.,2016,558791,25040,163063,33793,186385,246119,32972,0.38144315137502216,-0.041124074478105288,-0.24700290448486106,-0.27307526427590995,0.62844605585988322,2016-09-24 04:00:00+00:00
2016-09-27,088691,GOLD - COMMODITY EXCHANGE INC.,2016,583161,26681,176013,32038,197300,282151,26974,0.43757555803628845,0.056132406661266288,-0.25607336567431638,-0.28339000721927565,0.69364892371060483,2016-10-01 04:00:00+00:00
2016-10-04,088691,GOLD - COMMODITY EXCHANGE INC.,2016,544824,27604,155278,29901,173469,244765,44649,0.36730393668414019,-0.070271621352148261,-0.23433989692084048,-0.26351262058940134,0.60164383360498064,2016-10-08 04:00:00+00:00
2016-10-11,088691,GOLD - COMMODITY EXCHANGE INC.,2016,500328,28660,143233,34348,140974,203033,54240,0.2973909115620153,-0.069913025122124883,-0.22899577876912744,-0.213112198397851,0.52638669033114271,2016-10-15 04:00:00+00:00
2016-10-18,088691,GOLD - COMMODITY EXCHANGE INC.,2016,497061,30322,136610,35745,132128,190008,59054,0.26345659788235248,-0.03393431367966282,-0.21383290984406342,-0.19390577816404828,0.47728950772641587,2016-10-22 04:00:00+00:00
2016-10-25,088691,GOLD - COMMODITY EXCHANGE INC.,2016,507617,29237,140772,34869,140933,199094,55184,0.28350114357872175,0.020044545696369265,-0.21972274372213696,-0.20894493289231841,0.50322388730085876,2016-10-29 04:00:00+00:00
2016-11-01,088691,GOLD - COMMODITY EXCHANGE INC.,2016,521506,27666,153593,36607,149931,203670,37403,0.31882087646163226,0.035319732882910515,-0.24146797927540622,-0.21730143085602083,0.56028885573703846,2016-11-05 04:00:00+00:00
2016-11-08,088691,GOLD - COMMODITY EXCHANGE INC.,2016,528203,27597,158095,31113,146201,211670,38033,0.32873156721942132,0.0099106907577890535,-0.24706031582554436,-0.21788592643358709,0.57579188304496565,2016-11-12 05:00:00+00:00
2016-11-15,088691,GOLD - COMMODITY EXCHANGE INC.,2016,479237,27283,134182,28878,121945,178132,43452,0.28103005402337466,-0.047701513196046652,-0.22306082376778086,-0.19419827767889375,0.50409087779115547,2016-11-19 05:00:00+00:00
2016-11-22,088691,GOLD - COMMODITY EXCHANGE INC.,2016,461062,20805,119000,23389,117366,171864,47475,0.26978801115685092,-0.011242042866523749,-0.21297569524272222,-0.20382725099878107,0.48276370639957311,2016-11-26 05:00:00+00:00
2016-11-29,088691,GOLD - COMMODITY EXCHANGE INC.,2016,405661,24102,114690,25014,102249,162086,55145,0.26362159537150476,-0.0061664157853461576,-0.22330961073408584,-0.19039296358289309,0.4869312061055906,2016-12-03 05:00:00+00:00
2016-12-06,088691,GOLD - COMMODITY EXCHANGE INC.,2016,393524,21781,105209,28749,100265,150856,68538,0.20918165092853294,-0.054439944442971816,-0.21200231752065948,-0.18173224504731605,0.42118396844919243,2016-12-10 05:00:00+00:00
2016-12-13,088691,GOLD - COMMODITY EXCHANGE INC.,2016,397034,22199,103372,28815,97528,146150,77432,0.17307837615922061,-0.036103274769312327,-0.20444848552013178,-0.17306578277930856,0.3775268616793524,2016-12-17 05:00:00+00:00
2016-12-20,088691,GOLD - COMMODITY EXCHANGE INC.,2016,398661,22130,101474,39604,94282,137588,83783,0.13496429297071949,-0.038114083188501124,-0.19902624033953659,-0.13715412342817582,0.33399053331025608,2016-12-24 05:00:00+00:00
2016-12-27,088691,GOLD - COMMODITY EXCHANGE INC.,2016,401513,23547,97994,41038,87558,130595,87229,0.10800646554407951,-0.026957827426639977,-0.18541616336208291,-0.11586175291958169,0.29342262890616244,2016-12-31 05:00:00+00:00
2017-01-03,088691,GOLD - COMMODITY EXCHANGE INC.,2017,424673,24768,97997,45237,89620,127786,91229,0.086082703633148322,-0.021923761910931192,-0.17243620385567249,-0.10451100022841103,0.25851890748882078,2017-01-07 05:00:00+00:00
2017-01-10,088691,GOLD - COMMODITY EXCHANGE INC.,2017,444001,24588,96661,43277,97020,135563,79884,0.12540287071425515,0.039320167081106833,-0.16232621097700231,-0.12104252017450411,0.28772908169125744,2017-01-14 05:00:00+00:00
2017-01-17,088691,GOLD - COMMODITY EXCHANGE INC.,2017,467937,23844,99443,55461,102973,141566,82931,0.12530532956359511,-9.7541150660046538e-05,-0.16155807298845784,-0.10153503569925011,0.28686340255205295,2017-01-21 05:00:00+00:00
2017-01-24,088691,GOLD - COMMODITY EXCHANGE INC.,2017,482374,23117,108482,58497,99506,135159,75405,0.12387483570839225,-0.0014304938552028579,-0.17696849332675477,-0.085014946908415462,0.30084332903514699,2017-01-28 05:00:00+00:00
2017-01-31,088691,GOLD - COMMODITY EXCHANGE INC.,2017,398433,20746,110568,58393,100374,140663,70826,0.17527915609399825,0.051404320385605995,-0.2254381539681703,-0.10536526843911022,0.40071731006216854,2017-02-04 05:00:00+00:00
2017-02-07,088691,GOLD - COMMODITY EXCHANGE INC.,2017,415543,22551,115774,62157,103080,142542,72393,0.16881285450603187,-0.0064663015879663777,-0.22434020065312132,-0.098480782975528411,0.39315305515915322,2017-02-11 05:00:00+00:00
2017-02-14,088691,GOLD - COMMODITY EXCHANGE INC.,2017,415128,20992,113422,63220,98578,135739,72114,0.15326598061320845,-0.015546873892823415,-0.22265421749436318,-0.085173729548476615,0.3759201981075716,2017-02-18 05:00:00+00:00
2017-02-21,088691,GOLD - COMMODITY EXCHANGE INC.,2017,427168,20557,116326,61324,105119,142639,64597,0.18269626938347441,0.029430288770265961,-0.22419516443179263,-0.10252406547306914,0.40689143381526705,2017-02-25 05:00:00+00:00
2017-02-28,088691,GOLD - COMMODITY EXCHANGE INC.,2017,446081,19559,126908,56402,128960,166437,52191,0.25611043734209704,0.073414167958622628,-0.24064911977869491,-0.16265655788971062,0.49675955712079195,2017-03-04 05:00:00+00:00
2017-03-07,088691,GOLD - COMMODITY EXCHANGE INC.,2017,434401,20164,118027,57578,112363,150277,60030,0.20775044256343794,-0.048359994778659099,-0.22528263056484676,-0.12611619218187803,0.43303307312828471,2017-03-11 05:00:00+00:00
2017-03-14,088691,GOLD - COMMODITY EXCHANGE INC.,2017,426170,20937,109327,56881,91778,121179,74805,0.10881573081164793,-0.098934711751790014,-0.20740549545955839,-0.081885163197784924,0.3162212262712063,2017-03-18 04:00:00+00:00
2017-03-21,088691,GOLD - COMMODITY EXCHANGE INC.,2017,446880,18872,117388,57057,87538,130259,74064,0.12574964196204796,0.016933911150400036,-0.220452918009309,-0.068208467597565339,0.34620255997135696,2017-03-25 04:00:00+00:00
2017-03-28,088691,GOLD - COMMODITY EXCHANGE INC.,2017,449418,17857,131503,59196,97664,150879,59836,0.2025797809611542,0.076830138999106234,-0.25287371667356445,-0.085595147501880214,0.45545349763471865,2017-04-01 04:00:00+00:00
2017-04-04,088691,GOLD - COMMODITY EXCHANGE INC.,2017,427808,16834,139711,58279,106418,163428,54302,0.25508171890193732,0.052501937940783117,-0.28722464283042859,-0.11252477747026704,0.5423063617323659,2017-04-08 04:00:00+00:00
2017-04-11,088691,GOLD - COMMODITY EXCHANGE INC.,2017,456131,17653,153297,58431,110151,179841,46830,0.29160701640537479,0.036525297503437471,-0.29737948089474298,-0.1133884783099592,0.58898649730011776,2017-04-15 04:00:00+00:00
2017-04-18,088691,GOLD - COMMODITY EXCHANGE INC.,2017,472263,17577,167357,56226,117510,199001,47765,0.32023681719719732,0.028629800791822535,-0.31715378930807619,-0.12976667661874844,0.63739060650527346,2017-04-22 04:00:00+00:00
2017-04-25,088691,GOLD - COMMODITY EXCHANGE INC.,2017,475985,17618,169292,57558,120464,207394,47014,0.33694339107324811,0.01670657387605079,-0.31865289872580016,-0.13215962687899829,0.65559628979904827,2017-04-29 04:00:00+00:00
2017-05-02,088691,GOLD - COMMODITY EXCHANGE INC.,2017,461905,17427,170723,59280,109970,195331,51720,0.31091025210811746,-0.026033138965130653,-0.33187776707331595,-0.10974118054578322,0.64278801918143347,2017-05-06 04:00:00+00:00
2017-05-09,088691,GOLD - COMMODITY EXCHANGE INC.,2017,433033,17259,155245,59970,86406,151419,55457,0.22160435809741982,-0.089305894010697634,-0.31865007978606713,-0.061048465128523695,0.54025443788348693,2017-05-13 04:00:00+00:00
2017-05-16,088691,GOLD - COMMODITY EXCHANGE INC.,2017,435021,20336,148925,63431,77701,132094,66226,0.15141338004372204,-0.070190978053697783,-0.29559262656285556,-0.032803014107364935,0.44700600660657763,2017-05-20 04:00:00+00:00
2017-05-23,088691,GOLD - COMMODITY EXCHANGE INC.,2017,462572,19274,166109,57061,84517,161893,50845,0.24006641128300027,0.088653031239278229,-0.31743166469219924,-0.059355084181489583,0.55749807597519951,2017-05-27 04:00:00+00:00
2017-05-30,088691,GOLD - COMMODITY EXCHANGE INC.,2017,434246,21570,177812,60524,87501,175304,51171,0.28585870681595227,0.045792295532951999,-0.35980066598195493,-0.062123773160835102,0.64565937279790719,2017-06-03 04:00:00+00:00
2017-06-06,088691,GOLD - COMMODITY EXCHANGE INC.,2017,494041,18528,192484,68622,111020,229476,63427,0.33610368370236476,0.050244976886412496,-0.35210842824785799,-0.085818788319188086,0.68821211195022269,2017-06-10 04:00:00+00:00
2017-06-13,088691,GOLD - COMMODITY EXCHANGE INC.,2017,471134,16856,183073,67130,104524,214955,67459,0.31306592179719572,-0.023037761905169041,-0.35280196292349947,-0.079370200410074421,0.66586788472069514,2017-06-17 04:00:00+00:00
2017-06-20,088691,GOLD - COMMODITY EXCHANGE INC.,2017,445841,16301,164235,71455,88537,165035,65659,0.22289560628116301,-0.090170315516032717,-0.33180887356703398,-0.038314107495721568,0.55470447984819704,2017-06-24 04:00:00+00:00
2017-06-27,088691,GOLD - COMMODITY EXCHANGE INC.,2017,453144,16646,156631,74033,83911,144515,71860,0.16033534593859788,-0.062560260342565122,-0.30891946048055363,-0.021798810091273414,0.46925480641915152,2017-07-01 04:00:00+00:00
2017-07-03,088691,GOLD - COMMODITY EXCHANGE INC.,2017,457201,18166,146455,77273,56210,129780,96091,0.073685315648915908,-0.086650030289681976,-0.28059649913276657,0.046069453041441291,0.35428181478168247,2017-07-07 04:00:00+00:00
2017-07-11,088691,GOLD - COMMODITY EXCHANGE INC.,2017,475669,24005,141642,85352,41631,123619,100397,0.048819662412307716,-0.024865653236608193,-0.2473085275685403,0.091914755849130378,0.296128189980848,2017-07-15 04:00:00+00:00
2017-07-18,088691,GOLD - COMMODITY EXCHANGE INC.,2017,484204,24116,144914,92227,45064,127028,98115,0.05971243525456213,0.010892772842254414,-0.24947749295751379,0.097403160651295728,0.30918992821207592,2017-07-22 04:00:00+00:00
2017-07-25,088691,GOLD - COMMODITY EXCHANGE INC.,2017,463827,21746,159307,94201,59983,136359,62735,0.15873159604766432,0.09901916079310219,-0.29657825008031014,0.07377319560956995,0.45530984612797443,2017-07-29 04:00:00+00:00
2017-08-01,088691,GOLD - COMMODITY EXCHANGE INC.,2017,448709,19082,167618,85526,80375,158082,39624,0.26399737914773269,0.10526578310006837,-0.33102968739205141,0.011479600364601557,0.5950270665397841,2017-08-05 04:00:00+00:00
2017-08-08,088691,GOLD - COMMODITY EXCHANGE INC.,2017,448727,19019,168329,85898,96099,164828,28843,0.30304617284005642,0.039048793692323724,-0.33274128813287368,-0.02273319858176575,0.63578746097293015,2017-08-12 04:00:00+00:00
2017-08-15,088691,GOLD - COMMODITY EXCHANGE INC.,2017,477921,16379,179160,82435,116285,195433,18877,0.36942507234459254,0.066378899504536126,-0.34060231711935657,-0.070827605399218702,0.71002738946394905,2017-08-19 04:00:00+00:00
2017-08-22,088691,GOLD - COMMODITY EXCHANGE INC.,2017,500443,15981,195128,86325,127096,209717,15638,0.38781439644474996,0.018389324100157423,-0.35797683252638163,-0.081469817741481043,0.74579122897113159,2017-08-26 04:00:00+00:00
2017-08-29,088691,GOLD - COMMODITY EXCHANGE INC.,2017,538875,17352,205953,75594,135022,235065,13939,0.41034748318255626,0.022533086737806296,-0.34999025748086293,-0.11028160519601021,0.76033774066341919,2017-09-02 04:00:00+00:00
2017-09-05,088691,GOLD - COMMODITY EXCHANGE INC.,2017,566817,18473,212267,76165,144178,251489,14301,0.41845604489632454,0.0081085617137682808,-0.34189870804862943,-0.11999110824128423,0.76035475294495392,2017-09-09 04:00:00+00:00
2017-09-12,088691,GOLD - COMMODITY EXCHANGE INC.,2017,580606,17582,209237,76515,156958,270413,16896,0.43664206019228186,0.018186015295957314,-0.33009476305790847,-0.13855006665449549,0.76673682325019032,2017-09-16 04:00:00+00:00
2017-09-19,088691,GOLD - COMMODITY EXCHANGE INC.,2017,570096,17562,207442,83263,146424,251735,18353,0.40937315820493392,-0.027268901987347938,-0.33306671157138446,-0.11079011254244898,0.74243986977631837,2017-09-23 04:00:00+00:00
2017-09-26,088691,GOLD - COMMODITY EXCHANGE INC.,2017,549637,18923,208745,88232,131881,219134,23158,0.3565553265155002,-0.052817831689433714,-0.34535884592922239,-0.079414231574657462,0.70191417244472265,2017-09-30 04:00:00+00:00
2017-10-03,088691,GOLD - COMMODITY EXCHANGE INC.,2017,525127,17710,203648,84906,123391,204361,24917,0.34171543264772142,-0.014839893867778786,-0.35408196493419686,-0.073287033422391151,0.69579739758191828,2017-10-07 04:00:00+00:00
2017-10-10,088691,GOLD - COMMODITY EXCHANGE INC.,2017,520005,18662,201414,80325,120570,193154,21824,0.32947760117691177,-0.012237831470809646,-0.35144277458870588,-0.077393486601090369,0.6809203757656177,2017-10-14 04:00:00+00:00
2017-10-17,088691,GOLD - COMMODITY EXCHANGE INC.,2017,528800,18809,206035,83262,117660,196555,27040,0.32056543116490166,-0.0089121700120101122,-0.35405824508320727,-0.065049167927382759,0.67462367624810893,2017-10-21 04:00:00+00:00
2017-10-24,088691,GOLD - COMMODITY EXCHANGE INC.,2017,526674,18360,201023,84376,112366,192701,24333,0.31968162468623856,-0.00088380647866309614,-0.34682365182256958,-0.053144829628954532,0.6665052765088082,2017-10-28 04:00:00+00:00
2017-10-31,088691,GOLD - COMMODITY EXCHANGE INC.,2017,531918,17081,200789,86265,113205,182652,16687,0.31201237784771335,-0.0076692468385252122,-0.34536902304490541,-0.050646904222079341,0.65738140089261876,2017-11-04 04:00:00+00:00
2017-11-07,088691,GOLD - COMMODITY EXCHANGE INC.,2017,536843,17307,198381,82790,117003,187782,17070,0.31799241118911858,0.0059800333414052331,-0.33729414372544675,-0.063729991822562643,0.65528655491456533,2017-11-11 05:00:00+00:00
2017-11-14,088691,GOLD - COMMODITY EXCHANGE INC.,2017,533054,18323,202533,83054,114635,190657,14559,0.33035677436057137,0.012364363171452786,-0.34557474477257466,-0.059245404780753921,0.67593151913314609,2017-11-18 05:00:00+00:00
2017-11-21,088691,GOLD - COMMODITY EXCHANGE INC.,2017,531612,19514,204896,80549,120223,187292,14137,0.32571687621799356,-0.0046398981425778141,-0.34871673325658564,-0.074629617089155248,0.6744336094745792,2017-11-25 05:00:00+00:00
2017-11-28,088691,GOLD - COMMODITY EXCHANGE INC.,2017,503810,17891,202648,75448,137232,208518,9978,0.39407713225223795,0.068360256034244393,-0.36671959667334908,-0.12263353248248347,0.76079672892558703,2017-12-02 05:00:00+00:00
2017-12-05,088691,GOLD - COMMODITY EXCHANGE INC.,2017,472795,20819,179239,82926,114396,167174,32664,0.28449962457301792,-0.10957750767922003,-0.33507122537251877,-0.066561617614399479,0.61957084994553668,2017-12-09 05:00:00+00:00
2017-12-12,088691,GOLD - COMMODITY EXCHANGE INC.,2017,446618,19245,150986,106267,93989,123139,46913,0.17067381968483133,-0.11382580488818658,-0.29497467634533314,0.02749105499554429,0.46564849603016445,2017-12-16 05:00:00+00:00
2017-12-19,088691,GOLD - COMMODITY EXCHANGE INC.,2017,453595,17300,148160,106269,103626,116642,35397,0.17911352638366826,0.008439706698836924,-0.28849524355427197,0.0058267838049361215,0.46760876993794021,2017-12-23 05:00:00+00:00
2017-12-26,088691,GOLD - COMMODITY EXCHANGE INC.,2017,456470,19715,161264,105936,113856,127715,19957,0.23606808771660789,0.056954561332939635,-0.31009485836966283,-0.017350537822858021,0.5461629460862707,2017-12-30 05:00:00+00:00
2018-01-02,088691,GOLD - COMMODITY EXCHANGE INC.,2018,500731,22495,180714,108799,128180,168423,20249,0.29591537172653581,0.05984728400992792,-0.3159760430250973,-0.038705412686652112,0.61189141475163311,2018-01-06 05:00:00+00:00
2018-01-09,088691,GOLD - COMMODITY EXCHANGE INC.,2018,555455,21117,198371,105725,148742,216115,20065,0.35295388465312222,0.057038512926586404,-0.3191149598077252,-0.077444617475763117,0.67206884446084736,2018-01-13 05:00:00+00:00
2018-01-16,088691,GOLD - COMMODITY EXCHANGE INC.,2018,582333,22861,212879,108318,150807,227373,25841,0.34607690101711563,-0.0068769836360065839,-0.32630470881780699,-0.072963407534864078,0.67238160983492268,2018-01-20 05:00:00+00:00
2018-01-23,088691,GOLD - COMMODITY EXCHANGE INC.,2018,582421,23933,217184,109160,150461,236003,26467,0.35976724740351052,0.01369034638639488,-0.33180637373995786,-0.070912621625937255,0.69157362114346843,2018-01-27 05:00:00+00:00
2018-01-30,088691,GOLD - COMMODITY EXCHANGE INC.,2018,559332,22684,209619,106587,144728,230597,23035,0.37108908483691261,0.011321837433402093,-0.33421116617679658,-0.068190269821858926,0.70530025101370919,2018-02-03 05:00:00+00:00
2018-02-06,088691,GOLD - COMMODITY EXCHANGE INC.,2018,535321,26595,202225,104742,134563,206377,23448,0.34171833348588976,-0.02937075135102285,-0.32808352371754518,-0.055706762858172949,0.66980185720343499,2018-02-10 05:00:00+00:00
2018-02-13,088691,GOLD - COMMODITY EXCHANGE INC.,2018,511745,22749,194149,98254,121390,186183,16426,0.33172185365758339,-0.0099964798283063705,-0.3349324370536107,-0.045210016707539886,0.66665429071119409,2018-02-17 05:00:00+00:00
2018-02-20,088691,GOLD - COMMODITY EXCHANGE INC.,2018,528154,30967,207285,96427,134987,190398,14943,0.33220424345929406,0.00048238980171066981,-0.33383823657493839,-0.073009008736088343,0.66604248003423239,2018-02-24 05:00:00+00:00
2018-02-27,088691,GOLD - COMMODITY EXCHANGE INC.,2018,532860,30993,206218,106048,130619,177475,27456,0.28153548774537401,-0.050668755713920044,-0.32883871936343506,-0.046111548999737267,0.61037420710880907,2018-03-03 05:00:00+00:00
2018-03-06,088691,GOLD - COMMODITY EXCHANGE INC.,2018,508100,25642,199419,106499,137625,172492,21786,0.29660696713245427,0.015071479387080255,-0.34201338319228497,-0.061259594567998427,0.63862035032473918,2018-03-10 05:00:00+00:00
2018-03-13,088691,GOLD - COMMODITY EXCHANGE INC.,2018,526762,25466,195189,107910,126997,162337,26472,0.25792483132800015,-0.038682135804454121,-0.32220053838355844,-0.036234580322802329,0.58012536971155859,2018-03-17 04:00:00+00:00
2018-03-20,088691,GOLD - COMMODITY EXCHANGE INC.,2018,545499,25478,182047,109340,120041,148152,36345,0.20496279553216412,-0.052962035795836027,-0.28701977455504041,-0.019616901222550363,0.49198257008720453,2018-03-24 04:00:00+00:00
2018-03-27,088691,GOLD - COMMODITY EXCHANGE INC.,2018,529690,25165,204181,106631,153975,183080,20917,0.30614699163661763,0.10118419610445351,-0.3379637146255357,-0.089380581094602507,0.64411070626215339,2018-03-31 04:00:00+00:00
2018-04-03,088691,GOLD - COMMODITY EXCHANGE INC.,2018,493141,30267,197029,113668,135771,155590,28948,0.25680687673505143,-0.049340114901566201,-0.33816291892176881,-0.044820852453963472,0.59496979565682029,2018-04-07 04:00:00+00:00
2018-04-10,088691,GOLD - COMMODITY EXCHANGE INC.,2018,499588,32193,197288,116790,127347,154044,28482,0.2513310968237828,-0.0054757799112686301,-0.33046230093597123,-0.021131412283721788,0.58179339775975403,2018-04-14 04:00:00+00:00
2018-04-17,088691,GOLD - COMMODITY EXCHANGE INC.,2018,510229,33041,206888,122287,133702,157925,25287,0.25995778366184596,0.0086266868380631689,-0.34072347906528244,-0.022372307336509686,0.60068126272712841,2018-04-21 04:00:00+00:00
2018-04-24,088691,GOLD - COMMODITY EXCHANGE INC.,2018,506410,32696,196159,123783,122120,143258,43597,0.19679903635394247,-0.063158747307903496,-0.32278785963942258,0.0032839003969115932,0.51958689599336505,2018-04-28 04:00:00+00:00
2018-05-01,088691,GOLD - COMMODITY EXCHANGE INC.,2018,507756,33204,181259,124348,108165,119064,79747,0.077432861453138907,-0.11936617490080356,-0.29158690394598979,0.031871607622558869,0.36901976539912873,2018-05-05 04:00:00+00:00
2018-05-08,088691,GOLD - COMMODITY EXCHANGE INC.,2018,491398,34195,182428,121849,108600,109508,67869,0.084735794610478671,0.0073029331573397638,-0.30165568439431989,0.026961851696588102,0.38639147900479853,2018-05-12 04:00:00+00:00
2018-05-15,088691,GOLD - COMMODITY EXCHANGE INC.,2018,519958,35688,175548,121526,99755,103256,84258,0.036537566495755423,-0.048198228114723247,-0.26898326403286421,0.041870689555694882,0.30552083052861961,2018-05-19 04:00:00+00:00
2018-05-22,088691,GOLD - COMMODITY EXCHANGE INC.,2018,502942,37972,167276,118596,104867,91411,74880,0.032868601150828528,-0.0036689653449268958,-0.25709525153993901,0.027297382203116862,0.28996385269076752,2018-05-26 04:00:00+00:00
2018-05-29,088691,GOLD - COMMODITY EXCHANGE INC.,2018,469382,33583,170958,114188,113502,107882,53881,0.11504701927214933,0.082178418121320804,-0.29267206667490447,0.0014614961800835994,0.40771908594705381,2018-06-02 04:00:00+00:00
2018-06-05,088691,GOLD - COMMODITY EXCHANGE INC.,2018,450641,42172,140296,97169,133392,100027,49147,0.1129058385721672,-0.0021411806999821342,-0.21774317028410642,-0.080381057205181058,0.33064900885627363,2018-06-09 04:00:00+00:00
2018-06-12,088691,GOLD - COMMODITY EXCHANGE INC.,2018,448695,43227,138843,93548,138519,104313,48809,0.12370095499169814,0.010795116419530945,-0.21309798415404674,-0.10022621156910597,0.33679893914574488,2018-06-16 04:00:00+00:00
2018-06-19,088691,GOLD - COMMODITY EXCHANGE INC.,2018,468345,45041,116231,95221,138155,94297,83769,0.022479155323532864,-0.10122179966816527,-0.15200333087787848,-0.091671737714718857,0.17448248620141135,2018-06-23 04:00:00+00:00
2018-06-26,088691,GOLD - COMMODITY EXCHANGE INC.,2018,468573,45108,116919,101135,124287,94845,94869,-5.1219340422943705e-05,-0.022530374663955809,-0.15325466896300044,-0.049409590394666358,0.15320344962257751,2018-06-30 04:00:00+00:00
2018-07-03,088691,GOLD - COMMODITY EXCHANGE INC.,2018,494164,40794,112038,96505,118411,104275,105529,-0.0025376190900186983,-0.0024863997495957546,-0.14417076112383742,-0.044329412907455824,0.14163314203381872,2018-07-07 04:00:00+00:00
2018-07-10,088691,GOLD - COMMODITY EXCHANGE INC.,2018,503593,34107,103749,92406,123158,107402,109929,-0.005017941075431946,-0.0024803219854132477,-0.13829024629015893,-0.061065185576447648,0.13327230521472699,2018-07-14 04:00:00+00:00
2018-07-17,088691,GOLD - COMMODITY EXCHANGE INC.,2018,528278,29729,101723,102289,103930,107775,134224,-0.050066442289854962,-0.045048501214423019,-0.13628051896917912,-0.003106319021424326,0.086214076679324153,2018-07-21 04:00:00+00:00
2018-07-24,088691,GOLD - COMMODITY EXCHANGE INC.,2018,496620,27066,84366,96946,105314,110249,146671,-0.073339776891788486,-0.023273334601933524,-0.11537996858765254,-0.016849905360235191,0.042040191695864051,2018-07-28 04:00:00+00:00
2018-07-31,088691,GOLD - COMMODITY EXCHANGE INC.,2018,452655,26485,79249,96716,91870,110580,153108,-0.093952347814560758,-0.020612570922772272,-0.11656559631507439,0.010705725110735548,0.022613248500513633,2018-08-04 04:00:00+00:00
2018-08-07,088691,GOLD - COMMODITY EXCHANGE INC.,2018,459474,24692,72357,105342,83286,105849,171965,-0.14389497555900879,-0.049942627744448034,-0.10373818757971072,0.048002716149335982,-0.040156787979298073,2018-08-11 04:00:00+00:00
2018-08-14,088691,GOLD - COMMODITY EXCHANGE INC.,2018,476739,27574,66183,109688,78429,104803,188127,-0.1747790719869782,-0.03088409642796941,-0.080985612672762247,0.065568371792532179,-0.093793459314215955,2018-08-18 04:00:00+00:00
2018-08-21,088691,GOLD - COMMODITY EXCHANGE INC.,2018,483730,26516,63915,109023,73309,107143,197171,-0.18611208732143963,-0.011333015334461433,-0.077313790751038808,0.073830442602278126,-0.10879829657040083,2018-08-25 04:00:00+00:00
2018-08-28,088691,GOLD - COMMODITY EXCHANGE INC.,2018,479283,26507,67699,108361,75431,105971,181743,-0.15809448697324963,0.028017600348190008,-0.085945047080743533,0.068706797445350659,-0.072149439892506093,2018-09-01 04:00:00+00:00
2018-09-04,088691,GOLD - COMMODITY EXCHANGE INC.,2018,473118,27115,65731,111868,66727,101651,184373,-0.1748443305898317,-0.016749843616582077,-0.081620230048317755,0.095411715470559141,-0.093224100541513949,2018-09-08 04:00:00+00:00
2018-09-11,088691,GOLD - COMMODITY EXCHANGE INC.,2018,469450,28256,68613,111917,71547,100593,175812,-0.16022792629673022,0.014616404293101487,-0.085966556608797526,0.085994248588774094,-0.074261369687932691,2018-09-15 04:00:00+00:00
2018-09-18,088691,GOLD - COMMODITY EXCHANGE INC.,2018,469436,29357,68328,111685,71023,97904,180367,-0.17566398827529206,-0.015436061978561844,-0.083016641246091052,0.086618836220485856,-0.092647347029201008,2018-09-22 04:00:00+00:00
2018-09-25,088691,GOLD - COMMODITY EXCHANGE INC.,2018,460279,27277,67802,110272,62667,98513,182190,-0.18179625835634475,-0.0061322700810526876,-0.088044425229045861,0.10342640007473727,-0.093751833127298886,2018-09-29 04:00:00+00:00
2018-10-02,088691,GOLD - COMMODITY EXCHANGE INC.,2018,459776,31567,70177,108806,61321,100671,180274,-0.17313430888084633,0.0086619494754984205,-0.083975675111358575,0.10327855303452116,-0.089158633769487752,2018-10-06 04:00:00+00:00
2018-10-09,088691,GOLD - COMMODITY EXCHANGE INC.,2018,465253,35501,69634,111386,51387,82218,191672,-0.23525694622065843,-0.062122637339812103,-0.073364384539164718,0.12895994222498297,-0.16189256168149371,2018-10-13 04:00:00+00:00
2018-10-16,088691,GOLD - COMMODITY EXCHANGE INC.,2018,474418,36197,98154,105647,75686,95333,144715,-0.10408964246719138,0.13116730375346705,-0.13059580370053414,0.063153168724626813,0.026506161233342762,2018-10-20 04:00:00+00:00
2018-10-23,088691,GOLD - COMMODITY EXCHANGE INC.,2018,477832,34663,102587,102239,80835,99368,137484,-0.079768621607594306,0.024321020859597073,-0.14215037921277771,0.044793986170871769,0.062381757605183399,2018-10-27 04:00:00+00:00
2018-10-30,088691,GOLD - COMMODITY EXCHANGE INC.,2018,474941,36057,97111,102321,72472,80105,135628,-0.11690504715322535,-0.037136425545631041,-0.12855070419273132,0.062847806359105654,0.011645657039505972,2018-11-03 04:00:00+00:00
2018-11-06,088691,GOLD - COMMODITY EXCHANGE INC.,2018,494911,37023,99334,99126,74951,82188,129634,-0.095867741876822302,0.021037305276403045,-0.12590344526591649,0.048847166460232246,0.030035703389094184,2018-11-10 05:00:00+00:00
2018-11-13,088691,GOLD - COMMODITY EXCHANGE INC.,2018,539520,47551,89514,105368,65228,79529,158723,-0.14678603202846974,-0.050918290151647436,-0.077778395610913403,0.074399466192170818,-0.069007636417556334,2018-11-17 05:00:00+00:00
2018-11-20,088691,GOLD - COMMODITY EXCHANGE INC.,2018,525940,47454,93564,101125,78155,84356,136207,-0.098587291326006771,0.048198740702462967,-0.087671597520629724,0.043674183366923983,-0.010915693805377047,2018-11-24 05:00:00+00:00
2018-11-27,088691,GOLD - COMMODITY EXCHANGE INC.,2018,442801,35196,76210,101201,76287,79992,138382,-0.13186510418901493,-0.033277812863008155,-0.09262400039746975,0.05626455224807532,-0.039241103791545176,2018-12-01 05:00:00+00:00
2018-12-04,088691,GOLD - COMMODITY EXCHANGE INC.,2018,399919,19212,74759,92265,94967,99414,109201,-0.024472455672273637,0.1073926485167413,-0.13889562636433878,-0.0067563681645533219,0.11442317069206515,2018-12-08 05:00:00+00:00
2018-12-11,088691,GOLD - COMMODITY EXCHANGE INC.,2018,402250,18936,83116,95532,108720,89942,90008,-0.00016407706650093225,0.024308378605772705,-0.15955251709136109,-0.03278558110627719,0.15938844002486016,2018-12-15 05:00:00+00:00
2018-12-18,088691,GOLD - COMMODITY EXCHANGE INC.,2018,412485,18531,78969,93951,126188,100828,89630,0.027147653854079544,0.027311730920580476,-0.14652169169787993,-0.078153144962847129,0.17366934555195948,2018-12-22 05:00:00+00:00
2018-12-24,088691,GOLD - COMMODITY EXCHANGE INC.,2018,442727,20170,86065,90994,153318,119146,77178,0.09479430890819851,0.067646655054118959,-0.14883890072211545,-0.14077298199567678,0.24363320963031396,2018-12-28 05:00:00+00:00
2018-12-31,088691,GOLD - COMMODITY EXCHANGE INC.,2018,451360,19300,92197,91520,163237,121205,71021,0.11118397731300957,0.016389668404811056,-0.16150522864232542,-0.15889090747961715,0.27268920595533497,2019-01-04 05:00:00+00:00
2019-01-08,088691,GOLD - COMMODITY EXCHANGE INC.,2019,455232,12969,75020,95600,154736,112690,80219,0.071328465485730352,-0.039855511827279214,-0.13630632292984676,-0.1299029945170814,0.20763478841557712,2019-01-12 05:00:00+00:00
2019-01-15,088691,GOLD - COMMODITY EXCHANGE INC.,2019,501605,43351,103302,99528,147690,115651,90716,0.049710429521236832,-0.02161803596449352,-0.11951834610899015,-0.096015789316294689,0.16922877563022698,2019-01-19 05:00:00+00:00
2019-01-22,088691,GOLD - COMMODITY EXCHANGE INC.,2019,513509,50087,110130,102479,134513,105295,89085,0.031567119563629849,-0.018143309957606983,-0.11692686983090851,-0.062382548309766722,0.14849398939453837,2019-01-26 05:00:00+00:00
2019-01-29,088691,GOLD - COMMODITY EXCHANGE INC.,2019,483390,14289,84947,102371,150322,126404,94007,0.067020418295786005,0.035453298732156156,-0.14617182813049504,-0.099197335484805235,0.21319224642628104,2019-02-02 05:00:00+00:00
2019-02-05,088691,GOLD - COMMODITY EXCHANGE INC.,2019,479736,15593,89160,111952,169627,134954,90079,0.093541030900328517,0.026520612604542512,-0.15334892524221655,-0.12022237230476762,0.24688995614254505,2019-02-09 05:00:00+00:00
2019-02-12,088691,GOLD - COMMODITY EXCHANGE INC.,2019,476083,16566,90733,113352,165296,132365,89746,0.089520104687627999,-0.004020926212700518,-0.15578586086879809,-0.10910702545564534,0.24530596555642609,2019-02-16 05:00:00+00:00
2019-02-19,088691,GOLD - COMMODITY EXCHANGE INC.,2019,504639,15236,103673,102849,180889,166411,84034,0.16323946425068217,0.073719359563054171,-0.17524804860504242,-0.15464520181753688,0.33848751285572459,2019-02-23 05:00:00+00:00
2019-02-26,088691,GOLD - COMMODITY EXCHANGE INC.,2019,501268,15312,101061,102816,176912,154217,75658,0.15672055666828921,-0.0065189075823929576,-0.17106418123638453,-0.14781713574375385,0.32778473790467377,2019-03-02 05:00:00+00:00
2019-03-05,088691,GOLD - COMMODITY EXCHANGE INC.,2019,471311,13920,86101,105762,147578,125903,94656,0.06629804948324991,-0.090422507185039303,-0.15314940665505367,-0.088722732972495874,0.21944745613830358,2019-03-09 05:00:00+00:00
2019-03-12,088691,GOLD - COMMODITY EXCHANGE INC.,2019,530030,27128,87449,104043,152196,123293,105886,0.0328415372714752,-0.03345651221177471,-0.11380676565477425,-0.090849574552383822,0.14664830292624945,2019-03-16 04:00:00+00:00
2019-03-19,088691,GOLD - COMMODITY EXCHANGE INC.,2019,514163,33592,97589,99696,151358,123909,93434,0.059271087184414283,0.026429549912939082,-0.12446831063300938,-0.10047786402366565,0.18373939781742366,2019-03-23 04:00:00+00:00
2019-03-26,088691,GOLD - COMMODITY EXCHANGE INC.,2019,509575,14704,84053,96748,178833,135373,77386,0.11379482902418682,0.054523741839772537,-0.13609184124024923,-0.16108521807388509,0.24988667026443606,2019-03-30 04:00:00+00:00
2019-04-02,088691,GOLD - COMMODITY EXCHANGE INC.,2019,440170,16339,74574,98592,158587,110816,86198,0.055928391303360067,-0.057866437720826752,-0.13230115637140197,-0.13629961151373332,0.18822954767476202,2019-04-06 04:00:00+00:00
2019-04-09,088691,GOLD - COMMODITY EXCHANGE INC.,2019,447539,16242,75839,89285,162497,117917,80880,0.082757033465239896,0.026828642161879829,-0.13316604809860147,-0.16358797780752068,0.21592308156384138,2019-04-13 04:00:00+00:00
2019-04-16,088691,GOLD - COMMODITY EXCHANGE INC.,2019,440581,18586,61796,102113,137333,96196,111583,-0.03492433854387729,-0.11768137200911719,-0.098075041819778885,-0.079939897544378899,0.063150703275901596,2019-04-20 04:00:00+00:00
2019-04-23,088691,GOLD - COMMODITY EXCHANGE INC.,2019,440048,17090,53073,111538,132951,88989,122818,-0.076875704468603423,-0.041951365924726133,-0.081770625022724794,-0.04866060066174599,0.0048949205541213708,2019-04-27 04:00:00+00:00
2019-04-30,088691,GOLD - COMMODITY EXCHANGE INC.,2019,430011,16898,67873,107267,144604,95159,95083,0.00017673966479927257,0.077052444133402689,-0.11854347912030157,-0.086828011376453157,0.11872021878510083,2019-05-04 04:00:00+00:00
2019-05-07,088691,GOLD - COMMODITY EXCHANGE INC.,2019,450039,19282,67234,97242,145649,102975,93428,0.021213717033412662,0.021036977368613388,-0.10655076560031464,-0.10756178908939003,0.12776448263372731,2019-05-11 04:00:00+00:00
2019-05-14,088691,GOLD - COMMODITY EXCHANGE INC.,2019,517995,37635,102517,93005,165306,138467,85921,0.1014411336016757,0.080227416568263044,-0.12525603528991591,-0.1395785673606888,0.22669716889159161,2019-05-18 04:00:00+00:00
2019-05-21,088691,GOLD - COMMODITY EXCHANGE INC.,2019,508643,42131,104863,97934,143140,114986,99049,0.031332388335237091,-0.070108745266438607,-0.12333208163682582,-0.088875694740712052,0.1546644699720629,2019-05-25 04:00:00+00:00
2019-05-28,088691,GOLD - COMMODITY EXCHANGE INC.,2019,505126,47857,110653,101915,149073,119314,93040,0.052014744835941921,0.020682356500704831,-0.12431749702054537,-0.09335888471391296,0.1763322418564873,2019-06-01 04:00:00+00:00
2019-06-04,088691,GOLD - COMMODITY EXCHANGE INC.,2019,481495,19523,106293,92611,178417,159663,63481,0.19975700682250075,0.14774226198655882,-0.18020955565478353,-0.17820745802137095,0.37996656247728428,2019-06-08 04:00:00+00:00
2019-06-11,088691,GOLD - COMMODITY EXCHANGE INC.,2019,496663,22226,114842,95607,205018,169640,40480,0.26005561114880715,0.060298604326306404,-0.18647654445771075,-0.22029223034532469,0.44653215560651793,2019-06-15 04:00:00+00:00
2019-06-18,088691,GOLD - COMMODITY EXCHANGE INC.,2019,525636,22520,124772,99745,221348,191766,41250,0.28635024998287789,0.026294638834070738,-0.19453005501906262,-0.23134450456209241,0.48088030500194051,2019-06-22 04:00:00+00:00
2019-06-25,088691,GOLD - COMMODITY EXCHANGE INC.,2019,577605,27515,155003,110102,242764,204918,27177,0.3077206741631392,0.021370424180261305,-0.22071831095644948,-0.22967598964690403,0.52843898511958864,2019-06-29 04:00:00+00:00
2019-07-02,088691,GOLD - COMMODITY EXCHANGE INC.,2019,605949,26439,169945,111301,254617,214186,20099,0.32030253371158302,0.012581859548443819,-0.23682851197047936,-0.23651495422882124,0.5571310456820624,2019-07-06 04:00:00+00:00
2019-07-09,088691,GOLD - COMMODITY EXCHANGE INC.,2019,598977,23099,172713,113865,242667,208301,25690,0.30487147252732577,-0.015431061184257244,-0.24978254590743884,-0.21503663746688104,0.55465401843476458,2019-07-13 04:00:00+00:00
2019-07-16,088691,GOLD - COMMODITY EXCHANGE INC.,2019,601900,36109,173109,106552,246960,211322,31263,0.29915102176441272,-0.0057204507629130541,-0.22761256022595117,-0.23327463033726534,0.52676358199036388,2019-07-20 04:00:00+00:00
2019-07-23,088691,GOLD - COMMODITY EXCHANGE INC.,2019,616859,35072,175270,105569,253210,208153,29980,0.28883910261502221,-0.010311919149390503,-0.22727722218529681,-0.23934318863792212,0.51611632480031899,2019-07-27 04:00:00+00:00
2019-07-30,088691,GOLD - COMMODITY EXCHANGE INC.,2019,563298,16484,151075,103601,256977,215581,29868,0.32968872603843791,0.040849623423415693,-0.23893392129920574,-0.27228216681046269,0.56862264733764367,2019-08-03 04:00:00+00:00
2019-08-06,088691,GOLD - COMMODITY EXCHANGE INC.,2019,600317,21577,160907,97634,282629,248687,21854,0.37785536641474421,0.048166640376306302,-0.23209404364693986,-0.30816218764419467,0.60994941006168402,2019-08-10 04:00:00+00:00
2019-08-13,088691,GOLD - COMMODITY EXCHANGE INC.,2019,593962,20942,159798,96263,281134,245631,22020,0.37647357911785601,-0.0013817872968882039,-0.23377926534020696,-0.31125055138207497,0.61025284445806294,2019-08-17 04:00:00+00:00
2019-08-20,088691,GOLD - COMMODITY EXCHANGE INC.,2019,594807,21303,166620,94900,285833,249696,19850,0.38642114164762686,0.0099475625297708592,-0.24430949871134672,-0.32099992098277258,0.63073064035897364,2019-08-24 04:00:00+00:00
2019-08-27,088691,GOLD - COMMODITY EXCHANGE INC.,2019,636183,28589,172923,95266,284738,258269,31553,0.35636915793097268,-0.030051983716654185,-0.22687497150976998,-0.29782625439535482,0.58324412944074266,2019-08-31 04:00:00+00:00
2019-09-03,088691,GOLD - COMMODITY EXCHANGE INC.,2019,634358,23849,178506,97751,280835,265175,33549,0.36513451394953639,0.0087653560185637081,-0.24380081909584178,-0.28861305445820812,0.60893533304537817,2019-09-07 04:00:00+00:00
2019-09-10,088691,GOLD - COMMODITY EXCHANGE INC.,2019,614753,23199,177027,109076,260859,239475,33294,0.33538835922720184,-0.02974615472233455,-0.25022732707282436,-0.24690078779607419,0.58561568630002614,2019-09-14 04:00:00+00:00
2019-09-17,088691,GOLD - COMMODITY EXCHANGE INC.,2019,630990,21281,180842,108242,267080,241936,28080,0.33892137751786877,0.0035330182906669338,-0.25287405505634003,-0.25172823658061144,0.59179543257420875,2019-09-21 04:00:00+00:00
2019-09-24,088691,GOLD - COMMODITY EXCHANGE INC.,2019,658944,20674,185082,109466,290203,265508,27637,0.36098818716006215,0.022066809642193375,-0.24950223387723389,-0.27428279186091686,0.610490421037296,2019-09-28 04:00:00+00:00
2019-10-01,088691,GOLD - COMMODITY EXCHANGE INC.,2019,604885,23159,173858,109866,262855,219990,29179,0.3154500442232821,-0.045538142936780046,-0.24913661274457127,-0.25292245633467519,0.56458665696785337,2019-10-05 04:00:00+00:00
2019-10-08,088691,GOLD - COMMODITY EXCHANGE INC.,2019,616957,22269,176511,112484,269184,231976,31475,0.32498375089349824,0.0095337066702161355,-0.25000445736088578,-0.25398852756350931,0.57498820825438401,2019-10-12 04:00:00+00:00
2019-10-15,088691,GOLD - COMMODITY EXCHANGE INC.,2019,607387,22787,168098,117918,260882,213987,38200,0.28941515047243355,-0.035568600421064689,-0.23923956225602458,-0.23537546901728224,0.5286547127284581,2019-10-19 04:00:00+00:00
2019-10-22,088691,GOLD - COMMODITY EXCHANGE INC.,2019,625528,22191,167457,119656,269747,218317,33879,0.29485170927600363,0.0054365588035700796,-0.23222941259224208,-0.23994289624125539,0.52708112186824574,2019-10-26 04:00:00+00:00
2019-10-29,088691,GOLD - COMMODITY EXCHANGE INC.,2019,643442,22136,161711,122994,284635,230664,32106,0.30858725417364735,0.013735544897643726,-0.21691931829131453,-0.25121300754380349,0.52550657246496191,2019-11-02 04:00:00+00:00
2019-11-05,088691,GOLD - COMMODITY EXCHANGE INC.,2019,690181,17855,157995,126365,303363,233167,35920,0.28579024922447882,-0.022797004949168531,-0.20304818591065243,-0.25645156850159595,0.48883843513513126,2019-11-09 05:00:00+00:00
2019-11-12,088691,GOLD - COMMODITY EXCHANGE INC.,2019,708463,41974,164545,123638,302535,209432,33991,0.24763607979527513,-0.038154169429203688,-0.17300974080509499,-0.2525142456275063,0.42064582060037015,2019-11-16 05:00:00+00:00
2019-11-19,088691,GOLD - COMMODITY EXCHANGE INC.,2019,719211,38835,166073,122366,314223,221795,26596,0.27140713921227566,0.023771059417000528,-0.17691331194878832,-0.26676038047249001,0.448320451161064,2019-11-23 05:00:00+00:00
2019-11-26,088691,GOLD - COMMODITY EXCHANGE INC.,2019,669268,24107,145103,121252,305723,218724,24437,0.29029775814770764,0.01889061893543198,-0.18078856302706839,-0.27563098788527168,0.471086321174776,2019-11-30 05:00:00+00:00
2019-12-03,088691,GOLD - COMMODITY EXCHANGE INC.,2019,701016,25300,154111,122418,316394,232276,24314,0.29665799354080363,0.0063602353930959921,-0.18374901571433463,-0.27670695105389892,0.48040700925513824,2019-12-07 05:00:00+00:00
2019-12-10,088691,GOLD - COMMODITY EXCHANGE INC.,2019,690003,25199,147377,124100,304205,212929,29281,0.26615536454189331,-0.030502628998910319,-0.17706879535306369,-0.26102060425824236,0.443224159894957,2019-12-14 05:00:00+00:00
2019-12-17,088691,GOLD - COMMODITY EXCHANGE INC.,2019,716987,24515,157858,123907,309183,228616,26895,0.28134540793626661,0.015190043394373298,-0.1859768726629632,-0.25840914828302325,0.46732228059922981,2019-12-21 05:00:00+00:00
2019-12-24,088691,GOLD - COMMODITY EXCHANGE INC.,2019,748737,26943,164091,122413,325661,245366,26520,0.29228687776882939,0.010941469832562778,-0.18317246242672661,-0.27145446264843331,0.47545934019555602,2019-12-28 05:00:00+00:00
2019-12-31,088691,GOLD - COMMODITY EXCHANGE INC.,2019,786166,25430,171537,124486,344870,258357,25625,0.29603417090029333,0.0037472931314639357,-0.18584751820862261,-0.28032756440751699,0.48188168910891593,2020-01-04 05:00:00+00:00
2020-01-07,088691,GOLD - COMMODITY EXCHANGE INC.,2020,785857,23615,167363,124087,336420,261083,31326,0.29236489590345316,-0.0036692749968401661,-0.1829187752988139,-0.27019292313996057,0.47528367120226706,2020-01-11 05:00:00+00:00
2020-01-14,088691,GOLD - COMMODITY EXCHANGE INC.,2020,796883,40178,181318,125556,334235,262402,31943,0.28920054763371789,-0.0031643482697352732,-0.17711508464856196,-0.26186905731456184,0.46631563228227985,2020-01-18 05:00:00+00:00
2020-01-21,088691,GOLD - COMMODITY EXCHANGE INC.,2020,793829,42645,185232,121988,331304,258269,34437,0.28196500757719861,-0.007235540056519274,-0.17961928828500848,-0.26367895352777487,0.46158429586220706,2020-01-25 05:00:00+00:00
2020-01-28,088691,GOLD - COMMODITY EXCHANGE INC.,2020,715539,22487,161450,119308,341159,254259,34321,0.30737388178701652,0.025408874209817911,-0.19420744361942535,-0.31004739084801808,0.50158132540644185,2020-02-01 05:00:00+00:00
2020-02-04,088691,GOLD - COMMODITY EXCHANGE INC.,2020,654572,16469,155103,119930,312983,223762,42152,0.27744847014537743,-0.029925411641639088,-0.21179335504726754,-0.29493012227837428,0.48924182519264497,2020-02-08 05:00:00+00:00
2020-02-11,088691,GOLD - COMMODITY EXCHANGE INC.,2020,658024,17009,158762,120850,316888,231499,35828,0.29736149441357762,0.019913024268200186,-0.21542223383949521,-0.29791922483070526,0.51278372825307283,2020-02-15 05:00:00+00:00
2020-02-18,088691,GOLD - COMMODITY EXCHANGE INC.,2020,715317,17130,176211,113558,340089,278286,39740,0.33348291736391,0.036121422950332382,-0.22239230998284676,-0.31668616850990539,0.55587522734675676,2020-02-22 05:00:00+00:00
2020-02-25,088691,GOLD - COMMODITY EXCHANGE INC.,2020,732917,20685,184340,111284,323250,263218,32372,0.3149688163871216,-0.018514100976788406,-0.22329267843425654,-0.28920873714213208,0.53826149482137819,2020-02-29 05:00:00+00:00
2020-03-03,088691,GOLD - COMMODITY EXCHANGE INC.,2020,691985,18481,178821,109639,300310,242921,27560,0.31122206406208225,-0.0037467523250393486,-0.23171022493262136,-0.27554209990100942,0.54293228899470358,2020-03-07 05:00:00+00:00
2020-03-10,088691,GOLD - COMMODITY EXCHANGE INC.,2020,633470,30447,171242,114320,301829,220642,10457,0.33179945380207426,0.020577389739992014,-0.22225993338279634,-0.29600296778063678,0.55405938718487058,2020-03-14 04:00:00+00:00
2020-03-17,088691,GOLD - COMMODITY EXCHANGE INC.,2020,573925,28316,161694,95537,263868,164979,10900,0.26846539181948859,-0.063334061982585677,-0.2323962190181644,-0.29329790477849893,0.50086161083765302,2020-03-21 04:00:00+00:00
2020-03-24,088691,GOLD - COMMODITY EXCHANGE INC.,2020,547334,22853,157635,92974,270015,158965,1556,0.28759221974151067,0.019126827922022083,-0.24625183160556444,-0.3234606291587952,0.53384405134707513,2020-03-28 04:00:00+00:00
2020-03-31,088691,GOLD - COMMODITY EXCHANGE INC.,2020,495652,25659,137868,81549,253299,156820,4222,0.30787326592044417,0.020281046178933504,-0.22638665838128363,-0.34651327947834365,0.53425992430172786,2020-04-04 04:00:00+00:00
2020-04-07,088691,GOLD - COMMODITY EXCHANGE INC.,2020,480050,19757,129690,80746,246424,157005,4523,0.3176377460681179,0.0097644801476737264,-0.22900322883033017,-0.34512654931777942,0.5466409748984481,2020-04-11 04:00:00+00:00
2020-04-14,088691,GOLD - COMMODITY EXCHANGE INC.,2020,489965,19415,127666,78256,250413,162412,7168,0.31684712173318502,-0.00079062433493287676,-0.22093618931964529,-0.3513659138918086,0.53778331105283028,2020-04-18 04:00:00+00:00
2020-04-21,088691,GOLD - COMMODITY EXCHANGE INC.,2020,493158,18506,126959,76849,248469,155492,9221,0.29660068375652426,-0.020246437976660758,-0.21991532125606802,-0.34800206019166269,0.51651600501259232,2020-04-25 04:00:00+00:00
2020-04-28,088691,GOLD - COMMODITY EXCHANGE INC.,2020,500816,17954,130880,74946,255649,154025,7619,0.29233490942781382,-0.0042657743287104477,-0.2254840100955241,-0.36081714641704737,0.51781891952333792,2020-05-02 04:00:00+00:00
2020-05-05,088691,GOLD - COMMODITY EXCHANGE INC.,2020,490343,17834,126428,76763,249805,142326,9085,0.27173019702534756,-0.020604712402466252,-0.22146538239558838,-0.35289990883932265,0.49319557942093595,2020-05-09 04:00:00+00:00
2020-05-12,088691,GOLD - COMMODITY EXCHANGE INC.,2020,496739,22089,127265,78459,251816,144015,21798,0.24603866416770176,-0.025691532857645805,-0.21173292211805395,-0.3489901135203799,0.4577715862857557,2020-05-16 04:00:00+00:00
2020-05-19,088691,GOLD - COMMODITY EXCHANGE INC.,2020,528205,21879,129189,79365,262229,153961,26897,0.24055811664031956,-0.0054805475273821957,-0.20315975804848496,-0.34619891898032013,0.44371787468880453,2020-05-23 04:00:00+00:00
2020-05-26,088691,GOLD - COMMODITY EXCHANGE INC.,2020,519374,16983,105449,77107,262963,145566,32485,0.21772556962805223,-0.022832547012267335,-0.17033197657179605,-0.35784617635846228,0.38805754619984828,2020-05-30 04:00:00+00:00
2020-06-02,088691,GOLD - COMMODITY EXCHANGE INC.,2020,475745,17550,99413,75127,249887,133655,33300,0.21094283702403599,-0.0067827326040162395,-0.17207327454833998,-0.36733964623905663,0.38301611157237597,2020-06-06 04:00:00+00:00
2020-06-09,088691,GOLD - COMMODITY EXCHANGE INC.,2020,475661,18289,101180,76023,236589,126407,35230,0.19168483436733305,-0.019258002656702938,-0.17426486510350858,-0.33756393734193052,0.36594969947084166,2020-06-13 04:00:00+00:00
2020-06-16,088691,GOLD - COMMODITY EXCHANGE INC.,2020,489563,17761,105338,76758,247201,135945,31257,0.21383968968243106,0.022154855315098004,-0.17888811041684113,-0.34815335309245182,0.39272780009927222,2020-06-20 04:00:00+00:00
2020-06-23,088691,GOLD - COMMODITY EXCHANGE INC.,2020,532101,17771,111941,74444,267566,161593,32078,0.24340303814501382,0.029563348462582767,-0.17697767904965411,-0.36294237372228205,0.42038071719466796,2020-06-27 04:00:00+00:00
2020-06-30,088691,GOLD - COMMODITY EXCHANGE INC.,2020,561628,19798,115221,75447,281487,173526,34971,0.24670244361036131,0.003299405465347488,-0.16990427827672411,-0.36686205103734143,0.41660672188708542,2020-07-04 04:00:00+00:00
2020-07-07,088691,GOLD - COMMODITY EXCHANGE INC.,2020,572776,20352,112705,72947,283186,179810,40467,0.24327660376831431,-0.0034258398420470015,-0.16123755185273125,-0.36705273963992907,0.40451415562104553,2020-07-11 04:00:00+00:00
2020-07-14,088691,GOLD - COMMODITY EXCHANGE INC.,2020,580175,22532,118784,73071,278837,177400,42427,0.23264187529624683,-0.010634728472067478,-0.16590166760029301,-0.35466195544447798,0.39854354289653982,2020-07-18 04:00:00+00:00
2020-07-21,088691,GOLD - COMMODITY EXCHANGE INC.,2020,603138,23045,123303,71634,275235,181256,40987,0.23256534988675892,-7.6525409487909757e-05,-0.1662272978986567,-0.3375695114550899,0.39879264778541562,2020-07-25 04:00:00+00:00
2020-07-28,088691,GOLD - COMMODITY EXCHANGE INC.,2020,598629,20494,110969,74894,262796,159894,42758,0.19567378125683854,-0.036891568629920379,-0.15113701474535982,-0.31388723232586457,0.34681079600219833,2020-08-01 04:00:00+00:00
2020-08-04,088691,GOLD - COMMODITY EXCHANGE INC.,2020,561837,19158,116748,79645,258400,165357,51885,0.20196605065170148,0.0062922693948629371,-0.17369806545314745,-0.31816167322550848,0.37566411610484896,2020-08-08 04:00:00+00:00
2020-08-11,088691,GOLD - COMMODITY EXCHANGE INC.,2020,553345,20119,113766,81712,256396,155418,57726,0.17654808482953674,-0.02541796582216474,-0.1692379979940182,-0.31568731984566589,0.34578608282355494,2020-08-15 04:00:00+00:00
2020-08-18,088691,GOLD - COMMODITY EXCHANGE INC.,2020,544010,19419,110411,82563,259342,151016,55578,0.17543427510523704,-0.0011138097242996969,-0.16726163122001433,-0.32495542361353652,0.34269590632525138,2020-08-22 04:00:00+00:00
2020-08-25,088691,GOLD - COMMODITY EXCHANGE INC.,2020,549282,21545,114604,83785,257171,145055,58206,0.15811368295338277,-0.017320592151854275,-0.16941935108013734,-0.31565935166271608,0.32753303403352008,2020-08-29 04:00:00+00:00
2020-09-01,088691,GOLD - COMMODITY EXCHANGE INC.,2020,547704,17887,115747,80332,259878,147175,49433,0.17845770708265779,0.020344024129275023,-0.17867315192147584,-0.32781575449512873,0.35713085900413366,2020-09-05 04:00:00+00:00
2020-09-08,088691,GOLD - COMMODITY EXCHANGE INC.,2020,557457,17766,118943,79781,259644,155528,51236,0.18708528191412074,0.008627574831462953,-0.18149740697488775,-0.32264910118627982,0.36858268888900847,2020-09-12 04:00:00+00:00
2020-09-15,088691,GOLD - COMMODITY EXCHANGE INC.,2020,578925,19681,121622,81024,264269,166571,55473,0.1919039599257244,0.0048186780116036554,-0.1760867124411625,-0.31652632033510386,0.36799067236688687,2020-09-19 04:00:00+00:00
2020-09-22,088691,GOLD - COMMODITY EXCHANGE INC.,2020,575877,20734,113771,83669,257040,144670,63222,0.14143297961196574,-0.050470980313758657,-0.16155706861013724,-0.30105560736059955,0.30299004822210296,2020-09-26 04:00:00+00:00
2020-09-29,088691,GOLD - COMMODITY EXCHANGE INC.,2020,562396,18095,114937,80681,270017,140320,45948,0.16780346944146118,0.026370489829495442,-0.17219539257035968,-0.33665957794863405,0.33999886201182083,2020-10-03 04:00:00+00:00
2020-10-06,088691,GOLD - COMMODITY EXCHANGE INC.,2020,555555,17090,114476,80604,271686,139350,44738,0.17030177030177029,0.0024983008603091106,-0.17529497529497529,-0.34394794394794392,0.34559674559674558,2020-10-10 04:00:00+00:00
2020-10-13,088691,GOLD - COMMODITY EXCHANGE INC.,2020,553197,15637,116151,80511,264652,138169,56388,0.1478334119671654,-0.022468358334604893,-0.18169657463796804,-0.33286695336381072,0.32952998660513344,2020-10-17 04:00:00+00:00
2020-10-20,088691,GOLD - COMMODITY EXCHANGE INC.,2020,562993,16306,117914,80534,273050,149108,58543,0.16086345656162687,0.013030044594461471,-0.18047826527150426,-0.34195096564255684,0.34134172183313116,2020-10-24 04:00:00+00:00
2020-10-27,088691,GOLD - COMMODITY EXCHANGE INC.,2020,560900,16885,110953,78297,280691,149140,47265,0.18162774113032626,0.020764284568699387,-0.16770903904439294,-0.36083793902656447,0.3493367801747192,2020-10-31 04:00:00+00:00
2020-11-03,088691,GOLD - COMMODITY EXCHANGE INC.,2020,544774,15422,108060,76841,273541,140094,49399,0.16648188055964491,-0.015145860570681347,-0.1700484971749753,-0.36106715812428641,0.33653037773462025,2020-11-07 05:00:00+00:00
2020-11-10,088691,GOLD - COMMODITY EXCHANGE INC.,2020,547449,15986,108842,75840,266407,130105,50322,0.1457359498327698,-0.020745930726875111,-0.16961579982792918,-0.34810000566262794,0.31535174966069901,2020-11-14 05:00:00+00:00
2020-11-17,088691,GOLD - COMMODITY EXCHANGE INC.,2020,557533,16015,113514,74682,271755,139550,49103,0.16222716861602812,0.016491218783258321,-0.17487574726518429,-0.35347324732347679,0.33710291588121244,2020-11-21 05:00:00+00:00
2020-11-24,088691,GOLD - COMMODITY EXCHANGE INC.,2020,555253,16425,112076,74823,264001,137503,52155,0.15371011052619257,-0.0085170580898355497,-0.17226561585439432,-0.34070594845953106,0.32597572638058692,2020-11-28 05:00:00+00:00
2020-12-01,088691,GOLD - COMMODITY EXCHANGE INC.,2020,538042,18504,119429,73475,265813,134446,48903,0.15898944692050063,0.005279336394308054,-0.18757829314440136,-0.3574776690295553,0.34656774006490199,2020-12-05 05:00:00+00:00
2020-12-08,088691,GOLD - COMMODITY EXCHANGE INC.,2020,549520,15367,118240,71031,268881,147844,49033,0.17981329159994178,0.02082384467944115,-0.18720519726306595,-0.36004149075556852,0.3670184888630077,2020-12-12 05:00:00+00:00
2020-12-15,088691,GOLD - COMMODITY EXCHANGE INC.,2020,550366,14192,118294,69353,271593,151901,50022,0.18511136225711616,0.0052980706571743863,-0.18915049258130046,-0.36746455994738048,0.37426185483841662,2020-12-19 05:00:00+00:00
2020-12-21,088691,GOLD - COMMODITY EXCHANGE INC.,2020,560769,12636,120377,68376,275734,158194,50070,0.1928137967683663,0.0077024345112501336,-0.19213080608949495,-0.36977436341880526,0.38494460285786125,2020-12-25 05:00:00+00:00
2020-12-29,088691,GOLD - COMMODITY EXCHANGE INC.,2020,556414,12327,117811,69183,270953,159673,50678,0.19588831337816806,0.003074516609801764,-0.18957826366698177,-0.36262567081345903,0.38546657704514986,2021-01-02 05:00:00+00:00
2021-01-05,088691,GOLD - COMMODITY EXCHANGE INC.,2021,568888,13307,118767,66849,282312,167096,50527,0.20490676547932107,0.0090184521011530128,-0.1853791959049936,-0.37874414647522886,0.39028596138431471,2021-01-09 05:00:00+00:00
2021-01-12,088691,GOLD - COMMODITY EXCHANGE INC.,2021,555538,15210,113944,67748,259315,131057,52823,0.14082565009054285,-0.064081115388778226,-0.17772681616739089,-0.34483149667529495,0.31855246625793376,2021-01-16 05:00:00+00:00
2021-01-19,088691,GOLD - COMMODITY EXCHANGE INC.,2021,541330,13477,114372,67123,253695,127161,49090,0.14422071564480077,0.00339506555425792,-0.1863835368444387,-0.34465483161842131,0.33060425248923947,2021-01-23 05:00:00+00:00
2021-01-26,088691,GOLD - COMMODITY EXCHANGE INC.,2021,534574,10278,113013,66964,263177,142815,46416,0.18032863551164105,0.036107919866840282,-0.19218106380033448,-0.3670455353234538,0.37250969931197553,2021-01-30 05:00:00+00:00
2021-02-02,088691,GOLD - COMMODITY EXCHANGE INC.,2021,520011,10760,114887,64507,258337,137062,49284,0.16880027537879005,-0.011528360132850995,-0.20023999492318431,-0.37274211507064275,0.36904027030197439,2021-02-06 05:00:00+00:00
2021-02-09,088691,GOLD - COMMODITY EXCHANGE INC.,2021,506741,9490,112486,63984,253183,134733,47093,0.17294831087281273,0.0041480354940226782,-0.20325175977471727,-0.37336430247404495,0.37620007064753003,2021-02-13 05:00:00+00:00
2021-02-16,088691,GOLD - COMMODITY EXCHANGE INC.,2021,503016,11567,111400,64698,239943,125997,58041,0.13509709432701941,-0.03785121654579332,-0.19846883598136045,-0.34838852044467772,0.33356593030837989,2021-02-20 05:00:00+00:00
2021-02-23,088691,GOLD - COMMODITY EXCHANGE INC.,2021,481125,10658,103728,64009,222668,125124,56001,0.14366952455183166,0.0085724302248122441,-0.19344245258508705,-0.32976669264744091,0.33711197713691871,2021-02-27 05:00:00+00:00
2021-03-02,088691,GOLD - COMMODITY EXCHANGE INC.,2021,467008,12025,98920,63300,198608,106608,60648,0.098413731670549537,-0.04525579288128212,-0.186067476360148,-0.28973379471015487,0.28448120803069754,2021-03-06 05:00:00+00:00
2021-03-09,088691,GOLD - COMMODITY EXCHANGE INC.,2021,473871,14579,96258,63924,190125,96223,66793,0.062105509727330858,-0.036308221943218678,-0.17236547499213922,-0.26631931475021681,0.23447098471947009,2021-03-13 05:00:00+00:00
2021-03-16,088691,GOLD - COMMODITY EXCHANGE INC.,2021,476467,15152,94226,64465,194866,100669,59548,0.086303983276911092,0.024198473549580234,-0.16595902759267694,-0.27368317218191396,0.25226301086958802,2021-03-20 04:00:00+00:00
2021-03-23,088691,GOLD - COMMODITY EXCHANGE INC.,2021,485457,15470,93043,63078,187308,107941,64420,0.089649546715775033,0.003345563438863941,-0.15979376134240519,-0.25590320048943571,0.24944330805818021,2021-03-27 04:00:00+00:00
2021-03-30,088691,GOLD - COMMODITY EXCHANGE INC.,2021,467321,16441,89329,63726,184564,113009,69936,0.092170050136843845,0.0025205034210688121,-0.15596987937627455,-0.25857601092182891,0.24813992951311839,2021-04-03 04:00:00+00:00
2021-04-06,088691,GOLD - COMMODITY EXCHANGE INC.,2021,463353,11916,90527,65739,201927,121563,55091,0.14345865894900864,0.051288608812164793,-0.16965682751595437,-0.29391845957617624,0.31311548646496301,2021-04-10 04:00:00+00:00
2021-04-13,088691,GOLD - COMMODITY EXCHANGE INC.,2021,460733,11585,86637,67517,201253,112070,58263,0.11678564374594397,-0.026673015203064671,-0.16289694899214946,-0.29026789919541252,0.27968259273809343,2021-04-17 04:00:00+00:00
2021-04-20,088691,GOLD - COMMODITY EXCHANGE INC.,2021,471738,11755,87520,67853,205281,116843,60419,0.11960876588275696,0.0028231221368129888,-0.16060821896900399,-0.29132272575031054,0.28021698485176094,2021-04-24 04:00:00+00:00
2021-04-27,088691,GOLD - COMMODITY EXCHANGE INC.,2021,473305,11542,83268,69531,204982,117144,66493,0.10701556079061071,-0.012593205092146245,-0.15154287404527736,-0.28618121507273325,0.25855843483588808,2021-05-01 04:00:00+00:00
2021-05-04,088691,GOLD - COMMODITY EXCHANGE INC.,2021,470341,11043,78286,68469,203149,117434,63809,0.11401302459279544,0.0069974638021847307,-0.14296648601759149,-0.28634543873487533,0.25697951061038693,2021-05-08 04:00:00+00:00
2021-05-11,088691,GOLD - COMMODITY EXCHANGE INC.,2021,498693,16359,87150,67146,223439,131295,49680,0.16365780149310297,0.049644776900307525,-0.14195306531272747,-0.3134052413007602,0.30561086680583044,2021-05-15 04:00:00+00:00
2021-05-18,088691,GOLD - COMMODITY EXCHANGE INC.,2021,520410,18969,84133,67198,234935,141776,49786,0.17676447416460098,0.01310667267149801,-0.12521665609807653,-0.32231701927326534,0.30198113026267748,2021-05-22 04:00:00+00:00
2021-05-25,088691,GOLD - COMMODITY EXCHANGE INC.,2021,510164,12526,90986,68215,240624,143862,36607,0.21023631616499791,0.033471842000396934,-0.15379368203166041,-0.33794818920974434,0.36402999819665832,2021-05-29 04:00:00+00:00
2021-06-01,088691,GOLD - COMMODITY EXCHANGE INC.,2021,489198,11017,80820,64564,242936,147270,37297,0.22480263615141519,0.014566319986417275,-0.14268864549732418,-0.36462127809189737,0.36749128164873934,2021-06-05 04:00:00+00:00
2021-06-08,088691,GOLD - COMMODITY EXCHANGE INC.,2021,491858,13828,78884,63894,243644,145037,37373,0.21889244456733448,-0.0059101915840807095,-0.13226581655681111,-0.36545100415160475,0.35115826112414561,2021-06-12 04:00:00+00:00
2021-06-15,088691,GOLD - COMMODITY EXCHANGE INC.,2021,480127,15205,79346,65057,232142,138546,41754,0.20159666088347458,-0.017295783683859894,-0.13359173718620282,-0.34800167455694014,0.33518839806967737,2021-06-19 04:00:00+00:00
2021-06-22,088691,GOLD - COMMODITY EXCHANGE INC.,2021,453940,14480,70690,66653,212825,110038,47502,0.13776269991628851,-0.063833960967186076,-0.12382693748072432,-0.32200731374190422,0.2615896373970128,2021-06-26 04:00:00+00:00
2021-06-29,088691,GOLD - COMMODITY EXCHANGE INC.,2021,453360,14517,68972,67200,207865,115438,54056,0.13539350626433738,-0.0023691936519511236,-0.12011425798482442,-0.31027218987118405,0.25550776424916177,2021-07-03 04:00:00+00:00
2021-07-06,088691,GOLD - COMMODITY EXCHANGE INC.,2021,465811,14158,75008,66765,220641,131218,53258,0.16736401673640167,0.031970510472064284,-0.13063238094420268,-0.33033998767740563,0.29799639768060437,2021-07-10 04:00:00+00:00
2021-07-13,088691,GOLD - COMMODITY EXCHANGE INC.,2021,495798,14757,75926,66111,225970,135938,49647,0.17404467141860194,0.0066806546822002766,-0.12337484217362717,-0.32242768224155804,0.29741951359222912,2021-07-17 04:00:00+00:00
2021-07-20,088691,GOLD - COMMODITY EXCHANGE INC.,2021,490520,14367,78197,67561,232279,135163,44735,0.18435130066052352,0.010306629241921578,-0.13012721193835114,-0.33580282149555574,0.31447851259887466,2021-07-24 04:00:00+00:00
2021-07-27,088691,GOLD - COMMODITY EXCHANGE INC.,2021,500187,13874,70160,67644,240172,131635,41405,0.18039253319258597,-0.0039587674679375517,-0.11252991381223422,-0.34492699730300869,0.29292244700482017,2021-07-31 04:00:00+00:00
2021-08-03,088691,GOLD - COMMODITY EXCHANGE INC.,2021,485663,17427,73826,73284,248169,132920,43047,0.18505218639262205,0.0046596532000360846,-0.11612784997004096,-0.36009537477633669,0.301180036362663,2021-08-07 04:00:00+00:00
2021-08-10,088691,GOLD - COMMODITY EXCHANGE INC.,2021,477232,15344,62975,72207,220217,111892,76489,0.074184044657525067,-0.11086814173509699,-0.099806802561437619,-0.31014265598283436,0.17399084721896269,2021-08-14 04:00:00+00:00
2021-08-17,088691,GOLD - COMMODITY EXCHANGE INC.,2021,485485,14549,66385,73900,236064,117272,58194,0.12168862065769283,0.047504576000167761,-0.10677157893652739,-0.33402473814844946,0.2284601995942202,2021-08-21 04:00:00+00:00
2021-08-24,088691,GOLD - COMMODITY EXCHANGE INC.,2021,504735,14405,69571,73832,253344,126636,51192,0.1494724954679188,0.02778387481022597,-0.10929695780954363,-0.35565593826463393,0.25876945327746242,2021-08-28 04:00:00+00:00
2021-08-31,088691,GOLD - COMMODITY EXCHANGE INC.,2021,507113,13580,66321,72573,260344,136555,54878,0.16106272172079991,0.011590226252881114,-0.10400246098995687,-0.37027447531418045,0.2650651827107568,2021-09-04 04:00:00+00:00
2021-09-07,088691,GOLD - COMMODITY EXCHANGE INC.,2021,506772,14223,66798,72865,256098,129044,61449,0.13338345449235553,-0.027679267228444382,-0.10374487935402903,-0.36156891067383362,0.23712833384638454,2021-09-11 04:00:00+00:00
2021-09-14,088691,GOLD - COMMODITY EXCHANGE INC.,2021,506356,13149,67186,72791,253005,130837,59615,0.14065598116740002,0.0072725266750444939,-0.10671740830561897,-0.35590375151079479,0.24737338947301901,2021-09-18 04:00:00+00:00
2021-09-21,088691,GOLD - COMMODITY EXCHANGE INC.,2021,492765,15089,61902,72105,237936,119777,72933,0.095063569855813629,-0.045592411311586395,-0.095000659543595836,-0.33653161243188945,0.19006422939940948,2021-09-25 04:00:00+00:00
2021-09-28,088691,GOLD - COMMODITY EXCHANGE INC.,2021,490858,18460,60320,72672,220963,118923,88062,0.062871543297654306,-0.032192026558159323,-0.085279245728907341,-0.30210570063032488,0.14815078902656165,2021-10-02 04:00:00+00:00
2021-10-05,088691,GOLD - COMMODITY EXCHANGE INC.,2021,483789,14867,57675,77225,238119,126745,72579,0.1119620330350628,0.049090489737408496,-0.088484856001273288,-0.33257060412700579,0.20044688903633609,2021-10-09 04:00:00+00:00
2021-10-12,088691,GOLD - COMMODITY EXCHANGE INC.,2021,484382,14259,62099,77500,237274,131668,73149,0.12081167343130009,0.0088496403962372849,-0.098765024299003676,-0.32985123311766334,0.21957669773030375,2021-10-16 04:00:00+00:00
2021-10-19,088691,GOLD - COMMODITY EXCHANGE INC.,2021,485974,12474,63126,76694,245232,124560,66761,0.11893434628189986,-0.0018773271494002264,-0.10422779819496517,-0.34680456156090655,0.22316214447686503,2021-10-23 04:00:00+00:00
2021-10-26,088691,GOLD - COMMODITY EXCHANGE INC.,2021,509794,13505,64600,72885,261444,141280,54918,0.16940568151057095,0.050471335228671088,-0.10022675825921842,-0.36987292906546565,0.26963243976978934,2021-10-30 04:00:00+00:00
2021-11-02,088691,GOLD - COMMODITY EXCHANGE INC.,2021,507616,13986,66307,71365,258921,136944,51705,0.167920238920759,-0.0014854425898119528,-0.1030720071865347,-0.36948401941625164,0.27099224610729367,2021-11-06 04:00:00+00:00
2021-11-09,088691,GOLD - COMMODITY EXCHANGE INC.,2021,571025,17412,76212,68244,284933,168133,42523,0.21997285582942955,0.052052616908670551,-0.10297272448666871,-0.37947375333829519,0.32294558031609827,2021-11-13 05:00:00+00:00
2021-11-16,088691,GOLD - COMMODITY EXCHANGE INC.,2021,612612,17998,86192,68512,287857,185468,43083,0.2324228059522177,0.012449950122788156,-0.11131678778737603,-0.35804881393116689,0.34373959373959373,2021-11-20 05:00:00+00:00
2021-11-23,088691,GOLD - COMMODITY EXCHANGE INC.,2021,559823,14322,82848,67987,267295,152273,46934,0.18816483066969381,-0.044257975282523898,-0.12240654635483,-0.35601967050299826,0.31057137702452381,2021-11-27 05:00:00+00:00
2021-11-30,088691,GOLD - COMMODITY EXCHANGE INC.,2021,531868,13584,67407,70183,274963,137469,45384,0.17313506358720585,-0.01502976708248796,-0.10119616145359375,-0.38502034339347357,0.2743312250407996,2021-12-04 05:00:00+00:00
2021-12-07,088691,GOLD - COMMODITY EXCHANGE INC.,2021,499307,11713,65860,76290,267766,125067,44326,0.1617061246888187,-0.011428938898387142,-0.10844430380507383,-0.38348350814228521,0.27015042849389254,2021-12-11 05:00:00+00:00
2021-12-14,088691,GOLD - COMMODITY EXCHANGE INC.,2021,503709,11823,63346,76488,256376,121492,58075,0.12590007325658267,-0.03580605143223603,-0.10228723330335571,-0.35712683315168081,0.22818730655993838,2021-12-18 05:00:00+00:00
2021-12-21,088691,GOLD - COMMODITY EXCHANGE INC.,2021,500846,11693,67486,74493,254729,124120,52372,0.14325361488361693,0.017353541627034258,-0.11139751540393654,-0.35986311161514717,0.25465113028755348,2021-12-25 05:00:00+00:00
2021-12-28,088691,GOLD - COMMODITY EXCHANGE INC.,2021,508912,11047,69200,74017,261528,130389,46726,0.16439580909862608,0.021142194215009152,-0.1142692646272833,-0.36845466406765809,0.27866507372590937,2022-01-01 05:00:00+00:00
2022-01-04,088691,GOLD - COMMODITY EXCHANGE INC.,2022,502717,11574,65049,74428,258411,124252,44744,0.15815657715971412,-0.0062392319389119599,-0.10637197468953706,-0.36597727946339592,0.26452855184925117,2022-01-08 05:00:00+00:00
2022-01-11,088691,GOLD - COMMODITY EXCHANGE INC.,2022,546516,15004,65710,81976,256343,119297,44987,0.13597040159848933,-0.022186175561224791,-0.09278044924576774,-0.3190519582226321,0.22875085084425706,2022-01-15 05:00:00+00:00
2022-01-18,088691,GOLD - COMMODITY EXCHANGE INC.,2022,539204,19188,70150,87223,257329,119807,48014,0.13314626746092387,-0.0028241341375654649,-0.094513393817553276,-0.31547614631938931,0.22765966127847714,2022-01-22 05:00:00+00:00
2022-01-25,088691,GOLD - COMMODITY EXCHANGE INC.,2022,572078,13494,79264,86207,270183,140640,39265,0.17720485668038274,0.044058589219458877,-0.11496684018612846,-0.32159251011225742,0.29217169686651123,2022-01-29 05:00:00+00:00
2022-02-01,088691,GOLD - COMMODITY EXCHANGE INC.,2022,515331,13294,65627,95639,244648,108309,58395,0.096858135838907414,-0.08034672084147533,-0.10155220625190411,-0.28915202074006802,0.19841034209081154,2022-02-05 05:00:00+00:00
2022-02-08,088691,GOLD - COMMODITY EXCHANGE INC.,2022,512842,12653,66144,97101,255044,117234,47767,0.13545497443657112,0.038596838597663705,-0.10430307970096053,-0.30797594580787063,0.23975805413753165,2022-02-12 05:00:00+00:00
2022-02-15,088691,GOLD - COMMODITY EXCHANGE INC.,2022,558645,13840,77522,97299,272492,151530,43824,0.19279864672555916,0.05734367228898804,-0.113993681139185,-0.31360345120783323,0.30679232786474414,2022-02-19 05:00:00+00:00
2022-02-22,088691,GOLD - COMMODITY EXCHANGE INC.,2022,611488,14747,85658,97911,296722,183356,44380,0.22727510597100842,0.034476459245449259,-0.11596466324768434,-0.32512657648228582,0.34323976921869276,2022-02-26 05:00:00+00:00
2022-03-01,088691,GOLD - COMMODITY EXCHANGE INC.,2022,615600,18689,94503,95700,305695,187215,38594,0.24142462638076673,0.014149520409758309,-0.12315464587394412,-0.34112248213125407,0.36457927225471087,2022-03-05 05:00:00+00:00
2022-03-08,088691,GOLD - COMMODITY EXCHANGE INC.,2022,638502,23736,99813,100587,331456,181510,38537,0.2239194239015696,-0.017505202479197124,-0.11914919608709135,-0.36157913365972227,0.34306861998866095,2022-03-12 05:00:00+00:00
2022-03-15,088691,GOLD - COMMODITY EXCHANGE INC.,2022,617605,26287,93725,96765,326768,165597,39060,0.20488338015398191,-0.019036043747587689,-0.10919276884092584,-0.37241116895102855,0.31407614899490777,2022-03-19 04:00:00+00:00
2022-03-22,088691,GOLD - COMMODITY EXCHANGE INC.,2022,605191,28886,93799,103016,319698,152589,37457,0.19024076696447897,-0.01464261318950294,-0.10726035251680874,-0.35803903230550355,0.29750111948128771,2022-03-26 04:00:00+00:00
2022-03-29,088691,GOLD - COMMODITY EXCHANGE INC.,2022,574521,18389,70315,89623,323634,146486,38184,0.1885083399910534,-0.0017324269734255715,-0.090381378574499446,-0.40731496324764455,0.27888971856555284,2022-04-02 04:00:00+00:00
2022-04-05,088691,GOLD - COMMODITY EXCHANGE INC.,2022,560666,18989,71333,87989,314403,148320,46693,0.18126121434151526,-0.0072471256495381386,-0.093360396385726976,-0.4038304445070684,0.27462161072724223,2022-04-09 04:00:00+00:00
2022-04-12,088691,GOLD - COMMODITY EXCHANGE INC.,2022,577639,20272,72001,88326,324690,165244,48219,0.20259193025401678,0.021330715912501519,-0.08955247135321541,-0.40918982270933923,0.29214440160723221,2022-04-16 04:00:00+00:00
2022-04-19,088691,GOLD - COMMODITY EXCHANGE INC.,2022,575202,22596,72545,89457,315033,157560,56294,0.17605293444737674,-0.026538995806640042,-0.086837319758971632,-0.39216831652184797,0.26289025420634837,2022-04-23 04:00:00+00:00
2022-04-26,088691,GOLD - COMMODITY EXCHANGE INC.,2022,557785,22665,66838,90532,295653,138215,57098,0.14542700144320841,-0.030625933004168326,-0.07919359609885529,-0.36774205114874009,0.2246205975420637,2022-04-30 04:00:00+00:00
2022-05-03,088691,GOLD - COMMODITY EXCHANGE INC.,2022,560441,23431,63612,92223,283894,128828,60981,0.12106002237523665,-0.024366979067971764,-0.071695325645340008,-0.34200031760702732,0.19275534802057664,2022-05-07 04:00:00+00:00
2022-05-10,088691,GOLD - COMMODITY EXCHANGE INC.,2022,571447,22242,65143,89722,274577,123931,61939,0.10848250143932858,-0.012577520935908068,-0.075074328852894501,-0.32348581758238298,0.18355683029222308,2022-05-14 04:00:00+00:00
2022-05-17,088691,GOLD - COMMODITY EXCHANGE INC.,2022,555756,24468,62025,89655,258977,115572,72212,0.078019850437961988,-0.030462651001366595,-0.067578217779025326,-0.30466967518119464,0.14559806821698731,2022-05-21 04:00:00+00:00
2022-05-24,088691,GOLD - COMMODITY EXCHANGE INC.,2022,530098,21184,63194,88932,258869,121174,60117,0.11518058924953499,0.037160738811573002,-0.07924949726277028,-0.3205765726337394,0.19443008651230526,2022-05-28 04:00:00+00:00
2022-05-31,088691,GOLD - COMMODITY EXCHANGE INC.,2022,513722,19970,65269,87433,242190,112731,61938,0.09887254195849117,-0.01630804729104382,-0.088178041820284117,-0.30124658862186166,0.18705058377877529,2022-06-04 04:00:00+00:00
2022-06-07,088691,GOLD - COMMODITY EXCHANGE INC.,2022,494130,16570,61112,83943,239287,115215,57684,0.11642887499241091,0.017556333033919735,-0.090142270252767484,-0.31437880719648675,0.20657114524517839,2022-06-11 04:00:00+00:00
2022-06-14,088691,GOLD - COMMODITY EXCHANGE INC.,2022,497456,14920,55975,90077,227591,109111,72206,0.074187465826123317,-0.042241409166287588,-0.082529912193239199,-0.2764344987295359,0.15671737801936253,2022-06-18 04:00:00+00:00
2022-06-21,088691,GOLD - COMMODITY EXCHANGE INC.,2022,500276,13019,57208,89736,232476,113220,63417,0.09955104782160247,0.025363581995479154,-0.088329242258273433,-0.28532250197890763,0.18788029007987589,2022-06-25 04:00:00+00:00
2022-06-28,088691,GOLD - COMMODITY EXCHANGE INC.,2022,497005,13971,57758,88706,226926,110850,74748,0.072639108258468227,-0.026911939563134243,-0.088101729358859571,-0.27810585406585447,0.1607408376173278,2022-07-02 04:00:00+00:00
2022-07-05,088691,GOLD - COMMODITY EXCHANGE INC.,2022,498210,15404,53894,88196,215291,103472,86438,0.034190401637863549,-0.038448706620604678,-0.077256578551213345,-0.25510326970554587,0.11144698018907689,2022-07-09 04:00:00+00:00
2022-07-12,088691,GOLD - COMMODITY EXCHANGE INC.,2022,542493,18149,46218,88915,198634,91669,97802,-0.011305214998165876,-0.045495616636029426,-0.051740759788605567,-0.20224961428073726,0.04043554479043969,2022-07-16 04:00:00+00:00
2022-07-19,088691,GOLD - COMMODITY EXCHANGE INC.,2022,524786,21601,46644,91690,178909,91056,109794,-0.035705983010217497,-0.02440076801205162,-0.047720404126634475,-0.16619917452066177,0.012014421116416978,2022-07-23 04:00:00+00:00
2022-07-26,088691,GOLD - COMMODITY EXCHANGE INC.,2022,487515,16057,41222,90911,174168,92216,111309,-0.039163923161338626,-0.0034579401511211291,-0.05161892454591141,-0.17077833502558895,0.012455001384572784,2022-07-30 04:00:00+00:00
2022-08-02,088691,GOLD - COMMODITY EXCHANGE INC.,2022,459649,13831,44218,87907,193085,96634,80779,0.034493711505953456,0.073657634667292082,-0.066109139800151859,-0.22882242754797683,0.10060285130610531,2022-08-06 04:00:00+00:00
2022-08-09,088691,GOLD - COMMODITY EXCHANGE INC.,2022,453540,12940,49401,83302,201395,100013,59279,0.089813467389866383,0.055319755883912927,-0.080392027164086957,-0.26038056180270758,0.17020549455395334,2022-08-13 04:00:00+00:00
2022-08-16,088691,GOLD - COMMODITY EXCHANGE INC.,2022,453960,14278,48802,82580,201765,96765,60392,0.080123799453696368,-0.0096896679361700155,-0.076050753370340993,-0.26254515816371488,0.15617455282403736,2022-08-20 04:00:00+00:00
2022-08-23,088691,GOLD - COMMODITY EXCHANGE INC.,2022,457762,14957,47144,84037,189922,95850,73739,0.048302392946553009,-0.031821406507143359,-0.070313831204861912,-0.23131015680637537,0.11861622415141493,2022-08-27 04:00:00+00:00
2022-08-30,088691,GOLD - COMMODITY EXCHANGE INC.,2022,459165,14612,45959,86070,184402,91761,79973,0.025672688467108774,-0.022629704479444235,-0.06826957629610271,-0.21415395337188156,0.093942264763211492,2022-09-03 04:00:00+00:00
2022-09-06,088691,GOLD - COMMODITY EXCHANGE INC.,2022,465908,15564,41624,87940,175944,85842,92804,-0.01494286425646265,-0.040615552723571424,-0.055933789503507129,-0.1888870764185204,0.04099092524704448,2022-09-10 04:00:00+00:00
2022-09-13,088691,GOLD - COMMODITY EXCHANGE INC.,2022,463674,12589,39708,88814,172633,80300,98637,-0.039547181856217944,-0.024604317599755295,-0.058487212998787945,-0.18077140404680875,0.01894003114257,2022-09-17 04:00:00+00:00
2022-09-20,088691,GOLD - COMMODITY EXCHANGE INC.,2022,469395,16194,33858,96320,154084,78544,115239,-0.078175097732187171,-0.038627915875969226,-0.037631419167225899,-0.12306053536999755,-0.040543678564961272,2022-09-24 04:00:00+00:00
2022-09-27,088691,GOLD - COMMODITY EXCHANGE INC.,2022,457061,15381,28004,95632,145147,74171,117265,-0.094285007909228752,-0.016109910177041581,-0.027617757804756914,-0.10833346096035322,-0.066667250104471831,2022-10-01 04:00:00+00:00
2022-10-04,088691,GOLD - COMMODITY EXCHANGE INC.,2022,437065,12114,31266,92811,170207,82806,89681,-0.015729925754750438,0.078555082154478317,-0.043819569171633509,-0.17708121217667852,0.028089643416883071,2022-10-08 04:00:00+00:00
2022-10-11,088691,GOLD - COMMODITY EXCHANGE INC.,2022,431395,11578,34246,89504,170564,78365,83945,-0.012934781348879798,0.0027951444058706403,-0.052545810683943948,-0.18790203873480221,0.039611029335064149,2022-10-15 04:00:00+00:00
2022-10-18,088691,GOLD - COMMODITY EXCHANGE INC.,2022,434701,14351,29916,88947,163412,73344,99042,-0.059116496166330419,-0.04618171481745062,-0.035806220827649352,-0.17130165332032823,-0.023310275338681068,2022-10-22 04:00:00+00:00
2022-10-25,088691,GOLD - COMMODITY EXCHANGE INC.,2022,456072,18036,28462,91650,161437,72016,110804,-0.085047974881159116,-0.025931478714828697,-0.02286042554684348,-0.15301750600782332,-0.062187549334315639,2022-10-29 04:00:00+00:00
2022-11-01,088691,GOLD - COMMODITY EXCHANGE INC.,2022,467276,17255,26028,94979,160988,78213,119614,-0.088600741317765089,-0.0035527664366059725,-0.018774771227283233,-0.14126340749364402,-0.069825970090481859,2022-11-05 04:00:00+00:00
2022-11-08,088691,GOLD - COMMODITY EXCHANGE INC.,2022,488471,16738,35324,94889,167447,88059,104405,-0.033463603775863868,0.055137137541901221,-0.038049341721412326,-0.14854105975585039,0.0045857379455484584,2022-11-12 05:00:00+00:00
2022-11-15,088691,GOLD - COMMODITY EXCHANGE INC.,2022,495171,14602,51584,93757,191083,95065,69608,0.051410522829487187,0.084874126605351055,-0.074685310731040386,-0.19655028262963703,0.12609583356052756,2022-11-19 05:00:00+00:00
2022-11-22,088691,GOLD - COMMODITY EXCHANGE INC.,2022,449542,14133,54527,96891,186561,92161,72730,0.043223992418950842,-0.0081865304105363454,-0.089855897780407618,-0.19946968247683197,0.13307989019935845,2022-11-26 05:00:00+00:00
2022-11-29,088691,GOLD - COMMODITY EXCHANGE INC.,2022,433661,12158,48784,98970,181577,88032,73312,0.033943564212599239,-0.0092804282063516028,-0.084457675465398091,-0.19048750060531153,0.11840123967799733,2022-12-03 05:00:00+00:00
2022-12-06,088691,GOLD - COMMODITY EXCHANGE INC.,2022,422100,11712,49665,92319,184445,93629,70142,0.055643212508884148,0.021699648296284908,-0.089914712153518123,-0.21825633736081498,0.14555792466240228,2022-12-10 05:00:00+00:00
2022-12-13,088691,GOLD - COMMODITY EXCHANGE INC.,2022,437040,13758,50601,94229,195915,103737,66288,0.085687808896210874,0.030044596387326726,-0.084301208127402522,-0.23266977850997619,0.16998901702361341,2022-12-17 05:00:00+00:00
2022-12-20,088691,GOLD - COMMODITY EXCHANGE INC.,2022,436653,13860,51557,92184,197001,104813,65718,0.089533336539540556,0.0038455276433296826,-0.086331709618392635,-0.24004644420168875,0.17586504615793319,2022-12-24 05:00:00+00:00
2022-12-27,088691,GOLD - COMMODITY EXCHANGE INC.,2022,440040,13950,56342,91331,202715,106983,56106,0.11561903463321516,0.0260856980936746,-0.096336696663939639,-0.25312244341423507,0.21195573129715478,2022-12-31 05:00:00+00:00
2023-01-03,088691,GOLD - COMMODITY EXCHANGE INC.,2023,449393,13217,57119,90625,206697,109140,54559,0.12145494033062375,0.0058359056974085916,-0.097691775350305862,-0.25828617713226509,0.21914671568092961,2023-01-07 05:00:00+00:00
2023-01-10,088691,GOLD - COMMODITY EXCHANGE INC.,2023,481519,12243,60946,88381,212156,116604,54795,0.12836253605776718,0.0069075957271434313,-0.10114450312448731,-0.25705112363167393,0.22950703918225449,2023-01-14 05:00:00+00:00
2023-01-17,088691,GOLD - COMMODITY EXCHANGE INC.,2023,491818,14854,58789,90498,222476,124222,54845,0.14106234420049693,0.012699808142729752,-0.089331826000675046,-0.2683472341394581,0.23039417020117198,2023-01-21 05:00:00+00:00
2023-01-24,088691,GOLD - COMMODITY EXCHANGE INC.,2023,499927,12705,54314,92041,230986,131501,51622,0.15978132807389878,0.018718983873401845,-0.083230151602133914,-0.2779305778643682,0.2430114796760327,2023-01-28 05:00:00+00:00
2023-01-31,088691,GOLD - COMMODITY EXCHANGE INC.,2023,471642,14955,51775,88758,232458,138125,53678,0.17904893966186217,0.01926761158796339,-0.078067686932037431,-0.30468024476191685,0.25711662659389961,2023-02-04 05:00:00+00:00
2023-02-07,088691,GOLD - COMMODITY EXCHANGE INC.,2023,439755,15251,46233,90840,212824,115521,55945,0.13547543518550101,-0.043573504476361158,-0.070452865800275155,-0.27739081988834691,0.20592830098577616,2023-02-11 05:00:00+00:00
2023-02-14,088691,GOLD - COMMODITY EXCHANGE INC.,2023,426116,12225,42118,92860,192039,106106,64933,0.096623924001914968,-0.03885151118358604,-0.07015225900928386,-0.23275117573618451,0.16677618301119884,2023-02-18 05:00:00+00:00
2023-02-21,088691,GOLD - COMMODITY EXCHANGE INC.,2023,422648,10696,40479,91556,191128,104710,68004,0.086847684124850943,-0.0097762398770640246,-0.070467623175786948,-0.23559084628343208,0.15731530730063789,2023-02-25 05:00:00+00:00
2023-02-28,088691,GOLD - COMMODITY EXCHANGE INC.,2023,426890,12772,41995,93853,192117,99425,72850,0.062252570919909107,-0.024595113204941836,-0.068455574035465816,-0.23018576214012978,0.13070814495537492,2023-03-04 05:00:00+00:00
2023-03-07,088691,GOLD - COMMODITY EXCHANGE INC.,2023,458474,11617,41216,95312,184633,103439,89040,0.031406361102265343,-0.030846209817643765,-0.064559822367244377,-0.19482238905586793,0.095966183469509719,2023-03-11 05:00:00+00:00
2023-03-14,088691,GOLD - COMMODITY EXCHANGE INC.,2023,459064,11602,47669,100461,219834,118560,58839,0.13009297178606904,0.098686610683803702,-0.078566387257550149,-0.26003563773242949,0.20865935904361921,2023-03-18 04:00:00+00:00
2023-03-21,088691,GOLD - COMMODITY EXCHANGE INC.,2023,469874,14502,55788,94971,237253,125090,43861,0.17287400452036078,0.042781032734291735,-0.087866108786610872,-0.30280883811404757,0.26074011330697167,2023-03-25 04:00:00+00:00
2023-03-28,088691,GOLD - COMMODITY EXCHANGE INC.,2023,478611,15709,60038,93156,250335,130530,31370,0.20718286875980702,0.034308864239446235,-0.092620102755682596,-0.3284065765308361,0.29980297151548962,2023-04-01 04:00:00+00:00
2023-04-04,088691,GOLD - COMMODITY EXCHANGE INC.,2023,476592,15763,51702,93463,275774,142348,32217,0.2310802531305603,0.023897384370753283,-0.075408315708194854,-0.38253055024003763,0.30648856883875514,2023-04-08 04:00:00+00:00
2023-04-11,088691,GOLD - COMMODITY EXCHANGE INC.,2023,476567,16516,51449,95817,277432,135015,30409,0.21949904210740567,-0.011581211023154625,-0.073301340629963893,-0.38109017200099882,0.29280038273736958,2023-04-15 04:00:00+00:00
2023-04-18,088691,GOLD - COMMODITY EXCHANGE INC.,2023,482254,17347,51291,97059,279540,137170,34474,0.21295002218747797,-0.0065490199199277066,-0.070386145060486793,-0.37839188477441349,0.28333616724796473,2023-04-22 04:00:00+00:00
2023-04-25,088691,GOLD - COMMODITY EXCHANGE INC.,2023,473209,17543,52563,97156,274064,135979,33176,0.21724650207413637,0.0042964798866584053,-0.074005354927738062,-0.37384749656071631,0.29125185700187445,2023-04-29 04:00:00+00:00
2023-05-02,088691,GOLD - COMMODITY EXCHANGE INC.,2023,493804,18762,54293,98325,280378,143191,29401,0.23043555742764335,0.013189055353506979,-0.071953649626167474,-0.36867461583948286,0.30238920705381084,2023-05-06 04:00:00+00:00
2023-05-09,088691,GOLD - COMMODITY EXCHANGE INC.,2023,518951,18250,55018,99775,285522,143463,32477,0.21386604901040754,-0.016569508417235812,-0.070850619808035822,-0.35792781977489202,0.28471666881844337,2023-05-13 04:00:00+00:00
2023-05-16,088691,GOLD - COMMODITY EXCHANGE INC.,2023,521832,18148,52362,99973,277316,139786,35803,0.19926528078002115,-0.014600768230386391,-0.065565162734366619,-0.33984692391420995,0.26483044351438778,2023-05-20 04:00:00+00:00
2023-05-23,088691,GOLD - COMMODITY EXCHANGE INC.,2023,479080,18435,44860,99737,260335,128550,35411,0.194412206729565,-0.004853074050456152,-0.055157802454704849,-0.33522167487684729,0.24957000918426986,2023-05-27 04:00:00+00:00
2023-05-30,088691,GOLD - COMMODITY EXCHANGE INC.,2023,449515,12396,43768,93334,251967,122904,36201,0.19288121642214387,-0.0015309903074211262,-0.069790774501407069,-0.35289812353314126,0.26267199092355092,2023-06-03 04:00:00+00:00
2023-06-06,088691,GOLD - COMMODITY EXCHANGE INC.,2023,436301,13860,43638,91274,259683,120985,27557,0.21413657085360793,0.021255354431464063,-0.068251046869019324,-0.38599269770181593,0.28238761772262727,2023-06-10 04:00:00+00:00
2023-06-13,088691,GOLD - COMMODITY EXCHANGE INC.,2023,432898,14225,41384,93585,252488,110512,35869,0.17242629903580059,-0.041710271817807343,-0.062737642585551326,-0.36706799292212022,0.2351639416213519,2023-06-17 04:00:00+00:00
2023-06-20,088691,GOLD - COMMODITY EXCHANGE INC.,2023,438037,13663,40542,94588,254246,110314,34275,0.17359035880530641,0.0011640597695058152,-0.061362396327250893,-0.3644851918901828,0.23495275513255731,2023-06-24 04:00:00+00:00
2023-06-27,088691,GOLD - COMMODITY EXCHANGE INC.,2023,431861,11393,37626,95100,244202,108209,38534,0.16133663377799801,-0.012253725027308399,-0.060744082007868273,-0.34525460738524666,0.22208071578586627,2023-07-01 04:00:00+00:00
2023-07-03,088691,GOLD - COMMODITY EXCHANGE INC.,2023,448063,13966,41391,90454,247746,123017,39869,0.18557211820659147,0.024235484428593468,-0.061207910494729532,-0.35104884804145847,0.24678002870132101,2023-07-07 04:00:00+00:00
2023-07-11,088691,GOLD - COMMODITY EXCHANGE INC.,2023,483170,13062,42136,89493,248168,124394,41951,0.17062938510255191,-0.014942733104039568,-0.060173437920400689,-0.32840408137922472,0.2308028230229526,2023-07-15 04:00:00+00:00
2023-07-18,088691,GOLD - COMMODITY EXCHANGE INC.,2023,482104,14281,53555,84927,259368,147644,32326,0.2391973516087815,0.068567966506229594,-0.081463750560045137,-0.36183271659227056,0.32066110216882665,2023-07-22 04:00:00+00:00
2023-07-25,088691,GOLD - COMMODITY EXCHANGE INC.,2023,476176,16452,55396,86053,245319,132603,37316,0.20010878330701254,-0.039088568301768961,-0.081784886260542325,-0.33446876785054264,0.28189366956755485,2023-07-29 04:00:00+00:00
2023-08-01,088691,GOLD - COMMODITY EXCHANGE INC.,2023,439383,16334,46546,88352,244985,123802,43793,0.1820939817880983,-0.018014801518914242,-0.068760056715894788,-0.35648397867008963,0.25085403850399307,2023-08-05 04:00:00+00:00
2023-08-08,088691,GOLD - COMMODITY EXCHANGE INC.,2023,427759,15411,41861,88184,229288,114585,55979,0.13700705303687358,-0.04508692875122472,-0.061833883097725591,-0.3298679864129101,0.19884093613459916,2023-08-12 04:00:00+00:00
2023-08-15,088691,GOLD - COMMODITY EXCHANGE INC.,2023,433611,17862,39392,86688,207088,113146,83610,0.06811635313679773,-0.068890699900075847,-0.049652799398539241,-0.27766823258635043,0.11776915253533697,2023-08-19 04:00:00+00:00
2023-08-22,088691,GOLD - COMMODITY EXCHANGE INC.,2023,430239,18338,35940,87166,190600,105085,95976,0.021171953263186275,-0.046944399873611459,-0.040912144180327681,-0.24041056250130741,0.062084097443513953,2023-08-26 04:00:00+00:00
2023-08-29,088691,GOLD - COMMODITY EXCHANGE INC.,2023,442806,20564,41031,83759,203886,120609,81367,0.088621202061399354,0.067449248798213082,-0.04622114424827125,-0.27128584526858263,0.1348423463096706,2023-09-02 04:00:00+00:00
2023-09-05,088691,GOLD - COMMODITY EXCHANGE INC.,2023,438672,17994,42368,81715,215580,120222,69857,0.11481243389138127,0.026191231829981912,-0.055563154247364771,-0.3051596637122953,0.17037558813874604,2023-09-09 04:00:00+00:00
2023-09-12,088691,GOLD - COMMODITY EXCHANGE INC.,2023,441221,17361,39709,83274,205736,117737,83166,0.078353024901353291,-0.036459408990027975,-0.050650354357566846,-0.27755251903241235,0.12900337925892014,2023-09-16 04:00:00+00:00
2023-09-19,088691,GOLD - COMMODITY EXCHANGE INC.,2023,438078,15305,40593,82606,210250,121172,73782,0.10817708261999005,0.029824057718636762,-0.057724880044193044,-0.29137276923287636,0.16590196266418311,2023-09-23 04:00:00+00:00
2023-09-26,088691,GOLD - COMMODITY EXCHANGE INC.,2023,435620,13152,39819,88126,196295,114668,91230,0.05380377393140811,-0.054373308688581944,-0.061216197603415824,-0.24831045406546989,0.11501997153482393,2023-09-30 04:00:00+00:00
2023-10-03,088691,GOLD - COMMODITY EXCHANGE INC.,2023,431226,16614,38810,85747,175533,100500,108061,-0.017533729413347063,-0.071337503344755165,-0.051471850027595738,-0.20821100768506537,0.033938120614248675,2023-10-07 04:00:00+00:00
2023-10-10,088691,GOLD - COMMODITY EXCHANGE INC.,2023,436499,19010,37437,91619,163620,93934,120701,-0.061322019065335777,-0.043788289651988714,-0.042215446083496179,-0.16495112245388879,-0.019106572981839598,2023-10-14 04:00:00+00:00
2023-10-17,088691,GOLD - COMMODITY EXCHANGE INC.,2023,439581,11737,41703,84592,182625,104708,89605,0.034357717917744397,0.095679736983080174,-0.068169461373444262,-0.22301464349005076,0.10252717929118865,2023-10-21 04:00:00+00:00
2023-10-24,088691,GOLD - COMMODITY EXCHANGE INC.,2023,463476,10642,50787,81233,206961,122456,66708,0.12028238786905902,0.085924669951314619,-0.086617214267836959,-0.27127186736745806,0.20689960213689598,2023-10-28 04:00:00+00:00
2023-10-31,088691,GOLD - COMMODITY EXCHANGE INC.,2023,475808,11165,55350,79294,217816,140111,65271,0.15729033559755196,0.037007947728492932,-0.092863087631986016,-0.29113003564462975,0.25015342322953799,2023-11-04 04:00:00+00:00
2023-11-07,088691,GOLD - COMMODITY EXCHANGE INC.,2023,484347,10487,55470,82014,223122,140609,62374,0.16152675664348082,0.004236421045928862,-0.092873497719610121,-0.29133658306957616,0.25440025436309094,2023-11-11 05:00:00+00:00
2023-11-14,088691,GOLD - COMMODITY EXCHANGE INC.,2023,486634,12176,55241,83706,217660,132924,68609,0.13216298080282102,-0.0293637758406598,-0.08849566614745373,-0.27526642199270912,0.22065864695027476,2023-11-18 05:00:00+00:00
2023-11-21,088691,GOLD - COMMODITY EXCHANGE INC.,2023,508429,14081,59990,80946,225272,144381,65246,0.15564611774702072,0.023483136944199706,-0.09029579351295855,-0.28386657724087333,0.24594191125997927,2023-11-25 05:00:00+00:00
2023-11-28,088691,GOLD - COMMODITY EXCHANGE INC.,2023,505658,14333,64941,76804,244788,169695,54802,0.22721483690557651,0.071568719158555782,-0.10008345561624656,-0.33220872605595086,0.32729829252182308,2023-12-02 05:00:00+00:00
2023-12-05,088691,GOLD - COMMODITY EXCHANGE INC.,2023,487469,12631,62325,76376,253627,159907,50520,0.22439785914591492,-0.0028169777596615819,-0.10194289277882286,-0.36361491705113558,0.32634075192473777,2023-12-09 05:00:00+00:00
2023-12-12,088691,GOLD - COMMODITY EXCHANGE INC.,2023,469939,13420,58535,76081,243774,149634,54106,0.20327744664733083,-0.021120412498584096,-0.096001821513004876,-0.35683993028882471,0.29927926816033568,2023-12-16 05:00:00+00:00
2023-12-19,088691,GOLD - COMMODITY EXCHANGE INC.,2023,481203,12836,60852,75017,254059,155697,47421,0.2250110660157979,0.021733619368467072,-0.099783251559113301,-0.37207166206361975,0.32479431757491117,2023-12-23 05:00:00+00:00
2023-12-26,088691,GOLD - COMMODITY EXCHANGE INC.,2023,491343,13243,58256,74400,261732,152801,46347,0.21665923804755538,-0.0083518279682425201,-0.091612173166199573,-0.38126522612513053,0.30827141121375495,2023-12-30 05:00:00+00:00
2024-01-02,088691,GOLD - COMMODITY EXCHANGE INC.,2024,500364,13674,55375,76117,269894,154384,45235,0.21813919466628295,0.0014799566187275737,-0.083341327513570124,-0.38727206593599861,0.30148052217985311,2024-01-06 05:00:00+00:00
2024-01-09,088691,GOLD - COMMODITY EXCHANGE INC.,2024,489849,11949,56950,78213,250913,134333,45874,0.18058422085173187,-0.037554973814551085,-0.091867085571267881,-0.35255762490073472,0.27245130642299975,2024-01-13 05:00:00+00:00
2024-01-16,088691,GOLD - COMMODITY EXCHANGE INC.,2024,489334,12864,53418,75791,242657,130931,47702,0.17008628053640254,-0.010497940315329329,-0.082875908888407512,-0.34100634740279645,0.25296218942481008,2024-01-20 05:00:00+00:00
2024-01-23,088691,GOLD - COMMODITY EXCHANGE INC.,2024,465872,13724,52673,78535,231679,111298,50265,0.13100808805852251,-0.039078192477880025,-0.08360450939313803,-0.32872548682900021,0.21461259745166056,2024-01-27 05:00:00+00:00
2024-01-30,088691,GOLD - COMMODITY EXCHANGE INC.,2024,430328,15272,49631,77882,214041,108093,52069,0.13018906508523731,-0.00081902297328520501,-0.079843747095238976,-0.31640748452343331,0.21003281218047629,2024-02-03 05:00:00+00:00
2024-02-06,088691,GOLD - COMMODITY EXCHANGE INC.,2024,419121,14285,50903,77734,221357,114316,46247,0.16240894634246436,0.032219881257227051,-0.087368564209381064,-0.34267669718291377,0.24977751055184544,2024-02-10 05:00:00+00:00
2024-02-13,088691,GOLD - COMMODITY EXCHANGE INC.,2024,420812,15888,48131,78854,199591,100642,66466,0.081214414037622501,-0.08119453230484186,-0.076620913852266576,-0.28691434654905279,0.15783532788988908,2024-02-17 05:00:00+00:00
2024-02-20,088691,GOLD - COMMODITY EXCHANGE INC.,2024,407063,10614,49065,77980,198940,98840,48917,0.12264194977190263,0.041427535734280124,-0.094459579966737331,-0.29715302053981818,0.21710152973863994,2024-02-24 05:00:00+00:00
2024-02-27,088691,GOLD - COMMODITY EXCHANGE INC.,2024,411195,11378,51050,78743,197423,103885,47732,0.136560512652148,0.013918562880245372,-0.096479772370772987,-0.28862218655382482,0.23304028502292098,2024-03-02 05:00:00+00:00
2024-03-05,088691,GOLD - COMMODITY EXCHANGE INC.,2024,471616,11650,60537,77009,234914,145106,35343,0.23273807504410368,0.096177562391955684,-0.103658484869046,-0.33481688492332745,0.33639655991314965,2024-03-09 05:00:00+00:00
2024-03-12,088691,GOLD - COMMODITY EXCHANGE INC.,2024,516057,30471,78911,75076,244909,173994,32911,0.27338646699880054,0.040648391954696855,-0.093865600117816445,-0.32909736715130306,0.36725206711661695,2024-03-16 04:00:00+00:00
2024-03-19,088691,GOLD - COMMODITY EXCHANGE INC.,2024,535047,32136,81346,77067,245387,172588,29692,0.26707186471468863,-0.0063146022841119032,-0.091973228520111319,-0.3145891856229453,0.35904509323479994,2024-03-23 04:00:00+00:00
2024-03-26,088691,GOLD - COMMODITY EXCHANGE INC.,2024,503642,32765,80270,80421,251256,163006,27211,0.26962604389625966,0.0025541791815710257,-0.094322951620397028,-0.33919927249911641,0.36394899551665671,2024-03-30 04:00:00+00:00
2024-04-02,088691,GOLD - COMMODITY EXCHANGE INC.,2024,500045,32235,77122,80217,261044,173073,25993,0.2941335279824816,0.024507484086221942,-0.08976592106710396,-0.36162145406913376,0.38389944904958556,2024-04-06 04:00:00+00:00
2024-04-09,088691,GOLD - COMMODITY EXCHANGE INC.,2024,505214,34191,76217,79228,261784,174617,32885,0.2805385440625161,-0.013594983919965498,-0.08318455149698939,-0.36134390575083036,0.36372309555950549,2024-04-13 04:00:00+00:00
2024-04-16,088691,GOLD - COMMODITY EXCHANGE INC.,2024,517193,37797,71700,78012,266867,169910,35174,0.26051396673968907,-0.020024577322827031,-0.065551931290640048,-0.36515382072069807,0.32606589803032915,2024-04-20 04:00:00+00:00
2024-04-23,088691,GOLD - COMMODITY EXCHANGE INC.,2024,516249,37917,70510,75873,270152,176400,34261,0.27533031540981195,0.014816348670122881,-0.063134262729806739,-0.37632808973964116,0.33846457813961872,2024-04-27 04:00:00+00:00
2024-04-30,088691,GOLD - COMMODITY EXCHANGE INC.,2024,519791,37917,68644,73085,269856,171853,36826,0.25977171593967574,-0.015558599470136214,-0.059114143954012287,-0.37855792039492797,0.31888585989368801,2024-05-04 04:00:00+00:00
2024-05-07,088691,GOLD - COMMODITY EXCHANGE INC.,2024,529835,35488,67658,73131,268227,164780,38681,0.23799673483254222,-0.021774981107133523,-0.060717015674691177,-0.3682202949974992,0.29871375050723337,2024-05-11 04:00:00+00:00
2024-05-14,088691,GOLD - COMMODITY EXCHANGE INC.,2024,522952,35446,65005,75210,277761,171868,41433,0.2494205969190289,0.011423862086486686,-0.056523352047606661,-0.38732235463292997,0.30594394896663557,2024-05-18 04:00:00+00:00
2024-05-21,088691,GOLD - COMMODITY EXCHANGE INC.,2024,530591,20490,57460,76171,297864,190605,42082,0.27991993833291556,0.03049934141388666,-0.069677020529937378,-0.41782276744234259,0.34959695886285291,2024-05-25 04:00:00+00:00
2024-05-28,088691,GOLD - COMMODITY EXCHANGE INC.,2024,485430,18542,59186,69148,289454,174444,25616,0.30659003357847681,0.026670095245561243,-0.083727828935170875,-0.45383680448262365,0.3903178625136477,2024-06-01 04:00:00+00:00
2024-06-04,088691,GOLD - COMMODITY EXCHANGE INC.,2024,447488,15962,55848,56738,282783,172560,20261,0.34034208738558352,0.033752053807106719,-0.089133116418764299,-0.50514203732837526,0.42947520380434784,2024-06-08 04:00:00+00:00
2024-06-11,088691,GOLD - COMMODITY EXCHANGE INC.,2024,436857,15922,56729,55474,275178,168424,15459,0.35014890456144687,0.0098068171758633471,-0.093410429499813444,-0.50291971972521898,0.4435593340612603,2024-06-15 04:00:00+00:00
2024-06-18,088691,GOLD - COMMODITY EXCHANGE INC.,2024,444345,15030,57588,55910,281082,177639,17018,0.36147813073175122,0.011329226170304352,-0.095776930088107212,-0.50675038539873296,0.45725506081985845,2024-06-22 04:00:00+00:00
2024-06-25,088691,GOLD - COMMODITY EXCHANGE INC.,2024,452190,15601,58204,58751,287636,174756,16554,0.34985736084389307,-0.011620769887858151,-0.09421482120347642,-0.50616997279904463,0.44407218204736948,2024-06-29 04:00:00+00:00
2024-07-02,088691,GOLD - COMMODITY EXCHANGE INC.,2024,454730,14424,59169,59925,279979,167688,16873,0.33165834671123523,-0.018199014132657843,-0.098399049985705797,-0.48392232753502079,0.43005739669694104,2024-07-06 04:00:00+00:00
2024-07-09,088691,GOLD - COMMODITY EXCHANGE INC.,2024,516324,14031,66422,62183,290421,181982,24515,0.30497710739768052,-0.026681239313554705,-0.10146923249742409,-0.44204414282504784,0.40644633989510459,2024-07-13 04:00:00+00:00
2024-07-16,088691,GOLD - COMMODITY EXCHANGE INC.,2024,579862,23789,84107,62675,311661,216502,31970,0.31823433851502597,0.013257231117345447,-0.10402130162004063,-0.429388371716029,0.42225564013506661,2024-07-20 04:00:00+00:00
2024-07-23,088691,GOLD - COMMODITY EXCHANGE INC.,2024,572306,15685,69900,58598,305308,197802,34942,0.28456804576572675,-0.03366629274929922,-0.09473079087061817,-0.43108057577589609,0.37929883663634489,2024-07-27 04:00:00+00:00
2024-07-30,088691,GOLD - COMMODITY EXCHANGE INC.,2024,510914,19913,64678,55083,283175,185586,33222,0.2982184868686315,0.013650441102904753,-0.087617485525939787,-0.44643912674148684,0.38583597239457129,2024-08-03 04:00:00+00:00
2024-08-06,088691,GOLD - COMMODITY EXCHANGE INC.,2024,480645,16637,63782,56985,278874,180303,29517,0.31371594419998128,0.015497457331349773,-0.098086945666760295,-0.46164840994913087,0.41180288986674157,2024-08-10 04:00:00+00:00
2024-08-13,088691,GOLD - COMMODITY EXCHANGE INC.,2024,505872,16717,69652,54827,294394,203844,25929,0.35169963943448146,0.037983695234500181,-0.10464109498054844,-0.4735723661321441,0.45634073441502987,2024-08-17 04:00:00+00:00
2024-08-20,088691,GOLD - COMMODITY EXCHANGE INC.,2024,532867,15569,79564,53461,305972,222142,28837,0.36276406683093532,0.011064427396453858,-0.12009563361964617,-0.47387246723854171,0.48285970045058146,2024-08-24 04:00:00+00:00
2024-08-27,088691,GOLD - COMMODITY EXCHANGE INC.,2024,521759,10714,79098,52822,306757,217976,17685,0.38387646403799458,0.021112397207059264,-0.13106434196631012,-0.48669021521430395,0.5149408060043047,2024-08-31 04:00:00+00:00
2024-09-03,088691,GOLD - COMMODITY EXCHANGE INC.,2024,511136,11841,81470,55089,297347,212086,19996,0.37580996055844235,-0.0080665034795522339,-0.13622401865648281,-0.47395996368872473,0.51203397921492511,2024-09-07 04:00:00+00:00
2024-09-10,088691,GOLD - COMMODITY EXCHANGE INC.,2024,511501,12568,87942,52865,284390,213645,23190,0.37234531310789226,-0.0034646474505500846,-0.14735846068727138,-0.45263841126410309,0.51970377379516364,2024-09-14 04:00:00+00:00
2024-09-17,088691,GOLD - COMMODITY EXCHANGE INC.,2024,537627,12663,90250,45549,303089,241844,25489,0.40242584542815002,0.030080532320257758,-0.14431380864428311,-0.47903100104719443,0.54673965407243319,2024-09-21 04:00:00+00:00
2024-09-24,088691,GOLD - COMMODITY EXCHANGE INC.,2024,564640,13517,93547,45705,305381,256435,37406,0.38790911022952679,-0.014516735198623232,-0.14173632757155002,-0.45989657126664779,0.52964543780107687,2024-09-28 04:00:00+00:00
2024-10-01,088691,GOLD - COMMODITY EXCHANGE INC.,2024,533107,12220,87446,42840,295138,247867,33405,0.40228697053312001,0.014377860303593226,-0.14110863297611925,-0.47325958953831032,0.54339560350923932,2024-10-05 04:00:00+00:00
2024-10-08,088691,GOLD - COMMODITY EXCHANGE INC.,2024,520316,12830,83981,44853,277678,227596,33537,0.37296373742110561,-0.029323233112014402,-0.13674574681539681,-0.44746846147341229,0.50970948423650242,2024-10-12 04:00:00+00:00
2024-10-15,088691,GOLD - COMMODITY EXCHANGE INC.,2024,541232,13088,87786,43311,281271,233871,34450,0.3684575191415142,-0.0045062182795914119,-0.13801475152984302,-0.43966358234546371,0.50647227067135725,2024-10-19 04:00:00+00:00
2024-10-22,088691,GOLD - COMMODITY EXCHANGE INC.,2024,573760,12942,95037,39452,282058,242427,37267,0.35757110987172336,-0.010886409269790842,-0.143082473508087,-0.42283533184606803,0.50065358337981036,2024-10-26 04:00:00+00:00
2024-10-29,088691,GOLD - COMMODITY EXCHANGE INC.,2024,579468,12379,86999,40174,269225,234856,39683,0.33681411225468877,-0.020756997617034589,-0.12877328860264933,-0.39527808265512504,0.46558740085733807,2024-11-02 04:00:00+00:00
2024-11-05,088691,GOLD - COMMODITY EXCHANGE INC.,2024,558034,13066,82429,39763,253459,219687,36684,0.32794238343900195,-0.008871728815686819,-0.12429887784615275,-0.38294440840522265,0.45224126128515468,2024-11-09 05:00:00+00:00
2024-11-12,088691,GOLD - COMMODITY EXCHANGE INC.,2024,535981,13211,80667,36733,234859,203661,38365,0.30839899175530477,-0.019543391683697175,-0.12585520755399912,-0.36965116300764395,0.43425419930930387,2024-11-16 05:00:00+00:00
2024-11-19,088691,GOLD - COMMODITY EXCHANGE INC.,2024,502952,13787,84104,34758,226763,193355,38181,0.30852645978145032,0.00012746802614554964,-0.13980857020153017,-0.38175611191525233,0.44833502998298047,2024-11-23 05:00:00+00:00
2024-11-26,088691,GOLD - COMMODITY EXCHANGE INC.,2024,472660,14309,81389,32845,238285,203596,24306,0.37932128802945037,0.070794828248000041,-0.14192019633563238,-0.43464646892057718,0.52124148436508277,2024-11-30 05:00:00+00:00
2024-12-03,088691,GOLD - COMMODITY EXCHANGE INC.,2024,462040,10967,73308,32964,256898,203580,22845,0.39116743139122157,0.0118461433617712,-0.13492554757163883,-0.48466366548350792,0.52609297896286034,2024-12-07 05:00:00+00:00
2024-12-10,088691,GOLD - COMMODITY EXCHANGE INC.,2024,483346,11204,77649,33312,263738,218482,22404,0.40566798939062287,0.014500557999401309,-0.13746881116219023,-0.4767309546370509,0.5431368005528131,2024-12-14 05:00:00+00:00
2024-12-17,088691,GOLD - COMMODITY EXCHANGE INC.,2024,466571,9971,82426,32522,245300,201880,18378,0.3932991977641131,-0.012368791626509779,-0.15529254925831223,-0.45604634664391913,0.5485917470224253,2024-12-21 05:00:00+00:00
2024-12-24,088691,GOLD - COMMODITY EXCHANGE INC.,2024,454646,9198,83987,31583,230130,186099,20602,0.36401288035086637,-0.029286317413246721,-0.16449941272990415,-0.43670680045573917,0.52851229308077052,2024-12-28 05:00:00+00:00
2024-12-31,088691,GOLD - COMMODITY EXCHANGE INC.,2024,458584,9983,83344,31829,229764,182128,15959,0.36235237164837847,-0.0016605087024879062,-0.15997287301781135,-0.43162212375486281,0.52232524466618979,2025-01-04 05:00:00+00:00
