cohort,simulator,entry_index,exit_index,entry_time_api,exit_time_api,entry_time_actual_utc,exit_time_actual_utc,raw_episode_id,entry_price,exit_price,tp_distance,sl_distance,exit_reason,same_bar_both_hit,gross_price,spread_points,spread_observed,extra_cost_points,gross_r,net_r,stress_r,risk_mult,risk_guard_reasons,risk_budget,account_pnl,balance_before,balance_after,positive,trade_id,episode_trade_ordinal
PRIMARY_2026_RECENT,S0,7358,7374,2026-06-08T08:44:00,2026-06-08T09:00:00,2026-06-08T05:44:00,2026-06-08T06:00:00,0,4287.96,4301.26,9.417571428571351,11.590857142857047,take_profit,False,13.300000000000182,30.0,False,5.0,1.1185064154933204,1.0890720361382336,1.0848671248017925,1.0,,14.0,15.24700850593527,1000.0,1015.2470085059352,True,S0_000000,0
PRIMARY_2026_RECENT,S0,17555,17582,2026-06-17T17:49:00,2026-06-17T18:16:00,2026-06-17T14:49:00,2026-06-17T15:16:00,4,4345.85,4352.91,6.221428571428656,7.657142857142961,take_profit,False,7.059999999999491,30.0,False,5.0,0.8872531418311632,0.8432675044882554,0.836983842010697,1.0,,14.213458119083093,11.985747358227531,1015.2470085059352,1027.2327558641628,True,S0_000001,0
PRIMARY_2026_RECENT,S0,20626,20649,2026-06-22T04:07:00,2026-06-22T04:30:00,2026-06-22T01:07:00,2026-06-22T01:30:00,11,4215.04,4203.85,7.759142857142811,9.549714285714229,stop_loss,False,-11.1899999999996,30.0,False,5.0,-1.136073562684888,-1.171607588327401,-1.1766838777049031,1.0,,14.38125858209828,-16.849191684484904,1027.2327558641628,1010.3835641796778,False,S0_000002,0
PRIMARY_2026_RECENT,S0,23387,23389,2026-06-24T04:10:00,2026-06-24T04:12:00,2026-06-24T01:10:00,2026-06-24T01:12:00,13,4080.46,4090.39,7.260500000000132,8.936000000000162,take_profit,False,9.929999999999836,30.0,False,5.0,1.0751407535729387,1.0372455608488165,1.0318319618882275,1.0,,14.14536989851549,14.672222133799666,1010.3835641796778,1025.0557863134775,True,S0_000003,0
PRIMARY_2026_RECENT,S0,23390,23406,2026-06-24T04:13:00,2026-06-24T04:29:00,2026-06-24T01:13:00,2026-06-24T01:29:00,14,4088.86,4098.18,8.347857142857194,10.274285714285778,take_profit,False,9.320000000000164,30.0,False,5.0,0.8813834098892293,0.8482842475006859,0.8435557957308939,1.0,,14.350781008388685,12.17354146874813,1025.0557863134775,1037.2293277822257,True,S0_000004,0
PRIMARY_2026_RECENT,S0,28899,28900,2026-06-30T04:07:00,2026-06-30T04:08:00,2026-06-30T01:07:00,2026-06-30T01:08:00,17,3945.09,3961.44,6.597499999999891,8.119999999999866,take_profit,False,16.34999999999991,30.0,False,5.0,1.9418052256532266,1.9002375296912308,1.8942992874109454,1.0,,14.52121058895116,27.593749337674694,1037.2293277822257,1064.8230771199005,True,S0_000005,0
PRIMARY_2026_RECENT,S0,28904,28912,2026-06-30T04:12:00,2026-06-30T04:20:00,2026-06-30T01:12:00,2026-06-30T01:20:00,18,3960.43,3973.67,10.663714285714214,13.124571428571342,take_profit,False,13.240000000000236,30.0,False,5.0,0.9862512237688061,0.960179627974314,0.9564551142893866,1.0,,14.907523079678608,14.313899964664305,1064.8230771199005,1079.136977084565,True,S0_000006,0
PRIMARY_2026_RECENT,S0,33041,33049,2026-07-03T04:12:00,2026-07-03T04:20:00,2026-07-03T01:12:00,2026-07-03T01:20:00,19,4179.05,4185.66,6.432214285714326,7.916571428571479,take_profit,False,6.609999999999673,30.0,False,5.0,0.8044717991514957,0.7618749565337896,0.7557896933026886,1.0,,15.10791767918391,11.510344125144313,1079.136977084565,1090.6473212097092,True,S0_000007,0
PRIMARY_2026_RECENT,S0,36643,36650,2026-07-07T22:20:00,2026-07-07T22:27:00,2026-07-07T19:20:00,2026-07-07T19:27:00,20,4097.19,4104.53,6.487928571428646,7.985142857142948,take_profit,False,7.3400000000001455,30.0,False,5.0,0.8859231671149812,0.8436788744051397,0.8376439754465907,1.0,,15.269062496935929,12.882185460636636,1090.6473212097092,1103.5295066703459,True,S0_000008,0
PRIMARY_2026_RECENT,S0,41857,41859,2026-07-13T17:19:00,2026-07-13T17:21:00,2026-07-13T14:19:00,2026-07-13T14:21:00,21,4021.64,4008.28,7.7424285714285395,9.529142857142817,stop_loss,False,-13.359999999999673,30.0,False,5.0,-1.3592233009708459,-1.3948316958316098,-1.3999186093831477,1.0,,15.449413093384843,-21.549331064649056,1103.5295066703459,1081.9801756056968,False,S0_000009,0
PRIMARY_2026_RECENT,S0,41869,41897,2026-07-13T17:31:00,2026-07-13T17:59:00,2026-07-13T14:31:00,2026-07-13T14:59:00,21,4005.81,4015.27,8.850214285714323,10.892571428571475,take_profit,False,9.460000000000036,30.0,False,5.0,0.8452034512686983,0.8139327104712307,0.8094654617858782,1.0,,15.147722458479755,12.329226798096363,1081.9801756056968,1094.3094024037932,True,S0_000010,1
PRIMARY_2026_RECENT,S0,54677,54767,2026-07-27T01:11:00,2026-07-27T02:41:00,2026-07-26T22:11:00,2026-07-26T23:41:00,24,4087.17,4088.09,7.606857142857107,9.36228571428567,timeout,False,0.9200000000000728,30.0,False,5.0,0.09521556567509223,0.05899225264652739,0.05381749364244671,1.0,,15.320331633653106,0.9037808743610497,1094.3094024037932,1095.2131832781542,True,S0_000011,0
PRIMARY_2026_RECENT,S0,58690,58694,2026-07-29T22:06:00,2026-07-29T22:10:00,2026-07-29T19:06:00,2026-07-29T19:10:00,27,4103.09,4091.72,7.8631428571428845,9.67771428571432,stop_loss,False,-11.370000000000346,30.0,False,5.0,-1.1395395452723518,-1.1746177194891778,-1.1796288872344387,1.0,,15.33298456589416,-18.01039536375336,1095.2131832781542,1077.202787914401,False,S0_000012,0
PRIMARY_2026_RECENT,S0,82380,82383,2026-08-24T03:18:00,2026-08-24T03:21:00,2026-08-24T00:18:00,2026-08-24T00:21:00,28,4629.35,4618.69,5.519428571428619,6.793142857142915,stop_loss,False,-10.660000000000764,30.0,False,5.0,-1.5028599049384666,-1.552203335213178,-1.5592523966809941,1.0,,15.080839030801613,-23.408528641423334,1077.202787914401,1053.7942592729776,False,S0_000013,0
PRIMARY_2026_RECENT,S0,82385,82386,2026-08-24T03:23:00,2026-08-24T03:24:00,2026-08-24T00:23:00,2026-08-24T00:24:00,29,4620.5,4612.42,4.927000000000122,6.06400000000015,stop_loss,False,-8.079999999999927,30.0,False,5.0,-1.2696417347579725,-1.3246385920804098,-1.3324952859836152,1.0,,14.753119629821686,-19.542551615240853,1053.7942592729776,1034.2517076577367,False,S0_000014,0
PRIMARY_2026_RECENT,S1,7358,7374,2026-06-08T08:44:00,2026-06-08T09:00:00,2026-06-08T05:44:00,2026-06-08T06:00:00,0,4287.96,4297.377571428571,9.417571428571351,11.590857142857047,take_profit,False,9.417571428571136,30.0,False,5.0,0.792001057234832,0.7625666778797452,0.7583617665433041,1.0,,14.0,10.675933490316433,1000.0,1010.6759334903164,True,S1_000000,0
PRIMARY_2026_RECENT,S1,17555,17558,2026-06-17T17:49:00,2026-06-17T17:52:00,2026-06-17T14:49:00,2026-06-17T14:52:00,4,4345.85,4352.071428571429,6.221428571428656,7.657142857142961,take_profit,False,6.221428571428987,30.0,False,5.0,0.7818671454219451,0.7378815080790373,0.7315978456014789,1.0,,14.14946306886443,10.440627147762328,1010.6759334903164,1021.1165606380788,True,S1_000001,0
PRIMARY_2026_RECENT,S1,20626,20640,2026-06-22T04:07:00,2026-06-22T04:21:00,2026-06-22T01:07:00,2026-06-22T01:21:00,11,4215.04,4205.490285714286,7.759142857142811,9.549714285714229,stop_loss,False,-9.54971428571389,30.0,False,5.0,-0.969542263734954,-1.0050762893774674,-1.0101525787549694,1.0,,14.295631848933104,-14.368200613032027,1021.1165606380788,1006.7483600250467,False,S1_000002,0
PRIMARY_2026_RECENT,S1,23387,23389,2026-06-24T04:10:00,2026-06-24T04:12:00,2026-06-24T01:10:00,2026-06-24T01:12:00,13,4080.46,4087.7205000000004,7.260500000000132,8.936000000000162,take_profit,False,7.26050000000032,30.0,False,5.0,0.7861087050671495,0.7482135123430271,0.7427999133824382,1.0,,14.094477040350654,10.545678170998917,1006.7483600250467,1017.2940381960457,True,S1_000003,0
PRIMARY_2026_RECENT,S1,23390,23402,2026-06-24T04:13:00,2026-06-24T04:25:00,2026-06-24T01:13:00,2026-06-24T01:25:00,14,4088.86,4097.207857142857,8.347857142857194,10.274285714285778,take_profit,False,8.347857142857265,30.0,False,5.0,0.789448797622271,0.7563496352337276,0.7516211834639356,1.0,,14.242116534744639,10.772019646010348,1017.2940381960457,1028.0660578420561,True,S1_000004,0
PRIMARY_2026_RECENT,S1,28899,28900,2026-06-30T04:07:00,2026-06-30T04:08:00,2026-06-30T01:07:00,2026-06-30T01:08:00,17,3945.09,3951.6875,6.597499999999891,8.119999999999866,take_profit,False,6.5974999999998545,30.0,False,5.0,0.7835510688836056,0.7419833729216098,0.7360451306413245,1.0,,14.392924809788786,10.679310896574203,1028.0660578420561,1038.7453687386303,True,S1_000005,0
PRIMARY_2026_RECENT,S1,28904,28911,2026-06-30T04:12:00,2026-06-30T04:19:00,2026-06-30T01:12:00,2026-06-30T01:19:00,18,3960.43,3971.093714285714,10.663714285714214,13.124571428571342,take_profit,False,10.663714285714377,30.0,False,5.0,0.7943429957859908,0.7682713999914986,0.7645468863065711,1.0,,14.542435162340825,11.172537021457181,1038.7453687386303,1049.9179057600875,True,S1_000006,0
PRIMARY_2026_RECENT,S1,28912,28961,2026-06-30T04:20:00,2026-06-30T05:09:00,2026-06-30T01:20:00,2026-06-30T02:09:00,18,3973.67,3959.304285714286,11.672142857142713,14.365714285714109,stop_loss,False,-14.365714285714148,30.0,False,5.0,-0.9795441262419662,-1.0034093122930088,-1.006818624586015,1.0,,14.698850680641225,-14.748963652959835,1049.9179057600875,1035.1689421071276,False,S1_000007,1
PRIMARY_2026_RECENT,S1,33041,33049,2026-07-03T04:12:00,2026-07-03T04:20:00,2026-07-03T01:12:00,2026-07-03T01:20:00,19,4179.05,4185.482214285715,6.432214285714326,7.916571428571479,take_profit,False,6.432214285714508,30.0,False,5.0,0.7828343417484054,0.7402374991306993,0.7341522358995983,1.0,,14.492365189499786,10.727792164364123,1035.1689421071276,1045.8967342714916,True,S1_000008,0
PRIMARY_2026_RECENT,S1,36643,36650,2026-07-07T22:20:00,2026-07-07T22:27:00,2026-07-07T19:20:00,2026-07-07T19:27:00,20,4097.19,4103.677928571428,6.487928571428646,7.985142857142948,take_profit,False,6.487928571428711,30.0,False,5.0,0.7830798675770824,0.7408355748672408,0.734800675908692,1.0,,14.642554279800883,10.847725117401065,1045.8967342714916,1056.7444593888927,True,S1_000009,0
PRIMARY_2026_RECENT,S1,41857,41859,2026-07-13T17:19:00,2026-07-13T17:21:00,2026-07-13T14:19:00,2026-07-13T14:21:00,21,4021.64,4012.110857142857,7.7424285714285395,9.529142857142817,stop_loss,False,-9.529142857142688,30.0,False,5.0,-0.9694785186907604,-1.0050869135515244,-1.0101738271030622,1.0,,14.794422431444497,-14.869680379397987,1056.7444593888927,1041.8747790094947,False,S1_000010,0
PRIMARY_2026_RECENT,S1,41869,41897,2026-07-13T17:31:00,2026-07-13T17:59:00,2026-07-13T14:31:00,2026-07-13T14:59:00,21,4005.81,4014.660214285714,8.850214285714323,10.892571428571475,take_profit,False,8.850214285714173,30.0,False,5.0,0.7907221626588931,0.7594514218614254,0.7549841731760729,1.0,,14.586246906132926,11.077545952484469,1041.8747790094947,1052.9523249619792,True,S1_000011,1
PRIMARY_2026_RECENT,S1,54677,54767,2026-07-27T01:11:00,2026-07-27T02:41:00,2026-07-26T22:11:00,2026-07-26T23:41:00,24,4087.17,4088.09,7.606857142857107,9.36228571428567,timeout,False,0.9200000000000728,30.0,False,5.0,0.09521556567509223,0.05899225264652739,0.05381749364244671,1.0,,14.74133254946771,0.8696244141046768,1052.9523249619792,1053.821949376084,True,S1_000012,0
PRIMARY_2026_RECENT,S1,58690,58694,2026-07-29T22:06:00,2026-07-29T22:10:00,2026-07-29T19:06:00,2026-07-29T19:10:00,27,4103.09,4093.4122857142856,7.8631428571428845,9.67771428571432,stop_loss,False,-9.6777142857145,30.0,False,5.0,-0.969932993528453,-1.0050111677452789,-1.0100223354905398,1.0,,14.753507291265175,-14.827439591132899,1053.821949376084,1038.994509784951,False,S1_000013,0
PRIMARY_2026_RECENT,S1,82380,82383,2026-08-24T03:18:00,2026-08-24T03:21:00,2026-08-24T00:18:00,2026-08-24T00:21:00,28,4629.35,4622.556857142858,5.519428571428619,6.793142857142915,stop_loss,False,-6.793142857142811,30.0,False,5.0,-0.9577056311930897,-1.0070490614678014,-1.0140981229356174,1.0,,14.545923136989316,-14.648458243287868,1038.994509784951,1024.3460515416632,False,S1_000014,0
PRIMARY_2026_RECENT,S1,82385,82386,2026-08-24T03:23:00,2026-08-24T03:24:00,2026-08-24T00:23:00,2026-08-24T00:24:00,29,4620.5,4614.436,4.927000000000122,6.06400000000015,stop_loss,False,-6.064000000000306,30.0,False,5.0,-0.9528598365807924,-1.0078566939032298,-1.0157133878064353,1.0,,14.340844721583284,-14.453516348874514,1024.3460515416632,1009.8925351927887,False,S1_000015,0
PRIMARY_2026_RECENT,S2,7358,7374,2026-06-08T08:44:00,2026-06-08T09:00:00,2026-06-08T05:44:00,2026-06-08T06:00:00,0,4287.96,4297.377571428571,9.417571428571351,11.590857142857047,take_profit,False,9.417571428571136,30.0,False,5.0,0.792001057234832,0.7625666778797452,0.7583617665433041,1.0,,14.0,10.675933490316433,1000.0,1010.6759334903164,True,S2_000000,0
PRIMARY_2026_RECENT,S2,17555,17558,2026-06-17T17:49:00,2026-06-17T17:52:00,2026-06-17T14:49:00,2026-06-17T14:52:00,4,4345.85,4352.071428571429,6.221428571428656,7.657142857142961,take_profit,False,6.221428571428987,30.0,False,5.0,0.7818671454219451,0.7378815080790373,0.7315978456014789,1.0,,14.14946306886443,10.440627147762328,1010.6759334903164,1021.1165606380788,True,S2_000001,0
PRIMARY_2026_RECENT,S2,20626,20640,2026-06-22T04:07:00,2026-06-22T04:21:00,2026-06-22T01:07:00,2026-06-22T01:21:00,11,4215.04,4205.490285714286,7.759142857142811,9.549714285714229,stop_loss,False,-9.54971428571389,30.0,False,5.0,-0.969542263734954,-1.0050762893774674,-1.0101525787549694,1.0,,14.295631848933104,-14.368200613032027,1021.1165606380788,1006.7483600250467,False,S2_000002,0
PRIMARY_2026_RECENT,S2,23387,23389,2026-06-24T04:10:00,2026-06-24T04:12:00,2026-06-24T01:10:00,2026-06-24T01:12:00,13,4080.46,4087.7205000000004,7.260500000000132,8.936000000000162,take_profit,False,7.26050000000032,30.0,False,5.0,0.7861087050671495,0.7482135123430271,0.7427999133824382,1.0,,14.094477040350654,10.545678170998917,1006.7483600250467,1017.2940381960457,True,S2_000003,0
PRIMARY_2026_RECENT,S2,23390,23402,2026-06-24T04:13:00,2026-06-24T04:25:00,2026-06-24T01:13:00,2026-06-24T01:25:00,14,4088.86,4097.207857142857,8.347857142857194,10.274285714285778,take_profit,False,8.347857142857265,30.0,False,5.0,0.789448797622271,0.7563496352337276,0.7516211834639356,1.0,,14.242116534744639,10.772019646010348,1017.2940381960457,1028.0660578420561,True,S2_000004,0
PRIMARY_2026_RECENT,S2,28899,28900,2026-06-30T04:07:00,2026-06-30T04:08:00,2026-06-30T01:07:00,2026-06-30T01:08:00,17,3945.09,3951.6875,6.597499999999891,8.119999999999866,take_profit,False,6.5974999999998545,30.0,False,5.0,0.7835510688836056,0.7419833729216098,0.7360451306413245,1.0,,14.392924809788786,10.679310896574203,1028.0660578420561,1038.7453687386303,True,S2_000005,0
PRIMARY_2026_RECENT,S2,28904,28911,2026-06-30T04:12:00,2026-06-30T04:19:00,2026-06-30T01:12:00,2026-06-30T01:19:00,18,3960.43,3971.093714285714,10.663714285714214,13.124571428571342,take_profit,False,10.663714285714377,30.0,False,5.0,0.7943429957859908,0.7682713999914986,0.7645468863065711,1.0,,14.542435162340825,11.172537021457181,1038.7453687386303,1049.9179057600875,True,S2_000006,0
PRIMARY_2026_RECENT,S2,28912,28961,2026-06-30T04:20:00,2026-06-30T05:09:00,2026-06-30T01:20:00,2026-06-30T02:09:00,18,3973.67,3959.304285714286,11.672142857142713,14.365714285714109,stop_loss,False,-14.365714285714148,30.0,False,5.0,-0.9795441262419662,-1.0034093122930088,-1.006818624586015,1.0,,14.698850680641225,-14.748963652959835,1049.9179057600875,1035.1689421071276,False,S2_000007,1
PRIMARY_2026_RECENT,S2,33041,33049,2026-07-03T04:12:00,2026-07-03T04:20:00,2026-07-03T01:12:00,2026-07-03T01:20:00,19,4179.05,4185.482214285715,6.432214285714326,7.916571428571479,take_profit,False,6.432214285714508,30.0,False,5.0,0.7828343417484054,0.7402374991306993,0.7341522358995983,1.0,,14.492365189499786,10.727792164364123,1035.1689421071276,1045.8967342714916,True,S2_000008,0
PRIMARY_2026_RECENT,S2,36643,36650,2026-07-07T22:20:00,2026-07-07T22:27:00,2026-07-07T19:20:00,2026-07-07T19:27:00,20,4097.19,4103.677928571428,6.487928571428646,7.985142857142948,take_profit,False,6.487928571428711,30.0,False,5.0,0.7830798675770824,0.7408355748672408,0.734800675908692,1.0,,14.642554279800883,10.847725117401065,1045.8967342714916,1056.7444593888927,True,S2_000009,0
PRIMARY_2026_RECENT,S2,41857,41859,2026-07-13T17:19:00,2026-07-13T17:21:00,2026-07-13T14:19:00,2026-07-13T14:21:00,21,4021.64,4012.110857142857,7.7424285714285395,9.529142857142817,stop_loss,False,-9.529142857142688,30.0,False,5.0,-0.9694785186907604,-1.0050869135515244,-1.0101738271030622,1.0,,14.794422431444497,-14.869680379397987,1056.7444593888927,1041.8747790094947,False,S2_000010,0
PRIMARY_2026_RECENT,S2,41860,41862,2026-07-13T17:22:00,2026-07-13T17:24:00,2026-07-13T14:22:00,2026-07-13T14:24:00,21,4012.66,4021.485142857143,8.825142857142769,10.861714285714179,take_profit,False,8.825142857142964,30.0,False,5.0,0.7906619566886979,0.7593047662929571,0.754825167664994,1.0,,14.586246906132926,11.07540679815263,1041.8747790094947,1052.9501858076474,True,S2_000011,1
PRIMARY_2026_RECENT,S2,41869,41897,2026-07-13T17:31:00,2026-07-13T17:59:00,2026-07-13T14:31:00,2026-07-13T14:59:00,21,4005.81,4014.660214285714,8.850214285714323,10.892571428571475,take_profit,False,8.850214285714173,30.0,False,5.0,0.7907221626588931,0.7594514218614254,0.7549841731760729,1.0,,14.741302601307064,11.19530322065218,1052.9501858076474,1064.1454890282996,True,S2_000012,2
PRIMARY_2026_RECENT,S2,54677,54767,2026-07-27T01:11:00,2026-07-27T02:41:00,2026-07-26T22:11:00,2026-07-26T23:41:00,24,4087.17,4088.09,7.606857142857107,9.36228571428567,timeout,False,0.9200000000000728,30.0,False,5.0,0.09521556567509223,0.05899225264652739,0.05381749364244671,1.0,,14.898036846396195,0.8788687535798785,1064.1454890282996,1065.0243577818794,True,S2_000013,0
PRIMARY_2026_RECENT,S2,58690,58694,2026-07-29T22:06:00,2026-07-29T22:10:00,2026-07-29T19:06:00,2026-07-29T19:10:00,27,4103.09,4093.4122857142856,7.8631428571428845,9.67771428571432,stop_loss,False,-9.6777142857145,30.0,False,5.0,-0.969932993528453,-1.0050111677452789,-1.0100223354905398,1.0,,14.910341008946313,-14.985059228881454,1065.0243577818794,1050.039298552998,False,S2_000014,0
PRIMARY_2026_RECENT,S2,82380,82383,2026-08-24T03:18:00,2026-08-24T03:21:00,2026-08-24T00:18:00,2026-08-24T00:21:00,28,4629.35,4622.556857142858,5.519428571428619,6.793142857142915,stop_loss,False,-6.793142857142811,30.0,False,5.0,-0.9577056311930897,-1.0070490614678014,-1.0140981229356174,1.0,,14.700550179741972,-14.804175261569473,1050.039298552998,1035.2351232914284,False,S2_000015,0
PRIMARY_2026_RECENT,S2,82385,82386,2026-08-24T03:23:00,2026-08-24T03:24:00,2026-08-24T00:23:00,2026-08-24T00:24:00,29,4620.5,4614.436,4.927000000000122,6.06400000000015,stop_loss,False,-6.064000000000306,30.0,False,5.0,-0.9528598365807924,-1.0078566939032298,-1.0157133878064353,1.0,,14.493291726079997,-14.60716108282202,1035.2351232914284,1020.6279622086064,False,S2_000016,0
PRIMARY_2026_RECENT,S3,7358,7374,2026-06-08T08:44:00,2026-06-08T09:00:00,2026-06-08T05:44:00,2026-06-08T06:00:00,0,4287.96,4297.377571428571,9.417571428571351,11.590857142857047,take_profit,False,9.417571428571136,30.0,True,5.0,0.792001057234832,0.7625666778797452,0.7583617665433041,1.0,,14.0,10.675933490316433,1000.0,1010.6759334903164,True,S3_000000,0
PRIMARY_2026_RECENT,S3,17555,17558,2026-06-17T17:49:00,2026-06-17T17:52:00,2026-06-17T14:49:00,2026-06-17T14:52:00,4,4345.85,4352.071428571429,6.221428571428656,7.657142857142961,take_profit,False,6.221428571428987,24.0,True,5.0,0.7878075253256572,0.7510853835022134,0.7447539797395508,1.0,,14.14946306886443,10.627454895428446,1010.6759334903164,1021.3033883857448,True,S3_000001,0
PRIMARY_2026_RECENT,S3,20626,20640,2026-06-22T04:07:00,2026-06-22T04:21:00,2026-06-22T01:07:00,2026-06-22T01:21:00,11,4215.04,4205.490285714286,7.759142857142811,9.549714285714229,stop_loss,False,-9.54971428571389,27.0,True,5.0,-0.9725042916581457,-1.0050917978410432,-1.0101835956821208,1.0,,14.298247437400429,-14.371051222832886,1021.3033883857448,1006.932337162912,False,S3_000002,0
PRIMARY_2026_RECENT,S3,23387,23389,2026-06-24T04:10:00,2026-06-24T04:12:00,2026-06-24T01:10:00,2026-06-24T01:12:00,13,4080.46,4087.7205000000004,7.260500000000132,8.936000000000162,take_profit,False,7.26050000000032,24.0,True,5.0,0.791248910200544,0.7596447253705533,0.7541957279860722,1.0,,14.097052720280768,10.708751742231895,1006.932337162912,1017.6410889051439,True,S3_000003,0
PRIMARY_2026_RECENT,S3,23390,23402,2026-06-24T04:13:00,2026-06-24T04:25:00,2026-06-24T01:13:00,2026-06-24T01:25:00,14,4088.86,4097.207857142857,8.347857142857194,10.274285714285778,take_profit,False,8.347857142857265,26.0,True,5.0,0.7924464334147071,0.7630187144019598,0.7582723081095811,1.0,,14.246975244672015,10.870708735306188,1017.6410889051439,1028.5117976404501,True,S3_000004,0
PRIMARY_2026_RECENT,S3,28899,28900,2026-06-30T04:07:00,2026-06-30T04:08:00,2026-06-30T01:07:00,2026-06-30T01:08:00,17,3945.09,3951.6875,6.597499999999891,8.119999999999866,take_profit,False,6.5974999999998545,26.0,True,5.0,0.7872911694510693,0.7502983293556033,0.7443317422434312,1.0,,14.399165166966302,10.803669568890212,1028.5117976404501,1039.3154672093403,True,S3_000005,0
PRIMARY_2026_RECENT,S3,28904,28911,2026-06-30T04:12:00,2026-06-30T04:19:00,2026-06-30T01:12:00,2026-06-30T01:19:00,18,3960.43,3971.093714285714,10.663714285714214,13.124571428571342,take_profit,False,10.663714285714377,24.0,True,5.0,0.7979091841970362,0.776210022233636,0.7724687874123601,1.0,,14.550416540930765,11.294179146744534,1039.3154672093403,1050.6096463560848,True,S3_000006,0
PRIMARY_2026_RECENT,S3,28912,28961,2026-06-30T04:20:00,2026-06-30T05:09:00,2026-06-30T01:20:00,2026-06-30T02:09:00,18,3973.67,3959.304285714286,11.672142857142713,14.365714285714109,stop_loss,False,-14.365714285714148,24.0,True,5.0,-0.9835680751173733,-1.0034233176838836,-1.0068466353677648,1.0,,14.708535048985187,-14.758887037122399,1050.6096463560848,1035.8507593189624,False,S3_000007,1
PRIMARY_2026_RECENT,S3,33041,33049,2026-07-03T04:12:00,2026-07-03T04:20:00,2026-07-03T01:12:00,2026-07-03T01:20:00,19,4179.05,4185.482214285715,6.432214285714326,7.916571428571479,take_profit,False,6.432214285714508,24.0,True,5.0,0.7885928961748858,0.7530387417682727,0.7469087151464427,1.0,,14.501910630465474,10.92050053440166,1035.8507593189624,1046.7712598533642,True,S3_000008,0
PRIMARY_2026_RECENT,S3,36643,36650,2026-07-07T22:20:00,2026-07-07T22:27:00,2026-07-07T19:20:00,2026-07-07T19:27:00,20,4097.19,4103.677928571428,6.487928571428646,7.985142857142948,take_profit,False,6.487928571428711,24.0,True,5.0,0.7887922050854604,0.7535344588022873,0.7474555370293264,1.0,,14.6547976379471,11.042895006967507,1046.7712598533642,1057.8141548603317,True,S3_000009,0
PRIMARY_2026_RECENT,S3,41857,41859,2026-07-13T17:19:00,2026-07-13T17:21:00,2026-07-13T14:19:00,2026-07-13T14:21:00,21,4021.64,4012.110857142857,7.7424285714285395,9.529142857142817,stop_loss,False,-9.529142857142688,27.0,True,5.0,-0.9724465696708033,-1.0051024870979837,-1.0102049741959807,1.0,,14.809398168044643,-14.884962931125994,1057.8141548603317,1042.9291919292057,False,S3_000010,0
PRIMARY_2026_RECENT,S3,41860,41862,2026-07-13T17:22:00,2026-07-13T17:24:00,2026-07-13T14:22:00,2026-07-13T14:24:00,21,4012.66,4021.485142857143,8.825142857142769,10.861714285714179,take_profit,False,8.825142857142964,24.0,True,5.0,0.7949351451513452,0.768813053325115,0.7643092443895578,1.0,,14.60100868700888,11.225446070285825,1042.9291919292057,1054.1546379994916,True,S3_000011,1
PRIMARY_2026_RECENT,S3,41869,41897,2026-07-13T17:31:00,2026-07-13T17:59:00,2026-07-13T14:31:00,2026-07-13T14:59:00,21,4005.81,4014.660214285714,8.850214285714323,10.892571428571475,take_profit,False,8.850214285714173,24.0,True,5.0,0.7949838312288131,0.7689341443383504,0.7644428190124084,1.0,,14.758164931992882,11.348056923986196,1054.1546379994916,1065.5026949234777,True,S3_000012,2
PRIMARY_2026_RECENT,S3,54677,54767,2026-07-27T01:11:00,2026-07-27T02:41:00,2026-07-26T22:11:00,2026-07-26T23:41:00,24,4087.17,4088.09,7.606857142857107,9.36228571428567,timeout,False,0.9200000000000728,91.0,True,5.0,0.08956137179095676,-0.0038939726865559426,-0.008761438544759734,1.0,,14.917037728928689,-0.058086537480772804,1065.5026949234777,1065.444608385997,False,S3_000013,0
PRIMARY_2026_RECENT,S3,58690,58694,2026-07-29T22:06:00,2026-07-29T22:10:00,2026-07-29T19:06:00,2026-07-29T19:10:00,27,4103.09,4093.4122857142856,7.8631428571428845,9.67771428571432,stop_loss,False,-9.6777142857145,24.0,True,5.0,-0.9758008757778474,-1.0050414842129705,-1.0100829684259227,1.0,,14.91622451740396,-14.991424427825574,1065.444608385997,1050.4531839581714,False,S3_000014,0
PRIMARY_2026_RECENT,S3,82380,82383,2026-08-24T03:18:00,2026-08-24T03:21:00,2026-08-24T00:18:00,2026-08-24T00:21:00,28,4629.35,4622.556857142858,5.519428571428619,6.793142857142915,stop_loss,False,-6.793142857142811,27.0,True,5.0,-0.9617733910440371,-1.007079001658494,-1.014158003317003,1.0,,14.7063445754144,-14.810450813054144,1050.4531839581714,1035.6427331451173,False,S3_000015,0
PRIMARY_2026_RECENT,S4,7358,7374,2026-06-08T08:44:00,2026-06-08T09:00:00,2026-06-08T05:44:00,2026-06-08T06:00:00,0,4287.96,4297.377571428571,9.417571428571351,11.590857142857047,take_profit,False,9.417571428571136,30.0,True,5.0,0.792001057234832,0.7625666778797452,0.7583617665433041,1.0,,14.0,10.675933490316433,1000.0,1010.6759334903164,True,S4_000000,0
PRIMARY_2026_RECENT,S4,17555,17558,2026-06-17T17:49:00,2026-06-17T17:52:00,2026-06-17T14:49:00,2026-06-17T14:52:00,4,4345.85,4352.071428571429,6.221428571428656,7.657142857142961,take_profit,False,6.221428571428987,24.0,True,5.0,0.7878075253256572,0.7510853835022134,0.7447539797395508,1.0,,14.14946306886443,10.627454895428446,1010.6759334903164,1021.3033883857448,True,S4_000001,0
PRIMARY_2026_RECENT,S4,20626,20640,2026-06-22T04:07:00,2026-06-22T04:21:00,2026-06-22T01:07:00,2026-06-22T01:21:00,11,4215.04,4205.490285714286,7.759142857142811,9.549714285714229,stop_loss,False,-9.54971428571389,27.0,True,5.0,-0.9725042916581457,-1.0050917978410432,-1.0101835956821208,1.0,,14.298247437400429,-14.371051222832886,1021.3033883857448,1006.932337162912,False,S4_000002,0
PRIMARY_2026_RECENT,S4,23387,23389,2026-06-24T04:10:00,2026-06-24T04:12:00,2026-06-24T01:10:00,2026-06-24T01:12:00,13,4080.46,4087.7205000000004,7.260500000000132,8.936000000000162,take_profit,False,7.26050000000032,24.0,True,5.0,0.791248910200544,0.7596447253705533,0.7541957279860722,1.0,,14.097052720280768,10.708751742231895,1006.932337162912,1017.6410889051439,True,S4_000003,0
PRIMARY_2026_RECENT,S4,23390,23402,2026-06-24T04:13:00,2026-06-24T04:25:00,2026-06-24T01:13:00,2026-06-24T01:25:00,14,4088.86,4097.207857142857,8.347857142857194,10.274285714285778,take_profit,False,8.347857142857265,26.0,True,5.0,0.7924464334147071,0.7630187144019598,0.7582723081095811,1.0,,14.246975244672015,10.870708735306188,1017.6410889051439,1028.5117976404501,True,S4_000004,0
PRIMARY_2026_RECENT,S4,28899,28900,2026-06-30T04:07:00,2026-06-30T04:08:00,2026-06-30T01:07:00,2026-06-30T01:08:00,17,3945.09,3951.6875,6.597499999999891,8.119999999999866,take_profit,False,6.5974999999998545,26.0,True,5.0,0.7872911694510693,0.7502983293556033,0.7443317422434312,1.0,,14.399165166966302,10.803669568890212,1028.5117976404501,1039.3154672093403,True,S4_000005,0
PRIMARY_2026_RECENT,S4,28904,28911,2026-06-30T04:12:00,2026-06-30T04:19:00,2026-06-30T01:12:00,2026-06-30T01:19:00,18,3960.43,3971.093714285714,10.663714285714214,13.124571428571342,take_profit,False,10.663714285714377,24.0,True,5.0,0.7979091841970362,0.776210022233636,0.7724687874123601,1.0,,14.550416540930765,11.294179146744534,1039.3154672093403,1050.6096463560848,True,S4_000006,0
PRIMARY_2026_RECENT,S4,28912,28961,2026-06-30T04:20:00,2026-06-30T05:09:00,2026-06-30T01:20:00,2026-06-30T02:09:00,18,3973.67,3959.304285714286,11.672142857142713,14.365714285714109,stop_loss,False,-14.365714285714148,24.0,True,5.0,-0.9835680751173733,-1.0034233176838836,-1.0068466353677648,1.0,,14.708535048985187,-14.758887037122399,1050.6096463560848,1035.8507593189624,False,S4_000007,1
PRIMARY_2026_RECENT,S4,33041,33049,2026-07-03T04:12:00,2026-07-03T04:20:00,2026-07-03T01:12:00,2026-07-03T01:20:00,19,4179.05,4185.482214285715,6.432214285714326,7.916571428571479,take_profit,False,6.432214285714508,24.0,True,5.0,0.7885928961748858,0.7530387417682727,0.7469087151464427,1.0,,14.501910630465474,10.92050053440166,1035.8507593189624,1046.7712598533642,True,S4_000008,0
PRIMARY_2026_RECENT,S4,36643,36650,2026-07-07T22:20:00,2026-07-07T22:27:00,2026-07-07T19:20:00,2026-07-07T19:27:00,20,4097.19,4103.677928571428,6.487928571428646,7.985142857142948,take_profit,False,6.487928571428711,24.0,True,5.0,0.7887922050854604,0.7535344588022873,0.7474555370293264,1.0,,14.6547976379471,11.042895006967507,1046.7712598533642,1057.8141548603317,True,S4_000009,0
PRIMARY_2026_RECENT,S4,41857,41859,2026-07-13T17:19:00,2026-07-13T17:21:00,2026-07-13T14:19:00,2026-07-13T14:21:00,21,4021.64,4012.110857142857,7.7424285714285395,9.529142857142817,stop_loss,False,-9.529142857142688,27.0,True,5.0,-0.9724465696708033,-1.0051024870979837,-1.0102049741959807,1.0,,14.809398168044643,-14.884962931125994,1057.8141548603317,1042.9291919292057,False,S4_000010,0
PRIMARY_2026_RECENT,S4,54677,54767,2026-07-27T01:11:00,2026-07-27T02:41:00,2026-07-26T22:11:00,2026-07-26T23:41:00,24,4087.17,4088.09,7.606857142857107,9.36228571428567,timeout,False,0.9200000000000728,91.0,True,5.0,0.08956137179095676,-0.0038939726865559426,-0.008761438544759734,1.0,,14.60100868700888,-0.056855929023378625,1042.9291919292057,1042.8723360001823,False,S4_000011,0
PRIMARY_2026_RECENT,S4,58690,58694,2026-07-29T22:06:00,2026-07-29T22:10:00,2026-07-29T19:06:00,2026-07-29T19:10:00,27,4103.09,4093.4122857142856,7.8631428571428845,9.67771428571432,stop_loss,False,-9.6777142857145,24.0,True,5.0,-0.9758008757778474,-1.0050414842129705,-1.0100829684259227,1.0,,14.600212704002551,-14.673819445855791,1042.8723360001823,1028.1985165543265,False,S4_000012,0
PRIMARY_2026_RECENT,S4,82380,82383,2026-08-24T03:18:00,2026-08-24T03:21:00,2026-08-24T00:18:00,2026-08-24T00:21:00,28,4629.35,4622.556857142858,5.519428571428619,6.793142857142915,stop_loss,False,-6.793142857142811,27.0,True,5.0,-0.9617733910440371,-1.007079001658494,-1.014158003317003,1.0,,14.394779231760571,-14.496679897815861,1028.1985165543265,1013.7018366565106,False,S4_000013,0
PRIMARY_2026_RECENT,S4,82400,82409,2026-08-24T03:38:00,2026-08-24T03:47:00,2026-08-24T00:38:00,2026-08-24T00:47:00,29,4602.71,4610.116285714286,7.4062857142860725,9.115428571429012,take_profit,False,7.406285714286241,24.0,True,5.0,0.7916564866846024,0.7606584412411639,0.7553139506474676,1.0,live_post_loss_cap,14.191825713191148,10.795132025362248,1013.7018366565106,1024.4969686818729,True,S4_000014,0
PRIMARY_2026_RECENT,S4,82427,82438,2026-08-24T04:05:00,2026-08-24T04:16:00,2026-08-24T01:05:00,2026-08-24T01:16:00,30,4625.09,4618.076285714286,5.698642857142763,7.01371428571417,stop_loss,False,-7.0137142857138315,29.0,True,5.0,-0.9602941751750107,-1.0068458318663231,-1.0136916637326925,1.0,live_post_loss_cap,14.342957561546221,-14.441147037478375,1024.4969686818729,1010.0558216443945,False,S4_000015,0
PRIMARY_2026_RECENT,S5,7358,7374,2026-06-08T08:44:00,2026-06-08T09:00:00,2026-06-08T05:44:00,2026-06-08T06:00:00,0,4288.69,4298.107571428571,9.417571428571351,11.590857142857047,take_profit,False,9.417571428571136,30.0,True,5.0,0.792001057234832,0.7625666778797452,0.7583617665433041,1.0,,14.0,10.675933490316433,1000.0,1010.6759334903164,True,S5_000000,0
PRIMARY_2026_RECENT,S5,17555,17558,2026-06-17T17:49:00,2026-06-17T17:52:00,2026-06-17T14:49:00,2026-06-17T14:52:00,4,4345.74,4351.961428571429,6.221428571428656,7.657142857142961,take_profit,False,6.221428571428987,24.0,True,5.0,0.7878075253256572,0.7510853835022134,0.7447539797395508,1.0,,14.14946306886443,10.627454895428446,1010.6759334903164,1021.3033883857448,True,S5_000001,0
PRIMARY_2026_RECENT,S5,20626,20650,2026-06-22T04:07:00,2026-06-22T04:31:00,2026-06-22T01:07:00,2026-06-22T01:31:00,11,4209.98,4200.430285714286,7.759142857142811,9.549714285714229,stop_loss,False,-9.54971428571389,27.0,True,5.0,-0.9725042916581457,-1.0050917978410432,-1.0101835956821208,1.0,,14.298247437400429,-14.371051222832886,1021.3033883857448,1006.932337162912,False,S5_000002,0
PRIMARY_2026_RECENT,S5,23387,23389,2026-06-24T04:10:00,2026-06-24T04:12:00,2026-06-24T01:10:00,2026-06-24T01:12:00,13,4077.25,4084.5105000000003,7.260500000000132,8.936000000000162,take_profit,False,7.26050000000032,24.0,True,5.0,0.791248910200544,0.7596447253705533,0.7541957279860722,1.0,,14.097052720280768,10.708751742231895,1006.932337162912,1017.6410889051439,True,S5_000003,0
PRIMARY_2026_RECENT,S5,23390,23402,2026-06-24T04:13:00,2026-06-24T04:25:00,2026-06-24T01:13:00,2026-06-24T01:25:00,14,4090.55,4098.897857142857,8.347857142857194,10.274285714285778,take_profit,False,8.34785714285681,26.0,True,5.0,0.7924464334146639,0.7630187144019166,0.758272308109538,1.0,,14.246975244672015,10.870708735305572,1017.6410889051439,1028.5117976404495,True,S5_000004,0
PRIMARY_2026_RECENT,S5,28899,28899,2026-06-30T04:07:00,2026-06-30T04:07:00,2026-06-30T01:07:00,2026-06-30T01:07:00,17,3967.37,3959.25,6.597499999999891,8.119999999999866,stop_loss,False,-8.11999999999989,26.0,True,5.0,-0.9689737470167089,-1.005966587112175,-1.0119331742243467,1.0,,14.399165166966293,-14.485079040277594,1028.5117976404495,1014.0267186001719,False,S5_000005,0
PRIMARY_2026_RECENT,S5,28914,28941,2026-06-30T04:22:00,2026-06-30T04:49:00,2026-06-30T01:22:00,2026-06-30T01:49:00,18,3972.99,3961.848285714286,9.052642857142754,11.141714285714158,stop_loss,False,-11.141714285713988,26.0,True,5.0,-0.9771964115671676,-1.0043853054678347,-1.008770610935684,1.0,live_post_loss_cap,14.196374060402407,-14.258629497192915,1014.0267186001719,999.7680891029789,False,S5_000006,0
PRIMARY_2026_RECENT,S5,33041,33044,2026-07-03T04:12:00,2026-07-03T04:15:00,2026-07-03T01:12:00,2026-07-03T01:15:00,19,4174.44,4180.872214285714,6.432214285714326,7.916571428571479,take_profit,False,6.432214285714508,24.0,True,5.0,0.7885928961748858,0.7530387417682727,0.7469087151464427,1.0,,13.996753247441706,10.540097454294488,999.7680891029789,1010.3081865572734,True,S5_000007,0
PRIMARY_2026_RECENT,S5,33045,33049,2026-07-03T04:16:00,2026-07-03T04:20:00,2026-07-03T01:16:00,2026-07-03T01:20:00,19,4177.84,4184.780142857143,6.940142857142837,8.541714285714262,take_profit,False,6.940142857142746,24.0,True,5.0,0.7902947683498073,0.7572716033315875,0.7515779541905151,1.0,,14.144314611801828,10.71108780410557,1010.3081865572734,1021.019274361379,True,S5_000008,1
PRIMARY_2026_RECENT,S5,36643,36651,2026-07-07T22:20:00,2026-07-07T22:28:00,2026-07-07T19:20:00,2026-07-07T19:28:00,20,4098.76,4105.247928571429,6.487928571428646,7.985142857142948,take_profit,False,6.487928571428711,24.0,True,5.0,0.7887922050854604,0.7535344588022873,0.7474555370293264,1.0,,14.294269841059306,10.771224888656482,1021.019274361379,1031.7904992500355,True,S5_000009,0
PRIMARY_2026_RECENT,S5,41857,41859,2026-07-13T17:19:00,2026-07-13T17:21:00,2026-07-13T14:19:00,2026-07-13T14:21:00,21,4020.26,4010.7308571428575,7.7424285714285395,9.529142857142817,stop_loss,False,-9.529142857142688,27.0,True,5.0,-0.9724465696708033,-1.0051024870979837,-1.0102049741959807,1.0,,14.445066989500498,-14.518772757443934,1031.7904992500355,1017.2717264925916,False,S5_000010,0
PRIMARY_2026_RECENT,S5,54677,54767,2026-07-27T01:11:00,2026-07-27T02:41:00,2026-07-26T22:11:00,2026-07-26T23:41:00,24,4088.16,4086.98,7.606857142857107,9.36228571428567,timeout,False,-1.1799999999998363,91.0,True,5.0,-0.11487219425359343,-0.20832753873110613,-0.2131950045893099,1.0,,14.241804170896282,-2.966960010013224,1017.2717264925916,1014.3047664825784,False,S5_000011,0
PRIMARY_2026_RECENT,S5,58690,58694,2026-07-29T22:06:00,2026-07-29T22:10:00,2026-07-29T19:06:00,2026-07-29T19:10:00,27,4100.12,4090.4422857142854,7.8631428571428845,9.67771428571432,stop_loss,False,-9.6777142857145,24.0,True,5.0,-0.9758008757778474,-1.0050414842129705,-1.0100829684259227,1.0,,14.200266730756098,-14.271857151299175,1014.3047664825784,1000.0329093312793,False,S5_000012,0
PRIMARY_2026_RECENT,S5,82380,82383,2026-08-24T03:18:00,2026-08-24T03:21:00,2026-08-24T00:18:00,2026-08-24T00:21:00,28,4631.35,4624.556857142858,5.519428571428619,6.793142857142915,stop_loss,False,-6.793142857142811,27.0,True,5.0,-0.9617733910440371,-1.007079001658494,-1.014158003317003,1.0,,14.00046073063791,-14.099570015369776,1000.0329093312793,985.9333393159095,False,S5_000013,0
PRIMARY_2026_RECENT,S5,82400,82410,2026-08-24T03:38:00,2026-08-24T03:48:00,2026-08-24T00:38:00,2026-08-24T00:48:00,29,4603.63,4611.036285714286,7.4062857142860725,9.115428571429012,take_profit,False,7.406285714286241,24.0,True,5.0,0.7916564866846024,0.7606584412411639,0.7553139506474676,1.0,live_post_loss_cap,13.803066750422733,10.499419238724293,985.9333393159095,996.4327585546338,True,S5_000014,0
PRIMARY_2026_RECENT,S5,82427,82428,2026-08-24T04:05:00,2026-08-24T04:06:00,2026-08-24T01:05:00,2026-08-24T01:06:00,30,4622.48,4628.178642857142,5.698642857142763,7.01371428571417,take_profit,False,5.698642857142659,29.0,True,5.0,0.7802390173297196,0.7336873606384072,0.7268415287720378,1.0,live_post_loss_cap,13.950058619764873,10.234981689486352,996.4327585546338,1006.6677402441202,True,S5_000015,0
PRIMARY_2026_RECENT,S5,82429,82430,2026-08-24T04:07:00,2026-08-24T04:08:00,2026-08-24T01:07:00,2026-08-24T01:08:00,30,4628.38,4620.904571428572,6.073785714285532,7.475428571428347,stop_loss,False,-7.475428571427983,30.0,True,5.0,-0.9614169177628682,-1.006430513706134,-1.0128610274123149,1.0,live_post_loss_cap,14.093348363417682,-14.18397583323396,1006.6677402441202,992.4837644108862,False,S5_000016,1
SECONDARY_W0_2018_2020,S0,69669,69717,2018-03-14T04:45:00,2018-03-14T05:33:00,2018-03-14T04:45:00,2018-03-14T05:33:00,0,1328.57,1327.89,1.5,0.6,stop_loss,False,-0.6799999999998363,30.0,False,5.0,-0.7555555555553737,-1.1444444444442627,-1.199999999999818,1.0,,14.0,-16.02222222221968,1000.0,983.9777777777804,False,S0_000000,0
SECONDARY_W0_2018_2020,S0,75195,75285,2018-03-20T04:57:00,2018-03-20T06:27:00,2018-03-20T04:57:00,2018-03-20T06:27:00,1,1316.49,1316.24,1.5,0.6,timeout,False,-0.25,30.0,False,5.0,-0.2777777777777778,-0.6666666666666669,-0.7222222222222223,1.0,,13.775688888888926,-9.183792592592619,983.9777777777804,974.7939851851878,False,S0_000001,0
SECONDARY_W0_2018_2020,S0,112315,112356,2018-04-27T04:16:00,2018-04-27T04:57:00,2018-04-27T04:16:00,2018-04-27T04:57:00,2,1315.84,1317.43,1.5,0.6,take_profit,False,1.5900000000001455,30.0,False,5.0,1.7666666666668285,1.3777777777779394,1.322222222222384,1.0,,13.64711579259263,18.802692869796495,974.7939851851878,993.5966780549843,True,S0_000002,0
SECONDARY_W0_2018_2020,S0,120481,120490,2018-05-07T03:01:00,2018-05-07T03:10:00,2018-05-07T03:01:00,2018-05-07T03:10:00,4,1314.1,1316.17,1.5,0.6,take_profit,False,2.0700000000001637,30.0,False,5.0,2.3000000000001823,1.911111111111293,1.8555555555557377,1.0,,13.910353492769781,26.584231119518112,993.5966780549843,1020.1809091745024,True,S0_000003,0
SECONDARY_W0_2018_2020,S0,120550,120602,2018-05-07T04:10:00,2018-05-07T05:02:00,2018-05-07T04:10:00,2018-05-07T05:02:00,5,1317.53,1316.89,1.5,0.6,stop_loss,False,-0.6399999999998727,30.0,False,5.0,-0.7111111111109697,-1.0999999999998586,-1.155555555555414,1.0,,14.282532728443034,-15.710786001285317,1020.1809091745024,1004.4701231732171,False,S0_000004,0
SECONDARY_W0_2018_2020,S0,121917,121944,2018-05-08T04:03:00,2018-05-08T04:30:00,2018-05-08T04:03:00,2018-05-08T04:30:00,8,1315.3,1314.24,1.5,0.6,stop_loss,False,-1.0599999999999454,30.0,False,5.0,-1.1777777777777172,-1.5666666666666063,-1.6222222222221616,1.0,,14.062581724425039,-22.031378034931713,1004.4701231732171,982.4387451382854,False,S0_000005,0
SECONDARY_W0_2018_2020,S0,123257,123258,2018-05-09T03:24:00,2018-05-09T03:25:00,2018-05-09T03:24:00,2018-05-09T03:25:00,12,1315.77,1315.15,1.5,0.6,stop_loss,False,-0.6199999999998909,30.0,False,5.0,-0.6888888888887676,-1.0777777777776567,-1.133333333333212,1.0,,13.754142431935996,-14.823909065529353,982.4387451382854,967.614836072756,False,S0_000006,0
SECONDARY_W0_2018_2020,S0,124528,124601,2018-05-10T01:37:00,2018-05-10T02:50:00,2018-05-10T01:37:00,2018-05-10T02:50:00,13,1312.14,1311.44,1.5,0.6,stop_loss,False,-0.7000000000000455,30.0,False,5.0,-0.7777777777778284,-1.1666666666667174,-1.2222222222222727,0.55,legacy_loss_streak,7.450634237760221,-8.692406610720635,967.614836072756,958.9224294620354,False,S0_000007,0
SECONDARY_W0_2018_2020,S0,127379,127411,2018-05-14T03:11:00,2018-05-14T03:43:00,2018-05-14T03:11:00,2018-05-14T03:43:00,20,1320.16,1321.75,1.5,0.6,take_profit,False,1.5899999999999181,30.0,False,5.0,1.7666666666665758,1.377777777777687,1.3222222222221316,0.55,legacy_loss_streak,7.383702706857674,10.173101507225459,958.9224294620354,969.095530969261,True,S0_000008,0
SECONDARY_W0_2018_2020,S0,127431,127448,2018-05-14T04:03:00,2018-05-14T04:20:00,2018-05-14T04:03:00,2018-05-14T04:20:00,22,1322.03,1321.37,1.5,0.6,stop_loss,False,-0.6600000000000819,30.0,False,5.0,-0.7333333333334243,-1.1222222222223133,-1.1777777777778689,1.0,,13.567337433569653,-15.225567564340514,969.095530969261,953.8699634049204,False,S0_000009,0
SECONDARY_W0_2018_2020,S0,127453,127481,2018-05-14T04:25:00,2018-05-14T04:53:00,2018-05-14T04:25:00,2018-05-14T04:53:00,22,1321.67,1321.02,1.5,0.6,stop_loss,False,-0.650000000000091,30.0,False,5.0,-0.7222222222223234,-1.1111111111112124,-1.1666666666667678,1.0,,13.354179487668887,-14.837977208522338,953.8699634049204,939.0319861963981,False,S0_000010,1
SECONDARY_W0_2018_2020,S0,127483,127497,2018-05-14T04:55:00,2018-05-14T05:09:00,2018-05-14T04:55:00,2018-05-14T05:09:00,23,1321.09,1320.42,1.5,0.6,stop_loss,False,-0.6699999999998454,30.0,False,5.0,-0.7444444444442727,-1.1333333333331617,-1.188888888888717,1.0,,13.146447806749574,-14.899307514313927,939.0319861963981,924.1326786820841,False,S0_000011,0
SECONDARY_W0_2018_2020,S0,132950,132964,2018-05-18T04:07:00,2018-05-18T04:21:00,2018-05-18T04:07:00,2018-05-18T04:21:00,31,1289.26,1288.65,1.5,0.6,stop_loss,False,-0.6099999999999,30.0,False,5.0,-0.6777777777776667,-1.0666666666665556,-1.122222222222111,0.5355897621327815,legacy_drawdown;legacy_loss_streak,6.929384021762548,-7.391342956545948,924.1326786820841,916.7413357255382,False,S0_000012,0
SECONDARY_W0_2018_2020,S0,134323,134331,2018-05-21T04:02:00,2018-05-21T04:10:00,2018-05-21T04:02:00,2018-05-21T04:10:00,36,1290.22,1289.57,1.5,0.6,stop_loss,False,-0.650000000000091,30.0,False,5.0,-0.7222222222223234,-1.1111111111112124,-1.1666666666667678,0.5282104634120721,legacy_drawdown;legacy_loss_streak,6.779253120816239,-7.532503467574286,916.7413357255382,909.2088322579639,False,S0_000013,0
SECONDARY_W0_2018_2020,S0,136900,136971,2018-05-23T01:01:00,2018-05-23T02:12:00,2018-05-23T01:01:00,2018-05-23T02:12:00,43,1290.89,1292.45,1.5,0.6,take_profit,False,1.5599999999999454,30.0,False,5.0,1.7333333333332728,1.344444444444384,1.2888888888888286,0.5206902342021986,legacy_drawdown;legacy_loss_streak,6.6278262372994945,8.91074416348003,909.2088322579639,918.1195764214439,True,S0_000014,0
SECONDARY_W0_2018_2020,S0,137021,137027,2018-05-23T03:02:00,2018-05-23T03:08:00,2018-05-23T03:02:00,2018-05-23T03:08:00,45,1293.32,1294.9,1.5,0.6,take_profit,False,1.5800000000001546,30.0,False,5.0,1.7555555555557276,1.3666666666668386,1.3111111111112832,0.9628844695578929,legacy_drawdown,12.37660313866591,16.91469095617887,918.1195764214439,935.0342673776228,True,S0_000015,0
SECONDARY_W0_2018_2020,S0,137068,137115,2018-05-23T03:49:00,2018-05-23T04:36:00,2018-05-23T03:49:00,2018-05-23T04:36:00,46,1293.11,1292.45,1.5,0.6,stop_loss,False,-0.6599999999998545,30.0,False,5.0,-0.7333333333331717,-1.1222222222220608,-1.1777777777776162,0.9935883393215875,legacy_drawdown,13.006548029055132,-14.596237232604215,935.0342673776228,920.4380301450185,False,S0_000016,0
SECONDARY_W0_2018_2020,S0,141176,141225,2018-05-28T03:21:00,2018-05-28T04:10:00,2018-05-28T03:21:00,2018-05-28T04:10:00,54,1298.43,1297.76,1.5,0.6,stop_loss,False,-0.6700000000000728,30.0,False,5.0,-0.7444444444445254,-1.1333333333334144,-1.1888888888889697,0.9670929709940828,legacy_drawdown,12.46208808864442,-14.123699833798018,920.4380301450185,906.3143303112205,False,S0_000017,0
SECONDARY_W0_2018_2020,S0,141241,141331,2018-05-28T04:26:00,2018-05-28T05:56:00,2018-05-28T04:26:00,2018-05-28T05:56:00,58,1297.77,1297.66,1.5,0.6,timeout,False,-0.10999999999989996,30.0,False,5.0,-0.12222222222211107,-0.511111111111,-0.5666666666665556,0.4707276807845604,legacy_drawdown;legacy_rolling_pf,5.97278139876898,-3.0527549371479266,906.3143303112205,903.2615753740725,False,S0_000018,0
SECONDARY_W0_2018_2020,S0,144920,145010,2018-05-31T01:06:00,2018-05-31T02:36:00,2018-05-31T01:06:00,2018-05-31T02:36:00,60,1301.49,1302.15,1.5,0.6,timeout,False,0.6600000000000819,30.0,False,5.0,0.7333333333334243,0.34444444444453537,0.28888888888897984,0.25737633420379363,legacy_drawdown;legacy_loss_streak;legacy_rolling_pf,3.254694143356914,1.1210613160454552,903.2615753740725,904.382636690118,True,S0_000019,0
SECONDARY_W0_2018_2020,S0,145109,145125,2018-05-31T04:15:00,2018-05-31T04:31:00,2018-05-31T04:15:00,2018-05-31T04:31:00,64,1303.0,1302.35,1.5,0.6,stop_loss,False,-0.650000000000091,30.0,False,5.0,-0.7222222222223234,-1.1111111111112124,-1.1666666666667678,0.4689744572252489,legacy_drawdown;legacy_rolling_pf,5.937852986319626,-6.597614429244631,904.382636690118,897.7850222608733,False,S0_000020,0
SECONDARY_W0_2018_2020,S0,147792,147882,2018-06-04T03:02:00,2018-06-04T04:32:00,2018-06-04T03:02:00,2018-06-04T04:32:00,67,1292.44,1293.21,1.5,0.6,timeout,False,0.7699999999999818,30.0,False,5.0,0.8555555555555354,0.46666666666664647,0.41111111111109094,0.46298639942651626,legacy_drawdown;legacy_rolling_pf,5.819271568818631,2.715660065448577,897.7850222608733,900.5006823263219,True,S0_000021,0
SECONDARY_W0_2018_2020,S0,149150,149216,2018-06-05T02:44:00,2018-06-05T03:50:00,2018-06-05T02:44:00,2018-06-05T03:50:00,74,1291.51,1290.88,1.5,0.6,stop_loss,False,-0.6299999999998818,30.0,False,5.0,-0.6999999999998687,-1.0888888888887578,-1.1444444444443131,0.46545115840993534,legacy_drawdown;legacy_rolling_pf,5.867947200328132,-6.389542507023196,900.5006823263219,894.1111398192987,False,S0_000022,0
SECONDARY_W0_2018_2020,S0,149224,149314,2018-06-05T03:58:00,2018-06-05T05:28:00,2018-06-05T03:58:00,2018-06-05T05:28:00,77,1291.22,1291.95,1.5,0.6,timeout,False,0.7300000000000182,30.0,False,5.0,0.8111111111111314,0.4222222222222424,0.3666666666666869,0.4596519486728646,legacy_drawdown;legacy_rolling_pf,5.753718988472794,2.429348017355296,894.1111398192987,896.540487836654,True,S0_000023,0
SECONDARY_W0_2018_2020,S0,150620,150710,2018-06-06T04:15:00,2018-06-06T05:45:00,2018-06-06T04:15:00,2018-06-06T05:45:00,82,1297.22,1297.07,1.5,0.6,timeout,False,-0.15000000000009095,30.0,False,5.0,-0.16666666666676774,-0.5555555555556567,-0.6111111111112123,0.4618568481099518,legacy_drawdown;legacy_rolling_pf,5.797027094812739,-3.220570608229886,896.540487836654,893.3199172284242,False,S0_000024,0
SECONDARY_W0_2018_2020,S0,151989,152009,2018-06-07T04:07:00,2018-06-07T04:27:00,2018-06-07T04:07:00,2018-06-07T04:27:00,85,1295.83,1297.33,1.5,0.6,take_profit,False,1.5,30.0,False,5.0,1.6666666666666667,1.277777777777778,1.2222222222222225,0.4589338275009423,legacy_drawdown;legacy_rolling_pf,5.73964620315052,7.333992370692332,893.3199172284242,900.6539095991166,True,S0_000025,0
SECONDARY_W0_2018_2020,S0,152024,152114,2018-06-07T04:42:00,2018-06-07T06:12:00,2018-06-07T04:42:00,2018-06-07T06:12:00,87,1296.97,1296.99,1.5,0.6,timeout,False,0.01999999999998181,30.0,False,5.0,0.022222222222202014,-0.36666666666668696,-0.4222222222222425,0.46559022894454694,legacy_drawdown;legacy_rolling_pf,5.870699239580755,-2.1525897211797296,900.6539095991166,898.5013198779368,False,S0_000026,0
SECONDARY_W0_2018_2020,S0,153345,153435,2018-06-08T03:44:00,2018-06-08T05:14:00,2018-06-08T03:44:00,2018-06-08T05:14:00,91,1296.9,1297.01,1.5,0.6,timeout,False,0.10999999999989996,30.0,False,5.0,0.12222222222211107,-0.2666666666667779,-0.32222222222233343,0.463636517977406,legacy_drawdown;legacy_rolling_pf,5.832092326848341,-1.5552246204935396,898.5013198779368,896.9460952574433,False,S0_000027,0
SECONDARY_W0_2018_2020,S0,153605,153626,2018-06-08T08:04:00,2018-06-08T08:25:00,2018-06-08T08:04:00,2018-06-08T08:25:00,97,1296.51,1294.86,1.5,0.6,stop_loss,False,-1.650000000000091,30.0,False,5.0,-1.8333333333334345,-2.2222222222223236,-2.277777777777879,0.4622249812746476,legacy_drawdown;legacy_rolling_pf,5.80427248918636,-12.898383309303611,896.9460952574433,884.0477119481396,False,S0_000028,0
SECONDARY_W0_2018_2020,S0,154703,154771,2018-06-11T03:24:00,2018-06-11T04:32:00,2018-06-11T03:24:00,2018-06-11T04:32:00,99,1298.98,1300.52,1.5,0.6,take_profit,False,1.5399999999999636,30.0,False,5.0,1.7111111111110708,1.3222222222221818,1.2666666666666264,0.24778505704127868,legacy_drawdown;legacy_loss_streak;legacy_rolling_pf,3.0667533782519434,4.054929466799668,884.0477119481396,888.1026414149393,True,S0_000029,0
SECONDARY_W0_2018_2020,S0,156001,156010,2018-06-12T02:04:00,2018-06-12T02:13:00,2018-06-12T02:04:00,2018-06-12T02:13:00,104,1299.34,1298.35,1.5,0.6,stop_loss,False,-0.9900000000000091,30.0,False,5.0,-1.1000000000000103,-1.4888888888888991,-1.5444444444444545,0.45419857819861925,legacy_drawdown;legacy_rolling_pf,5.647249398351451,-8.408126881989995,888.1026414149393,879.6945145329493,False,S0_000030,0
SECONDARY_W0_2018_2020,S0,156058,156076,2018-06-12T03:01:00,2018-06-12T03:19:00,2018-06-12T03:01:00,2018-06-12T03:19:00,108,1297.69,1297.07,1.5,0.6,stop_loss,False,-0.6200000000001182,30.0,False,5.0,-0.6888888888890203,-1.0777777777779094,-1.1333333333334648,0.446567282025072,legacy_drawdown;legacy_rolling_pf,5.499799037142822,-5.927561184476876,879.6945145329493,873.7669533484724,False,S0_000031,0
SECONDARY_W0_2018_2020,S0,157437,157491,2018-06-13T03:01:00,2018-06-13T03:55:00,2018-06-13T03:01:00,2018-06-13T03:55:00,110,1295.51,1294.83,1.5,0.6,stop_loss,False,-0.6800000000000637,30.0,False,5.0,-0.7555555555556264,-1.1444444444445154,-1.2000000000000708,0.4411873709437517,legacy_drawdown;legacy_rolling_pf,5.39692922951482,-6.176485673778455,873.7669533484724,867.590467674694,False,S0_000032,0
SECONDARY_W0_2018_2020,S0,158859,158893,2018-06-14T03:45:00,2018-06-14T04:19:00,2018-06-14T03:45:00,2018-06-14T04:19:00,113,1298.77,1298.12,1.5,0.6,stop_loss,False,-0.650000000000091,30.0,False,5.0,-0.7222222222223234,-1.1111111111112124,-1.1666666666667678,0.23956984349162966,legacy_drawdown;legacy_loss_streak;legacy_rolling_pf,2.9098791757791873,-3.233199084199392,867.590467674694,864.3572685904945,False,S0_000033,0
SECONDARY_W0_2018_2020,S0,164329,164334,2018-06-20T03:01:00,2018-06-20T03:06:00,2018-06-20T03:01:00,2018-06-20T03:06:00,117,1274.76,1274.01,1.5,0.6,stop_loss,False,-0.75,30.0,False,5.0,-0.8333333333333334,-1.2222222222222225,-1.277777777777778,0.23795587820777678,legacy_drawdown;legacy_loss_streak;legacy_rolling_pf,2.8795045010581686,-3.519394390182207,864.3572685904945,860.8378742003123,False,S0_000034,0
SECONDARY_W0_2018_2020,S0,169844,169934,2018-06-26T03:01:00,2018-06-26T04:31:00,2018-06-26T03:01:00,2018-06-26T04:31:00,121,1266.21,1266.72,1.5,0.6,timeout,False,0.5099999999999909,30.0,False,5.0,0.5666666666666567,0.17777777777776765,0.1222222222222121,0.23619904844938058,legacy_drawdown;legacy_loss_streak;legacy_rolling_pf,2.846607214574219,0.5060635048131656,860.8378742003123,861.3439377051254,True,S0_000035,0
SECONDARY_W0_2018_2020,S0,169941,169948,2018-06-26T04:38:00,2018-06-26T04:45:00,2018-06-26T04:38:00,2018-06-26T04:45:00,125,1266.7,1265.99,1.5,0.6,stop_loss,False,-0.7100000000000364,30.0,False,5.0,-0.7888888888889294,-1.1777777777778184,-1.2333333333333738,0.4299121234274402,legacy_drawdown;legacy_rolling_pf,5.184230817642286,-6.105871851890014,861.3439377051254,855.2380658532354,False,S0_000036,0
SECONDARY_W0_2018_2020,S0,169953,169961,2018-06-26T04:50:00,2018-06-26T04:58:00,2018-06-26T04:50:00,2018-06-26T04:58:00,126,1266.1,1265.23,1.5,0.6,stop_loss,False,-0.8699999999998909,30.0,False,5.0,-0.9666666666665455,-1.3555555555554346,-1.41111111111099,0.4243703758832511,legacy_drawdown;legacy_rolling_pf,5.08112779266123,-6.887751007829054,855.2380658532354,848.3503148454064,False,S0_000037,0
SECONDARY_W0_2018_2020,S0,171227,171292,2018-06-27T03:05:00,2018-06-27T04:10:00,2018-06-27T03:05:00,2018-06-27T04:10:00,127,1257.72,1259.32,1.5,0.6,take_profit,False,1.599999999999909,30.0,False,5.0,1.7777777777776769,1.3888888888887878,1.3333333333332325,0.4181189873578259,legacy_drawdown;legacy_rolling_pf,4.965959243949958,6.897165616596662,848.3503148454064,855.2474804620031,True,S0_000038,0
SECONDARY_W0_2018_2020,S0,171336,171345,2018-06-27T04:54:00,2018-06-27T05:03:00,2018-06-27T04:54:00,2018-06-27T05:03:00,131,1255.07,1254.07,1.5,0.732571428571438,stop_loss,False,-1.0,30.0,False,5.0,-0.9684560044272186,-1.3074156059767452,-1.355838406198106,0.4243789206719861,legacy_drawdown;legacy_rolling_pf,5.081286037322606,-6.643352663627309,855.2474804620031,848.6041277983758,False,S0_000039,0
SECONDARY_W0_2018_2020,S0,174060,174065,2018-06-29T04:20:00,2018-06-29T04:25:00,2018-06-29T04:20:00,2018-06-29T04:25:00,134,1247.74,1246.95,1.5,0.6,stop_loss,False,-0.7899999999999636,30.0,False,5.0,-0.8777777777777375,-1.2666666666666264,-1.3222222222221818,0.4183493504153746,legacy_drawdown;legacy_rolling_pf,4.970181798739584,-6.295563611736607,848.6041277983758,842.3085641866392,False,S0_000040,0
SECONDARY_W0_2018_2020,S0,176751,176800,2018-07-03T03:15:00,2018-07-03T04:04:00,2018-07-03T03:15:00,2018-07-03T04:04:00,135,1241.87,1241.21,1.5,0.6,stop_loss,False,-0.6599999999998545,30.0,False,5.0,-0.7333333333331717,-1.1222222222220608,-1.1777777777776162,0.412635436820246,legacy_drawdown;legacy_rolling_pf,4.865929072488233,-5.4606537369026755,842.3085641866392,836.8479104497364,False,S0_000041,0
SECONDARY_W0_2018_2020,S0,182080,182116,2018-07-09T04:16:00,2018-07-09T04:52:00,2018-07-09T04:16:00,2018-07-09T04:52:00,143,1256.16,1257.86,1.5,0.6,take_profit,False,1.699999999999818,30.0,False,5.0,1.888888888888687,1.499999999999798,1.4444444444442426,0.2242236124660113,legacy_drawdown;legacy_loss_streak;legacy_rolling_pf,2.6269748619194226,3.9404622928786033,836.8479104497364,840.788372742615,True,S0_000042,0
SECONDARY_W0_2018_2020,S0,183419,183455,2018-07-10T03:37:00,2018-07-10T04:13:00,2018-07-10T03:37:00,2018-07-10T04:13:00,144,1257.74,1259.42,1.5,0.6,take_profit,False,1.6800000000000637,30.0,False,5.0,1.8666666666667375,1.4777777777778485,1.422222222222293,0.4112556965626757,legacy_drawdown;legacy_rolling_pf,4.840906110516879,7.153783474430841,840.788372742615,847.9421562170459,True,S0_000043,0
SECONDARY_W0_2018_2020,S0,188886,188939,2018-07-16T02:49:00,2018-07-16T03:42:00,2018-07-16T02:49:00,2018-07-16T03:42:00,146,1241.03,1242.56,1.5,0.6,take_profit,False,1.5299999999999727,30.0,False,5.0,1.6999999999999698,1.311111111111081,1.2555555555555256,0.4177485386927993,legacy_drawdown;legacy_rolling_pf,4.959172353179692,6.50202597416878,847.9421562170459,854.4441821912146,True,S0_000044,0
SECONDARY_W0_2018_2020,S0,190254,190307,2018-07-17T02:41:00,2018-07-17T03:34:00,2018-07-17T02:41:00,2018-07-17T03:34:00,150,1240.28,1239.55,1.5,0.6,stop_loss,False,-0.7300000000000182,30.0,False,5.0,-0.8111111111111314,-1.2000000000000204,-1.2555555555555757,0.42364983949776935,legacy_drawdown;legacy_rolling_pf,5.0677919690315525,-6.081350362837966,854.4441821912146,848.3628318283767,False,S0_000045,0
SECONDARY_W0_2018_2020,S0,190309,190331,2018-07-17T03:36:00,2018-07-17T03:58:00,2018-07-17T03:36:00,2018-07-17T03:58:00,152,1239.56,1238.84,1.5,0.6,stop_loss,False,-0.7200000000000273,30.0,False,5.0,-0.8000000000000304,-1.1888888888889195,-1.2444444444444749,0.41813034789098463,legacy_drawdown;legacy_rolling_pf,4.9661674441425205,-5.904221294702927,848.3628318283767,842.4586105336738,False,S0_000046,0
SECONDARY_W0_2018_2020,S0,190334,190350,2018-07-17T04:01:00,2018-07-17T04:17:00,2018-07-17T04:01:00,2018-07-17T04:17:00,152,1239.26,1238.49,1.5,0.6,stop_loss,False,-0.7699999999999818,30.0,False,5.0,-0.8555555555555354,-1.2444444444444245,-1.2999999999999798,0.41277162031629105,legacy_drawdown;legacy_rolling_pf,4.868402080071539,-6.058455921866707,842.4586105336738,836.4001546118071,False,S0_000047,1
SECONDARY_W0_2018_2020,S0,191606,191640,2018-07-18T02:17:00,2018-07-18T02:51:00,2018-07-18T02:17:00,2018-07-18T02:51:00,156,1227.6,1226.92,1.5,0.6,stop_loss,False,-0.6799999999998363,30.0,False,5.0,-0.7555555555553737,-1.1444444444442627,-1.199999999999818,0.2240000993574026,legacy_drawdown;legacy_loss_streak;legacy_rolling_pf,2.6229520482982838,-3.0018228997186704,836.4001546118071,833.3983317120884,False,S0_000048,0
SECONDARY_W0_2018_2020,S0,192936,192966,2018-07-19T01:28:00,2018-07-19T01:58:00,2018-07-19T01:28:00,2018-07-19T01:58:00,160,1226.95,1226.34,1.5,0.6,stop_loss,False,-0.6100000000001273,30.0,False,5.0,-0.6777777777779194,-1.0666666666668083,-1.1222222222223637,0.2225016336513787,legacy_drawdown;legacy_loss_streak;legacy_rolling_pf,2.596054864035826,-2.769125188305249,833.3983317120884,830.6292065237832,False,S0_000049,0
SECONDARY_W0_2018_2020,S0,197128,197194,2018-07-24T02:25:00,2018-07-24T03:31:00,2018-07-24T02:25:00,2018-07-24T03:31:00,166,1223.88,1223.27,1.5,0.6,stop_loss,False,-0.6100000000001273,30.0,False,5.0,-0.6777777777779194,-1.0666666666668083,-1.1222222222223637,0.22111932720993238,legacy_drawdown;legacy_loss_streak;legacy_rolling_pf,2.571354398304425,-2.7427780248584175,830.6292065237832,827.8864284989247,False,S0_000050,0
SECONDARY_W0_2018_2020,S0,202654,202668,2018-07-30T02:38:00,2018-07-30T02:52:00,2018-07-30T02:38:00,2018-07-30T02:52:00,174,1222.84,1222.15,1.5,0.6,stop_loss,False,-0.6899999999998272,30.0,False,5.0,-0.7666666666664748,-1.1555555555553638,-1.2111111111109192,0.2197501728837823,legacy_drawdown;legacy_loss_streak;legacy_rolling_pf,2.546994601070861,-2.9431937612369508,827.8864284989247,824.9432347376878,False,S0_000051,0
SECONDARY_W0_2018_2020,S0,202789,202825,2018-07-30T04:53:00,2018-07-30T05:29:00,2018-07-30T04:53:00,2018-07-30T05:29:00,179,1221.6,1220.67,1.5,0.6,stop_loss,False,-0.9299999999998363,30.0,False,5.0,-1.0333333333331516,-1.4222222222220406,-1.477777777777596,0.21828097397874027,legacy_drawdown;legacy_loss_streak;legacy_rolling_pf,2.520971778580011,-3.5853820850911133,824.9432347376878,821.3578526525966,False,S0_000052,0
SECONDARY_W0_2018_2020,S0,210982,211007,2018-08-07T03:35:00,2018-08-07T04:00:00,2018-08-07T03:35:00,2018-08-07T04:00:00,181,1208.0,1209.61,1.5,0.6,take_profit,False,1.6099999999999,30.0,False,5.0,1.788888888888778,1.3999999999998889,1.3444444444443335,0.2164912041365538,legacy_drawdown;legacy_loss_streak;legacy_rolling_pf,2.4894345076688467,3.485208310736109,821.3578526525966,824.8430609633327,True,S0_000053,0
SECONDARY_W0_2018_2020,S0,211043,211062,2018-08-07T04:36:00,2018-08-07T04:55:00,2018-08-07T04:36:00,2018-08-07T04:55:00,183,1208.61,1207.97,1.5,0.6,stop_loss,False,-0.6399999999998727,30.0,False,5.0,-0.7111111111109697,-1.0999999999998586,-1.155555555555414,0.3967835794698787,legacy_drawdown;legacy_rolling_pf,4.581978551218915,-5.0401764063401595,824.8430609633327,819.8028845569926,False,S0_000054,0
SECONDARY_W0_2018_2020,S0,211066,211127,2018-08-07T04:59:00,2018-08-07T06:00:00,2018-08-07T04:59:00,2018-08-07T06:00:00,186,1208.41,1209.91,1.5,0.6,take_profit,False,1.5,30.0,False,5.0,1.6666666666666667,1.277777777777778,1.2222222222222225,0.3922090672790489,legacy_drawdown;legacy_rolling_pf,4.501477745866806,5.751888230829809,819.8028845569926,825.5547727878223,True,S0_000055,0
SECONDARY_W0_2018_2020,S0,212328,212340,2018-08-08T03:02:00,2018-08-08T03:14:00,2018-08-08T03:02:00,2018-08-08T03:14:00,187,1212.65,1212.01,1.5,0.6,stop_loss,False,-0.6400000000001,30.0,False,5.0,-0.7111111111112224,-1.1000000000001113,-1.1555555555556667,0.39742953591167895,legacy_drawdown;legacy_rolling_pf,4.593397903062302,-5.0527376933690435,825.5547727878223,820.5020350944533,False,S0_000056,0
SECONDARY_W0_2018_2020,S0,212387,212418,2018-08-08T04:01:00,2018-08-08T04:32:00,2018-08-08T04:01:00,2018-08-08T04:32:00,188,1211.17,1212.75,1.5,0.6,take_profit,False,1.5799999999999272,30.0,False,5.0,1.755555555555475,1.3666666666665859,1.3111111111110305,0.3928436229769042,legacy_drawdown;legacy_rolling_pf,4.5126058897699926,6.167228049351959,820.5020350944533,826.6692631438052,True,S0_000057,0
SECONDARY_W0_2018_2020,S0,213707,213797,2018-08-09T03:02:00,2018-08-09T04:32:00,2018-08-09T03:02:00,2018-08-09T04:32:00,191,1213.37,1213.19,1.5,0.6,timeout,False,-0.1799999999998363,30.0,False,5.0,-0.19999999999981813,-0.5888888888887072,-0.6444444444442626,0.3984410579912619,legacy_drawdown;legacy_rolling_pf,4.611305661422246,-2.715546667281151,826.6692631438052,823.953716476524,False,S0_000058,0
SECONDARY_W0_2018_2020,S0,216518,216549,2018-08-13T04:01:00,2018-08-13T04:32:00,2018-08-13T04:01:00,2018-08-13T04:32:00,194,1209.4,1208.53,1.5,0.6,stop_loss,False,-0.8700000000001182,30.0,False,5.0,-0.9666666666667981,-1.355555555555687,-1.4111111111112424,0.39597640192910133,legacy_drawdown;legacy_rolling_pf,4.567727192090788,-6.191807971501447,823.953716476524,817.7619085050226,False,S0_000059,0
SECONDARY_W0_2018_2020,S0,217836,217896,2018-08-14T03:02:00,2018-08-14T04:02:00,2018-08-14T03:02:00,2018-08-14T04:02:00,199,1192.44,1194.13,1.5,0.6,take_profit,False,1.6900000000000546,30.0,False,5.0,1.8777777777778386,1.4888888888889495,1.4333333333333942,0.39035665794290275,legacy_drawdown;legacy_rolling_pf,4.469063278358425,6.653938658889483,817.7619085050226,824.4158471639121,True,S0_000060,0
SECONDARY_W0_2018_2020,S0,217919,217937,2018-08-14T04:25:00,2018-08-14T04:43:00,2018-08-14T04:25:00,2018-08-14T04:43:00,201,1193.33,1195.16,1.5,0.6,take_profit,False,1.8300000000001546,30.0,False,5.0,2.0333333333335055,1.6444444444446162,1.5888888888890609,0.3963958361498072,legacy_drawdown;legacy_rolling_pf,4.575130127003669,7.523547319962375,824.4158471639121,831.9393944838745,True,S0_000061,0
SECONDARY_W0_2018_2020,S0,219160,219199,2018-08-15T02:14:00,2018-08-15T02:53:00,2018-08-15T02:14:00,2018-08-15T02:53:00,203,1194.05,1193.39,1.5,0.6,stop_loss,False,-0.6599999999998545,30.0,False,5.0,-0.7333333333331717,-1.1222222222220608,-1.1777777777776162,0.4032242794737668,legacy_drawdown;legacy_rolling_pf,4.69641428069243,-5.27042047055408,831.9393944838745,826.6689740133204,False,S0_000062,0
SECONDARY_W0_2018_2020,S0,219203,219231,2018-08-15T02:57:00,2018-08-15T03:25:00,2018-08-15T02:57:00,2018-08-15T03:25:00,204,1193.75,1193.03,1.5,0.6,stop_loss,False,-0.7200000000000273,30.0,False,5.0,-0.8000000000000304,-1.1888888888889195,-1.2444444444444749,0.39844079557367545,legacy_drawdown;legacy_rolling_pf,4.61130101154718,-5.482324535950678,826.6689740133204,821.1866494773698,False,S0_000063,0
SECONDARY_W0_2018_2020,S0,219232,219265,2018-08-15T03:26:00,2018-08-15T03:59:00,2018-08-15T03:26:00,2018-08-15T03:59:00,204,1193.19,1192.35,1.5,0.6,stop_loss,False,-0.8400000000001455,30.0,False,5.0,-0.9333333333334951,-1.322222222222384,-1.3777777777779394,0.3934649855222171,legacy_drawdown;legacy_rolling_pf,4.523514704067118,-5.981091664267255,821.1866494773698,815.2055578131025,False,S0_000064,1
SECONDARY_W0_2018_2020,S0,220634,220636,2018-08-16T03:50:00,2018-08-16T03:52:00,2018-08-16T03:50:00,2018-08-16T03:52:00,209,1162.04,1163.63,1.5627857142857076,1.923428571428563,take_profit,False,1.5900000000001455,30.0,False,5.0,0.715111796453422,0.5576972500643184,0.535209457723018,0.21342006931671031,legacy_drawdown;legacy_loss_streak;legacy_rolling_pf,2.4357371731817574,1.3584039233629024,815.2055578131025,816.5639617364653,True,S0_000065,0
SECONDARY_W0_2018_2020,S0,220639,220646,2018-08-16T03:55:00,2018-08-16T04:02:00,2018-08-16T03:55:00,2018-08-16T04:02:00,209,1165.14,1167.22,1.7995714285714177,2.2148571428571295,take_profit,False,2.0799999999999272,30.0,False,5.0,0.827084753465097,0.6879118382185614,0.6680299931833421,0.3892693900270741,legacy_drawdown;legacy_rolling_pf,4.450086974245429,3.061267510685649,816.5639617364653,819.625229247151,True,S0_000066,1
SECONDARY_W0_2018_2020,S0,239525,239585,2018-09-05T02:05:00,2018-09-05T03:13:00,2018-09-05T02:05:00,2018-09-05T03:13:00,210,1191.99,1191.31,1.5,0.6,stop_loss,False,-0.6800000000000637,30.0,False,5.0,-0.7555555555556264,-1.1444444444445154,-1.2000000000000708,0.3920478256249645,legacy_drawdown;legacy_rolling_pf,4.49865204535192,-5.148457340791961,819.625229247151,814.476771906359,False,S0_000067,0
SECONDARY_W0_2018_2020,S0,239586,239651,2018-09-05T03:14:00,2018-09-05T04:19:00,2018-09-05T03:14:00,2018-09-05T04:19:00,219,1191.21,1192.73,1.5,0.6,take_profit,False,1.5199999999999818,30.0,False,5.0,1.688888888888869,1.2999999999999798,1.2444444444444245,0.3873750366250014,legacy_drawdown;legacy_rolling_pf,4.417111570864142,5.742245042123296,814.476771906359,820.2190169484822,True,S0_000068,0
SECONDARY_W0_2018_2020,S0,243706,243708,2018-09-10T03:26:00,2018-09-10T03:28:00,2018-09-10T03:26:00,2018-09-10T03:28:00,221,1195.09,1194.29,1.5,0.6,stop_loss,False,-0.7999999999999545,30.0,False,5.0,-0.8888888888888384,-1.2777777777777275,-1.3333333333332829,0.3925867530075632,legacy_drawdown;legacy_rolling_pf,4.508099688664041,-5.760349602181604,820.2190169484822,814.4586673463007,False,S0_000069,0
SECONDARY_W0_2018_2020,S0,245103,245141,2018-09-11T04:04:00,2018-09-11T04:42:00,2018-09-11T04:04:00,2018-09-11T04:42:00,222,1194.37,1193.76,1.5,0.6,stop_loss,False,-0.6099999999999,30.0,False,5.0,-0.6777777777776667,-1.0666666666665556,-1.122222222222111,0.38735860475357076,legacy_drawdown;legacy_rolling_pf,4.416826022178019,-4.711281090322729,814.4586673463007,809.747386255978,False,S0_000070,0
SECONDARY_W0_2018_2020,S0,245147,245200,2018-09-11T04:48:00,2018-09-11T05:41:00,2018-09-11T04:48:00,2018-09-11T05:41:00,230,1193.76,1193.11,1.5,0.6,stop_loss,False,-0.650000000000091,30.0,False,5.0,-0.7222222222223234,-1.1111111111112124,-1.1666666666667678,0.38308260108929504,legacy_drawdown;legacy_rolling_pf,4.342801889330773,-4.825335432590188,809.747386255978,804.9220508233877,False,S0_000071,0
SECONDARY_W0_2018_2020,S0,250486,250524,2018-09-17T02:21:00,2018-09-17T03:02:00,2018-09-17T02:21:00,2018-09-17T03:02:00,231,1193.59,1192.89,1.5,0.6,stop_loss,False,-0.6999999999998181,30.0,False,5.0,-0.7777777777775757,-1.1666666666664647,-1.22222222222202,0.20828669433873,legacy_drawdown;legacy_loss_streak;legacy_rolling_pf,2.3471637443289652,-2.738357701716652,804.9220508233877,802.1836931216711,False,S0_000072,0
SECONDARY_W0_2018_2020,S0,253154,253189,2018-09-19T01:03:00,2018-09-19T01:38:00,2018-09-19T01:03:00,2018-09-19T01:38:00,242,1197.78,1199.29,1.5,0.6,take_profit,False,1.509999999999991,30.0,False,5.0,1.6777777777777678,1.2888888888888788,1.2333333333333234,0.20691974657267992,legacy_drawdown;legacy_loss_streak;legacy_rolling_pf,2.3238270507966168,2.9951548654711715,802.1836931216711,805.1788479871423,True,S0_000073,0
SECONDARY_W0_2018_2020,S0,253331,253421,2018-09-19T04:01:00,2018-09-19T05:31:00,2018-09-19T04:01:00,2018-09-19T05:31:00,243,1198.35,1199.54,1.5,0.6,timeout,False,1.1900000000000546,30.0,False,5.0,1.322222222222283,0.933333333333394,0.8777777777778385,0.3789361521716,legacy_drawdown;legacy_rolling_pf,4.271559242526931,3.9867886263587278,805.1788479871423,809.165636613501,True,S0_000074,0
SECONDARY_W0_2018_2020,S0,257319,257333,2018-09-24T02:01:00,2018-09-24T02:16:00,2018-09-24T02:01:00,2018-09-24T02:16:00,247,1197.65,1196.97,1.5,0.6,stop_loss,False,-0.6800000000000637,30.0,False,5.0,-0.7555555555556264,-1.1444444444445154,-1.2000000000000708,0.38255459956375826,legacy_drawdown;legacy_rolling_pf,4.333700505336039,-4.959679467218219,809.165636613501,804.2059571462828,False,S0_000075,0
SECONDARY_W0_2018_2020,S0,257358,257394,2018-09-24T02:41:00,2018-09-24T03:18:00,2018-09-24T02:41:00,2018-09-24T03:18:00,251,1197.85,1197.07,1.5,0.6,stop_loss,False,-0.7799999999999727,30.0,False,5.0,-0.8666666666666364,-1.2555555555555256,-1.311111111111081,0.3780531471628349,legacy_drawdown;legacy_rolling_pf,4.25645630292753,-5.344217358119994,804.2059571462828,798.8617397881628,False,S0_000076,0
SECONDARY_W0_2018_2020,S0,257396,257400,2018-09-24T03:20:00,2018-09-24T03:24:00,2018-09-24T03:20:00,2018-09-24T03:24:00,252,1197.29,1196.68,1.5,0.6,stop_loss,False,-0.6099999999999,30.0,False,5.0,-0.6777777777776667,-1.0666666666665556,-1.122222222222111,0.37320268450354954,legacy_drawdown;legacy_rolling_pf,4.173922841705658,-4.452184364485572,798.8617397881628,794.4095554236773,False,S0_000077,0
SECONDARY_W0_2018_2020,S0,258761,258777,2018-09-25T03:16:00,2018-09-25T03:32:00,2018-09-25T03:16:00,2018-09-25T03:32:00,253,1198.92,1198.25,1.5,0.6,stop_loss,False,-0.6700000000000728,30.0,False,5.0,-0.7444444444445254,-1.1333333333334144,-1.1888888888889697,0.2030390117247171,legacy_drawdown;legacy_loss_streak;legacy_rolling_pf,2.2581458345305343,-2.559231945801455,794.4095554236773,791.8503234778758,False,S0_000078,0
SECONDARY_W0_2018_2020,S0,260147,260155,2018-09-26T03:28:00,2018-09-26T03:38:00,2018-09-26T03:28:00,2018-09-26T03:38:00,258,1201.14,1200.35,1.5,0.6,stop_loss,False,-0.790000000000191,30.0,False,5.0,-0.87777777777799,-1.266666666666879,-1.3222222222224345,0.20176148089340007,legacy_drawdown;legacy_loss_streak;legacy_rolling_pf,2.236708514751397,-2.8331641186855783,791.8503234778758,789.0171593591903,False,S0_000079,0
SECONDARY_W0_2018_2020,S0,265486,265576,2018-10-02T01:04:00,2018-10-02T02:53:00,2018-10-02T01:04:00,2018-10-02T02:53:00,264,1188.75,1188.92,1.5,0.6,timeout,False,0.17000000000007276,30.0,False,5.0,0.18888888888896976,-0.19999999999991921,-0.25555555555547477,0.20034720716266619,legacy_drawdown;legacy_loss_streak;legacy_rolling_pf,2.2130833799344773,-0.44261667598671667,789.0171593591903,788.5745426832035,False,S0_000080,0
SECONDARY_W0_2018_2020,S0,268314,268404,2018-10-04T03:02:00,2018-10-04T04:32:00,2018-10-04T03:02:00,2018-10-04T04:32:00,266,1197.85,1198.15,1.5,0.6,timeout,False,0.3000000000001819,30.0,False,5.0,0.3333333333335355,-0.055555555555353485,-0.11111111111090903,0.2001262594478817,legacy_drawdown;legacy_loss_streak;legacy_rolling_pf,2.2094026293221884,-0.1227445905174529,788.5745426832035,788.4517980926861,False,S0_000081,0
SECONDARY_W0_2018_2020,S0,273672,273762,2018-10-10T01:55:00,2018-10-10T03:32:00,2018-10-10T01:55:00,2018-10-10T03:32:00,267,1189.35,1189.89,1.5,0.6,timeout,False,0.540000000000191,30.0,False,5.0,0.6000000000002123,0.2111111111113233,0.15555555555576775,0.20006498715913096,legacy_drawdown;legacy_loss_streak;legacy_rolling_pf,2.2083823840540977,0.46621405885633366,788.4517980926861,788.9180121515424,True,S0_000082,0
SECONDARY_W0_2018_2020,S0,304012,304056,2018-11-09T04:53:00,2018-11-09T05:37:00,2018-11-09T04:53:00,2018-11-09T05:37:00,268,1220.59,1219.91,1.5,0.6,stop_loss,False,-0.6799999999998363,30.0,False,5.0,-0.7555555555553737,-1.1444444444442627,-1.199999999999818,0.36417766243511746,legacy_drawdown;legacy_rolling_pf,4.022288445256316,-4.6032856651259415,788.9180121515424,784.3147264864165,False,S0_000083,0
SECONDARY_W0_2018_2020,S0,305288,305322,2018-11-12T03:13:00,2018-11-12T03:47:00,2018-11-12T03:13:00,2018-11-12T03:47:00,269,1209.51,1211.2,1.5,0.6,take_profit,False,1.6900000000000546,30.0,False,5.0,1.8777777777778386,1.4888888888889495,1.4333333333333942,0.35999967644905145,legacy_drawdown;legacy_rolling_pf,3.952942668770707,5.885492417947737,784.3147264864165,790.2002189043642,True,S0_000084,0
SECONDARY_W0_2018_2020,S0,305351,305430,2018-11-12T04:16:00,2018-11-12T05:35:00,2018-11-12T04:16:00,2018-11-12T05:35:00,271,1210.79,1210.13,1.5,0.6,stop_loss,False,-0.6599999999998545,30.0,False,5.0,-0.7333333333331717,-1.1222222222220608,-1.1777777777776162,0.36534140551652416,legacy_drawdown;legacy_rolling_pf,4.041700020595797,-4.535685578667964,790.2002189043642,785.6645333256962,False,S0_000085,0
SECONDARY_W0_2018_2020,S0,306732,306822,2018-11-13T04:26:00,2018-11-13T05:56:00,2018-11-13T04:26:00,2018-11-13T05:56:00,278,1203.81,1204.9,1.5,0.6,timeout,False,1.0900000000001455,30.0,False,5.0,1.211111111111273,0.822222222222384,0.7666666666668284,0.36122477401384756,legacy_drawdown;legacy_rolling_pf,3.9732209090177744,3.266870525193035,785.6645333256962,788.9314038508892,True,S0_000086,0
SECONDARY_W0_2018_2020,S0,308101,308191,2018-11-14T04:28:00,2018-11-14T05:58:00,2018-11-14T04:28:00,2018-11-14T05:58:00,280,1203.18,1203.73,1.5,0.6,timeout,False,0.5499999999999545,30.0,False,5.0,0.6111111111110606,0.22222222222217167,0.16666666666661614,0.36418981686920454,legacy_drawdown;legacy_rolling_pf,4.022490968871477,0.8938868819712359,788.9314038508892,789.8252907328604,True,S0_000087,0
SECONDARY_W0_2018_2020,S0,321288,321378,2018-11-28T03:18:00,2018-11-28T04:50:00,2018-11-28T03:18:00,2018-11-28T04:50:00,283,1214.34,1215.02,1.5,0.6,timeout,False,0.6800000000000637,30.0,False,5.0,0.7555555555556264,0.3666666666667374,0.31111111111118184,0.3650011171311668,legacy_drawdown;legacy_rolling_pf,4.036019588383197,1.4798738490741243,789.8252907328604,791.3051645819345,True,S0_000088,0
SECONDARY_W0_2018_2020,S0,321383,321438,2018-11-28T04:55:00,2018-11-28T05:51:00,2018-11-28T04:55:00,2018-11-28T05:51:00,289,1214.92,1214.27,1.5,0.6,stop_loss,False,-0.650000000000091,30.0,False,5.0,-0.7222222222223234,-1.1111111111112124,-1.1666666666667678,0.36634426475492143,legacy_drawdown;legacy_rolling_pf,4.058461522017573,-4.509401691131047,791.3051645819345,786.7957628908034,False,S0_000089,0
SECONDARY_W0_2018_2020,S0,337887,337977,2018-12-14T04:54:00,2018-12-14T06:24:00,2018-12-14T04:54:00,2018-12-14T06:24:00,292,1241.97,1241.63,1.5,0.6,timeout,False,-0.33999999999991815,30.0,False,5.0,-0.37777777777768684,-0.7666666666665759,-0.8222222222221314,0.3622514887593276,legacy_drawdown;legacy_rolling_pf,3.9902511103941425,-3.0591925179684805,786.7957628908034,783.736570372835,False,S0_000090,0
SECONDARY_W0_2018_2020,S0,368163,368191,2019-01-18T08:51:00,2019-01-18T09:19:00,2019-01-18T08:51:00,2019-01-18T09:19:00,312,1291.69,1290.99,1.5,0.6,stop_loss,False,-0.7000000000000455,30.0,False,5.0,-0.7777777777778284,-1.1666666666667174,-1.2222222222222727,0.35947493644462336,legacy_drawdown;legacy_rolling_pf,3.9442711535374273,-4.601649679127198,783.736570372835,779.1349206937078,False,S0_000091,0
SECONDARY_W0_2018_2020,S0,370357,370386,2019-01-22T03:32:00,2019-01-22T04:01:00,2019-01-22T03:32:00,2019-01-22T04:01:00,313,1279.24,1278.62,1.5,0.6,stop_loss,False,-0.6200000000001182,30.0,False,5.0,-0.6888888888890203,-1.0777777777779094,-1.1333333333334648,0.19541413941228158,legacy_drawdown;legacy_loss_streak;legacy_rolling_pf,2.1315557201878406,-2.297343387313842,779.1349206937078,776.837577306394,False,S0_000092,0
SECONDARY_W0_2018_2020,S0,388327,388342,2019-02-08T04:51:00,2019-02-08T05:06:00,2019-02-08T04:51:00,2019-02-08T05:06:00,315,1309.97,1309.34,1.5,0.6,stop_loss,False,-0.6300000000001091,30.0,False,5.0,-0.7000000000001213,-1.0888888888890103,-1.1444444444445658,0.1942673394857526,legacy_drawdown;legacy_loss_streak;legacy_rolling_pf,2.1127983709821914,-2.300602670625309,776.837577306394,774.5369746357687,False,S0_000093,0
SECONDARY_W0_2018_2020,S0,392425,392515,2019-02-13T04:26:00,2019-02-13T05:56:00,2019-02-13T04:26:00,2019-02-13T05:56:00,317,1312.19,1312.85,1.5,0.6,timeout,False,0.6599999999998545,30.0,False,5.0,0.7333333333331717,0.34444444444428274,0.2888888888887272,0.19311891257307834,legacy_drawdown;legacy_loss_streak;legacy_rolling_pf,2.0940883360502225,0.7212970935280714,774.5369746357687,775.2582717292968,True,S0_000094,0
SECONDARY_W0_2018_2020,S0,392646,392712,2019-02-13T08:07:00,2019-02-13T09:13:00,2019-02-13T08:07:00,2019-02-13T09:13:00,318,1313.39,1312.58,1.5,0.6,stop_loss,False,-0.8100000000001728,30.0,False,5.0,-0.9000000000001921,-1.288888888889081,-1.3444444444446364,0.3517799517108404,legacy_drawdown;legacy_rolling_pf,3.818084443493063,-4.921086616058459,775.2582717292968,770.3371851132383,False,S0_000095,0
SECONDARY_W0_2018_2020,S0,397668,397758,2019-02-19T04:18:00,2019-02-19T05:48:00,2019-02-19T04:18:00,2019-02-19T05:48:00,332,1324.99,1324.97,1.5,0.6,timeout,False,-0.01999999999998181,30.0,False,5.0,-0.022222222222202014,-0.411111111111091,-0.4666666666666465,0.3473135265498142,legacy_drawdown;legacy_rolling_pf,3.7456793415179015,-1.5398903959572843,770.3371851132383,768.797294717281,False,S0_000096,0
SECONDARY_W0_2018_2020,S0,416966,417056,2019-03-11T04:02:00,2019-03-11T05:32:00,2019-03-11T04:02:00,2019-03-11T05:32:00,333,1296.13,1296.89,1.5,0.6,timeout,False,0.7599999999999909,30.0,False,5.0,0.8444444444444344,0.45555555555554544,0.3999999999999899,0.3459159073355368,legacy_drawdown;legacy_rolling_pf,3.723148992629281,1.6961012077533015,768.797294717281,770.4933959250343,True,S0_000097,0
SECONDARY_W0_2018_2020,S0,417226,417246,2019-03-11T08:23:00,2019-03-11T08:43:00,2019-03-11T08:23:00,2019-03-11T08:43:00,336,1298.74,1298.13,1.5,0.6,stop_loss,False,-0.6099999999999,30.0,False,5.0,-0.6777777777776667,-1.0666666666665556,-1.122222222222111,0.347455304972887,legacy_drawdown;legacy_rolling_pf,3.7479682500501945,-3.9978328000531245,770.4933959250343,766.4955631249811,False,S0_000098,0
SECONDARY_W0_2018_2020,S0,418338,418406,2019-03-12T04:01:00,2019-03-12T05:09:00,2019-03-12T04:01:00,2019-03-12T05:09:00,338,1294.7,1296.31,1.5,0.6,take_profit,False,1.6099999999999,30.0,False,5.0,1.788888888888778,1.3999999999998889,1.3444444444443335,0.3438268337833197,legacy_drawdown;legacy_rolling_pf,3.6895843960951487,5.165418154532798,766.4955631249811,771.6609812795139,True,S0_000099,0
SECONDARY_W0_2018_2020,S0,419713,419746,2019-03-13T04:07:00,2019-03-13T04:40:00,2019-03-13T04:07:00,2019-03-13T04:40:00,342,1304.19,1305.73,1.5,0.6,take_profit,False,1.5399999999999636,30.0,False,5.0,1.7111111111110708,1.3222222222221818,1.2666666666666264,0.3485150165796439,legacy_drawdown;legacy_rolling_pf,3.7650961555829165,4.978293805715038,771.6609812795139,776.6392750852289,True,S0_000100,0
SECONDARY_W0_2018_2020,S0,419762,419809,2019-03-13T04:56:00,2019-03-13T05:43:00,2019-03-13T04:56:00,2019-03-13T05:43:00,346,1305.21,1304.61,1.5,0.6,stop_loss,False,-0.6000000000001364,30.0,False,5.0,-0.6666666666668183,-1.0555555555557072,-1.1111111111112626,0.35303336353177206,legacy_drawdown;legacy_rolling_pf,3.8385140574790175,-4.051764838450656,776.6392750852289,772.5875102467782,False,S0_000101,0
SECONDARY_W0_2018_2020,S0,423851,423941,2019-03-18T04:21:00,2019-03-18T05:51:00,2019-03-18T04:21:00,2019-03-18T05:51:00,349,1298.93,1299.45,1.5,0.6,timeout,False,0.5199999999999818,30.0,False,5.0,0.5777777777777576,0.18888888888886865,0.1333333333333131,0.3493559431096312,legacy_drawdown;legacy_rolling_pf,3.77871253587779,0.713756812332395,772.5875102467782,773.3012670591105,True,S0_000102,0
SECONDARY_W0_2018_2020,S0,425210,425246,2019-03-19T04:01:00,2019-03-19T04:37:00,2019-03-19T04:01:00,2019-03-19T04:37:00,350,1305.84,1307.42,1.5,0.6,take_profit,False,1.5800000000001546,30.0,False,5.0,1.7555555555557276,1.3666666666668386,1.3111111111112832,0.3500037556019072,legacy_drawdown;legacy_rolling_pf,3.789216867553629,5.178596385657277,773.3012670591105,778.4798634447678,True,S0_000103,0
SECONDARY_W0_2018_2020,S0,425250,425340,2019-03-19T04:41:00,2019-03-19T06:11:00,2019-03-19T04:41:00,2019-03-19T06:11:00,351,1307.31,1307.35,1.5,0.6,timeout,False,0.03999999999996362,30.0,False,5.0,0.04444444444440403,-0.34444444444448497,-0.4000000000000405,0.35470389908652344,legacy_drawdown;legacy_rolling_pf,3.8658178009388484,-1.3315594647679823,778.4798634447678,777.1483039799998,False,S0_000104,0
SECONDARY_W0_2018_2020,S0,426588,426603,2019-03-20T04:09:00,2019-03-20T04:24:00,2019-03-20T04:09:00,2019-03-20T04:24:00,366,1304.91,1304.3,1.5,0.6,stop_loss,False,-0.6100000000001273,30.0,False,5.0,-0.6777777777779194,-1.0666666666668083,-1.1222222222223637,0.3534953630129183,legacy_drawdown;legacy_rolling_pf,3.8460565056239733,-4.102460272666116,777.1483039799998,773.0458437073337,False,S0_000105,0
SECONDARY_W0_2018_2020,S0,426604,426694,2019-03-20T04:25:00,2019-03-20T05:55:00,2019-03-20T04:25:00,2019-03-20T05:55:00,369,1304.4,1304.7,1.5,0.6,timeout,False,0.2999999999999545,30.0,False,5.0,0.33333333333328286,-0.05555555555560612,-0.11111111111116168,0.3497719309310374,legacy_drawdown;legacy_rolling_pf,3.785456324324179,-0.21030312912931248,773.0458437073337,772.8355405782044,False,S0_000106,0
SECONDARY_W0_2018_2020,S0,426840,426866,2019-03-20T08:26:00,2019-03-20T08:52:00,2019-03-20T08:26:00,2019-03-20T08:52:00,372,1305.9,1305.3,1.5,0.6,stop_loss,False,-0.6000000000001364,30.0,False,5.0,-0.6666666666668183,-1.0555555555557072,-1.1111111111112626,0.1922695817925848,legacy_drawdown;legacy_loss_streak;legacy_rolling_pf,2.0802987265398456,-2.195870878014597,772.8355405782044,770.6396697001898,False,S0_000107,0
SECONDARY_W0_2018_2020,S0,440241,440247,2019-04-03T03:36:00,2019-04-03T03:42:00,2019-04-03T03:36:00,2019-04-03T03:42:00,375,1291.9,1291.22,1.5,0.6,stop_loss,False,-0.6800000000000637,30.0,False,5.0,-0.7555555555556264,-1.1444444444445154,-1.2000000000000708,0.19117343544568685,legacy_drawdown;legacy_loss_streak;legacy_rolling_pf,2.062561664062405,-2.3604872377604544,770.6396697001898,768.2791824624293,False,S0_000108,0
SECONDARY_W0_2018_2020,S0,441583,441644,2019-04-04T03:02:00,2019-04-04T04:03:00,2019-04-04T03:02:00,2019-04-04T04:03:00,376,1292.05,1291.25,1.5,0.6,stop_loss,False,-0.7999999999999545,30.0,False,5.0,-0.8888888888888384,-1.2777777777777275,-1.3333333333332829,0.1899951150405682,legacy_drawdown;legacy_loss_streak;legacy_rolling_pf,2.043570083173121,-2.6112284396099965,768.2791824624293,765.6679540228192,False,S0_000109,0
SECONDARY_W0_2018_2020,S0,443020,443033,2019-04-05T04:04:00,2019-04-05T04:17:00,2019-04-05T04:04:00,2019-04-05T04:17:00,378,1291.72,1291.12,1.5,0.6,stop_loss,False,-0.6000000000001364,30.0,False,5.0,-0.6666666666668183,-1.0555555555557072,-1.1111111111112626,0.18869162832663963,legacy_drawdown;legacy_loss_streak;legacy_rolling_pf,2.022651862029294,-2.135021409920117,765.6679540228192,763.5329326128991,False,S0_000110,0
SECONDARY_W0_2018_2020,S0,444329,444383,2019-04-08T03:01:00,2019-04-08T03:55:00,2019-04-08T03:01:00,2019-04-08T03:55:00,380,1291.79,1293.33,1.5,0.6,take_profit,False,1.5399999999999636,30.0,False,5.0,1.7111111111110708,1.3222222222221818,1.2666666666666264,0.1876258571365099,legacy_drawdown;legacy_loss_streak;legacy_rolling_pf,2.0056192930682752,2.6518743986124163,763.5329326128991,766.1848070115116,True,S0_000111,0
SECONDARY_W0_2018_2020,S0,444412,444429,2019-04-08T04:24:00,2019-04-08T04:41:00,2019-04-08T04:24:00,2019-04-08T04:41:00,386,1293.62,1295.59,1.5,0.6,take_profit,False,1.9700000000000273,30.0,False,5.0,2.1888888888889193,1.8000000000000305,1.744444444444475,0.34354478857005033,legacy_drawdown;legacy_rolling_pf,3.685063165424964,6.633113697765047,766.1848070115116,772.8179207092766,True,S0_000112,0
SECONDARY_W0_2018_2020,S0,445709,445720,2019-04-09T03:02:00,2019-04-09T03:13:00,2019-04-09T03:02:00,2019-04-09T03:13:00,387,1298.34,1297.73,1.5,0.6,stop_loss,False,-0.6099999999999,30.0,False,5.0,-0.6777777777776667,-1.0666666666665556,-1.122222222222111,0.3495650658435633,legacy_drawdown;legacy_rolling_pf,3.782102062729535,-4.034242200244417,772.8179207092766,768.7836785090321,False,S0_000113,0
SECONDARY_W0_2018_2020,S0,445723,445727,2019-04-09T03:16:00,2019-04-09T03:20:00,2019-04-09T03:16:00,2019-04-09T03:20:00,387,1297.45,1296.85,1.5,0.6,stop_loss,False,-0.6000000000001364,30.0,False,5.0,-0.6666666666668183,-1.0555555555557072,-1.1111111111112626,0.3459035491350284,legacy_drawdown;legacy_rolling_pf,3.7229500407869964,-3.929780598609061,768.7836785090321,764.853897910423,False,S0_000114,1
SECONDARY_W0_2018_2020,S0,445732,445754,2019-04-09T03:25:00,2019-04-09T03:47:00,2019-04-09T03:25:00,2019-04-09T03:47:00,388,1296.86,1298.39,1.5,0.6,take_profit,False,1.5300000000002,30.0,False,5.0,1.7000000000002224,1.3111111111113334,1.255555555555778,0.34233684277272525,legacy_drawdown;legacy_rolling_pf,3.6657273603029314,4.806175872397992,764.853897910423,769.660073782821,True,S0_000115,0
SECONDARY_W0_2018_2020,S0,452659,452674,2019-04-16T04:01:00,2019-04-16T04:16:00,2019-04-16T04:01:00,2019-04-16T04:16:00,389,1286.83,1286.2,1.5,0.6,stop_loss,False,-0.6299999999998818,30.0,False,5.0,-0.6999999999998687,-1.0888888888887578,-1.1444444444443131,0.34669897384653037,legacy_drawdown;legacy_rolling_pf,3.7357650090760846,-4.067833009882358,769.660073782821,765.5922407729386,False,S0_000116,0
SECONDARY_W0_2018_2020,S0,456810,456846,2019-04-22T04:19:00,2019-04-22T04:55:00,2019-04-22T04:19:00,2019-04-22T04:55:00,390,1276.23,1277.83,1.5,0.6,take_profit,False,1.599999999999909,30.0,False,5.0,1.7777777777776769,1.3888888888887878,1.3333333333332325,0.34300696979870415,legacy_drawdown;legacy_rolling_pf,3.676448644524958,5.106178672950959,765.5922407729386,770.6984194458895,True,S0_000117,0
SECONDARY_W0_2018_2020,S0,458108,458123,2019-04-23T03:01:00,2019-04-23T03:16:00,2019-04-23T03:01:00,2019-04-23T03:16:00,399,1274.37,1273.62,1.5,0.6,stop_loss,False,-0.75,30.0,False,5.0,-0.8333333333333334,-1.2222222222222225,-1.277777777777778,0.34764138627638647,legacy_drawdown;legacy_rolling_pf,3.750973337120646,-4.584522967591902,770.6984194458895,766.1138964782976,False,S0_000118,0
SECONDARY_W0_2018_2020,S0,458129,458166,2019-04-23T03:22:00,2019-04-23T03:59:00,2019-04-23T03:22:00,2019-04-23T03:59:00,399,1273.89,1275.68,1.5,0.6,take_profit,False,1.7899999999999636,30.0,False,5.0,1.9888888888888487,1.5999999999999597,1.5444444444444043,0.34348042949360263,legacy_drawdown;legacy_rolling_pf,3.684031822847363,5.894450916555632,766.1138964782976,772.0083473948533,True,S0_000119,1
SECONDARY_W0_2018_2020,S0,458172,458262,2019-04-23T04:05:00,2019-04-23T05:35:00,2019-04-23T04:05:00,2019-04-23T05:35:00,401,1275.38,1275.09,1.5,0.6,timeout,False,-0.290000000000191,30.0,False,5.0,-0.32222222222243446,-0.7111111111113235,-0.766666666666879,0.34883028937987814,legacy_drawdown;legacy_rolling_pf,3.770198533155994,-2.681030068022841,772.0083473948533,769.3273173268304,False,S0_000120,0
SECONDARY_W0_2018_2020,S0,459486,459528,2019-04-24T03:01:00,2019-04-24T03:43:00,2019-04-24T03:01:00,2019-04-24T03:43:00,408,1271.59,1270.85,1.5,0.6,stop_loss,False,-0.7400000000000091,30.0,False,5.0,-0.8222222222222324,-1.2111111111111215,-1.2666666666666768,0.3463969609125007,legacy_drawdown;legacy_rolling_pf,3.730897025365736,-4.518530841831875,769.3273173268304,764.8087864849986,False,S0_000121,0
SECONDARY_W0_2018_2020,S0,459529,459545,2019-04-24T03:44:00,2019-04-24T04:00:00,2019-04-24T03:44:00,2019-04-24T04:00:00,410,1270.95,1270.26,1.5,0.6,stop_loss,False,-0.6900000000000546,30.0,False,5.0,-0.7666666666667273,-1.1555555555556165,-1.2111111111111719,0.3422958992126366,legacy_drawdown;legacy_rolling_pf,3.6650727581385114,-4.235195187182503,764.8087864849986,760.573591297816,False,S0_000122,0
SECONDARY_W0_2018_2020,S0,460745,460766,2019-04-25T01:01:00,2019-04-25T01:22:00,2019-04-25T01:01:00,2019-04-25T01:22:00,413,1275.57,1274.89,1.5,0.6,stop_loss,False,-0.6799999999998363,30.0,False,5.0,-0.7555555555553737,-1.1444444444442627,-1.199999999999818,0.18614859761081065,legacy_drawdown;legacy_loss_streak;legacy_rolling_pf,1.9821159035986886,-2.268421534118139,760.573591297816,758.3051697636979,False,S0_000123,0
SECONDARY_W0_2018_2020,S0,460886,460976,2019-04-25T03:22:00,2019-04-25T04:52:00,2019-04-25T03:22:00,2019-04-25T04:52:00,420,1273.76,1274.33,1.5,0.6,timeout,False,0.5699999999999363,30.0,False,5.0,0.6333333333332627,0.2444444444443737,0.18888888888881813,0.18501623504671647,legacy_drawdown;legacy_loss_streak;legacy_rolling_pf,1.964182745365968,0.4801335599782087,758.3051697636979,758.7853033236761,True,S0_000124,0
SECONDARY_W0_2018_2020,S0,460977,461008,2019-04-25T04:53:00,2019-04-25T05:24:00,2019-04-25T04:53:00,2019-04-25T05:24:00,431,1274.33,1276.13,1.5,0.6,take_profit,False,1.800000000000182,30.0,False,5.0,2.0000000000002025,1.6111111111113132,1.5555555555557579,0.3368289284300138,legacy_drawdown;legacy_rolling_pf,3.578131768777395,5.764767849697638,758.7853033236761,764.5500711733737,True,S0_000125,0
SECONDARY_W0_2018_2020,S0,462241,462263,2019-04-26T02:58:00,2019-04-26T03:20:00,2019-04-26T02:58:00,2019-04-26T03:20:00,433,1278.59,1277.95,1.5,0.6,stop_loss,False,-0.6399999999998727,30.0,False,5.0,-0.7111111111109697,-1.0999999999998586,-1.155555555555414,0.34206108672760266,legacy_drawdown;legacy_rolling_pf,3.661319594845222,-4.027451554329227,764.5500711733737,760.5226196190445,False,S0_000126,0
SECONDARY_W0_2018_2020,S0,462355,462403,2019-04-26T04:52:00,2019-04-26T05:40:00,2019-04-26T04:52:00,2019-04-26T05:40:00,438,1279.27,1280.83,1.5,0.6,take_profit,False,1.5599999999999454,30.0,False,5.0,1.7333333333332728,1.344444444444384,1.2888888888888286,0.33840573327408474,legacy_drawdown;legacy_rolling_pf,3.6031130066919483,4.844185264552291,760.5226196190445,765.3668048835967,True,S0_000127,0
SECONDARY_W0_2018_2020,S0,462551,462635,2019-04-26T08:08:00,2019-04-26T09:32:00,2019-04-26T08:08:00,2019-04-26T09:32:00,448,1280.03,1281.55,1.5,0.6,take_profit,False,1.5199999999999818,30.0,False,5.0,1.688888888888869,1.2999999999999798,1.2444444444444245,0.3428023620348275,legacy_drawdown;legacy_rolling_pf,3.6731736795200427,4.775125783375981,765.3668048835967,770.1419306669727,True,S0_000128,0
SECONDARY_W0_2018_2020,S0,462658,462663,2019-04-26T09:55:00,2019-04-26T10:00:00,2019-04-26T09:55:00,2019-04-26T10:00:00,454,1281.92,1281.12,1.5,0.6,stop_loss,False,-0.8000000000001819,30.0,False,5.0,-0.8888888888890911,-1.2777777777779802,-1.3333333333335355,0.3471363117516114,legacy_drawdown;legacy_rolling_pf,3.742819210717974,-4.7824912136959465,770.1419306669727,765.3594394532768,False,S0_000129,0
SECONDARY_W0_2018_2020,S0,463598,463650,2019-04-29T02:37:00,2019-04-29T03:29:00,2019-04-29T02:37:00,2019-04-29T03:29:00,459,1285.9,1285.3,1.5,0.6,stop_loss,False,-0.6000000000001364,30.0,False,5.0,-0.6666666666668183,-1.0555555555557072,-1.1111111111112626,0.34279567710000125,legacy_drawdown;legacy_rolling_pf,3.6730667018116883,-3.877125963024006,765.3594394532768,761.4823134902527,False,S0_000130,0
SECONDARY_W0_2018_2020,S0,463658,463748,2019-04-29T03:37:00,2019-04-29T05:07:00,2019-04-29T03:37:00,2019-04-29T05:07:00,460,1285.18,1285.75,1.5,0.6,timeout,False,0.5699999999999363,30.0,False,5.0,0.6333333333332627,0.2444444444443737,0.18888888888881813,0.3392767605872924,legacy_drawdown;legacy_rolling_pf,3.6169455359168605,0.8841422421127544,761.4823134902527,762.3664557323655,True,S0_000131,0
SECONDARY_W0_2018_2020,S0,465001,465075,2019-04-30T03:01:00,2019-04-30T04:15:00,2019-04-30T03:01:00,2019-04-30T04:15:00,468,1280.64,1282.16,1.5,0.6,take_profit,False,1.5199999999999818,30.0,False,5.0,1.688888888888869,1.2999999999999798,1.2444444444444245,0.34007921652115297,legacy_drawdown;legacy_rolling_pf,3.629709817544595,4.7186227628079,762.3664557323655,767.0850784951733,True,S0_000132,0
SECONDARY_W0_2018_2020,S0,465091,465181,2019-04-30T04:31:00,2019-04-30T06:01:00,2019-04-30T04:31:00,2019-04-30T06:01:00,470,1282.16,1281.78,1.5,0.6,timeout,False,-0.38000000000010914,30.0,False,5.0,-0.4222222222223435,-0.8111111111112326,-0.866666666666788,0.3443618835574176,legacy_drawdown;legacy_rolling_pf,3.6981680747114236,-2.9996252161552706,767.0850784951733,764.085453279018,False,S0_000133,0
SECONDARY_W0_2018_2020,S0,466259,466302,2019-05-01T01:01:00,2019-05-01T01:45:00,2019-05-01T01:01:00,2019-05-01T01:45:00,476,1283.34,1282.69,1.5,0.6,stop_loss,False,-0.6499999999998636,30.0,False,5.0,-0.7222222222220707,-1.1111111111109597,-1.166666666666515,0.34163939509412455,legacy_drawdown;legacy_rolling_pf,3.6545836888184917,-4.060648543131104,764.085453279018,760.0248047358868,False,S0_000134,0
SECONDARY_W0_2018_2020,S0,466303,466393,2019-05-01T01:46:00,2019-05-01T03:16:00,2019-05-01T01:46:00,2019-05-01T03:16:00,479,1282.69,1283.21,1.5,0.6,timeout,False,0.5199999999999818,30.0,False,5.0,0.5777777777777576,0.18888888888886865,0.1333333333333131,0.33795391173686307,legacy_drawdown;legacy_rolling_pf,3.595946980885539,0.6792344297227513,760.0248047358868,760.7040391656096,True,S0_000135,0
SECONDARY_W0_2018_2020,S0,466399,466408,2019-05-01T03:22:00,2019-05-01T03:31:00,2019-05-01T03:22:00,2019-05-01T03:31:00,484,1283.16,1282.56,1.5,0.6,stop_loss,False,-0.6000000000001364,30.0,False,5.0,-0.6666666666668183,-1.0555555555557072,-1.1111111111112626,0.3385703913853312,legacy_drawdown;legacy_rolling_pf,3.6057260997618386,-3.806044216415821,760.7040391656096,756.8979949491938,False,S0_000136,0
SECONDARY_W0_2018_2020,S0,466422,466457,2019-05-01T03:45:00,2019-05-01T04:20:00,2019-05-01T03:45:00,2019-05-01T04:20:00,484,1282.57,1281.83,1.5,0.6,stop_loss,False,-0.7400000000000091,30.0,False,5.0,-0.8222222222222324,-1.2111111111111215,-1.2666666666666768,0.33511598934398024,legacy_drawdown;legacy_rolling_pf,3.551080685738237,-4.300753274949679,756.8979949491938,752.5972416742442,False,S0_000137,1
SECONDARY_W0_2018_2020,S0,466463,466513,2019-05-01T04:26:00,2019-05-01T05:16:00,2019-05-01T04:26:00,2019-05-01T05:16:00,485,1281.79,1281.02,1.5,0.6,stop_loss,False,-0.7699999999999818,30.0,False,5.0,-0.8555555555555354,-1.2444444444444245,-1.2999999999999798,0.3312125846414662,legacy_drawdown;legacy_rolling_pf,3.489775486525504,-4.342831716565002,752.5972416742442,748.2544099576792,False,S0_000138,0
SECONDARY_W0_2018_2020,S0,469196,469217,2019-05-03T04:02:00,2019-05-03T04:23:00,2019-05-03T04:02:00,2019-05-03T04:23:00,494,1271.66,1270.99,1.5,0.6,stop_loss,False,-0.6700000000000728,30.0,False,5.0,-0.7444444444445254,-1.1333333333334144,-1.1888888888889697,0.17999904402914732,legacy_drawdown;legacy_loss_streak;legacy_rolling_pf,1.8855910987616633,-2.1370032452633714,748.2544099576792,746.1174067124158,False,S0_000139,0
SECONDARY_W0_2018_2020,S0,471892,471933,2019-05-07T03:01:00,2019-05-07T03:42:00,2019-05-07T03:01:00,2019-05-07T03:42:00,495,1283.16,1282.5,1.5,0.6,stop_loss,False,-0.6600000000000819,30.0,False,5.0,-0.7333333333334243,-1.1222222222223133,-1.1777777777778689,0.17893228353605198,legacy_drawdown;legacy_loss_streak;legacy_rolling_pf,1.8690628791666972,-2.097503897731686,746.1174067124158,744.0199028146841,False,S0_000140,0
SECONDARY_W0_2018_2020,S0,473271,473361,2019-05-08T03:01:00,2019-05-08T04:31:00,2019-05-08T03:01:00,2019-05-08T04:31:00,508,1285.19,1286.22,1.5,0.6,timeout,False,1.0299999999999727,30.0,False,5.0,1.1444444444444142,0.7555555555555252,0.6999999999999698,0.17788524053451554,legacy_drawdown;legacy_loss_streak;legacy_rolling_pf,1.8529022312451975,1.3999705747185374,744.0199028146841,745.4198733894026,True,S0_000141,0
SECONDARY_W0_2018_2020,S0,473362,473451,2019-05-08T04:32:00,2019-05-08T06:01:00,2019-05-08T04:32:00,2019-05-08T06:01:00,514,1286.15,1285.54,1.5,0.6,stop_loss,False,-0.6100000000001273,30.0,False,5.0,-0.6777777777779194,-1.0666666666668083,-1.1222222222223637,0.32469833671240944,legacy_drawdown;legacy_rolling_pf,3.3885123025867943,-3.614413122759727,745.4198733894026,741.8054602666429,False,S0_000142,0
SECONDARY_W0_2018_2020,S0,473574,473664,2019-05-08T08:05:00,2019-05-08T09:35:00,2019-05-08T08:05:00,2019-05-08T09:35:00,517,1286.89,1287.46,1.5,0.6,timeout,False,0.5699999999999363,30.0,False,5.0,0.6333333333332627,0.2444444444443737,0.18888888888881813,0.321417860879865,legacy_drawdown;legacy_rolling_pf,3.3380133391907125,0.8159588162463824,741.8054602666429,742.6214190828892,True,S0_000143,0
SECONDARY_W0_2018_2020,S0,474649,474739,2019-05-09T03:01:00,2019-05-09T04:31:00,2019-05-09T03:01:00,2019-05-09T04:31:00,525,1281.16,1281.11,1.5,0.6,timeout,False,-0.0500000000001819,30.0,False,5.0,-0.05555555555575767,-0.44444444444464665,-0.5000000000002022,0.3221584328859239,legacy_drawdown;legacy_rolling_pf,3.3493845363897035,-1.488615349507212,742.6214190828892,741.132803733382,False,S0_000144,0
SECONDARY_W0_2018_2020,S0,477482,477510,2019-05-13T04:17:00,2019-05-13T04:45:00,2019-05-13T04:17:00,2019-05-13T04:45:00,528,1286.55,1285.92,1.5,0.6,stop_loss,False,-0.6299999999998818,30.0,False,5.0,-0.6999999999998687,-1.0888888888887578,-1.1444444444443131,0.32080735139298033,legacy_drawdown;legacy_rolling_pf,3.3286519251462376,-3.6245320962699115,741.132803733382,737.5082716371121,False,S0_000145,0
SECONDARY_W0_2018_2020,S0,480160,480250,2019-05-15T03:01:00,2019-05-15T04:31:00,2019-05-15T03:01:00,2019-05-15T04:31:00,533,1297.24,1297.32,1.5,0.6,timeout,False,0.07999999999992724,30.0,False,5.0,0.08888888888880805,-0.3000000000000809,-0.35555555555563645,0.3175176914835408,legacy_drawdown;legacy_rolling_pf,3.2784069340432476,-0.9835220802132396,737.5082716371121,736.5247495568989,False,S0_000146,0
SECONDARY_W0_2018_2020,S0,481553,481643,2019-05-16T03:21:00,2019-05-16T04:51:00,2019-05-16T03:21:00,2019-05-16T04:51:00,540,1295.87,1295.92,1.5,0.6,timeout,False,0.0500000000001819,30.0,False,5.0,0.05555555555575767,-0.3333333333331313,-0.38888888888868683,0.17414377060328257,legacy_drawdown;legacy_loss_streak;legacy_rolling_pf,1.7956567584266745,-0.5985522528085288,736.5247495568989,735.9261973040904,False,S0_000147,0
SECONDARY_W0_2018_2020,S0,482988,483078,2019-05-17T04:17:00,2019-05-17T05:47:00,2019-05-17T04:17:00,2019-05-17T05:47:00,545,1285.43,1285.27,1.5,0.6,timeout,False,-0.16000000000008185,30.0,False,5.0,-0.17777777777786874,-0.5666666666667578,-0.6222222222223133,0.17384498214904662,legacy_drawdown;legacy_loss_streak;legacy_rolling_pf,1.791119072866835,-1.014967474624703,735.9261973040904,734.9112298294657,False,S0_000148,0
SECONDARY_W0_2018_2020,S0,484290,484306,2019-05-20T03:01:00,2019-05-20T03:17:00,2019-05-20T03:01:00,2019-05-20T03:17:00,546,1277.46,1276.8,1.5,0.6,stop_loss,False,-0.6600000000000819,30.0,False,5.0,-0.7333333333334243,-1.1222222222223133,-1.1777777777778689,0.1733383253594015,legacy_drawdown;legacy_loss_streak;legacy_rolling_pf,1.7834359461304095,-2.001411450657622,734.9112298294657,732.909818378808,False,S0_000149,0
SECONDARY_W0_2018_2020,S0,485723,485730,2019-05-21T04:01:00,2019-05-21T04:08:00,2019-05-21T04:01:00,2019-05-21T04:08:00,553,1276.53,1275.91,1.5,0.6,stop_loss,False,-0.6199999999998909,30.0,False,5.0,-0.6888888888887676,-1.0777777777776567,-1.133333333333212,0.17233925028980462,legacy_drawdown;legacy_loss_streak;legacy_rolling_pf,1.768327800812169,-1.9058644075417903,732.909818378808,731.0039539712662,False,S0_000150,0
SECONDARY_W0_2018_2020,S0,487043,487092,2019-05-22T03:05:00,2019-05-22T03:54:00,2019-05-22T03:05:00,2019-05-22T03:54:00,554,1274.93,1274.33,1.5,0.6,stop_loss,False,-0.6000000000001364,30.0,False,5.0,-0.6666666666668183,-1.0555555555557072,-1.1111111111112626,0.1713878708945377,legacy_drawdown;legacy_loss_streak;legacy_rolling_pf,1.7539929580127354,-1.851437011235931,731.0039539712662,729.1525169600303,False,S0_000151,0
SECONDARY_W0_2018_2020,S0,489820,489842,2019-05-24T03:25:00,2019-05-24T03:47:00,2019-05-24T03:25:00,2019-05-24T03:47:00,556,1283.4,1282.8,1.5,0.6,stop_loss,False,-0.6000000000001364,30.0,False,5.0,-0.6666666666668183,-1.0555555555557072,-1.1111111111112626,0.17046366085254608,legacy_drawdown;legacy_loss_streak;legacy_rolling_pf,1.7401161030519696,-1.8367892198884541,729.1525169600303,727.3157277401418,False,S0_000152,0
SECONDARY_W0_2018_2020,S0,490096,490157,2019-05-24T08:01:00,2019-05-24T09:02:00,2019-05-24T08:01:00,2019-05-24T09:02:00,572,1283.75,1282.96,1.5,0.6,stop_loss,False,-0.7899999999999636,30.0,False,5.0,-0.8777777777777375,-1.2666666666666264,-1.3222222222221818,0.16954676277189815,legacy_drawdown;legacy_loss_streak;legacy_rolling_pf,1.7263963801199962,-2.1867687481519256,727.3157277401418,725.1289589919899,False,S0_000153,0
SECONDARY_W0_2018_2020,S0,491110,491184,2019-05-27T01:57:00,2019-05-27T03:11:00,2019-05-27T01:57:00,2019-05-27T03:11:00,579,1284.77,1284.13,1.5,0.6,stop_loss,False,-0.6399999999998727,30.0,False,5.0,-0.7111111111109697,-1.0999999999998586,-1.155555555555414,0.16845516007394498,legacy_drawdown;legacy_loss_streak;legacy_rolling_pf,1.7101240080574822,-1.8811364088629887,725.1289589919899,723.2478225831269,False,S0_000154,0
SECONDARY_W0_2018_2020,S0,491473,491533,2019-05-27T08:00:00,2019-05-27T09:00:00,2019-05-27T08:00:00,2019-05-27T09:00:00,595,1286.73,1286.06,1.5,0.6,stop_loss,False,-0.6700000000000728,30.0,False,5.0,-0.7444444444445254,-1.1333333333334144,-1.1888888888889697,0.16751612453080944,legacy_drawdown;legacy_loss_streak;legacy_rolling_pf,1.6961794124026062,-1.9223366673897577,723.2478225831269,721.3254859157371,False,S0_000155,0
SECONDARY_W0_2018_2020,S0,491684,491713,2019-05-27T11:31:00,2019-05-27T12:00:00,2019-05-27T11:31:00,2019-05-27T12:00:00,607,1286.63,1285.94,1.5,0.6,stop_loss,False,-0.6900000000000546,30.0,False,5.0,-0.7666666666667273,-1.1555555555556165,-1.2111111111111719,0.16655652242643956,legacy_drawdown;legacy_loss_streak;legacy_rolling_pf,1.6819805026036163,-1.943621914119837,721.3254859157371,719.3818640016173,False,S0_000156,0
SECONDARY_W0_2018_2020,S0,492313,492342,2019-05-28T03:01:00,2019-05-28T03:30:00,2019-05-28T03:01:00,2019-05-28T03:30:00,610,1285.86,1285.13,1.5,0.6,stop_loss,False,-0.7299999999997908,30.0,False,5.0,-0.8111111111108787,-1.1999999999997677,-1.255555555555323,0.16558629504092062,legacy_drawdown;legacy_loss_streak;legacy_rolling_pf,1.6676768861152294,-2.0012122633378877,719.3818640016173,717.3806517382794,False,S0_000157,0
SECONDARY_W0_2018_2020,S0,492651,492667,2019-05-28T08:39:00,2019-05-28T08:55:00,2019-05-28T08:39:00,2019-05-28T08:55:00,614,1283.66,1283.03,1.5,0.6,stop_loss,False,-0.6300000000001091,30.0,False,5.0,-0.7000000000001213,-1.0888888888890103,-1.1444444444445658,0.1645873194026952,legacy_drawdown;legacy_loss_streak;legacy_rolling_pf,1.6530046184534657,-1.7999383623161966,717.3806517382794,715.5807133759632,False,S0_000158,0
SECONDARY_W0_2018_2020,S0,493704,493754,2019-05-29T03:13:00,2019-05-29T04:03:00,2019-05-29T03:13:00,2019-05-29T04:03:00,615,1281.1,1280.45,1.5,0.6,stop_loss,False,-0.6499999999998636,30.0,False,5.0,-0.7222222222220707,-1.1111111111109597,-1.166666666666515,0.16368881672649127,legacy_drawdown;legacy_loss_streak;legacy_rolling_pf,1.639855843427339,-1.8220620482523506,715.5807133759632,713.7586513277108,False,S0_000159,0
SECONDARY_W0_2018_2020,S0,496510,496574,2019-05-31T04:01:00,2019-05-31T05:05:00,2019-05-31T04:01:00,2019-05-31T05:05:00,616,1291.85,1291.1,1.5,0.6,stop_loss,False,-0.75,30.0,False,5.0,-0.8333333333333334,-1.2222222222222225,-1.277777777777778,0.16277927023265595,legacy_drawdown;legacy_loss_streak;legacy_rolling_pf,1.626591573395173,-1.9880563674829899,713.7586513277108,711.7705949602279,False,S0_000160,0
SECONDARY_W0_2018_2020,S0,593892,593982,2019-09-09T04:10:00,2019-09-09T05:40:00,2019-09-09T04:10:00,2019-09-09T05:40:00,620,1510.5,1508.81,1.5785714285714498,1.942857142857169,timeout,False,-1.6900000000000546,30.0,False,5.0,-0.7535031847133913,-0.9095541401274023,-0.9318471337579752,0.16178686182355395,legacy_drawdown;legacy_loss_streak;legacy_rolling_pf,1.6121718325565884,-1.4663575648986262,711.7705949602279,710.3042373953292,False,S0_000161,0
SECONDARY_W0_2018_2020,S0,603493,603568,2019-09-18T03:19:00,2019-09-18T04:34:00,2019-09-18T03:19:00,2019-09-18T04:34:00,621,1501.24,1500.6,1.5,0.6,stop_loss,False,-0.6400000000001,30.0,False,5.0,-0.7111111111112224,-1.1000000000001113,-1.1555555555556667,0.16105487776014532,legacy_drawdown;legacy_loss_streak;legacy_rolling_pf,1.601571469767052,-1.7617286167439354,710.3042373953292,708.5425087785853,False,S0_000162,0
SECONDARY_W0_2018_2020,S0,641015,641027,2019-10-25T08:27:00,2019-10-25T08:39:00,2019-10-25T08:27:00,2019-10-25T08:39:00,625,1503.05,1504.86,1.5,0.6,take_profit,False,1.8099999999999454,30.0,False,5.0,2.0111111111110507,1.6222222222221616,1.5666666666666063,0.1601754488252275,legacy_drawdown;legacy_loss_streak;legacy_rolling_pf,1.5888756009750764,2.577509308248361,708.5425087785853,711.1200180868337,True,S0_000163,0
SECONDARY_W0_2018_2020,S0,657242,657332,2019-11-12T03:09:00,2019-11-12T04:39:00,2019-11-12T03:09:00,2019-11-12T04:39:00,626,1455.84,1455.37,1.5,0.6308571428570888,timeout,False,-0.4700000000000273,30.0,False,5.0,-0.5049109883364613,-0.880908532842315,-0.9346224677717225,0.29356746081133533,legacy_drawdown;legacy_rolling_pf,2.9226637725860773,-2.5745994559001866,711.1200180868337,708.5454186309336,False,S0_000164,0
SECONDARY_W0_2018_2020,S0,662789,662805,2019-11-18T03:41:00,2019-11-18T03:57:00,2019-11-18T03:41:00,2019-11-18T03:57:00,627,1466.21,1465.51,1.5,0.6,stop_loss,False,-0.7000000000000455,30.0,False,5.0,-0.7777777777778284,-1.1666666666667174,-1.2222222222222727,0.29123072978289277,legacy_drawdown;legacy_rolling_pf,2.8889027909309686,-3.37038658941961,708.5454186309336,705.175032041514,False,S0_000165,0
SECONDARY_W0_2018_2020,S0,662811,662901,2019-11-18T04:03:00,2019-11-18T05:33:00,2019-11-18T04:03:00,2019-11-18T05:33:00,628,1464.98,1465.39,1.5,0.6,timeout,False,0.41000000000008185,30.0,False,5.0,0.45555555555564653,0.06666666666675758,0.011111111111202037,0.28817173476007685,legacy_drawdown;legacy_rolling_pf,2.844961172100542,0.18966407814029476,705.175032041514,705.3646961196542,True,S0_000166,0
SECONDARY_W0_2018_2020,S0,669644,669653,2019-11-25T03:02:00,2019-11-25T03:11:00,2019-11-25T03:02:00,2019-11-25T03:11:00,630,1460.55,1459.91,1.5,0.6,stop_loss,False,-0.6399999999998727,30.0,False,5.0,-0.7111111111109697,-1.0999999999998586,-1.155555555555414,0.2883438756868356,legacy_drawdown;legacy_rolling_pf,2.8474262635253145,-3.1321688898774434,705.3646961196542,702.2325272297768,False,S0_000167,0
SECONDARY_W0_2018_2020,S0,669657,669747,2019-11-25T03:15:00,2019-11-25T04:45:00,2019-11-25T03:15:00,2019-11-25T04:45:00,631,1460.2,1461.33,1.5,0.7302857142857258,timeout,False,1.1299999999998818,30.0,False,5.0,1.0967831392122966,0.7570715474208417,0.7085413200220626,0.2855010893207754,legacy_drawdown;legacy_rolling_pf,2.806834120728153,2.1249742511332803,702.2325272297768,704.3575014809101,True,S0_000168,0
SECONDARY_W0_2018_2020,S0,671023,671027,2019-11-26T03:02:00,2019-11-26T03:06:00,2019-11-26T03:02:00,2019-11-26T03:06:00,634,1453.67,1452.92,1.5,0.6,stop_loss,False,-0.75,30.0,False,5.0,-0.8333333333333334,-1.2222222222222225,-1.277777777777778,0.28742973622384427,legacy_drawdown;legacy_rolling_pf,2.8343460720112157,-3.4642007546803755,704.3575014809101,700.8933007262297,False,S0_000169,0
SECONDARY_W0_2018_2020,S0,671030,671067,2019-11-26T03:09:00,2019-11-26T03:46:00,2019-11-26T03:09:00,2019-11-26T03:46:00,635,1453.43,1451.62,1.5,0.6,stop_loss,False,-1.8100000000001728,30.0,False,5.0,-2.0111111111113034,-2.400000000000192,-2.4555555555557476,0.284285594569629,legacy_drawdown;legacy_rolling_pf,2.789554162175564,-6.694929989221889,700.8933007262297,694.1983707370077,False,S0_000170,0
SECONDARY_W0_2018_2020,S0,671069,671090,2019-11-26T03:48:00,2019-11-26T04:09:00,2019-11-26T03:48:00,2019-11-26T04:09:00,639,1452.33,1453.89,1.5,0.6,take_profit,False,1.5600000000001728,30.0,False,5.0,1.7333333333335255,1.3444444444446364,1.288888888889081,0.27820921224024825,legacy_drawdown;legacy_rolling_pf,2.7038533460568943,3.6351806096992325,694.1983707370077,697.8335513467069,True,S0_000171,0
SECONDARY_W0_2018_2020,S0,671092,671182,2019-11-26T04:11:00,2019-11-26T05:41:00,2019-11-26T04:11:00,2019-11-26T05:41:00,643,1453.69,1454.51,1.5,0.6,timeout,False,0.8199999999999363,30.0,False,5.0,0.9111111111110405,0.5222222222221515,0.46666666666659595,0.2815085368420654,legacy_drawdown;legacy_rolling_pf,2.750245427984793,1.4362392790585308,697.8335513467069,699.2697906257655,True,S0_000172,0
SECONDARY_W0_2018_2020,S0,672500,672590,2019-11-27T04:40:00,2019-11-27T06:10:00,2019-11-27T04:40:00,2019-11-27T06:10:00,644,1459.54,1459.23,1.5,0.6,timeout,False,-0.30999999999994543,30.0,False,5.0,-0.3444444444443838,-0.7333333333332729,-0.7888888888888284,0.2828120813137901,legacy_drawdown;legacy_rolling_pf,2.7686672284142335,-2.030355967503604,699.2697906257655,697.2394346582619,False,S0_000173,0
SECONDARY_W0_2018_2020,S0,677538,677557,2019-12-03T04:04:00,2019-12-03T04:23:00,2019-12-03T04:04:00,2019-12-03T04:23:00,645,1462.9,1462.3,1.5,0.6,stop_loss,False,-0.6000000000001364,30.0,False,5.0,-0.6666666666668183,-1.0555555555557072,-1.1111111111112626,0.28096931086762367,legacy_drawdown;legacy_rolling_pf,2.742640368519287,-2.8950092778818854,697.2394346582619,694.34442538038,False,S0_000174,0
SECONDARY_W0_2018_2020,S0,684382,684472,2019-12-10T03:15:00,2019-12-10T04:45:00,2019-12-10T03:15:00,2019-12-10T04:45:00,646,1460.91,1461.03,1.5,0.6,timeout,False,0.11999999999989086,30.0,False,5.0,0.13333333333321207,-0.2555555555556769,-0.3111111111112324,0.27834177282796757,legacy_drawdown;legacy_rolling_pf,2.7057108163902797,-0.691459430855622,694.34442538038,693.6529659495244,False,S0_000175,0
SECONDARY_W0_2018_2020,S0,685628,685648,2019-12-11T01:02:00,2019-12-11T01:22:00,2019-12-11T01:02:00,2019-12-11T01:22:00,649,1464.07,1463.43,1.5,0.6,stop_loss,False,-0.6399999999998727,30.0,False,5.0,-0.7111111111109697,-1.0999999999998586,-1.155555555555414,0.15274280870851312,legacy_drawdown;legacy_loss_streak;legacy_rolling_pf,1.4833070320336936,-1.6316377352368534,693.6529659495244,692.0213282142876,False,S0_000176,0
SECONDARY_W0_2018_2020,S0,685768,685858,2019-12-11T03:22:00,2019-12-11T04:52:00,2019-12-11T03:22:00,2019-12-11T04:52:00,661,1464.01,1464.05,1.5,0.6,timeout,False,0.03999999999996362,30.0,False,5.0,0.04444444444440403,-0.34444444444448497,-0.4000000000000405,0.15192831922242916,legacy_drawdown;legacy_loss_streak;legacy_rolling_pf,1.471926921663376,-0.5069970507952225,692.0213282142876,691.5143311634923,False,S0_000177,0
SECONDARY_W0_2018_2020,S0,687185,687275,2019-12-12T04:00:00,2019-12-12T05:30:00,2019-12-12T04:00:00,2019-12-12T05:30:00,663,1474.42,1475.42,1.5,0.6,timeout,False,1.0,30.0,False,5.0,1.1111111111111112,0.7222222222222222,0.6666666666666667,0.15167523377433595,legacy_drawdown;legacy_loss_streak;legacy_rolling_pf,1.4683983697253677,1.0605099336905432,691.5143311634923,692.5748410971829,True,S0_000178,0
SECONDARY_W0_2018_2020,S0,689914,689972,2019-12-16T03:33:00,2019-12-16T04:31:00,2019-12-16T03:33:00,2019-12-16T04:31:00,674,1473.35,1474.92,1.5,0.6,take_profit,False,1.5700000000001637,30.0,False,5.0,1.7444444444446265,1.3555555555557375,1.3000000000001821,0.27673568125029924,legacy_drawdown;legacy_rolling_pf,2.6832423865498534,3.6372841239902893,692.5748410971829,696.2121252211732,True,S0_000179,0
SECONDARY_W0_2018_2020,S0,689992,690032,2019-12-16T04:51:00,2019-12-16T05:31:00,2019-12-16T04:51:00,2019-12-16T05:31:00,680,1474.95,1474.35,1.5,0.6,stop_loss,False,-0.6000000000001364,30.0,False,5.0,-0.6666666666668183,-1.0555555555557072,-1.1111111111112626,0.28003691502175504,legacy_drawdown;legacy_rolling_pf,2.72951134046748,-2.881150859382754,696.2121252211732,693.3309743617905,False,S0_000180,0
SECONDARY_W0_2018_2020,S0,691261,691291,2019-12-17T03:01:00,2019-12-17T03:31:00,2019-12-17T03:01:00,2019-12-17T03:31:00,689,1475.25,1474.5,1.5,0.6,stop_loss,False,-0.75,30.0,False,5.0,-0.8333333333333334,-1.2222222222222225,-1.277777777777778,0.2774219550149413,legacy_drawdown;legacy_rolling_pf,2.6928332813180695,-3.29124067716653,693.3309743617905,690.0397336846239,False,S0_000181,0
SECONDARY_W0_2018_2020,S0,691297,691387,2019-12-17T03:37:00,2019-12-17T05:07:00,2019-12-17T03:37:00,2019-12-17T05:07:00,689,1475.09,1476.0,1.5,0.6,timeout,False,0.9100000000000819,30.0,False,5.0,1.011111111111202,0.6222222222223132,0.5666666666667577,0.2744347935771563,legacy_drawdown;legacy_rolling_pf,2.6511927662328594,1.6496310545451314,690.0397336846239,691.689364739169,True,S0_000182,1
SECONDARY_W0_2018_2020,S0,692589,692679,2019-12-18T02:10:00,2019-12-18T03:40:00,2019-12-18T02:10:00,2019-12-18T03:40:00,709,1475.41,1475.61,1.5,0.6,timeout,False,0.1999999999998181,30.0,False,5.0,0.22222222222202012,-0.16666666666686883,-0.22222222222242438,0.27593201446011895,legacy_drawdown;legacy_rolling_pf,2.672029357103664,-0.4453382261844842,691.689364739169,691.2440265129845,False,S0_000183,0
SECONDARY_W0_2018_2020,S0,692681,692771,2019-12-18T03:42:00,2019-12-18T05:12:00,2019-12-18T03:42:00,2019-12-18T05:12:00,717,1475.51,1476.02,1.5,0.6,timeout,False,0.5099999999999909,30.0,False,5.0,0.5666666666666567,0.17777777777776765,0.1222222222222121,0.2755278212374053,legacy_drawdown;legacy_rolling_pf,2.666397447958914,0.47402621297044656,691.2440265129845,691.718052725955,True,S0_000184,0
SECONDARY_W0_2018_2020,S0,692940,693030,2019-12-18T08:01:00,2019-12-18T09:31:00,2019-12-18T08:01:00,2019-12-18T09:31:00,725,1476.99,1477.19,1.5,0.6,timeout,False,0.20000000000004547,30.0,False,5.0,0.22222222222227278,-0.1666666666666162,-0.22222222222217175,0.27595805195061573,legacy_drawdown;legacy_rolling_pf,2.6723923286105897,-0.4453987214349634,691.718052725955,691.2726540045201,False,S0_000185,0
SECONDARY_W0_2018_2020,S0,694083,694173,2019-12-19T04:05:00,2019-12-19T05:35:00,2019-12-19T04:05:00,2019-12-19T05:35:00,732,1477.49,1477.59,1.5,0.6,timeout,False,0.09999999999990905,30.0,False,5.0,0.11111111111101006,-0.2777777777778789,-0.33333333333343446,0.2755538038218358,legacy_drawdown;legacy_rolling_pf,2.666759330045458,-0.7407664805684524,691.2726540045201,690.5318875239516,False,S0_000186,0
SECONDARY_W0_2018_2020,S0,695461,695551,2019-12-20T04:04:00,2019-12-20T05:34:00,2019-12-20T04:04:00,2019-12-20T05:34:00,739,1478.44,1477.97,1.5,0.6,timeout,False,-0.4700000000000273,30.0,False,5.0,-0.5222222222222526,-0.9111111111111416,-0.9666666666666971,0.2748814770969903,legacy_drawdown;legacy_rolling_pf,2.657401953152192,-2.4211884462054116,690.5318875239516,688.1106990777462,False,S0_000187,0
SECONDARY_W0_2018_2020,S0,695697,695787,2019-12-20T08:00:00,2019-12-20T09:30:00,2019-12-20T08:00:00,2019-12-20T09:30:00,752,1479.14,1478.95,1.5,0.6,timeout,False,-0.19000000000005457,30.0,False,5.0,-0.21111111111117176,-0.6000000000000608,-0.6555555555556163,0.14997619085048755,legacy_drawdown;legacy_loss_streak;legacy_rolling_pf,1.4448031014360505,-0.8668818608617181,688.1106990777462,687.2438172168845,False,S0_000188,0
SECONDARY_W0_2018_2020,S0,696800,696810,2019-12-23T03:25:00,2019-12-23T03:35:00,2019-12-23T03:25:00,2019-12-23T03:35:00,757,1479.54,1478.86,1.5,0.6,stop_loss,False,-0.6800000000000637,30.0,False,5.0,-0.7555555555556264,-1.1444444444445154,-1.2000000000000708,0.14954345621454443,legacy_drawdown;legacy_loss_streak;legacy_rolling_pf,1.4388194196416535,-1.6466488913677721,687.2438172168845,685.5971683255167,False,S0_000189,0
SECONDARY_W0_2018_2020,S0,697084,697107,2019-12-23T08:09:00,2019-12-23T08:32:00,2019-12-23T08:09:00,2019-12-23T08:32:00,771,1481.22,1482.91,1.5,0.6,take_profit,False,1.6900000000000546,30.0,False,5.0,1.8777777777778386,1.4888888888889495,1.4333333333333942,0.14872147338077765,legacy_drawdown;legacy_loss_streak;legacy_rolling_pf,1.427482294266838,2.125362527019601,685.5971683255167,687.7225308525362,True,S0_000190,0
SECONDARY_W0_2018_2020,S0,698157,698199,2019-12-24T03:03:00,2019-12-24T03:45:00,2019-12-24T03:03:00,2019-12-24T03:45:00,772,1484.55,1486.24,1.5,0.6,take_profit,False,1.6900000000000546,30.0,False,5.0,1.8777777777778386,1.4888888888889495,1.4333333333333942,0.2723316781801086,legacy_drawdown;legacy_rolling_pf,2.622040833290798,3.9039274628997913,687.7225308525362,691.626458315436,True,S0_000191,0
SECONDARY_W0_2018_2020,S0,698232,698322,2019-12-24T04:18:00,2019-12-24T05:48:00,2019-12-24T04:18:00,2019-12-24T05:48:00,774,1488.42,1488.97,1.5,0.6,timeout,False,0.5499999999999545,30.0,False,5.0,0.6111111111110606,0.22222222222217167,0.16666666666661614,0.2758749199897971,legacy_drawdown;legacy_rolling_pf,2.671233513908367,0.5936074475350576,691.626458315436,692.2200657629711,True,S0_000192,0
SECONDARY_W0_2018_2020,S0,982138,982152,2020-10-14T04:34:00,2020-10-14T04:48:00,2020-10-14T04:34:00,2020-10-14T04:48:00,785,1886.71,1889.11,1.9221428571429249,2.365714285714369,take_profit,False,2.3999999999998636,30.0,False,5.0,0.9003215434082809,0.7690246516612324,0.7502679528402255,0.2764136837723308,legacy_drawdown;legacy_rolling_pf,2.678747377021351,2.0600227685022845,692.2200657629711,694.2800885314734,True,S0_000193,0
SECONDARY_W0_2018_2020,S1,69669,69705,2018-03-14T04:45:00,2018-03-14T05:21:00,2018-03-14T04:45:00,2018-03-14T05:21:00,0,1328.57,1327.97,1.5,0.6,stop_loss,False,-0.599999999999909,30.0,False,5.0,-0.6666666666665657,-1.0555555555554548,-1.1111111111110101,1.0,,14.0,-14.777777777776366,1000.0,985.2222222222236,False,S1_000000,0
SECONDARY_W0_2018_2020,S1,75195,75285,2018-03-20T04:57:00,2018-03-20T06:27:00,2018-03-20T04:57:00,2018-03-20T06:27:00,1,1316.49,1316.24,1.5,0.6,timeout,False,-0.25,30.0,False,5.0,-0.2777777777777778,-0.6666666666666669,-0.7222222222222223,1.0,,13.79311111111113,-9.195407407407423,985.2222222222236,976.0268148148162,False,S1_000001,0
SECONDARY_W0_2018_2020,S1,112315,112356,2018-04-27T04:16:00,2018-04-27T04:57:00,2018-04-27T04:16:00,2018-04-27T04:57:00,2,1315.84,1317.34,1.5,0.6,take_profit,False,1.5,30.0,False,5.0,1.6666666666666667,1.277777777777778,1.2222222222222225,1.0,,13.664375407407428,17.460035242798384,976.0268148148162,993.4868500576147,True,S1_000002,0
SECONDARY_W0_2018_2020,S1,120481,120490,2018-05-07T03:01:00,2018-05-07T03:10:00,2018-05-07T03:01:00,2018-05-07T03:10:00,4,1314.1,1315.6,1.5,0.6,take_profit,False,1.5,30.0,False,5.0,1.6666666666666667,1.277777777777778,1.2222222222222225,1.0,,13.908815900806605,17.772375873252887,993.4868500576147,1011.2592259308676,True,S1_000003,0
SECONDARY_W0_2018_2020,S1,120550,120602,2018-05-07T04:10:00,2018-05-07T05:02:00,2018-05-07T04:10:00,2018-05-07T05:02:00,5,1317.53,1316.93,1.5,0.6,stop_loss,False,-0.599999999999909,30.0,False,5.0,-0.6666666666665657,-1.0555555555554548,-1.1111111111110101,1.0,,14.157629163032146,-14.944164116532505,1011.2592259308676,996.3150618143351,False,S1_000004,0
SECONDARY_W0_2018_2020,S1,121917,121944,2018-05-08T04:03:00,2018-05-08T04:30:00,2018-05-08T04:03:00,2018-05-08T04:30:00,8,1315.3,1314.7,1.5,0.6,stop_loss,False,-0.599999999999909,30.0,False,5.0,-0.6666666666665657,-1.0555555555554548,-1.1111111111110101,1.0,,13.94841086540069,-14.723322580143767,996.3150618143351,981.5917392341913,False,S1_000005,0
SECONDARY_W0_2018_2020,S1,123257,123258,2018-05-09T03:24:00,2018-05-09T03:25:00,2018-05-09T03:24:00,2018-05-09T03:25:00,12,1315.77,1315.17,1.5,0.6,stop_loss,False,-0.599999999999909,30.0,False,5.0,-0.6666666666665657,-1.0555555555554548,-1.1111111111110101,1.0,,13.742284349278679,-14.505744590903888,981.5917392341913,967.0859946432874,False,S1_000006,0
SECONDARY_W0_2018_2020,S1,124528,124601,2018-05-10T01:37:00,2018-05-10T02:50:00,2018-05-10T01:37:00,2018-05-10T02:50:00,13,1312.14,1311.5400000000002,1.5,0.6,stop_loss,False,-0.599999999999909,30.0,False,5.0,-0.6666666666665657,-1.0555555555554548,-1.1111111111110101,0.55,legacy_loss_streak,7.446562158753314,-7.8602600564610805,967.0859946432874,959.2257345868263,False,S1_000007,0
SECONDARY_W0_2018_2020,S1,127379,127410,2018-05-14T03:11:00,2018-05-14T03:42:00,2018-05-14T03:11:00,2018-05-14T03:42:00,20,1320.16,1321.66,1.5,0.6,take_profit,False,1.5,30.0,False,5.0,1.6666666666666667,1.277777777777778,1.2222222222222225,0.55,legacy_loss_streak,7.386038156318563,9.43771542196261,959.2257345868263,968.6634500087889,True,S1_000008,0
SECONDARY_W0_2018_2020,S1,127431,127444,2018-05-14T04:03:00,2018-05-14T04:16:00,2018-05-14T04:03:00,2018-05-14T04:16:00,22,1322.03,1321.43,1.5,0.6,stop_loss,False,-0.599999999999909,30.0,False,5.0,-0.6666666666665657,-1.0555555555554548,-1.1111111111110101,1.0,,13.561288300123046,-14.31469320568407,968.6634500087889,954.3487568031048,False,S1_000009,0
SECONDARY_W0_2018_2020,S1,127453,127481,2018-05-14T04:25:00,2018-05-14T04:53:00,2018-05-14T04:25:00,2018-05-14T04:53:00,22,1321.67,1321.0700000000002,1.5,0.6,stop_loss,False,-0.599999999999909,30.0,False,5.0,-0.6666666666665657,-1.0555555555554548,-1.1111111111110101,1.0,,13.360882595243467,-14.103153850533424,954.3487568031048,940.2456029525714,False,S1_000010,1
SECONDARY_W0_2018_2020,S1,127483,127497,2018-05-14T04:55:00,2018-05-14T05:09:00,2018-05-14T04:55:00,2018-05-14T05:09:00,23,1321.09,1320.49,1.5,0.6,stop_loss,False,-0.599999999999909,30.0,False,5.0,-0.6666666666665657,-1.0555555555554548,-1.1111111111110101,1.0,,13.163438441336,-13.894740576964452,940.2456029525714,926.350862375607,False,S1_000011,0
SECONDARY_W0_2018_2020,S1,132950,132964,2018-05-18T04:07:00,2018-05-18T04:21:00,2018-05-18T04:07:00,2018-05-18T04:21:00,31,1289.26,1288.66,1.5,0.6,stop_loss,False,-0.599999999999909,30.0,False,5.0,-0.6666666666665657,-1.0555555555554548,-1.1111111111110101,0.5459636059055826,legacy_drawdown;legacy_loss_streak,7.080554000188654,-7.473918111309532,926.350862375607,918.8769442642974,False,S1_000012,0
SECONDARY_W0_2018_2020,S1,134323,134331,2018-05-21T04:02:00,2018-05-21T04:10:00,2018-05-21T04:02:00,2018-05-21T04:10:00,36,1290.22,1289.6200000000001,1.5,0.6,stop_loss,False,-0.599999999999909,30.0,False,5.0,-0.6666666666665657,-1.0555555555554548,-1.1111111111110101,0.5384360365078819,legacy_drawdown;legacy_loss_streak,6.926590438713991,-7.311401018641848,918.8769442642974,911.5655432456556,False,S1_000013,0
SECONDARY_W0_2018_2020,S1,136900,136971,2018-05-23T01:01:00,2018-05-23T02:12:00,2018-05-23T01:01:00,2018-05-23T02:12:00,43,1290.89,1292.39,1.5,0.6,take_profit,False,1.5,30.0,False,5.0,1.6666666666666667,1.277777777777778,1.2222222222222225,0.5310721508266936,legacy_drawdown;legacy_loss_streak,6.777499031393631,8.660137651225197,911.5655432456556,920.2256808968808,True,S1_000014,0
SECONDARY_W0_2018_2020,S1,137021,137027,2018-05-23T03:02:00,2018-05-23T03:08:00,2018-05-23T03:02:00,2018-05-23T03:08:00,45,1293.32,1294.82,1.5,0.6,take_profit,False,1.5,30.0,False,5.0,1.6666666666666667,1.277777777777778,1.2222222222222225,0.9814444636436649,legacy_drawdown,12.644105597465519,16.156357152317053,920.2256808968808,936.3820380491978,True,S1_000015,0
SECONDARY_W0_2018_2020,S1,137068,137115,2018-05-23T03:49:00,2018-05-23T04:36:00,2018-05-23T03:49:00,2018-05-23T04:36:00,46,1293.11,1292.51,1.5,0.6,stop_loss,False,-0.599999999999909,30.0,False,5.0,-0.6666666666665657,-1.0555555555554548,-1.1111111111110101,1.0,,13.10934853268877,-13.83764567339238,936.3820380491978,922.5443923758055,False,S1_000016,0
SECONDARY_W0_2018_2020,S1,141176,141225,2018-05-28T03:21:00,2018-05-28T04:10:00,2018-05-28T03:21:00,2018-05-28T04:10:00,54,1298.43,1297.8300000000002,1.5,0.6,stop_loss,False,-0.599999999999909,30.0,False,5.0,-0.6666666666665657,-1.0555555555554548,-1.1111111111110101,0.9856905659644662,legacy_drawdown,12.730806259475532,-13.438073273889556,922.5443923758055,909.1063191019159,False,S1_000017,0
SECONDARY_W0_2018_2020,S1,141241,141331,2018-05-28T04:26:00,2018-05-28T05:56:00,2018-05-28T04:26:00,2018-05-28T05:56:00,58,1297.77,1297.66,1.5,0.6,timeout,False,-0.10999999999989996,30.0,False,5.0,-0.12222222222211107,-0.511111111111,-0.5666666666665556,0.48054115747244286,legacy_drawdown;legacy_rolling_pf,6.1160820398544535,-3.1259974870360416,909.1063191019159,905.9803216148799,False,S1_000018,0
SECONDARY_W0_2018_2020,S1,144920,145010,2018-05-31T01:06:00,2018-05-31T02:36:00,2018-05-31T01:06:00,2018-05-31T02:36:00,60,1301.49,1302.15,1.5,0.6,timeout,False,0.6600000000000819,30.0,False,5.0,0.7333333333334243,0.34444444444453537,0.28888888888897984,0.2627234179289422,legacy_drawdown;legacy_loss_streak;legacy_rolling_pf,3.3323114533943303,1.1477961672805723,905.9803216148799,907.1281177821605,True,S1_000019,0
SECONDARY_W0_2018_2020,S1,145109,145124,2018-05-31T04:15:00,2018-05-31T04:30:00,2018-05-31T04:15:00,2018-05-31T04:30:00,64,1303.0,1302.4,1.5,0.6,stop_loss,False,-0.599999999999909,30.0,False,5.0,-0.6666666666665657,-1.0555555555554548,-1.1111111111110101,0.47872988313081566,legacy_drawdown;legacy_rolling_pf,6.079770729347427,-6.417535769866116,907.1281177821605,900.7105820122944,False,S1_000020,0
SECONDARY_W0_2018_2020,S1,147792,147882,2018-06-04T03:02:00,2018-06-04T04:32:00,2018-06-04T03:02:00,2018-06-04T04:32:00,67,1292.44,1293.21,1.5,0.6,timeout,False,0.7699999999999818,30.0,False,5.0,0.8555555555555354,0.46666666666664647,0.41111111111109094,0.4728538796319044,legacy_drawdown;legacy_rolling_pf,5.962662903820336,2.782576021782703,900.7105820122944,903.493158034077,True,S1_000021,0
SECONDARY_W0_2018_2020,S1,149150,149216,2018-06-05T02:44:00,2018-06-05T03:50:00,2018-06-05T02:44:00,2018-06-05T03:50:00,74,1291.51,1290.91,1.5,0.6,stop_loss,False,-0.599999999999909,30.0,False,5.0,-0.6666666666665657,-1.0555555555554548,-1.1111111111110101,0.4754016529558578,legacy_drawdown;legacy_rolling_pf,6.013309970691916,-6.347382746840861,903.493158034077,897.1457752872362,False,S1_000022,0
SECONDARY_W0_2018_2020,S1,149224,149314,2018-06-05T03:58:00,2018-06-05T05:28:00,2018-06-05T03:58:00,2018-06-05T05:28:00,77,1291.22,1291.95,1.5,0.6,timeout,False,0.7300000000000182,30.0,False,5.0,0.8111111111111314,0.4222222222222424,0.3666666666666869,0.46958988274267155,legacy_drawdown;legacy_rolling_pf,5.89806811188303,2.4902954250173988,897.1457752872362,899.6360707122536,True,S1_000023,0
SECONDARY_W0_2018_2020,S1,150620,150710,2018-06-06T04:15:00,2018-06-06T05:45:00,2018-06-06T04:15:00,2018-06-06T05:45:00,82,1297.22,1297.07,1.5,0.6,timeout,False,-0.15000000000009095,30.0,False,5.0,-0.16666666666676774,-0.5555555555556567,-0.6111111111112123,0.4718700390449448,legacy_drawdown;legacy_rolling_pf,5.943158309385246,-3.301754616325738,899.6360707122536,896.3343160959279,False,S1_000024,0
SECONDARY_W0_2018_2020,S1,151989,152009,2018-06-07T04:07:00,2018-06-07T04:27:00,2018-06-07T04:07:00,2018-06-07T04:27:00,85,1295.83,1297.33,1.5,0.6,take_profit,False,1.5,30.0,False,5.0,1.6666666666666667,1.277777777777778,1.2222222222222225,0.46884689708301364,legacy_drawdown;legacy_rolling_pf,5.883409879908413,7.517690402105195,896.3343160959279,903.8520064980331,True,S1_000025,0
SECONDARY_W0_2018_2020,S1,152024,152114,2018-06-07T04:42:00,2018-06-07T06:12:00,2018-06-07T04:42:00,2018-06-07T06:12:00,87,1296.97,1296.99,1.5,0.6,timeout,False,0.01999999999998181,30.0,False,5.0,0.022222222222202014,-0.36666666666668696,-0.4222222222222425,0.47573022063438725,legacy_drawdown;legacy_rolling_pf,6.019856002610001,-2.207280534290456,903.8520064980331,901.6447259637426,False,S1_000026,0
SECONDARY_W0_2018_2020,S1,153345,153376,2018-06-08T03:44:00,2018-06-08T04:15:00,2018-06-08T03:44:00,2018-06-08T04:15:00,91,1296.9,1296.3000000000002,1.5,0.6,stop_loss,False,-0.599999999999909,30.0,False,5.0,-0.6666666666665657,-1.0555555555554548,-1.1111111111110101,0.47370919751777746,legacy_drawdown;legacy_rolling_pf,5.979643594153893,-6.311846016050729,901.6447259637426,895.3328799476919,False,S1_000027,0
SECONDARY_W0_2018_2020,S1,153378,153468,2018-06-08T04:17:00,2018-06-08T05:47:00,2018-06-08T04:17:00,2018-06-08T05:47:00,93,1296.76,1297.01,1.5,0.6,timeout,False,0.25,30.0,False,5.0,0.2777777777777778,-0.11111111111111116,-0.1666666666666667,0.4679299653319511,legacy_drawdown;legacy_rolling_pf,5.8653431686427115,-0.6517047965158571,895.3328799476919,894.681175151176,False,S1_000028,0
SECONDARY_W0_2018_2020,S1,153605,153626,2018-06-08T08:04:00,2018-06-08T08:25:00,2018-06-08T08:04:00,2018-06-08T08:25:00,97,1296.51,1295.91,1.5,0.6,stop_loss,False,-0.599999999999909,30.0,False,5.0,-0.6666666666665657,-1.0555555555554548,-1.1111111111110101,0.25703328941310993,legacy_drawdown;legacy_loss_streak;legacy_rolling_pf,3.2194798359513093,-3.3983398268371685,894.681175151176,891.2828353243389,False,S1_000029,0
SECONDARY_W0_2018_2020,S1,154703,154770,2018-06-11T03:24:00,2018-06-11T04:31:00,2018-06-11T03:24:00,2018-06-11T04:31:00,99,1298.98,1300.48,1.5,0.6,take_profit,False,1.5,30.0,False,5.0,1.6666666666666667,1.277777777777778,1.2222222222222225,0.25532192206184223,legacy_drawdown;legacy_loss_streak;legacy_rolling_pf,3.185896652620341,4.07086794501488,891.2828353243389,895.3537032693538,True,S1_000030,0
SECONDARY_W0_2018_2020,S1,156001,156009,2018-06-12T02:04:00,2018-06-12T02:12:00,2018-06-12T02:04:00,2018-06-12T02:12:00,104,1299.34,1298.74,1.5,0.6,stop_loss,False,-0.599999999999909,30.0,False,5.0,-0.6666666666665657,-1.0555555555554548,-1.1111111111110101,0.46794903151488043,legacy_drawdown;legacy_rolling_pf,5.865718576314181,-6.191591830553266,895.3537032693538,889.1621114388005,False,S1_000031,0
SECONDARY_W0_2018_2020,S1,156058,156069,2018-06-12T03:01:00,2018-06-12T03:12:00,2018-06-12T03:01:00,2018-06-12T03:12:00,108,1297.69,1297.0900000000001,1.5,0.6,stop_loss,False,-0.599999999999909,30.0,False,5.0,-0.6666666666665657,-1.0555555555554548,-1.1111111111110101,0.4622799060803181,legacy_drawdown;legacy_rolling_pf,5.754584883125484,-6.074284043298542,889.1621114388005,883.0878273955019,False,S1_000032,0
SECONDARY_W0_2018_2020,S1,157437,157490,2018-06-13T03:01:00,2018-06-13T03:54:00,2018-06-13T03:01:00,2018-06-13T03:54:00,110,1295.51,1294.91,1.5,0.6,stop_loss,False,-0.599999999999909,30.0,False,5.0,-0.6666666666665657,-1.0555555555554548,-1.1111111111110101,0.45671818962532007,legacy_drawdown;legacy_rolling_pf,5.64651183331523,-5.960206935165507,883.0878273955019,877.1276204603364,False,S1_000033,0
SECONDARY_W0_2018_2020,S1,158859,158893,2018-06-14T03:45:00,2018-06-14T04:19:00,2018-06-14T03:45:00,2018-06-14T04:19:00,113,1298.77,1298.17,1.5,0.6,stop_loss,False,-0.599999999999909,30.0,False,5.0,-0.6666666666665657,-1.0555555555554548,-1.1111111111110101,0.2481935082472123,legacy_drawdown;legacy_loss_streak;legacy_rolling_pf,3.0477633382361233,-3.2170835236933786,877.1276204603364,873.910536936643,False,S1_000034,0
SECONDARY_W0_2018_2020,S1,164329,164334,2018-06-20T03:01:00,2018-06-20T03:06:00,2018-06-20T03:01:00,2018-06-20T03:06:00,117,1274.76,1274.16,1.5,0.6,stop_loss,False,-0.599999999999909,30.0,False,5.0,-0.6666666666665657,-1.0555555555554548,-1.1111111111110101,0.24657341961885573,legacy_drawdown;legacy_loss_streak;legacy_rolling_pf,3.0167635334678575,-3.184361507549101,873.910536936643,870.7261754290939,False,S1_000035,0
SECONDARY_W0_2018_2020,S1,169844,169934,2018-06-26T03:01:00,2018-06-26T04:31:00,2018-06-26T03:01:00,2018-06-26T04:31:00,121,1266.21,1266.72,1.5,0.6,timeout,False,0.5099999999999909,30.0,False,5.0,0.5666666666666567,0.17777777777776765,0.1222222222222121,0.24496980944555383,legacy_drawdown;legacy_loss_streak;legacy_rolling_pf,2.986222753837694,0.530884045126671,870.7261754290939,871.2570594742206,True,S1_000036,0
SECONDARY_W0_2018_2020,S1,169941,169948,2018-06-26T04:38:00,2018-06-26T04:45:00,2018-06-26T04:38:00,2018-06-26T04:45:00,125,1266.7,1266.1000000000001,1.5,0.6,stop_loss,False,-0.599999999999909,30.0,False,5.0,-0.6666666666665657,-1.0555555555554548,-1.1111111111110101,0.44588573988243274,legacy_drawdown;legacy_rolling_pf,5.438735380280377,-5.740887345850961,871.2570594742206,865.5161721283696,False,S1_000037,0
SECONDARY_W0_2018_2020,S1,169953,169957,2018-06-26T04:50:00,2018-06-26T04:54:00,2018-06-26T04:50:00,2018-06-26T04:54:00,126,1266.1,1265.5,1.5,0.6,stop_loss,False,-0.599999999999909,30.0,False,5.0,-0.6666666666665657,-1.0555555555554548,-1.1111111111110101,0.4406292870412234,legacy_drawdown;legacy_rolling_pf,5.339204833866012,-5.635827324635808,865.5161721283696,859.8803448037338,False,S1_000038,0
SECONDARY_W0_2018_2020,S1,169960,169964,2018-06-26T04:57:00,2018-06-26T05:01:00,2018-06-26T04:57:00,2018-06-26T05:01:00,126,1265.64,1265.0400000000002,1.5,0.6,stop_loss,False,-0.599999999999909,30.0,False,5.0,-0.6666666666665657,-1.0555555555554548,-1.1111111111110101,0.43546902891935707,legacy_drawdown;legacy_rolling_pf,5.242317622339335,-5.533557490246547,859.8803448037338,854.3467873134873,False,S1_000039,1
SECONDARY_W0_2018_2020,S1,171227,171282,2018-06-27T03:05:00,2018-06-27T04:00:00,2018-06-27T03:05:00,2018-06-27T04:00:00,127,1257.72,1259.22,1.5,0.6,take_profit,False,1.5,30.0,False,5.0,1.6666666666666667,1.277777777777778,1.2222222222222225,0.2367213259262114,legacy_drawdown;legacy_loss_streak;legacy_rolling_pf,2.8313894601110667,3.617886532364141,854.3467873134873,857.9646738458515,True,S1_000040,0
SECONDARY_W0_2018_2020,S1,171336,171345,2018-06-27T04:54:00,2018-06-27T05:03:00,2018-06-27T04:54:00,2018-06-27T05:03:00,131,1255.07,1254.3374285714285,1.5,0.732571428571438,stop_loss,False,-0.7325714285714184,30.0,False,5.0,-0.7094631986718155,-1.048422800221342,-1.0968456004427027,0.4337150084269222,legacy_drawdown;legacy_rolling_pf,5.209570180458771,-5.461832156546187,857.9646738458515,852.5028416893053,False,S1_000041,0
SECONDARY_W0_2018_2020,S1,174060,174065,2018-06-29T04:20:00,2018-06-29T04:25:00,2018-06-29T04:20:00,2018-06-29T04:25:00,134,1247.74,1247.14,1.5,0.6,stop_loss,False,-0.599999999999909,30.0,False,5.0,-0.6666666666665657,-1.0555555555554548,-1.1111111111110101,0.42871406320227246,legacy_drawdown;legacy_rolling_pf,5.1167194001294805,-5.400981589025047,852.5028416893053,847.1018601002803,False,S1_000042,0
SECONDARY_W0_2018_2020,S1,176751,176800,2018-07-03T03:15:00,2018-07-03T04:04:00,2018-07-03T03:15:00,2018-07-03T04:04:00,135,1241.87,1241.27,1.5,0.6,stop_loss,False,-0.599999999999909,30.0,False,5.0,-0.6666666666665657,-1.0555555555554548,-1.1111111111110101,0.4237688337789032,legacy_drawdown;legacy_rolling_pf,5.025655142852895,-5.304858206344217,847.1018601002803,841.7970018939361,False,S1_000043,0
SECONDARY_W0_2018_2020,S1,182080,182116,2018-07-09T04:16:00,2018-07-09T04:52:00,2018-07-09T04:16:00,2018-07-09T04:52:00,143,1256.16,1257.66,1.5,0.6,take_profit,False,1.5,30.0,False,5.0,1.6666666666666667,1.277777777777778,1.2222222222222225,0.23040138909622573,legacy_drawdown;legacy_loss_streak;legacy_rolling_pf,2.7153167800276146,3.469571441146397,841.7970018939361,845.2665733350825,True,S1_000044,0
SECONDARY_W0_2018_2020,S1,183419,183452,2018-07-10T03:37:00,2018-07-10T04:10:00,2018-07-10T03:37:00,2018-07-10T04:10:00,144,1257.74,1259.24,1.5,0.6,take_profit,False,1.5,30.0,False,5.0,1.6666666666666667,1.277777777777778,1.2222222222222225,0.4220884144029107,legacy_drawdown;legacy_rolling_pf,4.994881187615013,6.382348184174739,845.2665733350825,851.6489215192572,True,S1_000045,0
SECONDARY_W0_2018_2020,S1,188886,188939,2018-07-16T02:49:00,2018-07-16T03:42:00,2018-07-16T02:49:00,2018-07-16T03:42:00,146,1241.03,1242.53,1.5,0.6,take_profit,False,1.5,30.0,False,5.0,1.6666666666666667,1.277777777777778,1.2222222222222225,0.42793219955757655,legacy_drawdown;legacy_rolling_pf,5.102271947312031,6.519569710454262,851.6489215192572,858.1684912297114,True,S1_000046,0
SECONDARY_W0_2018_2020,S1,190254,190306,2018-07-17T02:41:00,2018-07-17T03:33:00,2018-07-17T02:41:00,2018-07-17T03:33:00,150,1240.28,1239.68,1.5,0.6,stop_loss,False,-0.599999999999909,30.0,False,5.0,-0.6666666666665657,-1.0555555555554548,-1.1111111111110101,0.43390162704560187,legacy_drawdown;legacy_rolling_pf,5.213049864733775,-5.502663746107348,858.1684912297114,852.6658274836041,False,S1_000047,0
SECONDARY_W0_2018_2020,S1,190309,190330,2018-07-17T03:36:00,2018-07-17T03:57:00,2018-07-17T03:36:00,2018-07-17T03:57:00,152,1239.56,1238.96,1.5,0.6,stop_loss,False,-0.599999999999909,30.0,False,5.0,-0.6666666666665657,-1.0555555555554548,-1.1111111111110101,0.42886329573200277,legacy_drawdown;legacy_rolling_pf,5.1194790770574325,-5.403894581337885,852.6658274836041,847.2619329022662,False,S1_000048,0
SECONDARY_W0_2018_2020,S1,190334,190339,2018-07-17T04:01:00,2018-07-17T04:06:00,2018-07-17T04:01:00,2018-07-17T04:06:00,152,1239.26,1238.66,1.5,0.6,stop_loss,False,-0.599999999999909,30.0,False,5.0,-0.6666666666665657,-1.0555555555554548,-1.1111111111110101,0.4239153991239638,legacy_drawdown;legacy_rolling_pf,5.028343326283273,-5.3076957332985035,847.2619329022662,841.9542371689677,False,S1_000049,1
SECONDARY_W0_2018_2020,S1,191606,191640,2018-07-18T02:17:00,2018-07-18T02:51:00,2018-07-18T02:17:00,2018-07-18T02:51:00,156,1227.6,1227.0,1.5,0.6,stop_loss,False,-0.599999999999909,30.0,False,5.0,-0.6666666666665657,-1.0555555555554548,-1.1111111111110101,0.23048057108798287,legacy_drawdown;legacy_loss_streak;legacy_rolling_pf,2.716757307777109,-2.867688269320008,841.9542371689677,839.0865488996477,False,S1_000050,0
SECONDARY_W0_2018_2020,S1,192936,192966,2018-07-19T01:28:00,2018-07-19T01:58:00,2018-07-19T01:28:00,2018-07-19T01:58:00,160,1226.95,1226.3500000000001,1.5,0.6,stop_loss,False,-0.599999999999909,30.0,False,5.0,-0.6666666666665657,-1.0555555555554548,-1.1111111111110101,0.22903643414824218,legacy_drawdown;legacy_loss_streak;legacy_rolling_pf,2.6905394754242193,-2.840013890725294,839.0865488996477,836.2465350089224,False,S1_000051,0
SECONDARY_W0_2018_2020,S1,197128,197194,2018-07-24T02:25:00,2018-07-24T03:31:00,2018-07-24T02:25:00,2018-07-24T03:31:00,166,1223.88,1223.2800000000002,1.5,0.6,stop_loss,False,-0.599999999999909,30.0,False,5.0,-0.6666666666665657,-1.0555555555554548,-1.1111111111110101,0.22760623372762753,legacy_drawdown;legacy_loss_streak;legacy_rolling_pf,2.6646889402162324,-2.8127272146724214,836.2465350089224,833.4338077942499,False,S1_000052,0
SECONDARY_W0_2018_2020,S1,202654,202668,2018-07-30T02:38:00,2018-07-30T02:52:00,2018-07-30T02:38:00,2018-07-30T02:52:00,174,1222.84,1222.24,1.5,0.6,stop_loss,False,-0.599999999999909,30.0,False,5.0,-0.6666666666665657,-1.0555555555554548,-1.1111111111110101,0.2261897745833127,legacy_drawdown;legacy_loss_streak;legacy_rolling_pf,2.639198871611307,-2.7858210311450025,833.4338077942499,830.6479867631049,False,S1_000053,0
SECONDARY_W0_2018_2020,S1,202789,202824,2018-07-30T04:53:00,2018-07-30T05:28:00,2018-07-30T04:53:00,2018-07-30T05:28:00,179,1221.6,1221.0,1.5,0.6,stop_loss,False,-0.599999999999909,30.0,False,5.0,-0.6666666666665657,-1.0555555555554548,-1.1111111111110101,0.22478686510335835,legacy_drawdown;legacy_loss_streak;legacy_rolling_pf,2.6140625972845197,-2.7592882971333963,830.6479867631049,827.8886984659715,False,S1_000054,0
SECONDARY_W0_2018_2020,S1,210982,211007,2018-08-07T03:35:00,2018-08-07T04:00:00,2018-08-07T03:35:00,2018-08-07T04:00:00,181,1208.0,1209.5,1.5,0.6,take_profit,False,1.5,30.0,False,5.0,1.6666666666666667,1.277777777777778,1.2222222222222225,0.22339731722260858,legacy_drawdown;legacy_loss_streak;legacy_rolling_pf,2.589273598747013,3.3085162650656277,827.8886984659715,831.1972147310371,True,S1_000055,0
SECONDARY_W0_2018_2020,S1,211043,211057,2018-08-07T04:36:00,2018-08-07T04:50:00,2018-08-07T04:36:00,2018-08-07T04:50:00,183,1208.61,1208.01,1.5,0.6,stop_loss,False,-0.599999999999909,30.0,False,5.0,-0.6666666666665657,-1.0555555555554548,-1.1111111111110101,0.4092062734457857,legacy_drawdown;legacy_rolling_pf,4.761835606340459,-5.026382028914449,831.1972147310371,826.1708327021227,False,S1_000056,0
SECONDARY_W0_2018_2020,S1,211059,211064,2018-08-07T04:52:00,2018-08-07T04:57:00,2018-08-07T04:52:00,2018-08-07T04:57:00,186,1208.27,1207.67,1.5,0.6,stop_loss,False,-0.599999999999909,30.0,False,5.0,-0.6666666666665657,-1.0555555555554548,-1.1111111111110101,0.4046040336690401,legacy_drawdown;legacy_rolling_pf,4.679808719753839,-4.939798093073025,826.1708327021227,821.2310346090496,False,S1_000057,0
SECONDARY_W0_2018_2020,S1,211066,211116,2018-08-07T04:59:00,2018-08-07T05:49:00,2018-08-07T04:59:00,2018-08-07T05:49:00,186,1208.41,1209.91,1.5,0.6,take_profit,False,1.5,30.0,False,5.0,1.6666666666666667,1.277777777777778,1.2222222222222225,0.40008107159766265,legacy_drawdown;legacy_rolling_pf,4.599825892979041,5.877555307695442,821.2310346090496,827.108589916745,True,S1_000058,1
SECONDARY_W0_2018_2020,S1,212328,212340,2018-08-08T03:02:00,2018-08-08T03:14:00,2018-08-08T03:02:00,2018-08-08T03:14:00,187,1212.65,1212.0500000000002,1.5,0.6,stop_loss,False,-0.599999999999909,30.0,False,5.0,-0.6666666666665657,-1.0555555555554548,-1.1111111111110101,0.4054626599193406,legacy_drawdown;legacy_rolling_pf,4.6950630847368995,-4.955899922777365,827.108589916745,822.1526899939677,False,S1_000059,0
SECONDARY_W0_2018_2020,S1,212387,212418,2018-08-08T04:01:00,2018-08-08T04:32:00,2018-08-08T04:01:00,2018-08-08T04:32:00,188,1211.17,1212.67,1.5,0.6,take_profit,False,1.5,30.0,False,5.0,1.6666666666666667,1.277777777777778,1.2222222222222225,0.4009249547423423,legacy_drawdown;legacy_rolling_pf,4.614701420379771,5.896562926040819,822.1526899939677,828.0492529200085,True,S1_000060,0
SECONDARY_W0_2018_2020,S1,213707,213797,2018-08-09T03:02:00,2018-08-09T04:32:00,2018-08-09T03:02:00,2018-08-09T04:32:00,191,1213.37,1213.19,1.5,0.6,timeout,False,-0.1799999999998363,30.0,False,5.0,-0.19999999999981813,-0.5888888888887072,-0.6444444444442626,0.4063239467585082,legacy_drawdown;legacy_rolling_pf,4.710387367796488,-2.773894783257076,828.0492529200085,825.2753581367514,False,S1_000061,0
SECONDARY_W0_2018_2020,S1,216518,216523,2018-08-13T04:01:00,2018-08-13T04:06:00,2018-08-13T04:01:00,2018-08-13T04:06:00,194,1209.4,1208.8000000000002,1.5,0.6,stop_loss,False,-0.599999999999909,30.0,False,5.0,-0.6666666666665657,-1.0555555555554548,-1.1111111111110101,0.4037841221223035,legacy_drawdown;legacy_rolling_pf,4.66526320392185,-4.924444493028149,825.2753581367514,820.3509136437232,False,S1_000062,0
SECONDARY_W0_2018_2020,S1,216529,216549,2018-08-13T04:12:00,2018-08-13T04:32:00,2018-08-13T04:12:00,2018-08-13T04:32:00,195,1209.32,1208.5965714285712,1.5,0.7234285714286152,stop_loss,False,-0.7234285714287125,30.0,False,5.0,-0.7068676716919,-1.048855388051461,-1.0977107761028269,0.3992752180649084,legacy_drawdown;legacy_rolling_pf,4.585641059087822,-4.80967433249427,820.3509136437232,815.5412393112289,False,S1_000063,0
SECONDARY_W0_2018_2020,S1,217836,217896,2018-08-14T03:02:00,2018-08-14T04:02:00,2018-08-14T03:02:00,2018-08-14T04:02:00,199,1192.44,1193.94,1.5,0.6,take_profit,False,1.5,30.0,False,5.0,1.6666666666666667,1.277777777777778,1.2222222222222225,0.21717926972139542,legacy_drawdown;legacy_loss_streak;legacy_rolling_pf,2.4796611109381224,3.16845586397649,815.5412393112289,818.7096951752054,True,S1_000064,0
SECONDARY_W0_2018_2020,S1,217919,217937,2018-08-14T04:25:00,2018-08-14T04:43:00,2018-08-14T04:25:00,2018-08-14T04:43:00,201,1193.33,1194.83,1.5,0.6,take_profit,False,1.5,30.0,False,5.0,1.6666666666666667,1.277777777777778,1.2222222222222225,0.39777249087969024,legacy_drawdown;legacy_rolling_pf,4.559242726600707,5.8256990395453485,818.7096951752054,824.5353942147508,True,S1_000065,0
SECONDARY_W0_2018_2020,S1,219160,219199,2018-08-15T02:14:00,2018-08-15T02:53:00,2018-08-15T02:14:00,2018-08-15T02:53:00,203,1194.05,1193.45,1.5,0.6,stop_loss,False,-0.599999999999909,30.0,False,5.0,-0.6666666666665657,-1.0555555555554548,-1.1111111111110101,0.40310659873160276,legacy_drawdown;legacy_rolling_pf,4.653259216140212,-4.911773617036421,824.5353942147508,819.6236205977144,False,S1_000066,0
SECONDARY_W0_2018_2020,S1,219203,219229,2018-08-15T02:57:00,2018-08-15T03:23:00,2018-08-15T02:57:00,2018-08-15T03:23:00,204,1193.75,1193.15,1.5,0.6,stop_loss,False,-0.599999999999909,30.0,False,5.0,-0.6666666666665657,-1.0555555555554548,-1.1111111111110101,0.398609296341005,legacy_drawdown;legacy_rolling_pf,4.573934325392905,-4.828041787914272,819.6236205977144,814.7955788098002,False,S1_000067,0
SECONDARY_W0_2018_2020,S1,219230,219232,2018-08-15T03:24:00,2018-08-15T03:26:00,2018-08-15T03:24:00,2018-08-15T03:26:00,204,1193.34,1192.74,1.5,0.6,stop_loss,False,-0.599999999999909,30.0,False,5.0,-0.6666666666665657,-1.0555555555554548,-1.1111111111110101,0.39418866021897747,legacy_drawdown;legacy_rolling_pf,4.49656448588734,-4.746373623991739,814.7955788098002,810.0492051858084,False,S1_000068,1
SECONDARY_W0_2018_2020,S1,220634,220636,2018-08-16T03:50:00,2018-08-16T03:52:00,2018-08-16T03:50:00,2018-08-16T03:52:00,209,1162.04,1163.6027857142856,1.5627857142857076,1.923428571428563,take_profit,False,1.56278571428561,30.0,False,5.0,0.7028720123361162,0.5454574659470125,0.5229696736057121,0.21441354046145844,legacy_drawdown;legacy_loss_streak;legacy_rolling_pf,2.431597252446314,1.3263328755230845,810.0492051858084,811.3755380613316,True,S1_000069,0
SECONDARY_W0_2018_2020,S1,220639,220646,2018-08-16T03:55:00,2018-08-16T04:02:00,2018-08-16T03:55:00,2018-08-16T04:02:00,209,1165.14,1166.9395714285715,1.7995714285714177,2.2148571428571295,take_profit,False,1.7995714285714257,30.0,False,5.0,0.7155760054533088,0.5764030902067732,0.5565212451715538,0.3910572134884765,legacy_drawdown;legacy_rolling_pf,4.442119598097687,2.560451463411576,811.3755380613316,813.9359895247431,True,S1_000070,1
SECONDARY_W0_2018_2020,S1,239525,239585,2018-09-05T02:05:00,2018-09-05T03:13:00,2018-09-05T02:05:00,2018-09-05T03:13:00,210,1191.99,1191.39,1.5,0.6,stop_loss,False,-0.599999999999909,30.0,False,5.0,-0.6666666666665657,-1.0555555555554548,-1.1111111111110101,0.39340160583739714,legacy_drawdown;legacy_rolling_pf,4.482852154590387,-4.731899496511623,813.9359895247431,809.2040900282316,False,S1_000071,0
SECONDARY_W0_2018_2020,S1,239586,239651,2018-09-05T03:14:00,2018-09-05T04:19:00,2018-09-05T03:14:00,2018-09-05T04:19:00,219,1191.21,1192.71,1.5,0.6,take_profit,False,1.5,30.0,False,5.0,1.6666666666666667,1.277777777777778,1.2222222222222225,0.389068999211571,legacy_drawdown;legacy_rolling_pf,4.407707156512717,5.632070255544027,809.2040900282316,814.8361602837756,True,S1_000072,0
SECONDARY_W0_2018_2020,S1,243706,243707,2018-09-10T03:26:00,2018-09-10T03:27:00,2018-09-10T03:26:00,2018-09-10T03:27:00,221,1195.09,1194.49,1.5,0.6,stop_loss,False,-0.599999999999909,30.0,False,5.0,-0.6666666666665657,-1.0555555555554548,-1.1111111111110101,0.3942258172978972,legacy_drawdown;legacy_rolling_pf,4.497212317524525,-4.747057446275434,814.8361602837756,810.0891028375001,False,S1_000073,0
SECONDARY_W0_2018_2020,S1,245103,245141,2018-09-11T04:04:00,2018-09-11T04:42:00,2018-09-11T04:04:00,2018-09-11T04:42:00,222,1194.37,1193.77,1.5,0.6,stop_loss,False,-0.599999999999909,30.0,False,5.0,-0.6666666666665657,-1.0555555555554548,-1.1111111111110101,0.3898793317987708,legacy_drawdown;legacy_rolling_pf,4.421717973564505,-4.667368972095421,810.0891028375001,805.4217338654047,False,S1_000074,0
SECONDARY_W0_2018_2020,S1,245147,245200,2018-09-11T04:48:00,2018-09-11T05:41:00,2018-09-11T04:48:00,2018-09-11T05:41:00,230,1193.76,1193.16,1.5,0.6,stop_loss,False,-0.599999999999909,30.0,False,5.0,-0.6666666666665657,-1.0555555555554548,-1.1111111111110101,0.38560581040454345,legacy_drawdown;legacy_rolling_pf,4.348054205664426,-4.589612772645345,805.4217338654047,800.8321210927594,False,S1_000075,0
SECONDARY_W0_2018_2020,S1,250486,250492,2018-09-17T02:21:00,2018-09-17T02:28:00,2018-09-17T02:21:00,2018-09-17T02:28:00,231,1193.59,1192.99,1.5,0.6,stop_loss,False,-0.599999999999909,30.0,False,5.0,-0.6666666666665657,-1.0555555555554548,-1.1111111111110101,0.20977191614061655,legacy_drawdown;legacy_loss_streak;legacy_rolling_pf,2.351889239680154,-2.4825497529954808,800.8321210927594,798.3495713397639,False,S1_000076,0
SECONDARY_W0_2018_2020,S1,250612,250643,2018-09-17T04:30:00,2018-09-17T05:01:00,2018-09-17T04:30:00,2018-09-17T05:01:00,240,1194.44,1193.8400000000001,1.5,0.6,stop_loss,False,-0.599999999999909,30.0,False,5.0,-0.6666666666665657,-1.0555555555554548,-1.1111111111110101,0.2085217308114088,legacy_drawdown;legacy_loss_streak;legacy_rolling_pf,2.3306252817163937,-2.460104464033736,798.3495713397639,795.8894668757301,False,S1_000077,0
SECONDARY_W0_2018_2020,S1,253154,253189,2018-09-19T01:03:00,2018-09-19T01:38:00,2018-09-19T01:03:00,2018-09-19T01:38:00,242,1197.78,1199.28,1.5,0.6,take_profit,False,1.5,30.0,False,5.0,1.6666666666666667,1.277777777777778,1.2222222222222225,0.2072828486880828,legacy_drawdown;legacy_loss_streak;legacy_rolling_pf,2.309639303087772,2.951205776167709,795.8894668757301,798.8406726518979,True,S1_000078,0
SECONDARY_W0_2018_2020,S1,253331,253421,2018-09-19T04:01:00,2018-09-19T05:31:00,2018-09-19T04:01:00,2018-09-19T05:31:00,243,1198.35,1199.54,1.5,0.6,timeout,False,1.1900000000000546,30.0,False,5.0,1.322222222222283,0.933333333333394,0.8777777777778385,0.3795800802639039,legacy_drawdown;legacy_rolling_pf,4.245136093005898,3.962127020139095,798.8406726518979,802.8027996720369,True,S1_000079,0
SECONDARY_W0_2018_2020,S1,257319,257333,2018-09-24T02:01:00,2018-09-24T02:16:00,2018-09-24T02:01:00,2018-09-24T02:16:00,247,1197.65,1197.0500000000002,1.5,0.6,stop_loss,False,-0.599999999999909,30.0,False,5.0,-0.6666666666665657,-1.0555555555554548,-1.1111111111110101,0.38320787028617176,legacy_drawdown;legacy_rolling_pf,4.306964915709364,-4.546240744359451,802.8027996720369,798.2565589276775,False,S1_000080,0
SECONDARY_W0_2018_2020,S1,257358,257394,2018-09-24T02:41:00,2018-09-24T03:18:00,2018-09-24T02:41:00,2018-09-24T03:18:00,251,1197.85,1197.25,1.5,0.6,stop_loss,False,-0.599999999999909,30.0,False,5.0,-0.6666666666665657,-1.0555555555554548,-1.1111111111110101,0.37904525593095706,legacy_drawdown;legacy_rolling_pf,4.236055063482293,-4.471391455897549,798.2565589276775,793.7851674717799,False,S1_000081,0
SECONDARY_W0_2018_2020,S1,257396,257400,2018-09-24T03:20:00,2018-09-24T03:24:00,2018-09-24T03:20:00,2018-09-24T03:24:00,252,1197.29,1196.69,1.5,0.6,stop_loss,False,-0.599999999999909,30.0,False,5.0,-0.6666666666665657,-1.0555555555554548,-1.1111111111110101,0.3749511748409494,legacy_drawdown;legacy_rolling_pf,4.166829535608091,-4.398320065363676,793.7851674717799,789.3868474064162,False,S1_000082,0
SECONDARY_W0_2018_2020,S1,258761,258777,2018-09-25T03:16:00,2018-09-25T03:32:00,2018-09-25T03:16:00,2018-09-25T03:32:00,253,1198.92,1198.3200000000002,1.5,0.6,stop_loss,False,-0.599999999999909,30.0,False,5.0,-0.6666666666665657,-1.0555555555554548,-1.1111111111110101,0.20400819952862587,legacy_drawdown;legacy_loss_streak;legacy_rolling_pf,2.2545794525934557,-2.3798338666261984,789.3868474064162,787.00701353979,False,S1_000083,0
SECONDARY_W0_2018_2020,S1,260147,260153,2018-09-26T03:28:00,2018-09-26T03:36:00,2018-09-26T03:28:00,2018-09-26T03:36:00,258,1201.14,1200.5400000000002,1.5,0.6,stop_loss,False,-0.599999999999909,30.0,False,5.0,-0.6666666666665657,-1.0555555555554548,-1.1111111111110101,0.20280974081398465,legacy_drawdown;legacy_loss_streak;legacy_rolling_pf,2.2345776380871007,-2.3587208402028255,787.00701353979,784.6482926995872,False,S1_000084,0
SECONDARY_W0_2018_2020,S1,265486,265576,2018-10-02T01:04:00,2018-10-02T02:53:00,2018-10-02T01:04:00,2018-10-02T02:53:00,264,1188.75,1188.92,1.5,0.6,timeout,False,0.17000000000007276,30.0,False,5.0,0.18888888888896976,-0.19999999999991921,-0.25555555555547477,0.20162191439215357,legacy_drawdown;legacy_loss_streak;legacy_rolling_pf,2.2148320725807586,-0.4429664145159728,784.6482926995872,784.2053262850712,False,S1_000085,0
SECONDARY_W0_2018_2020,S1,268314,268404,2018-10-04T03:02:00,2018-10-04T04:32:00,2018-10-04T03:02:00,2018-10-04T04:32:00,266,1197.85,1198.15,1.5,0.6,timeout,False,0.3000000000001819,30.0,False,5.0,0.3333333333335355,-0.055555555555353485,-0.11111111111090903,0.20139884127464958,legacy_drawdown;legacy_loss_streak;legacy_rolling_pf,2.211132616493106,-0.12284070091583686,784.2053262850712,784.0824855841554,False,S1_000086,0
SECONDARY_W0_2018_2020,S1,273672,273762,2018-10-10T01:55:00,2018-10-10T03:32:00,2018-10-10T01:55:00,2018-10-10T03:32:00,267,1189.35,1189.89,1.5,0.6,timeout,False,0.540000000000191,30.0,False,5.0,0.6000000000002123,0.2111111111113233,0.15555555555576775,0.20133698002013523,legacy_drawdown;legacy_loss_streak;legacy_rolling_pf,2.210107196278731,0.4665781858815344,784.0824855841554,784.5490637700369,True,S1_000087,0
SECONDARY_W0_2018_2020,S1,304012,304056,2018-11-09T04:53:00,2018-11-09T05:37:00,2018-11-09T04:53:00,2018-11-09T05:37:00,268,1220.59,1219.99,1.5,0.6,stop_loss,False,-0.599999999999909,30.0,False,5.0,-0.6666666666665657,-1.0555555555554548,-1.1111111111110101,0.36649444322091196,legacy_drawdown;legacy_rolling_pf,4.025460212282424,-4.249096890742154,784.5490637700369,780.2999668792947,False,S1_000088,0
SECONDARY_W0_2018_2020,S1,305288,305319,2018-11-12T03:13:00,2018-11-12T03:44:00,2018-11-12T03:13:00,2018-11-12T03:44:00,269,1209.51,1211.01,1.5,0.6,take_profit,False,1.5,30.0,False,5.0,1.6666666666666667,1.277777777777778,1.2222222222222225,0.36260389876700316,legacy_drawdown;legacy_rolling_pf,3.96115734277474,5.061478826878835,780.2999668792947,785.3614457061735,True,S1_000089,0
SECONDARY_W0_2018_2020,S1,305351,305361,2018-11-12T04:16:00,2018-11-12T04:26:00,2018-11-12T04:16:00,2018-11-12T04:26:00,271,1210.79,1210.19,1.5,0.6,stop_loss,False,-0.599999999999909,30.0,False,5.0,-0.6666666666665657,-1.0555555555554548,-1.1111111111110101,0.36723827376122703,legacy_drawdown;legacy_rolling_pf,4.037806942396595,-4.26212955030711,785.3614457061735,781.0993161558664,False,S1_000090,0
SECONDARY_W0_2018_2020,S1,305368,305458,2018-11-12T04:33:00,2018-11-12T06:03:00,2018-11-12T04:33:00,2018-11-12T06:03:00,273,1210.51,1210.33,1.5,0.6,timeout,False,-0.18000000000006366,30.0,False,5.0,-0.20000000000007076,-0.5888888888889597,-0.6444444444445153,0.36333579638540714,legacy_drawdown;legacy_rolling_pf,3.973218789282241,-2.339784398133157,781.0993161558664,778.7595317577333,False,S1_000091,0
SECONDARY_W0_2018_2020,S1,306732,306822,2018-11-13T04:26:00,2018-11-13T05:56:00,2018-11-13T04:26:00,2018-11-13T05:56:00,278,1203.81,1204.9,1.5,0.6,timeout,False,1.0900000000001455,30.0,False,5.0,1.211111111111273,0.822222222222384,0.7666666666668284,0.36119345050637286,legacy_drawdown;legacy_rolling_pf,3.937959793464241,3.2378780524045685,778.7595317577333,781.9974098101378,True,S1_000092,0
SECONDARY_W0_2018_2020,S1,308101,308191,2018-11-14T04:28:00,2018-11-14T05:58:00,2018-11-14T04:28:00,2018-11-14T05:58:00,280,1203.18,1203.73,1.5,0.6,timeout,False,0.5499999999999545,30.0,False,5.0,0.6111111111110606,0.22222222222217167,0.16666666666661614,0.36415810601391413,legacy_drawdown;legacy_rolling_pf,3.98678973929945,0.8859532753996763,781.9974098101378,782.8833630855374,True,S1_000093,0
SECONDARY_W0_2018_2020,S1,321288,321378,2018-11-28T03:18:00,2018-11-28T04:50:00,2018-11-28T03:18:00,2018-11-28T04:50:00,283,1214.34,1215.02,1.5,0.6,timeout,False,0.6800000000000637,30.0,False,5.0,0.7555555555556264,0.3666666666667374,0.31111111111118184,0.36496929970769365,legacy_drawdown;legacy_rolling_pf,4.000197498893858,1.466739082928031,782.8833630855374,784.3501021684655,True,S1_000094,0
SECONDARY_W0_2018_2020,S1,321383,321438,2018-11-28T04:55:00,2018-11-28T05:51:00,2018-11-28T04:55:00,2018-11-28T05:51:00,289,1214.92,1214.3200000000002,1.5,0.6,stop_loss,False,-0.599999999999909,30.0,False,5.0,-0.6666666666665657,-1.0555555555554548,-1.1111111111110101,0.3663122706380224,legacy_drawdown;legacy_rolling_pf,4.022438936606936,-4.245907766418028,784.3501021684655,780.1041944020475,False,S1_000095,0
SECONDARY_W0_2018_2020,S1,337887,337977,2018-12-14T04:54:00,2018-12-14T06:24:00,2018-12-14T04:54:00,2018-12-14T06:24:00,292,1241.97,1241.63,1.5,0.6,timeout,False,-0.33999999999991815,30.0,False,5.0,-0.37777777777768684,-0.7666666666665759,-0.8222222222221314,0.362424646199889,legacy_drawdown;legacy_rolling_pf,3.9582058131729614,-3.034624456765578,780.1041944020475,777.069569945282,False,S1_000096,0
SECONDARY_W0_2018_2020,S1,368163,368189,2019-01-18T08:51:00,2019-01-18T09:17:00,2019-01-18T08:51:00,2019-01-18T09:17:00,312,1291.69,1291.0900000000001,1.5,0.6,stop_loss,False,-0.599999999999909,30.0,False,5.0,-0.6666666666665657,-1.0555555555554548,-1.1111111111110101,0.3596460930970666,legacy_drawdown;legacy_rolling_pf,3.912580488536137,-4.129946071232195,777.069569945282,772.9396238740497,False,S1_000097,0
SECONDARY_W0_2018_2020,S1,370357,370385,2019-01-22T03:32:00,2019-01-22T04:00:00,2019-01-22T03:32:00,2019-01-22T04:00:00,313,1279.24,1278.64,1.5,0.6,stop_loss,False,-0.599999999999909,30.0,False,5.0,-0.6666666666665657,-1.0555555555554548,-1.1111111111110101,0.19572555482369927,legacy_drawdown;legacy_loss_streak;legacy_rolling_pf,2.1179765141915774,-2.235641876090896,772.9396238740497,770.7039819979589,False,S1_000098,0
SECONDARY_W0_2018_2020,S1,388327,388339,2019-02-08T04:51:00,2019-02-08T05:03:00,2019-02-08T04:51:00,2019-02-08T05:03:00,315,1309.97,1309.3700000000001,1.5,0.6,stop_loss,False,-0.599999999999909,30.0,False,5.0,-0.6666666666665657,-1.0555555555554548,-1.1111111111110101,0.19459970964316312,legacy_drawdown;legacy_loss_streak;legacy_rolling_pf,2.099702795646854,-2.2163529509603563,770.7039819979589,768.4876290469986,False,S1_000099,0
SECONDARY_W0_2018_2020,S1,392425,392515,2019-02-13T04:26:00,2019-02-13T05:56:00,2019-02-13T04:26:00,2019-02-13T05:56:00,317,1312.19,1312.85,1.5,0.6,timeout,False,0.6599999999998545,30.0,False,5.0,0.7333333333331717,0.34444444444428274,0.2888888888887272,0.1934835781576638,legacy_drawdown;legacy_loss_streak;legacy_rolling_pf,2.0816563073307774,0.7170149503024867,768.4876290469986,769.2046439973011,True,S1_000100,0
SECONDARY_W0_2018_2020,S1,392646,392712,2019-02-13T08:07:00,2019-02-13T09:13:00,2019-02-13T08:07:00,2019-02-13T09:13:00,318,1313.39,1312.7900000000002,1.5,0.6,stop_loss,False,-0.599999999999909,30.0,False,5.0,-0.6666666666665657,-1.0555555555554548,-1.1111111111110101,0.3524448348499345,legacy_drawdown;legacy_rolling_pf,3.7954308520720406,-4.006288121631216,769.2046439973011,765.1983558756699,False,S1_000101,0
SECONDARY_W0_2018_2020,S1,397668,397758,2019-02-19T04:18:00,2019-02-19T05:48:00,2019-02-19T04:18:00,2019-02-19T05:48:00,332,1324.99,1324.97,1.5,0.6,timeout,False,-0.01999999999998181,30.0,False,5.0,-0.022222222222202014,-0.411111111111091,-0.4666666666666465,0.34877661018169204,legacy_drawdown;legacy_rolling_pf,3.736366041504883,-1.5360615948408212,765.1983558756699,763.6622942808291,False,S1_000102,0
SECONDARY_W0_2018_2020,S1,416966,417056,2019-03-11T04:02:00,2019-03-11T05:32:00,2019-03-11T04:02:00,2019-03-11T05:32:00,333,1296.13,1296.89,1.5,0.6,timeout,False,0.7599999999999909,30.0,False,5.0,0.8444444444444344,0.45555555555554544,0.3999999999999899,0.34737016639555696,legacy_drawdown;legacy_rolling_pf,3.7138289752808213,1.6918554220723365,763.6622942808291,765.3541497029014,True,S1_000103,0
SECONDARY_W0_2018_2020,S1,417226,417245,2019-03-11T08:23:00,2019-03-11T08:42:00,2019-03-11T08:23:00,2019-03-11T08:42:00,336,1298.74,1298.14,1.5,0.6,stop_loss,False,-0.599999999999909,30.0,False,5.0,-0.6666666666665657,-1.0555555555554548,-1.1111111111110101,0.34891925762562515,legacy_drawdown;legacy_rolling_pf,3.738655224290391,-3.9463582923061473,765.3541497029014,761.4077914105952,False,S1_000104,0
SECONDARY_W0_2018_2020,S1,418338,418406,2019-03-12T04:01:00,2019-03-12T05:09:00,2019-03-12T04:01:00,2019-03-12T05:09:00,338,1294.7,1296.2,1.5,0.6,take_profit,False,1.5,30.0,False,5.0,1.6666666666666667,1.277777777777778,1.2222222222222225,0.34530590571531206,legacy_drawdown;legacy_rolling_pf,3.680860498444234,4.703321748012077,761.4077914105952,766.1111131586073,True,S1_000105,0
SECONDARY_W0_2018_2020,S1,419713,419746,2019-03-13T04:07:00,2019-03-13T04:40:00,2019-03-13T04:07:00,2019-03-13T04:40:00,342,1304.19,1305.69,1.5,0.6,take_profit,False,1.5,30.0,False,5.0,1.6666666666666667,1.277777777777778,1.2222222222222225,0.3496123460748023,legacy_drawdown;legacy_rolling_pf,3.7497866507550266,4.791394053742534,766.1111131586073,770.9025072123499,True,S1_000106,0
SECONDARY_W0_2018_2020,S1,419762,419809,2019-03-13T04:56:00,2019-03-13T05:43:00,2019-03-13T04:56:00,2019-03-13T05:43:00,346,1305.21,1304.6100000000001,1.5,0.6,stop_loss,False,-0.599999999999909,30.0,False,5.0,-0.6666666666665657,-1.0555555555554548,-1.1111111111110101,0.3539994269161206,legacy_drawdown;legacy_rolling_pf,3.8205866406592133,-4.032841454028785,770.9025072123499,766.869665758321,False,S1_000107,0
SECONDARY_W0_2018_2020,S1,423851,423941,2019-03-18T04:21:00,2019-03-18T05:51:00,2019-03-18T04:21:00,2019-03-18T05:51:00,349,1298.93,1299.45,1.5,0.6,timeout,False,0.5199999999999818,30.0,False,5.0,0.5777777777777576,0.18888888888886865,0.1333333333333131,0.35030688957091427,legacy_drawdown;legacy_rolling_pf,3.7609561824531776,0.7104028344633019,766.869665758321,767.5800685927843,True,S1_000108,0
SECONDARY_W0_2018_2020,S1,425210,425238,2019-03-19T04:01:00,2019-03-19T04:29:00,2019-03-19T04:01:00,2019-03-19T04:29:00,350,1305.84,1307.34,1.5,0.6,take_profit,False,1.5,30.0,False,5.0,1.6666666666666667,1.277777777777778,1.2222222222222225,0.35095734633354636,legacy_drawdown;legacy_rolling_pf,3.7714300956058313,4.819049566607451,767.5800685927843,772.3991181593917,True,S1_000109,0
SECONDARY_W0_2018_2020,S1,425250,425340,2019-03-19T04:41:00,2019-03-19T06:11:00,2019-03-19T04:41:00,2019-03-19T06:11:00,351,1307.31,1307.35,1.5,0.6,timeout,False,0.03999999999996362,30.0,False,5.0,0.04444444444440403,-0.34444444444448497,-0.4000000000000405,0.3553697490267693,legacy_drawdown;legacy_rolling_pf,3.842821930763214,-1.3236386650408183,772.3991181593917,771.0754794943509,False,S1_000110,0
SECONDARY_W0_2018_2020,S1,426588,426603,2019-03-20T04:09:00,2019-03-20T04:24:00,2019-03-20T04:09:00,2019-03-20T04:24:00,366,1304.91,1304.3100000000002,1.5,0.6,stop_loss,False,-0.599999999999909,30.0,False,5.0,-0.6666666666665657,-1.0555555555554548,-1.1111111111110101,0.3541578032416606,legacy_drawdown;legacy_rolling_pf,3.8231535713172122,-4.035550991945561,771.0754794943509,767.0399285024054,False,S1_000111,0
SECONDARY_W0_2018_2020,S1,426604,426694,2019-03-20T04:25:00,2019-03-20T05:55:00,2019-03-20T04:25:00,2019-03-20T05:55:00,369,1304.4,1304.7,1.5,0.6,timeout,False,0.2999999999999545,30.0,False,5.0,0.33333333333328286,-0.05555555555560612,-0.11111111111116168,0.3504627849980456,legacy_drawdown;legacy_rolling_pf,3.7634652936671666,-0.2090814052039218,767.0399285024054,766.8308470972014,False,S1_000112,0
SECONDARY_W0_2018_2020,S1,426840,426866,2019-03-20T08:26:00,2019-03-20T08:52:00,2019-03-20T08:26:00,2019-03-20T08:52:00,372,1305.9,1305.3000000000002,1.5,0.6,stop_loss,False,-0.599999999999909,30.0,False,5.0,-0.6666666666665657,-1.0555555555554548,-1.1111111111110101,0.19264924060417332,legacy_drawdown;legacy_loss_streak;legacy_rolling_pf,2.0682113251118315,-2.1831119542845028,766.8308470972014,764.6477351429169,False,S1_000113,0
SECONDARY_W0_2018_2020,S1,440241,440247,2019-04-03T03:36:00,2019-04-03T03:42:00,2019-04-03T03:36:00,2019-04-03T03:42:00,375,1291.9,1291.3000000000002,1.5,0.6,stop_loss,False,-0.599999999999909,30.0,False,5.0,-0.6666666666665657,-1.0555555555554548,-1.1111111111110101,0.19154984892673713,legacy_drawdown;legacy_loss_streak;legacy_rolling_pf,2.050554214083164,-2.1644738926431333,764.6477351429169,762.4832612502737,False,S1_000114,0
SECONDARY_W0_2018_2020,S1,441583,441644,2019-04-04T03:02:00,2019-04-04T04:03:00,2019-04-04T03:02:00,2019-04-04T04:03:00,376,1292.05,1291.45,1.5,0.6,stop_loss,False,-0.599999999999909,30.0,False,5.0,-0.6666666666665657,-1.0555555555554548,-1.1111111111110101,0.19045984317649164,legacy_drawdown;legacy_loss_streak;legacy_rolling_pf,2.0331141930739784,-2.1460649815778834,762.4832612502737,760.3371962686958,False,S1_000115,0
SECONDARY_W0_2018_2020,S1,443020,443033,2019-04-05T04:04:00,2019-04-05T04:17:00,2019-04-05T04:04:00,2019-04-05T04:17:00,378,1291.72,1291.1200000000001,1.5,0.6,stop_loss,False,-0.599999999999909,30.0,False,5.0,-0.6666666666665657,-1.0555555555554548,-1.1111111111110101,0.18937910795567367,legacy_drawdown;legacy_loss_streak;legacy_rolling_pf,2.0158877196483704,-2.1278814818508547,760.3371962686958,758.209314786845,False,S1_000116,0
SECONDARY_W0_2018_2020,S1,444329,444382,2019-04-08T03:01:00,2019-04-08T03:54:00,2019-04-08T03:01:00,2019-04-08T03:54:00,380,1291.79,1293.29,1.5,0.6,take_profit,False,1.5,30.0,False,5.0,1.6666666666666667,1.277777777777778,1.2222222222222225,0.18830752974956005,legacy_drawdown;legacy_loss_streak;legacy_rolling_pf,1.998871323408643,2.5541133576888218,758.209314786845,760.7634281445338,True,S1_000117,0
SECONDARY_W0_2018_2020,S1,444412,444421,2019-04-08T04:24:00,2019-04-08T04:33:00,2019-04-08T04:24:00,2019-04-08T04:33:00,386,1293.62,1295.12,1.5,0.6,take_profit,False,1.5,30.0,False,5.0,1.6666666666666667,1.277777777777778,1.2222222222222225,0.3447159158902884,legacy_drawdown;legacy_rolling_pf,3.6714616667214997,4.6913121296996945,760.7634281445338,765.4547402742335,True,S1_000118,0
SECONDARY_W0_2018_2020,S1,445709,445715,2019-04-09T03:02:00,2019-04-09T03:08:00,2019-04-09T03:02:00,2019-04-09T03:08:00,387,1298.34,1297.74,1.5,0.6,stop_loss,False,-0.599999999999909,30.0,False,5.0,-0.6666666666665657,-1.0555555555554548,-1.1111111111110101,0.3490113600416148,legacy_drawdown;legacy_rolling_pf,3.740133599347758,-3.9479187993111453,765.4547402742335,761.5068214749223,False,S1_000119,0
SECONDARY_W0_2018_2020,S1,445718,445727,2019-04-09T03:11:00,2019-04-09T03:20:00,2019-04-09T03:11:00,2019-04-09T03:20:00,387,1297.85,1297.25,1.5,0.6,stop_loss,False,-0.599999999999909,30.0,False,5.0,-0.6666666666665657,-1.0555555555554548,-1.1111111111110101,0.34539657930488754,legacy_drawdown;legacy_rolling_pf,3.6823059175668615,-3.8868784685424274,761.5068214749223,757.6199430063798,False,S1_000120,1
SECONDARY_W0_2018_2020,S1,445732,445754,2019-04-09T03:25:00,2019-04-09T03:47:00,2019-04-09T03:25:00,2019-04-09T03:47:00,388,1296.86,1298.36,1.5,0.6,take_profit,False,1.5,30.0,False,5.0,1.6666666666666667,1.277777777777778,1.2222222222222225,0.34183768811985654,legacy_drawdown;legacy_rolling_pf,3.625762697071177,4.632919001813171,757.6199430063798,762.252862008193,True,S1_000121,0
SECONDARY_W0_2018_2020,S1,452659,452674,2019-04-16T04:01:00,2019-04-16T04:16:00,2019-04-16T04:01:00,2019-04-16T04:16:00,389,1286.83,1286.23,1.5,0.6,stop_loss,False,-0.599999999999909,30.0,False,5.0,-0.6666666666665657,-1.0555555555554548,-1.1111111111110101,0.3460796665428914,legacy_drawdown;legacy_rolling_pf,3.6932030282722406,-3.898380974286993,762.252862008193,758.354481033906,False,S1_000122,0
SECONDARY_W0_2018_2020,S1,456810,456846,2019-04-22T04:19:00,2019-04-22T04:55:00,2019-04-22T04:19:00,2019-04-22T04:55:00,390,1276.23,1277.73,1.5,0.6,take_profit,False,1.5,30.0,False,5.0,1.6666666666666667,1.277777777777778,1.2222222222222225,0.3425102434704779,legacy_drawdown;legacy_rolling_pf,3.6364184911019155,4.646534738630226,758.354481033906,763.0010157725362,True,S1_000123,0
SECONDARY_W0_2018_2020,S1,458108,458122,2019-04-23T03:01:00,2019-04-23T03:15:00,2019-04-23T03:01:00,2019-04-23T03:15:00,399,1274.37,1273.77,1.5,0.6,stop_loss,False,-0.599999999999909,30.0,False,5.0,-0.6666666666665657,-1.0555555555554548,-1.1111111111110101,0.3467646886907455,legacy_drawdown;legacy_rolling_pf,3.7041453358712055,-3.909931187863677,763.0010157725362,759.0910845846726,False,S1_000124,0
SECONDARY_W0_2018_2020,S1,458123,458164,2019-04-23T03:16:00,2019-04-23T03:57:00,2019-04-23T03:16:00,2019-04-23T03:57:00,399,1273.62,1275.12,1.5,0.6,take_profit,False,1.5,30.0,False,5.0,1.6666666666666667,1.277777777777778,1.2222222222222225,0.34318469004885743,legacy_drawdown;legacy_rolling_pf,3.6471181401485864,4.660206512412083,759.0910845846726,763.7512910970846,True,S1_000125,1
SECONDARY_W0_2018_2020,S1,458166,458175,2019-04-23T03:59:00,2019-04-23T04:08:00,2019-04-23T03:59:00,2019-04-23T04:08:00,400,1275.68,1275.0800000000002,1.5,0.6,stop_loss,False,-0.599999999999909,30.0,False,5.0,-0.6666666666665657,-1.0555555555554548,-1.1111111111110101,0.3474516533747437,legacy_drawdown;legacy_rolling_pf,3.7151330840228813,-3.9215293664682225,763.7512910970846,759.8297617306164,False,S1_000126,0
SECONDARY_W0_2018_2020,S1,458178,458257,2019-04-23T04:11:00,2019-04-23T05:30:00,2019-04-23T04:11:00,2019-04-23T05:30:00,403,1275.47,1274.8700000000001,1.5,0.6,stop_loss,False,-0.599999999999909,30.0,False,5.0,-0.6666666666665657,-1.0555555555554548,-1.1111111111110101,0.34386103524579614,legacy_drawdown;legacy_rolling_pf,3.657861878709589,-3.8610764275264198,759.8297617306164,755.96868530309,False,S1_000127,0
SECONDARY_W0_2018_2020,S1,459486,459523,2019-04-24T03:01:00,2019-04-24T03:38:00,2019-04-24T03:01:00,2019-04-24T03:38:00,408,1271.59,1270.99,1.5,0.6,stop_loss,False,-0.599999999999909,30.0,False,5.0,-0.6666666666665657,-1.0555555555554548,-1.1111111111110101,0.340325768842726,legacy_drawdown;legacy_rolling_pf,3.6018587366551844,-3.8019619998023315,755.96868530309,752.1667233032877,False,S1_000128,0
SECONDARY_W0_2018_2020,S1,460745,460756,2019-04-25T01:01:00,2019-04-25T01:12:00,2019-04-25T01:01:00,2019-04-25T01:12:00,413,1275.57,1274.97,1.5,0.6,stop_loss,False,-0.599999999999909,30.0,False,5.0,-0.6666666666665657,-1.0555555555554548,-1.1111111111110101,0.185264545731204,legacy_drawdown;legacy_loss_streak;legacy_rolling_pf,1.950897568296765,-2.0592807665352777,752.1667233032877,750.1074425367524,False,S1_000129,0
SECONDARY_W0_2018_2020,S1,460881,460927,2019-04-25T03:17:00,2019-04-25T04:03:00,2019-04-25T03:17:00,2019-04-25T04:03:00,420,1273.64,1275.14,1.5,0.6,take_profit,False,1.5,30.0,False,5.0,1.6666666666666667,1.277777777777778,1.2222222222222225,0.18422751410678817,legacy_drawdown;legacy_loss_streak;legacy_rolling_pf,1.9346660123216488,2.4720732379665513,750.1074425367524,752.579515774719,True,S1_000130,0
SECONDARY_W0_2018_2020,S1,460930,460940,2019-04-25T04:06:00,2019-04-25T04:16:00,2019-04-25T04:06:00,2019-04-25T04:16:00,425,1274.44,1273.8400000000001,1.5,0.6,stop_loss,False,-0.599999999999909,30.0,False,5.0,-0.6666666666665657,-1.0555555555554548,-1.1111111111110101,0.3372225883196626,legacy_drawdown;legacy_rolling_pf,3.553015371162727,-3.7504051140047427,752.579515774719,748.8291106607143,False,S1_000131,0
SECONDARY_W0_2018_2020,S1,460946,460997,2019-04-25T04:22:00,2019-04-25T05:13:00,2019-04-25T04:22:00,2019-04-25T05:13:00,428,1273.94,1275.44,1.5,0.6,take_profit,False,1.5,30.0,False,5.0,1.6666666666666667,1.277777777777778,1.2222222222222225,0.33378865442938277,legacy_drawdown;legacy_rolling_pf,3.4993092574298763,4.471339606715953,748.8291106607143,753.3004502674302,True,S1_000132,0
SECONDARY_W0_2018_2020,S1,462241,462262,2019-04-26T02:58:00,2019-04-26T03:19:00,2019-04-26T02:58:00,2019-04-26T03:19:00,433,1278.59,1277.99,1.5,0.6,stop_loss,False,-0.599999999999909,30.0,False,5.0,-0.6666666666665657,-1.0555555555554548,-1.1111111111110101,0.3378826880454091,legacy_drawdown;legacy_rolling_pf,3.5633805345904683,-3.7613461198451352,753.3004502674302,749.539104147585,False,S1_000133,0
SECONDARY_W0_2018_2020,S1,462355,462399,2019-04-26T04:52:00,2019-04-26T05:36:00,2019-04-26T04:52:00,2019-04-26T05:36:00,438,1279.27,1280.77,1.5,0.6,take_profit,False,1.5,30.0,False,5.0,1.6666666666666667,1.277777777777778,1.2222222222222225,0.33443873638648636,legacy_drawdown;legacy_rolling_pf,3.5094487520872826,4.484295627667084,749.539104147585,754.0233997752521,True,S1_000134,0
SECONDARY_W0_2018_2020,S1,462551,462635,2019-04-26T08:08:00,2019-04-26T09:32:00,2019-04-26T08:08:00,2019-04-26T09:32:00,448,1280.03,1281.53,1.5,0.6,take_profit,False,1.5,30.0,False,5.0,1.6666666666666667,1.277777777777778,1.2222222222222225,0.3385446327528222,legacy_drawdown;legacy_rolling_pf,3.5737880494952603,4.566506952132833,754.0233997752521,758.5899067273849,True,S1_000135,0
SECONDARY_W0_2018_2020,S1,462658,462663,2019-04-26T09:55:00,2019-04-26T10:00:00,2019-04-26T09:55:00,2019-04-26T10:00:00,454,1281.92,1281.3200000000002,1.5,0.6,stop_loss,False,-0.599999999999909,30.0,False,5.0,-0.6666666666665657,-1.0555555555554548,-1.1111111111110101,0.3427258031881364,legacy_drawdown;legacy_rolling_pf,3.6398366910297906,-3.842049840531079,758.5899067273849,754.7478568868538,False,S1_000136,0
SECONDARY_W0_2018_2020,S1,463598,463648,2019-04-29T02:37:00,2019-04-29T03:27:00,2019-04-29T02:37:00,2019-04-29T03:27:00,459,1285.9,1285.3000000000002,1.5,0.6,stop_loss,False,-0.599999999999909,30.0,False,5.0,-0.6666666666665657,-1.0555555555554548,-1.1111111111110101,0.33920795784756835,legacy_drawdown;legacy_rolling_pf,3.584230709141859,-3.7833546374271565,754.7478568868538,750.9645022494267,False,S1_000137,0
SECONDARY_W0_2018_2020,S1,463658,463748,2019-04-29T03:37:00,2019-04-29T05:07:00,2019-04-29T03:37:00,2019-04-29T05:07:00,460,1285.18,1285.75,1.5,0.6,timeout,False,0.5699999999999363,30.0,False,5.0,0.6333333333332627,0.2444444444443737,0.18888888888881813,0.3357438548204328,legacy_drawdown;legacy_rolling_pf,3.529844035459421,0.8628507642231642,750.9645022494267,751.8273530136498,True,S1_000138,0
SECONDARY_W0_2018_2020,S1,465001,465071,2019-04-30T03:01:00,2019-04-30T04:11:00,2019-04-30T03:01:00,2019-04-30T04:11:00,468,1280.64,1282.14,1.5,0.6,take_profit,False,1.5,30.0,False,5.0,1.6666666666666667,1.277777777777778,1.2222222222222225,0.33653389546709667,legacy_drawdown;legacy_rolling_pf,3.542215429597595,4.526164160041372,751.8273530136498,756.3535171736912,True,S1_000139,0
SECONDARY_W0_2018_2020,S1,465073,465163,2019-04-30T04:13:00,2019-04-30T05:43:00,2019-04-30T04:13:00,2019-04-30T05:43:00,470,1281.96,1281.98,1.5,0.6457142857143221,timeout,False,0.01999999999998181,30.0,False,5.0,0.021148036253756386,-0.348942598187317,-0.401812688821756,0.34067812736463143,legacy_drawdown;legacy_rolling_pf,3.6074233979894004,-1.258783693256141,756.3535171736912,755.094733480435,False,S1_000140,0
SECONDARY_W0_2018_2020,S1,466259,466302,2019-05-01T01:01:00,2019-05-01T01:45:00,2019-05-01T01:01:00,2019-05-01T01:45:00,476,1283.34,1282.74,1.5,0.6,stop_loss,False,-0.599999999999909,30.0,False,5.0,-0.6666666666665657,-1.0555555555554548,-1.1111111111110101,0.33952556388057936,legacy_drawdown;legacy_rolling_pf,3.589235512354807,-3.788637485263046,755.094733480435,751.306095995172,False,S1_000141,0
SECONDARY_W0_2018_2020,S1,466303,466393,2019-05-01T01:46:00,2019-05-01T03:16:00,2019-05-01T01:46:00,2019-05-01T03:16:00,479,1282.69,1283.21,1.5,0.6,timeout,False,0.5199999999999818,30.0,False,5.0,0.5777777777777576,0.18888888888886865,0.1333333333333131,0.33605662378926815,legacy_drawdown;legacy_rolling_pf,3.5347394607340665,0.6676730092496966,751.306095995172,751.9737690044217,True,S1_000142,0
SECONDARY_W0_2018_2020,S1,466399,466408,2019-05-01T03:22:00,2019-05-01T03:31:00,2019-05-01T03:22:00,2019-05-01T03:31:00,484,1283.16,1282.5600000000002,1.5,0.6,stop_loss,False,-0.599999999999909,30.0,False,5.0,-0.6666666666665657,-1.0555555555554548,-1.1111111111110101,0.33666795640651703,legacy_drawdown;legacy_rolling_pf,3.5443166091483493,-3.7412230874340113,751.9737690044217,748.2325459169876,False,S1_000143,0
SECONDARY_W0_2018_2020,S1,466422,466451,2019-05-01T03:45:00,2019-05-01T04:14:00,2019-05-01T03:45:00,2019-05-01T04:14:00,484,1282.57,1281.97,1.5,0.6,stop_loss,False,-0.599999999999909,30.0,False,5.0,-0.6666666666665657,-1.0555555555554548,-1.1111111111110101,0.33324242973392815,legacy_drawdown;legacy_rolling_pf,3.4907996425033194,-3.6847329559753743,748.2325459169876,744.5478129610123,False,S1_000144,1
SECONDARY_W0_2018_2020,S1,466463,466513,2019-05-01T04:26:00,2019-05-01T05:16:00,2019-05-01T04:26:00,2019-05-01T05:16:00,485,1281.79,1281.19,1.5,0.6,stop_loss,False,-0.599999999999909,30.0,False,5.0,-0.6666666666665657,-1.0555555555554548,-1.1111111111110101,0.3298686263741508,legacy_drawdown;legacy_rolling_pf,3.438441500638582,-3.62946602845149,744.5478129610123,740.9183469325608,False,S1_000145,0
SECONDARY_W0_2018_2020,S1,469196,469214,2019-05-03T04:02:00,2019-05-03T04:20:00,2019-05-03T04:02:00,2019-05-03T04:20:00,494,1271.66,1271.0600000000002,1.5,0.6,stop_loss,False,-0.599999999999909,30.0,False,5.0,-0.6666666666665657,-1.0555555555554548,-1.1111111111110101,0.1795999844876191,legacy_drawdown;legacy_loss_streak;legacy_rolling_pf,1.8629649306195242,-1.9664629823204212,740.9183469325608,738.9518839502404,False,S1_000146,0
SECONDARY_W0_2018_2020,S1,471892,471925,2019-05-07T03:01:00,2019-05-07T03:34:00,2019-05-07T03:01:00,2019-05-07T03:34:00,495,1283.16,1282.5600000000002,1.5,0.6,stop_loss,False,-0.599999999999909,30.0,False,5.0,-0.6666666666665657,-1.0555555555554548,-1.1111111111110101,0.17860969490008483,legacy_drawdown;legacy_loss_streak;legacy_rolling_pf,1.8477755875347346,-1.9504297868420337,738.9518839502404,737.0014541633983,False,S1_000147,0
SECONDARY_W0_2018_2020,S1,473271,473290,2019-05-08T03:01:00,2019-05-08T03:20:00,2019-05-08T03:01:00,2019-05-08T03:20:00,508,1285.19,1284.5900000000001,1.5,0.6,stop_loss,False,-0.599999999999909,30.0,False,5.0,-0.6666666666665657,-1.0555555555554548,-1.1111111111110101,0.17762747945718488,legacy_drawdown;legacy_loss_streak;legacy_rolling_pf,1.8327639492305419,-1.934584168632054,737.0014541633983,735.0668699947663,False,S1_000148,0
SECONDARY_W0_2018_2020,S1,473574,473664,2019-05-08T08:05:00,2019-05-08T09:35:00,2019-05-08T08:05:00,2019-05-08T09:35:00,517,1286.89,1287.46,1.5,0.6,timeout,False,0.5699999999999363,30.0,False,5.0,0.6333333333332627,0.2444444444443737,0.18888888888881813,0.17665324369702617,legacy_drawdown;legacy_loss_streak;legacy_rolling_pf,1.81792725686314,0.44438221834419445,735.0668699947663,735.5112522131105,True,S1_000149,0
SECONDARY_W0_2018_2020,S1,474649,474679,2019-05-09T03:01:00,2019-05-09T03:31:00,2019-05-09T03:01:00,2019-05-09T03:31:00,525,1281.16,1282.66,1.5,0.6,take_profit,False,1.5,30.0,False,5.0,1.6666666666666667,1.277777777777778,1.2222222222222225,0.3215945996329018,legacy_drawdown;legacy_rolling_pf,3.311510253533574,4.231374212848456,735.5112522131105,739.742626425959,True,S1_000150,0
SECONDARY_W0_2018_2020,S1,477482,477510,2019-05-13T04:17:00,2019-05-13T04:45:00,2019-05-13T04:17:00,2019-05-13T04:45:00,528,1286.55,1285.95,1.5,0.6,stop_loss,False,-0.599999999999909,30.0,False,5.0,-0.6666666666665657,-1.0555555555554548,-1.1111111111110101,0.325468916905374,legacy_drawdown;legacy_rolling_pf,3.37068523976231,-3.557945530859876,739.742626425959,736.1846808950991,False,S1_000151,0
SECONDARY_W0_2018_2020,S1,480160,480250,2019-05-15T03:01:00,2019-05-15T04:31:00,2019-05-15T03:01:00,2019-05-15T04:31:00,533,1297.24,1297.32,1.5,0.6,timeout,False,0.07999999999992724,30.0,False,5.0,0.08888888888880805,-0.3000000000000809,-0.35555555555563645,0.32221120224074584,legacy_drawdown;legacy_rolling_pf,3.3208973154340162,-0.9962691946304736,736.1846808950991,735.1884117004686,False,S1_000152,0
SECONDARY_W0_2018_2020,S1,480251,480279,2019-05-15T04:32:00,2019-05-15T05:00:00,2019-05-15T04:32:00,2019-05-15T05:00:00,535,1297.23,1296.63,1.5,0.6,stop_loss,False,-0.599999999999909,30.0,False,5.0,-0.6666666666665657,-1.0555555555554548,-1.1111111111110101,0.3212990014391556,legacy_drawdown;legacy_rolling_pf,3.307014235685991,-3.4907372487793236,735.1884117004686,731.6976744516893,False,S1_000153,0
SECONDARY_W0_2018_2020,S1,481553,481643,2019-05-16T03:21:00,2019-05-16T04:51:00,2019-05-16T03:21:00,2019-05-16T04:51:00,540,1295.87,1295.92,1.5,0.6,timeout,False,0.0500000000001819,30.0,False,5.0,0.05555555555575767,-0.3333333333331313,-0.38888888888868683,0.1749565530933013,legacy_drawdown;legacy_loss_streak;legacy_rolling_pf,1.792214242398329,-0.5974047474657476,731.6976744516893,731.1002697042236,False,S1_000154,0
SECONDARY_W0_2018_2020,S1,482988,483078,2019-05-17T04:17:00,2019-05-17T05:47:00,2019-05-17T04:17:00,2019-05-17T05:47:00,545,1285.43,1285.27,1.5,0.6,timeout,False,-0.16000000000008185,30.0,False,5.0,-0.17777777777786874,-0.5666666666667578,-0.6222222222223133,0.1746557064939615,legacy_drawdown;legacy_loss_streak;legacy_rolling_pf,1.7876716777236374,-1.013013950710224,731.1002697042236,730.0872557535133,False,S1_000155,0
SECONDARY_W0_2018_2020,S1,484290,484294,2019-05-20T03:01:00,2019-05-20T03:05:00,2019-05-20T03:01:00,2019-05-20T03:05:00,546,1277.46,1276.8600000000001,1.5,0.6,stop_loss,False,-0.599999999999909,30.0,False,5.0,-0.6666666666665657,-1.0555555555554548,-1.1111111111110101,0.17414556357419414,legacy_drawdown;legacy_loss_streak;legacy_rolling_pf,1.7799803925614537,-1.8788681921480217,730.0872557535133,728.2083875613653,False,S1_000156,0
SECONDARY_W0_2018_2020,S1,485723,485725,2019-05-21T04:01:00,2019-05-21T04:03:00,2019-05-21T04:01:00,2019-05-21T04:03:00,553,1276.53,1275.93,1.5,0.6,stop_loss,False,-0.599999999999909,30.0,False,5.0,-0.6666666666665657,-1.0555555555554548,-1.1111111111110101,0.17319938577997096,legacy_drawdown;legacy_loss_streak;legacy_rolling_pf,1.7657534362363212,-1.8638508493603834,728.2083875613653,726.3445367120049,False,S1_000157,0
SECONDARY_W0_2018_2020,S1,487043,487092,2019-05-22T03:05:00,2019-05-22T03:54:00,2019-05-22T03:05:00,2019-05-22T03:54:00,554,1274.93,1274.3300000000002,1.5,0.6,stop_loss,False,-0.599999999999909,30.0,False,5.0,-0.6666666666665657,-1.0555555555554548,-1.1111111111110101,0.1722607705579034,legacy_drawdown;legacy_loss_streak;legacy_rolling_pf,1.7516893741834667,-1.849005450526816,726.3445367120049,724.4955312614782,False,S1_000158,0
SECONDARY_W0_2018_2020,S1,489820,489841,2019-05-24T03:25:00,2019-05-24T03:46:00,2019-05-24T03:25:00,2019-05-24T03:46:00,556,1283.4,1282.8000000000002,1.5,0.6,stop_loss,False,-0.599999999999909,30.0,False,5.0,-0.6666666666665657,-1.0555555555554548,-1.1111111111110101,0.17132963131886716,legacy_drawdown;legacy_loss_streak;legacy_rolling_pf,1.737785731684742,-1.8343293834448304,724.4955312614782,722.6612018780334,False,S1_000159,0
SECONDARY_W0_2018_2020,S1,490096,490157,2019-05-24T08:01:00,2019-05-24T09:02:00,2019-05-24T08:01:00,2019-05-24T09:02:00,572,1283.75,1283.15,1.5,0.6,stop_loss,False,-0.599999999999909,30.0,False,5.0,-0.6666666666665657,-1.0555555555554548,-1.1111111111110101,0.17040588278921526,legacy_drawdown;legacy_loss_streak;legacy_rolling_pf,1.724040080889582,-1.8198200853832738,722.6612018780334,720.84138179265,False,S1_000160,0
SECONDARY_W0_2018_2020,S1,491110,491144,2019-05-27T01:57:00,2019-05-27T02:31:00,2019-05-27T01:57:00,2019-05-27T02:31:00,579,1284.77,1284.17,1.5,0.6,stop_loss,False,-0.599999999999909,30.0,False,5.0,-0.6666666666665657,-1.0555555555554548,-1.1111111111110101,0.16948944098586424,legacy_drawdown;legacy_loss_streak;legacy_rolling_pf,1.710450039753199,-1.8054750419615377,720.84138179265,719.0359067506885,False,S1_000161,0
SECONDARY_W0_2018_2020,S1,491268,491358,2019-05-27T04:35:00,2019-05-27T06:05:00,2019-05-27T04:35:00,2019-05-27T06:05:00,588,1286.63,1286.59,1.5,0.6,timeout,False,-0.040000000000190994,30.0,False,5.0,-0.044444444444656665,-0.4333333333335456,-0.4888888888891012,0.16858022319194593,legacy_drawdown;legacy_loss_streak;legacy_rolling_pf,1.6970132710027601,-0.7353724174348897,719.0359067506885,718.3005343332536,False,S1_000162,0
SECONDARY_W0_2018_2020,S1,491480,491528,2019-05-27T08:07:00,2019-05-27T08:55:00,2019-05-27T08:07:00,2019-05-27T08:55:00,595,1286.83,1286.23,1.5,0.6,stop_loss,False,-0.599999999999909,30.0,False,5.0,-0.6666666666665657,-1.0555555555554548,-1.1111111111110101,0.16820989755932897,legacy_drawdown;legacy_loss_streak;legacy_rolling_pf,1.69155363015811,-1.7855288318333902,718.3005343332536,716.5150055014202,False,S1_000163,0
SECONDARY_W0_2018_2020,S1,491684,491712,2019-05-27T11:31:00,2019-05-27T11:59:00,2019-05-27T11:31:00,2019-05-27T11:59:00,607,1286.63,1286.0300000000002,1.5,0.6,stop_loss,False,-0.599999999999909,30.0,False,5.0,-0.6666666666665657,-1.0555555555554548,-1.1111111111110101,0.16731072446209616,legacy_drawdown;legacy_loss_streak;legacy_rolling_pf,1.6783290252176761,-1.771569526618489,716.5150055014202,714.7434359748017,False,S1_000164,0
SECONDARY_W0_2018_2020,S1,492313,492342,2019-05-28T03:01:00,2019-05-28T03:30:00,2019-05-28T03:01:00,2019-05-28T03:30:00,610,1285.86,1285.26,1.5,0.6,stop_loss,False,-0.599999999999909,30.0,False,5.0,-0.6666666666665657,-1.0555555555554548,-1.1111111111110101,0.16641858112068783,legacy_drawdown;legacy_loss_streak;legacy_rolling_pf,1.6652522387235238,-1.757766251985774,714.7434359748017,712.9856697228159,False,S1_000165,0
SECONDARY_W0_2018_2020,S1,492651,492667,2019-05-28T08:39:00,2019-05-28T08:55:00,2019-05-28T08:39:00,2019-05-28T08:55:00,614,1283.66,1283.0600000000002,1.5,0.6,stop_loss,False,-0.599999999999909,30.0,False,5.0,-0.6666666666665657,-1.0555555555554548,-1.1111111111110101,0.16553338895978242,legacy_drawdown;legacy_loss_streak;legacy_rolling_pf,1.6523210786456901,-1.7441166941258397,712.9856697228159,711.2415530286901,False,S1_000166,0
SECONDARY_W0_2018_2020,S1,493704,493751,2019-05-29T03:13:00,2019-05-29T04:00:00,2019-05-29T03:13:00,2019-05-29T04:00:00,615,1281.1,1280.5,1.5,0.6,stop_loss,False,-0.599999999999909,30.0,False,5.0,-0.6666666666665657,-1.0555555555554548,-1.1111111111110101,0.16465507056926823,legacy_drawdown;legacy_loss_streak;legacy_rolling_pf,1.6395333934802887,-1.730618582006806,711.2415530286901,709.5109344466832,False,S1_000167,0
SECONDARY_W0_2018_2020,S1,496510,496574,2019-05-31T04:01:00,2019-05-31T05:05:00,2019-05-31T04:01:00,2019-05-31T05:05:00,616,1291.85,1291.25,1.5,0.6,stop_loss,False,-0.599999999999909,30.0,False,5.0,-0.6666666666665657,-1.0555555555554548,-1.1111111111110101,0.16378354968270042,legacy_drawdown;legacy_loss_streak;legacy_rolling_pf,1.6268870713531456,-1.7172696864281565,709.5109344466832,707.7936647602551,False,S1_000168,0
SECONDARY_W0_2018_2020,S1,593892,593915,2019-09-09T04:10:00,2019-09-09T04:33:00,2019-09-09T04:10:00,2019-09-09T04:33:00,620,1510.5,1508.557142857143,1.5785714285714498,1.942857142857169,stop_loss,False,-1.942857142857065,30.0,False,5.0,-0.8662420382165156,-1.0222929936305265,-1.0445859872610994,0.1629187511562358,legacy_drawdown;legacy_loss_streak;legacy_rolling_pf,1.6143800391465064,-1.6503694030764486,707.7936647602551,706.1432953571787,False,S1_000169,0
SECONDARY_W0_2018_2020,S1,603493,603568,2019-09-18T03:19:00,2019-09-18T04:34:00,2019-09-18T03:19:00,2019-09-18T04:34:00,621,1501.24,1500.64,1.5,0.6,stop_loss,False,-0.599999999999909,30.0,False,5.0,-0.6666666666665657,-1.0555555555554548,-1.1111111111110101,0.16208764289223832,legacy_drawdown;legacy_loss_streak;legacy_rolling_pf,1.6023994320404384,-1.6914216227091903,706.1432953571787,704.4518737344695,False,S1_000170,0
SECONDARY_W0_2018_2020,S1,641015,641026,2019-10-25T08:27:00,2019-10-25T08:38:00,2019-10-25T08:27:00,2019-10-25T08:38:00,625,1503.05,1504.55,1.5,0.6,take_profit,False,1.5,30.0,False,5.0,1.6666666666666667,1.277777777777778,1.2222222222222225,0.16123586117238994,legacy_drawdown;legacy_loss_streak;legacy_rolling_pf,1.5901606632251326,2.0318719585654472,704.4518737344695,706.483745693035,True,S1_000171,0
SECONDARY_W0_2018_2020,S1,657242,657332,2019-11-12T03:09:00,2019-11-12T04:39:00,2019-11-12T03:09:00,2019-11-12T04:39:00,626,1455.84,1455.37,1.5,0.6308571428570888,timeout,False,-0.4700000000000273,30.0,False,5.0,-0.5049109883364613,-0.880908532842315,-0.9346224677717225,0.2950165273021588,legacy_drawdown;legacy_rolling_pf,2.9179413374969294,-2.570439422534362,706.483745693035,703.9133062705006,False,S1_000172,0
SECONDARY_W0_2018_2020,S1,662789,662805,2019-11-18T03:41:00,2019-11-18T03:57:00,2019-11-18T03:41:00,2019-11-18T03:57:00,627,1466.21,1465.6100000000001,1.5,0.6,stop_loss,False,-0.599999999999909,30.0,False,5.0,-0.6666666666665657,-1.0555555555554548,-1.1111111111110101,0.29266298981017114,legacy_drawdown;legacy_rolling_pf,2.884131218924024,-3.044360731086179,703.9133062705006,700.8689455394144,False,S1_000173,0
SECONDARY_W0_2018_2020,S1,662811,662845,2019-11-18T04:03:00,2019-11-18T04:37:00,2019-11-18T04:03:00,2019-11-18T04:37:00,628,1464.98,1466.48,1.5,0.6,take_profit,False,1.5,30.0,False,5.0,1.6666666666666667,1.277777777777778,1.2222222222222225,0.28987552201111233,legacy_drawdown;legacy_rolling_pf,2.844306520294619,3.6343916648209023,700.8689455394144,704.5033372042353,True,S1_000174,0
SECONDARY_W0_2018_2020,S1,662859,662873,2019-11-18T04:51:00,2019-11-18T05:05:00,2019-11-18T04:51:00,2019-11-18T05:05:00,629,1466.28,1465.68,1.5,0.6,stop_loss,False,-0.599999999999909,30.0,False,5.0,-0.6666666666665657,-1.0555555555554548,-1.1111111111110101,0.29320323203949705,legacy_drawdown;legacy_rolling_pf,2.891877176312508,-3.0525370194406896,704.5033372042353,701.4508001847946,False,S1_000175,0
SECONDARY_W0_2018_2020,S1,669644,669647,2019-11-25T03:02:00,2019-11-25T03:05:00,2019-11-25T03:02:00,2019-11-25T03:05:00,630,1460.55,1459.95,1.5,0.6,stop_loss,False,-0.599999999999909,30.0,False,5.0,-0.6666666666665657,-1.0555555555554548,-1.1111111111110101,0.29040827789354395,legacy_drawdown;legacy_rolling_pf,2.8518996647220045,-3.010338534984051,701.4508001847946,698.4404616498106,False,S1_000176,0
SECONDARY_W0_2018_2020,S1,669657,669747,2019-11-25T03:15:00,2019-11-25T04:45:00,2019-11-25T03:15:00,2019-11-25T04:45:00,631,1460.2,1461.33,1.5,0.7302857142857258,timeout,False,1.1299999999998818,30.0,False,5.0,1.0967831392122966,0.7570715474208417,0.7085413200220626,0.28765196138845617,legacy_drawdown;legacy_rolling_pf,2.8127087618927753,2.1294217748103232,698.4404616498106,700.5698834246209,True,S1_000177,0
SECONDARY_W0_2018_2020,S1,671023,671027,2019-11-26T03:02:00,2019-11-26T03:06:00,2019-11-26T03:02:00,2019-11-26T03:06:00,634,1453.67,1453.0700000000002,1.5,0.6,stop_loss,False,-0.599999999999909,30.0,False,5.0,-0.6666666666665657,-1.0555555555554548,-1.1111111111110101,0.28960169571766653,legacy_drawdown;legacy_rolling_pf,2.8404071669189745,-2.9982075650808535,700.5698834246209,697.57167585954,False,S1_000178,0
SECONDARY_W0_2018_2020,S1,671030,671067,2019-11-26T03:09:00,2019-11-26T03:46:00,2019-11-26T03:09:00,2019-11-26T03:46:00,635,1453.43,1452.8300000000002,1.5,0.6,stop_loss,False,-0.599999999999909,30.0,False,5.0,-0.6666666666665657,-1.0555555555554548,-1.1111111111110101,0.28685648653229645,legacy_drawdown;legacy_rolling_pf,2.8014414405811907,-2.957077076168752,697.57167585954,694.6145987833713,False,S1_000179,0
SECONDARY_W0_2018_2020,S1,671069,671087,2019-11-26T03:48:00,2019-11-26T04:06:00,2019-11-26T03:48:00,2019-11-26T04:06:00,639,1452.33,1453.83,1.5,0.6,take_profit,False,1.5,30.0,False,5.0,1.6666666666666667,1.277777777777778,1.2222222222222225,0.2841489371131399,legacy_drawdown;legacy_rolling_pf,2.763235999265911,3.530801554617553,694.6145987833713,698.1454003379889,True,S1_000180,0
SECONDARY_W0_2018_2020,S1,671092,671182,2019-11-26T04:11:00,2019-11-26T05:41:00,2019-11-26T04:11:00,2019-11-26T05:41:00,643,1453.69,1454.51,1.5,0.6,timeout,False,0.8199999999999363,30.0,False,5.0,0.9111111111110405,0.5222222222221515,0.46666666666659595,0.28738179829738336,legacy_drawdown;legacy_rolling_pf,2.8088799287104904,1.4668595183263908,698.1454003379889,699.6122598563153,True,S1_000181,0
SECONDARY_W0_2018_2020,S1,672500,672590,2019-11-27T04:40:00,2019-11-27T06:10:00,2019-11-27T04:40:00,2019-11-27T06:10:00,644,1459.54,1459.23,1.5,0.6,timeout,False,-0.30999999999994543,30.0,False,5.0,-0.3444444444443838,-0.7333333333332729,-0.7888888888888284,0.28872487950038483,legacy_drawdown;legacy_rolling_pf,2.8279365159360914,-2.073820111686296,699.6122598563153,697.538439744629,False,S1_000182,0
SECONDARY_W0_2018_2020,S1,677538,677557,2019-12-03T04:04:00,2019-12-03T04:23:00,2019-12-03T04:04:00,2019-12-03T04:23:00,645,1462.9,1462.3000000000002,1.5,0.6,stop_loss,False,-0.599999999999909,30.0,False,5.0,-0.6666666666665657,-1.0555555555554548,-1.1111111111110101,0.286826054987462,legacy_drawdown;legacy_rolling_pf,2.8010107842368597,-2.9566224944719584,697.538439744629,694.5818172501571,False,S1_000183,0
SECONDARY_W0_2018_2020,S1,684382,684472,2019-12-10T03:15:00,2019-12-10T04:45:00,2019-12-10T03:15:00,2019-12-10T04:45:00,646,1460.91,1461.03,1.5,0.6,timeout,False,0.11999999999989086,30.0,False,5.0,0.13333333333321207,-0.2555555555556769,-0.3111111111112324,0.2841189217909392,legacy_drawdown;legacy_rolling_pf,2.762813718177882,-0.706052394645794,694.5818172501571,693.8757648555113,False,S1_000184,0
SECONDARY_W0_2018_2020,S1,685628,685648,2019-12-11T01:02:00,2019-12-11T01:22:00,2019-12-11T01:02:00,2019-12-11T01:22:00,649,1464.07,1463.47,1.5,0.6,stop_loss,False,-0.599999999999909,30.0,False,5.0,-0.6666666666665657,-1.0555555555554548,-1.1111111111110101,0.1559098466002255,legacy_drawdown;legacy_loss_streak;legacy_rolling_pf,1.514548896815317,-1.598690502193793,693.8757648555113,692.2770743533175,False,S1_000185,0
SECONDARY_W0_2018_2020,S1,685768,685815,2019-12-11T03:22:00,2019-12-11T04:09:00,2019-12-11T03:22:00,2019-12-11T04:09:00,661,1464.01,1463.41,1.5,0.6,stop_loss,False,-0.599999999999909,30.0,False,5.0,-0.6666666666665657,-1.0555555555554548,-1.1111111111110101,0.15510476327435263,legacy_drawdown;legacy_loss_streak;legacy_rolling_pf,1.503256604329658,-1.5867708601255985,692.2770743533175,690.6903034931919,False,S1_000186,0
SECONDARY_W0_2018_2020,S1,687185,687275,2019-12-12T04:00:00,2019-12-12T05:30:00,2019-12-12T04:00:00,2019-12-12T05:30:00,663,1474.42,1475.42,1.5,0.6,timeout,False,1.0,30.0,False,5.0,1.1111111111111112,0.7222222222222222,0.6666666666666667,0.154305682551902,legacy_drawdown;legacy_loss_streak;legacy_rolling_pf,1.4920841419749624,1.077616324759695,690.6903034931919,691.7679198179516,True,S1_000187,0
SECONDARY_W0_2018_2020,S1,689914,689971,2019-12-16T03:33:00,2019-12-16T04:30:00,2019-12-16T03:33:00,2019-12-16T04:30:00,674,1473.35,1474.85,1.5,0.6,take_profit,False,1.5,30.0,False,5.0,1.6666666666666667,1.277777777777778,1.2222222222222225,0.281542470057728,legacy_drawdown;legacy_rolling_pf,2.7266686839313934,3.4840766516901143,691.7679198179516,695.2519964696417,True,S1_000188,0
SECONDARY_W0_2018_2020,S1,689992,690032,2019-12-16T04:51:00,2019-12-16T05:31:00,2019-12-16T04:51:00,2019-12-16T05:31:00,680,1474.95,1474.3500000000001,1.5,0.6,stop_loss,False,-0.599999999999909,30.0,False,5.0,-0.6666666666665657,-1.0555555555554548,-1.1111111111110101,0.28473254913635737,legacy_drawdown;legacy_rolling_pf,2.771452225457199,-2.9254217935378755,695.2519964696417,692.3265746761037,False,S1_000189,0
SECONDARY_W0_2018_2020,S1,691261,691291,2019-12-17T03:01:00,2019-12-17T03:31:00,2019-12-17T03:01:00,2019-12-17T03:31:00,689,1475.25,1474.65,1.5,0.6,stop_loss,False,-0.599999999999909,30.0,False,5.0,-0.6666666666665657,-1.0555555555554548,-1.1111111111110101,0.28205398382545793,legacy_drawdown;legacy_rolling_pf,2.7338285589387983,-2.8857079233240115,692.3265746761037,689.4408667527797,False,S1_000190,0
SECONDARY_W0_2018_2020,S1,691297,691387,2019-12-17T03:37:00,2019-12-17T05:07:00,2019-12-17T03:37:00,2019-12-17T05:07:00,689,1475.09,1476.0,1.5,0.6,timeout,False,0.9100000000000819,30.0,False,5.0,1.011111111111202,0.6222222222223132,0.5666666666667577,0.27941178120090726,legacy_drawdown;legacy_rolling_pf,2.6969306085692812,1.6780901564433537,689.4408667527797,691.118956909223,True,S1_000191,1
SECONDARY_W0_2018_2020,S1,692589,692679,2019-12-18T02:10:00,2019-12-18T03:40:00,2019-12-18T02:10:00,2019-12-18T03:40:00,709,1475.41,1475.61,1.5,0.6,timeout,False,0.1999999999998181,30.0,False,5.0,0.22222222222202012,-0.16666666666686883,-0.22222222222242438,0.28094826872265194,legacy_drawdown;legacy_rolling_pf,2.7183614419507185,-0.4530602403256693,691.118956909223,690.6658966688974,False,S1_000192,0
SECONDARY_W0_2018_2020,S1,692681,692771,2019-12-18T03:42:00,2019-12-18T05:12:00,2019-12-18T03:42:00,2019-12-18T05:12:00,717,1475.51,1476.02,1.5,0.6,timeout,False,0.5099999999999909,30.0,False,5.0,0.5666666666666567,0.17777777777776765,0.1222222222222121,0.28053343915989803,legacy_drawdown;legacy_rolling_pf,2.712568310241728,0.48223436626516863,690.6658966688974,691.1481310351626,True,S1_000193,0
SECONDARY_W0_2018_2020,S1,692940,693030,2019-12-18T08:01:00,2019-12-18T09:31:00,2019-12-18T08:01:00,2019-12-18T09:31:00,725,1476.99,1477.19,1.5,0.6,timeout,False,0.20000000000004547,30.0,False,5.0,0.22222222222227278,-0.1666666666666162,-0.22222222222217175,0.28097498104218477,legacy_drawdown;legacy_rolling_pf,2.7187346622092474,-0.45312244370140403,691.1481310351626,690.6950085914611,False,S1_000194,0
SECONDARY_W0_2018_2020,S1,694083,694173,2019-12-19T04:05:00,2019-12-19T05:35:00,2019-12-19T04:05:00,2019-12-19T05:35:00,732,1477.49,1477.59,1.5,0.6,timeout,False,0.09999999999990905,30.0,False,5.0,0.11111111111101006,-0.2777777777778789,-0.33333333333343446,0.28056009452497577,legacy_drawdown;legacy_rolling_pf,2.71294039657689,-0.7535945546049659,690.6950085914611,689.9414140368561,False,S1_000195,0
SECONDARY_W0_2018_2020,S1,695461,695551,2019-12-20T04:04:00,2019-12-20T05:34:00,2019-12-20T04:04:00,2019-12-20T05:34:00,739,1478.44,1477.97,1.5,0.6,timeout,False,-0.4700000000000273,30.0,False,5.0,-0.5222222222222526,-0.9111111111111416,-0.9666666666666971,0.2798700906982091,legacy_drawdown;legacy_rolling_pf,2.703315525721238,-2.4630208123238773,689.9414140368561,687.4783932245323,False,S1_000196,0
SECONDARY_W0_2018_2020,S1,695697,695787,2019-12-20T08:00:00,2019-12-20T09:30:00,2019-12-20T08:00:00,2019-12-20T09:30:00,752,1479.14,1478.95,1.5,0.6,timeout,False,-0.19000000000005457,30.0,False,5.0,-0.21111111111117176,-0.6000000000000608,-0.6555555555556163,0.15268819911908665,legacy_drawdown;legacy_loss_streak;legacy_rolling_pf,1.46957772912632,-0.8817466374758813,687.4783932245323,686.5966465870564,False,S1_000197,0
SECONDARY_W0_2018_2020,S1,696800,696810,2019-12-23T03:25:00,2019-12-23T03:35:00,2019-12-23T03:25:00,2019-12-23T03:35:00,757,1479.54,1478.94,1.5,0.6,stop_loss,False,-0.599999999999909,30.0,False,5.0,-0.6666666666665657,-1.0555555555554548,-1.1111111111110101,0.15224416100507893,legacy_drawdown;legacy_loss_streak;legacy_rolling_pf,1.4634246257196593,-1.5447259938150484,686.5966465870564,685.0519205932413,False,S1_000198,0
SECONDARY_W0_2018_2020,S1,697084,697107,2019-12-23T08:09:00,2019-12-23T08:32:00,2019-12-23T08:09:00,2019-12-23T08:32:00,771,1481.22,1482.72,1.5,0.6,take_profit,False,1.5,30.0,False,5.0,1.6666666666666667,1.277777777777778,1.2222222222222225,0.1514662536246595,legacy_drawdown;legacy_loss_streak;legacy_rolling_pf,1.4526714713089042,1.8561913244502666,685.0519205932413,686.9081119176916,True,S1_000199,0
SECONDARY_W0_2018_2020,S1,698157,698197,2019-12-24T03:03:00,2019-12-24T03:43:00,2019-12-24T03:03:00,2019-12-24T03:43:00,772,1484.55,1486.05,1.5,0.6,take_profit,False,1.5,30.0,False,5.0,1.6666666666666667,1.277777777777778,1.2222222222222225,0.2770927483498956,legacy_drawdown;legacy_rolling_pf,2.664721592331552,3.4049220346458724,686.9081119176916,690.3130339523375,True,S1_000200,0
SECONDARY_W0_2018_2020,S1,698232,698322,2019-12-24T04:18:00,2019-12-24T05:48:00,2019-12-24T04:18:00,2019-12-24T05:48:00,774,1488.42,1488.97,1.5,0.6,timeout,False,0.5499999999999545,30.0,False,5.0,0.6111111111110606,0.22222222222217167,0.16666666666661614,0.2802103521321829,legacy_drawdown;legacy_rolling_pf,2.708060016553081,0.6017911147894366,690.3130339523375,690.9148250671269,True,S1_000201,0
SECONDARY_W0_2018_2020,S1,982138,982146,2020-10-14T04:34:00,2020-10-14T04:42:00,2020-10-14T04:34:00,2020-10-14T04:42:00,785,1886.71,1888.632142857143,1.9221428571429249,2.365714285714369,take_profit,False,1.9221428571429442,30.0,False,5.0,0.7210610932475986,0.5897642015005501,0.5710075026795433,0.28076136218073167,legacy_drawdown;legacy_rolling_pf,2.7157506241139187,1.6016524983051659,690.9148250671269,692.5164775654321,True,S1_000202,0
SECONDARY_W0_2018_2020,S2,69669,69705,2018-03-14T04:45:00,2018-03-14T05:21:00,2018-03-14T04:45:00,2018-03-14T05:21:00,0,1328.57,1327.97,1.5,0.6,stop_loss,False,-0.599999999999909,30.0,False,5.0,-0.6666666666665657,-1.0555555555554548,-1.1111111111110101,1.0,,14.0,-14.777777777776366,1000.0,985.2222222222236,False,S2_000000,0
SECONDARY_W0_2018_2020,S2,75195,75285,2018-03-20T04:57:00,2018-03-20T06:27:00,2018-03-20T04:57:00,2018-03-20T06:27:00,1,1316.49,1316.24,1.5,0.6,timeout,False,-0.25,30.0,False,5.0,-0.2777777777777778,-0.6666666666666669,-0.7222222222222223,1.0,,13.79311111111113,-9.195407407407423,985.2222222222236,976.0268148148162,False,S2_000001,0
SECONDARY_W0_2018_2020,S2,112315,112356,2018-04-27T04:16:00,2018-04-27T04:57:00,2018-04-27T04:16:00,2018-04-27T04:57:00,2,1315.84,1317.34,1.5,0.6,take_profit,False,1.5,30.0,False,5.0,1.6666666666666667,1.277777777777778,1.2222222222222225,1.0,,13.664375407407428,17.460035242798384,976.0268148148162,993.4868500576147,True,S2_000002,0
SECONDARY_W0_2018_2020,S2,120481,120490,2018-05-07T03:01:00,2018-05-07T03:10:00,2018-05-07T03:01:00,2018-05-07T03:10:00,4,1314.1,1315.6,1.5,0.6,take_profit,False,1.5,30.0,False,5.0,1.6666666666666667,1.277777777777778,1.2222222222222225,1.0,,13.908815900806605,17.772375873252887,993.4868500576147,1011.2592259308676,True,S2_000003,0
SECONDARY_W0_2018_2020,S2,120550,120602,2018-05-07T04:10:00,2018-05-07T05:02:00,2018-05-07T04:10:00,2018-05-07T05:02:00,5,1317.53,1316.93,1.5,0.6,stop_loss,False,-0.599999999999909,30.0,False,5.0,-0.6666666666665657,-1.0555555555554548,-1.1111111111110101,1.0,,14.157629163032146,-14.944164116532505,1011.2592259308676,996.3150618143351,False,S2_000004,0
SECONDARY_W0_2018_2020,S2,121917,121944,2018-05-08T04:03:00,2018-05-08T04:30:00,2018-05-08T04:03:00,2018-05-08T04:30:00,8,1315.3,1314.7,1.5,0.6,stop_loss,False,-0.599999999999909,30.0,False,5.0,-0.6666666666665657,-1.0555555555554548,-1.1111111111110101,1.0,,13.94841086540069,-14.723322580143767,996.3150618143351,981.5917392341913,False,S2_000005,0
SECONDARY_W0_2018_2020,S2,123257,123258,2018-05-09T03:24:00,2018-05-09T03:25:00,2018-05-09T03:24:00,2018-05-09T03:25:00,12,1315.77,1315.17,1.5,0.6,stop_loss,False,-0.599999999999909,30.0,False,5.0,-0.6666666666665657,-1.0555555555554548,-1.1111111111110101,1.0,,13.742284349278679,-14.505744590903888,981.5917392341913,967.0859946432874,False,S2_000006,0
SECONDARY_W0_2018_2020,S2,124528,124601,2018-05-10T01:37:00,2018-05-10T02:50:00,2018-05-10T01:37:00,2018-05-10T02:50:00,13,1312.14,1311.5400000000002,1.5,0.6,stop_loss,False,-0.599999999999909,30.0,False,5.0,-0.6666666666665657,-1.0555555555554548,-1.1111111111110101,0.55,legacy_loss_streak,7.446562158753314,-7.8602600564610805,967.0859946432874,959.2257345868263,False,S2_000007,0
SECONDARY_W0_2018_2020,S2,127379,127410,2018-05-14T03:11:00,2018-05-14T03:42:00,2018-05-14T03:11:00,2018-05-14T03:42:00,20,1320.16,1321.66,1.5,0.6,take_profit,False,1.5,30.0,False,5.0,1.6666666666666667,1.277777777777778,1.2222222222222225,0.55,legacy_loss_streak,7.386038156318563,9.43771542196261,959.2257345868263,968.6634500087889,True,S2_000008,0
SECONDARY_W0_2018_2020,S2,127431,127444,2018-05-14T04:03:00,2018-05-14T04:16:00,2018-05-14T04:03:00,2018-05-14T04:16:00,22,1322.03,1321.43,1.5,0.6,stop_loss,False,-0.599999999999909,30.0,False,5.0,-0.6666666666665657,-1.0555555555554548,-1.1111111111110101,1.0,,13.561288300123046,-14.31469320568407,968.6634500087889,954.3487568031048,False,S2_000009,0
SECONDARY_W0_2018_2020,S2,127445,127494,2018-05-14T04:17:00,2018-05-14T05:06:00,2018-05-14T04:17:00,2018-05-14T05:06:00,22,1321.52,1320.92,1.5,0.6,stop_loss,False,-0.599999999999909,30.0,False,5.0,-0.6666666666665657,-1.0555555555554548,-1.1111111111110101,1.0,,13.360882595243467,-14.103153850533424,954.3487568031048,940.2456029525714,False,S2_000010,1
SECONDARY_W0_2018_2020,S2,132950,132964,2018-05-18T04:07:00,2018-05-18T04:21:00,2018-05-18T04:07:00,2018-05-18T04:21:00,31,1289.26,1288.66,1.5,0.6,stop_loss,False,-0.599999999999909,30.0,False,5.0,-0.6666666666665657,-1.0555555555554548,-1.1111111111110101,1.0,,13.163438441336,-13.894740576964452,940.2456029525714,926.350862375607,False,S2_000011,0
SECONDARY_W0_2018_2020,S2,134323,134331,2018-05-21T04:02:00,2018-05-21T04:10:00,2018-05-21T04:02:00,2018-05-21T04:10:00,36,1290.22,1289.6200000000001,1.5,0.6,stop_loss,False,-0.599999999999909,30.0,False,5.0,-0.6666666666665657,-1.0555555555554548,-1.1111111111110101,0.5459636059055826,legacy_drawdown;legacy_loss_streak,7.080554000188654,-7.473918111309532,926.350862375607,918.8769442642974,False,S2_000012,0
SECONDARY_W0_2018_2020,S2,136900,136971,2018-05-23T01:01:00,2018-05-23T02:12:00,2018-05-23T01:01:00,2018-05-23T02:12:00,43,1290.89,1292.39,1.5,0.6,take_profit,False,1.5,30.0,False,5.0,1.6666666666666667,1.277777777777778,1.2222222222222225,0.5384360365078819,legacy_drawdown;legacy_loss_streak,6.926590438713991,8.850643338356768,918.8769442642974,927.7275876026542,True,S2_000013,0
SECONDARY_W0_2018_2020,S2,137021,137027,2018-05-23T03:02:00,2018-05-23T03:08:00,2018-05-23T03:02:00,2018-05-23T03:08:00,45,1293.32,1294.82,1.5,0.6,take_profit,False,1.5,30.0,False,5.0,1.6666666666666667,1.277777777777778,1.2222222222222225,0.9951822071116844,legacy_drawdown,12.925611835203311,16.51605956720423,927.7275876026542,944.2436471698585,True,S2_000014,0
SECONDARY_W0_2018_2020,S2,137068,137115,2018-05-23T03:49:00,2018-05-23T04:36:00,2018-05-23T03:49:00,2018-05-23T04:36:00,46,1293.11,1292.51,1.5,0.6,stop_loss,False,-0.599999999999909,30.0,False,5.0,-0.6666666666665657,-1.0555555555554548,-1.1111111111110101,1.0,,13.21941106037802,-13.953822785953244,944.2436471698585,930.2898243839053,False,S2_000015,0
SECONDARY_W0_2018_2020,S2,141176,141225,2018-05-28T03:21:00,2018-05-28T04:10:00,2018-05-28T03:21:00,2018-05-28T04:10:00,54,1298.43,1297.8300000000002,1.5,0.6,stop_loss,False,-0.599999999999909,30.0,False,5.0,-0.6666666666665657,-1.0555555555554548,-1.1111111111110101,0.9998742611435029,legacy_drawdown,13.022419911272468,-13.745887684119626,930.2898243839053,916.5439366997856,False,S2_000016,0
SECONDARY_W0_2018_2020,S2,141241,141331,2018-05-28T04:26:00,2018-05-28T05:56:00,2018-05-28T04:26:00,2018-05-28T05:56:00,58,1297.77,1297.66,1.5,0.6,timeout,False,-0.10999999999989996,30.0,False,5.0,-0.12222222222211107,-0.511111111111,-0.5666666666665556,0.974702330039732,legacy_drawdown,12.507005149590976,-6.392469298678443,916.5439366997856,910.1514674011072,False,S2_000017,0
SECONDARY_W0_2018_2020,S2,144920,145010,2018-05-31T01:06:00,2018-05-31T02:36:00,2018-05-31T01:06:00,2018-05-31T02:36:00,60,1301.49,1302.15,1.5,0.6,timeout,False,0.6600000000000819,30.0,False,5.0,0.7333333333334243,0.34444444444453537,0.28888888888897984,0.26482396204155706,legacy_drawdown;legacy_loss_streak;legacy_rolling_pf,3.3744188471713756,1.162299825137114,910.1514674011072,911.3137672262443,True,S2_000018,0
SECONDARY_W0_2018_2020,S2,145109,145124,2018-05-31T04:15:00,2018-05-31T04:30:00,2018-05-31T04:15:00,2018-05-31T04:30:00,64,1303.0,1302.4,1.5,0.6,stop_loss,False,-0.599999999999909,30.0,False,5.0,-0.6666666666665657,-1.0555555555554548,-1.1111111111110101,0.4825623340373052,legacy_drawdown;legacy_rolling_pf,6.156719779742362,-6.498759767505206,911.3137672262443,904.815007458739,False,S2_000019,0
SECONDARY_W0_2018_2020,S2,147792,147882,2018-06-04T03:02:00,2018-06-04T04:32:00,2018-06-04T03:02:00,2018-06-04T04:32:00,67,1292.44,1293.21,1.5,0.6,timeout,False,0.7699999999999818,30.0,False,5.0,0.8555555555555354,0.46666666666664647,0.41111111111109094,0.476611960482435,legacy_drawdown;legacy_rolling_pf,6.037439164103741,2.8174716099149575,904.815007458739,907.632479068654,True,S2_000020,0
SECONDARY_W0_2018_2020,S2,147883,147919,2018-06-04T04:33:00,2018-06-04T05:09:00,2018-06-04T04:33:00,2018-06-04T05:09:00,73,1293.44,1292.8400000000001,1.5,0.6,stop_loss,False,-0.599999999999909,30.0,False,5.0,-0.6666666666665657,-1.0555555555554548,-1.1111111111110101,0.47919168479276614,legacy_drawdown;legacy_rolling_pf,6.089019115445607,-6.427297955191972,907.632479068654,901.205181113462,False,S2_000021,0
SECONDARY_W0_2018_2020,S2,149150,149216,2018-06-05T02:44:00,2018-06-05T03:50:00,2018-06-05T02:44:00,2018-06-05T03:50:00,74,1291.51,1290.91,1.5,0.6,stop_loss,False,-0.599999999999909,30.0,False,5.0,-0.6666666666665657,-1.0555555555554548,-1.1111111111110101,0.4733067428730672,legacy_drawdown;legacy_rolling_pf,5.971650845064034,-6.303409225344768,901.205181113462,894.9017718881172,False,S2_000022,0
SECONDARY_W0_2018_2020,S2,149217,149280,2018-06-05T03:51:00,2018-06-05T04:54:00,2018-06-05T03:51:00,2018-06-05T04:54:00,77,1291.0,1292.5,1.5,0.6,take_profit,False,1.5,30.0,False,5.0,1.6666666666666667,1.277777777777778,1.2222222222222225,0.4675352355544615,legacy_drawdown;legacy_rolling_pf,5.857573550049422,7.484677313952041,894.9017718881172,902.3864492020692,True,S2_000023,0
SECONDARY_W0_2018_2020,S2,150620,150710,2018-06-06T04:15:00,2018-06-06T05:45:00,2018-06-06T04:15:00,2018-06-06T05:45:00,82,1297.22,1297.07,1.5,0.6,timeout,False,-0.15000000000009095,30.0,False,5.0,-0.16666666666676774,-0.5555555555556567,-0.6111111111112123,0.4743883317680447,legacy_drawdown;legacy_rolling_pf,5.993142431458827,-3.329523573033288,902.3864492020692,899.056925629036,False,S2_000024,0
SECONDARY_W0_2018_2020,S2,151989,152009,2018-06-07T04:07:00,2018-06-07T04:27:00,2018-06-07T04:07:00,2018-06-07T04:27:00,85,1295.83,1297.33,1.5,0.6,take_profit,False,1.5,30.0,False,5.0,1.6666666666666667,1.277777777777778,1.2222222222222225,0.4713397640831217,legacy_drawdown;legacy_rolling_pf,5.932657909126012,7.580618439438793,899.056925629036,906.6375440684748,True,S2_000025,0
SECONDARY_W0_2018_2020,S2,152024,152114,2018-06-07T04:42:00,2018-06-07T06:12:00,2018-06-07T04:42:00,2018-06-07T06:12:00,87,1296.97,1296.99,1.5,0.6,timeout,False,0.01999999999998181,30.0,False,5.0,0.022222222222202014,-0.36666666666668696,-0.4222222222222425,0.4782807056020161,legacy_drawdown;legacy_rolling_pf,6.070781420232887,-2.2259531874188485,906.6375440684748,904.4115908810559,False,S2_000026,0
SECONDARY_W0_2018_2020,S2,153345,153376,2018-06-08T03:44:00,2018-06-08T04:15:00,2018-06-08T03:44:00,2018-06-08T04:15:00,91,1296.9,1296.3000000000002,1.5,0.6,stop_loss,False,-0.599999999999909,30.0,False,5.0,-0.6666666666665657,-1.0555555555554548,-1.1111111111110101,0.4762425854906951,legacy_drawdown;legacy_rolling_pf,6.030070401445255,-6.36507431263605,904.4115908810559,898.0465165684199,False,S2_000027,0
SECONDARY_W0_2018_2020,S2,153378,153468,2018-06-08T04:17:00,2018-06-08T05:47:00,2018-06-08T04:17:00,2018-06-08T05:47:00,93,1296.76,1297.01,1.5,0.6,timeout,False,0.25,30.0,False,5.0,0.2777777777777778,-0.11111111111111116,-0.1666666666666667,0.47041461658283196,legacy_drawdown;legacy_rolling_pf,5.914358908711136,-0.6571509898567931,898.0465165684199,897.3893655785631,False,S2_000028,0
SECONDARY_W0_2018_2020,S2,153605,153626,2018-06-08T08:04:00,2018-06-08T08:25:00,2018-06-08T08:04:00,2018-06-08T08:25:00,97,1296.51,1295.91,1.5,0.6,stop_loss,False,-0.599999999999909,30.0,False,5.0,-0.6666666666665657,-1.0555555555554548,-1.1111111111110101,0.2583971049567601,legacy_drawdown;legacy_loss_streak;legacy_rolling_pf,3.246359397182781,-3.4267126970259416,897.3893655785631,893.9626528815372,False,S2_000029,0
SECONDARY_W0_2018_2020,S2,154703,154770,2018-06-11T03:24:00,2018-06-11T04:31:00,2018-06-11T03:24:00,2018-06-11T04:31:00,99,1298.98,1300.48,1.5,0.6,take_profit,False,1.5,30.0,False,5.0,1.6666666666666667,1.277777777777778,1.2222222222222225,0.2566714493335194,legacy_drawdown;legacy_loss_streak;legacy_rolling_pf,3.212365656711989,4.1046894502430975,893.9626528815372,898.0673423317803,True,S2_000030,0
SECONDARY_W0_2018_2020,S2,156001,156009,2018-06-12T02:04:00,2018-06-12T02:12:00,2018-06-12T02:04:00,2018-06-12T02:12:00,104,1299.34,1298.74,1.5,0.6,stop_loss,False,-0.599999999999909,30.0,False,5.0,-0.6666666666665657,-1.0555555555554548,-1.1111111111110101,0.4704336850014216,legacy_drawdown;legacy_rolling_pf,5.914735809256016,-6.2433322431029765,898.0673423317803,891.8240100886774,False,S2_000031,0
SECONDARY_W0_2018_2020,S2,156058,156069,2018-06-12T03:01:00,2018-06-12T03:12:00,2018-06-12T03:01:00,2018-06-12T03:12:00,108,1297.69,1297.0900000000001,1.5,0.6,stop_loss,False,-0.599999999999909,30.0,False,5.0,-0.6666666666665657,-1.0555555555554548,-1.1111111111110101,0.46471718517642663,legacy_drawdown;legacy_rolling_pf,5.802243210976286,-6.124590056029939,891.8240100886774,885.6994200326475,False,S2_000032,0
SECONDARY_W0_2018_2020,S2,157437,157490,2018-06-13T03:01:00,2018-06-13T03:54:00,2018-06-13T03:01:00,2018-06-13T03:54:00,110,1295.51,1294.91,1.5,0.6,stop_loss,False,-0.599999999999909,30.0,False,5.0,-0.6666666666665657,-1.0555555555554548,-1.1111111111110101,0.4591094076915527,legacy_drawdown;legacy_rolling_pf,5.692861105735167,-6.009131167164325,885.6994200326475,879.6902888654831,False,S2_000033,0
SECONDARY_W0_2018_2020,S2,158859,158893,2018-06-14T03:45:00,2018-06-14T04:19:00,2018-06-14T03:45:00,2018-06-14T04:19:00,113,1298.77,1298.17,1.5,0.6,stop_loss,False,-0.599999999999909,30.0,False,5.0,-0.6666666666665657,-1.0555555555554548,-1.1111111111110101,0.24948404046710956,legacy_drawdown;legacy_loss_streak;legacy_rolling_pf,3.072561626761753,-3.243259494914874,879.6902888654831,876.4470293705682,False,S2_000034,0
SECONDARY_W0_2018_2020,S2,164329,164334,2018-06-20T03:01:00,2018-06-20T03:06:00,2018-06-20T03:01:00,2018-06-20T03:06:00,117,1274.76,1274.16,1.5,0.6,stop_loss,False,-0.599999999999909,30.0,False,5.0,-0.6666666666665657,-1.0555555555554548,-1.1111111111110101,0.24785076990144864,legacy_drawdown;legacy_loss_streak;legacy_rolling_pf,3.0411929941026608,-3.210148160441391,876.4470293705682,873.2368812101269,False,S2_000035,0
SECONDARY_W0_2018_2020,S2,169844,169934,2018-06-26T03:01:00,2018-06-26T04:31:00,2018-06-26T03:01:00,2018-06-26T04:31:00,121,1266.21,1266.72,1.5,0.6,timeout,False,0.5099999999999909,30.0,False,5.0,0.5666666666666567,0.17777777777776765,0.1222222222222121,0.2462341738473617,legacy_drawdown;legacy_loss_streak;legacy_rolling_pf,3.010290668249513,0.5351627854665496,873.2368812101269,873.7720439955934,True,S2_000036,0
SECONDARY_W0_2018_2020,S2,169941,169948,2018-06-26T04:38:00,2018-06-26T04:45:00,2018-06-26T04:38:00,2018-06-26T04:45:00,125,1266.7,1266.1000000000001,1.5,0.6,stop_loss,False,-0.599999999999909,30.0,False,5.0,-0.6666666666665657,-1.0555555555554548,-1.1111111111110101,0.44818850193584986,legacy_drawdown;legacy_rolling_pf,5.482604168045348,-5.787193288491759,873.7720439955934,867.9848507071017,False,S2_000037,0
SECONDARY_W0_2018_2020,S2,169949,169961,2018-06-26T04:46:00,2018-06-26T04:58:00,2018-06-26T04:46:00,2018-06-26T04:58:00,126,1265.98,1265.38,1.5,0.6,stop_loss,False,-0.599999999999909,30.0,False,5.0,-0.6666666666665657,-1.0555555555554548,-1.1111111111110101,0.44288965059609925,legacy_drawdown;legacy_rolling_pf,5.381901101533259,-5.680895607173453,867.9848507071017,862.3039550999283,False,S2_000038,0
SECONDARY_W0_2018_2020,S2,169962,169997,2018-06-26T04:59:00,2018-06-26T05:34:00,2018-06-26T04:59:00,2018-06-26T05:34:00,126,1265.23,1264.63,1.5,0.6,stop_loss,False,-0.599999999999909,30.0,False,5.0,-0.6666666666665657,-1.0555555555554548,-1.1111111111110101,0.4376881271980618,legacy_drawdown;legacy_rolling_pf,5.28388284456437,-5.57743189148408,862.3039550999283,856.7265232084443,False,S2_000039,1
SECONDARY_W0_2018_2020,S2,171227,171282,2018-06-27T03:05:00,2018-06-27T04:00:00,2018-06-27T03:05:00,2018-06-27T04:00:00,127,1257.72,1259.22,1.5,0.6,take_profit,False,1.5,30.0,False,5.0,1.6666666666666667,1.277777777777778,1.2222222222222225,0.23791973530337474,legacy_drawdown;legacy_loss_streak;legacy_rolling_pf,2.8536500668078704,3.646330640921168,856.7265232084443,860.3728538493655,True,S2_000040,0
SECONDARY_W0_2018_2020,S2,171336,171345,2018-06-27T04:54:00,2018-06-27T05:03:00,2018-06-27T04:54:00,2018-06-27T05:03:00,131,1255.07,1254.3374285714285,1.5,0.732571428571438,stop_loss,False,-0.7325714285714184,30.0,False,5.0,-0.7094631986718155,-1.048422800221342,-1.0968456004427027,0.43591997847057984,legacy_drawdown;legacy_rolling_pf,5.250752022973614,-5.505008139193873,860.3728538493655,854.8678457101717,False,S2_000041,0
SECONDARY_W0_2018_2020,S2,174060,174065,2018-06-29T04:20:00,2018-06-29T04:25:00,2018-06-29T04:20:00,2018-06-29T04:25:00,134,1247.74,1247.14,1.5,0.6,stop_loss,False,-0.599999999999909,30.0,False,5.0,-0.6666666666665657,-1.0555555555554548,-1.1111111111110101,0.4308795005913093,legacy_drawdown;legacy_rolling_pf,5.156830426036342,-5.443321005260063,854.8678457101717,849.4245247049116,False,S2_000042,0
SECONDARY_W0_2018_2020,S2,176751,176800,2018-07-03T03:15:00,2018-07-03T04:04:00,2018-07-03T03:15:00,2018-07-03T04:04:00,135,1241.87,1241.27,1.5,0.6,stop_loss,False,-0.599999999999909,30.0,False,5.0,-0.6666666666665657,-1.0555555555554548,-1.1111111111110101,0.4258955044875724,legacy_drawdown;legacy_rolling_pf,5.064725210626406,-5.346098833438474,849.4245247049116,844.0784258714732,False,S2_000043,0
SECONDARY_W0_2018_2020,S2,182080,182116,2018-07-09T04:16:00,2018-07-09T04:52:00,2018-07-09T04:16:00,2018-07-09T04:52:00,143,1256.16,1257.66,1.5,0.6,take_profit,False,1.5,30.0,False,5.0,1.6666666666666667,1.277777777777778,1.2222222222222225,0.23155028965017357,legacy_drawdown;legacy_loss_streak;legacy_rolling_pf,2.7362524559720307,3.4963225826309285,844.0784258714732,847.5747484541041,True,S2_000044,0
SECONDARY_W0_2018_2020,S2,183419,183452,2018-07-10T03:37:00,2018-07-10T04:10:00,2018-07-10T03:37:00,2018-07-10T04:10:00,144,1257.74,1259.24,1.5,0.6,take_profit,False,1.5,30.0,False,5.0,1.6666666666666667,1.277777777777778,1.2222222222222225,0.42420181829528264,legacy_drawdown;legacy_rolling_pf,5.033598492095568,6.431820295455449,847.5747484541041,854.0065687495595,True,S2_000045,0
SECONDARY_W0_2018_2020,S2,188886,188939,2018-07-16T02:49:00,2018-07-16T03:42:00,2018-07-16T02:49:00,2018-07-16T03:42:00,146,1241.03,1242.53,1.5,0.6,take_profit,False,1.5,30.0,False,5.0,1.6666666666666667,1.277777777777778,1.2222222222222225,0.4300909009456553,legacy_drawdown;legacy_rolling_pf,5.14220636393808,6.570597020587548,854.0065687495595,860.5771657701471,True,S2_000046,0
SECONDARY_W0_2018_2020,S2,190254,190306,2018-07-17T02:41:00,2018-07-17T03:33:00,2018-07-17T02:41:00,2018-07-17T03:33:00,150,1240.28,1239.68,1.5,0.6,stop_loss,False,-0.599999999999909,30.0,False,5.0,-0.6666666666665657,-1.0555555555554548,-1.1111111111110101,0.4361070498955681,legacy_drawdown;legacy_rolling_pf,5.254252765601113,-5.546155697022868,860.5771657701471,855.0310100731242,False,S2_000047,0
SECONDARY_W0_2018_2020,S2,190307,190330,2018-07-17T03:34:00,2018-07-17T03:57:00,2018-07-17T03:34:00,2018-07-17T03:57:00,152,1239.55,1238.95,1.5,0.6,stop_loss,False,-0.599999999999909,30.0,False,5.0,-0.6666666666665657,-1.0555555555554548,-1.1111111111110101,0.4310288966214972,legacy_drawdown;legacy_rolling_pf,5.159603019885762,-5.446247632101118,855.0310100731242,849.5847624410231,False,S2_000048,0
SECONDARY_W0_2018_2020,S2,190331,190351,2018-07-17T03:58:00,2018-07-17T04:18:00,2018-07-17T03:58:00,2018-07-17T04:18:00,152,1238.84,1238.24,1.5,0.6,stop_loss,False,-0.599999999999909,30.0,False,5.0,-0.6666666666665657,-1.0555555555554548,-1.1111111111110101,0.4260422208490877,legacy_drawdown;legacy_rolling_pf,5.067425705858854,-5.3489493561838355,849.5847624410231,844.2358130848393,False,S2_000049,1
SECONDARY_W0_2018_2020,S2,191606,191640,2018-07-18T02:17:00,2018-07-18T02:51:00,2018-07-18T02:17:00,2018-07-18T02:51:00,156,1227.6,1227.0,1.5,0.6,stop_loss,False,-0.599999999999909,30.0,False,5.0,-0.6666666666665657,-1.0555555555554548,-1.1111111111110101,0.23162954815644027,legacy_drawdown;legacy_loss_streak;legacy_rolling_pf,2.7376994389125677,-2.8897938521852122,844.2358130848393,841.346019232654,False,S2_000050,0
SECONDARY_W0_2018_2020,S2,192936,192966,2018-07-19T01:28:00,2018-07-19T01:58:00,2018-07-19T01:28:00,2018-07-19T01:58:00,160,1226.95,1226.3500000000001,1.5,0.6,stop_loss,False,-0.599999999999909,30.0,False,5.0,-0.6666666666665657,-1.0555555555554548,-1.1111111111110101,0.23017427908315083,legacy_drawdown;legacy_loss_streak;legacy_rolling_pf,2.7111869881089685,-2.8618084874480822,841.346019232654,838.4842107452059,False,S2_000051,0
SECONDARY_W0_2018_2020,S2,197128,197194,2018-07-24T02:25:00,2018-07-24T03:31:00,2018-07-24T02:25:00,2018-07-24T03:31:00,166,1223.88,1223.2800000000002,1.5,0.6,stop_loss,False,-0.599999999999909,30.0,False,5.0,-0.6666666666665657,-1.0555555555554548,-1.1111111111110101,0.2287331031382608,legacy_drawdown;legacy_loss_streak;legacy_rolling_pf,2.6850473363866096,-2.8342166328522618,838.4842107452059,835.6499941123536,False,S2_000052,0
SECONDARY_W0_2018_2020,S2,202654,202668,2018-07-30T02:38:00,2018-07-30T02:52:00,2018-07-30T02:38:00,2018-07-30T02:52:00,174,1222.84,1222.24,1.5,0.6,stop_loss,False,-0.599999999999909,30.0,False,5.0,-0.6666666666665657,-1.0555555555554548,-1.1111111111110101,0.2273058221542994,legacy_drawdown;legacy_loss_streak;legacy_rolling_pf,2.659273525229216,-2.8070109432972377,835.6499941123536,832.8429831690564,False,S2_000053,0
SECONDARY_W0_2018_2020,S2,202789,202824,2018-07-30T04:53:00,2018-07-30T05:28:00,2018-07-30T04:53:00,2018-07-30T05:28:00,179,1221.6,1221.0,1.5,0.6,stop_loss,False,-0.599999999999909,30.0,False,5.0,-0.6666666666665657,-1.0555555555554548,-1.1111111111110101,0.22589224166270952,legacy_drawdown;legacy_loss_streak;legacy_rolling_pf,2.63385875789563,-2.7801842444451217,832.8429831690564,830.0627989246113,False,S2_000054,0
SECONDARY_W0_2018_2020,S2,210982,211007,2018-08-07T03:35:00,2018-08-07T04:00:00,2018-08-07T03:35:00,2018-08-07T04:00:00,181,1208.0,1209.5,1.5,0.6,take_profit,False,1.5,30.0,False,5.0,1.6666666666666667,1.277777777777778,1.2222222222222225,0.2244921708078532,legacy_drawdown;legacy_loss_streak;legacy_rolling_pf,2.608796394924,3.333462060180667,830.0627989246113,833.396260984792,True,S2_000055,0
SECONDARY_W0_2018_2020,S2,211043,211057,2018-08-07T04:36:00,2018-08-07T04:50:00,2018-08-07T04:36:00,2018-08-07T04:50:00,183,1208.61,1208.01,1.5,0.6,stop_loss,False,-0.599999999999909,30.0,False,5.0,-0.6666666666665657,-1.0555555555554548,-1.1111111111110101,0.4112197571168866,legacy_drawdown;legacy_rolling_pf,4.797926112340026,-5.064477563025099,833.396260984792,828.3317834217669,False,S2_000056,0
SECONDARY_W0_2018_2020,S2,211059,211064,2018-08-07T04:52:00,2018-08-07T04:57:00,2018-08-07T04:52:00,2018-08-07T04:57:00,186,1208.27,1207.67,1.5,0.6,stop_loss,False,-0.599999999999909,30.0,False,5.0,-0.6666666666665657,-1.0555555555554548,-1.1111111111110101,0.4065826364294995,legacy_drawdown;legacy_rolling_pf,4.714994484787597,-4.976938622830877,828.3317834217669,823.354844798936,False,S2_000057,0
SECONDARY_W0_2018_2020,S2,211066,211116,2018-08-07T04:59:00,2018-08-07T05:49:00,2018-08-07T04:59:00,2018-08-07T05:49:00,186,1208.41,1209.91,1.5,0.6,take_profit,False,1.5,30.0,False,5.0,1.6666666666666667,1.277777777777778,1.2222222222222225,0.4020256678655002,legacy_drawdown;legacy_rolling_pf,4.634136939188226,5.921397200073844,823.354844798936,829.2762419990099,True,S2_000058,1
SECONDARY_W0_2018_2020,S2,212328,212340,2018-08-08T03:02:00,2018-08-08T03:14:00,2018-08-08T03:02:00,2018-08-08T03:14:00,187,1212.65,1212.0500000000002,1.5,0.6,stop_loss,False,-0.599999999999909,30.0,False,5.0,-0.6666666666665657,-1.0555555555554548,-1.1111111111110101,0.40744739855992895,legacy_drawdown;legacy_rolling_pf,4.730410264860709,-4.993210835130272,829.2762419990099,824.2830311638796,False,S2_000059,0
SECONDARY_W0_2018_2020,S2,212387,212418,2018-08-08T04:01:00,2018-08-08T04:32:00,2018-08-08T04:01:00,2018-08-08T04:32:00,188,1211.17,1212.67,1.5,0.6,take_profit,False,1.5,30.0,False,5.0,1.6666666666666667,1.277777777777778,1.2222222222222225,0.40287553088514405,legacy_drawdown;legacy_rolling_pf,4.649168492916693,5.9406041853935525,824.2830311638796,830.2236353492732,True,S2_000060,0
SECONDARY_W0_2018_2020,S2,213707,213797,2018-08-09T03:02:00,2018-08-09T04:32:00,2018-08-09T03:02:00,2018-08-09T04:32:00,191,1213.37,1213.19,1.5,0.6,timeout,False,-0.1799999999998363,30.0,False,5.0,-0.19999999999981813,-0.5888888888887072,-0.6444444444442626,0.4083148478178095,legacy_drawdown;legacy_rolling_pf,4.745896922513419,-2.794805965479262,830.2236353492732,827.428829383794,False,S2_000061,0
SECONDARY_W0_2018_2020,S2,216518,216523,2018-08-13T04:01:00,2018-08-13T04:06:00,2018-08-13T04:01:00,2018-08-13T04:06:00,194,1209.4,1208.8000000000002,1.5,0.6,stop_loss,False,-0.599999999999909,30.0,False,5.0,-0.6666666666665657,-1.0555555555554548,-1.1111111111110101,0.40575587655207135,legacy_drawdown;legacy_rolling_pf,4.700277539315059,-4.961404069276533,827.428829383794,822.4674253145174,False,S2_000062,0
SECONDARY_W0_2018_2020,S2,216524,216526,2018-08-13T04:07:00,2018-08-13T04:09:00,2018-08-13T04:07:00,2018-08-13T04:09:00,194,1209.42,1208.8200000000002,1.5,0.6,stop_loss,False,-0.599999999999909,30.0,False,5.0,-0.6666666666665657,-1.0555555555554548,-1.1111111111110101,0.4012131316861258,legacy_drawdown;legacy_rolling_pf,4.619786239883672,-4.876441030987856,822.4674253145174,817.5909842835296,False,S2_000063,1
SECONDARY_W0_2018_2020,S2,217836,217896,2018-08-14T03:02:00,2018-08-14T04:02:00,2018-08-14T03:02:00,2018-08-14T04:02:00,199,1192.44,1193.94,1.5,0.6,take_profit,False,1.5,30.0,False,5.0,1.6666666666666667,1.277777777777778,1.2222222222222225,0.21821149922249425,legacy_drawdown;legacy_loss_streak;legacy_rolling_pf,2.497708562038252,3.191516495937767,817.5909842835296,820.7825007794673,True,S2_000064,0
SECONDARY_W0_2018_2020,S2,217919,217937,2018-08-14T04:25:00,2018-08-14T04:43:00,2018-08-14T04:25:00,2018-08-14T04:43:00,201,1193.33,1194.83,1.5,0.6,take_profit,False,1.5,30.0,False,5.0,1.6666666666666667,1.277777777777778,1.2222222222222225,0.3996703864925821,legacy_drawdown;legacy_rolling_pf,4.592594430380289,5.868315105485925,820.7825007794673,826.6508158849533,True,S2_000065,0
SECONDARY_W0_2018_2020,S2,219160,219199,2018-08-15T02:14:00,2018-08-15T02:53:00,2018-08-15T02:14:00,2018-08-15T02:53:00,203,1194.05,1193.45,1.5,0.6,stop_loss,False,-0.599999999999909,30.0,False,5.0,-0.6666666666665657,-1.0555555555554548,-1.1111111111110101,0.40504351432997765,legacy_drawdown;legacy_rolling_pf,4.687613722256987,-4.948036706826348,826.6508158849533,821.702779178127,False,S2_000066,0
SECONDARY_W0_2018_2020,S2,219203,219229,2018-08-15T02:57:00,2018-08-15T03:23:00,2018-08-15T02:57:00,2018-08-15T03:23:00,204,1193.75,1193.15,1.5,0.6,stop_loss,False,-0.599999999999909,30.0,False,5.0,-0.6666666666665657,-1.0555555555554548,-1.1111111111110101,0.4005130088455245,legacy_drawdown;legacy_rolling_pf,4.607437134515057,-4.863405864209874,821.702779178127,816.8393733139171,False,S2_000067,0
SECONDARY_W0_2018_2020,S2,219230,219232,2018-08-15T03:24:00,2018-08-15T03:26:00,2018-08-15T03:24:00,2018-08-15T03:26:00,204,1193.34,1192.74,1.5,0.6,stop_loss,False,-0.599999999999909,30.0,False,5.0,-0.6666666666665657,-1.0555555555554548,-1.1111111111110101,0.3960599927814911,legacy_drawdown;legacy_rolling_pf,4.5292435481768685,-4.780868189741794,816.8393733139171,812.0585051241753,False,S2_000068,1
SECONDARY_W0_2018_2020,S2,220634,220636,2018-08-16T03:50:00,2018-08-16T03:52:00,2018-08-16T03:50:00,2018-08-16T03:52:00,209,1162.04,1163.6027857142856,1.5627857142857076,1.923428571428563,take_profit,False,1.56278571428561,30.0,False,5.0,0.7028720123361162,0.5454574659470125,0.5229696736057121,0.21542540227888757,legacy_drawdown;legacy_loss_streak;legacy_rolling_pf,2.449132421965146,1.3358975646537778,812.0585051241753,813.3944026888291,True,S2_000069,0
SECONDARY_W0_2018_2020,S2,220639,220646,2018-08-16T03:55:00,2018-08-16T04:02:00,2018-08-16T03:55:00,2018-08-16T04:02:00,209,1165.14,1166.9395714285715,1.7995714285714177,2.2148571428571295,take_profit,False,1.7995714285714257,30.0,False,5.0,0.7155760054533088,0.5764030902067732,0.5565212451715538,0.3929057198373942,legacy_drawdown;legacy_rolling_pf,4.474222386202264,2.5789556096793076,813.3944026888291,815.9733582985084,True,S2_000070,1
SECONDARY_W0_2018_2020,S2,239525,239585,2018-09-05T02:05:00,2018-09-05T03:13:00,2018-09-05T02:05:00,2018-09-05T03:13:00,210,1191.99,1191.39,1.5,0.6,stop_loss,False,-0.599999999999909,30.0,False,5.0,-0.6666666666665657,-1.0555555555554548,-1.1111111111110101,0.39526705489331515,legacy_drawdown;legacy_rolling_pf,4.51538340688483,-4.766238040600198,815.9733582985084,811.2071202579082,False,S2_000071,0
SECONDARY_W0_2018_2020,S2,239586,239651,2018-09-05T03:14:00,2018-09-05T04:19:00,2018-09-05T03:14:00,2018-09-05T04:19:00,219,1191.21,1192.71,1.5,0.6,take_profit,False,1.5,30.0,False,5.0,1.6666666666666667,1.277777777777778,1.2222222222222225,0.39090300731999017,legacy_drawdown;legacy_rolling_pf,4.439446240154873,5.672625751309005,811.2071202579082,816.8797460092172,True,S2_000072,0
SECONDARY_W0_2018_2020,S2,243706,243707,2018-09-10T03:26:00,2018-09-10T03:27:00,2018-09-10T03:26:00,2018-09-10T03:27:00,221,1195.09,1194.49,1.5,0.6,stop_loss,False,-0.599999999999909,30.0,False,5.0,-0.6666666666665657,-1.0555555555554548,-1.1111111111110101,0.3960969586991504,legacy_drawdown;legacy_rolling_pf,4.529890162240595,-4.78155072680906,816.8797460092172,812.0981952824081,False,S2_000073,0
SECONDARY_W0_2018_2020,S2,243708,243741,2018-09-10T03:28:00,2018-09-10T04:01:00,2018-09-10T03:28:00,2018-09-10T04:01:00,221,1194.29,1195.79,1.5,0.6,take_profit,False,1.5,30.0,False,5.0,1.6666666666666667,1.277777777777778,1.2222222222222225,0.3917188905732383,legacy_drawdown;legacy_rolling_pf,4.453598857295755,5.690709650989021,812.0981952824081,817.7889049333971,True,S2_000074,1
SECONDARY_W0_2018_2020,S2,245103,245141,2018-09-11T04:04:00,2018-09-11T04:42:00,2018-09-11T04:04:00,2018-09-11T04:42:00,222,1194.37,1193.77,1.5,0.6,stop_loss,False,-0.599999999999909,30.0,False,5.0,-0.6666666666665657,-1.0555555555554548,-1.1111111111110101,0.39692939987456727,legacy_drawdown;legacy_rolling_pf,4.5444624296301,-4.796932564609092,817.7889049333971,812.9919723687881,False,S2_000075,0
SECONDARY_W0_2018_2020,S2,245147,245200,2018-09-11T04:48:00,2018-09-11T05:41:00,2018-09-11T04:48:00,2018-09-11T05:41:00,230,1193.76,1193.16,1.5,0.6,stop_loss,False,-0.599999999999909,30.0,False,5.0,-0.6666666666665657,-1.0555555555554548,-1.1111111111110101,0.3925372478797103,legacy_drawdown;legacy_rolling_pf,4.467814839347182,-4.71602677486602,812.9919723687881,808.2759455939221,False,S2_000076,0
SECONDARY_W0_2018_2020,S2,250486,250492,2018-09-17T02:21:00,2018-09-17T02:28:00,2018-09-17T02:21:00,2018-09-17T02:28:00,231,1193.59,1192.99,1.5,0.6,stop_loss,False,-0.599999999999909,30.0,False,5.0,-0.6666666666665657,-1.0555555555554548,-1.1111111111110101,0.38821917458431976,legacy_drawdown;legacy_rolling_pf,4.393035086087662,-4.637092590869867,808.2759455939221,803.6388530030522,False,S2_000077,0
SECONDARY_W0_2018_2020,S2,250612,250643,2018-09-17T04:30:00,2018-09-17T05:01:00,2018-09-17T04:30:00,2018-09-17T05:01:00,240,1194.44,1193.8400000000001,1.5,0.6,stop_loss,False,-0.599999999999909,30.0,False,5.0,-0.6666666666665657,-1.0555555555554548,-1.1111111111110101,0.2111853561141894,legacy_drawdown;legacy_loss_streak;legacy_rolling_pf,2.376034603021076,-2.5080365254108963,803.6388530030522,801.1308164776412,False,S2_000078,0
SECONDARY_W0_2018_2020,S2,253154,253189,2018-09-19T01:03:00,2018-09-19T01:38:00,2018-09-19T01:03:00,2018-09-19T01:38:00,242,1197.78,1199.28,1.5,0.6,take_profit,False,1.5,30.0,False,5.0,1.6666666666666667,1.277777777777778,1.2222222222222225,0.2099223359207764,legacy_drawdown;legacy_loss_streak;legacy_rolling_pf,2.3544535332234737,3.008468403563328,801.1308164776412,804.1392848812046,True,S2_000079,0
SECONDARY_W0_2018_2020,S2,253331,253421,2018-09-19T04:01:00,2018-09-19T05:31:00,2018-09-19T04:01:00,2018-09-19T05:31:00,243,1198.35,1199.54,1.5,0.6,timeout,False,1.1900000000000546,30.0,False,5.0,1.322222222222283,0.933333333333394,0.8777777777778385,0.38443157858277177,legacy_drawdown;legacy_rolling_pf,4.327911485622238,4.039384053247685,804.1392848812046,808.1786689344523,True,S2_000080,0
SECONDARY_W0_2018_2020,S2,257319,257333,2018-09-24T02:01:00,2018-09-24T02:16:00,2018-09-24T02:01:00,2018-09-24T02:16:00,247,1197.65,1197.0500000000002,1.5,0.6,stop_loss,False,-0.599999999999909,30.0,False,5.0,-0.6666666666665657,-1.0555555555554548,-1.1111111111110101,0.3881301064416706,legacy_drawdown;legacy_rolling_pf,4.391498619163833,-4.635470764672493,808.1786689344523,803.5431981697798,False,S2_000081,0
SECONDARY_W0_2018_2020,S2,257334,257403,2018-09-24T02:17:00,2018-09-24T03:27:00,2018-09-24T02:17:00,2018-09-24T03:27:00,249,1197.16,1196.5600000000002,1.5,0.6,stop_loss,False,-0.599999999999909,30.0,False,5.0,-0.6666666666665657,-1.0555555555554548,-1.1111111111110101,0.38388579158171854,legacy_drawdown;legacy_rolling_pf,4.318563433793163,-4.558483624559015,803.5431981697798,798.9847145452208,False,S2_000082,0
SECONDARY_W0_2018_2020,S2,257405,257414,2018-09-24T03:29:00,2018-09-24T03:38:00,2018-09-24T03:29:00,2018-09-24T03:38:00,252,1196.89,1196.2900000000002,1.5,0.6,stop_loss,False,-0.599999999999909,30.0,False,5.0,-0.6666666666665657,-1.0555555555554548,-1.1111111111110101,0.3797119674398397,legacy_drawdown;legacy_rolling_pf,4.247376810800542,-4.483342189177922,798.9847145452208,794.5013723560428,False,S2_000083,0
SECONDARY_W0_2018_2020,S2,258761,258777,2018-09-25T03:16:00,2018-09-25T03:32:00,2018-09-25T03:16:00,2018-09-25T03:32:00,253,1198.92,1198.3200000000002,1.5,0.6,stop_loss,False,-0.599999999999909,30.0,False,5.0,-0.6666666666665657,-1.0555555555554548,-1.1111111111110101,0.20658381923178581,legacy_drawdown;legacy_loss_streak;legacy_rolling_pf,2.297835790406891,-2.4254933343181535,794.5013723560428,792.0758790217246,False,S2_000084,0
SECONDARY_W0_2018_2020,S2,260147,260153,2018-09-26T03:28:00,2018-09-26T03:36:00,2018-09-26T03:28:00,2018-09-26T03:36:00,258,1201.14,1200.5400000000002,1.5,0.6,stop_loss,False,-0.599999999999909,30.0,False,5.0,-0.6666666666665657,-1.0555555555554548,-1.1111111111110101,0.20536236690077136,legacy_drawdown;legacy_loss_streak;legacy_rolling_pf,2.2772760819327456,-2.4037914198176686,792.0758790217246,789.6720876019069,False,S2_000085,0
SECONDARY_W0_2018_2020,S2,265486,265576,2018-10-02T01:04:00,2018-10-02T02:53:00,2018-10-02T01:04:00,2018-10-02T02:53:00,264,1188.75,1188.92,1.5,0.6,timeout,False,0.17000000000007276,30.0,False,5.0,0.18888888888896976,-0.19999999999991921,-0.25555555555547477,0.20415184342026288,legacy_drawdown;legacy_loss_streak;legacy_rolling_pf,2.2569821733403925,-0.4513964346678962,789.6720876019069,789.220691167239,False,S2_000086,0
SECONDARY_W0_2018_2020,S2,268314,268404,2018-10-04T03:02:00,2018-10-04T04:32:00,2018-10-04T03:02:00,2018-10-04T04:32:00,266,1197.85,1198.15,1.5,0.6,timeout,False,0.3000000000001819,30.0,False,5.0,0.3333333333335355,-0.055555555555353485,-0.11111111111090903,0.20392452503536543,legacy_drawdown;legacy_loss_streak;legacy_rolling_pf,2.2531803643210684,-0.1251766869062707,789.220691167239,789.0955144803328,False,S2_000087,0
SECONDARY_W0_2018_2020,S2,273672,273762,2018-10-10T01:55:00,2018-10-10T03:32:00,2018-10-10T01:55:00,2018-10-10T03:32:00,267,1189.35,1189.89,1.5,0.6,timeout,False,0.540000000000191,30.0,False,5.0,0.6000000000002123,0.2111111111113233,0.15555555555576775,0.20386148740345486,legacy_drawdown;legacy_loss_streak;legacy_rolling_pf,2.2521265939949715,0.47544894762163853,789.0955144803328,789.5709634279544,True,S2_000088,0
SECONDARY_W0_2018_2020,S2,304012,304056,2018-11-09T04:53:00,2018-11-09T05:37:00,2018-11-09T04:53:00,2018-11-09T05:37:00,268,1220.59,1219.99,1.5,0.6,stop_loss,False,-0.599999999999909,30.0,False,5.0,-0.6666666666665657,-1.0555555555554548,-1.1111111111110101,0.3710925788635155,legacy_drawdown;legacy_rolling_pf,4.102054950199221,-4.329946891876543,789.5709634279544,785.241016536078,False,S2_000089,0
SECONDARY_W0_2018_2020,S2,305288,305319,2018-11-12T03:13:00,2018-11-12T03:44:00,2018-11-12T03:13:00,2018-11-12T03:44:00,269,1209.51,1211.01,1.5,0.6,take_profit,False,1.5,30.0,False,5.0,1.6666666666666667,1.277777777777778,1.2222222222222225,0.3671280067911269,legacy_drawdown;legacy_rolling_pf,4.0359755695214,5.157079894388456,785.241016536078,790.3980964304664,True,S2_000090,0
SECONDARY_W0_2018_2020,S2,305351,305361,2018-11-12T04:16:00,2018-11-12T04:26:00,2018-11-12T04:16:00,2018-11-12T04:26:00,271,1210.79,1210.19,1.5,0.6,stop_loss,False,-0.599999999999909,30.0,False,5.0,-0.6666666666665657,-1.0555555555554548,-1.1111111111110101,0.37184991572786863,legacy_drawdown;legacy_rolling_pf,4.114732517687914,-4.343328768670161,790.3980964304664,786.0547676617962,False,S2_000091,0
SECONDARY_W0_2018_2020,S2,305362,305452,2018-11-12T04:27:00,2018-11-12T05:57:00,2018-11-12T04:27:00,2018-11-12T05:57:00,272,1210.4,1210.13,1.5,0.6,timeout,False,-0.2699999999999818,30.0,False,5.0,-0.29999999999997984,-0.6888888888888689,-0.7444444444444244,0.3678730909844111,legacy_drawdown;legacy_rolling_pf,4.048357558878894,-2.7888685405609346,786.0547676617962,783.2658991212353,False,S2_000092,0
SECONDARY_W0_2018_2020,S2,306732,306822,2018-11-13T04:26:00,2018-11-13T05:56:00,2018-11-13T04:26:00,2018-11-13T05:56:00,278,1203.81,1204.9,1.5,0.6,timeout,False,1.0900000000001455,30.0,False,5.0,1.211111111111273,0.822222222222384,0.7666666666668284,0.3653195561246153,legacy_drawdown;legacy_rolling_pf,4.005992908323243,3.293816391288648,783.2658991212353,786.5597155125239,True,S2_000093,0
SECONDARY_W0_2018_2020,S2,308101,308191,2018-11-14T04:28:00,2018-11-14T05:58:00,2018-11-14T04:28:00,2018-11-14T05:58:00,280,1203.18,1203.73,1.5,0.6,timeout,False,0.5499999999999545,30.0,False,5.0,0.6111111111110606,0.22222222222217167,0.16666666666661614,0.3683354297144227,legacy_drawdown;legacy_rolling_pf,4.056049351331034,0.9013443002955803,786.5597155125239,787.4610598128195,True,S2_000094,0
SECONDARY_W0_2018_2020,S2,321288,321378,2018-11-28T03:18:00,2018-11-28T04:50:00,2018-11-28T03:18:00,2018-11-28T04:50:00,283,1214.34,1215.02,1.5,0.6,timeout,False,0.6800000000000637,30.0,False,5.0,0.7555555555556264,0.3666666666667374,0.31111111111118184,0.36916071568900644,legacy_drawdown;legacy_rolling_pf,4.069795637848135,1.4922584005446042,787.4610598128195,788.9533182133641,True,S2_000095,0
SECONDARY_W0_2018_2020,S2,321383,321438,2018-11-28T04:55:00,2018-11-28T05:51:00,2018-11-28T04:55:00,2018-11-28T05:51:00,289,1214.92,1214.3200000000002,1.5,0.6,stop_loss,False,-0.599999999999909,30.0,False,5.0,-0.6666666666665657,-1.0555555555554548,-1.1111111111110101,0.37052705253500473,legacy_drawdown;legacy_rolling_pf,4.0925996661943325,-4.319966314315828,788.9533182133641,784.6333518990483,False,S2_000096,0
SECONDARY_W0_2018_2020,S2,337887,337977,2018-12-14T04:54:00,2018-12-14T06:24:00,2018-12-14T04:54:00,2018-12-14T06:24:00,292,1241.97,1241.63,1.5,0.6,timeout,False,-0.33999999999991815,30.0,False,5.0,-0.37777777777768684,-0.7666666666665759,-0.8222222222221314,0.3665716188470009,legacy_drawdown;legacy_rolling_pf,4.026740452097758,-3.0871676799412486,784.6333518990483,781.5461842191071,False,S2_000097,0
SECONDARY_W0_2018_2020,S2,368163,368189,2019-01-18T08:51:00,2019-01-18T09:17:00,2019-01-18T08:51:00,2019-01-18T09:17:00,312,1291.69,1291.0900000000001,1.5,0.6,stop_loss,False,-0.599999999999909,30.0,False,5.0,-0.6666666666665657,-1.0555555555554548,-1.1111111111110101,0.3637449562868577,legacy_drawdown;legacy_rolling_pf,3.979968756609154,-4.201078131975928,781.5461842191071,777.3451060871312,False,S2_000098,0
SECONDARY_W0_2018_2020,S2,370357,370385,2019-01-22T03:32:00,2019-01-22T04:00:00,2019-01-22T03:32:00,2019-01-22T04:00:00,313,1279.24,1278.64,1.5,0.6,stop_loss,False,-0.599999999999909,30.0,False,5.0,-0.6666666666665657,-1.0555555555554548,-1.1111111111110101,0.19794410823808073,legacy_drawdown;legacy_loss_streak;legacy_rolling_pf,2.1541923734471484,-2.2738697275273285,777.3451060871312,775.0712363596039,False,S2_000099,0
SECONDARY_W0_2018_2020,S2,388327,388339,2019-02-08T04:51:00,2019-02-08T05:03:00,2019-02-08T04:51:00,2019-02-08T05:03:00,315,1309.97,1309.3700000000001,1.5,0.6,stop_loss,False,-0.599999999999909,30.0,False,5.0,-0.6666666666665657,-1.0555555555554548,-1.1111111111110101,0.19679901192311103,legacy_drawdown;legacy_loss_streak;legacy_rolling_pf,2.1354655487983174,-2.254102523731342,775.0712363596039,772.8171338358725,False,S2_000100,0
SECONDARY_W0_2018_2020,S2,392425,392515,2019-02-13T04:26:00,2019-02-13T05:56:00,2019-02-13T04:26:00,2019-02-13T05:56:00,317,1312.19,1312.85,1.5,0.6,timeout,False,0.6599999999998545,30.0,False,5.0,0.7333333333331717,0.34444444444428274,0.2888888888887272,0.19566387015916498,legacy_drawdown;legacy_loss_streak;legacy_rolling_pf,2.116973478642963,0.729179753754456,772.8171338358725,773.546313589627,True,S2_000101,0
SECONDARY_W0_2018_2020,S2,392646,392712,2019-02-13T08:07:00,2019-02-13T09:13:00,2019-02-13T08:07:00,2019-02-13T09:13:00,318,1313.39,1312.7900000000002,1.5,0.6,stop_loss,False,-0.599999999999909,30.0,False,5.0,-0.6666666666665657,-1.0555555555554548,-1.1111111111110101,0.3564201404236742,legacy_drawdown;legacy_rolling_pf,3.859904799993625,-4.0743439555484375,773.546313589627,769.4719696340785,False,S2_000102,0
SECONDARY_W0_2018_2020,S2,397668,397758,2019-02-19T04:18:00,2019-02-19T05:48:00,2019-02-19T04:18:00,2019-02-19T05:48:00,332,1324.99,1324.97,1.5,0.6,timeout,False,-0.01999999999998181,30.0,False,5.0,-0.022222222222202014,-0.411111111111091,-0.4666666666666465,0.35268960269126515,legacy_drawdown;legacy_rolling_pf,3.7993866855323177,-1.5619700818298765,769.4719696340785,767.9099995522487,False,S2_000103,0
SECONDARY_W0_2018_2020,S2,416966,417056,2019-03-11T04:02:00,2019-03-11T05:32:00,2019-03-11T04:02:00,2019-03-11T05:32:00,333,1296.13,1296.89,1.5,0.6,timeout,False,0.7599999999999909,30.0,False,5.0,0.8444444444444344,0.45555555555554544,0.3999999999999899,0.3512594366594492,legacy_drawdown;legacy_rolling_pf,3.776298873870331,1.7203139314297793,767.9099995522487,769.6303134836785,True,S2_000104,0
SECONDARY_W0_2018_2020,S2,417226,417245,2019-03-11T08:23:00,2019-03-11T08:42:00,2019-03-11T08:23:00,2019-03-11T08:42:00,336,1298.74,1298.14,1.5,0.6,stop_loss,False,-0.599999999999909,30.0,False,5.0,-0.6666666666665657,-1.0555555555554548,-1.1111111111110101,0.35283458497849285,legacy_drawdown;legacy_rolling_pf,3.8017306914283346,-4.012937952062859,769.6303134836785,765.6173755316156,False,S2_000105,0
SECONDARY_W0_2018_2020,S2,418338,418406,2019-03-12T04:01:00,2019-03-12T05:09:00,2019-03-12T04:01:00,2019-03-12T05:09:00,338,1294.7,1296.2,1.5,0.6,take_profit,False,1.5,30.0,False,5.0,1.6666666666666667,1.277777777777778,1.2222222222222225,0.349160271613859,legacy_drawdown;legacy_rolling_pf,3.742524391100723,4.782114499739813,765.6173755316156,770.3994900313554,True,S2_000106,0
SECONDARY_W0_2018_2020,S2,419713,419746,2019-03-13T04:07:00,2019-03-13T04:40:00,2019-03-13T04:07:00,2019-03-13T04:40:00,342,1304.19,1305.69,1.5,0.6,take_profit,False,1.5,30.0,False,5.0,1.6666666666666667,1.277777777777778,1.2222222222222225,0.353538855939732,legacy_drawdown;legacy_rolling_pf,3.813126160511337,4.872327871764487,770.3994900313554,775.2718179031199,True,S2_000107,0
SECONDARY_W0_2018_2020,S2,419762,419809,2019-03-13T04:56:00,2019-03-13T05:43:00,2019-03-13T04:56:00,2019-03-13T05:43:00,346,1305.21,1304.6100000000001,1.5,0.6,stop_loss,False,-0.599999999999909,30.0,False,5.0,-0.6666666666665657,-1.0555555555554548,-1.1111111111110101,0.3580000411436795,legacy_drawdown;legacy_rolling_pf,3.8856627978959297,-4.101532953334201,775.2718179031199,771.1702849497857,False,S2_000108,0
SECONDARY_W0_2018_2020,S2,423851,423941,2019-03-18T04:21:00,2019-03-18T05:51:00,2019-03-18T04:21:00,2019-03-18T05:51:00,349,1298.93,1299.45,1.5,0.6,timeout,False,0.5199999999999818,30.0,False,5.0,0.5777777777777576,0.18888888888886865,0.1333333333333131,0.35424460870840474,legacy_drawdown;legacy_rolling_pf,3.8245608217542015,0.7224170441090495,771.1702849497857,771.8927019938948,True,S2_000109,0
SECONDARY_W0_2018_2020,S2,425210,425238,2019-03-19T04:01:00,2019-03-19T04:29:00,2019-03-19T04:01:00,2019-03-19T04:29:00,350,1305.84,1307.34,1.5,0.6,take_profit,False,1.5,30.0,False,5.0,1.6666666666666667,1.277777777777778,1.2222222222222225,0.3549060658831026,legacy_drawdown;legacy_rolling_pf,3.8352916300794377,4.900650416212615,771.8927019938948,776.7933524101074,True,S2_000110,0
SECONDARY_W0_2018_2020,S2,425250,425340,2019-03-19T04:41:00,2019-03-19T06:11:00,2019-03-19T04:41:00,2019-03-19T06:11:00,351,1307.31,1307.35,1.5,0.6,timeout,False,0.03999999999996362,30.0,False,5.0,0.04444444444440403,-0.34444444444448497,-0.4000000000000405,0.35939318368427176,legacy_drawdown;legacy_rolling_pf,3.9084393038242577,-1.346240204650736,776.7933524101074,775.4471122054567,False,S2_000111,0
SECONDARY_W0_2018_2020,S2,426588,426603,2019-03-20T04:09:00,2019-03-20T04:24:00,2019-03-20T04:09:00,2019-03-20T04:24:00,366,1304.91,1304.3100000000002,1.5,0.6,stop_loss,False,-0.599999999999909,30.0,False,5.0,-0.6666666666665657,-1.0555555555554548,-1.1111111111110101,0.3581605435500248,legacy_drawdown;legacy_rolling_pf,3.8882838288252484,-4.1042995970929255,775.4471122054567,771.3428126083638,False,S2_000112,0
SECONDARY_W0_2018_2020,S2,426604,426694,2019-03-20T04:25:00,2019-03-20T05:55:00,2019-03-20T04:25:00,2019-03-20T05:55:00,369,1304.4,1304.7,1.5,0.6,timeout,False,0.2999999999999545,30.0,False,5.0,0.33333333333328286,-0.05555555555560612,-0.11111111111116168,0.35440257792927365,legacy_drawdown;legacy_rolling_pf,3.827122337578691,-0.21261790764345415,771.3428126083638,771.1301947007204,False,S2_000113,0
SECONDARY_W0_2018_2020,S2,426840,426866,2019-03-20T08:26:00,2019-03-20T08:52:00,2019-03-20T08:26:00,2019-03-20T08:52:00,372,1305.9,1305.3000000000002,1.5,0.6,stop_loss,False,-0.599999999999909,30.0,False,5.0,-0.6666666666665657,-1.0555555555554548,-1.1111111111110101,0.19481434577179318,legacy_drawdown;legacy_loss_streak;legacy_rolling_pf,2.1031811413969486,-2.2200245381410113,771.1301947007204,768.9101701625793,False,S2_000114,0
SECONDARY_W0_2018_2020,S2,440241,440247,2019-04-03T03:36:00,2019-04-03T03:42:00,2019-04-03T03:36:00,2019-04-03T03:42:00,375,1291.9,1291.3000000000002,1.5,0.6,stop_loss,False,-0.599999999999909,30.0,False,5.0,-0.6666666666665657,-1.0555555555554548,-1.1111111111110101,0.19369636531451684,legacy_drawdown;legacy_loss_streak;legacy_rolling_pf,2.0850914729940158,-2.20092988816014,768.9101701625793,766.7092402744192,False,S2_000115,0
SECONDARY_W0_2018_2020,S2,441583,441644,2019-04-04T03:02:00,2019-04-04T04:03:00,2019-04-04T03:02:00,2019-04-04T04:03:00,376,1292.05,1291.45,1.5,0.6,stop_loss,False,-0.599999999999909,30.0,False,5.0,-0.6666666666665657,-1.0555555555554548,-1.1111111111110101,0.19258800071740356,legacy_drawdown;legacy_loss_streak;legacy_rolling_pf,2.0672259960241375,-2.1820718846919367,766.7092402744192,764.5271683897273,False,S2_000116,0
SECONDARY_W0_2018_2020,S2,443020,443033,2019-04-05T04:04:00,2019-04-05T04:17:00,2019-04-05T04:04:00,2019-04-05T04:17:00,378,1291.72,1291.1200000000001,1.5,0.6,stop_loss,False,-0.599999999999909,30.0,False,5.0,-0.6666666666665657,-1.0555555555554548,-1.1111111111110101,0.19148913280781707,legacy_drawdown;legacy_loss_streak;legacy_rolling_pf,2.0495810227615077,-2.1634466351369404,764.5271683897273,762.3637217545904,False,S2_000117,0
SECONDARY_W0_2018_2020,S2,444329,444382,2019-04-08T03:01:00,2019-04-08T03:54:00,2019-04-08T03:01:00,2019-04-08T03:54:00,380,1291.79,1293.29,1.5,0.6,take_profit,False,1.5,30.0,False,5.0,1.6666666666666667,1.277777777777778,1.2222222222222225,0.19039964437339257,legacy_drawdown;legacy_loss_streak;legacy_rolling_pf,2.0321529410735004,2.596639869149473,762.3637217545904,764.9603616237399,True,S2_000118,0
SECONDARY_W0_2018_2020,S2,444412,444421,2019-04-08T04:24:00,2019-04-08T04:33:00,2019-04-08T04:24:00,2019-04-08T04:33:00,386,1293.62,1295.12,1.5,0.6,take_profit,False,1.5,30.0,False,5.0,1.6666666666666667,1.277777777777778,1.2222222222222225,0.3485586986487905,legacy_drawdown;legacy_rolling_pf,3.7328702343167057,4.769778632738014,764.9603616237399,769.730140256478,True,S2_000119,0
SECONDARY_W0_2018_2020,S2,445709,445715,2019-04-09T03:02:00,2019-04-09T03:08:00,2019-04-09T03:02:00,2019-04-09T03:08:00,387,1298.34,1297.74,1.5,0.6,stop_loss,False,-0.599999999999909,30.0,False,5.0,-0.6666666666665657,-1.0555555555554548,-1.1111111111110101,0.35292598804772213,legacy_drawdown;legacy_rolling_pf,3.803208783921809,-4.014498160805971,769.730140256478,765.715642095672,False,S2_000120,0
SECONDARY_W0_2018_2020,S2,445718,445727,2019-04-09T03:11:00,2019-04-09T03:20:00,2019-04-09T03:11:00,2019-04-09T03:20:00,387,1297.85,1297.25,1.5,0.6,stop_loss,False,-0.599999999999909,30.0,False,5.0,-0.6666666666665657,-1.0555555555554548,-1.1111111111110101,0.34925024612976785,legacy_drawdown;legacy_rolling_pf,3.7439692705425736,-3.951967563350117,765.715642095672,761.7636745323219,False,S2_000121,1
SECONDARY_W0_2018_2020,S2,445732,445754,2019-04-09T03:25:00,2019-04-09T03:47:00,2019-04-09T03:25:00,2019-04-09T03:47:00,388,1296.86,1298.36,1.5,0.6,take_profit,False,1.5,30.0,False,5.0,1.6666666666666667,1.277777777777778,1.2222222222222225,0.34563175827670933,legacy_drawdown;legacy_rolling_pf,3.6860560550790678,4.709960514823254,761.7636745323219,766.4736350471452,True,S2_000122,0
SECONDARY_W0_2018_2020,S2,452659,452674,2019-04-16T04:01:00,2019-04-16T04:16:00,2019-04-16T04:01:00,2019-04-16T04:16:00,389,1286.83,1286.23,1.5,0.6,stop_loss,False,-0.599999999999909,30.0,False,5.0,-0.6666666666665657,-1.0555555555554548,-1.1111111111110101,0.3499442772025544,legacy_drawdown;legacy_rolling_pf,3.7551228709594273,-3.9637408082345726,766.4736350471452,762.5098942389106,False,S2_000123,0
SECONDARY_W0_2018_2020,S2,456810,456846,2019-04-22T04:19:00,2019-04-22T04:55:00,2019-04-22T04:19:00,2019-04-22T04:55:00,390,1276.23,1277.73,1.5,0.6,take_profit,False,1.5,30.0,False,5.0,1.6666666666666667,1.277777777777778,1.2222222222222225,0.34631500956881134,legacy_drawdown;legacy_rolling_pf,3.696960698475263,4.723894225829503,762.5098942389106,767.2337884647402,True,S2_000124,0
SECONDARY_W0_2018_2020,S2,458108,458122,2019-04-23T03:01:00,2019-04-23T03:15:00,2019-04-23T03:01:00,2019-04-23T03:15:00,399,1274.37,1273.77,1.5,0.6,stop_loss,False,-0.599999999999909,30.0,False,5.0,-0.6666666666665657,-1.0555555555554548,-1.1111111111110101,0.35064028643439554,legacy_drawdown;legacy_rolling_pf,3.766323054891921,-3.9755632246077592,767.2337884647402,763.2582252401324,False,S2_000125,0
SECONDARY_W0_2018_2020,S2,458123,458164,2019-04-23T03:16:00,2019-04-23T03:57:00,2019-04-23T03:16:00,2019-04-23T03:57:00,399,1273.62,1275.12,1.5,0.6,take_profit,False,1.5,30.0,False,5.0,1.6666666666666667,1.277777777777778,1.2222222222222225,0.3470001939977272,legacy_drawdown;legacy_rolling_pf,3.707910531201617,4.737885678757622,763.2582252401324,767.99611091889,True,S2_000126,1
SECONDARY_W0_2018_2020,S2,458166,458175,2019-04-23T03:59:00,2019-04-23T04:08:00,2019-04-23T03:59:00,2019-04-23T04:08:00,400,1275.68,1275.0800000000002,1.5,0.6,stop_loss,False,-0.599999999999909,30.0,False,5.0,-0.6666666666665657,-1.0555555555554548,-1.1111111111110101,0.35133828167252357,legacy_drawdown;legacy_rolling_pf,3.777570075179931,-3.987435079356213,767.99611091889,764.0086758395338,False,S2_000127,0
SECONDARY_W0_2018_2020,S2,458178,458257,2019-04-23T04:11:00,2019-04-23T05:30:00,2019-04-23T04:11:00,2019-04-23T05:30:00,403,1275.47,1274.8700000000001,1.5,0.6,stop_loss,False,-0.599999999999909,30.0,False,5.0,-0.6666666666665657,-1.0555555555554548,-1.1111111111110101,0.34768731916632367,legacy_drawdown;legacy_rolling_pf,3.718905796514444,-3.925511674098205,764.0086758395338,760.0831641654356,False,S2_000128,0
SECONDARY_W0_2018_2020,S2,459486,459523,2019-04-24T03:01:00,2019-04-24T03:38:00,2019-04-24T03:01:00,2019-04-24T03:38:00,408,1271.59,1270.99,1.5,0.6,stop_loss,False,-0.599999999999909,30.0,False,5.0,-0.6666666666665657,-1.0555555555554548,-1.1111111111110101,0.34409305476964863,legacy_drawdown;legacy_rolling_pf,3.661550729713311,-3.864970214697015,760.0831641654356,756.2181939507386,False,S2_000129,0
SECONDARY_W0_2018_2020,S2,460745,460756,2019-04-25T01:01:00,2019-04-25T01:12:00,2019-04-25T01:01:00,2019-04-25T01:12:00,413,1275.57,1274.97,1.5,0.6,stop_loss,False,-0.599999999999909,30.0,False,5.0,-0.6666666666665657,-1.0555555555554548,-1.1111111111110101,0.18730482273231844,legacy_drawdown;legacy_loss_streak;legacy_rolling_pf,1.9830064067085595,-2.0931734293032798,756.2181939507386,754.1250205214353,False,S2_000130,0
SECONDARY_W0_2018_2020,S2,460881,460927,2019-04-25T03:17:00,2019-04-25T04:03:00,2019-04-25T03:17:00,2019-04-25T04:03:00,420,1273.64,1275.14,1.5,0.6,take_profit,False,1.5,30.0,False,5.0,1.6666666666666667,1.277777777777778,1.2222222222222225,0.18625072312781102,legacy_drawdown;legacy_loss_streak;legacy_rolling_pf,1.9663886256124972,2.5126076882826354,754.1250205214353,756.637628209718,True,S2_000131,0
SECONDARY_W0_2018_2020,S2,460928,460937,2019-04-25T04:04:00,2019-04-25T04:13:00,2019-04-25T04:04:00,2019-04-25T04:13:00,424,1274.67,1274.0700000000002,1.5,0.6,stop_loss,False,-0.599999999999909,30.0,False,5.0,-0.6666666666665657,-1.0555555555554548,-1.1111111111110101,0.3409382641993355,legacy_drawdown;legacy_rolling_pf,3.6115340742561277,-3.8121748561588817,756.637628209718,752.825453353559,False,S2_000132,0
SECONDARY_W0_2018_2020,S2,460939,460997,2019-04-25T04:15:00,2019-04-25T05:13:00,2019-04-25T04:15:00,2019-04-25T05:13:00,427,1273.94,1275.44,1.5,0.6,take_profit,False,1.5,30.0,False,5.0,1.6666666666666667,1.277777777777778,1.2222222222222225,0.3374477728960484,legacy_drawdown;legacy_rolling_pf,3.55654981659063,4.544480321199139,752.825453353559,757.3699336747582,True,S2_000133,0
SECONDARY_W0_2018_2020,S2,462241,462262,2019-04-26T02:58:00,2019-04-26T03:19:00,2019-04-26T02:58:00,2019-04-26T03:19:00,433,1278.59,1277.99,1.5,0.6,stop_loss,False,-0.599999999999909,30.0,False,5.0,-0.6666666666665657,-1.0555555555554548,-1.1111111111110101,0.34160877537826073,legacy_drawdown;legacy_rolling_pf,3.6221390177132817,-3.8233689631414323,757.3699336747582,753.5465647116167,False,S2_000134,0
SECONDARY_W0_2018_2020,S2,462355,462399,2019-04-26T04:52:00,2019-04-26T05:36:00,2019-04-26T04:52:00,2019-04-26T05:36:00,438,1279.27,1280.77,1.5,0.6,take_profit,False,1.5,30.0,False,5.0,1.6666666666666667,1.277777777777778,1.2222222222222225,0.3381080345626756,legacy_drawdown;legacy_rolling_pf,3.5669220712454104,4.5577337577024695,753.5465647116167,758.1042984693192,True,S2_000135,0
SECONDARY_W0_2018_2020,S2,462551,462635,2019-04-26T08:08:00,2019-04-26T09:32:00,2019-04-26T08:08:00,2019-04-26T09:32:00,448,1280.03,1281.53,1.5,0.6,take_profit,False,1.5,30.0,False,5.0,1.6666666666666667,1.277777777777778,1.2222222222222225,0.34228117211387066,legacy_drawdown;legacy_rolling_pf,3.6327875901049915,4.641895254023045,758.1042984693192,762.7461937233423,True,S2_000136,0
SECONDARY_W0_2018_2020,S2,462658,462663,2019-04-26T09:55:00,2019-04-26T10:00:00,2019-04-26T09:55:00,2019-04-26T10:00:00,454,1281.92,1281.3200000000002,1.5,0.6,stop_loss,False,-0.599999999999909,30.0,False,5.0,-0.6666666666665657,-1.0555555555554548,-1.1111111111110101,0.34653136934413686,legacy_drawdown;legacy_rolling_pf,3.7004167616216934,-3.9059954706003035,762.7461937233423,758.8401982527421,False,S2_000137,0
SECONDARY_W0_2018_2020,S2,463598,463648,2019-04-29T02:37:00,2019-04-29T03:27:00,2019-04-29T02:37:00,2019-04-29T03:27:00,459,1285.9,1285.3000000000002,1.5,0.6,stop_loss,False,-0.599999999999909,30.0,False,5.0,-0.6666666666665657,-1.0555555555554548,-1.1111111111110101,0.3429549743110543,legacy_drawdown;legacy_rolling_pf,3.6434722897715037,-3.8458874169806645,758.8401982527421,754.9943108357614,False,S2_000138,0
SECONDARY_W0_2018_2020,S2,463649,463739,2019-04-29T03:28:00,2019-04-29T04:58:00,2019-04-29T03:28:00,2019-04-29T04:58:00,460,1285.33,1285.51,1.5,0.6,timeout,False,0.18000000000006366,30.0,False,5.0,0.20000000000007076,-0.18888888888881822,-0.24444444444437374,0.33943361522105764,legacy_drawdown;legacy_rolling_pf,3.5877862775763885,-0.6776929635419532,754.9943108357614,754.3166178722195,False,S2_000139,0
SECONDARY_W0_2018_2020,S2,465001,465071,2019-04-30T03:01:00,2019-04-30T04:11:00,2019-04-30T03:01:00,2019-04-30T04:11:00,468,1280.64,1282.14,1.5,0.6,take_profit,False,1.5,30.0,False,5.0,1.6666666666666667,1.277777777777778,1.2222222222222225,0.18634720949098518,legacy_drawdown;legacy_loss_streak;legacy_rolling_pf,1.9679071553843226,2.514548031879968,754.3166178722195,756.8311659040994,True,S2_000140,0
SECONDARY_W0_2018_2020,S2,465073,465163,2019-04-30T04:13:00,2019-04-30T05:43:00,2019-04-30T04:13:00,2019-04-30T05:43:00,470,1281.96,1281.98,1.5,0.6457142857143221,timeout,False,0.01999999999998181,30.0,False,5.0,0.021148036253756386,-0.348942598187317,-0.401812688821756,0.3411154705617364,legacy_drawdown;legacy_rolling_pf,3.6143354701043022,-1.261195609658773,756.8311659040994,755.5699702944406,False,S2_000141,0
SECONDARY_W0_2018_2020,S2,466259,466302,2019-05-01T01:01:00,2019-05-01T01:45:00,2019-05-01T01:01:00,2019-05-01T01:45:00,476,1283.34,1282.74,1.5,0.6,stop_loss,False,-0.599999999999909,30.0,False,5.0,-0.6666666666665657,-1.0555555555554548,-1.1111111111110101,0.339960698686531,legacy_drawdown;legacy_rolling_pf,3.596097330110033,-3.7958805151157833,755.5699702944406,751.7740897793249,False,S2_000142,0
SECONDARY_W0_2018_2020,S2,466303,466393,2019-05-01T01:46:00,2019-05-01T03:16:00,2019-05-01T01:46:00,2019-05-01T03:16:00,479,1282.69,1283.21,1.5,0.6,timeout,False,0.5199999999999818,30.0,False,5.0,0.5777777777777576,0.18888888888886865,0.1333333333333131,0.33648512675547904,legacy_drawdown;legacy_rolling_pf,3.541451198472334,0.6689407819335914,751.7740897793249,752.4430305612584,True,S2_000143,0
SECONDARY_W0_2018_2020,S2,466399,466408,2019-05-01T03:22:00,2019-05-01T03:31:00,2019-05-01T03:22:00,2019-05-01T03:31:00,484,1283.16,1282.5600000000002,1.5,0.6,stop_loss,False,-0.599999999999909,30.0,False,5.0,-0.6666666666665657,-1.0555555555554548,-1.1111111111110101,0.3370976201666825,legacy_drawdown;legacy_rolling_pf,3.551054568784892,-3.7483353781614723,752.4430305612584,748.6946951830969,False,S2_000144,0
SECONDARY_W0_2018_2020,S2,466409,466457,2019-05-01T03:32:00,2019-05-01T04:20:00,2019-05-01T03:32:00,2019-05-01T04:20:00,484,1282.47,1281.8700000000001,1.5,0.6,stop_loss,False,-0.599999999999909,30.0,False,5.0,-0.6666666666665657,-1.0555555555554548,-1.1111111111110101,0.33366558136129076,legacy_drawdown;legacy_rolling_pf,3.4973911102253536,-3.691690616348632,748.6946951830969,745.0030045667482,False,S2_000145,1
SECONDARY_W0_2018_2020,S2,466463,466513,2019-05-01T04:26:00,2019-05-01T05:16:00,2019-05-01T04:26:00,2019-05-01T05:16:00,485,1281.79,1281.19,1.5,0.6,stop_loss,False,-0.599999999999909,30.0,False,5.0,-0.6666666666665657,-1.0555555555554548,-1.1111111111110101,0.33028540745085927,legacy_drawdown;legacy_rolling_pf,3.4448906928161995,-3.636273509083419,745.0030045667482,741.3667310576649,False,S2_000146,0
SECONDARY_W0_2018_2020,S2,469196,469214,2019-05-03T04:02:00,2019-05-03T04:20:00,2019-05-03T04:02:00,2019-05-03T04:20:00,494,1271.66,1271.0600000000002,1.5,0.6,stop_loss,False,-0.599999999999909,30.0,False,5.0,-0.6666666666665657,-1.0555555555554548,-1.1111111111110101,0.17982578590584983,legacy_drawdown;legacy_loss_streak;legacy_rolling_pf,1.8664359707965354,-1.9701268580628215,741.3667310576649,739.396604199602,False,S2_000147,0
SECONDARY_W0_2018_2020,S2,471892,471925,2019-05-07T03:01:00,2019-05-07T03:34:00,2019-05-07T03:01:00,2019-05-07T03:34:00,495,1283.16,1282.5600000000002,1.5,0.6,stop_loss,False,-0.599999999999909,30.0,False,5.0,-0.6666666666665657,-1.0555555555554548,-1.1111111111110101,0.1788336512299359,legacy_drawdown;legacy_loss_streak;legacy_rolling_pf,1.8512059221044284,-1.9540506955544878,739.396604199602,737.4425535040475,False,S2_000148,0
SECONDARY_W0_2018_2020,S2,473271,473290,2019-05-08T03:01:00,2019-05-08T03:20:00,2019-05-08T03:01:00,2019-05-08T03:20:00,508,1285.19,1284.5900000000001,1.5,0.6,stop_loss,False,-0.599999999999909,30.0,False,5.0,-0.6666666666665657,-1.0555555555554548,-1.1111111111110101,0.17784961233638996,legacy_drawdown;legacy_loss_streak;legacy_rolling_pf,1.8361542116547331,-1.9381627789687,737.4425535040475,735.5043907250788,False,S2_000149,0
SECONDARY_W0_2018_2020,S2,473574,473664,2019-05-08T08:05:00,2019-05-08T09:35:00,2019-05-08T08:05:00,2019-05-08T09:35:00,517,1286.89,1287.46,1.5,0.6,timeout,False,0.5699999999999363,30.0,False,5.0,0.6333333333332627,0.2444444444443737,0.18888888888881813,0.17687357442659202,legacy_drawdown;legacy_loss_streak;legacy_rolling_pf,1.8212780683159642,0.4452013055882179,735.5043907250788,735.949592030667,True,S2_000150,0
SECONDARY_W0_2018_2020,S2,474649,474679,2019-05-09T03:01:00,2019-05-09T03:31:00,2019-05-09T03:01:00,2019-05-09T03:31:00,525,1281.16,1282.66,1.5,0.6,take_profit,False,1.5,30.0,False,5.0,1.6666666666666667,1.277777777777778,1.2222222222222225,0.32199595092941785,legacy_drawdown;legacy_rolling_pf,3.3176190421084444,4.239179887138568,735.949592030667,740.1887719178055,True,S2_000151,0
SECONDARY_W0_2018_2020,S2,477482,477510,2019-05-13T04:17:00,2019-05-13T04:45:00,2019-05-13T04:17:00,2019-05-13T04:45:00,528,1286.55,1285.95,1.5,0.6,stop_loss,False,-0.599999999999909,30.0,False,5.0,-0.6666666666665657,-1.0555555555554548,-1.1111111111110101,0.32587741520832436,legacy_drawdown;legacy_rolling_pf,3.376951252623178,-3.5645596555463475,740.1887719178055,736.6242122622592,False,S2_000152,0
SECONDARY_W0_2018_2020,S2,480160,480250,2019-05-15T03:01:00,2019-05-15T04:31:00,2019-05-15T03:01:00,2019-05-15T04:31:00,533,1297.24,1297.32,1.5,0.6,timeout,False,0.07999999999992724,30.0,False,5.0,0.08888888888880805,-0.3000000000000809,-0.35555555555563645,0.3226136445400848,legacy_drawdown;legacy_rolling_pf,3.327030304841551,-0.9981090914527345,736.6242122622592,735.6261031708065,False,S2_000153,0
SECONDARY_W0_2018_2020,S2,480251,480279,2019-05-15T04:32:00,2019-05-15T05:00:00,2019-05-15T04:32:00,2019-05-15T05:00:00,535,1297.23,1296.63,1.5,0.6,stop_loss,False,-0.599999999999909,30.0,False,5.0,-0.6666666666665657,-1.0555555555554548,-1.1111111111110101,0.32169975909807275,legacy_drawdown;legacy_rolling_pf,3.3131103624682345,-3.4971720492716916,735.6261031708065,732.1289311215347,False,S2_000154,0
SECONDARY_W0_2018_2020,S2,481553,481643,2019-05-16T03:21:00,2019-05-16T04:51:00,2019-05-16T03:21:00,2019-05-16T04:51:00,540,1295.87,1295.92,1.5,0.6,timeout,False,0.0500000000001819,30.0,False,5.0,0.05555555555575767,-0.3333333333331313,-0.38888888888868683,0.175173729309453,legacy_drawdown;legacy_loss_streak;legacy_rolling_pf,1.7954965727986403,-0.598498857599184,732.1289311215347,731.5304322639355,False,S2_000155,0
SECONDARY_W0_2018_2020,S2,482988,483078,2019-05-17T04:17:00,2019-05-17T05:47:00,2019-05-17T04:17:00,2019-05-17T05:47:00,545,1285.43,1285.27,1.5,0.6,timeout,False,-0.16000000000008185,30.0,False,5.0,-0.17777777777786874,-0.5666666666667578,-0.6222222222223133,0.17487233172802874,legacy_drawdown;legacy_loss_streak;legacy_rolling_pf,1.7909420538801006,-1.0148671638655535,731.5304322639355,730.5155651000699,False,S2_000156,0
SECONDARY_W0_2018_2020,S2,484290,484294,2019-05-20T03:01:00,2019-05-20T03:05:00,2019-05-20T03:01:00,2019-05-20T03:05:00,546,1277.46,1276.8600000000001,1.5,0.6,stop_loss,False,-0.599999999999909,30.0,False,5.0,-0.6666666666665657,-1.0555555555554548,-1.1111111111110101,0.17436125555006757,legacy_drawdown;legacy_loss_streak;legacy_rolling_pf,1.7832305558160144,-1.8822989200278355,730.5155651000699,728.6332661800421,False,S2_000157,0
SECONDARY_W0_2018_2020,S2,485723,485725,2019-05-21T04:01:00,2019-05-21T04:03:00,2019-05-21T04:01:00,2019-05-21T04:03:00,553,1276.53,1275.93,1.5,0.6,stop_loss,False,-0.599999999999909,30.0,False,5.0,-0.6666666666665657,-1.0555555555554548,-1.1111111111110101,0.17341335007821834,legacy_drawdown;legacy_loss_streak;legacy_rolling_pf,1.768966299334014,-1.867242204852392,728.6332661800421,726.7660239751898,False,S2_000158,0
SECONDARY_W0_2018_2020,S2,487043,487092,2019-05-22T03:05:00,2019-05-22T03:54:00,2019-05-22T03:05:00,2019-05-22T03:54:00,554,1274.93,1274.3300000000002,1.5,0.6,stop_loss,False,-0.599999999999909,30.0,False,5.0,-0.6666666666665657,-1.0555555555554548,-1.1111111111110101,0.17247302700603537,legacy_drawdown;legacy_loss_streak;legacy_rolling_pf,1.754865505121986,-1.8523580331841416,726.7660239751898,724.9136659420057,False,S2_000159,0
SECONDARY_W0_2018_2020,S2,489820,489841,2019-05-24T03:25:00,2019-05-24T03:46:00,2019-05-24T03:25:00,2019-05-24T03:46:00,556,1283.4,1282.8000000000002,1.5,0.6,stop_loss,False,-0.599999999999909,30.0,False,5.0,-0.6666666666665657,-1.0555555555554548,-1.1111111111110101,0.17154019944246585,legacy_drawdown;legacy_loss_streak;legacy_rolling_pf,1.7409256876796502,-1.8376437814394553,724.9136659420057,723.0760221605661,False,S2_000160,0
SECONDARY_W0_2018_2020,S2,490096,490157,2019-05-24T08:01:00,2019-05-24T09:02:00,2019-05-24T08:01:00,2019-05-24T09:02:00,572,1283.75,1283.15,1.5,0.6,stop_loss,False,-0.599999999999909,30.0,False,5.0,-0.6666666666665657,-1.0555555555554548,-1.1111111111110101,0.17061478181766557,legacy_drawdown;legacy_loss_streak;legacy_rolling_pf,1.7271444086191472,-1.8230968757644812,723.0760221605661,721.2529252848017,False,S2_000161,0
SECONDARY_W0_2018_2020,S2,491110,491144,2019-05-27T01:57:00,2019-05-27T02:31:00,2019-05-27T01:57:00,2019-05-27T02:31:00,579,1284.77,1284.17,1.5,0.6,stop_loss,False,-0.599999999999909,30.0,False,5.0,-0.6666666666665657,-1.0555555555554548,-1.1111111111110101,0.1696966898579556,legacy_drawdown;legacy_loss_streak;legacy_rolling_pf,1.7135192755967752,-1.8087147909075345,721.2529252848017,719.4442104938942,False,S2_000162,0
SECONDARY_W0_2018_2020,S2,491268,491358,2019-05-27T04:35:00,2019-05-27T06:05:00,2019-05-27T04:35:00,2019-05-27T06:05:00,588,1286.63,1286.59,1.5,0.6,timeout,False,-0.040000000000190994,30.0,False,5.0,-0.044444444444656665,-0.4333333333335456,-0.4888888888891012,0.16878584056134624,legacy_drawdown;legacy_loss_streak;legacy_rolling_pf,1.7000479412728846,-0.7366874412186109,719.4442104938942,718.7075230526756,False,S2_000163,0
SECONDARY_W0_2018_2020,S2,491480,491528,2019-05-27T08:07:00,2019-05-27T08:55:00,2019-05-27T08:07:00,2019-05-27T08:55:00,595,1286.83,1286.23,1.5,0.6,stop_loss,False,-0.599999999999909,30.0,False,5.0,-0.6666666666665657,-1.0555555555554548,-1.1111111111110101,0.16841485269690898,legacy_drawdown;legacy_loss_streak;legacy_rolling_pf,1.6945743027790734,-1.7887173195999622,718.7075230526756,716.9188057330756,False,S2_000164,0
SECONDARY_W0_2018_2020,S2,491684,491712,2019-05-27T11:31:00,2019-05-27T11:59:00,2019-05-27T11:31:00,2019-05-27T11:59:00,607,1286.63,1286.0300000000002,1.5,0.6,stop_loss,False,-0.599999999999909,30.0,False,5.0,-0.6666666666665657,-1.0555555555554548,-1.1111111111110101,0.16751407391156325,legacy_drawdown;legacy_loss_streak;legacy_rolling_pf,1.6813158573702414,-1.7747222938906408,716.9188057330756,715.144083439185,False,S2_000165,0
SECONDARY_W0_2018_2020,S2,492313,492342,2019-05-28T03:01:00,2019-05-28T03:30:00,2019-05-28T03:01:00,2019-05-28T03:30:00,610,1285.86,1285.26,1.5,0.6,stop_loss,False,-0.599999999999909,30.0,False,5.0,-0.6666666666665657,-1.0555555555554548,-1.1111111111110101,0.1666203428704984,legacy_drawdown;legacy_loss_streak;legacy_rolling_pf,1.6682057333822347,-1.7608838296810796,715.144083439185,713.3831996095039,False,S2_000166,0
SECONDARY_W0_2018_2020,S2,492651,492667,2019-05-28T08:39:00,2019-05-28T08:55:00,2019-05-28T08:39:00,2019-05-28T08:55:00,614,1283.66,1283.0600000000002,1.5,0.6,stop_loss,False,-0.599999999999909,30.0,False,5.0,-0.6666666666665657,-1.0555555555554548,-1.1111111111110101,0.1657335807310286,legacy_drawdown;legacy_loss_streak;legacy_rolling_pf,1.6552417294649766,-1.7471996033239752,713.3831996095039,711.6360000061799,False,S2_000167,0
SECONDARY_W0_2018_2020,S2,493704,493751,2019-05-29T03:13:00,2019-05-29T04:00:00,2019-05-29T03:13:00,2019-05-29T04:00:00,615,1281.1,1280.5,1.5,0.6,stop_loss,False,-0.599999999999909,30.0,False,5.0,-0.6666666666665657,-1.0555555555554548,-1.1111111111110101,0.16485370982063188,legacy_drawdown;legacy_loss_streak;legacy_rolling_pf,1.6424216850010758,-1.7336673341676367,711.6360000061799,709.9023326720122,False,S2_000168,0
SECONDARY_W0_2018_2020,S2,496510,496574,2019-05-31T04:01:00,2019-05-31T05:05:00,2019-05-31T04:01:00,2019-05-31T05:05:00,616,1291.85,1291.25,1.5,0.6,stop_loss,False,-0.599999999999909,30.0,False,5.0,-0.6666666666665657,-1.0555555555554548,-1.1111111111110101,0.16398065361529787,legacy_drawdown;legacy_loss_streak;legacy_rolling_pf,1.6297434792041365,-1.7202847836042021,709.9023326720122,708.182047888408,False,S2_000169,0
SECONDARY_W0_2018_2020,S2,593892,593915,2019-09-09T04:10:00,2019-09-09T04:33:00,2019-09-09T04:10:00,2019-09-09T04:33:00,620,1510.5,1508.557142857143,1.5785714285714498,1.942857142857169,stop_loss,False,-1.942857142857065,30.0,False,5.0,-0.8662420382165156,-1.0222929936305265,-1.0445859872610994,0.16311433671835504,legacy_drawdown;legacy_loss_streak;legacy_rolling_pf,1.6172050302402963,-1.6532573716786987,708.182047888408,706.5287905167293,False,S2_000170,0
SECONDARY_W0_2018_2020,S2,603493,603568,2019-09-18T03:19:00,2019-09-18T04:34:00,2019-09-18T03:19:00,2019-09-18T04:34:00,621,1501.24,1500.64,1.5,0.6,stop_loss,False,-0.599999999999909,30.0,False,5.0,-0.6666666666665657,-1.0555555555554548,-1.1111111111110101,0.16228177410446046,legacy_drawdown;legacy_loss_streak;legacy_rolling_pf,1.6051944381330694,-1.694371906918078,706.5287905167293,704.8344186098112,False,S2_000171,0
SECONDARY_W0_2018_2020,S2,641015,641026,2019-10-25T08:27:00,2019-10-25T08:38:00,2019-10-25T08:27:00,2019-10-25T08:38:00,625,1503.05,1504.55,1.5,0.6,take_profit,False,1.5,30.0,False,5.0,1.6666666666666667,1.277777777777778,1.2222222222222225,0.16142850665324635,legacy_drawdown;legacy_loss_streak;legacy_rolling_pf,1.5929251468758732,2.0354043543413938,704.8344186098112,706.8698229641526,True,S2_000172,0
SECONDARY_W0_2018_2020,S2,657242,657332,2019-11-12T03:09:00,2019-11-12T04:39:00,2019-11-12T03:09:00,2019-11-12T04:39:00,626,1455.84,1455.37,1.5,0.6308571428570888,timeout,False,-0.4700000000000273,30.0,False,5.0,-0.5049109883364613,-0.880908532842315,-0.9346224677717225,0.2953700261336868,legacy_drawdown;legacy_rolling_pf,2.9230342131485085,-2.5749257801525434,706.8698229641526,704.2948971840001,False,S2_000173,0
SECONDARY_W0_2018_2020,S2,662789,662805,2019-11-18T03:41:00,2019-11-18T03:57:00,2019-11-18T03:41:00,2019-11-18T03:57:00,627,1466.21,1465.6100000000001,1.5,0.6,stop_loss,False,-0.599999999999909,30.0,False,5.0,-0.6666666666665657,-1.0555555555554548,-1.1111111111110101,0.2930123808573398,legacy_drawdown;legacy_rolling_pf,2.889139745093829,-3.0496475087098616,704.2948971840001,701.2452496752902,False,S2_000174,0
SECONDARY_W0_2018_2020,S2,662806,662896,2019-11-18T03:58:00,2019-11-18T05:28:00,2019-11-18T03:58:00,2019-11-18T05:28:00,628,1465.37,1465.53,1.5,0.6,timeout,False,0.16000000000008185,30.0,False,5.0,0.17777777777786874,-0.2111111111110202,-0.2666666666665758,0.2902200723959256,legacy_drawdown;legacy_rolling_pf,2.8492162597928634,-0.6015012104004566,701.2452496752902,700.6437484648898,False,S2_000175,0
SECONDARY_W0_2018_2020,S2,669644,669647,2019-11-25T03:02:00,2019-11-25T03:05:00,2019-11-25T03:02:00,2019-11-25T03:05:00,630,1460.55,1459.95,1.5,0.6,stop_loss,False,-0.599999999999909,30.0,False,5.0,-0.6666666666665657,-1.0555555555554548,-1.1111111111110101,0.15931813028378664,legacy_drawdown;legacy_loss_streak;legacy_rolling_pf,1.5627535280062992,-1.649573168450936,700.6437484648898,698.9941752964388,False,S2_000176,0
SECONDARY_W0_2018_2020,S2,671023,671027,2019-11-26T03:02:00,2019-11-26T03:06:00,2019-11-26T03:02:00,2019-11-26T03:06:00,634,1453.67,1453.0700000000002,1.5,0.6,stop_loss,False,-0.599999999999909,30.0,False,5.0,-0.6666666666665657,-1.0555555555554548,-1.1111111111110101,0.15848742299497454,legacy_drawdown;legacy_loss_streak;legacy_rolling_pf,1.5509449974372211,-1.6371086084057993,698.9941752964388,697.357066688033,False,S2_000177,0
SECONDARY_W0_2018_2020,S2,672500,672590,2019-11-27T04:40:00,2019-11-27T06:10:00,2019-11-27T04:40:00,2019-11-27T06:10:00,644,1459.54,1459.23,1.5,0.6,timeout,False,-0.30999999999994543,30.0,False,5.0,-0.3444444444443838,-0.7333333333332729,-0.7888888888888284,0.15766299272441137,legacy_drawdown;legacy_loss_streak;legacy_rolling_pf,1.5392636298417308,-1.1287933285505096,697.357066688033,696.2282733594825,False,S2_000178,0
SECONDARY_W0_2018_2020,S2,677538,677557,2019-12-03T04:04:00,2019-12-03T04:23:00,2019-12-03T04:04:00,2019-12-03T04:23:00,645,1462.9,1462.3000000000002,1.5,0.6,stop_loss,False,-0.599999999999909,30.0,False,5.0,-0.6666666666665657,-1.0555555555554548,-1.1111111111110101,0.15709454455641045,legacy_drawdown;legacy_loss_streak;legacy_rolling_pf,1.5312312891498552,-1.6162996941024705,696.2282733594825,694.61197366538,False,S2_000179,0
SECONDARY_W0_2018_2020,S2,684382,684472,2019-12-10T03:15:00,2019-12-10T04:45:00,2019-12-10T03:15:00,2019-12-10T04:45:00,646,1460.91,1461.03,1.5,0.6,timeout,False,0.11999999999989086,30.0,False,5.0,0.13333333333321207,-0.2555555555556769,-0.3111111111112324,0.1562805934310678,legacy_drawdown;legacy_loss_streak;legacy_rolling_pf,1.5197612002825116,-0.38838341785015956,694.61197366538,694.2235902475298,False,S2_000180,0
SECONDARY_W0_2018_2020,S2,685628,685648,2019-12-11T01:02:00,2019-12-11T01:22:00,2019-12-11T01:02:00,2019-12-11T01:22:00,649,1464.07,1463.47,1.5,0.6,stop_loss,False,-0.599999999999909,30.0,False,5.0,-0.6666666666665657,-1.0555555555554548,-1.1111111111110101,0.1560850077230601,legacy_drawdown;legacy_loss_streak;legacy_rolling_pf,1.517010522234427,-1.6012888845806312,694.2235902475298,692.6223013629492,False,S2_000181,0
SECONDARY_W0_2018_2020,S2,685768,685815,2019-12-11T03:22:00,2019-12-11T04:09:00,2019-12-11T03:22:00,2019-12-11T04:09:00,661,1464.01,1463.41,1.5,0.6,stop_loss,False,-0.599999999999909,30.0,False,5.0,-0.6666666666665657,-1.0555555555554548,-1.1111111111110101,0.1552786158797907,legacy_drawdown;legacy_loss_streak;legacy_rolling_pf,1.5056920519635963,-1.5893416104058666,692.6223013629492,691.0329597525433,False,S2_000182,0
SECONDARY_W0_2018_2020,S2,687185,687275,2019-12-12T04:00:00,2019-12-12T05:30:00,2019-12-12T04:00:00,2019-12-12T05:30:00,663,1474.42,1475.42,1.5,0.6,timeout,False,1.0,30.0,False,5.0,1.1111111111111112,0.7222222222222222,0.6666666666666667,0.15447824055517478,legacy_drawdown;legacy_loss_streak;legacy_rolling_pf,1.4944937810349093,1.0793566196363233,691.0329597525433,692.1123163721796,True,S2_000183,0
SECONDARY_W0_2018_2020,S2,689914,689971,2019-12-16T03:33:00,2019-12-16T04:30:00,2019-12-16T03:33:00,2019-12-16T04:30:00,674,1473.35,1474.85,1.5,0.6,take_profit,False,1.5,30.0,False,5.0,1.6666666666666667,1.277777777777778,1.2222222222222225,0.2818578053250683,legacy_drawdown;legacy_rolling_pf,2.7310816194355665,3.489715402612113,692.1123163721796,695.6020317747917,True,S2_000184,0
SECONDARY_W0_2018_2020,S2,689992,690032,2019-12-16T04:51:00,2019-12-16T05:31:00,2019-12-16T04:51:00,2019-12-16T05:31:00,680,1474.95,1474.3500000000001,1.5,0.6,stop_loss,False,-0.599999999999909,30.0,False,5.0,-0.6666666666665657,-1.0555555555554548,-1.1111111111110101,0.28505304733871445,legacy_drawdown;legacy_rolling_pf,2.775968704493679,-2.9301891880763815,695.6020317747917,692.6718425867153,False,S2_000185,0
SECONDARY_W0_2018_2020,S2,691261,691291,2019-12-17T03:01:00,2019-12-17T03:31:00,2019-12-17T03:01:00,2019-12-17T03:31:00,689,1475.25,1474.65,1.5,0.6,stop_loss,False,-0.599999999999909,30.0,False,5.0,-0.6666666666665657,-1.0555555555554548,-1.1111111111110101,0.2823701169213328,legacy_drawdown;legacy_rolling_pf,2.738257608510562,-2.890383031205317,692.6718425867153,689.7814595555101,False,S2_000186,0
SECONDARY_W0_2018_2020,S2,691292,691362,2019-12-17T03:32:00,2019-12-17T04:42:00,2019-12-17T03:32:00,2019-12-17T04:42:00,689,1474.47,1475.97,1.5,0.6,take_profit,False,1.5,30.0,False,5.0,1.6666666666666667,1.277777777777778,1.2222222222222225,0.2797236336895128,legacy_drawdown;legacy_rolling_pf,2.7012744684593217,3.4516284874758005,689.7814595555101,693.2330880429859,True,S2_000187,1
SECONDARY_W0_2018_2020,S2,691363,691453,2019-12-17T04:43:00,2019-12-17T06:13:00,2019-12-17T04:43:00,2019-12-17T06:13:00,690,1475.81,1476.65,1.5,0.6,timeout,False,0.8400000000001455,30.0,False,5.0,0.9333333333334951,0.5444444444446062,0.4888888888890506,0.28288400268419506,legacy_drawdown;legacy_rolling_pf,2.7454637103421478,1.4947524645200578,693.2330880429859,694.7278405075059,True,S2_000188,0
SECONDARY_W0_2018_2020,S2,692589,692679,2019-12-18T02:10:00,2019-12-18T03:40:00,2019-12-18T02:10:00,2019-12-18T03:40:00,709,1475.41,1475.61,1.5,0.6,timeout,False,0.1999999999998181,30.0,False,5.0,0.22222222222202012,-0.16666666666686883,-0.22222222222242438,0.2842526231370437,legacy_drawdown;legacy_rolling_pf,2.764694954428292,-0.46078249240527425,694.7278405075059,694.2670580151006,False,S2_000189,0
SECONDARY_W0_2018_2020,S2,692681,692771,2019-12-18T03:42:00,2019-12-18T05:12:00,2019-12-18T03:42:00,2019-12-18T05:12:00,717,1475.51,1476.02,1.5,0.6,timeout,False,0.5099999999999909,30.0,False,5.0,0.5666666666666567,0.17777777777776765,0.1222222222222121,0.2838307229506319,legacy_drawdown;legacy_rolling_pf,2.7587604939612804,0.49044631003753303,694.2670580151006,694.7575043251381,True,S2_000190,0
SECONDARY_W0_2018_2020,S2,692940,693030,2019-12-18T08:01:00,2019-12-18T09:31:00,2019-12-18T08:01:00,2019-12-18T09:31:00,725,1476.99,1477.19,1.5,0.6,timeout,False,0.20000000000004547,30.0,False,5.0,0.22222222222227278,-0.1666666666666162,-0.22222222222217175,0.2842797838265121,legacy_drawdown;legacy_rolling_pf,2.7650771839795625,-0.46084619732978754,694.7575043251381,694.2966581278083,False,S2_000191,0
SECONDARY_W0_2018_2020,S2,694083,694173,2019-12-19T04:05:00,2019-12-19T05:35:00,2019-12-19T04:05:00,2019-12-19T05:35:00,732,1477.49,1477.59,1.5,0.6,timeout,False,0.09999999999990905,30.0,False,5.0,0.11111111111101006,-0.2777777777778789,-0.33333333333343446,0.2838578253108019,legacy_drawdown;legacy_rolling_pf,2.7591415529540373,-0.7664282091541782,694.2966581278083,693.5302299186542,False,S2_000192,0
SECONDARY_W0_2018_2020,S2,695461,695551,2019-12-20T04:04:00,2019-12-20T05:34:00,2019-12-20T04:04:00,2019-12-20T05:34:00,739,1478.44,1477.97,1.5,0.6,timeout,False,-0.4700000000000273,30.0,False,5.0,-0.5222222222222526,-0.9111111111111416,-0.9666666666666971,0.2831560707744578,legacy_drawdown;legacy_rolling_pf,2.7492821281390145,-2.5049014945267416,693.5302299186542,691.0253284241275,False,S2_000193,0
SECONDARY_W0_2018_2020,S2,695697,695787,2019-12-20T08:00:00,2019-12-20T09:30:00,2019-12-20T08:00:00,2019-12-20T09:30:00,752,1479.14,1478.95,1.5,0.6,timeout,False,-0.19000000000005457,30.0,False,5.0,-0.21111111111117176,-0.6000000000000608,-0.6555555555556163,0.15447439750034123,legacy_drawdown;legacy_loss_streak;legacy_rolling_pf,1.494440097721095,-0.8966640586327479,691.0253284241275,690.1286643654947,False,S2_000194,0
SECONDARY_W0_2018_2020,S2,696800,696810,2019-12-23T03:25:00,2019-12-23T03:35:00,2019-12-23T03:25:00,2019-12-23T03:35:00,757,1479.54,1478.94,1.5,0.6,stop_loss,False,-0.599999999999909,30.0,False,5.0,-0.6666666666665657,-1.0555555555554548,-1.1111111111110101,0.15402284713363537,legacy_drawdown;legacy_loss_streak;legacy_rolling_pf,1.4881381448374915,-1.5708124862172022,690.1286643654947,688.5578518792776,False,S2_000195,0
SECONDARY_W0_2018_2020,S2,697084,697107,2019-12-23T08:09:00,2019-12-23T08:32:00,2019-12-23T08:09:00,2019-12-23T08:32:00,771,1481.22,1482.72,1.5,0.6,take_profit,False,1.5,30.0,False,5.0,1.6666666666666667,1.277777777777778,1.2222222222222225,0.15323180287648186,legacy_drawdown;legacy_loss_streak;legacy_rolling_pf,1.4771254543950694,1.887438080615922,688.5578518792776,690.4452899598934,True,S2_000196,0
SECONDARY_W0_2018_2020,S2,698157,698197,2019-12-24T03:03:00,2019-12-24T03:43:00,2019-12-24T03:03:00,2019-12-24T03:43:00,772,1484.55,1486.05,1.5,0.6,take_profit,False,1.5,30.0,False,5.0,1.6666666666666667,1.277777777777778,1.2222222222222225,0.28033144795323006,legacy_drawdown;legacy_rolling_pf,2.709749390137226,3.4624575540642337,690.4452899598934,693.9077475139577,True,S2_000197,0
SECONDARY_W0_2018_2020,S2,698232,698322,2019-12-24T04:18:00,2019-12-24T05:48:00,2019-12-24T04:18:00,2019-12-24T05:48:00,774,1488.42,1488.97,1.5,0.6,timeout,False,0.5499999999999545,30.0,False,5.0,0.6111111111110606,0.22222222222217167,0.16666666666661614,0.2835017322230967,legacy_drawdown;legacy_rolling_pf,2.7541366779252794,0.6120303728721451,693.9077475139577,694.5197778868298,True,S2_000198,0
SECONDARY_W0_2018_2020,S2,982138,982146,2020-10-14T04:34:00,2020-10-14T04:42:00,2020-10-14T04:34:00,2020-10-14T04:42:00,785,1886.71,1888.632142857143,1.9221428571429249,2.365714285714369,take_profit,False,1.9221428571429442,30.0,False,5.0,0.7210610932475986,0.5897642015005501,0.5710075026795433,0.28406211750825916,legacy_drawdown;legacy_rolling_pf,2.7620146226105824,1.6289373484367733,694.5197778868298,696.1487152352666,True,S2_000199,0
SECONDARY_W0_2018_2020,S3,69669,69705,2018-03-14T04:45:00,2018-03-14T05:21:00,2018-03-14T04:45:00,2018-03-14T05:21:00,0,1328.57,1327.97,1.5,0.6,stop_loss,False,-0.599999999999909,30.0,False,5.0,-0.6666666666665657,-1.0555555555554548,-1.1111111111110101,1.0,,14.0,-14.777777777776366,1000.0,985.2222222222236,False,S3_000000,0
SECONDARY_W0_2018_2020,S3,75195,75285,2018-03-20T04:57:00,2018-03-20T06:27:00,2018-03-20T04:57:00,2018-03-20T06:27:00,1,1316.49,1316.24,1.5,0.6,timeout,False,-0.25,30.0,False,5.0,-0.2777777777777778,-0.6666666666666669,-0.7222222222222223,1.0,,13.79311111111113,-9.195407407407423,985.2222222222236,976.0268148148162,False,S3_000001,0
SECONDARY_W0_2018_2020,S3,112315,112356,2018-04-27T04:16:00,2018-04-27T04:57:00,2018-04-27T04:16:00,2018-04-27T04:57:00,2,1315.84,1317.34,1.5,0.6,take_profit,False,1.5,30.0,False,5.0,1.6666666666666667,1.277777777777778,1.2222222222222225,1.0,,13.664375407407428,17.460035242798384,976.0268148148162,993.4868500576147,True,S3_000002,0
SECONDARY_W0_2018_2020,S3,120481,120490,2018-05-07T03:01:00,2018-05-07T03:10:00,2018-05-07T03:01:00,2018-05-07T03:10:00,4,1314.1,1315.6,1.5,0.6,take_profit,False,1.5,30.0,False,5.0,1.6666666666666667,1.277777777777778,1.2222222222222225,1.0,,13.908815900806605,17.772375873252887,993.4868500576147,1011.2592259308676,True,S3_000003,0
SECONDARY_W0_2018_2020,S3,120550,120602,2018-05-07T04:10:00,2018-05-07T05:02:00,2018-05-07T04:10:00,2018-05-07T05:02:00,5,1317.53,1316.93,1.5,0.6,stop_loss,False,-0.599999999999909,30.0,False,5.0,-0.6666666666665657,-1.0555555555554548,-1.1111111111110101,1.0,,14.157629163032146,-14.944164116532505,1011.2592259308676,996.3150618143351,False,S3_000004,0
SECONDARY_W0_2018_2020,S3,121917,121944,2018-05-08T04:03:00,2018-05-08T04:30:00,2018-05-08T04:03:00,2018-05-08T04:30:00,8,1315.3,1314.7,1.5,0.6,stop_loss,False,-0.599999999999909,30.0,False,5.0,-0.6666666666665657,-1.0555555555554548,-1.1111111111110101,1.0,,13.94841086540069,-14.723322580143767,996.3150618143351,981.5917392341913,False,S3_000005,0
SECONDARY_W0_2018_2020,S3,123257,123258,2018-05-09T03:24:00,2018-05-09T03:25:00,2018-05-09T03:24:00,2018-05-09T03:25:00,12,1315.77,1315.17,1.5,0.6,stop_loss,False,-0.599999999999909,30.0,False,5.0,-0.6666666666665657,-1.0555555555554548,-1.1111111111110101,1.0,,13.742284349278679,-14.505744590903888,981.5917392341913,967.0859946432874,False,S3_000006,0
SECONDARY_W0_2018_2020,S3,124528,124601,2018-05-10T01:37:00,2018-05-10T02:50:00,2018-05-10T01:37:00,2018-05-10T02:50:00,13,1312.14,1311.5400000000002,1.5,0.6,stop_loss,False,-0.599999999999909,30.0,False,5.0,-0.6666666666665657,-1.0555555555554548,-1.1111111111110101,0.55,legacy_loss_streak,7.446562158753314,-7.8602600564610805,967.0859946432874,959.2257345868263,False,S3_000007,0
SECONDARY_W0_2018_2020,S3,127379,127410,2018-05-14T03:11:00,2018-05-14T03:42:00,2018-05-14T03:11:00,2018-05-14T03:42:00,20,1320.16,1321.66,1.5,0.6,take_profit,False,1.5,30.0,False,5.0,1.6666666666666667,1.277777777777778,1.2222222222222225,0.55,legacy_loss_streak,7.386038156318563,9.43771542196261,959.2257345868263,968.6634500087889,True,S3_000008,0
SECONDARY_W0_2018_2020,S3,127431,127444,2018-05-14T04:03:00,2018-05-14T04:16:00,2018-05-14T04:03:00,2018-05-14T04:16:00,22,1322.03,1321.43,1.5,0.6,stop_loss,False,-0.599999999999909,30.0,False,5.0,-0.6666666666665657,-1.0555555555554548,-1.1111111111110101,1.0,,13.561288300123046,-14.31469320568407,968.6634500087889,954.3487568031048,False,S3_000009,0
SECONDARY_W0_2018_2020,S3,127445,127494,2018-05-14T04:17:00,2018-05-14T05:06:00,2018-05-14T04:17:00,2018-05-14T05:06:00,22,1321.52,1320.92,1.5,0.6,stop_loss,False,-0.599999999999909,30.0,False,5.0,-0.6666666666665657,-1.0555555555554548,-1.1111111111110101,1.0,,13.360882595243467,-14.103153850533424,954.3487568031048,940.2456029525714,False,S3_000010,1
SECONDARY_W0_2018_2020,S3,132950,132964,2018-05-18T04:07:00,2018-05-18T04:21:00,2018-05-18T04:07:00,2018-05-18T04:21:00,31,1289.26,1288.66,1.5,0.6,stop_loss,False,-0.599999999999909,30.0,False,5.0,-0.6666666666665657,-1.0555555555554548,-1.1111111111110101,1.0,,13.163438441336,-13.894740576964452,940.2456029525714,926.350862375607,False,S3_000011,0
SECONDARY_W0_2018_2020,S3,134323,134331,2018-05-21T04:02:00,2018-05-21T04:10:00,2018-05-21T04:02:00,2018-05-21T04:10:00,36,1290.22,1289.6200000000001,1.5,0.6,stop_loss,False,-0.599999999999909,30.0,False,5.0,-0.6666666666665657,-1.0555555555554548,-1.1111111111110101,0.5459636059055826,legacy_drawdown;legacy_loss_streak,7.080554000188654,-7.473918111309532,926.350862375607,918.8769442642974,False,S3_000012,0
SECONDARY_W0_2018_2020,S3,136900,136971,2018-05-23T01:01:00,2018-05-23T02:12:00,2018-05-23T01:01:00,2018-05-23T02:12:00,43,1290.89,1292.39,1.5,0.6,take_profit,False,1.5,30.0,False,5.0,1.6666666666666667,1.277777777777778,1.2222222222222225,0.5384360365078819,legacy_drawdown;legacy_loss_streak,6.926590438713991,8.850643338356768,918.8769442642974,927.7275876026542,True,S3_000013,0
SECONDARY_W0_2018_2020,S3,137021,137027,2018-05-23T03:02:00,2018-05-23T03:08:00,2018-05-23T03:02:00,2018-05-23T03:08:00,45,1293.32,1294.82,1.5,0.6,take_profit,False,1.5,30.0,False,5.0,1.6666666666666667,1.277777777777778,1.2222222222222225,0.9951822071116844,legacy_drawdown,12.925611835203311,16.51605956720423,927.7275876026542,944.2436471698585,True,S3_000014,0
SECONDARY_W0_2018_2020,S3,137068,137115,2018-05-23T03:49:00,2018-05-23T04:36:00,2018-05-23T03:49:00,2018-05-23T04:36:00,46,1293.11,1292.51,1.5,0.6,stop_loss,False,-0.599999999999909,30.0,False,5.0,-0.6666666666665657,-1.0555555555554548,-1.1111111111110101,1.0,,13.21941106037802,-13.953822785953244,944.2436471698585,930.2898243839053,False,S3_000015,0
SECONDARY_W0_2018_2020,S3,141176,141225,2018-05-28T03:21:00,2018-05-28T04:10:00,2018-05-28T03:21:00,2018-05-28T04:10:00,54,1298.43,1297.8300000000002,1.5,0.6,stop_loss,False,-0.599999999999909,30.0,False,5.0,-0.6666666666665657,-1.0555555555554548,-1.1111111111110101,0.9998742611435029,legacy_drawdown,13.022419911272468,-13.745887684119626,930.2898243839053,916.5439366997856,False,S3_000016,0
SECONDARY_W0_2018_2020,S3,141241,141331,2018-05-28T04:26:00,2018-05-28T05:56:00,2018-05-28T04:26:00,2018-05-28T05:56:00,58,1297.77,1297.66,1.5,0.6,timeout,False,-0.10999999999989996,30.0,False,5.0,-0.12222222222211107,-0.511111111111,-0.5666666666665556,0.974702330039732,legacy_drawdown,12.507005149590976,-6.392469298678443,916.5439366997856,910.1514674011072,False,S3_000017,0
SECONDARY_W0_2018_2020,S3,144920,145010,2018-05-31T01:06:00,2018-05-31T02:36:00,2018-05-31T01:06:00,2018-05-31T02:36:00,60,1301.49,1302.15,1.5,0.6,timeout,False,0.6600000000000819,30.0,False,5.0,0.7333333333334243,0.34444444444453537,0.28888888888897984,0.26482396204155706,legacy_drawdown;legacy_loss_streak;legacy_rolling_pf,3.3744188471713756,1.162299825137114,910.1514674011072,911.3137672262443,True,S3_000018,0
SECONDARY_W0_2018_2020,S3,145109,145124,2018-05-31T04:15:00,2018-05-31T04:30:00,2018-05-31T04:15:00,2018-05-31T04:30:00,64,1303.0,1302.4,1.5,0.6,stop_loss,False,-0.599999999999909,30.0,False,5.0,-0.6666666666665657,-1.0555555555554548,-1.1111111111110101,0.4825623340373052,legacy_drawdown;legacy_rolling_pf,6.156719779742362,-6.498759767505206,911.3137672262443,904.815007458739,False,S3_000019,0
SECONDARY_W0_2018_2020,S3,147792,147882,2018-06-04T03:02:00,2018-06-04T04:32:00,2018-06-04T03:02:00,2018-06-04T04:32:00,67,1292.44,1293.21,1.5,0.6,timeout,False,0.7699999999999818,30.0,False,5.0,0.8555555555555354,0.46666666666664647,0.41111111111109094,0.476611960482435,legacy_drawdown;legacy_rolling_pf,6.037439164103741,2.8174716099149575,904.815007458739,907.632479068654,True,S3_000020,0
SECONDARY_W0_2018_2020,S3,147883,147919,2018-06-04T04:33:00,2018-06-04T05:09:00,2018-06-04T04:33:00,2018-06-04T05:09:00,73,1293.44,1292.8400000000001,1.5,0.6,stop_loss,False,-0.599999999999909,30.0,False,5.0,-0.6666666666665657,-1.0555555555554548,-1.1111111111110101,0.47919168479276614,legacy_drawdown;legacy_rolling_pf,6.089019115445607,-6.427297955191972,907.632479068654,901.205181113462,False,S3_000021,0
SECONDARY_W0_2018_2020,S3,149150,149216,2018-06-05T02:44:00,2018-06-05T03:50:00,2018-06-05T02:44:00,2018-06-05T03:50:00,74,1291.51,1290.91,1.5,0.6,stop_loss,False,-0.599999999999909,30.0,False,5.0,-0.6666666666665657,-1.0555555555554548,-1.1111111111110101,0.4733067428730672,legacy_drawdown;legacy_rolling_pf,5.971650845064034,-6.303409225344768,901.205181113462,894.9017718881172,False,S3_000022,0
SECONDARY_W0_2018_2020,S3,149217,149280,2018-06-05T03:51:00,2018-06-05T04:54:00,2018-06-05T03:51:00,2018-06-05T04:54:00,77,1291.0,1292.5,1.5,0.6,take_profit,False,1.5,30.0,False,5.0,1.6666666666666667,1.277777777777778,1.2222222222222225,0.4675352355544615,legacy_drawdown;legacy_rolling_pf,5.857573550049422,7.484677313952041,894.9017718881172,902.3864492020692,True,S3_000023,0
SECONDARY_W0_2018_2020,S3,150620,150710,2018-06-06T04:15:00,2018-06-06T05:45:00,2018-06-06T04:15:00,2018-06-06T05:45:00,82,1297.22,1297.07,1.5,0.6,timeout,False,-0.15000000000009095,30.0,False,5.0,-0.16666666666676774,-0.5555555555556567,-0.6111111111112123,0.4743883317680447,legacy_drawdown;legacy_rolling_pf,5.993142431458827,-3.329523573033288,902.3864492020692,899.056925629036,False,S3_000024,0
SECONDARY_W0_2018_2020,S3,151989,152009,2018-06-07T04:07:00,2018-06-07T04:27:00,2018-06-07T04:07:00,2018-06-07T04:27:00,85,1295.83,1297.33,1.5,0.6,take_profit,False,1.5,30.0,False,5.0,1.6666666666666667,1.277777777777778,1.2222222222222225,0.4713397640831217,legacy_drawdown;legacy_rolling_pf,5.932657909126012,7.580618439438793,899.056925629036,906.6375440684748,True,S3_000025,0
SECONDARY_W0_2018_2020,S3,152024,152114,2018-06-07T04:42:00,2018-06-07T06:12:00,2018-06-07T04:42:00,2018-06-07T06:12:00,87,1296.97,1296.99,1.5,0.6,timeout,False,0.01999999999998181,30.0,False,5.0,0.022222222222202014,-0.36666666666668696,-0.4222222222222425,0.4782807056020161,legacy_drawdown;legacy_rolling_pf,6.070781420232887,-2.2259531874188485,906.6375440684748,904.4115908810559,False,S3_000026,0
SECONDARY_W0_2018_2020,S3,153345,153376,2018-06-08T03:44:00,2018-06-08T04:15:00,2018-06-08T03:44:00,2018-06-08T04:15:00,91,1296.9,1296.3000000000002,1.5,0.6,stop_loss,False,-0.599999999999909,30.0,False,5.0,-0.6666666666665657,-1.0555555555554548,-1.1111111111110101,0.4762425854906951,legacy_drawdown;legacy_rolling_pf,6.030070401445255,-6.36507431263605,904.4115908810559,898.0465165684199,False,S3_000027,0
SECONDARY_W0_2018_2020,S3,153378,153468,2018-06-08T04:17:00,2018-06-08T05:47:00,2018-06-08T04:17:00,2018-06-08T05:47:00,93,1296.76,1297.01,1.5,0.6,timeout,False,0.25,30.0,False,5.0,0.2777777777777778,-0.11111111111111116,-0.1666666666666667,0.47041461658283196,legacy_drawdown;legacy_rolling_pf,5.914358908711136,-0.6571509898567931,898.0465165684199,897.3893655785631,False,S3_000028,0
SECONDARY_W0_2018_2020,S3,153605,153626,2018-06-08T08:04:00,2018-06-08T08:25:00,2018-06-08T08:04:00,2018-06-08T08:25:00,97,1296.51,1295.91,1.5,0.6,stop_loss,False,-0.599999999999909,30.0,False,5.0,-0.6666666666665657,-1.0555555555554548,-1.1111111111110101,0.2583971049567601,legacy_drawdown;legacy_loss_streak;legacy_rolling_pf,3.246359397182781,-3.4267126970259416,897.3893655785631,893.9626528815372,False,S3_000029,0
SECONDARY_W0_2018_2020,S3,154703,154770,2018-06-11T03:24:00,2018-06-11T04:31:00,2018-06-11T03:24:00,2018-06-11T04:31:00,99,1298.98,1300.48,1.5,0.6,take_profit,False,1.5,30.0,False,5.0,1.6666666666666667,1.277777777777778,1.2222222222222225,0.2566714493335194,legacy_drawdown;legacy_loss_streak;legacy_rolling_pf,3.212365656711989,4.1046894502430975,893.9626528815372,898.0673423317803,True,S3_000030,0
SECONDARY_W0_2018_2020,S3,156001,156009,2018-06-12T02:04:00,2018-06-12T02:12:00,2018-06-12T02:04:00,2018-06-12T02:12:00,104,1299.34,1298.74,1.5,0.6,stop_loss,False,-0.599999999999909,30.0,False,5.0,-0.6666666666665657,-1.0555555555554548,-1.1111111111110101,0.4704336850014216,legacy_drawdown;legacy_rolling_pf,5.914735809256016,-6.2433322431029765,898.0673423317803,891.8240100886774,False,S3_000031,0
SECONDARY_W0_2018_2020,S3,156058,156069,2018-06-12T03:01:00,2018-06-12T03:12:00,2018-06-12T03:01:00,2018-06-12T03:12:00,108,1297.69,1297.0900000000001,1.5,0.6,stop_loss,False,-0.599999999999909,30.0,False,5.0,-0.6666666666665657,-1.0555555555554548,-1.1111111111110101,0.46471718517642663,legacy_drawdown;legacy_rolling_pf,5.802243210976286,-6.124590056029939,891.8240100886774,885.6994200326475,False,S3_000032,0
SECONDARY_W0_2018_2020,S3,157437,157490,2018-06-13T03:01:00,2018-06-13T03:54:00,2018-06-13T03:01:00,2018-06-13T03:54:00,110,1295.51,1294.91,1.5,0.6,stop_loss,False,-0.599999999999909,30.0,False,5.0,-0.6666666666665657,-1.0555555555554548,-1.1111111111110101,0.4591094076915527,legacy_drawdown;legacy_rolling_pf,5.692861105735167,-6.009131167164325,885.6994200326475,879.6902888654831,False,S3_000033,0
SECONDARY_W0_2018_2020,S3,158859,158893,2018-06-14T03:45:00,2018-06-14T04:19:00,2018-06-14T03:45:00,2018-06-14T04:19:00,113,1298.77,1298.17,1.5,0.6,stop_loss,False,-0.599999999999909,30.0,False,5.0,-0.6666666666665657,-1.0555555555554548,-1.1111111111110101,0.24948404046710956,legacy_drawdown;legacy_loss_streak;legacy_rolling_pf,3.072561626761753,-3.243259494914874,879.6902888654831,876.4470293705682,False,S3_000034,0
SECONDARY_W0_2018_2020,S3,164329,164334,2018-06-20T03:01:00,2018-06-20T03:06:00,2018-06-20T03:01:00,2018-06-20T03:06:00,117,1274.76,1274.16,1.5,0.6,stop_loss,False,-0.599999999999909,30.0,False,5.0,-0.6666666666665657,-1.0555555555554548,-1.1111111111110101,0.24785076990144864,legacy_drawdown;legacy_loss_streak;legacy_rolling_pf,3.0411929941026608,-3.210148160441391,876.4470293705682,873.2368812101269,False,S3_000035,0
SECONDARY_W0_2018_2020,S3,169844,169934,2018-06-26T03:01:00,2018-06-26T04:31:00,2018-06-26T03:01:00,2018-06-26T04:31:00,121,1266.21,1266.72,1.5,0.6,timeout,False,0.5099999999999909,30.0,False,5.0,0.5666666666666567,0.17777777777776765,0.1222222222222121,0.2462341738473617,legacy_drawdown;legacy_loss_streak;legacy_rolling_pf,3.010290668249513,0.5351627854665496,873.2368812101269,873.7720439955934,True,S3_000036,0
SECONDARY_W0_2018_2020,S3,169941,169948,2018-06-26T04:38:00,2018-06-26T04:45:00,2018-06-26T04:38:00,2018-06-26T04:45:00,125,1266.7,1266.1000000000001,1.5,0.6,stop_loss,False,-0.599999999999909,30.0,False,5.0,-0.6666666666665657,-1.0555555555554548,-1.1111111111110101,0.44818850193584986,legacy_drawdown;legacy_rolling_pf,5.482604168045348,-5.787193288491759,873.7720439955934,867.9848507071017,False,S3_000037,0
SECONDARY_W0_2018_2020,S3,169949,169961,2018-06-26T04:46:00,2018-06-26T04:58:00,2018-06-26T04:46:00,2018-06-26T04:58:00,126,1265.98,1265.38,1.5,0.6,stop_loss,False,-0.599999999999909,30.0,False,5.0,-0.6666666666665657,-1.0555555555554548,-1.1111111111110101,0.44288965059609925,legacy_drawdown;legacy_rolling_pf,5.381901101533259,-5.680895607173453,867.9848507071017,862.3039550999283,False,S3_000038,0
SECONDARY_W0_2018_2020,S3,169962,169997,2018-06-26T04:59:00,2018-06-26T05:34:00,2018-06-26T04:59:00,2018-06-26T05:34:00,126,1265.23,1264.63,1.5,0.6,stop_loss,False,-0.599999999999909,30.0,False,5.0,-0.6666666666665657,-1.0555555555554548,-1.1111111111110101,0.4376881271980618,legacy_drawdown;legacy_rolling_pf,5.28388284456437,-5.57743189148408,862.3039550999283,856.7265232084443,False,S3_000039,1
SECONDARY_W0_2018_2020,S3,171227,171282,2018-06-27T03:05:00,2018-06-27T04:00:00,2018-06-27T03:05:00,2018-06-27T04:00:00,127,1257.72,1259.22,1.5,0.6,take_profit,False,1.5,30.0,False,5.0,1.6666666666666667,1.277777777777778,1.2222222222222225,0.23791973530337474,legacy_drawdown;legacy_loss_streak;legacy_rolling_pf,2.8536500668078704,3.646330640921168,856.7265232084443,860.3728538493655,True,S3_000040,0
SECONDARY_W0_2018_2020,S3,171336,171345,2018-06-27T04:54:00,2018-06-27T05:03:00,2018-06-27T04:54:00,2018-06-27T05:03:00,131,1255.07,1254.3374285714285,1.5,0.732571428571438,stop_loss,False,-0.7325714285714184,30.0,False,5.0,-0.7094631986718155,-1.048422800221342,-1.0968456004427027,0.43591997847057984,legacy_drawdown;legacy_rolling_pf,5.250752022973614,-5.505008139193873,860.3728538493655,854.8678457101717,False,S3_000041,0
SECONDARY_W0_2018_2020,S3,174060,174065,2018-06-29T04:20:00,2018-06-29T04:25:00,2018-06-29T04:20:00,2018-06-29T04:25:00,134,1247.74,1247.14,1.5,0.6,stop_loss,False,-0.599999999999909,30.0,False,5.0,-0.6666666666665657,-1.0555555555554548,-1.1111111111110101,0.4308795005913093,legacy_drawdown;legacy_rolling_pf,5.156830426036342,-5.443321005260063,854.8678457101717,849.4245247049116,False,S3_000042,0
SECONDARY_W0_2018_2020,S3,176751,176800,2018-07-03T03:15:00,2018-07-03T04:04:00,2018-07-03T03:15:00,2018-07-03T04:04:00,135,1241.87,1241.27,1.5,0.6,stop_loss,False,-0.599999999999909,30.0,False,5.0,-0.6666666666665657,-1.0555555555554548,-1.1111111111110101,0.4258955044875724,legacy_drawdown;legacy_rolling_pf,5.064725210626406,-5.346098833438474,849.4245247049116,844.0784258714732,False,S3_000043,0
SECONDARY_W0_2018_2020,S3,182080,182116,2018-07-09T04:16:00,2018-07-09T04:52:00,2018-07-09T04:16:00,2018-07-09T04:52:00,143,1256.16,1257.66,1.5,0.6,take_profit,False,1.5,30.0,False,5.0,1.6666666666666667,1.277777777777778,1.2222222222222225,0.23155028965017357,legacy_drawdown;legacy_loss_streak;legacy_rolling_pf,2.7362524559720307,3.4963225826309285,844.0784258714732,847.5747484541041,True,S3_000044,0
SECONDARY_W0_2018_2020,S3,183419,183452,2018-07-10T03:37:00,2018-07-10T04:10:00,2018-07-10T03:37:00,2018-07-10T04:10:00,144,1257.74,1259.24,1.5,0.6,take_profit,False,1.5,30.0,False,5.0,1.6666666666666667,1.277777777777778,1.2222222222222225,0.42420181829528264,legacy_drawdown;legacy_rolling_pf,5.033598492095568,6.431820295455449,847.5747484541041,854.0065687495595,True,S3_000045,0
SECONDARY_W0_2018_2020,S3,188886,188939,2018-07-16T02:49:00,2018-07-16T03:42:00,2018-07-16T02:49:00,2018-07-16T03:42:00,146,1241.03,1242.53,1.5,0.6,take_profit,False,1.5,30.0,False,5.0,1.6666666666666667,1.277777777777778,1.2222222222222225,0.4300909009456553,legacy_drawdown;legacy_rolling_pf,5.14220636393808,6.570597020587548,854.0065687495595,860.5771657701471,True,S3_000046,0
SECONDARY_W0_2018_2020,S3,190254,190306,2018-07-17T02:41:00,2018-07-17T03:33:00,2018-07-17T02:41:00,2018-07-17T03:33:00,150,1240.28,1239.68,1.5,0.6,stop_loss,False,-0.599999999999909,30.0,False,5.0,-0.6666666666665657,-1.0555555555554548,-1.1111111111110101,0.4361070498955681,legacy_drawdown;legacy_rolling_pf,5.254252765601113,-5.546155697022868,860.5771657701471,855.0310100731242,False,S3_000047,0
SECONDARY_W0_2018_2020,S3,190307,190330,2018-07-17T03:34:00,2018-07-17T03:57:00,2018-07-17T03:34:00,2018-07-17T03:57:00,152,1239.55,1238.95,1.5,0.6,stop_loss,False,-0.599999999999909,30.0,False,5.0,-0.6666666666665657,-1.0555555555554548,-1.1111111111110101,0.4310288966214972,legacy_drawdown;legacy_rolling_pf,5.159603019885762,-5.446247632101118,855.0310100731242,849.5847624410231,False,S3_000048,0
SECONDARY_W0_2018_2020,S3,190331,190351,2018-07-17T03:58:00,2018-07-17T04:18:00,2018-07-17T03:58:00,2018-07-17T04:18:00,152,1238.84,1238.24,1.5,0.6,stop_loss,False,-0.599999999999909,30.0,False,5.0,-0.6666666666665657,-1.0555555555554548,-1.1111111111110101,0.4260422208490877,legacy_drawdown;legacy_rolling_pf,5.067425705858854,-5.3489493561838355,849.5847624410231,844.2358130848393,False,S3_000049,1
SECONDARY_W0_2018_2020,S3,191606,191640,2018-07-18T02:17:00,2018-07-18T02:51:00,2018-07-18T02:17:00,2018-07-18T02:51:00,156,1227.6,1227.0,1.5,0.6,stop_loss,False,-0.599999999999909,30.0,False,5.0,-0.6666666666665657,-1.0555555555554548,-1.1111111111110101,0.23162954815644027,legacy_drawdown;legacy_loss_streak;legacy_rolling_pf,2.7376994389125677,-2.8897938521852122,844.2358130848393,841.346019232654,False,S3_000050,0
SECONDARY_W0_2018_2020,S3,192936,192966,2018-07-19T01:28:00,2018-07-19T01:58:00,2018-07-19T01:28:00,2018-07-19T01:58:00,160,1226.95,1226.3500000000001,1.5,0.6,stop_loss,False,-0.599999999999909,30.0,False,5.0,-0.6666666666665657,-1.0555555555554548,-1.1111111111110101,0.23017427908315083,legacy_drawdown;legacy_loss_streak;legacy_rolling_pf,2.7111869881089685,-2.8618084874480822,841.346019232654,838.4842107452059,False,S3_000051,0
SECONDARY_W0_2018_2020,S3,197128,197194,2018-07-24T02:25:00,2018-07-24T03:31:00,2018-07-24T02:25:00,2018-07-24T03:31:00,166,1223.88,1223.2800000000002,1.5,0.6,stop_loss,False,-0.599999999999909,30.0,False,5.0,-0.6666666666665657,-1.0555555555554548,-1.1111111111110101,0.2287331031382608,legacy_drawdown;legacy_loss_streak;legacy_rolling_pf,2.6850473363866096,-2.8342166328522618,838.4842107452059,835.6499941123536,False,S3_000052,0
SECONDARY_W0_2018_2020,S3,202654,202668,2018-07-30T02:38:00,2018-07-30T02:52:00,2018-07-30T02:38:00,2018-07-30T02:52:00,174,1222.84,1222.24,1.5,0.6,stop_loss,False,-0.599999999999909,30.0,False,5.0,-0.6666666666665657,-1.0555555555554548,-1.1111111111110101,0.2273058221542994,legacy_drawdown;legacy_loss_streak;legacy_rolling_pf,2.659273525229216,-2.8070109432972377,835.6499941123536,832.8429831690564,False,S3_000053,0
SECONDARY_W0_2018_2020,S3,202789,202824,2018-07-30T04:53:00,2018-07-30T05:28:00,2018-07-30T04:53:00,2018-07-30T05:28:00,179,1221.6,1221.0,1.5,0.6,stop_loss,False,-0.599999999999909,30.0,False,5.0,-0.6666666666665657,-1.0555555555554548,-1.1111111111110101,0.22589224166270952,legacy_drawdown;legacy_loss_streak;legacy_rolling_pf,2.63385875789563,-2.7801842444451217,832.8429831690564,830.0627989246113,False,S3_000054,0
SECONDARY_W0_2018_2020,S3,210982,211007,2018-08-07T03:35:00,2018-08-07T04:00:00,2018-08-07T03:35:00,2018-08-07T04:00:00,181,1208.0,1209.5,1.5,0.6,take_profit,False,1.5,30.0,False,5.0,1.6666666666666667,1.277777777777778,1.2222222222222225,0.2244921708078532,legacy_drawdown;legacy_loss_streak;legacy_rolling_pf,2.608796394924,3.333462060180667,830.0627989246113,833.396260984792,True,S3_000055,0
SECONDARY_W0_2018_2020,S3,211043,211057,2018-08-07T04:36:00,2018-08-07T04:50:00,2018-08-07T04:36:00,2018-08-07T04:50:00,183,1208.61,1208.01,1.5,0.6,stop_loss,False,-0.599999999999909,30.0,False,5.0,-0.6666666666665657,-1.0555555555554548,-1.1111111111110101,0.4112197571168866,legacy_drawdown;legacy_rolling_pf,4.797926112340026,-5.064477563025099,833.396260984792,828.3317834217669,False,S3_000056,0
SECONDARY_W0_2018_2020,S3,211059,211064,2018-08-07T04:52:00,2018-08-07T04:57:00,2018-08-07T04:52:00,2018-08-07T04:57:00,186,1208.27,1207.67,1.5,0.6,stop_loss,False,-0.599999999999909,30.0,False,5.0,-0.6666666666665657,-1.0555555555554548,-1.1111111111110101,0.4065826364294995,legacy_drawdown;legacy_rolling_pf,4.714994484787597,-4.976938622830877,828.3317834217669,823.354844798936,False,S3_000057,0
SECONDARY_W0_2018_2020,S3,211066,211116,2018-08-07T04:59:00,2018-08-07T05:49:00,2018-08-07T04:59:00,2018-08-07T05:49:00,186,1208.41,1209.91,1.5,0.6,take_profit,False,1.5,30.0,False,5.0,1.6666666666666667,1.277777777777778,1.2222222222222225,0.4020256678655002,legacy_drawdown;legacy_rolling_pf,4.634136939188226,5.921397200073844,823.354844798936,829.2762419990099,True,S3_000058,1
SECONDARY_W0_2018_2020,S3,212328,212340,2018-08-08T03:02:00,2018-08-08T03:14:00,2018-08-08T03:02:00,2018-08-08T03:14:00,187,1212.65,1212.0500000000002,1.5,0.6,stop_loss,False,-0.599999999999909,30.0,False,5.0,-0.6666666666665657,-1.0555555555554548,-1.1111111111110101,0.40744739855992895,legacy_drawdown;legacy_rolling_pf,4.730410264860709,-4.993210835130272,829.2762419990099,824.2830311638796,False,S3_000059,0
SECONDARY_W0_2018_2020,S3,212387,212418,2018-08-08T04:01:00,2018-08-08T04:32:00,2018-08-08T04:01:00,2018-08-08T04:32:00,188,1211.17,1212.67,1.5,0.6,take_profit,False,1.5,30.0,False,5.0,1.6666666666666667,1.277777777777778,1.2222222222222225,0.40287553088514405,legacy_drawdown;legacy_rolling_pf,4.649168492916693,5.9406041853935525,824.2830311638796,830.2236353492732,True,S3_000060,0
SECONDARY_W0_2018_2020,S3,213707,213797,2018-08-09T03:02:00,2018-08-09T04:32:00,2018-08-09T03:02:00,2018-08-09T04:32:00,191,1213.37,1213.19,1.5,0.6,timeout,False,-0.1799999999998363,30.0,False,5.0,-0.19999999999981813,-0.5888888888887072,-0.6444444444442626,0.4083148478178095,legacy_drawdown;legacy_rolling_pf,4.745896922513419,-2.794805965479262,830.2236353492732,827.428829383794,False,S3_000061,0
SECONDARY_W0_2018_2020,S3,216518,216523,2018-08-13T04:01:00,2018-08-13T04:06:00,2018-08-13T04:01:00,2018-08-13T04:06:00,194,1209.4,1208.8000000000002,1.5,0.6,stop_loss,False,-0.599999999999909,30.0,False,5.0,-0.6666666666665657,-1.0555555555554548,-1.1111111111110101,0.40575587655207135,legacy_drawdown;legacy_rolling_pf,4.700277539315059,-4.961404069276533,827.428829383794,822.4674253145174,False,S3_000062,0
SECONDARY_W0_2018_2020,S3,216524,216526,2018-08-13T04:07:00,2018-08-13T04:09:00,2018-08-13T04:07:00,2018-08-13T04:09:00,194,1209.42,1208.8200000000002,1.5,0.6,stop_loss,False,-0.599999999999909,30.0,False,5.0,-0.6666666666665657,-1.0555555555554548,-1.1111111111110101,0.4012131316861258,legacy_drawdown;legacy_rolling_pf,4.619786239883672,-4.876441030987856,822.4674253145174,817.5909842835296,False,S3_000063,1
SECONDARY_W0_2018_2020,S3,217836,217896,2018-08-14T03:02:00,2018-08-14T04:02:00,2018-08-14T03:02:00,2018-08-14T04:02:00,199,1192.44,1193.94,1.5,0.6,take_profit,False,1.5,30.0,False,5.0,1.6666666666666667,1.277777777777778,1.2222222222222225,0.21821149922249425,legacy_drawdown;legacy_loss_streak;legacy_rolling_pf,2.497708562038252,3.191516495937767,817.5909842835296,820.7825007794673,True,S3_000064,0
SECONDARY_W0_2018_2020,S3,217919,217937,2018-08-14T04:25:00,2018-08-14T04:43:00,2018-08-14T04:25:00,2018-08-14T04:43:00,201,1193.33,1194.83,1.5,0.6,take_profit,False,1.5,30.0,False,5.0,1.6666666666666667,1.277777777777778,1.2222222222222225,0.3996703864925821,legacy_drawdown;legacy_rolling_pf,4.592594430380289,5.868315105485925,820.7825007794673,826.6508158849533,True,S3_000065,0
SECONDARY_W0_2018_2020,S3,219160,219199,2018-08-15T02:14:00,2018-08-15T02:53:00,2018-08-15T02:14:00,2018-08-15T02:53:00,203,1194.05,1193.45,1.5,0.6,stop_loss,False,-0.599999999999909,30.0,False,5.0,-0.6666666666665657,-1.0555555555554548,-1.1111111111110101,0.40504351432997765,legacy_drawdown;legacy_rolling_pf,4.687613722256987,-4.948036706826348,826.6508158849533,821.702779178127,False,S3_000066,0
SECONDARY_W0_2018_2020,S3,219203,219229,2018-08-15T02:57:00,2018-08-15T03:23:00,2018-08-15T02:57:00,2018-08-15T03:23:00,204,1193.75,1193.15,1.5,0.6,stop_loss,False,-0.599999999999909,30.0,False,5.0,-0.6666666666665657,-1.0555555555554548,-1.1111111111110101,0.4005130088455245,legacy_drawdown;legacy_rolling_pf,4.607437134515057,-4.863405864209874,821.702779178127,816.8393733139171,False,S3_000067,0
SECONDARY_W0_2018_2020,S3,219230,219232,2018-08-15T03:24:00,2018-08-15T03:26:00,2018-08-15T03:24:00,2018-08-15T03:26:00,204,1193.34,1192.74,1.5,0.6,stop_loss,False,-0.599999999999909,30.0,False,5.0,-0.6666666666665657,-1.0555555555554548,-1.1111111111110101,0.3960599927814911,legacy_drawdown;legacy_rolling_pf,4.5292435481768685,-4.780868189741794,816.8393733139171,812.0585051241753,False,S3_000068,1
SECONDARY_W0_2018_2020,S3,220634,220636,2018-08-16T03:50:00,2018-08-16T03:52:00,2018-08-16T03:50:00,2018-08-16T03:52:00,209,1162.04,1163.6027857142856,1.5627857142857076,1.923428571428563,take_profit,False,1.56278571428561,30.0,False,5.0,0.7028720123361162,0.5454574659470125,0.5229696736057121,0.21542540227888757,legacy_drawdown;legacy_loss_streak;legacy_rolling_pf,2.449132421965146,1.3358975646537778,812.0585051241753,813.3944026888291,True,S3_000069,0
SECONDARY_W0_2018_2020,S3,220639,220646,2018-08-16T03:55:00,2018-08-16T04:02:00,2018-08-16T03:55:00,2018-08-16T04:02:00,209,1165.14,1166.9395714285715,1.7995714285714177,2.2148571428571295,take_profit,False,1.7995714285714257,30.0,False,5.0,0.7155760054533088,0.5764030902067732,0.5565212451715538,0.3929057198373942,legacy_drawdown;legacy_rolling_pf,4.474222386202264,2.5789556096793076,813.3944026888291,815.9733582985084,True,S3_000070,1
SECONDARY_W0_2018_2020,S3,239525,239585,2018-09-05T02:05:00,2018-09-05T03:13:00,2018-09-05T02:05:00,2018-09-05T03:13:00,210,1191.99,1191.39,1.5,0.6,stop_loss,False,-0.599999999999909,30.0,False,5.0,-0.6666666666665657,-1.0555555555554548,-1.1111111111110101,0.39526705489331515,legacy_drawdown;legacy_rolling_pf,4.51538340688483,-4.766238040600198,815.9733582985084,811.2071202579082,False,S3_000071,0
SECONDARY_W0_2018_2020,S3,239586,239651,2018-09-05T03:14:00,2018-09-05T04:19:00,2018-09-05T03:14:00,2018-09-05T04:19:00,219,1191.21,1192.71,1.5,0.6,take_profit,False,1.5,30.0,False,5.0,1.6666666666666667,1.277777777777778,1.2222222222222225,0.39090300731999017,legacy_drawdown;legacy_rolling_pf,4.439446240154873,5.672625751309005,811.2071202579082,816.8797460092172,True,S3_000072,0
SECONDARY_W0_2018_2020,S3,243706,243707,2018-09-10T03:26:00,2018-09-10T03:27:00,2018-09-10T03:26:00,2018-09-10T03:27:00,221,1195.09,1194.49,1.5,0.6,stop_loss,False,-0.599999999999909,30.0,False,5.0,-0.6666666666665657,-1.0555555555554548,-1.1111111111110101,0.3960969586991504,legacy_drawdown;legacy_rolling_pf,4.529890162240595,-4.78155072680906,816.8797460092172,812.0981952824081,False,S3_000073,0
SECONDARY_W0_2018_2020,S3,243708,243741,2018-09-10T03:28:00,2018-09-10T04:01:00,2018-09-10T03:28:00,2018-09-10T04:01:00,221,1194.29,1195.79,1.5,0.6,take_profit,False,1.5,30.0,False,5.0,1.6666666666666667,1.277777777777778,1.2222222222222225,0.3917188905732383,legacy_drawdown;legacy_rolling_pf,4.453598857295755,5.690709650989021,812.0981952824081,817.7889049333971,True,S3_000074,1
SECONDARY_W0_2018_2020,S3,245103,245141,2018-09-11T04:04:00,2018-09-11T04:42:00,2018-09-11T04:04:00,2018-09-11T04:42:00,222,1194.37,1193.77,1.5,0.6,stop_loss,False,-0.599999999999909,30.0,False,5.0,-0.6666666666665657,-1.0555555555554548,-1.1111111111110101,0.39692939987456727,legacy_drawdown;legacy_rolling_pf,4.5444624296301,-4.796932564609092,817.7889049333971,812.9919723687881,False,S3_000075,0
SECONDARY_W0_2018_2020,S3,245147,245200,2018-09-11T04:48:00,2018-09-11T05:41:00,2018-09-11T04:48:00,2018-09-11T05:41:00,230,1193.76,1193.16,1.5,0.6,stop_loss,False,-0.599999999999909,30.0,False,5.0,-0.6666666666665657,-1.0555555555554548,-1.1111111111110101,0.3925372478797103,legacy_drawdown;legacy_rolling_pf,4.467814839347182,-4.71602677486602,812.9919723687881,808.2759455939221,False,S3_000076,0
SECONDARY_W0_2018_2020,S3,250486,250492,2018-09-17T02:21:00,2018-09-17T02:28:00,2018-09-17T02:21:00,2018-09-17T02:28:00,231,1193.59,1192.99,1.5,0.6,stop_loss,False,-0.599999999999909,30.0,False,5.0,-0.6666666666665657,-1.0555555555554548,-1.1111111111110101,0.38821917458431976,legacy_drawdown;legacy_rolling_pf,4.393035086087662,-4.637092590869867,808.2759455939221,803.6388530030522,False,S3_000077,0
SECONDARY_W0_2018_2020,S3,250612,250643,2018-09-17T04:30:00,2018-09-17T05:01:00,2018-09-17T04:30:00,2018-09-17T05:01:00,240,1194.44,1193.8400000000001,1.5,0.6,stop_loss,False,-0.599999999999909,30.0,False,5.0,-0.6666666666665657,-1.0555555555554548,-1.1111111111110101,0.2111853561141894,legacy_drawdown;legacy_loss_streak;legacy_rolling_pf,2.376034603021076,-2.5080365254108963,803.6388530030522,801.1308164776412,False,S3_000078,0
SECONDARY_W0_2018_2020,S3,253154,253189,2018-09-19T01:03:00,2018-09-19T01:38:00,2018-09-19T01:03:00,2018-09-19T01:38:00,242,1197.78,1199.28,1.5,0.6,take_profit,False,1.5,30.0,False,5.0,1.6666666666666667,1.277777777777778,1.2222222222222225,0.2099223359207764,legacy_drawdown;legacy_loss_streak;legacy_rolling_pf,2.3544535332234737,3.008468403563328,801.1308164776412,804.1392848812046,True,S3_000079,0
SECONDARY_W0_2018_2020,S3,253331,253421,2018-09-19T04:01:00,2018-09-19T05:31:00,2018-09-19T04:01:00,2018-09-19T05:31:00,243,1198.35,1199.54,1.5,0.6,timeout,False,1.1900000000000546,30.0,False,5.0,1.322222222222283,0.933333333333394,0.8777777777778385,0.38443157858277177,legacy_drawdown;legacy_rolling_pf,4.327911485622238,4.039384053247685,804.1392848812046,808.1786689344523,True,S3_000080,0
SECONDARY_W0_2018_2020,S3,257319,257333,2018-09-24T02:01:00,2018-09-24T02:16:00,2018-09-24T02:01:00,2018-09-24T02:16:00,247,1197.65,1197.0500000000002,1.5,0.6,stop_loss,False,-0.599999999999909,30.0,False,5.0,-0.6666666666665657,-1.0555555555554548,-1.1111111111110101,0.3881301064416706,legacy_drawdown;legacy_rolling_pf,4.391498619163833,-4.635470764672493,808.1786689344523,803.5431981697798,False,S3_000081,0
SECONDARY_W0_2018_2020,S3,257334,257403,2018-09-24T02:17:00,2018-09-24T03:27:00,2018-09-24T02:17:00,2018-09-24T03:27:00,249,1197.16,1196.5600000000002,1.5,0.6,stop_loss,False,-0.599999999999909,30.0,False,5.0,-0.6666666666665657,-1.0555555555554548,-1.1111111111110101,0.38388579158171854,legacy_drawdown;legacy_rolling_pf,4.318563433793163,-4.558483624559015,803.5431981697798,798.9847145452208,False,S3_000082,0
SECONDARY_W0_2018_2020,S3,257405,257414,2018-09-24T03:29:00,2018-09-24T03:38:00,2018-09-24T03:29:00,2018-09-24T03:38:00,252,1196.89,1196.2900000000002,1.5,0.6,stop_loss,False,-0.599999999999909,30.0,False,5.0,-0.6666666666665657,-1.0555555555554548,-1.1111111111110101,0.3797119674398397,legacy_drawdown;legacy_rolling_pf,4.247376810800542,-4.483342189177922,798.9847145452208,794.5013723560428,False,S3_000083,0
SECONDARY_W0_2018_2020,S3,258761,258777,2018-09-25T03:16:00,2018-09-25T03:32:00,2018-09-25T03:16:00,2018-09-25T03:32:00,253,1198.92,1198.3200000000002,1.5,0.6,stop_loss,False,-0.599999999999909,30.0,False,5.0,-0.6666666666665657,-1.0555555555554548,-1.1111111111110101,0.20658381923178581,legacy_drawdown;legacy_loss_streak;legacy_rolling_pf,2.297835790406891,-2.4254933343181535,794.5013723560428,792.0758790217246,False,S3_000084,0
SECONDARY_W0_2018_2020,S3,260147,260153,2018-09-26T03:28:00,2018-09-26T03:36:00,2018-09-26T03:28:00,2018-09-26T03:36:00,258,1201.14,1200.5400000000002,1.5,0.6,stop_loss,False,-0.599999999999909,30.0,False,5.0,-0.6666666666665657,-1.0555555555554548,-1.1111111111110101,0.20536236690077136,legacy_drawdown;legacy_loss_streak;legacy_rolling_pf,2.2772760819327456,-2.4037914198176686,792.0758790217246,789.6720876019069,False,S3_000085,0
SECONDARY_W0_2018_2020,S3,265486,265576,2018-10-02T01:04:00,2018-10-02T02:53:00,2018-10-02T01:04:00,2018-10-02T02:53:00,264,1188.75,1188.92,1.5,0.6,timeout,False,0.17000000000007276,30.0,False,5.0,0.18888888888896976,-0.19999999999991921,-0.25555555555547477,0.20415184342026288,legacy_drawdown;legacy_loss_streak;legacy_rolling_pf,2.2569821733403925,-0.4513964346678962,789.6720876019069,789.220691167239,False,S3_000086,0
SECONDARY_W0_2018_2020,S3,268314,268404,2018-10-04T03:02:00,2018-10-04T04:32:00,2018-10-04T03:02:00,2018-10-04T04:32:00,266,1197.85,1198.15,1.5,0.6,timeout,False,0.3000000000001819,30.0,False,5.0,0.3333333333335355,-0.055555555555353485,-0.11111111111090903,0.20392452503536543,legacy_drawdown;legacy_loss_streak;legacy_rolling_pf,2.2531803643210684,-0.1251766869062707,789.220691167239,789.0955144803328,False,S3_000087,0
SECONDARY_W0_2018_2020,S3,273672,273762,2018-10-10T01:55:00,2018-10-10T03:32:00,2018-10-10T01:55:00,2018-10-10T03:32:00,267,1189.35,1189.89,1.5,0.6,timeout,False,0.540000000000191,30.0,False,5.0,0.6000000000002123,0.2111111111113233,0.15555555555576775,0.20386148740345486,legacy_drawdown;legacy_loss_streak;legacy_rolling_pf,2.2521265939949715,0.47544894762163853,789.0955144803328,789.5709634279544,True,S3_000088,0
SECONDARY_W0_2018_2020,S3,304012,304056,2018-11-09T04:53:00,2018-11-09T05:37:00,2018-11-09T04:53:00,2018-11-09T05:37:00,268,1220.59,1219.99,1.5,0.6,stop_loss,False,-0.599999999999909,25.0,True,5.0,-0.7058823529410695,-1.0588235294116577,-1.1176470588234226,0.3710925788635155,legacy_drawdown;legacy_rolling_pf,4.102054950199221,-4.343352300210501,789.5709634279544,785.2276111277439,False,S3_000089,0
SECONDARY_W0_2018_2020,S3,305288,305319,2018-11-12T03:13:00,2018-11-12T03:44:00,2018-11-12T03:13:00,2018-11-12T03:44:00,269,1209.51,1211.01,1.5,0.6,take_profit,False,1.5,21.0,True,5.0,1.851851851851852,1.5308641975308643,1.4691358024691359,0.3671157325741844,legacy_drawdown;legacy_rolling_pf,4.035771735752939,6.178218459671166,785.2276111277439,791.405829587415,True,S3_000090,0
SECONDARY_W0_2018_2020,S3,305351,305361,2018-11-12T04:16:00,2018-11-12T04:26:00,2018-11-12T04:16:00,2018-11-12T04:26:00,271,1210.79,1210.19,1.5,0.6,stop_loss,False,-0.599999999999909,22.0,True,5.0,-0.7317073170730599,-1.0609756097559868,-1.1219512195120844,0.37277261312583315,legacy_drawdown;legacy_rolling_pf,4.130201867936459,-4.3820434452492005,791.405829587415,787.0237861421658,False,S3_000091,0
SECONDARY_W0_2018_2020,S3,305362,305452,2018-11-12T04:27:00,2018-11-12T05:57:00,2018-11-12T04:27:00,2018-11-12T05:57:00,272,1210.4,1210.13,1.5,0.6,timeout,False,-0.2699999999999818,24.0,True,5.0,-0.3214285714285498,-0.6666666666666451,-0.7261904761904546,0.3687603405744948,legacy_drawdown;legacy_rolling_pf,4.063124231852188,-2.7087494879013714,787.0237861421658,784.3150366542644,False,S3_000092,0
SECONDARY_W0_2018_2020,S3,306732,306822,2018-11-13T04:26:00,2018-11-13T05:56:00,2018-11-13T04:26:00,2018-11-13T05:56:00,278,1203.81,1204.9,1.5,0.6,timeout,False,1.0900000000001455,22.0,True,5.0,1.3292682926831043,1.0000000000001774,0.9390243902440799,0.366280164064483,legacy_drawdown;legacy_rolling_pf,4.021906564255509,4.021906564256223,784.3150366542644,788.3369432185207,True,S3_000093,0
SECONDARY_W0_2018_2020,S3,308101,308191,2018-11-14T04:28:00,2018-11-14T05:58:00,2018-11-14T04:28:00,2018-11-14T05:58:00,280,1203.18,1203.73,1.5,0.6,timeout,False,0.5499999999999545,21.0,True,5.0,0.6790123456789563,0.35802469135796855,0.29629629629624016,0.3699626892410208,legacy_drawdown;legacy_rolling_pf,4.083173577576378,1.461876959872795,788.3369432185207,789.7988201783935,True,S3_000094,0
SECONDARY_W0_2018_2020,S3,321288,321378,2018-11-28T03:18:00,2018-11-28T04:50:00,2018-11-28T03:18:00,2018-11-28T04:50:00,283,1214.34,1215.02,1.5,0.6,timeout,False,0.6800000000000637,24.0,True,5.0,0.8095238095238854,0.46428571428579013,0.40476190476198054,0.37130120832984703,legacy_drawdown;legacy_rolling_pf,4.105545587776151,1.9061461657535241,789.7988201783935,791.704966344147,True,S3_000095,0
SECONDARY_W0_2018_2020,S3,321383,321438,2018-11-28T04:55:00,2018-11-28T05:51:00,2018-11-28T04:55:00,2018-11-28T05:51:00,289,1214.92,1214.3200000000002,1.5,0.6,stop_loss,False,-0.599999999999909,20.0,True,5.0,-0.7499999999998863,-1.0624999999998863,-1.1249999999998863,0.3730465077626911,legacy_drawdown;legacy_rolling_pf,4.134798820222881,-4.393223746486341,791.704966344147,787.3117425976607,False,S3_000096,0
SECONDARY_W0_2018_2020,S3,337887,337977,2018-12-14T04:54:00,2018-12-14T06:24:00,2018-12-14T04:54:00,2018-12-14T06:24:00,292,1241.97,1241.63,1.5,0.6,timeout,False,-0.33999999999991815,26.0,True,5.0,-0.39534883720920716,-0.755813953488277,-0.8139534883719979,0.36902399833982696,legacy_drawdown;legacy_rolling_pf,4.067516980705996,-3.074286090068098,787.3117425976607,784.2374565075926,False,S3_000097,0
SECONDARY_W0_2018_2020,S3,368163,368189,2019-01-18T08:51:00,2019-01-18T09:17:00,2019-01-18T08:51:00,2019-01-18T09:17:00,312,1291.69,1291.0900000000001,1.5,0.6,stop_loss,False,-0.599999999999909,22.0,True,5.0,-0.7317073170730599,-1.0609756097559868,-1.1219512195120844,0.3662091303796487,legacy_drawdown;legacy_rolling_pf,4.0207288374231025,-4.265895229948456,784.2374565075926,779.9715612776441,False,S3_000098,0
SECONDARY_W0_2018_2020,S3,370357,370385,2019-01-22T03:32:00,2019-01-22T04:00:00,2019-01-22T03:32:00,2019-01-22T04:00:00,313,1279.24,1278.64,1.5,0.6,stop_loss,False,-0.599999999999909,21.0,True,5.0,-0.7407407407406285,-1.061728395061616,-1.1234567901233448,0.1992667627963787,legacy_drawdown;legacy_loss_streak;legacy_rolling_pf,2.1759137132464685,-2.3102293745577347,779.9715612776441,777.6613319030864,False,S3_000099,0
SECONDARY_W0_2018_2020,S3,388327,388339,2019-02-08T04:51:00,2019-02-08T05:03:00,2019-02-08T04:51:00,2019-02-08T05:03:00,315,1309.97,1309.3700000000001,1.5,0.6,stop_loss,False,-0.599999999999909,26.0,True,5.0,-0.6976744186045454,-1.0581395348836153,-1.1162790697673362,0.19810335615460167,legacy_drawdown;legacy_loss_streak;legacy_rolling_pf,2.156802477223226,-2.282197970084814,777.6613319030864,775.3791339330016,False,S3_000100,0
SECONDARY_W0_2018_2020,S3,392425,392515,2019-02-13T04:26:00,2019-02-13T05:56:00,2019-02-13T04:26:00,2019-02-13T05:56:00,317,1312.19,1312.85,1.5,0.6,timeout,False,0.6599999999998545,27.0,True,5.0,0.7586206896550052,0.39080459770098214,0.33333333333316606,0.19695406582633934,legacy_drawdown;legacy_loss_streak;legacy_rolling_pf,2.1379970217901456,0.8355390659865958,775.3791339330016,776.2146729989882,True,S3_000101,0
SECONDARY_W0_2018_2020,S3,392646,392712,2019-02-13T08:07:00,2019-02-13T09:13:00,2019-02-13T08:07:00,2019-02-13T09:13:00,318,1313.39,1312.7900000000002,1.5,0.6,stop_loss,False,-0.599999999999909,25.0,True,5.0,-0.7058823529410695,-1.0588235294116577,-1.1176470588234226,0.3588633350996405,legacy_drawdown;legacy_rolling_pf,3.8997698082797134,-4.12916803229575,776.2146729989882,772.0855049666925,False,S3_000102,0
SECONDARY_W0_2018_2020,S3,397668,397758,2019-02-19T04:18:00,2019-02-19T05:48:00,2019-02-19T04:18:00,2019-02-19T05:48:00,332,1324.99,1324.97,1.5,0.6,timeout,False,-0.01999999999998181,24.0,True,5.0,-0.023809523809502155,-0.36904761904759736,-0.42857142857140695,0.3550825995220859,legacy_drawdown;legacy_rolling_pf,3.8381577941965372,-1.4164629954772103,772.0855049666925,770.6690419712153,False,S3_000103,0
SECONDARY_W0_2018_2020,S3,416966,417056,2019-03-11T04:02:00,2019-03-11T05:32:00,2019-03-11T04:02:00,2019-03-11T05:32:00,333,1296.13,1296.89,1.5,0.6,timeout,False,0.7599999999999909,23.0,True,5.0,0.9156626506023987,0.5783132530120372,0.5180722891566155,0.35378566222154373,legacy_drawdown;legacy_rolling_pf,3.817123203144007,2.207492936757938,770.6690419712153,772.8765349079732,True,S3_000104,0
SECONDARY_W0_2018_2020,S3,417226,417245,2019-03-11T08:23:00,2019-03-11T08:42:00,2019-03-11T08:23:00,2019-03-11T08:42:00,336,1298.74,1298.14,1.5,0.6,stop_loss,False,-0.599999999999909,22.0,True,5.0,-0.7317073170730599,-1.0609756097559868,-1.1219512195120844,0.3558068798174189,legacy_drawdown;legacy_rolling_pf,3.8499270371758616,-4.08467868578372,772.8765349079732,768.7918562221895,False,S3_000105,0
SECONDARY_W0_2018_2020,S3,418338,418406,2019-03-12T04:01:00,2019-03-12T05:09:00,2019-03-12T04:01:00,2019-03-12T05:09:00,338,1294.7,1296.2,1.5,0.6,take_profit,False,1.5,23.0,True,5.0,1.8072289156626506,1.4698795180722892,1.4096385542168675,0.35206687943249015,legacy_drawdown;legacy_rolling_pf,3.7893260965456106,5.569852816609211,768.7918562221895,774.3617090387987,True,S3_000106,0
SECONDARY_W0_2018_2020,S3,419713,419746,2019-03-13T04:07:00,2019-03-13T04:40:00,2019-03-13T04:07:00,2019-03-13T04:40:00,342,1304.19,1305.69,1.5,0.6,take_profit,False,1.5,21.0,True,5.0,1.851851851851852,1.5308641975308643,1.4691358024691359,0.35716673018712014,legacy_drawdown;legacy_rolling_pf,3.87206735439297,5.927609283268251,774.3617090387987,780.289318322067,True,S3_000107,0
SECONDARY_W0_2018_2020,S3,419762,419809,2019-03-13T04:56:00,2019-03-13T05:43:00,2019-03-13T04:56:00,2019-03-13T05:43:00,346,1305.21,1304.6100000000001,1.5,0.6,stop_loss,False,-0.599999999999909,26.0,True,5.0,-0.6976744186045454,-1.0581395348836153,-1.1162790697673362,0.36259414876922014,legacy_drawdown;legacy_rolling_pf,3.9609967763898686,-4.191287286644675,780.289318322067,776.0980310354223,False,S3_000108,0
SECONDARY_W0_2018_2020,S3,423851,423941,2019-03-18T04:21:00,2019-03-18T05:51:00,2019-03-18T04:21:00,2019-03-18T05:51:00,349,1298.93,1299.45,1.5,0.6,timeout,False,0.5199999999999818,25.0,True,5.0,0.6117647058823316,0.2588235294117433,0.19999999999997856,0.3587565357594247,legacy_drawdown;legacy_rolling_pf,3.8980233743357,1.0089001674750389,776.0980310354223,777.1069312028974,True,S3_000109,0
SECONDARY_W0_2018_2020,S3,425210,425238,2019-03-19T04:01:00,2019-03-19T04:29:00,2019-03-19T04:01:00,2019-03-19T04:29:00,350,1305.84,1307.34,1.5,0.6,take_profit,False,1.5,25.0,True,5.0,1.7647058823529411,1.411764705882353,1.352941176470588,0.3596803016918207,legacy_drawdown;legacy_rolling_pf,3.913140776466083,5.524434037363882,777.1069312028974,782.6313652402613,True,S3_000110,0
SECONDARY_W0_2018_2020,S3,425250,425340,2019-03-19T04:41:00,2019-03-19T06:11:00,2019-03-19T04:41:00,2019-03-19T06:11:00,351,1307.31,1307.35,1.5,0.6,timeout,False,0.03999999999996362,22.0,True,5.0,0.04878048780483368,-0.28048780487809316,-0.3414634146341907,0.36473856624960943,legacy_drawdown;legacy_rolling_pf,3.996381788835903,-1.1209363554053695,782.6313652402613,781.510428884856,False,S3_000111,0
SECONDARY_W0_2018_2020,S3,426588,426603,2019-03-20T04:09:00,2019-03-20T04:24:00,2019-03-20T04:09:00,2019-03-20T04:24:00,366,1304.91,1304.3100000000002,1.5,0.6,stop_loss,False,-0.599999999999909,26.0,True,5.0,-0.6976744186045454,-1.0581395348836153,-1.1162790697673362,0.3637122181024987,legacy_drawdown;legacy_rolling_pf,3.9794284818392445,-4.210790602875989,781.510428884856,777.2996382819799,False,S3_000112,0
SECONDARY_W0_2018_2020,S3,426604,426694,2019-03-20T04:25:00,2019-03-20T05:55:00,2019-03-20T04:25:00,2019-03-20T05:55:00,369,1304.4,1304.7,1.5,0.6,timeout,False,0.2999999999999545,23.0,True,5.0,0.36144578313247533,0.024096385542113855,-0.03614457831330782,0.3598567475289084,legacy_drawdown;legacy_rolling_pf,3.916031275625704,0.09436219941245289,777.2996382819799,777.3940004813924,True,S3_000113,0
SECONDARY_W0_2018_2020,S3,426840,426866,2019-03-20T08:26:00,2019-03-20T08:52:00,2019-03-20T08:26:00,2019-03-20T08:52:00,372,1305.9,1305.3000000000002,1.5,0.6,stop_loss,False,-0.599999999999909,25.0,True,5.0,-0.7058823529410695,-1.0588235294116577,-1.1176470588234226,0.35994314714299636,legacy_drawdown;legacy_rolling_pf,3.9174470034469895,-4.147885062472864,777.3940004813924,773.2461154189195,False,S3_000114,0
SECONDARY_W0_2018_2020,S3,440241,440247,2019-04-03T03:36:00,2019-04-03T03:42:00,2019-04-03T03:36:00,2019-04-03T03:42:00,375,1291.9,1291.3000000000002,1.5,0.6,stop_loss,False,-0.599999999999909,28.0,True,5.0,-0.6818181818180785,-1.0568181818180786,-1.1136363636362603,0.3561452739383597,legacy_drawdown;legacy_rolling_pf,3.8554312943670106,-4.074489890637466,773.2461154189195,769.1716255282821,False,S3_000115,0
SECONDARY_W0_2018_2020,S3,441583,441644,2019-04-04T03:02:00,2019-04-04T04:03:00,2019-04-04T03:02:00,2019-04-04T04:03:00,376,1292.05,1291.45,1.5,0.6,stop_loss,False,-0.599999999999909,22.0,True,5.0,-0.7317073170730599,-1.0609756097559868,-1.1219512195120844,0.35241460258533297,legacy_drawdown;legacy_rolling_pf,3.7949423782264975,-4.026341303727693,769.1716255282821,765.1452842245544,False,S3_000116,0
SECONDARY_W0_2018_2020,S3,443020,443033,2019-04-05T04:04:00,2019-04-05T04:17:00,2019-04-05T04:04:00,2019-04-05T04:17:00,378,1291.72,1291.1200000000001,1.5,0.6,stop_loss,False,-0.599999999999909,25.0,True,5.0,-0.7058823529410695,-1.0588235294116577,-1.1176470588234226,0.19180040928778264,legacy_drawdown;legacy_loss_streak;legacy_rolling_pf,2.0545725015044085,-2.175429707475036,765.1452842245544,762.9698545170794,False,S3_000117,0
SECONDARY_W0_2018_2020,S3,444329,444382,2019-04-08T03:01:00,2019-04-08T03:54:00,2019-04-08T03:01:00,2019-04-08T03:54:00,380,1291.79,1293.29,1.5,0.6,take_profit,False,1.5,23.0,True,5.0,1.8072289156626506,1.4698795180722892,1.4096385542168675,0.19070488630713495,legacy_drawdown;legacy_loss_streak;legacy_rolling_pf,2.037029111060313,2.9941873680645563,762.9698545170794,765.964041885144,True,S3_000118,0
SECONDARY_W0_2018_2020,S3,444412,444421,2019-04-08T04:24:00,2019-04-08T04:33:00,2019-04-08T04:24:00,2019-04-08T04:33:00,386,1293.62,1295.12,1.5,0.6,take_profit,False,1.5,22.0,True,5.0,1.829268292682927,1.5,1.4390243902439024,0.34947768514754773,legacy_drawdown;legacy_rolling_pf,3.7476227636999115,5.621434145549867,765.964041885144,771.5854760306938,True,S3_000119,0
SECONDARY_W0_2018_2020,S3,445709,445715,2019-04-09T03:02:00,2019-04-09T03:08:00,2019-04-09T03:02:00,2019-04-09T03:08:00,387,1298.34,1297.74,1.5,0.6,stop_loss,False,-0.599999999999909,24.0,True,5.0,-0.714285714285606,-1.0595238095237014,-1.119047619047511,0.354624764632987,legacy_drawdown;legacy_rolling_pf,3.8307264496426243,-4.058745881168557,771.5854760306938,767.5267301495253,False,S3_000120,0
SECONDARY_W0_2018_2020,S3,445718,445727,2019-04-09T03:11:00,2019-04-09T03:20:00,2019-04-09T03:11:00,2019-04-09T03:20:00,387,1297.85,1297.25,1.5,0.6,stop_loss,False,-0.599999999999909,26.0,True,5.0,-0.6976744186045454,-1.0581395348836153,-1.1162790697673362,0.35090850875936586,legacy_drawdown;legacy_rolling_pf,3.7706432443361098,-3.9898666887738576,767.5267301495253,763.5368634607514,False,S3_000121,1
SECONDARY_W0_2018_2020,S3,445732,445754,2019-04-09T03:25:00,2019-04-09T03:47:00,2019-04-09T03:25:00,2019-04-09T03:47:00,388,1296.86,1298.36,1.5,0.6,take_profit,False,1.5,23.0,True,5.0,1.8072289156626506,1.4698795180722892,1.4096385542168675,0.34725531983075736,legacy_drawdown;legacy_rolling_pf,3.711991328130912,5.456180024481582,763.5368634607514,768.993043485233,True,S3_000122,0
SECONDARY_W0_2018_2020,S3,452659,452674,2019-04-16T04:01:00,2019-04-16T04:16:00,2019-04-16T04:01:00,2019-04-16T04:16:00,389,1286.83,1286.23,1.5,0.6,stop_loss,False,-0.599999999999909,25.0,True,5.0,-0.7058823529410695,-1.0588235294116577,-1.1176470588234226,0.3522510898683916,legacy_drawdown;legacy_rolling_pf,3.7923009273643866,-4.0153774525030625,768.993043485233,764.9776660327299,False,S3_000123,0
SECONDARY_W0_2018_2020,S3,456810,456846,2019-04-22T04:19:00,2019-04-22T04:55:00,2019-04-22T04:19:00,2019-04-22T04:55:00,390,1276.23,1277.73,1.5,0.6,take_profit,False,1.5,25.0,True,5.0,1.7647058823529411,1.411764705882353,1.352941176470588,0.34857454285619627,legacy_drawdown;legacy_rolling_pf,3.7331243632558233,5.270293218714104,764.9776660327299,770.247959251444,True,S3_000124,0
SECONDARY_W0_2018_2020,S3,458108,458122,2019-04-23T03:01:00,2019-04-23T03:15:00,2019-04-23T03:01:00,2019-04-23T03:15:00,399,1274.37,1273.77,1.5,0.6,stop_loss,False,-0.599999999999909,22.0,True,5.0,-0.7317073170730599,-1.0609756097559868,-1.1219512195120844,0.35340011181350006,legacy_drawdown;legacy_rolling_pf,3.8108800089301273,-4.043250741181542,770.247959251444,766.2047085102624,False,S3_000125,0
SECONDARY_W0_2018_2020,S3,458123,458164,2019-04-23T03:16:00,2019-04-23T03:57:00,2019-04-23T03:16:00,2019-04-23T03:57:00,399,1273.62,1275.12,1.5,0.6,take_profit,False,1.5,23.0,True,5.0,1.8072289156626506,1.4698795180722892,1.4096385542168675,0.3496980435502087,legacy_drawdown;legacy_rolling_pf,3.7511640253499547,5.5137591697915,766.2047085102624,771.7184676800539,True,S3_000126,1
SECONDARY_W0_2018_2020,S3,458166,458175,2019-04-23T03:59:00,2019-04-23T04:08:00,2019-04-23T03:59:00,2019-04-23T04:08:00,400,1275.68,1275.0800000000002,1.5,0.6,stop_loss,False,-0.599999999999909,21.0,True,5.0,-0.7407407407406285,-1.061728395061616,-1.1234567901233448,0.354746534020021,legacy_drawdown;legacy_rolling_pf,3.83270232308237,-4.069288886235173,771.7184676800539,767.6491787938187,False,S3_000127,0
SECONDARY_W0_2018_2020,S3,458178,458257,2019-04-23T04:11:00,2019-04-23T05:30:00,2019-04-23T04:11:00,2019-04-23T05:30:00,403,1275.47,1274.8700000000001,1.5,0.6,stop_loss,False,-0.599999999999909,19.0,True,5.0,-0.7594936708859608,-1.0632911392403912,-1.1265822784808974,0.3510206247939479,legacy_drawdown;legacy_rolling_pf,3.7724497210787415,-4.011212361652911,767.6491787938187,763.6379664321657,False,S3_000128,0
SECONDARY_W0_2018_2020,S3,459486,459523,2019-04-24T03:01:00,2019-04-24T03:38:00,2019-04-24T03:01:00,2019-04-24T03:38:00,408,1271.59,1270.99,1.5,0.6,stop_loss,False,-0.599999999999909,24.0,True,5.0,-0.714285714285606,-1.0595238095237014,-1.119047619047511,0.34734789140886524,legacy_drawdown;legacy_rolling_pf,3.7134725241595326,-3.9345125553591034,763.6379664321657,759.7034538768066,False,S3_000129,0
SECONDARY_W0_2018_2020,S3,460745,460756,2019-04-25T01:01:00,2019-04-25T01:12:00,2019-04-25T01:01:00,2019-04-25T01:12:00,413,1275.57,1274.97,1.5,0.6,stop_loss,False,-0.599999999999909,28.0,True,5.0,-0.6818181818180785,-1.0568181818180786,-1.1136363636362603,0.18905996210980253,legacy_drawdown;legacy_loss_streak;legacy_rolling_pf,2.0108130868648924,-2.1250638304365537,759.7034538768066,757.57839004637,False,S3_000130,0
SECONDARY_W0_2018_2020,S3,460881,460927,2019-04-25T03:17:00,2019-04-25T04:03:00,2019-04-25T03:17:00,2019-04-25T04:03:00,420,1273.64,1275.14,1.5,0.6,take_profit,False,1.5,22.0,True,5.0,1.829268292682927,1.5,1.4390243902439024,0.18798980284260713,legacy_drawdown;legacy_loss_streak;legacy_rolling_pf,1.9938381705569157,2.9907572558353737,757.57839004637,760.5691473022054,True,S3_000131,0
SECONDARY_W0_2018_2020,S3,460928,460937,2019-04-25T04:04:00,2019-04-25T04:13:00,2019-04-25T04:04:00,2019-04-25T04:13:00,424,1274.67,1274.0700000000002,1.5,0.6,stop_loss,False,-0.599999999999909,23.0,True,5.0,-0.7228915662649507,-1.0602409638553123,-1.1204819277107338,0.34453802908914977,legacy_drawdown;legacy_rolling_pf,3.668629929965239,-3.889631732974792,760.5691473022054,756.6795155692306,False,S3_000132,0
SECONDARY_W0_2018_2020,S3,460939,460997,2019-04-25T04:15:00,2019-04-25T05:13:00,2019-04-25T04:15:00,2019-04-25T05:13:00,427,1273.94,1275.44,1.5,0.6,take_profit,False,1.5,21.0,True,5.0,1.851851851851852,1.5308641975308643,1.4691358024691359,0.3409766169689783,legacy_drawdown;legacy_rolling_pf,3.6121402988793023,5.529696260012759,756.6795155692306,762.2092118292434,True,S3_000133,0
SECONDARY_W0_2018_2020,S3,462241,462262,2019-04-26T02:58:00,2019-04-26T03:19:00,2019-04-26T02:58:00,2019-04-26T03:19:00,433,1278.59,1277.99,1.5,0.6,stop_loss,False,-0.599999999999909,26.0,True,5.0,-0.6976744186045454,-1.0581395348836153,-1.1162790697673362,0.34603969970617493,legacy_drawdown;legacy_rolling_pf,3.6925650548454034,-3.907249069661607,762.2092118292434,758.3019627595818,False,S3_000134,0
SECONDARY_W0_2018_2020,S3,462355,462399,2019-04-26T04:52:00,2019-04-26T05:36:00,2019-04-26T04:52:00,2019-04-26T05:36:00,438,1279.27,1280.77,1.5,0.6,take_profit,False,1.5,19.0,True,5.0,1.8987341772151898,1.5949367088607593,1.5316455696202531,0.3424621568567444,legacy_drawdown;legacy_rolling_pf,3.635656160014887,5.79864147040349,758.3019627595818,764.1006042299853,True,S3_000135,0
SECONDARY_W0_2018_2020,S3,462551,462635,2019-04-26T08:08:00,2019-04-26T09:32:00,2019-04-26T08:08:00,2019-04-26T09:32:00,448,1280.03,1281.53,1.5,0.6,take_profit,False,1.5,24.0,True,5.0,1.7857142857142858,1.4404761904761905,1.380952380952381,0.34777149034406424,legacy_drawdown;legacy_rolling_pf,3.720253682682068,5.3589368524348835,764.1006042299853,769.4595410824202,True,S3_000136,0
SECONDARY_W0_2018_2020,S3,462658,462663,2019-04-26T09:55:00,2019-04-26T10:00:00,2019-04-26T09:55:00,2019-04-26T10:00:00,454,1281.92,1281.3200000000002,1.5,0.6,stop_loss,False,-0.599999999999909,20.0,True,5.0,-0.7499999999998863,-1.0624999999998863,-1.1249999999998863,0.35267822290069617,legacy_drawdown;legacy_rolling_pf,3.7992027296010646,-4.036652900200699,769.4595410824202,765.4228881822195,False,S3_000137,0
SECONDARY_W0_2018_2020,S3,463598,463648,2019-04-29T02:37:00,2019-04-29T03:27:00,2019-04-29T02:37:00,2019-04-29T03:27:00,459,1285.9,1285.3000000000002,1.5,0.6,stop_loss,False,-0.599999999999909,19.0,True,5.0,-0.7594936708859608,-1.0632911392403912,-1.1265822784808974,0.34898219573138206,legacy_drawdown;legacy_rolling_pf,3.739665442532419,-3.976353128768218,765.4228881822195,761.4465350534513,False,S3_000138,0
SECONDARY_W0_2018_2020,S3,463649,463739,2019-04-29T03:28:00,2019-04-29T04:58:00,2019-04-29T03:28:00,2019-04-29T04:58:00,460,1285.33,1285.51,1.5,0.6,timeout,False,0.18000000000006366,26.0,True,5.0,0.20930232558146938,-0.15116279069760039,-0.2093023255813213,0.3453413800452023,legacy_drawdown;legacy_rolling_pf,3.6814259614439493,-0.556494622078464,761.4465350534513,760.8900404313728,False,S3_000139,0
SECONDARY_W0_2018_2020,S3,465001,465071,2019-04-30T03:01:00,2019-04-30T04:11:00,2019-04-30T03:01:00,2019-04-30T04:11:00,468,1280.64,1282.14,1.5,0.6,take_profit,False,1.5,23.0,True,5.0,1.8072289156626506,1.4698795180722892,1.4096385542168675,0.18965751432424008,legacy_drawdown;legacy_loss_streak;legacy_rolling_pf,2.0203191923919857,2.9696258008653285,760.8900404313728,763.859666232238,True,S3_000140,0
SECONDARY_W0_2018_2020,S3,465073,465163,2019-04-30T04:13:00,2019-04-30T05:43:00,2019-04-30T04:13:00,2019-04-30T05:43:00,470,1281.96,1281.98,1.5,0.6457142857143221,timeout,False,0.01999999999998181,26.0,True,5.0,0.022082018927423824,-0.32018927444795675,-0.3753943217665665,0.3475508834680681,legacy_drawdown;legacy_rolling_pf,3.716721425824932,-1.1900543366600602,763.859666232238,762.669611895578,False,S3_000141,0
SECONDARY_W0_2018_2020,S3,466259,466302,2019-05-01T01:01:00,2019-05-01T01:45:00,2019-05-01T01:01:00,2019-05-01T01:45:00,476,1283.34,1282.74,1.5,0.6,stop_loss,False,-0.599999999999909,26.0,True,5.0,-0.6976744186045454,-1.0581395348836153,-1.1162790697673362,0.34646124973685566,legacy_drawdown;legacy_rolling_pf,3.6992965362313046,-3.9143719162443618,762.669611895578,758.7552399793336,False,S3_000142,0
SECONDARY_W0_2018_2020,S3,466303,466393,2019-05-01T01:46:00,2019-05-01T03:16:00,2019-05-01T01:46:00,2019-05-01T03:16:00,479,1282.69,1283.21,1.5,0.6,timeout,False,0.5199999999999818,23.0,True,5.0,0.6265060240963637,0.28915662650600216,0.2289156626505805,0.342877185089504,legacy_drawdown;legacy_rolling_pf,3.64223805198435,1.0531772680435876,758.7552399793336,759.8084172473772,True,S3_000143,0
SECONDARY_W0_2018_2020,S3,466399,466408,2019-05-01T03:22:00,2019-05-01T03:31:00,2019-05-01T03:22:00,2019-05-01T03:31:00,484,1283.16,1282.5600000000002,1.5,0.6,stop_loss,False,-0.599999999999909,23.0,True,5.0,-0.7228915662649507,-1.0602409638553123,-1.1204819277107338,0.3438414918785765,legacy_drawdown;legacy_rolling_pf,3.6575512361953333,-3.877885648013929,759.8084172473772,755.9305315993632,False,S3_000144,0
SECONDARY_W0_2018_2020,S3,466409,466457,2019-05-01T03:32:00,2019-05-01T04:20:00,2019-05-01T03:32:00,2019-05-01T04:20:00,484,1282.47,1281.8700000000001,1.5,0.6,stop_loss,False,-0.599999999999909,23.0,True,5.0,-0.7228915662649507,-1.0602409638553123,-1.1204819277107338,0.3402908346710074,legacy_drawdown;legacy_rolling_pf,3.601307241717439,-3.8182534610976138,755.9305315993632,752.1122781382657,False,S3_000145,1
SECONDARY_W0_2018_2020,S3,466463,466513,2019-05-01T04:26:00,2019-05-01T05:16:00,2019-05-01T04:26:00,2019-05-01T05:16:00,485,1281.79,1281.19,1.5,0.6,stop_loss,False,-0.599999999999909,25.0,True,5.0,-0.7058823529410695,-1.0588235294116577,-1.1176470588234226,0.336794777694981,legacy_drawdown;legacy_rolling_pf,3.5463048252414007,-3.7549109914316916,752.1122781382657,748.357367146834,False,S3_000146,0
SECONDARY_W0_2018_2020,S3,469196,469214,2019-05-03T04:02:00,2019-05-03T04:20:00,2019-05-03T04:02:00,2019-05-03T04:20:00,494,1271.66,1271.0600000000002,1.5,0.6,stop_loss,False,-0.599999999999909,27.0,True,5.0,-0.6896551724136886,-1.0574712643677115,-1.1149425287355277,0.18334619498122243,legacy_drawdown;legacy_loss_streak;legacy_rolling_pf,1.9209186605355277,-2.0313162847040354,748.357367146834,746.3260508621299,False,S3_000147,0
SECONDARY_W0_2018_2020,S3,471892,471925,2019-05-07T03:01:00,2019-05-07T03:34:00,2019-05-07T03:01:00,2019-05-07T03:34:00,495,1283.16,1282.5600000000002,1.5,0.6,stop_loss,False,-0.599999999999909,19.0,True,5.0,-0.7594936708859608,-1.0632911392403912,-1.1265822784808974,0.1823232459687994,legacy_drawdown;legacy_loss_streak;legacy_rolling_pf,1.9050162340196233,-2.0255868817421647,746.3260508621299,744.3004639803878,False,S3_000148,0
SECONDARY_W0_2018_2020,S3,473271,473290,2019-05-08T03:01:00,2019-05-08T03:20:00,2019-05-08T03:01:00,2019-05-08T03:20:00,508,1285.19,1284.5900000000001,1.5,0.6,stop_loss,False,-0.599999999999909,18.0,True,5.0,-0.7692307692306526,-1.0641025641024475,-1.1282051282050116,0.1813031822220269,legacy_drawdown;legacy_loss_streak;legacy_rolling_pf,1.8892165970856558,-2.010320225103747,744.3004639803878,742.290143755284,False,S3_000149,0
SECONDARY_W0_2018_2020,S3,473574,473664,2019-05-08T08:05:00,2019-05-08T09:35:00,2019-05-08T08:05:00,2019-05-08T09:35:00,517,1286.89,1287.46,1.5,0.6,timeout,False,0.5699999999999363,25.0,True,5.0,0.6705882352940428,0.3176470588234545,0.2588235294116898,0.1802908065991812,legacy_drawdown;legacy_loss_streak;legacy_rolling_pf,1.8735932424756725,0.5951413829038968,742.290143755284,742.8852851381879,True,S3_000150,0
SECONDARY_W0_2018_2020,S3,474649,474679,2019-05-09T03:01:00,2019-05-09T03:31:00,2019-05-09T03:01:00,2019-05-09T03:31:00,525,1281.16,1282.66,1.5,0.6,take_profit,False,1.5,21.0,True,5.0,1.851851851851852,1.5308641975308643,1.4691358024691359,0.32834638798635346,legacy_drawdown;legacy_rolling_pf,3.4149318008867082,5.22779683098706,742.8852851381879,748.1130819691749,True,S3_000151,0
SECONDARY_W0_2018_2020,S3,477482,477510,2019-05-13T04:17:00,2019-05-13T04:45:00,2019-05-13T04:17:00,2019-05-13T04:45:00,528,1286.55,1285.95,1.5,0.6,stop_loss,False,-0.599999999999909,25.0,True,5.0,-0.7058823529410695,-1.0588235294116577,-1.1176470588234226,0.33313304653755577,legacy_drawdown;legacy_rolling_pf,3.48909666211388,-3.6943376422378527,748.1130819691749,744.418744326937,False,S3_000152,0
SECONDARY_W0_2018_2020,S3,480160,480250,2019-05-15T03:01:00,2019-05-15T04:31:00,2019-05-15T03:01:00,2019-05-15T04:31:00,533,1297.24,1297.32,1.5,0.6,timeout,False,0.07999999999992724,18.0,True,5.0,0.10256410256400927,-0.1923076923077856,-0.2564102564103497,0.32975044896577754,legacy_drawdown;legacy_rolling_pf,3.43661381224487,-0.6608872715858726,744.418744326937,743.7578570553511,False,S3_000153,0
SECONDARY_W0_2018_2020,S3,480251,480279,2019-05-15T04:32:00,2019-05-15T05:00:00,2019-05-15T04:32:00,2019-05-15T05:00:00,535,1297.23,1296.63,1.5,0.6,stop_loss,False,-0.599999999999909,24.0,True,5.0,-0.714285714285606,-1.0595238095237014,-1.119047619047511,0.32914532948386377,legacy_drawdown;legacy_rolling_pf,3.4272619488337437,-3.631265636263953,743.7578570553511,740.1265914190872,False,S3_000154,0
SECONDARY_W0_2018_2020,S3,481553,481643,2019-05-16T03:21:00,2019-05-16T04:51:00,2019-05-16T03:21:00,2019-05-16T04:51:00,540,1295.87,1295.92,1.5,0.6,timeout,False,0.0500000000001819,30.0,True,5.0,0.05555555555575767,-0.3333333333331313,-0.38888888888868683,0.17920126493484081,legacy_drawdown;legacy_loss_streak;legacy_rolling_pf,1.8568426995189755,-0.6189475665059501,740.1265914190872,739.5076438525812,False,S3_000155,0
SECONDARY_W0_2018_2020,S3,482988,483078,2019-05-17T04:17:00,2019-05-17T05:47:00,2019-05-17T04:17:00,2019-05-17T05:47:00,545,1285.43,1285.27,1.5,0.6,timeout,False,-0.16000000000008185,24.0,True,5.0,-0.19047619047628792,-0.5357142857143832,-0.5952380952381928,0.17888956960375596,legacy_drawdown;legacy_loss_streak;legacy_rolling_pf,1.8520628577846627,-0.9921765309562498,739.5076438525812,738.5154673216249,False,S3_000156,0
SECONDARY_W0_2018_2020,S3,484290,484294,2019-05-20T03:01:00,2019-05-20T03:05:00,2019-05-20T03:01:00,2019-05-20T03:05:00,546,1277.46,1276.8600000000001,1.5,0.6,stop_loss,False,-0.599999999999909,23.0,True,5.0,-0.7228915662649507,-1.0602409638553123,-1.1204819277107338,0.1783899201842472,legacy_drawdown;legacy_loss_streak;legacy_rolling_pf,1.8444120137847138,-1.9555211712414224,738.5154673216249,736.5599461503834,False,S3_000157,0
SECONDARY_W0_2018_2020,S3,485723,485725,2019-05-21T04:01:00,2019-05-21T04:03:00,2019-05-21T04:01:00,2019-05-21T04:03:00,553,1276.53,1275.93,1.5,0.6,stop_loss,False,-0.599999999999909,23.0,True,5.0,-0.7228915662649507,-1.0602409638553123,-1.1204819277107338,0.17740514077497607,legacy_drawdown;legacy_loss_streak;legacy_rolling_pf,1.829373293104246,-1.9395765035320125,736.5599461503834,734.6203696468514,False,S3_000158,0
SECONDARY_W0_2018_2020,S3,487043,487092,2019-05-22T03:05:00,2019-05-22T03:54:00,2019-05-22T03:05:00,2019-05-22T03:54:00,554,1274.93,1274.3300000000002,1.5,0.6,stop_loss,False,-0.599999999999909,25.0,True,5.0,-0.7058823529410695,-1.0588235294116577,-1.1176470588234226,0.1764283909287077,legacy_drawdown;legacy_loss_streak;legacy_rolling_pf,1.8145104566434505,-1.921246365857577,734.6203696468514,732.6991232809938,False,S3_000159,0
SECONDARY_W0_2018_2020,S3,489820,489841,2019-05-24T03:25:00,2019-05-24T03:46:00,2019-05-24T03:25:00,2019-05-24T03:46:00,556,1283.4,1282.8000000000002,1.5,0.6,stop_loss,False,-0.599999999999909,24.0,True,5.0,-0.714285714285606,-1.0595238095237014,-1.119047619047511,0.17546087194243534,legacy_drawdown;legacy_loss_streak;legacy_rolling_pf,1.7998403785927757,-1.9069737344611988,732.6991232809938,730.7921495465326,False,S3_000160,0
SECONDARY_W0_2018_2020,S3,490096,490157,2019-05-24T08:01:00,2019-05-24T09:02:00,2019-05-24T08:01:00,2019-05-24T09:02:00,572,1283.75,1283.15,1.5,0.6,stop_loss,False,-0.599999999999909,22.0,True,5.0,-0.7317073170730599,-1.0609756097559868,-1.1219512195120844,0.17450054049967934,legacy_drawdown;legacy_loss_streak;legacy_rolling_pf,1.785330751243094,-1.8941923824162556,730.7921495465326,728.8979571641164,False,S3_000161,0
SECONDARY_W0_2018_2020,S3,491110,491144,2019-05-27T01:57:00,2019-05-27T02:31:00,2019-05-27T01:57:00,2019-05-27T02:31:00,579,1284.77,1284.17,1.5,0.6,stop_loss,False,-0.599999999999909,27.0,True,5.0,-0.6896551724136886,-1.0574712643677115,-1.1149425287355277,0.17354664560821284,legacy_drawdown;legacy_loss_streak;legacy_rolling_pf,1.7709691363911568,-1.8727489718157508,728.8979571641164,727.0252081923006,False,S3_000162,0
SECONDARY_W0_2018_2020,S3,491268,491358,2019-05-27T04:35:00,2019-05-27T06:05:00,2019-05-27T04:35:00,2019-05-27T06:05:00,588,1286.63,1286.59,1.5,0.6,timeout,False,-0.040000000000190994,21.0,True,5.0,-0.04938271604961852,-0.3703703703706062,-0.4320987654323346,0.17260354938747124,legacy_drawdown;legacy_loss_streak;legacy_rolling_pf,1.7568198399941886,-0.6506740148130767,727.0252081923006,726.3745341774876,False,S3_000163,0
SECONDARY_W0_2018_2020,S3,491480,491528,2019-05-27T08:07:00,2019-05-27T08:55:00,2019-05-27T08:07:00,2019-05-27T08:55:00,595,1286.83,1286.23,1.5,0.6,stop_loss,False,-0.599999999999909,25.0,True,5.0,-0.7058823529410695,-1.0588235294116577,-1.1176470588234226,0.17227587695857655,legacy_drawdown;legacy_loss_streak;legacy_rolling_pf,1.751915338261259,-1.8549691816882043,726.3745341774876,724.5195649957994,False,S3_000164,0
SECONDARY_W0_2018_2020,S3,491684,491712,2019-05-27T11:31:00,2019-05-27T11:59:00,2019-05-27T11:31:00,2019-05-27T11:59:00,607,1286.63,1286.0300000000002,1.5,0.6,stop_loss,False,-0.599999999999909,26.0,True,5.0,-0.6976744186045454,-1.0581395348836153,-1.1162790697673362,0.17134173444873127,legacy_drawdown;legacy_loss_streak;legacy_rolling_pf,1.737966144717888,-1.8390106880152561,724.5195649957994,722.6805543077842,False,S3_000165,0
SECONDARY_W0_2018_2020,S3,492313,492342,2019-05-28T03:01:00,2019-05-28T03:30:00,2019-05-28T03:01:00,2019-05-28T03:30:00,610,1285.86,1285.26,1.5,0.6,stop_loss,False,-0.599999999999909,22.0,True,5.0,-0.7317073170730599,-1.0609756097559868,-1.1219512195120844,0.1704156284644952,legacy_drawdown;legacy_loss_streak;legacy_rolling_pf,1.7241848517800313,-1.8293180744493545,722.6805543077842,720.8512362333348,False,S3_000166,0
SECONDARY_W0_2018_2020,S3,492651,492667,2019-05-28T08:39:00,2019-05-28T08:55:00,2019-05-28T08:39:00,2019-05-28T08:55:00,614,1283.66,1283.0600000000002,1.5,0.6,stop_loss,False,-0.599999999999909,17.0,True,5.0,-0.7792207792206611,-1.0649350649349467,-1.1298701298700118,0.1694944035761031,legacy_drawdown;legacy_loss_streak;legacy_rolling_pf,1.7105235049345195,-1.8215964598001952,720.8512362333348,719.0296397735347,False,S3_000167,0
SECONDARY_W0_2018_2020,S3,493704,493751,2019-05-29T03:13:00,2019-05-29T04:00:00,2019-05-29T03:13:00,2019-05-29T04:00:00,615,1281.1,1280.5,1.5,0.6,stop_loss,False,-0.599999999999909,14.0,True,5.0,-0.810810810810688,-1.0675675675674445,-1.1351351351350123,0.16857706720971966,legacy_drawdown;legacy_loss_streak;legacy_rolling_pf,1.6969667107383712,-1.8116266236258902,719.0296397735347,717.2180131499088,False,S3_000168,0
SECONDARY_W0_2018_2020,S3,496510,496574,2019-05-31T04:01:00,2019-05-31T05:05:00,2019-05-31T04:01:00,2019-05-31T05:05:00,616,1291.85,1291.25,1.5,0.6,stop_loss,False,-0.599999999999909,17.0,True,5.0,-0.7792207792206611,-1.0649350649349467,-1.1298701298700118,0.1676647515455013,legacy_drawdown;legacy_loss_streak;legacy_rolling_pf,1.6835305197023256,-1.7928506833191606,717.2180131499088,715.4251624665895,False,S3_000169,0
SECONDARY_W0_2018_2020,S3,593892,593915,2019-09-09T04:10:00,2019-09-09T04:33:00,2019-09-09T04:10:00,2019-09-09T04:33:00,620,1510.5,1508.557142857143,1.5785714285714498,1.942857142857169,stop_loss,False,-1.942857142857065,22.0,True,5.0,-0.8982826948480377,-1.0231175693526597,-1.0462351387053674,0.16676189124268512,legacy_drawdown;legacy_loss_streak;legacy_rolling_pf,1.6702791438974722,-1.708891937844823,715.4251624665895,713.7162705287448,False,S3_000170,0
SECONDARY_W0_2018_2020,S3,603493,603568,2019-09-18T03:19:00,2019-09-18T04:34:00,2019-09-18T03:19:00,2019-09-18T04:34:00,621,1501.24,1500.64,1.5,0.6,stop_loss,False,-0.599999999999909,25.0,True,5.0,-0.7058823529410695,-1.0588235294116577,-1.1176470588234226,0.16590131166021466,legacy_drawdown;legacy_loss_streak;legacy_rolling_pf,1.657690516075375,-1.755201722903161,713.7162705287448,711.9610688058416,False,S3_000171,0
SECONDARY_W0_2018_2020,S3,641015,641026,2019-10-25T08:27:00,2019-10-25T08:38:00,2019-10-25T08:27:00,2019-10-25T08:38:00,625,1503.05,1504.55,1.5,0.6,take_profit,False,1.5,18.0,True,5.0,1.923076923076923,1.6282051282051282,1.564102564102564,0.16501741096854639,legacy_drawdown;legacy_loss_streak;legacy_rolling_pf,1.6448036119863474,2.6780776759264886,711.9610688058416,714.6391464817681,True,S3_000172,0
SECONDARY_W0_2018_2020,S3,657242,657332,2019-11-12T03:09:00,2019-11-12T04:39:00,2019-11-12T03:09:00,2019-11-12T04:39:00,626,1455.84,1455.37,1.5,0.6308571428570888,timeout,False,-0.4700000000000273,25.0,True,5.0,-0.5335711968862136,-0.8741485566007983,-0.9309114498865624,0.3024837491904473,legacy_drawdown;legacy_rolling_pf,3.0263341968449304,-2.645465669963632,714.6391464817681,711.9936808118044,False,S3_000173,0
SECONDARY_W0_2018_2020,S3,662789,662805,2019-11-18T03:41:00,2019-11-18T03:57:00,2019-11-18T03:41:00,2019-11-18T03:57:00,627,1466.21,1465.6100000000001,1.5,0.6,stop_loss,False,-0.599999999999909,19.0,True,5.0,-0.7594936708859608,-1.0632911392403912,-1.1265822784808974,0.3000615164066509,legacy_drawdown;legacy_rolling_pf,2.990986649508802,-3.180289602009015,711.9936808118044,708.8133912097954,False,S3_000174,0
SECONDARY_W0_2018_2020,S3,662806,662896,2019-11-18T03:58:00,2019-11-18T05:28:00,2019-11-18T03:58:00,2019-11-18T05:28:00,628,1465.37,1465.53,1.5,0.6,timeout,False,0.16000000000008185,20.0,True,5.0,0.20000000000010232,-0.11249999999989768,-0.17499999999989765,0.2971495898511803,legacy_drawdown;legacy_rolling_pf,2.948730518706209,-0.3317321833541468,708.8133912097954,708.4816590264413,False,S3_000175,0
SECONDARY_W0_2018_2020,S3,669644,669647,2019-11-25T03:02:00,2019-11-25T03:05:00,2019-11-25T03:02:00,2019-11-25T03:05:00,630,1460.55,1459.95,1.5,0.6,stop_loss,False,-0.599999999999909,16.0,True,5.0,-0.7894736842104066,-1.0657894736840907,-1.1315789473683013,0.1632652176619432,legacy_drawdown;legacy_loss_streak;legacy_rolling_pf,1.619385771786252,-1.7259243094035746,708.4816590264413,706.7557347170377,False,S3_000176,0
SECONDARY_W0_2018_2020,S3,671023,671027,2019-11-26T03:02:00,2019-11-26T03:06:00,2019-11-26T03:02:00,2019-11-26T03:06:00,634,1453.67,1453.0700000000002,1.5,0.6,stop_loss,False,-0.599999999999909,20.0,True,5.0,-0.7499999999998863,-1.0624999999998863,-1.1249999999998863,0.16239606076052127,legacy_drawdown;legacy_loss_streak;legacy_rolling_pf,1.606840861331369,-1.7072684151643969,706.7557347170377,705.0484663018733,False,S3_000177,0
SECONDARY_W0_2018_2020,S3,672500,672590,2019-11-27T04:40:00,2019-11-27T06:10:00,2019-11-27T04:40:00,2019-11-27T06:10:00,644,1459.54,1459.23,1.5,0.6,timeout,False,-0.30999999999994543,17.0,True,5.0,-0.40259740259733173,-0.6883116883116174,-0.7532467532466823,0.16153629876659428,legacy_drawdown;legacy_loss_streak;legacy_rolling_pf,1.594472875764559,-1.0974943170845834,705.0484663018733,703.9509719847887,False,S3_000178,0
SECONDARY_W0_2018_2020,S3,677538,677557,2019-12-03T04:04:00,2019-12-03T04:23:00,2019-12-03T04:04:00,2019-12-03T04:23:00,645,1462.9,1462.3000000000002,1.5,0.6,stop_loss,False,-0.599999999999909,21.0,True,5.0,-0.7407407407406285,-1.061728395061616,-1.1234567901233448,0.16098361244381165,legacy_drawdown;legacy_loss_streak;legacy_rolling_pf,1.5865439863482123,-1.6844788003201459,703.9509719847887,702.2664931844686,False,S3_000179,0
SECONDARY_W0_2018_2020,S3,684382,684472,2019-12-10T03:15:00,2019-12-10T04:45:00,2019-12-10T03:15:00,2019-12-10T04:45:00,646,1460.91,1461.03,1.5,0.6,timeout,False,0.11999999999989086,18.0,True,5.0,0.1538461538460139,-0.14102564102578097,-0.20512820512834506,0.16013532705457398,legacy_drawdown;legacy_loss_streak;legacy_rolling_pf,1.5744074439178908,-0.22203181901428184,702.2664931844686,702.0444613654543,False,S3_000180,0
SECONDARY_W0_2018_2020,S3,685630,685648,2019-12-11T01:04:00,2019-12-11T01:22:00,2019-12-11T01:04:00,2019-12-11T01:22:00,649,1464.07,1463.47,1.5,0.6,stop_loss,False,-0.599999999999909,44.0,True,5.0,-0.5769230769229895,-1.0480769230768356,-1.0961538461537588,0.16002351422084762,legacy_drawdown;legacy_loss_streak;legacy_rolling_pf,1.5728107058577492,-1.6484266051776957,702.0444613654543,700.3960347602765,False,S3_000181,0
SECONDARY_W0_2018_2020,S3,685768,685815,2019-12-11T03:22:00,2019-12-11T04:09:00,2019-12-11T03:22:00,2019-12-11T04:09:00,661,1464.01,1463.41,1.5,0.6,stop_loss,False,-0.599999999999909,20.0,True,5.0,-0.7499999999998863,-1.0624999999998863,-1.1249999999998863,0.15919338432895636,legacy_drawdown;legacy_loss_streak;legacy_rolling_pf,1.5609778120169768,-1.6585389252678604,700.3960347602765,698.7374958350086,False,S3_000182,0
SECONDARY_W0_2018_2020,S3,687185,687275,2019-12-12T04:00:00,2019-12-12T05:30:00,2019-12-12T04:00:00,2019-12-12T05:30:00,663,1474.42,1475.42,1.5,0.6,timeout,False,1.0,23.0,True,5.0,1.2048192771084338,0.8674698795180723,0.8072289156626505,0.1583581619815339,legacy_drawdown;legacy_loss_streak;legacy_rolling_pf,1.5491109976721633,1.3438071305107924,698.7374958350086,700.0813029655194,True,S3_000183,0
SECONDARY_W0_2018_2020,S3,689914,689971,2019-12-16T03:33:00,2019-12-16T04:30:00,2019-12-16T03:33:00,2019-12-16T04:30:00,674,1473.35,1474.85,1.5,0.6,take_profit,False,1.5,18.0,True,5.0,1.923076923076923,1.6282051282051282,1.564102564102564,0.28915434324623024,legacy_drawdown;legacy_rolling_pf,2.834041691291439,4.614401215307855,700.0813029655194,704.6957041808273,True,S3_000184,0
SECONDARY_W0_2018_2020,S3,689992,690032,2019-12-16T04:51:00,2019-12-16T05:31:00,2019-12-16T04:51:00,2019-12-16T05:31:00,680,1474.95,1474.3500000000001,1.5,0.6,stop_loss,False,-0.599999999999909,19.0,True,5.0,-0.7594936708859608,-1.0632911392403912,-1.1265822784808974,0.2933793664730342,legacy_drawdown;legacy_rolling_pf,2.894404509483758,-3.077594668311511,704.6957041808273,701.6181095125158,False,S3_000185,0
SECONDARY_W0_2018_2020,S3,691261,691291,2019-12-17T03:01:00,2019-12-17T03:31:00,2019-12-17T03:01:00,2019-12-17T03:31:00,689,1475.25,1474.65,1.5,0.6,stop_loss,False,-0.599999999999909,21.0,True,5.0,-0.7407407407406285,-1.061728395061616,-1.1234567901233448,0.29056146912306646,legacy_drawdown;legacy_rolling_pf,2.854084641286272,-3.030262705562882,701.6181095125158,698.5878468069529,False,S3_000186,0
SECONDARY_W0_2018_2020,S3,691292,691362,2019-12-17T03:32:00,2019-12-17T04:42:00,2019-12-17T03:32:00,2019-12-17T04:42:00,689,1474.47,1475.97,1.5,0.6,take_profit,False,1.5,20.0,True,5.0,1.875,1.5625,1.4999999999999998,0.2877869097128773,legacy_drawdown;legacy_rolling_pf,2.814622126337643,4.397847072402567,698.5878468069529,702.9856938793555,True,S3_000187,1
SECONDARY_W0_2018_2020,S3,691363,691453,2019-12-17T04:43:00,2019-12-17T06:13:00,2019-12-17T04:43:00,2019-12-17T06:13:00,690,1475.81,1476.65,1.5,0.6,timeout,False,0.8400000000001455,18.0,True,5.0,1.0769230769232634,0.7820512820514686,0.7179487179489045,0.2918136523305741,legacy_drawdown;legacy_rolling_pf,2.8719715201390867,2.2460290093400777,702.9856938793555,705.2317228886956,True,S3_000188,0
SECONDARY_W0_2018_2020,S3,692589,692679,2019-12-18T02:10:00,2019-12-18T03:40:00,2019-12-18T02:10:00,2019-12-18T03:40:00,709,1475.41,1475.61,1.5,0.6,timeout,False,0.1999999999998181,34.0,True,5.0,0.212765957446615,-0.2021276595746616,-0.25531914893636376,0.29387015420151175,legacy_drawdown;legacy_rolling_pf,2.901451772143383,-0.5864636560720963,705.2317228886956,704.6452592326235,False,S3_000189,0
SECONDARY_W0_2018_2020,S3,692681,692771,2019-12-18T03:42:00,2019-12-18T05:12:00,2019-12-18T03:42:00,2019-12-18T05:12:00,717,1475.51,1476.02,1.5,0.6,timeout,False,0.5099999999999909,35.0,True,5.0,0.5368421052631484,0.11578947368420094,0.06315789473683252,0.29333317823150706,legacy_drawdown;legacy_rolling_pf,2.893741667830575,0.3350648246961441,704.6452592326235,704.9803240573196,True,S3_000190,0
SECONDARY_W0_2018_2020,S3,692940,693030,2019-12-18T08:01:00,2019-12-18T09:31:00,2019-12-18T08:01:00,2019-12-18T09:31:00,725,1476.99,1477.19,1.5,0.6,timeout,False,0.20000000000004547,23.0,True,5.0,0.24096385542174154,-0.09638554216861994,-0.15662650602404163,0.29363996921061175,legacy_drawdown;legacy_rolling_pf,2.8981456091038984,-0.27933933581708453,704.9803240573196,704.7009847215026,False,S3_000191,0
SECONDARY_W0_2018_2020,S3,694083,694173,2019-12-19T04:05:00,2019-12-19T05:35:00,2019-12-19T04:05:00,2019-12-19T05:35:00,732,1477.49,1477.59,1.5,0.6,timeout,False,0.09999999999990905,22.0,True,5.0,0.12195121951208422,-0.20731707317084266,-0.2682926829269402,0.29338420142473476,legacy_drawdown;legacy_rolling_pf,2.8944738990403915,-0.6000738571184511,704.7009847215026,704.1009108643841,False,S3_000192,0
SECONDARY_W0_2018_2020,S3,695461,695551,2019-12-20T04:04:00,2019-12-20T05:34:00,2019-12-20T04:04:00,2019-12-20T05:34:00,739,1478.44,1477.97,1.5,0.6,timeout,False,-0.4700000000000273,23.0,True,5.0,-0.5662650602409968,-0.9036144578313583,-0.96385542168678,0.2928347637261418,legacy_drawdown;legacy_rolling_pf,2.886593134212664,-2.6083672899512975,704.1009108643841,701.4925435744328,False,S3_000193,0
SECONDARY_W0_2018_2020,S3,695697,695787,2019-12-20T08:00:00,2019-12-20T09:30:00,2019-12-20T08:00:00,2019-12-20T09:30:00,752,1479.14,1478.95,1.5,0.6,timeout,False,-0.19000000000005457,21.0,True,5.0,-0.23456790123463528,-0.555555555555623,-0.6172839506173514,0.15974557436307396,legacy_drawdown;legacy_loss_streak;legacy_rolling_pf,1.5688446099859605,-0.8715803388811949,701.4925435744328,700.6209632355516,False,S3_000194,0
SECONDARY_W0_2018_2020,S3,696800,696810,2019-12-23T03:25:00,2019-12-23T03:35:00,2019-12-23T03:25:00,2019-12-23T03:35:00,757,1479.54,1478.94,1.5,0.6,stop_loss,False,-0.599999999999909,23.0,True,5.0,-0.7228915662649507,-1.0602409638553123,-1.1204819277107338,0.15930665588759105,legacy_drawdown;legacy_loss_streak;legacy_rolling_pf,1.5625901577691803,-1.6567220949840202,700.6209632355516,698.9642411405675,False,S3_000195,0
SECONDARY_W0_2018_2020,S3,697084,697107,2019-12-23T08:09:00,2019-12-23T08:32:00,2019-12-23T08:09:00,2019-12-23T08:32:00,771,1481.22,1482.72,1.5,0.6,take_profit,False,1.5,20.0,True,5.0,1.875,1.5625,1.4999999999999998,0.15847234847634012,legacy_drawdown;legacy_loss_streak;legacy_rolling_pf,1.5507310671234011,2.4230172923803144,698.9642411405675,701.3872584329479,True,S3_000196,0
SECONDARY_W0_2018_2020,S3,698157,698197,2019-12-24T03:03:00,2019-12-24T03:43:00,2019-12-24T03:03:00,2019-12-24T03:43:00,772,1484.55,1486.05,1.5,0.6,take_profit,False,1.5,20.0,True,5.0,1.875,1.5625,1.4999999999999998,0.2903500979987109,legacy_drawdown;legacy_rolling_pf,2.85107002909475,4.454796920460547,701.3872584329479,705.8420553534085,True,S3_000197,0
SECONDARY_W0_2018_2020,S3,698232,698322,2019-12-24T04:18:00,2019-12-24T05:48:00,2019-12-24T04:18:00,2019-12-24T05:48:00,774,1488.42,1488.97,1.5,0.6,timeout,False,0.5499999999999545,20.0,True,5.0,0.6874999999999432,0.37499999999994316,0.31249999999994316,0.29442898485345625,legacy_drawdown;legacy_rolling_pf,2.909485037544136,1.0910568890788856,705.8420553534085,706.9331122424874,True,S3_000198,0
SECONDARY_W0_2018_2020,S3,982138,982146,2020-10-14T04:34:00,2020-10-14T04:42:00,2020-10-14T04:34:00,2020-10-14T04:42:00,785,1886.71,1888.632142857143,1.9221428571429249,2.365714285714369,take_profit,False,1.9221428571429442,23.0,True,5.0,0.7405063291139338,0.6326362135388134,0.613373692900399,0.2954279748595335,legacy_drawdown;legacy_rolling_pf,2.923869447953235,1.849745696434955,706.9331122424874,708.7828579389223,True,S3_000199,0
SECONDARY_W0_2018_2020,S4,69669,69705,2018-03-14T04:45:00,2018-03-14T05:21:00,2018-03-14T04:45:00,2018-03-14T05:21:00,0,1328.57,1327.97,1.5,0.6,stop_loss,False,-0.599999999999909,30.0,False,5.0,-0.6666666666665657,-1.0555555555554548,-1.1111111111110101,1.0,,14.0,-14.777777777776366,1000.0,985.2222222222236,False,S4_000000,0
SECONDARY_W0_2018_2020,S4,75195,75285,2018-03-20T04:57:00,2018-03-20T06:27:00,2018-03-20T04:57:00,2018-03-20T06:27:00,1,1316.49,1316.24,1.5,0.6,timeout,False,-0.25,30.0,False,5.0,-0.2777777777777778,-0.6666666666666669,-0.7222222222222223,1.0,,13.79311111111113,-9.195407407407423,985.2222222222236,976.0268148148162,False,S4_000001,0
SECONDARY_W0_2018_2020,S4,112315,112356,2018-04-27T04:16:00,2018-04-27T04:57:00,2018-04-27T04:16:00,2018-04-27T04:57:00,2,1315.84,1317.34,1.5,0.6,take_profit,False,1.5,30.0,False,5.0,1.6666666666666667,1.277777777777778,1.2222222222222225,1.0,,13.664375407407428,17.460035242798384,976.0268148148162,993.4868500576147,True,S4_000002,0
SECONDARY_W0_2018_2020,S4,120481,120490,2018-05-07T03:01:00,2018-05-07T03:10:00,2018-05-07T03:01:00,2018-05-07T03:10:00,4,1314.1,1315.6,1.5,0.6,take_profit,False,1.5,30.0,False,5.0,1.6666666666666667,1.277777777777778,1.2222222222222225,1.0,,13.908815900806605,17.772375873252887,993.4868500576147,1011.2592259308676,True,S4_000003,0
SECONDARY_W0_2018_2020,S4,120550,120602,2018-05-07T04:10:00,2018-05-07T05:02:00,2018-05-07T04:10:00,2018-05-07T05:02:00,5,1317.53,1316.93,1.5,0.6,stop_loss,False,-0.599999999999909,30.0,False,5.0,-0.6666666666665657,-1.0555555555554548,-1.1111111111110101,1.0,,14.157629163032146,-14.944164116532505,1011.2592259308676,996.3150618143351,False,S4_000004,0
SECONDARY_W0_2018_2020,S4,121917,121944,2018-05-08T04:03:00,2018-05-08T04:30:00,2018-05-08T04:03:00,2018-05-08T04:30:00,8,1315.3,1314.7,1.5,0.6,stop_loss,False,-0.599999999999909,30.0,False,5.0,-0.6666666666665657,-1.0555555555554548,-1.1111111111110101,1.0,,13.94841086540069,-14.723322580143767,996.3150618143351,981.5917392341913,False,S4_000005,0
SECONDARY_W0_2018_2020,S4,123257,123258,2018-05-09T03:24:00,2018-05-09T03:25:00,2018-05-09T03:24:00,2018-05-09T03:25:00,12,1315.77,1315.17,1.5,0.6,stop_loss,False,-0.599999999999909,30.0,False,5.0,-0.6666666666665657,-1.0555555555554548,-1.1111111111110101,1.0,,13.742284349278679,-14.505744590903888,981.5917392341913,967.0859946432874,False,S4_000006,0
SECONDARY_W0_2018_2020,S4,124528,124601,2018-05-10T01:37:00,2018-05-10T02:50:00,2018-05-10T01:37:00,2018-05-10T02:50:00,13,1312.14,1311.5400000000002,1.5,0.6,stop_loss,False,-0.599999999999909,30.0,False,5.0,-0.6666666666665657,-1.0555555555554548,-1.1111111111110101,1.0,,13.539203925006024,-14.291381920838328,967.0859946432874,952.7946127224491,False,S4_000007,0
SECONDARY_W0_2018_2020,S4,124658,124681,2018-05-10T03:47:00,2018-05-10T04:10:00,2018-05-10T03:47:00,2018-05-10T04:10:00,18,1311.07,1312.57,1.5,0.6,take_profit,False,1.5,30.0,False,5.0,1.6666666666666667,1.277777777777778,1.2222222222222225,1.0,live_post_loss_cap,13.339124578114287,17.044436960923814,952.7946127224491,969.8390496833729,True,S4_000008,0
SECONDARY_W0_2018_2020,S4,127379,127410,2018-05-14T03:11:00,2018-05-14T03:42:00,2018-05-14T03:11:00,2018-05-14T03:42:00,20,1320.16,1321.66,1.5,0.6,take_profit,False,1.5,30.0,False,5.0,1.6666666666666667,1.277777777777778,1.2222222222222225,1.0,,13.577746695567221,17.34934299989145,969.8390496833729,987.1883926832643,True,S4_000009,0
SECONDARY_W0_2018_2020,S4,127431,127444,2018-05-14T04:03:00,2018-05-14T04:16:00,2018-05-14T04:03:00,2018-05-14T04:16:00,22,1322.03,1321.43,1.5,0.6,stop_loss,False,-0.599999999999909,30.0,False,5.0,-0.6666666666665657,-1.0555555555554548,-1.1111111111110101,1.0,,13.8206374975657,-14.588450691873513,987.1883926832643,972.5999419913908,False,S4_000010,0
SECONDARY_W0_2018_2020,S4,127459,127482,2018-05-14T04:31:00,2018-05-14T04:54:00,2018-05-14T04:31:00,2018-05-14T04:54:00,22,1321.6,1321.0,1.5,0.6,stop_loss,False,-0.599999999999909,30.0,False,5.0,-0.6666666666665657,-1.0555555555554548,-1.1111111111110101,1.0,live_post_loss_cap,13.616399187879471,-14.372865809426958,972.5999419913908,958.2270761819639,False,S4_000011,1
SECONDARY_W0_2018_2020,S4,132950,132964,2018-05-18T04:07:00,2018-05-18T04:21:00,2018-05-18T04:07:00,2018-05-18T04:21:00,31,1289.26,1288.66,1.5,0.6,stop_loss,False,-0.599999999999909,30.0,False,5.0,-0.6666666666665657,-1.0555555555554548,-1.1111111111110101,1.0,,13.415179066547495,-14.160466792465447,958.2270761819639,944.0666093894985,False,S4_000012,0
SECONDARY_W0_2018_2020,S4,134323,134331,2018-05-21T04:02:00,2018-05-21T04:10:00,2018-05-21T04:02:00,2018-05-21T04:10:00,36,1290.22,1289.6200000000001,1.5,0.6,stop_loss,False,-0.599999999999909,30.0,False,5.0,-0.6666666666665657,-1.0555555555554548,-1.1111111111110101,1.0,,13.21693253145298,-13.951206560976813,944.0666093894985,930.1154028285216,False,S4_000013,0
SECONDARY_W0_2018_2020,S4,134346,134404,2018-05-21T04:25:00,2018-05-21T05:23:00,2018-05-21T04:25:00,2018-05-21T05:23:00,37,1289.61,1289.01,1.5,0.6,stop_loss,False,-0.599999999999909,30.0,False,5.0,-0.6666666666665657,-1.0555555555554548,-1.1111111111110101,1.0,live_post_loss_cap,13.021615639599302,-13.74503873068684,930.1154028285216,916.3703640978348,False,S4_000014,0
SECONDARY_W0_2018_2020,S4,136900,136971,2018-05-23T01:01:00,2018-05-23T02:12:00,2018-05-23T01:01:00,2018-05-23T02:12:00,43,1290.89,1292.39,1.5,0.6,take_profit,False,1.5,30.0,False,5.0,1.6666666666666667,1.277777777777778,1.2222222222222225,1.0,,12.829185097369688,16.392847624416824,916.3703640978348,932.7632117222516,True,S4_000015,0
SECONDARY_W0_2018_2020,S4,137021,137027,2018-05-23T03:02:00,2018-05-23T03:08:00,2018-05-23T03:02:00,2018-05-23T03:08:00,45,1293.32,1294.82,1.5,0.6,take_profit,False,1.5,30.0,False,5.0,1.6666666666666667,1.277777777777778,1.2222222222222225,1.0,,13.058684964111523,16.6860974541425,932.7632117222516,949.4493091763942,True,S4_000016,0
SECONDARY_W0_2018_2020,S4,137068,137115,2018-05-23T03:49:00,2018-05-23T04:36:00,2018-05-23T03:49:00,2018-05-23T04:36:00,46,1293.11,1292.51,1.5,0.6,stop_loss,False,-0.599999999999909,30.0,False,5.0,-0.6666666666665657,-1.0555555555554548,-1.1111111111110101,1.0,,13.29229032846952,-14.030750902272041,949.4493091763942,935.4185582741221,False,S4_000017,0
SECONDARY_W0_2018_2020,S4,141176,141225,2018-05-28T03:21:00,2018-05-28T04:10:00,2018-05-28T03:21:00,2018-05-28T04:10:00,54,1298.43,1297.8300000000002,1.5,0.6,stop_loss,False,-0.599999999999909,30.0,False,5.0,-0.6666666666665657,-1.0555555555554548,-1.1111111111110101,0.5,live_rolling_pf,6.547929907918855,-6.9117037916914645,935.4185582741221,928.5068544824306,False,S4_000018,0
SECONDARY_W0_2018_2020,S4,141241,141331,2018-05-28T04:26:00,2018-05-28T05:56:00,2018-05-28T04:26:00,2018-05-28T05:56:00,58,1297.77,1297.66,1.5,0.6,timeout,False,-0.10999999999989996,30.0,False,5.0,-0.12222222222211107,-0.511111111111,-0.5666666666665556,0.5,live_post_loss_cap;live_rolling_pf,6.499547981377015,-3.3219911904808637,928.5068544824306,925.1848632919498,False,S4_000019,0
SECONDARY_W0_2018_2020,S4,144920,145010,2018-05-31T01:06:00,2018-05-31T02:36:00,2018-05-31T01:06:00,2018-05-31T02:36:00,60,1301.49,1302.15,1.5,0.6,timeout,False,0.6600000000000819,30.0,False,5.0,0.7333333333334243,0.34444444444453537,0.28888888888897984,0.5,live_rolling_pf,6.476294043043649,2.2307235037156237,925.1848632919498,927.4155867956654,True,S4_000020,0
SECONDARY_W0_2018_2020,S4,145109,145124,2018-05-31T04:15:00,2018-05-31T04:30:00,2018-05-31T04:15:00,2018-05-31T04:30:00,64,1303.0,1302.4,1.5,0.6,stop_loss,False,-0.599999999999909,30.0,False,5.0,-0.6666666666665657,-1.0555555555554548,-1.1111111111110101,0.5,live_rolling_pf,6.491909107569658,-6.852570724656207,927.4155867956654,920.5630160710092,False,S4_000021,0
SECONDARY_W0_2018_2020,S4,147792,147882,2018-06-04T03:02:00,2018-06-04T04:32:00,2018-06-04T03:02:00,2018-06-04T04:32:00,67,1292.44,1293.21,1.5,0.6,timeout,False,0.7699999999999818,30.0,False,5.0,0.8555555555555354,0.46666666666664647,0.41111111111109094,0.5,live_rolling_pf,6.443941112497065,3.0071725191651666,920.5630160710092,923.5701885901743,True,S4_000022,0
SECONDARY_W0_2018_2020,S4,147883,147919,2018-06-04T04:33:00,2018-06-04T05:09:00,2018-06-04T04:33:00,2018-06-04T05:09:00,73,1293.44,1292.8400000000001,1.5,0.6,stop_loss,False,-0.599999999999909,30.0,False,5.0,-0.6666666666665657,-1.0555555555554548,-1.1111111111110101,0.5,live_rolling_pf,6.464991320131221,-6.8241575045823035,923.5701885901743,916.746031085592,False,S4_000023,0
SECONDARY_W0_2018_2020,S4,149150,149216,2018-06-05T02:44:00,2018-06-05T03:50:00,2018-06-05T02:44:00,2018-06-05T03:50:00,74,1291.51,1290.91,1.5,0.6,stop_loss,False,-0.599999999999909,30.0,False,5.0,-0.6666666666665657,-1.0555555555554548,-1.1111111111110101,0.5,live_rolling_pf,6.417222217599144,-6.773734563020672,916.746031085592,909.9722965225714,False,S4_000024,0
SECONDARY_W0_2018_2020,S4,149231,149243,2018-06-05T04:05:00,2018-06-05T04:17:00,2018-06-05T04:05:00,2018-06-05T04:17:00,77,1291.53,1290.93,1.5,0.6,stop_loss,False,-0.599999999999909,30.0,False,5.0,-0.6666666666665657,-1.0555555555554548,-1.1111111111110101,0.5,live_post_loss_cap;live_rolling_pf,6.3698060756579995,-6.7236841909716905,909.9722965225714,903.2486123315997,False,S4_000025,0
SECONDARY_W0_2018_2020,S4,149258,149348,2018-06-05T04:32:00,2018-06-05T06:02:00,2018-06-05T04:32:00,2018-06-05T06:02:00,78,1291.47,1291.99,1.5,0.6,timeout,False,0.5199999999999818,30.0,False,5.0,0.5777777777777576,0.18888888888886865,0.1333333333333131,0.5,live_post_loss_cap;live_rolling_pf,6.322740286321198,1.1942953874160984,903.2486123315997,904.4429077190158,True,S4_000026,0
SECONDARY_W0_2018_2020,S4,150620,150710,2018-06-06T04:15:00,2018-06-06T05:45:00,2018-06-06T04:15:00,2018-06-06T05:45:00,82,1297.22,1297.07,1.5,0.6,timeout,False,-0.15000000000009095,30.0,False,5.0,-0.16666666666676774,-0.5555555555556567,-0.6111111111112123,0.5,live_rolling_pf,6.3311003540331106,-3.5172779744634797,904.4429077190158,900.9256297445523,False,S4_000027,0
SECONDARY_W0_2018_2020,S4,151989,152009,2018-06-07T04:07:00,2018-06-07T04:27:00,2018-06-07T04:07:00,2018-06-07T04:27:00,85,1295.83,1297.33,1.5,0.6,take_profit,False,1.5,30.0,False,5.0,1.6666666666666667,1.277777777777778,1.2222222222222225,0.5,live_rolling_pf,6.3064794082118665,8.058279243826275,900.9256297445523,908.9839089883786,True,S4_000028,0
SECONDARY_W0_2018_2020,S4,152024,152114,2018-06-07T04:42:00,2018-06-07T06:12:00,2018-06-07T04:42:00,2018-06-07T06:12:00,87,1296.97,1296.99,1.5,0.6,timeout,False,0.01999999999998181,30.0,False,5.0,0.022222222222202014,-0.36666666666668696,-0.4222222222222425,0.5,live_rolling_pf,6.36288736291865,-2.333058699736968,908.9839089883786,906.6508502886417,False,S4_000029,0
SECONDARY_W0_2018_2020,S4,153345,153376,2018-06-08T03:44:00,2018-06-08T04:15:00,2018-06-08T03:44:00,2018-06-08T04:15:00,91,1296.9,1296.3000000000002,1.5,0.6,stop_loss,False,-0.599999999999909,30.0,False,5.0,-0.6666666666665657,-1.0555555555554548,-1.1111111111110101,0.5,live_rolling_pf,6.346555952020492,-6.699142393798769,906.6508502886417,899.9517078948429,False,S4_000030,0
SECONDARY_W0_2018_2020,S4,153391,153413,2018-06-08T04:30:00,2018-06-08T04:52:00,2018-06-08T04:30:00,2018-06-08T04:52:00,95,1297.06,1296.46,1.5,0.6,stop_loss,False,-0.599999999999909,30.0,False,5.0,-0.6666666666665657,-1.0555555555554548,-1.1111111111110101,0.5,live_post_loss_cap;live_rolling_pf,6.2996619552639,-6.649643175000149,899.9517078948429,893.3020647198427,False,S4_000031,0
SECONDARY_W0_2018_2020,S4,153605,153626,2018-06-08T08:04:00,2018-06-08T08:25:00,2018-06-08T08:04:00,2018-06-08T08:25:00,97,1296.51,1295.91,1.5,0.6,stop_loss,False,-0.599999999999909,30.0,False,5.0,-0.6666666666665657,-1.0555555555554548,-1.1111111111110101,0.5,live_rolling_pf,6.2531144530389,-6.60050970042932,893.3020647198427,886.7015550194134,False,S4_000032,0
SECONDARY_W0_2018_2020,S4,154703,154770,2018-06-11T03:24:00,2018-06-11T04:31:00,2018-06-11T03:24:00,2018-06-11T04:31:00,99,1298.98,1300.48,1.5,0.6,take_profit,False,1.5,30.0,False,5.0,1.6666666666666667,1.277777777777778,1.2222222222222225,0.5,live_rolling_pf,6.206910885135894,7.931052797673643,886.7015550194134,894.632607817087,True,S4_000033,0
SECONDARY_W0_2018_2020,S4,156001,156009,2018-06-12T02:04:00,2018-06-12T02:12:00,2018-06-12T02:04:00,2018-06-12T02:12:00,104,1299.34,1298.74,1.5,0.6,stop_loss,False,-0.599999999999909,30.0,False,5.0,-0.6666666666665657,-1.0555555555554548,-1.1111111111110101,0.5,live_rolling_pf,6.262428254719609,-6.610340935536733,894.632607817087,888.0222668815502,False,S4_000034,0
SECONDARY_W0_2018_2020,S4,156058,156069,2018-06-12T03:01:00,2018-06-12T03:12:00,2018-06-12T03:01:00,2018-06-12T03:12:00,108,1297.69,1297.0900000000001,1.5,0.6,stop_loss,False,-0.599999999999909,30.0,False,5.0,-0.6666666666665657,-1.0555555555554548,-1.1111111111110101,0.5,live_post_loss_cap;live_rolling_pf,6.216155868170851,-6.561497860846384,888.0222668815502,881.4607690207038,False,S4_000035,0
SECONDARY_W0_2018_2020,S4,157437,157490,2018-06-13T03:01:00,2018-06-13T03:54:00,2018-06-13T03:01:00,2018-06-13T03:54:00,110,1295.51,1294.91,1.5,0.6,stop_loss,False,-0.599999999999909,30.0,False,5.0,-0.6666666666665657,-1.0555555555554548,-1.1111111111110101,0.5,live_rolling_pf,6.170225383144927,-6.513015682207912,881.4607690207038,874.9477533384959,False,S4_000036,0
SECONDARY_W0_2018_2020,S4,157505,157595,2018-06-13T04:09:00,2018-06-13T05:39:00,2018-06-13T04:09:00,2018-06-13T05:39:00,110,1294.92,1295.49,1.5,0.6,timeout,False,0.5699999999999363,30.0,False,5.0,0.6333333333332627,0.2444444444443737,0.18888888888881813,0.5,live_post_loss_cap;live_rolling_pf,6.124634273369471,1.4971328223787708,874.9477533384959,876.4448861608746,True,S4_000037,1
SECONDARY_W0_2018_2020,S4,158859,158893,2018-06-14T03:45:00,2018-06-14T04:19:00,2018-06-14T03:45:00,2018-06-14T04:19:00,113,1298.77,1298.17,1.5,0.6,stop_loss,False,-0.599999999999909,30.0,False,5.0,-0.6666666666665657,-1.0555555555554548,-1.1111111111110101,0.5,live_rolling_pf,6.135114203126123,-6.475953881076956,876.4448861608746,869.9689322797976,False,S4_000038,0
SECONDARY_W0_2018_2020,S4,164329,164334,2018-06-20T03:01:00,2018-06-20T03:06:00,2018-06-20T03:01:00,2018-06-20T03:06:00,117,1274.76,1274.16,1.5,0.6,stop_loss,False,-0.599999999999909,30.0,False,5.0,-0.6666666666665657,-1.0555555555554548,-1.1111111111110101,0.5,live_rolling_pf,6.089782525958584,-6.428103777400113,869.9689322797976,863.5408285023975,False,S4_000039,0
SECONDARY_W0_2018_2020,S4,164350,164393,2018-06-20T03:22:00,2018-06-20T04:05:00,2018-06-20T03:22:00,2018-06-20T04:05:00,117,1273.57,1275.07,1.5,0.6,take_profit,False,1.5,30.0,False,5.0,1.6666666666666667,1.277777777777778,1.2222222222222225,0.5,live_post_loss_cap;live_rolling_pf,6.044785799516783,7.723892966049223,863.5408285023975,871.2647214684467,True,S4_000040,1
SECONDARY_W0_2018_2020,S4,164397,164487,2018-06-20T04:09:00,2018-06-20T05:39:00,2018-06-20T04:09:00,2018-06-20T05:39:00,120,1274.77,1275.34,1.5,0.6,timeout,False,0.5699999999999363,30.0,False,5.0,0.6333333333332627,0.2444444444443737,0.18888888888881813,0.5,live_post_loss_cap;live_rolling_pf,6.098853050279128,1.4908307456233552,871.2647214684467,872.7555522140701,True,S4_000041,0
SECONDARY_W0_2018_2020,S4,169844,169934,2018-06-26T03:01:00,2018-06-26T04:31:00,2018-06-26T03:01:00,2018-06-26T04:31:00,121,1266.21,1266.72,1.5,0.6,timeout,False,0.5099999999999909,30.0,False,5.0,0.5666666666666567,0.17777777777776765,0.1222222222222121,0.5,live_rolling_pf,6.109288865498491,1.086095798310781,872.7555522140701,873.8416480123809,True,S4_000042,0
SECONDARY_W0_2018_2020,S4,169941,169948,2018-06-26T04:38:00,2018-06-26T04:45:00,2018-06-26T04:38:00,2018-06-26T04:45:00,125,1266.7,1266.1000000000001,1.5,0.6,stop_loss,False,-0.599999999999909,30.0,False,5.0,-0.6666666666665657,-1.0555555555554548,-1.1111111111110101,0.5,live_rolling_pf,6.1168915360866665,-6.456718843646421,873.8416480123809,867.3849291687345,False,S4_000043,0
SECONDARY_W0_2018_2020,S4,171227,171282,2018-06-27T03:05:00,2018-06-27T04:00:00,2018-06-27T03:05:00,2018-06-27T04:00:00,127,1257.72,1259.22,1.5,0.6,take_profit,False,1.5,30.0,False,5.0,1.6666666666666667,1.277777777777778,1.2222222222222225,0.5,live_rolling_pf,6.071694504181142,7.758276310898127,867.3849291687345,875.1432054796327,True,S4_000044,0
SECONDARY_W0_2018_2020,S4,171336,171345,2018-06-27T04:54:00,2018-06-27T05:03:00,2018-06-27T04:54:00,2018-06-27T05:03:00,131,1255.07,1254.3374285714285,1.5,0.732571428571438,stop_loss,False,-0.7325714285714184,30.0,False,5.0,-0.7094631986718155,-1.048422800221342,-1.0968456004427027,0.5,live_rolling_pf,6.126002438357429,-6.422640630585465,875.1432054796327,868.7205648490473,False,S4_000045,0
SECONDARY_W0_2018_2020,S4,174060,174065,2018-06-29T04:20:00,2018-06-29T04:25:00,2018-06-29T04:20:00,2018-06-29T04:25:00,134,1247.74,1247.14,1.5,0.6,stop_loss,False,-0.599999999999909,30.0,False,5.0,-0.6666666666665657,-1.0555555555554548,-1.1111111111110101,0.5,live_rolling_pf,6.081043953943331,-6.418879729161792,868.7205648490473,862.3016851198855,False,S4_000046,0
SECONDARY_W0_2018_2020,S4,176751,176800,2018-07-03T03:15:00,2018-07-03T04:04:00,2018-07-03T03:15:00,2018-07-03T04:04:00,135,1241.87,1241.27,1.5,0.6,stop_loss,False,-0.599999999999909,30.0,False,5.0,-0.6666666666665657,-1.0555555555554548,-1.1111111111110101,0.5,live_rolling_pf,6.036111795839199,-6.3714513400518795,862.3016851198855,855.9302337798337,False,S4_000047,0
SECONDARY_W0_2018_2020,S4,176815,176838,2018-07-03T04:19:00,2018-07-03T04:42:00,2018-07-03T04:19:00,2018-07-03T04:42:00,138,1240.14,1239.5400000000002,1.5,0.6,stop_loss,False,-0.599999999999909,30.0,False,5.0,-0.6666666666665657,-1.0555555555554548,-1.1111111111110101,0.5,live_post_loss_cap;live_rolling_pf,5.991511636458836,-6.324373394039278,855.9302337798337,849.6058603857944,False,S4_000048,0
SECONDARY_W0_2018_2020,S4,182080,182116,2018-07-09T04:16:00,2018-07-09T04:52:00,2018-07-09T04:16:00,2018-07-09T04:52:00,143,1256.16,1257.66,1.5,0.6,take_profit,False,1.5,30.0,False,5.0,1.6666666666666667,1.277777777777778,1.2222222222222225,0.5,live_rolling_pf,5.9472410227005605,7.599252417895161,849.6058603857944,857.2051128036895,True,S4_000049,0
SECONDARY_W0_2018_2020,S4,183419,183452,2018-07-10T03:37:00,2018-07-10T04:10:00,2018-07-10T03:37:00,2018-07-10T04:10:00,144,1257.74,1259.24,1.5,0.6,take_profit,False,1.5,30.0,False,5.0,1.6666666666666667,1.277777777777778,1.2222222222222225,0.5,live_rolling_pf,6.0004357896258265,7.667223508966335,857.2051128036895,864.8723363126559,True,S4_000050,0
SECONDARY_W0_2018_2020,S4,188886,188939,2018-07-16T02:49:00,2018-07-16T03:42:00,2018-07-16T02:49:00,2018-07-16T03:42:00,146,1241.03,1242.53,1.5,0.6,take_profit,False,1.5,30.0,False,5.0,1.6666666666666667,1.277777777777778,1.2222222222222225,0.5,live_rolling_pf,6.054106354188591,7.735802563685423,864.8723363126559,872.6081388763413,True,S4_000051,0
SECONDARY_W0_2018_2020,S4,190254,190306,2018-07-17T02:41:00,2018-07-17T03:33:00,2018-07-17T02:41:00,2018-07-17T03:33:00,150,1240.28,1239.68,1.5,0.6,stop_loss,False,-0.599999999999909,30.0,False,5.0,-0.6666666666665657,-1.0555555555554548,-1.1111111111110101,0.5,live_rolling_pf,6.108256972134389,-6.447604581696795,872.6081388763413,866.1605342946444,False,S4_000052,0
SECONDARY_W0_2018_2020,S4,190322,190330,2018-07-17T03:49:00,2018-07-17T03:57:00,2018-07-17T03:49:00,2018-07-17T03:57:00,152,1239.56,1238.96,1.5,0.6,stop_loss,False,-0.599999999999909,30.0,False,5.0,-0.6666666666665657,-1.0555555555554548,-1.1111111111110101,0.5,live_post_loss_cap;live_rolling_pf,6.063123740062511,-6.39996394784315,866.1605342946444,859.7605703468013,False,S4_000053,0
SECONDARY_W0_2018_2020,S4,190345,190347,2018-07-17T04:12:00,2018-07-17T04:14:00,2018-07-17T04:12:00,2018-07-17T04:14:00,152,1239.5,1238.9,1.5,0.6,stop_loss,False,-0.599999999999909,30.0,False,5.0,-0.6666666666665657,-1.0555555555554548,-1.1111111111110101,0.5,live_post_loss_cap;live_rolling_pf,6.018323992427609,-6.352675325339647,859.7605703468013,853.4078950214616,False,S4_000054,1
SECONDARY_W0_2018_2020,S4,190362,190375,2018-07-17T04:29:00,2018-07-17T04:42:00,2018-07-17T04:29:00,2018-07-17T04:42:00,153,1238.13,1239.63,1.5,0.6,take_profit,False,1.5,30.0,False,5.0,1.6666666666666667,1.277777777777778,1.2222222222222225,0.5,live_post_loss_cap;live_rolling_pf,5.973855265150232,7.633259505469741,853.4078950214616,861.0411545269313,True,S4_000055,0
SECONDARY_W0_2018_2020,S4,191606,191640,2018-07-18T02:17:00,2018-07-18T02:51:00,2018-07-18T02:17:00,2018-07-18T02:51:00,156,1227.6,1227.0,1.5,0.6,stop_loss,False,-0.599999999999909,30.0,False,5.0,-0.6666666666665657,-1.0555555555554548,-1.1111111111110101,0.5,live_rolling_pf,6.0272880816885195,-6.362137419559496,861.0411545269313,854.6790171073718,False,S4_000056,0
SECONDARY_W0_2018_2020,S4,191655,191670,2018-07-18T03:06:00,2018-07-18T03:21:00,2018-07-18T03:06:00,2018-07-18T03:21:00,158,1227.47,1226.8700000000001,1.5,0.6,stop_loss,False,-0.599999999999909,30.0,False,5.0,-0.6666666666665657,-1.0555555555554548,-1.1111111111110101,0.5,live_post_loss_cap;live_rolling_pf,5.982753119751603,-6.315128293070534,854.6790171073718,848.3638888143013,False,S4_000057,0
SECONDARY_W0_2018_2020,S4,191686,191730,2018-07-18T03:37:00,2018-07-18T04:21:00,2018-07-18T03:37:00,2018-07-18T04:21:00,159,1226.85,1228.35,1.5,0.6,take_profit,False,1.5,30.0,False,5.0,1.6666666666666667,1.277777777777778,1.2222222222222225,0.5,live_post_loss_cap;live_rolling_pf,5.938547221700109,7.588143672172362,848.3638888143013,855.9520324864736,True,S4_000058,0
SECONDARY_W0_2018_2020,S4,192936,192966,2018-07-19T01:28:00,2018-07-19T01:58:00,2018-07-19T01:28:00,2018-07-19T01:58:00,160,1226.95,1226.3500000000001,1.5,0.6,stop_loss,False,-0.599999999999909,30.0,False,5.0,-0.6666666666665657,-1.0555555555554548,-1.1111111111110101,0.5,live_rolling_pf,5.991664227405315,-6.324534462260562,855.9520324864736,849.6274980242131,False,S4_000059,0
SECONDARY_W0_2018_2020,S4,197128,197194,2018-07-24T02:25:00,2018-07-24T03:31:00,2018-07-24T02:25:00,2018-07-24T03:31:00,166,1223.88,1223.2800000000002,1.5,0.6,stop_loss,False,-0.599999999999909,30.0,False,5.0,-0.6666666666665657,-1.0555555555554548,-1.1111111111110101,0.5,live_rolling_pf,5.947392486169492,-6.277803179844976,849.6274980242131,843.3496948443681,False,S4_000060,0
SECONDARY_W0_2018_2020,S4,197211,197237,2018-07-24T03:48:00,2018-07-24T04:14:00,2018-07-24T03:48:00,2018-07-24T04:14:00,168,1222.84,1222.24,1.5,0.6,stop_loss,False,-0.599999999999909,30.0,False,5.0,-0.6666666666665657,-1.0555555555554548,-1.1111111111110101,0.5,live_post_loss_cap;live_rolling_pf,5.903447863910577,-6.231417189682792,843.3496948443681,837.1182776546852,False,S4_000061,0
SECONDARY_W0_2018_2020,S4,202654,202668,2018-07-30T02:38:00,2018-07-30T02:52:00,2018-07-30T02:38:00,2018-07-30T02:52:00,174,1222.84,1222.24,1.5,0.6,stop_loss,False,-0.599999999999909,30.0,False,5.0,-0.6666666666665657,-1.0555555555554548,-1.1111111111110101,0.5,live_rolling_pf,5.859827943582797,-6.185373940447917,837.1182776546852,830.9329037142373,False,S4_000062,0
SECONDARY_W0_2018_2020,S4,202683,202772,2018-07-30T03:07:00,2018-07-30T04:36:00,2018-07-30T03:07:00,2018-07-30T04:36:00,175,1222.42,1221.8200000000002,1.5,0.6,stop_loss,False,-0.599999999999909,30.0,False,5.0,-0.6666666666665657,-1.0555555555554548,-1.1111111111110101,0.5,live_post_loss_cap;live_rolling_pf,5.816530325999661,-6.139670899665723,830.9329037142373,824.7932328145716,False,S4_000063,0
SECONDARY_W0_2018_2020,S4,202787,202825,2018-07-30T04:51:00,2018-07-30T05:29:00,2018-07-30T04:51:00,2018-07-30T05:29:00,179,1221.36,1220.76,1.5,0.6,stop_loss,False,-0.599999999999909,30.0,False,5.0,-0.6666666666665657,-1.0555555555554548,-1.1111111111110101,0.5,live_post_loss_cap;live_rolling_pf,5.773552629702001,-6.0943055535737525,824.7932328145716,818.6989272609978,False,S4_000064,0
SECONDARY_W0_2018_2020,S4,210982,211007,2018-08-07T03:35:00,2018-08-07T04:00:00,2018-08-07T03:35:00,2018-08-07T04:00:00,181,1208.0,1209.5,1.5,0.6,take_profit,False,1.5,30.0,False,5.0,1.6666666666666667,1.277777777777778,1.2222222222222225,0.5,live_rolling_pf,5.730892490826985,7.322807071612259,818.6989272609978,826.0217343326101,True,S4_000065,0
SECONDARY_W0_2018_2020,S4,211043,211057,2018-08-07T04:36:00,2018-08-07T04:50:00,2018-08-07T04:36:00,2018-08-07T04:50:00,183,1208.61,1208.01,1.5,0.6,stop_loss,False,-0.599999999999909,30.0,False,5.0,-0.6666666666665657,-1.0555555555554548,-1.1111111111110101,0.5,live_rolling_pf,5.782152140328271,-6.103382814790369,826.0217343326101,819.9183515178197,False,S4_000066,0
SECONDARY_W0_2018_2020,S4,212328,212340,2018-08-08T03:02:00,2018-08-08T03:14:00,2018-08-08T03:02:00,2018-08-08T03:14:00,187,1212.65,1212.0500000000002,1.5,0.6,stop_loss,False,-0.599999999999909,30.0,False,5.0,-0.6666666666665657,-1.0555555555554548,-1.1111111111110101,0.5,live_rolling_pf,5.739428460624738,-6.058285597325534,819.9183515178197,813.8600659204942,False,S4_000067,0
SECONDARY_W0_2018_2020,S4,212387,212418,2018-08-08T04:01:00,2018-08-08T04:32:00,2018-08-08T04:01:00,2018-08-08T04:32:00,188,1211.17,1212.67,1.5,0.6,take_profit,False,1.5,30.0,False,5.0,1.6666666666666667,1.277777777777778,1.2222222222222225,0.5,live_post_loss_cap;live_rolling_pf,5.69702046144346,7.279526145177755,813.8600659204942,821.139592065672,True,S4_000068,0
SECONDARY_W0_2018_2020,S4,213707,213797,2018-08-09T03:02:00,2018-08-09T04:32:00,2018-08-09T03:02:00,2018-08-09T04:32:00,191,1213.37,1213.19,1.5,0.6,timeout,False,-0.1799999999998363,30.0,False,5.0,-0.19999999999981813,-0.5888888888887072,-0.6444444444442626,0.5,live_rolling_pf,5.747977144459704,-3.3849198739585593,821.139592065672,817.7546721917134,False,S4_000069,0
SECONDARY_W0_2018_2020,S4,216518,216523,2018-08-13T04:01:00,2018-08-13T04:06:00,2018-08-13T04:01:00,2018-08-13T04:06:00,194,1209.4,1208.8000000000002,1.5,0.6,stop_loss,False,-0.599999999999909,30.0,False,5.0,-0.6666666666665657,-1.0555555555554548,-1.1111111111110101,0.5,live_rolling_pf,5.724282705341994,-6.042298411193751,817.7546721917134,811.7123737805197,False,S4_000070,0
SECONDARY_W0_2018_2020,S4,216545,216555,2018-08-13T04:28:00,2018-08-13T04:38:00,2018-08-13T04:28:00,2018-08-13T04:38:00,197,1209.05,1208.45,1.5,0.6,stop_loss,False,-0.599999999999909,30.0,False,5.0,-0.6666666666665657,-1.0555555555554548,-1.1111111111110101,0.5,live_post_loss_cap;live_rolling_pf,5.681986616463638,-5.997652539599934,811.7123737805197,805.7147212409197,False,S4_000071,0
SECONDARY_W0_2018_2020,S4,217836,217896,2018-08-14T03:02:00,2018-08-14T04:02:00,2018-08-14T03:02:00,2018-08-14T04:02:00,199,1192.44,1193.94,1.5,0.6,take_profit,False,1.5,30.0,False,5.0,1.6666666666666667,1.277777777777778,1.2222222222222225,0.5,live_rolling_pf,5.640003048686438,7.20667056221045,805.7147212409197,812.9213918031302,True,S4_000072,0
SECONDARY_W0_2018_2020,S4,217919,217937,2018-08-14T04:25:00,2018-08-14T04:43:00,2018-08-14T04:25:00,2018-08-14T04:43:00,201,1193.33,1194.83,1.5,0.6,take_profit,False,1.5,30.0,False,5.0,1.6666666666666667,1.277777777777778,1.2222222222222225,0.5,live_rolling_pf,5.690449742621912,7.271130226683554,812.9213918031302,820.1925220298137,True,S4_000073,0
SECONDARY_W0_2018_2020,S4,219160,219199,2018-08-15T02:14:00,2018-08-15T02:53:00,2018-08-15T02:14:00,2018-08-15T02:53:00,203,1194.05,1193.45,1.5,0.6,stop_loss,False,-0.599999999999909,30.0,False,5.0,-0.6666666666665657,-1.0555555555554548,-1.1111111111110101,0.5,live_rolling_pf,5.741347654208696,-6.060311412775268,820.1925220298137,814.1322106170385,False,S4_000074,0
SECONDARY_W0_2018_2020,S4,219214,219232,2018-08-15T03:08:00,2018-08-15T03:26:00,2018-08-15T03:08:00,2018-08-15T03:26:00,204,1193.51,1192.91,1.5,0.6,stop_loss,False,-0.599999999999909,30.0,False,5.0,-0.6666666666665657,-1.0555555555554548,-1.1111111111110101,0.5,live_post_loss_cap;live_rolling_pf,5.698925474319269,-6.01553244511421,814.1322106170385,808.1166781719243,False,S4_000075,0
SECONDARY_W0_2018_2020,S4,219247,219265,2018-08-15T03:41:00,2018-08-15T03:59:00,2018-08-15T03:41:00,2018-08-15T03:59:00,204,1192.98,1192.38,1.5,0.6,stop_loss,False,-0.599999999999909,30.0,False,5.0,-0.6666666666665657,-1.0555555555554548,-1.1111111111110101,0.5,live_post_loss_cap;live_rolling_pf,5.65681674720347,-5.971084344269759,808.1166781719243,802.1455938276545,False,S4_000076,1
SECONDARY_W0_2018_2020,S4,219280,219343,2018-08-15T04:14:00,2018-08-15T05:17:00,2018-08-15T04:14:00,2018-08-15T05:17:00,205,1192.07,1191.47,1.5,0.6,stop_loss,False,-0.599999999999909,30.0,False,5.0,-0.6666666666665657,-1.0555555555554548,-1.1111111111110101,0.5,live_post_loss_cap;live_rolling_pf,5.615019156793581,-5.926964665503769,802.1455938276545,796.2186291621507,False,S4_000077,0
SECONDARY_W0_2018_2020,S4,220634,220636,2018-08-16T03:50:00,2018-08-16T03:52:00,2018-08-16T03:50:00,2018-08-16T03:52:00,209,1162.04,1163.6027857142856,1.5627857142857076,1.923428571428563,take_profit,False,1.56278571428561,30.0,False,5.0,0.7028720123361162,0.5454574659470125,0.5229696736057121,0.5,live_rolling_pf,5.573530404135055,3.0401237706181354,796.2186291621507,799.2587529327689,True,S4_000078,0
SECONDARY_W0_2018_2020,S4,220639,220646,2018-08-16T03:55:00,2018-08-16T04:02:00,2018-08-16T03:55:00,2018-08-16T04:02:00,209,1165.14,1166.9395714285715,1.7995714285714177,2.2148571428571295,take_profit,False,1.7995714285714257,30.0,False,5.0,0.7155760054533088,0.5764030902067732,0.5565212451715538,0.5,live_rolling_pf,5.594811270529382,3.2248665054568186,799.2587529327689,802.4836194382257,True,S4_000079,1
SECONDARY_W0_2018_2020,S4,239525,239585,2018-09-05T02:05:00,2018-09-05T03:13:00,2018-09-05T02:05:00,2018-09-05T03:13:00,210,1191.99,1191.39,1.5,0.6,stop_loss,False,-0.599999999999909,30.0,False,5.0,-0.6666666666665657,-1.0555555555554548,-1.1111111111110101,0.5,live_rolling_pf,5.61738533606758,-5.929462299181879,802.4836194382257,796.5541571390438,False,S4_000080,0
SECONDARY_W0_2018_2020,S4,239600,239606,2018-09-05T03:28:00,2018-09-05T03:34:00,2018-09-05T03:28:00,2018-09-05T03:34:00,219,1191.31,1190.71,1.5,0.6,stop_loss,False,-0.599999999999909,30.0,False,5.0,-0.6666666666665657,-1.0555555555554548,-1.1111111111110101,0.5,live_post_loss_cap;live_rolling_pf,5.5758790999733066,-5.885650161082372,796.5541571390438,790.6685069779614,False,S4_000081,0
SECONDARY_W0_2018_2020,S4,243706,243707,2018-09-10T03:26:00,2018-09-10T03:27:00,2018-09-10T03:26:00,2018-09-10T03:27:00,221,1195.09,1194.49,1.5,0.6,stop_loss,False,-0.599999999999909,30.0,False,5.0,-0.6666666666665657,-1.0555555555554548,-1.1111111111110101,0.5,live_rolling_pf,5.53467954884573,-5.842161746003269,790.6685069779614,784.8263452319582,False,S4_000082,0
SECONDARY_W0_2018_2020,S4,245103,245141,2018-09-11T04:04:00,2018-09-11T04:42:00,2018-09-11T04:04:00,2018-09-11T04:42:00,222,1194.37,1193.77,1.5,0.6,stop_loss,False,-0.599999999999909,30.0,False,5.0,-0.6666666666665657,-1.0555555555554548,-1.1111111111110101,0.5,live_rolling_pf,5.493784416623707,-5.798994661991137,784.8263452319582,779.027350569967,False,S4_000083,0
SECONDARY_W0_2018_2020,S4,245156,245193,2018-09-11T04:57:00,2018-09-11T05:34:00,2018-09-11T04:57:00,2018-09-11T05:34:00,230,1193.86,1193.26,1.5,0.6,stop_loss,False,-0.599999999999909,30.0,False,5.0,-0.6666666666665657,-1.0555555555554548,-1.1111111111110101,0.5,live_post_loss_cap;live_rolling_pf,5.453191453989769,-5.756146534766429,779.027350569967,773.2712040352005,False,S4_000084,0
SECONDARY_W0_2018_2020,S4,250486,250492,2018-09-17T02:21:00,2018-09-17T02:28:00,2018-09-17T02:21:00,2018-09-17T02:28:00,231,1193.59,1192.99,1.5,0.6,stop_loss,False,-0.599999999999909,30.0,False,5.0,-0.6666666666665657,-1.0555555555554548,-1.1111111111110101,0.5,live_rolling_pf,5.412898428246404,-5.713615007592881,773.2712040352005,767.5575890276076,False,S4_000085,0
SECONDARY_W0_2018_2020,S4,250507,250584,2018-09-17T02:43:00,2018-09-17T04:02:00,2018-09-17T02:43:00,2018-09-17T04:02:00,231,1193.2,1194.7,1.5,0.6,take_profit,False,1.5,30.0,False,5.0,1.6666666666666667,1.277777777777778,1.2222222222222225,0.5,live_post_loss_cap;live_rolling_pf,5.372903123193253,6.865376212969157,767.5575890276076,774.4229652405768,True,S4_000086,1
SECONDARY_W0_2018_2020,S4,250612,250643,2018-09-17T04:30:00,2018-09-17T05:01:00,2018-09-17T04:30:00,2018-09-17T05:01:00,240,1194.44,1193.8400000000001,1.5,0.6,stop_loss,False,-0.599999999999909,30.0,False,5.0,-0.6666666666665657,-1.0555555555554548,-1.1111111111110101,0.5,live_rolling_pf,5.420960756684037,-5.722125243165937,774.4229652405768,768.7008399974109,False,S4_000087,0
SECONDARY_W0_2018_2020,S4,253154,253189,2018-09-19T01:03:00,2018-09-19T01:38:00,2018-09-19T01:03:00,2018-09-19T01:38:00,242,1197.78,1199.28,1.5,0.6,take_profit,False,1.5,30.0,False,5.0,1.6666666666666667,1.277777777777778,1.2222222222222225,0.5,live_rolling_pf,5.380905879981876,6.87560195775462,768.7008399974109,775.5764419551655,True,S4_000088,0
SECONDARY_W0_2018_2020,S4,253331,253421,2018-09-19T04:01:00,2018-09-19T05:31:00,2018-09-19T04:01:00,2018-09-19T05:31:00,243,1198.35,1199.54,1.5,0.6,timeout,False,1.1900000000000546,30.0,False,5.0,1.322222222222283,0.933333333333394,0.8777777777778385,0.5,live_rolling_pf,5.429035093686158,5.067099420774077,775.5764419551655,780.6435413759395,True,S4_000089,0
SECONDARY_W0_2018_2020,S4,257319,257333,2018-09-24T02:01:00,2018-09-24T02:16:00,2018-09-24T02:01:00,2018-09-24T02:16:00,247,1197.65,1197.0500000000002,1.5,0.6,stop_loss,False,-0.599999999999909,30.0,False,5.0,-0.6666666666665657,-1.0555555555554548,-1.1111111111110101,0.5,live_rolling_pf,5.464504789631577,-5.768088389055003,780.6435413759395,774.8754529868845,False,S4_000090,0
SECONDARY_W0_2018_2020,S4,257358,257394,2018-09-24T02:41:00,2018-09-24T03:18:00,2018-09-24T02:41:00,2018-09-24T03:18:00,251,1197.85,1197.25,1.5,0.6,stop_loss,False,-0.599999999999909,30.0,False,5.0,-0.6666666666665657,-1.0555555555554548,-1.1111111111110101,0.5,live_post_loss_cap;live_rolling_pf,5.424128170908192,-5.7254686248469895,774.8754529868845,769.1499843620376,False,S4_000091,0
SECONDARY_W0_2018_2020,S4,257410,257414,2018-09-24T03:34:00,2018-09-24T03:38:00,2018-09-24T03:34:00,2018-09-24T03:38:00,252,1196.78,1196.18,1.5,0.6,stop_loss,False,-0.599999999999909,30.0,False,5.0,-0.6666666666665657,-1.0555555555554548,-1.1111111111110101,0.5,live_post_loss_cap;live_rolling_pf,5.384049890534263,-5.68316377334118,769.1499843620376,763.4668205886964,False,S4_000092,0
SECONDARY_W0_2018_2020,S4,257429,257503,2018-09-24T03:53:00,2018-09-24T05:07:00,2018-09-24T03:53:00,2018-09-24T05:07:00,252,1196.58,1195.98,1.5,0.6,stop_loss,False,-0.599999999999909,30.0,False,5.0,-0.6666666666665657,-1.0555555555554548,-1.1111111111110101,0.5,live_post_loss_cap;live_rolling_pf,5.344267744120875,-5.641171507682607,763.4668205886964,757.8256490810137,False,S4_000093,1
SECONDARY_W0_2018_2020,S4,258761,258777,2018-09-25T03:16:00,2018-09-25T03:32:00,2018-09-25T03:16:00,2018-09-25T03:32:00,253,1198.92,1198.3200000000002,1.5,0.6,stop_loss,False,-0.599999999999909,30.0,False,5.0,-0.6666666666665657,-1.0555555555554548,-1.1111111111110101,0.5,live_rolling_pf,5.304779543567096,-5.599489518209178,757.8256490810137,752.2261595628045,False,S4_000094,0
SECONDARY_W0_2018_2020,S4,258806,258867,2018-09-25T04:01:00,2018-09-25T05:02:00,2018-09-25T04:01:00,2018-09-25T05:02:00,254,1198.49,1197.89,1.5,0.6,stop_loss,False,-0.599999999999909,30.0,False,5.0,-0.6666666666665657,-1.0555555555554548,-1.1111111111110101,0.5,live_post_loss_cap;live_rolling_pf,5.265583116939632,-5.558115512324636,752.2261595628045,746.6680440504798,False,S4_000095,0
SECONDARY_W0_2018_2020,S4,260147,260153,2018-09-26T03:28:00,2018-09-26T03:36:00,2018-09-26T03:28:00,2018-09-26T03:36:00,258,1201.14,1200.5400000000002,1.5,0.6,stop_loss,False,-0.599999999999909,30.0,False,5.0,-0.6666666666665657,-1.0555555555554548,-1.1111111111110101,0.5,live_rolling_pf,5.226676308353359,-5.517047214372464,746.6680440504798,741.1509968361073,False,S4_000096,0
SECONDARY_W0_2018_2020,S4,260190,260262,2018-09-26T04:13:00,2018-09-26T05:25:00,2018-09-26T04:13:00,2018-09-26T05:25:00,260,1200.39,1201.89,1.5,0.6,take_profit,False,1.5,30.0,False,5.0,1.6666666666666667,1.277777777777778,1.2222222222222225,0.5,live_post_loss_cap;live_rolling_pf,5.188056977852751,6.629183916145183,741.1509968361073,747.7801807522525,True,S4_000097,0
SECONDARY_W0_2018_2020,S4,265486,265576,2018-10-02T01:04:00,2018-10-02T02:53:00,2018-10-02T01:04:00,2018-10-02T02:53:00,264,1188.75,1188.92,1.5,0.6,timeout,False,0.17000000000007276,30.0,False,5.0,0.18888888888896976,-0.19999999999991921,-0.25555555555547477,0.5,live_rolling_pf,5.234461265265767,-1.0468922530527305,747.7801807522525,746.7332884991997,False,S4_000098,0
SECONDARY_W0_2018_2020,S4,268314,268404,2018-10-04T03:02:00,2018-10-04T04:32:00,2018-10-04T03:02:00,2018-10-04T04:32:00,266,1197.85,1198.15,1.5,0.6,timeout,False,0.3000000000001819,30.0,False,5.0,0.3333333333335355,-0.055555555555353485,-0.11111111111090903,0.5,live_rolling_pf,5.227133019494398,-0.2903962788597437,746.7332884991997,746.44289222034,False,S4_000099,0
SECONDARY_W0_2018_2020,S4,273672,273762,2018-10-10T01:55:00,2018-10-10T03:32:00,2018-10-10T01:55:00,2018-10-10T03:32:00,267,1189.35,1189.89,1.5,0.6,timeout,False,0.540000000000191,30.0,False,5.0,0.6000000000002123,0.2111111111113233,0.15555555555576775,0.5,live_rolling_pf,5.2251002455423805,1.1030767185045,746.44289222034,747.5459689388446,True,S4_000100,0
SECONDARY_W0_2018_2020,S4,304012,304056,2018-11-09T04:53:00,2018-11-09T05:37:00,2018-11-09T04:53:00,2018-11-09T05:37:00,268,1220.59,1219.99,1.5,0.6,stop_loss,False,-0.599999999999909,25.0,True,5.0,-0.7058823529410695,-1.0588235294116577,-1.1176470588234226,0.5,live_rolling_pf,5.232821782571912,-5.540634828604993,747.5459689388446,742.0053341102396,False,S4_000101,0
SECONDARY_W0_2018_2020,S4,305288,305319,2018-11-12T03:13:00,2018-11-12T03:44:00,2018-11-12T03:13:00,2018-11-12T03:44:00,269,1209.51,1211.01,1.5,0.6,take_profit,False,1.5,21.0,True,5.0,1.851851851851852,1.5308641975308643,1.4691358024691359,0.5,live_rolling_pf,5.194037338771677,7.95136580256405,742.0053341102396,749.9566999128036,True,S4_000102,0
SECONDARY_W0_2018_2020,S4,305351,305361,2018-11-12T04:16:00,2018-11-12T04:26:00,2018-11-12T04:16:00,2018-11-12T04:26:00,271,1210.79,1210.19,1.5,0.6,stop_loss,False,-0.599999999999909,22.0,True,5.0,-0.7317073170730599,-1.0609756097559868,-1.1219512195120844,0.5,live_rolling_pf,5.249696899389625,-5.569800368864021,749.9566999128036,744.3868995439396,False,S4_000103,0
SECONDARY_W0_2018_2020,S4,305376,305466,2018-11-12T04:41:00,2018-11-12T06:11:00,2018-11-12T04:41:00,2018-11-12T06:11:00,274,1210.4,1210.01,1.5,0.6,timeout,False,-0.39000000000010004,21.0,True,5.0,-0.481481481481605,-0.8024691358025927,-0.8641975308643212,0.5,live_post_loss_cap;live_rolling_pf,5.210708296807578,-4.181432583858577,744.3868995439396,740.205466960081,False,S4_000104,0
SECONDARY_W0_2018_2020,S4,306732,306822,2018-11-13T04:26:00,2018-11-13T05:56:00,2018-11-13T04:26:00,2018-11-13T05:56:00,278,1203.81,1204.9,1.5,0.6,timeout,False,1.0900000000001455,22.0,True,5.0,1.3292682926831043,1.0000000000001774,0.9390243902440799,0.5,live_rolling_pf,5.181438268720568,5.181438268721487,740.205466960081,745.3869052288026,True,S4_000105,0
SECONDARY_W0_2018_2020,S4,308101,308191,2018-11-14T04:28:00,2018-11-14T05:58:00,2018-11-14T04:28:00,2018-11-14T05:58:00,280,1203.18,1203.73,1.5,0.6,timeout,False,0.5499999999999545,21.0,True,5.0,0.6790123456789563,0.35802469135796855,0.29629629629624016,0.5,live_rolling_pf,5.217708336601618,1.8680684168076938,745.3869052288026,747.2549736456102,True,S4_000106,0
SECONDARY_W0_2018_2020,S4,321288,321378,2018-11-28T03:18:00,2018-11-28T04:50:00,2018-11-28T03:18:00,2018-11-28T04:50:00,283,1214.34,1215.02,1.5,0.6,timeout,False,0.6800000000000637,24.0,True,5.0,0.8095238095238854,0.46428571428579013,0.40476190476198054,0.5,live_rolling_pf,5.2307848155192715,2.42857866434863,747.2549736456102,749.6835523099588,True,S4_000107,0
SECONDARY_W0_2018_2020,S4,321383,321438,2018-11-28T04:55:00,2018-11-28T05:51:00,2018-11-28T04:55:00,2018-11-28T05:51:00,289,1214.92,1214.3200000000002,1.5,0.6,stop_loss,False,-0.599999999999909,20.0,True,5.0,-0.7499999999998863,-1.0624999999998863,-1.1249999999998863,0.5,live_rolling_pf,5.247784866169712,-5.575771420304722,749.6835523099588,744.1077808896541,False,S4_000108,0
SECONDARY_W0_2018_2020,S4,337887,337977,2018-12-14T04:54:00,2018-12-14T06:24:00,2018-12-14T04:54:00,2018-12-14T06:24:00,292,1241.97,1241.63,1.5,0.6,timeout,False,-0.33999999999991815,26.0,True,5.0,-0.39534883720920716,-0.755813953488277,-0.8139534883719979,0.5,live_rolling_pf,5.208754466227579,-3.9368493058691865,744.1077808896541,740.170931583785,False,S4_000109,0
SECONDARY_W0_2018_2020,S4,368163,368189,2019-01-18T08:51:00,2019-01-18T09:17:00,2019-01-18T08:51:00,2019-01-18T09:17:00,312,1291.69,1291.0900000000001,1.5,0.6,stop_loss,False,-0.599999999999909,22.0,True,5.0,-0.7317073170730599,-1.0609756097559868,-1.1219512195120844,0.5,live_rolling_pf,5.181196521086495,-5.497123138225342,740.170931583785,734.6738084455596,False,S4_000110,0
SECONDARY_W0_2018_2020,S4,370357,370385,2019-01-22T03:32:00,2019-01-22T04:00:00,2019-01-22T03:32:00,2019-01-22T04:00:00,313,1279.24,1278.64,1.5,0.6,stop_loss,False,-0.599999999999909,21.0,True,5.0,-0.7407407407406285,-1.061728395061616,-1.1234567901233448,0.5,live_rolling_pf,5.142716659118918,-5.4601683047429646,734.6738084455596,729.2136401408167,False,S4_000111,0
SECONDARY_W0_2018_2020,S4,388327,388339,2019-02-08T04:51:00,2019-02-08T05:03:00,2019-02-08T04:51:00,2019-02-08T05:03:00,315,1309.97,1309.3700000000001,1.5,0.6,stop_loss,False,-0.599999999999909,26.0,True,5.0,-0.6976744186045454,-1.0581395348836153,-1.1162790697673362,0.5,live_rolling_pf,5.104495480985717,-5.401268474065743,729.2136401408167,723.8123716667509,False,S4_000112,0
SECONDARY_W0_2018_2020,S4,392425,392515,2019-02-13T04:26:00,2019-02-13T05:56:00,2019-02-13T04:26:00,2019-02-13T05:56:00,317,1312.19,1312.85,1.5,0.6,timeout,False,0.6599999999998545,27.0,True,5.0,0.7586206896550052,0.39080459770098214,0.33333333333316606,0.5,live_rolling_pf,5.066686601667256,1.9800844190415283,723.8123716667509,725.7924560857924,True,S4_000113,0
SECONDARY_W0_2018_2020,S4,392646,392712,2019-02-13T08:07:00,2019-02-13T09:13:00,2019-02-13T08:07:00,2019-02-13T09:13:00,318,1313.39,1312.7900000000002,1.5,0.6,stop_loss,False,-0.599999999999909,25.0,True,5.0,-0.7058823529410695,-1.0588235294116577,-1.1176470588234226,0.5,live_rolling_pf,5.080547192600547,-5.379402909811801,725.7924560857924,720.4130531759806,False,S4_000114,0
SECONDARY_W0_2018_2020,S4,397668,397758,2019-02-19T04:18:00,2019-02-19T05:48:00,2019-02-19T04:18:00,2019-02-19T05:48:00,332,1324.99,1324.97,1.5,0.6,timeout,False,-0.01999999999998181,24.0,True,5.0,-0.023809523809502155,-0.36904761904759736,-0.42857142857140695,0.5,live_rolling_pf,5.042891372231865,-1.861067054037841,720.4130531759806,718.5519861219428,False,S4_000115,0
SECONDARY_W0_2018_2020,S4,416966,417056,2019-03-11T04:02:00,2019-03-11T05:32:00,2019-03-11T04:02:00,2019-03-11T05:32:00,333,1296.13,1296.89,1.5,0.6,timeout,False,0.7599999999999909,23.0,True,5.0,0.9156626506023987,0.5783132530120372,0.5180722891566155,0.5,live_rolling_pf,5.0298639028536,2.9088369558670863,718.5519861219428,721.4608230778099,True,S4_000116,0
SECONDARY_W0_2018_2020,S4,417226,417245,2019-03-11T08:23:00,2019-03-11T08:42:00,2019-03-11T08:23:00,2019-03-11T08:42:00,336,1298.74,1298.14,1.5,0.6,stop_loss,False,-0.599999999999909,22.0,True,5.0,-0.7317073170730599,-1.0609756097559868,-1.1219512195120844,0.5,live_rolling_pf,5.050225761544669,-5.358166356760249,721.4608230778099,716.1026567210497,False,S4_000117,0
SECONDARY_W0_2018_2020,S4,418338,418406,2019-03-12T04:01:00,2019-03-12T05:09:00,2019-03-12T04:01:00,2019-03-12T05:09:00,338,1294.7,1296.2,1.5,0.6,take_profit,False,1.5,23.0,True,5.0,1.8072289156626506,1.4698795180722892,1.4096385542168675,0.5,live_rolling_pf,5.012718597047348,7.368092395659958,716.1026567210497,723.4707491167096,True,S4_000118,0
SECONDARY_W0_2018_2020,S4,419713,419746,2019-03-13T04:07:00,2019-03-13T04:40:00,2019-03-13T04:07:00,2019-03-13T04:40:00,342,1304.19,1305.69,1.5,0.6,take_profit,False,1.5,21.0,True,5.0,1.851851851851852,1.5308641975308643,1.4691358024691359,0.5,live_rolling_pf,5.064295243816967,7.752748274485234,723.4707491167096,731.2234973911949,True,S4_000119,0
SECONDARY_W0_2018_2020,S4,419762,419809,2019-03-13T04:56:00,2019-03-13T05:43:00,2019-03-13T04:56:00,2019-03-13T05:43:00,346,1305.21,1304.6100000000001,1.5,0.6,stop_loss,False,-0.599999999999909,26.0,True,5.0,-0.6976744186045454,-1.0581395348836153,-1.1162790697673362,0.5,live_rolling_pf,5.118564481738364,-5.416155439978426,731.2234973911949,725.8073419512165,False,S4_000120,0
SECONDARY_W0_2018_2020,S4,423851,423941,2019-03-18T04:21:00,2019-03-18T05:51:00,2019-03-18T04:21:00,2019-03-18T05:51:00,349,1298.93,1299.45,1.5,0.6,timeout,False,0.5199999999999818,25.0,True,5.0,0.6117647058823316,0.2588235294117433,0.19999999999997856,0.5,live_rolling_pf,5.080651393658515,1.3149921254173893,725.8073419512165,727.1223340766338,True,S4_000121,0
SECONDARY_W0_2018_2020,S4,425210,425238,2019-03-19T04:01:00,2019-03-19T04:29:00,2019-03-19T04:01:00,2019-03-19T04:29:00,350,1305.84,1307.34,1.5,0.6,take_profit,False,1.5,25.0,True,5.0,1.7647058823529411,1.411764705882353,1.352941176470588,0.5,live_rolling_pf,5.089856338536437,7.185679536757323,727.1223340766338,734.3080136133912,True,S4_000122,0
SECONDARY_W0_2018_2020,S4,425250,425340,2019-03-19T04:41:00,2019-03-19T06:11:00,2019-03-19T04:41:00,2019-03-19T06:11:00,351,1307.31,1307.35,1.5,0.6,timeout,False,0.03999999999996362,22.0,True,5.0,0.04878048780483368,-0.28048780487809316,-0.3414634146341907,0.5,live_rolling_pf,5.140156095293738,-1.4417510998996914,734.3080136133912,732.8662625134915,False,S4_000123,0
SECONDARY_W0_2018_2020,S4,426588,426603,2019-03-20T04:09:00,2019-03-20T04:24:00,2019-03-20T04:09:00,2019-03-20T04:24:00,366,1304.91,1304.3100000000002,1.5,0.6,stop_loss,False,-0.599999999999909,26.0,True,5.0,-0.6976744186045454,-1.0581395348836153,-1.1162790697673362,0.5,live_rolling_pf,5.130063837594441,-5.428323363035436,732.8662625134915,727.437939150456,False,S4_000124,0
SECONDARY_W0_2018_2020,S4,426840,426866,2019-03-20T08:26:00,2019-03-20T08:52:00,2019-03-20T08:26:00,2019-03-20T08:52:00,372,1305.9,1305.3000000000002,1.5,0.6,stop_loss,False,-0.599999999999909,25.0,True,5.0,-0.7058823529410695,-1.0588235294116577,-1.1176470588234226,0.5,live_rolling_pf,5.092065574053192,-5.3915988431146,727.437939150456,722.0463403073414,False,S4_000125,0
SECONDARY_W0_2018_2020,S4,440241,440247,2019-04-03T03:36:00,2019-04-03T03:42:00,2019-04-03T03:36:00,2019-04-03T03:42:00,375,1291.9,1291.3000000000002,1.5,0.6,stop_loss,False,-0.599999999999909,28.0,True,5.0,-0.6818181818180785,-1.0568181818180786,-1.1136363636362603,0.5,live_rolling_pf,5.05432438215139,-5.341501903864016,722.0463403073414,716.7048384034774,False,S4_000126,0
SECONDARY_W0_2018_2020,S4,441583,441644,2019-04-04T03:02:00,2019-04-04T04:03:00,2019-04-04T03:02:00,2019-04-04T04:03:00,376,1292.05,1291.45,1.5,0.6,stop_loss,False,-0.599999999999909,22.0,True,5.0,-0.7317073170730599,-1.0609756097559868,-1.1219512195120844,0.5,live_rolling_pf,5.016933868824342,-5.3228444705813684,716.7048384034774,711.3819939328961,False,S4_000127,0
SECONDARY_W0_2018_2020,S4,443020,443033,2019-04-05T04:04:00,2019-04-05T04:17:00,2019-04-05T04:04:00,2019-04-05T04:17:00,378,1291.72,1291.1200000000001,1.5,0.6,stop_loss,False,-0.599999999999909,25.0,True,5.0,-0.7058823529410695,-1.0588235294116577,-1.1176470588234226,0.5,live_rolling_pf,4.979673957530273,-5.2725959550315205,711.3819939328961,706.1093979778645,False,S4_000128,0
SECONDARY_W0_2018_2020,S4,444329,444382,2019-04-08T03:01:00,2019-04-08T03:54:00,2019-04-08T03:01:00,2019-04-08T03:54:00,380,1291.79,1293.29,1.5,0.6,take_profit,False,1.5,23.0,True,5.0,1.8072289156626506,1.4698795180722892,1.4096385542168675,0.5,live_rolling_pf,4.942765785845052,7.2652701912421245,706.1093979778645,713.3746681691067,True,S4_000129,0
SECONDARY_W0_2018_2020,S4,444412,444421,2019-04-08T04:24:00,2019-04-08T04:33:00,2019-04-08T04:24:00,2019-04-08T04:33:00,386,1293.62,1295.12,1.5,0.6,take_profit,False,1.5,22.0,True,5.0,1.829268292682927,1.5,1.4390243902439024,0.5,live_rolling_pf,4.9936226771837475,7.490434015775621,713.3746681691067,720.8651021848823,True,S4_000130,0
SECONDARY_W0_2018_2020,S4,445709,445715,2019-04-09T03:02:00,2019-04-09T03:08:00,2019-04-09T03:02:00,2019-04-09T03:08:00,387,1298.34,1297.74,1.5,0.6,stop_loss,False,-0.599999999999909,24.0,True,5.0,-0.714285714285606,-1.0595238095237014,-1.119047619047511,0.5,live_rolling_pf,5.046055715294176,-5.346416174537331,720.8651021848823,715.5186860103449,False,S4_000131,0
SECONDARY_W0_2018_2020,S4,445732,445754,2019-04-09T03:25:00,2019-04-09T03:47:00,2019-04-09T03:25:00,2019-04-09T03:47:00,388,1296.86,1298.36,1.5,0.6,take_profit,False,1.5,23.0,True,5.0,1.8072289156626506,1.4698795180722892,1.4096385542168675,0.5,live_post_loss_cap;live_rolling_pf,5.008630802072415,7.362083829552224,715.5186860103449,722.8807698398972,True,S4_000132,0
SECONDARY_W0_2018_2020,S4,452659,452674,2019-04-16T04:01:00,2019-04-16T04:16:00,2019-04-16T04:01:00,2019-04-16T04:16:00,389,1286.83,1286.23,1.5,0.6,stop_loss,False,-0.599999999999909,25.0,True,5.0,-0.7058823529410695,-1.0588235294116577,-1.1176470588234226,0.5,live_rolling_pf,5.06016538887928,-5.357822176459873,722.8807698398972,717.5229476634373,False,S4_000133,0
SECONDARY_W0_2018_2020,S4,456810,456846,2019-04-22T04:19:00,2019-04-22T04:55:00,2019-04-22T04:19:00,2019-04-22T04:55:00,390,1276.23,1277.73,1.5,0.6,take_profit,False,1.5,25.0,True,5.0,1.7647058823529411,1.411764705882353,1.352941176470588,0.5,live_rolling_pf,5.022660633644062,7.0908150122033815,717.5229476634373,724.6137626756407,True,S4_000134,0
SECONDARY_W0_2018_2020,S4,458108,458122,2019-04-23T03:01:00,2019-04-23T03:15:00,2019-04-23T03:01:00,2019-04-23T03:15:00,399,1274.37,1273.77,1.5,0.6,stop_loss,False,-0.599999999999909,22.0,True,5.0,-0.7317073170730599,-1.0609756097559868,-1.1219512195120844,0.5,live_rolling_pf,5.072296338729485,-5.381582700846574,724.6137626756407,719.2321799747941,False,S4_000135,0
SECONDARY_W0_2018_2020,S4,458138,458164,2019-04-23T03:31:00,2019-04-23T03:57:00,2019-04-23T03:31:00,2019-04-23T03:57:00,399,1273.59,1275.09,1.5,0.6,take_profit,False,1.5,23.0,True,5.0,1.8072289156626506,1.4698795180722892,1.4096385542168675,0.5,live_post_loss_cap;live_rolling_pf,5.034625259823559,7.400292550584028,719.2321799747941,726.6324725253781,True,S4_000136,1
SECONDARY_W0_2018_2020,S4,458166,458175,2019-04-23T03:59:00,2019-04-23T04:08:00,2019-04-23T03:59:00,2019-04-23T04:08:00,400,1275.68,1275.0800000000002,1.5,0.6,stop_loss,False,-0.599999999999909,21.0,True,5.0,-0.7407407407406285,-1.061728395061616,-1.1234567901233448,0.5,live_post_loss_cap;live_rolling_pf,5.086427307677647,-5.400404301978165,726.6324725253781,721.2320682234,False,S4_000137,0
SECONDARY_W0_2018_2020,S4,458192,458240,2019-04-23T04:25:00,2019-04-23T05:13:00,2019-04-23T04:25:00,2019-04-23T05:13:00,404,1275.87,1275.27,1.5,0.6,stop_loss,False,-0.599999999999909,24.0,True,5.0,-0.714285714285606,-1.0595238095237014,-1.119047619047511,0.5,live_post_loss_cap;live_rolling_pf,5.0486244775638,-5.349137839323005,721.2320682234,715.882930384077,False,S4_000138,0
SECONDARY_W0_2018_2020,S4,459486,459523,2019-04-24T03:01:00,2019-04-24T03:38:00,2019-04-24T03:01:00,2019-04-24T03:38:00,408,1271.59,1270.99,1.5,0.6,stop_loss,False,-0.599999999999909,24.0,True,5.0,-0.714285714285606,-1.0595238095237014,-1.119047619047511,0.5,live_rolling_pf,5.011180512688539,-5.309465067014696,715.882930384077,710.5734653170623,False,S4_000139,0
SECONDARY_W0_2018_2020,S4,459539,459546,2019-04-24T03:54:00,2019-04-24T04:01:00,2019-04-24T03:54:00,2019-04-24T04:01:00,410,1270.76,1270.16,1.5,0.6,stop_loss,False,-0.599999999999909,25.0,True,5.0,-0.7058823529410695,-1.0588235294116577,-1.1176470588234226,0.5,live_post_loss_cap;live_rolling_pf,4.974014257219436,-5.2666033311729885,710.5734653170623,705.3068619858893,False,S4_000140,0
SECONDARY_W0_2018_2020,S4,459561,459575,2019-04-24T04:16:00,2019-04-24T04:30:00,2019-04-24T04:16:00,2019-04-24T04:30:00,411,1270.4,1269.8000000000002,1.5,0.6,stop_loss,False,-0.599999999999909,23.0,True,5.0,-0.7228915662649507,-1.0602409638553123,-1.1204819277107338,0.5,live_post_loss_cap;live_rolling_pf,4.9371480339012255,-5.234566590159796,705.3068619858893,700.0722953957295,False,S4_000141,0
SECONDARY_W0_2018_2020,S4,459593,459598,2019-04-24T04:48:00,2019-04-24T04:53:00,2019-04-24T04:48:00,2019-04-24T04:53:00,412,1271.18,1270.5800000000002,1.5,0.6,stop_loss,False,-0.599999999999909,22.0,True,5.0,-0.7317073170730599,-1.0609756097559868,-1.1219512195120844,0.5,live_post_loss_cap;live_rolling_pf,4.900506067770107,-5.199317413365303,700.0722953957295,694.8729779823642,False,S4_000142,0
SECONDARY_W0_2018_2020,S4,460745,460756,2019-04-25T01:01:00,2019-04-25T01:12:00,2019-04-25T01:01:00,2019-04-25T01:12:00,413,1275.57,1274.97,1.5,0.6,stop_loss,False,-0.599999999999909,28.0,True,5.0,-0.6818181818180785,-1.0568181818180786,-1.1136363636362603,0.5,live_rolling_pf,4.864110845876549,-5.140480780300852,694.8729779823642,689.7324972020633,False,S4_000143,0
SECONDARY_W0_2018_2020,S4,460772,460846,2019-04-25T01:28:00,2019-04-25T02:42:00,2019-04-25T01:28:00,2019-04-25T02:42:00,415,1274.58,1273.98,1.5,0.6,stop_loss,False,-0.599999999999909,27.0,True,5.0,-0.6896551724136886,-1.0574712643677115,-1.1149425287355277,0.5,live_post_loss_cap;live_rolling_pf,4.828127480414444,-5.105606071242355,689.7324972020633,684.6268911308209,False,S4_000144,0
SECONDARY_W0_2018_2020,S4,460862,460867,2019-04-25T02:58:00,2019-04-25T03:03:00,2019-04-25T02:58:00,2019-04-25T03:03:00,419,1274.61,1274.01,1.5,0.6,stop_loss,False,-0.599999999999909,23.0,True,5.0,-0.7228915662649507,-1.0602409638553123,-1.1204819277107338,0.5,live_post_loss_cap;live_rolling_pf,4.7923882379157465,-5.081086324536653,684.6268911308209,679.5458048062843,False,S4_000145,0
SECONDARY_W0_2018_2020,S4,460885,460975,2019-04-25T03:21:00,2019-04-25T04:51:00,2019-04-25T03:21:00,2019-04-25T04:51:00,420,1273.75,1274.24,1.5,0.6,timeout,False,0.4900000000000091,25.0,True,5.0,0.5764705882353048,0.2235294117647166,0.16470588235295183,0.5,live_post_loss_cap;live_rolling_pf,4.75682063364399,1.0632893181087075,679.5458048062843,680.609094124393,True,S4_000146,0
SECONDARY_W0_2018_2020,S4,460977,461008,2019-04-25T04:53:00,2019-04-25T05:24:00,2019-04-25T04:53:00,2019-04-25T05:24:00,431,1274.33,1275.83,1.5,0.6,take_profit,False,1.5,27.0,True,5.0,1.7241379310344829,1.3563218390804597,1.2988505747126435,0.5,live_post_loss_cap;live_rolling_pf,4.7642636588707505,6.461874847663776,680.609094124393,687.0709689720568,True,S4_000147,0
SECONDARY_W0_2018_2020,S4,462241,462262,2019-04-26T02:58:00,2019-04-26T03:19:00,2019-04-26T02:58:00,2019-04-26T03:19:00,433,1278.59,1277.99,1.5,0.6,stop_loss,False,-0.599999999999909,26.0,True,5.0,-0.6976744186045454,-1.0581395348836153,-1.1162790697673362,0.5,live_rolling_pf,4.8094967828043975,-5.089118688780889,687.0709689720568,681.9818502832759,False,S4_000148,0
SECONDARY_W0_2018_2020,S4,462355,462399,2019-04-26T04:52:00,2019-04-26T05:36:00,2019-04-26T04:52:00,2019-04-26T05:36:00,438,1279.27,1280.77,1.5,0.6,take_profit,False,1.5,19.0,True,5.0,1.8987341772151898,1.5949367088607593,1.5316455696202531,0.5,live_post_loss_cap;live_rolling_pf,4.7738729519829315,7.614025214555054,681.9818502832759,689.5958754978309,True,S4_000149,0
SECONDARY_W0_2018_2020,S4,462551,462635,2019-04-26T08:08:00,2019-04-26T09:32:00,2019-04-26T08:08:00,2019-04-26T09:32:00,448,1280.03,1281.53,1.5,0.6,take_profit,False,1.5,24.0,True,5.0,1.7857142857142858,1.4404761904761905,1.380952380952381,0.5,live_rolling_pf,4.827171128484816,6.953425077936462,689.5958754978309,696.5493005757673,True,S4_000150,0
SECONDARY_W0_2018_2020,S4,462658,462663,2019-04-26T09:55:00,2019-04-26T10:00:00,2019-04-26T09:55:00,2019-04-26T10:00:00,454,1281.92,1281.3200000000002,1.5,0.6,stop_loss,False,-0.599999999999909,20.0,True,5.0,-0.7499999999998863,-1.0624999999998863,-1.1249999999998863,0.5,live_rolling_pf,4.875845104030372,-5.180585423031716,696.5493005757673,691.3687151527356,False,S4_000151,0
SECONDARY_W0_2018_2020,S4,463598,463648,2019-04-29T02:37:00,2019-04-29T03:27:00,2019-04-29T02:37:00,2019-04-29T03:27:00,459,1285.9,1285.3000000000002,1.5,0.6,stop_loss,False,-0.599999999999909,19.0,True,5.0,-0.7594936708859608,-1.0632911392403912,-1.1265822784808974,0.5,live_rolling_pf,4.8395810060691495,-5.145883601389425,691.3687151527356,686.2228315513462,False,S4_000152,0
SECONDARY_W0_2018_2020,S4,463663,463753,2019-04-29T03:42:00,2019-04-29T05:12:00,2019-04-29T03:42:00,2019-04-29T05:12:00,460,1285.17,1285.51,1.5,0.6,timeout,False,0.33999999999991815,28.0,True,5.0,0.3863636363635434,0.011363636363543329,-0.04545454545463848,0.5,live_post_loss_cap;live_rolling_pf,4.803559820859423,0.05458590705477382,686.2228315513462,686.2774174584009,True,S4_000153,0
SECONDARY_W0_2018_2020,S4,465001,465071,2019-04-30T03:01:00,2019-04-30T04:11:00,2019-04-30T03:01:00,2019-04-30T04:11:00,468,1280.64,1282.14,1.5,0.6,take_profit,False,1.5,23.0,True,5.0,1.8072289156626506,1.4698795180722892,1.4096385542168675,0.5,live_rolling_pf,4.803941922208806,7.061215837463547,686.2774174584009,693.3386332958645,True,S4_000154,0
SECONDARY_W0_2018_2020,S4,465073,465163,2019-04-30T04:13:00,2019-04-30T05:43:00,2019-04-30T04:13:00,2019-04-30T05:43:00,470,1281.96,1281.98,1.5,0.6457142857143221,timeout,False,0.01999999999998181,26.0,True,5.0,0.022082018927423824,-0.32018927444795675,-0.3753943217665665,0.5,live_rolling_pf,4.853370433071052,-1.5539971575921858,693.3386332958645,691.7846361382723,False,S4_000155,0
SECONDARY_W0_2018_2020,S4,466259,466302,2019-05-01T01:01:00,2019-05-01T01:45:00,2019-05-01T01:01:00,2019-05-01T01:45:00,476,1283.34,1282.74,1.5,0.6,stop_loss,False,-0.599999999999909,26.0,True,5.0,-0.6976744186045454,-1.0581395348836153,-1.1162790697673362,0.5,live_rolling_pf,4.842492452967906,-5.1240327118608775,691.7846361382723,686.6606034264114,False,S4_000156,0
SECONDARY_W0_2018_2020,S4,466318,466408,2019-05-01T02:01:00,2019-05-01T03:31:00,2019-05-01T02:01:00,2019-05-01T03:31:00,479,1282.61,1282.56,1.5,0.6,timeout,False,-0.049999999999954525,24.0,True,5.0,-0.05952380952375539,-0.40476190476185064,-0.4642857142856602,0.5,live_post_loss_cap;live_rolling_pf,4.80662422398488,-1.9455383763745722,686.6606034264114,684.7150650500369,False,S4_000157,0
SECONDARY_W0_2018_2020,S4,466423,466451,2019-05-01T03:46:00,2019-05-01T04:14:00,2019-05-01T03:46:00,2019-05-01T04:14:00,484,1282.57,1281.97,1.5,0.6,stop_loss,False,-0.599999999999909,27.0,True,5.0,-0.6896551724136886,-1.0574712643677115,-1.1149425287355277,0.5,live_post_loss_cap;live_rolling_pf,4.793005455350258,-5.068465538990576,684.7150650500369,679.6465995110462,False,S4_000158,0
SECONDARY_W0_2018_2020,S4,466467,466513,2019-05-01T04:30:00,2019-05-01T05:16:00,2019-05-01T04:30:00,2019-05-01T05:16:00,485,1281.8,1281.2,1.5,0.6,stop_loss,False,-0.599999999999909,27.0,True,5.0,-0.6896551724136886,-1.0574712643677115,-1.1149425287355277,0.5,live_post_loss_cap;live_rolling_pf,4.757526196577324,-5.030947242357132,679.6465995110462,674.6156522686891,False,S4_000159,0
SECONDARY_W0_2018_2020,S4,469196,469214,2019-05-03T04:02:00,2019-05-03T04:20:00,2019-05-03T04:02:00,2019-05-03T04:20:00,494,1271.66,1271.0600000000002,1.5,0.6,stop_loss,False,-0.599999999999909,27.0,True,5.0,-0.6896551724136886,-1.0574712643677115,-1.1149425287355277,0.5,live_rolling_pf,4.722309565880824,-4.993706667367734,674.6156522686891,669.6219456013214,False,S4_000160,0
SECONDARY_W0_2018_2020,S4,471892,471925,2019-05-07T03:01:00,2019-05-07T03:34:00,2019-05-07T03:01:00,2019-05-07T03:34:00,495,1283.16,1282.5600000000002,1.5,0.6,stop_loss,False,-0.599999999999909,19.0,True,5.0,-0.7594936708859608,-1.0632911392403912,-1.1265822784808974,0.5,live_rolling_pf,4.68735361920925,-4.984021569791574,669.6219456013214,664.6379240315298,False,S4_000161,0
SECONDARY_W0_2018_2020,S4,471952,471961,2019-05-07T04:01:00,2019-05-07T04:10:00,2019-05-07T04:01:00,2019-05-07T04:10:00,500,1282.49,1281.89,1.5,0.6,stop_loss,False,-0.599999999999909,22.0,True,5.0,-0.7317073170730599,-1.0609756097559868,-1.1219512195120844,0.5,live_post_loss_cap;live_rolling_pf,4.652465468220709,-4.936152387014139,664.6379240315298,659.7017716445157,False,S4_000162,0
SECONDARY_W0_2018_2020,S4,471983,472073,2019-05-07T04:32:00,2019-05-07T06:02:00,2019-05-07T04:32:00,2019-05-07T06:02:00,502,1281.57,1282.75,1.5,0.6,timeout,False,1.1800000000000637,21.0,True,5.0,1.4567901234568688,1.1358024691358812,1.0740740740741528,0.5,live_post_loss_cap;live_rolling_pf,4.61791240151161,5.245036307890094,659.7017716445157,664.9468079524058,True,S4_000163,0
SECONDARY_W0_2018_2020,S4,473271,473290,2019-05-08T03:01:00,2019-05-08T03:20:00,2019-05-08T03:01:00,2019-05-08T03:20:00,508,1285.19,1284.5900000000001,1.5,0.6,stop_loss,False,-0.599999999999909,18.0,True,5.0,-0.7692307692306526,-1.0641025641024475,-1.1282051282050116,0.5,live_rolling_pf,4.654627655666841,-4.9530012233372505,664.9468079524058,659.9938067290686,False,S4_000164,0
SECONDARY_W0_2018_2020,S4,473305,473395,2019-05-08T03:35:00,2019-05-08T05:05:00,2019-05-08T03:35:00,2019-05-08T05:05:00,512,1285.11,1286.41,1.5,0.6,timeout,False,1.300000000000182,17.0,True,5.0,1.6883116883119245,1.4025974025976389,1.3376623376625738,0.5,live_post_loss_cap;live_rolling_pf,4.61995664710348,6.479939193341038,659.9938067290686,666.4737459224096,True,S4_000165,0
SECONDARY_W0_2018_2020,S4,473574,473664,2019-05-08T08:05:00,2019-05-08T09:35:00,2019-05-08T08:05:00,2019-05-08T09:35:00,517,1286.89,1287.46,1.5,0.6,timeout,False,0.5699999999999363,25.0,True,5.0,0.6705882352940428,0.3176470588234545,0.2588235294116898,0.5,live_rolling_pf,4.665316221456868,1.4819239762271261,666.4737459224096,667.9556698986368,True,S4_000166,0
SECONDARY_W0_2018_2020,S4,474649,474679,2019-05-09T03:01:00,2019-05-09T03:31:00,2019-05-09T03:01:00,2019-05-09T03:31:00,525,1281.16,1282.66,1.5,0.6,take_profit,False,1.5,21.0,True,5.0,1.851851851851852,1.5308641975308643,1.4691358024691359,0.5,live_rolling_pf,4.675689689290458,7.157845944098973,667.9556698986368,675.1135158427358,True,S4_000167,0
SECONDARY_W0_2018_2020,S4,477482,477510,2019-05-13T04:17:00,2019-05-13T04:45:00,2019-05-13T04:17:00,2019-05-13T04:45:00,528,1286.55,1285.95,1.5,0.6,stop_loss,False,-0.599999999999909,25.0,True,5.0,-0.7058823529410695,-1.0588235294116577,-1.1176470588234226,0.5,live_rolling_pf,4.72579461089915,-5.00378252918683,675.1135158427358,670.1097333135489,False,S4_000168,0
SECONDARY_W0_2018_2020,S4,480160,480250,2019-05-15T03:01:00,2019-05-15T04:31:00,2019-05-15T03:01:00,2019-05-15T04:31:00,533,1297.24,1297.32,1.5,0.6,timeout,False,0.07999999999992724,18.0,True,5.0,0.10256410256400927,-0.1923076923077856,-0.2564102564103497,0.5,live_rolling_pf,4.690768133194842,-0.9020707948455996,670.1097333135489,669.2076625187033,False,S4_000169,0
SECONDARY_W0_2018_2020,S4,480265,480279,2019-05-15T04:46:00,2019-05-15T05:00:00,2019-05-15T04:46:00,2019-05-15T05:00:00,535,1297.21,1296.6100000000001,1.5,0.6,stop_loss,False,-0.599999999999909,21.0,True,5.0,-0.7407407407406285,-1.061728395061616,-1.1234567901233448,0.5,live_post_loss_cap;live_rolling_pf,4.684453637630923,-4.973617442422429,669.2076625187033,664.2340450762808,False,S4_000170,0
SECONDARY_W0_2018_2020,S4,481553,481643,2019-05-16T03:21:00,2019-05-16T04:51:00,2019-05-16T03:21:00,2019-05-16T04:51:00,540,1295.87,1295.92,1.5,0.6,timeout,False,0.0500000000001819,30.0,True,5.0,0.05555555555575767,-0.3333333333331313,-0.38888888888868683,0.5,live_rolling_pf,4.649638315533966,-1.5498794385103825,664.2340450762808,662.6841656377704,False,S4_000171,0
SECONDARY_W0_2018_2020,S4,482988,483078,2019-05-17T04:17:00,2019-05-17T05:47:00,2019-05-17T04:17:00,2019-05-17T05:47:00,545,1285.43,1285.27,1.5,0.6,timeout,False,-0.16000000000008185,24.0,True,5.0,-0.19047619047628792,-0.5357142857143832,-0.5952380952381928,0.5,live_rolling_pf,4.638789159464393,-2.485065621142091,662.6841656377704,660.1991000166283,False,S4_000172,0
SECONDARY_W0_2018_2020,S4,484290,484294,2019-05-20T03:01:00,2019-05-20T03:05:00,2019-05-20T03:01:00,2019-05-20T03:05:00,546,1277.46,1276.8600000000001,1.5,0.6,stop_loss,False,-0.599999999999909,23.0,True,5.0,-0.7228915662649507,-1.0602409638553123,-1.1204819277107338,0.5,live_rolling_pf,4.621393700116398,-4.899790910966278,660.1991000166283,655.299309105662,False,S4_000173,0
SECONDARY_W0_2018_2020,S4,484309,484364,2019-05-20T03:20:00,2019-05-20T04:15:00,2019-05-20T03:20:00,2019-05-20T04:15:00,548,1277.12,1278.62,1.5,0.6,take_profit,False,1.5,24.0,True,5.0,1.7857142857142858,1.4404761904761905,1.380952380952381,0.5,live_post_loss_cap;live_rolling_pf,4.587095163739634,6.607601366815425,655.299309105662,661.9069104724774,True,S4_000174,0
SECONDARY_W0_2018_2020,S4,484366,484391,2019-05-20T04:17:00,2019-05-20T04:42:00,2019-05-20T04:17:00,2019-05-20T04:42:00,550,1278.08,1277.48,1.5,0.6,stop_loss,False,-0.599999999999909,16.0,True,5.0,-0.7894736842104066,-1.0657894736840907,-1.1315789473683013,0.5,live_post_loss_cap;live_rolling_pf,4.633348373307342,-4.93817392418227,661.9069104724774,656.9687365482952,False,S4_000175,0
SECONDARY_W0_2018_2020,S4,484408,484459,2019-05-20T04:59:00,2019-05-20T05:50:00,2019-05-20T04:59:00,2019-05-20T05:50:00,552,1276.99,1276.39,1.5,0.6,stop_loss,False,-0.599999999999909,22.0,True,5.0,-0.7317073170730599,-1.0609756097559868,-1.1219512195120844,0.5,live_post_loss_cap;live_rolling_pf,4.598781155838067,-4.879194640949635,656.9687365482952,652.0895419073455,False,S4_000176,0
SECONDARY_W0_2018_2020,S4,485723,485725,2019-05-21T04:01:00,2019-05-21T04:03:00,2019-05-21T04:01:00,2019-05-21T04:03:00,553,1276.53,1275.93,1.5,0.6,stop_loss,False,-0.599999999999909,23.0,True,5.0,-0.7228915662649507,-1.0602409638553123,-1.1204819277107338,0.5,live_rolling_pf,4.564626793351419,-4.839604311022692,652.0895419073455,647.2499375963229,False,S4_000177,0
SECONDARY_W0_2018_2020,S4,485740,485830,2019-05-21T04:18:00,2019-05-21T05:48:00,2019-05-21T04:18:00,2019-05-21T05:48:00,553,1275.89,1276.63,1.5,0.6,timeout,False,0.7400000000000091,24.0,True,5.0,0.8809523809523918,0.5357142857142966,0.476190476190487,0.5,live_post_loss_cap;live_rolling_pf,4.53074956317426,2.42718726598626,647.2499375963229,649.6771248623091,True,S4_000178,1
SECONDARY_W0_2018_2020,S4,487043,487092,2019-05-22T03:05:00,2019-05-22T03:54:00,2019-05-22T03:05:00,2019-05-22T03:54:00,554,1274.93,1274.3300000000002,1.5,0.6,stop_loss,False,-0.599999999999909,25.0,True,5.0,-0.7058823529410695,-1.0588235294116577,-1.1176470588234226,0.5,live_rolling_pf,4.547739874036164,-4.815253984273099,649.6771248623091,644.861870878036,False,S4_000179,0
SECONDARY_W0_2018_2020,S4,487107,487197,2019-05-22T04:09:00,2019-05-22T05:39:00,2019-05-22T04:09:00,2019-05-22T05:39:00,555,1273.92,1273.68,1.5,0.6,timeout,False,-0.2400000000000091,24.0,True,5.0,-0.2857142857142966,-0.6309523809523918,-0.6904761904762015,0.5,live_post_loss_cap;live_rolling_pf,4.514033096146252,-2.8481399297113748,644.861870878036,642.0137309483247,False,S4_000180,0
SECONDARY_W0_2018_2020,S4,489820,489841,2019-05-24T03:25:00,2019-05-24T03:46:00,2019-05-24T03:25:00,2019-05-24T03:46:00,556,1283.4,1282.8000000000002,1.5,0.6,stop_loss,False,-0.599999999999909,24.0,True,5.0,-0.714285714285606,-1.0595238095237014,-1.119047619047511,0.5,live_rolling_pf,4.494096116638273,-4.761601837866256,642.0137309483247,637.2521291104584,False,S4_000181,0
SECONDARY_W0_2018_2020,S4,489857,489876,2019-05-24T04:02:00,2019-05-24T04:21:00,2019-05-24T04:02:00,2019-05-24T04:21:00,559,1283.61,1283.01,1.5,0.6,stop_loss,False,-0.599999999999909,24.0,True,5.0,-0.714285714285606,-1.0595238095237014,-1.119047619047511,0.5,live_post_loss_cap;live_rolling_pf,4.460764903773209,-4.726286624235418,637.2521291104584,632.525842486223,False,S4_000182,0
SECONDARY_W0_2018_2020,S4,489891,489921,2019-05-24T04:36:00,2019-05-24T05:06:00,2019-05-24T04:36:00,2019-05-24T05:06:00,560,1283.14,1282.5400000000002,1.5,0.6,stop_loss,False,-0.599999999999909,22.0,True,5.0,-0.7317073170730599,-1.0609756097559868,-1.1219512195120844,0.5,live_post_loss_cap;live_rolling_pf,4.427680897403562,-4.697661439927679,632.525842486223,627.8281810462954,False,S4_000183,0
SECONDARY_W0_2018_2020,S4,490096,490157,2019-05-24T08:01:00,2019-05-24T09:02:00,2019-05-24T08:01:00,2019-05-24T09:02:00,572,1283.75,1283.15,1.5,0.6,stop_loss,False,-0.599999999999909,22.0,True,5.0,-0.7317073170730599,-1.0609756097559868,-1.1219512195120844,0.5,live_rolling_pf,4.394797267324068,-4.662772710453098,627.8281810462954,623.1654083358424,False,S4_000184,0
SECONDARY_W0_2018_2020,S4,490192,490194,2019-05-24T09:37:00,2019-05-24T09:39:00,2019-05-24T09:37:00,2019-05-24T09:39:00,576,1285.14,1284.5400000000002,1.5,0.6,stop_loss,False,-0.599999999999909,21.0,True,5.0,-0.7407407407406285,-1.061728395061616,-1.1234567901233448,0.5,live_post_loss_cap;live_rolling_pf,4.362157858350897,-4.631426861952314,623.1654083358424,618.5339814738901,False,S4_000185,0
SECONDARY_W0_2018_2020,S4,491110,491144,2019-05-27T01:57:00,2019-05-27T02:31:00,2019-05-27T01:57:00,2019-05-27T02:31:00,579,1284.77,1284.17,1.5,0.6,stop_loss,False,-0.599999999999909,27.0,True,5.0,-0.6896551724136886,-1.0574712643677115,-1.1149425287355277,0.5,live_rolling_pf,4.3297378703172305,-4.578573380105125,618.5339814738901,613.955408093785,False,S4_000186,0
SECONDARY_W0_2018_2020,S4,491159,491206,2019-05-27T02:46:00,2019-05-27T03:33:00,2019-05-27T02:46:00,2019-05-27T03:33:00,585,1284.65,1284.0500000000002,1.5,0.6,stop_loss,False,-0.599999999999909,27.0,True,5.0,-0.6896551724136886,-1.0574712643677115,-1.1149425287355277,0.5,live_post_loss_cap;live_rolling_pf,4.297687856656495,-4.544681411636304,613.955408093785,609.4107266821486,False,S4_000187,0
SECONDARY_W0_2018_2020,S4,491221,491248,2019-05-27T03:48:00,2019-05-27T04:15:00,2019-05-27T03:48:00,2019-05-27T04:15:00,585,1284.35,1285.85,1.5,0.6,take_profit,False,1.5,22.0,True,5.0,1.829268292682927,1.5,1.4390243902439024,0.5,live_post_loss_cap;live_rolling_pf,4.26587508677504,6.39881263016256,609.4107266821486,615.8095393123111,True,S4_000188,1
SECONDARY_W0_2018_2020,S4,491251,491341,2019-05-27T04:18:00,2019-05-27T05:48:00,2019-05-27T04:18:00,2019-05-27T05:48:00,586,1286.09,1286.56,1.5,0.6,timeout,False,0.4700000000000273,22.0,True,5.0,0.5731707317073503,0.24390243902442352,0.18292682926832596,0.5,live_post_loss_cap;live_rolling_pf,4.310666775186178,1.051382140289455,615.8095393123111,616.8609214526006,True,S4_000189,0
SECONDARY_W0_2018_2020,S4,491473,491530,2019-05-27T08:00:00,2019-05-27T08:57:00,2019-05-27T08:00:00,2019-05-27T08:57:00,595,1286.73,1286.13,1.5,0.6,stop_loss,False,-0.599999999999909,23.0,True,5.0,-0.7228915662649507,-1.0602409638553123,-1.1204819277107338,0.5,live_rolling_pf,4.318026450168204,-4.578148525479069,616.8609214526006,612.2827729271215,False,S4_000190,0
SECONDARY_W0_2018_2020,S4,491548,491576,2019-05-27T09:15:00,2019-05-27T09:43:00,2019-05-27T09:15:00,2019-05-27T09:43:00,604,1286.27,1285.67,1.5,0.6,stop_loss,False,-0.599999999999909,23.0,True,5.0,-0.7228915662649507,-1.0602409638553123,-1.1204819277107338,0.5,live_post_loss_cap;live_rolling_pf,4.285979410489851,-4.5441709412417834,612.2827729271215,607.7386019858798,False,S4_000191,0
SECONDARY_W0_2018_2020,S4,491684,491712,2019-05-27T11:31:00,2019-05-27T11:59:00,2019-05-27T11:31:00,2019-05-27T11:59:00,607,1286.63,1286.0300000000002,1.5,0.6,stop_loss,False,-0.599999999999909,26.0,True,5.0,-0.6976744186045454,-1.0581395348836153,-1.1162790697673362,0.5,live_post_loss_cap;live_rolling_pf,4.254170213901158,-4.501505691453102,607.7386019858798,603.2370962944267,False,S4_000192,0
SECONDARY_W0_2018_2020,S4,491729,491809,2019-05-27T12:16:00,2019-05-27T13:37:00,2019-05-27T12:16:00,2019-05-27T13:37:00,608,1286.25,1285.65,1.5,0.6,stop_loss,False,-0.599999999999909,23.0,True,5.0,-0.7228915662649507,-1.0602409638553123,-1.1204819277107338,0.5,live_post_loss_cap;live_rolling_pf,4.222659674060987,-4.477036762859379,603.2370962944267,598.7600595315673,False,S4_000193,0
SECONDARY_W0_2018_2020,S4,492313,492342,2019-05-28T03:01:00,2019-05-28T03:30:00,2019-05-28T03:01:00,2019-05-28T03:30:00,610,1285.86,1285.26,1.5,0.6,stop_loss,False,-0.599999999999909,22.0,True,5.0,-0.7317073170730599,-1.0609756097559868,-1.1219512195120844,0.5,live_rolling_pf,4.191320416720972,-4.44688873481325,598.7600595315673,594.3131707967541,False,S4_000194,0
SECONDARY_W0_2018_2020,S4,492358,492372,2019-05-28T03:46:00,2019-05-28T04:00:00,2019-05-28T03:46:00,2019-05-28T04:00:00,613,1284.92,1284.3200000000002,1.5,0.6,stop_loss,False,-0.599999999999909,22.0,True,5.0,-0.7317073170730599,-1.0609756097559868,-1.1219512195120844,0.5,live_post_loss_cap;live_rolling_pf,4.160192195577279,-4.413862451404701,594.3131707967541,589.8993083453494,False,S4_000195,0
SECONDARY_W0_2018_2020,S4,492387,492397,2019-05-28T04:15:00,2019-05-28T04:25:00,2019-05-28T04:15:00,2019-05-28T04:25:00,613,1284.32,1283.72,1.5,0.6,stop_loss,False,-0.599999999999909,22.0,True,5.0,-0.7317073170730599,-1.0609756097559868,-1.1219512195120844,0.5,live_post_loss_cap;live_rolling_pf,4.129295158417445,-4.381081448564394,589.8993083453494,585.518226896785,False,S4_000196,1
SECONDARY_W0_2018_2020,S4,492412,492502,2019-05-28T04:40:00,2019-05-28T06:10:00,2019-05-28T04:40:00,2019-05-28T06:10:00,613,1283.09,1283.33,1.5,0.6,timeout,False,0.2400000000000091,22.0,True,5.0,0.2926829268292794,-0.03658536585364747,-0.09756097560974503,0.5,live_post_loss_cap;live_rolling_pf,4.098627588277495,-0.1499497898149849,585.518226896785,585.36827710697,False,S4_000197,2
SECONDARY_W0_2018_2020,S4,492651,492667,2019-05-28T08:39:00,2019-05-28T08:55:00,2019-05-28T08:39:00,2019-05-28T08:55:00,614,1283.66,1283.0600000000002,1.5,0.6,stop_loss,False,-0.599999999999909,17.0,True,5.0,-0.7792207792206611,-1.0649350649349467,-1.1298701298700118,0.5,live_rolling_pf,4.09757793974879,-4.363654429342383,585.36827710697,581.0046226776276,False,S4_000198,0
SECONDARY_W0_2018_2020,S4,493704,493751,2019-05-29T03:13:00,2019-05-29T04:00:00,2019-05-29T03:13:00,2019-05-29T04:00:00,615,1281.1,1280.5,1.5,0.6,stop_loss,False,-0.599999999999909,14.0,True,5.0,-0.810810810810688,-1.0675675675674445,-1.1351351351350123,0.5,live_rolling_pf,4.067032358743393,-4.341831842441771,581.0046226776276,576.6627908351858,False,S4_000199,0
SECONDARY_W0_2018_2020,S4,496510,496574,2019-05-31T04:01:00,2019-05-31T05:05:00,2019-05-31T04:01:00,2019-05-31T05:05:00,616,1291.85,1291.25,1.5,0.6,stop_loss,False,-0.599999999999909,17.0,True,5.0,-0.7792207792206611,-1.0649350649349467,-1.1298701298700118,0.5,live_rolling_pf,4.036639535846301,-4.298758986225454,576.6627908351858,572.3640318489603,False,S4_000200,0
SECONDARY_W0_2018_2020,S4,593892,593915,2019-09-09T04:10:00,2019-09-09T04:33:00,2019-09-09T04:10:00,2019-09-09T04:33:00,620,1510.5,1508.557142857143,1.5785714285714498,1.942857142857169,stop_loss,False,-1.942857142857065,22.0,True,5.0,-0.8982826948480377,-1.0231175693526597,-1.0462351387053674,0.5,live_rolling_pf,4.006548222942722,-4.099169879351376,572.3640318489603,568.2648619696089,False,S4_000201,0
SECONDARY_W0_2018_2020,S4,603493,603568,2019-09-18T03:19:00,2019-09-18T04:34:00,2019-09-18T03:19:00,2019-09-18T04:34:00,621,1501.24,1500.64,1.5,0.6,stop_loss,False,-0.599999999999909,25.0,True,5.0,-0.7058823529410695,-1.0588235294116577,-1.1176470588234226,0.5,live_rolling_pf,3.977854033787262,-4.211845447539028,568.2648619696089,564.0530165220698,False,S4_000202,0
SECONDARY_W0_2018_2020,S4,641015,641026,2019-10-25T08:27:00,2019-10-25T08:38:00,2019-10-25T08:27:00,2019-10-25T08:38:00,625,1503.05,1504.55,1.5,0.6,take_profit,False,1.5,18.0,True,5.0,1.923076923076923,1.6282051282051282,1.564102564102564,0.5,live_rolling_pf,3.948371115654489,6.428758098565642,564.0530165220698,570.4817746206354,True,S4_000203,0
SECONDARY_W0_2018_2020,S4,657242,657332,2019-11-12T03:09:00,2019-11-12T04:39:00,2019-11-12T03:09:00,2019-11-12T04:39:00,626,1455.84,1455.37,1.5,0.6308571428570888,timeout,False,-0.4700000000000273,25.0,True,5.0,-0.5335711968862136,-0.8741485566007983,-0.9309114498865624,0.5,live_rolling_pf,3.993372422344448,-3.4908007389618323,570.4817746206354,566.9909738816735,False,S4_000204,0
SECONDARY_W0_2018_2020,S4,662789,662805,2019-11-18T03:41:00,2019-11-18T03:57:00,2019-11-18T03:41:00,2019-11-18T03:57:00,627,1466.21,1465.6100000000001,1.5,0.6,stop_loss,False,-0.599999999999909,19.0,True,5.0,-0.7594936708859608,-1.0632911392403912,-1.1265822784808974,0.5,live_rolling_pf,3.968936817171715,-4.220135349903645,566.9909738816735,562.7708385317699,False,S4_000205,0
SECONDARY_W0_2018_2020,S4,662820,662884,2019-11-18T04:12:00,2019-11-18T05:16:00,2019-11-18T04:12:00,2019-11-18T05:16:00,628,1465.78,1465.18,1.5,0.6,stop_loss,False,-0.599999999999909,19.0,True,5.0,-0.7594936708859608,-1.0632911392403912,-1.1265822784808974,0.5,live_post_loss_cap;live_rolling_pf,3.939395869722389,-4.188724722236011,562.7708385317699,558.5821138095339,False,S4_000206,0
SECONDARY_W0_2018_2020,S4,669644,669647,2019-11-25T03:02:00,2019-11-25T03:05:00,2019-11-25T03:02:00,2019-11-25T03:05:00,630,1460.55,1459.95,1.5,0.6,stop_loss,False,-0.599999999999909,16.0,True,5.0,-0.7894736842104066,-1.0657894736840907,-1.1315789473683013,0.5,live_rolling_pf,3.9100747966667373,-4.16731655960487,558.5821138095339,554.414797249929,False,S4_000207,0
SECONDARY_W0_2018_2020,S4,669662,669667,2019-11-25T03:20:00,2019-11-25T03:25:00,2019-11-25T03:20:00,2019-11-25T03:25:00,631,1460.4,1459.776,1.5,0.6240000000000562,stop_loss,False,-0.6240000000000236,19.0,True,5.0,-0.7665847665847427,-1.0614250614250171,-1.1228501228500745,0.5,live_post_loss_cap;live_rolling_pf,3.8809035807495036,-4.119288321581611,554.414797249929,550.2955089283474,False,S4_000208,0
SECONDARY_W0_2018_2020,S4,669691,669781,2019-11-25T03:49:00,2019-11-25T05:19:00,2019-11-25T03:49:00,2019-11-25T05:19:00,633,1461.05,1460.77,1.5,0.6,timeout,False,-0.2799999999999727,18.0,True,5.0,-0.358974358974324,-0.6538461538461188,-0.717948717948683,0.5,live_post_loss_cap;live_rolling_pf,3.852068562498432,-2.518660213941147,550.2955089283474,547.7768487144062,False,S4_000209,0
SECONDARY_W0_2018_2020,S4,671023,671027,2019-11-26T03:02:00,2019-11-26T03:06:00,2019-11-26T03:02:00,2019-11-26T03:06:00,634,1453.67,1453.0700000000002,1.5,0.6,stop_loss,False,-0.599999999999909,20.0,True,5.0,-0.7499999999998863,-1.0624999999998863,-1.1249999999998863,0.5,live_rolling_pf,3.834437941000844,-4.07409031231296,547.7768487144062,543.7027584020933,False,S4_000210,0
SECONDARY_W0_2018_2020,S4,671042,671067,2019-11-26T03:21:00,2019-11-26T03:46:00,2019-11-26T03:21:00,2019-11-26T03:46:00,635,1452.97,1452.3700000000001,1.5,0.6,stop_loss,False,-0.599999999999909,20.0,True,5.0,-0.7499999999998863,-1.0624999999998863,-1.1249999999998863,0.5,live_post_loss_cap;live_rolling_pf,3.8059193088146532,-4.043789265615136,543.7027584020933,539.6589691364782,False,S4_000211,0
SECONDARY_W0_2018_2020,S4,671082,671172,2019-11-26T04:01:00,2019-11-26T05:31:00,2019-11-26T04:01:00,2019-11-26T05:31:00,641,1453.53,1453.98,1.5,0.6308571428571148,timeout,False,0.4500000000000455,19.0,True,5.0,0.5482074486600115,0.25583014270803495,0.19491820396803983,0.5,live_post_loss_cap;live_rolling_pf,3.7776127839553473,0.9664272176149937,539.6589691364782,540.6253963540931,True,S4_000212,0
SECONDARY_W0_2018_2020,S4,672500,672590,2019-11-27T04:40:00,2019-11-27T06:10:00,2019-11-27T04:40:00,2019-11-27T06:10:00,644,1459.54,1459.23,1.5,0.6,timeout,False,-0.30999999999994543,17.0,True,5.0,-0.40259740259733173,-0.6883116883116174,-0.7532467532466823,0.5,live_rolling_pf,3.784377774478652,-2.604831455160362,540.6253963540931,538.0205648989328,False,S4_000213,0
SECONDARY_W0_2018_2020,S4,677538,677557,2019-12-03T04:04:00,2019-12-03T04:23:00,2019-12-03T04:04:00,2019-12-03T04:23:00,645,1462.9,1462.3000000000002,1.5,0.6,stop_loss,False,-0.599999999999909,21.0,True,5.0,-0.7407407407406285,-1.061728395061616,-1.1234567901233448,0.5,live_rolling_pf,3.7661439542925295,-3.9986219761620156,538.0205648989328,534.0219429227708,False,S4_000214,0
SECONDARY_W0_2018_2020,S4,684382,684472,2019-12-10T03:15:00,2019-12-10T04:45:00,2019-12-10T03:15:00,2019-12-10T04:45:00,646,1460.91,1461.03,1.5,0.6,timeout,False,0.11999999999989086,18.0,True,5.0,0.1538461538460139,-0.14102564102578097,-0.20512820512834506,0.5,live_rolling_pf,3.7381536004593956,-0.5271755077576173,534.0219429227708,533.4947674150131,False,S4_000215,0
SECONDARY_W0_2018_2020,S4,685630,685648,2019-12-11T01:04:00,2019-12-11T01:22:00,2019-12-11T01:04:00,2019-12-11T01:22:00,649,1464.07,1463.47,1.5,0.6,stop_loss,False,-0.599999999999909,44.0,True,5.0,-0.5769230769229895,-1.0480769230768356,-1.0961538461537588,0.5,live_rolling_pf,3.734463371905092,-3.914004880169433,533.4947674150131,529.5807625348438,False,S4_000216,0
SECONDARY_W0_2018_2020,S4,685683,685773,2019-12-11T01:57:00,2019-12-11T03:27:00,2019-12-11T01:57:00,2019-12-11T03:27:00,652,1463.87,1463.79,1.5,0.6,timeout,False,-0.07999999999992724,18.0,True,5.0,-0.10256410256400927,-0.3974358974358041,-0.46153846153836825,0.5,live_post_loss_cap;live_rolling_pf,3.7070653377439062,-1.4733208393594115,529.5807625348438,528.1074416954843,False,S4_000217,0
SECONDARY_W0_2018_2020,S4,685788,685878,2019-12-11T03:42:00,2019-12-11T05:12:00,2019-12-11T03:42:00,2019-12-11T05:12:00,661,1463.83,1464.05,1.5,0.6,timeout,False,0.22000000000002728,22.0,True,5.0,0.26829268292686254,-0.060975609756064315,-0.12195121951216187,0.5,live_post_loss_cap;live_rolling_pf,3.6967520918683903,-0.2254117129186814,528.1074416954843,527.8820299825657,False,S4_000218,0
SECONDARY_W0_2018_2020,S4,687185,687275,2019-12-12T04:00:00,2019-12-12T05:30:00,2019-12-12T04:00:00,2019-12-12T05:30:00,663,1474.42,1475.42,1.5,0.6,timeout,False,1.0,23.0,True,5.0,1.2048192771084338,0.8674698795180723,0.8072289156626505,0.5,live_rolling_pf,3.6951742098779596,3.205452326641122,527.8820299825657,531.0874823092067,True,S4_000219,0
SECONDARY_W0_2018_2020,S4,689914,689971,2019-12-16T03:33:00,2019-12-16T04:30:00,2019-12-16T03:33:00,2019-12-16T04:30:00,674,1473.35,1474.85,1.5,0.6,take_profit,False,1.5,18.0,True,5.0,1.923076923076923,1.6282051282051282,1.564102564102564,0.5,live_rolling_pf,3.717612376164447,6.053035535549805,531.0874823092067,537.1405178447566,True,S4_000220,0
SECONDARY_W0_2018_2020,S4,689992,690032,2019-12-16T04:51:00,2019-12-16T05:31:00,2019-12-16T04:51:00,2019-12-16T05:31:00,680,1474.95,1474.3500000000001,1.5,0.6,stop_loss,False,-0.599999999999909,19.0,True,5.0,-0.7594936708859608,-1.0632911392403912,-1.1265822784808974,0.5,live_rolling_pf,3.7599836249132963,-3.9979572720592746,537.1405178447566,533.1425605726973,False,S4_000221,0
SECONDARY_W0_2018_2020,S4,691261,691291,2019-12-17T03:01:00,2019-12-17T03:31:00,2019-12-17T03:01:00,2019-12-17T03:31:00,689,1475.25,1474.65,1.5,0.6,stop_loss,False,-0.599999999999909,21.0,True,5.0,-0.7407407407406285,-1.061728395061616,-1.1234567901233448,0.5,live_rolling_pf,3.7319979240088816,-3.962368166231233,533.1425605726973,529.1801924064661,False,S4_000222,0
SECONDARY_W0_2018_2020,S4,691306,691396,2019-12-17T03:46:00,2019-12-17T05:16:00,2019-12-17T03:46:00,2019-12-17T05:16:00,689,1474.91,1475.98,1.5,0.6,timeout,False,1.0699999999999363,21.0,True,5.0,1.3209876543209091,0.9999999999999215,0.9382716049381931,0.5,live_post_loss_cap;live_rolling_pf,3.7042613468452625,3.7042613468449717,529.1801924064661,532.884453753311,True,S4_000223,1
SECONDARY_W0_2018_2020,S4,692589,692679,2019-12-18T02:10:00,2019-12-18T03:40:00,2019-12-18T02:10:00,2019-12-18T03:40:00,709,1475.41,1475.61,1.5,0.6,timeout,False,0.1999999999998181,34.0,True,5.0,0.212765957446615,-0.2021276595746616,-0.25531914893636376,0.5,live_rolling_pf,3.7301911762731774,-0.7539748122261514,532.884453753311,532.1304789410849,False,S4_000224,0
SECONDARY_W0_2018_2020,S4,692694,692784,2019-12-18T03:55:00,2019-12-18T05:25:00,2019-12-18T03:55:00,2019-12-18T05:25:00,718,1475.93,1476.12,1.5,0.6,timeout,False,0.1899999999998272,22.0,True,5.0,0.23170731707296,-0.09756097560996686,-0.1585365853660644,0.5,live_post_loss_cap;live_rolling_pf,3.7249133525875946,-0.3634061807410382,532.1304789410849,531.7670727603438,False,S4_000225,0
SECONDARY_W0_2018_2020,S4,692940,693030,2019-12-18T08:01:00,2019-12-18T09:31:00,2019-12-18T08:01:00,2019-12-18T09:31:00,725,1476.99,1477.19,1.5,0.6,timeout,False,0.20000000000004547,23.0,True,5.0,0.24096385542174154,-0.09638554216861994,-0.15662650602404163,0.5,live_rolling_pf,3.722369509322407,-0.35878260330797995,531.7670727603438,531.4082901570358,False,S4_000226,0
SECONDARY_W0_2018_2020,S4,694083,694173,2019-12-19T04:05:00,2019-12-19T05:35:00,2019-12-19T04:05:00,2019-12-19T05:35:00,732,1477.49,1477.59,1.5,0.6,timeout,False,0.09999999999990905,22.0,True,5.0,0.12195121951208422,-0.20731707317084266,-0.2682926829269402,0.5,live_rolling_pf,3.7198580310992506,-0.77119007961855,531.4082901570358,530.6371000774172,False,S4_000227,0
SECONDARY_W0_2018_2020,S4,695461,695551,2019-12-20T04:04:00,2019-12-20T05:34:00,2019-12-20T04:04:00,2019-12-20T05:34:00,739,1478.44,1477.97,1.5,0.6,timeout,False,-0.4700000000000273,23.0,True,5.0,-0.5662650602409968,-0.9036144578313583,-0.96385542168678,0.5,live_rolling_pf,3.7144597005419207,-3.3564394884416173,530.6371000774172,527.2806605889756,False,S4_000228,0
SECONDARY_W0_2018_2020,S4,695697,695787,2019-12-20T08:00:00,2019-12-20T09:30:00,2019-12-20T08:00:00,2019-12-20T09:30:00,752,1479.14,1478.95,1.5,0.6,timeout,False,-0.19000000000005457,21.0,True,5.0,-0.23456790123463528,-0.555555555555623,-0.6172839506173514,0.5,live_rolling_pf,3.690964624122829,-2.0505359022907093,527.2806605889756,525.2301246866849,False,S4_000229,0
SECONDARY_W0_2018_2020,S4,695802,695812,2019-12-20T09:45:00,2019-12-20T09:55:00,2019-12-20T09:45:00,2019-12-20T09:55:00,752,1479.23,1478.63,1.5,0.6,stop_loss,False,-0.599999999999909,20.0,True,5.0,-0.7499999999998863,-1.0624999999998863,-1.1249999999998863,0.5,live_post_loss_cap;live_rolling_pf,3.6766108728067945,-3.906399052356801,525.2301246866849,521.3237256343281,False,S4_000230,1
SECONDARY_W0_2018_2020,S4,696800,696810,2019-12-23T03:25:00,2019-12-23T03:35:00,2019-12-23T03:25:00,2019-12-23T03:35:00,757,1479.54,1478.94,1.5,0.6,stop_loss,False,-0.599999999999909,23.0,True,5.0,-0.7228915662649507,-1.0602409638553123,-1.1204819277107338,0.5,live_rolling_pf,3.6492660794402965,-3.8691013854302767,521.3237256343281,517.4546242488977,False,S4_000231,0
SECONDARY_W0_2018_2020,S4,696828,696904,2019-12-23T03:53:00,2019-12-23T05:09:00,2019-12-23T03:53:00,2019-12-23T05:09:00,760,1479.53,1481.03,1.5,0.6,take_profit,False,1.5,20.0,True,5.0,1.875,1.5625,1.4999999999999998,0.5,live_post_loss_cap;live_rolling_pf,3.6221823697422844,5.659659952722319,517.4546242488977,523.1142842016201,True,S4_000232,0
SECONDARY_W0_2018_2020,S4,697084,697107,2019-12-23T08:09:00,2019-12-23T08:32:00,2019-12-23T08:09:00,2019-12-23T08:32:00,771,1481.22,1482.72,1.5,0.6,take_profit,False,1.5,20.0,True,5.0,1.875,1.5625,1.4999999999999998,0.5,live_rolling_pf,3.6617999894113407,5.7215624834552194,523.1142842016201,528.8358466850754,True,S4_000233,0
SECONDARY_W0_2018_2020,S4,698157,698197,2019-12-24T03:03:00,2019-12-24T03:43:00,2019-12-24T03:03:00,2019-12-24T03:43:00,772,1484.55,1486.05,1.5,0.6,take_profit,False,1.5,20.0,True,5.0,1.875,1.5625,1.4999999999999998,0.5,live_rolling_pf,3.7018509267955277,5.784142073118012,528.8358466850754,534.6199887581934,True,S4_000234,0
SECONDARY_W0_2018_2020,S4,698232,698322,2019-12-24T04:18:00,2019-12-24T05:48:00,2019-12-24T04:18:00,2019-12-24T05:48:00,774,1488.42,1488.97,1.5,0.6,timeout,False,0.5499999999999545,20.0,True,5.0,0.6874999999999432,0.37499999999994316,0.31249999999994316,0.5,live_rolling_pf,3.7423399213073534,1.4033774704900448,534.6199887581934,536.0233662286834,True,S4_000235,0
SECONDARY_W0_2018_2020,S4,982138,982146,2020-10-14T04:34:00,2020-10-14T04:42:00,2020-10-14T04:34:00,2020-10-14T04:42:00,785,1886.71,1888.632142857143,1.9221428571429249,2.365714285714369,take_profit,False,1.9221428571429442,23.0,True,5.0,0.7405063291139338,0.6326362135388134,0.613373692900399,0.5,live_rolling_pf,3.7521635636007837,2.3737545494547003,536.0233662286834,538.3971207781381,True,S4_000236,0
SECONDARY_W0_2018_2020,S5,69669,69717,2018-03-14T04:45:00,2018-03-14T05:33:00,2018-03-14T04:45:00,2018-03-14T05:33:00,0,1328.49,1327.89,1.5,0.6,stop_loss,False,-0.599999999999909,30.0,False,5.0,-0.6666666666665657,-1.0555555555554548,-1.1111111111110101,1.0,,14.0,-14.777777777776366,1000.0,985.2222222222236,False,S5_000000,0
SECONDARY_W0_2018_2020,S5,75195,75285,2018-03-20T04:57:00,2018-03-20T06:27:00,2018-03-20T04:57:00,2018-03-20T06:27:00,1,1316.5,1316.2,1.5,0.6,timeout,False,-0.2999999999999545,30.0,False,5.0,-0.33333333333328286,-0.7222222222221719,-0.7777777777777274,1.0,,13.79311111111113,-9.961691358024012,985.2222222222236,975.2605308641996,False,S5_000001,0
SECONDARY_W0_2018_2020,S5,112315,112316,2018-04-27T04:16:00,2018-04-27T04:17:00,2018-04-27T04:16:00,2018-04-27T04:17:00,2,1316.16,1315.5600000000002,1.5,0.6,stop_loss,False,-0.599999999999909,30.0,False,5.0,-0.6666666666665657,-1.0555555555554548,-1.1111111111110101,1.0,,13.653647432098795,-14.412183400547352,975.2605308641996,960.8483474636522,False,S5_000002,0
SECONDARY_W0_2018_2020,S5,120481,120490,2018-05-07T03:01:00,2018-05-07T03:10:00,2018-05-07T03:01:00,2018-05-07T03:10:00,4,1314.21,1315.71,1.5,0.6,take_profit,False,1.5,30.0,False,5.0,1.6666666666666667,1.277777777777778,1.2222222222222225,1.0,,13.451876864491132,17.18850932684978,960.8483474636522,978.0368567905019,True,S5_000003,0
SECONDARY_W0_2018_2020,S5,120550,120640,2018-05-07T04:10:00,2018-05-07T05:40:00,2018-05-07T04:10:00,2018-05-07T05:40:00,5,1317.46,1317.8,1.5,0.6,timeout,False,0.33999999999991815,30.0,False,5.0,0.37777777777768684,-0.0111111111112021,-0.06666666666675765,1.0,,13.692515995067028,-0.15213906661310173,978.0368567905019,977.8847177238888,False,S5_000004,0
SECONDARY_W0_2018_2020,S5,121917,121941,2018-05-08T04:03:00,2018-05-08T04:27:00,2018-05-08T04:03:00,2018-05-08T04:27:00,8,1315.41,1314.8100000000002,1.5,0.6,stop_loss,False,-0.599999999999909,30.0,False,5.0,-0.6666666666665657,-1.0555555555554548,-1.1111111111110101,1.0,,13.690386048134444,-14.4509630508072,977.8847177238888,963.4337546730816,False,S5_000005,0
SECONDARY_W0_2018_2020,S5,123257,123258,2018-05-09T03:24:00,2018-05-09T03:25:00,2018-05-09T03:24:00,2018-05-09T03:25:00,12,1316.06,1315.46,1.5,0.6,stop_loss,False,-0.599999999999909,30.0,False,5.0,-0.6666666666665657,-1.0555555555554548,-1.1111111111110101,1.0,,13.488072565423142,-14.237409930167512,963.4337546730816,949.1963447429141,False,S5_000006,0
SECONDARY_W0_2018_2020,S5,124528,124601,2018-05-10T01:37:00,2018-05-10T02:50:00,2018-05-10T01:37:00,2018-05-10T02:50:00,13,1312.17,1311.5700000000002,1.5,0.6,stop_loss,False,-0.599999999999909,30.0,False,5.0,-0.6666666666665657,-1.0555555555554548,-1.1111111111110101,1.0,,13.288748826400798,-14.027012650088393,949.1963447429141,935.1693320928257,False,S5_000007,0
SECONDARY_W0_2018_2020,S5,124658,124681,2018-05-10T03:47:00,2018-05-10T04:10:00,2018-05-10T03:47:00,2018-05-10T04:10:00,18,1311.0,1312.5,1.5,0.6,take_profit,False,1.5,30.0,False,5.0,1.6666666666666667,1.277777777777778,1.2222222222222225,1.0,live_post_loss_cap,13.09237064929956,16.729140274104996,935.1693320928257,951.8984723669307,True,S5_000008,0
SECONDARY_W0_2018_2020,S5,127379,127410,2018-05-14T03:11:00,2018-05-14T03:42:00,2018-05-14T03:11:00,2018-05-14T03:42:00,20,1320.07,1321.57,1.5,0.6,take_profit,False,1.5,30.0,False,5.0,1.6666666666666667,1.277777777777778,1.2222222222222225,1.0,,13.32657861313703,17.028406005675095,951.8984723669307,968.9268783726059,True,S5_000009,0
SECONDARY_W0_2018_2020,S5,127431,127444,2018-05-14T04:03:00,2018-05-14T04:16:00,2018-05-14T04:03:00,2018-05-14T04:16:00,22,1322.01,1321.41,1.5,0.6,stop_loss,False,-0.599999999999909,30.0,False,5.0,-0.6666666666665657,-1.0555555555554548,-1.1111111111110101,1.0,,13.564976297216482,-14.318586091504919,968.9268783726059,954.608292281101,False,S5_000010,0
SECONDARY_W0_2018_2020,S5,127459,127481,2018-05-14T04:31:00,2018-05-14T04:53:00,2018-05-14T04:31:00,2018-05-14T04:53:00,22,1321.63,1321.0300000000002,1.5,0.6,stop_loss,False,-0.599999999999909,30.0,False,5.0,-0.6666666666665657,-1.0555555555554548,-1.1111111111110101,1.0,live_post_loss_cap,13.364516091935414,-14.1069892081527,954.608292281101,940.5013030729482,False,S5_000011,1
SECONDARY_W0_2018_2020,S5,132950,132979,2018-05-18T04:07:00,2018-05-18T04:36:00,2018-05-18T04:07:00,2018-05-18T04:36:00,31,1289.16,1288.5600000000002,1.5,0.6,stop_loss,False,-0.599999999999909,30.0,False,5.0,-0.6666666666665657,-1.0555555555554548,-1.1111111111110101,1.0,,13.167018243021275,-13.89851925652113,940.5013030729482,926.6027838164271,False,S5_000012,0
SECONDARY_W0_2018_2020,S5,134323,134333,2018-05-21T04:02:00,2018-05-21T04:12:00,2018-05-21T04:02:00,2018-05-21T04:12:00,36,1289.99,1289.39,1.5,0.6,stop_loss,False,-0.599999999999909,30.0,False,5.0,-0.6666666666665657,-1.0555555555554548,-1.1111111111110101,1.0,,12.972438973429979,-13.693130027508115,926.6027838164271,912.909653788919,False,S5_000013,0
SECONDARY_W0_2018_2020,S5,134348,134403,2018-05-21T04:27:00,2018-05-21T05:22:00,2018-05-21T04:27:00,2018-05-21T05:22:00,37,1289.8,1289.2,1.5,0.6,stop_loss,False,-0.599999999999909,30.0,False,5.0,-0.6666666666665657,-1.0555555555554548,-1.1111111111110101,1.0,live_post_loss_cap,12.780735153044866,-13.490775994879403,912.909653788919,899.4188777940395,False,S5_000014,0
SECONDARY_W0_2018_2020,S5,136900,136969,2018-05-23T01:01:00,2018-05-23T02:10:00,2018-05-23T01:01:00,2018-05-23T02:10:00,43,1290.82,1292.32,1.5,0.6,take_profit,False,1.5,30.0,False,5.0,1.6666666666666667,1.277777777777778,1.2222222222222225,1.0,,12.591864289116554,16.08960436942671,899.4188777940395,915.5084821634663,True,S5_000015,0
SECONDARY_W0_2018_2020,S5,137021,137028,2018-05-23T03:02:00,2018-05-23T03:09:00,2018-05-23T03:02:00,2018-05-23T03:09:00,45,1293.65,1295.15,1.5,0.6,take_profit,False,1.5,30.0,False,5.0,1.6666666666666667,1.277777777777778,1.2222222222222225,1.0,,12.817118750288529,16.377429514257567,915.5084821634663,931.8859116777238,True,S5_000016,0
SECONDARY_W0_2018_2020,S5,137068,137076,2018-05-23T03:49:00,2018-05-23T03:57:00,2018-05-23T03:49:00,2018-05-23T03:57:00,46,1293.42,1292.8200000000002,1.5,0.6,stop_loss,False,-0.599999999999909,30.0,False,5.0,-0.6666666666665657,-1.0555555555554548,-1.1111111111110101,1.0,,13.046402763488134,-13.771202917013937,931.8859116777238,918.1147087607098,False,S5_000017,0
SECONDARY_W0_2018_2020,S5,137111,137113,2018-05-23T04:32:00,2018-05-23T04:34:00,2018-05-23T04:32:00,2018-05-23T04:34:00,48,1294.32,1293.72,1.5,0.6,stop_loss,False,-0.599999999999909,30.0,False,5.0,-0.6666666666665657,-1.0555555555554548,-1.1111111111110101,0.5,live_post_loss_cap;live_rolling_pf,6.426802961324969,-6.78384757028682,918.1147087607098,911.330861190423,False,S5_000018,0
SECONDARY_W0_2018_2020,S5,141176,141227,2018-05-28T03:21:00,2018-05-28T04:12:00,2018-05-28T03:21:00,2018-05-28T04:12:00,54,1298.21,1297.6100000000001,1.5,0.6,stop_loss,False,-0.599999999999909,30.0,False,5.0,-0.6666666666665657,-1.0555555555554548,-1.1111111111110101,0.5,live_rolling_pf,6.379316028332961,-6.733722474350816,911.330861190423,904.5971387160722,False,S5_000019,0
SECONDARY_W0_2018_2020,S5,141242,141332,2018-05-28T04:27:00,2018-05-28T05:57:00,2018-05-28T04:27:00,2018-05-28T05:57:00,58,1297.77,1297.66,1.5,0.6,timeout,False,-0.10999999999989996,30.0,False,5.0,-0.12222222222211107,-0.511111111111,-0.5666666666665556,0.5,live_post_loss_cap;live_rolling_pf,6.332179971012506,-3.236447540739022,904.5971387160722,901.3606911753332,False,S5_000020,0
SECONDARY_W0_2018_2020,S5,144920,145010,2018-05-31T01:06:00,2018-05-31T02:36:00,2018-05-31T01:06:00,2018-05-31T02:36:00,60,1301.48,1302.17,1.5,0.6,timeout,False,0.6900000000000546,30.0,False,5.0,0.7666666666667273,0.3777777777778384,0.32222222222228286,0.5,live_rolling_pf,6.309524838227333,2.3835982722195967,901.3606911753332,903.7442894475528,True,S5_000021,0
SECONDARY_W0_2018_2020,S5,145109,145124,2018-05-31T04:15:00,2018-05-31T04:30:00,2018-05-31T04:15:00,2018-05-31T04:30:00,64,1303.02,1302.42,1.5,0.6,stop_loss,False,-0.599999999999909,30.0,False,5.0,-0.6666666666665657,-1.0555555555554548,-1.1111111111110101,0.5,live_rolling_pf,6.32621002613287,-6.6776661386951695,903.7442894475528,897.0666233088576,False,S5_000022,0
SECONDARY_W0_2018_2020,S5,147792,147795,2018-06-04T03:02:00,2018-06-04T03:05:00,2018-06-04T03:02:00,2018-06-04T03:05:00,67,1292.55,1291.95,1.5,0.6,stop_loss,False,-0.599999999999909,30.0,False,5.0,-0.6666666666665657,-1.0555555555554548,-1.1111111111110101,0.5,live_rolling_pf,6.279466363162004,-6.62832560555926,897.0666233088576,890.4382977032984,False,S5_000023,0
SECONDARY_W0_2018_2020,S5,147810,147819,2018-06-04T03:20:00,2018-06-04T03:29:00,2018-06-04T03:20:00,2018-06-04T03:29:00,68,1293.34,1292.74,1.5,0.6,stop_loss,False,-0.599999999999909,30.0,False,5.0,-0.6666666666665657,-1.0555555555554548,-1.1111111111110101,0.5,live_post_loss_cap;live_rolling_pf,6.233068083923089,-6.57934964414041,890.4382977032984,883.858948059158,False,S5_000024,0
SECONDARY_W0_2018_2020,S5,147839,147841,2018-06-04T03:49:00,2018-06-04T03:51:00,2018-06-04T03:49:00,2018-06-04T03:51:00,71,1293.02,1292.42,1.5,0.6,stop_loss,False,-0.599999999999909,30.0,False,5.0,-0.6666666666665657,-1.0555555555554548,-1.1111111111110101,0.5,live_post_loss_cap;live_rolling_pf,6.1870126364141065,-6.530735560658711,883.858948059158,877.3282124984993,False,S5_000025,0
SECONDARY_W0_2018_2020,S5,147856,147946,2018-06-04T04:06:00,2018-06-04T05:36:00,2018-06-04T04:06:00,2018-06-04T05:36:00,72,1292.82,1292.94,1.5,0.6,timeout,False,0.12000000000011823,30.0,False,5.0,0.13333333333346473,-0.25555555555542425,-0.3111111111109798,0.5,live_post_loss_cap;live_rolling_pf,6.141297487489495,-1.569442691246509,877.3282124984993,875.7587698072527,False,S5_000026,0
SECONDARY_W0_2018_2020,S5,149150,149216,2018-06-05T02:44:00,2018-06-05T03:50:00,2018-06-05T02:44:00,2018-06-05T03:50:00,74,1291.57,1290.97,1.5,0.6,stop_loss,False,-0.599999999999909,30.0,False,5.0,-0.6666666666665657,-1.0555555555554548,-1.1111111111110101,0.5,live_rolling_pf,6.130311388650769,-6.470884243575194,875.7587698072527,869.2878855636776,False,S5_000027,0
SECONDARY_W0_2018_2020,S5,149231,149321,2018-06-05T04:05:00,2018-06-05T05:35:00,2018-06-05T04:05:00,2018-06-05T05:35:00,77,1291.38,1291.86,1.5,0.6,timeout,False,0.4799999999997908,30.0,False,5.0,0.533333333333101,0.144444444444212,0.08888888888865645,0.5,live_post_loss_cap;live_rolling_pf,6.085015198945744,0.8789466398463042,869.2878855636776,870.1668322035239,True,S5_000028,0
SECONDARY_W0_2018_2020,S5,150620,150710,2018-06-06T04:15:00,2018-06-06T05:45:00,2018-06-06T04:15:00,2018-06-06T05:45:00,82,1297.3,1297.06,1.5,0.6,timeout,False,-0.2400000000000091,30.0,False,5.0,-0.2666666666666768,-0.6555555555555658,-0.7111111111111214,0.5,live_rolling_pf,6.091167825424668,-3.9930989077784553,870.1668322035239,866.1737332957455,False,S5_000029,0
SECONDARY_W0_2018_2020,S5,151989,152005,2018-06-07T04:07:00,2018-06-07T04:23:00,2018-06-07T04:07:00,2018-06-07T04:23:00,85,1295.54,1297.04,1.5,0.6,take_profit,False,1.5,30.0,False,5.0,1.6666666666666667,1.277777777777778,1.2222222222222225,0.5,live_rolling_pf,6.063216133070219,7.747442836700835,866.1737332957455,873.9211761324464,True,S5_000030,0
SECONDARY_W0_2018_2020,S5,152024,152114,2018-06-07T04:42:00,2018-06-07T06:12:00,2018-06-07T04:42:00,2018-06-07T06:12:00,87,1296.9,1297.01,1.5,0.6,timeout,False,0.10999999999989996,30.0,False,5.0,0.12222222222211107,-0.2666666666667779,-0.32222222222233343,0.5,live_rolling_pf,6.117448232927124,-1.631319528781247,873.9211761324464,872.2898566036652,False,S5_000031,0
SECONDARY_W0_2018_2020,S5,153345,153356,2018-06-08T03:44:00,2018-06-08T03:55:00,2018-06-08T03:44:00,2018-06-08T03:55:00,91,1297.09,1296.49,1.5,0.6,stop_loss,False,-0.599999999999909,30.0,False,5.0,-0.6666666666665657,-1.0555555555554548,-1.1111111111110101,0.5,live_rolling_pf,6.106028996225656,-6.445252829348688,872.2898566036652,865.8446037743165,False,S5_000032,0
SECONDARY_W0_2018_2020,S5,153373,153376,2018-06-08T04:12:00,2018-06-08T04:15:00,2018-06-08T04:12:00,2018-06-08T04:15:00,93,1296.93,1296.3300000000002,1.5,0.6,stop_loss,False,-0.599999999999909,30.0,False,5.0,-0.6666666666665657,-1.0555555555554548,-1.1111111111110101,0.5,live_post_loss_cap;live_rolling_pf,6.060912226420216,-6.397629572331839,865.8446037743165,859.4469742019846,False,S5_000033,0
SECONDARY_W0_2018_2020,S5,153391,153478,2018-06-08T04:30:00,2018-06-08T05:57:00,2018-06-08T04:30:00,2018-06-08T05:57:00,95,1296.99,1296.39,1.5,0.6,stop_loss,False,-0.599999999999909,30.0,False,5.0,-0.6666666666665657,-1.0555555555554548,-1.1111111111110101,0.5,live_post_loss_cap;live_rolling_pf,6.016128819413892,-6.350358198269613,859.4469742019846,853.096616003715,False,S5_000034,0
SECONDARY_W0_2018_2020,S5,153605,153608,2018-06-08T08:04:00,2018-06-08T08:07:00,2018-06-08T08:04:00,2018-06-08T08:07:00,97,1296.75,1296.15,1.5,0.6,stop_loss,False,-0.599999999999909,30.0,False,5.0,-0.6666666666665657,-1.0555555555554548,-1.1111111111110101,0.5,live_rolling_pf,5.971676312026005,-6.3034361071379585,853.096616003715,846.793179896577,False,S5_000035,0
SECONDARY_W0_2018_2020,S5,154703,154728,2018-06-11T03:24:00,2018-06-11T03:49:00,2018-06-11T03:24:00,2018-06-11T03:49:00,99,1299.04,1298.44,1.5,0.6,stop_loss,False,-0.599999999999909,30.0,False,5.0,-0.6666666666665657,-1.0555555555554548,-1.1111111111110101,0.5,live_rolling_pf,5.927552259276039,-6.256860718124111,846.793179896577,840.5363191784529,False,S5_000036,0
SECONDARY_W0_2018_2020,S5,154749,154771,2018-06-11T04:10:00,2018-06-11T04:32:00,2018-06-11T04:10:00,2018-06-11T04:32:00,102,1299.17,1300.67,1.5,0.6,take_profit,False,1.5,30.0,False,5.0,1.6666666666666667,1.277777777777778,1.2222222222222225,0.5,live_post_loss_cap;live_rolling_pf,5.883754234249171,7.518130410429497,840.5363191784529,848.0544495888824,True,S5_000037,0
SECONDARY_W0_2018_2020,S5,156001,156009,2018-06-12T02:04:00,2018-06-12T02:12:00,2018-06-12T02:04:00,2018-06-12T02:12:00,104,1299.34,1298.74,1.5,0.6,stop_loss,False,-0.599999999999909,30.0,False,5.0,-0.6666666666665657,-1.0555555555554548,-1.1111111111110101,0.5,live_rolling_pf,5.9363811471221775,-6.266180099739478,848.0544495888824,841.788269489143,False,S5_000038,0
SECONDARY_W0_2018_2020,S5,156058,156058,2018-06-12T03:01:00,2018-06-12T03:01:00,2018-06-12T03:01:00,2018-06-12T03:01:00,108,1298.22,1297.6200000000001,1.5,0.6,stop_loss,False,-0.599999999999909,30.0,False,5.0,-0.6666666666665657,-1.0555555555554548,-1.1111111111110101,0.5,live_post_loss_cap;live_rolling_pf,5.892517886424001,-6.21987999122474,841.788269489143,835.5683894979182,False,S5_000039,0
SECONDARY_W0_2018_2020,S5,157437,157499,2018-06-13T03:01:00,2018-06-13T04:03:00,2018-06-13T03:01:00,2018-06-13T04:03:00,110,1295.25,1294.65,1.5,0.6,stop_loss,False,-0.599999999999909,30.0,False,5.0,-0.6666666666665657,-1.0555555555554548,-1.1111111111110101,0.5,live_rolling_pf,5.848978726485428,-6.173921989067362,835.5683894979182,829.3944675088509,False,S5_000040,0
SECONDARY_W0_2018_2020,S5,157514,157604,2018-06-13T04:18:00,2018-06-13T05:48:00,2018-06-13T04:18:00,2018-06-13T05:48:00,110,1294.61,1295.57,1.5,0.6,timeout,False,0.9600000000000364,30.0,False,5.0,1.0666666666667073,0.6777777777778181,0.6222222222222626,0.5,live_post_loss_cap;live_rolling_pf,5.8057612725619565,3.93501597362556,829.3944675088509,833.3294834824765,True,S5_000041,1
SECONDARY_W0_2018_2020,S5,158859,158894,2018-06-14T03:45:00,2018-06-14T04:20:00,2018-06-14T03:45:00,2018-06-14T04:20:00,113,1298.69,1298.0900000000001,1.5,0.6,stop_loss,False,-0.599999999999909,30.0,False,5.0,-0.6666666666665657,-1.0555555555554548,-1.1111111111110101,0.5,live_rolling_pf,5.833306384377336,-6.1573789612866,833.3294834824765,827.1721045211899,False,S5_000042,0
SECONDARY_W0_2018_2020,S5,164329,164331,2018-06-20T03:01:00,2018-06-20T03:03:00,2018-06-20T03:01:00,2018-06-20T03:03:00,117,1275.08,1274.48,1.5,0.6,stop_loss,False,-0.599999999999909,30.0,False,5.0,-0.6666666666665657,-1.0555555555554548,-1.1111111111110101,0.5,live_rolling_pf,5.79020473164833,-6.111882772294876,827.1721045211899,821.0602217488951,False,S5_000043,0
SECONDARY_W0_2018_2020,S5,164346,164391,2018-06-20T03:18:00,2018-06-20T04:03:00,2018-06-20T03:18:00,2018-06-20T04:03:00,117,1273.42,1274.92,1.5,0.6,take_profit,False,1.5,30.0,False,5.0,1.6666666666666667,1.277777777777778,1.2222222222222225,0.5,live_post_loss_cap;live_rolling_pf,5.747421552242265,7.343927538976229,821.0602217488951,828.4041492878713,True,S5_000044,1
SECONDARY_W0_2018_2020,S5,164397,164404,2018-06-20T04:09:00,2018-06-20T04:16:00,2018-06-20T04:09:00,2018-06-20T04:16:00,120,1274.66,1276.16,1.5,0.6,take_profit,False,1.5,30.0,False,5.0,1.6666666666666667,1.277777777777778,1.2222222222222225,0.5,live_post_loss_cap;live_rolling_pf,5.798829045015099,7.409614890852627,828.4041492878713,835.8137641787239,True,S5_000045,0
SECONDARY_W0_2018_2020,S5,169844,169934,2018-06-26T03:01:00,2018-06-26T04:31:00,2018-06-26T03:01:00,2018-06-26T04:31:00,121,1266.19,1266.81,1.5,0.6,timeout,False,0.6199999999998909,30.0,False,5.0,0.6888888888887676,0.29999999999987875,0.24444444444432317,0.5,live_rolling_pf,5.850696349251067,1.755208904774611,835.8137641787239,837.5689730834985,True,S5_000046,0
SECONDARY_W0_2018_2020,S5,169941,169950,2018-06-26T04:38:00,2018-06-26T04:47:00,2018-06-26T04:38:00,2018-06-26T04:47:00,125,1266.41,1265.8100000000002,1.5,0.6,stop_loss,False,-0.599999999999909,30.0,False,5.0,-0.6666666666665657,-1.0555555555554548,-1.1111111111110101,0.5,live_rolling_pf,5.862982811584489,-6.188704078894148,837.5689730834985,831.3802690046043,False,S5_000047,0
SECONDARY_W0_2018_2020,S5,171227,171282,2018-06-27T03:05:00,2018-06-27T04:00:00,2018-06-27T03:05:00,2018-06-27T04:00:00,127,1257.85,1259.35,1.5,0.6,take_profit,False,1.5,30.0,False,5.0,1.6666666666666667,1.277777777777778,1.2222222222222225,0.5,live_rolling_pf,5.81966188303223,7.436234628318962,831.3802690046043,838.8165036329233,True,S5_000048,0
SECONDARY_W0_2018_2020,S5,171336,171342,2018-06-27T04:54:00,2018-06-27T05:00:00,2018-06-27T04:54:00,2018-06-27T05:00:00,131,1255.45,1254.7174285714286,1.5,0.732571428571438,stop_loss,False,-0.7325714285714184,30.0,False,5.0,-0.7094631986718155,-1.048422800221342,-1.0968456004427027,0.5,live_rolling_pf,5.871715525430463,-6.156040433274934,838.8165036329233,832.6604631996483,False,S5_000049,0
SECONDARY_W0_2018_2020,S5,174060,174080,2018-06-29T04:20:00,2018-06-29T04:40:00,2018-06-29T04:20:00,2018-06-29T04:40:00,134,1247.15,1246.5500000000002,1.5,0.6,stop_loss,False,-0.599999999999909,30.0,False,5.0,-0.6666666666665657,-1.0555555555554548,-1.1111111111110101,0.5,live_rolling_pf,5.828623242397539,-6.15243564475237,832.6604631996483,826.508027554896,False,S5_000050,0
SECONDARY_W0_2018_2020,S5,176751,176800,2018-07-03T03:15:00,2018-07-03T04:04:00,2018-07-03T03:15:00,2018-07-03T04:04:00,135,1241.85,1241.25,1.5,0.6,stop_loss,False,-0.599999999999909,30.0,False,5.0,-0.6666666666665657,-1.0555555555554548,-1.1111111111110101,0.5,live_rolling_pf,5.785556192884272,-6.10697598137726,826.508027554896,820.4010515735188,False,S5_000051,0
SECONDARY_W0_2018_2020,S5,176815,176829,2018-07-03T04:19:00,2018-07-03T04:33:00,2018-07-03T04:19:00,2018-07-03T04:33:00,138,1240.24,1239.64,1.5,0.6,stop_loss,False,-0.599999999999909,30.0,False,5.0,-0.6666666666665657,-1.0555555555554548,-1.1111111111110101,0.5,live_post_loss_cap;live_rolling_pf,5.7428073610146315,-6.061852214403754,820.4010515735188,814.339199359115,False,S5_000052,0
SECONDARY_W0_2018_2020,S5,176844,176862,2018-07-03T04:48:00,2018-07-03T05:06:00,2018-07-03T04:48:00,2018-07-03T05:06:00,141,1238.82,1238.1788571428572,1.5,0.6411428571428458,stop_loss,False,-0.6411428571427678,30.0,False,5.0,-0.6812386156647584,-1.0531268973891104,-1.1062537947783033,0.5,live_post_loss_cap;live_rolling_pf,5.700374395513805,-6.0032176011037786,814.339199359115,808.3359817580113,False,S5_000053,0
SECONDARY_W0_2018_2020,S5,182080,182116,2018-07-09T04:16:00,2018-07-09T04:52:00,2018-07-09T04:16:00,2018-07-09T04:52:00,143,1256.3,1257.8,1.5,0.6,take_profit,False,1.5,30.0,False,5.0,1.6666666666666667,1.277777777777778,1.2222222222222225,0.5,live_rolling_pf,5.658351872306079,7.23011628127999,808.3359817580113,815.5660980392912,True,S5_000054,0
SECONDARY_W0_2018_2020,S5,183419,183452,2018-07-10T03:37:00,2018-07-10T04:10:00,2018-07-10T03:37:00,2018-07-10T04:10:00,144,1257.82,1259.32,1.5,0.6,take_profit,False,1.5,30.0,False,5.0,1.6666666666666667,1.277777777777778,1.2222222222222225,0.5,live_rolling_pf,5.708962686275038,7.294785654684771,815.5660980392912,822.860883693976,True,S5_000055,0
SECONDARY_W0_2018_2020,S5,188886,188939,2018-07-16T02:49:00,2018-07-16T03:42:00,2018-07-16T02:49:00,2018-07-16T03:42:00,146,1241.03,1242.53,1.5,0.6,take_profit,False,1.5,30.0,False,5.0,1.6666666666666667,1.277777777777778,1.2222222222222225,0.5,live_rolling_pf,5.760026185857832,7.360033459707231,822.860883693976,830.2209171536832,True,S5_000056,0
SECONDARY_W0_2018_2020,S5,190254,190306,2018-07-17T02:41:00,2018-07-17T03:33:00,2018-07-17T02:41:00,2018-07-17T03:33:00,150,1240.22,1239.6200000000001,1.5,0.6,stop_loss,False,-0.599999999999909,30.0,False,5.0,-0.6666666666665657,-1.0555555555554548,-1.1111111111110101,0.5,live_rolling_pf,5.811546420075783,-6.134410110079408,830.2209171536832,824.0865070436038,False,S5_000057,0
SECONDARY_W0_2018_2020,S5,190322,190331,2018-07-17T03:49:00,2018-07-17T03:58:00,2018-07-17T03:49:00,2018-07-17T03:58:00,152,1239.46,1238.8600000000001,1.5,0.6,stop_loss,False,-0.599999999999909,30.0,False,5.0,-0.6666666666665657,-1.0555555555554548,-1.1111111111110101,0.5,live_post_loss_cap;live_rolling_pf,5.768605549305226,-6.089083635377158,824.0865070436038,817.9974234082266,False,S5_000058,0
SECONDARY_W0_2018_2020,S5,190348,190350,2018-07-17T04:15:00,2018-07-17T04:17:00,2018-07-17T04:15:00,2018-07-17T04:17:00,153,1239.1,1238.5,1.5,0.6,stop_loss,False,-0.599999999999909,30.0,False,5.0,-0.6666666666665657,-1.0555555555554548,-1.1111111111110101,0.5,live_post_loss_cap;live_rolling_pf,5.725981963857587,-6.044092072960209,817.9974234082266,811.9533313352664,False,S5_000059,0
SECONDARY_W0_2018_2020,S5,190367,190384,2018-07-17T04:34:00,2018-07-17T04:51:00,2018-07-17T04:34:00,2018-07-17T04:51:00,154,1238.51,1240.01,1.5,0.6,take_profit,False,1.5,30.0,False,5.0,1.6666666666666667,1.277777777777778,1.2222222222222225,0.5,live_post_loss_cap;live_rolling_pf,5.683673319346865,7.262471463609884,811.9533313352664,819.2158027988763,True,S5_000060,0
SECONDARY_W0_2018_2020,S5,191606,191641,2018-07-18T02:17:00,2018-07-18T02:52:00,2018-07-18T02:17:00,2018-07-18T02:52:00,156,1227.51,1226.91,1.5,0.6,stop_loss,False,-0.599999999999909,30.0,False,5.0,-0.6666666666665657,-1.0555555555554548,-1.1111111111110101,0.5,live_rolling_pf,5.734510619592134,-6.0530945429022305,819.2158027988763,813.162708255974,False,S5_000061,0
SECONDARY_W0_2018_2020,S5,191656,191670,2018-07-18T03:07:00,2018-07-18T03:21:00,2018-07-18T03:07:00,2018-07-18T03:21:00,158,1227.5,1226.9,1.5,0.6,stop_loss,False,-0.599999999999909,30.0,False,5.0,-0.6666666666665657,-1.0555555555554548,-1.1111111111110101,0.5,live_post_loss_cap;live_rolling_pf,5.692138957791818,-6.00836889989079,813.162708255974,807.1543393560833,False,S5_000062,0
SECONDARY_W0_2018_2020,S5,191686,191730,2018-07-18T03:37:00,2018-07-18T04:21:00,2018-07-18T03:37:00,2018-07-18T04:21:00,159,1226.85,1228.35,1.5,0.6,take_profit,False,1.5,30.0,False,5.0,1.6666666666666667,1.277777777777778,1.2222222222222225,0.5,live_post_loss_cap;live_rolling_pf,5.650080375492583,7.219547146462745,807.1543393560833,814.373886502546,True,S5_000063,0
SECONDARY_W0_2018_2020,S5,192936,192966,2018-07-19T01:28:00,2018-07-19T01:58:00,2018-07-19T01:28:00,2018-07-19T01:58:00,160,1226.85,1226.25,1.5,0.6,stop_loss,False,-0.599999999999909,30.0,False,5.0,-0.6666666666665657,-1.0555555555554548,-1.1111111111110101,0.5,live_rolling_pf,5.700617205517823,-6.017318161379349,814.373886502546,808.3565683411667,False,S5_000064,0
SECONDARY_W0_2018_2020,S5,197128,197195,2018-07-24T02:25:00,2018-07-24T03:32:00,2018-07-24T02:25:00,2018-07-24T03:32:00,166,1223.85,1223.25,1.5,0.6,stop_loss,False,-0.599999999999909,30.0,False,5.0,-0.6666666666665657,-1.0555555555554548,-1.1111111111110101,0.5,live_rolling_pf,5.658495978388167,-5.972856866075828,808.3565683411667,802.3837114750909,False,S5_000065,0
SECONDARY_W0_2018_2020,S5,197211,197237,2018-07-24T03:48:00,2018-07-24T04:14:00,2018-07-24T03:48:00,2018-07-24T04:14:00,168,1222.87,1222.27,1.5,0.6,stop_loss,False,-0.599999999999909,30.0,False,5.0,-0.6666666666665657,-1.0555555555554548,-1.1111111111110101,0.5,live_post_loss_cap;live_rolling_pf,5.616685980325636,-5.928724090343161,802.3837114750909,796.4549873847477,False,S5_000066,0
SECONDARY_W0_2018_2020,S5,202654,202668,2018-07-30T02:38:00,2018-07-30T02:52:00,2018-07-30T02:38:00,2018-07-30T02:52:00,174,1222.87,1222.27,1.5,0.6,stop_loss,False,-0.599999999999909,30.0,False,5.0,-0.6666666666665657,-1.0555555555554548,-1.1111111111110101,0.5,live_rolling_pf,5.575184911693234,-5.884917406786741,796.4549873847477,790.570069977961,False,S5_000067,0
SECONDARY_W0_2018_2020,S5,202683,202772,2018-07-30T03:07:00,2018-07-30T04:36:00,2018-07-30T03:07:00,2018-07-30T04:36:00,175,1222.44,1221.8400000000001,1.5,0.6,stop_loss,False,-0.599999999999909,30.0,False,5.0,-0.6666666666665657,-1.0555555555554548,-1.1111111111110101,0.5,live_post_loss_cap;live_rolling_pf,5.533990489845727,-5.84143440594771,790.570069977961,784.7286355720133,False,S5_000068,0
SECONDARY_W0_2018_2020,S5,202787,202831,2018-07-30T04:51:00,2018-07-30T05:35:00,2018-07-30T04:51:00,2018-07-30T05:35:00,179,1221.18,1220.5800000000002,1.5,0.6,stop_loss,False,-0.599999999999909,30.0,False,5.0,-0.6666666666665657,-1.0555555555554548,-1.1111111111110101,0.5,live_post_loss_cap;live_rolling_pf,5.4931004490040936,-5.798272696170434,784.7286355720133,778.9303628758429,False,S5_000069,0
SECONDARY_W0_2018_2020,S5,210982,211007,2018-08-07T03:35:00,2018-08-07T04:00:00,2018-08-07T03:35:00,2018-08-07T04:00:00,181,1208.05,1209.55,1.5,0.6,take_profit,False,1.5,30.0,False,5.0,1.6666666666666667,1.277777777777778,1.2222222222222225,0.5,live_rolling_pf,5.4525125401309005,6.967099356833929,778.9303628758429,785.8974622326768,True,S5_000070,0
SECONDARY_W0_2018_2020,S5,211043,211057,2018-08-07T04:36:00,2018-08-07T04:50:00,2018-08-07T04:36:00,2018-08-07T04:50:00,183,1208.72,1208.1200000000001,1.5,0.6,stop_loss,False,-0.599999999999909,30.0,False,5.0,-0.6666666666665657,-1.0555555555554548,-1.1111111111110101,0.5,live_rolling_pf,5.501282235628738,-5.806909026496446,785.8974622326768,780.0905532061804,False,S5_000071,0
SECONDARY_W0_2018_2020,S5,212328,212342,2018-08-08T03:02:00,2018-08-08T03:16:00,2018-08-08T03:02:00,2018-08-08T03:16:00,187,1212.24,1211.64,1.5,0.6,stop_loss,False,-0.599999999999909,30.0,False,5.0,-0.6666666666665657,-1.0555555555554548,-1.1111111111110101,0.5,live_rolling_pf,5.460633872443263,-5.764002420911783,780.0905532061804,774.3265507852686,False,S5_000072,0
SECONDARY_W0_2018_2020,S5,212387,212418,2018-08-08T04:01:00,2018-08-08T04:32:00,2018-08-08T04:01:00,2018-08-08T04:32:00,188,1211.17,1212.67,1.5,0.6,take_profit,False,1.5,30.0,False,5.0,1.6666666666666667,1.277777777777778,1.2222222222222225,0.5,live_post_loss_cap;live_rolling_pf,5.42028585549688,6.9259208153571254,774.3265507852686,781.2524716006258,True,S5_000073,0
SECONDARY_W0_2018_2020,S5,213707,213776,2018-08-09T03:02:00,2018-08-09T04:11:00,2018-08-09T03:02:00,2018-08-09T04:11:00,191,1213.27,1214.77,1.5,0.6,take_profit,False,1.5,30.0,False,5.0,1.6666666666666667,1.277777777777778,1.2222222222222225,0.5,live_rolling_pf,5.46876730120438,6.987869329316709,781.2524716006258,788.2403409299425,True,S5_000074,0
SECONDARY_W0_2018_2020,S5,213785,213789,2018-08-09T04:20:00,2018-08-09T04:24:00,2018-08-09T04:20:00,2018-08-09T04:24:00,193,1214.36,1213.76,1.5,0.6,stop_loss,False,-0.599999999999909,30.0,False,5.0,-0.6666666666665657,-1.0555555555554548,-1.1111111111110101,0.5,live_rolling_pf,5.517682386509597,-5.824220296870686,788.2403409299425,782.4161206330718,False,S5_000075,0
SECONDARY_W0_2018_2020,S5,216518,216556,2018-08-13T04:01:00,2018-08-13T04:39:00,2018-08-13T04:01:00,2018-08-13T04:39:00,194,1208.9,1208.3000000000002,1.5,0.6,stop_loss,False,-0.599999999999909,30.0,False,5.0,-0.6666666666665657,-1.0555555555554548,-1.1111111111110101,0.5,live_rolling_pf,5.476912844431503,-5.781185780232701,782.4161206330718,776.6349348528391,False,S5_000076,0
SECONDARY_W0_2018_2020,S5,217836,217896,2018-08-14T03:02:00,2018-08-14T04:02:00,2018-08-14T03:02:00,2018-08-14T04:02:00,199,1192.5,1194.0,1.5,0.6,take_profit,False,1.5,30.0,False,5.0,1.6666666666666667,1.277777777777778,1.2222222222222225,0.5,live_rolling_pf,5.436444543969874,6.9465680284059514,776.6349348528391,783.5815028812451,True,S5_000077,0
SECONDARY_W0_2018_2020,S5,217919,217934,2018-08-14T04:25:00,2018-08-14T04:40:00,2018-08-14T04:25:00,2018-08-14T04:40:00,201,1193.23,1194.73,1.5,0.6,take_profit,False,1.5,30.0,False,5.0,1.6666666666666667,1.277777777777778,1.2222222222222225,0.5,live_rolling_pf,5.4850705201687155,7.008701220215582,783.5815028812451,790.5902041014607,True,S5_000078,0
SECONDARY_W0_2018_2020,S5,219160,219193,2018-08-15T02:14:00,2018-08-15T02:47:00,2018-08-15T02:14:00,2018-08-15T02:47:00,203,1194.15,1193.5500000000002,1.5,0.6,stop_loss,False,-0.599999999999909,30.0,False,5.0,-0.6666666666665657,-1.0555555555554548,-1.1111111111110101,0.5,live_rolling_pf,5.534131428710225,-5.8415831747491245,790.5902041014607,784.7486209267116,False,S5_000079,0
SECONDARY_W0_2018_2020,S5,219208,219232,2018-08-15T03:02:00,2018-08-15T03:26:00,2018-08-15T03:02:00,2018-08-15T03:26:00,204,1193.4,1192.8000000000002,1.5,0.6,stop_loss,False,-0.599999999999909,30.0,False,5.0,-0.6666666666665657,-1.0555555555554548,-1.1111111111110101,0.5,live_post_loss_cap;live_rolling_pf,5.4932403464869815,-5.798420365735705,784.7486209267116,778.9502005609759,False,S5_000080,0
SECONDARY_W0_2018_2020,S5,219247,219265,2018-08-15T03:41:00,2018-08-15T03:59:00,2018-08-15T03:41:00,2018-08-15T03:59:00,204,1193.08,1192.48,1.5,0.6,stop_loss,False,-0.599999999999909,30.0,False,5.0,-0.6666666666665657,-1.0555555555554548,-1.1111111111110101,0.5,live_post_loss_cap;live_rolling_pf,5.452651403926831,-5.755576481922216,778.9502005609759,773.1946240790537,False,S5_000081,1
SECONDARY_W0_2018_2020,S5,219280,219340,2018-08-15T04:14:00,2018-08-15T05:14:00,2018-08-15T04:14:00,2018-08-15T05:14:00,205,1192.17,1191.5700000000002,1.5,0.6,stop_loss,False,-0.599999999999909,30.0,False,5.0,-0.6666666666665657,-1.0555555555554548,-1.1111111111110101,0.5,live_post_loss_cap;live_rolling_pf,5.412362368553376,-5.713049166805796,773.1946240790537,767.4815749122479,False,S5_000082,0
SECONDARY_W0_2018_2020,S5,220634,220636,2018-08-16T03:50:00,2018-08-16T03:52:00,2018-08-16T03:50:00,2018-08-16T03:52:00,209,1162.11,1163.6727857142855,1.5627857142857076,1.923428571428563,take_profit,False,1.56278571428561,30.0,False,5.0,0.7028720123361162,0.5454574659470125,0.5229696736057121,0.5,live_rolling_pf,5.372371024385735,2.930399885088599,767.4815749122479,770.4119747973365,True,S5_000083,0
SECONDARY_W0_2018_2020,S5,220639,220646,2018-08-16T03:55:00,2018-08-16T04:02:00,2018-08-16T03:55:00,2018-08-16T04:02:00,209,1165.06,1166.8595714285714,1.7995714285714177,2.2148571428571295,take_profit,False,1.7995714285714257,30.0,False,5.0,0.7155760054533088,0.5764030902067732,0.5565212451715538,0.5,live_rolling_pf,5.392883823581355,3.1084749010384116,770.4119747973365,773.5204496983749,True,S5_000084,1
SECONDARY_W0_2018_2020,S5,239525,239585,2018-09-05T02:05:00,2018-09-05T03:13:00,2018-09-05T02:05:00,2018-09-05T03:13:00,210,1191.93,1191.3300000000002,1.5,0.6,stop_loss,False,-0.599999999999909,30.0,False,5.0,-0.6666666666665657,-1.0555555555554548,-1.1111111111110101,0.5,live_rolling_pf,5.414643147888625,-5.715456656104114,773.5204496983749,767.8049930422708,False,S5_000085,0
SECONDARY_W0_2018_2020,S5,239600,239604,2018-09-05T03:28:00,2018-09-05T03:32:00,2018-09-05T03:28:00,2018-09-05T03:32:00,219,1191.6,1191.0,1.5,0.6,stop_loss,False,-0.599999999999909,30.0,False,5.0,-0.6666666666665657,-1.0555555555554548,-1.1111111111110101,0.5,live_post_loss_cap;live_rolling_pf,5.374634951295896,-5.673225781922904,767.8049930422708,762.1317672603478,False,S5_000086,0
SECONDARY_W0_2018_2020,S5,243706,243707,2018-09-10T03:26:00,2018-09-10T03:27:00,2018-09-10T03:26:00,2018-09-10T03:27:00,221,1195.19,1194.5900000000001,1.5,0.6,stop_loss,False,-0.599999999999909,30.0,False,5.0,-0.6666666666665657,-1.0555555555554548,-1.1111111111110101,0.5,live_rolling_pf,5.334922370822435,-5.631306946978699,762.1317672603478,756.5004603133691,False,S5_000087,0
SECONDARY_W0_2018_2020,S5,245103,245141,2018-09-11T04:04:00,2018-09-11T04:42:00,2018-09-11T04:04:00,2018-09-11T04:42:00,222,1194.4,1193.8000000000002,1.5,0.6,stop_loss,False,-0.599999999999909,30.0,False,5.0,-0.6666666666665657,-1.0555555555554548,-1.1111111111110101,0.5,live_rolling_pf,5.295503222193584,-5.589697845648249,756.5004603133691,750.9107624677208,False,S5_000088,0
SECONDARY_W0_2018_2020,S5,245156,245167,2018-09-11T04:57:00,2018-09-11T05:08:00,2018-09-11T04:57:00,2018-09-11T05:08:00,230,1193.99,1193.39,1.5,0.6,stop_loss,False,-0.599999999999909,30.0,False,5.0,-0.6666666666665657,-1.0555555555554548,-1.1111111111110101,0.5,live_post_loss_cap;live_rolling_pf,5.256375337274045,-5.548396189344296,750.9107624677208,745.3623662783765,False,S5_000089,0
SECONDARY_W0_2018_2020,S5,250486,250492,2018-09-17T02:21:00,2018-09-17T02:28:00,2018-09-17T02:21:00,2018-09-17T02:28:00,231,1193.59,1192.99,1.5,0.6,stop_loss,False,-0.599999999999909,30.0,False,5.0,-0.6666666666665657,-1.0555555555554548,-1.1111111111110101,0.5,live_rolling_pf,5.217536563948635,-5.5073997063897,745.3623662783765,739.8549665719868,False,S5_000090,0
SECONDARY_W0_2018_2020,S5,250507,250584,2018-09-17T02:43:00,2018-09-17T04:02:00,2018-09-17T02:43:00,2018-09-17T04:02:00,231,1193.2,1194.7,1.5,0.6,take_profit,False,1.5,30.0,False,5.0,1.6666666666666667,1.277777777777778,1.2222222222222225,0.5,live_post_loss_cap;live_rolling_pf,5.178984766003907,6.617591645449438,739.8549665719868,746.4725582174362,True,S5_000091,1
SECONDARY_W0_2018_2020,S5,250612,250638,2018-09-17T04:30:00,2018-09-17T04:56:00,2018-09-17T04:30:00,2018-09-17T04:56:00,240,1194.61,1194.01,1.5,0.6,stop_loss,False,-0.599999999999909,30.0,False,5.0,-0.6666666666665657,-1.0555555555554548,-1.1111111111110101,0.5,live_rolling_pf,5.225307907522054,-5.5156027912727525,746.4725582174362,740.9569554261635,False,S5_000092,0
SECONDARY_W0_2018_2020,S5,253154,253186,2018-09-19T01:03:00,2018-09-19T01:35:00,2018-09-19T01:03:00,2018-09-19T01:35:00,242,1197.68,1199.18,1.5,0.6,take_profit,False,1.5,30.0,False,5.0,1.6666666666666667,1.277777777777778,1.2222222222222225,0.5,live_rolling_pf,5.186698687983145,6.627448323534019,740.9569554261635,747.5844037496976,True,S5_000093,0
SECONDARY_W0_2018_2020,S5,253331,253386,2018-09-19T04:01:00,2018-09-19T04:56:00,2018-09-19T04:01:00,2018-09-19T04:56:00,243,1198.83,1198.23,1.5,0.6,stop_loss,False,-0.599999999999909,30.0,False,5.0,-0.6666666666665657,-1.0555555555554548,-1.1111111111110101,0.5,live_rolling_pf,5.233090826247883,-5.523818094372238,747.5844037496976,742.0605856553253,False,S5_000094,0
SECONDARY_W0_2018_2020,S5,257319,257333,2018-09-24T02:01:00,2018-09-24T02:16:00,2018-09-24T02:01:00,2018-09-24T02:16:00,247,1197.6,1197.0,1.5,0.6,stop_loss,False,-0.599999999999909,30.0,False,5.0,-0.6666666666665657,-1.0555555555554548,-1.1111111111110101,0.5,live_rolling_pf,5.194424099587278,-5.483003216230492,742.0605856553253,736.5775824390948,False,S5_000095,0
SECONDARY_W0_2018_2020,S5,257358,257394,2018-09-24T02:41:00,2018-09-24T03:18:00,2018-09-24T02:41:00,2018-09-24T03:18:00,251,1197.77,1197.17,1.5,0.6,stop_loss,False,-0.599999999999909,30.0,False,5.0,-0.6666666666665657,-1.0555555555554548,-1.1111111111110101,0.5,live_post_loss_cap;live_rolling_pf,5.156043077073664,-5.442489914688348,736.5775824390948,731.1350925244064,False,S5_000096,0
SECONDARY_W0_2018_2020,S5,257410,257495,2018-09-24T03:34:00,2018-09-24T04:59:00,2018-09-24T03:34:00,2018-09-24T04:59:00,252,1196.59,1195.99,1.5,0.6,stop_loss,False,-0.599999999999909,30.0,False,5.0,-0.6666666666665657,-1.0555555555554548,-1.1111111111110101,0.5,live_post_loss_cap;live_rolling_pf,5.117945647670846,-5.4022759614298215,731.1350925244064,725.7328165629766,False,S5_000097,0
SECONDARY_W0_2018_2020,S5,258761,258782,2018-09-25T03:16:00,2018-09-25T03:37:00,2018-09-25T03:16:00,2018-09-25T03:37:00,253,1198.73,1198.13,1.5,0.6,stop_loss,False,-0.599999999999909,30.0,False,5.0,-0.6666666666665657,-1.0555555555554548,-1.1111111111110101,0.5,live_rolling_pf,5.080129715940837,-5.362359144603705,725.7328165629766,720.3704574183729,False,S5_000098,0
SECONDARY_W0_2018_2020,S5,258806,258867,2018-09-25T04:01:00,2018-09-25T05:02:00,2018-09-25T04:01:00,2018-09-25T05:02:00,254,1198.29,1197.69,1.5,0.6,stop_loss,False,-0.599999999999909,30.0,False,5.0,-0.6666666666665657,-1.0555555555554548,-1.1111111111110101,0.5,live_post_loss_cap;live_rolling_pf,5.04259320192861,-5.322737268701913,720.3704574183729,715.047720149671,False,S5_000099,0
SECONDARY_W0_2018_2020,S5,260147,260153,2018-09-26T03:28:00,2018-09-26T03:36:00,2018-09-26T03:28:00,2018-09-26T03:36:00,258,1201.14,1200.5400000000002,1.5,0.6,stop_loss,False,-0.599999999999909,30.0,False,5.0,-0.6666666666665657,-1.0555555555554548,-1.1111111111110101,0.5,live_rolling_pf,5.005334041047697,-5.283408154438732,715.047720149671,709.7643119952323,False,S5_000100,0
SECONDARY_W0_2018_2020,S5,260190,260255,2018-09-26T04:13:00,2018-09-26T05:18:00,2018-09-26T04:13:00,2018-09-26T05:18:00,260,1200.17,1201.67,1.5,0.6,take_profit,False,1.5,30.0,False,5.0,1.6666666666666667,1.277777777777778,1.2222222222222225,0.5,live_post_loss_cap;live_rolling_pf,4.968350183966627,6.348447457290691,709.7643119952323,716.112759452523,True,S5_000101,0
SECONDARY_W0_2018_2020,S5,265486,265558,2018-10-02T01:04:00,2018-10-02T02:34:00,2018-10-02T01:04:00,2018-10-02T02:34:00,264,1188.75,1189.85,1.5,0.6,timeout,False,1.099999999999909,30.0,False,5.0,1.2222222222221213,0.8333333333332322,0.7777777777776768,0.5,live_rolling_pf,5.0127893161676615,4.177324430139211,716.112759452523,720.2900838826623,True,S5_000102,0
SECONDARY_W0_2018_2020,S5,268314,268404,2018-10-04T03:02:00,2018-10-04T04:32:00,2018-10-04T03:02:00,2018-10-04T04:32:00,266,1197.95,1198.14,1.5,0.6,timeout,False,0.19000000000005457,30.0,False,5.0,0.21111111111117176,-0.1777777777777172,-0.23333333333327275,0.5,live_rolling_pf,5.042030587178636,-0.8963609932758965,720.2900838826623,719.3937228893864,False,S5_000103,0
SECONDARY_W0_2018_2020,S5,273672,273755,2018-10-10T01:55:00,2018-10-10T03:25:00,2018-10-10T01:55:00,2018-10-10T03:25:00,267,1189.25,1190.04,1.5,0.6,timeout,False,0.7899999999999636,30.0,False,5.0,0.8777777777777375,0.48888888888884846,0.43333333333329294,0.5,live_rolling_pf,5.0357560602257045,2.46192518499903,719.3937228893864,721.8556480743854,True,S5_000104,0
SECONDARY_W0_2018_2020,S5,304012,304058,2018-11-09T04:53:00,2018-11-09T05:39:00,2018-11-09T04:53:00,2018-11-09T05:39:00,268,1220.4,1219.8000000000002,1.5,0.6,stop_loss,False,-0.599999999999909,25.0,True,5.0,-0.7058823529410695,-1.0588235294116577,-1.1176470588234226,0.5,live_rolling_pf,5.052989536520697,-5.350224215139021,721.8556480743854,716.5054238592463,False,S5_000105,0
SECONDARY_W0_2018_2020,S5,305288,305319,2018-11-12T03:13:00,2018-11-12T03:44:00,2018-11-12T03:13:00,2018-11-12T03:44:00,269,1209.49,1210.99,1.5,0.6,take_profit,False,1.5,21.0,True,5.0,1.851851851851852,1.5308641975308643,1.4691358024691359,0.5,live_rolling_pf,5.015537967014724,7.678107505059579,716.5054238592463,724.1835313643058,True,S5_000106,0
SECONDARY_W0_2018_2020,S5,305351,305361,2018-11-12T04:16:00,2018-11-12T04:26:00,2018-11-12T04:16:00,2018-11-12T04:26:00,271,1210.71,1210.1100000000001,1.5,0.6,stop_loss,False,-0.599999999999909,22.0,True,5.0,-0.7317073170730599,-1.0609756097559868,-1.1219512195120844,0.5,live_rolling_pf,5.069284719550141,-5.378387446351417,724.1835313643058,718.8051439179544,False,S5_000107,0
SECONDARY_W0_2018_2020,S5,305376,305466,2018-11-12T04:41:00,2018-11-12T06:11:00,2018-11-12T04:41:00,2018-11-12T06:11:00,274,1210.5,1210.11,1.5,0.6,timeout,False,-0.39000000000010004,21.0,True,5.0,-0.481481481481605,-0.8024691358025927,-0.8641975308643212,0.5,live_post_loss_cap;live_rolling_pf,5.031636007425681,-4.037732598552094,718.8051439179544,714.7674113194023,False,S5_000108,0
SECONDARY_W0_2018_2020,S5,306732,306822,2018-11-13T04:26:00,2018-11-13T05:56:00,2018-11-13T04:26:00,2018-11-13T05:56:00,278,1203.79,1204.65,1.5,0.6,timeout,False,0.8600000000001273,22.0,True,5.0,1.0487804878050333,0.7195121951221065,0.6585365853660089,0.5,live_rolling_pf,5.003371879235816,3.599987083841181,714.7674113194023,718.3673984032434,True,S5_000109,0
SECONDARY_W0_2018_2020,S5,308101,308125,2018-11-14T04:28:00,2018-11-14T04:52:00,2018-11-14T04:28:00,2018-11-14T04:52:00,280,1203.42,1202.8200000000002,1.5,0.6,stop_loss,False,-0.599999999999909,21.0,True,5.0,-0.7407407407406285,-1.061728395061616,-1.1234567901233448,0.5,live_rolling_pf,5.028571788822704,-5.33897745479885,718.3673984032434,713.0284209484446,False,S5_000110,0
SECONDARY_W0_2018_2020,S5,321288,321376,2018-11-28T03:18:00,2018-11-28T04:48:00,2018-11-28T03:18:00,2018-11-28T04:48:00,283,1214.3,1214.81,1.5,0.6,timeout,False,0.5099999999999909,24.0,True,5.0,0.6071428571428463,0.2619047619047511,0.20238095238094153,0.5,live_rolling_pf,4.991198946639113,1.3072187717387613,713.0284209484446,714.3356397201834,True,S5_000111,0
SECONDARY_W0_2018_2020,S5,321383,321438,2018-11-28T04:55:00,2018-11-28T05:51:00,2018-11-28T04:55:00,2018-11-28T05:51:00,289,1214.97,1214.3700000000001,1.5,0.6,stop_loss,False,-0.599999999999909,20.0,True,5.0,-0.7499999999998863,-1.0624999999998863,-1.1249999999998863,0.5,live_rolling_pf,5.000349478041284,-5.312871320418296,714.3356397201834,709.0227683997651,False,S5_000112,0
SECONDARY_W0_2018_2020,S5,337887,337976,2018-12-14T04:54:00,2018-12-14T06:23:00,2018-12-14T04:54:00,2018-12-14T06:23:00,292,1242.18,1241.5800000000002,1.5,0.6,stop_loss,False,-0.599999999999909,26.0,True,5.0,-0.6976744186045454,-1.0581395348836153,-1.1162790697673362,0.5,live_rolling_pf,4.963159378798356,-5.251715156634946,709.0227683997651,703.7710532431302,False,S5_000113,0
SECONDARY_W0_2018_2020,S5,368163,368191,2019-01-18T08:51:00,2019-01-18T09:19:00,2019-01-18T08:51:00,2019-01-18T09:19:00,312,1291.68,1291.0800000000002,1.5,0.6,stop_loss,False,-0.599999999999909,22.0,True,5.0,-0.7317073170730599,-1.0609756097559868,-1.1219512195120844,0.5,live_rolling_pf,4.926397372701911,-5.226787456402701,703.7710532431302,698.5442657867275,False,S5_000114,0
SECONDARY_W0_2018_2020,S5,370357,370384,2019-01-22T03:32:00,2019-01-22T03:59:00,2019-01-22T03:32:00,2019-01-22T03:59:00,313,1279.54,1278.94,1.5,0.6,stop_loss,False,-0.599999999999909,21.0,True,5.0,-0.7407407407406285,-1.061728395061616,-1.1234567901233448,0.5,live_rolling_pf,4.889809860507093,-5.191649975352661,698.5442657867275,693.3526158113748,False,S5_000115,0
SECONDARY_W0_2018_2020,S5,388327,388339,2019-02-08T04:51:00,2019-02-08T05:03:00,2019-02-08T04:51:00,2019-02-08T05:03:00,315,1309.97,1309.3700000000001,1.5,0.6,stop_loss,False,-0.599999999999909,26.0,True,5.0,-0.6976744186045454,-1.0581395348836153,-1.1162790697673362,0.5,live_rolling_pf,4.853468310679624,-5.135646700834903,693.3526158113748,688.2169691105399,False,S5_000116,0
SECONDARY_W0_2018_2020,S5,392425,392515,2019-02-13T04:26:00,2019-02-13T05:56:00,2019-02-13T04:26:00,2019-02-13T05:56:00,317,1312.17,1312.95,1.5,0.6,timeout,False,0.7799999999999727,27.0,True,5.0,0.8965517241378996,0.5287356321838766,0.4712643678160606,0.5,live_rolling_pf,4.81751878377378,2.54719383969633,688.2169691105399,690.7641629502363,True,S5_000117,0
SECONDARY_W0_2018_2020,S5,392646,392712,2019-02-13T08:07:00,2019-02-13T09:13:00,2019-02-13T08:07:00,2019-02-13T09:13:00,318,1313.45,1312.8500000000001,1.5,0.6,stop_loss,False,-0.599999999999909,25.0,True,5.0,-0.7058823529410695,-1.0588235294116577,-1.1176470588234226,0.5,live_rolling_pf,4.835349140651654,-5.1197814430424105,690.7641629502363,685.6443815071939,False,S5_000118,0
SECONDARY_W0_2018_2020,S5,397668,397758,2019-02-19T04:18:00,2019-02-19T05:48:00,2019-02-19T04:18:00,2019-02-19T05:48:00,332,1324.97,1324.97,1.5,0.6,timeout,False,0.0,24.0,True,5.0,0.0,-0.34523809523809523,-0.4047619047619048,0.5,live_rolling_pf,4.799510670550357,-1.6569739219757185,685.6443815071939,683.9874075852182,False,S5_000119,0
SECONDARY_W0_2018_2020,S5,416966,417056,2019-03-11T04:02:00,2019-03-11T05:32:00,2019-03-11T04:02:00,2019-03-11T05:32:00,333,1296.15,1296.88,1.5,0.6,timeout,False,0.7300000000000182,23.0,True,5.0,0.8795180722891786,0.5421686746988171,0.4819277108433954,0.5,live_rolling_pf,4.787911853096528,2.595855823968102,683.9874075852182,686.5832634091863,True,S5_000120,0
SECONDARY_W0_2018_2020,S5,417226,417249,2019-03-11T08:23:00,2019-03-11T08:46:00,2019-03-11T08:23:00,2019-03-11T08:46:00,336,1298.54,1297.94,1.5,0.6,stop_loss,False,-0.599999999999909,22.0,True,5.0,-0.7317073170730599,-1.0609756097559868,-1.1219512195120844,0.5,live_rolling_pf,4.806082843864305,-5.099136675806718,686.5832634091863,681.4841267333796,False,S5_000121,0
SECONDARY_W0_2018_2020,S5,418338,418406,2019-03-12T04:01:00,2019-03-12T05:09:00,2019-03-12T04:01:00,2019-03-12T05:09:00,338,1294.7,1296.2,1.5,0.6,take_profit,False,1.5,23.0,True,5.0,1.8072289156626506,1.4698795180722892,1.4096385542168675,0.5,live_rolling_pf,4.770388887133658,7.011896918437425,681.4841267333796,688.496023651817,True,S5_000122,0
SECONDARY_W0_2018_2020,S5,419713,419746,2019-03-13T04:07:00,2019-03-13T04:40:00,2019-03-13T04:07:00,2019-03-13T04:40:00,342,1304.19,1305.69,1.5,0.6,take_profit,False,1.5,21.0,True,5.0,1.851851851851852,1.5308641975308643,1.4691358024691359,0.5,live_rolling_pf,4.819472165562719,7.377957389256509,688.496023651817,695.8739810410735,True,S5_000123,0
SECONDARY_W0_2018_2020,S5,419762,419852,2019-03-13T04:56:00,2019-03-13T06:26:00,2019-03-13T04:56:00,2019-03-13T06:26:00,346,1305.2,1304.73,1.5,0.6,timeout,False,-0.4700000000000273,26.0,True,5.0,-0.5465116279070085,-0.9069767441860783,-0.9651162790697991,0.5,live_rolling_pf,4.871117867287515,-4.417990623819064,695.8739810410735,691.4559904172545,False,S5_000124,0
SECONDARY_W0_2018_2020,S5,423851,423941,2019-03-18T04:21:00,2019-03-18T05:51:00,2019-03-18T04:21:00,2019-03-18T05:51:00,349,1299.02,1299.27,1.5,0.6,timeout,False,0.25,25.0,True,5.0,0.29411764705882354,-0.05882352941176469,-0.11764705882352945,0.5,live_rolling_pf,4.840191932920781,-0.28471717252475176,691.4559904172545,691.1712732447297,False,S5_000125,0
SECONDARY_W0_2018_2020,S5,425210,425238,2019-03-19T04:01:00,2019-03-19T04:29:00,2019-03-19T04:01:00,2019-03-19T04:29:00,350,1305.86,1307.36,1.5,0.6,take_profit,False,1.5,25.0,True,5.0,1.7647058823529411,1.411764705882353,1.352941176470588,0.5,live_rolling_pf,4.838198912713108,6.830398465006741,691.1712732447297,698.0016717097365,True,S5_000126,0
SECONDARY_W0_2018_2020,S5,425250,425340,2019-03-19T04:41:00,2019-03-19T06:11:00,2019-03-19T04:41:00,2019-03-19T06:11:00,351,1307.22,1307.39,1.5,0.6,timeout,False,0.17000000000007276,22.0,True,5.0,0.20731707317082046,-0.12195121951210643,-0.18292682926820397,0.5,live_rolling_pf,4.8860117019681555,-0.5958550856054392,698.0016717097365,697.405816624131,False,S5_000127,0
SECONDARY_W0_2018_2020,S5,426588,426603,2019-03-20T04:09:00,2019-03-20T04:24:00,2019-03-20T04:09:00,2019-03-20T04:24:00,366,1304.91,1304.3100000000002,1.5,0.6,stop_loss,False,-0.599999999999909,26.0,True,5.0,-0.6976744186045454,-1.0581395348836153,-1.1162790697673362,0.5,live_rolling_pf,4.8818407163689175,-5.165668664994502,697.405816624131,692.2401479591365,False,S5_000128,0
SECONDARY_W0_2018_2020,S5,426840,426854,2019-03-20T08:26:00,2019-03-20T08:40:00,2019-03-20T08:26:00,2019-03-20T08:40:00,372,1305.98,1305.38,1.5,0.6,stop_loss,False,-0.599999999999909,25.0,True,5.0,-0.7058823529410695,-1.0588235294116577,-1.1176470588234226,0.5,live_rolling_pf,4.845681035713955,-5.130721096637787,692.2401479591365,687.1094268624987,False,S5_000129,0
SECONDARY_W0_2018_2020,S5,440241,440248,2019-04-03T03:36:00,2019-04-03T03:43:00,2019-04-03T03:36:00,2019-04-03T03:43:00,375,1291.7,1291.1000000000001,1.5,0.6,stop_loss,False,-0.599999999999909,28.0,True,5.0,-0.6818181818180785,-1.0568181818180786,-1.1136363636362603,0.5,live_rolling_pf,4.8097659880374914,-5.083048146448216,687.1094268624987,682.0263787160505,False,S5_000130,0
SECONDARY_W0_2018_2020,S5,441583,441644,2019-04-04T03:02:00,2019-04-04T04:03:00,2019-04-04T03:02:00,2019-04-04T04:03:00,376,1291.95,1291.3500000000001,1.5,0.6,stop_loss,False,-0.599999999999909,22.0,True,5.0,-0.7317073170730599,-1.0609756097559868,-1.1219512195120844,0.5,live_rolling_pf,4.774184651012354,-5.065293471195505,682.0263787160505,676.961085244855,False,S5_000131,0
SECONDARY_W0_2018_2020,S5,443020,443033,2019-04-05T04:04:00,2019-04-05T04:17:00,2019-04-05T04:04:00,2019-04-05T04:17:00,378,1291.72,1291.1200000000001,1.5,0.6,stop_loss,False,-0.599999999999909,25.0,True,5.0,-0.7058823529410695,-1.0588235294116577,-1.1176470588234226,0.5,live_rolling_pf,4.738727596713985,-5.017476278873124,676.961085244855,671.9436089659819,False,S5_000132,0
SECONDARY_W0_2018_2020,S5,444329,444382,2019-04-08T03:01:00,2019-04-08T03:54:00,2019-04-08T03:01:00,2019-04-08T03:54:00,380,1291.69,1293.19,1.5,0.6,take_profit,False,1.5,23.0,True,5.0,1.8072289156626506,1.4698795180722892,1.4096385542168675,0.5,live_rolling_pf,4.703605262761873,6.913733036830705,671.9436089659819,678.8573420028125,True,S5_000133,0
SECONDARY_W0_2018_2020,S5,444412,444421,2019-04-08T04:24:00,2019-04-08T04:33:00,2019-04-08T04:24:00,2019-04-08T04:33:00,386,1293.52,1295.02,1.5,0.6,take_profit,False,1.5,22.0,True,5.0,1.829268292682927,1.5,1.4390243902439024,0.5,live_rolling_pf,4.752001394019688,7.128002091029532,678.8573420028125,685.9853440938421,True,S5_000134,0
SECONDARY_W0_2018_2020,S5,445709,445723,2019-04-09T03:02:00,2019-04-09T03:16:00,2019-04-09T03:02:00,2019-04-09T03:16:00,387,1298.14,1297.5400000000002,1.5,0.6,stop_loss,False,-0.599999999999909,24.0,True,5.0,-0.714285714285606,-1.0595238095237014,-1.119047619047511,0.5,live_rolling_pf,4.801897408656894,-5.087724635362143,685.9853440938421,680.8976194584799,False,S5_000135,0
SECONDARY_W0_2018_2020,S5,452659,452672,2019-04-16T04:01:00,2019-04-16T04:14:00,2019-04-16T04:01:00,2019-04-16T04:14:00,389,1287.11,1286.51,1.5,0.6,stop_loss,False,-0.599999999999909,25.0,True,5.0,-0.7058823529410695,-1.0588235294116577,-1.1176470588234226,0.5,live_rolling_pf,4.7662833362093595,-5.046652944221164,680.8976194584799,675.8509665142587,False,S5_000136,0
SECONDARY_W0_2018_2020,S5,456810,456846,2019-04-22T04:19:00,2019-04-22T04:55:00,2019-04-22T04:19:00,2019-04-22T04:55:00,390,1276.32,1277.82,1.5,0.6,take_profit,False,1.5,25.0,True,5.0,1.7647058823529411,1.411764705882353,1.352941176470588,0.5,live_rolling_pf,4.730956765599811,6.678997786729146,675.8509665142587,682.5299643009879,True,S5_000137,0
SECONDARY_W0_2018_2020,S5,458108,458119,2019-04-23T03:01:00,2019-04-23T03:12:00,2019-04-23T03:01:00,2019-04-23T03:12:00,399,1274.53,1273.93,1.5,0.6,stop_loss,False,-0.599999999999909,22.0,True,5.0,-0.7317073170730599,-1.0609756097559868,-1.1219512195120844,0.5,live_rolling_pf,4.777709750106915,-5.069033515356807,682.5299643009879,677.460930785631,False,S5_000138,0
SECONDARY_W0_2018_2020,S5,458134,458164,2019-04-23T03:27:00,2019-04-23T03:57:00,2019-04-23T03:27:00,2019-04-23T03:57:00,399,1273.59,1275.09,1.5,0.6,take_profit,False,1.5,25.0,True,5.0,1.7647058823529411,1.411764705882353,1.352941176470588,0.5,live_post_loss_cap;live_rolling_pf,4.742226515499417,6.69490802188153,677.460930785631,684.1558388075125,True,S5_000139,1
SECONDARY_W0_2018_2020,S5,458166,458256,2019-04-23T03:59:00,2019-04-23T05:29:00,2019-04-23T03:59:00,2019-04-23T05:29:00,400,1275.21,1274.99,1.5,0.6,timeout,False,-0.22000000000002728,21.0,True,5.0,-0.2716049382716386,-0.5925925925926263,-0.6543209876543548,0.5,live_post_loss_cap;live_rolling_pf,4.789090871652587,-2.8379797757942873,684.1558388075125,681.3178590317182,False,S5_000140,0
SECONDARY_W0_2018_2020,S5,459486,459523,2019-04-24T03:01:00,2019-04-24T03:38:00,2019-04-24T03:01:00,2019-04-24T03:38:00,408,1271.56,1270.96,1.5,0.6,stop_loss,False,-0.599999999999909,24.0,True,5.0,-0.714285714285606,-1.0595238095237014,-1.119047619047511,0.5,live_rolling_pf,4.7692250132220275,-5.053107454484728,681.3178590317182,676.2647515772335,False,S5_000141,0
SECONDARY_W0_2018_2020,S5,459539,459574,2019-04-24T03:54:00,2019-04-24T04:29:00,2019-04-24T03:54:00,2019-04-24T04:29:00,410,1270.66,1270.0600000000002,1.5,0.6,stop_loss,False,-0.599999999999909,25.0,True,5.0,-0.7058823529410695,-1.0588235294116577,-1.1176470588234226,0.5,live_post_loss_cap;live_rolling_pf,4.733853261040634,-5.012315217571929,676.2647515772335,671.2524363596616,False,S5_000142,0
SECONDARY_W0_2018_2020,S5,459593,459605,2019-04-24T04:48:00,2019-04-24T05:00:00,2019-04-24T04:48:00,2019-04-24T05:00:00,412,1271.08,1270.48,1.5,0.6,stop_loss,False,-0.599999999999909,22.0,True,5.0,-0.7317073170730599,-1.0609756097559868,-1.1219512195120844,0.5,live_post_loss_cap;live_rolling_pf,4.698767054517631,-4.985277240768186,671.2524363596616,666.2671591188935,False,S5_000143,0
SECONDARY_W0_2018_2020,S5,460745,460755,2019-04-25T01:01:00,2019-04-25T01:11:00,2019-04-25T01:01:00,2019-04-25T01:11:00,413,1275.88,1275.2800000000002,1.5,0.6,stop_loss,False,-0.599999999999909,28.0,True,5.0,-0.6818181818180785,-1.0568181818180786,-1.1136363636362603,0.5,live_rolling_pf,4.663870113832254,-4.928862733935878,666.2671591188935,661.3382963849576,False,S5_000144,0
SECONDARY_W0_2018_2020,S5,460770,460840,2019-04-25T01:26:00,2019-04-25T02:36:00,2019-04-25T01:26:00,2019-04-25T02:36:00,415,1274.77,1274.17,1.5,0.6,stop_loss,False,-0.599999999999909,28.0,True,5.0,-0.6818181818180785,-1.0568181818180786,-1.1136363636362603,0.5,live_post_loss_cap;live_rolling_pf,4.629368074694703,-4.892400351665516,661.3382963849576,656.4458960332921,False,S5_000145,0
SECONDARY_W0_2018_2020,S5,460862,460867,2019-04-25T02:58:00,2019-04-25T03:03:00,2019-04-25T02:58:00,2019-04-25T03:03:00,419,1274.4,1273.8000000000002,1.5,0.6,stop_loss,False,-0.599999999999909,23.0,True,5.0,-0.7228915662649507,-1.0602409638553123,-1.1204819277107338,0.5,live_post_loss_cap;live_rolling_pf,4.595121272233045,-4.871935806704412,656.4458960332921,651.5739602265877,False,S5_000146,0
SECONDARY_W0_2018_2020,S5,460885,460975,2019-04-25T03:21:00,2019-04-25T04:51:00,2019-04-25T03:21:00,2019-04-25T04:51:00,420,1273.73,1274.25,1.5,0.6,timeout,False,0.5199999999999818,25.0,True,5.0,0.6117647058823316,0.2588235294117433,0.19999999999997856,0.5,live_post_loss_cap;live_rolling_pf,4.561017721586114,1.180498704410426,651.5739602265877,652.7544589309981,True,S5_000147,0
SECONDARY_W0_2018_2020,S5,460977,461008,2019-04-25T04:53:00,2019-04-25T05:24:00,2019-04-25T04:53:00,2019-04-25T05:24:00,431,1274.33,1275.83,1.5,0.6,take_profit,False,1.5,27.0,True,5.0,1.7241379310344829,1.3563218390804597,1.2988505747126435,0.5,live_post_loss_cap;live_rolling_pf,4.569281212516987,6.197415897436833,652.7544589309981,658.9518748284349,True,S5_000148,0
SECONDARY_W0_2018_2020,S5,462241,462262,2019-04-26T02:58:00,2019-04-26T03:19:00,2019-04-26T02:58:00,2019-04-26T03:19:00,433,1278.59,1277.99,1.5,0.6,stop_loss,False,-0.599999999999909,26.0,True,5.0,-0.6976744186045454,-1.0581395348836153,-1.1162790697673362,0.5,live_rolling_pf,4.612663123799044,-4.880841212391525,658.9518748284349,654.0710336160435,False,S5_000149,0
SECONDARY_W0_2018_2020,S5,462355,462411,2019-04-26T04:52:00,2019-04-26T05:48:00,2019-04-26T04:52:00,2019-04-26T05:48:00,438,1279.49,1280.99,1.5,0.6,take_profit,False,1.5,19.0,True,5.0,1.8987341772151898,1.5949367088607593,1.5316455696202531,0.5,live_post_loss_cap;live_rolling_pf,4.578497235312304,7.302413312017093,654.0710336160435,661.3734469280605,True,S5_000150,0
SECONDARY_W0_2018_2020,S5,462551,462641,2019-04-26T08:08:00,2019-04-26T09:38:00,2019-04-26T08:08:00,2019-04-26T09:38:00,448,1280.14,1281.13,1.5,0.6,timeout,False,0.9900000000000091,24.0,True,5.0,1.1785714285714395,0.8333333333333441,0.7738095238095346,0.5,live_rolling_pf,4.629614128496423,3.8580117737470694,661.3734469280605,665.2314587018076,True,S5_000151,0
SECONDARY_W0_2018_2020,S5,462658,462663,2019-04-26T09:55:00,2019-04-26T10:00:00,2019-04-26T09:55:00,2019-04-26T10:00:00,454,1281.95,1281.3500000000001,1.5,0.6,stop_loss,False,-0.599999999999909,20.0,True,5.0,-0.7499999999998863,-1.0624999999998863,-1.1249999999998863,0.5,live_rolling_pf,4.656620210912653,-4.947658974094164,665.2314587018076,660.2837997277135,False,S5_000152,0
SECONDARY_W0_2018_2020,S5,463598,463648,2019-04-29T02:37:00,2019-04-29T03:27:00,2019-04-29T02:37:00,2019-04-29T03:27:00,459,1285.89,1285.2900000000002,1.5,0.6,stop_loss,False,-0.599999999999909,19.0,True,5.0,-0.7594936708859608,-1.0632911392403912,-1.1265822784808974,0.5,live_rolling_pf,4.6219865980939945,-4.914517395441184,660.2837997277135,655.3692823322723,False,S5_000153,0
SECONDARY_W0_2018_2020,S5,463663,463753,2019-04-29T03:42:00,2019-04-29T05:12:00,2019-04-29T03:42:00,2019-04-29T05:12:00,460,1285.28,1285.55,1.5,0.6,timeout,False,0.2699999999999818,28.0,True,5.0,0.3068181818181612,-0.06818181818183887,-0.12500000000002068,0.5,live_post_loss_cap;live_rolling_pf,4.587584976325906,-0.3127898847495885,655.3692823322723,655.0564924475227,False,S5_000154,0
SECONDARY_W0_2018_2020,S5,465001,465059,2019-04-30T03:01:00,2019-04-30T03:59:00,2019-04-30T03:01:00,2019-04-30T03:59:00,468,1280.35,1281.85,1.5,0.6,take_profit,False,1.5,23.0,True,5.0,1.8072289156626506,1.4698795180722892,1.4096385542168675,0.5,live_rolling_pf,4.585395447132659,6.739978850002222,655.0564924475227,661.7964712975249,True,S5_000155,0
SECONDARY_W0_2018_2020,S5,465060,465060,2019-04-30T04:00:00,2019-04-30T04:00:00,2019-04-30T04:00:00,2019-04-30T04:00:00,468,1281.86,1281.26,1.5,0.6,stop_loss,False,-0.599999999999909,16.0,True,5.0,-0.7894736842104066,-1.0657894736840907,-1.1315789473683013,0.5,live_rolling_pf,4.632575299082674,-4.937349989811243,661.7964712975249,656.8591213077137,False,S5_000156,1
SECONDARY_W0_2018_2020,S5,465075,465165,2019-04-30T04:15:00,2019-04-30T05:45:00,2019-04-30T04:15:00,2019-04-30T05:45:00,470,1281.96,1281.69,1.5,0.6,timeout,False,-0.2699999999999818,20.0,True,5.0,-0.33749999999997726,-0.6499999999999773,-0.7124999999999773,0.5,live_post_loss_cap;live_rolling_pf,4.598013849153996,-2.9887090019499927,656.8591213077137,653.8704123057637,False,S5_000157,0
SECONDARY_W0_2018_2020,S5,466259,466286,2019-05-01T01:01:00,2019-05-01T01:28:00,2019-05-01T01:01:00,2019-05-01T01:28:00,476,1283.53,1282.93,1.5,0.6,stop_loss,False,-0.599999999999909,26.0,True,5.0,-0.6976744186045454,-1.0581395348836153,-1.1162790697673362,0.5,live_rolling_pf,4.577092886140346,-4.843202937659651,653.8704123057637,649.0272093681041,False,S5_000158,0
SECONDARY_W0_2018_2020,S5,466303,466393,2019-05-01T01:46:00,2019-05-01T03:16:00,2019-05-01T01:46:00,2019-05-01T03:16:00,479,1282.7,1283.24,1.5,0.6,timeout,False,0.5399999999999636,23.0,True,5.0,0.6506024096385105,0.3132530120481489,0.25301204819272727,0.5,live_post_loss_cap;live_rolling_pf,4.543190465576728,1.4231680976503422,649.0272093681041,650.4503774657544,True,S5_000159,0
SECONDARY_W0_2018_2020,S5,466393,466408,2019-05-01T03:16:00,2019-05-01T03:31:00,2019-05-01T03:16:00,2019-05-01T03:31:00,484,1283.24,1282.64,1.5,0.6,stop_loss,False,-0.599999999999909,22.0,True,5.0,-0.7317073170730599,-1.0609756097559868,-1.1219512195120844,0.5,live_post_loss_cap;live_rolling_pf,4.553152642260281,-4.830783900934184,650.4503774657544,645.6195935648202,False,S5_000160,0
SECONDARY_W0_2018_2020,S5,466423,466451,2019-05-01T03:46:00,2019-05-01T04:14:00,2019-05-01T03:46:00,2019-05-01T04:14:00,484,1282.57,1281.97,1.5,0.6,stop_loss,False,-0.599999999999909,27.0,True,5.0,-0.6896551724136886,-1.0574712643677115,-1.1149425287355277,0.5,live_post_loss_cap;live_rolling_pf,4.5193371549537416,-4.77906917535291,645.6195935648202,640.8405243894673,False,S5_000161,1
SECONDARY_W0_2018_2020,S5,466467,466513,2019-05-01T04:30:00,2019-05-01T05:16:00,2019-05-01T04:30:00,2019-05-01T05:16:00,485,1281.81,1281.21,1.5,0.6,stop_loss,False,-0.599999999999909,27.0,True,5.0,-0.6896551724136886,-1.0574712643677115,-1.1149425287355277,0.5,live_post_loss_cap;live_rolling_pf,4.485883670726271,-4.7436930770893815,640.8405243894673,636.096831312378,False,S5_000162,0
SECONDARY_W0_2018_2020,S5,469196,469214,2019-05-03T04:02:00,2019-05-03T04:20:00,2019-05-03T04:02:00,2019-05-03T04:20:00,494,1271.75,1271.15,1.5,0.6,stop_loss,False,-0.599999999999909,27.0,True,5.0,-0.6896551724136886,-1.0574712643677115,-1.1149425287355277,0.5,live_rolling_pf,4.452677819186646,-4.708578843277367,636.096831312378,631.3882524691006,False,S5_000163,0
SECONDARY_W0_2018_2020,S5,471892,471936,2019-05-07T03:01:00,2019-05-07T03:45:00,2019-05-07T03:01:00,2019-05-07T03:45:00,495,1282.86,1282.26,1.5,0.6,stop_loss,False,-0.599999999999909,19.0,True,5.0,-0.7594936708859608,-1.0632911392403912,-1.1265822784808974,0.5,live_rolling_pf,4.4197177672837045,-4.699446739896088,631.3882524691006,626.6888057292045,False,S5_000164,0
SECONDARY_W0_2018_2020,S5,471952,471962,2019-05-07T04:01:00,2019-05-07T04:11:00,2019-05-07T04:01:00,2019-05-07T04:11:00,500,1282.34,1281.74,1.5,0.6,stop_loss,False,-0.599999999999909,22.0,True,5.0,-0.7317073170730599,-1.0609756097559868,-1.1219512195120844,0.5,live_post_loss_cap;live_rolling_pf,4.386821640104432,-4.654310764500558,626.6888057292045,622.034494964704,False,S5_000165,0
SECONDARY_W0_2018_2020,S5,471983,472073,2019-05-07T04:32:00,2019-05-07T06:02:00,2019-05-07T04:32:00,2019-05-07T06:02:00,502,1281.84,1282.84,1.5,0.6,timeout,False,1.0,21.0,True,5.0,1.234567901234568,0.9135802469135803,0.8518518518518519,0.5,live_post_loss_cap;live_rolling_pf,4.354241464752928,3.9779489924903295,622.034494964704,626.0124439571944,True,S5_000166,0
SECONDARY_W0_2018_2020,S5,473271,473326,2019-05-08T03:01:00,2019-05-08T03:56:00,2019-05-08T03:01:00,2019-05-08T03:56:00,508,1284.89,1286.39,1.5,0.6,take_profit,False,1.5,18.0,True,5.0,1.923076923076923,1.6282051282051282,1.564102564102564,0.5,live_rolling_pf,4.382087107700361,7.134936700999305,626.0124439571944,633.1473806581937,True,S5_000167,0
SECONDARY_W0_2018_2020,S5,473341,473422,2019-05-08T04:11:00,2019-05-08T05:32:00,2019-05-08T04:11:00,2019-05-08T05:32:00,513,1285.61,1287.11,1.5,0.6,take_profit,False,1.5,20.0,True,5.0,1.875,1.5625,1.4999999999999998,0.5,live_rolling_pf,4.432031664607356,6.925049475948994,633.1473806581937,640.0724301341427,True,S5_000168,0
SECONDARY_W0_2018_2020,S5,473574,473664,2019-05-08T08:05:00,2019-05-08T09:35:00,2019-05-08T08:05:00,2019-05-08T09:35:00,517,1286.89,1287.45,1.5,0.6,timeout,False,0.5599999999999454,25.0,True,5.0,0.6588235294117005,0.30588235294111227,0.24705882352934752,0.5,live_rolling_pf,4.480507010938999,1.370508026875171,640.0724301341427,641.4429381610179,True,S5_000169,0
SECONDARY_W0_2018_2020,S5,474649,474739,2019-05-09T03:01:00,2019-05-09T04:31:00,2019-05-09T03:01:00,2019-05-09T04:31:00,525,1281.25,1281.2,1.5,0.6,timeout,False,-0.049999999999954525,21.0,True,5.0,-0.061728395061672256,-0.38271604938265996,-0.44444444444438835,0.5,live_rolling_pf,4.490100567127125,-1.7184335503817343,641.4429381610179,639.7245046106361,False,S5_000170,0
SECONDARY_W0_2018_2020,S5,477482,477505,2019-05-13T04:17:00,2019-05-13T04:40:00,2019-05-13T04:17:00,2019-05-13T04:40:00,528,1286.62,1286.02,1.5,0.6,stop_loss,False,-0.599999999999909,25.0,True,5.0,-0.7058823529410695,-1.0588235294116577,-1.1176470588234226,0.5,live_rolling_pf,4.478071532274453,-4.741487504760706,639.7245046106361,634.9830171058754,False,S5_000171,0
SECONDARY_W0_2018_2020,S5,480160,480250,2019-05-15T03:01:00,2019-05-15T04:31:00,2019-05-15T03:01:00,2019-05-15T04:31:00,533,1296.99,1296.96,1.5,0.6,timeout,False,-0.029999999999972715,18.0,True,5.0,-0.03846153846150348,-0.33333333333329834,-0.3974358974358625,0.5,live_rolling_pf,4.444881119741128,-1.4816270399135538,634.9830171058754,633.5013900659619,False,S5_000172,0
SECONDARY_W0_2018_2020,S5,480265,480279,2019-05-15T04:46:00,2019-05-15T05:00:00,2019-05-15T04:46:00,2019-05-15T05:00:00,535,1297.31,1296.71,1.5,0.6,stop_loss,False,-0.599999999999909,21.0,True,5.0,-0.7407407407406285,-1.061728395061616,-1.1234567901233448,0.5,live_post_loss_cap;live_rolling_pf,4.434509730461733,-4.708244899008256,633.5013900659619,628.7931451669537,False,S5_000173,0
SECONDARY_W0_2018_2020,S5,481553,481643,2019-05-16T03:21:00,2019-05-16T04:51:00,2019-05-16T03:21:00,2019-05-16T04:51:00,540,1295.84,1295.73,1.5,0.6,timeout,False,-0.10999999999989996,30.0,True,5.0,-0.12222222222211107,-0.511111111111,-0.5666666666665556,0.5,live_rolling_pf,4.401552016168676,-2.249682141596834,628.7931451669537,626.5434630253568,False,S5_000174,0
SECONDARY_W0_2018_2020,S5,482988,483078,2019-05-17T04:17:00,2019-05-17T05:47:00,2019-05-17T04:17:00,2019-05-17T05:47:00,545,1285.43,1285.27,1.5,0.6,timeout,False,-0.16000000000008185,24.0,True,5.0,-0.19047619047628792,-0.5357142857143832,-0.5952380952381928,0.5,live_rolling_pf,4.385804241177498,-2.3495379863455157,626.5434630253568,624.1939250390113,False,S5_000175,0
SECONDARY_W0_2018_2020,S5,484290,484292,2019-05-20T03:01:00,2019-05-20T03:03:00,2019-05-20T03:01:00,2019-05-20T03:03:00,546,1277.78,1277.18,1.5,0.6,stop_loss,False,-0.599999999999909,23.0,True,5.0,-0.7228915662649507,-1.0602409638553123,-1.1204819277107338,0.5,live_rolling_pf,4.3693574752730795,-4.632571781011944,624.1939250390113,619.5613532579994,False,S5_000176,0
SECONDARY_W0_2018_2020,S5,484308,484349,2019-05-20T03:19:00,2019-05-20T04:00:00,2019-05-20T03:19:00,2019-05-20T04:00:00,548,1276.9,1278.4,1.5,0.6,take_profit,False,1.5,22.0,True,5.0,1.829268292682927,1.5,1.4390243902439024,0.5,live_post_loss_cap;live_rolling_pf,4.336929472805996,6.505394209208994,619.5613532579994,626.0667474672084,True,S5_000177,0
SECONDARY_W0_2018_2020,S5,484364,484388,2019-05-20T04:15:00,2019-05-20T04:39:00,2019-05-20T04:15:00,2019-05-20T04:39:00,549,1278.38,1277.7800000000002,1.5,0.6,stop_loss,False,-0.599999999999909,20.0,True,5.0,-0.7499999999998863,-1.0624999999998863,-1.1249999999998863,0.5,live_post_loss_cap;live_rolling_pf,4.382467232270459,-4.656371434286864,626.0667474672084,621.4103760329216,False,S5_000178,0
SECONDARY_W0_2018_2020,S5,484403,484457,2019-05-20T04:54:00,2019-05-20T05:48:00,2019-05-20T04:54:00,2019-05-20T05:48:00,552,1277.08,1276.48,1.5,0.6,stop_loss,False,-0.599999999999909,23.0,True,5.0,-0.7228915662649507,-1.0602409638553123,-1.1204819277107338,0.5,live_post_loss_cap;live_rolling_pf,4.3498726322304515,-4.611913152243858,621.4103760329216,616.7984628806778,False,S5_000179,0
SECONDARY_W0_2018_2020,S5,485723,485725,2019-05-21T04:01:00,2019-05-21T04:03:00,2019-05-21T04:01:00,2019-05-21T04:03:00,553,1276.53,1275.93,1.5,0.6,stop_loss,False,-0.599999999999909,23.0,True,5.0,-0.7228915662649507,-1.0602409638553123,-1.1204819277107338,0.5,live_rolling_pf,4.317589240164745,-4.577684977523594,616.7984628806778,612.2207779031542,False,S5_000180,0
SECONDARY_W0_2018_2020,S5,485740,485830,2019-05-21T04:18:00,2019-05-21T05:48:00,2019-05-21T04:18:00,2019-05-21T05:48:00,553,1275.93,1276.66,1.5,0.6,timeout,False,0.7300000000000182,24.0,True,5.0,0.8690476190476407,0.5238095238095455,0.46428571428573595,0.5,live_post_loss_cap;live_rolling_pf,4.28554544532208,2.2448095189783253,612.2207779031542,614.4655874221324,True,S5_000181,1
SECONDARY_W0_2018_2020,S5,487043,487092,2019-05-22T03:05:00,2019-05-22T03:54:00,2019-05-22T03:05:00,2019-05-22T03:54:00,554,1275.02,1274.42,1.5,0.6,stop_loss,False,-0.599999999999909,25.0,True,5.0,-0.7058823529410695,-1.0588235294116577,-1.1176470588234226,0.5,live_rolling_pf,4.301259111954927,-4.554274353834169,614.4655874221324,609.9113130682982,False,S5_000182,0
SECONDARY_W0_2018_2020,S5,487107,487197,2019-05-22T04:09:00,2019-05-22T05:39:00,2019-05-22T04:09:00,2019-05-22T05:39:00,555,1273.93,1273.58,1.5,0.6,timeout,False,-0.3500000000001364,24.0,True,5.0,-0.4166666666668291,-0.7619047619049244,-0.8214285714287339,0.5,live_post_loss_cap;live_rolling_pf,4.269379191478087,-3.2528603363649506,609.9113130682982,606.6584527319333,False,S5_000183,0
SECONDARY_W0_2018_2020,S5,489820,489842,2019-05-24T03:25:00,2019-05-24T03:47:00,2019-05-24T03:25:00,2019-05-24T03:47:00,556,1283.38,1282.7800000000002,1.5,0.6,stop_loss,False,-0.599999999999909,24.0,True,5.0,-0.714285714285606,-1.0595238095237014,-1.119047619047511,0.5,live_rolling_pf,4.246609169123533,-4.499383524428047,606.6584527319333,602.1590692075052,False,S5_000184,0
SECONDARY_W0_2018_2020,S5,489857,489876,2019-05-24T04:02:00,2019-05-24T04:21:00,2019-05-24T04:02:00,2019-05-24T04:21:00,559,1283.56,1282.96,1.5,0.6,stop_loss,False,-0.599999999999909,24.0,True,5.0,-0.714285714285606,-1.0595238095237014,-1.119047619047511,0.5,live_post_loss_cap;live_rolling_pf,4.215113484452536,-4.466013096621874,602.1590692075052,597.6930561108834,False,S5_000185,0
SECONDARY_W0_2018_2020,S5,489891,489905,2019-05-24T04:36:00,2019-05-24T04:50:00,2019-05-24T04:36:00,2019-05-24T04:50:00,560,1283.24,1282.64,1.5,0.6,stop_loss,False,-0.599999999999909,22.0,True,5.0,-0.7317073170730599,-1.0609756097559868,-1.1219512195120844,0.5,live_post_loss_cap;live_rolling_pf,4.183851392776184,-4.438964282579146,597.6930561108834,593.2540918283042,False,S5_000186,0
SECONDARY_W0_2018_2020,S5,490096,490157,2019-05-24T08:01:00,2019-05-24T09:02:00,2019-05-24T08:01:00,2019-05-24T09:02:00,572,1283.69,1283.0900000000001,1.5,0.6,stop_loss,False,-0.599999999999909,22.0,True,5.0,-0.7317073170730599,-1.0609756097559868,-1.1219512195120844,0.5,live_rolling_pf,4.15277864279813,-4.405996852724385,593.2540918283042,588.8480949755799,False,S5_000187,0
SECONDARY_W0_2018_2020,S5,490192,490196,2019-05-24T09:37:00,2019-05-24T09:41:00,2019-05-24T09:37:00,2019-05-24T09:41:00,576,1284.94,1284.3400000000001,1.5,0.6,stop_loss,False,-0.599999999999909,21.0,True,5.0,-0.7407407407406285,-1.061728395061616,-1.1234567901233448,0.5,live_post_loss_cap;live_rolling_pf,4.121936664829059,-4.376377199694588,588.8480949755799,584.4717177758853,False,S5_000188,0
SECONDARY_W0_2018_2020,S5,491110,491184,2019-05-27T01:57:00,2019-05-27T03:11:00,2019-05-27T01:57:00,2019-05-27T03:11:00,579,1284.75,1284.15,1.5,0.6,stop_loss,False,-0.599999999999909,27.0,True,5.0,-0.6896551724136886,-1.0574712643677115,-1.1149425287355277,0.5,live_rolling_pf,4.091302024431197,-4.326434324685436,584.4717177758853,580.1452834511998,False,S5_000189,0
SECONDARY_W0_2018_2020,S5,491199,491215,2019-05-27T03:26:00,2019-05-27T03:42:00,2019-05-27T03:26:00,2019-05-27T03:42:00,585,1284.32,1283.72,1.5,0.6,stop_loss,False,-0.599999999999909,25.0,True,5.0,-0.7058823529410695,-1.0588235294116577,-1.1176470588234226,0.5,live_post_loss_cap;live_rolling_pf,4.061016984158399,-4.299900336167282,580.1452834511998,575.8453831150325,False,S5_000190,0
SECONDARY_W0_2018_2020,S5,491230,491250,2019-05-27T03:57:00,2019-05-27T04:17:00,2019-05-27T03:57:00,2019-05-27T04:17:00,585,1284.51,1286.01,1.5,0.6,take_profit,False,1.5,24.0,True,5.0,1.7857142857142858,1.4404761904761905,1.380952380952381,0.5,live_post_loss_cap;live_rolling_pf,4.030917681805228,5.806440946409912,575.8453831150325,581.6518240614424,True,S5_000191,1
SECONDARY_W0_2018_2020,S5,491251,491341,2019-05-27T04:18:00,2019-05-27T05:48:00,2019-05-27T04:18:00,2019-05-27T05:48:00,586,1286.24,1286.56,1.5,0.6,timeout,False,0.31999999999993634,22.0,True,5.0,0.3902439024389468,0.060975609756019906,-7.764791519786918e-14,0.5,live_post_loss_cap;live_rolling_pf,4.0715627684300975,0.24826602246493368,581.6518240614424,581.9000900839073,True,S5_000192,0
SECONDARY_W0_2018_2020,S5,491473,491530,2019-05-27T08:00:00,2019-05-27T08:57:00,2019-05-27T08:00:00,2019-05-27T08:57:00,595,1286.73,1286.13,1.5,0.6,stop_loss,False,-0.599999999999909,23.0,True,5.0,-0.7228915662649507,-1.0602409638553123,-1.1204819277107338,0.5,live_rolling_pf,4.073300630587352,-4.318680186646385,581.9000900839073,577.581409897261,False,S5_000193,0
SECONDARY_W0_2018_2020,S5,491548,491629,2019-05-27T09:15:00,2019-05-27T10:36:00,2019-05-27T09:15:00,2019-05-27T10:36:00,604,1286.14,1285.5400000000002,1.5,0.6,stop_loss,False,-0.599999999999909,23.0,True,5.0,-0.7228915662649507,-1.0602409638553123,-1.1204819277107338,0.5,live_post_loss_cap;live_rolling_pf,4.043069869280827,-4.286628295140676,577.581409897261,573.2947816021203,False,S5_000194,0
SECONDARY_W0_2018_2020,S5,491684,491697,2019-05-27T11:31:00,2019-05-27T11:44:00,2019-05-27T11:31:00,2019-05-27T11:44:00,607,1286.66,1286.0600000000002,1.5,0.6,stop_loss,False,-0.599999999999909,26.0,True,5.0,-0.6976744186045454,-1.0581395348836153,-1.1162790697673362,0.5,live_post_loss_cap;live_rolling_pf,4.013063471214842,-4.2463811148897,573.2947816021203,569.0484004872307,False,S5_000195,0
SECONDARY_W0_2018_2020,S5,491729,491809,2019-05-27T12:16:00,2019-05-27T13:37:00,2019-05-27T12:16:00,2019-05-27T13:37:00,608,1286.28,1285.68,1.5,0.6,stop_loss,False,-0.599999999999909,23.0,True,5.0,-0.7228915662649507,-1.0602409638553123,-1.1204819277107338,0.5,live_post_loss_cap;live_rolling_pf,3.9833388034106147,-4.223298972290337,569.0484004872307,564.8251015149403,False,S5_000196,0
SECONDARY_W0_2018_2020,S5,492313,492341,2019-05-28T03:01:00,2019-05-28T03:29:00,2019-05-28T03:01:00,2019-05-28T03:29:00,610,1285.93,1285.3300000000002,1.5,0.6,stop_loss,False,-0.599999999999909,22.0,True,5.0,-0.7317073170730599,-1.0609756097559868,-1.1219512195120844,0.5,live_rolling_pf,3.9537757106045825,-4.194859595397107,564.8251015149403,560.6302419195432,False,S5_000197,0
SECONDARY_W0_2018_2020,S5,492356,492390,2019-05-28T03:44:00,2019-05-28T04:18:00,2019-05-28T03:44:00,2019-05-28T04:18:00,613,1284.79,1284.19,1.5,0.6,stop_loss,False,-0.599999999999909,26.0,True,5.0,-0.6976744186045454,-1.0581395348836153,-1.1162790697673362,0.5,live_post_loss_cap;live_rolling_pf,3.9244116934368027,-4.1525751639850395,560.6302419195432,556.4776667555582,False,S5_000198,0
SECONDARY_W0_2018_2020,S5,492411,492501,2019-05-28T04:39:00,2019-05-28T06:09:00,2019-05-28T04:39:00,2019-05-28T06:09:00,613,1283.14,1283.44,1.5,0.6,timeout,False,0.2999999999999545,22.0,True,5.0,0.36585365853652996,0.03658536585360306,-0.02439024390249449,0.5,live_post_loss_cap;live_rolling_pf,3.8953436672889072,0.1425125731932805,556.4776667555582,556.6201793287514,True,S5_000199,1
SECONDARY_W0_2018_2020,S5,492651,492667,2019-05-28T08:39:00,2019-05-28T08:55:00,2019-05-28T08:39:00,2019-05-28T08:55:00,614,1283.63,1283.0300000000002,1.5,0.6,stop_loss,False,-0.599999999999909,17.0,True,5.0,-0.7792207792206611,-1.0649350649349467,-1.1298701298700118,0.5,live_rolling_pf,3.89634125530126,-4.149350427722959,556.6201793287514,552.4708289010284,False,S5_000200,0
SECONDARY_W0_2018_2020,S5,493704,493751,2019-05-29T03:13:00,2019-05-29T04:00:00,2019-05-29T03:13:00,2019-05-29T04:00:00,615,1281.12,1280.52,1.5,0.6,stop_loss,False,-0.599999999999909,14.0,True,5.0,-0.810810810810688,-1.0675675675674445,-1.1351351351350123,0.5,live_rolling_pf,3.8672958023071993,-4.1285995727328855,552.4708289010284,548.3422293282955,False,S5_000201,0
SECONDARY_W0_2018_2020,S5,496510,496519,2019-05-31T04:01:00,2019-05-31T04:10:00,2019-05-31T04:01:00,2019-05-31T04:10:00,616,1291.33,1292.83,1.5,0.6,take_profit,False,1.5,17.0,True,5.0,1.948051948051948,1.6623376623376622,1.5974025974025974,0.5,live_rolling_pf,3.838395605298069,6.380709577638347,548.3422293282955,554.7229389059338,True,S5_000202,0
SECONDARY_W0_2018_2020,S5,593892,593901,2019-09-09T04:10:00,2019-09-09T04:19:00,2019-09-09T04:10:00,2019-09-09T04:19:00,620,1510.25,1511.8285714285714,1.5785714285714498,1.942857142857169,take_profit,False,1.578571428571422,22.0,True,5.0,0.7298546895640569,0.6050198150594348,0.5819022457067271,0.5,live_rolling_pf,3.883060572341537,2.34932858934266,554.7229389059338,557.0722674952765,True,S5_000203,0
SECONDARY_W0_2018_2020,S5,603493,603528,2019-09-18T03:19:00,2019-09-18T03:54:00,2019-09-18T03:19:00,2019-09-18T03:54:00,621,1501.32,1500.72,1.5,0.6,stop_loss,False,-0.599999999999909,25.0,True,5.0,-0.7058823529410695,-1.0588235294116577,-1.1176470588234226,0.5,live_rolling_pf,3.8995058724669356,-4.128888570846926,557.0722674952765,552.9433789244296,False,S5_000204,0
SECONDARY_W0_2018_2020,S5,641015,641026,2019-10-25T08:27:00,2019-10-25T08:38:00,2019-10-25T08:27:00,2019-10-25T08:38:00,625,1502.75,1504.25,1.5,0.6,take_profit,False,1.5,18.0,True,5.0,1.923076923076923,1.6282051282051282,1.564102564102564,0.5,live_rolling_pf,3.870603652471007,6.302136716202793,552.9433789244296,559.2455156406323,True,S5_000205,0
SECONDARY_W0_2018_2020,S5,657242,657332,2019-11-12T03:09:00,2019-11-12T04:39:00,2019-11-12T03:09:00,2019-11-12T04:39:00,626,1455.64,1455.49,1.5,0.6308571428570888,timeout,False,-0.15000000000009095,25.0,True,5.0,-0.17028867985739557,-0.5108660395719802,-0.5676289328577444,0.5,live_rolling_pf,3.9147186094844266,-1.9998967920660382,559.2455156406323,557.2456188485663,False,S5_000206,0
SECONDARY_W0_2018_2020,S5,662789,662795,2019-11-18T03:41:00,2019-11-18T03:47:00,2019-11-18T03:41:00,2019-11-18T03:47:00,627,1466.31,1465.71,1.5,0.6,stop_loss,False,-0.599999999999909,19.0,True,5.0,-0.7594936708859608,-1.0632911392403912,-1.1265822784808974,0.5,live_rolling_pf,3.9007193319399645,-4.147600302315462,557.2456188485663,553.0980185462508,False,S5_000207,0
SECONDARY_W0_2018_2020,S5,662811,662901,2019-11-18T04:03:00,2019-11-18T05:33:00,2019-11-18T04:03:00,2019-11-18T05:33:00,628,1465.21,1465.31,1.5,0.6,timeout,False,0.09999999999990905,16.0,True,5.0,0.1315789473683014,-0.14473684210538282,-0.21052631578959335,0.5,live_post_loss_cap;live_rolling_pf,3.871686129823756,-0.5603756240539016,553.0980185462508,552.5376429221969,False,S5_000208,0
SECONDARY_W0_2018_2020,S5,669644,669644,2019-11-25T03:02:00,2019-11-25T03:02:00,2019-11-25T03:02:00,2019-11-25T03:02:00,630,1461.01,1460.41,1.5,0.6,stop_loss,False,-0.599999999999909,16.0,True,5.0,-0.7894736842104066,-1.0657894736840907,-1.1315789473683013,0.5,live_rolling_pf,3.8677635004553785,-4.122221625484874,552.5376429221969,548.4154212967121,False,S5_000209,0
SECONDARY_W0_2018_2020,S5,669659,669667,2019-11-25T03:17:00,2019-11-25T03:25:00,2019-11-25T03:17:00,2019-11-25T03:25:00,631,1460.49,1459.8351428571427,1.5,0.654857142857171,stop_loss,False,-0.6548571428572814,24.0,True,5.0,-0.7318007662836566,-1.0558748403577205,-1.1117496807153178,0.5,live_post_loss_cap;live_rolling_pf,3.838907949076985,-4.053406317879646,548.4154212967121,544.3620149788325,False,S5_000210,0
SECONDARY_W0_2018_2020,S5,669691,669781,2019-11-25T03:49:00,2019-11-25T05:19:00,2019-11-25T03:49:00,2019-11-25T05:19:00,633,1460.92,1461.03,1.5,0.6,timeout,False,0.10999999999989996,18.0,True,5.0,0.14102564102551277,-0.1538461538462821,-0.21794871794884624,0.5,live_post_loss_cap;live_rolling_pf,3.8105341048518273,-0.5862360161315391,544.3620149788325,543.7757789627009,False,S5_000211,0
SECONDARY_W0_2018_2020,S5,671023,671027,2019-11-26T03:02:00,2019-11-26T03:06:00,2019-11-26T03:02:00,2019-11-26T03:06:00,634,1453.67,1453.0700000000002,1.5,0.6,stop_loss,False,-0.599999999999909,20.0,True,5.0,-0.7499999999998863,-1.0624999999998863,-1.1249999999998863,0.5,live_rolling_pf,3.806430452738906,-4.044332356034655,543.7757789627009,539.7314466066663,False,S5_000212,0
SECONDARY_W0_2018_2020,S5,671042,671067,2019-11-26T03:21:00,2019-11-26T03:46:00,2019-11-26T03:21:00,2019-11-26T03:46:00,635,1453.07,1452.47,1.5,0.6,stop_loss,False,-0.599999999999909,20.0,True,5.0,-0.7499999999998863,-1.0624999999998863,-1.1249999999998863,0.5,live_post_loss_cap;live_rolling_pf,3.778120126246664,-4.014252634136652,539.7314466066663,535.7171939725297,False,S5_000213,0
SECONDARY_W0_2018_2020,S5,671082,671172,2019-11-26T04:01:00,2019-11-26T05:31:00,2019-11-26T04:01:00,2019-11-26T05:31:00,641,1453.5,1454.18,1.5,0.6308571428571148,timeout,False,0.6800000000000637,19.0,True,5.0,0.8284023668640113,0.5360250609120346,0.47511312217203955,0.5,live_post_loss_cap;live_rolling_pf,3.750020357807708,2.0101048907152466,535.7171939725297,537.727298863245,True,S5_000214,0
SECONDARY_W0_2018_2020,S5,672500,672590,2019-11-27T04:40:00,2019-11-27T06:10:00,2019-11-27T04:40:00,2019-11-27T06:10:00,644,1459.53,1459.25,1.5,0.6,timeout,False,-0.2799999999999727,17.0,True,5.0,-0.3636363636363282,-0.6493506493506138,-0.7142857142856789,0.5,live_rolling_pf,3.764091092042715,-2.444214994832798,537.727298863245,535.2830838684122,False,S5_000215,0
SECONDARY_W0_2018_2020,S5,677538,677591,2019-12-03T04:04:00,2019-12-03T04:57:00,2019-12-03T04:04:00,2019-12-03T04:57:00,645,1462.8,1462.2,1.5,0.6,stop_loss,False,-0.599999999999909,21.0,True,5.0,-0.7407407407406285,-1.061728395061616,-1.1234567901233448,0.5,live_rolling_pf,3.7469815870788854,-3.978276746774692,535.2830838684122,531.3048071216375,False,S5_000216,0
SECONDARY_W0_2018_2020,S5,684382,684472,2019-12-10T03:15:00,2019-12-10T04:45:00,2019-12-10T03:15:00,2019-12-10T04:45:00,646,1461.08,1461.08,1.5,0.6,timeout,False,0.0,18.0,True,5.0,0.0,-0.2948717948717949,-0.358974358974359,0.5,live_rolling_pf,3.7191336498514627,-1.0966676146997902,531.3048071216375,530.2081395069378,False,S5_000217,0
SECONDARY_W0_2018_2020,S5,685630,685648,2019-12-11T01:04:00,2019-12-11T01:22:00,2019-12-11T01:04:00,2019-12-11T01:22:00,649,1464.07,1463.47,1.5,0.6,stop_loss,False,-0.599999999999909,44.0,True,5.0,-0.5769230769229895,-1.0480769230768356,-1.0961538461537588,0.5,live_rolling_pf,3.7114569765485643,-3.8898924081130746,530.2081395069378,526.3182470988247,False,S5_000218,0
SECONDARY_W0_2018_2020,S5,685683,685773,2019-12-11T01:57:00,2019-12-11T03:27:00,2019-12-11T01:57:00,2019-12-11T03:27:00,652,1463.73,1463.91,1.5,0.6,timeout,False,0.18000000000006366,18.0,True,5.0,0.23076923076931238,-0.0641025641024825,-0.12820512820504662,0.5,live_post_loss_cap;live_rolling_pf,3.684227729691773,-0.23616844421071043,526.3182470988247,526.082078654614,False,S5_000219,0
SECONDARY_W0_2018_2020,S5,685788,685878,2019-12-11T03:42:00,2019-12-11T05:12:00,2019-12-11T03:42:00,2019-12-11T05:12:00,661,1463.91,1464.02,1.5,0.6,timeout,False,0.10999999999989996,22.0,True,5.0,0.13414634146329263,-0.19512195121963424,-0.2560975609757318,0.5,live_post_loss_cap;live_rolling_pf,3.6825745505822978,-0.7185511318213856,526.082078654614,525.3635275227925,False,S5_000220,0
SECONDARY_W0_2018_2020,S5,687185,687275,2019-12-12T04:00:00,2019-12-12T05:30:00,2019-12-12T04:00:00,2019-12-12T05:30:00,663,1474.41,1475.42,1.5,0.6,timeout,False,1.009999999999991,23.0,True,5.0,1.2168674698795072,0.8795180722891457,0.8192771084337239,0.5,live_rolling_pf,3.6775446926595476,3.234467018845104,525.3635275227925,528.5979945416376,True,S5_000221,0
SECONDARY_W0_2018_2020,S5,689914,689972,2019-12-16T03:33:00,2019-12-16T04:31:00,2019-12-16T03:33:00,2019-12-16T04:31:00,674,1473.45,1474.95,1.5,0.6,take_profit,False,1.5,18.0,True,5.0,1.923076923076923,1.6282051282051282,1.564102564102564,0.5,live_rolling_pf,3.700185961791463,6.024661758301485,528.5979945416376,534.6226562999391,True,S5_000222,0
SECONDARY_W0_2018_2020,S5,689992,690032,2019-12-16T04:51:00,2019-12-16T05:31:00,2019-12-16T04:51:00,2019-12-16T05:31:00,680,1474.95,1474.3500000000001,1.5,0.6,stop_loss,False,-0.599999999999909,19.0,True,5.0,-0.7594936708859608,-1.0632911392403912,-1.1265822784808974,0.5,live_rolling_pf,3.742358594099574,-3.9792167329662047,534.6226562999391,530.6434395669729,False,S5_000223,0
SECONDARY_W0_2018_2020,S5,691261,691290,2019-12-17T03:01:00,2019-12-17T03:30:00,2019-12-17T03:01:00,2019-12-17T03:30:00,689,1475.35,1474.75,1.5,0.6,stop_loss,False,-0.599999999999909,21.0,True,5.0,-0.7407407407406285,-1.061728395061616,-1.1234567901233448,0.5,live_rolling_pf,3.7145040769688107,-3.943794452089925,530.6434395669729,526.699645114883,False,S5_000224,0
SECONDARY_W0_2018_2020,S5,691305,691395,2019-12-17T03:45:00,2019-12-17T05:15:00,2019-12-17T03:45:00,2019-12-17T05:15:00,689,1475.04,1475.99,1.5,0.6,timeout,False,0.9500000000000455,18.0,True,5.0,1.2179487179487762,0.9230769230769814,0.8589743589744172,0.5,live_post_loss_cap;live_rolling_pf,3.686897515804181,3.4032900145886895,526.699645114883,530.1029351294717,True,S5_000225,1
SECONDARY_W0_2018_2020,S5,692589,692616,2019-12-18T02:10:00,2019-12-18T02:37:00,2019-12-18T02:10:00,2019-12-18T02:37:00,709,1475.51,1474.91,1.5,0.6,stop_loss,False,-0.599999999999909,34.0,True,5.0,-0.6382978723403289,-1.0531914893616054,-1.1063829787233075,0.5,live_rolling_pf,3.7107205459063017,-3.9080992983477674,530.1029351294717,526.1948358311239,False,S5_000226,0
SECONDARY_W0_2018_2020,S5,692631,692721,2019-12-18T02:52:00,2019-12-18T04:22:00,2019-12-18T02:52:00,2019-12-18T04:22:00,713,1475.2,1476.19,1.5,0.6,timeout,False,0.9900000000000091,34.0,True,5.0,1.0531914893617118,0.6382978723404352,0.5851063829787332,0.5,live_post_loss_cap;live_rolling_pf,3.683363850817867,2.351083309032717,526.1948358311239,528.5459191401566,True,S5_000227,0
SECONDARY_W0_2018_2020,S5,692721,692811,2019-12-18T04:22:00,2019-12-18T05:52:00,2019-12-18T04:22:00,2019-12-18T05:52:00,718,1476.19,1476.55,1.5,0.6,timeout,False,0.35999999999989996,20.0,True,5.0,0.44999999999987494,0.13749999999987494,0.07499999999987496,0.5,live_post_loss_cap;live_rolling_pf,3.699821433981096,0.508725447171938,528.5459191401566,529.0546445873285,True,S5_000228,0
SECONDARY_W0_2018_2020,S5,692940,693030,2019-12-18T08:01:00,2019-12-18T09:31:00,2019-12-18T08:01:00,2019-12-18T09:31:00,725,1476.99,1477.19,1.5,0.6,timeout,False,0.20000000000004547,23.0,True,5.0,0.24096385542174154,-0.09638554216861994,-0.15662650602404163,0.5,live_rolling_pf,3.7033825121113,-0.3569525312876334,529.0546445873285,528.6976920560409,False,S5_000229,0
SECONDARY_W0_2018_2020,S5,694083,694173,2019-12-19T04:05:00,2019-12-19T05:35:00,2019-12-19T04:05:00,2019-12-19T05:35:00,732,1477.56,1477.59,1.5,0.6,timeout,False,0.029999999999972715,22.0,True,5.0,0.03658536585362526,-0.2926829268293016,-0.35365853658539914,0.5,live_rolling_pf,3.700883844392286,-1.0831855154320118,528.6976920560409,527.6145065406089,False,S5_000230,0
SECONDARY_W0_2018_2020,S5,695461,695507,2019-12-20T04:04:00,2019-12-20T04:50:00,2019-12-20T04:04:00,2019-12-20T04:50:00,739,1478.54,1477.94,1.5,0.6,stop_loss,False,-0.599999999999909,23.0,True,5.0,-0.7228915662649507,-1.0602409638553123,-1.1204819277107338,0.5,live_rolling_pf,3.693301545784262,-3.915789590710621,527.6145065406089,523.6987169498983,False,S5_000231,0
SECONDARY_W0_2018_2020,S5,695697,695787,2019-12-20T08:00:00,2019-12-20T09:30:00,2019-12-20T08:00:00,2019-12-20T09:30:00,752,1479.14,1478.86,1.5,0.6,timeout,False,-0.2800000000002001,21.0,True,5.0,-0.3456790123459261,-0.6666666666669138,-0.7283950617286422,0.5,live_rolling_pf,3.665891018649288,-2.443927345767098,523.6987169498983,521.2547896041312,False,S5_000232,0
SECONDARY_W0_2018_2020,S5,695802,695812,2019-12-20T09:45:00,2019-12-20T09:55:00,2019-12-20T09:45:00,2019-12-20T09:55:00,752,1479.33,1478.73,1.5,0.6,stop_loss,False,-0.599999999999909,20.0,True,5.0,-0.7499999999998863,-1.0624999999998863,-1.1249999999998863,0.5,live_post_loss_cap;live_rolling_pf,3.6487835272289186,-3.876832497680311,521.2547896041312,517.3779571064509,False,S5_000233,1
SECONDARY_W0_2018_2020,S5,696800,696810,2019-12-23T03:25:00,2019-12-23T03:35:00,2019-12-23T03:25:00,2019-12-23T03:35:00,757,1479.48,1478.88,1.5,0.6,stop_loss,False,-0.599999999999909,23.0,True,5.0,-0.7228915662649507,-1.0602409638553123,-1.1204819277107338,0.5,live_rolling_pf,3.6216456997451565,-3.8398171274402517,517.3779571064509,513.5381399790107,False,S5_000234,0
SECONDARY_W0_2018_2020,S5,696828,696904,2019-12-23T03:53:00,2019-12-23T05:09:00,2019-12-23T03:53:00,2019-12-23T05:09:00,760,1479.46,1480.96,1.5,0.6,take_profit,False,1.5,20.0,True,5.0,1.875,1.5625,1.4999999999999998,0.5,live_post_loss_cap;live_rolling_pf,3.594766979853075,5.61682340602043,513.5381399790107,519.1549633850311,True,S5_000235,0
SECONDARY_W0_2018_2020,S5,697084,697107,2019-12-23T08:09:00,2019-12-23T08:32:00,2019-12-23T08:09:00,2019-12-23T08:32:00,771,1481.2,1482.7,1.5,0.6,take_profit,False,1.5,20.0,True,5.0,1.875,1.5625,1.4999999999999998,0.5,live_rolling_pf,3.634084743695218,5.678257412023778,519.1549633850311,524.8332207970549,True,S5_000236,0
SECONDARY_W0_2018_2020,S5,698157,698197,2019-12-24T03:03:00,2019-12-24T03:43:00,2019-12-24T03:03:00,2019-12-24T03:43:00,772,1484.55,1486.05,1.5,0.6,take_profit,False,1.5,20.0,True,5.0,1.875,1.5625,1.4999999999999998,0.5,live_rolling_pf,3.6738325455793843,5.740363352467788,524.8332207970549,530.5735841495226,True,S5_000237,0
SECONDARY_W0_2018_2020,S5,698232,698322,2019-12-24T04:18:00,2019-12-24T05:48:00,2019-12-24T04:18:00,2019-12-24T05:48:00,774,1488.17,1489.08,1.5,0.6,timeout,False,0.9099999999998545,20.0,True,5.0,1.137499999999818,0.8249999999998181,0.762499999999818,0.5,live_rolling_pf,3.7140150890466583,3.0640624484628174,530.5735841495226,533.6376465979854,True,S5_000238,0
SECONDARY_W0_2018_2020,S5,982138,982146,2020-10-14T04:34:00,2020-10-14T04:42:00,2020-10-14T04:34:00,2020-10-14T04:42:00,785,1886.37,1888.2921428571428,1.9221428571429249,2.365714285714369,take_profit,False,1.9221428571429442,23.0,True,5.0,0.7405063291139338,0.6326362135388134,0.613373692900399,0.5,live_rolling_pf,3.7354635261858977,2.3631895010185904,533.6376465979854,536.000836099004,True,S5_000239,0
