cohort,transition,matching_rule,raw_episode_id,episode_trade_ordinal,left_trade_id,right_trade_id,left_entry_time,right_entry_time,left_exit_time,right_exit_time,left_exit_reason,right_exit_reason,left_net_r,right_net_r,entry_changed,exit_changed,pnl_sign_changed
PRIMARY_2026_RECENT,S0->S1,raw_episode_id plus within-episode trade ordinal,0,0,S0_000000,S1_000000,2026-06-08T08:44:00,2026-06-08T08:44:00,2026-06-08T09:00:00,2026-06-08T09:00:00,take_profit,take_profit,1.0890720361382336,0.7625666778797452,False,False,False
PRIMARY_2026_RECENT,S0->S1,raw_episode_id plus within-episode trade ordinal,4,0,S0_000001,S1_000001,2026-06-17T17:49:00,2026-06-17T17:49:00,2026-06-17T18:16:00,2026-06-17T17:52:00,take_profit,take_profit,0.8432675044882554,0.7378815080790373,False,True,False
PRIMARY_2026_RECENT,S0->S1,raw_episode_id plus within-episode trade ordinal,11,0,S0_000002,S1_000002,2026-06-22T04:07:00,2026-06-22T04:07:00,2026-06-22T04:30:00,2026-06-22T04:21:00,stop_loss,stop_loss,-1.171607588327401,-1.0050762893774674,False,True,False
PRIMARY_2026_RECENT,S0->S1,raw_episode_id plus within-episode trade ordinal,13,0,S0_000003,S1_000003,2026-06-24T04:10:00,2026-06-24T04:10:00,2026-06-24T04:12:00,2026-06-24T04:12:00,take_profit,take_profit,1.0372455608488165,0.7482135123430271,False,False,False
PRIMARY_2026_RECENT,S0->S1,raw_episode_id plus within-episode trade ordinal,14,0,S0_000004,S1_000004,2026-06-24T04:13:00,2026-06-24T04:13:00,2026-06-24T04:29:00,2026-06-24T04:25:00,take_profit,take_profit,0.8482842475006859,0.7563496352337276,False,True,False
PRIMARY_2026_RECENT,S0->S1,raw_episode_id plus within-episode trade ordinal,17,0,S0_000005,S1_000005,2026-06-30T04:07:00,2026-06-30T04:07:00,2026-06-30T04:08:00,2026-06-30T04:08:00,take_profit,take_profit,1.9002375296912308,0.7419833729216098,False,False,False
PRIMARY_2026_RECENT,S0->S1,raw_episode_id plus within-episode trade ordinal,18,0,S0_000006,S1_000006,2026-06-30T04:12:00,2026-06-30T04:12:00,2026-06-30T04:20:00,2026-06-30T04:19:00,take_profit,take_profit,0.960179627974314,0.7682713999914986,False,True,False
PRIMARY_2026_RECENT,S0->S1,raw_episode_id plus within-episode trade ordinal,18,1,,S1_000007,,2026-06-30T04:20:00,,2026-06-30T05:09:00,,stop_loss,,-1.0034093122930088,False,False,False
PRIMARY_2026_RECENT,S0->S1,raw_episode_id plus within-episode trade ordinal,19,0,S0_000007,S1_000008,2026-07-03T04:12:00,2026-07-03T04:12:00,2026-07-03T04:20:00,2026-07-03T04:20:00,take_profit,take_profit,0.7618749565337896,0.7402374991306993,False,False,False
PRIMARY_2026_RECENT,S0->S1,raw_episode_id plus within-episode trade ordinal,20,0,S0_000008,S1_000009,2026-07-07T22:20:00,2026-07-07T22:20:00,2026-07-07T22:27:00,2026-07-07T22:27:00,take_profit,take_profit,0.8436788744051397,0.7408355748672408,False,False,False
PRIMARY_2026_RECENT,S0->S1,raw_episode_id plus within-episode trade ordinal,21,0,S0_000009,S1_000010,2026-07-13T17:19:00,2026-07-13T17:19:00,2026-07-13T17:21:00,2026-07-13T17:21:00,stop_loss,stop_loss,-1.3948316958316098,-1.0050869135515244,False,False,False
PRIMARY_2026_RECENT,S0->S1,raw_episode_id plus within-episode trade ordinal,21,1,S0_000010,S1_000011,2026-07-13T17:31:00,2026-07-13T17:31:00,2026-07-13T17:59:00,2026-07-13T17:59:00,take_profit,take_profit,0.8139327104712307,0.7594514218614254,False,False,False
PRIMARY_2026_RECENT,S0->S1,raw_episode_id plus within-episode trade ordinal,24,0,S0_000011,S1_000012,2026-07-27T01:11:00,2026-07-27T01:11:00,2026-07-27T02:41:00,2026-07-27T02:41:00,timeout,timeout,0.05899225264652739,0.05899225264652739,False,False,False
PRIMARY_2026_RECENT,S0->S1,raw_episode_id plus within-episode trade ordinal,27,0,S0_000012,S1_000013,2026-07-29T22:06:00,2026-07-29T22:06:00,2026-07-29T22:10:00,2026-07-29T22:10:00,stop_loss,stop_loss,-1.1746177194891778,-1.0050111677452789,False,False,False
PRIMARY_2026_RECENT,S0->S1,raw_episode_id plus within-episode trade ordinal,28,0,S0_000013,S1_000014,2026-08-24T03:18:00,2026-08-24T03:18:00,2026-08-24T03:21:00,2026-08-24T03:21:00,stop_loss,stop_loss,-1.552203335213178,-1.0070490614678014,False,False,False
PRIMARY_2026_RECENT,S0->S1,raw_episode_id plus within-episode trade ordinal,29,0,S0_000014,S1_000015,2026-08-24T03:23:00,2026-08-24T03:23:00,2026-08-24T03:24:00,2026-08-24T03:24:00,stop_loss,stop_loss,-1.3246385920804098,-1.0078566939032298,False,False,False
PRIMARY_2026_RECENT,S1->S2,raw_episode_id plus within-episode trade ordinal,0,0,S1_000000,S2_000000,2026-06-08T08:44:00,2026-06-08T08:44:00,2026-06-08T09:00:00,2026-06-08T09:00:00,take_profit,take_profit,0.7625666778797452,0.7625666778797452,False,False,False
PRIMARY_2026_RECENT,S1->S2,raw_episode_id plus within-episode trade ordinal,4,0,S1_000001,S2_000001,2026-06-17T17:49:00,2026-06-17T17:49:00,2026-06-17T17:52:00,2026-06-17T17:52:00,take_profit,take_profit,0.7378815080790373,0.7378815080790373,False,False,False
PRIMARY_2026_RECENT,S1->S2,raw_episode_id plus within-episode trade ordinal,11,0,S1_000002,S2_000002,2026-06-22T04:07:00,2026-06-22T04:07:00,2026-06-22T04:21:00,2026-06-22T04:21:00,stop_loss,stop_loss,-1.0050762893774674,-1.0050762893774674,False,False,False
PRIMARY_2026_RECENT,S1->S2,raw_episode_id plus within-episode trade ordinal,13,0,S1_000003,S2_000003,2026-06-24T04:10:00,2026-06-24T04:10:00,2026-06-24T04:12:00,2026-06-24T04:12:00,take_profit,take_profit,0.7482135123430271,0.7482135123430271,False,False,False
PRIMARY_2026_RECENT,S1->S2,raw_episode_id plus within-episode trade ordinal,14,0,S1_000004,S2_000004,2026-06-24T04:13:00,2026-06-24T04:13:00,2026-06-24T04:25:00,2026-06-24T04:25:00,take_profit,take_profit,0.7563496352337276,0.7563496352337276,False,False,False
PRIMARY_2026_RECENT,S1->S2,raw_episode_id plus within-episode trade ordinal,17,0,S1_000005,S2_000005,2026-06-30T04:07:00,2026-06-30T04:07:00,2026-06-30T04:08:00,2026-06-30T04:08:00,take_profit,take_profit,0.7419833729216098,0.7419833729216098,False,False,False
PRIMARY_2026_RECENT,S1->S2,raw_episode_id plus within-episode trade ordinal,18,0,S1_000006,S2_000006,2026-06-30T04:12:00,2026-06-30T04:12:00,2026-06-30T04:19:00,2026-06-30T04:19:00,take_profit,take_profit,0.7682713999914986,0.7682713999914986,False,False,False
PRIMARY_2026_RECENT,S1->S2,raw_episode_id plus within-episode trade ordinal,18,1,S1_000007,S2_000007,2026-06-30T04:20:00,2026-06-30T04:20:00,2026-06-30T05:09:00,2026-06-30T05:09:00,stop_loss,stop_loss,-1.0034093122930088,-1.0034093122930088,False,False,False
PRIMARY_2026_RECENT,S1->S2,raw_episode_id plus within-episode trade ordinal,19,0,S1_000008,S2_000008,2026-07-03T04:12:00,2026-07-03T04:12:00,2026-07-03T04:20:00,2026-07-03T04:20:00,take_profit,take_profit,0.7402374991306993,0.7402374991306993,False,False,False
PRIMARY_2026_RECENT,S1->S2,raw_episode_id plus within-episode trade ordinal,20,0,S1_000009,S2_000009,2026-07-07T22:20:00,2026-07-07T22:20:00,2026-07-07T22:27:00,2026-07-07T22:27:00,take_profit,take_profit,0.7408355748672408,0.7408355748672408,False,False,False
PRIMARY_2026_RECENT,S1->S2,raw_episode_id plus within-episode trade ordinal,21,0,S1_000010,S2_000010,2026-07-13T17:19:00,2026-07-13T17:19:00,2026-07-13T17:21:00,2026-07-13T17:21:00,stop_loss,stop_loss,-1.0050869135515244,-1.0050869135515244,False,False,False
PRIMARY_2026_RECENT,S1->S2,raw_episode_id plus within-episode trade ordinal,21,1,S1_000011,S2_000011,2026-07-13T17:31:00,2026-07-13T17:22:00,2026-07-13T17:59:00,2026-07-13T17:24:00,take_profit,take_profit,0.7594514218614254,0.7593047662929571,True,True,False
PRIMARY_2026_RECENT,S1->S2,raw_episode_id plus within-episode trade ordinal,21,2,,S2_000012,,2026-07-13T17:31:00,,2026-07-13T17:59:00,,take_profit,,0.7594514218614254,False,False,False
PRIMARY_2026_RECENT,S1->S2,raw_episode_id plus within-episode trade ordinal,24,0,S1_000012,S2_000013,2026-07-27T01:11:00,2026-07-27T01:11:00,2026-07-27T02:41:00,2026-07-27T02:41:00,timeout,timeout,0.05899225264652739,0.05899225264652739,False,False,False
PRIMARY_2026_RECENT,S1->S2,raw_episode_id plus within-episode trade ordinal,27,0,S1_000013,S2_000014,2026-07-29T22:06:00,2026-07-29T22:06:00,2026-07-29T22:10:00,2026-07-29T22:10:00,stop_loss,stop_loss,-1.0050111677452789,-1.0050111677452789,False,False,False
PRIMARY_2026_RECENT,S1->S2,raw_episode_id plus within-episode trade ordinal,28,0,S1_000014,S2_000015,2026-08-24T03:18:00,2026-08-24T03:18:00,2026-08-24T03:21:00,2026-08-24T03:21:00,stop_loss,stop_loss,-1.0070490614678014,-1.0070490614678014,False,False,False
PRIMARY_2026_RECENT,S1->S2,raw_episode_id plus within-episode trade ordinal,29,0,S1_000015,S2_000016,2026-08-24T03:23:00,2026-08-24T03:23:00,2026-08-24T03:24:00,2026-08-24T03:24:00,stop_loss,stop_loss,-1.0078566939032298,-1.0078566939032298,False,False,False
PRIMARY_2026_RECENT,S2->S3,raw_episode_id plus within-episode trade ordinal,0,0,S2_000000,S3_000000,2026-06-08T08:44:00,2026-06-08T08:44:00,2026-06-08T09:00:00,2026-06-08T09:00:00,take_profit,take_profit,0.7625666778797452,0.7625666778797452,False,False,False
PRIMARY_2026_RECENT,S2->S3,raw_episode_id plus within-episode trade ordinal,4,0,S2_000001,S3_000001,2026-06-17T17:49:00,2026-06-17T17:49:00,2026-06-17T17:52:00,2026-06-17T17:52:00,take_profit,take_profit,0.7378815080790373,0.7510853835022134,False,False,False
PRIMARY_2026_RECENT,S2->S3,raw_episode_id plus within-episode trade ordinal,11,0,S2_000002,S3_000002,2026-06-22T04:07:00,2026-06-22T04:07:00,2026-06-22T04:21:00,2026-06-22T04:21:00,stop_loss,stop_loss,-1.0050762893774674,-1.0050917978410432,False,False,False
PRIMARY_2026_RECENT,S2->S3,raw_episode_id plus within-episode trade ordinal,13,0,S2_000003,S3_000003,2026-06-24T04:10:00,2026-06-24T04:10:00,2026-06-24T04:12:00,2026-06-24T04:12:00,take_profit,take_profit,0.7482135123430271,0.7596447253705533,False,False,False
PRIMARY_2026_RECENT,S2->S3,raw_episode_id plus within-episode trade ordinal,14,0,S2_000004,S3_000004,2026-06-24T04:13:00,2026-06-24T04:13:00,2026-06-24T04:25:00,2026-06-24T04:25:00,take_profit,take_profit,0.7563496352337276,0.7630187144019598,False,False,False
PRIMARY_2026_RECENT,S2->S3,raw_episode_id plus within-episode trade ordinal,17,0,S2_000005,S3_000005,2026-06-30T04:07:00,2026-06-30T04:07:00,2026-06-30T04:08:00,2026-06-30T04:08:00,take_profit,take_profit,0.7419833729216098,0.7502983293556033,False,False,False
PRIMARY_2026_RECENT,S2->S3,raw_episode_id plus within-episode trade ordinal,18,0,S2_000006,S3_000006,2026-06-30T04:12:00,2026-06-30T04:12:00,2026-06-30T04:19:00,2026-06-30T04:19:00,take_profit,take_profit,0.7682713999914986,0.776210022233636,False,False,False
PRIMARY_2026_RECENT,S2->S3,raw_episode_id plus within-episode trade ordinal,18,1,S2_000007,S3_000007,2026-06-30T04:20:00,2026-06-30T04:20:00,2026-06-30T05:09:00,2026-06-30T05:09:00,stop_loss,stop_loss,-1.0034093122930088,-1.0034233176838836,False,False,False
PRIMARY_2026_RECENT,S2->S3,raw_episode_id plus within-episode trade ordinal,19,0,S2_000008,S3_000008,2026-07-03T04:12:00,2026-07-03T04:12:00,2026-07-03T04:20:00,2026-07-03T04:20:00,take_profit,take_profit,0.7402374991306993,0.7530387417682727,False,False,False
PRIMARY_2026_RECENT,S2->S3,raw_episode_id plus within-episode trade ordinal,20,0,S2_000009,S3_000009,2026-07-07T22:20:00,2026-07-07T22:20:00,2026-07-07T22:27:00,2026-07-07T22:27:00,take_profit,take_profit,0.7408355748672408,0.7535344588022873,False,False,False
PRIMARY_2026_RECENT,S2->S3,raw_episode_id plus within-episode trade ordinal,21,0,S2_000010,S3_000010,2026-07-13T17:19:00,2026-07-13T17:19:00,2026-07-13T17:21:00,2026-07-13T17:21:00,stop_loss,stop_loss,-1.0050869135515244,-1.0051024870979837,False,False,False
PRIMARY_2026_RECENT,S2->S3,raw_episode_id plus within-episode trade ordinal,21,1,S2_000011,S3_000011,2026-07-13T17:22:00,2026-07-13T17:22:00,2026-07-13T17:24:00,2026-07-13T17:24:00,take_profit,take_profit,0.7593047662929571,0.768813053325115,False,False,False
PRIMARY_2026_RECENT,S2->S3,raw_episode_id plus within-episode trade ordinal,21,2,S2_000012,S3_000012,2026-07-13T17:31:00,2026-07-13T17:31:00,2026-07-13T17:59:00,2026-07-13T17:59:00,take_profit,take_profit,0.7594514218614254,0.7689341443383504,False,False,False
PRIMARY_2026_RECENT,S2->S3,raw_episode_id plus within-episode trade ordinal,24,0,S2_000013,S3_000013,2026-07-27T01:11:00,2026-07-27T01:11:00,2026-07-27T02:41:00,2026-07-27T02:41:00,timeout,timeout,0.05899225264652739,-0.0038939726865559426,False,False,True
PRIMARY_2026_RECENT,S2->S3,raw_episode_id plus within-episode trade ordinal,27,0,S2_000014,S3_000014,2026-07-29T22:06:00,2026-07-29T22:06:00,2026-07-29T22:10:00,2026-07-29T22:10:00,stop_loss,stop_loss,-1.0050111677452789,-1.0050414842129705,False,False,False
PRIMARY_2026_RECENT,S2->S3,raw_episode_id plus within-episode trade ordinal,28,0,S2_000015,S3_000015,2026-08-24T03:18:00,2026-08-24T03:18:00,2026-08-24T03:21:00,2026-08-24T03:21:00,stop_loss,stop_loss,-1.0070490614678014,-1.007079001658494,False,False,False
PRIMARY_2026_RECENT,S2->S3,raw_episode_id plus within-episode trade ordinal,29,0,S2_000016,,2026-08-24T03:23:00,,2026-08-24T03:24:00,,stop_loss,,-1.0078566939032298,,False,False,False
PRIMARY_2026_RECENT,S3->S4,raw_episode_id plus within-episode trade ordinal,0,0,S3_000000,S4_000000,2026-06-08T08:44:00,2026-06-08T08:44:00,2026-06-08T09:00:00,2026-06-08T09:00:00,take_profit,take_profit,0.7625666778797452,0.7625666778797452,False,False,False
PRIMARY_2026_RECENT,S3->S4,raw_episode_id plus within-episode trade ordinal,4,0,S3_000001,S4_000001,2026-06-17T17:49:00,2026-06-17T17:49:00,2026-06-17T17:52:00,2026-06-17T17:52:00,take_profit,take_profit,0.7510853835022134,0.7510853835022134,False,False,False
PRIMARY_2026_RECENT,S3->S4,raw_episode_id plus within-episode trade ordinal,11,0,S3_000002,S4_000002,2026-06-22T04:07:00,2026-06-22T04:07:00,2026-06-22T04:21:00,2026-06-22T04:21:00,stop_loss,stop_loss,-1.0050917978410432,-1.0050917978410432,False,False,False
PRIMARY_2026_RECENT,S3->S4,raw_episode_id plus within-episode trade ordinal,13,0,S3_000003,S4_000003,2026-06-24T04:10:00,2026-06-24T04:10:00,2026-06-24T04:12:00,2026-06-24T04:12:00,take_profit,take_profit,0.7596447253705533,0.7596447253705533,False,False,False
PRIMARY_2026_RECENT,S3->S4,raw_episode_id plus within-episode trade ordinal,14,0,S3_000004,S4_000004,2026-06-24T04:13:00,2026-06-24T04:13:00,2026-06-24T04:25:00,2026-06-24T04:25:00,take_profit,take_profit,0.7630187144019598,0.7630187144019598,False,False,False
PRIMARY_2026_RECENT,S3->S4,raw_episode_id plus within-episode trade ordinal,17,0,S3_000005,S4_000005,2026-06-30T04:07:00,2026-06-30T04:07:00,2026-06-30T04:08:00,2026-06-30T04:08:00,take_profit,take_profit,0.7502983293556033,0.7502983293556033,False,False,False
PRIMARY_2026_RECENT,S3->S4,raw_episode_id plus within-episode trade ordinal,18,0,S3_000006,S4_000006,2026-06-30T04:12:00,2026-06-30T04:12:00,2026-06-30T04:19:00,2026-06-30T04:19:00,take_profit,take_profit,0.776210022233636,0.776210022233636,False,False,False
PRIMARY_2026_RECENT,S3->S4,raw_episode_id plus within-episode trade ordinal,18,1,S3_000007,S4_000007,2026-06-30T04:20:00,2026-06-30T04:20:00,2026-06-30T05:09:00,2026-06-30T05:09:00,stop_loss,stop_loss,-1.0034233176838836,-1.0034233176838836,False,False,False
PRIMARY_2026_RECENT,S3->S4,raw_episode_id plus within-episode trade ordinal,19,0,S3_000008,S4_000008,2026-07-03T04:12:00,2026-07-03T04:12:00,2026-07-03T04:20:00,2026-07-03T04:20:00,take_profit,take_profit,0.7530387417682727,0.7530387417682727,False,False,False
PRIMARY_2026_RECENT,S3->S4,raw_episode_id plus within-episode trade ordinal,20,0,S3_000009,S4_000009,2026-07-07T22:20:00,2026-07-07T22:20:00,2026-07-07T22:27:00,2026-07-07T22:27:00,take_profit,take_profit,0.7535344588022873,0.7535344588022873,False,False,False
PRIMARY_2026_RECENT,S3->S4,raw_episode_id plus within-episode trade ordinal,21,0,S3_000010,S4_000010,2026-07-13T17:19:00,2026-07-13T17:19:00,2026-07-13T17:21:00,2026-07-13T17:21:00,stop_loss,stop_loss,-1.0051024870979837,-1.0051024870979837,False,False,False
PRIMARY_2026_RECENT,S3->S4,raw_episode_id plus within-episode trade ordinal,21,1,S3_000011,,2026-07-13T17:22:00,,2026-07-13T17:24:00,,take_profit,,0.768813053325115,,False,False,False
PRIMARY_2026_RECENT,S3->S4,raw_episode_id plus within-episode trade ordinal,21,2,S3_000012,,2026-07-13T17:31:00,,2026-07-13T17:59:00,,take_profit,,0.7689341443383504,,False,False,False
PRIMARY_2026_RECENT,S3->S4,raw_episode_id plus within-episode trade ordinal,24,0,S3_000013,S4_000011,2026-07-27T01:11:00,2026-07-27T01:11:00,2026-07-27T02:41:00,2026-07-27T02:41:00,timeout,timeout,-0.0038939726865559426,-0.0038939726865559426,False,False,False
PRIMARY_2026_RECENT,S3->S4,raw_episode_id plus within-episode trade ordinal,27,0,S3_000014,S4_000012,2026-07-29T22:06:00,2026-07-29T22:06:00,2026-07-29T22:10:00,2026-07-29T22:10:00,stop_loss,stop_loss,-1.0050414842129705,-1.0050414842129705,False,False,False
PRIMARY_2026_RECENT,S3->S4,raw_episode_id plus within-episode trade ordinal,28,0,S3_000015,S4_000013,2026-08-24T03:18:00,2026-08-24T03:18:00,2026-08-24T03:21:00,2026-08-24T03:21:00,stop_loss,stop_loss,-1.007079001658494,-1.007079001658494,False,False,False
PRIMARY_2026_RECENT,S3->S4,raw_episode_id plus within-episode trade ordinal,29,0,,S4_000014,,2026-08-24T03:38:00,,2026-08-24T03:47:00,,take_profit,,0.7606584412411639,False,False,False
PRIMARY_2026_RECENT,S3->S4,raw_episode_id plus within-episode trade ordinal,30,0,,S4_000015,,2026-08-24T04:05:00,,2026-08-24T04:16:00,,stop_loss,,-1.0068458318663231,False,False,False
PRIMARY_2026_RECENT,S4->S5,raw_episode_id plus within-episode trade ordinal,0,0,S4_000000,S5_000000,2026-06-08T08:44:00,2026-06-08T08:44:00,2026-06-08T09:00:00,2026-06-08T09:00:00,take_profit,take_profit,0.7625666778797452,0.7625666778797452,False,False,False
PRIMARY_2026_RECENT,S4->S5,raw_episode_id plus within-episode trade ordinal,4,0,S4_000001,S5_000001,2026-06-17T17:49:00,2026-06-17T17:49:00,2026-06-17T17:52:00,2026-06-17T17:52:00,take_profit,take_profit,0.7510853835022134,0.7510853835022134,False,False,False
PRIMARY_2026_RECENT,S4->S5,raw_episode_id plus within-episode trade ordinal,11,0,S4_000002,S5_000002,2026-06-22T04:07:00,2026-06-22T04:07:00,2026-06-22T04:21:00,2026-06-22T04:31:00,stop_loss,stop_loss,-1.0050917978410432,-1.0050917978410432,False,True,False
PRIMARY_2026_RECENT,S4->S5,raw_episode_id plus within-episode trade ordinal,13,0,S4_000003,S5_000003,2026-06-24T04:10:00,2026-06-24T04:10:00,2026-06-24T04:12:00,2026-06-24T04:12:00,take_profit,take_profit,0.7596447253705533,0.7596447253705533,False,False,False
PRIMARY_2026_RECENT,S4->S5,raw_episode_id plus within-episode trade ordinal,14,0,S4_000004,S5_000004,2026-06-24T04:13:00,2026-06-24T04:13:00,2026-06-24T04:25:00,2026-06-24T04:25:00,take_profit,take_profit,0.7630187144019598,0.7630187144019166,False,False,False
PRIMARY_2026_RECENT,S4->S5,raw_episode_id plus within-episode trade ordinal,17,0,S4_000005,S5_000005,2026-06-30T04:07:00,2026-06-30T04:07:00,2026-06-30T04:08:00,2026-06-30T04:07:00,take_profit,stop_loss,0.7502983293556033,-1.005966587112175,False,True,True
PRIMARY_2026_RECENT,S4->S5,raw_episode_id plus within-episode trade ordinal,18,0,S4_000006,S5_000006,2026-06-30T04:12:00,2026-06-30T04:22:00,2026-06-30T04:19:00,2026-06-30T04:49:00,take_profit,stop_loss,0.776210022233636,-1.0043853054678347,True,True,True
PRIMARY_2026_RECENT,S4->S5,raw_episode_id plus within-episode trade ordinal,18,1,S4_000007,,2026-06-30T04:20:00,,2026-06-30T05:09:00,,stop_loss,,-1.0034233176838836,,False,False,False
PRIMARY_2026_RECENT,S4->S5,raw_episode_id plus within-episode trade ordinal,19,0,S4_000008,S5_000007,2026-07-03T04:12:00,2026-07-03T04:12:00,2026-07-03T04:20:00,2026-07-03T04:15:00,take_profit,take_profit,0.7530387417682727,0.7530387417682727,False,True,False
PRIMARY_2026_RECENT,S4->S5,raw_episode_id plus within-episode trade ordinal,19,1,,S5_000008,,2026-07-03T04:16:00,,2026-07-03T04:20:00,,take_profit,,0.7572716033315875,False,False,False
PRIMARY_2026_RECENT,S4->S5,raw_episode_id plus within-episode trade ordinal,20,0,S4_000009,S5_000009,2026-07-07T22:20:00,2026-07-07T22:20:00,2026-07-07T22:27:00,2026-07-07T22:28:00,take_profit,take_profit,0.7535344588022873,0.7535344588022873,False,True,False
PRIMARY_2026_RECENT,S4->S5,raw_episode_id plus within-episode trade ordinal,21,0,S4_000010,S5_000010,2026-07-13T17:19:00,2026-07-13T17:19:00,2026-07-13T17:21:00,2026-07-13T17:21:00,stop_loss,stop_loss,-1.0051024870979837,-1.0051024870979837,False,False,False
PRIMARY_2026_RECENT,S4->S5,raw_episode_id plus within-episode trade ordinal,24,0,S4_000011,S5_000011,2026-07-27T01:11:00,2026-07-27T01:11:00,2026-07-27T02:41:00,2026-07-27T02:41:00,timeout,timeout,-0.0038939726865559426,-0.20832753873110613,False,False,False
PRIMARY_2026_RECENT,S4->S5,raw_episode_id plus within-episode trade ordinal,27,0,S4_000012,S5_000012,2026-07-29T22:06:00,2026-07-29T22:06:00,2026-07-29T22:10:00,2026-07-29T22:10:00,stop_loss,stop_loss,-1.0050414842129705,-1.0050414842129705,False,False,False
PRIMARY_2026_RECENT,S4->S5,raw_episode_id plus within-episode trade ordinal,28,0,S4_000013,S5_000013,2026-08-24T03:18:00,2026-08-24T03:18:00,2026-08-24T03:21:00,2026-08-24T03:21:00,stop_loss,stop_loss,-1.007079001658494,-1.007079001658494,False,False,False
PRIMARY_2026_RECENT,S4->S5,raw_episode_id plus within-episode trade ordinal,29,0,S4_000014,S5_000014,2026-08-24T03:38:00,2026-08-24T03:38:00,2026-08-24T03:47:00,2026-08-24T03:48:00,take_profit,take_profit,0.7606584412411639,0.7606584412411639,False,True,False
PRIMARY_2026_RECENT,S4->S5,raw_episode_id plus within-episode trade ordinal,30,0,S4_000015,S5_000015,2026-08-24T04:05:00,2026-08-24T04:05:00,2026-08-24T04:16:00,2026-08-24T04:06:00,stop_loss,take_profit,-1.0068458318663231,0.7336873606384072,False,True,True
PRIMARY_2026_RECENT,S4->S5,raw_episode_id plus within-episode trade ordinal,30,1,,S5_000016,,2026-08-24T04:07:00,,2026-08-24T04:08:00,,stop_loss,,-1.006430513706134,False,False,False
SECONDARY_W0_2018_2020,S0->S1,raw_episode_id plus within-episode trade ordinal,0,0,S0_000000,S1_000000,2018-03-14T04:45:00,2018-03-14T04:45:00,2018-03-14T05:33:00,2018-03-14T05:21:00,stop_loss,stop_loss,-1.1444444444442627,-1.0555555555554548,False,True,False
SECONDARY_W0_2018_2020,S0->S1,raw_episode_id plus within-episode trade ordinal,1,0,S0_000001,S1_000001,2018-03-20T04:57:00,2018-03-20T04:57:00,2018-03-20T06:27:00,2018-03-20T06:27:00,timeout,timeout,-0.6666666666666669,-0.6666666666666669,False,False,False
SECONDARY_W0_2018_2020,S0->S1,raw_episode_id plus within-episode trade ordinal,2,0,S0_000002,S1_000002,2018-04-27T04:16:00,2018-04-27T04:16:00,2018-04-27T04:57:00,2018-04-27T04:57:00,take_profit,take_profit,1.3777777777779394,1.277777777777778,False,False,False
SECONDARY_W0_2018_2020,S0->S1,raw_episode_id plus within-episode trade ordinal,4,0,S0_000003,S1_000003,2018-05-07T03:01:00,2018-05-07T03:01:00,2018-05-07T03:10:00,2018-05-07T03:10:00,take_profit,take_profit,1.911111111111293,1.277777777777778,False,False,False
SECONDARY_W0_2018_2020,S0->S1,raw_episode_id plus within-episode trade ordinal,5,0,S0_000004,S1_000004,2018-05-07T04:10:00,2018-05-07T04:10:00,2018-05-07T05:02:00,2018-05-07T05:02:00,stop_loss,stop_loss,-1.0999999999998586,-1.0555555555554548,False,False,False
SECONDARY_W0_2018_2020,S0->S1,raw_episode_id plus within-episode trade ordinal,8,0,S0_000005,S1_000005,2018-05-08T04:03:00,2018-05-08T04:03:00,2018-05-08T04:30:00,2018-05-08T04:30:00,stop_loss,stop_loss,-1.5666666666666063,-1.0555555555554548,False,False,False
SECONDARY_W0_2018_2020,S0->S1,raw_episode_id plus within-episode trade ordinal,12,0,S0_000006,S1_000006,2018-05-09T03:24:00,2018-05-09T03:24:00,2018-05-09T03:25:00,2018-05-09T03:25:00,stop_loss,stop_loss,-1.0777777777776567,-1.0555555555554548,False,False,False
SECONDARY_W0_2018_2020,S0->S1,raw_episode_id plus within-episode trade ordinal,13,0,S0_000007,S1_000007,2018-05-10T01:37:00,2018-05-10T01:37:00,2018-05-10T02:50:00,2018-05-10T02:50:00,stop_loss,stop_loss,-1.1666666666667174,-1.0555555555554548,False,False,False
SECONDARY_W0_2018_2020,S0->S1,raw_episode_id plus within-episode trade ordinal,20,0,S0_000008,S1_000008,2018-05-14T03:11:00,2018-05-14T03:11:00,2018-05-14T03:43:00,2018-05-14T03:42:00,take_profit,take_profit,1.377777777777687,1.277777777777778,False,True,False
SECONDARY_W0_2018_2020,S0->S1,raw_episode_id plus within-episode trade ordinal,22,0,S0_000009,S1_000009,2018-05-14T04:03:00,2018-05-14T04:03:00,2018-05-14T04:20:00,2018-05-14T04:16:00,stop_loss,stop_loss,-1.1222222222223133,-1.0555555555554548,False,True,False
SECONDARY_W0_2018_2020,S0->S1,raw_episode_id plus within-episode trade ordinal,22,1,S0_000010,S1_000010,2018-05-14T04:25:00,2018-05-14T04:25:00,2018-05-14T04:53:00,2018-05-14T04:53:00,stop_loss,stop_loss,-1.1111111111112124,-1.0555555555554548,False,False,False
SECONDARY_W0_2018_2020,S0->S1,raw_episode_id plus within-episode trade ordinal,23,0,S0_000011,S1_000011,2018-05-14T04:55:00,2018-05-14T04:55:00,2018-05-14T05:09:00,2018-05-14T05:09:00,stop_loss,stop_loss,-1.1333333333331617,-1.0555555555554548,False,False,False
SECONDARY_W0_2018_2020,S0->S1,raw_episode_id plus within-episode trade ordinal,31,0,S0_000012,S1_000012,2018-05-18T04:07:00,2018-05-18T04:07:00,2018-05-18T04:21:00,2018-05-18T04:21:00,stop_loss,stop_loss,-1.0666666666665556,-1.0555555555554548,False,False,False
SECONDARY_W0_2018_2020,S0->S1,raw_episode_id plus within-episode trade ordinal,36,0,S0_000013,S1_000013,2018-05-21T04:02:00,2018-05-21T04:02:00,2018-05-21T04:10:00,2018-05-21T04:10:00,stop_loss,stop_loss,-1.1111111111112124,-1.0555555555554548,False,False,False
SECONDARY_W0_2018_2020,S0->S1,raw_episode_id plus within-episode trade ordinal,43,0,S0_000014,S1_000014,2018-05-23T01:01:00,2018-05-23T01:01:00,2018-05-23T02:12:00,2018-05-23T02:12:00,take_profit,take_profit,1.344444444444384,1.277777777777778,False,False,False
SECONDARY_W0_2018_2020,S0->S1,raw_episode_id plus within-episode trade ordinal,45,0,S0_000015,S1_000015,2018-05-23T03:02:00,2018-05-23T03:02:00,2018-05-23T03:08:00,2018-05-23T03:08:00,take_profit,take_profit,1.3666666666668386,1.277777777777778,False,False,False
SECONDARY_W0_2018_2020,S0->S1,raw_episode_id plus within-episode trade ordinal,46,0,S0_000016,S1_000016,2018-05-23T03:49:00,2018-05-23T03:49:00,2018-05-23T04:36:00,2018-05-23T04:36:00,stop_loss,stop_loss,-1.1222222222220608,-1.0555555555554548,False,False,False
SECONDARY_W0_2018_2020,S0->S1,raw_episode_id plus within-episode trade ordinal,54,0,S0_000017,S1_000017,2018-05-28T03:21:00,2018-05-28T03:21:00,2018-05-28T04:10:00,2018-05-28T04:10:00,stop_loss,stop_loss,-1.1333333333334144,-1.0555555555554548,False,False,False
SECONDARY_W0_2018_2020,S0->S1,raw_episode_id plus within-episode trade ordinal,58,0,S0_000018,S1_000018,2018-05-28T04:26:00,2018-05-28T04:26:00,2018-05-28T05:56:00,2018-05-28T05:56:00,timeout,timeout,-0.511111111111,-0.511111111111,False,False,False
SECONDARY_W0_2018_2020,S0->S1,raw_episode_id plus within-episode trade ordinal,60,0,S0_000019,S1_000019,2018-05-31T01:06:00,2018-05-31T01:06:00,2018-05-31T02:36:00,2018-05-31T02:36:00,timeout,timeout,0.34444444444453537,0.34444444444453537,False,False,False
SECONDARY_W0_2018_2020,S0->S1,raw_episode_id plus within-episode trade ordinal,64,0,S0_000020,S1_000020,2018-05-31T04:15:00,2018-05-31T04:15:00,2018-05-31T04:31:00,2018-05-31T04:30:00,stop_loss,stop_loss,-1.1111111111112124,-1.0555555555554548,False,True,False
SECONDARY_W0_2018_2020,S0->S1,raw_episode_id plus within-episode trade ordinal,67,0,S0_000021,S1_000021,2018-06-04T03:02:00,2018-06-04T03:02:00,2018-06-04T04:32:00,2018-06-04T04:32:00,timeout,timeout,0.46666666666664647,0.46666666666664647,False,False,False
SECONDARY_W0_2018_2020,S0->S1,raw_episode_id plus within-episode trade ordinal,74,0,S0_000022,S1_000022,2018-06-05T02:44:00,2018-06-05T02:44:00,2018-06-05T03:50:00,2018-06-05T03:50:00,stop_loss,stop_loss,-1.0888888888887578,-1.0555555555554548,False,False,False
SECONDARY_W0_2018_2020,S0->S1,raw_episode_id plus within-episode trade ordinal,77,0,S0_000023,S1_000023,2018-06-05T03:58:00,2018-06-05T03:58:00,2018-06-05T05:28:00,2018-06-05T05:28:00,timeout,timeout,0.4222222222222424,0.4222222222222424,False,False,False
SECONDARY_W0_2018_2020,S0->S1,raw_episode_id plus within-episode trade ordinal,82,0,S0_000024,S1_000024,2018-06-06T04:15:00,2018-06-06T04:15:00,2018-06-06T05:45:00,2018-06-06T05:45:00,timeout,timeout,-0.5555555555556567,-0.5555555555556567,False,False,False
SECONDARY_W0_2018_2020,S0->S1,raw_episode_id plus within-episode trade ordinal,85,0,S0_000025,S1_000025,2018-06-07T04:07:00,2018-06-07T04:07:00,2018-06-07T04:27:00,2018-06-07T04:27:00,take_profit,take_profit,1.277777777777778,1.277777777777778,False,False,False
SECONDARY_W0_2018_2020,S0->S1,raw_episode_id plus within-episode trade ordinal,87,0,S0_000026,S1_000026,2018-06-07T04:42:00,2018-06-07T04:42:00,2018-06-07T06:12:00,2018-06-07T06:12:00,timeout,timeout,-0.36666666666668696,-0.36666666666668696,False,False,False
SECONDARY_W0_2018_2020,S0->S1,raw_episode_id plus within-episode trade ordinal,91,0,S0_000027,S1_000027,2018-06-08T03:44:00,2018-06-08T03:44:00,2018-06-08T05:14:00,2018-06-08T04:15:00,timeout,stop_loss,-0.2666666666667779,-1.0555555555554548,False,True,False
SECONDARY_W0_2018_2020,S0->S1,raw_episode_id plus within-episode trade ordinal,93,0,,S1_000028,,2018-06-08T04:17:00,,2018-06-08T05:47:00,,timeout,,-0.11111111111111116,False,False,False
SECONDARY_W0_2018_2020,S0->S1,raw_episode_id plus within-episode trade ordinal,97,0,S0_000028,S1_000029,2018-06-08T08:04:00,2018-06-08T08:04:00,2018-06-08T08:25:00,2018-06-08T08:25:00,stop_loss,stop_loss,-2.2222222222223236,-1.0555555555554548,False,False,False
SECONDARY_W0_2018_2020,S0->S1,raw_episode_id plus within-episode trade ordinal,99,0,S0_000029,S1_000030,2018-06-11T03:24:00,2018-06-11T03:24:00,2018-06-11T04:32:00,2018-06-11T04:31:00,take_profit,take_profit,1.3222222222221818,1.277777777777778,False,True,False
SECONDARY_W0_2018_2020,S0->S1,raw_episode_id plus within-episode trade ordinal,104,0,S0_000030,S1_000031,2018-06-12T02:04:00,2018-06-12T02:04:00,2018-06-12T02:13:00,2018-06-12T02:12:00,stop_loss,stop_loss,-1.4888888888888991,-1.0555555555554548,False,True,False
SECONDARY_W0_2018_2020,S0->S1,raw_episode_id plus within-episode trade ordinal,108,0,S0_000031,S1_000032,2018-06-12T03:01:00,2018-06-12T03:01:00,2018-06-12T03:19:00,2018-06-12T03:12:00,stop_loss,stop_loss,-1.0777777777779094,-1.0555555555554548,False,True,False
SECONDARY_W0_2018_2020,S0->S1,raw_episode_id plus within-episode trade ordinal,110,0,S0_000032,S1_000033,2018-06-13T03:01:00,2018-06-13T03:01:00,2018-06-13T03:55:00,2018-06-13T03:54:00,stop_loss,stop_loss,-1.1444444444445154,-1.0555555555554548,False,True,False
SECONDARY_W0_2018_2020,S0->S1,raw_episode_id plus within-episode trade ordinal,113,0,S0_000033,S1_000034,2018-06-14T03:45:00,2018-06-14T03:45:00,2018-06-14T04:19:00,2018-06-14T04:19:00,stop_loss,stop_loss,-1.1111111111112124,-1.0555555555554548,False,False,False
SECONDARY_W0_2018_2020,S0->S1,raw_episode_id plus within-episode trade ordinal,117,0,S0_000034,S1_000035,2018-06-20T03:01:00,2018-06-20T03:01:00,2018-06-20T03:06:00,2018-06-20T03:06:00,stop_loss,stop_loss,-1.2222222222222225,-1.0555555555554548,False,False,False
SECONDARY_W0_2018_2020,S0->S1,raw_episode_id plus within-episode trade ordinal,121,0,S0_000035,S1_000036,2018-06-26T03:01:00,2018-06-26T03:01:00,2018-06-26T04:31:00,2018-06-26T04:31:00,timeout,timeout,0.17777777777776765,0.17777777777776765,False,False,False
SECONDARY_W0_2018_2020,S0->S1,raw_episode_id plus within-episode trade ordinal,125,0,S0_000036,S1_000037,2018-06-26T04:38:00,2018-06-26T04:38:00,2018-06-26T04:45:00,2018-06-26T04:45:00,stop_loss,stop_loss,-1.1777777777778184,-1.0555555555554548,False,False,False
SECONDARY_W0_2018_2020,S0->S1,raw_episode_id plus within-episode trade ordinal,126,0,S0_000037,S1_000038,2018-06-26T04:50:00,2018-06-26T04:50:00,2018-06-26T04:58:00,2018-06-26T04:54:00,stop_loss,stop_loss,-1.3555555555554346,-1.0555555555554548,False,True,False
SECONDARY_W0_2018_2020,S0->S1,raw_episode_id plus within-episode trade ordinal,126,1,,S1_000039,,2018-06-26T04:57:00,,2018-06-26T05:01:00,,stop_loss,,-1.0555555555554548,False,False,False
SECONDARY_W0_2018_2020,S0->S1,raw_episode_id plus within-episode trade ordinal,127,0,S0_000038,S1_000040,2018-06-27T03:05:00,2018-06-27T03:05:00,2018-06-27T04:10:00,2018-06-27T04:00:00,take_profit,take_profit,1.3888888888887878,1.277777777777778,False,True,False
SECONDARY_W0_2018_2020,S0->S1,raw_episode_id plus within-episode trade ordinal,131,0,S0_000039,S1_000041,2018-06-27T04:54:00,2018-06-27T04:54:00,2018-06-27T05:03:00,2018-06-27T05:03:00,stop_loss,stop_loss,-1.3074156059767452,-1.048422800221342,False,False,False
SECONDARY_W0_2018_2020,S0->S1,raw_episode_id plus within-episode trade ordinal,134,0,S0_000040,S1_000042,2018-06-29T04:20:00,2018-06-29T04:20:00,2018-06-29T04:25:00,2018-06-29T04:25:00,stop_loss,stop_loss,-1.2666666666666264,-1.0555555555554548,False,False,False
SECONDARY_W0_2018_2020,S0->S1,raw_episode_id plus within-episode trade ordinal,135,0,S0_000041,S1_000043,2018-07-03T03:15:00,2018-07-03T03:15:00,2018-07-03T04:04:00,2018-07-03T04:04:00,stop_loss,stop_loss,-1.1222222222220608,-1.0555555555554548,False,False,False
SECONDARY_W0_2018_2020,S0->S1,raw_episode_id plus within-episode trade ordinal,143,0,S0_000042,S1_000044,2018-07-09T04:16:00,2018-07-09T04:16:00,2018-07-09T04:52:00,2018-07-09T04:52:00,take_profit,take_profit,1.499999999999798,1.277777777777778,False,False,False
SECONDARY_W0_2018_2020,S0->S1,raw_episode_id plus within-episode trade ordinal,144,0,S0_000043,S1_000045,2018-07-10T03:37:00,2018-07-10T03:37:00,2018-07-10T04:13:00,2018-07-10T04:10:00,take_profit,take_profit,1.4777777777778485,1.277777777777778,False,True,False
SECONDARY_W0_2018_2020,S0->S1,raw_episode_id plus within-episode trade ordinal,146,0,S0_000044,S1_000046,2018-07-16T02:49:00,2018-07-16T02:49:00,2018-07-16T03:42:00,2018-07-16T03:42:00,take_profit,take_profit,1.311111111111081,1.277777777777778,False,False,False
SECONDARY_W0_2018_2020,S0->S1,raw_episode_id plus within-episode trade ordinal,150,0,S0_000045,S1_000047,2018-07-17T02:41:00,2018-07-17T02:41:00,2018-07-17T03:34:00,2018-07-17T03:33:00,stop_loss,stop_loss,-1.2000000000000204,-1.0555555555554548,False,True,False
SECONDARY_W0_2018_2020,S0->S1,raw_episode_id plus within-episode trade ordinal,152,0,S0_000046,S1_000048,2018-07-17T03:36:00,2018-07-17T03:36:00,2018-07-17T03:58:00,2018-07-17T03:57:00,stop_loss,stop_loss,-1.1888888888889195,-1.0555555555554548,False,True,False
SECONDARY_W0_2018_2020,S0->S1,raw_episode_id plus within-episode trade ordinal,152,1,S0_000047,S1_000049,2018-07-17T04:01:00,2018-07-17T04:01:00,2018-07-17T04:17:00,2018-07-17T04:06:00,stop_loss,stop_loss,-1.2444444444444245,-1.0555555555554548,False,True,False
SECONDARY_W0_2018_2020,S0->S1,raw_episode_id plus within-episode trade ordinal,156,0,S0_000048,S1_000050,2018-07-18T02:17:00,2018-07-18T02:17:00,2018-07-18T02:51:00,2018-07-18T02:51:00,stop_loss,stop_loss,-1.1444444444442627,-1.0555555555554548,False,False,False
SECONDARY_W0_2018_2020,S0->S1,raw_episode_id plus within-episode trade ordinal,160,0,S0_000049,S1_000051,2018-07-19T01:28:00,2018-07-19T01:28:00,2018-07-19T01:58:00,2018-07-19T01:58:00,stop_loss,stop_loss,-1.0666666666668083,-1.0555555555554548,False,False,False
SECONDARY_W0_2018_2020,S0->S1,raw_episode_id plus within-episode trade ordinal,166,0,S0_000050,S1_000052,2018-07-24T02:25:00,2018-07-24T02:25:00,2018-07-24T03:31:00,2018-07-24T03:31:00,stop_loss,stop_loss,-1.0666666666668083,-1.0555555555554548,False,False,False
SECONDARY_W0_2018_2020,S0->S1,raw_episode_id plus within-episode trade ordinal,174,0,S0_000051,S1_000053,2018-07-30T02:38:00,2018-07-30T02:38:00,2018-07-30T02:52:00,2018-07-30T02:52:00,stop_loss,stop_loss,-1.1555555555553638,-1.0555555555554548,False,False,False
SECONDARY_W0_2018_2020,S0->S1,raw_episode_id plus within-episode trade ordinal,179,0,S0_000052,S1_000054,2018-07-30T04:53:00,2018-07-30T04:53:00,2018-07-30T05:29:00,2018-07-30T05:28:00,stop_loss,stop_loss,-1.4222222222220406,-1.0555555555554548,False,True,False
SECONDARY_W0_2018_2020,S0->S1,raw_episode_id plus within-episode trade ordinal,181,0,S0_000053,S1_000055,2018-08-07T03:35:00,2018-08-07T03:35:00,2018-08-07T04:00:00,2018-08-07T04:00:00,take_profit,take_profit,1.3999999999998889,1.277777777777778,False,False,False
SECONDARY_W0_2018_2020,S0->S1,raw_episode_id plus within-episode trade ordinal,183,0,S0_000054,S1_000056,2018-08-07T04:36:00,2018-08-07T04:36:00,2018-08-07T04:55:00,2018-08-07T04:50:00,stop_loss,stop_loss,-1.0999999999998586,-1.0555555555554548,False,True,False
SECONDARY_W0_2018_2020,S0->S1,raw_episode_id plus within-episode trade ordinal,186,0,S0_000055,S1_000057,2018-08-07T04:59:00,2018-08-07T04:52:00,2018-08-07T06:00:00,2018-08-07T04:57:00,take_profit,stop_loss,1.277777777777778,-1.0555555555554548,True,True,True
SECONDARY_W0_2018_2020,S0->S1,raw_episode_id plus within-episode trade ordinal,186,1,,S1_000058,,2018-08-07T04:59:00,,2018-08-07T05:49:00,,take_profit,,1.277777777777778,False,False,False
SECONDARY_W0_2018_2020,S0->S1,raw_episode_id plus within-episode trade ordinal,187,0,S0_000056,S1_000059,2018-08-08T03:02:00,2018-08-08T03:02:00,2018-08-08T03:14:00,2018-08-08T03:14:00,stop_loss,stop_loss,-1.1000000000001113,-1.0555555555554548,False,False,False
SECONDARY_W0_2018_2020,S0->S1,raw_episode_id plus within-episode trade ordinal,188,0,S0_000057,S1_000060,2018-08-08T04:01:00,2018-08-08T04:01:00,2018-08-08T04:32:00,2018-08-08T04:32:00,take_profit,take_profit,1.3666666666665859,1.277777777777778,False,False,False
SECONDARY_W0_2018_2020,S0->S1,raw_episode_id plus within-episode trade ordinal,191,0,S0_000058,S1_000061,2018-08-09T03:02:00,2018-08-09T03:02:00,2018-08-09T04:32:00,2018-08-09T04:32:00,timeout,timeout,-0.5888888888887072,-0.5888888888887072,False,False,False
SECONDARY_W0_2018_2020,S0->S1,raw_episode_id plus within-episode trade ordinal,194,0,S0_000059,S1_000062,2018-08-13T04:01:00,2018-08-13T04:01:00,2018-08-13T04:32:00,2018-08-13T04:06:00,stop_loss,stop_loss,-1.355555555555687,-1.0555555555554548,False,True,False
SECONDARY_W0_2018_2020,S0->S1,raw_episode_id plus within-episode trade ordinal,195,0,,S1_000063,,2018-08-13T04:12:00,,2018-08-13T04:32:00,,stop_loss,,-1.048855388051461,False,False,False
SECONDARY_W0_2018_2020,S0->S1,raw_episode_id plus within-episode trade ordinal,199,0,S0_000060,S1_000064,2018-08-14T03:02:00,2018-08-14T03:02:00,2018-08-14T04:02:00,2018-08-14T04:02:00,take_profit,take_profit,1.4888888888889495,1.277777777777778,False,False,False
SECONDARY_W0_2018_2020,S0->S1,raw_episode_id plus within-episode trade ordinal,201,0,S0_000061,S1_000065,2018-08-14T04:25:00,2018-08-14T04:25:00,2018-08-14T04:43:00,2018-08-14T04:43:00,take_profit,take_profit,1.6444444444446162,1.277777777777778,False,False,False
SECONDARY_W0_2018_2020,S0->S1,raw_episode_id plus within-episode trade ordinal,203,0,S0_000062,S1_000066,2018-08-15T02:14:00,2018-08-15T02:14:00,2018-08-15T02:53:00,2018-08-15T02:53:00,stop_loss,stop_loss,-1.1222222222220608,-1.0555555555554548,False,False,False
SECONDARY_W0_2018_2020,S0->S1,raw_episode_id plus within-episode trade ordinal,204,0,S0_000063,S1_000067,2018-08-15T02:57:00,2018-08-15T02:57:00,2018-08-15T03:25:00,2018-08-15T03:23:00,stop_loss,stop_loss,-1.1888888888889195,-1.0555555555554548,False,True,False
SECONDARY_W0_2018_2020,S0->S1,raw_episode_id plus within-episode trade ordinal,204,1,S0_000064,S1_000068,2018-08-15T03:26:00,2018-08-15T03:24:00,2018-08-15T03:59:00,2018-08-15T03:26:00,stop_loss,stop_loss,-1.322222222222384,-1.0555555555554548,True,True,False
SECONDARY_W0_2018_2020,S0->S1,raw_episode_id plus within-episode trade ordinal,209,0,S0_000065,S1_000069,2018-08-16T03:50:00,2018-08-16T03:50:00,2018-08-16T03:52:00,2018-08-16T03:52:00,take_profit,take_profit,0.5576972500643184,0.5454574659470125,False,False,False
SECONDARY_W0_2018_2020,S0->S1,raw_episode_id plus within-episode trade ordinal,209,1,S0_000066,S1_000070,2018-08-16T03:55:00,2018-08-16T03:55:00,2018-08-16T04:02:00,2018-08-16T04:02:00,take_profit,take_profit,0.6879118382185614,0.5764030902067732,False,False,False
SECONDARY_W0_2018_2020,S0->S1,raw_episode_id plus within-episode trade ordinal,210,0,S0_000067,S1_000071,2018-09-05T02:05:00,2018-09-05T02:05:00,2018-09-05T03:13:00,2018-09-05T03:13:00,stop_loss,stop_loss,-1.1444444444445154,-1.0555555555554548,False,False,False
SECONDARY_W0_2018_2020,S0->S1,raw_episode_id plus within-episode trade ordinal,219,0,S0_000068,S1_000072,2018-09-05T03:14:00,2018-09-05T03:14:00,2018-09-05T04:19:00,2018-09-05T04:19:00,take_profit,take_profit,1.2999999999999798,1.277777777777778,False,False,False
SECONDARY_W0_2018_2020,S0->S1,raw_episode_id plus within-episode trade ordinal,221,0,S0_000069,S1_000073,2018-09-10T03:26:00,2018-09-10T03:26:00,2018-09-10T03:28:00,2018-09-10T03:27:00,stop_loss,stop_loss,-1.2777777777777275,-1.0555555555554548,False,True,False
SECONDARY_W0_2018_2020,S0->S1,raw_episode_id plus within-episode trade ordinal,222,0,S0_000070,S1_000074,2018-09-11T04:04:00,2018-09-11T04:04:00,2018-09-11T04:42:00,2018-09-11T04:42:00,stop_loss,stop_loss,-1.0666666666665556,-1.0555555555554548,False,False,False
SECONDARY_W0_2018_2020,S0->S1,raw_episode_id plus within-episode trade ordinal,230,0,S0_000071,S1_000075,2018-09-11T04:48:00,2018-09-11T04:48:00,2018-09-11T05:41:00,2018-09-11T05:41:00,stop_loss,stop_loss,-1.1111111111112124,-1.0555555555554548,False,False,False
SECONDARY_W0_2018_2020,S0->S1,raw_episode_id plus within-episode trade ordinal,231,0,S0_000072,S1_000076,2018-09-17T02:21:00,2018-09-17T02:21:00,2018-09-17T03:02:00,2018-09-17T02:28:00,stop_loss,stop_loss,-1.1666666666664647,-1.0555555555554548,False,True,False
SECONDARY_W0_2018_2020,S0->S1,raw_episode_id plus within-episode trade ordinal,240,0,,S1_000077,,2018-09-17T04:30:00,,2018-09-17T05:01:00,,stop_loss,,-1.0555555555554548,False,False,False
SECONDARY_W0_2018_2020,S0->S1,raw_episode_id plus within-episode trade ordinal,242,0,S0_000073,S1_000078,2018-09-19T01:03:00,2018-09-19T01:03:00,2018-09-19T01:38:00,2018-09-19T01:38:00,take_profit,take_profit,1.2888888888888788,1.277777777777778,False,False,False
SECONDARY_W0_2018_2020,S0->S1,raw_episode_id plus within-episode trade ordinal,243,0,S0_000074,S1_000079,2018-09-19T04:01:00,2018-09-19T04:01:00,2018-09-19T05:31:00,2018-09-19T05:31:00,timeout,timeout,0.933333333333394,0.933333333333394,False,False,False
SECONDARY_W0_2018_2020,S0->S1,raw_episode_id plus within-episode trade ordinal,247,0,S0_000075,S1_000080,2018-09-24T02:01:00,2018-09-24T02:01:00,2018-09-24T02:16:00,2018-09-24T02:16:00,stop_loss,stop_loss,-1.1444444444445154,-1.0555555555554548,False,False,False
SECONDARY_W0_2018_2020,S0->S1,raw_episode_id plus within-episode trade ordinal,251,0,S0_000076,S1_000081,2018-09-24T02:41:00,2018-09-24T02:41:00,2018-09-24T03:18:00,2018-09-24T03:18:00,stop_loss,stop_loss,-1.2555555555555256,-1.0555555555554548,False,False,False
SECONDARY_W0_2018_2020,S0->S1,raw_episode_id plus within-episode trade ordinal,252,0,S0_000077,S1_000082,2018-09-24T03:20:00,2018-09-24T03:20:00,2018-09-24T03:24:00,2018-09-24T03:24:00,stop_loss,stop_loss,-1.0666666666665556,-1.0555555555554548,False,False,False
SECONDARY_W0_2018_2020,S0->S1,raw_episode_id plus within-episode trade ordinal,253,0,S0_000078,S1_000083,2018-09-25T03:16:00,2018-09-25T03:16:00,2018-09-25T03:32:00,2018-09-25T03:32:00,stop_loss,stop_loss,-1.1333333333334144,-1.0555555555554548,False,False,False
SECONDARY_W0_2018_2020,S0->S1,raw_episode_id plus within-episode trade ordinal,258,0,S0_000079,S1_000084,2018-09-26T03:28:00,2018-09-26T03:28:00,2018-09-26T03:38:00,2018-09-26T03:36:00,stop_loss,stop_loss,-1.266666666666879,-1.0555555555554548,False,True,False
SECONDARY_W0_2018_2020,S0->S1,raw_episode_id plus within-episode trade ordinal,264,0,S0_000080,S1_000085,2018-10-02T01:04:00,2018-10-02T01:04:00,2018-10-02T02:53:00,2018-10-02T02:53:00,timeout,timeout,-0.19999999999991921,-0.19999999999991921,False,False,False
SECONDARY_W0_2018_2020,S0->S1,raw_episode_id plus within-episode trade ordinal,266,0,S0_000081,S1_000086,2018-10-04T03:02:00,2018-10-04T03:02:00,2018-10-04T04:32:00,2018-10-04T04:32:00,timeout,timeout,-0.055555555555353485,-0.055555555555353485,False,False,False
SECONDARY_W0_2018_2020,S0->S1,raw_episode_id plus within-episode trade ordinal,267,0,S0_000082,S1_000087,2018-10-10T01:55:00,2018-10-10T01:55:00,2018-10-10T03:32:00,2018-10-10T03:32:00,timeout,timeout,0.2111111111113233,0.2111111111113233,False,False,False
SECONDARY_W0_2018_2020,S0->S1,raw_episode_id plus within-episode trade ordinal,268,0,S0_000083,S1_000088,2018-11-09T04:53:00,2018-11-09T04:53:00,2018-11-09T05:37:00,2018-11-09T05:37:00,stop_loss,stop_loss,-1.1444444444442627,-1.0555555555554548,False,False,False
SECONDARY_W0_2018_2020,S0->S1,raw_episode_id plus within-episode trade ordinal,269,0,S0_000084,S1_000089,2018-11-12T03:13:00,2018-11-12T03:13:00,2018-11-12T03:47:00,2018-11-12T03:44:00,take_profit,take_profit,1.4888888888889495,1.277777777777778,False,True,False
SECONDARY_W0_2018_2020,S0->S1,raw_episode_id plus within-episode trade ordinal,271,0,S0_000085,S1_000090,2018-11-12T04:16:00,2018-11-12T04:16:00,2018-11-12T05:35:00,2018-11-12T04:26:00,stop_loss,stop_loss,-1.1222222222220608,-1.0555555555554548,False,True,False
SECONDARY_W0_2018_2020,S0->S1,raw_episode_id plus within-episode trade ordinal,273,0,,S1_000091,,2018-11-12T04:33:00,,2018-11-12T06:03:00,,timeout,,-0.5888888888889597,False,False,False
SECONDARY_W0_2018_2020,S0->S1,raw_episode_id plus within-episode trade ordinal,278,0,S0_000086,S1_000092,2018-11-13T04:26:00,2018-11-13T04:26:00,2018-11-13T05:56:00,2018-11-13T05:56:00,timeout,timeout,0.822222222222384,0.822222222222384,False,False,False
SECONDARY_W0_2018_2020,S0->S1,raw_episode_id plus within-episode trade ordinal,280,0,S0_000087,S1_000093,2018-11-14T04:28:00,2018-11-14T04:28:00,2018-11-14T05:58:00,2018-11-14T05:58:00,timeout,timeout,0.22222222222217167,0.22222222222217167,False,False,False
SECONDARY_W0_2018_2020,S0->S1,raw_episode_id plus within-episode trade ordinal,283,0,S0_000088,S1_000094,2018-11-28T03:18:00,2018-11-28T03:18:00,2018-11-28T04:50:00,2018-11-28T04:50:00,timeout,timeout,0.3666666666667374,0.3666666666667374,False,False,False
SECONDARY_W0_2018_2020,S0->S1,raw_episode_id plus within-episode trade ordinal,289,0,S0_000089,S1_000095,2018-11-28T04:55:00,2018-11-28T04:55:00,2018-11-28T05:51:00,2018-11-28T05:51:00,stop_loss,stop_loss,-1.1111111111112124,-1.0555555555554548,False,False,False
SECONDARY_W0_2018_2020,S0->S1,raw_episode_id plus within-episode trade ordinal,292,0,S0_000090,S1_000096,2018-12-14T04:54:00,2018-12-14T04:54:00,2018-12-14T06:24:00,2018-12-14T06:24:00,timeout,timeout,-0.7666666666665759,-0.7666666666665759,False,False,False
SECONDARY_W0_2018_2020,S0->S1,raw_episode_id plus within-episode trade ordinal,312,0,S0_000091,S1_000097,2019-01-18T08:51:00,2019-01-18T08:51:00,2019-01-18T09:19:00,2019-01-18T09:17:00,stop_loss,stop_loss,-1.1666666666667174,-1.0555555555554548,False,True,False
SECONDARY_W0_2018_2020,S0->S1,raw_episode_id plus within-episode trade ordinal,313,0,S0_000092,S1_000098,2019-01-22T03:32:00,2019-01-22T03:32:00,2019-01-22T04:01:00,2019-01-22T04:00:00,stop_loss,stop_loss,-1.0777777777779094,-1.0555555555554548,False,True,False
SECONDARY_W0_2018_2020,S0->S1,raw_episode_id plus within-episode trade ordinal,315,0,S0_000093,S1_000099,2019-02-08T04:51:00,2019-02-08T04:51:00,2019-02-08T05:06:00,2019-02-08T05:03:00,stop_loss,stop_loss,-1.0888888888890103,-1.0555555555554548,False,True,False
SECONDARY_W0_2018_2020,S0->S1,raw_episode_id plus within-episode trade ordinal,317,0,S0_000094,S1_000100,2019-02-13T04:26:00,2019-02-13T04:26:00,2019-02-13T05:56:00,2019-02-13T05:56:00,timeout,timeout,0.34444444444428274,0.34444444444428274,False,False,False
SECONDARY_W0_2018_2020,S0->S1,raw_episode_id plus within-episode trade ordinal,318,0,S0_000095,S1_000101,2019-02-13T08:07:00,2019-02-13T08:07:00,2019-02-13T09:13:00,2019-02-13T09:13:00,stop_loss,stop_loss,-1.288888888889081,-1.0555555555554548,False,False,False
SECONDARY_W0_2018_2020,S0->S1,raw_episode_id plus within-episode trade ordinal,332,0,S0_000096,S1_000102,2019-02-19T04:18:00,2019-02-19T04:18:00,2019-02-19T05:48:00,2019-02-19T05:48:00,timeout,timeout,-0.411111111111091,-0.411111111111091,False,False,False
SECONDARY_W0_2018_2020,S0->S1,raw_episode_id plus within-episode trade ordinal,333,0,S0_000097,S1_000103,2019-03-11T04:02:00,2019-03-11T04:02:00,2019-03-11T05:32:00,2019-03-11T05:32:00,timeout,timeout,0.45555555555554544,0.45555555555554544,False,False,False
SECONDARY_W0_2018_2020,S0->S1,raw_episode_id plus within-episode trade ordinal,336,0,S0_000098,S1_000104,2019-03-11T08:23:00,2019-03-11T08:23:00,2019-03-11T08:43:00,2019-03-11T08:42:00,stop_loss,stop_loss,-1.0666666666665556,-1.0555555555554548,False,True,False
SECONDARY_W0_2018_2020,S0->S1,raw_episode_id plus within-episode trade ordinal,338,0,S0_000099,S1_000105,2019-03-12T04:01:00,2019-03-12T04:01:00,2019-03-12T05:09:00,2019-03-12T05:09:00,take_profit,take_profit,1.3999999999998889,1.277777777777778,False,False,False
SECONDARY_W0_2018_2020,S0->S1,raw_episode_id plus within-episode trade ordinal,342,0,S0_000100,S1_000106,2019-03-13T04:07:00,2019-03-13T04:07:00,2019-03-13T04:40:00,2019-03-13T04:40:00,take_profit,take_profit,1.3222222222221818,1.277777777777778,False,False,False
SECONDARY_W0_2018_2020,S0->S1,raw_episode_id plus within-episode trade ordinal,346,0,S0_000101,S1_000107,2019-03-13T04:56:00,2019-03-13T04:56:00,2019-03-13T05:43:00,2019-03-13T05:43:00,stop_loss,stop_loss,-1.0555555555557072,-1.0555555555554548,False,False,False
SECONDARY_W0_2018_2020,S0->S1,raw_episode_id plus within-episode trade ordinal,349,0,S0_000102,S1_000108,2019-03-18T04:21:00,2019-03-18T04:21:00,2019-03-18T05:51:00,2019-03-18T05:51:00,timeout,timeout,0.18888888888886865,0.18888888888886865,False,False,False
SECONDARY_W0_2018_2020,S0->S1,raw_episode_id plus within-episode trade ordinal,350,0,S0_000103,S1_000109,2019-03-19T04:01:00,2019-03-19T04:01:00,2019-03-19T04:37:00,2019-03-19T04:29:00,take_profit,take_profit,1.3666666666668386,1.277777777777778,False,True,False
SECONDARY_W0_2018_2020,S0->S1,raw_episode_id plus within-episode trade ordinal,351,0,S0_000104,S1_000110,2019-03-19T04:41:00,2019-03-19T04:41:00,2019-03-19T06:11:00,2019-03-19T06:11:00,timeout,timeout,-0.34444444444448497,-0.34444444444448497,False,False,False
SECONDARY_W0_2018_2020,S0->S1,raw_episode_id plus within-episode trade ordinal,366,0,S0_000105,S1_000111,2019-03-20T04:09:00,2019-03-20T04:09:00,2019-03-20T04:24:00,2019-03-20T04:24:00,stop_loss,stop_loss,-1.0666666666668083,-1.0555555555554548,False,False,False
SECONDARY_W0_2018_2020,S0->S1,raw_episode_id plus within-episode trade ordinal,369,0,S0_000106,S1_000112,2019-03-20T04:25:00,2019-03-20T04:25:00,2019-03-20T05:55:00,2019-03-20T05:55:00,timeout,timeout,-0.05555555555560612,-0.05555555555560612,False,False,False
SECONDARY_W0_2018_2020,S0->S1,raw_episode_id plus within-episode trade ordinal,372,0,S0_000107,S1_000113,2019-03-20T08:26:00,2019-03-20T08:26:00,2019-03-20T08:52:00,2019-03-20T08:52:00,stop_loss,stop_loss,-1.0555555555557072,-1.0555555555554548,False,False,False
SECONDARY_W0_2018_2020,S0->S1,raw_episode_id plus within-episode trade ordinal,375,0,S0_000108,S1_000114,2019-04-03T03:36:00,2019-04-03T03:36:00,2019-04-03T03:42:00,2019-04-03T03:42:00,stop_loss,stop_loss,-1.1444444444445154,-1.0555555555554548,False,False,False
SECONDARY_W0_2018_2020,S0->S1,raw_episode_id plus within-episode trade ordinal,376,0,S0_000109,S1_000115,2019-04-04T03:02:00,2019-04-04T03:02:00,2019-04-04T04:03:00,2019-04-04T04:03:00,stop_loss,stop_loss,-1.2777777777777275,-1.0555555555554548,False,False,False
SECONDARY_W0_2018_2020,S0->S1,raw_episode_id plus within-episode trade ordinal,378,0,S0_000110,S1_000116,2019-04-05T04:04:00,2019-04-05T04:04:00,2019-04-05T04:17:00,2019-04-05T04:17:00,stop_loss,stop_loss,-1.0555555555557072,-1.0555555555554548,False,False,False
SECONDARY_W0_2018_2020,S0->S1,raw_episode_id plus within-episode trade ordinal,380,0,S0_000111,S1_000117,2019-04-08T03:01:00,2019-04-08T03:01:00,2019-04-08T03:55:00,2019-04-08T03:54:00,take_profit,take_profit,1.3222222222221818,1.277777777777778,False,True,False
SECONDARY_W0_2018_2020,S0->S1,raw_episode_id plus within-episode trade ordinal,386,0,S0_000112,S1_000118,2019-04-08T04:24:00,2019-04-08T04:24:00,2019-04-08T04:41:00,2019-04-08T04:33:00,take_profit,take_profit,1.8000000000000305,1.277777777777778,False,True,False
SECONDARY_W0_2018_2020,S0->S1,raw_episode_id plus within-episode trade ordinal,387,0,S0_000113,S1_000119,2019-04-09T03:02:00,2019-04-09T03:02:00,2019-04-09T03:13:00,2019-04-09T03:08:00,stop_loss,stop_loss,-1.0666666666665556,-1.0555555555554548,False,True,False
SECONDARY_W0_2018_2020,S0->S1,raw_episode_id plus within-episode trade ordinal,387,1,S0_000114,S1_000120,2019-04-09T03:16:00,2019-04-09T03:11:00,2019-04-09T03:20:00,2019-04-09T03:20:00,stop_loss,stop_loss,-1.0555555555557072,-1.0555555555554548,True,False,False
SECONDARY_W0_2018_2020,S0->S1,raw_episode_id plus within-episode trade ordinal,388,0,S0_000115,S1_000121,2019-04-09T03:25:00,2019-04-09T03:25:00,2019-04-09T03:47:00,2019-04-09T03:47:00,take_profit,take_profit,1.3111111111113334,1.277777777777778,False,False,False
SECONDARY_W0_2018_2020,S0->S1,raw_episode_id plus within-episode trade ordinal,389,0,S0_000116,S1_000122,2019-04-16T04:01:00,2019-04-16T04:01:00,2019-04-16T04:16:00,2019-04-16T04:16:00,stop_loss,stop_loss,-1.0888888888887578,-1.0555555555554548,False,False,False
SECONDARY_W0_2018_2020,S0->S1,raw_episode_id plus within-episode trade ordinal,390,0,S0_000117,S1_000123,2019-04-22T04:19:00,2019-04-22T04:19:00,2019-04-22T04:55:00,2019-04-22T04:55:00,take_profit,take_profit,1.3888888888887878,1.277777777777778,False,False,False
SECONDARY_W0_2018_2020,S0->S1,raw_episode_id plus within-episode trade ordinal,399,0,S0_000118,S1_000124,2019-04-23T03:01:00,2019-04-23T03:01:00,2019-04-23T03:16:00,2019-04-23T03:15:00,stop_loss,stop_loss,-1.2222222222222225,-1.0555555555554548,False,True,False
SECONDARY_W0_2018_2020,S0->S1,raw_episode_id plus within-episode trade ordinal,399,1,S0_000119,S1_000125,2019-04-23T03:22:00,2019-04-23T03:16:00,2019-04-23T03:59:00,2019-04-23T03:57:00,take_profit,take_profit,1.5999999999999597,1.277777777777778,True,True,False
SECONDARY_W0_2018_2020,S0->S1,raw_episode_id plus within-episode trade ordinal,400,0,,S1_000126,,2019-04-23T03:59:00,,2019-04-23T04:08:00,,stop_loss,,-1.0555555555554548,False,False,False
SECONDARY_W0_2018_2020,S0->S1,raw_episode_id plus within-episode trade ordinal,401,0,S0_000120,,2019-04-23T04:05:00,,2019-04-23T05:35:00,,timeout,,-0.7111111111113235,,False,False,False
SECONDARY_W0_2018_2020,S0->S1,raw_episode_id plus within-episode trade ordinal,403,0,,S1_000127,,2019-04-23T04:11:00,,2019-04-23T05:30:00,,stop_loss,,-1.0555555555554548,False,False,False
SECONDARY_W0_2018_2020,S0->S1,raw_episode_id plus within-episode trade ordinal,408,0,S0_000121,S1_000128,2019-04-24T03:01:00,2019-04-24T03:01:00,2019-04-24T03:43:00,2019-04-24T03:38:00,stop_loss,stop_loss,-1.2111111111111215,-1.0555555555554548,False,True,False
SECONDARY_W0_2018_2020,S0->S1,raw_episode_id plus within-episode trade ordinal,410,0,S0_000122,,2019-04-24T03:44:00,,2019-04-24T04:00:00,,stop_loss,,-1.1555555555556165,,False,False,False
SECONDARY_W0_2018_2020,S0->S1,raw_episode_id plus within-episode trade ordinal,413,0,S0_000123,S1_000129,2019-04-25T01:01:00,2019-04-25T01:01:00,2019-04-25T01:22:00,2019-04-25T01:12:00,stop_loss,stop_loss,-1.1444444444442627,-1.0555555555554548,False,True,False
SECONDARY_W0_2018_2020,S0->S1,raw_episode_id plus within-episode trade ordinal,420,0,S0_000124,S1_000130,2019-04-25T03:22:00,2019-04-25T03:17:00,2019-04-25T04:52:00,2019-04-25T04:03:00,timeout,take_profit,0.2444444444443737,1.277777777777778,True,True,False
SECONDARY_W0_2018_2020,S0->S1,raw_episode_id plus within-episode trade ordinal,425,0,,S1_000131,,2019-04-25T04:06:00,,2019-04-25T04:16:00,,stop_loss,,-1.0555555555554548,False,False,False
SECONDARY_W0_2018_2020,S0->S1,raw_episode_id plus within-episode trade ordinal,428,0,,S1_000132,,2019-04-25T04:22:00,,2019-04-25T05:13:00,,take_profit,,1.277777777777778,False,False,False
SECONDARY_W0_2018_2020,S0->S1,raw_episode_id plus within-episode trade ordinal,431,0,S0_000125,,2019-04-25T04:53:00,,2019-04-25T05:24:00,,take_profit,,1.6111111111113132,,False,False,False
SECONDARY_W0_2018_2020,S0->S1,raw_episode_id plus within-episode trade ordinal,433,0,S0_000126,S1_000133,2019-04-26T02:58:00,2019-04-26T02:58:00,2019-04-26T03:20:00,2019-04-26T03:19:00,stop_loss,stop_loss,-1.0999999999998586,-1.0555555555554548,False,True,False
SECONDARY_W0_2018_2020,S0->S1,raw_episode_id plus within-episode trade ordinal,438,0,S0_000127,S1_000134,2019-04-26T04:52:00,2019-04-26T04:52:00,2019-04-26T05:40:00,2019-04-26T05:36:00,take_profit,take_profit,1.344444444444384,1.277777777777778,False,True,False
SECONDARY_W0_2018_2020,S0->S1,raw_episode_id plus within-episode trade ordinal,448,0,S0_000128,S1_000135,2019-04-26T08:08:00,2019-04-26T08:08:00,2019-04-26T09:32:00,2019-04-26T09:32:00,take_profit,take_profit,1.2999999999999798,1.277777777777778,False,False,False
SECONDARY_W0_2018_2020,S0->S1,raw_episode_id plus within-episode trade ordinal,454,0,S0_000129,S1_000136,2019-04-26T09:55:00,2019-04-26T09:55:00,2019-04-26T10:00:00,2019-04-26T10:00:00,stop_loss,stop_loss,-1.2777777777779802,-1.0555555555554548,False,False,False
SECONDARY_W0_2018_2020,S0->S1,raw_episode_id plus within-episode trade ordinal,459,0,S0_000130,S1_000137,2019-04-29T02:37:00,2019-04-29T02:37:00,2019-04-29T03:29:00,2019-04-29T03:27:00,stop_loss,stop_loss,-1.0555555555557072,-1.0555555555554548,False,True,False
SECONDARY_W0_2018_2020,S0->S1,raw_episode_id plus within-episode trade ordinal,460,0,S0_000131,S1_000138,2019-04-29T03:37:00,2019-04-29T03:37:00,2019-04-29T05:07:00,2019-04-29T05:07:00,timeout,timeout,0.2444444444443737,0.2444444444443737,False,False,False
SECONDARY_W0_2018_2020,S0->S1,raw_episode_id plus within-episode trade ordinal,468,0,S0_000132,S1_000139,2019-04-30T03:01:00,2019-04-30T03:01:00,2019-04-30T04:15:00,2019-04-30T04:11:00,take_profit,take_profit,1.2999999999999798,1.277777777777778,False,True,False
SECONDARY_W0_2018_2020,S0->S1,raw_episode_id plus within-episode trade ordinal,470,0,S0_000133,S1_000140,2019-04-30T04:31:00,2019-04-30T04:13:00,2019-04-30T06:01:00,2019-04-30T05:43:00,timeout,timeout,-0.8111111111112326,-0.348942598187317,True,True,False
SECONDARY_W0_2018_2020,S0->S1,raw_episode_id plus within-episode trade ordinal,476,0,S0_000134,S1_000141,2019-05-01T01:01:00,2019-05-01T01:01:00,2019-05-01T01:45:00,2019-05-01T01:45:00,stop_loss,stop_loss,-1.1111111111109597,-1.0555555555554548,False,False,False
SECONDARY_W0_2018_2020,S0->S1,raw_episode_id plus within-episode trade ordinal,479,0,S0_000135,S1_000142,2019-05-01T01:46:00,2019-05-01T01:46:00,2019-05-01T03:16:00,2019-05-01T03:16:00,timeout,timeout,0.18888888888886865,0.18888888888886865,False,False,False
SECONDARY_W0_2018_2020,S0->S1,raw_episode_id plus within-episode trade ordinal,484,0,S0_000136,S1_000143,2019-05-01T03:22:00,2019-05-01T03:22:00,2019-05-01T03:31:00,2019-05-01T03:31:00,stop_loss,stop_loss,-1.0555555555557072,-1.0555555555554548,False,False,False
SECONDARY_W0_2018_2020,S0->S1,raw_episode_id plus within-episode trade ordinal,484,1,S0_000137,S1_000144,2019-05-01T03:45:00,2019-05-01T03:45:00,2019-05-01T04:20:00,2019-05-01T04:14:00,stop_loss,stop_loss,-1.2111111111111215,-1.0555555555554548,False,True,False
SECONDARY_W0_2018_2020,S0->S1,raw_episode_id plus within-episode trade ordinal,485,0,S0_000138,S1_000145,2019-05-01T04:26:00,2019-05-01T04:26:00,2019-05-01T05:16:00,2019-05-01T05:16:00,stop_loss,stop_loss,-1.2444444444444245,-1.0555555555554548,False,False,False
SECONDARY_W0_2018_2020,S0->S1,raw_episode_id plus within-episode trade ordinal,494,0,S0_000139,S1_000146,2019-05-03T04:02:00,2019-05-03T04:02:00,2019-05-03T04:23:00,2019-05-03T04:20:00,stop_loss,stop_loss,-1.1333333333334144,-1.0555555555554548,False,True,False
SECONDARY_W0_2018_2020,S0->S1,raw_episode_id plus within-episode trade ordinal,495,0,S0_000140,S1_000147,2019-05-07T03:01:00,2019-05-07T03:01:00,2019-05-07T03:42:00,2019-05-07T03:34:00,stop_loss,stop_loss,-1.1222222222223133,-1.0555555555554548,False,True,False
SECONDARY_W0_2018_2020,S0->S1,raw_episode_id plus within-episode trade ordinal,508,0,S0_000141,S1_000148,2019-05-08T03:01:00,2019-05-08T03:01:00,2019-05-08T04:31:00,2019-05-08T03:20:00,timeout,stop_loss,0.7555555555555252,-1.0555555555554548,False,True,True
SECONDARY_W0_2018_2020,S0->S1,raw_episode_id plus within-episode trade ordinal,514,0,S0_000142,,2019-05-08T04:32:00,,2019-05-08T06:01:00,,stop_loss,,-1.0666666666668083,,False,False,False
SECONDARY_W0_2018_2020,S0->S1,raw_episode_id plus within-episode trade ordinal,517,0,S0_000143,S1_000149,2019-05-08T08:05:00,2019-05-08T08:05:00,2019-05-08T09:35:00,2019-05-08T09:35:00,timeout,timeout,0.2444444444443737,0.2444444444443737,False,False,False
SECONDARY_W0_2018_2020,S0->S1,raw_episode_id plus within-episode trade ordinal,525,0,S0_000144,S1_000150,2019-05-09T03:01:00,2019-05-09T03:01:00,2019-05-09T04:31:00,2019-05-09T03:31:00,timeout,take_profit,-0.44444444444464665,1.277777777777778,False,True,True
SECONDARY_W0_2018_2020,S0->S1,raw_episode_id plus within-episode trade ordinal,528,0,S0_000145,S1_000151,2019-05-13T04:17:00,2019-05-13T04:17:00,2019-05-13T04:45:00,2019-05-13T04:45:00,stop_loss,stop_loss,-1.0888888888887578,-1.0555555555554548,False,False,False
SECONDARY_W0_2018_2020,S0->S1,raw_episode_id plus within-episode trade ordinal,533,0,S0_000146,S1_000152,2019-05-15T03:01:00,2019-05-15T03:01:00,2019-05-15T04:31:00,2019-05-15T04:31:00,timeout,timeout,-0.3000000000000809,-0.3000000000000809,False,False,False
SECONDARY_W0_2018_2020,S0->S1,raw_episode_id plus within-episode trade ordinal,535,0,,S1_000153,,2019-05-15T04:32:00,,2019-05-15T05:00:00,,stop_loss,,-1.0555555555554548,False,False,False
SECONDARY_W0_2018_2020,S0->S1,raw_episode_id plus within-episode trade ordinal,540,0,S0_000147,S1_000154,2019-05-16T03:21:00,2019-05-16T03:21:00,2019-05-16T04:51:00,2019-05-16T04:51:00,timeout,timeout,-0.3333333333331313,-0.3333333333331313,False,False,False
SECONDARY_W0_2018_2020,S0->S1,raw_episode_id plus within-episode trade ordinal,545,0,S0_000148,S1_000155,2019-05-17T04:17:00,2019-05-17T04:17:00,2019-05-17T05:47:00,2019-05-17T05:47:00,timeout,timeout,-0.5666666666667578,-0.5666666666667578,False,False,False
SECONDARY_W0_2018_2020,S0->S1,raw_episode_id plus within-episode trade ordinal,546,0,S0_000149,S1_000156,2019-05-20T03:01:00,2019-05-20T03:01:00,2019-05-20T03:17:00,2019-05-20T03:05:00,stop_loss,stop_loss,-1.1222222222223133,-1.0555555555554548,False,True,False
SECONDARY_W0_2018_2020,S0->S1,raw_episode_id plus within-episode trade ordinal,553,0,S0_000150,S1_000157,2019-05-21T04:01:00,2019-05-21T04:01:00,2019-05-21T04:08:00,2019-05-21T04:03:00,stop_loss,stop_loss,-1.0777777777776567,-1.0555555555554548,False,True,False
SECONDARY_W0_2018_2020,S0->S1,raw_episode_id plus within-episode trade ordinal,554,0,S0_000151,S1_000158,2019-05-22T03:05:00,2019-05-22T03:05:00,2019-05-22T03:54:00,2019-05-22T03:54:00,stop_loss,stop_loss,-1.0555555555557072,-1.0555555555554548,False,False,False
SECONDARY_W0_2018_2020,S0->S1,raw_episode_id plus within-episode trade ordinal,556,0,S0_000152,S1_000159,2019-05-24T03:25:00,2019-05-24T03:25:00,2019-05-24T03:47:00,2019-05-24T03:46:00,stop_loss,stop_loss,-1.0555555555557072,-1.0555555555554548,False,True,False
SECONDARY_W0_2018_2020,S0->S1,raw_episode_id plus within-episode trade ordinal,572,0,S0_000153,S1_000160,2019-05-24T08:01:00,2019-05-24T08:01:00,2019-05-24T09:02:00,2019-05-24T09:02:00,stop_loss,stop_loss,-1.2666666666666264,-1.0555555555554548,False,False,False
SECONDARY_W0_2018_2020,S0->S1,raw_episode_id plus within-episode trade ordinal,579,0,S0_000154,S1_000161,2019-05-27T01:57:00,2019-05-27T01:57:00,2019-05-27T03:11:00,2019-05-27T02:31:00,stop_loss,stop_loss,-1.0999999999998586,-1.0555555555554548,False,True,False
SECONDARY_W0_2018_2020,S0->S1,raw_episode_id plus within-episode trade ordinal,588,0,,S1_000162,,2019-05-27T04:35:00,,2019-05-27T06:05:00,,timeout,,-0.4333333333335456,False,False,False
SECONDARY_W0_2018_2020,S0->S1,raw_episode_id plus within-episode trade ordinal,595,0,S0_000155,S1_000163,2019-05-27T08:00:00,2019-05-27T08:07:00,2019-05-27T09:00:00,2019-05-27T08:55:00,stop_loss,stop_loss,-1.1333333333334144,-1.0555555555554548,True,True,False
SECONDARY_W0_2018_2020,S0->S1,raw_episode_id plus within-episode trade ordinal,607,0,S0_000156,S1_000164,2019-05-27T11:31:00,2019-05-27T11:31:00,2019-05-27T12:00:00,2019-05-27T11:59:00,stop_loss,stop_loss,-1.1555555555556165,-1.0555555555554548,False,True,False
SECONDARY_W0_2018_2020,S0->S1,raw_episode_id plus within-episode trade ordinal,610,0,S0_000157,S1_000165,2019-05-28T03:01:00,2019-05-28T03:01:00,2019-05-28T03:30:00,2019-05-28T03:30:00,stop_loss,stop_loss,-1.1999999999997677,-1.0555555555554548,False,False,False
SECONDARY_W0_2018_2020,S0->S1,raw_episode_id plus within-episode trade ordinal,614,0,S0_000158,S1_000166,2019-05-28T08:39:00,2019-05-28T08:39:00,2019-05-28T08:55:00,2019-05-28T08:55:00,stop_loss,stop_loss,-1.0888888888890103,-1.0555555555554548,False,False,False
SECONDARY_W0_2018_2020,S0->S1,raw_episode_id plus within-episode trade ordinal,615,0,S0_000159,S1_000167,2019-05-29T03:13:00,2019-05-29T03:13:00,2019-05-29T04:03:00,2019-05-29T04:00:00,stop_loss,stop_loss,-1.1111111111109597,-1.0555555555554548,False,True,False
SECONDARY_W0_2018_2020,S0->S1,raw_episode_id plus within-episode trade ordinal,616,0,S0_000160,S1_000168,2019-05-31T04:01:00,2019-05-31T04:01:00,2019-05-31T05:05:00,2019-05-31T05:05:00,stop_loss,stop_loss,-1.2222222222222225,-1.0555555555554548,False,False,False
SECONDARY_W0_2018_2020,S0->S1,raw_episode_id plus within-episode trade ordinal,620,0,S0_000161,S1_000169,2019-09-09T04:10:00,2019-09-09T04:10:00,2019-09-09T05:40:00,2019-09-09T04:33:00,timeout,stop_loss,-0.9095541401274023,-1.0222929936305265,False,True,False
SECONDARY_W0_2018_2020,S0->S1,raw_episode_id plus within-episode trade ordinal,621,0,S0_000162,S1_000170,2019-09-18T03:19:00,2019-09-18T03:19:00,2019-09-18T04:34:00,2019-09-18T04:34:00,stop_loss,stop_loss,-1.1000000000001113,-1.0555555555554548,False,False,False
SECONDARY_W0_2018_2020,S0->S1,raw_episode_id plus within-episode trade ordinal,625,0,S0_000163,S1_000171,2019-10-25T08:27:00,2019-10-25T08:27:00,2019-10-25T08:39:00,2019-10-25T08:38:00,take_profit,take_profit,1.6222222222221616,1.277777777777778,False,True,False
SECONDARY_W0_2018_2020,S0->S1,raw_episode_id plus within-episode trade ordinal,626,0,S0_000164,S1_000172,2019-11-12T03:09:00,2019-11-12T03:09:00,2019-11-12T04:39:00,2019-11-12T04:39:00,timeout,timeout,-0.880908532842315,-0.880908532842315,False,False,False
SECONDARY_W0_2018_2020,S0->S1,raw_episode_id plus within-episode trade ordinal,627,0,S0_000165,S1_000173,2019-11-18T03:41:00,2019-11-18T03:41:00,2019-11-18T03:57:00,2019-11-18T03:57:00,stop_loss,stop_loss,-1.1666666666667174,-1.0555555555554548,False,False,False
SECONDARY_W0_2018_2020,S0->S1,raw_episode_id plus within-episode trade ordinal,628,0,S0_000166,S1_000174,2019-11-18T04:03:00,2019-11-18T04:03:00,2019-11-18T05:33:00,2019-11-18T04:37:00,timeout,take_profit,0.06666666666675758,1.277777777777778,False,True,False
SECONDARY_W0_2018_2020,S0->S1,raw_episode_id plus within-episode trade ordinal,629,0,,S1_000175,,2019-11-18T04:51:00,,2019-11-18T05:05:00,,stop_loss,,-1.0555555555554548,False,False,False
SECONDARY_W0_2018_2020,S0->S1,raw_episode_id plus within-episode trade ordinal,630,0,S0_000167,S1_000176,2019-11-25T03:02:00,2019-11-25T03:02:00,2019-11-25T03:11:00,2019-11-25T03:05:00,stop_loss,stop_loss,-1.0999999999998586,-1.0555555555554548,False,True,False
SECONDARY_W0_2018_2020,S0->S1,raw_episode_id plus within-episode trade ordinal,631,0,S0_000168,S1_000177,2019-11-25T03:15:00,2019-11-25T03:15:00,2019-11-25T04:45:00,2019-11-25T04:45:00,timeout,timeout,0.7570715474208417,0.7570715474208417,False,False,False
SECONDARY_W0_2018_2020,S0->S1,raw_episode_id plus within-episode trade ordinal,634,0,S0_000169,S1_000178,2019-11-26T03:02:00,2019-11-26T03:02:00,2019-11-26T03:06:00,2019-11-26T03:06:00,stop_loss,stop_loss,-1.2222222222222225,-1.0555555555554548,False,False,False
SECONDARY_W0_2018_2020,S0->S1,raw_episode_id plus within-episode trade ordinal,635,0,S0_000170,S1_000179,2019-11-26T03:09:00,2019-11-26T03:09:00,2019-11-26T03:46:00,2019-11-26T03:46:00,stop_loss,stop_loss,-2.400000000000192,-1.0555555555554548,False,False,False
SECONDARY_W0_2018_2020,S0->S1,raw_episode_id plus within-episode trade ordinal,639,0,S0_000171,S1_000180,2019-11-26T03:48:00,2019-11-26T03:48:00,2019-11-26T04:09:00,2019-11-26T04:06:00,take_profit,take_profit,1.3444444444446364,1.277777777777778,False,True,False
SECONDARY_W0_2018_2020,S0->S1,raw_episode_id plus within-episode trade ordinal,643,0,S0_000172,S1_000181,2019-11-26T04:11:00,2019-11-26T04:11:00,2019-11-26T05:41:00,2019-11-26T05:41:00,timeout,timeout,0.5222222222221515,0.5222222222221515,False,False,False
SECONDARY_W0_2018_2020,S0->S1,raw_episode_id plus within-episode trade ordinal,644,0,S0_000173,S1_000182,2019-11-27T04:40:00,2019-11-27T04:40:00,2019-11-27T06:10:00,2019-11-27T06:10:00,timeout,timeout,-0.7333333333332729,-0.7333333333332729,False,False,False
SECONDARY_W0_2018_2020,S0->S1,raw_episode_id plus within-episode trade ordinal,645,0,S0_000174,S1_000183,2019-12-03T04:04:00,2019-12-03T04:04:00,2019-12-03T04:23:00,2019-12-03T04:23:00,stop_loss,stop_loss,-1.0555555555557072,-1.0555555555554548,False,False,False
SECONDARY_W0_2018_2020,S0->S1,raw_episode_id plus within-episode trade ordinal,646,0,S0_000175,S1_000184,2019-12-10T03:15:00,2019-12-10T03:15:00,2019-12-10T04:45:00,2019-12-10T04:45:00,timeout,timeout,-0.2555555555556769,-0.2555555555556769,False,False,False
SECONDARY_W0_2018_2020,S0->S1,raw_episode_id plus within-episode trade ordinal,649,0,S0_000176,S1_000185,2019-12-11T01:02:00,2019-12-11T01:02:00,2019-12-11T01:22:00,2019-12-11T01:22:00,stop_loss,stop_loss,-1.0999999999998586,-1.0555555555554548,False,False,False
SECONDARY_W0_2018_2020,S0->S1,raw_episode_id plus within-episode trade ordinal,661,0,S0_000177,S1_000186,2019-12-11T03:22:00,2019-12-11T03:22:00,2019-12-11T04:52:00,2019-12-11T04:09:00,timeout,stop_loss,-0.34444444444448497,-1.0555555555554548,False,True,False
SECONDARY_W0_2018_2020,S0->S1,raw_episode_id plus within-episode trade ordinal,663,0,S0_000178,S1_000187,2019-12-12T04:00:00,2019-12-12T04:00:00,2019-12-12T05:30:00,2019-12-12T05:30:00,timeout,timeout,0.7222222222222222,0.7222222222222222,False,False,False
SECONDARY_W0_2018_2020,S0->S1,raw_episode_id plus within-episode trade ordinal,674,0,S0_000179,S1_000188,2019-12-16T03:33:00,2019-12-16T03:33:00,2019-12-16T04:31:00,2019-12-16T04:30:00,take_profit,take_profit,1.3555555555557375,1.277777777777778,False,True,False
SECONDARY_W0_2018_2020,S0->S1,raw_episode_id plus within-episode trade ordinal,680,0,S0_000180,S1_000189,2019-12-16T04:51:00,2019-12-16T04:51:00,2019-12-16T05:31:00,2019-12-16T05:31:00,stop_loss,stop_loss,-1.0555555555557072,-1.0555555555554548,False,False,False
SECONDARY_W0_2018_2020,S0->S1,raw_episode_id plus within-episode trade ordinal,689,0,S0_000181,S1_000190,2019-12-17T03:01:00,2019-12-17T03:01:00,2019-12-17T03:31:00,2019-12-17T03:31:00,stop_loss,stop_loss,-1.2222222222222225,-1.0555555555554548,False,False,False
SECONDARY_W0_2018_2020,S0->S1,raw_episode_id plus within-episode trade ordinal,689,1,S0_000182,S1_000191,2019-12-17T03:37:00,2019-12-17T03:37:00,2019-12-17T05:07:00,2019-12-17T05:07:00,timeout,timeout,0.6222222222223132,0.6222222222223132,False,False,False
SECONDARY_W0_2018_2020,S0->S1,raw_episode_id plus within-episode trade ordinal,709,0,S0_000183,S1_000192,2019-12-18T02:10:00,2019-12-18T02:10:00,2019-12-18T03:40:00,2019-12-18T03:40:00,timeout,timeout,-0.16666666666686883,-0.16666666666686883,False,False,False
SECONDARY_W0_2018_2020,S0->S1,raw_episode_id plus within-episode trade ordinal,717,0,S0_000184,S1_000193,2019-12-18T03:42:00,2019-12-18T03:42:00,2019-12-18T05:12:00,2019-12-18T05:12:00,timeout,timeout,0.17777777777776765,0.17777777777776765,False,False,False
SECONDARY_W0_2018_2020,S0->S1,raw_episode_id plus within-episode trade ordinal,725,0,S0_000185,S1_000194,2019-12-18T08:01:00,2019-12-18T08:01:00,2019-12-18T09:31:00,2019-12-18T09:31:00,timeout,timeout,-0.1666666666666162,-0.1666666666666162,False,False,False
SECONDARY_W0_2018_2020,S0->S1,raw_episode_id plus within-episode trade ordinal,732,0,S0_000186,S1_000195,2019-12-19T04:05:00,2019-12-19T04:05:00,2019-12-19T05:35:00,2019-12-19T05:35:00,timeout,timeout,-0.2777777777778789,-0.2777777777778789,False,False,False
SECONDARY_W0_2018_2020,S0->S1,raw_episode_id plus within-episode trade ordinal,739,0,S0_000187,S1_000196,2019-12-20T04:04:00,2019-12-20T04:04:00,2019-12-20T05:34:00,2019-12-20T05:34:00,timeout,timeout,-0.9111111111111416,-0.9111111111111416,False,False,False
SECONDARY_W0_2018_2020,S0->S1,raw_episode_id plus within-episode trade ordinal,752,0,S0_000188,S1_000197,2019-12-20T08:00:00,2019-12-20T08:00:00,2019-12-20T09:30:00,2019-12-20T09:30:00,timeout,timeout,-0.6000000000000608,-0.6000000000000608,False,False,False
SECONDARY_W0_2018_2020,S0->S1,raw_episode_id plus within-episode trade ordinal,757,0,S0_000189,S1_000198,2019-12-23T03:25:00,2019-12-23T03:25:00,2019-12-23T03:35:00,2019-12-23T03:35:00,stop_loss,stop_loss,-1.1444444444445154,-1.0555555555554548,False,False,False
SECONDARY_W0_2018_2020,S0->S1,raw_episode_id plus within-episode trade ordinal,771,0,S0_000190,S1_000199,2019-12-23T08:09:00,2019-12-23T08:09:00,2019-12-23T08:32:00,2019-12-23T08:32:00,take_profit,take_profit,1.4888888888889495,1.277777777777778,False,False,False
SECONDARY_W0_2018_2020,S0->S1,raw_episode_id plus within-episode trade ordinal,772,0,S0_000191,S1_000200,2019-12-24T03:03:00,2019-12-24T03:03:00,2019-12-24T03:45:00,2019-12-24T03:43:00,take_profit,take_profit,1.4888888888889495,1.277777777777778,False,True,False
SECONDARY_W0_2018_2020,S0->S1,raw_episode_id plus within-episode trade ordinal,774,0,S0_000192,S1_000201,2019-12-24T04:18:00,2019-12-24T04:18:00,2019-12-24T05:48:00,2019-12-24T05:48:00,timeout,timeout,0.22222222222217167,0.22222222222217167,False,False,False
SECONDARY_W0_2018_2020,S0->S1,raw_episode_id plus within-episode trade ordinal,785,0,S0_000193,S1_000202,2020-10-14T04:34:00,2020-10-14T04:34:00,2020-10-14T04:48:00,2020-10-14T04:42:00,take_profit,take_profit,0.7690246516612324,0.5897642015005501,False,True,False
SECONDARY_W0_2018_2020,S1->S2,raw_episode_id plus within-episode trade ordinal,0,0,S1_000000,S2_000000,2018-03-14T04:45:00,2018-03-14T04:45:00,2018-03-14T05:21:00,2018-03-14T05:21:00,stop_loss,stop_loss,-1.0555555555554548,-1.0555555555554548,False,False,False
SECONDARY_W0_2018_2020,S1->S2,raw_episode_id plus within-episode trade ordinal,1,0,S1_000001,S2_000001,2018-03-20T04:57:00,2018-03-20T04:57:00,2018-03-20T06:27:00,2018-03-20T06:27:00,timeout,timeout,-0.6666666666666669,-0.6666666666666669,False,False,False
SECONDARY_W0_2018_2020,S1->S2,raw_episode_id plus within-episode trade ordinal,2,0,S1_000002,S2_000002,2018-04-27T04:16:00,2018-04-27T04:16:00,2018-04-27T04:57:00,2018-04-27T04:57:00,take_profit,take_profit,1.277777777777778,1.277777777777778,False,False,False
SECONDARY_W0_2018_2020,S1->S2,raw_episode_id plus within-episode trade ordinal,4,0,S1_000003,S2_000003,2018-05-07T03:01:00,2018-05-07T03:01:00,2018-05-07T03:10:00,2018-05-07T03:10:00,take_profit,take_profit,1.277777777777778,1.277777777777778,False,False,False
SECONDARY_W0_2018_2020,S1->S2,raw_episode_id plus within-episode trade ordinal,5,0,S1_000004,S2_000004,2018-05-07T04:10:00,2018-05-07T04:10:00,2018-05-07T05:02:00,2018-05-07T05:02:00,stop_loss,stop_loss,-1.0555555555554548,-1.0555555555554548,False,False,False
SECONDARY_W0_2018_2020,S1->S2,raw_episode_id plus within-episode trade ordinal,8,0,S1_000005,S2_000005,2018-05-08T04:03:00,2018-05-08T04:03:00,2018-05-08T04:30:00,2018-05-08T04:30:00,stop_loss,stop_loss,-1.0555555555554548,-1.0555555555554548,False,False,False
SECONDARY_W0_2018_2020,S1->S2,raw_episode_id plus within-episode trade ordinal,12,0,S1_000006,S2_000006,2018-05-09T03:24:00,2018-05-09T03:24:00,2018-05-09T03:25:00,2018-05-09T03:25:00,stop_loss,stop_loss,-1.0555555555554548,-1.0555555555554548,False,False,False
SECONDARY_W0_2018_2020,S1->S2,raw_episode_id plus within-episode trade ordinal,13,0,S1_000007,S2_000007,2018-05-10T01:37:00,2018-05-10T01:37:00,2018-05-10T02:50:00,2018-05-10T02:50:00,stop_loss,stop_loss,-1.0555555555554548,-1.0555555555554548,False,False,False
SECONDARY_W0_2018_2020,S1->S2,raw_episode_id plus within-episode trade ordinal,20,0,S1_000008,S2_000008,2018-05-14T03:11:00,2018-05-14T03:11:00,2018-05-14T03:42:00,2018-05-14T03:42:00,take_profit,take_profit,1.277777777777778,1.277777777777778,False,False,False
SECONDARY_W0_2018_2020,S1->S2,raw_episode_id plus within-episode trade ordinal,22,0,S1_000009,S2_000009,2018-05-14T04:03:00,2018-05-14T04:03:00,2018-05-14T04:16:00,2018-05-14T04:16:00,stop_loss,stop_loss,-1.0555555555554548,-1.0555555555554548,False,False,False
SECONDARY_W0_2018_2020,S1->S2,raw_episode_id plus within-episode trade ordinal,22,1,S1_000010,S2_000010,2018-05-14T04:25:00,2018-05-14T04:17:00,2018-05-14T04:53:00,2018-05-14T05:06:00,stop_loss,stop_loss,-1.0555555555554548,-1.0555555555554548,True,True,False
SECONDARY_W0_2018_2020,S1->S2,raw_episode_id plus within-episode trade ordinal,23,0,S1_000011,,2018-05-14T04:55:00,,2018-05-14T05:09:00,,stop_loss,,-1.0555555555554548,,False,False,False
SECONDARY_W0_2018_2020,S1->S2,raw_episode_id plus within-episode trade ordinal,31,0,S1_000012,S2_000011,2018-05-18T04:07:00,2018-05-18T04:07:00,2018-05-18T04:21:00,2018-05-18T04:21:00,stop_loss,stop_loss,-1.0555555555554548,-1.0555555555554548,False,False,False
SECONDARY_W0_2018_2020,S1->S2,raw_episode_id plus within-episode trade ordinal,36,0,S1_000013,S2_000012,2018-05-21T04:02:00,2018-05-21T04:02:00,2018-05-21T04:10:00,2018-05-21T04:10:00,stop_loss,stop_loss,-1.0555555555554548,-1.0555555555554548,False,False,False
SECONDARY_W0_2018_2020,S1->S2,raw_episode_id plus within-episode trade ordinal,43,0,S1_000014,S2_000013,2018-05-23T01:01:00,2018-05-23T01:01:00,2018-05-23T02:12:00,2018-05-23T02:12:00,take_profit,take_profit,1.277777777777778,1.277777777777778,False,False,False
SECONDARY_W0_2018_2020,S1->S2,raw_episode_id plus within-episode trade ordinal,45,0,S1_000015,S2_000014,2018-05-23T03:02:00,2018-05-23T03:02:00,2018-05-23T03:08:00,2018-05-23T03:08:00,take_profit,take_profit,1.277777777777778,1.277777777777778,False,False,False
SECONDARY_W0_2018_2020,S1->S2,raw_episode_id plus within-episode trade ordinal,46,0,S1_000016,S2_000015,2018-05-23T03:49:00,2018-05-23T03:49:00,2018-05-23T04:36:00,2018-05-23T04:36:00,stop_loss,stop_loss,-1.0555555555554548,-1.0555555555554548,False,False,False
SECONDARY_W0_2018_2020,S1->S2,raw_episode_id plus within-episode trade ordinal,54,0,S1_000017,S2_000016,2018-05-28T03:21:00,2018-05-28T03:21:00,2018-05-28T04:10:00,2018-05-28T04:10:00,stop_loss,stop_loss,-1.0555555555554548,-1.0555555555554548,False,False,False
SECONDARY_W0_2018_2020,S1->S2,raw_episode_id plus within-episode trade ordinal,58,0,S1_000018,S2_000017,2018-05-28T04:26:00,2018-05-28T04:26:00,2018-05-28T05:56:00,2018-05-28T05:56:00,timeout,timeout,-0.511111111111,-0.511111111111,False,False,False
SECONDARY_W0_2018_2020,S1->S2,raw_episode_id plus within-episode trade ordinal,60,0,S1_000019,S2_000018,2018-05-31T01:06:00,2018-05-31T01:06:00,2018-05-31T02:36:00,2018-05-31T02:36:00,timeout,timeout,0.34444444444453537,0.34444444444453537,False,False,False
SECONDARY_W0_2018_2020,S1->S2,raw_episode_id plus within-episode trade ordinal,64,0,S1_000020,S2_000019,2018-05-31T04:15:00,2018-05-31T04:15:00,2018-05-31T04:30:00,2018-05-31T04:30:00,stop_loss,stop_loss,-1.0555555555554548,-1.0555555555554548,False,False,False
SECONDARY_W0_2018_2020,S1->S2,raw_episode_id plus within-episode trade ordinal,67,0,S1_000021,S2_000020,2018-06-04T03:02:00,2018-06-04T03:02:00,2018-06-04T04:32:00,2018-06-04T04:32:00,timeout,timeout,0.46666666666664647,0.46666666666664647,False,False,False
SECONDARY_W0_2018_2020,S1->S2,raw_episode_id plus within-episode trade ordinal,73,0,,S2_000021,,2018-06-04T04:33:00,,2018-06-04T05:09:00,,stop_loss,,-1.0555555555554548,False,False,False
SECONDARY_W0_2018_2020,S1->S2,raw_episode_id plus within-episode trade ordinal,74,0,S1_000022,S2_000022,2018-06-05T02:44:00,2018-06-05T02:44:00,2018-06-05T03:50:00,2018-06-05T03:50:00,stop_loss,stop_loss,-1.0555555555554548,-1.0555555555554548,False,False,False
SECONDARY_W0_2018_2020,S1->S2,raw_episode_id plus within-episode trade ordinal,77,0,S1_000023,S2_000023,2018-06-05T03:58:00,2018-06-05T03:51:00,2018-06-05T05:28:00,2018-06-05T04:54:00,timeout,take_profit,0.4222222222222424,1.277777777777778,True,True,False
SECONDARY_W0_2018_2020,S1->S2,raw_episode_id plus within-episode trade ordinal,82,0,S1_000024,S2_000024,2018-06-06T04:15:00,2018-06-06T04:15:00,2018-06-06T05:45:00,2018-06-06T05:45:00,timeout,timeout,-0.5555555555556567,-0.5555555555556567,False,False,False
SECONDARY_W0_2018_2020,S1->S2,raw_episode_id plus within-episode trade ordinal,85,0,S1_000025,S2_000025,2018-06-07T04:07:00,2018-06-07T04:07:00,2018-06-07T04:27:00,2018-06-07T04:27:00,take_profit,take_profit,1.277777777777778,1.277777777777778,False,False,False
SECONDARY_W0_2018_2020,S1->S2,raw_episode_id plus within-episode trade ordinal,87,0,S1_000026,S2_000026,2018-06-07T04:42:00,2018-06-07T04:42:00,2018-06-07T06:12:00,2018-06-07T06:12:00,timeout,timeout,-0.36666666666668696,-0.36666666666668696,False,False,False
SECONDARY_W0_2018_2020,S1->S2,raw_episode_id plus within-episode trade ordinal,91,0,S1_000027,S2_000027,2018-06-08T03:44:00,2018-06-08T03:44:00,2018-06-08T04:15:00,2018-06-08T04:15:00,stop_loss,stop_loss,-1.0555555555554548,-1.0555555555554548,False,False,False
SECONDARY_W0_2018_2020,S1->S2,raw_episode_id plus within-episode trade ordinal,93,0,S1_000028,S2_000028,2018-06-08T04:17:00,2018-06-08T04:17:00,2018-06-08T05:47:00,2018-06-08T05:47:00,timeout,timeout,-0.11111111111111116,-0.11111111111111116,False,False,False
SECONDARY_W0_2018_2020,S1->S2,raw_episode_id plus within-episode trade ordinal,97,0,S1_000029,S2_000029,2018-06-08T08:04:00,2018-06-08T08:04:00,2018-06-08T08:25:00,2018-06-08T08:25:00,stop_loss,stop_loss,-1.0555555555554548,-1.0555555555554548,False,False,False
SECONDARY_W0_2018_2020,S1->S2,raw_episode_id plus within-episode trade ordinal,99,0,S1_000030,S2_000030,2018-06-11T03:24:00,2018-06-11T03:24:00,2018-06-11T04:31:00,2018-06-11T04:31:00,take_profit,take_profit,1.277777777777778,1.277777777777778,False,False,False
SECONDARY_W0_2018_2020,S1->S2,raw_episode_id plus within-episode trade ordinal,104,0,S1_000031,S2_000031,2018-06-12T02:04:00,2018-06-12T02:04:00,2018-06-12T02:12:00,2018-06-12T02:12:00,stop_loss,stop_loss,-1.0555555555554548,-1.0555555555554548,False,False,False
SECONDARY_W0_2018_2020,S1->S2,raw_episode_id plus within-episode trade ordinal,108,0,S1_000032,S2_000032,2018-06-12T03:01:00,2018-06-12T03:01:00,2018-06-12T03:12:00,2018-06-12T03:12:00,stop_loss,stop_loss,-1.0555555555554548,-1.0555555555554548,False,False,False
SECONDARY_W0_2018_2020,S1->S2,raw_episode_id plus within-episode trade ordinal,110,0,S1_000033,S2_000033,2018-06-13T03:01:00,2018-06-13T03:01:00,2018-06-13T03:54:00,2018-06-13T03:54:00,stop_loss,stop_loss,-1.0555555555554548,-1.0555555555554548,False,False,False
SECONDARY_W0_2018_2020,S1->S2,raw_episode_id plus within-episode trade ordinal,113,0,S1_000034,S2_000034,2018-06-14T03:45:00,2018-06-14T03:45:00,2018-06-14T04:19:00,2018-06-14T04:19:00,stop_loss,stop_loss,-1.0555555555554548,-1.0555555555554548,False,False,False
SECONDARY_W0_2018_2020,S1->S2,raw_episode_id plus within-episode trade ordinal,117,0,S1_000035,S2_000035,2018-06-20T03:01:00,2018-06-20T03:01:00,2018-06-20T03:06:00,2018-06-20T03:06:00,stop_loss,stop_loss,-1.0555555555554548,-1.0555555555554548,False,False,False
SECONDARY_W0_2018_2020,S1->S2,raw_episode_id plus within-episode trade ordinal,121,0,S1_000036,S2_000036,2018-06-26T03:01:00,2018-06-26T03:01:00,2018-06-26T04:31:00,2018-06-26T04:31:00,timeout,timeout,0.17777777777776765,0.17777777777776765,False,False,False
SECONDARY_W0_2018_2020,S1->S2,raw_episode_id plus within-episode trade ordinal,125,0,S1_000037,S2_000037,2018-06-26T04:38:00,2018-06-26T04:38:00,2018-06-26T04:45:00,2018-06-26T04:45:00,stop_loss,stop_loss,-1.0555555555554548,-1.0555555555554548,False,False,False
SECONDARY_W0_2018_2020,S1->S2,raw_episode_id plus within-episode trade ordinal,126,0,S1_000038,S2_000038,2018-06-26T04:50:00,2018-06-26T04:46:00,2018-06-26T04:54:00,2018-06-26T04:58:00,stop_loss,stop_loss,-1.0555555555554548,-1.0555555555554548,True,True,False
SECONDARY_W0_2018_2020,S1->S2,raw_episode_id plus within-episode trade ordinal,126,1,S1_000039,S2_000039,2018-06-26T04:57:00,2018-06-26T04:59:00,2018-06-26T05:01:00,2018-06-26T05:34:00,stop_loss,stop_loss,-1.0555555555554548,-1.0555555555554548,True,True,False
SECONDARY_W0_2018_2020,S1->S2,raw_episode_id plus within-episode trade ordinal,127,0,S1_000040,S2_000040,2018-06-27T03:05:00,2018-06-27T03:05:00,2018-06-27T04:00:00,2018-06-27T04:00:00,take_profit,take_profit,1.277777777777778,1.277777777777778,False,False,False
SECONDARY_W0_2018_2020,S1->S2,raw_episode_id plus within-episode trade ordinal,131,0,S1_000041,S2_000041,2018-06-27T04:54:00,2018-06-27T04:54:00,2018-06-27T05:03:00,2018-06-27T05:03:00,stop_loss,stop_loss,-1.048422800221342,-1.048422800221342,False,False,False
SECONDARY_W0_2018_2020,S1->S2,raw_episode_id plus within-episode trade ordinal,134,0,S1_000042,S2_000042,2018-06-29T04:20:00,2018-06-29T04:20:00,2018-06-29T04:25:00,2018-06-29T04:25:00,stop_loss,stop_loss,-1.0555555555554548,-1.0555555555554548,False,False,False
SECONDARY_W0_2018_2020,S1->S2,raw_episode_id plus within-episode trade ordinal,135,0,S1_000043,S2_000043,2018-07-03T03:15:00,2018-07-03T03:15:00,2018-07-03T04:04:00,2018-07-03T04:04:00,stop_loss,stop_loss,-1.0555555555554548,-1.0555555555554548,False,False,False
SECONDARY_W0_2018_2020,S1->S2,raw_episode_id plus within-episode trade ordinal,143,0,S1_000044,S2_000044,2018-07-09T04:16:00,2018-07-09T04:16:00,2018-07-09T04:52:00,2018-07-09T04:52:00,take_profit,take_profit,1.277777777777778,1.277777777777778,False,False,False
SECONDARY_W0_2018_2020,S1->S2,raw_episode_id plus within-episode trade ordinal,144,0,S1_000045,S2_000045,2018-07-10T03:37:00,2018-07-10T03:37:00,2018-07-10T04:10:00,2018-07-10T04:10:00,take_profit,take_profit,1.277777777777778,1.277777777777778,False,False,False
SECONDARY_W0_2018_2020,S1->S2,raw_episode_id plus within-episode trade ordinal,146,0,S1_000046,S2_000046,2018-07-16T02:49:00,2018-07-16T02:49:00,2018-07-16T03:42:00,2018-07-16T03:42:00,take_profit,take_profit,1.277777777777778,1.277777777777778,False,False,False
SECONDARY_W0_2018_2020,S1->S2,raw_episode_id plus within-episode trade ordinal,150,0,S1_000047,S2_000047,2018-07-17T02:41:00,2018-07-17T02:41:00,2018-07-17T03:33:00,2018-07-17T03:33:00,stop_loss,stop_loss,-1.0555555555554548,-1.0555555555554548,False,False,False
SECONDARY_W0_2018_2020,S1->S2,raw_episode_id plus within-episode trade ordinal,152,0,S1_000048,S2_000048,2018-07-17T03:36:00,2018-07-17T03:34:00,2018-07-17T03:57:00,2018-07-17T03:57:00,stop_loss,stop_loss,-1.0555555555554548,-1.0555555555554548,True,False,False
SECONDARY_W0_2018_2020,S1->S2,raw_episode_id plus within-episode trade ordinal,152,1,S1_000049,S2_000049,2018-07-17T04:01:00,2018-07-17T03:58:00,2018-07-17T04:06:00,2018-07-17T04:18:00,stop_loss,stop_loss,-1.0555555555554548,-1.0555555555554548,True,True,False
SECONDARY_W0_2018_2020,S1->S2,raw_episode_id plus within-episode trade ordinal,156,0,S1_000050,S2_000050,2018-07-18T02:17:00,2018-07-18T02:17:00,2018-07-18T02:51:00,2018-07-18T02:51:00,stop_loss,stop_loss,-1.0555555555554548,-1.0555555555554548,False,False,False
SECONDARY_W0_2018_2020,S1->S2,raw_episode_id plus within-episode trade ordinal,160,0,S1_000051,S2_000051,2018-07-19T01:28:00,2018-07-19T01:28:00,2018-07-19T01:58:00,2018-07-19T01:58:00,stop_loss,stop_loss,-1.0555555555554548,-1.0555555555554548,False,False,False
SECONDARY_W0_2018_2020,S1->S2,raw_episode_id plus within-episode trade ordinal,166,0,S1_000052,S2_000052,2018-07-24T02:25:00,2018-07-24T02:25:00,2018-07-24T03:31:00,2018-07-24T03:31:00,stop_loss,stop_loss,-1.0555555555554548,-1.0555555555554548,False,False,False
SECONDARY_W0_2018_2020,S1->S2,raw_episode_id plus within-episode trade ordinal,174,0,S1_000053,S2_000053,2018-07-30T02:38:00,2018-07-30T02:38:00,2018-07-30T02:52:00,2018-07-30T02:52:00,stop_loss,stop_loss,-1.0555555555554548,-1.0555555555554548,False,False,False
SECONDARY_W0_2018_2020,S1->S2,raw_episode_id plus within-episode trade ordinal,179,0,S1_000054,S2_000054,2018-07-30T04:53:00,2018-07-30T04:53:00,2018-07-30T05:28:00,2018-07-30T05:28:00,stop_loss,stop_loss,-1.0555555555554548,-1.0555555555554548,False,False,False
SECONDARY_W0_2018_2020,S1->S2,raw_episode_id plus within-episode trade ordinal,181,0,S1_000055,S2_000055,2018-08-07T03:35:00,2018-08-07T03:35:00,2018-08-07T04:00:00,2018-08-07T04:00:00,take_profit,take_profit,1.277777777777778,1.277777777777778,False,False,False
SECONDARY_W0_2018_2020,S1->S2,raw_episode_id plus within-episode trade ordinal,183,0,S1_000056,S2_000056,2018-08-07T04:36:00,2018-08-07T04:36:00,2018-08-07T04:50:00,2018-08-07T04:50:00,stop_loss,stop_loss,-1.0555555555554548,-1.0555555555554548,False,False,False
SECONDARY_W0_2018_2020,S1->S2,raw_episode_id plus within-episode trade ordinal,186,0,S1_000057,S2_000057,2018-08-07T04:52:00,2018-08-07T04:52:00,2018-08-07T04:57:00,2018-08-07T04:57:00,stop_loss,stop_loss,-1.0555555555554548,-1.0555555555554548,False,False,False
SECONDARY_W0_2018_2020,S1->S2,raw_episode_id plus within-episode trade ordinal,186,1,S1_000058,S2_000058,2018-08-07T04:59:00,2018-08-07T04:59:00,2018-08-07T05:49:00,2018-08-07T05:49:00,take_profit,take_profit,1.277777777777778,1.277777777777778,False,False,False
SECONDARY_W0_2018_2020,S1->S2,raw_episode_id plus within-episode trade ordinal,187,0,S1_000059,S2_000059,2018-08-08T03:02:00,2018-08-08T03:02:00,2018-08-08T03:14:00,2018-08-08T03:14:00,stop_loss,stop_loss,-1.0555555555554548,-1.0555555555554548,False,False,False
SECONDARY_W0_2018_2020,S1->S2,raw_episode_id plus within-episode trade ordinal,188,0,S1_000060,S2_000060,2018-08-08T04:01:00,2018-08-08T04:01:00,2018-08-08T04:32:00,2018-08-08T04:32:00,take_profit,take_profit,1.277777777777778,1.277777777777778,False,False,False
SECONDARY_W0_2018_2020,S1->S2,raw_episode_id plus within-episode trade ordinal,191,0,S1_000061,S2_000061,2018-08-09T03:02:00,2018-08-09T03:02:00,2018-08-09T04:32:00,2018-08-09T04:32:00,timeout,timeout,-0.5888888888887072,-0.5888888888887072,False,False,False
SECONDARY_W0_2018_2020,S1->S2,raw_episode_id plus within-episode trade ordinal,194,0,S1_000062,S2_000062,2018-08-13T04:01:00,2018-08-13T04:01:00,2018-08-13T04:06:00,2018-08-13T04:06:00,stop_loss,stop_loss,-1.0555555555554548,-1.0555555555554548,False,False,False
SECONDARY_W0_2018_2020,S1->S2,raw_episode_id plus within-episode trade ordinal,194,1,,S2_000063,,2018-08-13T04:07:00,,2018-08-13T04:09:00,,stop_loss,,-1.0555555555554548,False,False,False
SECONDARY_W0_2018_2020,S1->S2,raw_episode_id plus within-episode trade ordinal,195,0,S1_000063,,2018-08-13T04:12:00,,2018-08-13T04:32:00,,stop_loss,,-1.048855388051461,,False,False,False
SECONDARY_W0_2018_2020,S1->S2,raw_episode_id plus within-episode trade ordinal,199,0,S1_000064,S2_000064,2018-08-14T03:02:00,2018-08-14T03:02:00,2018-08-14T04:02:00,2018-08-14T04:02:00,take_profit,take_profit,1.277777777777778,1.277777777777778,False,False,False
SECONDARY_W0_2018_2020,S1->S2,raw_episode_id plus within-episode trade ordinal,201,0,S1_000065,S2_000065,2018-08-14T04:25:00,2018-08-14T04:25:00,2018-08-14T04:43:00,2018-08-14T04:43:00,take_profit,take_profit,1.277777777777778,1.277777777777778,False,False,False
SECONDARY_W0_2018_2020,S1->S2,raw_episode_id plus within-episode trade ordinal,203,0,S1_000066,S2_000066,2018-08-15T02:14:00,2018-08-15T02:14:00,2018-08-15T02:53:00,2018-08-15T02:53:00,stop_loss,stop_loss,-1.0555555555554548,-1.0555555555554548,False,False,False
SECONDARY_W0_2018_2020,S1->S2,raw_episode_id plus within-episode trade ordinal,204,0,S1_000067,S2_000067,2018-08-15T02:57:00,2018-08-15T02:57:00,2018-08-15T03:23:00,2018-08-15T03:23:00,stop_loss,stop_loss,-1.0555555555554548,-1.0555555555554548,False,False,False
SECONDARY_W0_2018_2020,S1->S2,raw_episode_id plus within-episode trade ordinal,204,1,S1_000068,S2_000068,2018-08-15T03:24:00,2018-08-15T03:24:00,2018-08-15T03:26:00,2018-08-15T03:26:00,stop_loss,stop_loss,-1.0555555555554548,-1.0555555555554548,False,False,False
SECONDARY_W0_2018_2020,S1->S2,raw_episode_id plus within-episode trade ordinal,209,0,S1_000069,S2_000069,2018-08-16T03:50:00,2018-08-16T03:50:00,2018-08-16T03:52:00,2018-08-16T03:52:00,take_profit,take_profit,0.5454574659470125,0.5454574659470125,False,False,False
SECONDARY_W0_2018_2020,S1->S2,raw_episode_id plus within-episode trade ordinal,209,1,S1_000070,S2_000070,2018-08-16T03:55:00,2018-08-16T03:55:00,2018-08-16T04:02:00,2018-08-16T04:02:00,take_profit,take_profit,0.5764030902067732,0.5764030902067732,False,False,False
SECONDARY_W0_2018_2020,S1->S2,raw_episode_id plus within-episode trade ordinal,210,0,S1_000071,S2_000071,2018-09-05T02:05:00,2018-09-05T02:05:00,2018-09-05T03:13:00,2018-09-05T03:13:00,stop_loss,stop_loss,-1.0555555555554548,-1.0555555555554548,False,False,False
SECONDARY_W0_2018_2020,S1->S2,raw_episode_id plus within-episode trade ordinal,219,0,S1_000072,S2_000072,2018-09-05T03:14:00,2018-09-05T03:14:00,2018-09-05T04:19:00,2018-09-05T04:19:00,take_profit,take_profit,1.277777777777778,1.277777777777778,False,False,False
SECONDARY_W0_2018_2020,S1->S2,raw_episode_id plus within-episode trade ordinal,221,0,S1_000073,S2_000073,2018-09-10T03:26:00,2018-09-10T03:26:00,2018-09-10T03:27:00,2018-09-10T03:27:00,stop_loss,stop_loss,-1.0555555555554548,-1.0555555555554548,False,False,False
SECONDARY_W0_2018_2020,S1->S2,raw_episode_id plus within-episode trade ordinal,221,1,,S2_000074,,2018-09-10T03:28:00,,2018-09-10T04:01:00,,take_profit,,1.277777777777778,False,False,False
SECONDARY_W0_2018_2020,S1->S2,raw_episode_id plus within-episode trade ordinal,222,0,S1_000074,S2_000075,2018-09-11T04:04:00,2018-09-11T04:04:00,2018-09-11T04:42:00,2018-09-11T04:42:00,stop_loss,stop_loss,-1.0555555555554548,-1.0555555555554548,False,False,False
SECONDARY_W0_2018_2020,S1->S2,raw_episode_id plus within-episode trade ordinal,230,0,S1_000075,S2_000076,2018-09-11T04:48:00,2018-09-11T04:48:00,2018-09-11T05:41:00,2018-09-11T05:41:00,stop_loss,stop_loss,-1.0555555555554548,-1.0555555555554548,False,False,False
SECONDARY_W0_2018_2020,S1->S2,raw_episode_id plus within-episode trade ordinal,231,0,S1_000076,S2_000077,2018-09-17T02:21:00,2018-09-17T02:21:00,2018-09-17T02:28:00,2018-09-17T02:28:00,stop_loss,stop_loss,-1.0555555555554548,-1.0555555555554548,False,False,False
SECONDARY_W0_2018_2020,S1->S2,raw_episode_id plus within-episode trade ordinal,240,0,S1_000077,S2_000078,2018-09-17T04:30:00,2018-09-17T04:30:00,2018-09-17T05:01:00,2018-09-17T05:01:00,stop_loss,stop_loss,-1.0555555555554548,-1.0555555555554548,False,False,False
SECONDARY_W0_2018_2020,S1->S2,raw_episode_id plus within-episode trade ordinal,242,0,S1_000078,S2_000079,2018-09-19T01:03:00,2018-09-19T01:03:00,2018-09-19T01:38:00,2018-09-19T01:38:00,take_profit,take_profit,1.277777777777778,1.277777777777778,False,False,False
SECONDARY_W0_2018_2020,S1->S2,raw_episode_id plus within-episode trade ordinal,243,0,S1_000079,S2_000080,2018-09-19T04:01:00,2018-09-19T04:01:00,2018-09-19T05:31:00,2018-09-19T05:31:00,timeout,timeout,0.933333333333394,0.933333333333394,False,False,False
SECONDARY_W0_2018_2020,S1->S2,raw_episode_id plus within-episode trade ordinal,247,0,S1_000080,S2_000081,2018-09-24T02:01:00,2018-09-24T02:01:00,2018-09-24T02:16:00,2018-09-24T02:16:00,stop_loss,stop_loss,-1.0555555555554548,-1.0555555555554548,False,False,False
SECONDARY_W0_2018_2020,S1->S2,raw_episode_id plus within-episode trade ordinal,249,0,,S2_000082,,2018-09-24T02:17:00,,2018-09-24T03:27:00,,stop_loss,,-1.0555555555554548,False,False,False
SECONDARY_W0_2018_2020,S1->S2,raw_episode_id plus within-episode trade ordinal,251,0,S1_000081,,2018-09-24T02:41:00,,2018-09-24T03:18:00,,stop_loss,,-1.0555555555554548,,False,False,False
SECONDARY_W0_2018_2020,S1->S2,raw_episode_id plus within-episode trade ordinal,252,0,S1_000082,S2_000083,2018-09-24T03:20:00,2018-09-24T03:29:00,2018-09-24T03:24:00,2018-09-24T03:38:00,stop_loss,stop_loss,-1.0555555555554548,-1.0555555555554548,True,True,False
SECONDARY_W0_2018_2020,S1->S2,raw_episode_id plus within-episode trade ordinal,253,0,S1_000083,S2_000084,2018-09-25T03:16:00,2018-09-25T03:16:00,2018-09-25T03:32:00,2018-09-25T03:32:00,stop_loss,stop_loss,-1.0555555555554548,-1.0555555555554548,False,False,False
SECONDARY_W0_2018_2020,S1->S2,raw_episode_id plus within-episode trade ordinal,258,0,S1_000084,S2_000085,2018-09-26T03:28:00,2018-09-26T03:28:00,2018-09-26T03:36:00,2018-09-26T03:36:00,stop_loss,stop_loss,-1.0555555555554548,-1.0555555555554548,False,False,False
SECONDARY_W0_2018_2020,S1->S2,raw_episode_id plus within-episode trade ordinal,264,0,S1_000085,S2_000086,2018-10-02T01:04:00,2018-10-02T01:04:00,2018-10-02T02:53:00,2018-10-02T02:53:00,timeout,timeout,-0.19999999999991921,-0.19999999999991921,False,False,False
SECONDARY_W0_2018_2020,S1->S2,raw_episode_id plus within-episode trade ordinal,266,0,S1_000086,S2_000087,2018-10-04T03:02:00,2018-10-04T03:02:00,2018-10-04T04:32:00,2018-10-04T04:32:00,timeout,timeout,-0.055555555555353485,-0.055555555555353485,False,False,False
SECONDARY_W0_2018_2020,S1->S2,raw_episode_id plus within-episode trade ordinal,267,0,S1_000087,S2_000088,2018-10-10T01:55:00,2018-10-10T01:55:00,2018-10-10T03:32:00,2018-10-10T03:32:00,timeout,timeout,0.2111111111113233,0.2111111111113233,False,False,False
SECONDARY_W0_2018_2020,S1->S2,raw_episode_id plus within-episode trade ordinal,268,0,S1_000088,S2_000089,2018-11-09T04:53:00,2018-11-09T04:53:00,2018-11-09T05:37:00,2018-11-09T05:37:00,stop_loss,stop_loss,-1.0555555555554548,-1.0555555555554548,False,False,False
SECONDARY_W0_2018_2020,S1->S2,raw_episode_id plus within-episode trade ordinal,269,0,S1_000089,S2_000090,2018-11-12T03:13:00,2018-11-12T03:13:00,2018-11-12T03:44:00,2018-11-12T03:44:00,take_profit,take_profit,1.277777777777778,1.277777777777778,False,False,False
SECONDARY_W0_2018_2020,S1->S2,raw_episode_id plus within-episode trade ordinal,271,0,S1_000090,S2_000091,2018-11-12T04:16:00,2018-11-12T04:16:00,2018-11-12T04:26:00,2018-11-12T04:26:00,stop_loss,stop_loss,-1.0555555555554548,-1.0555555555554548,False,False,False
SECONDARY_W0_2018_2020,S1->S2,raw_episode_id plus within-episode trade ordinal,272,0,,S2_000092,,2018-11-12T04:27:00,,2018-11-12T05:57:00,,timeout,,-0.6888888888888689,False,False,False
SECONDARY_W0_2018_2020,S1->S2,raw_episode_id plus within-episode trade ordinal,273,0,S1_000091,,2018-11-12T04:33:00,,2018-11-12T06:03:00,,timeout,,-0.5888888888889597,,False,False,False
SECONDARY_W0_2018_2020,S1->S2,raw_episode_id plus within-episode trade ordinal,278,0,S1_000092,S2_000093,2018-11-13T04:26:00,2018-11-13T04:26:00,2018-11-13T05:56:00,2018-11-13T05:56:00,timeout,timeout,0.822222222222384,0.822222222222384,False,False,False
SECONDARY_W0_2018_2020,S1->S2,raw_episode_id plus within-episode trade ordinal,280,0,S1_000093,S2_000094,2018-11-14T04:28:00,2018-11-14T04:28:00,2018-11-14T05:58:00,2018-11-14T05:58:00,timeout,timeout,0.22222222222217167,0.22222222222217167,False,False,False
SECONDARY_W0_2018_2020,S1->S2,raw_episode_id plus within-episode trade ordinal,283,0,S1_000094,S2_000095,2018-11-28T03:18:00,2018-11-28T03:18:00,2018-11-28T04:50:00,2018-11-28T04:50:00,timeout,timeout,0.3666666666667374,0.3666666666667374,False,False,False
SECONDARY_W0_2018_2020,S1->S2,raw_episode_id plus within-episode trade ordinal,289,0,S1_000095,S2_000096,2018-11-28T04:55:00,2018-11-28T04:55:00,2018-11-28T05:51:00,2018-11-28T05:51:00,stop_loss,stop_loss,-1.0555555555554548,-1.0555555555554548,False,False,False
SECONDARY_W0_2018_2020,S1->S2,raw_episode_id plus within-episode trade ordinal,292,0,S1_000096,S2_000097,2018-12-14T04:54:00,2018-12-14T04:54:00,2018-12-14T06:24:00,2018-12-14T06:24:00,timeout,timeout,-0.7666666666665759,-0.7666666666665759,False,False,False
SECONDARY_W0_2018_2020,S1->S2,raw_episode_id plus within-episode trade ordinal,312,0,S1_000097,S2_000098,2019-01-18T08:51:00,2019-01-18T08:51:00,2019-01-18T09:17:00,2019-01-18T09:17:00,stop_loss,stop_loss,-1.0555555555554548,-1.0555555555554548,False,False,False
SECONDARY_W0_2018_2020,S1->S2,raw_episode_id plus within-episode trade ordinal,313,0,S1_000098,S2_000099,2019-01-22T03:32:00,2019-01-22T03:32:00,2019-01-22T04:00:00,2019-01-22T04:00:00,stop_loss,stop_loss,-1.0555555555554548,-1.0555555555554548,False,False,False
SECONDARY_W0_2018_2020,S1->S2,raw_episode_id plus within-episode trade ordinal,315,0,S1_000099,S2_000100,2019-02-08T04:51:00,2019-02-08T04:51:00,2019-02-08T05:03:00,2019-02-08T05:03:00,stop_loss,stop_loss,-1.0555555555554548,-1.0555555555554548,False,False,False
SECONDARY_W0_2018_2020,S1->S2,raw_episode_id plus within-episode trade ordinal,317,0,S1_000100,S2_000101,2019-02-13T04:26:00,2019-02-13T04:26:00,2019-02-13T05:56:00,2019-02-13T05:56:00,timeout,timeout,0.34444444444428274,0.34444444444428274,False,False,False
SECONDARY_W0_2018_2020,S1->S2,raw_episode_id plus within-episode trade ordinal,318,0,S1_000101,S2_000102,2019-02-13T08:07:00,2019-02-13T08:07:00,2019-02-13T09:13:00,2019-02-13T09:13:00,stop_loss,stop_loss,-1.0555555555554548,-1.0555555555554548,False,False,False
SECONDARY_W0_2018_2020,S1->S2,raw_episode_id plus within-episode trade ordinal,332,0,S1_000102,S2_000103,2019-02-19T04:18:00,2019-02-19T04:18:00,2019-02-19T05:48:00,2019-02-19T05:48:00,timeout,timeout,-0.411111111111091,-0.411111111111091,False,False,False
SECONDARY_W0_2018_2020,S1->S2,raw_episode_id plus within-episode trade ordinal,333,0,S1_000103,S2_000104,2019-03-11T04:02:00,2019-03-11T04:02:00,2019-03-11T05:32:00,2019-03-11T05:32:00,timeout,timeout,0.45555555555554544,0.45555555555554544,False,False,False
SECONDARY_W0_2018_2020,S1->S2,raw_episode_id plus within-episode trade ordinal,336,0,S1_000104,S2_000105,2019-03-11T08:23:00,2019-03-11T08:23:00,2019-03-11T08:42:00,2019-03-11T08:42:00,stop_loss,stop_loss,-1.0555555555554548,-1.0555555555554548,False,False,False
SECONDARY_W0_2018_2020,S1->S2,raw_episode_id plus within-episode trade ordinal,338,0,S1_000105,S2_000106,2019-03-12T04:01:00,2019-03-12T04:01:00,2019-03-12T05:09:00,2019-03-12T05:09:00,take_profit,take_profit,1.277777777777778,1.277777777777778,False,False,False
SECONDARY_W0_2018_2020,S1->S2,raw_episode_id plus within-episode trade ordinal,342,0,S1_000106,S2_000107,2019-03-13T04:07:00,2019-03-13T04:07:00,2019-03-13T04:40:00,2019-03-13T04:40:00,take_profit,take_profit,1.277777777777778,1.277777777777778,False,False,False
SECONDARY_W0_2018_2020,S1->S2,raw_episode_id plus within-episode trade ordinal,346,0,S1_000107,S2_000108,2019-03-13T04:56:00,2019-03-13T04:56:00,2019-03-13T05:43:00,2019-03-13T05:43:00,stop_loss,stop_loss,-1.0555555555554548,-1.0555555555554548,False,False,False
SECONDARY_W0_2018_2020,S1->S2,raw_episode_id plus within-episode trade ordinal,349,0,S1_000108,S2_000109,2019-03-18T04:21:00,2019-03-18T04:21:00,2019-03-18T05:51:00,2019-03-18T05:51:00,timeout,timeout,0.18888888888886865,0.18888888888886865,False,False,False
SECONDARY_W0_2018_2020,S1->S2,raw_episode_id plus within-episode trade ordinal,350,0,S1_000109,S2_000110,2019-03-19T04:01:00,2019-03-19T04:01:00,2019-03-19T04:29:00,2019-03-19T04:29:00,take_profit,take_profit,1.277777777777778,1.277777777777778,False,False,False
SECONDARY_W0_2018_2020,S1->S2,raw_episode_id plus within-episode trade ordinal,351,0,S1_000110,S2_000111,2019-03-19T04:41:00,2019-03-19T04:41:00,2019-03-19T06:11:00,2019-03-19T06:11:00,timeout,timeout,-0.34444444444448497,-0.34444444444448497,False,False,False
SECONDARY_W0_2018_2020,S1->S2,raw_episode_id plus within-episode trade ordinal,366,0,S1_000111,S2_000112,2019-03-20T04:09:00,2019-03-20T04:09:00,2019-03-20T04:24:00,2019-03-20T04:24:00,stop_loss,stop_loss,-1.0555555555554548,-1.0555555555554548,False,False,False
SECONDARY_W0_2018_2020,S1->S2,raw_episode_id plus within-episode trade ordinal,369,0,S1_000112,S2_000113,2019-03-20T04:25:00,2019-03-20T04:25:00,2019-03-20T05:55:00,2019-03-20T05:55:00,timeout,timeout,-0.05555555555560612,-0.05555555555560612,False,False,False
SECONDARY_W0_2018_2020,S1->S2,raw_episode_id plus within-episode trade ordinal,372,0,S1_000113,S2_000114,2019-03-20T08:26:00,2019-03-20T08:26:00,2019-03-20T08:52:00,2019-03-20T08:52:00,stop_loss,stop_loss,-1.0555555555554548,-1.0555555555554548,False,False,False
SECONDARY_W0_2018_2020,S1->S2,raw_episode_id plus within-episode trade ordinal,375,0,S1_000114,S2_000115,2019-04-03T03:36:00,2019-04-03T03:36:00,2019-04-03T03:42:00,2019-04-03T03:42:00,stop_loss,stop_loss,-1.0555555555554548,-1.0555555555554548,False,False,False
SECONDARY_W0_2018_2020,S1->S2,raw_episode_id plus within-episode trade ordinal,376,0,S1_000115,S2_000116,2019-04-04T03:02:00,2019-04-04T03:02:00,2019-04-04T04:03:00,2019-04-04T04:03:00,stop_loss,stop_loss,-1.0555555555554548,-1.0555555555554548,False,False,False
SECONDARY_W0_2018_2020,S1->S2,raw_episode_id plus within-episode trade ordinal,378,0,S1_000116,S2_000117,2019-04-05T04:04:00,2019-04-05T04:04:00,2019-04-05T04:17:00,2019-04-05T04:17:00,stop_loss,stop_loss,-1.0555555555554548,-1.0555555555554548,False,False,False
SECONDARY_W0_2018_2020,S1->S2,raw_episode_id plus within-episode trade ordinal,380,0,S1_000117,S2_000118,2019-04-08T03:01:00,2019-04-08T03:01:00,2019-04-08T03:54:00,2019-04-08T03:54:00,take_profit,take_profit,1.277777777777778,1.277777777777778,False,False,False
SECONDARY_W0_2018_2020,S1->S2,raw_episode_id plus within-episode trade ordinal,386,0,S1_000118,S2_000119,2019-04-08T04:24:00,2019-04-08T04:24:00,2019-04-08T04:33:00,2019-04-08T04:33:00,take_profit,take_profit,1.277777777777778,1.277777777777778,False,False,False
SECONDARY_W0_2018_2020,S1->S2,raw_episode_id plus within-episode trade ordinal,387,0,S1_000119,S2_000120,2019-04-09T03:02:00,2019-04-09T03:02:00,2019-04-09T03:08:00,2019-04-09T03:08:00,stop_loss,stop_loss,-1.0555555555554548,-1.0555555555554548,False,False,False
SECONDARY_W0_2018_2020,S1->S2,raw_episode_id plus within-episode trade ordinal,387,1,S1_000120,S2_000121,2019-04-09T03:11:00,2019-04-09T03:11:00,2019-04-09T03:20:00,2019-04-09T03:20:00,stop_loss,stop_loss,-1.0555555555554548,-1.0555555555554548,False,False,False
SECONDARY_W0_2018_2020,S1->S2,raw_episode_id plus within-episode trade ordinal,388,0,S1_000121,S2_000122,2019-04-09T03:25:00,2019-04-09T03:25:00,2019-04-09T03:47:00,2019-04-09T03:47:00,take_profit,take_profit,1.277777777777778,1.277777777777778,False,False,False
SECONDARY_W0_2018_2020,S1->S2,raw_episode_id plus within-episode trade ordinal,389,0,S1_000122,S2_000123,2019-04-16T04:01:00,2019-04-16T04:01:00,2019-04-16T04:16:00,2019-04-16T04:16:00,stop_loss,stop_loss,-1.0555555555554548,-1.0555555555554548,False,False,False
SECONDARY_W0_2018_2020,S1->S2,raw_episode_id plus within-episode trade ordinal,390,0,S1_000123,S2_000124,2019-04-22T04:19:00,2019-04-22T04:19:00,2019-04-22T04:55:00,2019-04-22T04:55:00,take_profit,take_profit,1.277777777777778,1.277777777777778,False,False,False
SECONDARY_W0_2018_2020,S1->S2,raw_episode_id plus within-episode trade ordinal,399,0,S1_000124,S2_000125,2019-04-23T03:01:00,2019-04-23T03:01:00,2019-04-23T03:15:00,2019-04-23T03:15:00,stop_loss,stop_loss,-1.0555555555554548,-1.0555555555554548,False,False,False
SECONDARY_W0_2018_2020,S1->S2,raw_episode_id plus within-episode trade ordinal,399,1,S1_000125,S2_000126,2019-04-23T03:16:00,2019-04-23T03:16:00,2019-04-23T03:57:00,2019-04-23T03:57:00,take_profit,take_profit,1.277777777777778,1.277777777777778,False,False,False
SECONDARY_W0_2018_2020,S1->S2,raw_episode_id plus within-episode trade ordinal,400,0,S1_000126,S2_000127,2019-04-23T03:59:00,2019-04-23T03:59:00,2019-04-23T04:08:00,2019-04-23T04:08:00,stop_loss,stop_loss,-1.0555555555554548,-1.0555555555554548,False,False,False
SECONDARY_W0_2018_2020,S1->S2,raw_episode_id plus within-episode trade ordinal,403,0,S1_000127,S2_000128,2019-04-23T04:11:00,2019-04-23T04:11:00,2019-04-23T05:30:00,2019-04-23T05:30:00,stop_loss,stop_loss,-1.0555555555554548,-1.0555555555554548,False,False,False
SECONDARY_W0_2018_2020,S1->S2,raw_episode_id plus within-episode trade ordinal,408,0,S1_000128,S2_000129,2019-04-24T03:01:00,2019-04-24T03:01:00,2019-04-24T03:38:00,2019-04-24T03:38:00,stop_loss,stop_loss,-1.0555555555554548,-1.0555555555554548,False,False,False
SECONDARY_W0_2018_2020,S1->S2,raw_episode_id plus within-episode trade ordinal,413,0,S1_000129,S2_000130,2019-04-25T01:01:00,2019-04-25T01:01:00,2019-04-25T01:12:00,2019-04-25T01:12:00,stop_loss,stop_loss,-1.0555555555554548,-1.0555555555554548,False,False,False
SECONDARY_W0_2018_2020,S1->S2,raw_episode_id plus within-episode trade ordinal,420,0,S1_000130,S2_000131,2019-04-25T03:17:00,2019-04-25T03:17:00,2019-04-25T04:03:00,2019-04-25T04:03:00,take_profit,take_profit,1.277777777777778,1.277777777777778,False,False,False
SECONDARY_W0_2018_2020,S1->S2,raw_episode_id plus within-episode trade ordinal,424,0,,S2_000132,,2019-04-25T04:04:00,,2019-04-25T04:13:00,,stop_loss,,-1.0555555555554548,False,False,False
SECONDARY_W0_2018_2020,S1->S2,raw_episode_id plus within-episode trade ordinal,425,0,S1_000131,,2019-04-25T04:06:00,,2019-04-25T04:16:00,,stop_loss,,-1.0555555555554548,,False,False,False
SECONDARY_W0_2018_2020,S1->S2,raw_episode_id plus within-episode trade ordinal,427,0,,S2_000133,,2019-04-25T04:15:00,,2019-04-25T05:13:00,,take_profit,,1.277777777777778,False,False,False
SECONDARY_W0_2018_2020,S1->S2,raw_episode_id plus within-episode trade ordinal,428,0,S1_000132,,2019-04-25T04:22:00,,2019-04-25T05:13:00,,take_profit,,1.277777777777778,,False,False,False
SECONDARY_W0_2018_2020,S1->S2,raw_episode_id plus within-episode trade ordinal,433,0,S1_000133,S2_000134,2019-04-26T02:58:00,2019-04-26T02:58:00,2019-04-26T03:19:00,2019-04-26T03:19:00,stop_loss,stop_loss,-1.0555555555554548,-1.0555555555554548,False,False,False
SECONDARY_W0_2018_2020,S1->S2,raw_episode_id plus within-episode trade ordinal,438,0,S1_000134,S2_000135,2019-04-26T04:52:00,2019-04-26T04:52:00,2019-04-26T05:36:00,2019-04-26T05:36:00,take_profit,take_profit,1.277777777777778,1.277777777777778,False,False,False
SECONDARY_W0_2018_2020,S1->S2,raw_episode_id plus within-episode trade ordinal,448,0,S1_000135,S2_000136,2019-04-26T08:08:00,2019-04-26T08:08:00,2019-04-26T09:32:00,2019-04-26T09:32:00,take_profit,take_profit,1.277777777777778,1.277777777777778,False,False,False
SECONDARY_W0_2018_2020,S1->S2,raw_episode_id plus within-episode trade ordinal,454,0,S1_000136,S2_000137,2019-04-26T09:55:00,2019-04-26T09:55:00,2019-04-26T10:00:00,2019-04-26T10:00:00,stop_loss,stop_loss,-1.0555555555554548,-1.0555555555554548,False,False,False
SECONDARY_W0_2018_2020,S1->S2,raw_episode_id plus within-episode trade ordinal,459,0,S1_000137,S2_000138,2019-04-29T02:37:00,2019-04-29T02:37:00,2019-04-29T03:27:00,2019-04-29T03:27:00,stop_loss,stop_loss,-1.0555555555554548,-1.0555555555554548,False,False,False
SECONDARY_W0_2018_2020,S1->S2,raw_episode_id plus within-episode trade ordinal,460,0,S1_000138,S2_000139,2019-04-29T03:37:00,2019-04-29T03:28:00,2019-04-29T05:07:00,2019-04-29T04:58:00,timeout,timeout,0.2444444444443737,-0.18888888888881822,True,True,True
SECONDARY_W0_2018_2020,S1->S2,raw_episode_id plus within-episode trade ordinal,468,0,S1_000139,S2_000140,2019-04-30T03:01:00,2019-04-30T03:01:00,2019-04-30T04:11:00,2019-04-30T04:11:00,take_profit,take_profit,1.277777777777778,1.277777777777778,False,False,False
SECONDARY_W0_2018_2020,S1->S2,raw_episode_id plus within-episode trade ordinal,470,0,S1_000140,S2_000141,2019-04-30T04:13:00,2019-04-30T04:13:00,2019-04-30T05:43:00,2019-04-30T05:43:00,timeout,timeout,-0.348942598187317,-0.348942598187317,False,False,False
SECONDARY_W0_2018_2020,S1->S2,raw_episode_id plus within-episode trade ordinal,476,0,S1_000141,S2_000142,2019-05-01T01:01:00,2019-05-01T01:01:00,2019-05-01T01:45:00,2019-05-01T01:45:00,stop_loss,stop_loss,-1.0555555555554548,-1.0555555555554548,False,False,False
SECONDARY_W0_2018_2020,S1->S2,raw_episode_id plus within-episode trade ordinal,479,0,S1_000142,S2_000143,2019-05-01T01:46:00,2019-05-01T01:46:00,2019-05-01T03:16:00,2019-05-01T03:16:00,timeout,timeout,0.18888888888886865,0.18888888888886865,False,False,False
SECONDARY_W0_2018_2020,S1->S2,raw_episode_id plus within-episode trade ordinal,484,0,S1_000143,S2_000144,2019-05-01T03:22:00,2019-05-01T03:22:00,2019-05-01T03:31:00,2019-05-01T03:31:00,stop_loss,stop_loss,-1.0555555555554548,-1.0555555555554548,False,False,False
SECONDARY_W0_2018_2020,S1->S2,raw_episode_id plus within-episode trade ordinal,484,1,S1_000144,S2_000145,2019-05-01T03:45:00,2019-05-01T03:32:00,2019-05-01T04:14:00,2019-05-01T04:20:00,stop_loss,stop_loss,-1.0555555555554548,-1.0555555555554548,True,True,False
SECONDARY_W0_2018_2020,S1->S2,raw_episode_id plus within-episode trade ordinal,485,0,S1_000145,S2_000146,2019-05-01T04:26:00,2019-05-01T04:26:00,2019-05-01T05:16:00,2019-05-01T05:16:00,stop_loss,stop_loss,-1.0555555555554548,-1.0555555555554548,False,False,False
SECONDARY_W0_2018_2020,S1->S2,raw_episode_id plus within-episode trade ordinal,494,0,S1_000146,S2_000147,2019-05-03T04:02:00,2019-05-03T04:02:00,2019-05-03T04:20:00,2019-05-03T04:20:00,stop_loss,stop_loss,-1.0555555555554548,-1.0555555555554548,False,False,False
SECONDARY_W0_2018_2020,S1->S2,raw_episode_id plus within-episode trade ordinal,495,0,S1_000147,S2_000148,2019-05-07T03:01:00,2019-05-07T03:01:00,2019-05-07T03:34:00,2019-05-07T03:34:00,stop_loss,stop_loss,-1.0555555555554548,-1.0555555555554548,False,False,False
SECONDARY_W0_2018_2020,S1->S2,raw_episode_id plus within-episode trade ordinal,508,0,S1_000148,S2_000149,2019-05-08T03:01:00,2019-05-08T03:01:00,2019-05-08T03:20:00,2019-05-08T03:20:00,stop_loss,stop_loss,-1.0555555555554548,-1.0555555555554548,False,False,False
SECONDARY_W0_2018_2020,S1->S2,raw_episode_id plus within-episode trade ordinal,517,0,S1_000149,S2_000150,2019-05-08T08:05:00,2019-05-08T08:05:00,2019-05-08T09:35:00,2019-05-08T09:35:00,timeout,timeout,0.2444444444443737,0.2444444444443737,False,False,False
SECONDARY_W0_2018_2020,S1->S2,raw_episode_id plus within-episode trade ordinal,525,0,S1_000150,S2_000151,2019-05-09T03:01:00,2019-05-09T03:01:00,2019-05-09T03:31:00,2019-05-09T03:31:00,take_profit,take_profit,1.277777777777778,1.277777777777778,False,False,False
SECONDARY_W0_2018_2020,S1->S2,raw_episode_id plus within-episode trade ordinal,528,0,S1_000151,S2_000152,2019-05-13T04:17:00,2019-05-13T04:17:00,2019-05-13T04:45:00,2019-05-13T04:45:00,stop_loss,stop_loss,-1.0555555555554548,-1.0555555555554548,False,False,False
SECONDARY_W0_2018_2020,S1->S2,raw_episode_id plus within-episode trade ordinal,533,0,S1_000152,S2_000153,2019-05-15T03:01:00,2019-05-15T03:01:00,2019-05-15T04:31:00,2019-05-15T04:31:00,timeout,timeout,-0.3000000000000809,-0.3000000000000809,False,False,False
SECONDARY_W0_2018_2020,S1->S2,raw_episode_id plus within-episode trade ordinal,535,0,S1_000153,S2_000154,2019-05-15T04:32:00,2019-05-15T04:32:00,2019-05-15T05:00:00,2019-05-15T05:00:00,stop_loss,stop_loss,-1.0555555555554548,-1.0555555555554548,False,False,False
SECONDARY_W0_2018_2020,S1->S2,raw_episode_id plus within-episode trade ordinal,540,0,S1_000154,S2_000155,2019-05-16T03:21:00,2019-05-16T03:21:00,2019-05-16T04:51:00,2019-05-16T04:51:00,timeout,timeout,-0.3333333333331313,-0.3333333333331313,False,False,False
SECONDARY_W0_2018_2020,S1->S2,raw_episode_id plus within-episode trade ordinal,545,0,S1_000155,S2_000156,2019-05-17T04:17:00,2019-05-17T04:17:00,2019-05-17T05:47:00,2019-05-17T05:47:00,timeout,timeout,-0.5666666666667578,-0.5666666666667578,False,False,False
SECONDARY_W0_2018_2020,S1->S2,raw_episode_id plus within-episode trade ordinal,546,0,S1_000156,S2_000157,2019-05-20T03:01:00,2019-05-20T03:01:00,2019-05-20T03:05:00,2019-05-20T03:05:00,stop_loss,stop_loss,-1.0555555555554548,-1.0555555555554548,False,False,False
SECONDARY_W0_2018_2020,S1->S2,raw_episode_id plus within-episode trade ordinal,553,0,S1_000157,S2_000158,2019-05-21T04:01:00,2019-05-21T04:01:00,2019-05-21T04:03:00,2019-05-21T04:03:00,stop_loss,stop_loss,-1.0555555555554548,-1.0555555555554548,False,False,False
SECONDARY_W0_2018_2020,S1->S2,raw_episode_id plus within-episode trade ordinal,554,0,S1_000158,S2_000159,2019-05-22T03:05:00,2019-05-22T03:05:00,2019-05-22T03:54:00,2019-05-22T03:54:00,stop_loss,stop_loss,-1.0555555555554548,-1.0555555555554548,False,False,False
SECONDARY_W0_2018_2020,S1->S2,raw_episode_id plus within-episode trade ordinal,556,0,S1_000159,S2_000160,2019-05-24T03:25:00,2019-05-24T03:25:00,2019-05-24T03:46:00,2019-05-24T03:46:00,stop_loss,stop_loss,-1.0555555555554548,-1.0555555555554548,False,False,False
SECONDARY_W0_2018_2020,S1->S2,raw_episode_id plus within-episode trade ordinal,572,0,S1_000160,S2_000161,2019-05-24T08:01:00,2019-05-24T08:01:00,2019-05-24T09:02:00,2019-05-24T09:02:00,stop_loss,stop_loss,-1.0555555555554548,-1.0555555555554548,False,False,False
SECONDARY_W0_2018_2020,S1->S2,raw_episode_id plus within-episode trade ordinal,579,0,S1_000161,S2_000162,2019-05-27T01:57:00,2019-05-27T01:57:00,2019-05-27T02:31:00,2019-05-27T02:31:00,stop_loss,stop_loss,-1.0555555555554548,-1.0555555555554548,False,False,False
SECONDARY_W0_2018_2020,S1->S2,raw_episode_id plus within-episode trade ordinal,588,0,S1_000162,S2_000163,2019-05-27T04:35:00,2019-05-27T04:35:00,2019-05-27T06:05:00,2019-05-27T06:05:00,timeout,timeout,-0.4333333333335456,-0.4333333333335456,False,False,False
SECONDARY_W0_2018_2020,S1->S2,raw_episode_id plus within-episode trade ordinal,595,0,S1_000163,S2_000164,2019-05-27T08:07:00,2019-05-27T08:07:00,2019-05-27T08:55:00,2019-05-27T08:55:00,stop_loss,stop_loss,-1.0555555555554548,-1.0555555555554548,False,False,False
SECONDARY_W0_2018_2020,S1->S2,raw_episode_id plus within-episode trade ordinal,607,0,S1_000164,S2_000165,2019-05-27T11:31:00,2019-05-27T11:31:00,2019-05-27T11:59:00,2019-05-27T11:59:00,stop_loss,stop_loss,-1.0555555555554548,-1.0555555555554548,False,False,False
SECONDARY_W0_2018_2020,S1->S2,raw_episode_id plus within-episode trade ordinal,610,0,S1_000165,S2_000166,2019-05-28T03:01:00,2019-05-28T03:01:00,2019-05-28T03:30:00,2019-05-28T03:30:00,stop_loss,stop_loss,-1.0555555555554548,-1.0555555555554548,False,False,False
SECONDARY_W0_2018_2020,S1->S2,raw_episode_id plus within-episode trade ordinal,614,0,S1_000166,S2_000167,2019-05-28T08:39:00,2019-05-28T08:39:00,2019-05-28T08:55:00,2019-05-28T08:55:00,stop_loss,stop_loss,-1.0555555555554548,-1.0555555555554548,False,False,False
SECONDARY_W0_2018_2020,S1->S2,raw_episode_id plus within-episode trade ordinal,615,0,S1_000167,S2_000168,2019-05-29T03:13:00,2019-05-29T03:13:00,2019-05-29T04:00:00,2019-05-29T04:00:00,stop_loss,stop_loss,-1.0555555555554548,-1.0555555555554548,False,False,False
SECONDARY_W0_2018_2020,S1->S2,raw_episode_id plus within-episode trade ordinal,616,0,S1_000168,S2_000169,2019-05-31T04:01:00,2019-05-31T04:01:00,2019-05-31T05:05:00,2019-05-31T05:05:00,stop_loss,stop_loss,-1.0555555555554548,-1.0555555555554548,False,False,False
SECONDARY_W0_2018_2020,S1->S2,raw_episode_id plus within-episode trade ordinal,620,0,S1_000169,S2_000170,2019-09-09T04:10:00,2019-09-09T04:10:00,2019-09-09T04:33:00,2019-09-09T04:33:00,stop_loss,stop_loss,-1.0222929936305265,-1.0222929936305265,False,False,False
SECONDARY_W0_2018_2020,S1->S2,raw_episode_id plus within-episode trade ordinal,621,0,S1_000170,S2_000171,2019-09-18T03:19:00,2019-09-18T03:19:00,2019-09-18T04:34:00,2019-09-18T04:34:00,stop_loss,stop_loss,-1.0555555555554548,-1.0555555555554548,False,False,False
SECONDARY_W0_2018_2020,S1->S2,raw_episode_id plus within-episode trade ordinal,625,0,S1_000171,S2_000172,2019-10-25T08:27:00,2019-10-25T08:27:00,2019-10-25T08:38:00,2019-10-25T08:38:00,take_profit,take_profit,1.277777777777778,1.277777777777778,False,False,False
SECONDARY_W0_2018_2020,S1->S2,raw_episode_id plus within-episode trade ordinal,626,0,S1_000172,S2_000173,2019-11-12T03:09:00,2019-11-12T03:09:00,2019-11-12T04:39:00,2019-11-12T04:39:00,timeout,timeout,-0.880908532842315,-0.880908532842315,False,False,False
SECONDARY_W0_2018_2020,S1->S2,raw_episode_id plus within-episode trade ordinal,627,0,S1_000173,S2_000174,2019-11-18T03:41:00,2019-11-18T03:41:00,2019-11-18T03:57:00,2019-11-18T03:57:00,stop_loss,stop_loss,-1.0555555555554548,-1.0555555555554548,False,False,False
SECONDARY_W0_2018_2020,S1->S2,raw_episode_id plus within-episode trade ordinal,628,0,S1_000174,S2_000175,2019-11-18T04:03:00,2019-11-18T03:58:00,2019-11-18T04:37:00,2019-11-18T05:28:00,take_profit,timeout,1.277777777777778,-0.2111111111110202,True,True,True
SECONDARY_W0_2018_2020,S1->S2,raw_episode_id plus within-episode trade ordinal,629,0,S1_000175,,2019-11-18T04:51:00,,2019-11-18T05:05:00,,stop_loss,,-1.0555555555554548,,False,False,False
SECONDARY_W0_2018_2020,S1->S2,raw_episode_id plus within-episode trade ordinal,630,0,S1_000176,S2_000176,2019-11-25T03:02:00,2019-11-25T03:02:00,2019-11-25T03:05:00,2019-11-25T03:05:00,stop_loss,stop_loss,-1.0555555555554548,-1.0555555555554548,False,False,False
SECONDARY_W0_2018_2020,S1->S2,raw_episode_id plus within-episode trade ordinal,631,0,S1_000177,,2019-11-25T03:15:00,,2019-11-25T04:45:00,,timeout,,0.7570715474208417,,False,False,False
SECONDARY_W0_2018_2020,S1->S2,raw_episode_id plus within-episode trade ordinal,634,0,S1_000178,S2_000177,2019-11-26T03:02:00,2019-11-26T03:02:00,2019-11-26T03:06:00,2019-11-26T03:06:00,stop_loss,stop_loss,-1.0555555555554548,-1.0555555555554548,False,False,False
SECONDARY_W0_2018_2020,S1->S2,raw_episode_id plus within-episode trade ordinal,635,0,S1_000179,,2019-11-26T03:09:00,,2019-11-26T03:46:00,,stop_loss,,-1.0555555555554548,,False,False,False
SECONDARY_W0_2018_2020,S1->S2,raw_episode_id plus within-episode trade ordinal,639,0,S1_000180,,2019-11-26T03:48:00,,2019-11-26T04:06:00,,take_profit,,1.277777777777778,,False,False,False
SECONDARY_W0_2018_2020,S1->S2,raw_episode_id plus within-episode trade ordinal,643,0,S1_000181,,2019-11-26T04:11:00,,2019-11-26T05:41:00,,timeout,,0.5222222222221515,,False,False,False
SECONDARY_W0_2018_2020,S1->S2,raw_episode_id plus within-episode trade ordinal,644,0,S1_000182,S2_000178,2019-11-27T04:40:00,2019-11-27T04:40:00,2019-11-27T06:10:00,2019-11-27T06:10:00,timeout,timeout,-0.7333333333332729,-0.7333333333332729,False,False,False
SECONDARY_W0_2018_2020,S1->S2,raw_episode_id plus within-episode trade ordinal,645,0,S1_000183,S2_000179,2019-12-03T04:04:00,2019-12-03T04:04:00,2019-12-03T04:23:00,2019-12-03T04:23:00,stop_loss,stop_loss,-1.0555555555554548,-1.0555555555554548,False,False,False
SECONDARY_W0_2018_2020,S1->S2,raw_episode_id plus within-episode trade ordinal,646,0,S1_000184,S2_000180,2019-12-10T03:15:00,2019-12-10T03:15:00,2019-12-10T04:45:00,2019-12-10T04:45:00,timeout,timeout,-0.2555555555556769,-0.2555555555556769,False,False,False
SECONDARY_W0_2018_2020,S1->S2,raw_episode_id plus within-episode trade ordinal,649,0,S1_000185,S2_000181,2019-12-11T01:02:00,2019-12-11T01:02:00,2019-12-11T01:22:00,2019-12-11T01:22:00,stop_loss,stop_loss,-1.0555555555554548,-1.0555555555554548,False,False,False
SECONDARY_W0_2018_2020,S1->S2,raw_episode_id plus within-episode trade ordinal,661,0,S1_000186,S2_000182,2019-12-11T03:22:00,2019-12-11T03:22:00,2019-12-11T04:09:00,2019-12-11T04:09:00,stop_loss,stop_loss,-1.0555555555554548,-1.0555555555554548,False,False,False
SECONDARY_W0_2018_2020,S1->S2,raw_episode_id plus within-episode trade ordinal,663,0,S1_000187,S2_000183,2019-12-12T04:00:00,2019-12-12T04:00:00,2019-12-12T05:30:00,2019-12-12T05:30:00,timeout,timeout,0.7222222222222222,0.7222222222222222,False,False,False
SECONDARY_W0_2018_2020,S1->S2,raw_episode_id plus within-episode trade ordinal,674,0,S1_000188,S2_000184,2019-12-16T03:33:00,2019-12-16T03:33:00,2019-12-16T04:30:00,2019-12-16T04:30:00,take_profit,take_profit,1.277777777777778,1.277777777777778,False,False,False
SECONDARY_W0_2018_2020,S1->S2,raw_episode_id plus within-episode trade ordinal,680,0,S1_000189,S2_000185,2019-12-16T04:51:00,2019-12-16T04:51:00,2019-12-16T05:31:00,2019-12-16T05:31:00,stop_loss,stop_loss,-1.0555555555554548,-1.0555555555554548,False,False,False
SECONDARY_W0_2018_2020,S1->S2,raw_episode_id plus within-episode trade ordinal,689,0,S1_000190,S2_000186,2019-12-17T03:01:00,2019-12-17T03:01:00,2019-12-17T03:31:00,2019-12-17T03:31:00,stop_loss,stop_loss,-1.0555555555554548,-1.0555555555554548,False,False,False
SECONDARY_W0_2018_2020,S1->S2,raw_episode_id plus within-episode trade ordinal,689,1,S1_000191,S2_000187,2019-12-17T03:37:00,2019-12-17T03:32:00,2019-12-17T05:07:00,2019-12-17T04:42:00,timeout,take_profit,0.6222222222223132,1.277777777777778,True,True,False
SECONDARY_W0_2018_2020,S1->S2,raw_episode_id plus within-episode trade ordinal,690,0,,S2_000188,,2019-12-17T04:43:00,,2019-12-17T06:13:00,,timeout,,0.5444444444446062,False,False,False
SECONDARY_W0_2018_2020,S1->S2,raw_episode_id plus within-episode trade ordinal,709,0,S1_000192,S2_000189,2019-12-18T02:10:00,2019-12-18T02:10:00,2019-12-18T03:40:00,2019-12-18T03:40:00,timeout,timeout,-0.16666666666686883,-0.16666666666686883,False,False,False
SECONDARY_W0_2018_2020,S1->S2,raw_episode_id plus within-episode trade ordinal,717,0,S1_000193,S2_000190,2019-12-18T03:42:00,2019-12-18T03:42:00,2019-12-18T05:12:00,2019-12-18T05:12:00,timeout,timeout,0.17777777777776765,0.17777777777776765,False,False,False
SECONDARY_W0_2018_2020,S1->S2,raw_episode_id plus within-episode trade ordinal,725,0,S1_000194,S2_000191,2019-12-18T08:01:00,2019-12-18T08:01:00,2019-12-18T09:31:00,2019-12-18T09:31:00,timeout,timeout,-0.1666666666666162,-0.1666666666666162,False,False,False
SECONDARY_W0_2018_2020,S1->S2,raw_episode_id plus within-episode trade ordinal,732,0,S1_000195,S2_000192,2019-12-19T04:05:00,2019-12-19T04:05:00,2019-12-19T05:35:00,2019-12-19T05:35:00,timeout,timeout,-0.2777777777778789,-0.2777777777778789,False,False,False
SECONDARY_W0_2018_2020,S1->S2,raw_episode_id plus within-episode trade ordinal,739,0,S1_000196,S2_000193,2019-12-20T04:04:00,2019-12-20T04:04:00,2019-12-20T05:34:00,2019-12-20T05:34:00,timeout,timeout,-0.9111111111111416,-0.9111111111111416,False,False,False
SECONDARY_W0_2018_2020,S1->S2,raw_episode_id plus within-episode trade ordinal,752,0,S1_000197,S2_000194,2019-12-20T08:00:00,2019-12-20T08:00:00,2019-12-20T09:30:00,2019-12-20T09:30:00,timeout,timeout,-0.6000000000000608,-0.6000000000000608,False,False,False
SECONDARY_W0_2018_2020,S1->S2,raw_episode_id plus within-episode trade ordinal,757,0,S1_000198,S2_000195,2019-12-23T03:25:00,2019-12-23T03:25:00,2019-12-23T03:35:00,2019-12-23T03:35:00,stop_loss,stop_loss,-1.0555555555554548,-1.0555555555554548,False,False,False
SECONDARY_W0_2018_2020,S1->S2,raw_episode_id plus within-episode trade ordinal,771,0,S1_000199,S2_000196,2019-12-23T08:09:00,2019-12-23T08:09:00,2019-12-23T08:32:00,2019-12-23T08:32:00,take_profit,take_profit,1.277777777777778,1.277777777777778,False,False,False
SECONDARY_W0_2018_2020,S1->S2,raw_episode_id plus within-episode trade ordinal,772,0,S1_000200,S2_000197,2019-12-24T03:03:00,2019-12-24T03:03:00,2019-12-24T03:43:00,2019-12-24T03:43:00,take_profit,take_profit,1.277777777777778,1.277777777777778,False,False,False
SECONDARY_W0_2018_2020,S1->S2,raw_episode_id plus within-episode trade ordinal,774,0,S1_000201,S2_000198,2019-12-24T04:18:00,2019-12-24T04:18:00,2019-12-24T05:48:00,2019-12-24T05:48:00,timeout,timeout,0.22222222222217167,0.22222222222217167,False,False,False
SECONDARY_W0_2018_2020,S1->S2,raw_episode_id plus within-episode trade ordinal,785,0,S1_000202,S2_000199,2020-10-14T04:34:00,2020-10-14T04:34:00,2020-10-14T04:42:00,2020-10-14T04:42:00,take_profit,take_profit,0.5897642015005501,0.5897642015005501,False,False,False
SECONDARY_W0_2018_2020,S2->S3,raw_episode_id plus within-episode trade ordinal,0,0,S2_000000,S3_000000,2018-03-14T04:45:00,2018-03-14T04:45:00,2018-03-14T05:21:00,2018-03-14T05:21:00,stop_loss,stop_loss,-1.0555555555554548,-1.0555555555554548,False,False,False
SECONDARY_W0_2018_2020,S2->S3,raw_episode_id plus within-episode trade ordinal,1,0,S2_000001,S3_000001,2018-03-20T04:57:00,2018-03-20T04:57:00,2018-03-20T06:27:00,2018-03-20T06:27:00,timeout,timeout,-0.6666666666666669,-0.6666666666666669,False,False,False
SECONDARY_W0_2018_2020,S2->S3,raw_episode_id plus within-episode trade ordinal,2,0,S2_000002,S3_000002,2018-04-27T04:16:00,2018-04-27T04:16:00,2018-04-27T04:57:00,2018-04-27T04:57:00,take_profit,take_profit,1.277777777777778,1.277777777777778,False,False,False
SECONDARY_W0_2018_2020,S2->S3,raw_episode_id plus within-episode trade ordinal,4,0,S2_000003,S3_000003,2018-05-07T03:01:00,2018-05-07T03:01:00,2018-05-07T03:10:00,2018-05-07T03:10:00,take_profit,take_profit,1.277777777777778,1.277777777777778,False,False,False
SECONDARY_W0_2018_2020,S2->S3,raw_episode_id plus within-episode trade ordinal,5,0,S2_000004,S3_000004,2018-05-07T04:10:00,2018-05-07T04:10:00,2018-05-07T05:02:00,2018-05-07T05:02:00,stop_loss,stop_loss,-1.0555555555554548,-1.0555555555554548,False,False,False
SECONDARY_W0_2018_2020,S2->S3,raw_episode_id plus within-episode trade ordinal,8,0,S2_000005,S3_000005,2018-05-08T04:03:00,2018-05-08T04:03:00,2018-05-08T04:30:00,2018-05-08T04:30:00,stop_loss,stop_loss,-1.0555555555554548,-1.0555555555554548,False,False,False
SECONDARY_W0_2018_2020,S2->S3,raw_episode_id plus within-episode trade ordinal,12,0,S2_000006,S3_000006,2018-05-09T03:24:00,2018-05-09T03:24:00,2018-05-09T03:25:00,2018-05-09T03:25:00,stop_loss,stop_loss,-1.0555555555554548,-1.0555555555554548,False,False,False
SECONDARY_W0_2018_2020,S2->S3,raw_episode_id plus within-episode trade ordinal,13,0,S2_000007,S3_000007,2018-05-10T01:37:00,2018-05-10T01:37:00,2018-05-10T02:50:00,2018-05-10T02:50:00,stop_loss,stop_loss,-1.0555555555554548,-1.0555555555554548,False,False,False
SECONDARY_W0_2018_2020,S2->S3,raw_episode_id plus within-episode trade ordinal,20,0,S2_000008,S3_000008,2018-05-14T03:11:00,2018-05-14T03:11:00,2018-05-14T03:42:00,2018-05-14T03:42:00,take_profit,take_profit,1.277777777777778,1.277777777777778,False,False,False
SECONDARY_W0_2018_2020,S2->S3,raw_episode_id plus within-episode trade ordinal,22,0,S2_000009,S3_000009,2018-05-14T04:03:00,2018-05-14T04:03:00,2018-05-14T04:16:00,2018-05-14T04:16:00,stop_loss,stop_loss,-1.0555555555554548,-1.0555555555554548,False,False,False
SECONDARY_W0_2018_2020,S2->S3,raw_episode_id plus within-episode trade ordinal,22,1,S2_000010,S3_000010,2018-05-14T04:17:00,2018-05-14T04:17:00,2018-05-14T05:06:00,2018-05-14T05:06:00,stop_loss,stop_loss,-1.0555555555554548,-1.0555555555554548,False,False,False
SECONDARY_W0_2018_2020,S2->S3,raw_episode_id plus within-episode trade ordinal,31,0,S2_000011,S3_000011,2018-05-18T04:07:00,2018-05-18T04:07:00,2018-05-18T04:21:00,2018-05-18T04:21:00,stop_loss,stop_loss,-1.0555555555554548,-1.0555555555554548,False,False,False
SECONDARY_W0_2018_2020,S2->S3,raw_episode_id plus within-episode trade ordinal,36,0,S2_000012,S3_000012,2018-05-21T04:02:00,2018-05-21T04:02:00,2018-05-21T04:10:00,2018-05-21T04:10:00,stop_loss,stop_loss,-1.0555555555554548,-1.0555555555554548,False,False,False
SECONDARY_W0_2018_2020,S2->S3,raw_episode_id plus within-episode trade ordinal,43,0,S2_000013,S3_000013,2018-05-23T01:01:00,2018-05-23T01:01:00,2018-05-23T02:12:00,2018-05-23T02:12:00,take_profit,take_profit,1.277777777777778,1.277777777777778,False,False,False
SECONDARY_W0_2018_2020,S2->S3,raw_episode_id plus within-episode trade ordinal,45,0,S2_000014,S3_000014,2018-05-23T03:02:00,2018-05-23T03:02:00,2018-05-23T03:08:00,2018-05-23T03:08:00,take_profit,take_profit,1.277777777777778,1.277777777777778,False,False,False
SECONDARY_W0_2018_2020,S2->S3,raw_episode_id plus within-episode trade ordinal,46,0,S2_000015,S3_000015,2018-05-23T03:49:00,2018-05-23T03:49:00,2018-05-23T04:36:00,2018-05-23T04:36:00,stop_loss,stop_loss,-1.0555555555554548,-1.0555555555554548,False,False,False
SECONDARY_W0_2018_2020,S2->S3,raw_episode_id plus within-episode trade ordinal,54,0,S2_000016,S3_000016,2018-05-28T03:21:00,2018-05-28T03:21:00,2018-05-28T04:10:00,2018-05-28T04:10:00,stop_loss,stop_loss,-1.0555555555554548,-1.0555555555554548,False,False,False
SECONDARY_W0_2018_2020,S2->S3,raw_episode_id plus within-episode trade ordinal,58,0,S2_000017,S3_000017,2018-05-28T04:26:00,2018-05-28T04:26:00,2018-05-28T05:56:00,2018-05-28T05:56:00,timeout,timeout,-0.511111111111,-0.511111111111,False,False,False
SECONDARY_W0_2018_2020,S2->S3,raw_episode_id plus within-episode trade ordinal,60,0,S2_000018,S3_000018,2018-05-31T01:06:00,2018-05-31T01:06:00,2018-05-31T02:36:00,2018-05-31T02:36:00,timeout,timeout,0.34444444444453537,0.34444444444453537,False,False,False
SECONDARY_W0_2018_2020,S2->S3,raw_episode_id plus within-episode trade ordinal,64,0,S2_000019,S3_000019,2018-05-31T04:15:00,2018-05-31T04:15:00,2018-05-31T04:30:00,2018-05-31T04:30:00,stop_loss,stop_loss,-1.0555555555554548,-1.0555555555554548,False,False,False
SECONDARY_W0_2018_2020,S2->S3,raw_episode_id plus within-episode trade ordinal,67,0,S2_000020,S3_000020,2018-06-04T03:02:00,2018-06-04T03:02:00,2018-06-04T04:32:00,2018-06-04T04:32:00,timeout,timeout,0.46666666666664647,0.46666666666664647,False,False,False
SECONDARY_W0_2018_2020,S2->S3,raw_episode_id plus within-episode trade ordinal,73,0,S2_000021,S3_000021,2018-06-04T04:33:00,2018-06-04T04:33:00,2018-06-04T05:09:00,2018-06-04T05:09:00,stop_loss,stop_loss,-1.0555555555554548,-1.0555555555554548,False,False,False
SECONDARY_W0_2018_2020,S2->S3,raw_episode_id plus within-episode trade ordinal,74,0,S2_000022,S3_000022,2018-06-05T02:44:00,2018-06-05T02:44:00,2018-06-05T03:50:00,2018-06-05T03:50:00,stop_loss,stop_loss,-1.0555555555554548,-1.0555555555554548,False,False,False
SECONDARY_W0_2018_2020,S2->S3,raw_episode_id plus within-episode trade ordinal,77,0,S2_000023,S3_000023,2018-06-05T03:51:00,2018-06-05T03:51:00,2018-06-05T04:54:00,2018-06-05T04:54:00,take_profit,take_profit,1.277777777777778,1.277777777777778,False,False,False
SECONDARY_W0_2018_2020,S2->S3,raw_episode_id plus within-episode trade ordinal,82,0,S2_000024,S3_000024,2018-06-06T04:15:00,2018-06-06T04:15:00,2018-06-06T05:45:00,2018-06-06T05:45:00,timeout,timeout,-0.5555555555556567,-0.5555555555556567,False,False,False
SECONDARY_W0_2018_2020,S2->S3,raw_episode_id plus within-episode trade ordinal,85,0,S2_000025,S3_000025,2018-06-07T04:07:00,2018-06-07T04:07:00,2018-06-07T04:27:00,2018-06-07T04:27:00,take_profit,take_profit,1.277777777777778,1.277777777777778,False,False,False
SECONDARY_W0_2018_2020,S2->S3,raw_episode_id plus within-episode trade ordinal,87,0,S2_000026,S3_000026,2018-06-07T04:42:00,2018-06-07T04:42:00,2018-06-07T06:12:00,2018-06-07T06:12:00,timeout,timeout,-0.36666666666668696,-0.36666666666668696,False,False,False
SECONDARY_W0_2018_2020,S2->S3,raw_episode_id plus within-episode trade ordinal,91,0,S2_000027,S3_000027,2018-06-08T03:44:00,2018-06-08T03:44:00,2018-06-08T04:15:00,2018-06-08T04:15:00,stop_loss,stop_loss,-1.0555555555554548,-1.0555555555554548,False,False,False
SECONDARY_W0_2018_2020,S2->S3,raw_episode_id plus within-episode trade ordinal,93,0,S2_000028,S3_000028,2018-06-08T04:17:00,2018-06-08T04:17:00,2018-06-08T05:47:00,2018-06-08T05:47:00,timeout,timeout,-0.11111111111111116,-0.11111111111111116,False,False,False
SECONDARY_W0_2018_2020,S2->S3,raw_episode_id plus within-episode trade ordinal,97,0,S2_000029,S3_000029,2018-06-08T08:04:00,2018-06-08T08:04:00,2018-06-08T08:25:00,2018-06-08T08:25:00,stop_loss,stop_loss,-1.0555555555554548,-1.0555555555554548,False,False,False
SECONDARY_W0_2018_2020,S2->S3,raw_episode_id plus within-episode trade ordinal,99,0,S2_000030,S3_000030,2018-06-11T03:24:00,2018-06-11T03:24:00,2018-06-11T04:31:00,2018-06-11T04:31:00,take_profit,take_profit,1.277777777777778,1.277777777777778,False,False,False
SECONDARY_W0_2018_2020,S2->S3,raw_episode_id plus within-episode trade ordinal,104,0,S2_000031,S3_000031,2018-06-12T02:04:00,2018-06-12T02:04:00,2018-06-12T02:12:00,2018-06-12T02:12:00,stop_loss,stop_loss,-1.0555555555554548,-1.0555555555554548,False,False,False
SECONDARY_W0_2018_2020,S2->S3,raw_episode_id plus within-episode trade ordinal,108,0,S2_000032,S3_000032,2018-06-12T03:01:00,2018-06-12T03:01:00,2018-06-12T03:12:00,2018-06-12T03:12:00,stop_loss,stop_loss,-1.0555555555554548,-1.0555555555554548,False,False,False
SECONDARY_W0_2018_2020,S2->S3,raw_episode_id plus within-episode trade ordinal,110,0,S2_000033,S3_000033,2018-06-13T03:01:00,2018-06-13T03:01:00,2018-06-13T03:54:00,2018-06-13T03:54:00,stop_loss,stop_loss,-1.0555555555554548,-1.0555555555554548,False,False,False
SECONDARY_W0_2018_2020,S2->S3,raw_episode_id plus within-episode trade ordinal,113,0,S2_000034,S3_000034,2018-06-14T03:45:00,2018-06-14T03:45:00,2018-06-14T04:19:00,2018-06-14T04:19:00,stop_loss,stop_loss,-1.0555555555554548,-1.0555555555554548,False,False,False
SECONDARY_W0_2018_2020,S2->S3,raw_episode_id plus within-episode trade ordinal,117,0,S2_000035,S3_000035,2018-06-20T03:01:00,2018-06-20T03:01:00,2018-06-20T03:06:00,2018-06-20T03:06:00,stop_loss,stop_loss,-1.0555555555554548,-1.0555555555554548,False,False,False
SECONDARY_W0_2018_2020,S2->S3,raw_episode_id plus within-episode trade ordinal,121,0,S2_000036,S3_000036,2018-06-26T03:01:00,2018-06-26T03:01:00,2018-06-26T04:31:00,2018-06-26T04:31:00,timeout,timeout,0.17777777777776765,0.17777777777776765,False,False,False
SECONDARY_W0_2018_2020,S2->S3,raw_episode_id plus within-episode trade ordinal,125,0,S2_000037,S3_000037,2018-06-26T04:38:00,2018-06-26T04:38:00,2018-06-26T04:45:00,2018-06-26T04:45:00,stop_loss,stop_loss,-1.0555555555554548,-1.0555555555554548,False,False,False
SECONDARY_W0_2018_2020,S2->S3,raw_episode_id plus within-episode trade ordinal,126,0,S2_000038,S3_000038,2018-06-26T04:46:00,2018-06-26T04:46:00,2018-06-26T04:58:00,2018-06-26T04:58:00,stop_loss,stop_loss,-1.0555555555554548,-1.0555555555554548,False,False,False
SECONDARY_W0_2018_2020,S2->S3,raw_episode_id plus within-episode trade ordinal,126,1,S2_000039,S3_000039,2018-06-26T04:59:00,2018-06-26T04:59:00,2018-06-26T05:34:00,2018-06-26T05:34:00,stop_loss,stop_loss,-1.0555555555554548,-1.0555555555554548,False,False,False
SECONDARY_W0_2018_2020,S2->S3,raw_episode_id plus within-episode trade ordinal,127,0,S2_000040,S3_000040,2018-06-27T03:05:00,2018-06-27T03:05:00,2018-06-27T04:00:00,2018-06-27T04:00:00,take_profit,take_profit,1.277777777777778,1.277777777777778,False,False,False
SECONDARY_W0_2018_2020,S2->S3,raw_episode_id plus within-episode trade ordinal,131,0,S2_000041,S3_000041,2018-06-27T04:54:00,2018-06-27T04:54:00,2018-06-27T05:03:00,2018-06-27T05:03:00,stop_loss,stop_loss,-1.048422800221342,-1.048422800221342,False,False,False
SECONDARY_W0_2018_2020,S2->S3,raw_episode_id plus within-episode trade ordinal,134,0,S2_000042,S3_000042,2018-06-29T04:20:00,2018-06-29T04:20:00,2018-06-29T04:25:00,2018-06-29T04:25:00,stop_loss,stop_loss,-1.0555555555554548,-1.0555555555554548,False,False,False
SECONDARY_W0_2018_2020,S2->S3,raw_episode_id plus within-episode trade ordinal,135,0,S2_000043,S3_000043,2018-07-03T03:15:00,2018-07-03T03:15:00,2018-07-03T04:04:00,2018-07-03T04:04:00,stop_loss,stop_loss,-1.0555555555554548,-1.0555555555554548,False,False,False
SECONDARY_W0_2018_2020,S2->S3,raw_episode_id plus within-episode trade ordinal,143,0,S2_000044,S3_000044,2018-07-09T04:16:00,2018-07-09T04:16:00,2018-07-09T04:52:00,2018-07-09T04:52:00,take_profit,take_profit,1.277777777777778,1.277777777777778,False,False,False
SECONDARY_W0_2018_2020,S2->S3,raw_episode_id plus within-episode trade ordinal,144,0,S2_000045,S3_000045,2018-07-10T03:37:00,2018-07-10T03:37:00,2018-07-10T04:10:00,2018-07-10T04:10:00,take_profit,take_profit,1.277777777777778,1.277777777777778,False,False,False
SECONDARY_W0_2018_2020,S2->S3,raw_episode_id plus within-episode trade ordinal,146,0,S2_000046,S3_000046,2018-07-16T02:49:00,2018-07-16T02:49:00,2018-07-16T03:42:00,2018-07-16T03:42:00,take_profit,take_profit,1.277777777777778,1.277777777777778,False,False,False
SECONDARY_W0_2018_2020,S2->S3,raw_episode_id plus within-episode trade ordinal,150,0,S2_000047,S3_000047,2018-07-17T02:41:00,2018-07-17T02:41:00,2018-07-17T03:33:00,2018-07-17T03:33:00,stop_loss,stop_loss,-1.0555555555554548,-1.0555555555554548,False,False,False
SECONDARY_W0_2018_2020,S2->S3,raw_episode_id plus within-episode trade ordinal,152,0,S2_000048,S3_000048,2018-07-17T03:34:00,2018-07-17T03:34:00,2018-07-17T03:57:00,2018-07-17T03:57:00,stop_loss,stop_loss,-1.0555555555554548,-1.0555555555554548,False,False,False
SECONDARY_W0_2018_2020,S2->S3,raw_episode_id plus within-episode trade ordinal,152,1,S2_000049,S3_000049,2018-07-17T03:58:00,2018-07-17T03:58:00,2018-07-17T04:18:00,2018-07-17T04:18:00,stop_loss,stop_loss,-1.0555555555554548,-1.0555555555554548,False,False,False
SECONDARY_W0_2018_2020,S2->S3,raw_episode_id plus within-episode trade ordinal,156,0,S2_000050,S3_000050,2018-07-18T02:17:00,2018-07-18T02:17:00,2018-07-18T02:51:00,2018-07-18T02:51:00,stop_loss,stop_loss,-1.0555555555554548,-1.0555555555554548,False,False,False
SECONDARY_W0_2018_2020,S2->S3,raw_episode_id plus within-episode trade ordinal,160,0,S2_000051,S3_000051,2018-07-19T01:28:00,2018-07-19T01:28:00,2018-07-19T01:58:00,2018-07-19T01:58:00,stop_loss,stop_loss,-1.0555555555554548,-1.0555555555554548,False,False,False
SECONDARY_W0_2018_2020,S2->S3,raw_episode_id plus within-episode trade ordinal,166,0,S2_000052,S3_000052,2018-07-24T02:25:00,2018-07-24T02:25:00,2018-07-24T03:31:00,2018-07-24T03:31:00,stop_loss,stop_loss,-1.0555555555554548,-1.0555555555554548,False,False,False
SECONDARY_W0_2018_2020,S2->S3,raw_episode_id plus within-episode trade ordinal,174,0,S2_000053,S3_000053,2018-07-30T02:38:00,2018-07-30T02:38:00,2018-07-30T02:52:00,2018-07-30T02:52:00,stop_loss,stop_loss,-1.0555555555554548,-1.0555555555554548,False,False,False
SECONDARY_W0_2018_2020,S2->S3,raw_episode_id plus within-episode trade ordinal,179,0,S2_000054,S3_000054,2018-07-30T04:53:00,2018-07-30T04:53:00,2018-07-30T05:28:00,2018-07-30T05:28:00,stop_loss,stop_loss,-1.0555555555554548,-1.0555555555554548,False,False,False
SECONDARY_W0_2018_2020,S2->S3,raw_episode_id plus within-episode trade ordinal,181,0,S2_000055,S3_000055,2018-08-07T03:35:00,2018-08-07T03:35:00,2018-08-07T04:00:00,2018-08-07T04:00:00,take_profit,take_profit,1.277777777777778,1.277777777777778,False,False,False
SECONDARY_W0_2018_2020,S2->S3,raw_episode_id plus within-episode trade ordinal,183,0,S2_000056,S3_000056,2018-08-07T04:36:00,2018-08-07T04:36:00,2018-08-07T04:50:00,2018-08-07T04:50:00,stop_loss,stop_loss,-1.0555555555554548,-1.0555555555554548,False,False,False
SECONDARY_W0_2018_2020,S2->S3,raw_episode_id plus within-episode trade ordinal,186,0,S2_000057,S3_000057,2018-08-07T04:52:00,2018-08-07T04:52:00,2018-08-07T04:57:00,2018-08-07T04:57:00,stop_loss,stop_loss,-1.0555555555554548,-1.0555555555554548,False,False,False
SECONDARY_W0_2018_2020,S2->S3,raw_episode_id plus within-episode trade ordinal,186,1,S2_000058,S3_000058,2018-08-07T04:59:00,2018-08-07T04:59:00,2018-08-07T05:49:00,2018-08-07T05:49:00,take_profit,take_profit,1.277777777777778,1.277777777777778,False,False,False
SECONDARY_W0_2018_2020,S2->S3,raw_episode_id plus within-episode trade ordinal,187,0,S2_000059,S3_000059,2018-08-08T03:02:00,2018-08-08T03:02:00,2018-08-08T03:14:00,2018-08-08T03:14:00,stop_loss,stop_loss,-1.0555555555554548,-1.0555555555554548,False,False,False
SECONDARY_W0_2018_2020,S2->S3,raw_episode_id plus within-episode trade ordinal,188,0,S2_000060,S3_000060,2018-08-08T04:01:00,2018-08-08T04:01:00,2018-08-08T04:32:00,2018-08-08T04:32:00,take_profit,take_profit,1.277777777777778,1.277777777777778,False,False,False
SECONDARY_W0_2018_2020,S2->S3,raw_episode_id plus within-episode trade ordinal,191,0,S2_000061,S3_000061,2018-08-09T03:02:00,2018-08-09T03:02:00,2018-08-09T04:32:00,2018-08-09T04:32:00,timeout,timeout,-0.5888888888887072,-0.5888888888887072,False,False,False
SECONDARY_W0_2018_2020,S2->S3,raw_episode_id plus within-episode trade ordinal,194,0,S2_000062,S3_000062,2018-08-13T04:01:00,2018-08-13T04:01:00,2018-08-13T04:06:00,2018-08-13T04:06:00,stop_loss,stop_loss,-1.0555555555554548,-1.0555555555554548,False,False,False
SECONDARY_W0_2018_2020,S2->S3,raw_episode_id plus within-episode trade ordinal,194,1,S2_000063,S3_000063,2018-08-13T04:07:00,2018-08-13T04:07:00,2018-08-13T04:09:00,2018-08-13T04:09:00,stop_loss,stop_loss,-1.0555555555554548,-1.0555555555554548,False,False,False
SECONDARY_W0_2018_2020,S2->S3,raw_episode_id plus within-episode trade ordinal,199,0,S2_000064,S3_000064,2018-08-14T03:02:00,2018-08-14T03:02:00,2018-08-14T04:02:00,2018-08-14T04:02:00,take_profit,take_profit,1.277777777777778,1.277777777777778,False,False,False
SECONDARY_W0_2018_2020,S2->S3,raw_episode_id plus within-episode trade ordinal,201,0,S2_000065,S3_000065,2018-08-14T04:25:00,2018-08-14T04:25:00,2018-08-14T04:43:00,2018-08-14T04:43:00,take_profit,take_profit,1.277777777777778,1.277777777777778,False,False,False
SECONDARY_W0_2018_2020,S2->S3,raw_episode_id plus within-episode trade ordinal,203,0,S2_000066,S3_000066,2018-08-15T02:14:00,2018-08-15T02:14:00,2018-08-15T02:53:00,2018-08-15T02:53:00,stop_loss,stop_loss,-1.0555555555554548,-1.0555555555554548,False,False,False
SECONDARY_W0_2018_2020,S2->S3,raw_episode_id plus within-episode trade ordinal,204,0,S2_000067,S3_000067,2018-08-15T02:57:00,2018-08-15T02:57:00,2018-08-15T03:23:00,2018-08-15T03:23:00,stop_loss,stop_loss,-1.0555555555554548,-1.0555555555554548,False,False,False
SECONDARY_W0_2018_2020,S2->S3,raw_episode_id plus within-episode trade ordinal,204,1,S2_000068,S3_000068,2018-08-15T03:24:00,2018-08-15T03:24:00,2018-08-15T03:26:00,2018-08-15T03:26:00,stop_loss,stop_loss,-1.0555555555554548,-1.0555555555554548,False,False,False
SECONDARY_W0_2018_2020,S2->S3,raw_episode_id plus within-episode trade ordinal,209,0,S2_000069,S3_000069,2018-08-16T03:50:00,2018-08-16T03:50:00,2018-08-16T03:52:00,2018-08-16T03:52:00,take_profit,take_profit,0.5454574659470125,0.5454574659470125,False,False,False
SECONDARY_W0_2018_2020,S2->S3,raw_episode_id plus within-episode trade ordinal,209,1,S2_000070,S3_000070,2018-08-16T03:55:00,2018-08-16T03:55:00,2018-08-16T04:02:00,2018-08-16T04:02:00,take_profit,take_profit,0.5764030902067732,0.5764030902067732,False,False,False
SECONDARY_W0_2018_2020,S2->S3,raw_episode_id plus within-episode trade ordinal,210,0,S2_000071,S3_000071,2018-09-05T02:05:00,2018-09-05T02:05:00,2018-09-05T03:13:00,2018-09-05T03:13:00,stop_loss,stop_loss,-1.0555555555554548,-1.0555555555554548,False,False,False
SECONDARY_W0_2018_2020,S2->S3,raw_episode_id plus within-episode trade ordinal,219,0,S2_000072,S3_000072,2018-09-05T03:14:00,2018-09-05T03:14:00,2018-09-05T04:19:00,2018-09-05T04:19:00,take_profit,take_profit,1.277777777777778,1.277777777777778,False,False,False
SECONDARY_W0_2018_2020,S2->S3,raw_episode_id plus within-episode trade ordinal,221,0,S2_000073,S3_000073,2018-09-10T03:26:00,2018-09-10T03:26:00,2018-09-10T03:27:00,2018-09-10T03:27:00,stop_loss,stop_loss,-1.0555555555554548,-1.0555555555554548,False,False,False
SECONDARY_W0_2018_2020,S2->S3,raw_episode_id plus within-episode trade ordinal,221,1,S2_000074,S3_000074,2018-09-10T03:28:00,2018-09-10T03:28:00,2018-09-10T04:01:00,2018-09-10T04:01:00,take_profit,take_profit,1.277777777777778,1.277777777777778,False,False,False
SECONDARY_W0_2018_2020,S2->S3,raw_episode_id plus within-episode trade ordinal,222,0,S2_000075,S3_000075,2018-09-11T04:04:00,2018-09-11T04:04:00,2018-09-11T04:42:00,2018-09-11T04:42:00,stop_loss,stop_loss,-1.0555555555554548,-1.0555555555554548,False,False,False
SECONDARY_W0_2018_2020,S2->S3,raw_episode_id plus within-episode trade ordinal,230,0,S2_000076,S3_000076,2018-09-11T04:48:00,2018-09-11T04:48:00,2018-09-11T05:41:00,2018-09-11T05:41:00,stop_loss,stop_loss,-1.0555555555554548,-1.0555555555554548,False,False,False
SECONDARY_W0_2018_2020,S2->S3,raw_episode_id plus within-episode trade ordinal,231,0,S2_000077,S3_000077,2018-09-17T02:21:00,2018-09-17T02:21:00,2018-09-17T02:28:00,2018-09-17T02:28:00,stop_loss,stop_loss,-1.0555555555554548,-1.0555555555554548,False,False,False
SECONDARY_W0_2018_2020,S2->S3,raw_episode_id plus within-episode trade ordinal,240,0,S2_000078,S3_000078,2018-09-17T04:30:00,2018-09-17T04:30:00,2018-09-17T05:01:00,2018-09-17T05:01:00,stop_loss,stop_loss,-1.0555555555554548,-1.0555555555554548,False,False,False
SECONDARY_W0_2018_2020,S2->S3,raw_episode_id plus within-episode trade ordinal,242,0,S2_000079,S3_000079,2018-09-19T01:03:00,2018-09-19T01:03:00,2018-09-19T01:38:00,2018-09-19T01:38:00,take_profit,take_profit,1.277777777777778,1.277777777777778,False,False,False
SECONDARY_W0_2018_2020,S2->S3,raw_episode_id plus within-episode trade ordinal,243,0,S2_000080,S3_000080,2018-09-19T04:01:00,2018-09-19T04:01:00,2018-09-19T05:31:00,2018-09-19T05:31:00,timeout,timeout,0.933333333333394,0.933333333333394,False,False,False
SECONDARY_W0_2018_2020,S2->S3,raw_episode_id plus within-episode trade ordinal,247,0,S2_000081,S3_000081,2018-09-24T02:01:00,2018-09-24T02:01:00,2018-09-24T02:16:00,2018-09-24T02:16:00,stop_loss,stop_loss,-1.0555555555554548,-1.0555555555554548,False,False,False
SECONDARY_W0_2018_2020,S2->S3,raw_episode_id plus within-episode trade ordinal,249,0,S2_000082,S3_000082,2018-09-24T02:17:00,2018-09-24T02:17:00,2018-09-24T03:27:00,2018-09-24T03:27:00,stop_loss,stop_loss,-1.0555555555554548,-1.0555555555554548,False,False,False
SECONDARY_W0_2018_2020,S2->S3,raw_episode_id plus within-episode trade ordinal,252,0,S2_000083,S3_000083,2018-09-24T03:29:00,2018-09-24T03:29:00,2018-09-24T03:38:00,2018-09-24T03:38:00,stop_loss,stop_loss,-1.0555555555554548,-1.0555555555554548,False,False,False
SECONDARY_W0_2018_2020,S2->S3,raw_episode_id plus within-episode trade ordinal,253,0,S2_000084,S3_000084,2018-09-25T03:16:00,2018-09-25T03:16:00,2018-09-25T03:32:00,2018-09-25T03:32:00,stop_loss,stop_loss,-1.0555555555554548,-1.0555555555554548,False,False,False
SECONDARY_W0_2018_2020,S2->S3,raw_episode_id plus within-episode trade ordinal,258,0,S2_000085,S3_000085,2018-09-26T03:28:00,2018-09-26T03:28:00,2018-09-26T03:36:00,2018-09-26T03:36:00,stop_loss,stop_loss,-1.0555555555554548,-1.0555555555554548,False,False,False
SECONDARY_W0_2018_2020,S2->S3,raw_episode_id plus within-episode trade ordinal,264,0,S2_000086,S3_000086,2018-10-02T01:04:00,2018-10-02T01:04:00,2018-10-02T02:53:00,2018-10-02T02:53:00,timeout,timeout,-0.19999999999991921,-0.19999999999991921,False,False,False
SECONDARY_W0_2018_2020,S2->S3,raw_episode_id plus within-episode trade ordinal,266,0,S2_000087,S3_000087,2018-10-04T03:02:00,2018-10-04T03:02:00,2018-10-04T04:32:00,2018-10-04T04:32:00,timeout,timeout,-0.055555555555353485,-0.055555555555353485,False,False,False
SECONDARY_W0_2018_2020,S2->S3,raw_episode_id plus within-episode trade ordinal,267,0,S2_000088,S3_000088,2018-10-10T01:55:00,2018-10-10T01:55:00,2018-10-10T03:32:00,2018-10-10T03:32:00,timeout,timeout,0.2111111111113233,0.2111111111113233,False,False,False
SECONDARY_W0_2018_2020,S2->S3,raw_episode_id plus within-episode trade ordinal,268,0,S2_000089,S3_000089,2018-11-09T04:53:00,2018-11-09T04:53:00,2018-11-09T05:37:00,2018-11-09T05:37:00,stop_loss,stop_loss,-1.0555555555554548,-1.0588235294116577,False,False,False
SECONDARY_W0_2018_2020,S2->S3,raw_episode_id plus within-episode trade ordinal,269,0,S2_000090,S3_000090,2018-11-12T03:13:00,2018-11-12T03:13:00,2018-11-12T03:44:00,2018-11-12T03:44:00,take_profit,take_profit,1.277777777777778,1.5308641975308643,False,False,False
SECONDARY_W0_2018_2020,S2->S3,raw_episode_id plus within-episode trade ordinal,271,0,S2_000091,S3_000091,2018-11-12T04:16:00,2018-11-12T04:16:00,2018-11-12T04:26:00,2018-11-12T04:26:00,stop_loss,stop_loss,-1.0555555555554548,-1.0609756097559868,False,False,False
SECONDARY_W0_2018_2020,S2->S3,raw_episode_id plus within-episode trade ordinal,272,0,S2_000092,S3_000092,2018-11-12T04:27:00,2018-11-12T04:27:00,2018-11-12T05:57:00,2018-11-12T05:57:00,timeout,timeout,-0.6888888888888689,-0.6666666666666451,False,False,False
SECONDARY_W0_2018_2020,S2->S3,raw_episode_id plus within-episode trade ordinal,278,0,S2_000093,S3_000093,2018-11-13T04:26:00,2018-11-13T04:26:00,2018-11-13T05:56:00,2018-11-13T05:56:00,timeout,timeout,0.822222222222384,1.0000000000001774,False,False,False
SECONDARY_W0_2018_2020,S2->S3,raw_episode_id plus within-episode trade ordinal,280,0,S2_000094,S3_000094,2018-11-14T04:28:00,2018-11-14T04:28:00,2018-11-14T05:58:00,2018-11-14T05:58:00,timeout,timeout,0.22222222222217167,0.35802469135796855,False,False,False
SECONDARY_W0_2018_2020,S2->S3,raw_episode_id plus within-episode trade ordinal,283,0,S2_000095,S3_000095,2018-11-28T03:18:00,2018-11-28T03:18:00,2018-11-28T04:50:00,2018-11-28T04:50:00,timeout,timeout,0.3666666666667374,0.46428571428579013,False,False,False
SECONDARY_W0_2018_2020,S2->S3,raw_episode_id plus within-episode trade ordinal,289,0,S2_000096,S3_000096,2018-11-28T04:55:00,2018-11-28T04:55:00,2018-11-28T05:51:00,2018-11-28T05:51:00,stop_loss,stop_loss,-1.0555555555554548,-1.0624999999998863,False,False,False
SECONDARY_W0_2018_2020,S2->S3,raw_episode_id plus within-episode trade ordinal,292,0,S2_000097,S3_000097,2018-12-14T04:54:00,2018-12-14T04:54:00,2018-12-14T06:24:00,2018-12-14T06:24:00,timeout,timeout,-0.7666666666665759,-0.755813953488277,False,False,False
SECONDARY_W0_2018_2020,S2->S3,raw_episode_id plus within-episode trade ordinal,312,0,S2_000098,S3_000098,2019-01-18T08:51:00,2019-01-18T08:51:00,2019-01-18T09:17:00,2019-01-18T09:17:00,stop_loss,stop_loss,-1.0555555555554548,-1.0609756097559868,False,False,False
SECONDARY_W0_2018_2020,S2->S3,raw_episode_id plus within-episode trade ordinal,313,0,S2_000099,S3_000099,2019-01-22T03:32:00,2019-01-22T03:32:00,2019-01-22T04:00:00,2019-01-22T04:00:00,stop_loss,stop_loss,-1.0555555555554548,-1.061728395061616,False,False,False
SECONDARY_W0_2018_2020,S2->S3,raw_episode_id plus within-episode trade ordinal,315,0,S2_000100,S3_000100,2019-02-08T04:51:00,2019-02-08T04:51:00,2019-02-08T05:03:00,2019-02-08T05:03:00,stop_loss,stop_loss,-1.0555555555554548,-1.0581395348836153,False,False,False
SECONDARY_W0_2018_2020,S2->S3,raw_episode_id plus within-episode trade ordinal,317,0,S2_000101,S3_000101,2019-02-13T04:26:00,2019-02-13T04:26:00,2019-02-13T05:56:00,2019-02-13T05:56:00,timeout,timeout,0.34444444444428274,0.39080459770098214,False,False,False
SECONDARY_W0_2018_2020,S2->S3,raw_episode_id plus within-episode trade ordinal,318,0,S2_000102,S3_000102,2019-02-13T08:07:00,2019-02-13T08:07:00,2019-02-13T09:13:00,2019-02-13T09:13:00,stop_loss,stop_loss,-1.0555555555554548,-1.0588235294116577,False,False,False
SECONDARY_W0_2018_2020,S2->S3,raw_episode_id plus within-episode trade ordinal,332,0,S2_000103,S3_000103,2019-02-19T04:18:00,2019-02-19T04:18:00,2019-02-19T05:48:00,2019-02-19T05:48:00,timeout,timeout,-0.411111111111091,-0.36904761904759736,False,False,False
SECONDARY_W0_2018_2020,S2->S3,raw_episode_id plus within-episode trade ordinal,333,0,S2_000104,S3_000104,2019-03-11T04:02:00,2019-03-11T04:02:00,2019-03-11T05:32:00,2019-03-11T05:32:00,timeout,timeout,0.45555555555554544,0.5783132530120372,False,False,False
SECONDARY_W0_2018_2020,S2->S3,raw_episode_id plus within-episode trade ordinal,336,0,S2_000105,S3_000105,2019-03-11T08:23:00,2019-03-11T08:23:00,2019-03-11T08:42:00,2019-03-11T08:42:00,stop_loss,stop_loss,-1.0555555555554548,-1.0609756097559868,False,False,False
SECONDARY_W0_2018_2020,S2->S3,raw_episode_id plus within-episode trade ordinal,338,0,S2_000106,S3_000106,2019-03-12T04:01:00,2019-03-12T04:01:00,2019-03-12T05:09:00,2019-03-12T05:09:00,take_profit,take_profit,1.277777777777778,1.4698795180722892,False,False,False
SECONDARY_W0_2018_2020,S2->S3,raw_episode_id plus within-episode trade ordinal,342,0,S2_000107,S3_000107,2019-03-13T04:07:00,2019-03-13T04:07:00,2019-03-13T04:40:00,2019-03-13T04:40:00,take_profit,take_profit,1.277777777777778,1.5308641975308643,False,False,False
SECONDARY_W0_2018_2020,S2->S3,raw_episode_id plus within-episode trade ordinal,346,0,S2_000108,S3_000108,2019-03-13T04:56:00,2019-03-13T04:56:00,2019-03-13T05:43:00,2019-03-13T05:43:00,stop_loss,stop_loss,-1.0555555555554548,-1.0581395348836153,False,False,False
SECONDARY_W0_2018_2020,S2->S3,raw_episode_id plus within-episode trade ordinal,349,0,S2_000109,S3_000109,2019-03-18T04:21:00,2019-03-18T04:21:00,2019-03-18T05:51:00,2019-03-18T05:51:00,timeout,timeout,0.18888888888886865,0.2588235294117433,False,False,False
SECONDARY_W0_2018_2020,S2->S3,raw_episode_id plus within-episode trade ordinal,350,0,S2_000110,S3_000110,2019-03-19T04:01:00,2019-03-19T04:01:00,2019-03-19T04:29:00,2019-03-19T04:29:00,take_profit,take_profit,1.277777777777778,1.411764705882353,False,False,False
SECONDARY_W0_2018_2020,S2->S3,raw_episode_id plus within-episode trade ordinal,351,0,S2_000111,S3_000111,2019-03-19T04:41:00,2019-03-19T04:41:00,2019-03-19T06:11:00,2019-03-19T06:11:00,timeout,timeout,-0.34444444444448497,-0.28048780487809316,False,False,False
SECONDARY_W0_2018_2020,S2->S3,raw_episode_id plus within-episode trade ordinal,366,0,S2_000112,S3_000112,2019-03-20T04:09:00,2019-03-20T04:09:00,2019-03-20T04:24:00,2019-03-20T04:24:00,stop_loss,stop_loss,-1.0555555555554548,-1.0581395348836153,False,False,False
SECONDARY_W0_2018_2020,S2->S3,raw_episode_id plus within-episode trade ordinal,369,0,S2_000113,S3_000113,2019-03-20T04:25:00,2019-03-20T04:25:00,2019-03-20T05:55:00,2019-03-20T05:55:00,timeout,timeout,-0.05555555555560612,0.024096385542113855,False,False,True
SECONDARY_W0_2018_2020,S2->S3,raw_episode_id plus within-episode trade ordinal,372,0,S2_000114,S3_000114,2019-03-20T08:26:00,2019-03-20T08:26:00,2019-03-20T08:52:00,2019-03-20T08:52:00,stop_loss,stop_loss,-1.0555555555554548,-1.0588235294116577,False,False,False
SECONDARY_W0_2018_2020,S2->S3,raw_episode_id plus within-episode trade ordinal,375,0,S2_000115,S3_000115,2019-04-03T03:36:00,2019-04-03T03:36:00,2019-04-03T03:42:00,2019-04-03T03:42:00,stop_loss,stop_loss,-1.0555555555554548,-1.0568181818180786,False,False,False
SECONDARY_W0_2018_2020,S2->S3,raw_episode_id plus within-episode trade ordinal,376,0,S2_000116,S3_000116,2019-04-04T03:02:00,2019-04-04T03:02:00,2019-04-04T04:03:00,2019-04-04T04:03:00,stop_loss,stop_loss,-1.0555555555554548,-1.0609756097559868,False,False,False
SECONDARY_W0_2018_2020,S2->S3,raw_episode_id plus within-episode trade ordinal,378,0,S2_000117,S3_000117,2019-04-05T04:04:00,2019-04-05T04:04:00,2019-04-05T04:17:00,2019-04-05T04:17:00,stop_loss,stop_loss,-1.0555555555554548,-1.0588235294116577,False,False,False
SECONDARY_W0_2018_2020,S2->S3,raw_episode_id plus within-episode trade ordinal,380,0,S2_000118,S3_000118,2019-04-08T03:01:00,2019-04-08T03:01:00,2019-04-08T03:54:00,2019-04-08T03:54:00,take_profit,take_profit,1.277777777777778,1.4698795180722892,False,False,False
SECONDARY_W0_2018_2020,S2->S3,raw_episode_id plus within-episode trade ordinal,386,0,S2_000119,S3_000119,2019-04-08T04:24:00,2019-04-08T04:24:00,2019-04-08T04:33:00,2019-04-08T04:33:00,take_profit,take_profit,1.277777777777778,1.5,False,False,False
SECONDARY_W0_2018_2020,S2->S3,raw_episode_id plus within-episode trade ordinal,387,0,S2_000120,S3_000120,2019-04-09T03:02:00,2019-04-09T03:02:00,2019-04-09T03:08:00,2019-04-09T03:08:00,stop_loss,stop_loss,-1.0555555555554548,-1.0595238095237014,False,False,False
SECONDARY_W0_2018_2020,S2->S3,raw_episode_id plus within-episode trade ordinal,387,1,S2_000121,S3_000121,2019-04-09T03:11:00,2019-04-09T03:11:00,2019-04-09T03:20:00,2019-04-09T03:20:00,stop_loss,stop_loss,-1.0555555555554548,-1.0581395348836153,False,False,False
SECONDARY_W0_2018_2020,S2->S3,raw_episode_id plus within-episode trade ordinal,388,0,S2_000122,S3_000122,2019-04-09T03:25:00,2019-04-09T03:25:00,2019-04-09T03:47:00,2019-04-09T03:47:00,take_profit,take_profit,1.277777777777778,1.4698795180722892,False,False,False
SECONDARY_W0_2018_2020,S2->S3,raw_episode_id plus within-episode trade ordinal,389,0,S2_000123,S3_000123,2019-04-16T04:01:00,2019-04-16T04:01:00,2019-04-16T04:16:00,2019-04-16T04:16:00,stop_loss,stop_loss,-1.0555555555554548,-1.0588235294116577,False,False,False
SECONDARY_W0_2018_2020,S2->S3,raw_episode_id plus within-episode trade ordinal,390,0,S2_000124,S3_000124,2019-04-22T04:19:00,2019-04-22T04:19:00,2019-04-22T04:55:00,2019-04-22T04:55:00,take_profit,take_profit,1.277777777777778,1.411764705882353,False,False,False
SECONDARY_W0_2018_2020,S2->S3,raw_episode_id plus within-episode trade ordinal,399,0,S2_000125,S3_000125,2019-04-23T03:01:00,2019-04-23T03:01:00,2019-04-23T03:15:00,2019-04-23T03:15:00,stop_loss,stop_loss,-1.0555555555554548,-1.0609756097559868,False,False,False
SECONDARY_W0_2018_2020,S2->S3,raw_episode_id plus within-episode trade ordinal,399,1,S2_000126,S3_000126,2019-04-23T03:16:00,2019-04-23T03:16:00,2019-04-23T03:57:00,2019-04-23T03:57:00,take_profit,take_profit,1.277777777777778,1.4698795180722892,False,False,False
SECONDARY_W0_2018_2020,S2->S3,raw_episode_id plus within-episode trade ordinal,400,0,S2_000127,S3_000127,2019-04-23T03:59:00,2019-04-23T03:59:00,2019-04-23T04:08:00,2019-04-23T04:08:00,stop_loss,stop_loss,-1.0555555555554548,-1.061728395061616,False,False,False
SECONDARY_W0_2018_2020,S2->S3,raw_episode_id plus within-episode trade ordinal,403,0,S2_000128,S3_000128,2019-04-23T04:11:00,2019-04-23T04:11:00,2019-04-23T05:30:00,2019-04-23T05:30:00,stop_loss,stop_loss,-1.0555555555554548,-1.0632911392403912,False,False,False
SECONDARY_W0_2018_2020,S2->S3,raw_episode_id plus within-episode trade ordinal,408,0,S2_000129,S3_000129,2019-04-24T03:01:00,2019-04-24T03:01:00,2019-04-24T03:38:00,2019-04-24T03:38:00,stop_loss,stop_loss,-1.0555555555554548,-1.0595238095237014,False,False,False
SECONDARY_W0_2018_2020,S2->S3,raw_episode_id plus within-episode trade ordinal,413,0,S2_000130,S3_000130,2019-04-25T01:01:00,2019-04-25T01:01:00,2019-04-25T01:12:00,2019-04-25T01:12:00,stop_loss,stop_loss,-1.0555555555554548,-1.0568181818180786,False,False,False
SECONDARY_W0_2018_2020,S2->S3,raw_episode_id plus within-episode trade ordinal,420,0,S2_000131,S3_000131,2019-04-25T03:17:00,2019-04-25T03:17:00,2019-04-25T04:03:00,2019-04-25T04:03:00,take_profit,take_profit,1.277777777777778,1.5,False,False,False
SECONDARY_W0_2018_2020,S2->S3,raw_episode_id plus within-episode trade ordinal,424,0,S2_000132,S3_000132,2019-04-25T04:04:00,2019-04-25T04:04:00,2019-04-25T04:13:00,2019-04-25T04:13:00,stop_loss,stop_loss,-1.0555555555554548,-1.0602409638553123,False,False,False
SECONDARY_W0_2018_2020,S2->S3,raw_episode_id plus within-episode trade ordinal,427,0,S2_000133,S3_000133,2019-04-25T04:15:00,2019-04-25T04:15:00,2019-04-25T05:13:00,2019-04-25T05:13:00,take_profit,take_profit,1.277777777777778,1.5308641975308643,False,False,False
SECONDARY_W0_2018_2020,S2->S3,raw_episode_id plus within-episode trade ordinal,433,0,S2_000134,S3_000134,2019-04-26T02:58:00,2019-04-26T02:58:00,2019-04-26T03:19:00,2019-04-26T03:19:00,stop_loss,stop_loss,-1.0555555555554548,-1.0581395348836153,False,False,False
SECONDARY_W0_2018_2020,S2->S3,raw_episode_id plus within-episode trade ordinal,438,0,S2_000135,S3_000135,2019-04-26T04:52:00,2019-04-26T04:52:00,2019-04-26T05:36:00,2019-04-26T05:36:00,take_profit,take_profit,1.277777777777778,1.5949367088607593,False,False,False
SECONDARY_W0_2018_2020,S2->S3,raw_episode_id plus within-episode trade ordinal,448,0,S2_000136,S3_000136,2019-04-26T08:08:00,2019-04-26T08:08:00,2019-04-26T09:32:00,2019-04-26T09:32:00,take_profit,take_profit,1.277777777777778,1.4404761904761905,False,False,False
SECONDARY_W0_2018_2020,S2->S3,raw_episode_id plus within-episode trade ordinal,454,0,S2_000137,S3_000137,2019-04-26T09:55:00,2019-04-26T09:55:00,2019-04-26T10:00:00,2019-04-26T10:00:00,stop_loss,stop_loss,-1.0555555555554548,-1.0624999999998863,False,False,False
SECONDARY_W0_2018_2020,S2->S3,raw_episode_id plus within-episode trade ordinal,459,0,S2_000138,S3_000138,2019-04-29T02:37:00,2019-04-29T02:37:00,2019-04-29T03:27:00,2019-04-29T03:27:00,stop_loss,stop_loss,-1.0555555555554548,-1.0632911392403912,False,False,False
SECONDARY_W0_2018_2020,S2->S3,raw_episode_id plus within-episode trade ordinal,460,0,S2_000139,S3_000139,2019-04-29T03:28:00,2019-04-29T03:28:00,2019-04-29T04:58:00,2019-04-29T04:58:00,timeout,timeout,-0.18888888888881822,-0.15116279069760039,False,False,False
SECONDARY_W0_2018_2020,S2->S3,raw_episode_id plus within-episode trade ordinal,468,0,S2_000140,S3_000140,2019-04-30T03:01:00,2019-04-30T03:01:00,2019-04-30T04:11:00,2019-04-30T04:11:00,take_profit,take_profit,1.277777777777778,1.4698795180722892,False,False,False
SECONDARY_W0_2018_2020,S2->S3,raw_episode_id plus within-episode trade ordinal,470,0,S2_000141,S3_000141,2019-04-30T04:13:00,2019-04-30T04:13:00,2019-04-30T05:43:00,2019-04-30T05:43:00,timeout,timeout,-0.348942598187317,-0.32018927444795675,False,False,False
SECONDARY_W0_2018_2020,S2->S3,raw_episode_id plus within-episode trade ordinal,476,0,S2_000142,S3_000142,2019-05-01T01:01:00,2019-05-01T01:01:00,2019-05-01T01:45:00,2019-05-01T01:45:00,stop_loss,stop_loss,-1.0555555555554548,-1.0581395348836153,False,False,False
SECONDARY_W0_2018_2020,S2->S3,raw_episode_id plus within-episode trade ordinal,479,0,S2_000143,S3_000143,2019-05-01T01:46:00,2019-05-01T01:46:00,2019-05-01T03:16:00,2019-05-01T03:16:00,timeout,timeout,0.18888888888886865,0.28915662650600216,False,False,False
SECONDARY_W0_2018_2020,S2->S3,raw_episode_id plus within-episode trade ordinal,484,0,S2_000144,S3_000144,2019-05-01T03:22:00,2019-05-01T03:22:00,2019-05-01T03:31:00,2019-05-01T03:31:00,stop_loss,stop_loss,-1.0555555555554548,-1.0602409638553123,False,False,False
SECONDARY_W0_2018_2020,S2->S3,raw_episode_id plus within-episode trade ordinal,484,1,S2_000145,S3_000145,2019-05-01T03:32:00,2019-05-01T03:32:00,2019-05-01T04:20:00,2019-05-01T04:20:00,stop_loss,stop_loss,-1.0555555555554548,-1.0602409638553123,False,False,False
SECONDARY_W0_2018_2020,S2->S3,raw_episode_id plus within-episode trade ordinal,485,0,S2_000146,S3_000146,2019-05-01T04:26:00,2019-05-01T04:26:00,2019-05-01T05:16:00,2019-05-01T05:16:00,stop_loss,stop_loss,-1.0555555555554548,-1.0588235294116577,False,False,False
SECONDARY_W0_2018_2020,S2->S3,raw_episode_id plus within-episode trade ordinal,494,0,S2_000147,S3_000147,2019-05-03T04:02:00,2019-05-03T04:02:00,2019-05-03T04:20:00,2019-05-03T04:20:00,stop_loss,stop_loss,-1.0555555555554548,-1.0574712643677115,False,False,False
SECONDARY_W0_2018_2020,S2->S3,raw_episode_id plus within-episode trade ordinal,495,0,S2_000148,S3_000148,2019-05-07T03:01:00,2019-05-07T03:01:00,2019-05-07T03:34:00,2019-05-07T03:34:00,stop_loss,stop_loss,-1.0555555555554548,-1.0632911392403912,False,False,False
SECONDARY_W0_2018_2020,S2->S3,raw_episode_id plus within-episode trade ordinal,508,0,S2_000149,S3_000149,2019-05-08T03:01:00,2019-05-08T03:01:00,2019-05-08T03:20:00,2019-05-08T03:20:00,stop_loss,stop_loss,-1.0555555555554548,-1.0641025641024475,False,False,False
SECONDARY_W0_2018_2020,S2->S3,raw_episode_id plus within-episode trade ordinal,517,0,S2_000150,S3_000150,2019-05-08T08:05:00,2019-05-08T08:05:00,2019-05-08T09:35:00,2019-05-08T09:35:00,timeout,timeout,0.2444444444443737,0.3176470588234545,False,False,False
SECONDARY_W0_2018_2020,S2->S3,raw_episode_id plus within-episode trade ordinal,525,0,S2_000151,S3_000151,2019-05-09T03:01:00,2019-05-09T03:01:00,2019-05-09T03:31:00,2019-05-09T03:31:00,take_profit,take_profit,1.277777777777778,1.5308641975308643,False,False,False
SECONDARY_W0_2018_2020,S2->S3,raw_episode_id plus within-episode trade ordinal,528,0,S2_000152,S3_000152,2019-05-13T04:17:00,2019-05-13T04:17:00,2019-05-13T04:45:00,2019-05-13T04:45:00,stop_loss,stop_loss,-1.0555555555554548,-1.0588235294116577,False,False,False
SECONDARY_W0_2018_2020,S2->S3,raw_episode_id plus within-episode trade ordinal,533,0,S2_000153,S3_000153,2019-05-15T03:01:00,2019-05-15T03:01:00,2019-05-15T04:31:00,2019-05-15T04:31:00,timeout,timeout,-0.3000000000000809,-0.1923076923077856,False,False,False
SECONDARY_W0_2018_2020,S2->S3,raw_episode_id plus within-episode trade ordinal,535,0,S2_000154,S3_000154,2019-05-15T04:32:00,2019-05-15T04:32:00,2019-05-15T05:00:00,2019-05-15T05:00:00,stop_loss,stop_loss,-1.0555555555554548,-1.0595238095237014,False,False,False
SECONDARY_W0_2018_2020,S2->S3,raw_episode_id plus within-episode trade ordinal,540,0,S2_000155,S3_000155,2019-05-16T03:21:00,2019-05-16T03:21:00,2019-05-16T04:51:00,2019-05-16T04:51:00,timeout,timeout,-0.3333333333331313,-0.3333333333331313,False,False,False
SECONDARY_W0_2018_2020,S2->S3,raw_episode_id plus within-episode trade ordinal,545,0,S2_000156,S3_000156,2019-05-17T04:17:00,2019-05-17T04:17:00,2019-05-17T05:47:00,2019-05-17T05:47:00,timeout,timeout,-0.5666666666667578,-0.5357142857143832,False,False,False
SECONDARY_W0_2018_2020,S2->S3,raw_episode_id plus within-episode trade ordinal,546,0,S2_000157,S3_000157,2019-05-20T03:01:00,2019-05-20T03:01:00,2019-05-20T03:05:00,2019-05-20T03:05:00,stop_loss,stop_loss,-1.0555555555554548,-1.0602409638553123,False,False,False
SECONDARY_W0_2018_2020,S2->S3,raw_episode_id plus within-episode trade ordinal,553,0,S2_000158,S3_000158,2019-05-21T04:01:00,2019-05-21T04:01:00,2019-05-21T04:03:00,2019-05-21T04:03:00,stop_loss,stop_loss,-1.0555555555554548,-1.0602409638553123,False,False,False
SECONDARY_W0_2018_2020,S2->S3,raw_episode_id plus within-episode trade ordinal,554,0,S2_000159,S3_000159,2019-05-22T03:05:00,2019-05-22T03:05:00,2019-05-22T03:54:00,2019-05-22T03:54:00,stop_loss,stop_loss,-1.0555555555554548,-1.0588235294116577,False,False,False
SECONDARY_W0_2018_2020,S2->S3,raw_episode_id plus within-episode trade ordinal,556,0,S2_000160,S3_000160,2019-05-24T03:25:00,2019-05-24T03:25:00,2019-05-24T03:46:00,2019-05-24T03:46:00,stop_loss,stop_loss,-1.0555555555554548,-1.0595238095237014,False,False,False
SECONDARY_W0_2018_2020,S2->S3,raw_episode_id plus within-episode trade ordinal,572,0,S2_000161,S3_000161,2019-05-24T08:01:00,2019-05-24T08:01:00,2019-05-24T09:02:00,2019-05-24T09:02:00,stop_loss,stop_loss,-1.0555555555554548,-1.0609756097559868,False,False,False
SECONDARY_W0_2018_2020,S2->S3,raw_episode_id plus within-episode trade ordinal,579,0,S2_000162,S3_000162,2019-05-27T01:57:00,2019-05-27T01:57:00,2019-05-27T02:31:00,2019-05-27T02:31:00,stop_loss,stop_loss,-1.0555555555554548,-1.0574712643677115,False,False,False
SECONDARY_W0_2018_2020,S2->S3,raw_episode_id plus within-episode trade ordinal,588,0,S2_000163,S3_000163,2019-05-27T04:35:00,2019-05-27T04:35:00,2019-05-27T06:05:00,2019-05-27T06:05:00,timeout,timeout,-0.4333333333335456,-0.3703703703706062,False,False,False
SECONDARY_W0_2018_2020,S2->S3,raw_episode_id plus within-episode trade ordinal,595,0,S2_000164,S3_000164,2019-05-27T08:07:00,2019-05-27T08:07:00,2019-05-27T08:55:00,2019-05-27T08:55:00,stop_loss,stop_loss,-1.0555555555554548,-1.0588235294116577,False,False,False
SECONDARY_W0_2018_2020,S2->S3,raw_episode_id plus within-episode trade ordinal,607,0,S2_000165,S3_000165,2019-05-27T11:31:00,2019-05-27T11:31:00,2019-05-27T11:59:00,2019-05-27T11:59:00,stop_loss,stop_loss,-1.0555555555554548,-1.0581395348836153,False,False,False
SECONDARY_W0_2018_2020,S2->S3,raw_episode_id plus within-episode trade ordinal,610,0,S2_000166,S3_000166,2019-05-28T03:01:00,2019-05-28T03:01:00,2019-05-28T03:30:00,2019-05-28T03:30:00,stop_loss,stop_loss,-1.0555555555554548,-1.0609756097559868,False,False,False
SECONDARY_W0_2018_2020,S2->S3,raw_episode_id plus within-episode trade ordinal,614,0,S2_000167,S3_000167,2019-05-28T08:39:00,2019-05-28T08:39:00,2019-05-28T08:55:00,2019-05-28T08:55:00,stop_loss,stop_loss,-1.0555555555554548,-1.0649350649349467,False,False,False
SECONDARY_W0_2018_2020,S2->S3,raw_episode_id plus within-episode trade ordinal,615,0,S2_000168,S3_000168,2019-05-29T03:13:00,2019-05-29T03:13:00,2019-05-29T04:00:00,2019-05-29T04:00:00,stop_loss,stop_loss,-1.0555555555554548,-1.0675675675674445,False,False,False
SECONDARY_W0_2018_2020,S2->S3,raw_episode_id plus within-episode trade ordinal,616,0,S2_000169,S3_000169,2019-05-31T04:01:00,2019-05-31T04:01:00,2019-05-31T05:05:00,2019-05-31T05:05:00,stop_loss,stop_loss,-1.0555555555554548,-1.0649350649349467,False,False,False
SECONDARY_W0_2018_2020,S2->S3,raw_episode_id plus within-episode trade ordinal,620,0,S2_000170,S3_000170,2019-09-09T04:10:00,2019-09-09T04:10:00,2019-09-09T04:33:00,2019-09-09T04:33:00,stop_loss,stop_loss,-1.0222929936305265,-1.0231175693526597,False,False,False
SECONDARY_W0_2018_2020,S2->S3,raw_episode_id plus within-episode trade ordinal,621,0,S2_000171,S3_000171,2019-09-18T03:19:00,2019-09-18T03:19:00,2019-09-18T04:34:00,2019-09-18T04:34:00,stop_loss,stop_loss,-1.0555555555554548,-1.0588235294116577,False,False,False
SECONDARY_W0_2018_2020,S2->S3,raw_episode_id plus within-episode trade ordinal,625,0,S2_000172,S3_000172,2019-10-25T08:27:00,2019-10-25T08:27:00,2019-10-25T08:38:00,2019-10-25T08:38:00,take_profit,take_profit,1.277777777777778,1.6282051282051282,False,False,False
SECONDARY_W0_2018_2020,S2->S3,raw_episode_id plus within-episode trade ordinal,626,0,S2_000173,S3_000173,2019-11-12T03:09:00,2019-11-12T03:09:00,2019-11-12T04:39:00,2019-11-12T04:39:00,timeout,timeout,-0.880908532842315,-0.8741485566007983,False,False,False
SECONDARY_W0_2018_2020,S2->S3,raw_episode_id plus within-episode trade ordinal,627,0,S2_000174,S3_000174,2019-11-18T03:41:00,2019-11-18T03:41:00,2019-11-18T03:57:00,2019-11-18T03:57:00,stop_loss,stop_loss,-1.0555555555554548,-1.0632911392403912,False,False,False
SECONDARY_W0_2018_2020,S2->S3,raw_episode_id plus within-episode trade ordinal,628,0,S2_000175,S3_000175,2019-11-18T03:58:00,2019-11-18T03:58:00,2019-11-18T05:28:00,2019-11-18T05:28:00,timeout,timeout,-0.2111111111110202,-0.11249999999989768,False,False,False
SECONDARY_W0_2018_2020,S2->S3,raw_episode_id plus within-episode trade ordinal,630,0,S2_000176,S3_000176,2019-11-25T03:02:00,2019-11-25T03:02:00,2019-11-25T03:05:00,2019-11-25T03:05:00,stop_loss,stop_loss,-1.0555555555554548,-1.0657894736840907,False,False,False
SECONDARY_W0_2018_2020,S2->S3,raw_episode_id plus within-episode trade ordinal,634,0,S2_000177,S3_000177,2019-11-26T03:02:00,2019-11-26T03:02:00,2019-11-26T03:06:00,2019-11-26T03:06:00,stop_loss,stop_loss,-1.0555555555554548,-1.0624999999998863,False,False,False
SECONDARY_W0_2018_2020,S2->S3,raw_episode_id plus within-episode trade ordinal,644,0,S2_000178,S3_000178,2019-11-27T04:40:00,2019-11-27T04:40:00,2019-11-27T06:10:00,2019-11-27T06:10:00,timeout,timeout,-0.7333333333332729,-0.6883116883116174,False,False,False
SECONDARY_W0_2018_2020,S2->S3,raw_episode_id plus within-episode trade ordinal,645,0,S2_000179,S3_000179,2019-12-03T04:04:00,2019-12-03T04:04:00,2019-12-03T04:23:00,2019-12-03T04:23:00,stop_loss,stop_loss,-1.0555555555554548,-1.061728395061616,False,False,False
SECONDARY_W0_2018_2020,S2->S3,raw_episode_id plus within-episode trade ordinal,646,0,S2_000180,S3_000180,2019-12-10T03:15:00,2019-12-10T03:15:00,2019-12-10T04:45:00,2019-12-10T04:45:00,timeout,timeout,-0.2555555555556769,-0.14102564102578097,False,False,False
SECONDARY_W0_2018_2020,S2->S3,raw_episode_id plus within-episode trade ordinal,649,0,S2_000181,S3_000181,2019-12-11T01:02:00,2019-12-11T01:04:00,2019-12-11T01:22:00,2019-12-11T01:22:00,stop_loss,stop_loss,-1.0555555555554548,-1.0480769230768356,True,False,False
SECONDARY_W0_2018_2020,S2->S3,raw_episode_id plus within-episode trade ordinal,661,0,S2_000182,S3_000182,2019-12-11T03:22:00,2019-12-11T03:22:00,2019-12-11T04:09:00,2019-12-11T04:09:00,stop_loss,stop_loss,-1.0555555555554548,-1.0624999999998863,False,False,False
SECONDARY_W0_2018_2020,S2->S3,raw_episode_id plus within-episode trade ordinal,663,0,S2_000183,S3_000183,2019-12-12T04:00:00,2019-12-12T04:00:00,2019-12-12T05:30:00,2019-12-12T05:30:00,timeout,timeout,0.7222222222222222,0.8674698795180723,False,False,False
SECONDARY_W0_2018_2020,S2->S3,raw_episode_id plus within-episode trade ordinal,674,0,S2_000184,S3_000184,2019-12-16T03:33:00,2019-12-16T03:33:00,2019-12-16T04:30:00,2019-12-16T04:30:00,take_profit,take_profit,1.277777777777778,1.6282051282051282,False,False,False
SECONDARY_W0_2018_2020,S2->S3,raw_episode_id plus within-episode trade ordinal,680,0,S2_000185,S3_000185,2019-12-16T04:51:00,2019-12-16T04:51:00,2019-12-16T05:31:00,2019-12-16T05:31:00,stop_loss,stop_loss,-1.0555555555554548,-1.0632911392403912,False,False,False
SECONDARY_W0_2018_2020,S2->S3,raw_episode_id plus within-episode trade ordinal,689,0,S2_000186,S3_000186,2019-12-17T03:01:00,2019-12-17T03:01:00,2019-12-17T03:31:00,2019-12-17T03:31:00,stop_loss,stop_loss,-1.0555555555554548,-1.061728395061616,False,False,False
SECONDARY_W0_2018_2020,S2->S3,raw_episode_id plus within-episode trade ordinal,689,1,S2_000187,S3_000187,2019-12-17T03:32:00,2019-12-17T03:32:00,2019-12-17T04:42:00,2019-12-17T04:42:00,take_profit,take_profit,1.277777777777778,1.5625,False,False,False
SECONDARY_W0_2018_2020,S2->S3,raw_episode_id plus within-episode trade ordinal,690,0,S2_000188,S3_000188,2019-12-17T04:43:00,2019-12-17T04:43:00,2019-12-17T06:13:00,2019-12-17T06:13:00,timeout,timeout,0.5444444444446062,0.7820512820514686,False,False,False
SECONDARY_W0_2018_2020,S2->S3,raw_episode_id plus within-episode trade ordinal,709,0,S2_000189,S3_000189,2019-12-18T02:10:00,2019-12-18T02:10:00,2019-12-18T03:40:00,2019-12-18T03:40:00,timeout,timeout,-0.16666666666686883,-0.2021276595746616,False,False,False
SECONDARY_W0_2018_2020,S2->S3,raw_episode_id plus within-episode trade ordinal,717,0,S2_000190,S3_000190,2019-12-18T03:42:00,2019-12-18T03:42:00,2019-12-18T05:12:00,2019-12-18T05:12:00,timeout,timeout,0.17777777777776765,0.11578947368420094,False,False,False
SECONDARY_W0_2018_2020,S2->S3,raw_episode_id plus within-episode trade ordinal,725,0,S2_000191,S3_000191,2019-12-18T08:01:00,2019-12-18T08:01:00,2019-12-18T09:31:00,2019-12-18T09:31:00,timeout,timeout,-0.1666666666666162,-0.09638554216861994,False,False,False
SECONDARY_W0_2018_2020,S2->S3,raw_episode_id plus within-episode trade ordinal,732,0,S2_000192,S3_000192,2019-12-19T04:05:00,2019-12-19T04:05:00,2019-12-19T05:35:00,2019-12-19T05:35:00,timeout,timeout,-0.2777777777778789,-0.20731707317084266,False,False,False
SECONDARY_W0_2018_2020,S2->S3,raw_episode_id plus within-episode trade ordinal,739,0,S2_000193,S3_000193,2019-12-20T04:04:00,2019-12-20T04:04:00,2019-12-20T05:34:00,2019-12-20T05:34:00,timeout,timeout,-0.9111111111111416,-0.9036144578313583,False,False,False
SECONDARY_W0_2018_2020,S2->S3,raw_episode_id plus within-episode trade ordinal,752,0,S2_000194,S3_000194,2019-12-20T08:00:00,2019-12-20T08:00:00,2019-12-20T09:30:00,2019-12-20T09:30:00,timeout,timeout,-0.6000000000000608,-0.555555555555623,False,False,False
SECONDARY_W0_2018_2020,S2->S3,raw_episode_id plus within-episode trade ordinal,757,0,S2_000195,S3_000195,2019-12-23T03:25:00,2019-12-23T03:25:00,2019-12-23T03:35:00,2019-12-23T03:35:00,stop_loss,stop_loss,-1.0555555555554548,-1.0602409638553123,False,False,False
SECONDARY_W0_2018_2020,S2->S3,raw_episode_id plus within-episode trade ordinal,771,0,S2_000196,S3_000196,2019-12-23T08:09:00,2019-12-23T08:09:00,2019-12-23T08:32:00,2019-12-23T08:32:00,take_profit,take_profit,1.277777777777778,1.5625,False,False,False
SECONDARY_W0_2018_2020,S2->S3,raw_episode_id plus within-episode trade ordinal,772,0,S2_000197,S3_000197,2019-12-24T03:03:00,2019-12-24T03:03:00,2019-12-24T03:43:00,2019-12-24T03:43:00,take_profit,take_profit,1.277777777777778,1.5625,False,False,False
SECONDARY_W0_2018_2020,S2->S3,raw_episode_id plus within-episode trade ordinal,774,0,S2_000198,S3_000198,2019-12-24T04:18:00,2019-12-24T04:18:00,2019-12-24T05:48:00,2019-12-24T05:48:00,timeout,timeout,0.22222222222217167,0.37499999999994316,False,False,False
SECONDARY_W0_2018_2020,S2->S3,raw_episode_id plus within-episode trade ordinal,785,0,S2_000199,S3_000199,2020-10-14T04:34:00,2020-10-14T04:34:00,2020-10-14T04:42:00,2020-10-14T04:42:00,take_profit,take_profit,0.5897642015005501,0.6326362135388134,False,False,False
SECONDARY_W0_2018_2020,S3->S4,raw_episode_id plus within-episode trade ordinal,0,0,S3_000000,S4_000000,2018-03-14T04:45:00,2018-03-14T04:45:00,2018-03-14T05:21:00,2018-03-14T05:21:00,stop_loss,stop_loss,-1.0555555555554548,-1.0555555555554548,False,False,False
SECONDARY_W0_2018_2020,S3->S4,raw_episode_id plus within-episode trade ordinal,1,0,S3_000001,S4_000001,2018-03-20T04:57:00,2018-03-20T04:57:00,2018-03-20T06:27:00,2018-03-20T06:27:00,timeout,timeout,-0.6666666666666669,-0.6666666666666669,False,False,False
SECONDARY_W0_2018_2020,S3->S4,raw_episode_id plus within-episode trade ordinal,2,0,S3_000002,S4_000002,2018-04-27T04:16:00,2018-04-27T04:16:00,2018-04-27T04:57:00,2018-04-27T04:57:00,take_profit,take_profit,1.277777777777778,1.277777777777778,False,False,False
SECONDARY_W0_2018_2020,S3->S4,raw_episode_id plus within-episode trade ordinal,4,0,S3_000003,S4_000003,2018-05-07T03:01:00,2018-05-07T03:01:00,2018-05-07T03:10:00,2018-05-07T03:10:00,take_profit,take_profit,1.277777777777778,1.277777777777778,False,False,False
SECONDARY_W0_2018_2020,S3->S4,raw_episode_id plus within-episode trade ordinal,5,0,S3_000004,S4_000004,2018-05-07T04:10:00,2018-05-07T04:10:00,2018-05-07T05:02:00,2018-05-07T05:02:00,stop_loss,stop_loss,-1.0555555555554548,-1.0555555555554548,False,False,False
SECONDARY_W0_2018_2020,S3->S4,raw_episode_id plus within-episode trade ordinal,8,0,S3_000005,S4_000005,2018-05-08T04:03:00,2018-05-08T04:03:00,2018-05-08T04:30:00,2018-05-08T04:30:00,stop_loss,stop_loss,-1.0555555555554548,-1.0555555555554548,False,False,False
SECONDARY_W0_2018_2020,S3->S4,raw_episode_id plus within-episode trade ordinal,12,0,S3_000006,S4_000006,2018-05-09T03:24:00,2018-05-09T03:24:00,2018-05-09T03:25:00,2018-05-09T03:25:00,stop_loss,stop_loss,-1.0555555555554548,-1.0555555555554548,False,False,False
SECONDARY_W0_2018_2020,S3->S4,raw_episode_id plus within-episode trade ordinal,13,0,S3_000007,S4_000007,2018-05-10T01:37:00,2018-05-10T01:37:00,2018-05-10T02:50:00,2018-05-10T02:50:00,stop_loss,stop_loss,-1.0555555555554548,-1.0555555555554548,False,False,False
SECONDARY_W0_2018_2020,S3->S4,raw_episode_id plus within-episode trade ordinal,18,0,,S4_000008,,2018-05-10T03:47:00,,2018-05-10T04:10:00,,take_profit,,1.277777777777778,False,False,False
SECONDARY_W0_2018_2020,S3->S4,raw_episode_id plus within-episode trade ordinal,20,0,S3_000008,S4_000009,2018-05-14T03:11:00,2018-05-14T03:11:00,2018-05-14T03:42:00,2018-05-14T03:42:00,take_profit,take_profit,1.277777777777778,1.277777777777778,False,False,False
SECONDARY_W0_2018_2020,S3->S4,raw_episode_id plus within-episode trade ordinal,22,0,S3_000009,S4_000010,2018-05-14T04:03:00,2018-05-14T04:03:00,2018-05-14T04:16:00,2018-05-14T04:16:00,stop_loss,stop_loss,-1.0555555555554548,-1.0555555555554548,False,False,False
SECONDARY_W0_2018_2020,S3->S4,raw_episode_id plus within-episode trade ordinal,22,1,S3_000010,S4_000011,2018-05-14T04:17:00,2018-05-14T04:31:00,2018-05-14T05:06:00,2018-05-14T04:54:00,stop_loss,stop_loss,-1.0555555555554548,-1.0555555555554548,True,True,False
SECONDARY_W0_2018_2020,S3->S4,raw_episode_id plus within-episode trade ordinal,31,0,S3_000011,S4_000012,2018-05-18T04:07:00,2018-05-18T04:07:00,2018-05-18T04:21:00,2018-05-18T04:21:00,stop_loss,stop_loss,-1.0555555555554548,-1.0555555555554548,False,False,False
SECONDARY_W0_2018_2020,S3->S4,raw_episode_id plus within-episode trade ordinal,36,0,S3_000012,S4_000013,2018-05-21T04:02:00,2018-05-21T04:02:00,2018-05-21T04:10:00,2018-05-21T04:10:00,stop_loss,stop_loss,-1.0555555555554548,-1.0555555555554548,False,False,False
SECONDARY_W0_2018_2020,S3->S4,raw_episode_id plus within-episode trade ordinal,37,0,,S4_000014,,2018-05-21T04:25:00,,2018-05-21T05:23:00,,stop_loss,,-1.0555555555554548,False,False,False
SECONDARY_W0_2018_2020,S3->S4,raw_episode_id plus within-episode trade ordinal,43,0,S3_000013,S4_000015,2018-05-23T01:01:00,2018-05-23T01:01:00,2018-05-23T02:12:00,2018-05-23T02:12:00,take_profit,take_profit,1.277777777777778,1.277777777777778,False,False,False
SECONDARY_W0_2018_2020,S3->S4,raw_episode_id plus within-episode trade ordinal,45,0,S3_000014,S4_000016,2018-05-23T03:02:00,2018-05-23T03:02:00,2018-05-23T03:08:00,2018-05-23T03:08:00,take_profit,take_profit,1.277777777777778,1.277777777777778,False,False,False
SECONDARY_W0_2018_2020,S3->S4,raw_episode_id plus within-episode trade ordinal,46,0,S3_000015,S4_000017,2018-05-23T03:49:00,2018-05-23T03:49:00,2018-05-23T04:36:00,2018-05-23T04:36:00,stop_loss,stop_loss,-1.0555555555554548,-1.0555555555554548,False,False,False
SECONDARY_W0_2018_2020,S3->S4,raw_episode_id plus within-episode trade ordinal,54,0,S3_000016,S4_000018,2018-05-28T03:21:00,2018-05-28T03:21:00,2018-05-28T04:10:00,2018-05-28T04:10:00,stop_loss,stop_loss,-1.0555555555554548,-1.0555555555554548,False,False,False
SECONDARY_W0_2018_2020,S3->S4,raw_episode_id plus within-episode trade ordinal,58,0,S3_000017,S4_000019,2018-05-28T04:26:00,2018-05-28T04:26:00,2018-05-28T05:56:00,2018-05-28T05:56:00,timeout,timeout,-0.511111111111,-0.511111111111,False,False,False
SECONDARY_W0_2018_2020,S3->S4,raw_episode_id plus within-episode trade ordinal,60,0,S3_000018,S4_000020,2018-05-31T01:06:00,2018-05-31T01:06:00,2018-05-31T02:36:00,2018-05-31T02:36:00,timeout,timeout,0.34444444444453537,0.34444444444453537,False,False,False
SECONDARY_W0_2018_2020,S3->S4,raw_episode_id plus within-episode trade ordinal,64,0,S3_000019,S4_000021,2018-05-31T04:15:00,2018-05-31T04:15:00,2018-05-31T04:30:00,2018-05-31T04:30:00,stop_loss,stop_loss,-1.0555555555554548,-1.0555555555554548,False,False,False
SECONDARY_W0_2018_2020,S3->S4,raw_episode_id plus within-episode trade ordinal,67,0,S3_000020,S4_000022,2018-06-04T03:02:00,2018-06-04T03:02:00,2018-06-04T04:32:00,2018-06-04T04:32:00,timeout,timeout,0.46666666666664647,0.46666666666664647,False,False,False
SECONDARY_W0_2018_2020,S3->S4,raw_episode_id plus within-episode trade ordinal,73,0,S3_000021,S4_000023,2018-06-04T04:33:00,2018-06-04T04:33:00,2018-06-04T05:09:00,2018-06-04T05:09:00,stop_loss,stop_loss,-1.0555555555554548,-1.0555555555554548,False,False,False
SECONDARY_W0_2018_2020,S3->S4,raw_episode_id plus within-episode trade ordinal,74,0,S3_000022,S4_000024,2018-06-05T02:44:00,2018-06-05T02:44:00,2018-06-05T03:50:00,2018-06-05T03:50:00,stop_loss,stop_loss,-1.0555555555554548,-1.0555555555554548,False,False,False
SECONDARY_W0_2018_2020,S3->S4,raw_episode_id plus within-episode trade ordinal,77,0,S3_000023,S4_000025,2018-06-05T03:51:00,2018-06-05T04:05:00,2018-06-05T04:54:00,2018-06-05T04:17:00,take_profit,stop_loss,1.277777777777778,-1.0555555555554548,True,True,True
SECONDARY_W0_2018_2020,S3->S4,raw_episode_id plus within-episode trade ordinal,78,0,,S4_000026,,2018-06-05T04:32:00,,2018-06-05T06:02:00,,timeout,,0.18888888888886865,False,False,False
SECONDARY_W0_2018_2020,S3->S4,raw_episode_id plus within-episode trade ordinal,82,0,S3_000024,S4_000027,2018-06-06T04:15:00,2018-06-06T04:15:00,2018-06-06T05:45:00,2018-06-06T05:45:00,timeout,timeout,-0.5555555555556567,-0.5555555555556567,False,False,False
SECONDARY_W0_2018_2020,S3->S4,raw_episode_id plus within-episode trade ordinal,85,0,S3_000025,S4_000028,2018-06-07T04:07:00,2018-06-07T04:07:00,2018-06-07T04:27:00,2018-06-07T04:27:00,take_profit,take_profit,1.277777777777778,1.277777777777778,False,False,False
SECONDARY_W0_2018_2020,S3->S4,raw_episode_id plus within-episode trade ordinal,87,0,S3_000026,S4_000029,2018-06-07T04:42:00,2018-06-07T04:42:00,2018-06-07T06:12:00,2018-06-07T06:12:00,timeout,timeout,-0.36666666666668696,-0.36666666666668696,False,False,False
SECONDARY_W0_2018_2020,S3->S4,raw_episode_id plus within-episode trade ordinal,91,0,S3_000027,S4_000030,2018-06-08T03:44:00,2018-06-08T03:44:00,2018-06-08T04:15:00,2018-06-08T04:15:00,stop_loss,stop_loss,-1.0555555555554548,-1.0555555555554548,False,False,False
SECONDARY_W0_2018_2020,S3->S4,raw_episode_id plus within-episode trade ordinal,93,0,S3_000028,,2018-06-08T04:17:00,,2018-06-08T05:47:00,,timeout,,-0.11111111111111116,,False,False,False
SECONDARY_W0_2018_2020,S3->S4,raw_episode_id plus within-episode trade ordinal,95,0,,S4_000031,,2018-06-08T04:30:00,,2018-06-08T04:52:00,,stop_loss,,-1.0555555555554548,False,False,False
SECONDARY_W0_2018_2020,S3->S4,raw_episode_id plus within-episode trade ordinal,97,0,S3_000029,S4_000032,2018-06-08T08:04:00,2018-06-08T08:04:00,2018-06-08T08:25:00,2018-06-08T08:25:00,stop_loss,stop_loss,-1.0555555555554548,-1.0555555555554548,False,False,False
SECONDARY_W0_2018_2020,S3->S4,raw_episode_id plus within-episode trade ordinal,99,0,S3_000030,S4_000033,2018-06-11T03:24:00,2018-06-11T03:24:00,2018-06-11T04:31:00,2018-06-11T04:31:00,take_profit,take_profit,1.277777777777778,1.277777777777778,False,False,False
SECONDARY_W0_2018_2020,S3->S4,raw_episode_id plus within-episode trade ordinal,104,0,S3_000031,S4_000034,2018-06-12T02:04:00,2018-06-12T02:04:00,2018-06-12T02:12:00,2018-06-12T02:12:00,stop_loss,stop_loss,-1.0555555555554548,-1.0555555555554548,False,False,False
SECONDARY_W0_2018_2020,S3->S4,raw_episode_id plus within-episode trade ordinal,108,0,S3_000032,S4_000035,2018-06-12T03:01:00,2018-06-12T03:01:00,2018-06-12T03:12:00,2018-06-12T03:12:00,stop_loss,stop_loss,-1.0555555555554548,-1.0555555555554548,False,False,False
SECONDARY_W0_2018_2020,S3->S4,raw_episode_id plus within-episode trade ordinal,110,0,S3_000033,S4_000036,2018-06-13T03:01:00,2018-06-13T03:01:00,2018-06-13T03:54:00,2018-06-13T03:54:00,stop_loss,stop_loss,-1.0555555555554548,-1.0555555555554548,False,False,False
SECONDARY_W0_2018_2020,S3->S4,raw_episode_id plus within-episode trade ordinal,110,1,,S4_000037,,2018-06-13T04:09:00,,2018-06-13T05:39:00,,timeout,,0.2444444444443737,False,False,False
SECONDARY_W0_2018_2020,S3->S4,raw_episode_id plus within-episode trade ordinal,113,0,S3_000034,S4_000038,2018-06-14T03:45:00,2018-06-14T03:45:00,2018-06-14T04:19:00,2018-06-14T04:19:00,stop_loss,stop_loss,-1.0555555555554548,-1.0555555555554548,False,False,False
SECONDARY_W0_2018_2020,S3->S4,raw_episode_id plus within-episode trade ordinal,117,0,S3_000035,S4_000039,2018-06-20T03:01:00,2018-06-20T03:01:00,2018-06-20T03:06:00,2018-06-20T03:06:00,stop_loss,stop_loss,-1.0555555555554548,-1.0555555555554548,False,False,False
SECONDARY_W0_2018_2020,S3->S4,raw_episode_id plus within-episode trade ordinal,117,1,,S4_000040,,2018-06-20T03:22:00,,2018-06-20T04:05:00,,take_profit,,1.277777777777778,False,False,False
SECONDARY_W0_2018_2020,S3->S4,raw_episode_id plus within-episode trade ordinal,120,0,,S4_000041,,2018-06-20T04:09:00,,2018-06-20T05:39:00,,timeout,,0.2444444444443737,False,False,False
SECONDARY_W0_2018_2020,S3->S4,raw_episode_id plus within-episode trade ordinal,121,0,S3_000036,S4_000042,2018-06-26T03:01:00,2018-06-26T03:01:00,2018-06-26T04:31:00,2018-06-26T04:31:00,timeout,timeout,0.17777777777776765,0.17777777777776765,False,False,False
SECONDARY_W0_2018_2020,S3->S4,raw_episode_id plus within-episode trade ordinal,125,0,S3_000037,S4_000043,2018-06-26T04:38:00,2018-06-26T04:38:00,2018-06-26T04:45:00,2018-06-26T04:45:00,stop_loss,stop_loss,-1.0555555555554548,-1.0555555555554548,False,False,False
SECONDARY_W0_2018_2020,S3->S4,raw_episode_id plus within-episode trade ordinal,126,0,S3_000038,,2018-06-26T04:46:00,,2018-06-26T04:58:00,,stop_loss,,-1.0555555555554548,,False,False,False
SECONDARY_W0_2018_2020,S3->S4,raw_episode_id plus within-episode trade ordinal,126,1,S3_000039,,2018-06-26T04:59:00,,2018-06-26T05:34:00,,stop_loss,,-1.0555555555554548,,False,False,False
SECONDARY_W0_2018_2020,S3->S4,raw_episode_id plus within-episode trade ordinal,127,0,S3_000040,S4_000044,2018-06-27T03:05:00,2018-06-27T03:05:00,2018-06-27T04:00:00,2018-06-27T04:00:00,take_profit,take_profit,1.277777777777778,1.277777777777778,False,False,False
SECONDARY_W0_2018_2020,S3->S4,raw_episode_id plus within-episode trade ordinal,131,0,S3_000041,S4_000045,2018-06-27T04:54:00,2018-06-27T04:54:00,2018-06-27T05:03:00,2018-06-27T05:03:00,stop_loss,stop_loss,-1.048422800221342,-1.048422800221342,False,False,False
SECONDARY_W0_2018_2020,S3->S4,raw_episode_id plus within-episode trade ordinal,134,0,S3_000042,S4_000046,2018-06-29T04:20:00,2018-06-29T04:20:00,2018-06-29T04:25:00,2018-06-29T04:25:00,stop_loss,stop_loss,-1.0555555555554548,-1.0555555555554548,False,False,False
SECONDARY_W0_2018_2020,S3->S4,raw_episode_id plus within-episode trade ordinal,135,0,S3_000043,S4_000047,2018-07-03T03:15:00,2018-07-03T03:15:00,2018-07-03T04:04:00,2018-07-03T04:04:00,stop_loss,stop_loss,-1.0555555555554548,-1.0555555555554548,False,False,False
SECONDARY_W0_2018_2020,S3->S4,raw_episode_id plus within-episode trade ordinal,138,0,,S4_000048,,2018-07-03T04:19:00,,2018-07-03T04:42:00,,stop_loss,,-1.0555555555554548,False,False,False
SECONDARY_W0_2018_2020,S3->S4,raw_episode_id plus within-episode trade ordinal,143,0,S3_000044,S4_000049,2018-07-09T04:16:00,2018-07-09T04:16:00,2018-07-09T04:52:00,2018-07-09T04:52:00,take_profit,take_profit,1.277777777777778,1.277777777777778,False,False,False
SECONDARY_W0_2018_2020,S3->S4,raw_episode_id plus within-episode trade ordinal,144,0,S3_000045,S4_000050,2018-07-10T03:37:00,2018-07-10T03:37:00,2018-07-10T04:10:00,2018-07-10T04:10:00,take_profit,take_profit,1.277777777777778,1.277777777777778,False,False,False
SECONDARY_W0_2018_2020,S3->S4,raw_episode_id plus within-episode trade ordinal,146,0,S3_000046,S4_000051,2018-07-16T02:49:00,2018-07-16T02:49:00,2018-07-16T03:42:00,2018-07-16T03:42:00,take_profit,take_profit,1.277777777777778,1.277777777777778,False,False,False
SECONDARY_W0_2018_2020,S3->S4,raw_episode_id plus within-episode trade ordinal,150,0,S3_000047,S4_000052,2018-07-17T02:41:00,2018-07-17T02:41:00,2018-07-17T03:33:00,2018-07-17T03:33:00,stop_loss,stop_loss,-1.0555555555554548,-1.0555555555554548,False,False,False
SECONDARY_W0_2018_2020,S3->S4,raw_episode_id plus within-episode trade ordinal,152,0,S3_000048,S4_000053,2018-07-17T03:34:00,2018-07-17T03:49:00,2018-07-17T03:57:00,2018-07-17T03:57:00,stop_loss,stop_loss,-1.0555555555554548,-1.0555555555554548,True,False,False
SECONDARY_W0_2018_2020,S3->S4,raw_episode_id plus within-episode trade ordinal,152,1,S3_000049,S4_000054,2018-07-17T03:58:00,2018-07-17T04:12:00,2018-07-17T04:18:00,2018-07-17T04:14:00,stop_loss,stop_loss,-1.0555555555554548,-1.0555555555554548,True,True,False
SECONDARY_W0_2018_2020,S3->S4,raw_episode_id plus within-episode trade ordinal,153,0,,S4_000055,,2018-07-17T04:29:00,,2018-07-17T04:42:00,,take_profit,,1.277777777777778,False,False,False
SECONDARY_W0_2018_2020,S3->S4,raw_episode_id plus within-episode trade ordinal,156,0,S3_000050,S4_000056,2018-07-18T02:17:00,2018-07-18T02:17:00,2018-07-18T02:51:00,2018-07-18T02:51:00,stop_loss,stop_loss,-1.0555555555554548,-1.0555555555554548,False,False,False
SECONDARY_W0_2018_2020,S3->S4,raw_episode_id plus within-episode trade ordinal,158,0,,S4_000057,,2018-07-18T03:06:00,,2018-07-18T03:21:00,,stop_loss,,-1.0555555555554548,False,False,False
SECONDARY_W0_2018_2020,S3->S4,raw_episode_id plus within-episode trade ordinal,159,0,,S4_000058,,2018-07-18T03:37:00,,2018-07-18T04:21:00,,take_profit,,1.277777777777778,False,False,False
SECONDARY_W0_2018_2020,S3->S4,raw_episode_id plus within-episode trade ordinal,160,0,S3_000051,S4_000059,2018-07-19T01:28:00,2018-07-19T01:28:00,2018-07-19T01:58:00,2018-07-19T01:58:00,stop_loss,stop_loss,-1.0555555555554548,-1.0555555555554548,False,False,False
SECONDARY_W0_2018_2020,S3->S4,raw_episode_id plus within-episode trade ordinal,166,0,S3_000052,S4_000060,2018-07-24T02:25:00,2018-07-24T02:25:00,2018-07-24T03:31:00,2018-07-24T03:31:00,stop_loss,stop_loss,-1.0555555555554548,-1.0555555555554548,False,False,False
SECONDARY_W0_2018_2020,S3->S4,raw_episode_id plus within-episode trade ordinal,168,0,,S4_000061,,2018-07-24T03:48:00,,2018-07-24T04:14:00,,stop_loss,,-1.0555555555554548,False,False,False
SECONDARY_W0_2018_2020,S3->S4,raw_episode_id plus within-episode trade ordinal,174,0,S3_000053,S4_000062,2018-07-30T02:38:00,2018-07-30T02:38:00,2018-07-30T02:52:00,2018-07-30T02:52:00,stop_loss,stop_loss,-1.0555555555554548,-1.0555555555554548,False,False,False
SECONDARY_W0_2018_2020,S3->S4,raw_episode_id plus within-episode trade ordinal,175,0,,S4_000063,,2018-07-30T03:07:00,,2018-07-30T04:36:00,,stop_loss,,-1.0555555555554548,False,False,False
SECONDARY_W0_2018_2020,S3->S4,raw_episode_id plus within-episode trade ordinal,179,0,S3_000054,S4_000064,2018-07-30T04:53:00,2018-07-30T04:51:00,2018-07-30T05:28:00,2018-07-30T05:29:00,stop_loss,stop_loss,-1.0555555555554548,-1.0555555555554548,True,True,False
SECONDARY_W0_2018_2020,S3->S4,raw_episode_id plus within-episode trade ordinal,181,0,S3_000055,S4_000065,2018-08-07T03:35:00,2018-08-07T03:35:00,2018-08-07T04:00:00,2018-08-07T04:00:00,take_profit,take_profit,1.277777777777778,1.277777777777778,False,False,False
SECONDARY_W0_2018_2020,S3->S4,raw_episode_id plus within-episode trade ordinal,183,0,S3_000056,S4_000066,2018-08-07T04:36:00,2018-08-07T04:36:00,2018-08-07T04:50:00,2018-08-07T04:50:00,stop_loss,stop_loss,-1.0555555555554548,-1.0555555555554548,False,False,False
SECONDARY_W0_2018_2020,S3->S4,raw_episode_id plus within-episode trade ordinal,186,0,S3_000057,,2018-08-07T04:52:00,,2018-08-07T04:57:00,,stop_loss,,-1.0555555555554548,,False,False,False
SECONDARY_W0_2018_2020,S3->S4,raw_episode_id plus within-episode trade ordinal,186,1,S3_000058,,2018-08-07T04:59:00,,2018-08-07T05:49:00,,take_profit,,1.277777777777778,,False,False,False
SECONDARY_W0_2018_2020,S3->S4,raw_episode_id plus within-episode trade ordinal,187,0,S3_000059,S4_000067,2018-08-08T03:02:00,2018-08-08T03:02:00,2018-08-08T03:14:00,2018-08-08T03:14:00,stop_loss,stop_loss,-1.0555555555554548,-1.0555555555554548,False,False,False
SECONDARY_W0_2018_2020,S3->S4,raw_episode_id plus within-episode trade ordinal,188,0,S3_000060,S4_000068,2018-08-08T04:01:00,2018-08-08T04:01:00,2018-08-08T04:32:00,2018-08-08T04:32:00,take_profit,take_profit,1.277777777777778,1.277777777777778,False,False,False
SECONDARY_W0_2018_2020,S3->S4,raw_episode_id plus within-episode trade ordinal,191,0,S3_000061,S4_000069,2018-08-09T03:02:00,2018-08-09T03:02:00,2018-08-09T04:32:00,2018-08-09T04:32:00,timeout,timeout,-0.5888888888887072,-0.5888888888887072,False,False,False
SECONDARY_W0_2018_2020,S3->S4,raw_episode_id plus within-episode trade ordinal,194,0,S3_000062,S4_000070,2018-08-13T04:01:00,2018-08-13T04:01:00,2018-08-13T04:06:00,2018-08-13T04:06:00,stop_loss,stop_loss,-1.0555555555554548,-1.0555555555554548,False,False,False
SECONDARY_W0_2018_2020,S3->S4,raw_episode_id plus within-episode trade ordinal,194,1,S3_000063,,2018-08-13T04:07:00,,2018-08-13T04:09:00,,stop_loss,,-1.0555555555554548,,False,False,False
SECONDARY_W0_2018_2020,S3->S4,raw_episode_id plus within-episode trade ordinal,197,0,,S4_000071,,2018-08-13T04:28:00,,2018-08-13T04:38:00,,stop_loss,,-1.0555555555554548,False,False,False
SECONDARY_W0_2018_2020,S3->S4,raw_episode_id plus within-episode trade ordinal,199,0,S3_000064,S4_000072,2018-08-14T03:02:00,2018-08-14T03:02:00,2018-08-14T04:02:00,2018-08-14T04:02:00,take_profit,take_profit,1.277777777777778,1.277777777777778,False,False,False
SECONDARY_W0_2018_2020,S3->S4,raw_episode_id plus within-episode trade ordinal,201,0,S3_000065,S4_000073,2018-08-14T04:25:00,2018-08-14T04:25:00,2018-08-14T04:43:00,2018-08-14T04:43:00,take_profit,take_profit,1.277777777777778,1.277777777777778,False,False,False
SECONDARY_W0_2018_2020,S3->S4,raw_episode_id plus within-episode trade ordinal,203,0,S3_000066,S4_000074,2018-08-15T02:14:00,2018-08-15T02:14:00,2018-08-15T02:53:00,2018-08-15T02:53:00,stop_loss,stop_loss,-1.0555555555554548,-1.0555555555554548,False,False,False
SECONDARY_W0_2018_2020,S3->S4,raw_episode_id plus within-episode trade ordinal,204,0,S3_000067,S4_000075,2018-08-15T02:57:00,2018-08-15T03:08:00,2018-08-15T03:23:00,2018-08-15T03:26:00,stop_loss,stop_loss,-1.0555555555554548,-1.0555555555554548,True,True,False
SECONDARY_W0_2018_2020,S3->S4,raw_episode_id plus within-episode trade ordinal,204,1,S3_000068,S4_000076,2018-08-15T03:24:00,2018-08-15T03:41:00,2018-08-15T03:26:00,2018-08-15T03:59:00,stop_loss,stop_loss,-1.0555555555554548,-1.0555555555554548,True,True,False
SECONDARY_W0_2018_2020,S3->S4,raw_episode_id plus within-episode trade ordinal,205,0,,S4_000077,,2018-08-15T04:14:00,,2018-08-15T05:17:00,,stop_loss,,-1.0555555555554548,False,False,False
SECONDARY_W0_2018_2020,S3->S4,raw_episode_id plus within-episode trade ordinal,209,0,S3_000069,S4_000078,2018-08-16T03:50:00,2018-08-16T03:50:00,2018-08-16T03:52:00,2018-08-16T03:52:00,take_profit,take_profit,0.5454574659470125,0.5454574659470125,False,False,False
SECONDARY_W0_2018_2020,S3->S4,raw_episode_id plus within-episode trade ordinal,209,1,S3_000070,S4_000079,2018-08-16T03:55:00,2018-08-16T03:55:00,2018-08-16T04:02:00,2018-08-16T04:02:00,take_profit,take_profit,0.5764030902067732,0.5764030902067732,False,False,False
SECONDARY_W0_2018_2020,S3->S4,raw_episode_id plus within-episode trade ordinal,210,0,S3_000071,S4_000080,2018-09-05T02:05:00,2018-09-05T02:05:00,2018-09-05T03:13:00,2018-09-05T03:13:00,stop_loss,stop_loss,-1.0555555555554548,-1.0555555555554548,False,False,False
SECONDARY_W0_2018_2020,S3->S4,raw_episode_id plus within-episode trade ordinal,219,0,S3_000072,S4_000081,2018-09-05T03:14:00,2018-09-05T03:28:00,2018-09-05T04:19:00,2018-09-05T03:34:00,take_profit,stop_loss,1.277777777777778,-1.0555555555554548,True,True,True
SECONDARY_W0_2018_2020,S3->S4,raw_episode_id plus within-episode trade ordinal,221,0,S3_000073,S4_000082,2018-09-10T03:26:00,2018-09-10T03:26:00,2018-09-10T03:27:00,2018-09-10T03:27:00,stop_loss,stop_loss,-1.0555555555554548,-1.0555555555554548,False,False,False
SECONDARY_W0_2018_2020,S3->S4,raw_episode_id plus within-episode trade ordinal,221,1,S3_000074,,2018-09-10T03:28:00,,2018-09-10T04:01:00,,take_profit,,1.277777777777778,,False,False,False
SECONDARY_W0_2018_2020,S3->S4,raw_episode_id plus within-episode trade ordinal,222,0,S3_000075,S4_000083,2018-09-11T04:04:00,2018-09-11T04:04:00,2018-09-11T04:42:00,2018-09-11T04:42:00,stop_loss,stop_loss,-1.0555555555554548,-1.0555555555554548,False,False,False
SECONDARY_W0_2018_2020,S3->S4,raw_episode_id plus within-episode trade ordinal,230,0,S3_000076,S4_000084,2018-09-11T04:48:00,2018-09-11T04:57:00,2018-09-11T05:41:00,2018-09-11T05:34:00,stop_loss,stop_loss,-1.0555555555554548,-1.0555555555554548,True,True,False
SECONDARY_W0_2018_2020,S3->S4,raw_episode_id plus within-episode trade ordinal,231,0,S3_000077,S4_000085,2018-09-17T02:21:00,2018-09-17T02:21:00,2018-09-17T02:28:00,2018-09-17T02:28:00,stop_loss,stop_loss,-1.0555555555554548,-1.0555555555554548,False,False,False
SECONDARY_W0_2018_2020,S3->S4,raw_episode_id plus within-episode trade ordinal,231,1,,S4_000086,,2018-09-17T02:43:00,,2018-09-17T04:02:00,,take_profit,,1.277777777777778,False,False,False
SECONDARY_W0_2018_2020,S3->S4,raw_episode_id plus within-episode trade ordinal,240,0,S3_000078,S4_000087,2018-09-17T04:30:00,2018-09-17T04:30:00,2018-09-17T05:01:00,2018-09-17T05:01:00,stop_loss,stop_loss,-1.0555555555554548,-1.0555555555554548,False,False,False
SECONDARY_W0_2018_2020,S3->S4,raw_episode_id plus within-episode trade ordinal,242,0,S3_000079,S4_000088,2018-09-19T01:03:00,2018-09-19T01:03:00,2018-09-19T01:38:00,2018-09-19T01:38:00,take_profit,take_profit,1.277777777777778,1.277777777777778,False,False,False
SECONDARY_W0_2018_2020,S3->S4,raw_episode_id plus within-episode trade ordinal,243,0,S3_000080,S4_000089,2018-09-19T04:01:00,2018-09-19T04:01:00,2018-09-19T05:31:00,2018-09-19T05:31:00,timeout,timeout,0.933333333333394,0.933333333333394,False,False,False
SECONDARY_W0_2018_2020,S3->S4,raw_episode_id plus within-episode trade ordinal,247,0,S3_000081,S4_000090,2018-09-24T02:01:00,2018-09-24T02:01:00,2018-09-24T02:16:00,2018-09-24T02:16:00,stop_loss,stop_loss,-1.0555555555554548,-1.0555555555554548,False,False,False
SECONDARY_W0_2018_2020,S3->S4,raw_episode_id plus within-episode trade ordinal,249,0,S3_000082,,2018-09-24T02:17:00,,2018-09-24T03:27:00,,stop_loss,,-1.0555555555554548,,False,False,False
SECONDARY_W0_2018_2020,S3->S4,raw_episode_id plus within-episode trade ordinal,251,0,,S4_000091,,2018-09-24T02:41:00,,2018-09-24T03:18:00,,stop_loss,,-1.0555555555554548,False,False,False
SECONDARY_W0_2018_2020,S3->S4,raw_episode_id plus within-episode trade ordinal,252,0,S3_000083,S4_000092,2018-09-24T03:29:00,2018-09-24T03:34:00,2018-09-24T03:38:00,2018-09-24T03:38:00,stop_loss,stop_loss,-1.0555555555554548,-1.0555555555554548,True,False,False
SECONDARY_W0_2018_2020,S3->S4,raw_episode_id plus within-episode trade ordinal,252,1,,S4_000093,,2018-09-24T03:53:00,,2018-09-24T05:07:00,,stop_loss,,-1.0555555555554548,False,False,False
SECONDARY_W0_2018_2020,S3->S4,raw_episode_id plus within-episode trade ordinal,253,0,S3_000084,S4_000094,2018-09-25T03:16:00,2018-09-25T03:16:00,2018-09-25T03:32:00,2018-09-25T03:32:00,stop_loss,stop_loss,-1.0555555555554548,-1.0555555555554548,False,False,False
SECONDARY_W0_2018_2020,S3->S4,raw_episode_id plus within-episode trade ordinal,254,0,,S4_000095,,2018-09-25T04:01:00,,2018-09-25T05:02:00,,stop_loss,,-1.0555555555554548,False,False,False
SECONDARY_W0_2018_2020,S3->S4,raw_episode_id plus within-episode trade ordinal,258,0,S3_000085,S4_000096,2018-09-26T03:28:00,2018-09-26T03:28:00,2018-09-26T03:36:00,2018-09-26T03:36:00,stop_loss,stop_loss,-1.0555555555554548,-1.0555555555554548,False,False,False
SECONDARY_W0_2018_2020,S3->S4,raw_episode_id plus within-episode trade ordinal,260,0,,S4_000097,,2018-09-26T04:13:00,,2018-09-26T05:25:00,,take_profit,,1.277777777777778,False,False,False
SECONDARY_W0_2018_2020,S3->S4,raw_episode_id plus within-episode trade ordinal,264,0,S3_000086,S4_000098,2018-10-02T01:04:00,2018-10-02T01:04:00,2018-10-02T02:53:00,2018-10-02T02:53:00,timeout,timeout,-0.19999999999991921,-0.19999999999991921,False,False,False
SECONDARY_W0_2018_2020,S3->S4,raw_episode_id plus within-episode trade ordinal,266,0,S3_000087,S4_000099,2018-10-04T03:02:00,2018-10-04T03:02:00,2018-10-04T04:32:00,2018-10-04T04:32:00,timeout,timeout,-0.055555555555353485,-0.055555555555353485,False,False,False
SECONDARY_W0_2018_2020,S3->S4,raw_episode_id plus within-episode trade ordinal,267,0,S3_000088,S4_000100,2018-10-10T01:55:00,2018-10-10T01:55:00,2018-10-10T03:32:00,2018-10-10T03:32:00,timeout,timeout,0.2111111111113233,0.2111111111113233,False,False,False
SECONDARY_W0_2018_2020,S3->S4,raw_episode_id plus within-episode trade ordinal,268,0,S3_000089,S4_000101,2018-11-09T04:53:00,2018-11-09T04:53:00,2018-11-09T05:37:00,2018-11-09T05:37:00,stop_loss,stop_loss,-1.0588235294116577,-1.0588235294116577,False,False,False
SECONDARY_W0_2018_2020,S3->S4,raw_episode_id plus within-episode trade ordinal,269,0,S3_000090,S4_000102,2018-11-12T03:13:00,2018-11-12T03:13:00,2018-11-12T03:44:00,2018-11-12T03:44:00,take_profit,take_profit,1.5308641975308643,1.5308641975308643,False,False,False
SECONDARY_W0_2018_2020,S3->S4,raw_episode_id plus within-episode trade ordinal,271,0,S3_000091,S4_000103,2018-11-12T04:16:00,2018-11-12T04:16:00,2018-11-12T04:26:00,2018-11-12T04:26:00,stop_loss,stop_loss,-1.0609756097559868,-1.0609756097559868,False,False,False
SECONDARY_W0_2018_2020,S3->S4,raw_episode_id plus within-episode trade ordinal,272,0,S3_000092,,2018-11-12T04:27:00,,2018-11-12T05:57:00,,timeout,,-0.6666666666666451,,False,False,False
SECONDARY_W0_2018_2020,S3->S4,raw_episode_id plus within-episode trade ordinal,274,0,,S4_000104,,2018-11-12T04:41:00,,2018-11-12T06:11:00,,timeout,,-0.8024691358025927,False,False,False
SECONDARY_W0_2018_2020,S3->S4,raw_episode_id plus within-episode trade ordinal,278,0,S3_000093,S4_000105,2018-11-13T04:26:00,2018-11-13T04:26:00,2018-11-13T05:56:00,2018-11-13T05:56:00,timeout,timeout,1.0000000000001774,1.0000000000001774,False,False,False
SECONDARY_W0_2018_2020,S3->S4,raw_episode_id plus within-episode trade ordinal,280,0,S3_000094,S4_000106,2018-11-14T04:28:00,2018-11-14T04:28:00,2018-11-14T05:58:00,2018-11-14T05:58:00,timeout,timeout,0.35802469135796855,0.35802469135796855,False,False,False
SECONDARY_W0_2018_2020,S3->S4,raw_episode_id plus within-episode trade ordinal,283,0,S3_000095,S4_000107,2018-11-28T03:18:00,2018-11-28T03:18:00,2018-11-28T04:50:00,2018-11-28T04:50:00,timeout,timeout,0.46428571428579013,0.46428571428579013,False,False,False
SECONDARY_W0_2018_2020,S3->S4,raw_episode_id plus within-episode trade ordinal,289,0,S3_000096,S4_000108,2018-11-28T04:55:00,2018-11-28T04:55:00,2018-11-28T05:51:00,2018-11-28T05:51:00,stop_loss,stop_loss,-1.0624999999998863,-1.0624999999998863,False,False,False
SECONDARY_W0_2018_2020,S3->S4,raw_episode_id plus within-episode trade ordinal,292,0,S3_000097,S4_000109,2018-12-14T04:54:00,2018-12-14T04:54:00,2018-12-14T06:24:00,2018-12-14T06:24:00,timeout,timeout,-0.755813953488277,-0.755813953488277,False,False,False
SECONDARY_W0_2018_2020,S3->S4,raw_episode_id plus within-episode trade ordinal,312,0,S3_000098,S4_000110,2019-01-18T08:51:00,2019-01-18T08:51:00,2019-01-18T09:17:00,2019-01-18T09:17:00,stop_loss,stop_loss,-1.0609756097559868,-1.0609756097559868,False,False,False
SECONDARY_W0_2018_2020,S3->S4,raw_episode_id plus within-episode trade ordinal,313,0,S3_000099,S4_000111,2019-01-22T03:32:00,2019-01-22T03:32:00,2019-01-22T04:00:00,2019-01-22T04:00:00,stop_loss,stop_loss,-1.061728395061616,-1.061728395061616,False,False,False
SECONDARY_W0_2018_2020,S3->S4,raw_episode_id plus within-episode trade ordinal,315,0,S3_000100,S4_000112,2019-02-08T04:51:00,2019-02-08T04:51:00,2019-02-08T05:03:00,2019-02-08T05:03:00,stop_loss,stop_loss,-1.0581395348836153,-1.0581395348836153,False,False,False
SECONDARY_W0_2018_2020,S3->S4,raw_episode_id plus within-episode trade ordinal,317,0,S3_000101,S4_000113,2019-02-13T04:26:00,2019-02-13T04:26:00,2019-02-13T05:56:00,2019-02-13T05:56:00,timeout,timeout,0.39080459770098214,0.39080459770098214,False,False,False
SECONDARY_W0_2018_2020,S3->S4,raw_episode_id plus within-episode trade ordinal,318,0,S3_000102,S4_000114,2019-02-13T08:07:00,2019-02-13T08:07:00,2019-02-13T09:13:00,2019-02-13T09:13:00,stop_loss,stop_loss,-1.0588235294116577,-1.0588235294116577,False,False,False
SECONDARY_W0_2018_2020,S3->S4,raw_episode_id plus within-episode trade ordinal,332,0,S3_000103,S4_000115,2019-02-19T04:18:00,2019-02-19T04:18:00,2019-02-19T05:48:00,2019-02-19T05:48:00,timeout,timeout,-0.36904761904759736,-0.36904761904759736,False,False,False
SECONDARY_W0_2018_2020,S3->S4,raw_episode_id plus within-episode trade ordinal,333,0,S3_000104,S4_000116,2019-03-11T04:02:00,2019-03-11T04:02:00,2019-03-11T05:32:00,2019-03-11T05:32:00,timeout,timeout,0.5783132530120372,0.5783132530120372,False,False,False
SECONDARY_W0_2018_2020,S3->S4,raw_episode_id plus within-episode trade ordinal,336,0,S3_000105,S4_000117,2019-03-11T08:23:00,2019-03-11T08:23:00,2019-03-11T08:42:00,2019-03-11T08:42:00,stop_loss,stop_loss,-1.0609756097559868,-1.0609756097559868,False,False,False
SECONDARY_W0_2018_2020,S3->S4,raw_episode_id plus within-episode trade ordinal,338,0,S3_000106,S4_000118,2019-03-12T04:01:00,2019-03-12T04:01:00,2019-03-12T05:09:00,2019-03-12T05:09:00,take_profit,take_profit,1.4698795180722892,1.4698795180722892,False,False,False
SECONDARY_W0_2018_2020,S3->S4,raw_episode_id plus within-episode trade ordinal,342,0,S3_000107,S4_000119,2019-03-13T04:07:00,2019-03-13T04:07:00,2019-03-13T04:40:00,2019-03-13T04:40:00,take_profit,take_profit,1.5308641975308643,1.5308641975308643,False,False,False
SECONDARY_W0_2018_2020,S3->S4,raw_episode_id plus within-episode trade ordinal,346,0,S3_000108,S4_000120,2019-03-13T04:56:00,2019-03-13T04:56:00,2019-03-13T05:43:00,2019-03-13T05:43:00,stop_loss,stop_loss,-1.0581395348836153,-1.0581395348836153,False,False,False
SECONDARY_W0_2018_2020,S3->S4,raw_episode_id plus within-episode trade ordinal,349,0,S3_000109,S4_000121,2019-03-18T04:21:00,2019-03-18T04:21:00,2019-03-18T05:51:00,2019-03-18T05:51:00,timeout,timeout,0.2588235294117433,0.2588235294117433,False,False,False
SECONDARY_W0_2018_2020,S3->S4,raw_episode_id plus within-episode trade ordinal,350,0,S3_000110,S4_000122,2019-03-19T04:01:00,2019-03-19T04:01:00,2019-03-19T04:29:00,2019-03-19T04:29:00,take_profit,take_profit,1.411764705882353,1.411764705882353,False,False,False
SECONDARY_W0_2018_2020,S3->S4,raw_episode_id plus within-episode trade ordinal,351,0,S3_000111,S4_000123,2019-03-19T04:41:00,2019-03-19T04:41:00,2019-03-19T06:11:00,2019-03-19T06:11:00,timeout,timeout,-0.28048780487809316,-0.28048780487809316,False,False,False
SECONDARY_W0_2018_2020,S3->S4,raw_episode_id plus within-episode trade ordinal,366,0,S3_000112,S4_000124,2019-03-20T04:09:00,2019-03-20T04:09:00,2019-03-20T04:24:00,2019-03-20T04:24:00,stop_loss,stop_loss,-1.0581395348836153,-1.0581395348836153,False,False,False
SECONDARY_W0_2018_2020,S3->S4,raw_episode_id plus within-episode trade ordinal,369,0,S3_000113,,2019-03-20T04:25:00,,2019-03-20T05:55:00,,timeout,,0.024096385542113855,,False,False,False
SECONDARY_W0_2018_2020,S3->S4,raw_episode_id plus within-episode trade ordinal,372,0,S3_000114,S4_000125,2019-03-20T08:26:00,2019-03-20T08:26:00,2019-03-20T08:52:00,2019-03-20T08:52:00,stop_loss,stop_loss,-1.0588235294116577,-1.0588235294116577,False,False,False
SECONDARY_W0_2018_2020,S3->S4,raw_episode_id plus within-episode trade ordinal,375,0,S3_000115,S4_000126,2019-04-03T03:36:00,2019-04-03T03:36:00,2019-04-03T03:42:00,2019-04-03T03:42:00,stop_loss,stop_loss,-1.0568181818180786,-1.0568181818180786,False,False,False
SECONDARY_W0_2018_2020,S3->S4,raw_episode_id plus within-episode trade ordinal,376,0,S3_000116,S4_000127,2019-04-04T03:02:00,2019-04-04T03:02:00,2019-04-04T04:03:00,2019-04-04T04:03:00,stop_loss,stop_loss,-1.0609756097559868,-1.0609756097559868,False,False,False
SECONDARY_W0_2018_2020,S3->S4,raw_episode_id plus within-episode trade ordinal,378,0,S3_000117,S4_000128,2019-04-05T04:04:00,2019-04-05T04:04:00,2019-04-05T04:17:00,2019-04-05T04:17:00,stop_loss,stop_loss,-1.0588235294116577,-1.0588235294116577,False,False,False
SECONDARY_W0_2018_2020,S3->S4,raw_episode_id plus within-episode trade ordinal,380,0,S3_000118,S4_000129,2019-04-08T03:01:00,2019-04-08T03:01:00,2019-04-08T03:54:00,2019-04-08T03:54:00,take_profit,take_profit,1.4698795180722892,1.4698795180722892,False,False,False
SECONDARY_W0_2018_2020,S3->S4,raw_episode_id plus within-episode trade ordinal,386,0,S3_000119,S4_000130,2019-04-08T04:24:00,2019-04-08T04:24:00,2019-04-08T04:33:00,2019-04-08T04:33:00,take_profit,take_profit,1.5,1.5,False,False,False
SECONDARY_W0_2018_2020,S3->S4,raw_episode_id plus within-episode trade ordinal,387,0,S3_000120,S4_000131,2019-04-09T03:02:00,2019-04-09T03:02:00,2019-04-09T03:08:00,2019-04-09T03:08:00,stop_loss,stop_loss,-1.0595238095237014,-1.0595238095237014,False,False,False
SECONDARY_W0_2018_2020,S3->S4,raw_episode_id plus within-episode trade ordinal,387,1,S3_000121,,2019-04-09T03:11:00,,2019-04-09T03:20:00,,stop_loss,,-1.0581395348836153,,False,False,False
SECONDARY_W0_2018_2020,S3->S4,raw_episode_id plus within-episode trade ordinal,388,0,S3_000122,S4_000132,2019-04-09T03:25:00,2019-04-09T03:25:00,2019-04-09T03:47:00,2019-04-09T03:47:00,take_profit,take_profit,1.4698795180722892,1.4698795180722892,False,False,False
SECONDARY_W0_2018_2020,S3->S4,raw_episode_id plus within-episode trade ordinal,389,0,S3_000123,S4_000133,2019-04-16T04:01:00,2019-04-16T04:01:00,2019-04-16T04:16:00,2019-04-16T04:16:00,stop_loss,stop_loss,-1.0588235294116577,-1.0588235294116577,False,False,False
SECONDARY_W0_2018_2020,S3->S4,raw_episode_id plus within-episode trade ordinal,390,0,S3_000124,S4_000134,2019-04-22T04:19:00,2019-04-22T04:19:00,2019-04-22T04:55:00,2019-04-22T04:55:00,take_profit,take_profit,1.411764705882353,1.411764705882353,False,False,False
SECONDARY_W0_2018_2020,S3->S4,raw_episode_id plus within-episode trade ordinal,399,0,S3_000125,S4_000135,2019-04-23T03:01:00,2019-04-23T03:01:00,2019-04-23T03:15:00,2019-04-23T03:15:00,stop_loss,stop_loss,-1.0609756097559868,-1.0609756097559868,False,False,False
SECONDARY_W0_2018_2020,S3->S4,raw_episode_id plus within-episode trade ordinal,399,1,S3_000126,S4_000136,2019-04-23T03:16:00,2019-04-23T03:31:00,2019-04-23T03:57:00,2019-04-23T03:57:00,take_profit,take_profit,1.4698795180722892,1.4698795180722892,True,False,False
SECONDARY_W0_2018_2020,S3->S4,raw_episode_id plus within-episode trade ordinal,400,0,S3_000127,S4_000137,2019-04-23T03:59:00,2019-04-23T03:59:00,2019-04-23T04:08:00,2019-04-23T04:08:00,stop_loss,stop_loss,-1.061728395061616,-1.061728395061616,False,False,False
SECONDARY_W0_2018_2020,S3->S4,raw_episode_id plus within-episode trade ordinal,403,0,S3_000128,,2019-04-23T04:11:00,,2019-04-23T05:30:00,,stop_loss,,-1.0632911392403912,,False,False,False
SECONDARY_W0_2018_2020,S3->S4,raw_episode_id plus within-episode trade ordinal,404,0,,S4_000138,,2019-04-23T04:25:00,,2019-04-23T05:13:00,,stop_loss,,-1.0595238095237014,False,False,False
SECONDARY_W0_2018_2020,S3->S4,raw_episode_id plus within-episode trade ordinal,408,0,S3_000129,S4_000139,2019-04-24T03:01:00,2019-04-24T03:01:00,2019-04-24T03:38:00,2019-04-24T03:38:00,stop_loss,stop_loss,-1.0595238095237014,-1.0595238095237014,False,False,False
SECONDARY_W0_2018_2020,S3->S4,raw_episode_id plus within-episode trade ordinal,410,0,,S4_000140,,2019-04-24T03:54:00,,2019-04-24T04:01:00,,stop_loss,,-1.0588235294116577,False,False,False
SECONDARY_W0_2018_2020,S3->S4,raw_episode_id plus within-episode trade ordinal,411,0,,S4_000141,,2019-04-24T04:16:00,,2019-04-24T04:30:00,,stop_loss,,-1.0602409638553123,False,False,False
SECONDARY_W0_2018_2020,S3->S4,raw_episode_id plus within-episode trade ordinal,412,0,,S4_000142,,2019-04-24T04:48:00,,2019-04-24T04:53:00,,stop_loss,,-1.0609756097559868,False,False,False
SECONDARY_W0_2018_2020,S3->S4,raw_episode_id plus within-episode trade ordinal,413,0,S3_000130,S4_000143,2019-04-25T01:01:00,2019-04-25T01:01:00,2019-04-25T01:12:00,2019-04-25T01:12:00,stop_loss,stop_loss,-1.0568181818180786,-1.0568181818180786,False,False,False
SECONDARY_W0_2018_2020,S3->S4,raw_episode_id plus within-episode trade ordinal,415,0,,S4_000144,,2019-04-25T01:28:00,,2019-04-25T02:42:00,,stop_loss,,-1.0574712643677115,False,False,False
SECONDARY_W0_2018_2020,S3->S4,raw_episode_id plus within-episode trade ordinal,419,0,,S4_000145,,2019-04-25T02:58:00,,2019-04-25T03:03:00,,stop_loss,,-1.0602409638553123,False,False,False
SECONDARY_W0_2018_2020,S3->S4,raw_episode_id plus within-episode trade ordinal,420,0,S3_000131,S4_000146,2019-04-25T03:17:00,2019-04-25T03:21:00,2019-04-25T04:03:00,2019-04-25T04:51:00,take_profit,timeout,1.5,0.2235294117647166,True,True,False
SECONDARY_W0_2018_2020,S3->S4,raw_episode_id plus within-episode trade ordinal,424,0,S3_000132,,2019-04-25T04:04:00,,2019-04-25T04:13:00,,stop_loss,,-1.0602409638553123,,False,False,False
SECONDARY_W0_2018_2020,S3->S4,raw_episode_id plus within-episode trade ordinal,427,0,S3_000133,,2019-04-25T04:15:00,,2019-04-25T05:13:00,,take_profit,,1.5308641975308643,,False,False,False
SECONDARY_W0_2018_2020,S3->S4,raw_episode_id plus within-episode trade ordinal,431,0,,S4_000147,,2019-04-25T04:53:00,,2019-04-25T05:24:00,,take_profit,,1.3563218390804597,False,False,False
SECONDARY_W0_2018_2020,S3->S4,raw_episode_id plus within-episode trade ordinal,433,0,S3_000134,S4_000148,2019-04-26T02:58:00,2019-04-26T02:58:00,2019-04-26T03:19:00,2019-04-26T03:19:00,stop_loss,stop_loss,-1.0581395348836153,-1.0581395348836153,False,False,False
SECONDARY_W0_2018_2020,S3->S4,raw_episode_id plus within-episode trade ordinal,438,0,S3_000135,S4_000149,2019-04-26T04:52:00,2019-04-26T04:52:00,2019-04-26T05:36:00,2019-04-26T05:36:00,take_profit,take_profit,1.5949367088607593,1.5949367088607593,False,False,False
SECONDARY_W0_2018_2020,S3->S4,raw_episode_id plus within-episode trade ordinal,448,0,S3_000136,S4_000150,2019-04-26T08:08:00,2019-04-26T08:08:00,2019-04-26T09:32:00,2019-04-26T09:32:00,take_profit,take_profit,1.4404761904761905,1.4404761904761905,False,False,False
SECONDARY_W0_2018_2020,S3->S4,raw_episode_id plus within-episode trade ordinal,454,0,S3_000137,S4_000151,2019-04-26T09:55:00,2019-04-26T09:55:00,2019-04-26T10:00:00,2019-04-26T10:00:00,stop_loss,stop_loss,-1.0624999999998863,-1.0624999999998863,False,False,False
SECONDARY_W0_2018_2020,S3->S4,raw_episode_id plus within-episode trade ordinal,459,0,S3_000138,S4_000152,2019-04-29T02:37:00,2019-04-29T02:37:00,2019-04-29T03:27:00,2019-04-29T03:27:00,stop_loss,stop_loss,-1.0632911392403912,-1.0632911392403912,False,False,False
SECONDARY_W0_2018_2020,S3->S4,raw_episode_id plus within-episode trade ordinal,460,0,S3_000139,S4_000153,2019-04-29T03:28:00,2019-04-29T03:42:00,2019-04-29T04:58:00,2019-04-29T05:12:00,timeout,timeout,-0.15116279069760039,0.011363636363543329,True,True,True
SECONDARY_W0_2018_2020,S3->S4,raw_episode_id plus within-episode trade ordinal,468,0,S3_000140,S4_000154,2019-04-30T03:01:00,2019-04-30T03:01:00,2019-04-30T04:11:00,2019-04-30T04:11:00,take_profit,take_profit,1.4698795180722892,1.4698795180722892,False,False,False
SECONDARY_W0_2018_2020,S3->S4,raw_episode_id plus within-episode trade ordinal,470,0,S3_000141,S4_000155,2019-04-30T04:13:00,2019-04-30T04:13:00,2019-04-30T05:43:00,2019-04-30T05:43:00,timeout,timeout,-0.32018927444795675,-0.32018927444795675,False,False,False
SECONDARY_W0_2018_2020,S3->S4,raw_episode_id plus within-episode trade ordinal,476,0,S3_000142,S4_000156,2019-05-01T01:01:00,2019-05-01T01:01:00,2019-05-01T01:45:00,2019-05-01T01:45:00,stop_loss,stop_loss,-1.0581395348836153,-1.0581395348836153,False,False,False
SECONDARY_W0_2018_2020,S3->S4,raw_episode_id plus within-episode trade ordinal,479,0,S3_000143,S4_000157,2019-05-01T01:46:00,2019-05-01T02:01:00,2019-05-01T03:16:00,2019-05-01T03:31:00,timeout,timeout,0.28915662650600216,-0.40476190476185064,True,True,True
SECONDARY_W0_2018_2020,S3->S4,raw_episode_id plus within-episode trade ordinal,484,0,S3_000144,S4_000158,2019-05-01T03:22:00,2019-05-01T03:46:00,2019-05-01T03:31:00,2019-05-01T04:14:00,stop_loss,stop_loss,-1.0602409638553123,-1.0574712643677115,True,True,False
SECONDARY_W0_2018_2020,S3->S4,raw_episode_id plus within-episode trade ordinal,484,1,S3_000145,,2019-05-01T03:32:00,,2019-05-01T04:20:00,,stop_loss,,-1.0602409638553123,,False,False,False
SECONDARY_W0_2018_2020,S3->S4,raw_episode_id plus within-episode trade ordinal,485,0,S3_000146,S4_000159,2019-05-01T04:26:00,2019-05-01T04:30:00,2019-05-01T05:16:00,2019-05-01T05:16:00,stop_loss,stop_loss,-1.0588235294116577,-1.0574712643677115,True,False,False
SECONDARY_W0_2018_2020,S3->S4,raw_episode_id plus within-episode trade ordinal,494,0,S3_000147,S4_000160,2019-05-03T04:02:00,2019-05-03T04:02:00,2019-05-03T04:20:00,2019-05-03T04:20:00,stop_loss,stop_loss,-1.0574712643677115,-1.0574712643677115,False,False,False
SECONDARY_W0_2018_2020,S3->S4,raw_episode_id plus within-episode trade ordinal,495,0,S3_000148,S4_000161,2019-05-07T03:01:00,2019-05-07T03:01:00,2019-05-07T03:34:00,2019-05-07T03:34:00,stop_loss,stop_loss,-1.0632911392403912,-1.0632911392403912,False,False,False
SECONDARY_W0_2018_2020,S3->S4,raw_episode_id plus within-episode trade ordinal,500,0,,S4_000162,,2019-05-07T04:01:00,,2019-05-07T04:10:00,,stop_loss,,-1.0609756097559868,False,False,False
SECONDARY_W0_2018_2020,S3->S4,raw_episode_id plus within-episode trade ordinal,502,0,,S4_000163,,2019-05-07T04:32:00,,2019-05-07T06:02:00,,timeout,,1.1358024691358812,False,False,False
SECONDARY_W0_2018_2020,S3->S4,raw_episode_id plus within-episode trade ordinal,508,0,S3_000149,S4_000164,2019-05-08T03:01:00,2019-05-08T03:01:00,2019-05-08T03:20:00,2019-05-08T03:20:00,stop_loss,stop_loss,-1.0641025641024475,-1.0641025641024475,False,False,False
SECONDARY_W0_2018_2020,S3->S4,raw_episode_id plus within-episode trade ordinal,512,0,,S4_000165,,2019-05-08T03:35:00,,2019-05-08T05:05:00,,timeout,,1.4025974025976389,False,False,False
SECONDARY_W0_2018_2020,S3->S4,raw_episode_id plus within-episode trade ordinal,517,0,S3_000150,S4_000166,2019-05-08T08:05:00,2019-05-08T08:05:00,2019-05-08T09:35:00,2019-05-08T09:35:00,timeout,timeout,0.3176470588234545,0.3176470588234545,False,False,False
SECONDARY_W0_2018_2020,S3->S4,raw_episode_id plus within-episode trade ordinal,525,0,S3_000151,S4_000167,2019-05-09T03:01:00,2019-05-09T03:01:00,2019-05-09T03:31:00,2019-05-09T03:31:00,take_profit,take_profit,1.5308641975308643,1.5308641975308643,False,False,False
SECONDARY_W0_2018_2020,S3->S4,raw_episode_id plus within-episode trade ordinal,528,0,S3_000152,S4_000168,2019-05-13T04:17:00,2019-05-13T04:17:00,2019-05-13T04:45:00,2019-05-13T04:45:00,stop_loss,stop_loss,-1.0588235294116577,-1.0588235294116577,False,False,False
SECONDARY_W0_2018_2020,S3->S4,raw_episode_id plus within-episode trade ordinal,533,0,S3_000153,S4_000169,2019-05-15T03:01:00,2019-05-15T03:01:00,2019-05-15T04:31:00,2019-05-15T04:31:00,timeout,timeout,-0.1923076923077856,-0.1923076923077856,False,False,False
SECONDARY_W0_2018_2020,S3->S4,raw_episode_id plus within-episode trade ordinal,535,0,S3_000154,S4_000170,2019-05-15T04:32:00,2019-05-15T04:46:00,2019-05-15T05:00:00,2019-05-15T05:00:00,stop_loss,stop_loss,-1.0595238095237014,-1.061728395061616,True,False,False
SECONDARY_W0_2018_2020,S3->S4,raw_episode_id plus within-episode trade ordinal,540,0,S3_000155,S4_000171,2019-05-16T03:21:00,2019-05-16T03:21:00,2019-05-16T04:51:00,2019-05-16T04:51:00,timeout,timeout,-0.3333333333331313,-0.3333333333331313,False,False,False
SECONDARY_W0_2018_2020,S3->S4,raw_episode_id plus within-episode trade ordinal,545,0,S3_000156,S4_000172,2019-05-17T04:17:00,2019-05-17T04:17:00,2019-05-17T05:47:00,2019-05-17T05:47:00,timeout,timeout,-0.5357142857143832,-0.5357142857143832,False,False,False
SECONDARY_W0_2018_2020,S3->S4,raw_episode_id plus within-episode trade ordinal,546,0,S3_000157,S4_000173,2019-05-20T03:01:00,2019-05-20T03:01:00,2019-05-20T03:05:00,2019-05-20T03:05:00,stop_loss,stop_loss,-1.0602409638553123,-1.0602409638553123,False,False,False
SECONDARY_W0_2018_2020,S3->S4,raw_episode_id plus within-episode trade ordinal,548,0,,S4_000174,,2019-05-20T03:20:00,,2019-05-20T04:15:00,,take_profit,,1.4404761904761905,False,False,False
SECONDARY_W0_2018_2020,S3->S4,raw_episode_id plus within-episode trade ordinal,550,0,,S4_000175,,2019-05-20T04:17:00,,2019-05-20T04:42:00,,stop_loss,,-1.0657894736840907,False,False,False
SECONDARY_W0_2018_2020,S3->S4,raw_episode_id plus within-episode trade ordinal,552,0,,S4_000176,,2019-05-20T04:59:00,,2019-05-20T05:50:00,,stop_loss,,-1.0609756097559868,False,False,False
SECONDARY_W0_2018_2020,S3->S4,raw_episode_id plus within-episode trade ordinal,553,0,S3_000158,S4_000177,2019-05-21T04:01:00,2019-05-21T04:01:00,2019-05-21T04:03:00,2019-05-21T04:03:00,stop_loss,stop_loss,-1.0602409638553123,-1.0602409638553123,False,False,False
SECONDARY_W0_2018_2020,S3->S4,raw_episode_id plus within-episode trade ordinal,553,1,,S4_000178,,2019-05-21T04:18:00,,2019-05-21T05:48:00,,timeout,,0.5357142857142966,False,False,False
SECONDARY_W0_2018_2020,S3->S4,raw_episode_id plus within-episode trade ordinal,554,0,S3_000159,S4_000179,2019-05-22T03:05:00,2019-05-22T03:05:00,2019-05-22T03:54:00,2019-05-22T03:54:00,stop_loss,stop_loss,-1.0588235294116577,-1.0588235294116577,False,False,False
SECONDARY_W0_2018_2020,S3->S4,raw_episode_id plus within-episode trade ordinal,555,0,,S4_000180,,2019-05-22T04:09:00,,2019-05-22T05:39:00,,timeout,,-0.6309523809523918,False,False,False
SECONDARY_W0_2018_2020,S3->S4,raw_episode_id plus within-episode trade ordinal,556,0,S3_000160,S4_000181,2019-05-24T03:25:00,2019-05-24T03:25:00,2019-05-24T03:46:00,2019-05-24T03:46:00,stop_loss,stop_loss,-1.0595238095237014,-1.0595238095237014,False,False,False
SECONDARY_W0_2018_2020,S3->S4,raw_episode_id plus within-episode trade ordinal,559,0,,S4_000182,,2019-05-24T04:02:00,,2019-05-24T04:21:00,,stop_loss,,-1.0595238095237014,False,False,False
SECONDARY_W0_2018_2020,S3->S4,raw_episode_id plus within-episode trade ordinal,560,0,,S4_000183,,2019-05-24T04:36:00,,2019-05-24T05:06:00,,stop_loss,,-1.0609756097559868,False,False,False
SECONDARY_W0_2018_2020,S3->S4,raw_episode_id plus within-episode trade ordinal,572,0,S3_000161,S4_000184,2019-05-24T08:01:00,2019-05-24T08:01:00,2019-05-24T09:02:00,2019-05-24T09:02:00,stop_loss,stop_loss,-1.0609756097559868,-1.0609756097559868,False,False,False
SECONDARY_W0_2018_2020,S3->S4,raw_episode_id plus within-episode trade ordinal,576,0,,S4_000185,,2019-05-24T09:37:00,,2019-05-24T09:39:00,,stop_loss,,-1.061728395061616,False,False,False
SECONDARY_W0_2018_2020,S3->S4,raw_episode_id plus within-episode trade ordinal,579,0,S3_000162,S4_000186,2019-05-27T01:57:00,2019-05-27T01:57:00,2019-05-27T02:31:00,2019-05-27T02:31:00,stop_loss,stop_loss,-1.0574712643677115,-1.0574712643677115,False,False,False
SECONDARY_W0_2018_2020,S3->S4,raw_episode_id plus within-episode trade ordinal,585,0,,S4_000187,,2019-05-27T02:46:00,,2019-05-27T03:33:00,,stop_loss,,-1.0574712643677115,False,False,False
SECONDARY_W0_2018_2020,S3->S4,raw_episode_id plus within-episode trade ordinal,585,1,,S4_000188,,2019-05-27T03:48:00,,2019-05-27T04:15:00,,take_profit,,1.5,False,False,False
SECONDARY_W0_2018_2020,S3->S4,raw_episode_id plus within-episode trade ordinal,586,0,,S4_000189,,2019-05-27T04:18:00,,2019-05-27T05:48:00,,timeout,,0.24390243902442352,False,False,False
SECONDARY_W0_2018_2020,S3->S4,raw_episode_id plus within-episode trade ordinal,588,0,S3_000163,,2019-05-27T04:35:00,,2019-05-27T06:05:00,,timeout,,-0.3703703703706062,,False,False,False
SECONDARY_W0_2018_2020,S3->S4,raw_episode_id plus within-episode trade ordinal,595,0,S3_000164,S4_000190,2019-05-27T08:07:00,2019-05-27T08:00:00,2019-05-27T08:55:00,2019-05-27T08:57:00,stop_loss,stop_loss,-1.0588235294116577,-1.0602409638553123,True,True,False
SECONDARY_W0_2018_2020,S3->S4,raw_episode_id plus within-episode trade ordinal,604,0,,S4_000191,,2019-05-27T09:15:00,,2019-05-27T09:43:00,,stop_loss,,-1.0602409638553123,False,False,False
SECONDARY_W0_2018_2020,S3->S4,raw_episode_id plus within-episode trade ordinal,607,0,S3_000165,S4_000192,2019-05-27T11:31:00,2019-05-27T11:31:00,2019-05-27T11:59:00,2019-05-27T11:59:00,stop_loss,stop_loss,-1.0581395348836153,-1.0581395348836153,False,False,False
SECONDARY_W0_2018_2020,S3->S4,raw_episode_id plus within-episode trade ordinal,608,0,,S4_000193,,2019-05-27T12:16:00,,2019-05-27T13:37:00,,stop_loss,,-1.0602409638553123,False,False,False
SECONDARY_W0_2018_2020,S3->S4,raw_episode_id plus within-episode trade ordinal,610,0,S3_000166,S4_000194,2019-05-28T03:01:00,2019-05-28T03:01:00,2019-05-28T03:30:00,2019-05-28T03:30:00,stop_loss,stop_loss,-1.0609756097559868,-1.0609756097559868,False,False,False
SECONDARY_W0_2018_2020,S3->S4,raw_episode_id plus within-episode trade ordinal,613,0,,S4_000195,,2019-05-28T03:46:00,,2019-05-28T04:00:00,,stop_loss,,-1.0609756097559868,False,False,False
SECONDARY_W0_2018_2020,S3->S4,raw_episode_id plus within-episode trade ordinal,613,1,,S4_000196,,2019-05-28T04:15:00,,2019-05-28T04:25:00,,stop_loss,,-1.0609756097559868,False,False,False
SECONDARY_W0_2018_2020,S3->S4,raw_episode_id plus within-episode trade ordinal,613,2,,S4_000197,,2019-05-28T04:40:00,,2019-05-28T06:10:00,,timeout,,-0.03658536585364747,False,False,False
SECONDARY_W0_2018_2020,S3->S4,raw_episode_id plus within-episode trade ordinal,614,0,S3_000167,S4_000198,2019-05-28T08:39:00,2019-05-28T08:39:00,2019-05-28T08:55:00,2019-05-28T08:55:00,stop_loss,stop_loss,-1.0649350649349467,-1.0649350649349467,False,False,False
SECONDARY_W0_2018_2020,S3->S4,raw_episode_id plus within-episode trade ordinal,615,0,S3_000168,S4_000199,2019-05-29T03:13:00,2019-05-29T03:13:00,2019-05-29T04:00:00,2019-05-29T04:00:00,stop_loss,stop_loss,-1.0675675675674445,-1.0675675675674445,False,False,False
SECONDARY_W0_2018_2020,S3->S4,raw_episode_id plus within-episode trade ordinal,616,0,S3_000169,S4_000200,2019-05-31T04:01:00,2019-05-31T04:01:00,2019-05-31T05:05:00,2019-05-31T05:05:00,stop_loss,stop_loss,-1.0649350649349467,-1.0649350649349467,False,False,False
SECONDARY_W0_2018_2020,S3->S4,raw_episode_id plus within-episode trade ordinal,620,0,S3_000170,S4_000201,2019-09-09T04:10:00,2019-09-09T04:10:00,2019-09-09T04:33:00,2019-09-09T04:33:00,stop_loss,stop_loss,-1.0231175693526597,-1.0231175693526597,False,False,False
SECONDARY_W0_2018_2020,S3->S4,raw_episode_id plus within-episode trade ordinal,621,0,S3_000171,S4_000202,2019-09-18T03:19:00,2019-09-18T03:19:00,2019-09-18T04:34:00,2019-09-18T04:34:00,stop_loss,stop_loss,-1.0588235294116577,-1.0588235294116577,False,False,False
SECONDARY_W0_2018_2020,S3->S4,raw_episode_id plus within-episode trade ordinal,625,0,S3_000172,S4_000203,2019-10-25T08:27:00,2019-10-25T08:27:00,2019-10-25T08:38:00,2019-10-25T08:38:00,take_profit,take_profit,1.6282051282051282,1.6282051282051282,False,False,False
SECONDARY_W0_2018_2020,S3->S4,raw_episode_id plus within-episode trade ordinal,626,0,S3_000173,S4_000204,2019-11-12T03:09:00,2019-11-12T03:09:00,2019-11-12T04:39:00,2019-11-12T04:39:00,timeout,timeout,-0.8741485566007983,-0.8741485566007983,False,False,False
SECONDARY_W0_2018_2020,S3->S4,raw_episode_id plus within-episode trade ordinal,627,0,S3_000174,S4_000205,2019-11-18T03:41:00,2019-11-18T03:41:00,2019-11-18T03:57:00,2019-11-18T03:57:00,stop_loss,stop_loss,-1.0632911392403912,-1.0632911392403912,False,False,False
SECONDARY_W0_2018_2020,S3->S4,raw_episode_id plus within-episode trade ordinal,628,0,S3_000175,S4_000206,2019-11-18T03:58:00,2019-11-18T04:12:00,2019-11-18T05:28:00,2019-11-18T05:16:00,timeout,stop_loss,-0.11249999999989768,-1.0632911392403912,True,True,False
SECONDARY_W0_2018_2020,S3->S4,raw_episode_id plus within-episode trade ordinal,630,0,S3_000176,S4_000207,2019-11-25T03:02:00,2019-11-25T03:02:00,2019-11-25T03:05:00,2019-11-25T03:05:00,stop_loss,stop_loss,-1.0657894736840907,-1.0657894736840907,False,False,False
SECONDARY_W0_2018_2020,S3->S4,raw_episode_id plus within-episode trade ordinal,631,0,,S4_000208,,2019-11-25T03:20:00,,2019-11-25T03:25:00,,stop_loss,,-1.0614250614250171,False,False,False
SECONDARY_W0_2018_2020,S3->S4,raw_episode_id plus within-episode trade ordinal,633,0,,S4_000209,,2019-11-25T03:49:00,,2019-11-25T05:19:00,,timeout,,-0.6538461538461188,False,False,False
SECONDARY_W0_2018_2020,S3->S4,raw_episode_id plus within-episode trade ordinal,634,0,S3_000177,S4_000210,2019-11-26T03:02:00,2019-11-26T03:02:00,2019-11-26T03:06:00,2019-11-26T03:06:00,stop_loss,stop_loss,-1.0624999999998863,-1.0624999999998863,False,False,False
SECONDARY_W0_2018_2020,S3->S4,raw_episode_id plus within-episode trade ordinal,635,0,,S4_000211,,2019-11-26T03:21:00,,2019-11-26T03:46:00,,stop_loss,,-1.0624999999998863,False,False,False
SECONDARY_W0_2018_2020,S3->S4,raw_episode_id plus within-episode trade ordinal,641,0,,S4_000212,,2019-11-26T04:01:00,,2019-11-26T05:31:00,,timeout,,0.25583014270803495,False,False,False
SECONDARY_W0_2018_2020,S3->S4,raw_episode_id plus within-episode trade ordinal,644,0,S3_000178,S4_000213,2019-11-27T04:40:00,2019-11-27T04:40:00,2019-11-27T06:10:00,2019-11-27T06:10:00,timeout,timeout,-0.6883116883116174,-0.6883116883116174,False,False,False
SECONDARY_W0_2018_2020,S3->S4,raw_episode_id plus within-episode trade ordinal,645,0,S3_000179,S4_000214,2019-12-03T04:04:00,2019-12-03T04:04:00,2019-12-03T04:23:00,2019-12-03T04:23:00,stop_loss,stop_loss,-1.061728395061616,-1.061728395061616,False,False,False
SECONDARY_W0_2018_2020,S3->S4,raw_episode_id plus within-episode trade ordinal,646,0,S3_000180,S4_000215,2019-12-10T03:15:00,2019-12-10T03:15:00,2019-12-10T04:45:00,2019-12-10T04:45:00,timeout,timeout,-0.14102564102578097,-0.14102564102578097,False,False,False
SECONDARY_W0_2018_2020,S3->S4,raw_episode_id plus within-episode trade ordinal,649,0,S3_000181,S4_000216,2019-12-11T01:04:00,2019-12-11T01:04:00,2019-12-11T01:22:00,2019-12-11T01:22:00,stop_loss,stop_loss,-1.0480769230768356,-1.0480769230768356,False,False,False
SECONDARY_W0_2018_2020,S3->S4,raw_episode_id plus within-episode trade ordinal,652,0,,S4_000217,,2019-12-11T01:57:00,,2019-12-11T03:27:00,,timeout,,-0.3974358974358041,False,False,False
SECONDARY_W0_2018_2020,S3->S4,raw_episode_id plus within-episode trade ordinal,661,0,S3_000182,S4_000218,2019-12-11T03:22:00,2019-12-11T03:42:00,2019-12-11T04:09:00,2019-12-11T05:12:00,stop_loss,timeout,-1.0624999999998863,-0.060975609756064315,True,True,False
SECONDARY_W0_2018_2020,S3->S4,raw_episode_id plus within-episode trade ordinal,663,0,S3_000183,S4_000219,2019-12-12T04:00:00,2019-12-12T04:00:00,2019-12-12T05:30:00,2019-12-12T05:30:00,timeout,timeout,0.8674698795180723,0.8674698795180723,False,False,False
SECONDARY_W0_2018_2020,S3->S4,raw_episode_id plus within-episode trade ordinal,674,0,S3_000184,S4_000220,2019-12-16T03:33:00,2019-12-16T03:33:00,2019-12-16T04:30:00,2019-12-16T04:30:00,take_profit,take_profit,1.6282051282051282,1.6282051282051282,False,False,False
SECONDARY_W0_2018_2020,S3->S4,raw_episode_id plus within-episode trade ordinal,680,0,S3_000185,S4_000221,2019-12-16T04:51:00,2019-12-16T04:51:00,2019-12-16T05:31:00,2019-12-16T05:31:00,stop_loss,stop_loss,-1.0632911392403912,-1.0632911392403912,False,False,False
SECONDARY_W0_2018_2020,S3->S4,raw_episode_id plus within-episode trade ordinal,689,0,S3_000186,S4_000222,2019-12-17T03:01:00,2019-12-17T03:01:00,2019-12-17T03:31:00,2019-12-17T03:31:00,stop_loss,stop_loss,-1.061728395061616,-1.061728395061616,False,False,False
SECONDARY_W0_2018_2020,S3->S4,raw_episode_id plus within-episode trade ordinal,689,1,S3_000187,S4_000223,2019-12-17T03:32:00,2019-12-17T03:46:00,2019-12-17T04:42:00,2019-12-17T05:16:00,take_profit,timeout,1.5625,0.9999999999999215,True,True,False
SECONDARY_W0_2018_2020,S3->S4,raw_episode_id plus within-episode trade ordinal,690,0,S3_000188,,2019-12-17T04:43:00,,2019-12-17T06:13:00,,timeout,,0.7820512820514686,,False,False,False
SECONDARY_W0_2018_2020,S3->S4,raw_episode_id plus within-episode trade ordinal,709,0,S3_000189,S4_000224,2019-12-18T02:10:00,2019-12-18T02:10:00,2019-12-18T03:40:00,2019-12-18T03:40:00,timeout,timeout,-0.2021276595746616,-0.2021276595746616,False,False,False
SECONDARY_W0_2018_2020,S3->S4,raw_episode_id plus within-episode trade ordinal,717,0,S3_000190,,2019-12-18T03:42:00,,2019-12-18T05:12:00,,timeout,,0.11578947368420094,,False,False,False
SECONDARY_W0_2018_2020,S3->S4,raw_episode_id plus within-episode trade ordinal,718,0,,S4_000225,,2019-12-18T03:55:00,,2019-12-18T05:25:00,,timeout,,-0.09756097560996686,False,False,False
SECONDARY_W0_2018_2020,S3->S4,raw_episode_id plus within-episode trade ordinal,725,0,S3_000191,S4_000226,2019-12-18T08:01:00,2019-12-18T08:01:00,2019-12-18T09:31:00,2019-12-18T09:31:00,timeout,timeout,-0.09638554216861994,-0.09638554216861994,False,False,False
SECONDARY_W0_2018_2020,S3->S4,raw_episode_id plus within-episode trade ordinal,732,0,S3_000192,S4_000227,2019-12-19T04:05:00,2019-12-19T04:05:00,2019-12-19T05:35:00,2019-12-19T05:35:00,timeout,timeout,-0.20731707317084266,-0.20731707317084266,False,False,False
SECONDARY_W0_2018_2020,S3->S4,raw_episode_id plus within-episode trade ordinal,739,0,S3_000193,S4_000228,2019-12-20T04:04:00,2019-12-20T04:04:00,2019-12-20T05:34:00,2019-12-20T05:34:00,timeout,timeout,-0.9036144578313583,-0.9036144578313583,False,False,False
SECONDARY_W0_2018_2020,S3->S4,raw_episode_id plus within-episode trade ordinal,752,0,S3_000194,S4_000229,2019-12-20T08:00:00,2019-12-20T08:00:00,2019-12-20T09:30:00,2019-12-20T09:30:00,timeout,timeout,-0.555555555555623,-0.555555555555623,False,False,False
SECONDARY_W0_2018_2020,S3->S4,raw_episode_id plus within-episode trade ordinal,752,1,,S4_000230,,2019-12-20T09:45:00,,2019-12-20T09:55:00,,stop_loss,,-1.0624999999998863,False,False,False
SECONDARY_W0_2018_2020,S3->S4,raw_episode_id plus within-episode trade ordinal,757,0,S3_000195,S4_000231,2019-12-23T03:25:00,2019-12-23T03:25:00,2019-12-23T03:35:00,2019-12-23T03:35:00,stop_loss,stop_loss,-1.0602409638553123,-1.0602409638553123,False,False,False
SECONDARY_W0_2018_2020,S3->S4,raw_episode_id plus within-episode trade ordinal,760,0,,S4_000232,,2019-12-23T03:53:00,,2019-12-23T05:09:00,,take_profit,,1.5625,False,False,False
SECONDARY_W0_2018_2020,S3->S4,raw_episode_id plus within-episode trade ordinal,771,0,S3_000196,S4_000233,2019-12-23T08:09:00,2019-12-23T08:09:00,2019-12-23T08:32:00,2019-12-23T08:32:00,take_profit,take_profit,1.5625,1.5625,False,False,False
SECONDARY_W0_2018_2020,S3->S4,raw_episode_id plus within-episode trade ordinal,772,0,S3_000197,S4_000234,2019-12-24T03:03:00,2019-12-24T03:03:00,2019-12-24T03:43:00,2019-12-24T03:43:00,take_profit,take_profit,1.5625,1.5625,False,False,False
SECONDARY_W0_2018_2020,S3->S4,raw_episode_id plus within-episode trade ordinal,774,0,S3_000198,S4_000235,2019-12-24T04:18:00,2019-12-24T04:18:00,2019-12-24T05:48:00,2019-12-24T05:48:00,timeout,timeout,0.37499999999994316,0.37499999999994316,False,False,False
SECONDARY_W0_2018_2020,S3->S4,raw_episode_id plus within-episode trade ordinal,785,0,S3_000199,S4_000236,2020-10-14T04:34:00,2020-10-14T04:34:00,2020-10-14T04:42:00,2020-10-14T04:42:00,take_profit,take_profit,0.6326362135388134,0.6326362135388134,False,False,False
SECONDARY_W0_2018_2020,S4->S5,raw_episode_id plus within-episode trade ordinal,0,0,S4_000000,S5_000000,2018-03-14T04:45:00,2018-03-14T04:45:00,2018-03-14T05:21:00,2018-03-14T05:33:00,stop_loss,stop_loss,-1.0555555555554548,-1.0555555555554548,False,True,False
SECONDARY_W0_2018_2020,S4->S5,raw_episode_id plus within-episode trade ordinal,1,0,S4_000001,S5_000001,2018-03-20T04:57:00,2018-03-20T04:57:00,2018-03-20T06:27:00,2018-03-20T06:27:00,timeout,timeout,-0.6666666666666669,-0.7222222222221719,False,False,False
SECONDARY_W0_2018_2020,S4->S5,raw_episode_id plus within-episode trade ordinal,2,0,S4_000002,S5_000002,2018-04-27T04:16:00,2018-04-27T04:16:00,2018-04-27T04:57:00,2018-04-27T04:17:00,take_profit,stop_loss,1.277777777777778,-1.0555555555554548,False,True,True
SECONDARY_W0_2018_2020,S4->S5,raw_episode_id plus within-episode trade ordinal,4,0,S4_000003,S5_000003,2018-05-07T03:01:00,2018-05-07T03:01:00,2018-05-07T03:10:00,2018-05-07T03:10:00,take_profit,take_profit,1.277777777777778,1.277777777777778,False,False,False
SECONDARY_W0_2018_2020,S4->S5,raw_episode_id plus within-episode trade ordinal,5,0,S4_000004,S5_000004,2018-05-07T04:10:00,2018-05-07T04:10:00,2018-05-07T05:02:00,2018-05-07T05:40:00,stop_loss,timeout,-1.0555555555554548,-0.0111111111112021,False,True,False
SECONDARY_W0_2018_2020,S4->S5,raw_episode_id plus within-episode trade ordinal,8,0,S4_000005,S5_000005,2018-05-08T04:03:00,2018-05-08T04:03:00,2018-05-08T04:30:00,2018-05-08T04:27:00,stop_loss,stop_loss,-1.0555555555554548,-1.0555555555554548,False,True,False
SECONDARY_W0_2018_2020,S4->S5,raw_episode_id plus within-episode trade ordinal,12,0,S4_000006,S5_000006,2018-05-09T03:24:00,2018-05-09T03:24:00,2018-05-09T03:25:00,2018-05-09T03:25:00,stop_loss,stop_loss,-1.0555555555554548,-1.0555555555554548,False,False,False
SECONDARY_W0_2018_2020,S4->S5,raw_episode_id plus within-episode trade ordinal,13,0,S4_000007,S5_000007,2018-05-10T01:37:00,2018-05-10T01:37:00,2018-05-10T02:50:00,2018-05-10T02:50:00,stop_loss,stop_loss,-1.0555555555554548,-1.0555555555554548,False,False,False
SECONDARY_W0_2018_2020,S4->S5,raw_episode_id plus within-episode trade ordinal,18,0,S4_000008,S5_000008,2018-05-10T03:47:00,2018-05-10T03:47:00,2018-05-10T04:10:00,2018-05-10T04:10:00,take_profit,take_profit,1.277777777777778,1.277777777777778,False,False,False
SECONDARY_W0_2018_2020,S4->S5,raw_episode_id plus within-episode trade ordinal,20,0,S4_000009,S5_000009,2018-05-14T03:11:00,2018-05-14T03:11:00,2018-05-14T03:42:00,2018-05-14T03:42:00,take_profit,take_profit,1.277777777777778,1.277777777777778,False,False,False
SECONDARY_W0_2018_2020,S4->S5,raw_episode_id plus within-episode trade ordinal,22,0,S4_000010,S5_000010,2018-05-14T04:03:00,2018-05-14T04:03:00,2018-05-14T04:16:00,2018-05-14T04:16:00,stop_loss,stop_loss,-1.0555555555554548,-1.0555555555554548,False,False,False
SECONDARY_W0_2018_2020,S4->S5,raw_episode_id plus within-episode trade ordinal,22,1,S4_000011,S5_000011,2018-05-14T04:31:00,2018-05-14T04:31:00,2018-05-14T04:54:00,2018-05-14T04:53:00,stop_loss,stop_loss,-1.0555555555554548,-1.0555555555554548,False,True,False
SECONDARY_W0_2018_2020,S4->S5,raw_episode_id plus within-episode trade ordinal,31,0,S4_000012,S5_000012,2018-05-18T04:07:00,2018-05-18T04:07:00,2018-05-18T04:21:00,2018-05-18T04:36:00,stop_loss,stop_loss,-1.0555555555554548,-1.0555555555554548,False,True,False
SECONDARY_W0_2018_2020,S4->S5,raw_episode_id plus within-episode trade ordinal,36,0,S4_000013,S5_000013,2018-05-21T04:02:00,2018-05-21T04:02:00,2018-05-21T04:10:00,2018-05-21T04:12:00,stop_loss,stop_loss,-1.0555555555554548,-1.0555555555554548,False,True,False
SECONDARY_W0_2018_2020,S4->S5,raw_episode_id plus within-episode trade ordinal,37,0,S4_000014,S5_000014,2018-05-21T04:25:00,2018-05-21T04:27:00,2018-05-21T05:23:00,2018-05-21T05:22:00,stop_loss,stop_loss,-1.0555555555554548,-1.0555555555554548,True,True,False
SECONDARY_W0_2018_2020,S4->S5,raw_episode_id plus within-episode trade ordinal,43,0,S4_000015,S5_000015,2018-05-23T01:01:00,2018-05-23T01:01:00,2018-05-23T02:12:00,2018-05-23T02:10:00,take_profit,take_profit,1.277777777777778,1.277777777777778,False,True,False
SECONDARY_W0_2018_2020,S4->S5,raw_episode_id plus within-episode trade ordinal,45,0,S4_000016,S5_000016,2018-05-23T03:02:00,2018-05-23T03:02:00,2018-05-23T03:08:00,2018-05-23T03:09:00,take_profit,take_profit,1.277777777777778,1.277777777777778,False,True,False
SECONDARY_W0_2018_2020,S4->S5,raw_episode_id plus within-episode trade ordinal,46,0,S4_000017,S5_000017,2018-05-23T03:49:00,2018-05-23T03:49:00,2018-05-23T04:36:00,2018-05-23T03:57:00,stop_loss,stop_loss,-1.0555555555554548,-1.0555555555554548,False,True,False
SECONDARY_W0_2018_2020,S4->S5,raw_episode_id plus within-episode trade ordinal,48,0,,S5_000018,,2018-05-23T04:32:00,,2018-05-23T04:34:00,,stop_loss,,-1.0555555555554548,False,False,False
SECONDARY_W0_2018_2020,S4->S5,raw_episode_id plus within-episode trade ordinal,54,0,S4_000018,S5_000019,2018-05-28T03:21:00,2018-05-28T03:21:00,2018-05-28T04:10:00,2018-05-28T04:12:00,stop_loss,stop_loss,-1.0555555555554548,-1.0555555555554548,False,True,False
SECONDARY_W0_2018_2020,S4->S5,raw_episode_id plus within-episode trade ordinal,58,0,S4_000019,S5_000020,2018-05-28T04:26:00,2018-05-28T04:27:00,2018-05-28T05:56:00,2018-05-28T05:57:00,timeout,timeout,-0.511111111111,-0.511111111111,True,True,False
SECONDARY_W0_2018_2020,S4->S5,raw_episode_id plus within-episode trade ordinal,60,0,S4_000020,S5_000021,2018-05-31T01:06:00,2018-05-31T01:06:00,2018-05-31T02:36:00,2018-05-31T02:36:00,timeout,timeout,0.34444444444453537,0.3777777777778384,False,False,False
SECONDARY_W0_2018_2020,S4->S5,raw_episode_id plus within-episode trade ordinal,64,0,S4_000021,S5_000022,2018-05-31T04:15:00,2018-05-31T04:15:00,2018-05-31T04:30:00,2018-05-31T04:30:00,stop_loss,stop_loss,-1.0555555555554548,-1.0555555555554548,False,False,False
SECONDARY_W0_2018_2020,S4->S5,raw_episode_id plus within-episode trade ordinal,67,0,S4_000022,S5_000023,2018-06-04T03:02:00,2018-06-04T03:02:00,2018-06-04T04:32:00,2018-06-04T03:05:00,timeout,stop_loss,0.46666666666664647,-1.0555555555554548,False,True,True
SECONDARY_W0_2018_2020,S4->S5,raw_episode_id plus within-episode trade ordinal,68,0,,S5_000024,,2018-06-04T03:20:00,,2018-06-04T03:29:00,,stop_loss,,-1.0555555555554548,False,False,False
SECONDARY_W0_2018_2020,S4->S5,raw_episode_id plus within-episode trade ordinal,71,0,,S5_000025,,2018-06-04T03:49:00,,2018-06-04T03:51:00,,stop_loss,,-1.0555555555554548,False,False,False
SECONDARY_W0_2018_2020,S4->S5,raw_episode_id plus within-episode trade ordinal,72,0,,S5_000026,,2018-06-04T04:06:00,,2018-06-04T05:36:00,,timeout,,-0.25555555555542425,False,False,False
SECONDARY_W0_2018_2020,S4->S5,raw_episode_id plus within-episode trade ordinal,73,0,S4_000023,,2018-06-04T04:33:00,,2018-06-04T05:09:00,,stop_loss,,-1.0555555555554548,,False,False,False
SECONDARY_W0_2018_2020,S4->S5,raw_episode_id plus within-episode trade ordinal,74,0,S4_000024,S5_000027,2018-06-05T02:44:00,2018-06-05T02:44:00,2018-06-05T03:50:00,2018-06-05T03:50:00,stop_loss,stop_loss,-1.0555555555554548,-1.0555555555554548,False,False,False
SECONDARY_W0_2018_2020,S4->S5,raw_episode_id plus within-episode trade ordinal,77,0,S4_000025,S5_000028,2018-06-05T04:05:00,2018-06-05T04:05:00,2018-06-05T04:17:00,2018-06-05T05:35:00,stop_loss,timeout,-1.0555555555554548,0.144444444444212,False,True,True
SECONDARY_W0_2018_2020,S4->S5,raw_episode_id plus within-episode trade ordinal,78,0,S4_000026,,2018-06-05T04:32:00,,2018-06-05T06:02:00,,timeout,,0.18888888888886865,,False,False,False
SECONDARY_W0_2018_2020,S4->S5,raw_episode_id plus within-episode trade ordinal,82,0,S4_000027,S5_000029,2018-06-06T04:15:00,2018-06-06T04:15:00,2018-06-06T05:45:00,2018-06-06T05:45:00,timeout,timeout,-0.5555555555556567,-0.6555555555555658,False,False,False
SECONDARY_W0_2018_2020,S4->S5,raw_episode_id plus within-episode trade ordinal,85,0,S4_000028,S5_000030,2018-06-07T04:07:00,2018-06-07T04:07:00,2018-06-07T04:27:00,2018-06-07T04:23:00,take_profit,take_profit,1.277777777777778,1.277777777777778,False,True,False
SECONDARY_W0_2018_2020,S4->S5,raw_episode_id plus within-episode trade ordinal,87,0,S4_000029,S5_000031,2018-06-07T04:42:00,2018-06-07T04:42:00,2018-06-07T06:12:00,2018-06-07T06:12:00,timeout,timeout,-0.36666666666668696,-0.2666666666667779,False,False,False
SECONDARY_W0_2018_2020,S4->S5,raw_episode_id plus within-episode trade ordinal,91,0,S4_000030,S5_000032,2018-06-08T03:44:00,2018-06-08T03:44:00,2018-06-08T04:15:00,2018-06-08T03:55:00,stop_loss,stop_loss,-1.0555555555554548,-1.0555555555554548,False,True,False
SECONDARY_W0_2018_2020,S4->S5,raw_episode_id plus within-episode trade ordinal,93,0,,S5_000033,,2018-06-08T04:12:00,,2018-06-08T04:15:00,,stop_loss,,-1.0555555555554548,False,False,False
SECONDARY_W0_2018_2020,S4->S5,raw_episode_id plus within-episode trade ordinal,95,0,S4_000031,S5_000034,2018-06-08T04:30:00,2018-06-08T04:30:00,2018-06-08T04:52:00,2018-06-08T05:57:00,stop_loss,stop_loss,-1.0555555555554548,-1.0555555555554548,False,True,False
SECONDARY_W0_2018_2020,S4->S5,raw_episode_id plus within-episode trade ordinal,97,0,S4_000032,S5_000035,2018-06-08T08:04:00,2018-06-08T08:04:00,2018-06-08T08:25:00,2018-06-08T08:07:00,stop_loss,stop_loss,-1.0555555555554548,-1.0555555555554548,False,True,False
SECONDARY_W0_2018_2020,S4->S5,raw_episode_id plus within-episode trade ordinal,99,0,S4_000033,S5_000036,2018-06-11T03:24:00,2018-06-11T03:24:00,2018-06-11T04:31:00,2018-06-11T03:49:00,take_profit,stop_loss,1.277777777777778,-1.0555555555554548,False,True,True
SECONDARY_W0_2018_2020,S4->S5,raw_episode_id plus within-episode trade ordinal,102,0,,S5_000037,,2018-06-11T04:10:00,,2018-06-11T04:32:00,,take_profit,,1.277777777777778,False,False,False
SECONDARY_W0_2018_2020,S4->S5,raw_episode_id plus within-episode trade ordinal,104,0,S4_000034,S5_000038,2018-06-12T02:04:00,2018-06-12T02:04:00,2018-06-12T02:12:00,2018-06-12T02:12:00,stop_loss,stop_loss,-1.0555555555554548,-1.0555555555554548,False,False,False
SECONDARY_W0_2018_2020,S4->S5,raw_episode_id plus within-episode trade ordinal,108,0,S4_000035,S5_000039,2018-06-12T03:01:00,2018-06-12T03:01:00,2018-06-12T03:12:00,2018-06-12T03:01:00,stop_loss,stop_loss,-1.0555555555554548,-1.0555555555554548,False,True,False
SECONDARY_W0_2018_2020,S4->S5,raw_episode_id plus within-episode trade ordinal,110,0,S4_000036,S5_000040,2018-06-13T03:01:00,2018-06-13T03:01:00,2018-06-13T03:54:00,2018-06-13T04:03:00,stop_loss,stop_loss,-1.0555555555554548,-1.0555555555554548,False,True,False
SECONDARY_W0_2018_2020,S4->S5,raw_episode_id plus within-episode trade ordinal,110,1,S4_000037,S5_000041,2018-06-13T04:09:00,2018-06-13T04:18:00,2018-06-13T05:39:00,2018-06-13T05:48:00,timeout,timeout,0.2444444444443737,0.6777777777778181,True,True,False
SECONDARY_W0_2018_2020,S4->S5,raw_episode_id plus within-episode trade ordinal,113,0,S4_000038,S5_000042,2018-06-14T03:45:00,2018-06-14T03:45:00,2018-06-14T04:19:00,2018-06-14T04:20:00,stop_loss,stop_loss,-1.0555555555554548,-1.0555555555554548,False,True,False
SECONDARY_W0_2018_2020,S4->S5,raw_episode_id plus within-episode trade ordinal,117,0,S4_000039,S5_000043,2018-06-20T03:01:00,2018-06-20T03:01:00,2018-06-20T03:06:00,2018-06-20T03:03:00,stop_loss,stop_loss,-1.0555555555554548,-1.0555555555554548,False,True,False
SECONDARY_W0_2018_2020,S4->S5,raw_episode_id plus within-episode trade ordinal,117,1,S4_000040,S5_000044,2018-06-20T03:22:00,2018-06-20T03:18:00,2018-06-20T04:05:00,2018-06-20T04:03:00,take_profit,take_profit,1.277777777777778,1.277777777777778,True,True,False
SECONDARY_W0_2018_2020,S4->S5,raw_episode_id plus within-episode trade ordinal,120,0,S4_000041,S5_000045,2018-06-20T04:09:00,2018-06-20T04:09:00,2018-06-20T05:39:00,2018-06-20T04:16:00,timeout,take_profit,0.2444444444443737,1.277777777777778,False,True,False
SECONDARY_W0_2018_2020,S4->S5,raw_episode_id plus within-episode trade ordinal,121,0,S4_000042,S5_000046,2018-06-26T03:01:00,2018-06-26T03:01:00,2018-06-26T04:31:00,2018-06-26T04:31:00,timeout,timeout,0.17777777777776765,0.29999999999987875,False,False,False
SECONDARY_W0_2018_2020,S4->S5,raw_episode_id plus within-episode trade ordinal,125,0,S4_000043,S5_000047,2018-06-26T04:38:00,2018-06-26T04:38:00,2018-06-26T04:45:00,2018-06-26T04:47:00,stop_loss,stop_loss,-1.0555555555554548,-1.0555555555554548,False,True,False
SECONDARY_W0_2018_2020,S4->S5,raw_episode_id plus within-episode trade ordinal,127,0,S4_000044,S5_000048,2018-06-27T03:05:00,2018-06-27T03:05:00,2018-06-27T04:00:00,2018-06-27T04:00:00,take_profit,take_profit,1.277777777777778,1.277777777777778,False,False,False
SECONDARY_W0_2018_2020,S4->S5,raw_episode_id plus within-episode trade ordinal,131,0,S4_000045,S5_000049,2018-06-27T04:54:00,2018-06-27T04:54:00,2018-06-27T05:03:00,2018-06-27T05:00:00,stop_loss,stop_loss,-1.048422800221342,-1.048422800221342,False,True,False
SECONDARY_W0_2018_2020,S4->S5,raw_episode_id plus within-episode trade ordinal,134,0,S4_000046,S5_000050,2018-06-29T04:20:00,2018-06-29T04:20:00,2018-06-29T04:25:00,2018-06-29T04:40:00,stop_loss,stop_loss,-1.0555555555554548,-1.0555555555554548,False,True,False
SECONDARY_W0_2018_2020,S4->S5,raw_episode_id plus within-episode trade ordinal,135,0,S4_000047,S5_000051,2018-07-03T03:15:00,2018-07-03T03:15:00,2018-07-03T04:04:00,2018-07-03T04:04:00,stop_loss,stop_loss,-1.0555555555554548,-1.0555555555554548,False,False,False
SECONDARY_W0_2018_2020,S4->S5,raw_episode_id plus within-episode trade ordinal,138,0,S4_000048,S5_000052,2018-07-03T04:19:00,2018-07-03T04:19:00,2018-07-03T04:42:00,2018-07-03T04:33:00,stop_loss,stop_loss,-1.0555555555554548,-1.0555555555554548,False,True,False
SECONDARY_W0_2018_2020,S4->S5,raw_episode_id plus within-episode trade ordinal,141,0,,S5_000053,,2018-07-03T04:48:00,,2018-07-03T05:06:00,,stop_loss,,-1.0531268973891104,False,False,False
SECONDARY_W0_2018_2020,S4->S5,raw_episode_id plus within-episode trade ordinal,143,0,S4_000049,S5_000054,2018-07-09T04:16:00,2018-07-09T04:16:00,2018-07-09T04:52:00,2018-07-09T04:52:00,take_profit,take_profit,1.277777777777778,1.277777777777778,False,False,False
SECONDARY_W0_2018_2020,S4->S5,raw_episode_id plus within-episode trade ordinal,144,0,S4_000050,S5_000055,2018-07-10T03:37:00,2018-07-10T03:37:00,2018-07-10T04:10:00,2018-07-10T04:10:00,take_profit,take_profit,1.277777777777778,1.277777777777778,False,False,False
SECONDARY_W0_2018_2020,S4->S5,raw_episode_id plus within-episode trade ordinal,146,0,S4_000051,S5_000056,2018-07-16T02:49:00,2018-07-16T02:49:00,2018-07-16T03:42:00,2018-07-16T03:42:00,take_profit,take_profit,1.277777777777778,1.277777777777778,False,False,False
SECONDARY_W0_2018_2020,S4->S5,raw_episode_id plus within-episode trade ordinal,150,0,S4_000052,S5_000057,2018-07-17T02:41:00,2018-07-17T02:41:00,2018-07-17T03:33:00,2018-07-17T03:33:00,stop_loss,stop_loss,-1.0555555555554548,-1.0555555555554548,False,False,False
SECONDARY_W0_2018_2020,S4->S5,raw_episode_id plus within-episode trade ordinal,152,0,S4_000053,S5_000058,2018-07-17T03:49:00,2018-07-17T03:49:00,2018-07-17T03:57:00,2018-07-17T03:58:00,stop_loss,stop_loss,-1.0555555555554548,-1.0555555555554548,False,True,False
SECONDARY_W0_2018_2020,S4->S5,raw_episode_id plus within-episode trade ordinal,152,1,S4_000054,,2018-07-17T04:12:00,,2018-07-17T04:14:00,,stop_loss,,-1.0555555555554548,,False,False,False
SECONDARY_W0_2018_2020,S4->S5,raw_episode_id plus within-episode trade ordinal,153,0,S4_000055,S5_000059,2018-07-17T04:29:00,2018-07-17T04:15:00,2018-07-17T04:42:00,2018-07-17T04:17:00,take_profit,stop_loss,1.277777777777778,-1.0555555555554548,True,True,True
SECONDARY_W0_2018_2020,S4->S5,raw_episode_id plus within-episode trade ordinal,154,0,,S5_000060,,2018-07-17T04:34:00,,2018-07-17T04:51:00,,take_profit,,1.277777777777778,False,False,False
SECONDARY_W0_2018_2020,S4->S5,raw_episode_id plus within-episode trade ordinal,156,0,S4_000056,S5_000061,2018-07-18T02:17:00,2018-07-18T02:17:00,2018-07-18T02:51:00,2018-07-18T02:52:00,stop_loss,stop_loss,-1.0555555555554548,-1.0555555555554548,False,True,False
SECONDARY_W0_2018_2020,S4->S5,raw_episode_id plus within-episode trade ordinal,158,0,S4_000057,S5_000062,2018-07-18T03:06:00,2018-07-18T03:07:00,2018-07-18T03:21:00,2018-07-18T03:21:00,stop_loss,stop_loss,-1.0555555555554548,-1.0555555555554548,True,False,False
SECONDARY_W0_2018_2020,S4->S5,raw_episode_id plus within-episode trade ordinal,159,0,S4_000058,S5_000063,2018-07-18T03:37:00,2018-07-18T03:37:00,2018-07-18T04:21:00,2018-07-18T04:21:00,take_profit,take_profit,1.277777777777778,1.277777777777778,False,False,False
SECONDARY_W0_2018_2020,S4->S5,raw_episode_id plus within-episode trade ordinal,160,0,S4_000059,S5_000064,2018-07-19T01:28:00,2018-07-19T01:28:00,2018-07-19T01:58:00,2018-07-19T01:58:00,stop_loss,stop_loss,-1.0555555555554548,-1.0555555555554548,False,False,False
SECONDARY_W0_2018_2020,S4->S5,raw_episode_id plus within-episode trade ordinal,166,0,S4_000060,S5_000065,2018-07-24T02:25:00,2018-07-24T02:25:00,2018-07-24T03:31:00,2018-07-24T03:32:00,stop_loss,stop_loss,-1.0555555555554548,-1.0555555555554548,False,True,False
SECONDARY_W0_2018_2020,S4->S5,raw_episode_id plus within-episode trade ordinal,168,0,S4_000061,S5_000066,2018-07-24T03:48:00,2018-07-24T03:48:00,2018-07-24T04:14:00,2018-07-24T04:14:00,stop_loss,stop_loss,-1.0555555555554548,-1.0555555555554548,False,False,False
SECONDARY_W0_2018_2020,S4->S5,raw_episode_id plus within-episode trade ordinal,174,0,S4_000062,S5_000067,2018-07-30T02:38:00,2018-07-30T02:38:00,2018-07-30T02:52:00,2018-07-30T02:52:00,stop_loss,stop_loss,-1.0555555555554548,-1.0555555555554548,False,False,False
SECONDARY_W0_2018_2020,S4->S5,raw_episode_id plus within-episode trade ordinal,175,0,S4_000063,S5_000068,2018-07-30T03:07:00,2018-07-30T03:07:00,2018-07-30T04:36:00,2018-07-30T04:36:00,stop_loss,stop_loss,-1.0555555555554548,-1.0555555555554548,False,False,False
SECONDARY_W0_2018_2020,S4->S5,raw_episode_id plus within-episode trade ordinal,179,0,S4_000064,S5_000069,2018-07-30T04:51:00,2018-07-30T04:51:00,2018-07-30T05:29:00,2018-07-30T05:35:00,stop_loss,stop_loss,-1.0555555555554548,-1.0555555555554548,False,True,False
SECONDARY_W0_2018_2020,S4->S5,raw_episode_id plus within-episode trade ordinal,181,0,S4_000065,S5_000070,2018-08-07T03:35:00,2018-08-07T03:35:00,2018-08-07T04:00:00,2018-08-07T04:00:00,take_profit,take_profit,1.277777777777778,1.277777777777778,False,False,False
SECONDARY_W0_2018_2020,S4->S5,raw_episode_id plus within-episode trade ordinal,183,0,S4_000066,S5_000071,2018-08-07T04:36:00,2018-08-07T04:36:00,2018-08-07T04:50:00,2018-08-07T04:50:00,stop_loss,stop_loss,-1.0555555555554548,-1.0555555555554548,False,False,False
SECONDARY_W0_2018_2020,S4->S5,raw_episode_id plus within-episode trade ordinal,187,0,S4_000067,S5_000072,2018-08-08T03:02:00,2018-08-08T03:02:00,2018-08-08T03:14:00,2018-08-08T03:16:00,stop_loss,stop_loss,-1.0555555555554548,-1.0555555555554548,False,True,False
SECONDARY_W0_2018_2020,S4->S5,raw_episode_id plus within-episode trade ordinal,188,0,S4_000068,S5_000073,2018-08-08T04:01:00,2018-08-08T04:01:00,2018-08-08T04:32:00,2018-08-08T04:32:00,take_profit,take_profit,1.277777777777778,1.277777777777778,False,False,False
SECONDARY_W0_2018_2020,S4->S5,raw_episode_id plus within-episode trade ordinal,191,0,S4_000069,S5_000074,2018-08-09T03:02:00,2018-08-09T03:02:00,2018-08-09T04:32:00,2018-08-09T04:11:00,timeout,take_profit,-0.5888888888887072,1.277777777777778,False,True,True
SECONDARY_W0_2018_2020,S4->S5,raw_episode_id plus within-episode trade ordinal,193,0,,S5_000075,,2018-08-09T04:20:00,,2018-08-09T04:24:00,,stop_loss,,-1.0555555555554548,False,False,False
SECONDARY_W0_2018_2020,S4->S5,raw_episode_id plus within-episode trade ordinal,194,0,S4_000070,S5_000076,2018-08-13T04:01:00,2018-08-13T04:01:00,2018-08-13T04:06:00,2018-08-13T04:39:00,stop_loss,stop_loss,-1.0555555555554548,-1.0555555555554548,False,True,False
SECONDARY_W0_2018_2020,S4->S5,raw_episode_id plus within-episode trade ordinal,197,0,S4_000071,,2018-08-13T04:28:00,,2018-08-13T04:38:00,,stop_loss,,-1.0555555555554548,,False,False,False
SECONDARY_W0_2018_2020,S4->S5,raw_episode_id plus within-episode trade ordinal,199,0,S4_000072,S5_000077,2018-08-14T03:02:00,2018-08-14T03:02:00,2018-08-14T04:02:00,2018-08-14T04:02:00,take_profit,take_profit,1.277777777777778,1.277777777777778,False,False,False
SECONDARY_W0_2018_2020,S4->S5,raw_episode_id plus within-episode trade ordinal,201,0,S4_000073,S5_000078,2018-08-14T04:25:00,2018-08-14T04:25:00,2018-08-14T04:43:00,2018-08-14T04:40:00,take_profit,take_profit,1.277777777777778,1.277777777777778,False,True,False
SECONDARY_W0_2018_2020,S4->S5,raw_episode_id plus within-episode trade ordinal,203,0,S4_000074,S5_000079,2018-08-15T02:14:00,2018-08-15T02:14:00,2018-08-15T02:53:00,2018-08-15T02:47:00,stop_loss,stop_loss,-1.0555555555554548,-1.0555555555554548,False,True,False
SECONDARY_W0_2018_2020,S4->S5,raw_episode_id plus within-episode trade ordinal,204,0,S4_000075,S5_000080,2018-08-15T03:08:00,2018-08-15T03:02:00,2018-08-15T03:26:00,2018-08-15T03:26:00,stop_loss,stop_loss,-1.0555555555554548,-1.0555555555554548,True,False,False
SECONDARY_W0_2018_2020,S4->S5,raw_episode_id plus within-episode trade ordinal,204,1,S4_000076,S5_000081,2018-08-15T03:41:00,2018-08-15T03:41:00,2018-08-15T03:59:00,2018-08-15T03:59:00,stop_loss,stop_loss,-1.0555555555554548,-1.0555555555554548,False,False,False
SECONDARY_W0_2018_2020,S4->S5,raw_episode_id plus within-episode trade ordinal,205,0,S4_000077,S5_000082,2018-08-15T04:14:00,2018-08-15T04:14:00,2018-08-15T05:17:00,2018-08-15T05:14:00,stop_loss,stop_loss,-1.0555555555554548,-1.0555555555554548,False,True,False
SECONDARY_W0_2018_2020,S4->S5,raw_episode_id plus within-episode trade ordinal,209,0,S4_000078,S5_000083,2018-08-16T03:50:00,2018-08-16T03:50:00,2018-08-16T03:52:00,2018-08-16T03:52:00,take_profit,take_profit,0.5454574659470125,0.5454574659470125,False,False,False
SECONDARY_W0_2018_2020,S4->S5,raw_episode_id plus within-episode trade ordinal,209,1,S4_000079,S5_000084,2018-08-16T03:55:00,2018-08-16T03:55:00,2018-08-16T04:02:00,2018-08-16T04:02:00,take_profit,take_profit,0.5764030902067732,0.5764030902067732,False,False,False
SECONDARY_W0_2018_2020,S4->S5,raw_episode_id plus within-episode trade ordinal,210,0,S4_000080,S5_000085,2018-09-05T02:05:00,2018-09-05T02:05:00,2018-09-05T03:13:00,2018-09-05T03:13:00,stop_loss,stop_loss,-1.0555555555554548,-1.0555555555554548,False,False,False
SECONDARY_W0_2018_2020,S4->S5,raw_episode_id plus within-episode trade ordinal,219,0,S4_000081,S5_000086,2018-09-05T03:28:00,2018-09-05T03:28:00,2018-09-05T03:34:00,2018-09-05T03:32:00,stop_loss,stop_loss,-1.0555555555554548,-1.0555555555554548,False,True,False
SECONDARY_W0_2018_2020,S4->S5,raw_episode_id plus within-episode trade ordinal,221,0,S4_000082,S5_000087,2018-09-10T03:26:00,2018-09-10T03:26:00,2018-09-10T03:27:00,2018-09-10T03:27:00,stop_loss,stop_loss,-1.0555555555554548,-1.0555555555554548,False,False,False
SECONDARY_W0_2018_2020,S4->S5,raw_episode_id plus within-episode trade ordinal,222,0,S4_000083,S5_000088,2018-09-11T04:04:00,2018-09-11T04:04:00,2018-09-11T04:42:00,2018-09-11T04:42:00,stop_loss,stop_loss,-1.0555555555554548,-1.0555555555554548,False,False,False
SECONDARY_W0_2018_2020,S4->S5,raw_episode_id plus within-episode trade ordinal,230,0,S4_000084,S5_000089,2018-09-11T04:57:00,2018-09-11T04:57:00,2018-09-11T05:34:00,2018-09-11T05:08:00,stop_loss,stop_loss,-1.0555555555554548,-1.0555555555554548,False,True,False
SECONDARY_W0_2018_2020,S4->S5,raw_episode_id plus within-episode trade ordinal,231,0,S4_000085,S5_000090,2018-09-17T02:21:00,2018-09-17T02:21:00,2018-09-17T02:28:00,2018-09-17T02:28:00,stop_loss,stop_loss,-1.0555555555554548,-1.0555555555554548,False,False,False
SECONDARY_W0_2018_2020,S4->S5,raw_episode_id plus within-episode trade ordinal,231,1,S4_000086,S5_000091,2018-09-17T02:43:00,2018-09-17T02:43:00,2018-09-17T04:02:00,2018-09-17T04:02:00,take_profit,take_profit,1.277777777777778,1.277777777777778,False,False,False
SECONDARY_W0_2018_2020,S4->S5,raw_episode_id plus within-episode trade ordinal,240,0,S4_000087,S5_000092,2018-09-17T04:30:00,2018-09-17T04:30:00,2018-09-17T05:01:00,2018-09-17T04:56:00,stop_loss,stop_loss,-1.0555555555554548,-1.0555555555554548,False,True,False
SECONDARY_W0_2018_2020,S4->S5,raw_episode_id plus within-episode trade ordinal,242,0,S4_000088,S5_000093,2018-09-19T01:03:00,2018-09-19T01:03:00,2018-09-19T01:38:00,2018-09-19T01:35:00,take_profit,take_profit,1.277777777777778,1.277777777777778,False,True,False
SECONDARY_W0_2018_2020,S4->S5,raw_episode_id plus within-episode trade ordinal,243,0,S4_000089,S5_000094,2018-09-19T04:01:00,2018-09-19T04:01:00,2018-09-19T05:31:00,2018-09-19T04:56:00,timeout,stop_loss,0.933333333333394,-1.0555555555554548,False,True,True
SECONDARY_W0_2018_2020,S4->S5,raw_episode_id plus within-episode trade ordinal,247,0,S4_000090,S5_000095,2018-09-24T02:01:00,2018-09-24T02:01:00,2018-09-24T02:16:00,2018-09-24T02:16:00,stop_loss,stop_loss,-1.0555555555554548,-1.0555555555554548,False,False,False
SECONDARY_W0_2018_2020,S4->S5,raw_episode_id plus within-episode trade ordinal,251,0,S4_000091,S5_000096,2018-09-24T02:41:00,2018-09-24T02:41:00,2018-09-24T03:18:00,2018-09-24T03:18:00,stop_loss,stop_loss,-1.0555555555554548,-1.0555555555554548,False,False,False
SECONDARY_W0_2018_2020,S4->S5,raw_episode_id plus within-episode trade ordinal,252,0,S4_000092,S5_000097,2018-09-24T03:34:00,2018-09-24T03:34:00,2018-09-24T03:38:00,2018-09-24T04:59:00,stop_loss,stop_loss,-1.0555555555554548,-1.0555555555554548,False,True,False
SECONDARY_W0_2018_2020,S4->S5,raw_episode_id plus within-episode trade ordinal,252,1,S4_000093,,2018-09-24T03:53:00,,2018-09-24T05:07:00,,stop_loss,,-1.0555555555554548,,False,False,False
SECONDARY_W0_2018_2020,S4->S5,raw_episode_id plus within-episode trade ordinal,253,0,S4_000094,S5_000098,2018-09-25T03:16:00,2018-09-25T03:16:00,2018-09-25T03:32:00,2018-09-25T03:37:00,stop_loss,stop_loss,-1.0555555555554548,-1.0555555555554548,False,True,False
SECONDARY_W0_2018_2020,S4->S5,raw_episode_id plus within-episode trade ordinal,254,0,S4_000095,S5_000099,2018-09-25T04:01:00,2018-09-25T04:01:00,2018-09-25T05:02:00,2018-09-25T05:02:00,stop_loss,stop_loss,-1.0555555555554548,-1.0555555555554548,False,False,False
SECONDARY_W0_2018_2020,S4->S5,raw_episode_id plus within-episode trade ordinal,258,0,S4_000096,S5_000100,2018-09-26T03:28:00,2018-09-26T03:28:00,2018-09-26T03:36:00,2018-09-26T03:36:00,stop_loss,stop_loss,-1.0555555555554548,-1.0555555555554548,False,False,False
SECONDARY_W0_2018_2020,S4->S5,raw_episode_id plus within-episode trade ordinal,260,0,S4_000097,S5_000101,2018-09-26T04:13:00,2018-09-26T04:13:00,2018-09-26T05:25:00,2018-09-26T05:18:00,take_profit,take_profit,1.277777777777778,1.277777777777778,False,True,False
SECONDARY_W0_2018_2020,S4->S5,raw_episode_id plus within-episode trade ordinal,264,0,S4_000098,S5_000102,2018-10-02T01:04:00,2018-10-02T01:04:00,2018-10-02T02:53:00,2018-10-02T02:34:00,timeout,timeout,-0.19999999999991921,0.8333333333332322,False,True,True
SECONDARY_W0_2018_2020,S4->S5,raw_episode_id plus within-episode trade ordinal,266,0,S4_000099,S5_000103,2018-10-04T03:02:00,2018-10-04T03:02:00,2018-10-04T04:32:00,2018-10-04T04:32:00,timeout,timeout,-0.055555555555353485,-0.1777777777777172,False,False,False
SECONDARY_W0_2018_2020,S4->S5,raw_episode_id plus within-episode trade ordinal,267,0,S4_000100,S5_000104,2018-10-10T01:55:00,2018-10-10T01:55:00,2018-10-10T03:32:00,2018-10-10T03:25:00,timeout,timeout,0.2111111111113233,0.48888888888884846,False,True,False
SECONDARY_W0_2018_2020,S4->S5,raw_episode_id plus within-episode trade ordinal,268,0,S4_000101,S5_000105,2018-11-09T04:53:00,2018-11-09T04:53:00,2018-11-09T05:37:00,2018-11-09T05:39:00,stop_loss,stop_loss,-1.0588235294116577,-1.0588235294116577,False,True,False
SECONDARY_W0_2018_2020,S4->S5,raw_episode_id plus within-episode trade ordinal,269,0,S4_000102,S5_000106,2018-11-12T03:13:00,2018-11-12T03:13:00,2018-11-12T03:44:00,2018-11-12T03:44:00,take_profit,take_profit,1.5308641975308643,1.5308641975308643,False,False,False
SECONDARY_W0_2018_2020,S4->S5,raw_episode_id plus within-episode trade ordinal,271,0,S4_000103,S5_000107,2018-11-12T04:16:00,2018-11-12T04:16:00,2018-11-12T04:26:00,2018-11-12T04:26:00,stop_loss,stop_loss,-1.0609756097559868,-1.0609756097559868,False,False,False
SECONDARY_W0_2018_2020,S4->S5,raw_episode_id plus within-episode trade ordinal,274,0,S4_000104,S5_000108,2018-11-12T04:41:00,2018-11-12T04:41:00,2018-11-12T06:11:00,2018-11-12T06:11:00,timeout,timeout,-0.8024691358025927,-0.8024691358025927,False,False,False
SECONDARY_W0_2018_2020,S4->S5,raw_episode_id plus within-episode trade ordinal,278,0,S4_000105,S5_000109,2018-11-13T04:26:00,2018-11-13T04:26:00,2018-11-13T05:56:00,2018-11-13T05:56:00,timeout,timeout,1.0000000000001774,0.7195121951221065,False,False,False
SECONDARY_W0_2018_2020,S4->S5,raw_episode_id plus within-episode trade ordinal,280,0,S4_000106,S5_000110,2018-11-14T04:28:00,2018-11-14T04:28:00,2018-11-14T05:58:00,2018-11-14T04:52:00,timeout,stop_loss,0.35802469135796855,-1.061728395061616,False,True,True
SECONDARY_W0_2018_2020,S4->S5,raw_episode_id plus within-episode trade ordinal,283,0,S4_000107,S5_000111,2018-11-28T03:18:00,2018-11-28T03:18:00,2018-11-28T04:50:00,2018-11-28T04:48:00,timeout,timeout,0.46428571428579013,0.2619047619047511,False,True,False
SECONDARY_W0_2018_2020,S4->S5,raw_episode_id plus within-episode trade ordinal,289,0,S4_000108,S5_000112,2018-11-28T04:55:00,2018-11-28T04:55:00,2018-11-28T05:51:00,2018-11-28T05:51:00,stop_loss,stop_loss,-1.0624999999998863,-1.0624999999998863,False,False,False
SECONDARY_W0_2018_2020,S4->S5,raw_episode_id plus within-episode trade ordinal,292,0,S4_000109,S5_000113,2018-12-14T04:54:00,2018-12-14T04:54:00,2018-12-14T06:24:00,2018-12-14T06:23:00,timeout,stop_loss,-0.755813953488277,-1.0581395348836153,False,True,False
SECONDARY_W0_2018_2020,S4->S5,raw_episode_id plus within-episode trade ordinal,312,0,S4_000110,S5_000114,2019-01-18T08:51:00,2019-01-18T08:51:00,2019-01-18T09:17:00,2019-01-18T09:19:00,stop_loss,stop_loss,-1.0609756097559868,-1.0609756097559868,False,True,False
SECONDARY_W0_2018_2020,S4->S5,raw_episode_id plus within-episode trade ordinal,313,0,S4_000111,S5_000115,2019-01-22T03:32:00,2019-01-22T03:32:00,2019-01-22T04:00:00,2019-01-22T03:59:00,stop_loss,stop_loss,-1.061728395061616,-1.061728395061616,False,True,False
SECONDARY_W0_2018_2020,S4->S5,raw_episode_id plus within-episode trade ordinal,315,0,S4_000112,S5_000116,2019-02-08T04:51:00,2019-02-08T04:51:00,2019-02-08T05:03:00,2019-02-08T05:03:00,stop_loss,stop_loss,-1.0581395348836153,-1.0581395348836153,False,False,False
SECONDARY_W0_2018_2020,S4->S5,raw_episode_id plus within-episode trade ordinal,317,0,S4_000113,S5_000117,2019-02-13T04:26:00,2019-02-13T04:26:00,2019-02-13T05:56:00,2019-02-13T05:56:00,timeout,timeout,0.39080459770098214,0.5287356321838766,False,False,False
SECONDARY_W0_2018_2020,S4->S5,raw_episode_id plus within-episode trade ordinal,318,0,S4_000114,S5_000118,2019-02-13T08:07:00,2019-02-13T08:07:00,2019-02-13T09:13:00,2019-02-13T09:13:00,stop_loss,stop_loss,-1.0588235294116577,-1.0588235294116577,False,False,False
SECONDARY_W0_2018_2020,S4->S5,raw_episode_id plus within-episode trade ordinal,332,0,S4_000115,S5_000119,2019-02-19T04:18:00,2019-02-19T04:18:00,2019-02-19T05:48:00,2019-02-19T05:48:00,timeout,timeout,-0.36904761904759736,-0.34523809523809523,False,False,False
SECONDARY_W0_2018_2020,S4->S5,raw_episode_id plus within-episode trade ordinal,333,0,S4_000116,S5_000120,2019-03-11T04:02:00,2019-03-11T04:02:00,2019-03-11T05:32:00,2019-03-11T05:32:00,timeout,timeout,0.5783132530120372,0.5421686746988171,False,False,False
SECONDARY_W0_2018_2020,S4->S5,raw_episode_id plus within-episode trade ordinal,336,0,S4_000117,S5_000121,2019-03-11T08:23:00,2019-03-11T08:23:00,2019-03-11T08:42:00,2019-03-11T08:46:00,stop_loss,stop_loss,-1.0609756097559868,-1.0609756097559868,False,True,False
SECONDARY_W0_2018_2020,S4->S5,raw_episode_id plus within-episode trade ordinal,338,0,S4_000118,S5_000122,2019-03-12T04:01:00,2019-03-12T04:01:00,2019-03-12T05:09:00,2019-03-12T05:09:00,take_profit,take_profit,1.4698795180722892,1.4698795180722892,False,False,False
SECONDARY_W0_2018_2020,S4->S5,raw_episode_id plus within-episode trade ordinal,342,0,S4_000119,S5_000123,2019-03-13T04:07:00,2019-03-13T04:07:00,2019-03-13T04:40:00,2019-03-13T04:40:00,take_profit,take_profit,1.5308641975308643,1.5308641975308643,False,False,False
SECONDARY_W0_2018_2020,S4->S5,raw_episode_id plus within-episode trade ordinal,346,0,S4_000120,S5_000124,2019-03-13T04:56:00,2019-03-13T04:56:00,2019-03-13T05:43:00,2019-03-13T06:26:00,stop_loss,timeout,-1.0581395348836153,-0.9069767441860783,False,True,False
SECONDARY_W0_2018_2020,S4->S5,raw_episode_id plus within-episode trade ordinal,349,0,S4_000121,S5_000125,2019-03-18T04:21:00,2019-03-18T04:21:00,2019-03-18T05:51:00,2019-03-18T05:51:00,timeout,timeout,0.2588235294117433,-0.05882352941176469,False,False,True
SECONDARY_W0_2018_2020,S4->S5,raw_episode_id plus within-episode trade ordinal,350,0,S4_000122,S5_000126,2019-03-19T04:01:00,2019-03-19T04:01:00,2019-03-19T04:29:00,2019-03-19T04:29:00,take_profit,take_profit,1.411764705882353,1.411764705882353,False,False,False
SECONDARY_W0_2018_2020,S4->S5,raw_episode_id plus within-episode trade ordinal,351,0,S4_000123,S5_000127,2019-03-19T04:41:00,2019-03-19T04:41:00,2019-03-19T06:11:00,2019-03-19T06:11:00,timeout,timeout,-0.28048780487809316,-0.12195121951210643,False,False,False
SECONDARY_W0_2018_2020,S4->S5,raw_episode_id plus within-episode trade ordinal,366,0,S4_000124,S5_000128,2019-03-20T04:09:00,2019-03-20T04:09:00,2019-03-20T04:24:00,2019-03-20T04:24:00,stop_loss,stop_loss,-1.0581395348836153,-1.0581395348836153,False,False,False
SECONDARY_W0_2018_2020,S4->S5,raw_episode_id plus within-episode trade ordinal,372,0,S4_000125,S5_000129,2019-03-20T08:26:00,2019-03-20T08:26:00,2019-03-20T08:52:00,2019-03-20T08:40:00,stop_loss,stop_loss,-1.0588235294116577,-1.0588235294116577,False,True,False
SECONDARY_W0_2018_2020,S4->S5,raw_episode_id plus within-episode trade ordinal,375,0,S4_000126,S5_000130,2019-04-03T03:36:00,2019-04-03T03:36:00,2019-04-03T03:42:00,2019-04-03T03:43:00,stop_loss,stop_loss,-1.0568181818180786,-1.0568181818180786,False,True,False
SECONDARY_W0_2018_2020,S4->S5,raw_episode_id plus within-episode trade ordinal,376,0,S4_000127,S5_000131,2019-04-04T03:02:00,2019-04-04T03:02:00,2019-04-04T04:03:00,2019-04-04T04:03:00,stop_loss,stop_loss,-1.0609756097559868,-1.0609756097559868,False,False,False
SECONDARY_W0_2018_2020,S4->S5,raw_episode_id plus within-episode trade ordinal,378,0,S4_000128,S5_000132,2019-04-05T04:04:00,2019-04-05T04:04:00,2019-04-05T04:17:00,2019-04-05T04:17:00,stop_loss,stop_loss,-1.0588235294116577,-1.0588235294116577,False,False,False
SECONDARY_W0_2018_2020,S4->S5,raw_episode_id plus within-episode trade ordinal,380,0,S4_000129,S5_000133,2019-04-08T03:01:00,2019-04-08T03:01:00,2019-04-08T03:54:00,2019-04-08T03:54:00,take_profit,take_profit,1.4698795180722892,1.4698795180722892,False,False,False
SECONDARY_W0_2018_2020,S4->S5,raw_episode_id plus within-episode trade ordinal,386,0,S4_000130,S5_000134,2019-04-08T04:24:00,2019-04-08T04:24:00,2019-04-08T04:33:00,2019-04-08T04:33:00,take_profit,take_profit,1.5,1.5,False,False,False
SECONDARY_W0_2018_2020,S4->S5,raw_episode_id plus within-episode trade ordinal,387,0,S4_000131,S5_000135,2019-04-09T03:02:00,2019-04-09T03:02:00,2019-04-09T03:08:00,2019-04-09T03:16:00,stop_loss,stop_loss,-1.0595238095237014,-1.0595238095237014,False,True,False
SECONDARY_W0_2018_2020,S4->S5,raw_episode_id plus within-episode trade ordinal,388,0,S4_000132,,2019-04-09T03:25:00,,2019-04-09T03:47:00,,take_profit,,1.4698795180722892,,False,False,False
SECONDARY_W0_2018_2020,S4->S5,raw_episode_id plus within-episode trade ordinal,389,0,S4_000133,S5_000136,2019-04-16T04:01:00,2019-04-16T04:01:00,2019-04-16T04:16:00,2019-04-16T04:14:00,stop_loss,stop_loss,-1.0588235294116577,-1.0588235294116577,False,True,False
SECONDARY_W0_2018_2020,S4->S5,raw_episode_id plus within-episode trade ordinal,390,0,S4_000134,S5_000137,2019-04-22T04:19:00,2019-04-22T04:19:00,2019-04-22T04:55:00,2019-04-22T04:55:00,take_profit,take_profit,1.411764705882353,1.411764705882353,False,False,False
SECONDARY_W0_2018_2020,S4->S5,raw_episode_id plus within-episode trade ordinal,399,0,S4_000135,S5_000138,2019-04-23T03:01:00,2019-04-23T03:01:00,2019-04-23T03:15:00,2019-04-23T03:12:00,stop_loss,stop_loss,-1.0609756097559868,-1.0609756097559868,False,True,False
SECONDARY_W0_2018_2020,S4->S5,raw_episode_id plus within-episode trade ordinal,399,1,S4_000136,S5_000139,2019-04-23T03:31:00,2019-04-23T03:27:00,2019-04-23T03:57:00,2019-04-23T03:57:00,take_profit,take_profit,1.4698795180722892,1.411764705882353,True,False,False
SECONDARY_W0_2018_2020,S4->S5,raw_episode_id plus within-episode trade ordinal,400,0,S4_000137,S5_000140,2019-04-23T03:59:00,2019-04-23T03:59:00,2019-04-23T04:08:00,2019-04-23T05:29:00,stop_loss,timeout,-1.061728395061616,-0.5925925925926263,False,True,False
SECONDARY_W0_2018_2020,S4->S5,raw_episode_id plus within-episode trade ordinal,404,0,S4_000138,,2019-04-23T04:25:00,,2019-04-23T05:13:00,,stop_loss,,-1.0595238095237014,,False,False,False
SECONDARY_W0_2018_2020,S4->S5,raw_episode_id plus within-episode trade ordinal,408,0,S4_000139,S5_000141,2019-04-24T03:01:00,2019-04-24T03:01:00,2019-04-24T03:38:00,2019-04-24T03:38:00,stop_loss,stop_loss,-1.0595238095237014,-1.0595238095237014,False,False,False
SECONDARY_W0_2018_2020,S4->S5,raw_episode_id plus within-episode trade ordinal,410,0,S4_000140,S5_000142,2019-04-24T03:54:00,2019-04-24T03:54:00,2019-04-24T04:01:00,2019-04-24T04:29:00,stop_loss,stop_loss,-1.0588235294116577,-1.0588235294116577,False,True,False
SECONDARY_W0_2018_2020,S4->S5,raw_episode_id plus within-episode trade ordinal,411,0,S4_000141,,2019-04-24T04:16:00,,2019-04-24T04:30:00,,stop_loss,,-1.0602409638553123,,False,False,False
SECONDARY_W0_2018_2020,S4->S5,raw_episode_id plus within-episode trade ordinal,412,0,S4_000142,S5_000143,2019-04-24T04:48:00,2019-04-24T04:48:00,2019-04-24T04:53:00,2019-04-24T05:00:00,stop_loss,stop_loss,-1.0609756097559868,-1.0609756097559868,False,True,False
SECONDARY_W0_2018_2020,S4->S5,raw_episode_id plus within-episode trade ordinal,413,0,S4_000143,S5_000144,2019-04-25T01:01:00,2019-04-25T01:01:00,2019-04-25T01:12:00,2019-04-25T01:11:00,stop_loss,stop_loss,-1.0568181818180786,-1.0568181818180786,False,True,False
SECONDARY_W0_2018_2020,S4->S5,raw_episode_id plus within-episode trade ordinal,415,0,S4_000144,S5_000145,2019-04-25T01:28:00,2019-04-25T01:26:00,2019-04-25T02:42:00,2019-04-25T02:36:00,stop_loss,stop_loss,-1.0574712643677115,-1.0568181818180786,True,True,False
SECONDARY_W0_2018_2020,S4->S5,raw_episode_id plus within-episode trade ordinal,419,0,S4_000145,S5_000146,2019-04-25T02:58:00,2019-04-25T02:58:00,2019-04-25T03:03:00,2019-04-25T03:03:00,stop_loss,stop_loss,-1.0602409638553123,-1.0602409638553123,False,False,False
SECONDARY_W0_2018_2020,S4->S5,raw_episode_id plus within-episode trade ordinal,420,0,S4_000146,S5_000147,2019-04-25T03:21:00,2019-04-25T03:21:00,2019-04-25T04:51:00,2019-04-25T04:51:00,timeout,timeout,0.2235294117647166,0.2588235294117433,False,False,False
SECONDARY_W0_2018_2020,S4->S5,raw_episode_id plus within-episode trade ordinal,431,0,S4_000147,S5_000148,2019-04-25T04:53:00,2019-04-25T04:53:00,2019-04-25T05:24:00,2019-04-25T05:24:00,take_profit,take_profit,1.3563218390804597,1.3563218390804597,False,False,False
SECONDARY_W0_2018_2020,S4->S5,raw_episode_id plus within-episode trade ordinal,433,0,S4_000148,S5_000149,2019-04-26T02:58:00,2019-04-26T02:58:00,2019-04-26T03:19:00,2019-04-26T03:19:00,stop_loss,stop_loss,-1.0581395348836153,-1.0581395348836153,False,False,False
SECONDARY_W0_2018_2020,S4->S5,raw_episode_id plus within-episode trade ordinal,438,0,S4_000149,S5_000150,2019-04-26T04:52:00,2019-04-26T04:52:00,2019-04-26T05:36:00,2019-04-26T05:48:00,take_profit,take_profit,1.5949367088607593,1.5949367088607593,False,True,False
SECONDARY_W0_2018_2020,S4->S5,raw_episode_id plus within-episode trade ordinal,448,0,S4_000150,S5_000151,2019-04-26T08:08:00,2019-04-26T08:08:00,2019-04-26T09:32:00,2019-04-26T09:38:00,take_profit,timeout,1.4404761904761905,0.8333333333333441,False,True,False
SECONDARY_W0_2018_2020,S4->S5,raw_episode_id plus within-episode trade ordinal,454,0,S4_000151,S5_000152,2019-04-26T09:55:00,2019-04-26T09:55:00,2019-04-26T10:00:00,2019-04-26T10:00:00,stop_loss,stop_loss,-1.0624999999998863,-1.0624999999998863,False,False,False
SECONDARY_W0_2018_2020,S4->S5,raw_episode_id plus within-episode trade ordinal,459,0,S4_000152,S5_000153,2019-04-29T02:37:00,2019-04-29T02:37:00,2019-04-29T03:27:00,2019-04-29T03:27:00,stop_loss,stop_loss,-1.0632911392403912,-1.0632911392403912,False,False,False
SECONDARY_W0_2018_2020,S4->S5,raw_episode_id plus within-episode trade ordinal,460,0,S4_000153,S5_000154,2019-04-29T03:42:00,2019-04-29T03:42:00,2019-04-29T05:12:00,2019-04-29T05:12:00,timeout,timeout,0.011363636363543329,-0.06818181818183887,False,False,True
SECONDARY_W0_2018_2020,S4->S5,raw_episode_id plus within-episode trade ordinal,468,0,S4_000154,S5_000155,2019-04-30T03:01:00,2019-04-30T03:01:00,2019-04-30T04:11:00,2019-04-30T03:59:00,take_profit,take_profit,1.4698795180722892,1.4698795180722892,False,True,False
SECONDARY_W0_2018_2020,S4->S5,raw_episode_id plus within-episode trade ordinal,468,1,,S5_000156,,2019-04-30T04:00:00,,2019-04-30T04:00:00,,stop_loss,,-1.0657894736840907,False,False,False
SECONDARY_W0_2018_2020,S4->S5,raw_episode_id plus within-episode trade ordinal,470,0,S4_000155,S5_000157,2019-04-30T04:13:00,2019-04-30T04:15:00,2019-04-30T05:43:00,2019-04-30T05:45:00,timeout,timeout,-0.32018927444795675,-0.6499999999999773,True,True,False
SECONDARY_W0_2018_2020,S4->S5,raw_episode_id plus within-episode trade ordinal,476,0,S4_000156,S5_000158,2019-05-01T01:01:00,2019-05-01T01:01:00,2019-05-01T01:45:00,2019-05-01T01:28:00,stop_loss,stop_loss,-1.0581395348836153,-1.0581395348836153,False,True,False
SECONDARY_W0_2018_2020,S4->S5,raw_episode_id plus within-episode trade ordinal,479,0,S4_000157,S5_000159,2019-05-01T02:01:00,2019-05-01T01:46:00,2019-05-01T03:31:00,2019-05-01T03:16:00,timeout,timeout,-0.40476190476185064,0.3132530120481489,True,True,True
SECONDARY_W0_2018_2020,S4->S5,raw_episode_id plus within-episode trade ordinal,484,0,S4_000158,S5_000160,2019-05-01T03:46:00,2019-05-01T03:16:00,2019-05-01T04:14:00,2019-05-01T03:31:00,stop_loss,stop_loss,-1.0574712643677115,-1.0609756097559868,True,True,False
SECONDARY_W0_2018_2020,S4->S5,raw_episode_id plus within-episode trade ordinal,484,1,,S5_000161,,2019-05-01T03:46:00,,2019-05-01T04:14:00,,stop_loss,,-1.0574712643677115,False,False,False
SECONDARY_W0_2018_2020,S4->S5,raw_episode_id plus within-episode trade ordinal,485,0,S4_000159,S5_000162,2019-05-01T04:30:00,2019-05-01T04:30:00,2019-05-01T05:16:00,2019-05-01T05:16:00,stop_loss,stop_loss,-1.0574712643677115,-1.0574712643677115,False,False,False
SECONDARY_W0_2018_2020,S4->S5,raw_episode_id plus within-episode trade ordinal,494,0,S4_000160,S5_000163,2019-05-03T04:02:00,2019-05-03T04:02:00,2019-05-03T04:20:00,2019-05-03T04:20:00,stop_loss,stop_loss,-1.0574712643677115,-1.0574712643677115,False,False,False
SECONDARY_W0_2018_2020,S4->S5,raw_episode_id plus within-episode trade ordinal,495,0,S4_000161,S5_000164,2019-05-07T03:01:00,2019-05-07T03:01:00,2019-05-07T03:34:00,2019-05-07T03:45:00,stop_loss,stop_loss,-1.0632911392403912,-1.0632911392403912,False,True,False
SECONDARY_W0_2018_2020,S4->S5,raw_episode_id plus within-episode trade ordinal,500,0,S4_000162,S5_000165,2019-05-07T04:01:00,2019-05-07T04:01:00,2019-05-07T04:10:00,2019-05-07T04:11:00,stop_loss,stop_loss,-1.0609756097559868,-1.0609756097559868,False,True,False
SECONDARY_W0_2018_2020,S4->S5,raw_episode_id plus within-episode trade ordinal,502,0,S4_000163,S5_000166,2019-05-07T04:32:00,2019-05-07T04:32:00,2019-05-07T06:02:00,2019-05-07T06:02:00,timeout,timeout,1.1358024691358812,0.9135802469135803,False,False,False
SECONDARY_W0_2018_2020,S4->S5,raw_episode_id plus within-episode trade ordinal,508,0,S4_000164,S5_000167,2019-05-08T03:01:00,2019-05-08T03:01:00,2019-05-08T03:20:00,2019-05-08T03:56:00,stop_loss,take_profit,-1.0641025641024475,1.6282051282051282,False,True,True
SECONDARY_W0_2018_2020,S4->S5,raw_episode_id plus within-episode trade ordinal,512,0,S4_000165,,2019-05-08T03:35:00,,2019-05-08T05:05:00,,timeout,,1.4025974025976389,,False,False,False
SECONDARY_W0_2018_2020,S4->S5,raw_episode_id plus within-episode trade ordinal,513,0,,S5_000168,,2019-05-08T04:11:00,,2019-05-08T05:32:00,,take_profit,,1.5625,False,False,False
SECONDARY_W0_2018_2020,S4->S5,raw_episode_id plus within-episode trade ordinal,517,0,S4_000166,S5_000169,2019-05-08T08:05:00,2019-05-08T08:05:00,2019-05-08T09:35:00,2019-05-08T09:35:00,timeout,timeout,0.3176470588234545,0.30588235294111227,False,False,False
SECONDARY_W0_2018_2020,S4->S5,raw_episode_id plus within-episode trade ordinal,525,0,S4_000167,S5_000170,2019-05-09T03:01:00,2019-05-09T03:01:00,2019-05-09T03:31:00,2019-05-09T04:31:00,take_profit,timeout,1.5308641975308643,-0.38271604938265996,False,True,True
SECONDARY_W0_2018_2020,S4->S5,raw_episode_id plus within-episode trade ordinal,528,0,S4_000168,S5_000171,2019-05-13T04:17:00,2019-05-13T04:17:00,2019-05-13T04:45:00,2019-05-13T04:40:00,stop_loss,stop_loss,-1.0588235294116577,-1.0588235294116577,False,True,False
SECONDARY_W0_2018_2020,S4->S5,raw_episode_id plus within-episode trade ordinal,533,0,S4_000169,S5_000172,2019-05-15T03:01:00,2019-05-15T03:01:00,2019-05-15T04:31:00,2019-05-15T04:31:00,timeout,timeout,-0.1923076923077856,-0.33333333333329834,False,False,False
SECONDARY_W0_2018_2020,S4->S5,raw_episode_id plus within-episode trade ordinal,535,0,S4_000170,S5_000173,2019-05-15T04:46:00,2019-05-15T04:46:00,2019-05-15T05:00:00,2019-05-15T05:00:00,stop_loss,stop_loss,-1.061728395061616,-1.061728395061616,False,False,False
SECONDARY_W0_2018_2020,S4->S5,raw_episode_id plus within-episode trade ordinal,540,0,S4_000171,S5_000174,2019-05-16T03:21:00,2019-05-16T03:21:00,2019-05-16T04:51:00,2019-05-16T04:51:00,timeout,timeout,-0.3333333333331313,-0.511111111111,False,False,False
SECONDARY_W0_2018_2020,S4->S5,raw_episode_id plus within-episode trade ordinal,545,0,S4_000172,S5_000175,2019-05-17T04:17:00,2019-05-17T04:17:00,2019-05-17T05:47:00,2019-05-17T05:47:00,timeout,timeout,-0.5357142857143832,-0.5357142857143832,False,False,False
SECONDARY_W0_2018_2020,S4->S5,raw_episode_id plus within-episode trade ordinal,546,0,S4_000173,S5_000176,2019-05-20T03:01:00,2019-05-20T03:01:00,2019-05-20T03:05:00,2019-05-20T03:03:00,stop_loss,stop_loss,-1.0602409638553123,-1.0602409638553123,False,True,False
SECONDARY_W0_2018_2020,S4->S5,raw_episode_id plus within-episode trade ordinal,548,0,S4_000174,S5_000177,2019-05-20T03:20:00,2019-05-20T03:19:00,2019-05-20T04:15:00,2019-05-20T04:00:00,take_profit,take_profit,1.4404761904761905,1.5,True,True,False
SECONDARY_W0_2018_2020,S4->S5,raw_episode_id plus within-episode trade ordinal,549,0,,S5_000178,,2019-05-20T04:15:00,,2019-05-20T04:39:00,,stop_loss,,-1.0624999999998863,False,False,False
SECONDARY_W0_2018_2020,S4->S5,raw_episode_id plus within-episode trade ordinal,550,0,S4_000175,,2019-05-20T04:17:00,,2019-05-20T04:42:00,,stop_loss,,-1.0657894736840907,,False,False,False
SECONDARY_W0_2018_2020,S4->S5,raw_episode_id plus within-episode trade ordinal,552,0,S4_000176,S5_000179,2019-05-20T04:59:00,2019-05-20T04:54:00,2019-05-20T05:50:00,2019-05-20T05:48:00,stop_loss,stop_loss,-1.0609756097559868,-1.0602409638553123,True,True,False
SECONDARY_W0_2018_2020,S4->S5,raw_episode_id plus within-episode trade ordinal,553,0,S4_000177,S5_000180,2019-05-21T04:01:00,2019-05-21T04:01:00,2019-05-21T04:03:00,2019-05-21T04:03:00,stop_loss,stop_loss,-1.0602409638553123,-1.0602409638553123,False,False,False
SECONDARY_W0_2018_2020,S4->S5,raw_episode_id plus within-episode trade ordinal,553,1,S4_000178,S5_000181,2019-05-21T04:18:00,2019-05-21T04:18:00,2019-05-21T05:48:00,2019-05-21T05:48:00,timeout,timeout,0.5357142857142966,0.5238095238095455,False,False,False
SECONDARY_W0_2018_2020,S4->S5,raw_episode_id plus within-episode trade ordinal,554,0,S4_000179,S5_000182,2019-05-22T03:05:00,2019-05-22T03:05:00,2019-05-22T03:54:00,2019-05-22T03:54:00,stop_loss,stop_loss,-1.0588235294116577,-1.0588235294116577,False,False,False
SECONDARY_W0_2018_2020,S4->S5,raw_episode_id plus within-episode trade ordinal,555,0,S4_000180,S5_000183,2019-05-22T04:09:00,2019-05-22T04:09:00,2019-05-22T05:39:00,2019-05-22T05:39:00,timeout,timeout,-0.6309523809523918,-0.7619047619049244,False,False,False
SECONDARY_W0_2018_2020,S4->S5,raw_episode_id plus within-episode trade ordinal,556,0,S4_000181,S5_000184,2019-05-24T03:25:00,2019-05-24T03:25:00,2019-05-24T03:46:00,2019-05-24T03:47:00,stop_loss,stop_loss,-1.0595238095237014,-1.0595238095237014,False,True,False
SECONDARY_W0_2018_2020,S4->S5,raw_episode_id plus within-episode trade ordinal,559,0,S4_000182,S5_000185,2019-05-24T04:02:00,2019-05-24T04:02:00,2019-05-24T04:21:00,2019-05-24T04:21:00,stop_loss,stop_loss,-1.0595238095237014,-1.0595238095237014,False,False,False
SECONDARY_W0_2018_2020,S4->S5,raw_episode_id plus within-episode trade ordinal,560,0,S4_000183,S5_000186,2019-05-24T04:36:00,2019-05-24T04:36:00,2019-05-24T05:06:00,2019-05-24T04:50:00,stop_loss,stop_loss,-1.0609756097559868,-1.0609756097559868,False,True,False
SECONDARY_W0_2018_2020,S4->S5,raw_episode_id plus within-episode trade ordinal,572,0,S4_000184,S5_000187,2019-05-24T08:01:00,2019-05-24T08:01:00,2019-05-24T09:02:00,2019-05-24T09:02:00,stop_loss,stop_loss,-1.0609756097559868,-1.0609756097559868,False,False,False
SECONDARY_W0_2018_2020,S4->S5,raw_episode_id plus within-episode trade ordinal,576,0,S4_000185,S5_000188,2019-05-24T09:37:00,2019-05-24T09:37:00,2019-05-24T09:39:00,2019-05-24T09:41:00,stop_loss,stop_loss,-1.061728395061616,-1.061728395061616,False,True,False
SECONDARY_W0_2018_2020,S4->S5,raw_episode_id plus within-episode trade ordinal,579,0,S4_000186,S5_000189,2019-05-27T01:57:00,2019-05-27T01:57:00,2019-05-27T02:31:00,2019-05-27T03:11:00,stop_loss,stop_loss,-1.0574712643677115,-1.0574712643677115,False,True,False
SECONDARY_W0_2018_2020,S4->S5,raw_episode_id plus within-episode trade ordinal,585,0,S4_000187,S5_000190,2019-05-27T02:46:00,2019-05-27T03:26:00,2019-05-27T03:33:00,2019-05-27T03:42:00,stop_loss,stop_loss,-1.0574712643677115,-1.0588235294116577,True,True,False
SECONDARY_W0_2018_2020,S4->S5,raw_episode_id plus within-episode trade ordinal,585,1,S4_000188,S5_000191,2019-05-27T03:48:00,2019-05-27T03:57:00,2019-05-27T04:15:00,2019-05-27T04:17:00,take_profit,take_profit,1.5,1.4404761904761905,True,True,False
SECONDARY_W0_2018_2020,S4->S5,raw_episode_id plus within-episode trade ordinal,586,0,S4_000189,S5_000192,2019-05-27T04:18:00,2019-05-27T04:18:00,2019-05-27T05:48:00,2019-05-27T05:48:00,timeout,timeout,0.24390243902442352,0.060975609756019906,False,False,False
SECONDARY_W0_2018_2020,S4->S5,raw_episode_id plus within-episode trade ordinal,595,0,S4_000190,S5_000193,2019-05-27T08:00:00,2019-05-27T08:00:00,2019-05-27T08:57:00,2019-05-27T08:57:00,stop_loss,stop_loss,-1.0602409638553123,-1.0602409638553123,False,False,False
SECONDARY_W0_2018_2020,S4->S5,raw_episode_id plus within-episode trade ordinal,604,0,S4_000191,S5_000194,2019-05-27T09:15:00,2019-05-27T09:15:00,2019-05-27T09:43:00,2019-05-27T10:36:00,stop_loss,stop_loss,-1.0602409638553123,-1.0602409638553123,False,True,False
SECONDARY_W0_2018_2020,S4->S5,raw_episode_id plus within-episode trade ordinal,607,0,S4_000192,S5_000195,2019-05-27T11:31:00,2019-05-27T11:31:00,2019-05-27T11:59:00,2019-05-27T11:44:00,stop_loss,stop_loss,-1.0581395348836153,-1.0581395348836153,False,True,False
SECONDARY_W0_2018_2020,S4->S5,raw_episode_id plus within-episode trade ordinal,608,0,S4_000193,S5_000196,2019-05-27T12:16:00,2019-05-27T12:16:00,2019-05-27T13:37:00,2019-05-27T13:37:00,stop_loss,stop_loss,-1.0602409638553123,-1.0602409638553123,False,False,False
SECONDARY_W0_2018_2020,S4->S5,raw_episode_id plus within-episode trade ordinal,610,0,S4_000194,S5_000197,2019-05-28T03:01:00,2019-05-28T03:01:00,2019-05-28T03:30:00,2019-05-28T03:29:00,stop_loss,stop_loss,-1.0609756097559868,-1.0609756097559868,False,True,False
SECONDARY_W0_2018_2020,S4->S5,raw_episode_id plus within-episode trade ordinal,613,0,S4_000195,S5_000198,2019-05-28T03:46:00,2019-05-28T03:44:00,2019-05-28T04:00:00,2019-05-28T04:18:00,stop_loss,stop_loss,-1.0609756097559868,-1.0581395348836153,True,True,False
SECONDARY_W0_2018_2020,S4->S5,raw_episode_id plus within-episode trade ordinal,613,1,S4_000196,S5_000199,2019-05-28T04:15:00,2019-05-28T04:39:00,2019-05-28T04:25:00,2019-05-28T06:09:00,stop_loss,timeout,-1.0609756097559868,0.03658536585360306,True,True,True
SECONDARY_W0_2018_2020,S4->S5,raw_episode_id plus within-episode trade ordinal,613,2,S4_000197,,2019-05-28T04:40:00,,2019-05-28T06:10:00,,timeout,,-0.03658536585364747,,False,False,False
SECONDARY_W0_2018_2020,S4->S5,raw_episode_id plus within-episode trade ordinal,614,0,S4_000198,S5_000200,2019-05-28T08:39:00,2019-05-28T08:39:00,2019-05-28T08:55:00,2019-05-28T08:55:00,stop_loss,stop_loss,-1.0649350649349467,-1.0649350649349467,False,False,False
SECONDARY_W0_2018_2020,S4->S5,raw_episode_id plus within-episode trade ordinal,615,0,S4_000199,S5_000201,2019-05-29T03:13:00,2019-05-29T03:13:00,2019-05-29T04:00:00,2019-05-29T04:00:00,stop_loss,stop_loss,-1.0675675675674445,-1.0675675675674445,False,False,False
SECONDARY_W0_2018_2020,S4->S5,raw_episode_id plus within-episode trade ordinal,616,0,S4_000200,S5_000202,2019-05-31T04:01:00,2019-05-31T04:01:00,2019-05-31T05:05:00,2019-05-31T04:10:00,stop_loss,take_profit,-1.0649350649349467,1.6623376623376622,False,True,True
SECONDARY_W0_2018_2020,S4->S5,raw_episode_id plus within-episode trade ordinal,620,0,S4_000201,S5_000203,2019-09-09T04:10:00,2019-09-09T04:10:00,2019-09-09T04:33:00,2019-09-09T04:19:00,stop_loss,take_profit,-1.0231175693526597,0.6050198150594348,False,True,True
SECONDARY_W0_2018_2020,S4->S5,raw_episode_id plus within-episode trade ordinal,621,0,S4_000202,S5_000204,2019-09-18T03:19:00,2019-09-18T03:19:00,2019-09-18T04:34:00,2019-09-18T03:54:00,stop_loss,stop_loss,-1.0588235294116577,-1.0588235294116577,False,True,False
SECONDARY_W0_2018_2020,S4->S5,raw_episode_id plus within-episode trade ordinal,625,0,S4_000203,S5_000205,2019-10-25T08:27:00,2019-10-25T08:27:00,2019-10-25T08:38:00,2019-10-25T08:38:00,take_profit,take_profit,1.6282051282051282,1.6282051282051282,False,False,False
SECONDARY_W0_2018_2020,S4->S5,raw_episode_id plus within-episode trade ordinal,626,0,S4_000204,S5_000206,2019-11-12T03:09:00,2019-11-12T03:09:00,2019-11-12T04:39:00,2019-11-12T04:39:00,timeout,timeout,-0.8741485566007983,-0.5108660395719802,False,False,False
SECONDARY_W0_2018_2020,S4->S5,raw_episode_id plus within-episode trade ordinal,627,0,S4_000205,S5_000207,2019-11-18T03:41:00,2019-11-18T03:41:00,2019-11-18T03:57:00,2019-11-18T03:47:00,stop_loss,stop_loss,-1.0632911392403912,-1.0632911392403912,False,True,False
SECONDARY_W0_2018_2020,S4->S5,raw_episode_id plus within-episode trade ordinal,628,0,S4_000206,S5_000208,2019-11-18T04:12:00,2019-11-18T04:03:00,2019-11-18T05:16:00,2019-11-18T05:33:00,stop_loss,timeout,-1.0632911392403912,-0.14473684210538282,True,True,False
SECONDARY_W0_2018_2020,S4->S5,raw_episode_id plus within-episode trade ordinal,630,0,S4_000207,S5_000209,2019-11-25T03:02:00,2019-11-25T03:02:00,2019-11-25T03:05:00,2019-11-25T03:02:00,stop_loss,stop_loss,-1.0657894736840907,-1.0657894736840907,False,True,False
SECONDARY_W0_2018_2020,S4->S5,raw_episode_id plus within-episode trade ordinal,631,0,S4_000208,S5_000210,2019-11-25T03:20:00,2019-11-25T03:17:00,2019-11-25T03:25:00,2019-11-25T03:25:00,stop_loss,stop_loss,-1.0614250614250171,-1.0558748403577205,True,False,False
SECONDARY_W0_2018_2020,S4->S5,raw_episode_id plus within-episode trade ordinal,633,0,S4_000209,S5_000211,2019-11-25T03:49:00,2019-11-25T03:49:00,2019-11-25T05:19:00,2019-11-25T05:19:00,timeout,timeout,-0.6538461538461188,-0.1538461538462821,False,False,False
SECONDARY_W0_2018_2020,S4->S5,raw_episode_id plus within-episode trade ordinal,634,0,S4_000210,S5_000212,2019-11-26T03:02:00,2019-11-26T03:02:00,2019-11-26T03:06:00,2019-11-26T03:06:00,stop_loss,stop_loss,-1.0624999999998863,-1.0624999999998863,False,False,False
SECONDARY_W0_2018_2020,S4->S5,raw_episode_id plus within-episode trade ordinal,635,0,S4_000211,S5_000213,2019-11-26T03:21:00,2019-11-26T03:21:00,2019-11-26T03:46:00,2019-11-26T03:46:00,stop_loss,stop_loss,-1.0624999999998863,-1.0624999999998863,False,False,False
SECONDARY_W0_2018_2020,S4->S5,raw_episode_id plus within-episode trade ordinal,641,0,S4_000212,S5_000214,2019-11-26T04:01:00,2019-11-26T04:01:00,2019-11-26T05:31:00,2019-11-26T05:31:00,timeout,timeout,0.25583014270803495,0.5360250609120346,False,False,False
SECONDARY_W0_2018_2020,S4->S5,raw_episode_id plus within-episode trade ordinal,644,0,S4_000213,S5_000215,2019-11-27T04:40:00,2019-11-27T04:40:00,2019-11-27T06:10:00,2019-11-27T06:10:00,timeout,timeout,-0.6883116883116174,-0.6493506493506138,False,False,False
SECONDARY_W0_2018_2020,S4->S5,raw_episode_id plus within-episode trade ordinal,645,0,S4_000214,S5_000216,2019-12-03T04:04:00,2019-12-03T04:04:00,2019-12-03T04:23:00,2019-12-03T04:57:00,stop_loss,stop_loss,-1.061728395061616,-1.061728395061616,False,True,False
SECONDARY_W0_2018_2020,S4->S5,raw_episode_id plus within-episode trade ordinal,646,0,S4_000215,S5_000217,2019-12-10T03:15:00,2019-12-10T03:15:00,2019-12-10T04:45:00,2019-12-10T04:45:00,timeout,timeout,-0.14102564102578097,-0.2948717948717949,False,False,False
SECONDARY_W0_2018_2020,S4->S5,raw_episode_id plus within-episode trade ordinal,649,0,S4_000216,S5_000218,2019-12-11T01:04:00,2019-12-11T01:04:00,2019-12-11T01:22:00,2019-12-11T01:22:00,stop_loss,stop_loss,-1.0480769230768356,-1.0480769230768356,False,False,False
SECONDARY_W0_2018_2020,S4->S5,raw_episode_id plus within-episode trade ordinal,652,0,S4_000217,S5_000219,2019-12-11T01:57:00,2019-12-11T01:57:00,2019-12-11T03:27:00,2019-12-11T03:27:00,timeout,timeout,-0.3974358974358041,-0.0641025641024825,False,False,False
SECONDARY_W0_2018_2020,S4->S5,raw_episode_id plus within-episode trade ordinal,661,0,S4_000218,S5_000220,2019-12-11T03:42:00,2019-12-11T03:42:00,2019-12-11T05:12:00,2019-12-11T05:12:00,timeout,timeout,-0.060975609756064315,-0.19512195121963424,False,False,False
SECONDARY_W0_2018_2020,S4->S5,raw_episode_id plus within-episode trade ordinal,663,0,S4_000219,S5_000221,2019-12-12T04:00:00,2019-12-12T04:00:00,2019-12-12T05:30:00,2019-12-12T05:30:00,timeout,timeout,0.8674698795180723,0.8795180722891457,False,False,False
SECONDARY_W0_2018_2020,S4->S5,raw_episode_id plus within-episode trade ordinal,674,0,S4_000220,S5_000222,2019-12-16T03:33:00,2019-12-16T03:33:00,2019-12-16T04:30:00,2019-12-16T04:31:00,take_profit,take_profit,1.6282051282051282,1.6282051282051282,False,True,False
SECONDARY_W0_2018_2020,S4->S5,raw_episode_id plus within-episode trade ordinal,680,0,S4_000221,S5_000223,2019-12-16T04:51:00,2019-12-16T04:51:00,2019-12-16T05:31:00,2019-12-16T05:31:00,stop_loss,stop_loss,-1.0632911392403912,-1.0632911392403912,False,False,False
SECONDARY_W0_2018_2020,S4->S5,raw_episode_id plus within-episode trade ordinal,689,0,S4_000222,S5_000224,2019-12-17T03:01:00,2019-12-17T03:01:00,2019-12-17T03:31:00,2019-12-17T03:30:00,stop_loss,stop_loss,-1.061728395061616,-1.061728395061616,False,True,False
SECONDARY_W0_2018_2020,S4->S5,raw_episode_id plus within-episode trade ordinal,689,1,S4_000223,S5_000225,2019-12-17T03:46:00,2019-12-17T03:45:00,2019-12-17T05:16:00,2019-12-17T05:15:00,timeout,timeout,0.9999999999999215,0.9230769230769814,True,True,False
SECONDARY_W0_2018_2020,S4->S5,raw_episode_id plus within-episode trade ordinal,709,0,S4_000224,S5_000226,2019-12-18T02:10:00,2019-12-18T02:10:00,2019-12-18T03:40:00,2019-12-18T02:37:00,timeout,stop_loss,-0.2021276595746616,-1.0531914893616054,False,True,False
SECONDARY_W0_2018_2020,S4->S5,raw_episode_id plus within-episode trade ordinal,713,0,,S5_000227,,2019-12-18T02:52:00,,2019-12-18T04:22:00,,timeout,,0.6382978723404352,False,False,False
SECONDARY_W0_2018_2020,S4->S5,raw_episode_id plus within-episode trade ordinal,718,0,S4_000225,S5_000228,2019-12-18T03:55:00,2019-12-18T04:22:00,2019-12-18T05:25:00,2019-12-18T05:52:00,timeout,timeout,-0.09756097560996686,0.13749999999987494,True,True,True
SECONDARY_W0_2018_2020,S4->S5,raw_episode_id plus within-episode trade ordinal,725,0,S4_000226,S5_000229,2019-12-18T08:01:00,2019-12-18T08:01:00,2019-12-18T09:31:00,2019-12-18T09:31:00,timeout,timeout,-0.09638554216861994,-0.09638554216861994,False,False,False
SECONDARY_W0_2018_2020,S4->S5,raw_episode_id plus within-episode trade ordinal,732,0,S4_000227,S5_000230,2019-12-19T04:05:00,2019-12-19T04:05:00,2019-12-19T05:35:00,2019-12-19T05:35:00,timeout,timeout,-0.20731707317084266,-0.2926829268293016,False,False,False
SECONDARY_W0_2018_2020,S4->S5,raw_episode_id plus within-episode trade ordinal,739,0,S4_000228,S5_000231,2019-12-20T04:04:00,2019-12-20T04:04:00,2019-12-20T05:34:00,2019-12-20T04:50:00,timeout,stop_loss,-0.9036144578313583,-1.0602409638553123,False,True,False
SECONDARY_W0_2018_2020,S4->S5,raw_episode_id plus within-episode trade ordinal,752,0,S4_000229,S5_000232,2019-12-20T08:00:00,2019-12-20T08:00:00,2019-12-20T09:30:00,2019-12-20T09:30:00,timeout,timeout,-0.555555555555623,-0.6666666666669138,False,False,False
SECONDARY_W0_2018_2020,S4->S5,raw_episode_id plus within-episode trade ordinal,752,1,S4_000230,S5_000233,2019-12-20T09:45:00,2019-12-20T09:45:00,2019-12-20T09:55:00,2019-12-20T09:55:00,stop_loss,stop_loss,-1.0624999999998863,-1.0624999999998863,False,False,False
SECONDARY_W0_2018_2020,S4->S5,raw_episode_id plus within-episode trade ordinal,757,0,S4_000231,S5_000234,2019-12-23T03:25:00,2019-12-23T03:25:00,2019-12-23T03:35:00,2019-12-23T03:35:00,stop_loss,stop_loss,-1.0602409638553123,-1.0602409638553123,False,False,False
SECONDARY_W0_2018_2020,S4->S5,raw_episode_id plus within-episode trade ordinal,760,0,S4_000232,S5_000235,2019-12-23T03:53:00,2019-12-23T03:53:00,2019-12-23T05:09:00,2019-12-23T05:09:00,take_profit,take_profit,1.5625,1.5625,False,False,False
SECONDARY_W0_2018_2020,S4->S5,raw_episode_id plus within-episode trade ordinal,771,0,S4_000233,S5_000236,2019-12-23T08:09:00,2019-12-23T08:09:00,2019-12-23T08:32:00,2019-12-23T08:32:00,take_profit,take_profit,1.5625,1.5625,False,False,False
SECONDARY_W0_2018_2020,S4->S5,raw_episode_id plus within-episode trade ordinal,772,0,S4_000234,S5_000237,2019-12-24T03:03:00,2019-12-24T03:03:00,2019-12-24T03:43:00,2019-12-24T03:43:00,take_profit,take_profit,1.5625,1.5625,False,False,False
SECONDARY_W0_2018_2020,S4->S5,raw_episode_id plus within-episode trade ordinal,774,0,S4_000235,S5_000238,2019-12-24T04:18:00,2019-12-24T04:18:00,2019-12-24T05:48:00,2019-12-24T05:48:00,timeout,timeout,0.37499999999994316,0.8249999999998181,False,False,False
SECONDARY_W0_2018_2020,S4->S5,raw_episode_id plus within-episode trade ordinal,785,0,S4_000236,S5_000239,2020-10-14T04:34:00,2020-10-14T04:34:00,2020-10-14T04:42:00,2020-10-14T04:42:00,take_profit,take_profit,0.6326362135388134,0.6326362135388134,False,False,False
