url,acquisition_timestamp_utc,path,final_url,status,sha256,bytes,error,title,release_excerpt
https://www.federalreserve.gov/monetarypolicy/fomchistorical2018.htm,2026-09-05T15:39:33.506177+00:00,sources/2599c4bb975e8973c99b.html,https://www.federalreserve.gov/monetarypolicy/fomchistorical2018.htm,ok,c1faf9a8c2762e01da7a75f3d87d467886538f70eec0a38bb42fff4a25a9df8f,95661,,The Fed - 2018,
https://www.federalreserve.gov/monetarypolicy/fomchistorical2019.htm,2026-09-05T15:39:33.901270+00:00,sources/030c2ad21c0c13f95cc0.html,https://www.federalreserve.gov/monetarypolicy/fomchistorical2019.htm,ok,0a0e08d9636f93a6bbeed9279d2afe2a721ee95f4159234f0f96595ef936efc3,97300,,The Fed - 2019,
https://www.federalreserve.gov/monetarypolicy/fomchistorical2020.htm,2026-09-05T15:39:34.244437+00:00,sources/9614cca8444c731ceabc.html,https://www.federalreserve.gov/monetarypolicy/fomchistorical2020.htm,ok,3233c78fee64fc5e87e70a4a732748872104d1cc3d80d50691b3860e0b61a66a,98511,,The Fed - 2020,
https://www.federalreserve.gov/monetarypolicy/fomchistorical2021.htm,2026-09-05T15:39:34.592169+00:00,sources/865499a8c166279b9a48.html,,error,,0,HTTP Error 404: Not Found,,
https://www.federalreserve.gov/monetarypolicy/fomchistorical2022.htm,2026-09-05T15:39:34.921265+00:00,sources/caf1ea18e7a15ef044c3.html,,error,,0,HTTP Error 404: Not Found,,
https://www.federalreserve.gov/monetarypolicy/fomchistorical2023.htm,2026-09-05T15:39:35.249374+00:00,sources/9b927cb57dfc080ea8e2.html,,error,,0,HTTP Error 404: Not Found,,
https://www.federalreserve.gov/monetarypolicy/fomchistorical2024.htm,2026-09-05T15:39:35.610876+00:00,sources/7c17dd15d64fda6a1ded.html,,error,,0,HTTP Error 404: Not Found,,
https://www.federalreserve.gov/monetarypolicy/fomccalendars.htm,2026-09-05T15:39:35.933534+00:00,sources/fe3255ea546db4b012c0.html,https://www.federalreserve.gov/monetarypolicy/fomccalendars.htm,ok,b768e52ddb39800c7c9e73257f7545ddf7c6d4d5eb5cca6ddc38cc6bd00646cd,164831,,The Fed - Meeting calendars and information,
https://www.federalreserve.gov/monetarypolicy/files/fomcminutes20180131.pdf,2026-09-05T15:39:36.388254+00:00,sources/deab64891736174153ba.pdf,https://www.federalreserve.gov/monetarypolicy/files/fomcminutes20180131.pdf,ok,e13766ef40a2c8420946552a50bc44948fa69e10d3a11a5daf8d8bd45113d3a4,435158,,,
https://www.federalreserve.gov/monetarypolicy/files/fomcminutes20180321.pdf,2026-09-05T15:39:36.388254+00:00,sources/8a30baa2b78405e3e9d9.pdf,https://www.federalreserve.gov/monetarypolicy/files/fomcminutes20180321.pdf,ok,3dc8c4e5162a411cce6c0c06064f18b37e64b371883ea0afbe5c70fcaf988b9f,486346,,,
https://www.federalreserve.gov/monetarypolicy/files/fomcminutes20180502.pdf,2026-09-05T15:39:36.399662+00:00,sources/05d8160de4b6ea181614.pdf,https://www.federalreserve.gov/monetarypolicy/files/fomcminutes20180502.pdf,ok,4551b0b118c22e3b389d3e04b26d2d2469bf69b9c1a5e0f19143f22d9d7d359d,234098,,,
https://www.federalreserve.gov/monetarypolicy/files/fomcminutes20180613.pdf,2026-09-05T15:39:36.419715+00:00,sources/2af2982dd2c99543f2b2.pdf,https://www.federalreserve.gov/monetarypolicy/files/fomcminutes20180613.pdf,ok,bf7b959e22e7f58e0ea525cabebd341f5b44eb21f9e9cf8c686369a65fed2aef,469238,,,
https://www.federalreserve.gov/monetarypolicy/files/fomcminutes20180801.pdf,2026-09-05T15:39:36.857547+00:00,sources/d5228a30f4b240d0ebc8.pdf,https://www.federalreserve.gov/monetarypolicy/files/fomcminutes20180801.pdf,ok,3376c5fefab30101cb2b7b856aec0e6b192283c842337ff2471598d139d410b5,254631,,,
https://www.federalreserve.gov/monetarypolicy/files/fomcminutes20180926.pdf,2026-09-05T15:39:36.873267+00:00,sources/e5cea1d50f34e35d4651.pdf,https://www.federalreserve.gov/monetarypolicy/files/fomcminutes20180926.pdf,ok,8410405c76bbc11b3089c28e14165db756d26897440fd680f6e1c5b978e5052c,464229,,,
https://www.federalreserve.gov/monetarypolicy/files/fomcminutes20181108.pdf,2026-09-05T15:39:36.914504+00:00,sources/bdcd84eaa4182cd731df.pdf,https://www.federalreserve.gov/monetarypolicy/files/fomcminutes20181108.pdf,ok,9b6e10ad4a095eddc24c024b4b8283c0c82e93d5c8f13414056357923368261f,369090,,,
https://www.federalreserve.gov/monetarypolicy/files/fomcminutes20181219.pdf,2026-09-05T15:39:37.157442+00:00,sources/8022be5cc084730f70bb.pdf,https://www.federalreserve.gov/monetarypolicy/files/fomcminutes20181219.pdf,ok,533e2181504e28993e5d6bf08523783126fbb98a9f2c7c5c71db45ec051b1ee9,495324,,,
https://www.federalreserve.gov/monetarypolicy/files/fomcminutes20190130.pdf,2026-09-05T15:39:37.238548+00:00,sources/aa0559b50db5c1c598b8.pdf,https://www.federalreserve.gov/monetarypolicy/files/fomcminutes20190130.pdf,ok,ef948da658cda00a901e641e623cdb6c2cfc7bea141917083c83a1d37975cd3b,463709,,,
https://www.federalreserve.gov/monetarypolicy/files/fomcminutes20190320.pdf,2026-09-05T15:39:37.261234+00:00,sources/c825404aa04a08bccfaf.pdf,https://www.federalreserve.gov/monetarypolicy/files/fomcminutes20190320.pdf,ok,fb37bec247aaebdff02c78fcb5d078411397037c522d1b896b50217f44dc0b52,318522,,,
https://www.federalreserve.gov/monetarypolicy/files/fomcminutes20190501.pdf,2026-09-05T15:39:37.305962+00:00,sources/c6b9ca28d356837f8bb0.pdf,https://www.federalreserve.gov/monetarypolicy/files/fomcminutes20190501.pdf,ok,6889ae440ff5ad5b83cfc35ff5151a113b6566167554c9e570bb7d55f456db6e,270214,,,
https://www.federalreserve.gov/monetarypolicy/files/fomcminutes20190619.pdf,2026-09-05T15:39:37.572575+00:00,sources/bf5bcd08b0fbd30d7316.pdf,https://www.federalreserve.gov/monetarypolicy/files/fomcminutes20190619.pdf,ok,1e40a06f1cbbac80a08824e1d1d4f4e7ced56462565421a2fa3bde923fdc2796,515570,,,
https://www.federalreserve.gov/monetarypolicy/files/fomcminutes20190731.pdf,2026-09-05T15:39:37.607695+00:00,sources/d0bfcc86375c1500faa5.pdf,https://www.federalreserve.gov/monetarypolicy/files/fomcminutes20190731.pdf,ok,d93ae10ca65a1643e970da4d7d9a7b41d3622ef96b6c4b6ec06df3f512e819d1,522485,,,
https://www.federalreserve.gov/monetarypolicy/files/fomcminutes20190918.pdf,2026-09-05T15:39:37.684552+00:00,sources/a3934fd27eb3b8e88cfc.pdf,https://www.federalreserve.gov/monetarypolicy/files/fomcminutes20190918.pdf,ok,205b68f2cfb7bce7006319908d075ecb3aebcac3a8c02ac9a6b31925d8a52651,352188,,,
https://www.federalreserve.gov/monetarypolicy/files/fomcminutes20191030.pdf,2026-09-05T15:39:37.932759+00:00,sources/e2c587b17214a3ba505b.pdf,https://www.federalreserve.gov/monetarypolicy/files/fomcminutes20191030.pdf,ok,13476f5679afdb0b16b1e7d7bb46d55284050f60d7278b37ebf47cc6fa625878,415392,,,
https://www.federalreserve.gov/monetarypolicy/files/fomcminutes20191211.pdf,2026-09-05T15:39:38.006939+00:00,sources/e3e57e27ba92b2e36885.pdf,https://www.federalreserve.gov/monetarypolicy/files/fomcminutes20191211.pdf,ok,c3926bc89dd769f7c2655f19e9f6072cbf978e6d310f47ecc3143c421cd114df,693056,,,
https://www.federalreserve.gov/monetarypolicy/files/fomcminutes20200129.pdf,2026-09-05T15:39:38.054416+00:00,sources/9c9a658a1c6b685d573d.pdf,https://www.federalreserve.gov/monetarypolicy/files/fomcminutes20200129.pdf,ok,cc8be0dac9ca731588dc2119c757caea52138b369ac6ce7c421a9fac27a02ead,447267,,,
https://www.federalreserve.gov/monetarypolicy/files/fomcminutes20200315.pdf,2026-09-05T15:39:38.114032+00:00,sources/96b480a8da210cb1483e.pdf,https://www.federalreserve.gov/monetarypolicy/files/fomcminutes20200315.pdf,ok,336d5fd78370531caadbdd5d82ed9df3a851a4fe768ac051b0400c26274147c2,372762,,,
https://www.federalreserve.gov/monetarypolicy/files/fomcminutes20200429.pdf,2026-09-05T15:39:38.371629+00:00,sources/59226536f53c906b060a.pdf,https://www.federalreserve.gov/monetarypolicy/files/fomcminutes20200429.pdf,ok,403965ee742307872811d973a52b184b226fbd4c2981d54f579ca16bf51b4b90,402574,,,
https://www.federalreserve.gov/monetarypolicy/files/fomcminutes20200610.pdf,2026-09-05T15:39:38.420043+00:00,sources/144072a278f433c52d3e.pdf,https://www.federalreserve.gov/monetarypolicy/files/fomcminutes20200610.pdf,ok,998ef98dc1bb23771bc66b8d8def44a3057f27651930240b342345673e70a913,1207828,,,
https://www.federalreserve.gov/monetarypolicy/files/fomcminutes20200729.pdf,2026-09-05T15:39:38.479501+00:00,sources/ba778488f3247c9e726d.pdf,https://www.federalreserve.gov/monetarypolicy/files/fomcminutes20200729.pdf,ok,6339c365be3b7e527f7d730139c59e7fa19e5b4f37433dd8f03c7745bd027f4a,392148,,,
https://www.federalreserve.gov/monetarypolicy/files/fomcminutes20200916.pdf,2026-09-05T15:39:38.489531+00:00,sources/d889e6cb5155f2c8e8ff.pdf,https://www.federalreserve.gov/monetarypolicy/files/fomcminutes20200916.pdf,ok,e929b8a027c98f7bdad0a2e04d2461291f0a4fe18e51921816fc514645eb4185,1288029,,,
https://www.federalreserve.gov/monetarypolicy/files/fomcminutes20201105.pdf,2026-09-05T15:39:38.745714+00:00,sources/d2a4977c879a0b91119f.pdf,https://www.federalreserve.gov/monetarypolicy/files/fomcminutes20201105.pdf,ok,6b45ae90652f909f9a2a26e1e0499a0f277f1c6249ab0923bbd46ce946c57d96,360692,,,
https://www.federalreserve.gov/monetarypolicy/files/fomcminutes20201216.pdf,2026-09-05T15:39:38.846982+00:00,sources/67d71969b09396aaaa97.pdf,https://www.federalreserve.gov/monetarypolicy/files/fomcminutes20201216.pdf,ok,eed262a4be27ff864380c04d07be17ff1e787188f1788c8fdcfa32e07c49c6d4,416846,,,
https://www.federalreserve.gov/monetarypolicy/files/fomcminutes20210127.pdf,2026-09-05T15:39:38.916979+00:00,sources/4b968a2ef6d2c009a542.pdf,https://www.federalreserve.gov/monetarypolicy/files/fomcminutes20210127.pdf,ok,47f633165a85809fa2a67bb982bee20cca768421bad2e79c484a819a9c61cb9a,446290,,,
https://www.federalreserve.gov/monetarypolicy/files/fomcminutes20210317.pdf,2026-09-05T15:39:39.005951+00:00,sources/d76d51559c9991ea4a58.pdf,https://www.federalreserve.gov/monetarypolicy/files/fomcminutes20210317.pdf,ok,14117b1314428b3b2f1683cf480a6bce507ee8211273f77641e89c031d86d8ad,427822,,,
https://www.federalreserve.gov/monetarypolicy/files/fomcminutes20210428.pdf,2026-09-05T15:39:39.163471+00:00,sources/38d352d3f716595a1184.pdf,https://www.federalreserve.gov/monetarypolicy/files/fomcminutes20210428.pdf,ok,add812bd68ec1834ac426964ab74a0fd5d55ec258ffc63698c9019d28badc666,345359,,,
https://www.federalreserve.gov/monetarypolicy/files/fomcminutes20210616.pdf,2026-09-05T15:39:39.291718+00:00,sources/2a5fc2305409747cde32.pdf,https://www.federalreserve.gov/monetarypolicy/files/fomcminutes20210616.pdf,ok,2fb922609f75a21f60a862362771c4c11478351e1a57483ec4e1fd5cb82787c9,454024,,,
https://www.federalreserve.gov/monetarypolicy/files/fomcminutes20210728.pdf,2026-09-05T15:39:39.422906+00:00,sources/be45021c862af2e152ab.pdf,https://www.federalreserve.gov/monetarypolicy/files/fomcminutes20210728.pdf,ok,f2cbc8667b9d3ed3a951ec96b44e9f57e95b12fa6a4479041aca3ee11d84c157,418196,,,
https://www.federalreserve.gov/monetarypolicy/files/fomcminutes20210922.pdf,2026-09-05T15:39:39.550208+00:00,sources/df1811d54bbc472ad0fd.pdf,https://www.federalreserve.gov/monetarypolicy/files/fomcminutes20210922.pdf,ok,279dc1e8daf4e357dadd55363ef223ea8f0204610e964d781a763ed98d27e777,400762,,,
https://www.federalreserve.gov/monetarypolicy/files/fomcminutes20211103.pdf,2026-09-05T15:39:39.562367+00:00,sources/80756e45446dae2b97ec.pdf,https://www.federalreserve.gov/monetarypolicy/files/fomcminutes20211103.pdf,ok,9c22870df6627f223cb2625598bef6e26dcfe848e2a517f6fd5c5af07e372b5f,374988,,,
https://www.federalreserve.gov/monetarypolicy/files/fomcminutes20211215.pdf,2026-09-05T15:39:39.666089+00:00,sources/39e5cdc3c68948d9fa76.pdf,https://www.federalreserve.gov/monetarypolicy/files/fomcminutes20211215.pdf,ok,d24f8da74d43d394151ca84fd8954ea5ac904fb53ff827d7e0b389a4e8d1c281,356564,,,
https://www.federalreserve.gov/monetarypolicy/files/fomcminutes20220126.pdf,2026-09-05T15:39:39.785315+00:00,sources/b57c696d73f0ae5341af.pdf,https://www.federalreserve.gov/monetarypolicy/files/fomcminutes20220126.pdf,ok,e61e77936225aac1ca428e7ae835e151a9659011d751604116801e4ef07c6855,419573,,,
https://www.federalreserve.gov/monetarypolicy/files/fomcminutes20220316.pdf,2026-09-05T15:39:39.932192+00:00,sources/1ce288fd81b5e0bf98f5.pdf,https://www.federalreserve.gov/monetarypolicy/files/fomcminutes20220316.pdf,ok,4dbbab5c7cac6e3e11d5ab9095283eb1c8a1efa4be4f19fa7d13705a3486b993,393297,,,
https://www.federalreserve.gov/monetarypolicy/files/fomcminutes20220504.pdf,2026-09-05T15:39:39.947227+00:00,sources/b3ded306b927517cc20b.pdf,https://www.federalreserve.gov/monetarypolicy/files/fomcminutes20220504.pdf,ok,56fb4871280d6a7dfde79e99857a2d82a082efadfd46a5e460ed356b4bcda00a,388925,,,
https://www.federalreserve.gov/monetarypolicy/files/fomcminutes20220615.pdf,2026-09-05T15:39:40.023007+00:00,sources/c4c2979e7a0ce2ca8e66.pdf,https://www.federalreserve.gov/monetarypolicy/files/fomcminutes20220615.pdf,ok,c28a343f8bca08f049817e83389891241a06ef54c893ea15bc18e60210d0f646,325528,,,
https://www.federalreserve.gov/monetarypolicy/files/fomcminutes20220727.pdf,2026-09-05T15:39:40.126029+00:00,sources/d5502646ebaa60504cb2.pdf,https://www.federalreserve.gov/monetarypolicy/files/fomcminutes20220727.pdf,ok,37694248a0a96932d90cdfc3d395f259cda92c77e80055bb5f89875e0c358a41,390903,,,
https://www.federalreserve.gov/monetarypolicy/files/fomcminutes20220921.pdf,2026-09-05T15:39:40.313168+00:00,sources/f691657c75796846b538.pdf,https://www.federalreserve.gov/monetarypolicy/files/fomcminutes20220921.pdf,ok,3d17dd45c67ca8025c63ed668b6fd8f81e73e7403166bdda804358058c62b25f,349248,,,
https://www.federalreserve.gov/monetarypolicy/files/fomcminutes20221102.pdf,2026-09-05T15:39:40.392424+00:00,sources/bb84a8b3fc2486a83293.pdf,https://www.federalreserve.gov/monetarypolicy/files/fomcminutes20221102.pdf,ok,810ff7cfab0b45ded9154d5fa709bb20ff6421f2f93c42b137ccd450a15e6e08,371673,,,
https://www.federalreserve.gov/monetarypolicy/files/fomcminutes20221214.pdf,2026-09-05T15:39:40.408474+00:00,sources/881e19c5f698ee8baf1f.pdf,https://www.federalreserve.gov/monetarypolicy/files/fomcminutes20221214.pdf,ok,042fa89e93bf43df556fc2fe2766565595edcc6c0f49f3d075d7fbb119b3b760,411328,,,
https://www.federalreserve.gov/monetarypolicy/files/fomcminutes20230201.pdf,2026-09-05T15:39:40.492768+00:00,sources/08220254c300d43da281.pdf,https://www.federalreserve.gov/monetarypolicy/files/fomcminutes20230201.pdf,ok,007c4809ddf0a32286b5d8157f6660cdcb0c03fb487b99ccbaa4f7fdc0b11eb0,414082,,,
https://www.federalreserve.gov/monetarypolicy/files/fomcminutes20230322.pdf,2026-09-05T15:39:40.663657+00:00,sources/cbf946c4aee3c8c2ca76.pdf,https://www.federalreserve.gov/monetarypolicy/files/fomcminutes20230322.pdf,ok,7f93e922542e682cd55373b084d7413fea75a9f9dd3ded72dcd305b71b28706a,406112,,,
https://www.federalreserve.gov/monetarypolicy/files/fomcminutes20230503.pdf,2026-09-05T15:39:40.759582+00:00,sources/f005f05d6ccb6c551516.pdf,https://www.federalreserve.gov/monetarypolicy/files/fomcminutes20230503.pdf,ok,1fb7cd49c318a22c39ceb89c750462490f6e4388503009fe92e738013a418da7,406372,,,
https://www.federalreserve.gov/monetarypolicy/files/fomcminutes20230614.pdf,2026-09-05T15:39:40.778186+00:00,sources/f2a35bef4c6d25dc9e21.pdf,https://www.federalreserve.gov/monetarypolicy/files/fomcminutes20230614.pdf,ok,b81a9c8cee4faf811677e66c08f69eabaf95eb8ded0a382930a316e3eedb1ab9,374963,,,
https://www.federalreserve.gov/monetarypolicy/files/fomcminutes20230726.pdf,2026-09-05T15:39:40.886014+00:00,sources/9e4b8d3304671a681ad2.pdf,https://www.federalreserve.gov/monetarypolicy/files/fomcminutes20230726.pdf,ok,78ea3b1583f65ea2d5990d7165ffa12aefb05282f8cdc148ff80fd0f12f77086,412044,,,
https://www.federalreserve.gov/monetarypolicy/files/fomcminutes20230920.pdf,2026-09-05T15:39:41.020724+00:00,sources/2db5a2f87818395a599e.pdf,https://www.federalreserve.gov/monetarypolicy/files/fomcminutes20230920.pdf,ok,28c9caa36d8f91ebb5fc4e363750f65a46388284b5f896208e8b3b5dbd3c3972,294947,,,
https://www.federalreserve.gov/monetarypolicy/files/fomcminutes20231101.pdf,2026-09-05T15:39:41.124613+00:00,sources/c3fefec070cab8129c2f.pdf,https://www.federalreserve.gov/monetarypolicy/files/fomcminutes20231101.pdf,ok,fcf5f66ad55fd7470dd8af44961370538d52ed2b6ecbf8cf0d3cf313f9ad658e,349745,,,
https://www.federalreserve.gov/monetarypolicy/files/fomcminutes20231213.pdf,2026-09-05T15:39:41.135136+00:00,sources/fa4cda9ebfa878c2de12.pdf,https://www.federalreserve.gov/monetarypolicy/files/fomcminutes20231213.pdf,ok,9ac7fe89eb9037b8810b9a18aae23059a57fd168c1f0666cc3008e961e732941,397088,,,
https://www.federalreserve.gov/monetarypolicy/files/fomcminutes20240131.pdf,2026-09-05T15:39:41.246529+00:00,sources/ea88a70545a4c69bdf14.pdf,https://www.federalreserve.gov/monetarypolicy/files/fomcminutes20240131.pdf,ok,6ce451a5bcf43bf90ac2172f6872cd245e04689c80d4b01e28a01519bb3f0dcc,367967,,,
https://www.federalreserve.gov/monetarypolicy/files/fomcminutes20240320.pdf,2026-09-05T15:39:41.424101+00:00,sources/bdd2b47841c2dc6b7a4a.pdf,https://www.federalreserve.gov/monetarypolicy/files/fomcminutes20240320.pdf,ok,ed63335cfba7d7a09bc2613f10ad0afbec0a269d5c52c628e5ecd55d1b5ac4f1,294591,,,
https://www.federalreserve.gov/monetarypolicy/files/fomcminutes20240501.pdf,2026-09-05T15:39:41.511111+00:00,sources/616ed42cda26a845fa18.pdf,https://www.federalreserve.gov/monetarypolicy/files/fomcminutes20240501.pdf,ok,a896e7bdbce700d1ba7380aeda61568ed8fd143b6d967ae6bcd3aedcfb9caf69,384320,,,
https://www.federalreserve.gov/monetarypolicy/files/fomcminutes20240612.pdf,2026-09-05T15:39:41.522295+00:00,sources/771caf20e6dab31021dd.pdf,https://www.federalreserve.gov/monetarypolicy/files/fomcminutes20240612.pdf,ok,992e0ae12b162983298016ca1890477f41d5381bcd23e3f8f2fcd930c84efbbf,305260,,,
https://www.federalreserve.gov/monetarypolicy/files/fomcminutes20240731.pdf,2026-09-05T15:39:41.592937+00:00,sources/74387e1f10f4d4229133.pdf,https://www.federalreserve.gov/monetarypolicy/files/fomcminutes20240731.pdf,ok,0e9f28328ab6bf08b75527b3a68712c03981f93a64d945aae40e75c18874a04c,143288,,,
https://www.federalreserve.gov/monetarypolicy/files/fomcminutes20240918.pdf,2026-09-05T15:39:41.777371+00:00,sources/fd688523fd375208aa7e.pdf,https://www.federalreserve.gov/monetarypolicy/files/fomcminutes20240918.pdf,ok,90db5ba4c2b9127f879da694048981b26c21583e35c6f8747baf8e070768903b,175953,,,
https://www.federalreserve.gov/monetarypolicy/files/fomcminutes20241107.pdf,2026-09-05T15:39:41.866163+00:00,sources/444817915399b6b552c4.pdf,https://www.federalreserve.gov/monetarypolicy/files/fomcminutes20241107.pdf,ok,0e2d181fb3d879b72c28326e00b3a8feb5be81411b06cb8533ee57eef4673e3f,141693,,,
https://www.federalreserve.gov/monetarypolicy/files/fomcminutes20241218.pdf,2026-09-05T15:39:41.887663+00:00,sources/f23d9bc1eb67b72039a6.pdf,https://www.federalreserve.gov/monetarypolicy/files/fomcminutes20241218.pdf,ok,8f54176d6db3681f0005f9b585564a7ad70b946c2950994606cbb5bc6e13d805,429577,,,
https://www.federalreserve.gov/monetarypolicy/files/fomcprojtabl20210317.pdf,2026-09-05T15:39:41.927756+00:00,sources/05872a489de731069e15.pdf,https://www.federalreserve.gov/monetarypolicy/files/fomcprojtabl20210317.pdf,ok,aa1f54fd28090c48de0fc3eebe04a52d0607cef7cc025df3c6a1a833dcc516db,1557841,,,
https://www.federalreserve.gov/monetarypolicy/files/fomcprojtabl20210616.pdf,2026-09-05T15:39:42.093267+00:00,sources/a0396d8e3b0f9ba5a4c3.pdf,https://www.federalreserve.gov/monetarypolicy/files/fomcprojtabl20210616.pdf,ok,f40aee733a9c794c551fc0f94e420028c6c964b88bce303ce3d1ae44f7c072ea,1471156,,,
https://www.federalreserve.gov/monetarypolicy/files/fomcprojtabl20210922.pdf,2026-09-05T15:39:42.236855+00:00,sources/1bc2a79f88e4db3330d5.pdf,https://www.federalreserve.gov/monetarypolicy/files/fomcprojtabl20210922.pdf,ok,de7331bc99affd2bf4dc0b177c04d0479564f1b43d4b4b5b7de7951176e9b788,1590163,,,
https://www.federalreserve.gov/monetarypolicy/files/fomcprojtabl20211215.pdf,2026-09-05T15:39:42.267658+00:00,sources/3329691ab3f9e5c2a4d1.pdf,https://www.federalreserve.gov/monetarypolicy/files/fomcprojtabl20211215.pdf,ok,a99faad60b5cbe4bc334e4f5d9a67f748234fc9fbd1128d811751ff4ea634c8d,1595065,,,
https://www.federalreserve.gov/monetarypolicy/files/fomcprojtabl20220316.pdf,2026-09-05T15:39:42.391461+00:00,sources/ea11f4b7c4956448b900.pdf,https://www.federalreserve.gov/monetarypolicy/files/fomcprojtabl20220316.pdf,ok,4a3ff9efb51ed06c9c7794c3e4eea33320a6990a9a7133e149c4885bdd3a62d2,1558349,,,
https://www.federalreserve.gov/monetarypolicy/files/fomcprojtabl20220615.pdf,2026-09-05T15:39:42.713103+00:00,sources/d42a83a5def198fb833b.pdf,https://www.federalreserve.gov/monetarypolicy/files/fomcprojtabl20220615.pdf,ok,dd496b2d985d89057c0bcd4d9754f7975eb4b6eb16a690bbd8dd09f676c48789,1560558,,,
https://www.federalreserve.gov/monetarypolicy/files/fomcprojtabl20220921.pdf,2026-09-05T15:39:42.874673+00:00,sources/2b277b003242f461e0b2.pdf,https://www.federalreserve.gov/monetarypolicy/files/fomcprojtabl20220921.pdf,ok,58571bb954f1753d5bd1dc44a80247d960ee4774e50ecadaae44e52987ec9252,1596845,,,
https://www.federalreserve.gov/monetarypolicy/files/fomcprojtabl20221214.pdf,2026-09-05T15:39:43.019935+00:00,sources/3304a6e6f1601023fd06.pdf,https://www.federalreserve.gov/monetarypolicy/files/fomcprojtabl20221214.pdf,ok,cbb298371c4510159979e41f6b905c275ce026c3361905346c1a78aa72e317b4,1598382,,,
https://www.federalreserve.gov/monetarypolicy/files/fomcprojtabl20230322.pdf,2026-09-05T15:39:43.040081+00:00,sources/68ed753872a094e582b1.pdf,https://www.federalreserve.gov/monetarypolicy/files/fomcprojtabl20230322.pdf,ok,eafeb9cea1abbd1c16899ded75e97f77c13b6cacc0584bf0b80277a4c93fb2cb,1564741,,,
https://www.federalreserve.gov/monetarypolicy/files/fomcprojtabl20230614.pdf,2026-09-05T15:39:43.216196+00:00,sources/bff12a92767f49c6a2e7.pdf,https://www.federalreserve.gov/monetarypolicy/files/fomcprojtabl20230614.pdf,ok,fd659f61c21a765d7bb2dcf05da1b0429ec977615ed4b3a46206dccc9a5b660c,1412451,,,
https://www.federalreserve.gov/monetarypolicy/files/fomcprojtabl20230920.pdf,2026-09-05T15:39:43.407495+00:00,sources/a8e9464b8a24066e14c8.pdf,https://www.federalreserve.gov/monetarypolicy/files/fomcprojtabl20230920.pdf,ok,8b9f0dbd12968aea6a114fb70a939d891166de598c0562f578e3420a98d38bcd,1434940,,,
https://www.federalreserve.gov/monetarypolicy/files/fomcprojtabl20231213.pdf,2026-09-05T15:39:43.607433+00:00,sources/f68886fa3fb3493c2aad.pdf,https://www.federalreserve.gov/monetarypolicy/files/fomcprojtabl20231213.pdf,ok,2811d15aface9e9453c4965d8746b1f01778bf994e692b52772cc9610a9137d6,1597263,,,
https://www.federalreserve.gov/monetarypolicy/files/fomcprojtabl20240320.pdf,2026-09-05T15:39:43.703200+00:00,sources/69aec4ad4555a8e88dec.pdf,https://www.federalreserve.gov/monetarypolicy/files/fomcprojtabl20240320.pdf,ok,9e6705e28948d10b54b37bbda2c94fa4eb553864aed82be5bf985f5cfe735a5a,1539973,,,
https://www.federalreserve.gov/monetarypolicy/files/fomcprojtabl20240612.pdf,2026-09-05T15:39:43.735614+00:00,sources/0779917a9f4d02394a77.pdf,https://www.federalreserve.gov/monetarypolicy/files/fomcprojtabl20240612.pdf,ok,e8d3433207abc39c3064af3c9169404e8a5dde6e9ea87d44c8cc600359ad9472,1278401,,,
https://www.federalreserve.gov/monetarypolicy/files/fomcprojtabl20240918.pdf,2026-09-05T15:39:43.943292+00:00,sources/3b348c7bf39bb8a73e92.pdf,https://www.federalreserve.gov/monetarypolicy/files/fomcprojtabl20240918.pdf,ok,fb5e0b1bbe836b8fbf11ec0086c9f5cb33c968d17073b932bdd8dfecec902e0a,1421081,,,
https://www.federalreserve.gov/monetarypolicy/files/fomcprojtabl20241218.pdf,2026-09-05T15:39:44.123427+00:00,sources/ffe045f8a80fe35acadd.pdf,https://www.federalreserve.gov/monetarypolicy/files/fomcprojtabl20241218.pdf,ok,c7db16b2c52b18048bde11ff09721273f542b9344a40aaf3931139c35918448e,1284987,,,
https://www.federalreserve.gov/monetarypolicy/fomcminutes20180131.htm,2026-09-05T15:39:44.275753+00:00,sources/bac9aa61373b595cded0.html,https://www.federalreserve.gov/monetarypolicy/fomcminutes20180131.htm,ok,893208355e11cde70c41dcb1d315f2cb21ae1ceff422b76d43a24a666b439557,165111,,The Fed - Monetary Policy:,
https://www.federalreserve.gov/monetarypolicy/fomcminutes20180321.htm,2026-09-05T15:39:44.465153+00:00,sources/00c1ec885b976377a627.html,https://www.federalreserve.gov/monetarypolicy/fomcminutes20180321.htm,ok,a7e656174025629aa7a00ff01e1c5a470fb90fdfa9058808fa730e49469779e6,128457,,The Fed - Monetary Policy:,
https://www.federalreserve.gov/monetarypolicy/fomcminutes20180502.htm,2026-09-05T15:39:44.527345+00:00,sources/2bf681547726c93df683.html,https://www.federalreserve.gov/monetarypolicy/fomcminutes20180502.htm,ok,9dd38977054567977098db228c2b73a68a5f4180d055fc09b6f5c977b5fc5ad1,132397,,The Fed - Monetary Policy:,
https://www.federalreserve.gov/monetarypolicy/fomcminutes20180613.htm,2026-09-05T15:39:44.622296+00:00,sources/0d67142a8c3d9d62d531.html,https://www.federalreserve.gov/monetarypolicy/fomcminutes20180613.htm,ok,a61ee2dc1dad5bc83883efd6dbe44bef09ded09a87060fc2fbb943bad6e3cdb1,127470,,The Fed - Monetary Policy:,
https://www.federalreserve.gov/monetarypolicy/fomcminutes20180801.htm,2026-09-05T15:39:44.644858+00:00,sources/059b3fa791810795d306.html,https://www.federalreserve.gov/monetarypolicy/fomcminutes20180801.htm,ok,0029310ec7349067e08def265b4c48cc04ffafd97dead5455bc8b8a1eb55850d,135506,,The Fed - Monetary Policy:,
https://www.federalreserve.gov/monetarypolicy/fomcminutes20180926.htm,2026-09-05T15:39:44.864701+00:00,sources/a78a91ca55d35dc34005.html,https://www.federalreserve.gov/monetarypolicy/fomcminutes20180926.htm,ok,e677d0fbc306f7350e53b283fcb2e1284068d435a57699269c6a907dd4a30e64,127604,,The Fed - Monetary Policy:,
https://www.federalreserve.gov/monetarypolicy/fomcminutes20181108.htm,2026-09-05T15:39:44.912318+00:00,sources/4ba87cfbbbd9716c6ddb.html,https://www.federalreserve.gov/monetarypolicy/fomcminutes20181108.htm,ok,a63f0690ce8c12a5f531b0a346bf235197f749e2785dfb6bd66f2872e54714b8,135667,,The Fed - Monetary Policy:,
https://www.federalreserve.gov/monetarypolicy/fomcminutes20181219.htm,2026-09-05T15:39:44.985834+00:00,sources/97a5d1161f6bc133d000.html,https://www.federalreserve.gov/monetarypolicy/fomcminutes20181219.htm,ok,2cf5bdccce813da044c4ed0fdb53b6f06a12d92e323f5fa36274a94bc9b3198b,137155,,The Fed - Monetary Policy:,
https://www.federalreserve.gov/monetarypolicy/fomcminutes20190130.htm,2026-09-05T15:39:44.999870+00:00,sources/ff21107be9f98044f392.html,https://www.federalreserve.gov/monetarypolicy/fomcminutes20190130.htm,ok,24e35e2abd8fd34df055c297ca5982ee73f822e7da2170c81dbe761d644a32e2,179001,,The Fed - Monetary Policy:,
https://www.federalreserve.gov/monetarypolicy/fomcminutes20190320.htm,2026-09-05T15:39:45.250932+00:00,sources/3c17bdc554d85cf535cc.html,https://www.federalreserve.gov/monetarypolicy/fomcminutes20190320.htm,ok,256fc2a06b30b6fd7018097861bf41c35369eb84e4c7edbc3daffe344ba3a329,144574,,The Fed - Monetary Policy:,
https://www.federalreserve.gov/monetarypolicy/fomcminutes20190501.htm,2026-09-05T15:39:45.286028+00:00,sources/5ad66aeaff03b39b7819.html,https://www.federalreserve.gov/monetarypolicy/fomcminutes20190501.htm,ok,115b89cd939657e02c094b29ad1eb5352e87d21be1c38a068944ff980e2de6c5,142374,,The Fed - Monetary Policy:,
https://www.federalreserve.gov/monetarypolicy/fomcminutes20190619.htm,2026-09-05T15:39:45.388724+00:00,sources/d8a9d7f4aabbdefab476.html,https://www.federalreserve.gov/monetarypolicy/fomcminutes20190619.htm,ok,cf9b03960c212e0324c96dbe8ef04a2ba46233a699d9bfa3afa868fe5a435675,135604,,The Fed - Monetary Policy:,
https://www.federalreserve.gov/monetarypolicy/fomcminutes20190731.htm,2026-09-05T15:39:45.402407+00:00,sources/e613a12e3694d9b55a86.html,https://www.federalreserve.gov/monetarypolicy/fomcminutes20190731.htm,ok,3700cf4a50388cbc56bc8ec89facd6a304449968bcaefe16e9f2f776b7f44a42,151921,,The Fed - Monetary Policy:,
https://www.federalreserve.gov/monetarypolicy/fomcminutes20190918.htm,2026-09-05T15:39:45.657053+00:00,sources/a6ec5967aa2bbab3173c.html,https://www.federalreserve.gov/monetarypolicy/fomcminutes20190918.htm,ok,85f70f7424d74937d57c54ac5fda9ddee45dde7a581142c6eaf46005f45a0876,151933,,The Fed - Monetary Policy:,
https://www.federalreserve.gov/monetarypolicy/fomcminutes20191030.htm,2026-09-05T15:39:45.711233+00:00,sources/f7e0402344ee19597fd7.html,https://www.federalreserve.gov/monetarypolicy/fomcminutes20191030.htm,ok,bf521afd421bc314dce3de20dd33e37c2ee64ccce4f4f1cbd9a068bcd1e655f1,164936,,The Fed - Monetary Policy:,
https://www.federalreserve.gov/monetarypolicy/fomcminutes20191211.htm,2026-09-05T15:39:45.813949+00:00,sources/40089bba2d38cb2c647c.html,https://www.federalreserve.gov/monetarypolicy/fomcminutes20191211.htm,ok,eaa1f6bb3d413e194cb42aa67d1a1fd1d3ed6c94808da96caccd074cedd79d32,137897,,The Fed - Monetary Policy:,
https://www.federalreserve.gov/monetarypolicy/fomcminutes20200129.htm,2026-09-05T15:39:45.828002+00:00,sources/37a6c4fa52201fcebc54.html,https://www.federalreserve.gov/monetarypolicy/fomcminutes20200129.htm,ok,66dd8a36321f15b0b8c4592b7cdc8fa4ce446c4d459ffdb0b0f899f467fba715,172236,,The Fed - Monetary Policy:,"for release at 2:00 p.m.: ""Effective January 30, 2020, the Federal Open Market Committee directs the Desk to undertake open market operations as necessary to maintain the federal funds rate in a target range of 1-1/2 to 1-3/4 percent. In light of recent and expected increases in the Federal Reserve's non-reserve liabilities, the Committee directs the Desk to continue purchasing Treasury bills at least into the second quarter of 2020 to maintain over time ample reserve balances at or above the level that prevailed in early September 2019. The Committee also directs the Desk to continue conducting term and overnight repurchase agreement operations at least through April 2020 to ensure that the supply of reserves remains ample even during periods of sharp increases in non-reserve liabilities, and to mitigate the risk of money market pressures that could adversely affect policy implementatio"
https://www.federalreserve.gov/monetarypolicy/fomcminutes20200315.htm,2026-09-05T15:39:46.060140+00:00,sources/815f67129ca0899ddf91.html,https://www.federalreserve.gov/monetarypolicy/fomcminutes20200315.htm,ok,976cc4d92e163fc5151982b7a494c334b2ba78798dd5a746cd520c612ff7691f,145748,,The Fed - Monetary Policy:,"for release at 5:00 p.m.: ""The coronavirus outbreak has harmed communities and disrupted economic activity in many countries, including the United States. Global financial conditions have also been significantly affected. Available economic data show that the U.S. economy came into this challenging period on a strong footing. Information received since the Federal Open Market Committee met in January indicates that the labor market remained strong through February and economic activity rose at a moderate rate. Job gains have been solid, on average, in recent months, and the unemployment rate has remained low. Although household spending rose at a moderate pace, business fixed investment and exports remained weak. More recently, the energy sector has come under stress. On a 12‑month basis, overall inflation and inflation for items other than food and energy are running below 2 percent. Ma"
https://www.federalreserve.gov/monetarypolicy/fomcminutes20200429.htm,2026-09-05T15:39:46.107603+00:00,sources/828b8a0190693c58e6f9.html,https://www.federalreserve.gov/monetarypolicy/fomcminutes20200429.htm,ok,6f95a3d11af31c3ee626d4dc3be4dfdae7740222ac39978179de713b6f2f6ac8,142956,,The Fed - Monetary Policy:,"for release at 2:00 p.m.: ""Effective April 30, 2020, the Federal Open Market Committee directs the Desk to: Undertake open market operations as necessary to maintain the federal funds rate in a target range of 0 to 1/4 percent. Increase the System Open Market Account holdings of Treasury securities, agency mortgage-backed securities (MBS), and agency commercial mortgage-backed securities (CMBS) in the amounts needed to support the smooth functioning of markets for these securities. Conduct term and overnight repurchase agreement operations to support effective policy implementation and the smooth functioning of short-term U.S. dollar funding markets. Conduct overnight reverse repurchase agreement operations at an offering rate of 0.00 percent and with a per-counterparty limit of $30 billion per day; the per-counterparty limit can be temporarily increased at the discretion of the Chair. R"
https://www.federalreserve.gov/monetarypolicy/fomcminutes20200610.htm,2026-09-05T15:39:46.158895+00:00,sources/0aba532b206716765e2d.html,https://www.federalreserve.gov/monetarypolicy/fomcminutes20200610.htm,ok,6291ddb32d40c80f107b041c8f495c579c87344df7ef6dcc3bb52afec9b97eeb,147861,,The Fed - Monetary Policy:,"for release at 2:00 p.m.: ""Effective June 11, 2020, the Federal Open Market Committee directs the Desk to: Undertake open market operations as necessary to maintain the federal funds rate in a target range of 0 to 1/4 percent. Increase the System Open Market Account holdings of Treasury securities, agency mortgage-backed securities (MBS), and agency commercial mortgage-backed securities (CMBS) at least at the current pace to sustain smooth functioning of markets for these securities, thereby fostering effective transmission of monetary policy to broader financial conditions. Conduct term and overnight repurchase agreement operations to support effective policy implementation and the smooth functioning of short-term U.S. dollar funding markets. Conduct overnight reverse repurchase agreement operations at an offering rate of 0.00 percent and with a per-counterparty limit of $30 billion per"
https://www.federalreserve.gov/monetarypolicy/fomcminutes20200729.htm,2026-09-05T15:39:46.173371+00:00,sources/2ca7396cce05147b6235.html,https://www.federalreserve.gov/monetarypolicy/fomcminutes20200729.htm,ok,f9c477d07ef0d3d13c124b45f083f95d516a83f7a2d01dc197824e1e356cc315,141104,,The Fed - Monetary Policy:,"for release at 2:00 p.m.: ""Effective July 30, 2020, the Federal Open Market Committee directs the Desk to: Undertake open market operations as necessary to maintain the federal funds rate in a target range of 0 to 1/4 percent. Increase the System Open Market Account holdings of Treasury securities, agency mortgage-backed securities (MBS), and agency commercial mortgage-backed securities (CMBS) at least at the current pace to sustain smooth functioning of markets for these securities, thereby fostering effective transmission of monetary policy to broader financial conditions. Conduct term and overnight repurchase agreement operations to support effective policy implementation and the smooth functioning of short-term U.S. dollar funding markets. Conduct overnight reverse repurchase agreement operations at an offering rate of 0.00 percent and with a per-counterparty limit of $30 billion per"
https://www.federalreserve.gov/monetarypolicy/fomcminutes20200916.htm,2026-09-05T15:39:46.474381+00:00,sources/c477bd002f1682e49bc6.html,https://www.federalreserve.gov/monetarypolicy/fomcminutes20200916.htm,ok,d6fc96b09142dde64653e5a789cbf7aff5292851acaf2ef49ba8e27ecc506dff,146532,,The Fed - Monetary Policy:,"for release at 2:00 p.m.: ""Effective September 17, 2020, the Federal Open Market Committee directs the Desk to: Undertake open market operations as necessary to maintain the federal funds rate in a target range of 0 to 1/4 percent. Increase the System Open Market Account holdings of Treasury securities and agency mortgage-backed securities (MBS) at the current pace. Increase holdings of Treasury securities and agency MBS by additional amounts and purchase agency commercial mortgage-backed securities (CMBS) as needed to sustain smooth functioning of markets for these securities. Conduct term and overnight repurchase agreement operations to support effective policy implementation and the smooth functioning of short-term U.S. dollar funding markets. Conduct overnight reverse repurchase agreement operations at an offering rate of 0.00 percent and with a per-counterparty limit of $30 billion "
https://www.federalreserve.gov/monetarypolicy/fomcminutes20201105.htm,2026-09-05T15:39:46.501542+00:00,sources/5bdfee77124ffcfcf5fa.html,https://www.federalreserve.gov/monetarypolicy/fomcminutes20201105.htm,ok,59868293f2d610230aaceb441d4f8eb1d010ae0aefe93e981781c862e85dccd8,143903,,The Fed - Monetary Policy:,"for release at 2:00 p.m.: ""Effective November 6, 2020, the Federal Open Market Committee directs the Desk to: Undertake open market operations as necessary to maintain the federal funds rate in a target range of 0 to 1/4 percent. Increase the System Open Market Account holdings of Treasury securities and agency mortgage-backed securities (MBS) at the current pace. Increase holdings of Treasury securities and agency MBS by additional amounts and purchase agency commercial mortgage-backed securities (CMBS) as needed to sustain smooth functioning of markets for these securities. Conduct term and overnight repurchase agreement operations to support effective policy implementation and the smooth functioning of short-term U.S. dollar funding markets. Conduct overnight reverse repurchase agreement operations at an offering rate of 0.00 percent and with a per-counterparty limit of $30 billion pe"
https://www.federalreserve.gov/monetarypolicy/fomcminutes20201216.htm,2026-09-05T15:39:46.553361+00:00,sources/2a7bd80d79659f43fd4b.html,https://www.federalreserve.gov/monetarypolicy/fomcminutes20201216.htm,ok,663381c6184e05ac0ce7d16191b542da01a2d51afd44fc0fdc2f58398e3a2650,136173,,The Fed - Monetary Policy:,"for release at 2:00 p.m.: ""Effective December 17, 2020, the Federal Open Market Committee directs the Desk to: Undertake open market operations as necessary to maintain the federal funds rate in a target range of 0 to 1/4 percent. Increase the System Open Market Account holdings of Treasury securities by $80 billion per month and of agency mortgage-backed securities (MBS) by $40 billion per month. Increase holdings of Treasury securities and agency MBS by additional amounts and purchase agency commercial mortgage-backed securities (CMBS) as needed to sustain smooth functioning of markets for these securities. Conduct term and overnight repurchase agreement operations to support effective policy implementation and the smooth functioning of short-term U.S. dollar funding markets. Conduct overnight reverse repurchase agreement operations at an offering rate of 0.00 percent and with a per-co"
https://www.federalreserve.gov/monetarypolicy/fomcminutes20210127.htm,2026-09-05T15:39:46.554864+00:00,sources/ebc8bb6054cee731651e.html,https://www.federalreserve.gov/monetarypolicy/fomcminutes20210127.htm,ok,2fd03223b522121ae502dcf89e964ac6827fbc0462abdb9155634d3b83f9fa5a,169007,,The Fed - Monetary Policy:,"for release at 2:00 p.m.: ""Effective January 28, 2021, the Federal Open Market Committee directs the Desk to: Undertake open market operations as necessary to maintain the federal funds rate in a target range of 0 to 1/4 percent. Increase the System Open Market Account holdings of Treasury securities by $80 billion per month and of agency mortgage-backed securities (MBS) by $40 billion per month. Increase holdings of Treasury securities and agency MBS by additional amounts and purchase agency commercial mortgage-backed securities (CMBS) as needed to sustain smooth functioning of markets for these securities. Conduct repurchase agreement operations to support effective policy implementation and the smooth functioning of short-term U.S. dollar funding markets. Conduct overnight reverse repurchase agreement operations at an offering rate of 0.00 percent and with a per-counterparty limit of "
https://www.federalreserve.gov/monetarypolicy/fomcminutes20210317.htm,2026-09-05T15:39:46.864979+00:00,sources/3f9cdfaf22061a4d82c0.html,https://www.federalreserve.gov/monetarypolicy/fomcminutes20210317.htm,ok,a388e26dfb72a9919fdcd8ed4f5d1eb1bbb979d0f0273b340c4c9d9f91f210b2,138257,,The Fed - Monetary Policy:,"for release at 2:00 p.m.: ""Effective March 18, 2021, the Federal Open Market Committee directs the Desk to: Undertake open market operations as necessary to maintain the federal funds rate in a target range of 0 to 1/4 percent. Increase the System Open Market Account holdings of Treasury securities by $80 billion per month and of agency mortgage-backed securities (MBS) by $40 billion per month. Increase holdings of Treasury securities and agency MBS by additional amounts and purchase agency commercial mortgage-backed securities (CMBS) as needed to sustain smooth functioning of markets for these securities. Conduct repurchase agreement operations to support effective policy implementation and the smooth functioning of short-term U.S. dollar funding markets. Conduct overnight reverse repurchase agreement operations at an offering rate of 0.00 percent and with a per-counterparty limit of $8"
https://www.federalreserve.gov/monetarypolicy/fomcminutes20210428.htm,2026-09-05T15:39:46.878519+00:00,sources/b6eb7a4f9150ea02a184.html,https://www.federalreserve.gov/monetarypolicy/fomcminutes20210428.htm,ok,25ee1af03533a95bb563cdc1d877ea424119e8519e781e559e0098c12e303162,138928,,The Fed - Monetary Policy:,"for release at 2:00 p.m.: ""Effective April 29, 2021, the Federal Open Market Committee directs the Desk to: Undertake open market operations as necessary to maintain the federal funds rate in a target range of 0 to 1/4 percent. Increase the System Open Market Account holdings of Treasury securities by $80 billion per month and of agency mortgage-backed securities (MBS) by $40 billion per month. Increase holdings of Treasury securities and agency MBS by additional amounts and purchase agency commercial mortgage-backed securities (CMBS) as needed to sustain smooth functioning of markets for these securities. Conduct repurchase agreement operations to support effective policy implementation and the smooth functioning of short-term U.S. dollar funding markets. Conduct overnight reverse repurchase agreement operations at an offering rate of 0.00 percent and with a per-counterparty limit of $8"
https://www.federalreserve.gov/monetarypolicy/fomcminutes20210616.htm,2026-09-05T15:39:46.893560+00:00,sources/7b3ca252ef430bcd0208.html,https://www.federalreserve.gov/monetarypolicy/fomcminutes20210616.htm,ok,d1e2b996c6d6b147525d545560f5ba2db669feaaf856e24d6935d2aa59cd4063,143863,,The Fed - Monetary Policy:,"for release at 2:00 p.m.: ""Effective June 17, 2021, the Federal Open Market Committee directs the Desk to: Undertake open market operations as necessary to maintain the federal funds rate in a target range of 0 to 1/4 percent. Increase the System Open Market Account holdings of Treasury securities by $80 billion per month and of agency mortgage-backed securities (MBS) by $40 billion per month. Increase holdings of Treasury securities and agency MBS by additional amounts and purchase agency commercial mortgage-backed securities (CMBS) as needed to sustain smooth functioning of markets for these securities. Conduct repurchase agreement operations to support effective policy implementation and the smooth functioning of short-term U.S. dollar funding markets. Conduct overnight reverse repurchase agreement operations at an offering rate of 0.05 percent and with a per-counterparty limit of $80"
https://www.federalreserve.gov/monetarypolicy/fomcminutes20210728.htm,2026-09-05T15:39:46.908650+00:00,sources/7246350efba696b7e2e6.html,https://www.federalreserve.gov/monetarypolicy/fomcminutes20210728.htm,ok,20b57eae3b64b59e8ffae455ac919e20cb3cf7ddbb657fba75a28080f781b294,151047,,The Fed - Monetary Policy:,"for release at 2:00 p.m.: ""Effective July 29, 2021, the Federal Open Market Committee directs the Desk to: Undertake open market operations as necessary to maintain the federal funds rate in a target range of 0 to 1/4 percent. Increase the System Open Market Account holdings of Treasury securities by $80 billion per month and of agency mortgage-backed securities (MBS) by $40 billion per month. Increase holdings of Treasury securities and agency MBS by additional amounts and purchase agency commercial mortgage-backed securities (CMBS) as needed to sustain smooth functioning of markets for these securities. Conduct overnight repurchase agreement operations with a minimum bid rate of 0.25 percent and with an aggregate operation limit of $500 billion; the aggregate operation limit can be temporarily increased at the discretion of the Chair. Conduct overnight reverse repurchase agreement oper"
https://www.federalreserve.gov/monetarypolicy/fomcminutes20210922.htm,2026-09-05T15:39:47.198327+00:00,sources/9724695800f7f4794572.html,https://www.federalreserve.gov/monetarypolicy/fomcminutes20210922.htm,ok,9f28072ebbb624230309a878f97cd542055bb474439220baa613951b20fb6f4b,138498,,The Fed - Monetary Policy:,"for release at 2:00 p.m.: ""Effective September 23, 2021, the Federal Open Market Committee directs the Desk to: Undertake open market operations as necessary to maintain the federal funds rate in a target range of 0 to 1/4 percent. Increase the System Open Market Account holdings of Treasury securities by $80 billion per month and of agency mortgage-backed securities (MBS) by $40 billion per month. Increase holdings of Treasury securities and agency MBS by additional amounts and purchase agency commercial mortgage-backed securities (CMBS) as needed to sustain smooth functioning of markets for these securities. Conduct overnight repurchase agreement operations with a minimum bid rate of 0.25 percent and with an aggregate operation limit of $500 billion; the aggregate operation limit can be temporarily increased at the discretion of the Chair. Conduct overnight reverse repurchase agreement"
https://www.federalreserve.gov/monetarypolicy/fomcminutes20211103.htm,2026-09-05T15:39:47.213367+00:00,sources/8b2c208258ac9179d7a2.html,https://www.federalreserve.gov/monetarypolicy/fomcminutes20211103.htm,ok,919adac55d9adbd19a54122c8bdbdac47cb43ed99e110f1379829e99714ec02a,135726,,The Fed - Monetary Policy:,"for release at 2:00 p.m.: ""Effective November 4, 2021, the Federal Open Market Committee directs the Desk to: Undertake open market operations as necessary to maintain the federal funds rate in a target range of 0 to 1/4 percent. Complete the increase in System Open Market Account (SOMA) holdings of Treasury securities by $80 billion and of agency mortgage-backed securities (MBS) by $40 billion, as indicated in the monthly purchase plans released in mid-October. Increase the SOMA holdings of Treasury securities by $70 billion and of agency MBS by $35 billion, during the monthly purchase period beginning in mid-November. Increase the SOMA holdings of Treasury securities by $60 billion and of agency MBS by $30 billion, during the monthly purchase period beginning in mid-December. Increase holdings of Treasury securities and agency MBS by additional amounts as needed to sustain smooth funct"
https://www.federalreserve.gov/monetarypolicy/fomcminutes20211215.htm,2026-09-05T15:39:47.278129+00:00,sources/6e42fae5f2fe1a8c23c4.html,https://www.federalreserve.gov/monetarypolicy/fomcminutes20211215.htm,ok,65cd3d0c4458189d811837b907393099b6fed429efe5989a8ae9118ed470590a,143153,,The Fed - Monetary Policy:,"for release at 2:00 p.m.: ""Effective December 16, 2021, the Federal Open Market Committee directs the Desk to: Undertake open market operations as necessary to maintain the federal funds rate in a target range of 0 to 1/4 percent. Complete the increase in System Open Market Account (SOMA) holdings of Treasury securities by $60 billion and of agency mortgage-backed securities (MBS) by $30 billion, as indicated in the monthly purchase plans released in mid-December. Increase the SOMA holdings of Treasury securities by $40 billion and of agency MBS by $20 billion, during the monthly purchase period beginning in mid-January. Increase holdings of Treasury securities and agency MBS by additional amounts as needed to sustain smooth functioning of markets for these securities. Conduct overnight repurchase agreement operations with a minimum bid rate of 0.25 percent and with an aggregate operatio"
https://www.federalreserve.gov/monetarypolicy/fomcminutes20220126.htm,2026-09-05T15:39:47.298744+00:00,sources/662fc7a94a34cd96dcb1.html,https://www.federalreserve.gov/monetarypolicy/fomcminutes20220126.htm,ok,e94fa8535782abd734e3f18ac367618a6fb4536d4d97ae244b4119564cef7a87,174783,,The Fed - Monetary Policy:,"for release at 2:00 p.m.: ""Effective January 27, 2022, the Federal Open Market Committee directs the Desk to: Undertake open market operations as necessary to maintain the federal funds rate in a target range of 0 to 1/4 percent. Complete the increase in System Open Market Account (SOMA) holdings of Treasury securities by $40 billion and of agency mortgage-backed securities (MBS) by $20 billion, as indicated in the monthly purchase plans released in mid-January. Increase the SOMA holdings of Treasury securities by $20 billion and of agency MBS by $10 billion, during the monthly purchase period beginning in mid-February. Increase holdings of Treasury securities and agency MBS by additional amounts as needed to sustain smooth functioning of markets for these securities. Conduct overnight repurchase agreement operations with a minimum bid rate of 0.25 percent and with an aggregate operation"
https://www.federalreserve.gov/monetarypolicy/fomcminutes20220316.htm,2026-09-05T15:39:47.547330+00:00,sources/709c04409f5996167511.html,https://www.federalreserve.gov/monetarypolicy/fomcminutes20220316.htm,ok,8271b8799055d5c75caf5a4246ac632449573540be9173e95bfd7dcb36a36afe,138196,,The Fed - Monetary Policy:,"for release at 2:00 p.m.: ""Effective March 17, 2022, the Federal Open Market Committee directs the Desk to: Undertake open market operations as necessary to maintain the federal funds rate in a target range of 1/4 to 1/2 percent. Conduct overnight repurchase agreement operations with a minimum bid rate of 0.5 percent and with an aggregate operation limit of $500 billion; the aggregate operation limit can be temporarily increased at the discretion of the Chair. Conduct overnight reverse repurchase agreement operations at an offering rate of 0.3 percent and with a per-counterparty limit of $160 billion per day; the per-counterparty limit can be temporarily increased at the discretion of the Chair. Roll over at auction all principal payments from the Federal Reserve's holdings of Treasury securities and reinvest all principal payments from the Federal Reserve's holdings of agency debt and a"
https://www.federalreserve.gov/monetarypolicy/fomcminutes20220504.htm,2026-09-05T15:39:47.579913+00:00,sources/410db9315fbea4cf87ab.html,https://www.federalreserve.gov/monetarypolicy/fomcminutes20220504.htm,ok,c58af5f0410e0a5882d18d80348f4b9efbedae3be3c6b7bd900eb944c7de7ec6,132676,,The Fed - Monetary Policy:,"for release at 2:00 p.m.: ""Effective May 5, 2022, the Federal Open Market Committee directs the Desk to: Undertake open market operations as necessary to maintain the federal funds rate in a target range of 3/4 to 1 percent. Conduct overnight repurchase agreement operations with a minimum bid rate of 1.0 percent and with an aggregate operation limit of $500 billion; the aggregate operation limit can be temporarily increased at the discretion of the Chair. Conduct overnight reverse repurchase agreement operations at an offering rate of 0.8 percent and with a per-counterparty limit of $160 billion per day; the per-counterparty limit can be temporarily increased at the discretion of the Chair. Roll over at auction the amount of principal payments from the Federal Reserve's holdings of Treasury securities maturing in the calendar month of June that exceeds a monthly cap of $30 billion. Redee"
https://www.federalreserve.gov/monetarypolicy/fomcminutes20220615.htm,2026-09-05T15:39:47.630063+00:00,sources/a3bbd33e02123c463187.html,https://www.federalreserve.gov/monetarypolicy/fomcminutes20220615.htm,ok,554a5e39f8d0b7afcc66d18ff43e4c1265d3b3d03da27b72dc43c7ff0788d25d,133245,,The Fed - Monetary Policy:,"for release at 2:00 p.m.: ""Effective June 16, 2022, the Federal Open Market Committee directs the Desk to: Undertake open market operations as necessary to maintain the federal funds rate in a target range of 1-1/2 to 1-3/4 percent. Conduct overnight repurchase agreement operations with a minimum bid rate of 1.75 percent and with an aggregate operation limit of $500 billion; the aggregate operation limit can be temporarily increased at the discretion of the Chair. Conduct overnight reverse repurchase agreement operations at an offering rate of 1.55 percent and with a per-counterparty limit of $160 billion per day; the per-counterparty limit can be temporarily increased at the discretion of the Chair. Roll over at auction the amount of principal payments from the Federal Reserve's holdings of Treasury securities maturing in the calendar months of June and July that exceeds a cap of $30 bi"
https://www.federalreserve.gov/monetarypolicy/fomcminutes20220727.htm,2026-09-05T15:39:47.677680+00:00,sources/ec26db92465df671db43.html,https://www.federalreserve.gov/monetarypolicy/fomcminutes20220727.htm,ok,94f7e2e30e679413da692c7166a199eb9a366f6fb7ea11bf450defe5add7fa04,137304,,The Fed - Monetary Policy:,"for release at 2:00 p.m.: ""Effective July 28, 2022, the Federal Open Market Committee directs the Desk to: Undertake open market operations as necessary to maintain the federal funds rate in a target range of 2-1/4 to 2-1/2 percent. Conduct overnight repurchase agreement operations with a minimum bid rate of 2.5 percent and with an aggregate operation limit of $500 billion; the aggregate operation limit can be temporarily increased at the discretion of the Chair. Conduct overnight reverse repurchase agreement operations at an offering rate of 2.3 percent and with a per-counterparty limit of $160 billion per day; the per-counterparty limit can be temporarily increased at the discretion of the Chair. Roll over at auction the amount of principal payments from the Federal Reserve's holdings of Treasury securities maturing in the calendar months of July and August that exceeds a cap of $30 bi"
https://www.federalreserve.gov/monetarypolicy/fomcminutes20220921.htm,2026-09-05T15:39:47.889033+00:00,sources/30ec5c6ae2e716c40657.html,https://www.federalreserve.gov/monetarypolicy/fomcminutes20220921.htm,ok,6d8de4a9562414df19faceaeae22ef3e291e4cdb7da4ff78cfcc985256bdd63e,132741,,The Fed - Monetary Policy:,"for release at 2:00 p.m.: ""Effective September 22, 2022, the Federal Open Market Committee directs the Desk to: Undertake open market operations as necessary to maintain the federal funds rate in a target range of 3 to 3-1/4 percent. Conduct overnight repurchase agreement operations with a minimum bid rate of 3.25 percent and with an aggregate operation limit of $500 billion; the aggregate operation limit can be temporarily increased at the discretion of the Chair. Conduct overnight reverse repurchase agreement operations at an offering rate of 3.05 percent and with a per-counterparty limit of $160 billion per day; the per-counterparty limit can be temporarily increased at the discretion of the Chair. Roll over at auction the amount of principal payments from the Federal Reserve's holdings of Treasury securities maturing in each calendar month that exceeds a cap of $60 billion per month."
https://www.federalreserve.gov/monetarypolicy/fomcminutes20221102.htm,2026-09-05T15:39:47.929161+00:00,sources/d67897515629ccc6b38e.html,https://www.federalreserve.gov/monetarypolicy/fomcminutes20221102.htm,ok,7990d1da3789915584a80a98d1662593cead0ebbfeff999988f877ca556dcc4f,134464,,The Fed - Monetary Policy:,"for release at 2:00 p.m.: ""Effective November 3, 2022, the Federal Open Market Committee directs the Desk to: Undertake open market operations as necessary to maintain the federal funds rate in a target range of 3-3/4 to 4 percent. Conduct overnight repurchase agreement operations with a minimum bid rate of 4 percent and with an aggregate operation limit of $500 billion; the aggregate operation limit can be temporarily increased at the discretion of the Chair. Conduct overnight reverse repurchase agreement operations at an offering rate of 3.8 percent and with a per-counterparty limit of $160 billion per day; the per-counterparty limit can be temporarily increased at the discretion of the Chair. Roll over at auction the amount of principal payments from the Federal Reserve's holdings of Treasury securities maturing in each calendar month that exceeds a cap of $60 billion per month. Redee"
https://www.federalreserve.gov/monetarypolicy/fomcminutes20221214.htm,2026-09-05T15:39:47.979872+00:00,sources/1db695923e1a2674d7c7.html,https://www.federalreserve.gov/monetarypolicy/fomcminutes20221214.htm,ok,fa311fb2b7db6ce4b3369e63b16ce4a920e98b0ab3ea7fc14cc856d5642a5456,132407,,The Fed - Monetary Policy:,"for release at 2:00 p.m.: ""Effective December 15, 2022, the Federal Open Market Committee directs the Desk to: Undertake open market operations as necessary to maintain the federal funds rate in a target range of 4-1/4 to 4-1/2 percent. Conduct overnight repurchase agreement operations with a minimum bid rate of 4.5 percent and with an aggregate operation limit of $500 billion; the aggregate operation limit can be temporarily increased at the discretion of the Chair. Conduct overnight reverse repurchase agreement operations at an offering rate of 4.3 percent and with a per-counterparty limit of $160 billion per day; the per-counterparty limit can be temporarily increased at the discretion of the Chair. Roll over at auction the amount of principal payments from the Federal Reserve's holdings of Treasury securities maturing in each calendar month that exceeds a cap of $60 billion per month"
https://www.federalreserve.gov/monetarypolicy/fomcminutes20230201.htm,2026-09-05T15:39:48.026491+00:00,sources/831273af8143d936eab6.html,https://www.federalreserve.gov/monetarypolicy/fomcminutes20230201.htm,ok,2a9218e62f4b5d885dd65dcda6d568352d05a19ae6cdf9bcbd9f22c2db072cc9,141121,,The Fed - Monetary Policy:,"for release at 2:00 p.m.: ""Effective February 2, 2023, the Federal Open Market Committee directs the Desk to: Undertake open market operations as necessary to maintain the federal funds rate in a target range of 4-1/2 to 4-3/4 percent. Conduct overnight repurchase agreement operations with a minimum bid rate of 4.75 percent and with an aggregate operation limit of $500 billion; the aggregate operation limit can be temporarily increased at the discretion of the Chair. Conduct overnight reverse repurchase agreement operations at an offering rate of 4.55 percent and with a per-counterparty limit of $160 billion per day; the per-counterparty limit can be temporarily increased at the discretion of the Chair. Roll over at auction the amount of principal payments from the Federal Reserve's holdings of Treasury securities maturing in each calendar month that exceeds a cap of $60 billion per mont"
https://www.federalreserve.gov/monetarypolicy/fomcminutes20230322.htm,2026-09-05T15:39:48.243734+00:00,sources/86b292c4b46f0559e9f4.html,https://www.federalreserve.gov/monetarypolicy/fomcminutes20230322.htm,ok,fecb263c8e6195198f0f7b4f6b7e0d9cc2afd8811121765e049414bbffc66c13,130689,,The Fed - Monetary Policy:,"for release at 2:00 p.m.: ""Effective March 23, 2023, the Federal Open Market Committee directs the Desk to: Undertake open market operations as necessary to maintain the federal funds rate in a target range of 4-3/4 to 5 percent. Conduct standing overnight repurchase agreement operations with a minimum bid rate of 5 percent and with an aggregate operation limit of $500 billion. Conduct standing overnight reverse repurchase agreement operations at an offering rate of 4.8 percent and with a per-counterparty limit of $160 billion per day. Roll over at auction the amount of principal payments from the Federal Reserve's holdings of Treasury securities maturing in each calendar month that exceeds a cap of $60 billion per month. Redeem Treasury coupon securities up to this monthly cap and Treasury bills to the extent that coupon principal payments are less than the monthly cap. Reinvest into ag"
https://www.federalreserve.gov/monetarypolicy/fomcminutes20230503.htm,2026-09-05T15:39:48.257765+00:00,sources/4dd8964246fc416f2ccc.html,https://www.federalreserve.gov/monetarypolicy/fomcminutes20230503.htm,ok,222fead85871dbb2b4cc3797278b9b59243aa747ecc039b1d7bba39032111c9c,135464,,The Fed - Monetary Policy:,"for release at 2:00 p.m.: ""Effective May 4, 2023, the Federal Open Market Committee directs the Desk to: Undertake open market operations as necessary to maintain the federal funds rate in a target range of 5 to 5-1/4 percent. Conduct standing overnight repurchase agreement operations with a minimum bid rate of 5.25 percent and with an aggregate operation limit of $500 billion. Conduct standing overnight reverse repurchase agreement operations at an offering rate of 5.05 percent and with a per-counterparty limit of $160 billion per day. Roll over at auction the amount of principal payments from the Federal Reserve's holdings of Treasury securities maturing in each calendar month that exceeds a cap of $60 billion per month. Redeem Treasury coupon securities up to this monthly cap and Treasury bills to the extent that coupon principal payments are less than the monthly cap. Reinvest into a"
https://www.federalreserve.gov/monetarypolicy/fomcminutes20230614.htm,2026-09-05T15:39:48.340563+00:00,sources/5236bde0955e49a7c389.html,https://www.federalreserve.gov/monetarypolicy/fomcminutes20230614.htm,ok,b151224dd1bbe49a1a8e58806a94f5f4b3be3a3a4b071105ea9ab31d1451f907,127541,,The Fed - Monetary Policy:,"for release at 2:00 p.m.: ""Effective June 15, 2023, the Federal Open Market Committee directs the Desk to: Undertake open market operations as necessary to maintain the federal funds rate in a target range of 5 to 5-1/4 percent. Conduct standing overnight repurchase agreement operations with a minimum bid rate of 5.25 percent and with an aggregate operation limit of $500 billion. Conduct standing overnight reverse repurchase agreement operations at an offering rate of 5.05 percent and with a per-counterparty limit of $160 billion per day. Roll over at auction the amount of principal payments from the Federal Reserve's holdings of Treasury securities maturing in each calendar month that exceeds a cap of $60 billion per month. Redeem Treasury coupon securities up to this monthly cap and Treasury bills to the extent that coupon principal payments are less than the monthly cap. Reinvest into"
https://www.federalreserve.gov/monetarypolicy/fomcminutes20230726.htm,2026-09-05T15:39:48.416250+00:00,sources/094b66aef9578488cfd5.html,https://www.federalreserve.gov/monetarypolicy/fomcminutes20230726.htm,ok,fa68d89905473ac4490959a745d172b65b206b1dc1584e1106078c8f07ee0984,126757,,The Fed - Monetary Policy:,"for release at 2:00 p.m.: ""Effective July 27, 2023, the Federal Open Market Committee directs the Desk to: Undertake open market operations as necessary to maintain the federal funds rate in a target range of 5-1/4 to 5-1/2 percent. Conduct standing overnight repurchase agreement operations with a minimum bid rate of 5.5 percent and with an aggregate operation limit of $500 billion. Conduct standing overnight reverse repurchase agreement operations at an offering rate of 5.3 percent and with a per-counterparty limit of $160 billion per day. Roll over at auction the amount of principal payments from the Federal Reserve's holdings of Treasury securities maturing in each calendar month that exceeds a cap of $60 billion per month. Redeem Treasury coupon securities up to this monthly cap and Treasury bills to the extent that coupon principal payments are less than the monthly cap. Reinvest in"
https://www.federalreserve.gov/monetarypolicy/fomcminutes20230920.htm,2026-09-05T15:39:48.537358+00:00,sources/eae9d2533c539897c3a0.html,https://www.federalreserve.gov/monetarypolicy/fomcminutes20230920.htm,ok,206bcc1785c02db7384a3abb3b546c9926301c15a18895389e9def2190699290,124301,,The Fed - Monetary Policy:,"for release at 2:00 p.m.: ""Effective September 21, 2023, the Federal Open Market Committee directs the Desk to: Undertake open market operations as necessary to maintain the federal funds rate in a target range of 5-1/4 to 5-1/2 percent. Conduct standing overnight repurchase agreement operations with a minimum bid rate of 5.5 percent and with an aggregate operation limit of $500 billion. Conduct standing overnight reverse repurchase agreement operations at an offering rate of 5.3 percent and with a per-counterparty limit of $160 billion per day. Roll over at auction the amount of principal payments from the Federal Reserve's holdings of Treasury securities maturing in each calendar month that exceeds a cap of $60 billion per month. Redeem Treasury coupon securities up to this monthly cap and Treasury bills to the extent that coupon principal payments are less than the monthly cap. Reinve"
https://www.federalreserve.gov/monetarypolicy/fomcminutes20231101.htm,2026-09-05T15:39:48.600591+00:00,sources/fd3653e89de07bdbeac1.html,https://www.federalreserve.gov/monetarypolicy/fomcminutes20231101.htm,ok,2c840f5c8c64c145bf8d4a0064b56eba1952694f7c7c1d7d900cb98d6af509f8,126937,,The Fed - Monetary Policy:,"for release at 2:00 p.m.: ""Effective November 2, 2023, the Federal Open Market Committee directs the Desk to: Undertake open market operations as necessary to maintain the federal funds rate in a target range of 5-1/4 to 5-1/2 percent. Conduct standing overnight repurchase agreement operations with a minimum bid rate of 5.5 percent and with an aggregate operation limit of $500 billion. Conduct standing overnight reverse repurchase agreement operations at an offering rate of 5.3 percent and with a per-counterparty limit of $160 billion per day. Roll over at auction the amount of principal payments from the Federal Reserve's holdings of Treasury securities maturing in each calendar month that exceeds a cap of $60 billion per month. Redeem Treasury coupon securities up to this monthly cap and Treasury bills to the extent that coupon principal payments are less than the monthly cap. Reinvest"
https://www.federalreserve.gov/monetarypolicy/fomcminutes20231213.htm,2026-09-05T15:39:48.669818+00:00,sources/ddf67eea3e8add30892b.html,https://www.federalreserve.gov/monetarypolicy/fomcminutes20231213.htm,ok,df704d22eb90dec2a938465a0a25a6b2d7b32e89011b00a2df3d3e7ad03031ef,126319,,The Fed - Monetary Policy:,"for release at 2:00 p.m.: ""Effective December 14, 2023, the Federal Open Market Committee directs the Desk to: Undertake open market operations as necessary to maintain the federal funds rate in a target range of 5-1/4 to 5-1/2 percent. Conduct standing overnight repurchase agreement operations with a minimum bid rate of 5.5 percent and with an aggregate operation limit of $500 billion. Conduct standing overnight reverse repurchase agreement operations at an offering rate of 5.3 percent and with a per-counterparty limit of $160 billion per day. Roll over at auction the amount of principal payments from the Federal Reserve's holdings of Treasury securities maturing in each calendar month that exceeds a cap of $60 billion per month. Redeem Treasury coupon securities up to this monthly cap and Treasury bills to the extent that coupon principal payments are less than the monthly cap. Reinves"
https://www.federalreserve.gov/monetarypolicy/fomcminutes20240131.htm,2026-09-05T15:39:48.743521+00:00,sources/916770b2c4dd27e0a477.html,https://www.federalreserve.gov/monetarypolicy/fomcminutes20240131.htm,ok,d19f1e5e81e7f93e43c977d5748832e7d7f834c6f5baf30d7e37ea4a8b7cca8f,133265,,The Fed - Monetary Policy:,"for release at 2:00 p.m.: ""Effective February 1, 2024, the Federal Open Market Committee directs the Desk to: Undertake open market operations as necessary to maintain the federal funds rate in a target range of 5-1/4 to 5-1/2 percent. Conduct standing overnight repurchase agreement operations with a minimum bid rate of 5.5 percent and with an aggregate operation limit of $500 billion. Conduct standing overnight reverse repurchase agreement operations at an offering rate of 5.3 percent and with a per-counterparty limit of $160 billion per day. Roll over at auction the amount of principal payments from the Federal Reserve's holdings of Treasury securities maturing in each calendar month that exceeds a cap of $60 billion per month. Redeem Treasury coupon securities up to this monthly cap and Treasury bills to the extent that coupon principal payments are less than the monthly cap. Reinvest"
https://www.federalreserve.gov/monetarypolicy/fomcminutes20240320.htm,2026-09-05T15:39:48.923972+00:00,sources/1f8cbdcd9c64ca4f48b2.html,https://www.federalreserve.gov/monetarypolicy/fomcminutes20240320.htm,ok,828fdbaa9f084d35a3e02ebb36083d8228b6933dec7af2ced4be6bff94797aa7,129137,,The Fed - Monetary Policy:,"for release at 2:00 p.m.: ""Effective March 21, 2024, the Federal Open Market Committee directs the Desk to: Undertake open market operations as necessary to maintain the federal funds rate in a target range of 5-1/4 to 5-1/2 percent. Conduct standing overnight repurchase agreement operations with a minimum bid rate of 5.5 percent and with an aggregate operation limit of $500 billion. Conduct standing overnight reverse repurchase agreement operations at an offering rate of 5.3 percent and with a per-counterparty limit of $160 billion per day. Roll over at auction the amount of principal payments from the Federal Reserve's holdings of Treasury securities maturing in each calendar month that exceeds a cap of $60 billion per month. Redeem Treasury coupon securities up to this monthly cap and Treasury bills to the extent that coupon principal payments are less than the monthly cap. Reinvest i"
https://www.federalreserve.gov/monetarypolicy/fomcminutes20240501.htm,2026-09-05T15:39:48.975430+00:00,sources/8d67df70f355fffd8357.html,https://www.federalreserve.gov/monetarypolicy/fomcminutes20240501.htm,ok,6d0fee1baba2e414169c1056f6375f446ffa3da34d96a34f3b42da434ecb8a87,128249,,The Fed - Monetary Policy:,"for release at 2:00 p.m.: ""Effective May 2, 2024, the Federal Open Market Committee directs the Desk to: Undertake open market operations as necessary to maintain the federal funds rate in a target range of 5-1/4 to 5-1/2 percent. Conduct standing overnight repurchase agreement operations with a minimum bid rate of 5.5 percent and with an aggregate operation limit of $500 billion. Conduct standing overnight reverse repurchase agreement operations at an offering rate of 5.3 percent and with a per-counterparty limit of $160 billion per day. Roll over at auction the amount of principal payments from the Federal Reserve's holdings of Treasury securities maturing in May that exceeds a cap of $60 billion per month. Beginning on June 1, roll over at auction the amount of principal payments from the Federal Reserve's holdings of Treasury securities maturing in each calendar month that exceeds a "
https://www.federalreserve.gov/monetarypolicy/fomcminutes20240612.htm,2026-09-05T15:39:48.990478+00:00,sources/30a52f02a4c6e250a5ed.html,https://www.federalreserve.gov/monetarypolicy/fomcminutes20240612.htm,ok,2d82f9193691ed70b1790b423a0213168ef6e57ca8492aac20ec4b8c936470e9,124256,,The Fed - Monetary Policy:,"for release at 2:00 p.m.: ""Effective June 13, 2024, the Federal Open Market Committee directs the Desk to: Undertake open market operations as necessary to maintain the federal funds rate in a target range of 5-1/4 to 5-1/2 percent. Conduct standing overnight repurchase agreement operations with a minimum bid rate of 5.5 percent and with an aggregate operation limit of $500 billion. Conduct standing overnight reverse repurchase agreement operations at an offering rate of 5.3 percent and with a per-counterparty limit of $160 billion per day. Roll over at auction the amount of principal payments from the Federal Reserve's holdings of Treasury securities maturing in each calendar month that exceeds a cap of $25 billion per month. Redeem Treasury coupon securities up to this monthly cap and Treasury bills to the extent that coupon principal payments are less than the monthly cap. Reinvest th"
https://www.federalreserve.gov/monetarypolicy/fomcminutes20240731.htm,2026-09-05T15:39:49.283490+00:00,sources/707cfb18388a44efbe37.html,https://www.federalreserve.gov/monetarypolicy/fomcminutes20240731.htm,ok,763b9ac0a6ad04836d2473b8e43272b01831a9a4f9075c474a30f559c4ce3574,125329,,The Fed - Monetary Policy:,"for release at 2:00 p.m.: ""Effective August 1, 2024, the Federal Open Market Committee directs the Desk to: Undertake open market operations as necessary to maintain the federal funds rate in a target range of 5-1/4 to 5-1/2 percent. Conduct standing overnight repurchase agreement operations with a minimum bid rate of 5.5 percent and with an aggregate operation limit of $500 billion. Conduct standing overnight reverse repurchase agreement operations at an offering rate of 5.3 percent and with a per-counterparty limit of $160 billion per day. Roll over at auction the amount of principal payments from the Federal Reserve's holdings of Treasury securities maturing in each calendar month that exceeds a cap of $25 billion per month. Redeem Treasury coupon securities up to this monthly cap and Treasury bills to the extent that coupon principal payments are less than the monthly cap. Reinvest t"
https://www.federalreserve.gov/monetarypolicy/fomcminutes20240918.htm,2026-09-05T15:39:49.371429+00:00,sources/655df9bc7bac3c0eda7a.html,https://www.federalreserve.gov/monetarypolicy/fomcminutes20240918.htm,ok,b70260b8adfcb25c9b73421732c257deeedbc5323ddfa8aa8f517379283d5d1b,124655,,The Fed - Monetary Policy:,"for release at 2:00 p.m.: ""Effective September 19, 2024, the Federal Open Market Committee directs the Desk to: Undertake open market operations as necessary to maintain the federal funds rate in a target range of 4-3/4 to 5 percent. Conduct standing overnight repurchase agreement operations with a minimum bid rate of 5 percent and with an aggregate operation limit of $500 billion. Conduct standing overnight reverse repurchase agreement operations at an offering rate of 4.8 percent and with a per-counterparty limit of $160 billion per day. Roll over at auction the amount of principal payments from the Federal Reserve's holdings of Treasury securities maturing in each calendar month that exceeds a cap of $25 billion per month. Redeem Treasury coupon securities up to this monthly cap and Treasury bills to the extent that coupon principal payments are less than the monthly cap. Reinvest the"
https://www.federalreserve.gov/monetarypolicy/fomcminutes20241107.htm,2026-09-05T15:39:49.456804+00:00,sources/b31e7f7fc459058463e5.html,https://www.federalreserve.gov/monetarypolicy/fomcminutes20241107.htm,ok,792ae97d21c457df91205b803a0868322f756491abd0bf3dc204c51fb8288cd9,129867,,The Fed - Monetary Policy:,"for release at 2:00 p.m.: ""Effective November 8, 2024, the Federal Open Market Committee directs the Desk to: Undertake open market operations as necessary to maintain the federal funds rate in a target range of 4-1/2 to 4-3/4 percent. Conduct standing overnight repurchase agreement operations with a minimum bid rate of 4.75 percent and with an aggregate operation limit of $500 billion. Conduct standing overnight reverse repurchase agreement operations at an offering rate of 4.55 percent and with a per-counterparty limit of $160 billion per day. Roll over at auction the amount of principal payments from the Federal Reserve's holdings of Treasury securities maturing in each calendar month that exceeds a cap of $25 billion per month. Redeem Treasury coupon securities up to this monthly cap and Treasury bills to the extent that coupon principal payments are less than the monthly cap. Reinve"
https://www.federalreserve.gov/monetarypolicy/fomcminutes20241218.htm,2026-09-05T15:39:49.661490+00:00,sources/a9c21b5d528d5484fafb.html,https://www.federalreserve.gov/monetarypolicy/fomcminutes20241218.htm,ok,02b22f032fbfcf678914c3e7839dee12ca390349f22add22f7a36045f55508b6,126487,,The Fed - Monetary Policy:,"for release at 2:00 p.m.: ""Effective December 19, 2024, the Federal Open Market Committee directs the Desk to: Undertake open market operations as necessary to maintain the federal funds rate in a target range of 4-1/4 to 4-1/2 percent. Conduct standing overnight repurchase agreement operations with a minimum bid rate of 4.5 percent and with an aggregate operation limit of $500 billion. Conduct standing overnight reverse repurchase agreement operations at an offering rate of 4.25 percent and with a per-counterparty limit of $160 billion per day. Setting this rate at the bottom of the target range for the federal funds rate is intended to support effective monetary policy implementation and the smooth functioning of short‑term funding markets. Roll over at auction the amount of principal payments from the Federal Reserve's holdings of Treasury securities maturing in each calendar month th"
https://www.federalreserve.gov/monetarypolicy/fomcprojtabl20210317.htm,2026-09-05T15:39:49.812704+00:00,sources/f2d88b7393ffd40fcf80.html,https://www.federalreserve.gov/monetarypolicy/fomcprojtabl20210317.htm,ok,751026205b64cee347e08e3b798ad583e3bfca9080bfd1d5307b61f6230ce000,234000,,"The Fed - March 17, 2021: FOMC Projections materials, accessible version","For release at 2:00 p.m., EDT, March 17, 2021 Summary of Economic Projections In conjunction with the Federal Open Market Committee (FOMC) meeting held on March 16–17, 2021, meeting participants submitted their projections of the most likely outcomes for real gross domestic product (GDP) growth, the unemployment rate, and inflation for each year from 2021 to 2023 and over the longer run. Each participant's projections were based on information available at the time of the meeting, together with her or his assessment of appropriate monetary policy—including a path for the federal funds rate and its longer-run value—and assumptions about other factors likely to affect economic outcomes. The longer-run projections represent each participant's assessment of the value to which each variable would be expected to converge, over time, under appropriate monetary policy and in the absence of furth"
https://www.federalreserve.gov/monetarypolicy/fomcprojtabl20210616.htm,2026-09-05T15:39:49.835814+00:00,sources/83a122b635da09aaed56.html,https://www.federalreserve.gov/monetarypolicy/fomcprojtabl20210616.htm,ok,bc78e966c5fccfe4dd582d3c1210302326a3639fcf0235a6aac280cc0be89d96,238329,,"The Fed - June 16, 2021: FOMC Projections materials, accessible version","For release at 2:00 p.m., EDT, June 16, 2021 Summary of Economic Projections In conjunction with the Federal Open Market Committee (FOMC) meeting held on June 15-16, 2021, meeting participants submitted their projections of the most likely outcomes for real gross domestic product (GDP) growth, the unemployment rate, and inflation for each year from 2021 to 2023 and over the longer run. Each participant's projections were based on information available at the time of the meeting, together with her or his assessment of appropriate monetary policy--including a path for the federal funds rate and its longer-run value--and assumptions about other factors likely to affect economic outcomes. The longer-run projections represent each participant's assessment of the value to which each variable would be expected to converge, over time, under appropriate monetary policy and in the absence of furth"
https://www.federalreserve.gov/monetarypolicy/fomcprojtabl20210922.htm,2026-09-05T15:39:50.010060+00:00,sources/9d0db5bd56667cef1283.html,https://www.federalreserve.gov/monetarypolicy/fomcprojtabl20210922.htm,ok,a9290e0f5399d6c9f99d56b9785fb5a29322c87cc861917ed7ac51794615cde1,251040,,"The Fed - September 22, 2021: FOMC Projections materials, accessible version","For release at 2:00 p.m., EDT, September 22, 2021 Summary of Economic Projections In conjunction with the Federal Open Market Committee (FOMC) meeting held on September 21-22, 2021, meeting participants submitted their projections of the most likely outcomes for real gross domestic product (GDP) growth, the unemployment rate, and inflation for each year from 2021 to 2024 and over the longer run. Each participant's projections were based on information available at the time of the meeting, together with her or his assessment of appropriate monetary policy--including a path for the federal funds rate and its longer-run value--and assumptions about other factors likely to affect economic outcomes. The longer-run projections represent each participant's assessment of the value to which each variable would be expected to converge, over time, under appropriate monetary policy and in the absenc"
https://www.federalreserve.gov/monetarypolicy/fomcprojtabl20211215.htm,2026-09-05T15:39:50.179806+00:00,sources/a04d13a604a435c96b4d.html,https://www.federalreserve.gov/monetarypolicy/fomcprojtabl20211215.htm,ok,288e61fe7852858b39183282a569b5e62ac2faa19ce0adeb153ce835c7962282,256770,,"The Fed - December 15, 2021: FOMC Projections materials, accessible version","For release at 2:00 p.m., EDT, December 15, 2021 Summary of Economic Projections In conjunction with the Federal Open Market Committee (FOMC) meeting held on December 14-15, 2021, meeting participants submitted their projections of the most likely outcomes for real gross domestic product (GDP) growth, the unemployment rate, and inflation for each year from 2021 to 2024 and over the longer run. Each participant's projections were based on information available at the time of the meeting, together with her or his assessment of appropriate monetary policy--including a path for the federal funds rate and its longer-run value--and assumptions about other factors likely to affect economic outcomes. The longer-run projections represent each participant's assessment of the value to which each variable would be expected to converge, over time, under appropriate monetary policy and in the absence "
https://www.federalreserve.gov/monetarypolicy/fomcprojtabl20220615.htm,2026-09-05T15:39:50.193345+00:00,sources/2dd932c3a8db83a4d0f2.html,https://www.federalreserve.gov/monetarypolicy/fomcprojtabl20220615.htm,ok,a0d638a34e1a9ea85b61593a7afb380ea807b2ad3545945c18d0a1850d3b2a39,236828,,"The Fed - June 15, 2022: FOMC Projections materials, accessible version","For release at 2:00 p.m., EDT, June 15, 2022 Summary of Economic Projections In conjunction with the Federal Open Market Committee (FOMC) meeting held on June 14–15, 2022, meeting participants submitted their projections of the most likely outcomes for real gross domestic product (GDP) growth, the unemployment rate, and inflation for each year from 2022 to 2024 and over the longer run. Each participant’s projections were based on information available at the time of the meeting, together with her or his assessment of appropriate monetary policy—including a path for the federal funds rate and its longer-run value—and assumptions about other factors likely to affect economic outcomes. The longer-run projections represent each participant’s assessment of the value to which each variable would be expected to converge, over time, under appropriate monetary policy and in the absence of further"
https://www.federalreserve.gov/monetarypolicy/fomcprojtabl20220921.htm,2026-09-05T15:39:50.343520+00:00,sources/adc77e0b86c78419f450.html,https://www.federalreserve.gov/monetarypolicy/fomcprojtabl20220921.htm,ok,b2cba09c4bf248e8b9f1df09886850b70c3e1a14bef42f28744e978576fadbe8,250125,,"The Fed - September 21, 2022: FOMC Projections materials, accessible version","For release at 2:00 p.m., EDT, September 21, 2022 Summary of Economic Projections In conjunction with the Federal Open Market Committee (FOMC) meeting held on September 20-21, 2022, meeting participants submitted their projections of the most likely outcomes for real gross domestic product (GDP) growth, the unemployment rate, and inflation for each year from 2022 to 2025 and over the longer run. Each participant’s projections were based on information available at the time of the meeting, together with her or his assessment of appropriate monetary policy—including a path for the federal funds rate and its longer-run value—and assumptions about other factors likely to affect economic outcomes. The longer-run projections represent each participant’s assessment of the value to which each variable would be expected to converge, over time, under appropriate monetary policy and in the absence "
https://www.federalreserve.gov/monetarypolicy/fomcprojtabl20221214.htm,2026-09-05T15:39:50.389927+00:00,sources/69f04bdbd3dfd99a0795.html,https://www.federalreserve.gov/monetarypolicy/fomcprojtabl20221214.htm,ok,ed533acc5a8500b9aebb84fc0f897ce2edeba62c202a79582b1bff2dc60d6812,260282,,"The Fed - December 14, 2022: FOMC Projections materials, accessible version","For release at 2:00 p.m., EDT, December 14, 2022 Summary of Economic Projections In conjunction with the Federal Open Market Committee (FOMC) meeting held on December 13-14, 2022, meeting participants submitted their projections of the most likely outcomes for real gross domestic product (GDP) growth, the unemployment rate, and inflation for each year from 2022 to 2025 and over the longer run. Each participant’s projections were based on information available at the time of the meeting, together with her or his assessment of appropriate monetary policy—including a path for the federal funds rate and its longer-run value—and assumptions about other factors likely to affect economic outcomes. The longer-run projections represent each participant’s assessment of the value to which each variable would be expected to converge, over time, under appropriate monetary policy and in the absence of"
https://www.federalreserve.gov/monetarypolicy/fomcprojtabl20230322.htm,2026-09-05T15:39:50.530102+00:00,sources/c6d1395302b6ee894f0d.html,https://www.federalreserve.gov/monetarypolicy/fomcprojtabl20230322.htm,ok,700d9aaf9ec0bc22f877b8335aacacd5a7cb27c1ad388573eb106b2ae2f40459,241067,,"The Fed - March 22, 2023: FOMC Projections materials, accessible version","For release at 2:00 p.m., EDT, March 22, 2023 Summary of Economic Projections In conjunction with the Federal Open Market Committee (FOMC) meeting held on March 21-22, 2023, meeting participants submitted their projections of the most likely outcomes for real gross domestic product (GDP) growth, the unemployment rate, and inflation for each year from 2023 to 2025 and over the longer run. Each participant’s projections were based on information available at the time of the meeting, together with her or his assessment of appropriate monetary policy—including a path for the federal funds rate and its longer-run value—and assumptions about other factors likely to affect economic outcomes. The longer-run projections represent each participant’s assessment of the value to which each variable would be expected to converge, over time, under appropriate monetary policy and in the absence of furth"
https://www.federalreserve.gov/monetarypolicy/fomcprojtabl20230614.htm,2026-09-05T15:39:50.727548+00:00,sources/e7c0ece39ded7d9eb32b.html,https://www.federalreserve.gov/monetarypolicy/fomcprojtabl20230614.htm,ok,c106aa84b975e0b7cd02cdb6fbd72d3b548e33633ed447c7925b043d2f033357,242597,,"The Fed - June 14, 2023: FOMC Projections materials, accessible version","For release at 2:00 p.m., EDT, June 14, 2023 Summary of Economic Projections In conjunction with the Federal Open Market Committee (FOMC) meeting held on June 13–14, 2023, meeting participants submitted their projections of the most likely outcomes for real gross domestic product (GDP) growth, the unemployment rate, and inflation for each year from 2023 to 2025 and over the longer run. Each participant’s projections were based on information available at the time of the meeting, together with her or his assessment of appropriate monetary policy—including a path for the federal funds rate and its longer-run value—and assumptions about other factors likely to affect economic outcomes. The longer-run projections represent each participant’s assessment of the value to which each variable would be expected to converge, over time, under appropriate monetary policy and in the absence of further"
https://www.federalreserve.gov/monetarypolicy/fomcprojtabl20230920.htm,2026-09-05T15:39:50.749749+00:00,sources/12e38957ec861fcc4c60.html,https://www.federalreserve.gov/monetarypolicy/fomcprojtabl20230920.htm,ok,f6196dc56f5792e2080d06e0f278f23668fb16c59b3b90cdd959de72113283ef,251308,,"The Fed - September 20, 2023: FOMC Projections materials, accessible version","For release at 2:00 p.m., EDT, September 20, 2023 Summary of Economic Projections In conjunction with the Federal Open Market Committee (FOMC) meeting held on September 19-20, 2023, meeting participants submitted their projections of the most likely outcomes for real gross domestic product (GDP) growth, the unemployment rate, and inflation for each year from 2023 to 2026 and over the longer run. Each participant’s projections were based on information available at the time of the meeting, together with her or his assessment of appropriate monetary policy—including a path for the federal funds rate and its longer-run value—and assumptions about other factors likely to affect economic outcomes. The longer-run projections represent each participant’s assessment of the value to which each variable would be expected to converge, over time, under appropriate monetary policy and in the absence "
https://www.federalreserve.gov/monetarypolicy/fomcprojtabl20231213.htm,2026-09-05T15:39:50.814189+00:00,sources/d5c56c4b1a90370a7a7e.html,https://www.federalreserve.gov/monetarypolicy/fomcprojtabl20231213.htm,ok,d9a54710cbf2d66cba2f5ccc63c3cf143ada777e6b35d21932f20157d8112bbf,250754,,"The Fed - December 13, 2023: FOMC Projections materials, accessible version","For release at 2:00 p.m., EST, December 13, 2023 Summary of Economic Projections In conjunction with the Federal Open Market Committee (FOMC) meeting held on December 12–13, 2023, meeting participants submitted their projections of the most likely outcomes for real gross domestic product (GDP) growth, the unemployment rate, and inflation for each year from 2023 to 2026 and over the longer run. Each participant's projections were based on information available at the time of the meeting, together with her or his assessment of appropriate monetary policy—including a path for the federal funds rate and its longer-run value—and assumptions about other factors likely to affect economic outcomes. The longer-run projections represent each participant's assessment of the value to which each variable would be expected to converge, over time, under appropriate monetary policy and in the absence of"
https://www.federalreserve.gov/monetarypolicy/fomcprojtabl20240320.htm,2026-09-05T15:39:50.908575+00:00,sources/fd72ae76032c41b9ac46.html,https://www.federalreserve.gov/monetarypolicy/fomcprojtabl20240320.htm,ok,7c3645188fbc35d5b93993b3de09533b1006a609f0c1f4c58d278f59cdf96281,233874,,"The Fed - March 20, 2024: FOMC Projections materials, accessible version","For release at 2:00 p.m., EDT, March 20, 2024 Summary of Economic Projections In conjunction with the Federal Open Market Committee (FOMC) meeting held on March 19–20, 2024, meeting participants submitted their projections of the most likely outcomes for real gross domestic product (GDP) growth, the unemployment rate, and inflation for each year from 2024 to 2026 and over the longer run. Each participant’s projections were based on information available at the time of the meeting, together with her or his assessment of appropriate monetary policy—including a path for the federal funds rate and its longer-run value—and assumptions about other factors likely to affect economic outcomes. The longer-run projections represent each participant’s assessment of the value to which each variable would be expected to converge, over time, under appropriate monetary policy and in the absence of furth"
https://www.federalreserve.gov/monetarypolicy/fomcprojtabl20240612.htm,2026-09-05T15:39:51.130944+00:00,sources/051f8fa0dd6d3bced1f5.html,https://www.federalreserve.gov/monetarypolicy/fomcprojtabl20240612.htm,ok,6f2196eb77a8aa6c10c850098e3ccaaf6207672957a3253cba980ab55e488d5f,231627,,"The Fed - June 12, 2024: FOMC Projections materials, accessible version","For release at 2:00 p.m., EDT, June 12, 2024 Summary of Economic Projections In conjunction with the Federal Open Market Committee (FOMC) meeting held on June 11–12, 2024, meeting participants submitted their projections of the most likely outcomes for real gross domestic product (GDP) growth, the unemployment rate, and inflation for each year from 2024 to 2026 and over the longer run. Each participant's projections were based on information available at the time of the meeting, together with her or his assessment of appropriate monetary policy—including a path for the federal funds rate and its longer-run value—and assumptions about other factors likely to affect economic outcomes. The longer-run projections represent each participant's assessment of the value to which each variable would be expected to converge, over time, under appropriate monetary policy and in the absence of further"
https://www.federalreserve.gov/monetarypolicy/fomcprojtabl20240918.htm,2026-09-05T15:39:51.132451+00:00,sources/0cbb2663caa8f70e9ce7.html,https://www.federalreserve.gov/monetarypolicy/fomcprojtabl20240918.htm,ok,f92b16dab503d6d3eb4ac48e036b703dc050a4fc65feb830dfb0b49c874ee2c2,240074,,"The Fed - September 18, 2024: FOMC Projections materials, accessible version","For release at 2:00 p.m., EDT, September 18, 2024 Summary of Economic Projections In conjunction with the Federal Open Market Committee (FOMC) meeting held on September 17–18, 2024, meeting participants submitted their projections of the most likely outcomes for real gross domestic product (GDP) growth, the unemployment rate, and inflation for each year from 2024 to 2027 and over the longer run. Each participant’s projections were based on information available at the time of the meeting, together with her or his assessment of appropriate monetary policy—including a path for the federal funds rate and its longer-run value—and assumptions about other factors likely to affect economic outcomes. The longer-run projections represent each participant’s assessment of the value to which each variable would be expected to converge, over time, under appropriate monetary policy and in the absence "
https://www.federalreserve.gov/monetarypolicy/fomcprojtabl20241218.htm,2026-09-05T15:39:51.205990+00:00,sources/0bec8b0cd6c35583fe90.html,https://www.federalreserve.gov/monetarypolicy/fomcprojtabl20241218.htm,ok,a3e1c541d43e56a648609dcc0d27bcf1548be9b669c40c49a06921d8571cf454,242092,,"The Fed - December 18, 2024: FOMC Projections materials, accessible version","For release at 2:00 p.m., EDT, December 18, 2024 Summary of Economic Projections In conjunction with the Federal Open Market Committee (FOMC) meeting held on December 17–18, 2024, meeting participants submitted their projections of the most likely outcomes for real gross domestic product (GDP) growth, the unemployment rate, and inflation for each year from 2024 to 2027 and over the longer run. Each participant’s projections were based on information available at the time of the meeting, together with her or his assessment of appropriate monetary policy—including a path for the federal funds rate and its longer-run value—and assumptions about other factors likely to affect economic outcomes. The longer-run projections represent each participant’s assessment of the value to which each variable would be expected to converge, over time, under appropriate monetary policy and in the absence of"
https://www.federalreserve.gov/monetarypolicy/fomcprojtable20220316.htm,2026-09-05T15:39:51.270237+00:00,sources/0259c29c28ad91e5252c.html,https://www.federalreserve.gov/monetarypolicy/fomcprojtable20220316.htm,ok,f7d686dd30fc79377ce575448c9f55d917e4ba0b02a3ce06872347d8bf0a1b43,236101,,"The Fed - March 16, 2022: FOMC Projections materials, accessible version","For release at 2:00 p.m., EDT, March 16, 2022 Summary of Economic Projections In conjunction with the Federal Open Market Committee (FOMC) meeting held on March 15-16, 2022, meeting participants submitted their projections of the most likely outcomes for real gross domestic product (GDP) growth, the unemployment rate, and inflation for each year from 2022 to 2024 and over the longer run. Each participant’s projections were based on information available at the time of the meeting, together with her or his assessment of appropriate monetary policy—including a path for the federal funds rate and its longer-run value—and assumptions about other factors likely to affect economic outcomes. The longer-run projections represent each participant’s assessment of the value to which each variable would be expected to converge, over time, under appropriate monetary policy and in the absence of furth"
https://www.federalreserve.gov/newsevents/pressreleases/monetary20180131a.htm,2026-09-05T15:39:51.480605+00:00,sources/8c0902aad12f31bdf668.html,https://www.federalreserve.gov/newsevents/pressreleases/monetary20180131a.htm,ok,60bacc890a069c1a78758f2d8724048e2371347430f38077080b0006c8ce541f,82749,,Federal Reserve issues FOMC statement,"For release at 2:00 p.m. EST Share Information received since the Federal Open Market Committee met in December indicates that the labor market has continued to strengthen and that economic activity has been rising at a solid rate. Gains in employment, household spending, and business fixed investment have been solid, and the unemployment rate has stayed low. On a 12-month basis, both overall inflation and inflation for items other than food and energy have continued to run below 2 percent. Market-based measures of inflation compensation have increased in recent months but remain low; survey-based measures of longer-term inflation expectations are little changed, on balance. Consistent with its statutory mandate, the Committee seeks to foster maximum employment and price stability. The Committee expects that, with further gradual adjustments in the stance of monetary policy, economic act"
https://www.federalreserve.gov/newsevents/pressreleases/monetary20180131b.htm,2026-09-05T15:39:51.500023+00:00,sources/6ceba599e5a9c18fb90d.html,https://www.federalreserve.gov/newsevents/pressreleases/monetary20180131b.htm,ok,968a96fea59159924eef1c3cf9752b66bb01d876e5a83f3655a8d55499234c39,81205,,"Federal Open Market Committee reaffirms its ""Statement on Longer-Run Goals and Monetary Policy Strategy""","For release at 2:00 p.m. EST Share The Federal Open Market Committee, at its annual organizational meeting this week, unanimously reaffirmed its ""Statement of Longer-Run Goals and Monetary Policy Strategy"" with an updated reference to the median of participants' estimates of the longer-run normal rate of unemployment in the most recent Summary of Economic Projections (December 2017). The Committee first adopted the statement at its January 2012 meeting and has reaffirmed it, with appropriate revisions, at its annual organizational meetings each January. Statement on Longer-Run Goals and Monetary Policy Strategy (PDF) Amended January 30, 2018 Previous version: Statement on Longer-Run Goals and Monetary Policy Strategy (PDF) Amended January 31, 2017 For media inquiries, call 202-452-2955. Last Update: January 21, 2021 Board of Governors of the Federal Reserve System About the Fed News & Ev"
https://www.federalreserve.gov/newsevents/pressreleases/monetary20180321a.htm,2026-09-05T15:39:51.585326+00:00,sources/c8aad0927362d3f1bcf0.html,https://www.federalreserve.gov/newsevents/pressreleases/monetary20180321a.htm,ok,9286b936222198a665a2c8ce1a8f38566748ed5dc629a4b8de2367ef8e7b0bd3,82910,,Federal Reserve issues FOMC statement,"For release at 2:00 p.m. EDT Share Information received since the Federal Open Market Committee met in January indicates that the labor market has continued to strengthen and that economic activity has been rising at a moderate rate. Job gains have been strong in recent months, and the unemployment rate has stayed low. Recent data suggest that growth rates of household spending and business fixed investment have moderated from their strong fourth-quarter readings. On a 12-month basis, both overall inflation and inflation for items other than food and energy have continued to run below 2 percent. Market-based measures of inflation compensation have increased in recent months but remain low; survey-based measures of longer-term inflation expectations are little changed, on balance. Consistent with its statutory mandate, the Committee seeks to foster maximum employment and price stability. "
https://www.federalreserve.gov/newsevents/pressreleases/monetary20180502a.htm,2026-09-05T15:39:51.638590+00:00,sources/8191ab09b22bde54d6ea.html,https://www.federalreserve.gov/newsevents/pressreleases/monetary20180502a.htm,ok,b2259af1fedaf0f0f92c12bab4f2836835ee0644c71adb2d1ef5d01ad550c042,82726,,Federal Reserve issues FOMC statement,"For release at 2:00 p.m. EDT Share Information received since the Federal Open Market Committee met in March indicates that the labor market has continued to strengthen and that economic activity has been rising at a moderate rate. Job gains have been strong, on average, in recent months, and the unemployment rate has stayed low. Recent data suggest that growth of household spending moderated from its strong fourth-quarter pace, while business fixed investment continued to grow strongly. On a 12-month basis, both overall inflation and inflation for items other than food and energy have moved close to 2 percent. Market-based measures of inflation compensation remain low; survey-based measures of longer-term inflation expectations are little changed, on balance. Consistent with its statutory mandate, the Committee seeks to foster maximum employment and price stability. The Committee expect"
https://www.federalreserve.gov/newsevents/pressreleases/monetary20180613a.htm,2026-09-05T15:39:51.802915+00:00,sources/419c4e77e1eb6af45997.html,https://www.federalreserve.gov/newsevents/pressreleases/monetary20180613a.htm,ok,361fc65f16b7bedff964b5ec9d51c94a9cff1f69bbd500c627a17f5ab20189ab,82088,,Federal Reserve issues FOMC statement,"For release at 2:00 p.m. EDT Share Information received since the Federal Open Market Committee met in May indicates that the labor market has continued to strengthen and that economic activity has been rising at a solid rate. Job gains have been strong, on average, in recent months, and the unemployment rate has declined. Recent data suggest that growth of household spending has picked up, while business fixed investment has continued to grow strongly. On a 12-month basis, both overall inflation and inflation for items other than food and energy have moved close to 2 percent. Indicators of longer-term inflation expectations are little changed, on balance. Consistent with its statutory mandate, the Committee seeks to foster maximum employment and price stability. The Committee expects that further gradual increases in the target range for the federal funds rate will be consistent with su"
https://www.federalreserve.gov/newsevents/pressreleases/monetary20180801a.htm,2026-09-05T15:39:51.858662+00:00,sources/4aa99fbb377566e7d57b.html,https://www.federalreserve.gov/newsevents/pressreleases/monetary20180801a.htm,ok,07d3a8fe36bad7dc8663a12e4bf6b305da085e08a1123bd37deac48f9f798858,82029,,Federal Reserve issues FOMC statement,"For release at 2:00 p.m. EDT Share Information received since the Federal Open Market Committee met in June indicates that the labor market has continued to strengthen and that economic activity has been rising at a strong rate. Job gains have been strong, on average, in recent months, and the unemployment rate has stayed low. Household spending and business fixed investment have grown strongly. On a 12-month basis, both overall inflation and inflation for items other than food and energy remain near 2 percent. Indicators of longer-term inflation expectations are little changed, on balance. Consistent with its statutory mandate, the Committee seeks to foster maximum employment and price stability. The Committee expects that further gradual increases in the target range for the federal funds rate will be consistent with sustained expansion of economic activity, strong labor market conditi"
https://www.federalreserve.gov/newsevents/pressreleases/monetary20180926a.htm,2026-09-05T15:39:51.911798+00:00,sources/31156fd746abf17767ff.html,https://www.federalreserve.gov/newsevents/pressreleases/monetary20180926a.htm,ok,d9f56e8343361ee150ce28cd1de59b7e910a4dbff63c5524605e42ffe64236c2,81908,,Federal Reserve issues FOMC statement,"For release at 2:00 p.m. EDT Share Information received since the Federal Open Market Committee met in August indicates that the labor market has continued to strengthen and that economic activity has been rising at a strong rate. Job gains have been strong, on average, in recent months, and the unemployment rate has stayed low. Household spending and business fixed investment have grown strongly. On a 12-month basis, both overall inflation and inflation for items other than food and energy remain near 2 percent. Indicators of longer-term inflation expectations are little changed, on balance. Consistent with its statutory mandate, the Committee seeks to foster maximum employment and price stability. The Committee expects that further gradual increases in the target range for the federal funds rate will be consistent with sustained expansion of economic activity, strong labor market condi"
https://www.federalreserve.gov/newsevents/pressreleases/monetary20181108a.htm,2026-09-05T15:39:51.977978+00:00,sources/39d935272905333ef105.html,https://www.federalreserve.gov/newsevents/pressreleases/monetary20181108a.htm,ok,031883187bebd4d0428c6fe76c72f1183a497ac601fb07896faee8fb313b7325,81982,,Federal Reserve issues FOMC statement,"For release at 2:00 p.m. EST Share Information received since the Federal Open Market Committee met in September indicates that the labor market has continued to strengthen and that economic activity has been rising at a strong rate. Job gains have been strong, on average, in recent months, and the unemployment rate has declined. Household spending has continued to grow strongly, while growth of business fixed investment has moderated from its rapid pace earlier in the year. On a 12-month basis, both overall inflation and inflation for items other than food and energy remain near 2 percent. Indicators of longer-term inflation expectations are little changed, on balance. Consistent with its statutory mandate, the Committee seeks to foster maximum employment and price stability. The Committee expects that further gradual increases in the target range for the federal funds rate will be cons"
https://www.federalreserve.gov/newsevents/pressreleases/monetary20181219a.htm,2026-09-05T15:39:52.145067+00:00,sources/86edadb0f3d774818434.html,https://www.federalreserve.gov/newsevents/pressreleases/monetary20181219a.htm,ok,b8ecfd719524f46b994847a3d13d48701fe58874f4f0f1e940abdbdfb15881ea,82169,,Federal Reserve issues FOMC statement,"For release at 2:00 p.m. EST Share Information received since the Federal Open Market Committee met in November indicates that the labor market has continued to strengthen and that economic activity has been rising at a strong rate. Job gains have been strong, on average, in recent months, and the unemployment rate has remained low. Household spending has continued to grow strongly, while growth of business fixed investment has moderated from its rapid pace earlier in the year. On a 12-month basis, both overall inflation and inflation for items other than food and energy remain near 2 percent. Indicators of longer-term inflation expectations are little changed, on balance. Consistent with its statutory mandate, the Committee seeks to foster maximum employment and price stability. The Committee judges that some further gradual increases in the target range for the federal funds rate will "
https://www.federalreserve.gov/newsevents/pressreleases/monetary20190130a.htm,2026-09-05T15:39:52.221163+00:00,sources/d17de6ff6f9dbb185cb3.html,https://www.federalreserve.gov/newsevents/pressreleases/monetary20190130a.htm,ok,6c114e865d021a28237131596bf26006a72c551d72a1b88e82cea8943fbdefad,82155,,Federal Reserve issues FOMC statement,"For release at 2:00 p.m. EST Share Information received since the Federal Open Market Committee met in December indicates that the labor market has continued to strengthen and that economic activity has been rising at a solid rate. Job gains have been strong, on average, in recent months, and the unemployment rate has remained low. Household spending has continued to grow strongly, while growth of business fixed investment has moderated from its rapid pace earlier last year. On a 12-month basis, both overall inflation and inflation for items other than food and energy remain near 2 percent. Although market-based measures of inflation compensation have moved lower in recent months, survey-based measures of longer-term inflation expectations are little changed. Consistent with its statutory mandate, the Committee seeks to foster maximum employment and price stability. In support of these g"
https://www.federalreserve.gov/newsevents/pressreleases/monetary20190130b.htm,2026-09-05T15:39:52.237247+00:00,sources/a4912a172de6570c60e6.html,https://www.federalreserve.gov/newsevents/pressreleases/monetary20190130b.htm,ok,aee90f8ab5a8f49530532ea127f9a1e6297617e18ea46e38db56270a5baf0714,81155,,"Federal Open Market Committee reaffirms its ""Statement on Longer-Run Goals and Monetary Policy Strategy""","For release at 2:00 p.m. EST Share The Federal Open Market Committee, at its annual organizational meeting this week, unanimously reaffirmed its ""Statement of Longer-Run Goals and Monetary Policy Strategy"" with an updated reference to the median of participants' estimates of the longer-run normal rate of unemployment in the most recent Summary of Economic Projections (December 2018). The Committee first adopted the statement at its January 2012 meeting and has reaffirmed it, with appropriate revisions, at its annual organizational meetings each January. Statement on Longer-Run Goals and Monetary Policy Strategy (PDF) Amended January 29, 2019 Previous version: Statement on Longer-Run Goals and Monetary Policy Strategy (PDF) Amended January 30, 2018 Last Update: January 21, 2021 Board of Governors of the Federal Reserve System About the Fed News & Events Monetary Policy Supervision & Regul"
https://www.federalreserve.gov/newsevents/pressreleases/monetary20190130c.htm,2026-09-05T15:39:52.310151+00:00,sources/f1bfc63e07715108c786.html,https://www.federalreserve.gov/newsevents/pressreleases/monetary20190130c.htm,ok,86439c9eea5a1d2df645b90f0651acbf73ad7b759f18dc82c93df13d9a709a42,81424,,Statement Regarding Monetary Policy Implementation and Balance Sheet Normalization,"For release at 2:00 p.m. EST Share After extensive deliberations and thorough review of experience to date, the Committee judges that it is appropriate at this time to provide additional information regarding its plans to implement monetary policy over the longer run. Additionally, the Committee is revising its earlier guidance regarding the conditions under which it could adjust the details of its balance sheet normalization program. Accordingly, all participants agreed to the following: The Committee intends to continue to implement monetary policy in a regime in which an ample supply of reserves ensures that control over the level of the federal funds rate and other short-term interest rates is exercised primarily through the setting of the Federal Reserve's administered rates, and in which active management of the supply of reserves is not required. The Committee continues to view ch"
https://www.federalreserve.gov/newsevents/pressreleases/monetary20190320a.htm,2026-09-05T15:39:52.434427+00:00,sources/3924ec31b0edff456b35.html,https://www.federalreserve.gov/newsevents/pressreleases/monetary20190320a.htm,ok,1d591714490586ac713d075e74cb740d22cdeea8c0eb0ee445d75cf118d3292b,82248,,Federal Reserve issues FOMC statement,"For release at 2:00 p.m. EDT Share Information received since the Federal Open Market Committee met in January indicates that the labor market remains strong but that growth of economic activity has slowed from its solid rate in the fourth quarter. Payroll employment was little changed in February, but job gains have been solid, on average, in recent months, and the unemployment rate has remained low. Recent indicators point to slower growth of household spending and business fixed investment in the first quarter. On a 12-month basis, overall inflation has declined, largely as a result of lower energy prices; inflation for items other than food and energy remains near 2 percent. On balance, market-based measures of inflation compensation have remained low in recent months, and survey-based measures of longer-term inflation expectations are little changed. Consistent with its statutory ma"
https://www.federalreserve.gov/newsevents/pressreleases/monetary20190320c.htm,2026-09-05T15:39:52.550364+00:00,sources/7d9f9797e2aa8ba3d384.html,https://www.federalreserve.gov/newsevents/pressreleases/monetary20190320c.htm,ok,cb691f84f7e116e7d5bd73f133a2bd76352fb030b56c9c856edffd2c94c0c252,84139,,Balance Sheet Normalization Principles and Plans,"For release at 2:00 p.m. EDT Share In light of its discussions at previous meetings and the progress in normalizing the size of the Federal Reserve's securities holdings and the level of reserves in the banking system, all participants agreed that it is appropriate at this time for the Committee to provide additional information regarding its plans for the size of its securities holdings and the transition to the longer-run operating regime. At its January meeting, the Committee stated that it intends to continue to implement monetary policy in a regime in which an ample supply of reserves ensures that control over the level of the federal funds rate and other short-term interest rates is exercised primarily through the setting of the Federal Reserve's administered rates and in which active management of the supply of reserves is not required. The Statement Regarding Monetary Policy Impl"
https://www.federalreserve.gov/newsevents/pressreleases/monetary20190501a.htm,2026-09-05T15:39:52.563413+00:00,sources/8a06bab06715add52d84.html,https://www.federalreserve.gov/newsevents/pressreleases/monetary20190501a.htm,ok,c4ae81fae646296f5be89a88237f9fec517b8374578783316c9fded2dc5b12d1,82078,,Federal Reserve issues FOMC statement,"For release at 2:00 p.m. EDT Share Information received since the Federal Open Market Committee met in March indicates that the labor market remains strong and that economic activity rose at a solid rate. Job gains have been solid, on average, in recent months, and the unemployment rate has remained low. Growth of household spending and business fixed investment slowed in the first quarter. On a 12-month basis, overall inflation and inflation for items other than food and energy have declined and are running below 2 percent. On balance, market-based measures of inflation compensation have remained low in recent months, and survey-based measures of longer-term inflation expectations are little changed. Consistent with its statutory mandate, the Committee seeks to foster maximum employment and price stability. In support of these goals, the Committee decided to maintain the target range fo"
https://www.federalreserve.gov/newsevents/pressreleases/monetary20190619a.htm,2026-09-05T15:39:52.769810+00:00,sources/a5f98ed2ad3200ba0d60.html,https://www.federalreserve.gov/newsevents/pressreleases/monetary20190619a.htm,ok,46ce5fa0423b24611551d4ae0aaa644da201ffe6856e72b6c2a179dd49e05685,82320,,Federal Reserve issues FOMC statement,"For release at 2:00 p.m. EDT Share Information received since the Federal Open Market Committee met in May indicates that the labor market remains strong and that economic activity is rising at a moderate rate. Job gains have been solid, on average, in recent months, and the unemployment rate has remained low. Although growth of household spending appears to have picked up from earlier in the year, indicators of business fixed investment have been soft. On a 12-month basis, overall inflation and inflation for items other than food and energy are running below 2 percent. Market-based measures of inflation compensation have declined; survey-based measures of longer-term inflation expectations are little changed. Consistent with its statutory mandate, the Committee seeks to foster maximum employment and price stability. In support of these goals, the Committee decided to maintain the target"
https://www.federalreserve.gov/newsevents/pressreleases/monetary20190731a.htm,2026-09-05T15:39:52.880298+00:00,sources/bc10e785207d6f209be7.html,https://www.federalreserve.gov/newsevents/pressreleases/monetary20190731a.htm,ok,283e8df368d267231b1ddf2e8b7baae27aa377f0563ca82009baf20a604ac34a,82608,,Federal Reserve issues FOMC statement,"For release at 2:00 p.m. EDT Share Information received since the Federal Open Market Committee met in June indicates that the labor market remains strong and that economic activity has been rising at a moderate rate. Job gains have been solid, on average, in recent months, and the unemployment rate has remained low. Although growth of household spending has picked up from earlier in the year, growth of business fixed investment has been soft. On a 12-month basis, overall inflation and inflation for items other than food and energy are running below 2 percent. Market-based measures of inflation compensation remain low; survey-based measures of longer-term inflation expectations are little changed. Consistent with its statutory mandate, the Committee seeks to foster maximum employment and price stability. In light of the implications of global developments for the economic outlook as well"
https://www.federalreserve.gov/newsevents/pressreleases/monetary20190918a.htm,2026-09-05T15:39:52.911580+00:00,sources/c1e9577c9da4fc84a2dd.html,https://www.federalreserve.gov/newsevents/pressreleases/monetary20190918a.htm,ok,e174af701dd311aa301eb720fa63bfe7324cfe96dcb90bb32f5975ab19a42ec2,82504,,Federal Reserve issues FOMC statement,"For release at 2:00 p.m. EDT Share Information received since the Federal Open Market Committee met in July indicates that the labor market remains strong and that economic activity has been rising at a moderate rate. Job gains have been solid, on average, in recent months, and the unemployment rate has remained low. Although household spending has been rising at a strong pace, business fixed investment and exports have weakened. On a 12-month basis, overall inflation and inflation for items other than food and energy are running below 2 percent. Market-based measures of inflation compensation remain low; survey-based measures of longer-term inflation expectations are little changed. Consistent with its statutory mandate, the Committee seeks to foster maximum employment and price stability. In light of the implications of global developments for the economic outlook as well as muted infl"
https://www.federalreserve.gov/newsevents/pressreleases/monetary20191011a.htm,2026-09-05T15:39:53.062137+00:00,sources/82c09112d7c80b044d10.html,https://www.federalreserve.gov/newsevents/pressreleases/monetary20191011a.htm,ok,26f566d0f09fb6f2b5e35c850fbfcbb94cc23db7b585152c1e446aab4a13b5e6,85772,,Statement Regarding Monetary Policy Implementation,"For release at 11:00 a.m. EDT Share Consistent with its January 2019 Statement Regarding Monetary Policy Implementation and Balance Sheet Normalization, the Committee reaffirms its intention to implement monetary policy in a regime in which an ample supply of reserves ensures that control over the level of the federal funds rate and other short-term interest rates is exercised primarily through the setting of the Federal Reserve's administered rates, and in which active management of the supply of reserves is not required. To ensure that the supply of reserves remains ample, the Committee approved by notation vote completed on October 11, 2019 the following steps: In light of recent and expected increases in the Federal Reserve's non-reserve liabilities, the Federal Reserve will purchase Treasury bills at least into the second quarter of next year in order to maintain over time ample res"
https://www.federalreserve.gov/newsevents/pressreleases/monetary20191030a.htm,2026-09-05T15:39:53.225430+00:00,sources/c49b3cd21edc6223bfad.html,https://www.federalreserve.gov/newsevents/pressreleases/monetary20191030a.htm,ok,de9799f5f9c0723ea5fdf8f00f378b469f44dd08881bca0ddc35bf7957a2b0c2,82275,,Federal Reserve issues FOMC statement,"For release at 2:00 p.m. EDT Share Information received since the Federal Open Market Committee met in September indicates that the labor market remains strong and that economic activity has been rising at a moderate rate. Job gains have been solid, on average, in recent months, and the unemployment rate has remained low. Although household spending has been rising at a strong pace, business fixed investment and exports remain weak. On a 12-month basis, overall inflation and inflation for items other than food and energy are running below 2 percent. Market-based measures of inflation compensation remain low; survey-based measures of longer-term inflation expectations are little changed. Consistent with its statutory mandate, the Committee seeks to foster maximum employment and price stability. In light of the implications of global developments for the economic outlook as well as muted i"
https://www.federalreserve.gov/newsevents/pressreleases/monetary20191211a.htm,2026-09-05T15:39:53.237753+00:00,sources/bbd262e2cd6c3385f7ed.html,https://www.federalreserve.gov/newsevents/pressreleases/monetary20191211a.htm,ok,1a8991a2403b4a72646cb77d6f21cb4976de60951fb77b741ae2eb9848c83586,82073,,Federal Reserve issues FOMC statement,"For release at 2:00 p.m. EST Share Information received since the Federal Open Market Committee met in October indicates that the labor market remains strong and that economic activity has been rising at a moderate rate. Job gains have been solid, on average, in recent months, and the unemployment rate has remained low. Although household spending has been rising at a strong pace, business fixed investment and exports remain weak. On a 12‑month basis, overall inflation and inflation for items other than food and energy are running below 2 percent. Market-based measures of inflation compensation remain low; survey-based measures of longer-term inflation expectations are little changed. Consistent with its statutory mandate, the Committee seeks to foster maximum employment and price stability. The Committee decided to maintain the target range for the federal funds rate at 1‑1/2 to 1-3/4 p"
https://www.federalreserve.gov/newsevents/pressreleases/monetary20200129a.htm,2026-09-05T15:39:53.250301+00:00,sources/dffd8da369078b663848.html,https://www.federalreserve.gov/newsevents/pressreleases/monetary20200129a.htm,ok,17a6edbac326d2a648dac58a010fd329dbbc1c3d741cde79f778c0d667559aab,82079,,Federal Reserve issues FOMC statement,"For release at 2:00 p.m. EST Share Information received since the Federal Open Market Committee met in December indicates that the labor market remains strong and that economic activity has been rising at a moderate rate. Job gains have been solid, on average, in recent months, and the unemployment rate has remained low. Although household spending has been rising at a moderate pace, business fixed investment and exports remain weak. On a 12‑month basis, overall inflation and inflation for items other than food and energy are running below 2 percent. Market-based measures of inflation compensation remain low; survey-based measures of longer-term inflation expectations are little changed. Consistent with its statutory mandate, the Committee seeks to foster maximum employment and price stability. The Committee decided to maintain the target range for the federal funds rate at 1‑1/2 to 1-3/"
https://www.federalreserve.gov/newsevents/pressreleases/monetary20200303a.htm,2026-09-05T15:39:53.387863+00:00,sources/bde509102106df6222a0.html,https://www.federalreserve.gov/newsevents/pressreleases/monetary20200303a.htm,ok,ceead352a9575caa8ffa11eb06b262778b48476d3a6771db5d796efde8112ab8,80778,,Federal Reserve issues FOMC statement,"For release at 10:00 a.m. EST Share The fundamentals of the U.S. economy remain strong. However, the coronavirus poses evolving risks to economic activity. In light of these risks and in support of achieving its maximum employment and price stability goals, the Federal Open Market Committee decided today to lower the target range for the federal funds rate by 1/2 percentage point, to 1 to 1‑1/4 percent. The Committee is closely monitoring developments and their implications for the economic outlook and will use its tools and act as appropriate to support the economy. Voting for the monetary policy action were Jerome H. Powell, Chair; John C. Williams, Vice Chair; Michelle W. Bowman; Lael Brainard; Richard H. Clarida; Patrick Harker; Robert S. Kaplan; Neel Kashkari; Loretta J. Mester; and Randal K. Quarles. For media inquiries, call 202-452-2955. Implementation Note issued March 3, 2020 L"
https://www.federalreserve.gov/newsevents/pressreleases/monetary20200315a.htm,2026-09-05T15:39:53.557047+00:00,sources/bb0f33c95d462de12640.html,https://www.federalreserve.gov/newsevents/pressreleases/monetary20200315a.htm,ok,78256368633de7970f872016a65fd4a94b21f4905ff2aeea64e3e36182df2f2a,85154,,Federal Reserve issues FOMC statement,"For release at 5:00 p.m. EDT Share The coronavirus outbreak has harmed communities and disrupted economic activity in many countries, including the United States. Global financial conditions have also been significantly affected. Available economic data show that the U.S. economy came into this challenging period on a strong footing. Information received since the Federal Open Market Committee met in January indicates that the labor market remained strong through February and economic activity rose at a moderate rate. Job gains have been solid, on average, in recent months, and the unemployment rate has remained low. Although household spending rose at a moderate pace, business fixed investment and exports remained weak. More recently, the energy sector has come under stress. On a 12‑month basis, overall inflation and inflation for items other than food and energy are running below 2 per"
https://www.federalreserve.gov/newsevents/pressreleases/monetary20200319b.htm,2026-09-05T15:39:53.570194+00:00,sources/9d8345573440b225cb45.html,https://www.federalreserve.gov/newsevents/pressreleases/monetary20200319b.htm,ok,f9709da27c93de9dd64386752743c9fdfb6e92b1fd49980b803a666b44faaeb6,82172,,Federal Reserve announces the establishment of temporary U.S. dollar liquidity arrangements with other central banks,"For release at 9:00 a.m. EDT Share The Federal Reserve on Thursday announced the establishment of temporary U.S. dollar liquidity arrangements (swap lines) with the Reserve Bank of Australia, the Banco Central do Brasil, the Danmarks Nationalbank (Denmark), the Bank of Korea, the Banco de Mexico, the Norges Bank (Norway), the Reserve Bank of New Zealand, the Monetary Authority of Singapore, and the Sveriges Riksbank (Sweden). These facilities, like those already established between the Federal Reserve and other central banks, are designed to help lessen strains in global U.S. dollar funding markets, thereby mitigating the effects of these strains on the supply of credit to households and businesses, both domestically and abroad. These new facilities will support the provision of U.S. dollar liquidity in amounts up to $60 billion each for the Reserve Bank of Australia, the Banco Central d"
https://www.federalreserve.gov/newsevents/pressreleases/monetary20200323a.htm,2026-09-05T15:39:53.571821+00:00,sources/2d11bbd51c8405a63eae.html,https://www.federalreserve.gov/newsevents/pressreleases/monetary20200323a.htm,ok,1903f145d87fbfb74b1ba3725514403fc3c16391acfab1e881150279bb758c9f,85027,,Federal Reserve issues FOMC statement,"For release at 8:00 a.m. EDT Share The Federal Reserve is committed to use its full range of tools to support the U.S. economy in this challenging time and thereby promote its maximum employment and price stability goals. The Federal Open Market Committee is taking further actions to support the flow of credit to households and businesses by addressing strains in the markets for Treasury securities and agency mortgage-backed securities. The Federal Reserve will continue to purchase Treasury securities and agency mortgage-backed securities in the amounts needed to support smooth market functioning and effective transmission of monetary policy to broader financial conditions. The Committee will include purchases of agency commercial mortgage-backed securities in its agency mortgage-backed security purchases. In addition, the Open Market Desk will continue to offer large-scale overnight and"
https://www.federalreserve.gov/newsevents/pressreleases/monetary20200331a.htm,2026-09-05T15:39:53.695480+00:00,sources/d868bc14c5e76722047d.html,https://www.federalreserve.gov/newsevents/pressreleases/monetary20200331a.htm,ok,852c90682b8ac8e7f530d38574ff3b8816c0b35583c77be7961924af04a1fdb7,82569,,Federal Reserve announces establishment of a temporary FIMA Repo Facility to help support the smooth functioning of financial markets,"For release at 8:30 a.m. EDT Share The Federal Reserve on Tuesday announced the establishment of a temporary repurchase agreement facility for foreign and international monetary authorities (FIMA Repo Facility) to help support the smooth functioning of financial markets, including the U.S. Treasury market, and thus maintain the supply of credit to U.S. households and businesses. The FIMA Repo Facility will allow FIMA account holders, which consist of central banks and other international monetary authorities with accounts at the Federal Reserve Bank of New York, to enter into repurchase agreements with the Federal Reserve. In these transactions, FIMA account holders temporarily exchange their U.S. Treasury securities held with the Federal Reserve for U.S. dollars, which can then be made available to institutions in their jurisdictions. This facility should help support the smooth functio"
https://www.federalreserve.gov/newsevents/pressreleases/monetary20200429a.htm,2026-09-05T15:39:53.866711+00:00,sources/2f56953dbc665a0bd8de.html,https://www.federalreserve.gov/newsevents/pressreleases/monetary20200429a.htm,ok,64dda416c94d9634f4bf09f552cc3f915f2035561e8121160830447f02bb6da6,82800,,Federal Reserve issues FOMC statement,"For release at 2:00 p.m. EDT Share The Federal Reserve is committed to using its full range of tools to support the U.S. economy in this challenging time, thereby promoting its maximum employment and price stability goals. The coronavirus outbreak is causing tremendous human and economic hardship across the United States and around the world. The virus and the measures taken to protect public health are inducing sharp declines in economic activity and a surge in job losses. Weaker demand and significantly lower oil prices are holding down consumer price inflation. The disruptions to economic activity here and abroad have significantly affected financial conditions and have impaired the flow of credit to U.S. households and businesses. The ongoing public health crisis will weigh heavily on economic activity, employment, and inflation in the near term, and poses considerable risks to the e"
https://www.federalreserve.gov/newsevents/pressreleases/monetary20200610a.htm,2026-09-05T15:39:53.918883+00:00,sources/53ac36831a96c5104331.html,https://www.federalreserve.gov/newsevents/pressreleases/monetary20200610a.htm,ok,2a4dd9798e7d094da0ab9d63ec8b0f6c57d0a771752ba5e3d92fb0fbbc68e5aa,82796,,Federal Reserve issues FOMC statement,"For release at 2:00 p.m. EDT Share The Federal Reserve is committed to using its full range of tools to support the U.S. economy in this challenging time, thereby promoting its maximum employment and price stability goals. The coronavirus outbreak is causing tremendous human and economic hardship across the United States and around the world. The virus and the measures taken to protect public health have induced sharp declines in economic activity and a surge in job losses. Weaker demand and significantly lower oil prices are holding down consumer price inflation. Financial conditions have improved, in part reflecting policy measures to support the economy and the flow of credit to U.S. households and businesses. The ongoing public health crisis will weigh heavily on economic activity, employment, and inflation in the near term, and poses considerable risks to the economic outlook over t"
https://www.federalreserve.gov/newsevents/pressreleases/monetary20200729a.htm,2026-09-05T15:39:53.935431+00:00,sources/49e6e5d88054c76dd089.html,https://www.federalreserve.gov/newsevents/pressreleases/monetary20200729a.htm,ok,b27125e82fec1030c298a7cc4ab56c034a36f8a6c8c954461f3c42cab9761860,82936,,Federal Reserve issues FOMC statement,"For release at 2:00 p.m. EDT Share The Federal Reserve is committed to using its full range of tools to support the U.S. economy in this challenging time, thereby promoting its maximum employment and price stability goals. The coronavirus outbreak is causing tremendous human and economic hardship across the United States and around the world. Following sharp declines, economic activity and employment have picked up somewhat in recent months but remain well below their levels at the beginning of the year. Weaker demand and significantly lower oil prices are holding down consumer price inflation. Overall financial conditions have improved in recent months, in part reflecting policy measures to support the economy and the flow of credit to U.S. households and businesses. The path of the economy will depend significantly on the course of the virus. The ongoing public health crisis will weigh"
https://www.federalreserve.gov/newsevents/pressreleases/monetary20200827a.htm,2026-09-05T15:39:54.024017+00:00,sources/d128e13eebea7f93331b.html,https://www.federalreserve.gov/newsevents/pressreleases/monetary20200827a.htm,ok,ad5bb4f283c90a5f8927abcb10ae6cc37ac7b6198345fd17f3158da0ea18bd21,85930,,Federal Open Market Committee announces approval of updates to its Statement on Longer-Run Goals and Monetary Policy Strategy,"For release at 9:10 a.m. EDT Share Following an extensive review that included numerous public events across the country, the Federal Open Market Committee (FOMC) on Thursday announced the unanimous approval of updates to its Statement on Longer-Run Goals and Monetary Policy Strategy , which articulates its approach to monetary policy and serves as the foundation for its policy actions. The updates reflect changes in the economy over the past decade and how policymakers are taking these changes into account in conducting monetary policy. The updated statement is also intended to enhance the transparency, accountability and effectiveness of monetary policy. ""The economy is always evolving, and the FOMC's strategy for achieving its goals must adapt to meet the new challenges that arise,"" said Federal Reserve Chair Jerome H. Powell. ""Our revised statement reflects our appreciation for the b"
https://www.federalreserve.gov/newsevents/pressreleases/monetary20200916a.htm,2026-09-05T15:39:54.211425+00:00,sources/c303285a2a78a0e0457c.html,https://www.federalreserve.gov/newsevents/pressreleases/monetary20200916a.htm,ok,b623feceda988c3c163fddb0313000d8493cb0944e62a3eab4a4c0a5fd685edb,83554,,Federal Reserve issues FOMC statement,"For release at 2:00 p.m. EDT Share The Federal Reserve is committed to using its full range of tools to support the U.S. economy in this challenging time, thereby promoting its maximum employment and price stability goals. The COVID-19 pandemic is causing tremendous human and economic hardship across the United States and around the world. Economic activity and employment have picked up in recent months but remain well below their levels at the beginning of the year. Weaker demand and significantly lower oil prices are holding down consumer price inflation. Overall financial conditions have improved in recent months, in part reflecting policy measures to support the economy and the flow of credit to U.S. households and businesses. The path of the economy will depend significantly on the course of the virus. The ongoing public health crisis will continue to weigh on economic activity, emp"
https://www.federalreserve.gov/newsevents/pressreleases/monetary20201105a.htm,2026-09-05T15:39:54.250020+00:00,sources/7586627b894ee503ebf6.html,https://www.federalreserve.gov/newsevents/pressreleases/monetary20201105a.htm,ok,26494fdc9ef97c880cc46ef9b31a4836eec9b645541b8395e85bbe42a7153ed6,83013,,Federal Reserve issues FOMC statement,"For release at 2:00 p.m. EST Share The Federal Reserve is committed to using its full range of tools to support the U.S. economy in this challenging time, thereby promoting its maximum employment and price stability goals. The COVID-19 pandemic is causing tremendous human and economic hardship across the United States and around the world. Economic activity and employment have continued to recover but remain well below their levels at the beginning of the year. Weaker demand and earlier declines in oil prices have been holding down consumer price inflation. Overall financial conditions remain accommodative, in part reflecting policy measures to support the economy and the flow of credit to U.S. households and businesses. The path of the economy will depend significantly on the course of the virus. The ongoing public health crisis will continue to weigh on economic activity, employment, a"
https://www.federalreserve.gov/newsevents/pressreleases/monetary20201216a.htm,2026-09-05T15:39:54.262564+00:00,sources/bec1a0dc277a467c417f.html,https://www.federalreserve.gov/newsevents/pressreleases/monetary20201216a.htm,ok,f8d89b22b617ec9a56d21b29f4aad93ea0bd5148d5802515e694fd95d98b8761,83124,,Federal Reserve issues FOMC statement,"For release at 2:00 p.m. EST Share The Federal Reserve is committed to using its full range of tools to support the U.S. economy in this challenging time, thereby promoting its maximum employment and price stability goals. The COVID-19 pandemic is causing tremendous human and economic hardship across the United States and around the world. Economic activity and employment have continued to recover but remain well below their levels at the beginning of the year. Weaker demand and earlier declines in oil prices have been holding down consumer price inflation. Overall financial conditions remain accommodative, in part reflecting policy measures to support the economy and the flow of credit to U.S. households and businesses. The path of the economy will depend significantly on the course of the virus. The ongoing public health crisis will continue to weigh on economic activity, employment, a"
https://www.federalreserve.gov/newsevents/pressreleases/monetary20210127a.htm,2026-09-05T15:39:54.347361+00:00,sources/5b4f711c5d85b296d887.html,https://www.federalreserve.gov/newsevents/pressreleases/monetary20210127a.htm,ok,885cfb8075cc6dce00c0ff127c5668db8cbd8549a7b31f4223b4d1822e12de6d,83195,,Federal Reserve issues FOMC statement,"For release at 2:00 p.m. EST Share The Federal Reserve is committed to using its full range of tools to support the U.S. economy in this challenging time, thereby promoting its maximum employment and price stability goals. The COVID-19 pandemic is causing tremendous human and economic hardship across the United States and around the world. The pace of the recovery in economic activity and employment has moderated in recent months, with weakness concentrated in the sectors most adversely affected by the pandemic. Weaker demand and earlier declines in oil prices have been holding down consumer price inflation. Overall financial conditions remain accommodative, in part reflecting policy measures to support the economy and the flow of credit to U.S. households and businesses. The path of the economy will depend significantly on the course of the virus, including progress on vaccinations. The"
https://www.federalreserve.gov/newsevents/pressreleases/monetary20210127a1.htm,2026-09-05T15:39:54.555283+00:00,sources/58732d1e9511c2252eaa.html,https://www.federalreserve.gov/newsevents/pressreleases/monetary20210127a1.htm,ok,c6fc5cbd9d84a3895ea13aa461f34f870558dcf8767faefbc9a72f8661611dd8,80113,,"Federal Reserve Board - Implementation Note issued January 27, 2021",
https://www.federalreserve.gov/newsevents/pressreleases/monetary20210127b.htm,2026-09-05T15:39:54.570383+00:00,sources/a64e1da667dc3bca677c.html,https://www.federalreserve.gov/newsevents/pressreleases/monetary20210127b.htm,ok,79d2443bbe41a16f340f94264061256257c39288e441570b882df7905d53ffdc,81103,,"Federal Open Market Committee reaffirms its ""Statement on Longer-Run Goals and Monetary Policy Strategy""","For release at 2:00 p.m. EST Share The Federal Open Market Committee, at its annual organizational meeting this week, unanimously reaffirmed its ""Statement of Longer-Run Goals and Monetary Policy Strategy."" The reaffirmed statement is identical to the statement adopted in August 2020 following the Committee's review of its monetary policy strategy, tools, and communication practices , which included numerous public Fed Listens events around the country. The Committee first adopted a framework statement in 2012. Statement on Longer-Run Goals and Monetary Policy Strategy (PDF) Reaffirmed January 26, 2021 Last Update: January 27, 2021 Board of Governors of the Federal Reserve System About the Fed News & Events Monetary Policy Supervision & Regulation Financial Stability Payment Systems Economic Research Data Consumers & Communities Connect with the Board Tools and Information Contact Public"
https://www.federalreserve.gov/newsevents/pressreleases/monetary20210317a.htm,2026-09-05T15:39:54.587487+00:00,sources/346275944a3ec11df58d.html,https://www.federalreserve.gov/newsevents/pressreleases/monetary20210317a.htm,ok,1ddc16f3aeb338dbefb396f6dc780a04713829c2d14d5a4e428e3f2217715a45,83157,,Federal Reserve issues FOMC statement,"For release at 2:00 p.m. EDT Share The Federal Reserve is committed to using its full range of tools to support the U.S. economy in this challenging time, thereby promoting its maximum employment and price stability goals. The COVID-19 pandemic is causing tremendous human and economic hardship across the United States and around the world. Following a moderation in the pace of the recovery, indicators of economic activity and employment have turned up recently, although the sectors most adversely affected by the pandemic remain weak. Inflation continues to run below 2 percent. Overall financial conditions remain accommodative, in part reflecting policy measures to support the economy and the flow of credit to U.S. households and businesses. The path of the economy will depend significantly on the course of the virus, including progress on vaccinations. The ongoing public health crisis co"
https://www.federalreserve.gov/newsevents/pressreleases/monetary20210317a1.htm,2026-09-05T15:39:54.648671+00:00,sources/b0c87a924a6cf75e97ec.html,https://www.federalreserve.gov/newsevents/pressreleases/monetary20210317a1.htm,ok,51b48e62b55f0a15801b488371e9eb1fb0b45764f17dc9e6619e66341b7899c9,80216,,"Federal Reserve Board - Implementation Note issued March 17, 2021",
https://www.federalreserve.gov/newsevents/pressreleases/monetary20210428a.htm,2026-09-05T15:39:54.861137+00:00,sources/67ab3614ce93ba454e7c.html,https://www.federalreserve.gov/newsevents/pressreleases/monetary20210428a.htm,ok,47833ac6b8480eaa319123ffc82291cefbee4c7d658de645f6def4abc5f3a448,83145,,Federal Reserve issues FOMC statement,"For release at 2:00 p.m. EDT Share The Federal Reserve is committed to using its full range of tools to support the U.S. economy in this challenging time, thereby promoting its maximum employment and price stability goals. The COVID-19 pandemic is causing tremendous human and economic hardship across the United States and around the world. Amid progress on vaccinations and strong policy support, indicators of economic activity and employment have strengthened. The sectors most adversely affected by the pandemic remain weak but have shown improvement. Inflation has risen, largely reflecting transitory factors. Overall financial conditions remain accommodative, in part reflecting policy measures to support the economy and the flow of credit to U.S. households and businesses. The path of the economy will depend significantly on the course of the virus, including progress on vaccinations. Th"
https://www.federalreserve.gov/newsevents/pressreleases/monetary20210428a1.htm,2026-09-05T15:39:54.877467+00:00,sources/225149e2d5f13cd91ba1.html,https://www.federalreserve.gov/newsevents/pressreleases/monetary20210428a1.htm,ok,07caeca505dafb64aea5d43463be699faa9cef31a5b2f12d11bf569bc33e1f04,79426,,"Federal Reserve Board - Implementation Note issued April 28, 2021",
https://www.federalreserve.gov/newsevents/pressreleases/monetary20210616a.htm,2026-09-05T15:39:54.897955+00:00,sources/70528e0ced0f9f282796.html,https://www.federalreserve.gov/newsevents/pressreleases/monetary20210616a.htm,ok,23a333acbedbe43e16abece8ef91510f29b76345d1eb14840012ff00858629db,83105,,Federal Reserve issues FOMC statement,"For release at 2:00 p.m. EDT Share The Federal Reserve is committed to using its full range of tools to support the U.S. economy in this challenging time, thereby promoting its maximum employment and price stability goals. Progress on vaccinations has reduced the spread of COVID-19 in the United States. Amid this progress and strong policy support, indicators of economic activity and employment have strengthened. The sectors most adversely affected by the pandemic remain weak but have shown improvement. Inflation has risen, largely reflecting transitory factors. Overall financial conditions remain accommodative, in part reflecting policy measures to support the economy and the flow of credit to U.S. households and businesses. The path of the economy will depend significantly on the course of the virus. Progress on vaccinations will likely continue to reduce the effects of the public heal"
https://www.federalreserve.gov/newsevents/pressreleases/monetary20210616a1.htm,2026-09-05T15:39:54.966204+00:00,sources/4e374bfdaa5f8a49ad5c.html,https://www.federalreserve.gov/newsevents/pressreleases/monetary20210616a1.htm,ok,9ee992a6c176cafe363670db05d1c1541aa448a438cd38a483ee46b3d448ee18,79756,,"Federal Reserve Board - Implementation Note issued June 16, 2021",
https://www.federalreserve.gov/newsevents/pressreleases/monetary20210728a.htm,2026-09-05T15:39:55.186181+00:00,sources/7efeaa36ea3629ab6dae.html,https://www.federalreserve.gov/newsevents/pressreleases/monetary20210728a.htm,ok,2d1bae80cd4a7719f5251b48abdea976c25b24bfed4a5f32770bd9f5de9f0e59,83188,,Federal Reserve issues FOMC statement,"For release at 2:00 p.m. EDT Share The Federal Reserve is committed to using its full range of tools to support the U.S. economy in this challenging time, thereby promoting its maximum employment and price stability goals. With progress on vaccinations and strong policy support, indicators of economic activity and employment have continued to strengthen. The sectors most adversely affected by the pandemic have shown improvement but have not fully recovered. Inflation has risen, largely reflecting transitory factors. Overall financial conditions remain accommodative, in part reflecting policy measures to support the economy and the flow of credit to U.S. households and businesses. The path of the economy continues to depend on the course of the virus. Progress on vaccinations will likely continue to reduce the effects of the public health crisis on the economy, but risks to the economic o"
https://www.federalreserve.gov/newsevents/pressreleases/monetary20210728a1.htm,2026-09-05T15:39:55.218793+00:00,sources/9ff580d6fe315a0a3e73.html,https://www.federalreserve.gov/newsevents/pressreleases/monetary20210728a1.htm,ok,de2ce1335d370ae28fdb05225854d1c567684449553f564a3ccc717e33c98134,80168,,"Federal Reserve Board - Implementation Note issued July 28, 2021",
https://www.federalreserve.gov/newsevents/pressreleases/monetary20210922a.htm,2026-09-05T15:39:55.233858+00:00,sources/0edec173df52aacbcc3d.html,https://www.federalreserve.gov/newsevents/pressreleases/monetary20210922a.htm,ok,2d8f9ced76554cd6bfa6d7bfb1e5595c7646014c3194b515931bb4e5575c636c,83307,,Federal Reserve issues FOMC statement,"For release at 2:00 p.m. EDT Share The Federal Reserve is committed to using its full range of tools to support the U.S. economy in this challenging time, thereby promoting its maximum employment and price stability goals. With progress on vaccinations and strong policy support, indicators of economic activity and employment have continued to strengthen. The sectors most adversely affected by the pandemic have improved in recent months, but the rise in COVID-19 cases has slowed their recovery. Inflation is elevated, largely reflecting transitory factors. Overall financial conditions remain accommodative, in part reflecting policy measures to support the economy and the flow of credit to U.S. households and businesses. The path of the economy continues to depend on the course of the virus. Progress on vaccinations will likely continue to reduce the effects of the public health crisis on t"
https://www.federalreserve.gov/newsevents/pressreleases/monetary20210922a1.htm,2026-09-05T15:39:55.280505+00:00,sources/593edc8f469e2aae7ba9.html,https://www.federalreserve.gov/newsevents/pressreleases/monetary20210922a1.htm,ok,c01476c9baf4ea164fbf609509b000558bee1b07150fd20e00aebdf8b7c71c9e,80172,,"Federal Reserve Board - Implementation Note issued September 22, 2021",
https://www.federalreserve.gov/newsevents/pressreleases/monetary20211103a.htm,2026-09-05T15:39:55.506800+00:00,sources/a47a559fa3e134b94cfb.html,https://www.federalreserve.gov/newsevents/pressreleases/monetary20211103a.htm,ok,799e06536f082db19aba9e45e475b9a4f47a88dadbaf5fe0f29a0fa7e5f60023,83986,,Federal Reserve issues FOMC statement,"For release at 2:00 p.m. EDT Share The Federal Reserve is committed to using its full range of tools to support the U.S. economy in this challenging time, thereby promoting its maximum employment and price stability goals. With progress on vaccinations and strong policy support, indicators of economic activity and employment have continued to strengthen. The sectors most adversely affected by the pandemic have improved in recent months, but the summer's rise in COVID-19 cases has slowed their recovery. Inflation is elevated, largely reflecting factors that are expected to be transitory. Supply and demand imbalances related to the pandemic and the reopening of the economy have contributed to sizable price increases in some sectors. Overall financial conditions remain accommodative, in part reflecting policy measures to support the economy and the flow of credit to U.S. households and busi"
https://www.federalreserve.gov/newsevents/pressreleases/monetary20211103a1.htm,2026-09-05T15:39:55.528689+00:00,sources/7743f3a03f37dae34803.html,https://www.federalreserve.gov/newsevents/pressreleases/monetary20211103a1.htm,ok,53599664970896b69362705b2d979c14d767c2d59ad72d38d941b2c81ce07a15,80603,,"Federal Reserve Board - Implementation Note issued November 3, 2021",
https://www.federalreserve.gov/newsevents/pressreleases/monetary20211215a.htm,2026-09-05T15:39:55.574096+00:00,sources/63e932d8441f3ffbe75a.html,https://www.federalreserve.gov/newsevents/pressreleases/monetary20211215a.htm,ok,3b8530e2f403dc8f03d614fc750bc3564d9377c6314e4485f9c801842e970292,83382,,Federal Reserve issues FOMC statement,"For release at 2:00 p.m. EST Share The Federal Reserve is committed to using its full range of tools to support the U.S. economy in this challenging time, thereby promoting its maximum employment and price stability goals. With progress on vaccinations and strong policy support, indicators of economic activity and employment have continued to strengthen. The sectors most adversely affected by the pandemic have improved in recent months but continue to be affected by COVID-19. Job gains have been solid in recent months, and the unemployment rate has declined substantially. Supply and demand imbalances related to the pandemic and the reopening of the economy have continued to contribute to elevated levels of inflation. Overall financial conditions remain accommodative, in part reflecting policy measures to support the economy and the flow of credit to U.S. households and businesses. The pa"
https://www.federalreserve.gov/newsevents/pressreleases/monetary20211215a1.htm,2026-09-05T15:39:55.614124+00:00,sources/19970129f141adf5f447.html,https://www.federalreserve.gov/newsevents/pressreleases/monetary20211215a1.htm,ok,eba222a88751d6523694c3317a186dd469025f9a94a7cff104a957d79c033eaa,80403,,"Federal Reserve Board - Implementation Note issued December 15, 2021",
https://www.federalreserve.gov/newsevents/pressreleases/monetary20220126a.htm,2026-09-05T15:39:55.831304+00:00,sources/f3cbfaae56e6397f9423.html,https://www.federalreserve.gov/newsevents/pressreleases/monetary20220126a.htm,ok,90a6c6c238dd71ef8d49ec375be4812e3164cb9d446ba7840854c99fbde3ca6f,82747,,Federal Reserve issues FOMC statement,"For release at 2:00 p.m. EST Share Indicators of economic activity and employment have continued to strengthen. The sectors most adversely affected by the pandemic have improved in recent months but are being affected by the recent sharp rise in COVID-19 cases. Job gains have been solid in recent months, and the unemployment rate has declined substantially. Supply and demand imbalances related to the pandemic and the reopening of the economy have continued to contribute to elevated levels of inflation. Overall financial conditions remain accommodative, in part reflecting policy measures to support the economy and the flow of credit to U.S. households and businesses. The path of the economy continues to depend on the course of the virus. Progress on vaccinations and an easing of supply constraints are expected to support continued gains in economic activity and employment as well as a red"
https://www.federalreserve.gov/newsevents/pressreleases/monetary20220126a1.htm,2026-09-05T15:39:55.857859+00:00,sources/3f693646cdbdd2769096.html,https://www.federalreserve.gov/newsevents/pressreleases/monetary20220126a1.htm,ok,54b189d54ed4d1c915ce0151104a8debc428e068ccacca5d6d5d3d1bf7a864a9,80350,,"Federal Reserve Board - Implementation Note issued January 26, 2022",
https://www.federalreserve.gov/newsevents/pressreleases/monetary20220126b.htm,2026-09-05T15:39:55.876423+00:00,sources/1b2229c8314e6b7e5145.html,https://www.federalreserve.gov/newsevents/pressreleases/monetary20220126b.htm,ok,447483338c7b8a4458ac88668746cdafecaf05ea85976ad6711989922e337458,80962,,"Federal Open Market Committee reaffirms its ""Statement on Longer-Run Goals and Monetary Policy Strategy""","For release at 2:00 p.m. EST Share The Federal Open Market Committee, at its annual organization meeting this week, unanimously reaffirmed its ""Statement on Longer-Run Goals and Monetary Policy Strategy"" (consensus statement). The reaffirmed statement is identical to the version initially adopted in August 2020. The Committee first adopted a consensus statement in 2012. Statement on Longer-Run Goals and Monetary Policy Strategy (PDF) Reaffirmed January 25, 2022 For media inquiries, call 202-452-2955 or e-mail [email protected] . Last Update: January 26, 2022 Board of Governors of the Federal Reserve System About the Fed News & Events Monetary Policy Supervision & Regulation Financial Stability Payment Systems Economic Research Data Consumers & Communities Connect with the Board Tools and Information Contact Publications Freedom of Information (FOIA) Office of Inspector General Budget & P"
https://www.federalreserve.gov/newsevents/pressreleases/monetary20220126c.htm,2026-09-05T15:39:55.935134+00:00,sources/6f14b3085d92c156ddf0.html,https://www.federalreserve.gov/newsevents/pressreleases/monetary20220126c.htm,ok,32804fecb56d51b9e5e91683c6acd820294847208ae03b2ee6003c2595a0d4d2,81510,,Principles for Reducing the Size of the Federal Reserve's Balance Sheet,For release at 2:00 p.m. EST Share The Federal Open Market Committee agreed that it is appropriate at this time to provide information regarding its planned approach for significantly reducing the size of the Federal Reserve's balance sheet. All participants agreed on the following elements: The Committee views changes in the target range for the federal funds rate as its primary means of adjusting the stance of monetary policy. The Committee will determine the timing and pace of reducing the size of the Federal Reserve's balance sheet so as to promote its maximum employment and price stability goals. The Committee expects that reducing the size of the Federal Reserve's balance sheet will commence after the process of increasing the target range for the federal funds rate has begun. The Committee intends to reduce the Federal Reserve's securities holdings over time in a predictable manne
https://www.federalreserve.gov/newsevents/pressreleases/monetary20220316a.htm,2026-09-05T15:39:56.192002+00:00,sources/ea0bc3b53dcfcd930d31.html,https://www.federalreserve.gov/newsevents/pressreleases/monetary20220316a.htm,ok,46fe1c0eb5cdfbb1d744ed9f2faf34e4640a1ec4b830dff4e58794bf064308ce,82240,,Federal Reserve issues FOMC statement,"For release at 2:00 p.m. EDT Share Indicators of economic activity and employment have continued to strengthen. Job gains have been strong in recent months, and the unemployment rate has declined substantially. Inflation remains elevated, reflecting supply and demand imbalances related to the pandemic, higher energy prices, and broader price pressures. The invasion of Ukraine by Russia is causing tremendous human and economic hardship. The implications for the U.S. economy are highly uncertain, but in the near term the invasion and related events are likely to create additional upward pressure on inflation and weigh on economic activity. The Committee seeks to achieve maximum employment and inflation at the rate of 2 percent over the longer run. With appropriate firming in the stance of monetary policy, the Committee expects inflation to return to its 2 percent objective and the labor ma"
https://www.federalreserve.gov/newsevents/pressreleases/monetary20220316a1.htm,2026-09-05T15:39:56.203532+00:00,sources/ab7b269293f51a062829.html,https://www.federalreserve.gov/newsevents/pressreleases/monetary20220316a1.htm,ok,5d420c7e45018f4542e3a81d9b529383e3a5a49255d76a2cc47cf99a08610c82,79376,,"Federal Reserve Board - Implementation Note issued March 16, 2022",
https://www.federalreserve.gov/newsevents/pressreleases/monetary20220504a.htm,2026-09-05T15:39:56.222573+00:00,sources/0de24675719c406ef01d.html,https://www.federalreserve.gov/newsevents/pressreleases/monetary20220504a.htm,ok,50750a8d4f42677ef4162edd06a8889c2e5a8de26ad3caf2f017dc00f1469d58,82755,,Federal Reserve issues FOMC statement,"For release at 2:00 p.m. EDT Share Although overall economic activity edged down in the first quarter, household spending and business fixed investment remained strong. Job gains have been robust in recent months, and the unemployment rate has declined substantially. Inflation remains elevated, reflecting supply and demand imbalances related to the pandemic, higher energy prices, and broader price pressures. The invasion of Ukraine by Russia is causing tremendous human and economic hardship. The implications for the U.S. economy are highly uncertain. The invasion and related events are creating additional upward pressure on inflation and are likely to weigh on economic activity. In addition, COVID-related lockdowns in China are likely to exacerbate supply chain disruptions. The Committee is highly attentive to inflation risks. The Committee seeks to achieve maximum employment and inflati"
https://www.federalreserve.gov/newsevents/pressreleases/monetary20220504a1.htm,2026-09-05T15:39:56.280756+00:00,sources/d2d93657082ccfa98786.html,https://www.federalreserve.gov/newsevents/pressreleases/monetary20220504a1.htm,ok,596cd46733e596dfb5de4bfebc94bd56ad3aae371a7974566ac6987af87d6820,80411,,"Federal Reserve Board - Implementation Note issued May 4, 2022",
https://www.federalreserve.gov/newsevents/pressreleases/monetary20220504b.htm,2026-09-05T15:39:56.525491+00:00,sources/af80a8a5a2e60bc4a05b.html,https://www.federalreserve.gov/newsevents/pressreleases/monetary20220504b.htm,ok,ce6f2eed88c0a3fd2c57acb00f54b23c674a12a9d17bf4c3e5ce62e1d22da272,82573,,Plans for Reducing the Size of the Federal Reserve's Balance Sheet,"For release at 2:00 p.m. EDT Share Consistent with the Principles for Reducing the Size of the Federal Reserve's Balance Sheet that were issued in January 2022, all Committee participants agreed to the following plans for significantly reducing the Federal Reserve's securities holdings. The Committee intends to reduce the Federal Reserve's securities holdings over time in a predictable manner primarily by adjusting the amounts reinvested of principal payments received from securities held in the System Open Market Account (SOMA). Beginning on June 1, principal payments from securities held in the SOMA will be reinvested to the extent that they exceed monthly caps. For Treasury securities, the cap will initially be set at $30 billion per month and after three months will increase to $60 billion per month. The decline in holdings of Treasury securities under this monthly cap will include T"
https://www.federalreserve.gov/newsevents/pressreleases/monetary20220615a.htm,2026-09-05T15:39:56.525491+00:00,sources/6928012e1260f9c6e769.html,https://www.federalreserve.gov/newsevents/pressreleases/monetary20220615a.htm,ok,2b9853888312b45befa13ed8a24aa10f6933972e8fea83675c45df455cff5bc9,82385,,Federal Reserve issues FOMC statement,"For release at 2:00 p.m. EDT Share Overall economic activity appears to have picked up after edging down in the first quarter. Job gains have been robust in recent months, and the unemployment rate has remained low. Inflation remains elevated, reflecting supply and demand imbalances related to the pandemic, higher energy prices, and broader price pressures. The invasion of Ukraine by Russia is causing tremendous human and economic hardship. The invasion and related events are creating additional upward pressure on inflation and are weighing on global economic activity. In addition, COVID-related lockdowns in China are likely to exacerbate supply chain disruptions. The Committee is highly attentive to inflation risks. The Committee seeks to achieve maximum employment and inflation at the rate of 2 percent over the longer run. In support of these goals, the Committee decided to raise the t"
https://www.federalreserve.gov/newsevents/pressreleases/monetary20220615a1.htm,2026-09-05T15:39:56.554992+00:00,sources/a6cad0f0fcebf65797b1.html,https://www.federalreserve.gov/newsevents/pressreleases/monetary20220615a1.htm,ok,312566d86b4482c739213e18e4e286c4017e5d0b6a887b997ee7ee2ec52cc8f0,79634,,"Federal Reserve Board - Implementation Note issued June 15, 2022",
https://www.federalreserve.gov/newsevents/pressreleases/monetary20220727a.htm,2026-09-05T15:39:56.670641+00:00,sources/a140cf97c2675d70cff7.html,https://www.federalreserve.gov/newsevents/pressreleases/monetary20220727a.htm,ok,9151034d4b69d66256e61b1360e33c7f7a969eebea5eeb8dbbfe48c09f25db2b,82046,,Federal Reserve issues FOMC statement,"For release at 2:00 p.m. EDT Share Recent indicators of spending and production have softened. Nonetheless, job gains have been robust in recent months, and the unemployment rate has remained low. Inflation remains elevated, reflecting supply and demand imbalances related to the pandemic, higher food and energy prices, and broader price pressures. Russia's war against Ukraine is causing tremendous human and economic hardship. The war and related events are creating additional upward pressure on inflation and are weighing on global economic activity. The Committee is highly attentive to inflation risks. The Committee seeks to achieve maximum employment and inflation at the rate of 2 percent over the longer run. In support of these goals, the Committee decided to raise the target range for the federal funds rate to 2-1/4 to 2-1/2 percent and anticipates that ongoing increases in the target"
https://www.federalreserve.gov/newsevents/pressreleases/monetary20220727a1.htm,2026-09-05T15:39:56.859987+00:00,sources/1bcd5b40cb084e6578ee.html,https://www.federalreserve.gov/newsevents/pressreleases/monetary20220727a1.htm,ok,56860ad4be7da3424af707312c23a02139650224b28d9dc0cc2165c3acc46075,80383,,"Federal Reserve Board - Implementation Note issued July 27, 2022",
https://www.federalreserve.gov/newsevents/pressreleases/monetary20220921a.htm,2026-09-05T15:39:56.873029+00:00,sources/58df42f38c93efcc58a0.html,https://www.federalreserve.gov/newsevents/pressreleases/monetary20220921a.htm,ok,c309a00bb4e932765cacac504f74b3c066b41e7fa103b7f034f7f2afb87fef72,82053,,Federal Reserve issues FOMC statement,"For release at 2:00 p.m. EDT Share Recent indicators point to modest growth in spending and production. Job gains have been robust in recent months, and the unemployment rate has remained low. Inflation remains elevated, reflecting supply and demand imbalances related to the pandemic, higher food and energy prices, and broader price pressures. Russia's war against Ukraine is causing tremendous human and economic hardship. The war and related events are creating additional upward pressure on inflation and are weighing on global economic activity. The Committee is highly attentive to inflation risks. The Committee seeks to achieve maximum employment and inflation at the rate of 2 percent over the longer run. In support of these goals, the Committee decided to raise the target range for the federal funds rate to 3 to 3-1/4 percent and anticipates that ongoing increases in the target range w"
https://www.federalreserve.gov/newsevents/pressreleases/monetary20220921a1.htm,2026-09-05T15:39:56.920350+00:00,sources/4bc2b5731e8748415178.html,https://www.federalreserve.gov/newsevents/pressreleases/monetary20220921a1.htm,ok,ebf62332dc408b1240ccc6bc758117ba9c6d47295d3ac57c895f734514abc2b5,79697,,"Federal Reserve Board - Implementation Note issued September 21, 2022",
https://www.federalreserve.gov/newsevents/pressreleases/monetary20221102a.htm,2026-09-05T15:39:56.970706+00:00,sources/aa3f7b32efaea03dcba4.html,https://www.federalreserve.gov/newsevents/pressreleases/monetary20221102a.htm,ok,45a6e2504aa0962b020748c6a8e229998824a3b09b2d312de00b184b2f273d1a,82687,,Federal Reserve issues FOMC statement,"For release at 2:00 p.m. EDT Share Recent indicators point to modest growth in spending and production. Job gains have been robust in recent months, and the unemployment rate has remained low. Inflation remains elevated, reflecting supply and demand imbalances related to the pandemic, higher food and energy prices, and broader price pressures. Russia's war against Ukraine is causing tremendous human and economic hardship. The war and related events are creating additional upward pressure on inflation and are weighing on global economic activity. The Committee is highly attentive to inflation risks. The Committee seeks to achieve maximum employment and inflation at the rate of 2 percent over the longer run. In support of these goals, the Committee decided to raise the target range for the federal funds rate to 3-3/4 to 4 percent. The Committee anticipates that ongoing increases in the tar"
https://www.federalreserve.gov/newsevents/pressreleases/monetary20221102a1.htm,2026-09-05T15:39:57.184175+00:00,sources/90c35a0109006803a79c.html,https://www.federalreserve.gov/newsevents/pressreleases/monetary20221102a1.htm,ok,8f7a99c55308ab49a88db3d8841784ceb7f50b086d1eeb6cbe325b8edfd1c5df,79764,,"Federal Reserve Board - Implementation Note issued November 2, 2022",
https://www.federalreserve.gov/newsevents/pressreleases/monetary20221214a.htm,2026-09-05T15:39:57.197271+00:00,sources/10e02b8f2fbff21d247a.html,https://www.federalreserve.gov/newsevents/pressreleases/monetary20221214a.htm,ok,c3750ef2db5ca85bf927c7b2e1c206df8eec779412861f1c5f74e1f5ecdde42a,82688,,Federal Reserve issues FOMC statement,"For release at 2:00 p.m. EST Share Recent indicators point to modest growth in spending and production. Job gains have been robust in recent months, and the unemployment rate has remained low. Inflation remains elevated, reflecting supply and demand imbalances related to the pandemic, higher food and energy prices, and broader price pressures. Russia's war against Ukraine is causing tremendous human and economic hardship. The war and related events are contributing to upward pressure on inflation and are weighing on global economic activity. The Committee is highly attentive to inflation risks. The Committee seeks to achieve maximum employment and inflation at the rate of 2 percent over the longer run. In support of these goals, the Committee decided to raise the target range for the federal funds rate to 4-1/4 to 4-1/2 percent. The Committee anticipates that ongoing increases in the tar"
https://www.federalreserve.gov/newsevents/pressreleases/monetary20221214a1.htm,2026-09-05T15:39:57.279088+00:00,sources/b27c2a5b192adc5af8da.html,https://www.federalreserve.gov/newsevents/pressreleases/monetary20221214a1.htm,ok,84ea229257ce6c8661731b893e2d85e05017d3615b0f02dba565e43425ba951c,79738,,"Federal Reserve Board - Implementation Note issued December 14, 2022",
https://www.federalreserve.gov/newsevents/pressreleases/monetary20230201a.htm,2026-09-05T15:39:57.332852+00:00,sources/4ec9ec1a8787d648d126.html,https://www.federalreserve.gov/newsevents/pressreleases/monetary20230201a.htm,ok,f4951d766c3514f35a864ddbe46959ca702011699d61efab5c5285e63da4fa84,82434,,Federal Reserve issues FOMC statement,"For release at 2:00 p.m. EST Share Recent indicators point to modest growth in spending and production. Job gains have been robust in recent months, and the unemployment rate has remained low. Inflation has eased somewhat but remains elevated. Russia's war against Ukraine is causing tremendous human and economic hardship and is contributing to elevated global uncertainty. The Committee is highly attentive to inflation risks. The Committee seeks to achieve maximum employment and inflation at the rate of 2 percent over the longer run. In support of these goals, the Committee decided to raise the target range for the federal funds rate to 4-1/2 to 4-3/4 percent. The Committee anticipates that ongoing increases in the target range will be appropriate in order to attain a stance of monetary policy that is sufficiently restrictive to return inflation to 2 percent over time. In determining the "
https://www.federalreserve.gov/newsevents/pressreleases/monetary20230201a1.htm,2026-09-05T15:39:57.493981+00:00,sources/a9320225c42c5a4d88a1.html,https://www.federalreserve.gov/newsevents/pressreleases/monetary20230201a1.htm,ok,52d4284a71598786bde4620596259f5a3a1f22602732df791360d04166076afd,79699,,"Federal Reserve Board - Implementation Note issued February 1, 2023",
https://www.federalreserve.gov/newsevents/pressreleases/monetary20230201b.htm,2026-09-05T15:39:57.514105+00:00,sources/f6ea44e38c851b72166a.html,https://www.federalreserve.gov/newsevents/pressreleases/monetary20230201b.htm,ok,9120f99b700b37bd1092f17f0ef47d79a7c09961e4908058b80f79971386e0ed,81204,,"Federal Open Market Committee reaffirms its ""Statement on Longer-Run Goals and Monetary Policy Strategy""","For release at 2:00 p.m. EST Share The Federal Open Market Committee, at its annual organization meeting this week, unanimously reaffirmed its ""Statement on Longer-Run Goals and Monetary Policy Strategy,"" often known as the consensus statement, and which articulates its approach to monetary policy. The reaffirmed statement is identical to the version initially adopted in August 2020. The Committee first adopted a similar statement in 2012 . Statement on Longer-Run Goals and Monetary Policy Strategy (PDF) Reaffirmed January 31, 2023 For media inquiries, please email [email protected] or call 202-452-2955. Last Update: February 01, 2023 Board of Governors of the Federal Reserve System About the Fed News & Events Monetary Policy Supervision & Regulation Financial Stability Payment Systems Economic Research Data Consumers & Communities Connect with the Board Tools and Information Contact Pub"
https://www.federalreserve.gov/newsevents/pressreleases/monetary20230322a.htm,2026-09-05T15:39:57.628045+00:00,sources/70b9e5d1d4faa76491f9.html,https://www.federalreserve.gov/newsevents/pressreleases/monetary20230322a.htm,ok,e8ec6639a9f25ed114d73b8edfa080d7d3ed15139ad4d583877c5eb318232aa2,82630,,Federal Reserve issues FOMC statement,"For release at 2:00 p.m. EDT Share Recent indicators point to modest growth in spending and production. Job gains have picked up in recent months and are running at a robust pace; the unemployment rate has remained low. Inflation remains elevated. The U.S. banking system is sound and resilient. Recent developments are likely to result in tighter credit conditions for households and businesses and to weigh on economic activity, hiring, and inflation. The extent of these effects is uncertain. The Committee remains highly attentive to inflation risks. The Committee seeks to achieve maximum employment and inflation at the rate of 2 percent over the longer run. In support of these goals, the Committee decided to raise the target range for the federal funds rate to 4-3/4 to 5 percent. The Committee will closely monitor incoming information and assess the implications for monetary policy. The C"
https://www.federalreserve.gov/newsevents/pressreleases/monetary20230322a1.htm,2026-09-05T15:39:57.663067+00:00,sources/3fa6dfa3c7c6cc09b07e.html,https://www.federalreserve.gov/newsevents/pressreleases/monetary20230322a1.htm,ok,e396e7012d04c095d8401f6f646dd7e53279fb6eefb4ed516420680bd451c823,79485,,"Federal Reserve Board - Implementation Note issued March 22, 2023",
https://www.federalreserve.gov/newsevents/pressreleases/monetary20230503a.htm,2026-09-05T15:39:57.837274+00:00,sources/61b2233f7df9df2a0339.html,https://www.federalreserve.gov/newsevents/pressreleases/monetary20230503a.htm,ok,4c494822b54d04738e7a06d46aa444f2c6428359b8cf8ff42c44e66872887f48,82413,,Federal Reserve issues FOMC statement,"For release at 2:00 p.m. EDT Share Economic activity expanded at a modest pace in the first quarter. Job gains have been robust in recent months, and the unemployment rate has remained low. Inflation remains elevated. The U.S. banking system is sound and resilient. Tighter credit conditions for households and businesses are likely to weigh on economic activity, hiring, and inflation. The extent of these effects remains uncertain. The Committee remains highly attentive to inflation risks. The Committee seeks to achieve maximum employment and inflation at the rate of 2 percent over the longer run. In support of these goals, the Committee decided to raise the target range for the federal funds rate to 5 to 5-1/4 percent. The Committee will closely monitor incoming information and assess the implications for monetary policy. In determining the extent to which additional policy firming may be"
https://www.federalreserve.gov/newsevents/pressreleases/monetary20230503a1.htm,2026-09-05T15:39:57.848183+00:00,sources/8960948d05bfbf6f3248.html,https://www.federalreserve.gov/newsevents/pressreleases/monetary20230503a1.htm,ok,b3fd7cac237ede79620ece57c4baabc86fd1b78c631ed53a9de1545b987ca23b,79510,,"Federal Reserve Board - Implementation Note issued May 3, 2023",
https://www.federalreserve.gov/newsevents/pressreleases/monetary20230614a.htm,2026-09-05T15:39:57.989320+00:00,sources/898bfd32fc14d1a11630.html,https://www.federalreserve.gov/newsevents/pressreleases/monetary20230614a.htm,ok,e33d4a474c2a6e127c1e85ec7286668f7aca0422d18793e6c8f0591ad5091c17,82483,,Federal Reserve issues FOMC statement,"For release at 2:00 p.m. EDT Share Recent indicators suggest that economic activity has continued to expand at a modest pace. Job gains have been robust in recent months, and the unemployment rate has remained low. Inflation remains elevated. The U.S. banking system is sound and resilient. Tighter credit conditions for households and businesses are likely to weigh on economic activity, hiring, and inflation. The extent of these effects remains uncertain. The Committee remains highly attentive to inflation risks. The Committee seeks to achieve maximum employment and inflation at the rate of 2 percent over the longer run. In support of these goals, the Committee decided to maintain the target range for the federal funds rate at 5 to 5-1/4 percent. Holding the target range steady at this meeting allows the Committee to assess additional information and its implications for monetary policy. "
https://www.federalreserve.gov/newsevents/pressreleases/monetary20230614a1.htm,2026-09-05T15:39:58.009080+00:00,sources/96471d2b36fe0ecdb403.html,https://www.federalreserve.gov/newsevents/pressreleases/monetary20230614a1.htm,ok,c8731b325272bf82fbd784cf454d1d07a3946923ffc90725fda9183670f1cfae,79231,,"Federal Reserve Board - Implementation Note issued June 14, 2023",
https://www.federalreserve.gov/newsevents/pressreleases/monetary20230726a.htm,2026-09-05T15:39:58.227167+00:00,sources/0066398508675de109a6.html,https://www.federalreserve.gov/newsevents/pressreleases/monetary20230726a.htm,ok,94083dd765a045711e2afefd2151564591d463977db5b367ed0ae8188d4b2ab5,82440,,Federal Reserve issues FOMC statement,"For release at 2:00 p.m. EDT Share Recent indicators suggest that economic activity has been expanding at a moderate pace. Job gains have been robust in recent months, and the unemployment rate has remained low. Inflation remains elevated. The U.S. banking system is sound and resilient. Tighter credit conditions for households and businesses are likely to weigh on economic activity, hiring, and inflation. The extent of these effects remains uncertain. The Committee remains highly attentive to inflation risks. The Committee seeks to achieve maximum employment and inflation at the rate of 2 percent over the longer run. In support of these goals, the Committee decided to raise the target range for the federal funds rate to 5-1/4 to 5-1/2 percent. The Committee will continue to assess additional information and its implications for monetary policy. In determining the extent of additional pol"
https://www.federalreserve.gov/newsevents/pressreleases/monetary20230726a1.htm,2026-09-05T15:39:58.258310+00:00,sources/d02e4be0919a2c2b87ea.html,https://www.federalreserve.gov/newsevents/pressreleases/monetary20230726a1.htm,ok,19500170ffaff2b14a10a6b441ccece6cde2616154fe5dc6ebfe0d3662638c8d,79529,,"Federal Reserve Board - Implementation Note issued July 26, 2023",
https://www.federalreserve.gov/newsevents/pressreleases/monetary20230920a.htm,2026-09-05T15:39:58.317969+00:00,sources/b4badfa0f7b2d9557e14.html,https://www.federalreserve.gov/newsevents/pressreleases/monetary20230920a.htm,ok,0000a3424a18c158d73123bc7e148c6a259c21870fb217bb112f2ad1c61bbfca,82487,,Federal Reserve issues FOMC statement,"For release at 2:00 p.m. EDT Share Recent indicators suggest that economic activity has been expanding at a solid pace. Job gains have slowed in recent months but remain strong, and the unemployment rate has remained low. Inflation remains elevated. The U.S. banking system is sound and resilient. Tighter credit conditions for households and businesses are likely to weigh on economic activity, hiring, and inflation. The extent of these effects remains uncertain. The Committee remains highly attentive to inflation risks. The Committee seeks to achieve maximum employment and inflation at the rate of 2 percent over the longer run. In support of these goals, the Committee decided to maintain the target range for the federal funds rate at 5-1/4 to 5-1/2 percent. The Committee will continue to assess additional information and its implications for monetary policy. In determining the extent of a"
https://www.federalreserve.gov/newsevents/pressreleases/monetary20230920a1.htm,2026-09-05T15:39:58.363170+00:00,sources/50474d217b3f15f79adc.html,https://www.federalreserve.gov/newsevents/pressreleases/monetary20230920a1.htm,ok,e75cfb97b8ad9c05baf53f46318659ab2eaf718fa738912a9419db5a90ea6a53,79331,,"Federal Reserve Board - Implementation Note issued September 20, 2023",
https://www.federalreserve.gov/newsevents/pressreleases/monetary20231101a.htm,2026-09-05T15:39:58.565037+00:00,sources/8446a9e98abd0d34522b.html,https://www.federalreserve.gov/newsevents/pressreleases/monetary20231101a.htm,ok,a6042568e1c4f140439edfdde21cc1d7715c88aee44c5ae334e5b2ffb3675011,82521,,Federal Reserve issues FOMC statement,"For release at 2:00 p.m. EDT Share Recent indicators suggest that economic activity expanded at a strong pace in the third quarter. Job gains have moderated since earlier in the year but remain strong, and the unemployment rate has remained low. Inflation remains elevated. The U.S. banking system is sound and resilient. Tighter financial and credit conditions for households and businesses are likely to weigh on economic activity, hiring, and inflation. The extent of these effects remains uncertain. The Committee remains highly attentive to inflation risks. The Committee seeks to achieve maximum employment and inflation at the rate of 2 percent over the longer run. In support of these goals, the Committee decided to maintain the target range for the federal funds rate at 5-1/4 to 5-1/2 percent. The Committee will continue to assess additional information and its implications for monetary "
https://www.federalreserve.gov/newsevents/pressreleases/monetary20231101a1.htm,2026-09-05T15:39:58.616775+00:00,sources/4d9f13f85c92cbd1b5dc.html,https://www.federalreserve.gov/newsevents/pressreleases/monetary20231101a1.htm,ok,d90bfedc1bbf1d3559e8dad3e4cf49a909990b640e32824dfaf8a5e1563c7498,79285,,"Federal Reserve Board - Implementation Note issued November 1, 2023",
https://www.federalreserve.gov/newsevents/pressreleases/monetary20231213a.htm,2026-09-05T15:39:58.685132+00:00,sources/ea367bf0fd604cc02a63.html,https://www.federalreserve.gov/newsevents/pressreleases/monetary20231213a.htm,ok,5e938748c29cc6a3c2db97359953991f327d53532e3511f2bce95cd32779b7fd,82575,,Federal Reserve issues FOMC statement,"For release at 2:00 p.m. EST Share Recent indicators suggest that growth of economic activity has slowed from its strong pace in the third quarter. Job gains have moderated since earlier in the year but remain strong, and the unemployment rate has remained low. Inflation has eased over the past year but remains elevated. The U.S. banking system is sound and resilient. Tighter financial and credit conditions for households and businesses are likely to weigh on economic activity, hiring, and inflation. The extent of these effects remains uncertain. The Committee remains highly attentive to inflation risks. The Committee seeks to achieve maximum employment and inflation at the rate of 2 percent over the longer run. In support of these goals, the Committee decided to maintain the target range for the federal funds rate at 5-1/4 to 5-1/2 percent. The Committee will continue to assess addition"
https://www.federalreserve.gov/newsevents/pressreleases/monetary20231213a1.htm,2026-09-05T15:39:58.715231+00:00,sources/c6ec5fe82b7efaaad6d4.html,https://www.federalreserve.gov/newsevents/pressreleases/monetary20231213a1.htm,ok,14cd7dd818aad7b3bb36e6de508d5d2cd3bb7c257cbf6591871a15f025f89f06,79254,,"Federal Reserve Board - Implementation Note issued December 13, 2023",
https://www.federalreserve.gov/newsevents/pressreleases/monetary20240131a.htm,2026-09-05T15:39:58.911538+00:00,sources/b2dc8ff1393a89d5327d.html,https://www.federalreserve.gov/newsevents/pressreleases/monetary20240131a.htm,ok,fae2dc6fe0847745371f64bf7b821cd9504d1e783e0d158d94834456f1e6eead,82387,,Federal Reserve issues FOMC statement,"For release at 2:00 p.m. EST Share Recent indicators suggest that economic activity has been expanding at a solid pace. Job gains have moderated since early last year but remain strong, and the unemployment rate has remained low. Inflation has eased over the past year but remains elevated. The Committee seeks to achieve maximum employment and inflation at the rate of 2 percent over the longer run. The Committee judges that the risks to achieving its employment and inflation goals are moving into better balance. The economic outlook is uncertain, and the Committee remains highly attentive to inflation risks. In support of its goals, the Committee decided to maintain the target range for the federal funds rate at 5-1/4 to 5-1/2 percent. In considering any adjustments to the target range for the federal funds rate, the Committee will carefully assess incoming data, the evolving outlook, and"
https://www.federalreserve.gov/newsevents/pressreleases/monetary20240131a1.htm,2026-09-05T15:39:58.912546+00:00,sources/5034552bbdacaf6d27fe.html,https://www.federalreserve.gov/newsevents/pressreleases/monetary20240131a1.htm,ok,afca12ee2fdee0f4fc84095544ccea8a4497df6cb28891eca32330f488f876e0,79260,,"Federal Reserve Board - Implementation Note issued January 31, 2024",
https://www.federalreserve.gov/newsevents/pressreleases/monetary20240131b.htm,2026-09-05T15:39:59.031120+00:00,sources/42caaadf6aa70ca9db13.html,https://www.federalreserve.gov/newsevents/pressreleases/monetary20240131b.htm,ok,d5b2115fe90eae1d72538df1e7d8ec68bc687d5dee6eebcccca128efd69c229f,81206,,"Federal Open Market Committee reaffirms its ""Statement on Longer-Run Goals and Monetary Policy Strategy""","For release at 2:00 p.m. EST Share The Federal Open Market Committee, at its annual organization meeting this week, unanimously reaffirmed its ""Statement on Longer-Run Goals and Monetary Policy Strategy,"" often known as the consensus statement, which articulates its approach to monetary policy. The reaffirmed statement is identical to the version initially adopted in August 2020. The Committee first adopted a similar statement in 2012 . Statement on Longer-Run Goals and Monetary Policy Strategy (PDF) Reaffirmed January 30, 2024 For media inquiries, call 202-452-2955 or e-mail [email protected] . Last Update: January 31, 2024 Board of Governors of the Federal Reserve System About the Fed News & Events Monetary Policy Supervision & Regulation Financial Stability Payment Systems Economic Research Data Consumers & Communities Connect with the Board Tools and Information Contact Publications "
https://www.federalreserve.gov/newsevents/pressreleases/monetary20240320a.htm,2026-09-05T15:39:59.032623+00:00,sources/6428698cac4a430da4d4.html,https://www.federalreserve.gov/newsevents/pressreleases/monetary20240320a.htm,ok,54ce24042241507439a0dcb6b33ed93daf170a55908466e6d83992a3e5570cd0,82347,,Federal Reserve issues FOMC statement,"For release at 2:00 p.m. EDT Share Recent indicators suggest that economic activity has been expanding at a solid pace. Job gains have remained strong, and the unemployment rate has remained low. Inflation has eased over the past year but remains elevated. The Committee seeks to achieve maximum employment and inflation at the rate of 2 percent over the longer run. The Committee judges that the risks to achieving its employment and inflation goals are moving into better balance. The economic outlook is uncertain, and the Committee remains highly attentive to inflation risks. In support of its goals, the Committee decided to maintain the target range for the federal funds rate at 5-1/4 to 5-1/2 percent. In considering any adjustments to the target range for the federal funds rate, the Committee will carefully assess incoming data, the evolving outlook, and the balance of risks. The Committ"
https://www.federalreserve.gov/newsevents/pressreleases/monetary20240320a1.htm,2026-09-05T15:39:59.265726+00:00,sources/19618ca1b069b9421cb0.html,https://www.federalreserve.gov/newsevents/pressreleases/monetary20240320a1.htm,ok,2254b4c916c8393fbf86c52da37656e1f24c02911f1cb33084e445ebccd90cc9,79285,,"Federal Reserve Board - Implementation Note issued March 20, 2024",
https://www.federalreserve.gov/newsevents/pressreleases/monetary20240501a.htm,2026-09-05T15:39:59.280300+00:00,sources/b05f069ca7ace15f9b15.html,https://www.federalreserve.gov/newsevents/pressreleases/monetary20240501a.htm,ok,db262c83bb9115896110d851c83a01fcbe1956ef5d358136bea55e4bbb076326,82833,,Federal Reserve issues FOMC statement,"For release at 2:00 p.m. EDT Share Recent indicators suggest that economic activity has continued to expand at a solid pace. Job gains have remained strong, and the unemployment rate has remained low. Inflation has eased over the past year but remains elevated. In recent months, there has been a lack of further progress toward the Committee's 2 percent inflation objective. The Committee seeks to achieve maximum employment and inflation at the rate of 2 percent over the longer run. The Committee judges that the risks to achieving its employment and inflation goals have moved toward better balance over the past year. The economic outlook is uncertain, and the Committee remains highly attentive to inflation risks. In support of its goals, the Committee decided to maintain the target range for the federal funds rate at 5-1/4 to 5-1/2 percent. In considering any adjustments to the target rang"
https://www.federalreserve.gov/newsevents/pressreleases/monetary20240501a1.htm,2026-09-05T15:39:59.347747+00:00,sources/8e54eb97cc094dc3f186.html,https://www.federalreserve.gov/newsevents/pressreleases/monetary20240501a1.htm,ok,6fc339d920d2592b858bd979047e420b073a411b7e511be7166017b14f7cb089,80419,,"Federal Reserve Board - Implementation Note issued May 1, 2024",
https://www.federalreserve.gov/newsevents/pressreleases/monetary20240612a.htm,2026-09-05T15:39:59.387426+00:00,sources/c27b2c77f1ff6efa9062.html,https://www.federalreserve.gov/newsevents/pressreleases/monetary20240612a.htm,ok,fca72ee6f39945cdfb18d48caf5d39f690f4f486c254984b5b871340bbb312eb,82435,,Federal Reserve issues FOMC statement,"For release at 2:00 p.m. EDT Share Recent indicators suggest that economic activity has continued to expand at a solid pace. Job gains have remained strong, and the unemployment rate has remained low. Inflation has eased over the past year but remains elevated. In recent months, there has been modest further progress toward the Committee's 2 percent inflation objective. The Committee seeks to achieve maximum employment and inflation at the rate of 2 percent over the longer run. The Committee judges that the risks to achieving its employment and inflation goals have moved toward better balance over the past year. The economic outlook is uncertain, and the Committee remains highly attentive to inflation risks. In support of its goals, the Committee decided to maintain the target range for the federal funds rate at 5-1/4 to 5-1/2 percent. In considering any adjustments to the target range f"
https://www.federalreserve.gov/newsevents/pressreleases/monetary20240612a1.htm,2026-09-05T15:39:59.620267+00:00,sources/cd057c43ba81d00032b0.html,https://www.federalreserve.gov/newsevents/pressreleases/monetary20240612a1.htm,ok,6ab2a9457405ceaae89c4c364cea4b8aa5cba3e02e7d324b0e87f4842c69df45,79317,,"Federal Reserve Board - Implementation Note issued June 12, 2024",
https://www.federalreserve.gov/newsevents/pressreleases/monetary20240731a.htm,2026-09-05T15:39:59.636790+00:00,sources/3c79c8aba3af5f77cac5.html,https://www.federalreserve.gov/newsevents/pressreleases/monetary20240731a.htm,ok,baa4335c4275c1e2b35b9b1dd84048898094130ecc40041928fd817a83568844,82515,,Federal Reserve issues FOMC statement,"For release at 2:00 p.m. EDT Share Recent indicators suggest that economic activity has continued to expand at a solid pace. Job gains have moderated, and the unemployment rate has moved up but remains low. Inflation has eased over the past year but remains somewhat elevated. In recent months, there has been some further progress toward the Committee's 2 percent inflation objective. The Committee seeks to achieve maximum employment and inflation at the rate of 2 percent over the longer run. The Committee judges that the risks to achieving its employment and inflation goals continue to move into better balance. The economic outlook is uncertain, and the Committee is attentive to the risks to both sides of its dual mandate. In support of its goals, the Committee decided to maintain the target range for the federal funds rate at 5-1/4 to 5-1/2 percent. In considering any adjustments to the "
https://www.federalreserve.gov/newsevents/pressreleases/monetary20240731a1.htm,2026-09-05T15:39:59.680133+00:00,sources/1aaf869c737c247ce561.html,https://www.federalreserve.gov/newsevents/pressreleases/monetary20240731a1.htm,ok,9ba38267c745ba3a7d0f137f27820969754808a18d2386ab532323e63e5f6538,79325,,"Federal Reserve Board - Implementation Note issued July 31, 2024",
https://www.federalreserve.gov/newsevents/pressreleases/monetary20240918a.htm,2026-09-05T15:39:59.728962+00:00,sources/013762f63e2b871e6e51.html,https://www.federalreserve.gov/newsevents/pressreleases/monetary20240918a.htm,ok,a0e00e043244fa12c187f4333497e27518eedabb2131a481ee9f54fceaa042cf,82514,,Federal Reserve issues FOMC statement,"For release at 2:00 p.m. EDT Share Recent indicators suggest that economic activity has continued to expand at a solid pace. Job gains have slowed, and the unemployment rate has moved up but remains low. Inflation has made further progress toward the Committee's 2 percent objective but remains somewhat elevated. The Committee seeks to achieve maximum employment and inflation at the rate of 2 percent over the longer run. The Committee has gained greater confidence that inflation is moving sustainably toward 2 percent, and judges that the risks to achieving its employment and inflation goals are roughly in balance. The economic outlook is uncertain, and the Committee is attentive to the risks to both sides of its dual mandate. In light of the progress on inflation and the balance of risks, the Committee decided to lower the target range for the federal funds rate by 1/2 percentage point to"
https://www.federalreserve.gov/newsevents/pressreleases/monetary20240918a1.htm,2026-09-05T15:39:59.954399+00:00,sources/37d4e113051f725dc4ed.html,https://www.federalreserve.gov/newsevents/pressreleases/monetary20240918a1.htm,ok,5374562a5d8d85d25504bf42173890e86eb66a10a047d749e81f91a228d3606a,79514,,"Federal Reserve Board - Implementation Note issued September 18, 2024",
https://www.federalreserve.gov/newsevents/pressreleases/monetary20241107a.htm,2026-09-05T15:39:59.969112+00:00,sources/3dc4051aeffabd7687ca.html,https://www.federalreserve.gov/newsevents/pressreleases/monetary20241107a.htm,ok,246b7cb1839eb5de17e077b7bdf750a93fc1d56c41303d6c988cb2c94505eac1,82289,,Federal Reserve issues FOMC statement,"For release at 2:00 p.m. EST Share Recent indicators suggest that economic activity has continued to expand at a solid pace. Since earlier in the year, labor market conditions have generally eased, and the unemployment rate has moved up but remains low. Inflation has made progress toward the Committee's 2 percent objective but remains somewhat elevated. The Committee seeks to achieve maximum employment and inflation at the rate of 2 percent over the longer run. The Committee judges that the risks to achieving its employment and inflation goals are roughly in balance. The economic outlook is uncertain, and the Committee is attentive to the risks to both sides of its dual mandate. In support of its goals, the Committee decided to lower the target range for the federal funds rate by 1/4 percentage point to 4-1/2 to 4-3/4 percent. In considering additional adjustments to the target range for"
https://www.federalreserve.gov/newsevents/pressreleases/monetary20241107a1.htm,2026-09-05T15:40:00.011236+00:00,sources/d0024d8cafe9884e019d.html,https://www.federalreserve.gov/newsevents/pressreleases/monetary20241107a1.htm,ok,fb9c963bb9c2c784eff591b4ba574154421666649c0bda403209c7299bab6c6f,79629,,"Federal Reserve Board - Implementation Note issued November 7, 2024",
https://www.federalreserve.gov/newsevents/pressreleases/monetary20241218a.htm,2026-09-05T15:40:00.055391+00:00,sources/a75d3852de195f91e4bf.html,https://www.federalreserve.gov/newsevents/pressreleases/monetary20241218a.htm,ok,705e10f490e9c2fad361a1441addbaa9aa22e32f3b57e747a75cf47d856ce7c9,82442,,Federal Reserve issues FOMC statement,"For release at 2:00 p.m. EST Share Recent indicators suggest that economic activity has continued to expand at a solid pace. Since earlier in the year, labor market conditions have generally eased, and the unemployment rate has moved up but remains low. Inflation has made progress toward the Committee's 2 percent objective but remains somewhat elevated. The Committee seeks to achieve maximum employment and inflation at the rate of 2 percent over the longer run. The Committee judges that the risks to achieving its employment and inflation goals are roughly in balance. The economic outlook is uncertain, and the Committee is attentive to the risks to both sides of its dual mandate. In support of its goals, the Committee decided to lower the target range for the federal funds rate by 1/4 percentage point to 4-1/4 to 4-1/2 percent. In considering the extent and timing of additional adjustment"
https://www.federalreserve.gov/newsevents/pressreleases/monetary20241218a1.htm,2026-09-05T15:40:00.284160+00:00,sources/fe6ad1bdc0930d863662.html,https://www.federalreserve.gov/newsevents/pressreleases/monetary20241218a1.htm,ok,7417e5d992683155aa7e103ce32920d87506b0ba2f53cc10d54aa785f6232730,79797,,"Federal Reserve Board - Implementation Note issued December 18, 2024",
https://www.federalreserve.gov/monetarypolicy/files/monetary20240131a1.pdf,2026-09-05T15:45:56.627368+00:00,sources/d8a24525f1749477038f.pdf,https://www.federalreserve.gov/monetarypolicy/files/monetary20240131a1.pdf,ok,e5a3eb8cf61b90c23fa0e7bd87f4ef4bb38388bc11ba699ac1ef6ac0283d779b,133448,,,
https://www.federalreserve.gov/monetarypolicy/files/monetary20240320a1.pdf,2026-09-05T15:45:57.012227+00:00,sources/9badc44f57c72002e350.pdf,https://www.federalreserve.gov/monetarypolicy/files/monetary20240320a1.pdf,ok,810ec4ef02de360d742e3f9705b653a81350337d032b582f62cbba7477e65513,143097,,,
https://www.federalreserve.gov/monetarypolicy/files/monetary20240501a1.pdf,2026-09-05T15:45:57.394543+00:00,sources/5b3af8df02f38c39a88a.pdf,https://www.federalreserve.gov/monetarypolicy/files/monetary20240501a1.pdf,ok,fe6646ecc5c520330abf695c0011b6cf10d3e9c7502e48c4accb6d2b3e6a6a3e,134792,,,
https://www.federalreserve.gov/monetarypolicy/files/monetary20240612a1.pdf,2026-09-05T15:45:57.737049+00:00,sources/bdafdb79e86876f749a3.pdf,https://www.federalreserve.gov/monetarypolicy/files/monetary20240612a1.pdf,ok,97d04acc005e8f1e4d5f7073e6f8b3ca975fad369d6f14f2f823bef165a72dde,267293,,,
https://www.federalreserve.gov/monetarypolicy/files/monetary20240731a1.pdf,2026-09-05T15:45:58.164817+00:00,sources/7187c604b6f01e59aea4.pdf,https://www.federalreserve.gov/monetarypolicy/files/monetary20240731a1.pdf,ok,dbf212778a5a566877f26c709489effab8bc8e09ad91984897e2676f20a2de06,125185,,,
https://www.federalreserve.gov/monetarypolicy/files/monetary20240918a1.pdf,2026-09-05T15:45:58.528247+00:00,sources/b642e0c2823d65f05c84.pdf,https://www.federalreserve.gov/monetarypolicy/files/monetary20240918a1.pdf,ok,415c291eb7e754b99349cd3a2b0c6561de8ef5258da9f037bbd0fc0564b22932,115977,,,
https://www.federalreserve.gov/monetarypolicy/files/monetary20241107a1.pdf,2026-09-05T15:45:58.888446+00:00,sources/078a78b6e67f429f9dea.pdf,https://www.federalreserve.gov/monetarypolicy/files/monetary20241107a1.pdf,ok,33b2da84c96683b7fff9f334b487baec3ebb150ffc5a0475b687544f9077640c,204588,,,
https://www.federalreserve.gov/monetarypolicy/files/monetary20241218a1.pdf,2026-09-05T15:45:59.263208+00:00,sources/e29df1866e916a1a8159.pdf,https://www.federalreserve.gov/monetarypolicy/files/monetary20241218a1.pdf,ok,9c21bc7aa2b6e8014ed3fac9d684093be0b8bf4cd61454579debc5e40b733ed0,190006,,,
https://www.federalreserve.gov/monetarypolicy/files/monetary20230201a1.pdf,2026-09-05T15:45:59.687211+00:00,sources/e612148c1c669d7aaa5f.pdf,https://www.federalreserve.gov/monetarypolicy/files/monetary20230201a1.pdf,ok,f6332f3880121bcbd2a235fbc83e8548a6298131264f558ccd56fd10af8b9956,267827,,,
https://www.federalreserve.gov/monetarypolicy/files/monetary20230322a1.pdf,2026-09-05T15:46:00.474569+00:00,sources/21732d1ea5cc2b67ecaf.pdf,https://www.federalreserve.gov/monetarypolicy/files/monetary20230322a1.pdf,ok,276b1450190013984e6ff5affdb803426f04a71bfbe20568afff412d903ece3b,175155,,,
https://www.federalreserve.gov/monetarypolicy/files/monetary20230503a1.pdf,2026-09-05T15:46:00.927284+00:00,sources/03caf2371495009db955.pdf,https://www.federalreserve.gov/monetarypolicy/files/monetary20230503a1.pdf,ok,f572c4ff81ac3a14ed14a3637877009ec14028cc8a0a24b20c9e0559873515a7,253255,,,
https://www.federalreserve.gov/monetarypolicy/files/monetary20230614a1.pdf,2026-09-05T15:46:01.346064+00:00,sources/3806d22c3571b55b0235.pdf,https://www.federalreserve.gov/monetarypolicy/files/monetary20230614a1.pdf,ok,0e0124a468bbc875df0728b2082fec149db10d2c7114f7d0dc94ded6fda232b9,198332,,,
https://www.federalreserve.gov/monetarypolicy/files/monetary20230726a1.pdf,2026-09-05T15:46:01.731070+00:00,sources/39c1c5f1674f0bc501d9.pdf,https://www.federalreserve.gov/monetarypolicy/files/monetary20230726a1.pdf,ok,663c1bc6ca3187a15399dbd7844224064e0cd665210ca47024bb3303f517ac9a,191673,,,
https://www.federalreserve.gov/monetarypolicy/files/monetary20230920a1.pdf,2026-09-05T15:46:02.081306+00:00,sources/03da5f72eb484dbe14d0.pdf,https://www.federalreserve.gov/monetarypolicy/files/monetary20230920a1.pdf,ok,258875fea372eaa3bcf24311529eb21aa440e0bf973aedbe0166e911bb002dea,173250,,,
https://www.federalreserve.gov/monetarypolicy/files/monetary20231101a1.pdf,2026-09-05T15:46:02.416284+00:00,sources/6854891f23c6ce3bec5b.pdf,https://www.federalreserve.gov/monetarypolicy/files/monetary20231101a1.pdf,ok,7de651346f83fffe1eee3371ce217e21fee76e67c963bf06ce5090d298de80a9,168393,,,
https://www.federalreserve.gov/monetarypolicy/files/monetary20231213a1.pdf,2026-09-05T15:46:02.794771+00:00,sources/9fa25e7e278c48a1528c.pdf,https://www.federalreserve.gov/monetarypolicy/files/monetary20231213a1.pdf,ok,184b2656e813225e0489fda689e113520b2f255b9f2704adb0400421a4d797bd,177659,,,
https://www.federalreserve.gov/monetarypolicy/files/monetary20220126a1.pdf,2026-09-05T15:46:03.158588+00:00,sources/cccde4b7c38696e02371.pdf,https://www.federalreserve.gov/monetarypolicy/files/monetary20220126a1.pdf,ok,81b6336f6325fb41d651aa93a8844a8890c40c65350da5ac82df1f5bdd6f492a,360047,,,
https://www.federalreserve.gov/monetarypolicy/files/monetary20220316a1.pdf,2026-09-05T15:46:03.539044+00:00,sources/8041205548a74759cc36.pdf,https://www.federalreserve.gov/monetarypolicy/files/monetary20220316a1.pdf,ok,f856240971b770727711519a87082a3e623f14102edd26cdc3a0fe2ea143556d,291991,,,
https://www.federalreserve.gov/monetarypolicy/files/monetary20220504a1.pdf,2026-09-05T15:46:03.993485+00:00,sources/45ab3b8fb565ab1c540d.pdf,https://www.federalreserve.gov/monetarypolicy/files/monetary20220504a1.pdf,ok,a4ade0244cf268ccacdc46614d055620089ec9a411b24f47cea073d15e9f4b3d,313407,,,
https://www.federalreserve.gov/monetarypolicy/files/monetary20220615a1.pdf,2026-09-05T15:46:04.374847+00:00,sources/d280bd4b92892f848aa1.pdf,https://www.federalreserve.gov/monetarypolicy/files/monetary20220615a1.pdf,ok,a883f6d7a6761822c48e9416fb6ee65815405e4ca6002e2a192edcb31691da65,281361,,,
https://www.federalreserve.gov/monetarypolicy/files/monetary20220727a1.pdf,2026-09-05T15:46:04.729484+00:00,sources/ad868b129189cdf27c05.pdf,https://www.federalreserve.gov/monetarypolicy/files/monetary20220727a1.pdf,ok,cfac7f7a513c34d6b61a1f6af3352c48b18ddff898af7f6690cd981ce5f801e1,305756,,,
https://www.federalreserve.gov/monetarypolicy/files/monetary20220921a1.pdf,2026-09-05T15:46:05.130195+00:00,sources/ef7b805e5c413fbb7cb2.pdf,https://www.federalreserve.gov/monetarypolicy/files/monetary20220921a1.pdf,ok,a5c0bafa34c4b8aff188cbebbba144be512fb975e7a6a844015acf442c02c6c9,201299,,,
https://www.federalreserve.gov/monetarypolicy/files/monetary20221102a1.pdf,2026-09-05T15:46:05.577327+00:00,sources/0f88defc2bcc15ef6c49.pdf,https://www.federalreserve.gov/monetarypolicy/files/monetary20221102a1.pdf,ok,3c0745c9cb654d951d22a9e73ce69bdc93b525a0ac5a749efcfbaf3331133715,239256,,,
https://www.federalreserve.gov/monetarypolicy/files/monetary20221214a1.pdf,2026-09-05T15:46:05.945253+00:00,sources/947e584ce91861f5aa73.pdf,https://www.federalreserve.gov/monetarypolicy/files/monetary20221214a1.pdf,ok,3b5199df5abcca17c3bb8cf0e420b31e3f9e9a51cf577fd4da46ee050622b631,239557,,,
https://www.federalreserve.gov/monetarypolicy/files/monetary20210127a1.pdf,2026-09-05T15:46:06.285269+00:00,sources/f8a65aab4dcc6ca14226.pdf,https://www.federalreserve.gov/monetarypolicy/files/monetary20210127a1.pdf,ok,df8c78e2b9ff0392706638142d81ab38920c0ff1ad273b34b9eb76ee88c1cb31,186702,,,
https://www.federalreserve.gov/monetarypolicy/files/monetary20210317a1.pdf,2026-09-05T15:46:06.706408+00:00,sources/44c22ea6908c8442351e.pdf,https://www.federalreserve.gov/monetarypolicy/files/monetary20210317a1.pdf,ok,51bdbed7bb1f39fbbb8ec5f508d2bcccae931d6cf656f2c3bf6a237f912653c3,339598,,,
https://www.federalreserve.gov/monetarypolicy/files/monetary20210428a1.pdf,2026-09-05T15:46:07.146344+00:00,sources/e681581b851aaf4acd02.pdf,https://www.federalreserve.gov/monetarypolicy/files/monetary20210428a1.pdf,ok,03db640168d1773bdd708d145ecf0958214779879c270aa2f9fb1f80f187ccc2,229567,,,
https://www.federalreserve.gov/monetarypolicy/files/monetary20210616a1.pdf,2026-09-05T15:46:07.551449+00:00,sources/db166e4dedddd85e7211.pdf,https://www.federalreserve.gov/monetarypolicy/files/monetary20210616a1.pdf,ok,39f39887577c39d3bd293f199e4e53ebe8e3934159d65e62b497b3d348057ffd,234480,,,
https://www.federalreserve.gov/monetarypolicy/files/monetary20210728a1.pdf,2026-09-05T15:46:08.051294+00:00,sources/f7bfc1d9d0157d3f084f.pdf,https://www.federalreserve.gov/monetarypolicy/files/monetary20210728a1.pdf,ok,a42e16b2c5fa616dc7b8b71f24169b9325135cc9ba2ce3c2492e8081521a8dea,233808,,,
https://www.federalreserve.gov/monetarypolicy/files/monetary20210922a1.pdf,2026-09-05T15:46:08.578792+00:00,sources/1dc6edd11ee5089c87c4.pdf,https://www.federalreserve.gov/monetarypolicy/files/monetary20210922a1.pdf,ok,5f04a0bd564cb22503367079653c65c5a92dd91c3386d923037cea353129a404,335971,,,
https://www.federalreserve.gov/monetarypolicy/files/monetary20211103a1.pdf,2026-09-05T15:46:09.011462+00:00,sources/5fbf10d47e801f66d8b6.pdf,https://www.federalreserve.gov/monetarypolicy/files/monetary20211103a1.pdf,ok,05830ff0f00a861442a81c9fc737596a25529d5f029a38b660aae71ee2ff2d07,298812,,,
https://www.federalreserve.gov/monetarypolicy/files/monetary20211215a1.pdf,2026-09-05T15:46:09.380645+00:00,sources/71c1d2a482cb03c9870f.pdf,https://www.federalreserve.gov/monetarypolicy/files/monetary20211215a1.pdf,ok,f26cd5c0ab7af30bbceaf0fdab6d8a35bbe77f805b6121a104e04da28209a45d,337503,,,
