request_id	pair	from_ms	to_ms	kind	mechanism	attempt	status	all_data_loaded	count	first_time_ms	first_bid	last_time_ms	last_bid	exact_from_ticks	exact_to_ticks	raw_sha256	acquired_utc	error	api_version	client_version	java_version
R0000	EUR/USD	1467428400000	1467432000000	retrieval_error_hour	getTicks	1	success	not_applicable	0					0	0	e3b0c44298fc1c149afbf4c8996fb92427ae41e4649b934ca495991b7852b855	2026-09-08T14:10:13.866Z		2.13.99	3.6.51	1.8.0_472-b09
R0000	EUR/USD	1467428400000	1467432000000	retrieval_error_hour	readTicks	1	success	true	0					0	0	e3b0c44298fc1c149afbf4c8996fb92427ae41e4649b934ca495991b7852b855	2026-09-08T14:10:13.883Z		2.13.99	3.6.51	1.8.0_472-b09
R0000	EUR/USD	1467428400000	1467432000000	retrieval_error_hour	getBars	1	success	not_applicable	60	1467428400000	1.11365	1467431940000	1.11365	1	0	945209ae06d426851ddc6ec73681af56351c90b9a5654d783db5757d57c2b060	2026-09-08T14:10:14.573Z		2.13.99	3.6.51	1.8.0_472-b09
R0001	EUR/USD	1467435600000	1467439200000	retrieval_error_hour	getTicks	1	success	not_applicable	0					0	0	e3b0c44298fc1c149afbf4c8996fb92427ae41e4649b934ca495991b7852b855	2026-09-08T14:10:15Z		2.13.99	3.6.51	1.8.0_472-b09
R0001	EUR/USD	1467435600000	1467439200000	retrieval_error_hour	readTicks	1	success	true	0					0	0	e3b0c44298fc1c149afbf4c8996fb92427ae41e4649b934ca495991b7852b855	2026-09-08T14:10:15Z		2.13.99	3.6.51	1.8.0_472-b09
R0001	EUR/USD	1467435600000	1467439200000	retrieval_error_hour	getBars	1	success	not_applicable	60	1467435600000	1.11365	1467439140000	1.11365	1	0	a77a01c40c354d36272a5eecf5ce4090918f3641f3d55ee32123a6ed88221dc4	2026-09-08T14:10:15.002Z		2.13.99	3.6.51	1.8.0_472-b09
R0002	EUR/USD	1482620400000	1482624000000	retrieval_error_hour	getTicks	1	success	not_applicable	0					0	0	e3b0c44298fc1c149afbf4c8996fb92427ae41e4649b934ca495991b7852b855	2026-09-08T14:10:15.462Z		2.13.99	3.6.51	1.8.0_472-b09
R0002	EUR/USD	1482620400000	1482624000000	retrieval_error_hour	readTicks	1	success	true	0					0	0	e3b0c44298fc1c149afbf4c8996fb92427ae41e4649b934ca495991b7852b855	2026-09-08T14:10:15.464Z		2.13.99	3.6.51	1.8.0_472-b09
R0002	EUR/USD	1482620400000	1482624000000	retrieval_error_hour	getBars	1	success	not_applicable	60	1482620400000	1.04532	1482623940000	1.04532	1	0	6ecf549a51310706a7cecaa6b79d6cdf10d310e62c425d4d135d797ccf061723	2026-09-08T14:10:15.688Z		2.13.99	3.6.51	1.8.0_472-b09
R0003	EUR/USD	1492218000000	1492221600000	retrieval_error_hour	getTicks	1	success	not_applicable	0					0	0	e3b0c44298fc1c149afbf4c8996fb92427ae41e4649b934ca495991b7852b855	2026-09-08T14:10:16.132Z		2.13.99	3.6.51	1.8.0_472-b09
R0003	EUR/USD	1492218000000	1492221600000	retrieval_error_hour	readTicks	1	success	true	0					0	0	e3b0c44298fc1c149afbf4c8996fb92427ae41e4649b934ca495991b7852b855	2026-09-08T14:10:16.133Z		2.13.99	3.6.51	1.8.0_472-b09
R0003	EUR/USD	1492218000000	1492221600000	retrieval_error_hour	getBars	1	success	not_applicable	60	1492218000000	1.06105	1492221540000	1.06105	1	0	b1a0d3cc9a6267842add14059641a5181d91845c673324681bec25dcfbd91776	2026-09-08T14:10:16.373Z		2.13.99	3.6.51	1.8.0_472-b09
R0004	EUR/USD	1521302400000	1521306000000	retrieval_error_hour	getTicks	1	success	not_applicable	0					0	0	e3b0c44298fc1c149afbf4c8996fb92427ae41e4649b934ca495991b7852b855	2026-09-08T14:10:16.821Z		2.13.99	3.6.51	1.8.0_472-b09
R0004	EUR/USD	1521302400000	1521306000000	retrieval_error_hour	readTicks	1	success	true	0					0	0	e3b0c44298fc1c149afbf4c8996fb92427ae41e4649b934ca495991b7852b855	2026-09-08T14:10:16.822Z		2.13.99	3.6.51	1.8.0_472-b09
R0004	EUR/USD	1521302400000	1521306000000	retrieval_error_hour	getBars	1	success	not_applicable	60	1521302400000	1.22889	1521305940000	1.22889	1	0	c4f42cb2b5e8ed9921deca25abfbf4eac553d7e88292914675ed3baa2c7ce38d	2026-09-08T14:10:17.231Z		2.13.99	3.6.51	1.8.0_472-b09
R0005	EUR/USD	1521324000000	1521327600000	retrieval_error_hour	getTicks	1	success	not_applicable	0					0	0	e3b0c44298fc1c149afbf4c8996fb92427ae41e4649b934ca495991b7852b855	2026-09-08T14:10:17.694Z		2.13.99	3.6.51	1.8.0_472-b09
R0005	EUR/USD	1521324000000	1521327600000	retrieval_error_hour	readTicks	1	success	true	0					0	0	e3b0c44298fc1c149afbf4c8996fb92427ae41e4649b934ca495991b7852b855	2026-09-08T14:10:17.695Z		2.13.99	3.6.51	1.8.0_472-b09
R0005	EUR/USD	1521324000000	1521327600000	retrieval_error_hour	getBars	1	success	not_applicable	60	1521324000000	1.22889	1521327540000	1.22889	1	0	41eaa315e2b0f526001091c8cf4b62cf523568c30d783d6994e18088176c4b5a	2026-09-08T14:10:17.696Z		2.13.99	3.6.51	1.8.0_472-b09
R0006	EUR/USD	1521363600000	1521367200000	retrieval_error_hour	getTicks	1	success	not_applicable	0					0	0	e3b0c44298fc1c149afbf4c8996fb92427ae41e4649b934ca495991b7852b855	2026-09-08T14:10:18.213Z		2.13.99	3.6.51	1.8.0_472-b09
R0006	EUR/USD	1521363600000	1521367200000	retrieval_error_hour	readTicks	1	success	true	0					0	0	e3b0c44298fc1c149afbf4c8996fb92427ae41e4649b934ca495991b7852b855	2026-09-08T14:10:18.213Z		2.13.99	3.6.51	1.8.0_472-b09
R0006	EUR/USD	1521363600000	1521367200000	retrieval_error_hour	getBars	1	success	not_applicable	60	1521363600000	1.22889	1521367140000	1.22889	1	0	e7727dca1de951d7a0ede14f456c4b5d92f17de1f9bccae2ba1bafe6e4d2c7ae	2026-09-08T14:10:18.442Z		2.13.99	3.6.51	1.8.0_472-b09
R0007	EUR/USD	1521399600000	1521403200000	retrieval_error_hour	getTicks	1	success	not_applicable	0					0	0	e3b0c44298fc1c149afbf4c8996fb92427ae41e4649b934ca495991b7852b855	2026-09-08T14:10:18.930Z		2.13.99	3.6.51	1.8.0_472-b09
R0007	EUR/USD	1521399600000	1521403200000	retrieval_error_hour	readTicks	1	success	true	0					0	0	e3b0c44298fc1c149afbf4c8996fb92427ae41e4649b934ca495991b7852b855	2026-09-08T14:10:18.931Z		2.13.99	3.6.51	1.8.0_472-b09
R0007	EUR/USD	1521399600000	1521403200000	retrieval_error_hour	getBars	1	success	not_applicable	60	1521399600000	1.22889	1521403140000	1.22889	1	0	f03467138e55e0beed4ca1a66d48cccdbc6b700d6d5cfc544f1a165d7765012c	2026-09-08T14:10:18.932Z		2.13.99	3.6.51	1.8.0_472-b09
R0008	EUR/USD	1530903600000	1530907200000	retrieval_error_hour	getTicks	1	success	not_applicable	2616	1530903600094	1.17442	1530907199910	1.17425	0	0	3f031730468d7d9381a4afc04a475c7d54c15227e1682bd7675a191e74355830	2026-09-08T14:10:19.659Z		2.13.99	3.6.51	1.8.0_472-b09
R0008	EUR/USD	1530903600000	1530907200000	retrieval_error_hour	readTicks	1	success	true	2616	1530903600094	1.17442	1530907199910	1.17425	0	0	3f031730468d7d9381a4afc04a475c7d54c15227e1682bd7675a191e74355830	2026-09-08T14:10:19.671Z		2.13.99	3.6.51	1.8.0_472-b09
R0008	EUR/USD	1530903600000	1530907200000	retrieval_error_hour	getBars	1	success	not_applicable	60	1530903600000	1.17442	1530907140000	1.17422	1	0	cdb6a0e2b04fceac72299c69fa9befca12b6275da58351f5437795cd661e5634	2026-09-08T14:10:20.197Z		2.13.99	3.6.51	1.8.0_472-b09
R0009	EUR/USD	1530921600000	1530925200000	retrieval_error_hour	getTicks	1	success	not_applicable	0					0	0	e3b0c44298fc1c149afbf4c8996fb92427ae41e4649b934ca495991b7852b855	2026-09-08T14:10:21.102Z		2.13.99	3.6.51	1.8.0_472-b09
R0009	EUR/USD	1530921600000	1530925200000	retrieval_error_hour	readTicks	1	success	true	0					0	0	e3b0c44298fc1c149afbf4c8996fb92427ae41e4649b934ca495991b7852b855	2026-09-08T14:10:21.103Z		2.13.99	3.6.51	1.8.0_472-b09
R0009	EUR/USD	1530921600000	1530925200000	retrieval_error_hour	getBars	1	success	not_applicable	60	1530921600000	1.17444	1530925140000	1.17444	1	0	d56e406ab522891ea8e2649ef455a0a0efe45b2ec02095b11f7e19630e668f6e	2026-09-08T14:10:21.507Z		2.13.99	3.6.51	1.8.0_472-b09
R0010	EUR/USD	1530928800000	1530932400000	retrieval_error_hour	getTicks	1	success	not_applicable	0					0	0	e3b0c44298fc1c149afbf4c8996fb92427ae41e4649b934ca495991b7852b855	2026-09-08T14:10:21.986Z		2.13.99	3.6.51	1.8.0_472-b09
R0010	EUR/USD	1530928800000	1530932400000	retrieval_error_hour	readTicks	1	success	true	0					0	0	e3b0c44298fc1c149afbf4c8996fb92427ae41e4649b934ca495991b7852b855	2026-09-08T14:10:21.987Z		2.13.99	3.6.51	1.8.0_472-b09
R0010	EUR/USD	1530928800000	1530932400000	retrieval_error_hour	getBars	1	success	not_applicable	60	1530928800000	1.17444	1530932340000	1.17444	1	0	79e78dc1643b67a843bd34d5641a782121e90c196145266b18e9638377305c94	2026-09-08T14:10:21.987Z		2.13.99	3.6.51	1.8.0_472-b09
R0011	EUR/USD	1530932400000	1530936000000	retrieval_error_hour	getTicks	1	success	not_applicable	0					0	0	e3b0c44298fc1c149afbf4c8996fb92427ae41e4649b934ca495991b7852b855	2026-09-08T14:10:22.321Z		2.13.99	3.6.51	1.8.0_472-b09
R0011	EUR/USD	1530932400000	1530936000000	retrieval_error_hour	readTicks	1	success	true	0					0	0	e3b0c44298fc1c149afbf4c8996fb92427ae41e4649b934ca495991b7852b855	2026-09-08T14:10:22.322Z		2.13.99	3.6.51	1.8.0_472-b09
R0011	EUR/USD	1530932400000	1530936000000	retrieval_error_hour	getBars	1	success	not_applicable	60	1530932400000	1.17444	1530935940000	1.17444	1	0	b252aead9d61614b1b75765afe0d72896163a458afdc6b5c188f5938f4d55392	2026-09-08T14:10:22.322Z		2.13.99	3.6.51	1.8.0_472-b09
R0012	EUR/USD	1530939600000	1530943200000	retrieval_error_hour	getTicks	1	success	not_applicable	0					0	0	e3b0c44298fc1c149afbf4c8996fb92427ae41e4649b934ca495991b7852b855	2026-09-08T14:10:22.850Z		2.13.99	3.6.51	1.8.0_472-b09
R0012	EUR/USD	1530939600000	1530943200000	retrieval_error_hour	readTicks	1	success	true	0					0	0	e3b0c44298fc1c149afbf4c8996fb92427ae41e4649b934ca495991b7852b855	2026-09-08T14:10:22.851Z		2.13.99	3.6.51	1.8.0_472-b09
R0012	EUR/USD	1530939600000	1530943200000	retrieval_error_hour	getBars	1	success	not_applicable	60	1530939600000	1.17444	1530943140000	1.17444	1	0	ee309d77c0387889c777f53ae0b69df019768f94c0a915b96442f2ca5589995d	2026-09-08T14:10:22.852Z		2.13.99	3.6.51	1.8.0_472-b09
R0013	EUR/USD	1530946800000	1530950400000	retrieval_error_hour	getTicks	1	success	not_applicable	0					0	0	e3b0c44298fc1c149afbf4c8996fb92427ae41e4649b934ca495991b7852b855	2026-09-08T14:10:23.328Z		2.13.99	3.6.51	1.8.0_472-b09
R0013	EUR/USD	1530946800000	1530950400000	retrieval_error_hour	readTicks	1	success	true	0					0	0	e3b0c44298fc1c149afbf4c8996fb92427ae41e4649b934ca495991b7852b855	2026-09-08T14:10:23.329Z		2.13.99	3.6.51	1.8.0_472-b09
R0013	EUR/USD	1530946800000	1530950400000	retrieval_error_hour	getBars	1	success	not_applicable	60	1530946800000	1.17444	1530950340000	1.17444	1	0	9dc62eeb17b69a0363c104b66bc553839bbafec7c917e92a869ace87dc79330a	2026-09-08T14:10:23.329Z		2.13.99	3.6.51	1.8.0_472-b09
R0014	EUR/USD	1530954000000	1530957600000	retrieval_error_hour	getTicks	1	success	not_applicable	0					0	0	e3b0c44298fc1c149afbf4c8996fb92427ae41e4649b934ca495991b7852b855	2026-09-08T14:10:23.870Z		2.13.99	3.6.51	1.8.0_472-b09
R0014	EUR/USD	1530954000000	1530957600000	retrieval_error_hour	readTicks	1	success	true	0					0	0	e3b0c44298fc1c149afbf4c8996fb92427ae41e4649b934ca495991b7852b855	2026-09-08T14:10:23.870Z		2.13.99	3.6.51	1.8.0_472-b09
R0014	EUR/USD	1530954000000	1530957600000	retrieval_error_hour	getBars	1	success	not_applicable	60	1530954000000	1.17444	1530957540000	1.17444	1	0	d211038f6068304cbc8eed9dd3f622e49738fb145fa49e89065985c9a98c30e6	2026-09-08T14:10:23.872Z		2.13.99	3.6.51	1.8.0_472-b09
R0015	EUR/USD	1530957600000	1530961200000	retrieval_error_hour	getTicks	1	success	not_applicable	0					0	0	e3b0c44298fc1c149afbf4c8996fb92427ae41e4649b934ca495991b7852b855	2026-09-08T14:10:24.110Z		2.13.99	3.6.51	1.8.0_472-b09
R0015	EUR/USD	1530957600000	1530961200000	retrieval_error_hour	readTicks	1	success	true	0					0	0	e3b0c44298fc1c149afbf4c8996fb92427ae41e4649b934ca495991b7852b855	2026-09-08T14:10:24.111Z		2.13.99	3.6.51	1.8.0_472-b09
R0015	EUR/USD	1530957600000	1530961200000	retrieval_error_hour	getBars	1	success	not_applicable	60	1530957600000	1.17444	1530961140000	1.17444	1	0	6117a69ce851c4788841a41272347e3df0eef0bdecea870fdb0479c75bfbe80c	2026-09-08T14:10:24.112Z		2.13.99	3.6.51	1.8.0_472-b09
R0016	EUR/USD	1530982800000	1530986400000	retrieval_error_hour	getTicks	1	success	not_applicable	0					0	0	e3b0c44298fc1c149afbf4c8996fb92427ae41e4649b934ca495991b7852b855	2026-09-08T14:10:24.579Z		2.13.99	3.6.51	1.8.0_472-b09
R0016	EUR/USD	1530982800000	1530986400000	retrieval_error_hour	readTicks	1	success	true	0					0	0	e3b0c44298fc1c149afbf4c8996fb92427ae41e4649b934ca495991b7852b855	2026-09-08T14:10:24.580Z		2.13.99	3.6.51	1.8.0_472-b09
R0016	EUR/USD	1530982800000	1530986400000	retrieval_error_hour	getBars	1	success	not_applicable	60	1530982800000	1.17444	1530986340000	1.17444	1	0	5c8c969b5fe5c9f941fd2aac42cd052b87ae9cfb50f42dbc58051374dc1adf20	2026-09-08T14:10:24.581Z		2.13.99	3.6.51	1.8.0_472-b09
R0017	EUR/USD	1530997200000	1531000800000	retrieval_error_hour	getTicks	1	success	not_applicable	0					0	0	e3b0c44298fc1c149afbf4c8996fb92427ae41e4649b934ca495991b7852b855	2026-09-08T14:10:25.140Z		2.13.99	3.6.51	1.8.0_472-b09
R0017	EUR/USD	1530997200000	1531000800000	retrieval_error_hour	readTicks	1	success	true	0					0	0	e3b0c44298fc1c149afbf4c8996fb92427ae41e4649b934ca495991b7852b855	2026-09-08T14:10:25.141Z		2.13.99	3.6.51	1.8.0_472-b09
R0017	EUR/USD	1530997200000	1531000800000	retrieval_error_hour	getBars	1	success	not_applicable	60	1530997200000	1.17444	1531000740000	1.17444	1	0	64a4cbd1ac6acb62b526beb892ad555e9cfc84d9f3648009ce8c17b63dbb0b1b	2026-09-08T14:10:25.142Z		2.13.99	3.6.51	1.8.0_472-b09
R0018	EUR/USD	1531000800000	1531004400000	retrieval_error_hour	getTicks	1	success	not_applicable	0					0	0	e3b0c44298fc1c149afbf4c8996fb92427ae41e4649b934ca495991b7852b855	2026-09-08T14:10:25.366Z		2.13.99	3.6.51	1.8.0_472-b09
R0018	EUR/USD	1531000800000	1531004400000	retrieval_error_hour	readTicks	1	success	true	0					0	0	e3b0c44298fc1c149afbf4c8996fb92427ae41e4649b934ca495991b7852b855	2026-09-08T14:10:25.367Z		2.13.99	3.6.51	1.8.0_472-b09
R0018	EUR/USD	1531000800000	1531004400000	retrieval_error_hour	getBars	1	success	not_applicable	60	1531000800000	1.17444	1531004340000	1.17444	1	0	f4a5f625884710e2933c068b7941bf26056247d48e0aa8f83d0f5fdfe983e365	2026-09-08T14:10:25.368Z		2.13.99	3.6.51	1.8.0_472-b09
R0019	EUR/USD	1531011600000	1531015200000	retrieval_error_hour	getTicks	1	success	not_applicable	0					0	0	e3b0c44298fc1c149afbf4c8996fb92427ae41e4649b934ca495991b7852b855	2026-09-08T14:10:25.889Z		2.13.99	3.6.51	1.8.0_472-b09
R0019	EUR/USD	1531011600000	1531015200000	retrieval_error_hour	readTicks	1	success	true	0					0	0	e3b0c44298fc1c149afbf4c8996fb92427ae41e4649b934ca495991b7852b855	2026-09-08T14:10:25.890Z		2.13.99	3.6.51	1.8.0_472-b09
R0019	EUR/USD	1531011600000	1531015200000	retrieval_error_hour	getBars	1	success	not_applicable	60	1531011600000	1.17444	1531015140000	1.17444	1	0	c0fbe38fb3d54d903c98ca8a68259ed3a81b3e3e0d4969de3b4bd11ef2692e7b	2026-09-08T14:10:26.245Z		2.13.99	3.6.51	1.8.0_472-b09
R0020	EUR/USD	1531018800000	1531022400000	retrieval_error_hour	getTicks	1	success	not_applicable	0					0	0	e3b0c44298fc1c149afbf4c8996fb92427ae41e4649b934ca495991b7852b855	2026-09-08T14:10:26.719Z		2.13.99	3.6.51	1.8.0_472-b09
R0020	EUR/USD	1531018800000	1531022400000	retrieval_error_hour	readTicks	1	success	true	0					0	0	e3b0c44298fc1c149afbf4c8996fb92427ae41e4649b934ca495991b7852b855	2026-09-08T14:10:26.720Z		2.13.99	3.6.51	1.8.0_472-b09
R0020	EUR/USD	1531018800000	1531022400000	retrieval_error_hour	getBars	1	success	not_applicable	60	1531018800000	1.17444	1531022340000	1.17444	1	0	47ac35732bbfcf824af2923e8ee2beefeb5bc1c492c550f14321dab5e10b4283	2026-09-08T14:10:26.721Z		2.13.99	3.6.51	1.8.0_472-b09
R0021	EUR/USD	1531026000000	1531029600000	retrieval_error_hour	getTicks	1	success	not_applicable	0					0	0	e3b0c44298fc1c149afbf4c8996fb92427ae41e4649b934ca495991b7852b855	2026-09-08T14:10:27.536Z		2.13.99	3.6.51	1.8.0_472-b09
R0021	EUR/USD	1531026000000	1531029600000	retrieval_error_hour	readTicks	1	success	true	0					0	0	e3b0c44298fc1c149afbf4c8996fb92427ae41e4649b934ca495991b7852b855	2026-09-08T14:10:27.537Z		2.13.99	3.6.51	1.8.0_472-b09
R0021	EUR/USD	1531026000000	1531029600000	retrieval_error_hour	getBars	1	success	not_applicable	60	1531026000000	1.17444	1531029540000	1.17444	1	0	4f5dd43d70f5f29d5d26c0dfba64b5dd8b441928b1fcb0d95be3cc7f4b175afa	2026-09-08T14:10:27.538Z		2.13.99	3.6.51	1.8.0_472-b09
R0022	EUR/USD	1531040400000	1531044000000	retrieval_error_hour	getTicks	1	success	not_applicable	0					0	0	e3b0c44298fc1c149afbf4c8996fb92427ae41e4649b934ca495991b7852b855	2026-09-08T14:10:28.238Z		2.13.99	3.6.51	1.8.0_472-b09
R0022	EUR/USD	1531040400000	1531044000000	retrieval_error_hour	readTicks	1	success	true	0					0	0	e3b0c44298fc1c149afbf4c8996fb92427ae41e4649b934ca495991b7852b855	2026-09-08T14:10:28.239Z		2.13.99	3.6.51	1.8.0_472-b09
R0022	EUR/USD	1531040400000	1531044000000	retrieval_error_hour	getBars	1	success	not_applicable	60	1531040400000	1.17444	1531043940000	1.17444	1	0	29557ea53bbeab4cceb5dfa87659c1d878b97974aaae227621d3ee6b39f930a9	2026-09-08T14:10:28.240Z		2.13.99	3.6.51	1.8.0_472-b09
R0023	EUR/USD	1531044000000	1531047600000	retrieval_error_hour	getTicks	1	success	not_applicable	0					0	0	e3b0c44298fc1c149afbf4c8996fb92427ae41e4649b934ca495991b7852b855	2026-09-08T14:10:28.502Z		2.13.99	3.6.51	1.8.0_472-b09
R0023	EUR/USD	1531044000000	1531047600000	retrieval_error_hour	readTicks	1	success	true	0					0	0	e3b0c44298fc1c149afbf4c8996fb92427ae41e4649b934ca495991b7852b855	2026-09-08T14:10:28.503Z		2.13.99	3.6.51	1.8.0_472-b09
R0023	EUR/USD	1531044000000	1531047600000	retrieval_error_hour	getBars	1	success	not_applicable	60	1531044000000	1.17444	1531047540000	1.17444	1	0	7520345bff7673398f38cf9416c070518449482b4c1ece5e79bcf3faeb610df1	2026-09-08T14:10:28.503Z		2.13.99	3.6.51	1.8.0_472-b09
R0024	EUR/USD	1531051200000	1531054800000	retrieval_error_hour	getTicks	1	success	not_applicable	0					0	0	e3b0c44298fc1c149afbf4c8996fb92427ae41e4649b934ca495991b7852b855	2026-09-08T14:10:29.025Z		2.13.99	3.6.51	1.8.0_472-b09
R0024	EUR/USD	1531051200000	1531054800000	retrieval_error_hour	readTicks	1	success	true	0					0	0	e3b0c44298fc1c149afbf4c8996fb92427ae41e4649b934ca495991b7852b855	2026-09-08T14:10:29.026Z		2.13.99	3.6.51	1.8.0_472-b09
R0024	EUR/USD	1531051200000	1531054800000	retrieval_error_hour	getBars	1	success	not_applicable	60	1531051200000	1.17444	1531054740000	1.17444	1	0	d54354a01f4d63a7022a73643eb15f65c301ad99ef57c22fed9b7c9b123c0306	2026-09-08T14:10:29.026Z		2.13.99	3.6.51	1.8.0_472-b09
R0025	EUR/USD	1531054800000	1531058400000	retrieval_error_hour	getTicks	1	success	not_applicable	0					0	0	e3b0c44298fc1c149afbf4c8996fb92427ae41e4649b934ca495991b7852b855	2026-09-08T14:10:29.262Z		2.13.99	3.6.51	1.8.0_472-b09
R0025	EUR/USD	1531054800000	1531058400000	retrieval_error_hour	readTicks	1	success	true	0					0	0	e3b0c44298fc1c149afbf4c8996fb92427ae41e4649b934ca495991b7852b855	2026-09-08T14:10:29.262Z		2.13.99	3.6.51	1.8.0_472-b09
R0025	EUR/USD	1531054800000	1531058400000	retrieval_error_hour	getBars	1	success	not_applicable	60	1531054800000	1.17444	1531058340000	1.17444	1	0	24079273ace613ae8bc5bf9a87470af043c9b63679997259d7ad1186d0925b1c	2026-09-08T14:10:29.263Z		2.13.99	3.6.51	1.8.0_472-b09
R0026	EUR/USD	1531065600000	1531069200000	retrieval_error_hour	getTicks	1	success	not_applicable	0					0	0	e3b0c44298fc1c149afbf4c8996fb92427ae41e4649b934ca495991b7852b855	2026-09-08T14:10:29.764Z		2.13.99	3.6.51	1.8.0_472-b09
R0026	EUR/USD	1531065600000	1531069200000	retrieval_error_hour	readTicks	1	success	true	0					0	0	e3b0c44298fc1c149afbf4c8996fb92427ae41e4649b934ca495991b7852b855	2026-09-08T14:10:29.765Z		2.13.99	3.6.51	1.8.0_472-b09
R0026	EUR/USD	1531065600000	1531069200000	retrieval_error_hour	getBars	1	success	not_applicable	60	1531065600000	1.17444	1531069140000	1.17444	1	0	6cd0c692a0dd45efe767acd45f8bf11a30d058fd52f4dca90ab715c78aa3f66b	2026-09-08T14:10:29.766Z		2.13.99	3.6.51	1.8.0_472-b09
R0027	EUR/USD	1531069200000	1531072800000	retrieval_error_hour	getTicks	1	success	not_applicable	0					0	0	e3b0c44298fc1c149afbf4c8996fb92427ae41e4649b934ca495991b7852b855	2026-09-08T14:10:29.991Z		2.13.99	3.6.51	1.8.0_472-b09
R0027	EUR/USD	1531069200000	1531072800000	retrieval_error_hour	readTicks	1	success	true	0					0	0	e3b0c44298fc1c149afbf4c8996fb92427ae41e4649b934ca495991b7852b855	2026-09-08T14:10:29.991Z		2.13.99	3.6.51	1.8.0_472-b09
R0027	EUR/USD	1531069200000	1531072800000	retrieval_error_hour	getBars	1	success	not_applicable	60	1531069200000	1.17444	1531072740000	1.17444	1	0	7d69e760ad16ce399f268c2b2de043b2d817c0809a72a734890a7f7a9d8d0af5	2026-09-08T14:10:29.992Z		2.13.99	3.6.51	1.8.0_472-b09
R0028	EUR/USD	1531080000000	1531083600000	retrieval_error_hour	getTicks	1	success	not_applicable	0					0	0	e3b0c44298fc1c149afbf4c8996fb92427ae41e4649b934ca495991b7852b855	2026-09-08T14:10:30.505Z		2.13.99	3.6.51	1.8.0_472-b09
R0028	EUR/USD	1531080000000	1531083600000	retrieval_error_hour	readTicks	1	success	true	0					0	0	e3b0c44298fc1c149afbf4c8996fb92427ae41e4649b934ca495991b7852b855	2026-09-08T14:10:30.507Z		2.13.99	3.6.51	1.8.0_472-b09
R0028	EUR/USD	1531080000000	1531083600000	retrieval_error_hour	getBars	1	success	not_applicable	60	1531080000000	1.17444	1531083540000	1.17444	1	0	3234fa48e6d070c9f6bc77b5832579ecf9caf0899b373d00f3744b9d8fd16041	2026-09-08T14:10:30.507Z		2.13.99	3.6.51	1.8.0_472-b09
R0029	EUR/USD	1545717600000	1545721200000	retrieval_error_hour	getTicks	1	success	not_applicable	746	1545717600245	1.14148	1545721193626	1.14125	0	0	5e51a82c43687f39c1fd7aa6036d96aa2384e0d2c9cd78eb8ab734e5d34cf39d	2026-09-08T14:10:31.004Z		2.13.99	3.6.51	1.8.0_472-b09
R0029	EUR/USD	1545717600000	1545721200000	retrieval_error_hour	readTicks	1	success	true	746	1545717600245	1.14148	1545721193626	1.14125	0	0	5e51a82c43687f39c1fd7aa6036d96aa2384e0d2c9cd78eb8ab734e5d34cf39d	2026-09-08T14:10:31.015Z		2.13.99	3.6.51	1.8.0_472-b09
R0029	EUR/USD	1545717600000	1545721200000	retrieval_error_hour	getBars	1	success	not_applicable	60	1545717600000	1.14148	1545721140000	1.14136	1	0	7d2e794c7e058049e5708e69af04a63f1c222284215213064f938b3c7fdf8c63	2026-09-08T14:10:31.363Z		2.13.99	3.6.51	1.8.0_472-b09
R0030	EUR/USD	1545721200000	1545724800000	retrieval_error_hour	getTicks	1	success	not_applicable	668	1545721201179	1.14125	1545724729075	1.13988	0	0	9b0b9cad3301546e58176ba76350b77e4e16be1f92acb35454b4dba607ead3ce	2026-09-08T14:10:31.711Z		2.13.99	3.6.51	1.8.0_472-b09
R0030	EUR/USD	1545721200000	1545724800000	retrieval_error_hour	readTicks	1	success	true	668	1545721201179	1.14125	1545724729075	1.13988	0	0	9b0b9cad3301546e58176ba76350b77e4e16be1f92acb35454b4dba607ead3ce	2026-09-08T14:10:31.713Z		2.13.99	3.6.51	1.8.0_472-b09
R0030	EUR/USD	1545721200000	1545724800000	retrieval_error_hour	getBars	1	success	not_applicable	60	1545721200000	1.14125	1545724740000	1.13988	1	0	d5c56487654941b18c36f12e25ea6e296a627017a5488bdf253dad4e26d29865	2026-09-08T14:10:31.714Z		2.13.99	3.6.51	1.8.0_472-b09
R0031	EUR/USD	1545724800000	1545728400000	retrieval_error_hour	getTicks	1	success	not_applicable	0					0	0	e3b0c44298fc1c149afbf4c8996fb92427ae41e4649b934ca495991b7852b855	2026-09-08T14:10:31.959Z		2.13.99	3.6.51	1.8.0_472-b09
R0031	EUR/USD	1545724800000	1545728400000	retrieval_error_hour	readTicks	1	success	true	0					0	0	e3b0c44298fc1c149afbf4c8996fb92427ae41e4649b934ca495991b7852b855	2026-09-08T14:10:31.960Z		2.13.99	3.6.51	1.8.0_472-b09
R0031	EUR/USD	1545724800000	1545728400000	retrieval_error_hour	getBars	1	success	not_applicable	60	1545724800000	1.13988	1545728340000	1.13988	1	0	1f4bd2cd48634683bc992bde578b03e602dee5c9827e54a0913a7be890de422c	2026-09-08T14:10:31.960Z		2.13.99	3.6.51	1.8.0_472-b09
R0032	EUR/USD	1545732000000	1545735600000	retrieval_error_hour	getTicks	1	success	not_applicable	0					0	0	e3b0c44298fc1c149afbf4c8996fb92427ae41e4649b934ca495991b7852b855	2026-09-08T14:10:32.804Z		2.13.99	3.6.51	1.8.0_472-b09
R0032	EUR/USD	1545732000000	1545735600000	retrieval_error_hour	readTicks	1	success	true	0					0	0	e3b0c44298fc1c149afbf4c8996fb92427ae41e4649b934ca495991b7852b855	2026-09-08T14:10:32.805Z		2.13.99	3.6.51	1.8.0_472-b09
R0032	EUR/USD	1545732000000	1545735600000	retrieval_error_hour	getBars	1	success	not_applicable	60	1545732000000	1.13988	1545735540000	1.13988	1	0	02cb0dc99ff7fe99f53df4f7d80c5bc5bb2478333bcfefd41c3da4513c734e2b	2026-09-08T14:10:32.805Z		2.13.99	3.6.51	1.8.0_472-b09
R0033	EUR/USD	1545735600000	1545739200000	retrieval_error_hour	getTicks	1	success	not_applicable	0					0	0	e3b0c44298fc1c149afbf4c8996fb92427ae41e4649b934ca495991b7852b855	2026-09-08T14:10:33.181Z		2.13.99	3.6.51	1.8.0_472-b09
R0033	EUR/USD	1545735600000	1545739200000	retrieval_error_hour	readTicks	1	success	true	0					0	0	e3b0c44298fc1c149afbf4c8996fb92427ae41e4649b934ca495991b7852b855	2026-09-08T14:10:33.182Z		2.13.99	3.6.51	1.8.0_472-b09
R0033	EUR/USD	1545735600000	1545739200000	retrieval_error_hour	getBars	1	success	not_applicable	60	1545735600000	1.13988	1545739140000	1.13988	1	0	5143d69258ed15eda280bebea2316c5c5f967692b597c644e4cd1f0c782adfdc	2026-09-08T14:10:33.182Z		2.13.99	3.6.51	1.8.0_472-b09
R0034	EUR/USD	1545746400000	1545750000000	retrieval_error_hour	getTicks	1	success	not_applicable	0					0	0	e3b0c44298fc1c149afbf4c8996fb92427ae41e4649b934ca495991b7852b855	2026-09-08T14:10:33.874Z		2.13.99	3.6.51	1.8.0_472-b09
R0034	EUR/USD	1545746400000	1545750000000	retrieval_error_hour	readTicks	1	success	true	0					0	0	e3b0c44298fc1c149afbf4c8996fb92427ae41e4649b934ca495991b7852b855	2026-09-08T14:10:33.874Z		2.13.99	3.6.51	1.8.0_472-b09
R0034	EUR/USD	1545746400000	1545750000000	retrieval_error_hour	getBars	1	success	not_applicable	60	1545746400000	1.13988	1545749940000	1.13988	1	0	9a96324a3aede731434c1eac3be34e8b6e82bd30ab3e5ef95ca9ee5f4a05aaca	2026-09-08T14:10:33.875Z		2.13.99	3.6.51	1.8.0_472-b09
R0035	EUR/USD	1545753600000	1545757200000	retrieval_error_hour	getTicks	1	success	not_applicable	0					0	0	e3b0c44298fc1c149afbf4c8996fb92427ae41e4649b934ca495991b7852b855	2026-09-08T14:10:34.343Z		2.13.99	3.6.51	1.8.0_472-b09
R0035	EUR/USD	1545753600000	1545757200000	retrieval_error_hour	readTicks	1	success	true	0					0	0	e3b0c44298fc1c149afbf4c8996fb92427ae41e4649b934ca495991b7852b855	2026-09-08T14:10:34.344Z		2.13.99	3.6.51	1.8.0_472-b09
R0035	EUR/USD	1545753600000	1545757200000	retrieval_error_hour	getBars	1	success	not_applicable	60	1545753600000	1.13988	1545757140000	1.13988	1	0	4ba9d580a477d0b61038ef4681e140aedcfcd942d3f03f4cd4a2ede99f9946f6	2026-09-08T14:10:34.345Z		2.13.99	3.6.51	1.8.0_472-b09
R0036	EUR/USD	1545757200000	1545760800000	retrieval_error_hour	getTicks	1	success	not_applicable	0					0	0	e3b0c44298fc1c149afbf4c8996fb92427ae41e4649b934ca495991b7852b855	2026-09-08T14:10:34.604Z		2.13.99	3.6.51	1.8.0_472-b09
R0036	EUR/USD	1545757200000	1545760800000	retrieval_error_hour	readTicks	1	success	true	0					0	0	e3b0c44298fc1c149afbf4c8996fb92427ae41e4649b934ca495991b7852b855	2026-09-08T14:10:34.604Z		2.13.99	3.6.51	1.8.0_472-b09
R0036	EUR/USD	1545757200000	1545760800000	retrieval_error_hour	getBars	1	success	not_applicable	60	1545757200000	1.13988	1545760740000	1.13988	1	0	40259182d3fa9e1cb131cdab1f62b7a193857364979416ff8b4a4b43d6f5ac84	2026-09-08T14:10:34.606Z		2.13.99	3.6.51	1.8.0_472-b09
R0037	EUR/USD	1545760800000	1545764400000	retrieval_error_hour	getTicks	1	success	not_applicable	0					0	0	e3b0c44298fc1c149afbf4c8996fb92427ae41e4649b934ca495991b7852b855	2026-09-08T14:10:34.830Z		2.13.99	3.6.51	1.8.0_472-b09
R0037	EUR/USD	1545760800000	1545764400000	retrieval_error_hour	readTicks	1	success	true	0					0	0	e3b0c44298fc1c149afbf4c8996fb92427ae41e4649b934ca495991b7852b855	2026-09-08T14:10:34.830Z		2.13.99	3.6.51	1.8.0_472-b09
R0037	EUR/USD	1545760800000	1545764400000	retrieval_error_hour	getBars	1	success	not_applicable	60	1545760800000	1.13988	1545764340000	1.13988	1	0	0ebb6d49f96feef8043c2a1f499c0c4a0ac01aab2f00db23a36231e876dd24b0	2026-09-08T14:10:34.831Z		2.13.99	3.6.51	1.8.0_472-b09
R0038	EUR/USD	1545771600000	1545775200000	retrieval_error_hour	getTicks	1	success	not_applicable	0					0	0	e3b0c44298fc1c149afbf4c8996fb92427ae41e4649b934ca495991b7852b855	2026-09-08T14:10:35.381Z		2.13.99	3.6.51	1.8.0_472-b09
R0038	EUR/USD	1545771600000	1545775200000	retrieval_error_hour	readTicks	1	success	true	0					0	0	e3b0c44298fc1c149afbf4c8996fb92427ae41e4649b934ca495991b7852b855	2026-09-08T14:10:35.381Z		2.13.99	3.6.51	1.8.0_472-b09
R0038	EUR/USD	1545771600000	1545775200000	retrieval_error_hour	getBars	1	success	not_applicable	60	1545771600000	1.13988	1545775140000	1.13988	1	0	d81dc82cf7a35dfb3e5fab7700d04e95eb0425f3e53833cd072fb4eea2b1fd16	2026-09-08T14:10:35.382Z		2.13.99	3.6.51	1.8.0_472-b09
R0039	EUR/USD	1546290000000	1546293600000	retrieval_error_hour	getTicks	1	success	not_applicable	2801	1546290000113	1.1456	1546293599716	1.14644	0	0	9c695031a9f4dc3a19733f8edbf7eac16ac35f5fde8ad9ecdb780d876e5cb76c	2026-09-08T14:10:35.898Z		2.13.99	3.6.51	1.8.0_472-b09
R0039	EUR/USD	1546290000000	1546293600000	retrieval_error_hour	readTicks	1	success	true	2801	1546290000113	1.1456	1546293599716	1.14644	0	0	9c695031a9f4dc3a19733f8edbf7eac16ac35f5fde8ad9ecdb780d876e5cb76c	2026-09-08T14:10:35.906Z		2.13.99	3.6.51	1.8.0_472-b09
R0039	EUR/USD	1546290000000	1546293600000	retrieval_error_hour	getBars	1	success	not_applicable	60	1546290000000	1.1456	1546293540000	1.14671	1	0	534855db8c3252d9b3a449220230626722b6bd3f273e1022e8064128f4f3980e	2026-09-08T14:10:36.143Z		2.13.99	3.6.51	1.8.0_472-b09
R0040	EUR/USD	1546308000000	1546311600000	retrieval_error_hour	getTicks	1	success	not_applicable	0					0	0	e3b0c44298fc1c149afbf4c8996fb92427ae41e4649b934ca495991b7852b855	2026-09-08T14:10:36.594Z		2.13.99	3.6.51	1.8.0_472-b09
R0040	EUR/USD	1546308000000	1546311600000	retrieval_error_hour	readTicks	1	success	true	0					0	0	e3b0c44298fc1c149afbf4c8996fb92427ae41e4649b934ca495991b7852b855	2026-09-08T14:10:36.595Z		2.13.99	3.6.51	1.8.0_472-b09
R0040	EUR/USD	1546308000000	1546311600000	retrieval_error_hour	getBars	1	success	not_applicable	60	1546308000000	1.14627	1546311540000	1.14627	1	0	b6fd1ea2cde8ffd69aa2663f0ae65f6d853e07f3e777b6ba32b3c254e75aae91	2026-09-08T14:10:36.869Z		2.13.99	3.6.51	1.8.0_472-b09
R0041	EUR/USD	1546333200000	1546336800000	retrieval_error_hour	getTicks	1	success	not_applicable	0					0	0	e3b0c44298fc1c149afbf4c8996fb92427ae41e4649b934ca495991b7852b855	2026-09-08T14:10:37.466Z		2.13.99	3.6.51	1.8.0_472-b09
R0041	EUR/USD	1546333200000	1546336800000	retrieval_error_hour	readTicks	1	success	true	0					0	0	e3b0c44298fc1c149afbf4c8996fb92427ae41e4649b934ca495991b7852b855	2026-09-08T14:10:37.466Z		2.13.99	3.6.51	1.8.0_472-b09
R0041	EUR/USD	1546333200000	1546336800000	retrieval_error_hour	getBars	1	success	not_applicable	60	1546333200000	1.14627	1546336740000	1.14627	1	0	65adba244f3f20dbfd30ddb3dc879c0fc83314e7f0647276c4687b09e498d55e	2026-09-08T14:10:37.466Z		2.13.99	3.6.51	1.8.0_472-b09
R0042	EUR/USD	1546336800000	1546340400000	retrieval_error_hour	getTicks	1	success	not_applicable	0					0	0	e3b0c44298fc1c149afbf4c8996fb92427ae41e4649b934ca495991b7852b855	2026-09-08T14:10:38.013Z		2.13.99	3.6.51	1.8.0_472-b09
R0042	EUR/USD	1546336800000	1546340400000	retrieval_error_hour	readTicks	1	success	true	0					0	0	e3b0c44298fc1c149afbf4c8996fb92427ae41e4649b934ca495991b7852b855	2026-09-08T14:10:38.014Z		2.13.99	3.6.51	1.8.0_472-b09
R0042	EUR/USD	1546336800000	1546340400000	retrieval_error_hour	getBars	1	success	not_applicable	60	1546336800000	1.14627	1546340340000	1.14627	1	0	9f16502f1d79a4a6855b7d0043f7792cff28b0a98a88c9ff10d53fcaffb01956	2026-09-08T14:10:38.014Z		2.13.99	3.6.51	1.8.0_472-b09
R0043	EUR/USD	1546358400000	1546362000000	retrieval_error_hour	getTicks	1	success	not_applicable	0					0	0	e3b0c44298fc1c149afbf4c8996fb92427ae41e4649b934ca495991b7852b855	2026-09-08T14:10:38.600Z		2.13.99	3.6.51	1.8.0_472-b09
R0043	EUR/USD	1546358400000	1546362000000	retrieval_error_hour	readTicks	1	success	true	0					0	0	e3b0c44298fc1c149afbf4c8996fb92427ae41e4649b934ca495991b7852b855	2026-09-08T14:10:38.601Z		2.13.99	3.6.51	1.8.0_472-b09
R0043	EUR/USD	1546358400000	1546362000000	retrieval_error_hour	getBars	1	success	not_applicable	60	1546358400000	1.14627	1546361940000	1.14627	1	0	f3c48ff2119a80b54c0e07dc4dd6d6ffe4d371afb804b832bcae708a32c715c8	2026-09-08T14:10:38.601Z		2.13.99	3.6.51	1.8.0_472-b09
R0044	EUR/USD	1546362000000	1546365600000	retrieval_error_hour	getTicks	1	success	not_applicable	0					0	0	e3b0c44298fc1c149afbf4c8996fb92427ae41e4649b934ca495991b7852b855	2026-09-08T14:10:38.903Z		2.13.99	3.6.51	1.8.0_472-b09
R0044	EUR/USD	1546362000000	1546365600000	retrieval_error_hour	readTicks	1	success	true	0					0	0	e3b0c44298fc1c149afbf4c8996fb92427ae41e4649b934ca495991b7852b855	2026-09-08T14:10:38.904Z		2.13.99	3.6.51	1.8.0_472-b09
R0044	EUR/USD	1546362000000	1546365600000	retrieval_error_hour	getBars	1	success	not_applicable	60	1546362000000	1.14627	1546365540000	1.14627	1	0	5d675de1fb2436c4692d66d0507a05ee81fc92b4e98104677b0edcc38533d7d5	2026-09-08T14:10:38.904Z		2.13.99	3.6.51	1.8.0_472-b09
R0045	EUR/USD	1546365600000	1546369200000	retrieval_error_hour	getTicks	1	success	not_applicable	0					0	0	e3b0c44298fc1c149afbf4c8996fb92427ae41e4649b934ca495991b7852b855	2026-09-08T14:10:39.161Z		2.13.99	3.6.51	1.8.0_472-b09
R0045	EUR/USD	1546365600000	1546369200000	retrieval_error_hour	readTicks	1	success	true	0					0	0	e3b0c44298fc1c149afbf4c8996fb92427ae41e4649b934ca495991b7852b855	2026-09-08T14:10:39.161Z		2.13.99	3.6.51	1.8.0_472-b09
R0045	EUR/USD	1546365600000	1546369200000	retrieval_error_hour	getBars	1	success	not_applicable	60	1546365600000	1.14627	1546369140000	1.14627	1	0	a448104fb023393f253f8b521dcb56c669c19303cceb0933c9b467575bdce454	2026-09-08T14:10:39.162Z		2.13.99	3.6.51	1.8.0_472-b09
R0046	EUR/USD	1546372800000	1546376400000	retrieval_error_hour	getTicks	1	success	not_applicable	0					0	0	e3b0c44298fc1c149afbf4c8996fb92427ae41e4649b934ca495991b7852b855	2026-09-08T14:10:39.675Z		2.13.99	3.6.51	1.8.0_472-b09
R0046	EUR/USD	1546372800000	1546376400000	retrieval_error_hour	readTicks	1	success	true	0					0	0	e3b0c44298fc1c149afbf4c8996fb92427ae41e4649b934ca495991b7852b855	2026-09-08T14:10:39.675Z		2.13.99	3.6.51	1.8.0_472-b09
R0046	EUR/USD	1546372800000	1546376400000	retrieval_error_hour	getBars	1	success	not_applicable	60	1546372800000	1.14627	1546376340000	1.14627	1	0	8ee9466c22344bb63d21a9ca8e6ff5820af1e5d9e94eac80e9f860590470d8a6	2026-09-08T14:10:39.676Z		2.13.99	3.6.51	1.8.0_472-b09
R0047	EUR/USD	1546376400000	1546380000000	retrieval_error_hour	getTicks	1	success	not_applicable	0					0	0	e3b0c44298fc1c149afbf4c8996fb92427ae41e4649b934ca495991b7852b855	2026-09-08T14:10:39.920Z		2.13.99	3.6.51	1.8.0_472-b09
R0047	EUR/USD	1546376400000	1546380000000	retrieval_error_hour	readTicks	1	success	true	0					0	0	e3b0c44298fc1c149afbf4c8996fb92427ae41e4649b934ca495991b7852b855	2026-09-08T14:10:39.920Z		2.13.99	3.6.51	1.8.0_472-b09
R0047	EUR/USD	1546376400000	1546380000000	retrieval_error_hour	getBars	1	success	not_applicable	60	1546376400000	1.14627	1546379940000	1.14627	1	0	b18a133e5df3f936b9058c3ab9dd062b0cf061f6ab2c9182297a844ed3fd8331	2026-09-08T14:10:39.921Z		2.13.99	3.6.51	1.8.0_472-b09
R0048	EUR/USD	1546380000000	1546383600000	retrieval_error_hour	getTicks	1	success	not_applicable	1569	1546380157254	1.14598	1546383599943	1.14606	0	0	fb27018c690ea8789b8e1b853921cc72346e022f54b417ff4c37e46bd576803a	2026-09-08T14:10:40.362Z		2.13.99	3.6.51	1.8.0_472-b09
R0048	EUR/USD	1546380000000	1546383600000	retrieval_error_hour	readTicks	1	success	true	1569	1546380157254	1.14598	1546383599943	1.14606	0	0	fb27018c690ea8789b8e1b853921cc72346e022f54b417ff4c37e46bd576803a	2026-09-08T14:10:40.366Z		2.13.99	3.6.51	1.8.0_472-b09
R0048	EUR/USD	1546380000000	1546383600000	retrieval_error_hour	getBars	1	success	not_applicable	60	1546380000000	1.14627	1546383540000	1.1461	1	0	bcc8371487868d3d62f546e1eeebeab914638da942ec36a4a12c2b9784c17a6e	2026-09-08T14:10:40.367Z		2.13.99	3.6.51	1.8.0_472-b09
R0049	EUR/USD	1553281200000	1553284800000	retrieval_error_hour	getTicks	1	success	not_applicable	4845	1553281200016	1.12937	1553284799553	1.12973	0	0	088712d518eb893c494005c8fd04093334235009bd19bc1cace9f97a31a3e657	2026-09-08T14:10:40.952Z		2.13.99	3.6.51	1.8.0_472-b09
R0049	EUR/USD	1553281200000	1553284800000	retrieval_error_hour	readTicks	1	success	true	4845	1553281200016	1.12937	1553284799553	1.12973	0	0	088712d518eb893c494005c8fd04093334235009bd19bc1cace9f97a31a3e657	2026-09-08T14:10:40.964Z		2.13.99	3.6.51	1.8.0_472-b09
R0049	EUR/USD	1553281200000	1553284800000	retrieval_error_hour	getBars	1	success	not_applicable	60	1553281200000	1.12937	1553284740000	1.12982	1	0	f0a6cd83b60d96bda895c373c805e861b4e216a75b694eb8b9c3f3b819f8792c	2026-09-08T14:10:41.226Z		2.13.99	3.6.51	1.8.0_472-b09
R0050	EUR/USD	1553292000000	1553295600000	retrieval_error_hour	getTicks	1	success	not_applicable	0					0	0	e3b0c44298fc1c149afbf4c8996fb92427ae41e4649b934ca495991b7852b855	2026-09-08T14:10:41.721Z		2.13.99	3.6.51	1.8.0_472-b09
R0050	EUR/USD	1553292000000	1553295600000	retrieval_error_hour	readTicks	1	success	true	0					0	0	e3b0c44298fc1c149afbf4c8996fb92427ae41e4649b934ca495991b7852b855	2026-09-08T14:10:41.721Z		2.13.99	3.6.51	1.8.0_472-b09
R0050	EUR/USD	1553292000000	1553295600000	retrieval_error_hour	getBars	1	success	not_applicable	60	1553292000000	1.13004	1553295540000	1.13004	1	0	f4270650fd45504966a1f093851973a00735598a2e403aa4196a6f950917a781	2026-09-08T14:10:41.722Z		2.13.99	3.6.51	1.8.0_472-b09
R0051	EUR/USD	1553295600000	1553299200000	retrieval_error_hour	getTicks	1	success	not_applicable	0					0	0	e3b0c44298fc1c149afbf4c8996fb92427ae41e4649b934ca495991b7852b855	2026-09-08T14:10:41.969Z		2.13.99	3.6.51	1.8.0_472-b09
R0051	EUR/USD	1553295600000	1553299200000	retrieval_error_hour	readTicks	1	success	true	0					0	0	e3b0c44298fc1c149afbf4c8996fb92427ae41e4649b934ca495991b7852b855	2026-09-08T14:10:41.969Z		2.13.99	3.6.51	1.8.0_472-b09
R0051	EUR/USD	1553295600000	1553299200000	retrieval_error_hour	getBars	1	success	not_applicable	60	1553295600000	1.13004	1553299140000	1.13004	1	0	8598d0759269bbf34dfe4f3bb5a95b290c1d4827b6ab9294bdea153dde1c0d2c	2026-09-08T14:10:41.969Z		2.13.99	3.6.51	1.8.0_472-b09
R0052	EUR/USD	1553310000000	1553313600000	retrieval_error_hour	getTicks	1	success	not_applicable	0					0	0	e3b0c44298fc1c149afbf4c8996fb92427ae41e4649b934ca495991b7852b855	2026-09-08T14:10:42.801Z		2.13.99	3.6.51	1.8.0_472-b09
R0052	EUR/USD	1553310000000	1553313600000	retrieval_error_hour	readTicks	1	success	true	0					0	0	e3b0c44298fc1c149afbf4c8996fb92427ae41e4649b934ca495991b7852b855	2026-09-08T14:10:42.802Z		2.13.99	3.6.51	1.8.0_472-b09
R0052	EUR/USD	1553310000000	1553313600000	retrieval_error_hour	getBars	1	success	not_applicable	60	1553310000000	1.13004	1553313540000	1.13004	1	0	826a4f716fcd16649467281e70344f2ebf4f27833a5cdef883843a318e4e00e4	2026-09-08T14:10:43.198Z		2.13.99	3.6.51	1.8.0_472-b09
R0053	EUR/USD	1553335200000	1553338800000	retrieval_error_hour	getTicks	1	success	not_applicable	0					0	0	e3b0c44298fc1c149afbf4c8996fb92427ae41e4649b934ca495991b7852b855	2026-09-08T14:10:54.330Z		2.13.99	3.6.51	1.8.0_472-b09
R0053	EUR/USD	1553335200000	1553338800000	retrieval_error_hour	readTicks	1	success	true	0					0	0	e3b0c44298fc1c149afbf4c8996fb92427ae41e4649b934ca495991b7852b855	2026-09-08T14:10:54.330Z		2.13.99	3.6.51	1.8.0_472-b09
R0053	EUR/USD	1553335200000	1553338800000	retrieval_error_hour	getBars	1	success	not_applicable	60	1553335200000	1.13004	1553338740000	1.13004	1	0	7560fca2fa319f8c469fb9d09c783e05485e617140f762637d4019ae97339ff9	2026-09-08T14:10:54.331Z		2.13.99	3.6.51	1.8.0_472-b09
R0054	EUR/USD	1553346000000	1553349600000	retrieval_error_hour	getTicks	1	success	not_applicable	0					0	0	e3b0c44298fc1c149afbf4c8996fb92427ae41e4649b934ca495991b7852b855	2026-09-08T14:10:54.834Z		2.13.99	3.6.51	1.8.0_472-b09
R0054	EUR/USD	1553346000000	1553349600000	retrieval_error_hour	readTicks	1	success	true	0					0	0	e3b0c44298fc1c149afbf4c8996fb92427ae41e4649b934ca495991b7852b855	2026-09-08T14:10:54.835Z		2.13.99	3.6.51	1.8.0_472-b09
R0054	EUR/USD	1553346000000	1553349600000	retrieval_error_hour	getBars	1	success	not_applicable	60	1553346000000	1.13004	1553349540000	1.13004	1	0	8019c645fd26a2c110a69ff83aa0da77d7a116b195dc0b54c1f16bafa69c1e01	2026-09-08T14:10:54.836Z		2.13.99	3.6.51	1.8.0_472-b09
R0055	EUR/USD	1553425200000	1553428800000	retrieval_error_hour	getTicks	1	success	not_applicable	0					0	0	e3b0c44298fc1c149afbf4c8996fb92427ae41e4649b934ca495991b7852b855	2026-09-08T14:10:55.317Z		2.13.99	3.6.51	1.8.0_472-b09
R0055	EUR/USD	1553425200000	1553428800000	retrieval_error_hour	readTicks	1	success	true	0					0	0	e3b0c44298fc1c149afbf4c8996fb92427ae41e4649b934ca495991b7852b855	2026-09-08T14:10:55.318Z		2.13.99	3.6.51	1.8.0_472-b09
R0055	EUR/USD	1553425200000	1553428800000	retrieval_error_hour	getBars	1	success	not_applicable	60	1553425200000	1.13004	1553428740000	1.13004	1	0	9d4bf314bd3cffe4d5c4e9e90e4280c0ad9c3ea0b5b767043d9db1528dbbcbb0	2026-09-08T14:10:55.563Z		2.13.99	3.6.51	1.8.0_472-b09
R0056	EUR/USD	1566046800000	1566050400000	retrieval_error_hour	getTicks	1	success	not_applicable	0					0	0	e3b0c44298fc1c149afbf4c8996fb92427ae41e4649b934ca495991b7852b855	2026-09-08T14:10:56.027Z		2.13.99	3.6.51	1.8.0_472-b09
R0056	EUR/USD	1566046800000	1566050400000	retrieval_error_hour	readTicks	1	success	true	0					0	0	e3b0c44298fc1c149afbf4c8996fb92427ae41e4649b934ca495991b7852b855	2026-09-08T14:10:56.027Z		2.13.99	3.6.51	1.8.0_472-b09
R0056	EUR/USD	1566046800000	1566050400000	retrieval_error_hour	getBars	1	success	not_applicable	60	1566046800000	1.10899	1566050340000	1.10899	1	0	37fc1fd566748bcac76168bce57cb16df9a5bd846f963b7489123931c0182d22	2026-09-08T14:10:56.351Z		2.13.99	3.6.51	1.8.0_472-b09
R0057	EUR/USD	1566104400000	1566108000000	retrieval_error_hour	getTicks	1	success	not_applicable	0					0	0	e3b0c44298fc1c149afbf4c8996fb92427ae41e4649b934ca495991b7852b855	2026-09-08T14:10:56.914Z		2.13.99	3.6.51	1.8.0_472-b09
R0057	EUR/USD	1566104400000	1566108000000	retrieval_error_hour	readTicks	1	success	true	0					0	0	e3b0c44298fc1c149afbf4c8996fb92427ae41e4649b934ca495991b7852b855	2026-09-08T14:10:56.915Z		2.13.99	3.6.51	1.8.0_472-b09
R0057	EUR/USD	1566104400000	1566108000000	retrieval_error_hour	getBars	1	success	not_applicable	60	1566104400000	1.10899	1566107940000	1.10899	1	0	93db999622ef6b087107a966f264b467f5f46e982c73ac09880c594d5a69a29e	2026-09-08T14:10:57.149Z		2.13.99	3.6.51	1.8.0_472-b09
R0058	EUR/USD	1566126000000	1566129600000	retrieval_error_hour	getTicks	1	success	not_applicable	0					0	0	e3b0c44298fc1c149afbf4c8996fb92427ae41e4649b934ca495991b7852b855	2026-09-08T14:10:57.611Z		2.13.99	3.6.51	1.8.0_472-b09
R0058	EUR/USD	1566126000000	1566129600000	retrieval_error_hour	readTicks	1	success	true	0					0	0	e3b0c44298fc1c149afbf4c8996fb92427ae41e4649b934ca495991b7852b855	2026-09-08T14:10:57.612Z		2.13.99	3.6.51	1.8.0_472-b09
R0058	EUR/USD	1566126000000	1566129600000	retrieval_error_hour	getBars	1	success	not_applicable	60	1566126000000	1.10899	1566129540000	1.10899	1	0	2980eee1a3bb9e1bbdac1bb0e9f557352b7715284b21672479d59b53d22d1a59	2026-09-08T14:10:57.613Z		2.13.99	3.6.51	1.8.0_472-b09
R0059	EUR/USD	1567227600000	1567231200000	retrieval_error_hour	getTicks	1	success	not_applicable	0					0	0	e3b0c44298fc1c149afbf4c8996fb92427ae41e4649b934ca495991b7852b855	2026-09-08T14:10:58.288Z		2.13.99	3.6.51	1.8.0_472-b09
R0059	EUR/USD	1567227600000	1567231200000	retrieval_error_hour	readTicks	1	success	true	0					0	0	e3b0c44298fc1c149afbf4c8996fb92427ae41e4649b934ca495991b7852b855	2026-09-08T14:10:58.289Z		2.13.99	3.6.51	1.8.0_472-b09
R0059	EUR/USD	1567227600000	1567231200000	retrieval_error_hour	getBars	1	success	not_applicable	60	1567227600000	1.0988	1567231140000	1.0988	1	0	2169eeb0588e27a01f71d918d26efae3a72e823b9f6879d412fa611d6263a851	2026-09-08T14:10:58.677Z		2.13.99	3.6.51	1.8.0_472-b09
R0060	EUR/USD	1567292400000	1567296000000	retrieval_error_hour	getTicks	1	success	not_applicable	0					0	0	e3b0c44298fc1c149afbf4c8996fb92427ae41e4649b934ca495991b7852b855	2026-09-08T14:10:59.193Z		2.13.99	3.6.51	1.8.0_472-b09
R0060	EUR/USD	1567292400000	1567296000000	retrieval_error_hour	readTicks	1	success	true	0					0	0	e3b0c44298fc1c149afbf4c8996fb92427ae41e4649b934ca495991b7852b855	2026-09-08T14:10:59.193Z		2.13.99	3.6.51	1.8.0_472-b09
R0060	EUR/USD	1567292400000	1567296000000	retrieval_error_hour	getBars	1	success	not_applicable	60	1567292400000	1.0988	1567295940000	1.0988	1	0	2b785e1ea9b87782ca9ecc39792f17d951aa706484b32bd41c83a04357532475	2026-09-08T14:10:59.194Z		2.13.99	3.6.51	1.8.0_472-b09
R0061	EUR/USD	1567296000000	1567299600000	retrieval_error_hour	getTicks	1	success	not_applicable	0					0	0	e3b0c44298fc1c149afbf4c8996fb92427ae41e4649b934ca495991b7852b855	2026-09-08T14:10:59.518Z		2.13.99	3.6.51	1.8.0_472-b09
R0061	EUR/USD	1567296000000	1567299600000	retrieval_error_hour	readTicks	1	success	true	0					0	0	e3b0c44298fc1c149afbf4c8996fb92427ae41e4649b934ca495991b7852b855	2026-09-08T14:10:59.519Z		2.13.99	3.6.51	1.8.0_472-b09
R0061	EUR/USD	1567296000000	1567299600000	retrieval_error_hour	getBars	1	success	not_applicable	60	1567296000000	1.0988	1567299540000	1.0988	1	0	0c75a8be1f0d0e5c34e9a825585042b1bc8b7e7a2dcd0646a222f77ba217b750	2026-09-08T14:10:59.944Z		2.13.99	3.6.51	1.8.0_472-b09
R0062	EUR/USD	1577484000000	1577487600000	retrieval_error_hour	getTicks	1	success	not_applicable	0					0	0	e3b0c44298fc1c149afbf4c8996fb92427ae41e4649b934ca495991b7852b855	2026-09-08T14:11:00.483Z		2.13.99	3.6.51	1.8.0_472-b09
R0062	EUR/USD	1577484000000	1577487600000	retrieval_error_hour	readTicks	1	success	true	0					0	0	e3b0c44298fc1c149afbf4c8996fb92427ae41e4649b934ca495991b7852b855	2026-09-08T14:11:00.484Z		2.13.99	3.6.51	1.8.0_472-b09
R0062	EUR/USD	1577484000000	1577487600000	retrieval_error_hour	getBars	1	success	not_applicable	60	1577484000000	1.11713	1577487540000	1.11713	1	0	09990eecd8ea2cff541508f60285e072d7d3a3df5b9ca8c8bbc1b07ada852393	2026-09-08T14:11:00.747Z		2.13.99	3.6.51	1.8.0_472-b09
R0063	EUR/USD	1577548800000	1577552400000	retrieval_error_hour	getTicks	1	success	not_applicable	0					0	0	e3b0c44298fc1c149afbf4c8996fb92427ae41e4649b934ca495991b7852b855	2026-09-08T14:11:01.265Z		2.13.99	3.6.51	1.8.0_472-b09
R0063	EUR/USD	1577548800000	1577552400000	retrieval_error_hour	readTicks	1	success	true	0					0	0	e3b0c44298fc1c149afbf4c8996fb92427ae41e4649b934ca495991b7852b855	2026-09-08T14:11:01.265Z		2.13.99	3.6.51	1.8.0_472-b09
R0063	EUR/USD	1577548800000	1577552400000	retrieval_error_hour	getBars	1	success	not_applicable	60	1577548800000	1.11713	1577552340000	1.11713	1	0	3b241dd0694c341eb7f4698f15fc45efc3ed9b6529d09c0fa0fba366c6df336f	2026-09-08T14:11:01.571Z		2.13.99	3.6.51	1.8.0_472-b09
R0064	EUR/USD	1577570400000	1577574000000	retrieval_error_hour	getTicks	1	success	not_applicable	0					0	0	e3b0c44298fc1c149afbf4c8996fb92427ae41e4649b934ca495991b7852b855	2026-09-08T14:11:02.173Z		2.13.99	3.6.51	1.8.0_472-b09
R0064	EUR/USD	1577570400000	1577574000000	retrieval_error_hour	readTicks	1	success	true	0					0	0	e3b0c44298fc1c149afbf4c8996fb92427ae41e4649b934ca495991b7852b855	2026-09-08T14:11:02.174Z		2.13.99	3.6.51	1.8.0_472-b09
R0064	EUR/USD	1577570400000	1577574000000	retrieval_error_hour	getBars	1	success	not_applicable	60	1577570400000	1.11713	1577573940000	1.11713	1	0	2203cd6dd94bdec23f330e1a8d1685a7230367c7fab883e99966157737853ddc	2026-09-08T14:11:02.175Z		2.13.99	3.6.51	1.8.0_472-b09
R0065	EUR/USD	1577574000000	1577577600000	retrieval_error_hour	getTicks	1	success	not_applicable	0					0	0	e3b0c44298fc1c149afbf4c8996fb92427ae41e4649b934ca495991b7852b855	2026-09-08T14:11:02.609Z		2.13.99	3.6.51	1.8.0_472-b09
R0065	EUR/USD	1577574000000	1577577600000	retrieval_error_hour	readTicks	1	success	true	0					0	0	e3b0c44298fc1c149afbf4c8996fb92427ae41e4649b934ca495991b7852b855	2026-09-08T14:11:02.609Z		2.13.99	3.6.51	1.8.0_472-b09
R0065	EUR/USD	1577574000000	1577577600000	retrieval_error_hour	getBars	1	success	not_applicable	60	1577574000000	1.11713	1577577540000	1.11713	1	0	0ea581e4f1a5759577d9c7169ca42b5336c383523eab6050669df6780a4dd049	2026-09-08T14:11:02.610Z		2.13.99	3.6.51	1.8.0_472-b09
R0066	EUR/USD	1577642400000	1577646000000	retrieval_error_hour	getTicks	1	success	not_applicable	0					0	0	e3b0c44298fc1c149afbf4c8996fb92427ae41e4649b934ca495991b7852b855	2026-09-08T14:11:03.089Z		2.13.99	3.6.51	1.8.0_472-b09
R0066	EUR/USD	1577642400000	1577646000000	retrieval_error_hour	readTicks	1	success	true	0					0	0	e3b0c44298fc1c149afbf4c8996fb92427ae41e4649b934ca495991b7852b855	2026-09-08T14:11:03.090Z		2.13.99	3.6.51	1.8.0_472-b09
R0066	EUR/USD	1577642400000	1577646000000	retrieval_error_hour	getBars	1	success	not_applicable	60	1577642400000	1.11713	1577645940000	1.11713	1	0	ecd8d3f5d553e1fe483b99c52aca86db6fd9a6cc5cf507c83ed2695fe8350f99	2026-09-08T14:11:03.410Z		2.13.99	3.6.51	1.8.0_472-b09
R0067	EUR/USD	1584806400000	1584810000000	retrieval_error_hour	getTicks	1	success	not_applicable	0					0	0	e3b0c44298fc1c149afbf4c8996fb92427ae41e4649b934ca495991b7852b855	2026-09-08T14:11:03.944Z		2.13.99	3.6.51	1.8.0_472-b09
R0067	EUR/USD	1584806400000	1584810000000	retrieval_error_hour	readTicks	1	success	true	0					0	0	e3b0c44298fc1c149afbf4c8996fb92427ae41e4649b934ca495991b7852b855	2026-09-08T14:11:03.945Z		2.13.99	3.6.51	1.8.0_472-b09
R0067	EUR/USD	1584806400000	1584810000000	retrieval_error_hour	getBars	1	success	not_applicable	60	1584806400000	1.06929	1584809940000	1.06929	1	0	d3380406c28d4b24b9273b18cca37236da495d5b93522dca85cb58ad4f79ad1e	2026-09-08T14:11:04.235Z		2.13.99	3.6.51	1.8.0_472-b09
R0068	EUR/USD	1585393200000	1585396800000	retrieval_error_hour	getTicks	1	success	not_applicable	0					0	0	e3b0c44298fc1c149afbf4c8996fb92427ae41e4649b934ca495991b7852b855	2026-09-08T14:11:04.752Z		2.13.99	3.6.51	1.8.0_472-b09
R0068	EUR/USD	1585393200000	1585396800000	retrieval_error_hour	readTicks	1	success	true	0					0	0	e3b0c44298fc1c149afbf4c8996fb92427ae41e4649b934ca495991b7852b855	2026-09-08T14:11:04.753Z		2.13.99	3.6.51	1.8.0_472-b09
R0068	EUR/USD	1585393200000	1585396800000	retrieval_error_hour	getBars	1	success	not_applicable	60	1585393200000	1.11379	1585396740000	1.11379	1	0	707a77b014b1fb45fbbf1b91a9f479eee8a70b77edb26e38b55359f43bdb3b11	2026-09-08T14:11:05.150Z		2.13.99	3.6.51	1.8.0_472-b09
R0069	EUR/USD	1585396800000	1585400400000	retrieval_error_hour	getTicks	1	success	not_applicable	0					0	0	e3b0c44298fc1c149afbf4c8996fb92427ae41e4649b934ca495991b7852b855	2026-09-08T14:11:05.587Z		2.13.99	3.6.51	1.8.0_472-b09
R0069	EUR/USD	1585396800000	1585400400000	retrieval_error_hour	readTicks	1	success	true	0					0	0	e3b0c44298fc1c149afbf4c8996fb92427ae41e4649b934ca495991b7852b855	2026-09-08T14:11:05.587Z		2.13.99	3.6.51	1.8.0_472-b09
R0069	EUR/USD	1585396800000	1585400400000	retrieval_error_hour	getBars	1	success	not_applicable	60	1585396800000	1.11379	1585400340000	1.11379	1	0	612a7373af08abace182e22638fddf7c0223bbe274f1555121fa3dc2f17a6f67	2026-09-08T14:11:05.588Z		2.13.99	3.6.51	1.8.0_472-b09
R0070	EUR/USD	1585400400000	1585404000000	retrieval_error_hour	getTicks	1	success	not_applicable	0					0	0	e3b0c44298fc1c149afbf4c8996fb92427ae41e4649b934ca495991b7852b855	2026-09-08T14:11:05.973Z		2.13.99	3.6.51	1.8.0_472-b09
R0070	EUR/USD	1585400400000	1585404000000	retrieval_error_hour	readTicks	1	success	true	0					0	0	e3b0c44298fc1c149afbf4c8996fb92427ae41e4649b934ca495991b7852b855	2026-09-08T14:11:05.974Z		2.13.99	3.6.51	1.8.0_472-b09
R0070	EUR/USD	1585400400000	1585404000000	retrieval_error_hour	getBars	1	success	not_applicable	60	1585400400000	1.11379	1585403940000	1.11379	1	0	2434a855f36347828bee37449f2442cbacb11cd2719ef0ff3378c9dcde79f4d0	2026-09-08T14:11:05.975Z		2.13.99	3.6.51	1.8.0_472-b09
R0071	EUR/USD	1585407600000	1585411200000	retrieval_error_hour	getTicks	1	success	not_applicable	0					0	0	e3b0c44298fc1c149afbf4c8996fb92427ae41e4649b934ca495991b7852b855	2026-09-08T14:11:06.451Z		2.13.99	3.6.51	1.8.0_472-b09
R0071	EUR/USD	1585407600000	1585411200000	retrieval_error_hour	readTicks	1	success	true	0					0	0	e3b0c44298fc1c149afbf4c8996fb92427ae41e4649b934ca495991b7852b855	2026-09-08T14:11:06.452Z		2.13.99	3.6.51	1.8.0_472-b09
R0071	EUR/USD	1585407600000	1585411200000	retrieval_error_hour	getBars	1	success	not_applicable	60	1585407600000	1.11379	1585411140000	1.11379	1	0	2039bd75fbae82778270135a92ead609e6706cf299a611d89b73deb66cf2f58d	2026-09-08T14:11:06.453Z		2.13.99	3.6.51	1.8.0_472-b09
R0072	EUR/USD	1585450800000	1585454400000	retrieval_error_hour	getTicks	1	success	not_applicable	0					0	0	e3b0c44298fc1c149afbf4c8996fb92427ae41e4649b934ca495991b7852b855	2026-09-08T14:11:06.970Z		2.13.99	3.6.51	1.8.0_472-b09
R0072	EUR/USD	1585450800000	1585454400000	retrieval_error_hour	readTicks	1	success	true	0					0	0	e3b0c44298fc1c149afbf4c8996fb92427ae41e4649b934ca495991b7852b855	2026-09-08T14:11:06.971Z		2.13.99	3.6.51	1.8.0_472-b09
R0072	EUR/USD	1585450800000	1585454400000	retrieval_error_hour	getBars	1	success	not_applicable	60	1585450800000	1.11379	1585454340000	1.11379	1	0	4d9449d5ab704c8ece673d9a45042173772649c3e045d6aa1ad57ef5d5919847	2026-09-08T14:11:07.225Z		2.13.99	3.6.51	1.8.0_472-b09
R0073	EUR/USD	1589594400000	1589598000000	retrieval_error_hour	getTicks	1	success	not_applicable	0					0	0	e3b0c44298fc1c149afbf4c8996fb92427ae41e4649b934ca495991b7852b855	2026-09-08T14:11:07.732Z		2.13.99	3.6.51	1.8.0_472-b09
R0073	EUR/USD	1589594400000	1589598000000	retrieval_error_hour	readTicks	1	success	true	0					0	0	e3b0c44298fc1c149afbf4c8996fb92427ae41e4649b934ca495991b7852b855	2026-09-08T14:11:07.732Z		2.13.99	3.6.51	1.8.0_472-b09
R0073	EUR/USD	1589594400000	1589598000000	retrieval_error_hour	getBars	1	success	not_applicable	60	1589594400000	1.08183	1589597940000	1.08183	1	0	31f4a3b869f3d8382aa0f97b775a3979a0fd673cb4886d2835defa6d3fb2a987	2026-09-08T14:11:08.036Z		2.13.99	3.6.51	1.8.0_472-b09
R0074	EUR/USD	1589619600000	1589623200000	retrieval_error_hour	getTicks	1	success	not_applicable	0					0	0	e3b0c44298fc1c149afbf4c8996fb92427ae41e4649b934ca495991b7852b855	2026-09-08T14:11:08.799Z		2.13.99	3.6.51	1.8.0_472-b09
R0074	EUR/USD	1589619600000	1589623200000	retrieval_error_hour	readTicks	1	success	true	0					0	0	e3b0c44298fc1c149afbf4c8996fb92427ae41e4649b934ca495991b7852b855	2026-09-08T14:11:08.799Z		2.13.99	3.6.51	1.8.0_472-b09
R0074	EUR/USD	1589619600000	1589623200000	retrieval_error_hour	getBars	1	success	not_applicable	60	1589619600000	1.08183	1589623140000	1.08183	1	0	1b89474a42f00d38f32359b348224704daf93a7f26683cf7edb9660f1fa0b5b7	2026-09-08T14:11:08.799Z		2.13.99	3.6.51	1.8.0_472-b09
R0075	EUR/USD	1589637600000	1589641200000	retrieval_error_hour	getTicks	1	success	not_applicable	0					0	0	e3b0c44298fc1c149afbf4c8996fb92427ae41e4649b934ca495991b7852b855	2026-09-08T14:11:09.279Z		2.13.99	3.6.51	1.8.0_472-b09
R0075	EUR/USD	1589637600000	1589641200000	retrieval_error_hour	readTicks	1	success	true	0					0	0	e3b0c44298fc1c149afbf4c8996fb92427ae41e4649b934ca495991b7852b855	2026-09-08T14:11:09.280Z		2.13.99	3.6.51	1.8.0_472-b09
R0075	EUR/USD	1589637600000	1589641200000	retrieval_error_hour	getBars	1	success	not_applicable	60	1589637600000	1.08183	1589641140000	1.08183	1	0	761b43eab42b364e0178e6fa5c6e00b6645e5b1567db4ce678906dfa9bb8a46b	2026-09-08T14:11:09.280Z		2.13.99	3.6.51	1.8.0_472-b09
R0076	EUR/USD	1589695200000	1589698800000	retrieval_error_hour	getTicks	1	success	not_applicable	0					0	0	e3b0c44298fc1c149afbf4c8996fb92427ae41e4649b934ca495991b7852b855	2026-09-08T14:11:09.785Z		2.13.99	3.6.51	1.8.0_472-b09
R0076	EUR/USD	1589695200000	1589698800000	retrieval_error_hour	readTicks	1	success	true	0					0	0	e3b0c44298fc1c149afbf4c8996fb92427ae41e4649b934ca495991b7852b855	2026-09-08T14:11:09.785Z		2.13.99	3.6.51	1.8.0_472-b09
R0076	EUR/USD	1589695200000	1589698800000	retrieval_error_hour	getBars	1	success	not_applicable	60	1589695200000	1.08183	1589698740000	1.08183	1	0	5891c8dcd7cf9b6fcd2284cdad309311a7c7a52453b038a70eddae14a81044c3	2026-09-08T14:11:10.056Z		2.13.99	3.6.51	1.8.0_472-b09
R0077	EUR/USD	1593309600000	1593313200000	retrieval_error_hour	getTicks	1	success	not_applicable	0					0	0	e3b0c44298fc1c149afbf4c8996fb92427ae41e4649b934ca495991b7852b855	2026-09-08T14:11:10.569Z		2.13.99	3.6.51	1.8.0_472-b09
R0077	EUR/USD	1593309600000	1593313200000	retrieval_error_hour	readTicks	1	success	true	0					0	0	e3b0c44298fc1c149afbf4c8996fb92427ae41e4649b934ca495991b7852b855	2026-09-08T14:11:10.570Z		2.13.99	3.6.51	1.8.0_472-b09
R0077	EUR/USD	1593309600000	1593313200000	retrieval_error_hour	getBars	1	success	not_applicable	60	1593309600000	1.1217	1593313140000	1.1217	1	0	5f51413397d3cfd7a29b7bf449f47596d0376b7efe85dbe3202de030df85bab1	2026-09-08T14:11:10.805Z		2.13.99	3.6.51	1.8.0_472-b09
R0078	EUR/USD	1593334800000	1593338400000	retrieval_error_hour	getTicks	1	success	not_applicable	0					0	0	e3b0c44298fc1c149afbf4c8996fb92427ae41e4649b934ca495991b7852b855	2026-09-08T14:11:11.341Z		2.13.99	3.6.51	1.8.0_472-b09
R0078	EUR/USD	1593334800000	1593338400000	retrieval_error_hour	readTicks	1	success	true	0					0	0	e3b0c44298fc1c149afbf4c8996fb92427ae41e4649b934ca495991b7852b855	2026-09-08T14:11:11.341Z		2.13.99	3.6.51	1.8.0_472-b09
R0078	EUR/USD	1593334800000	1593338400000	retrieval_error_hour	getBars	1	success	not_applicable	60	1593334800000	1.1217	1593338340000	1.1217	1	0	fdfbf6b97c1060c1f284927a01eac7058628cb9735c1783c6a97736bd19fce7d	2026-09-08T14:11:11.341Z		2.13.99	3.6.51	1.8.0_472-b09
R0079	EUR/USD	1595048400000	1595052000000	retrieval_error_hour	getTicks	1	success	not_applicable	0					0	0	e3b0c44298fc1c149afbf4c8996fb92427ae41e4649b934ca495991b7852b855	2026-09-08T14:11:11.840Z		2.13.99	3.6.51	1.8.0_472-b09
R0079	EUR/USD	1595048400000	1595052000000	retrieval_error_hour	readTicks	1	success	true	0					0	0	e3b0c44298fc1c149afbf4c8996fb92427ae41e4649b934ca495991b7852b855	2026-09-08T14:11:11.840Z		2.13.99	3.6.51	1.8.0_472-b09
R0079	EUR/USD	1595048400000	1595052000000	retrieval_error_hour	getBars	1	success	not_applicable	60	1595048400000	1.14269	1595051940000	1.14269	1	0	87965ff1c28fad96a220517a85c34f90307e988d1e706177ff16bdaef0967c8c	2026-09-08T14:11:12.143Z		2.13.99	3.6.51	1.8.0_472-b09
R0080	EUR/USD	1595120400000	1595124000000	retrieval_error_hour	getTicks	1	success	not_applicable	0					0	0	e3b0c44298fc1c149afbf4c8996fb92427ae41e4649b934ca495991b7852b855	2026-09-08T14:11:12.742Z		2.13.99	3.6.51	1.8.0_472-b09
R0080	EUR/USD	1595120400000	1595124000000	retrieval_error_hour	readTicks	1	success	true	0					0	0	e3b0c44298fc1c149afbf4c8996fb92427ae41e4649b934ca495991b7852b855	2026-09-08T14:11:12.743Z		2.13.99	3.6.51	1.8.0_472-b09
R0080	EUR/USD	1595120400000	1595124000000	retrieval_error_hour	getBars	1	success	not_applicable	60	1595120400000	1.14269	1595123940000	1.14269	1	0	e0b086b825c6be2893caed086b17521b6bd019241ae4e083d4c57fba344703a4	2026-09-08T14:11:13.005Z		2.13.99	3.6.51	1.8.0_472-b09
R0081	EUR/USD	1595127600000	1595131200000	retrieval_error_hour	getTicks	1	success	not_applicable	0					0	0	e3b0c44298fc1c149afbf4c8996fb92427ae41e4649b934ca495991b7852b855	2026-09-08T14:11:13.881Z		2.13.99	3.6.51	1.8.0_472-b09
R0081	EUR/USD	1595127600000	1595131200000	retrieval_error_hour	readTicks	1	success	true	0					0	0	e3b0c44298fc1c149afbf4c8996fb92427ae41e4649b934ca495991b7852b855	2026-09-08T14:11:13.881Z		2.13.99	3.6.51	1.8.0_472-b09
R0081	EUR/USD	1595127600000	1595131200000	retrieval_error_hour	getBars	1	success	not_applicable	60	1595127600000	1.14269	1595131140000	1.14269	1	0	73e6ced4d0c76d8d1d37aca349eb43b96c350a5c455dbaeeb66d289b5aa44b8a	2026-09-08T14:11:13.881Z		2.13.99	3.6.51	1.8.0_472-b09
R0082	EUR/USD	1595167200000	1595170800000	retrieval_error_hour	getTicks	1	success	not_applicable	0					0	0	e3b0c44298fc1c149afbf4c8996fb92427ae41e4649b934ca495991b7852b855	2026-09-08T14:11:14.455Z		2.13.99	3.6.51	1.8.0_472-b09
R0082	EUR/USD	1595167200000	1595170800000	retrieval_error_hour	readTicks	1	success	true	0					0	0	e3b0c44298fc1c149afbf4c8996fb92427ae41e4649b934ca495991b7852b855	2026-09-08T14:11:14.456Z		2.13.99	3.6.51	1.8.0_472-b09
R0082	EUR/USD	1595167200000	1595170800000	retrieval_error_hour	getBars	1	success	not_applicable	60	1595167200000	1.14269	1595170740000	1.14269	1	0	46142b24a94761de799ef0e50f46a1badfd3f26f6800fa876db1b5b6444937ba	2026-09-08T14:11:14.456Z		2.13.99	3.6.51	1.8.0_472-b09
R0083	EUR/USD	1595174400000	1595178000000	retrieval_error_hour	getTicks	1	success	not_applicable	0					0	0	e3b0c44298fc1c149afbf4c8996fb92427ae41e4649b934ca495991b7852b855	2026-09-08T14:11:15.120Z		2.13.99	3.6.51	1.8.0_472-b09
R0083	EUR/USD	1595174400000	1595178000000	retrieval_error_hour	readTicks	1	success	true	0					0	0	e3b0c44298fc1c149afbf4c8996fb92427ae41e4649b934ca495991b7852b855	2026-09-08T14:11:15.121Z		2.13.99	3.6.51	1.8.0_472-b09
R0083	EUR/USD	1595174400000	1595178000000	retrieval_error_hour	getBars	1	success	not_applicable	60	1595174400000	1.14269	1595177940000	1.14269	1	0	4344665e8207863b908fd3cb582bbe0511517c3dc7e07d590a48f0d5dcfc1882	2026-09-08T14:11:15.121Z		2.13.99	3.6.51	1.8.0_472-b09
R0084	EUR/USD	1598385600000	1598389200000	retrieval_error_hour	getTicks	1	success	not_applicable	922	1598385600201	1.18306	1598389196225	1.18343	0	0	e8adf2c30f2d82fb024a6f1574c653e56c5b88da8928a1d9dafc3621cd38c38b	2026-09-08T14:11:15.599Z		2.13.99	3.6.51	1.8.0_472-b09
R0084	EUR/USD	1598385600000	1598389200000	retrieval_error_hour	readTicks	1	success	true	922	1598385600201	1.18306	1598389196225	1.18343	0	0	e8adf2c30f2d82fb024a6f1574c653e56c5b88da8928a1d9dafc3621cd38c38b	2026-09-08T14:11:15.602Z		2.13.99	3.6.51	1.8.0_472-b09
R0084	EUR/USD	1598385600000	1598389200000	retrieval_error_hour	getBars	1	success	not_applicable	60	1598385600000	1.18306	1598389140000	1.18341	1	0	1f9fd5aa70c79517830e833cb23483bd362745a5359736babda9cbaba16c9aea	2026-09-08T14:11:15.854Z		2.13.99	3.6.51	1.8.0_472-b09
R0085	EUR/USD	1598652000000	1598655600000	retrieval_error_hour	getTicks	1	success	not_applicable	0					0	0	e3b0c44298fc1c149afbf4c8996fb92427ae41e4649b934ca495991b7852b855	2026-09-08T14:11:16.367Z		2.13.99	3.6.51	1.8.0_472-b09
R0085	EUR/USD	1598652000000	1598655600000	retrieval_error_hour	readTicks	1	success	true	0					0	0	e3b0c44298fc1c149afbf4c8996fb92427ae41e4649b934ca495991b7852b855	2026-09-08T14:11:16.368Z		2.13.99	3.6.51	1.8.0_472-b09
R0085	EUR/USD	1598652000000	1598655600000	retrieval_error_hour	getBars	1	success	not_applicable	60	1598652000000	1.19018	1598655540000	1.19018	1	0	1455bbad3a718527e712cf4d297d7aef74238f13c6021f29910b676d8f643edc	2026-09-08T14:11:16.616Z		2.13.99	3.6.51	1.8.0_472-b09
R0086	EUR/USD	1598763600000	1598767200000	retrieval_error_hour	getTicks	1	success	not_applicable	0					0	0	e3b0c44298fc1c149afbf4c8996fb92427ae41e4649b934ca495991b7852b855	2026-09-08T14:11:17.200Z		2.13.99	3.6.51	1.8.0_472-b09
R0086	EUR/USD	1598763600000	1598767200000	retrieval_error_hour	readTicks	1	success	true	0					0	0	e3b0c44298fc1c149afbf4c8996fb92427ae41e4649b934ca495991b7852b855	2026-09-08T14:11:17.201Z		2.13.99	3.6.51	1.8.0_472-b09
R0086	EUR/USD	1598763600000	1598767200000	retrieval_error_hour	getBars	1	success	not_applicable	60	1598763600000	1.19018	1598767140000	1.19018	1	0	15f42e00043167e5db5aa388ad0dc6b05e06bb829b6ee8852ced2d3a74cb02f5	2026-09-08T14:11:17.449Z		2.13.99	3.6.51	1.8.0_472-b09
R0087	EUR/USD	1598770800000	1598774400000	retrieval_error_hour	getTicks	1	success	not_applicable	0					0	0	e3b0c44298fc1c149afbf4c8996fb92427ae41e4649b934ca495991b7852b855	2026-09-08T14:11:18.038Z		2.13.99	3.6.51	1.8.0_472-b09
R0087	EUR/USD	1598770800000	1598774400000	retrieval_error_hour	readTicks	1	success	true	0					0	0	e3b0c44298fc1c149afbf4c8996fb92427ae41e4649b934ca495991b7852b855	2026-09-08T14:11:18.039Z		2.13.99	3.6.51	1.8.0_472-b09
R0087	EUR/USD	1598770800000	1598774400000	retrieval_error_hour	getBars	1	success	not_applicable	60	1598770800000	1.19018	1598774340000	1.19018	1	0	bbc7d040e6bd51aba5c3ba57c1715309ac3d0a2487401b68ca60d2e3becfa5d9	2026-09-08T14:11:18.039Z		2.13.99	3.6.51	1.8.0_472-b09
R0088	EUR/USD	1598778000000	1598781600000	retrieval_error_hour	getTicks	1	success	not_applicable	0					0	0	e3b0c44298fc1c149afbf4c8996fb92427ae41e4649b934ca495991b7852b855	2026-09-08T14:11:18.805Z		2.13.99	3.6.51	1.8.0_472-b09
R0088	EUR/USD	1598778000000	1598781600000	retrieval_error_hour	readTicks	1	success	true	0					0	0	e3b0c44298fc1c149afbf4c8996fb92427ae41e4649b934ca495991b7852b855	2026-09-08T14:11:18.806Z		2.13.99	3.6.51	1.8.0_472-b09
R0088	EUR/USD	1598778000000	1598781600000	retrieval_error_hour	getBars	1	success	not_applicable	60	1598778000000	1.19018	1598781540000	1.19018	1	0	de9aec2703411a69ee5e59d2fbfad99bc0e46d7eb90543b6e7caa139ab8f9329	2026-09-08T14:11:18.807Z		2.13.99	3.6.51	1.8.0_472-b09
R0089	EUR/USD	1608890400000	1608894000000	retrieval_error_hour	getTicks	1	success	not_applicable	0					0	0	e3b0c44298fc1c149afbf4c8996fb92427ae41e4649b934ca495991b7852b855	2026-09-08T14:11:19.410Z		2.13.99	3.6.51	1.8.0_472-b09
R0089	EUR/USD	1608890400000	1608894000000	retrieval_error_hour	readTicks	1	success	true	0					0	0	e3b0c44298fc1c149afbf4c8996fb92427ae41e4649b934ca495991b7852b855	2026-09-08T14:11:19.411Z		2.13.99	3.6.51	1.8.0_472-b09
R0089	EUR/USD	1608890400000	1608894000000	retrieval_error_hour	getBars	1	success	not_applicable	60	1608890400000	1.21922	1608893940000	1.21922	1	0	a07cdcdb8072de4f64687f96b12a33a3a718c02a3874147bde6e71ea7a82ec9a	2026-09-08T14:11:19.673Z		2.13.99	3.6.51	1.8.0_472-b09
R0090	EUR/USD	1608919200000	1608922800000	retrieval_error_hour	getTicks	1	success	not_applicable	0					0	0	e3b0c44298fc1c149afbf4c8996fb92427ae41e4649b934ca495991b7852b855	2026-09-08T14:11:20.257Z		2.13.99	3.6.51	1.8.0_472-b09
R0090	EUR/USD	1608919200000	1608922800000	retrieval_error_hour	readTicks	1	success	true	0					0	0	e3b0c44298fc1c149afbf4c8996fb92427ae41e4649b934ca495991b7852b855	2026-09-08T14:11:20.258Z		2.13.99	3.6.51	1.8.0_472-b09
R0090	EUR/USD	1608919200000	1608922800000	retrieval_error_hour	getBars	1	success	not_applicable	60	1608919200000	1.21922	1608922740000	1.21922	1	0	a0ab2cbbd0aa0ff6e4c3479fb413146295fa81fbcef42dd15fa21ff6bcf774bd	2026-09-08T14:11:20.258Z		2.13.99	3.6.51	1.8.0_472-b09
R0091	EUR/USD	1608944400000	1608948000000	retrieval_error_hour	getTicks	1	success	not_applicable	0					0	0	e3b0c44298fc1c149afbf4c8996fb92427ae41e4649b934ca495991b7852b855	2026-09-08T14:11:20.722Z		2.13.99	3.6.51	1.8.0_472-b09
R0091	EUR/USD	1608944400000	1608948000000	retrieval_error_hour	readTicks	1	success	true	0					0	0	e3b0c44298fc1c149afbf4c8996fb92427ae41e4649b934ca495991b7852b855	2026-09-08T14:11:20.723Z		2.13.99	3.6.51	1.8.0_472-b09
R0091	EUR/USD	1608944400000	1608948000000	retrieval_error_hour	getBars	1	success	not_applicable	60	1608944400000	1.21922	1608947940000	1.21922	1	0	23f1b56aaa06b659327d2a7836f038a97db6aea65ef831ba0929015e07954645	2026-09-08T14:11:21.063Z		2.13.99	3.6.51	1.8.0_472-b09
R0092	EUR/USD	1608958800000	1608962400000	retrieval_error_hour	getTicks	1	success	not_applicable	0					0	0	e3b0c44298fc1c149afbf4c8996fb92427ae41e4649b934ca495991b7852b855	2026-09-08T14:11:21.645Z		2.13.99	3.6.51	1.8.0_472-b09
R0092	EUR/USD	1608958800000	1608962400000	retrieval_error_hour	readTicks	1	success	true	0					0	0	e3b0c44298fc1c149afbf4c8996fb92427ae41e4649b934ca495991b7852b855	2026-09-08T14:11:21.645Z		2.13.99	3.6.51	1.8.0_472-b09
R0092	EUR/USD	1608958800000	1608962400000	retrieval_error_hour	getBars	1	success	not_applicable	60	1608958800000	1.21922	1608962340000	1.21922	1	0	37a14ca57c7e274726c7fec5a86b25dcaa86fcaf8e7f1711d964216158e55bcf	2026-09-08T14:11:21.646Z		2.13.99	3.6.51	1.8.0_472-b09
R0093	EUR/USD	1608969600000	1608973200000	retrieval_error_hour	getTicks	1	success	not_applicable	0					0	0	e3b0c44298fc1c149afbf4c8996fb92427ae41e4649b934ca495991b7852b855	2026-09-08T14:11:22.089Z		2.13.99	3.6.51	1.8.0_472-b09
R0093	EUR/USD	1608969600000	1608973200000	retrieval_error_hour	readTicks	1	success	true	0					0	0	e3b0c44298fc1c149afbf4c8996fb92427ae41e4649b934ca495991b7852b855	2026-09-08T14:11:22.090Z		2.13.99	3.6.51	1.8.0_472-b09
R0093	EUR/USD	1608969600000	1608973200000	retrieval_error_hour	getBars	1	success	not_applicable	60	1608969600000	1.21922	1608973140000	1.21922	1	0	0cfe413993fbcb66509cbf8d28d8ff802c87d4b622cdfbe3613e3dea21813b8a	2026-09-08T14:11:22.091Z		2.13.99	3.6.51	1.8.0_472-b09
R0094	EUR/USD	1609016400000	1609020000000	retrieval_error_hour	getTicks	1	success	not_applicable	0					0	0	e3b0c44298fc1c149afbf4c8996fb92427ae41e4649b934ca495991b7852b855	2026-09-08T14:11:50.575Z		2.13.99	3.6.51	1.8.0_472-b09
R0094	EUR/USD	1609016400000	1609020000000	retrieval_error_hour	readTicks	1	success	true	0					0	0	e3b0c44298fc1c149afbf4c8996fb92427ae41e4649b934ca495991b7852b855	2026-09-08T14:11:50.576Z		2.13.99	3.6.51	1.8.0_472-b09
R0094	EUR/USD	1609016400000	1609020000000	retrieval_error_hour	getBars	1	success	not_applicable	60	1609016400000	1.21922	1609019940000	1.21922	1	0	0c1192cdb414189257509cc1e32c589c37462cf8f9ed5a6430a7b68f045a3896	2026-09-08T14:11:50.576Z		2.13.99	3.6.51	1.8.0_472-b09
R0095	EUR/USD	1609045200000	1609048800000	retrieval_error_hour	getTicks	1	success	not_applicable	0					0	0	e3b0c44298fc1c149afbf4c8996fb92427ae41e4649b934ca495991b7852b855	2026-09-08T14:11:51.141Z		2.13.99	3.6.51	1.8.0_472-b09
R0095	EUR/USD	1609045200000	1609048800000	retrieval_error_hour	readTicks	1	success	true	0					0	0	e3b0c44298fc1c149afbf4c8996fb92427ae41e4649b934ca495991b7852b855	2026-09-08T14:11:51.141Z		2.13.99	3.6.51	1.8.0_472-b09
R0095	EUR/USD	1609045200000	1609048800000	retrieval_error_hour	getBars	1	success	not_applicable	60	1609045200000	1.21922	1609048740000	1.21922	1	0	4310b1ecd0ce151c579f28861bc66a2d7df8de0e7285693c35dd80bd09cbe88f	2026-09-08T14:11:51.418Z		2.13.99	3.6.51	1.8.0_472-b09
R0096	EUR/USD	1609077600000	1609081200000	retrieval_error_hour	getTicks	1	success	not_applicable	0					0	0	e3b0c44298fc1c149afbf4c8996fb92427ae41e4649b934ca495991b7852b855	2026-09-08T14:11:51.976Z		2.13.99	3.6.51	1.8.0_472-b09
R0096	EUR/USD	1609077600000	1609081200000	retrieval_error_hour	readTicks	1	success	true	0					0	0	e3b0c44298fc1c149afbf4c8996fb92427ae41e4649b934ca495991b7852b855	2026-09-08T14:11:51.977Z		2.13.99	3.6.51	1.8.0_472-b09
R0096	EUR/USD	1609077600000	1609081200000	retrieval_error_hour	getBars	1	success	not_applicable	60	1609077600000	1.21922	1609081140000	1.21922	1	0	90e91b38b2a8cc81f3ff2a8339b31dd29e4ef02df8b0588297cbac7a7c705ab9	2026-09-08T14:11:51.977Z		2.13.99	3.6.51	1.8.0_472-b09
R0097	EUR/USD	1609106400000	1609110000000	retrieval_error_hour	getTicks	1	success	not_applicable	597	1609106796584	1.2186	1609109995165	1.21901	0	0	aab7761631039cfb70e95ce1c1918453b1c09b6f2564a2dc041b2e07caf7ac3e	2026-09-08T14:11:52.713Z		2.13.99	3.6.51	1.8.0_472-b09
R0097	EUR/USD	1609106400000	1609110000000	retrieval_error_hour	readTicks	1	success	true	597	1609106796584	1.2186	1609109995165	1.21901	0	0	aab7761631039cfb70e95ce1c1918453b1c09b6f2564a2dc041b2e07caf7ac3e	2026-09-08T14:11:52.714Z		2.13.99	3.6.51	1.8.0_472-b09
R0097	EUR/USD	1609106400000	1609110000000	retrieval_error_hour	getBars	1	success	not_applicable	60	1609106400000	1.21922	1609109940000	1.21857	1	0	73d7321e0214b73ace2be777f5407d61505b21ee5bc7d97540ec95c278fe954a	2026-09-08T14:11:52.715Z		2.13.99	3.6.51	1.8.0_472-b09
R0098	EUR/USD	1611003600000	1611007200000	retrieval_error_hour	getTicks	1	success	not_applicable	1801	1611003600147	1.20766	1611007199963	1.20749	0	0	9ff760784f6005612327668415fdc6b205b0b4bfb840fa8456b9e5568b55e561	2026-09-08T14:11:53.307Z		2.13.99	3.6.51	1.8.0_472-b09
R0098	EUR/USD	1611003600000	1611007200000	retrieval_error_hour	readTicks	1	success	true	1801	1611003600147	1.20766	1611007199963	1.20749	0	0	9ff760784f6005612327668415fdc6b205b0b4bfb840fa8456b9e5568b55e561	2026-09-08T14:11:53.311Z		2.13.99	3.6.51	1.8.0_472-b09
R0098	EUR/USD	1611003600000	1611007200000	retrieval_error_hour	getBars	1	success	not_applicable	60	1611003600000	1.20766	1611007140000	1.20765	1	0	b50edb0d5c94022f5e5d61712326a913a38f1227974f04ea7c79507cddca6302	2026-09-08T14:11:53.559Z		2.13.99	3.6.51	1.8.0_472-b09
R0099	EUR/USD	1619467200000	1619470800000	retrieval_error_hour	getTicks	1	success	not_applicable	1415	1619467200146	1.20893	1619470799879	1.20838	0	0	2132064456e404347b08720e4c3ac98d8f04a92e24bf432e9dde43e14d2817d2	2026-09-08T14:11:54.081Z		2.13.99	3.6.51	1.8.0_472-b09
R0099	EUR/USD	1619467200000	1619470800000	retrieval_error_hour	readTicks	1	success	true	1415	1619467200146	1.20893	1619470799879	1.20838	0	0	2132064456e404347b08720e4c3ac98d8f04a92e24bf432e9dde43e14d2817d2	2026-09-08T14:11:54.085Z		2.13.99	3.6.51	1.8.0_472-b09
R0099	EUR/USD	1619467200000	1619470800000	retrieval_error_hour	getBars	1	success	not_applicable	60	1619467200000	1.20893	1619470740000	1.20856	1	0	6c73ca776d8cd4ec2eceeb067c489965ee3de06504399bdb2ed034f59a63d2a1	2026-09-08T14:11:54.582Z		2.13.99	3.6.51	1.8.0_472-b09
R0100	EUR/USD	1623477600000	1623481200000	retrieval_error_hour	getTicks	1	success	not_applicable	0					0	0	e3b0c44298fc1c149afbf4c8996fb92427ae41e4649b934ca495991b7852b855	2026-09-08T14:11:55.327Z		2.13.99	3.6.51	1.8.0_472-b09
R0100	EUR/USD	1623477600000	1623481200000	retrieval_error_hour	readTicks	1	success	true	0					0	0	e3b0c44298fc1c149afbf4c8996fb92427ae41e4649b934ca495991b7852b855	2026-09-08T14:11:55.327Z		2.13.99	3.6.51	1.8.0_472-b09
R0100	EUR/USD	1623477600000	1623481200000	retrieval_error_hour	getBars	1	success	not_applicable	60	1623477600000	1.21072	1623481140000	1.21072	1	0	55e8ad6a6eac489fad47f866ec039fcaa21a9a207208bb75a281bd6fda87ebd5	2026-09-08T14:11:55.575Z		2.13.99	3.6.51	1.8.0_472-b09
R0101	EUR/USD	1623510000000	1623513600000	retrieval_error_hour	getTicks	1	success	not_applicable	0					0	0	e3b0c44298fc1c149afbf4c8996fb92427ae41e4649b934ca495991b7852b855	2026-09-08T14:11:56.005Z		2.13.99	3.6.51	1.8.0_472-b09
R0101	EUR/USD	1623510000000	1623513600000	retrieval_error_hour	readTicks	1	success	true	0					0	0	e3b0c44298fc1c149afbf4c8996fb92427ae41e4649b934ca495991b7852b855	2026-09-08T14:11:56.005Z		2.13.99	3.6.51	1.8.0_472-b09
R0101	EUR/USD	1623510000000	1623513600000	retrieval_error_hour	getBars	1	success	not_applicable	60	1623510000000	1.21072	1623513540000	1.21072	1	0	c18216a0afdc757a312c2bee9c8df569c9904255e8ed81bcaf1accd05cac93d7	2026-09-08T14:11:56.005Z		2.13.99	3.6.51	1.8.0_472-b09
R0102	EUR/USD	1623517200000	1623520800000	retrieval_error_hour	getTicks	1	success	not_applicable	0					0	0	e3b0c44298fc1c149afbf4c8996fb92427ae41e4649b934ca495991b7852b855	2026-09-08T14:11:56.506Z		2.13.99	3.6.51	1.8.0_472-b09
R0102	EUR/USD	1623517200000	1623520800000	retrieval_error_hour	readTicks	1	success	true	0					0	0	e3b0c44298fc1c149afbf4c8996fb92427ae41e4649b934ca495991b7852b855	2026-09-08T14:11:56.507Z		2.13.99	3.6.51	1.8.0_472-b09
R0102	EUR/USD	1623517200000	1623520800000	retrieval_error_hour	getBars	1	success	not_applicable	60	1623517200000	1.21072	1623520740000	1.21072	1	0	f2c20893731e15d0df83a931a9a94e7d076038704060b459a2ad54e8a3f5ead2	2026-09-08T14:11:56.507Z		2.13.99	3.6.51	1.8.0_472-b09
R0103	EUR/USD	1623528000000	1623531600000	retrieval_error_hour	getTicks	1	success	not_applicable	0					0	0	e3b0c44298fc1c149afbf4c8996fb92427ae41e4649b934ca495991b7852b855	2026-09-08T14:11:57.009Z		2.13.99	3.6.51	1.8.0_472-b09
R0103	EUR/USD	1623528000000	1623531600000	retrieval_error_hour	readTicks	1	success	true	0					0	0	e3b0c44298fc1c149afbf4c8996fb92427ae41e4649b934ca495991b7852b855	2026-09-08T14:11:57.010Z		2.13.99	3.6.51	1.8.0_472-b09
R0103	EUR/USD	1623528000000	1623531600000	retrieval_error_hour	getBars	1	success	not_applicable	60	1623528000000	1.21072	1623531540000	1.21072	1	0	b3788387eaf66bdb5063e66a3aae6eaf6e9c1209946283f4dbe3a10af3d0b0b6	2026-09-08T14:11:57.010Z		2.13.99	3.6.51	1.8.0_472-b09
R0104	EUR/USD	1623531600000	1623535200000	retrieval_error_hour	getTicks	1	success	not_applicable	0					0	0	e3b0c44298fc1c149afbf4c8996fb92427ae41e4649b934ca495991b7852b855	2026-09-08T14:11:57.236Z		2.13.99	3.6.51	1.8.0_472-b09
R0104	EUR/USD	1623531600000	1623535200000	retrieval_error_hour	readTicks	1	success	true	0					0	0	e3b0c44298fc1c149afbf4c8996fb92427ae41e4649b934ca495991b7852b855	2026-09-08T14:11:57.237Z		2.13.99	3.6.51	1.8.0_472-b09
R0104	EUR/USD	1623531600000	1623535200000	retrieval_error_hour	getBars	1	success	not_applicable	60	1623531600000	1.21072	1623535140000	1.21072	1	0	4894c1b14303b07cbd0d9dfc8468928d9cab947864fee38f1122c8437f30554b	2026-09-08T14:11:57.237Z		2.13.99	3.6.51	1.8.0_472-b09
R0105	EUR/USD	1623578400000	1623582000000	retrieval_error_hour	getTicks	1	success	not_applicable	0					0	0	e3b0c44298fc1c149afbf4c8996fb92427ae41e4649b934ca495991b7852b855	2026-09-08T14:11:57.792Z		2.13.99	3.6.51	1.8.0_472-b09
R0105	EUR/USD	1623578400000	1623582000000	retrieval_error_hour	readTicks	1	success	true	0					0	0	e3b0c44298fc1c149afbf4c8996fb92427ae41e4649b934ca495991b7852b855	2026-09-08T14:11:57.792Z		2.13.99	3.6.51	1.8.0_472-b09
R0105	EUR/USD	1623578400000	1623582000000	retrieval_error_hour	getBars	1	success	not_applicable	60	1623578400000	1.21072	1623581940000	1.21072	1	0	9f570d554e1e527203cf21ac2cd44795e7cfc1a23076f1aac04acb744af5d010	2026-09-08T14:11:58.042Z		2.13.99	3.6.51	1.8.0_472-b09
R0106	EUR/USD	1625266800000	1625270400000	retrieval_error_hour	getTicks	1	success	not_applicable	0					0	0	e3b0c44298fc1c149afbf4c8996fb92427ae41e4649b934ca495991b7852b855	2026-09-08T14:11:58.648Z		2.13.99	3.6.51	1.8.0_472-b09
R0106	EUR/USD	1625266800000	1625270400000	retrieval_error_hour	readTicks	1	success	true	0					0	0	e3b0c44298fc1c149afbf4c8996fb92427ae41e4649b934ca495991b7852b855	2026-09-08T14:11:58.649Z		2.13.99	3.6.51	1.8.0_472-b09
R0106	EUR/USD	1625266800000	1625270400000	retrieval_error_hour	getBars	1	success	not_applicable	60	1625266800000	1.18622	1625270340000	1.18622	1	0	dae2db598f24dfb11f2f31229470fc1a11b2f07471a028d26d4a27923f794b12	2026-09-08T14:11:58.869Z		2.13.99	3.6.51	1.8.0_472-b09
R0107	EUR/USD	1625284800000	1625288400000	retrieval_error_hour	getTicks	1	success	not_applicable	0					0	0	e3b0c44298fc1c149afbf4c8996fb92427ae41e4649b934ca495991b7852b855	2026-09-08T14:11:59.608Z		2.13.99	3.6.51	1.8.0_472-b09
R0107	EUR/USD	1625284800000	1625288400000	retrieval_error_hour	readTicks	1	success	true	0					0	0	e3b0c44298fc1c149afbf4c8996fb92427ae41e4649b934ca495991b7852b855	2026-09-08T14:11:59.608Z		2.13.99	3.6.51	1.8.0_472-b09
R0107	EUR/USD	1625284800000	1625288400000	retrieval_error_hour	getBars	1	success	not_applicable	60	1625284800000	1.18622	1625288340000	1.18622	1	0	6c0a9c4b298eb28687e6d459fd708aabd012b176883818fe81cdce6d713b6bb7	2026-09-08T14:11:59.914Z		2.13.99	3.6.51	1.8.0_472-b09
R0108	EUR/USD	1625306400000	1625310000000	retrieval_error_hour	getTicks	1	success	not_applicable	0					0	0	e3b0c44298fc1c149afbf4c8996fb92427ae41e4649b934ca495991b7852b855	2026-09-08T14:12:00.845Z		2.13.99	3.6.51	1.8.0_472-b09
R0108	EUR/USD	1625306400000	1625310000000	retrieval_error_hour	readTicks	1	success	true	0					0	0	e3b0c44298fc1c149afbf4c8996fb92427ae41e4649b934ca495991b7852b855	2026-09-08T14:12:00.845Z		2.13.99	3.6.51	1.8.0_472-b09
R0108	EUR/USD	1625306400000	1625310000000	retrieval_error_hour	getBars	1	success	not_applicable	60	1625306400000	1.18622	1625309940000	1.18622	1	0	5343e1bf208fe5008940870f38f222856745da78b6f41e1157944b54274fbe3b	2026-09-08T14:12:00.846Z		2.13.99	3.6.51	1.8.0_472-b09
R0109	EUR/USD	1625313600000	1625317200000	retrieval_error_hour	getTicks	1	success	not_applicable	0					0	0	e3b0c44298fc1c149afbf4c8996fb92427ae41e4649b934ca495991b7852b855	2026-09-08T14:12:01.387Z		2.13.99	3.6.51	1.8.0_472-b09
R0109	EUR/USD	1625313600000	1625317200000	retrieval_error_hour	readTicks	1	success	true	0					0	0	e3b0c44298fc1c149afbf4c8996fb92427ae41e4649b934ca495991b7852b855	2026-09-08T14:12:01.388Z		2.13.99	3.6.51	1.8.0_472-b09
R0109	EUR/USD	1625313600000	1625317200000	retrieval_error_hour	getBars	1	success	not_applicable	60	1625313600000	1.18622	1625317140000	1.18622	1	0	30d1647082a3b422004d3dbfe24016b88b1e3d61354d4f62d30d5c99c5bab346	2026-09-08T14:12:01.389Z		2.13.99	3.6.51	1.8.0_472-b09
R0110	EUR/USD	1625320800000	1625324400000	retrieval_error_hour	getTicks	1	success	not_applicable	0					0	0	e3b0c44298fc1c149afbf4c8996fb92427ae41e4649b934ca495991b7852b855	2026-09-08T14:12:02.368Z		2.13.99	3.6.51	1.8.0_472-b09
R0110	EUR/USD	1625320800000	1625324400000	retrieval_error_hour	readTicks	1	success	true	0					0	0	e3b0c44298fc1c149afbf4c8996fb92427ae41e4649b934ca495991b7852b855	2026-09-08T14:12:02.368Z		2.13.99	3.6.51	1.8.0_472-b09
R0110	EUR/USD	1625320800000	1625324400000	retrieval_error_hour	getBars	1	success	not_applicable	60	1625320800000	1.18622	1625324340000	1.18622	1	0	f042b276d53599b7789f382e1dc3aa06084716463741368d5be80bf68c53d8c0	2026-09-08T14:12:02.368Z		2.13.99	3.6.51	1.8.0_472-b09
R0111	EUR/USD	1625371200000	1625374800000	retrieval_error_hour	getTicks	1	success	not_applicable	0					0	0	e3b0c44298fc1c149afbf4c8996fb92427ae41e4649b934ca495991b7852b855	2026-09-08T14:12:02.959Z		2.13.99	3.6.51	1.8.0_472-b09
R0111	EUR/USD	1625371200000	1625374800000	retrieval_error_hour	readTicks	1	success	true	0					0	0	e3b0c44298fc1c149afbf4c8996fb92427ae41e4649b934ca495991b7852b855	2026-09-08T14:12:02.960Z		2.13.99	3.6.51	1.8.0_472-b09
R0111	EUR/USD	1625371200000	1625374800000	retrieval_error_hour	getBars	1	success	not_applicable	60	1625371200000	1.18622	1625374740000	1.18622	1	0	9e9489de8489ffd89696545eee61872feee0e34a5a3336e2a9caac5991ce0035	2026-09-08T14:12:03.237Z		2.13.99	3.6.51	1.8.0_472-b09
R0112	EUR/USD	1625432400000	1625436000000	retrieval_error_hour	getTicks	1	success	not_applicable	515	1625432658881	1.18598	1625435979094	1.18671	0	0	13cc95d9821b7ccee686a314ddec9c8b1d81cfb9e45e2f76ed3ceb8ea65588f9	2026-09-08T14:12:03.918Z		2.13.99	3.6.51	1.8.0_472-b09
R0112	EUR/USD	1625432400000	1625436000000	retrieval_error_hour	readTicks	1	success	true	515	1625432658881	1.18598	1625435979094	1.18671	0	0	13cc95d9821b7ccee686a314ddec9c8b1d81cfb9e45e2f76ed3ceb8ea65588f9	2026-09-08T14:12:03.920Z		2.13.99	3.6.51	1.8.0_472-b09
R0112	EUR/USD	1625432400000	1625436000000	retrieval_error_hour	getBars	1	success	not_applicable	60	1625432400000	1.18622	1625435940000	1.18669	1	0	43411f579d1178588f5f11141a1ddf1f003b05614b38792e1cd85ba7928437ef	2026-09-08T14:12:03.921Z		2.13.99	3.6.51	1.8.0_472-b09
R0113	EUR/USD	1627693200000	1627696800000	retrieval_error_hour	getTicks	1	success	not_applicable	0					0	0	e3b0c44298fc1c149afbf4c8996fb92427ae41e4649b934ca495991b7852b855	2026-09-08T14:12:04.579Z		2.13.99	3.6.51	1.8.0_472-b09
R0113	EUR/USD	1627693200000	1627696800000	retrieval_error_hour	readTicks	1	success	true	0					0	0	e3b0c44298fc1c149afbf4c8996fb92427ae41e4649b934ca495991b7852b855	2026-09-08T14:12:04.580Z		2.13.99	3.6.51	1.8.0_472-b09
R0113	EUR/USD	1627693200000	1627696800000	retrieval_error_hour	getBars	1	success	not_applicable	60	1627693200000	1.18667	1627696740000	1.18667	1	0	59a4fa87cc9d9c40789c7e276ab78fc3a54f24eae1e20c3109198c54901df7c0	2026-09-08T14:12:05.603Z		2.13.99	3.6.51	1.8.0_472-b09
R0114	EUR/USD	1627696800000	1627700400000	retrieval_error_hour	getTicks	1	success	not_applicable	0					0	0	e3b0c44298fc1c149afbf4c8996fb92427ae41e4649b934ca495991b7852b855	2026-09-08T14:12:06.242Z		2.13.99	3.6.51	1.8.0_472-b09
R0114	EUR/USD	1627696800000	1627700400000	retrieval_error_hour	readTicks	1	success	true	0					0	0	e3b0c44298fc1c149afbf4c8996fb92427ae41e4649b934ca495991b7852b855	2026-09-08T14:12:06.242Z		2.13.99	3.6.51	1.8.0_472-b09
R0114	EUR/USD	1627696800000	1627700400000	retrieval_error_hour	getBars	1	success	not_applicable	60	1627696800000	1.18667	1627700340000	1.18667	1	0	8a1df896da5fbae4b86c56a657996380709fe137a97d0c4578cd9a9a1adb94b1	2026-09-08T14:12:06.242Z		2.13.99	3.6.51	1.8.0_472-b09
R0115	EUR/USD	1627714800000	1627718400000	retrieval_error_hour	getTicks	1	success	not_applicable	0					0	0	e3b0c44298fc1c149afbf4c8996fb92427ae41e4649b934ca495991b7852b855	2026-09-08T14:12:06.713Z		2.13.99	3.6.51	1.8.0_472-b09
R0115	EUR/USD	1627714800000	1627718400000	retrieval_error_hour	readTicks	1	success	true	0					0	0	e3b0c44298fc1c149afbf4c8996fb92427ae41e4649b934ca495991b7852b855	2026-09-08T14:12:06.714Z		2.13.99	3.6.51	1.8.0_472-b09
R0115	EUR/USD	1627714800000	1627718400000	retrieval_error_hour	getBars	1	success	not_applicable	60	1627714800000	1.18667	1627718340000	1.18667	1	0	b7f8d44f1a24ea4263e7386c759bc7a048e9f9d6a2e47e926ad6fd6eb84101e9	2026-09-08T14:12:06.714Z		2.13.99	3.6.51	1.8.0_472-b09
R0116	EUR/USD	1627772400000	1627776000000	retrieval_error_hour	getTicks	1	success	not_applicable	0					0	0	e3b0c44298fc1c149afbf4c8996fb92427ae41e4649b934ca495991b7852b855	2026-09-08T14:12:07.511Z		2.13.99	3.6.51	1.8.0_472-b09
R0116	EUR/USD	1627772400000	1627776000000	retrieval_error_hour	readTicks	1	success	true	0					0	0	e3b0c44298fc1c149afbf4c8996fb92427ae41e4649b934ca495991b7852b855	2026-09-08T14:12:07.511Z		2.13.99	3.6.51	1.8.0_472-b09
R0116	EUR/USD	1627772400000	1627776000000	retrieval_error_hour	getBars	1	success	not_applicable	60	1627772400000	1.18667	1627775940000	1.18667	1	0	701ae1d9faa152a59a486a3435a73e9eef65c56d7e4c2745f1652c000e006f38	2026-09-08T14:12:07.511Z		2.13.99	3.6.51	1.8.0_472-b09
R0117	EUR/USD	1627783200000	1627786800000	retrieval_error_hour	getTicks	1	success	not_applicable	0					0	0	e3b0c44298fc1c149afbf4c8996fb92427ae41e4649b934ca495991b7852b855	2026-09-08T14:12:08.012Z		2.13.99	3.6.51	1.8.0_472-b09
R0117	EUR/USD	1627783200000	1627786800000	retrieval_error_hour	readTicks	1	success	true	0					0	0	e3b0c44298fc1c149afbf4c8996fb92427ae41e4649b934ca495991b7852b855	2026-09-08T14:12:08.012Z		2.13.99	3.6.51	1.8.0_472-b09
R0117	EUR/USD	1627783200000	1627786800000	retrieval_error_hour	getBars	1	success	not_applicable	60	1627783200000	1.18667	1627786740000	1.18667	1	0	f3cda513e1e97e74ffa93ac08f575000852d8326de4b8344dde1e7974e268d9e	2026-09-08T14:12:09.070Z		2.13.99	3.6.51	1.8.0_472-b09
R0118	EUR/USD	1627830000000	1627833600000	retrieval_error_hour	getTicks	1	success	not_applicable	0					0	0	e3b0c44298fc1c149afbf4c8996fb92427ae41e4649b934ca495991b7852b855	2026-09-08T14:12:09.995Z		2.13.99	3.6.51	1.8.0_472-b09
R0118	EUR/USD	1627830000000	1627833600000	retrieval_error_hour	readTicks	1	success	true	0					0	0	e3b0c44298fc1c149afbf4c8996fb92427ae41e4649b934ca495991b7852b855	2026-09-08T14:12:09.995Z		2.13.99	3.6.51	1.8.0_472-b09
R0118	EUR/USD	1627830000000	1627833600000	retrieval_error_hour	getBars	1	success	not_applicable	60	1627830000000	1.18667	1627833540000	1.18667	1	0	bb5e130c35e98ebb8e6d56faf9190a0837a6fcab9f1ef8ea556a7200aa753cc9	2026-09-08T14:12:09.995Z		2.13.99	3.6.51	1.8.0_472-b09
R0119	EUR/USD	1627851600000	1627855200000	retrieval_error_hour	getTicks	1	success	not_applicable	290	1627851854474	1.18641	1627855177497	1.1865	0	0	24feb6f4d815a9b34af0b7a44c215cf364885e685b58844ba131050f3511059d	2026-09-08T14:12:10.668Z		2.13.99	3.6.51	1.8.0_472-b09
R0119	EUR/USD	1627851600000	1627855200000	retrieval_error_hour	readTicks	1	success	true	290	1627851854474	1.18641	1627855177497	1.1865	0	0	24feb6f4d815a9b34af0b7a44c215cf364885e685b58844ba131050f3511059d	2026-09-08T14:12:10.669Z		2.13.99	3.6.51	1.8.0_472-b09
R0119	EUR/USD	1627851600000	1627855200000	retrieval_error_hour	getBars	1	success	not_applicable	60	1627851600000	1.18667	1627855140000	1.18651	1	0	01ac068b032e3ac45a5ee47e34aec6892be4ec0d906c88aaac17ed3f33671cb8	2026-09-08T14:12:10.669Z		2.13.99	3.6.51	1.8.0_472-b09
R0120	EUR/USD	1629486000000	1629489600000	retrieval_error_hour	getTicks	1	success	not_applicable	978	1629486006102	1.16962	1629489599352	1.17021	0	0	b5d38ab843a5962f6e078d049f93deeece0537eeb8df1c6be45668d1edbccf00	2026-09-08T14:12:11.395Z		2.13.99	3.6.51	1.8.0_472-b09
R0120	EUR/USD	1629486000000	1629489600000	retrieval_error_hour	readTicks	1	success	true	978	1629486006102	1.16962	1629489599352	1.17021	0	0	b5d38ab843a5962f6e078d049f93deeece0537eeb8df1c6be45668d1edbccf00	2026-09-08T14:12:11.398Z		2.13.99	3.6.51	1.8.0_472-b09
R0120	EUR/USD	1629486000000	1629489600000	retrieval_error_hour	getBars	1	success	not_applicable	60	1629486000000	1.16962	1629489540000	1.17018	1	0	fef34e05289b3e2c9d4e04bb4f75b01749e8b8468db179ccf5fe3d7c688b5877	2026-09-08T14:12:11.863Z		2.13.99	3.6.51	1.8.0_472-b09
R0121	EUR/USD	1629576000000	1629579600000	retrieval_error_hour	getTicks	1	success	not_applicable	0					0	0	e3b0c44298fc1c149afbf4c8996fb92427ae41e4649b934ca495991b7852b855	2026-09-08T14:12:12.345Z		2.13.99	3.6.51	1.8.0_472-b09
R0121	EUR/USD	1629576000000	1629579600000	retrieval_error_hour	readTicks	1	success	true	0					0	0	e3b0c44298fc1c149afbf4c8996fb92427ae41e4649b934ca495991b7852b855	2026-09-08T14:12:12.346Z		2.13.99	3.6.51	1.8.0_472-b09
R0121	EUR/USD	1629576000000	1629579600000	retrieval_error_hour	getBars	1	success	not_applicable	60	1629576000000	1.16951	1629579540000	1.16951	1	0	661a11fa010f0f1288d790fac2116d75652da2710d66474711857ba936c8562b	2026-09-08T14:12:12.634Z		2.13.99	3.6.51	1.8.0_472-b09
R0122	EUR/USD	1629651600000	1629655200000	retrieval_error_hour	getTicks	1	success	not_applicable	0					0	0	e3b0c44298fc1c149afbf4c8996fb92427ae41e4649b934ca495991b7852b855	2026-09-08T14:12:13.060Z		2.13.99	3.6.51	1.8.0_472-b09
R0122	EUR/USD	1629651600000	1629655200000	retrieval_error_hour	readTicks	1	success	true	0					0	0	e3b0c44298fc1c149afbf4c8996fb92427ae41e4649b934ca495991b7852b855	2026-09-08T14:12:13.060Z		2.13.99	3.6.51	1.8.0_472-b09
R0122	EUR/USD	1629651600000	1629655200000	retrieval_error_hour	getBars	1	success	not_applicable	60	1629651600000	1.16951	1629655140000	1.16951	1	0	4d67ab17657cb471f6a135c70bc4cd59321754c546efa5be0255820544af379a	2026-09-08T14:12:13.345Z		2.13.99	3.6.51	1.8.0_472-b09
R0123	EUR/USD	1634248800000	1634252400000	retrieval_error_hour	getTicks	1	success	not_applicable	541	1634248800125	1.15978	1634252380867	1.15975	0	0	4ca819d61a87e80f886b5f3017e35cff195a29d6fd8120552871a33f79bc8f41	2026-09-08T14:12:13.849Z		2.13.99	3.6.51	1.8.0_472-b09
R0123	EUR/USD	1634248800000	1634252400000	retrieval_error_hour	readTicks	1	success	true	541	1634248800125	1.15978	1634252380867	1.15975	0	0	4ca819d61a87e80f886b5f3017e35cff195a29d6fd8120552871a33f79bc8f41	2026-09-08T14:12:13.851Z		2.13.99	3.6.51	1.8.0_472-b09
R0123	EUR/USD	1634248800000	1634252400000	retrieval_error_hour	getBars	1	success	not_applicable	60	1634248800000	1.15978	1634252340000	1.15975	1	0	1d486ef351be1b9ee29d34ab40dc1fc806396f5dcad5a4fd1a81af49bdc41fa7	2026-09-08T14:12:14.289Z		2.13.99	3.6.51	1.8.0_472-b09
R0124	EUR/USD	1639238400000	1639242000000	retrieval_error_hour	getTicks	1	success	not_applicable	0					0	0	e3b0c44298fc1c149afbf4c8996fb92427ae41e4649b934ca495991b7852b855	2026-09-08T14:12:15.149Z		2.13.99	3.6.51	1.8.0_472-b09
R0124	EUR/USD	1639238400000	1639242000000	retrieval_error_hour	readTicks	1	success	true	0					0	0	e3b0c44298fc1c149afbf4c8996fb92427ae41e4649b934ca495991b7852b855	2026-09-08T14:12:15.149Z		2.13.99	3.6.51	1.8.0_472-b09
R0124	EUR/USD	1639238400000	1639242000000	retrieval_error_hour	getBars	1	success	not_applicable	60	1639238400000	1.13146	1639241940000	1.13146	1	0	2114f18ca136c700cb79fa781513c8708a94ea6fedda0afb7726f54dc0c0886b	2026-09-08T14:12:15.418Z		2.13.99	3.6.51	1.8.0_472-b09
R0125	EUR/USD	1639278000000	1639281600000	retrieval_error_hour	getTicks	1	success	not_applicable	0					0	0	e3b0c44298fc1c149afbf4c8996fb92427ae41e4649b934ca495991b7852b855	2026-09-08T14:12:15.872Z		2.13.99	3.6.51	1.8.0_472-b09
R0125	EUR/USD	1639278000000	1639281600000	retrieval_error_hour	readTicks	1	success	true	0					0	0	e3b0c44298fc1c149afbf4c8996fb92427ae41e4649b934ca495991b7852b855	2026-09-08T14:12:15.874Z		2.13.99	3.6.51	1.8.0_472-b09
R0125	EUR/USD	1639278000000	1639281600000	retrieval_error_hour	getBars	1	success	not_applicable	60	1639278000000	1.13146	1639281540000	1.13146	1	0	f15dd663e312e57a01d5da4bbcd0d959c53c2c6491eb10b7fc77e1055459e05a	2026-09-08T14:12:16.398Z		2.13.99	3.6.51	1.8.0_472-b09
R0126	EUR/USD	1639317600000	1639321200000	retrieval_error_hour	getTicks	1	success	not_applicable	0					0	0	e3b0c44298fc1c149afbf4c8996fb92427ae41e4649b934ca495991b7852b855	2026-09-08T14:12:16.863Z		2.13.99	3.6.51	1.8.0_472-b09
R0126	EUR/USD	1639317600000	1639321200000	retrieval_error_hour	readTicks	1	success	true	0					0	0	e3b0c44298fc1c149afbf4c8996fb92427ae41e4649b934ca495991b7852b855	2026-09-08T14:12:16.863Z		2.13.99	3.6.51	1.8.0_472-b09
R0126	EUR/USD	1639317600000	1639321200000	retrieval_error_hour	getBars	1	success	not_applicable	60	1639317600000	1.13146	1639321140000	1.13146	1	0	eb970405043cc1357facffb244f3b29c7f12ea3df4c8ea8c7766148576cd977d	2026-09-08T14:12:16.864Z		2.13.99	3.6.51	1.8.0_472-b09
R0127	EUR/USD	1639324800000	1639328400000	retrieval_error_hour	getTicks	1	success	not_applicable	0					0	0	e3b0c44298fc1c149afbf4c8996fb92427ae41e4649b934ca495991b7852b855	2026-09-08T14:12:17.324Z		2.13.99	3.6.51	1.8.0_472-b09
R0127	EUR/USD	1639324800000	1639328400000	retrieval_error_hour	readTicks	1	success	true	0					0	0	e3b0c44298fc1c149afbf4c8996fb92427ae41e4649b934ca495991b7852b855	2026-09-08T14:12:17.324Z		2.13.99	3.6.51	1.8.0_472-b09
R0127	EUR/USD	1639324800000	1639328400000	retrieval_error_hour	getBars	1	success	not_applicable	60	1639324800000	1.13146	1639328340000	1.13146	1	0	41136f7ab7c55b93981c540408e05a517dd3e767edd0a83a74e5f8abb8cc5cd4	2026-09-08T14:12:17.325Z		2.13.99	3.6.51	1.8.0_472-b09
R0128	EUR/USD	1640469600000	1640473200000	retrieval_error_hour	getTicks	1	success	not_applicable	0					0	0	e3b0c44298fc1c149afbf4c8996fb92427ae41e4649b934ca495991b7852b855	2026-09-08T14:12:17.905Z		2.13.99	3.6.51	1.8.0_472-b09
R0128	EUR/USD	1640469600000	1640473200000	retrieval_error_hour	readTicks	1	success	true	0					0	0	e3b0c44298fc1c149afbf4c8996fb92427ae41e4649b934ca495991b7852b855	2026-09-08T14:12:17.906Z		2.13.99	3.6.51	1.8.0_472-b09
R0128	EUR/USD	1640469600000	1640473200000	retrieval_error_hour	getBars	1	success	not_applicable	60	1640469600000	1.13102	1640473140000	1.13102	1	0	1e3c92c8a8c18a2deee5a5ccd2a0c7283fb4b60b0da20e456afc5f80a962f0c5	2026-09-08T14:12:18.209Z		2.13.99	3.6.51	1.8.0_472-b09
R0129	EUR/USD	1640512800000	1640516400000	retrieval_error_hour	getTicks	1	success	not_applicable	0					0	0	e3b0c44298fc1c149afbf4c8996fb92427ae41e4649b934ca495991b7852b855	2026-09-08T14:12:18.809Z		2.13.99	3.6.51	1.8.0_472-b09
R0129	EUR/USD	1640512800000	1640516400000	retrieval_error_hour	readTicks	1	success	true	0					0	0	e3b0c44298fc1c149afbf4c8996fb92427ae41e4649b934ca495991b7852b855	2026-09-08T14:12:18.809Z		2.13.99	3.6.51	1.8.0_472-b09
R0129	EUR/USD	1640512800000	1640516400000	retrieval_error_hour	getBars	1	success	not_applicable	60	1640512800000	1.13102	1640516340000	1.13102	1	0	4b675cadb3d7b7e77f2ded130a94ecbf2574e66dfab6e9d014bbc03fe891eb6f	2026-09-08T14:12:19.104Z		2.13.99	3.6.51	1.8.0_472-b09
R0130	EUR/USD	1640523600000	1640527200000	retrieval_error_hour	getTicks	1	success	not_applicable	0					0	0	e3b0c44298fc1c149afbf4c8996fb92427ae41e4649b934ca495991b7852b855	2026-09-08T14:12:19.607Z		2.13.99	3.6.51	1.8.0_472-b09
R0130	EUR/USD	1640523600000	1640527200000	retrieval_error_hour	readTicks	1	success	true	0					0	0	e3b0c44298fc1c149afbf4c8996fb92427ae41e4649b934ca495991b7852b855	2026-09-08T14:12:19.608Z		2.13.99	3.6.51	1.8.0_472-b09
R0130	EUR/USD	1640523600000	1640527200000	retrieval_error_hour	getBars	1	success	not_applicable	60	1640523600000	1.13102	1640527140000	1.13102	1	0	40a93f5d7221556154d828ebb374066d929bc162388d09643d8e9542e930e1c3	2026-09-08T14:12:19.608Z		2.13.99	3.6.51	1.8.0_472-b09
R0131	EUR/USD	1641092400000	1641096000000	retrieval_error_hour	getTicks	1	success	not_applicable	0					0	0	e3b0c44298fc1c149afbf4c8996fb92427ae41e4649b934ca495991b7852b855	2026-09-08T14:12:20.467Z		2.13.99	3.6.51	1.8.0_472-b09
R0131	EUR/USD	1641092400000	1641096000000	retrieval_error_hour	readTicks	1	success	true	0					0	0	e3b0c44298fc1c149afbf4c8996fb92427ae41e4649b934ca495991b7852b855	2026-09-08T14:12:20.467Z		2.13.99	3.6.51	1.8.0_472-b09
R0131	EUR/USD	1641092400000	1641096000000	retrieval_error_hour	getBars	1	success	not_applicable	60	1641092400000	1.13667	1641095940000	1.13667	1	0	1e36c574448864f7a655f04c6ef938766b9c43fe92ec050e8317743fc8bfdd1f	2026-09-08T14:12:20.754Z		2.13.99	3.6.51	1.8.0_472-b09
R0132	EUR/USD	1650664800000	1650668400000	retrieval_error_hour	getTicks	1	success	not_applicable	0					0	0	e3b0c44298fc1c149afbf4c8996fb92427ae41e4649b934ca495991b7852b855	2026-09-08T14:12:21.227Z		2.13.99	3.6.51	1.8.0_472-b09
R0132	EUR/USD	1650664800000	1650668400000	retrieval_error_hour	readTicks	1	success	true	0					0	0	e3b0c44298fc1c149afbf4c8996fb92427ae41e4649b934ca495991b7852b855	2026-09-08T14:12:21.228Z		2.13.99	3.6.51	1.8.0_472-b09
R0132	EUR/USD	1650664800000	1650668400000	retrieval_error_hour	getBars	1	success	not_applicable	60	1650664800000	1.07947	1650668340000	1.07947	1	0	e2e3fc58c1b69edb17f4eb2d58064a1dc7abedc744aa9e474f32d957ae3983c5	2026-09-08T14:12:21.654Z		2.13.99	3.6.51	1.8.0_472-b09
R0133	EUR/USD	1650682800000	1650686400000	retrieval_error_hour	getTicks	1	success	not_applicable	0					0	0	e3b0c44298fc1c149afbf4c8996fb92427ae41e4649b934ca495991b7852b855	2026-09-08T14:12:22.294Z		2.13.99	3.6.51	1.8.0_472-b09
R0133	EUR/USD	1650682800000	1650686400000	retrieval_error_hour	readTicks	1	success	true	0					0	0	e3b0c44298fc1c149afbf4c8996fb92427ae41e4649b934ca495991b7852b855	2026-09-08T14:12:22.295Z		2.13.99	3.6.51	1.8.0_472-b09
R0133	EUR/USD	1650682800000	1650686400000	retrieval_error_hour	getBars	1	success	not_applicable	60	1650682800000	1.07947	1650686340000	1.07947	1	0	716e11704179a4f7cc394cec5f29b7cf31ee13cb855160059f8157a5f2f15423	2026-09-08T14:12:22.626Z		2.13.99	3.6.51	1.8.0_472-b09
R0134	EUR/USD	1650722400000	1650726000000	retrieval_error_hour	getTicks	1	success	not_applicable	0					0	0	e3b0c44298fc1c149afbf4c8996fb92427ae41e4649b934ca495991b7852b855	2026-09-08T14:12:23.106Z		2.13.99	3.6.51	1.8.0_472-b09
R0134	EUR/USD	1650722400000	1650726000000	retrieval_error_hour	readTicks	1	success	true	0					0	0	e3b0c44298fc1c149afbf4c8996fb92427ae41e4649b934ca495991b7852b855	2026-09-08T14:12:23.107Z		2.13.99	3.6.51	1.8.0_472-b09
R0134	EUR/USD	1650722400000	1650726000000	retrieval_error_hour	getBars	1	success	not_applicable	60	1650722400000	1.07947	1650725940000	1.07947	1	0	6eac117935af727ed96e399ff5d4883e69474a03cf3b2c3d79509af756fe5a89	2026-09-08T14:12:23.107Z		2.13.99	3.6.51	1.8.0_472-b09
R0135	EUR/USD	1650787200000	1650790800000	retrieval_error_hour	getTicks	1	success	not_applicable	0					0	0	e3b0c44298fc1c149afbf4c8996fb92427ae41e4649b934ca495991b7852b855	2026-09-08T14:13:05.222Z		2.13.99	3.6.51	1.8.0_472-b09
R0135	EUR/USD	1650787200000	1650790800000	retrieval_error_hour	readTicks	1	success	true	0					0	0	e3b0c44298fc1c149afbf4c8996fb92427ae41e4649b934ca495991b7852b855	2026-09-08T14:13:05.223Z		2.13.99	3.6.51	1.8.0_472-b09
R0135	EUR/USD	1650787200000	1650790800000	retrieval_error_hour	getBars	1	success	not_applicable	0					0	0	e3b0c44298fc1c149afbf4c8996fb92427ae41e4649b934ca495991b7852b855	2026-09-08T14:13:25.019Z		2.13.99	3.6.51	1.8.0_472-b09
R0136	EUR/USD	1650805200000	1650808800000	retrieval_error_hour	getTicks	1	success	not_applicable	0					0	0	e3b0c44298fc1c149afbf4c8996fb92427ae41e4649b934ca495991b7852b855	2026-09-08T14:14:00.776Z		2.13.99	3.6.51	1.8.0_472-b09
R0136	EUR/USD	1650805200000	1650808800000	retrieval_error_hour	readTicks	1	success	true	0					0	0	e3b0c44298fc1c149afbf4c8996fb92427ae41e4649b934ca495991b7852b855	2026-09-08T14:14:00.777Z		2.13.99	3.6.51	1.8.0_472-b09
R0136	EUR/USD	1650805200000	1650808800000	retrieval_error_hour	getBars	1	success	not_applicable	0					0	0	e3b0c44298fc1c149afbf4c8996fb92427ae41e4649b934ca495991b7852b855	2026-09-08T14:14:00.777Z		2.13.99	3.6.51	1.8.0_472-b09
R0137	EUR/USD	1651269600000	1651273200000	retrieval_error_hour	getTicks	1	success	not_applicable	0					0	0	e3b0c44298fc1c149afbf4c8996fb92427ae41e4649b934ca495991b7852b855	2026-09-08T14:14:01.596Z		2.13.99	3.6.51	1.8.0_472-b09
R0137	EUR/USD	1651269600000	1651273200000	retrieval_error_hour	readTicks	1	success	true	0					0	0	e3b0c44298fc1c149afbf4c8996fb92427ae41e4649b934ca495991b7852b855	2026-09-08T14:14:01.597Z		2.13.99	3.6.51	1.8.0_472-b09
R0137	EUR/USD	1651269600000	1651273200000	retrieval_error_hour	getBars	1	success	not_applicable	60	1651269600000	1.05409	1651273140000	1.05409	1	0	a33c4641bb69154531b33c6ba8a57c2049b07970b342e24cbc90fa87c766d483	2026-09-08T14:14:01.897Z		2.13.99	3.6.51	1.8.0_472-b09
R0138	EUR/USD	1651273200000	1651276800000	retrieval_error_hour	getTicks	1	success	not_applicable	0					0	0	e3b0c44298fc1c149afbf4c8996fb92427ae41e4649b934ca495991b7852b855	2026-09-08T14:14:02.140Z		2.13.99	3.6.51	1.8.0_472-b09
R0138	EUR/USD	1651273200000	1651276800000	retrieval_error_hour	readTicks	1	success	true	0					0	0	e3b0c44298fc1c149afbf4c8996fb92427ae41e4649b934ca495991b7852b855	2026-09-08T14:14:02.140Z		2.13.99	3.6.51	1.8.0_472-b09
R0138	EUR/USD	1651273200000	1651276800000	retrieval_error_hour	getBars	1	success	not_applicable	60	1651273200000	1.05409	1651276740000	1.05409	1	0	e692c40678d767393a9100cd0ac010456d6c07d714401af7cd298de3f17c066b	2026-09-08T14:14:02.141Z		2.13.99	3.6.51	1.8.0_472-b09
R0139	EUR/USD	1651302000000	1651305600000	retrieval_error_hour	getTicks	1	success	not_applicable	0					0	0	e3b0c44298fc1c149afbf4c8996fb92427ae41e4649b934ca495991b7852b855	2026-09-08T14:14:02.629Z		2.13.99	3.6.51	1.8.0_472-b09
R0139	EUR/USD	1651302000000	1651305600000	retrieval_error_hour	readTicks	1	success	true	0					0	0	e3b0c44298fc1c149afbf4c8996fb92427ae41e4649b934ca495991b7852b855	2026-09-08T14:14:02.630Z		2.13.99	3.6.51	1.8.0_472-b09
R0139	EUR/USD	1651302000000	1651305600000	retrieval_error_hour	getBars	1	success	not_applicable	60	1651302000000	1.05409	1651305540000	1.05409	1	0	56e79f3175594511477b643e4e475ac21ee54f3d4a3a8f5511b975023cb47161	2026-09-08T14:14:02.863Z		2.13.99	3.6.51	1.8.0_472-b09
R0140	EUR/USD	1651417200000	1651420800000	retrieval_error_hour	getTicks	1	success	not_applicable	0					0	0	e3b0c44298fc1c149afbf4c8996fb92427ae41e4649b934ca495991b7852b855	2026-09-08T14:14:03.331Z		2.13.99	3.6.51	1.8.0_472-b09
R0140	EUR/USD	1651417200000	1651420800000	retrieval_error_hour	readTicks	1	success	true	0					0	0	e3b0c44298fc1c149afbf4c8996fb92427ae41e4649b934ca495991b7852b855	2026-09-08T14:14:03.331Z		2.13.99	3.6.51	1.8.0_472-b09
R0140	EUR/USD	1651417200000	1651420800000	retrieval_error_hour	getBars	1	success	not_applicable	60	1651417200000	1.05409	1651420740000	1.05409	1	0	9bead2eff76f3a87442e39c2e4bc138b7e576ec7dd2b8359d049a5357a01d05f	2026-09-08T14:14:03.624Z		2.13.99	3.6.51	1.8.0_472-b09
R0141	EUR/USD	1651424400000	1651428000000	retrieval_error_hour	getTicks	1	success	not_applicable	0					0	0	e3b0c44298fc1c149afbf4c8996fb92427ae41e4649b934ca495991b7852b855	2026-09-08T14:14:04.082Z		2.13.99	3.6.51	1.8.0_472-b09
R0141	EUR/USD	1651424400000	1651428000000	retrieval_error_hour	readTicks	1	success	true	0					0	0	e3b0c44298fc1c149afbf4c8996fb92427ae41e4649b934ca495991b7852b855	2026-09-08T14:14:04.083Z		2.13.99	3.6.51	1.8.0_472-b09
R0141	EUR/USD	1651424400000	1651428000000	retrieval_error_hour	getBars	1	success	not_applicable	60	1651424400000	1.05409	1651427940000	1.05409	1	0	82fe133c8b33496869d2aef5a76c3cb55b4237cd0a4cac4472a0e8ac4c23db76	2026-09-08T14:14:04.083Z		2.13.99	3.6.51	1.8.0_472-b09
R0142	EUR/USD	1651435200000	1651438800000	retrieval_error_hour	getTicks	1	success	not_applicable	0					0	0	e3b0c44298fc1c149afbf4c8996fb92427ae41e4649b934ca495991b7852b855	2026-09-08T14:14:04.662Z		2.13.99	3.6.51	1.8.0_472-b09
R0142	EUR/USD	1651435200000	1651438800000	retrieval_error_hour	readTicks	1	success	true	0					0	0	e3b0c44298fc1c149afbf4c8996fb92427ae41e4649b934ca495991b7852b855	2026-09-08T14:14:04.663Z		2.13.99	3.6.51	1.8.0_472-b09
R0142	EUR/USD	1651435200000	1651438800000	retrieval_error_hour	getBars	1	success	not_applicable	60	1651435200000	1.05409	1651438740000	1.05409	1	0	764b2f080be545664bc879b410d99a0182298f0307cac63b634a6ef8606522b3	2026-09-08T14:14:04.664Z		2.13.99	3.6.51	1.8.0_472-b09
R0143	EUR/USD	1652508000000	1652511600000	retrieval_error_hour	getTicks	1	success	not_applicable	0					0	0	e3b0c44298fc1c149afbf4c8996fb92427ae41e4649b934ca495991b7852b855	2026-09-08T14:14:05.178Z		2.13.99	3.6.51	1.8.0_472-b09
R0143	EUR/USD	1652508000000	1652511600000	retrieval_error_hour	readTicks	1	success	true	0					0	0	e3b0c44298fc1c149afbf4c8996fb92427ae41e4649b934ca495991b7852b855	2026-09-08T14:14:05.179Z		2.13.99	3.6.51	1.8.0_472-b09
R0143	EUR/USD	1652508000000	1652511600000	retrieval_error_hour	getBars	1	success	not_applicable	60	1652508000000	1.04116	1652511540000	1.04116	1	0	c0dd4f08367909b80bfe8444a396ead8305da200e3de7c559acbcb79b37ff3c1	2026-09-08T14:14:05.461Z		2.13.99	3.6.51	1.8.0_472-b09
R0144	EUR/USD	1656115200000	1656118800000	retrieval_error_hour	getTicks	1	success	not_applicable	0					0	0	e3b0c44298fc1c149afbf4c8996fb92427ae41e4649b934ca495991b7852b855	2026-09-08T14:14:05.984Z		2.13.99	3.6.51	1.8.0_472-b09
R0144	EUR/USD	1656115200000	1656118800000	retrieval_error_hour	readTicks	1	success	true	0					0	0	e3b0c44298fc1c149afbf4c8996fb92427ae41e4649b934ca495991b7852b855	2026-09-08T14:14:05.984Z		2.13.99	3.6.51	1.8.0_472-b09
R0144	EUR/USD	1656115200000	1656118800000	retrieval_error_hour	getBars	1	success	not_applicable	60	1656115200000	1.05519	1656118740000	1.05519	1	0	1307d3b82c1a0d58d2142b76197639eaee053e6f3eea77d407af451496fff955	2026-09-08T14:14:06.244Z		2.13.99	3.6.51	1.8.0_472-b09
R0145	EUR/USD	1656154800000	1656158400000	retrieval_error_hour	getTicks	1	success	not_applicable	0					0	0	e3b0c44298fc1c149afbf4c8996fb92427ae41e4649b934ca495991b7852b855	2026-09-08T14:14:06.781Z		2.13.99	3.6.51	1.8.0_472-b09
R0145	EUR/USD	1656154800000	1656158400000	retrieval_error_hour	readTicks	1	success	true	0					0	0	e3b0c44298fc1c149afbf4c8996fb92427ae41e4649b934ca495991b7852b855	2026-09-08T14:14:06.782Z		2.13.99	3.6.51	1.8.0_472-b09
R0145	EUR/USD	1656154800000	1656158400000	retrieval_error_hour	getBars	1	success	not_applicable	60	1656154800000	1.05519	1656158340000	1.05519	1	0	74d1285ba8d7afba85f088e0621d1298da1a34d537742c4ee150f9c544b862d3	2026-09-08T14:14:06.782Z		2.13.99	3.6.51	1.8.0_472-b09
R0146	EUR/USD	1656727200000	1656730800000	retrieval_error_hour	getTicks	1	success	not_applicable	0					0	0	e3b0c44298fc1c149afbf4c8996fb92427ae41e4649b934ca495991b7852b855	2026-09-08T14:14:07.487Z		2.13.99	3.6.51	1.8.0_472-b09
R0146	EUR/USD	1656727200000	1656730800000	retrieval_error_hour	readTicks	1	success	true	0					0	0	e3b0c44298fc1c149afbf4c8996fb92427ae41e4649b934ca495991b7852b855	2026-09-08T14:14:07.488Z		2.13.99	3.6.51	1.8.0_472-b09
R0146	EUR/USD	1656727200000	1656730800000	retrieval_error_hour	getBars	1	success	not_applicable	60	1656727200000	1.04262	1656730740000	1.04262	1	0	66ad9198f3cc839cee4f7c42fdfa091cbd0f240172f67a3227f173da71a5140e	2026-09-08T14:14:07.830Z		2.13.99	3.6.51	1.8.0_472-b09
R0147	EUR/USD	1659783600000	1659787200000	retrieval_error_hour	getTicks	1	success	not_applicable	0					0	0	e3b0c44298fc1c149afbf4c8996fb92427ae41e4649b934ca495991b7852b855	2026-09-08T14:14:08.403Z		2.13.99	3.6.51	1.8.0_472-b09
R0147	EUR/USD	1659783600000	1659787200000	retrieval_error_hour	readTicks	1	success	true	0					0	0	e3b0c44298fc1c149afbf4c8996fb92427ae41e4649b934ca495991b7852b855	2026-09-08T14:14:08.404Z		2.13.99	3.6.51	1.8.0_472-b09
R0147	EUR/USD	1659783600000	1659787200000	retrieval_error_hour	getBars	1	success	not_applicable	60	1659783600000	1.01825	1659787140000	1.01825	1	0	e919c51e352f862afa7a4e9395136193d2a2afb0f43be0974aa06173e8dd07cc	2026-09-08T14:14:08.658Z		2.13.99	3.6.51	1.8.0_472-b09
R0148	EUR/USD	1672592400000	1672596000000	retrieval_error_hour	getTicks	1	success	not_applicable	0					0	0	e3b0c44298fc1c149afbf4c8996fb92427ae41e4649b934ca495991b7852b855	2026-09-08T14:14:09.149Z		2.13.99	3.6.51	1.8.0_472-b09
R0148	EUR/USD	1672592400000	1672596000000	retrieval_error_hour	readTicks	1	success	true	0					0	0	e3b0c44298fc1c149afbf4c8996fb92427ae41e4649b934ca495991b7852b855	2026-09-08T14:14:09.151Z		2.13.99	3.6.51	1.8.0_472-b09
R0148	EUR/USD	1672592400000	1672596000000	retrieval_error_hour	getBars	1	success	not_applicable	60	1672592400000	1.07026	1672595940000	1.07026	1	0	cbea101e4a94c92be7fc5e4d362db452925b9eaaba5bd3516eeb9eb634c973d2	2026-09-08T14:14:09.413Z		2.13.99	3.6.51	1.8.0_472-b09
R0149	EUR/USD	1681009200000	1681012800000	retrieval_error_hour	getTicks	1	success	not_applicable	0					0	0	e3b0c44298fc1c149afbf4c8996fb92427ae41e4649b934ca495991b7852b855	2026-09-08T14:14:09.868Z		2.13.99	3.6.51	1.8.0_472-b09
R0149	EUR/USD	1681009200000	1681012800000	retrieval_error_hour	readTicks	1	success	true	0					0	0	e3b0c44298fc1c149afbf4c8996fb92427ae41e4649b934ca495991b7852b855	2026-09-08T14:14:09.869Z		2.13.99	3.6.51	1.8.0_472-b09
R0149	EUR/USD	1681009200000	1681012800000	retrieval_error_hour	getBars	1	success	not_applicable	60	1681009200000	1.09029	1681012740000	1.09029	1	0	2dd063832b437c583101b22de870ba3541d2916d25f1a6cfabe69c88173d40a8	2026-09-08T14:14:10.150Z		2.13.99	3.6.51	1.8.0_472-b09
R0150	EUR/USD	1681070400000	1681074000000	retrieval_error_hour	getTicks	1	success	not_applicable	0					0	0	e3b0c44298fc1c149afbf4c8996fb92427ae41e4649b934ca495991b7852b855	2026-09-08T14:14:10.744Z		2.13.99	3.6.51	1.8.0_472-b09
R0150	EUR/USD	1681070400000	1681074000000	retrieval_error_hour	readTicks	1	success	true	0					0	0	e3b0c44298fc1c149afbf4c8996fb92427ae41e4649b934ca495991b7852b855	2026-09-08T14:14:10.745Z		2.13.99	3.6.51	1.8.0_472-b09
R0150	EUR/USD	1681070400000	1681074000000	retrieval_error_hour	getBars	1	success	not_applicable	60	1681070400000	1.09029	1681073940000	1.09029	1	0	bb9be16ec419636a3c2652f40ad71248dd3a8f17f8678409907f74af068c816f	2026-09-08T14:14:10.745Z		2.13.99	3.6.51	1.8.0_472-b09
R0151	EUR/USD	1685044800000	1685048400000	retrieval_error_hour	getTicks	1	success	not_applicable	1539	1685044800053	1.07207	1685048399321	1.07246	0	0	9c24277667436e36333ceae3d44613c2971ddb1d142bfb4e236b65d4132b0000	2026-09-08T14:14:11.377Z		2.13.99	3.6.51	1.8.0_472-b09
R0151	EUR/USD	1685044800000	1685048400000	retrieval_error_hour	readTicks	1	success	true	1539	1685044800053	1.07207	1685048399321	1.07246	0	0	9c24277667436e36333ceae3d44613c2971ddb1d142bfb4e236b65d4132b0000	2026-09-08T14:14:11.381Z		2.13.99	3.6.51	1.8.0_472-b09
R0151	EUR/USD	1685044800000	1685048400000	retrieval_error_hour	getBars	1	success	not_applicable	60	1685044800000	1.07207	1685048340000	1.0725	1	0	e9bd1fbf9025e0ccb8df51d609514f7ecc67e10f648078f2d29e2550113ed063	2026-09-08T14:14:11.612Z		2.13.99	3.6.51	1.8.0_472-b09
R0152	EUR/USD	1686862800000	1686866400000	retrieval_error_hour	getTicks	1	success	not_applicable	274	1686862800092	1.09448	1686866396798	1.09415	0	0	825fee79bbce936c6fb1963bcb491c3e507ba7992953d5e2a80b2cfa8056f193	2026-09-08T14:14:12.195Z		2.13.99	3.6.51	1.8.0_472-b09
R0152	EUR/USD	1686862800000	1686866400000	retrieval_error_hour	readTicks	1	success	true	274	1686862800092	1.09448	1686866396798	1.09415	0	0	825fee79bbce936c6fb1963bcb491c3e507ba7992953d5e2a80b2cfa8056f193	2026-09-08T14:14:12.195Z		2.13.99	3.6.51	1.8.0_472-b09
R0152	EUR/USD	1686862800000	1686866400000	retrieval_error_hour	getBars	1	success	not_applicable	60	1686862800000	1.09448	1686866340000	1.0942	1	0	17c22cb4a9463060de669fc6fd70d2dd072bb40428dbec663d1a6d5af7a136ea	2026-09-08T14:14:12.482Z		2.13.99	3.6.51	1.8.0_472-b09
R0153	EUR/USD	1686999600000	1687003200000	retrieval_error_hour	getTicks	1	success	not_applicable	0					0	0	e3b0c44298fc1c149afbf4c8996fb92427ae41e4649b934ca495991b7852b855	2026-09-08T14:14:13.340Z		2.13.99	3.6.51	1.8.0_472-b09
R0153	EUR/USD	1686999600000	1687003200000	retrieval_error_hour	readTicks	1	success	true	0					0	0	e3b0c44298fc1c149afbf4c8996fb92427ae41e4649b934ca495991b7852b855	2026-09-08T14:14:13.341Z		2.13.99	3.6.51	1.8.0_472-b09
R0153	EUR/USD	1686999600000	1687003200000	retrieval_error_hour	getBars	1	success	not_applicable	60	1686999600000	1.09376	1687003140000	1.09376	1	0	c319954ca2dde1408b2a59866ff8c397c44b9035b3605b8a34e0759b92098a6f	2026-09-08T14:14:13.651Z		2.13.99	3.6.51	1.8.0_472-b09
R0154	EUR/USD	1687006800000	1687010400000	retrieval_error_hour	getTicks	1	success	not_applicable	0					0	0	e3b0c44298fc1c149afbf4c8996fb92427ae41e4649b934ca495991b7852b855	2026-09-08T14:14:14.236Z		2.13.99	3.6.51	1.8.0_472-b09
R0154	EUR/USD	1687006800000	1687010400000	retrieval_error_hour	readTicks	1	success	true	0					0	0	e3b0c44298fc1c149afbf4c8996fb92427ae41e4649b934ca495991b7852b855	2026-09-08T14:14:14.236Z		2.13.99	3.6.51	1.8.0_472-b09
R0154	EUR/USD	1687006800000	1687010400000	retrieval_error_hour	getBars	1	success	not_applicable	60	1687006800000	1.09376	1687010340000	1.09376	1	0	2c0ea6e6bba328c16c0feae3ec8886b0f94f623b7d8b70d2969d522a15ef9bb8	2026-09-08T14:14:14.237Z		2.13.99	3.6.51	1.8.0_472-b09
R0155	EUR/USD	1687046400000	1687050000000	retrieval_error_hour	getTicks	1	success	not_applicable	0					0	0	e3b0c44298fc1c149afbf4c8996fb92427ae41e4649b934ca495991b7852b855	2026-09-08T14:14:14.817Z		2.13.99	3.6.51	1.8.0_472-b09
R0155	EUR/USD	1687046400000	1687050000000	retrieval_error_hour	readTicks	1	success	true	0					0	0	e3b0c44298fc1c149afbf4c8996fb92427ae41e4649b934ca495991b7852b855	2026-09-08T14:14:14.817Z		2.13.99	3.6.51	1.8.0_472-b09
R0155	EUR/USD	1687046400000	1687050000000	retrieval_error_hour	getBars	1	success	not_applicable	60	1687046400000	1.09376	1687049940000	1.09376	1	0	84ffc7b98aa47de2596c5810ce6be029de8e3d6aa3c01e17218aeaf7a77075f7	2026-09-08T14:14:15.115Z		2.13.99	3.6.51	1.8.0_472-b09
R0156	EUR/USD	1687086000000	1687089600000	retrieval_error_hour	getTicks	1	success	not_applicable	0					0	0	e3b0c44298fc1c149afbf4c8996fb92427ae41e4649b934ca495991b7852b855	2026-09-08T14:14:15.780Z		2.13.99	3.6.51	1.8.0_472-b09
R0156	EUR/USD	1687086000000	1687089600000	retrieval_error_hour	readTicks	1	success	true	0					0	0	e3b0c44298fc1c149afbf4c8996fb92427ae41e4649b934ca495991b7852b855	2026-09-08T14:14:15.781Z		2.13.99	3.6.51	1.8.0_472-b09
R0156	EUR/USD	1687086000000	1687089600000	retrieval_error_hour	getBars	1	success	not_applicable	60	1687086000000	1.09376	1687089540000	1.09376	1	0	7bdeb5521fb0ce51dff949ec71ed0e39ca996d62ddf727cf2b0f53b64e834740	2026-09-08T14:14:15.782Z		2.13.99	3.6.51	1.8.0_472-b09
R0157	EUR/USD	1687093200000	1687096800000	retrieval_error_hour	getTicks	1	success	not_applicable	0					0	0	e3b0c44298fc1c149afbf4c8996fb92427ae41e4649b934ca495991b7852b855	2026-09-08T14:14:16.399Z		2.13.99	3.6.51	1.8.0_472-b09
R0157	EUR/USD	1687093200000	1687096800000	retrieval_error_hour	readTicks	1	success	true	0					0	0	e3b0c44298fc1c149afbf4c8996fb92427ae41e4649b934ca495991b7852b855	2026-09-08T14:14:16.400Z		2.13.99	3.6.51	1.8.0_472-b09
R0157	EUR/USD	1687093200000	1687096800000	retrieval_error_hour	getBars	1	success	not_applicable	60	1687093200000	1.09376	1687096740000	1.09376	1	0	a000b7b3b58e5031e171da5680bf75f11c459855a110ae9fdd586a36833aa4ad	2026-09-08T14:14:16.401Z		2.13.99	3.6.51	1.8.0_472-b09
R0158	EUR/USD	1687104000000	1687107600000	retrieval_error_hour	getTicks	1	success	not_applicable	0					0	0	e3b0c44298fc1c149afbf4c8996fb92427ae41e4649b934ca495991b7852b855	2026-09-08T14:14:17.013Z		2.13.99	3.6.51	1.8.0_472-b09
R0158	EUR/USD	1687104000000	1687107600000	retrieval_error_hour	readTicks	1	success	true	0					0	0	e3b0c44298fc1c149afbf4c8996fb92427ae41e4649b934ca495991b7852b855	2026-09-08T14:14:17.014Z		2.13.99	3.6.51	1.8.0_472-b09
R0158	EUR/USD	1687104000000	1687107600000	retrieval_error_hour	getBars	1	success	not_applicable	60	1687104000000	1.09376	1687107540000	1.09376	1	0	a034c87b6a43a4217e79a47afb56ace38de57f68a816ac746d0e6e966cf2580e	2026-09-08T14:14:17.014Z		2.13.99	3.6.51	1.8.0_472-b09
R0159	EUR/USD	1688763600000	1688767200000	retrieval_error_hour	getTicks	1	success	not_applicable	0					0	0	e3b0c44298fc1c149afbf4c8996fb92427ae41e4649b934ca495991b7852b855	2026-09-08T14:14:17.729Z		2.13.99	3.6.51	1.8.0_472-b09
R0159	EUR/USD	1688763600000	1688767200000	retrieval_error_hour	readTicks	1	success	true	0					0	0	e3b0c44298fc1c149afbf4c8996fb92427ae41e4649b934ca495991b7852b855	2026-09-08T14:14:17.729Z		2.13.99	3.6.51	1.8.0_472-b09
R0159	EUR/USD	1688763600000	1688767200000	retrieval_error_hour	getBars	1	success	not_applicable	60	1688763600000	1.09646	1688767140000	1.09646	1	0	7f98fbd6949ac60d60ec3722761ca5790bf390b8d483da511bf5d61935ff8d8e	2026-09-08T14:14:18.061Z		2.13.99	3.6.51	1.8.0_472-b09
R0160	EUR/USD	1688788800000	1688792400000	retrieval_error_hour	getTicks	1	success	not_applicable	0					0	0	e3b0c44298fc1c149afbf4c8996fb92427ae41e4649b934ca495991b7852b855	2026-09-08T14:14:18.681Z		2.13.99	3.6.51	1.8.0_472-b09
R0160	EUR/USD	1688788800000	1688792400000	retrieval_error_hour	readTicks	1	success	true	0					0	0	e3b0c44298fc1c149afbf4c8996fb92427ae41e4649b934ca495991b7852b855	2026-09-08T14:14:18.682Z		2.13.99	3.6.51	1.8.0_472-b09
R0160	EUR/USD	1688788800000	1688792400000	retrieval_error_hour	getBars	1	success	not_applicable	60	1688788800000	1.09646	1688792340000	1.09646	1	0	c96c4576b690924b63ebdecdc9114a30c76519b71783990b8e1de626da6b4de0	2026-09-08T14:14:18.978Z		2.13.99	3.6.51	1.8.0_472-b09
R0161	EUR/USD	1688799600000	1688803200000	retrieval_error_hour	getTicks	1	success	not_applicable	0					0	0	e3b0c44298fc1c149afbf4c8996fb92427ae41e4649b934ca495991b7852b855	2026-09-08T14:14:19.428Z		2.13.99	3.6.51	1.8.0_472-b09
R0161	EUR/USD	1688799600000	1688803200000	retrieval_error_hour	readTicks	1	success	true	0					0	0	e3b0c44298fc1c149afbf4c8996fb92427ae41e4649b934ca495991b7852b855	2026-09-08T14:14:19.428Z		2.13.99	3.6.51	1.8.0_472-b09
R0161	EUR/USD	1688799600000	1688803200000	retrieval_error_hour	getBars	1	success	not_applicable	60	1688799600000	1.09646	1688803140000	1.09646	1	0	4d2c3b7cd385eb1036f0755d5f6d5d880b7fdce8f954ab8885f34f113e8548dd	2026-09-08T14:14:19.429Z		2.13.99	3.6.51	1.8.0_472-b09
R0162	EUR/USD	1688835600000	1688839200000	retrieval_error_hour	getTicks	1	success	not_applicable	0					0	0	e3b0c44298fc1c149afbf4c8996fb92427ae41e4649b934ca495991b7852b855	2026-09-08T14:14:20.011Z		2.13.99	3.6.51	1.8.0_472-b09
R0162	EUR/USD	1688835600000	1688839200000	retrieval_error_hour	readTicks	1	success	true	0					0	0	e3b0c44298fc1c149afbf4c8996fb92427ae41e4649b934ca495991b7852b855	2026-09-08T14:14:20.012Z		2.13.99	3.6.51	1.8.0_472-b09
R0162	EUR/USD	1688835600000	1688839200000	retrieval_error_hour	getBars	1	success	not_applicable	60	1688835600000	1.09646	1688839140000	1.09646	1	0	449f8e3d538f1ee3adbbf6d311f6d91e3f06abede66c5317a55e4f251ca81800	2026-09-08T14:14:20.012Z		2.13.99	3.6.51	1.8.0_472-b09
R0163	EUR/USD	1688864400000	1688868000000	retrieval_error_hour	getTicks	1	success	not_applicable	0					0	0	e3b0c44298fc1c149afbf4c8996fb92427ae41e4649b934ca495991b7852b855	2026-09-08T14:14:20.709Z		2.13.99	3.6.51	1.8.0_472-b09
R0163	EUR/USD	1688864400000	1688868000000	retrieval_error_hour	readTicks	1	success	true	0					0	0	e3b0c44298fc1c149afbf4c8996fb92427ae41e4649b934ca495991b7852b855	2026-09-08T14:14:20.710Z		2.13.99	3.6.51	1.8.0_472-b09
R0163	EUR/USD	1688864400000	1688868000000	retrieval_error_hour	getBars	1	success	not_applicable	60	1688864400000	1.09646	1688867940000	1.09646	1	0	2ac9069f4622220484f50cf3dcdd54adfa0e79f460ab1f021c7d06a6c1fc6732	2026-09-08T14:14:21.097Z		2.13.99	3.6.51	1.8.0_472-b09
R0164	EUR/USD	1688893200000	1688896800000	retrieval_error_hour	getTicks	1	success	not_applicable	0					0	0	e3b0c44298fc1c149afbf4c8996fb92427ae41e4649b934ca495991b7852b855	2026-09-08T14:14:21.735Z		2.13.99	3.6.51	1.8.0_472-b09
R0164	EUR/USD	1688893200000	1688896800000	retrieval_error_hour	readTicks	1	success	true	0					0	0	e3b0c44298fc1c149afbf4c8996fb92427ae41e4649b934ca495991b7852b855	2026-09-08T14:14:21.736Z		2.13.99	3.6.51	1.8.0_472-b09
R0164	EUR/USD	1688893200000	1688896800000	retrieval_error_hour	getBars	1	success	not_applicable	60	1688893200000	1.09646	1688896740000	1.09646	1	0	f1b16b276ab99bca9c3c37bddf3beb0bfa1581ab273b6fc583fa8b5b8e01c560	2026-09-08T14:14:21.737Z		2.13.99	3.6.51	1.8.0_472-b09
R0165	EUR/USD	1688907600000	1688911200000	retrieval_error_hour	getTicks	1	success	not_applicable	0					0	0	e3b0c44298fc1c149afbf4c8996fb92427ae41e4649b934ca495991b7852b855	2026-09-08T14:14:22.304Z		2.13.99	3.6.51	1.8.0_472-b09
R0165	EUR/USD	1688907600000	1688911200000	retrieval_error_hour	readTicks	1	success	true	0					0	0	e3b0c44298fc1c149afbf4c8996fb92427ae41e4649b934ca495991b7852b855	2026-09-08T14:14:22.305Z		2.13.99	3.6.51	1.8.0_472-b09
R0165	EUR/USD	1688907600000	1688911200000	retrieval_error_hour	getBars	1	success	not_applicable	60	1688907600000	1.09646	1688911140000	1.09646	1	0	8922f0e4a37ed8b6c3cbfb6207700424657f3c4f0ee6e881ccd890f15f28c6dc	2026-09-08T14:14:22.305Z		2.13.99	3.6.51	1.8.0_472-b09
R0166	EUR/USD	1690027200000	1690030800000	retrieval_error_hour	getTicks	1	success	not_applicable	0					0	0	e3b0c44298fc1c149afbf4c8996fb92427ae41e4649b934ca495991b7852b855	2026-09-08T14:14:22.926Z		2.13.99	3.6.51	1.8.0_472-b09
R0166	EUR/USD	1690027200000	1690030800000	retrieval_error_hour	readTicks	1	success	true	0					0	0	e3b0c44298fc1c149afbf4c8996fb92427ae41e4649b934ca495991b7852b855	2026-09-08T14:14:22.927Z		2.13.99	3.6.51	1.8.0_472-b09
R0166	EUR/USD	1690027200000	1690030800000	retrieval_error_hour	getBars	1	success	not_applicable	60	1690027200000	1.11244	1690030740000	1.11244	1	0	a592ba333fbd86ee4503ee0a759e636889555131a88efbe751aa564e88178f86	2026-09-08T14:14:23.262Z		2.13.99	3.6.51	1.8.0_472-b09
R0167	EUR/USD	1690030800000	1690034400000	retrieval_error_hour	getTicks	1	success	not_applicable	0					0	0	e3b0c44298fc1c149afbf4c8996fb92427ae41e4649b934ca495991b7852b855	2026-09-08T14:14:23.509Z		2.13.99	3.6.51	1.8.0_472-b09
R0167	EUR/USD	1690030800000	1690034400000	retrieval_error_hour	readTicks	1	success	true	0					0	0	e3b0c44298fc1c149afbf4c8996fb92427ae41e4649b934ca495991b7852b855	2026-09-08T14:14:23.510Z		2.13.99	3.6.51	1.8.0_472-b09
R0167	EUR/USD	1690030800000	1690034400000	retrieval_error_hour	getBars	1	success	not_applicable	60	1690030800000	1.11244	1690034340000	1.11244	1	0	ad1200838113ba09c6c9b77f8439aa19577fe2c80a0ffd8e13b978aab1f7487b	2026-09-08T14:14:23.510Z		2.13.99	3.6.51	1.8.0_472-b09
R0168	EUR/USD	1690034400000	1690038000000	retrieval_error_hour	getTicks	1	success	not_applicable	0					0	0	e3b0c44298fc1c149afbf4c8996fb92427ae41e4649b934ca495991b7852b855	2026-09-08T14:14:23.754Z		2.13.99	3.6.51	1.8.0_472-b09
R0168	EUR/USD	1690034400000	1690038000000	retrieval_error_hour	readTicks	1	success	true	0					0	0	e3b0c44298fc1c149afbf4c8996fb92427ae41e4649b934ca495991b7852b855	2026-09-08T14:14:23.754Z		2.13.99	3.6.51	1.8.0_472-b09
R0168	EUR/USD	1690034400000	1690038000000	retrieval_error_hour	getBars	1	success	not_applicable	60	1690034400000	1.11244	1690037940000	1.11244	1	0	091cbdde2eec2b0b9ff6f7b681e06c0c3277fb8a4f06daeb2bf209f9cb6b838d	2026-09-08T14:14:23.755Z		2.13.99	3.6.51	1.8.0_472-b09
R0169	EUR/USD	1690045200000	1690048800000	retrieval_error_hour	getTicks	1	success	not_applicable	0					0	0	e3b0c44298fc1c149afbf4c8996fb92427ae41e4649b934ca495991b7852b855	2026-09-08T14:14:24.211Z		2.13.99	3.6.51	1.8.0_472-b09
R0169	EUR/USD	1690045200000	1690048800000	retrieval_error_hour	readTicks	1	success	true	0					0	0	e3b0c44298fc1c149afbf4c8996fb92427ae41e4649b934ca495991b7852b855	2026-09-08T14:14:24.212Z		2.13.99	3.6.51	1.8.0_472-b09
R0169	EUR/USD	1690045200000	1690048800000	retrieval_error_hour	getBars	1	success	not_applicable	60	1690045200000	1.11244	1690048740000	1.11244	1	0	b85701ee7ee757fb549acc65dccdacac9092f178ce5f30d2d96d5839161435fc	2026-09-08T14:14:24.212Z		2.13.99	3.6.51	1.8.0_472-b09
R0170	EUR/USD	1690063200000	1690066800000	retrieval_error_hour	getTicks	1	success	not_applicable	0					0	0	e3b0c44298fc1c149afbf4c8996fb92427ae41e4649b934ca495991b7852b855	2026-09-08T14:14:24.685Z		2.13.99	3.6.51	1.8.0_472-b09
R0170	EUR/USD	1690063200000	1690066800000	retrieval_error_hour	readTicks	1	success	true	0					0	0	e3b0c44298fc1c149afbf4c8996fb92427ae41e4649b934ca495991b7852b855	2026-09-08T14:14:24.686Z		2.13.99	3.6.51	1.8.0_472-b09
R0170	EUR/USD	1690063200000	1690066800000	retrieval_error_hour	getBars	1	success	not_applicable	60	1690063200000	1.11244	1690066740000	1.11244	1	0	be57e3dc1a4e38b7e07a07b7af6a01edf263ded7a82ac45428221d17538aa64d	2026-09-08T14:14:24.686Z		2.13.99	3.6.51	1.8.0_472-b09
R0171	EUR/USD	1690081200000	1690084800000	retrieval_error_hour	getTicks	1	success	not_applicable	0					0	0	e3b0c44298fc1c149afbf4c8996fb92427ae41e4649b934ca495991b7852b855	2026-09-08T14:14:25.224Z		2.13.99	3.6.51	1.8.0_472-b09
R0171	EUR/USD	1690081200000	1690084800000	retrieval_error_hour	readTicks	1	success	true	0					0	0	e3b0c44298fc1c149afbf4c8996fb92427ae41e4649b934ca495991b7852b855	2026-09-08T14:14:25.225Z		2.13.99	3.6.51	1.8.0_472-b09
R0171	EUR/USD	1690081200000	1690084800000	retrieval_error_hour	getBars	1	success	not_applicable	60	1690081200000	1.11244	1690084740000	1.11244	1	0	7915c5c2b499c7bfed6de9a02329cb879e070913da9703f337c3ba8e392b02c0	2026-09-08T14:14:25.504Z		2.13.99	3.6.51	1.8.0_472-b09
R0172	EUR/USD	1690092000000	1690095600000	retrieval_error_hour	getTicks	1	success	not_applicable	0					0	0	e3b0c44298fc1c149afbf4c8996fb92427ae41e4649b934ca495991b7852b855	2026-09-08T14:14:26.026Z		2.13.99	3.6.51	1.8.0_472-b09
R0172	EUR/USD	1690092000000	1690095600000	retrieval_error_hour	readTicks	1	success	true	0					0	0	e3b0c44298fc1c149afbf4c8996fb92427ae41e4649b934ca495991b7852b855	2026-09-08T14:14:26.027Z		2.13.99	3.6.51	1.8.0_472-b09
R0172	EUR/USD	1690092000000	1690095600000	retrieval_error_hour	getBars	1	success	not_applicable	60	1690092000000	1.11244	1690095540000	1.11244	1	0	4911fcf6f1cd1d8f67b0dee59ccd75846424bc18126acba40b55271bac700d5a	2026-09-08T14:14:26.027Z		2.13.99	3.6.51	1.8.0_472-b09
R0173	EUR/USD	1690099200000	1690102800000	retrieval_error_hour	getTicks	1	success	not_applicable	0					0	0	e3b0c44298fc1c149afbf4c8996fb92427ae41e4649b934ca495991b7852b855	2026-09-08T14:14:26.755Z		2.13.99	3.6.51	1.8.0_472-b09
R0173	EUR/USD	1690099200000	1690102800000	retrieval_error_hour	readTicks	1	success	true	0					0	0	e3b0c44298fc1c149afbf4c8996fb92427ae41e4649b934ca495991b7852b855	2026-09-08T14:14:26.755Z		2.13.99	3.6.51	1.8.0_472-b09
R0173	EUR/USD	1690099200000	1690102800000	retrieval_error_hour	getBars	1	success	not_applicable	60	1690099200000	1.11244	1690102740000	1.11244	1	0	158aca3235fe14c9a6291077b800d986569a15aaf0d5a07020acecbc822493b9	2026-09-08T14:14:26.756Z		2.13.99	3.6.51	1.8.0_472-b09
R0174	EUR/USD	1690113600000	1690117200000	retrieval_error_hour	getTicks	1	success	not_applicable	0					0	0	e3b0c44298fc1c149afbf4c8996fb92427ae41e4649b934ca495991b7852b855	2026-09-08T14:14:27.324Z		2.13.99	3.6.51	1.8.0_472-b09
R0174	EUR/USD	1690113600000	1690117200000	retrieval_error_hour	readTicks	1	success	true	0					0	0	e3b0c44298fc1c149afbf4c8996fb92427ae41e4649b934ca495991b7852b855	2026-09-08T14:14:27.324Z		2.13.99	3.6.51	1.8.0_472-b09
R0174	EUR/USD	1690113600000	1690117200000	retrieval_error_hour	getBars	1	success	not_applicable	60	1690113600000	1.11244	1690117140000	1.11244	1	0	19e0bb1e465097b65550c96da702ad9d96b57173fd985d8d2845a4743c60a477	2026-09-08T14:14:27.325Z		2.13.99	3.6.51	1.8.0_472-b09
R0175	EUR/USD	1690117200000	1690120800000	retrieval_error_hour	getTicks	1	success	not_applicable	0					0	0	e3b0c44298fc1c149afbf4c8996fb92427ae41e4649b934ca495991b7852b855	2026-09-08T14:14:27.548Z		2.13.99	3.6.51	1.8.0_472-b09
R0175	EUR/USD	1690117200000	1690120800000	retrieval_error_hour	readTicks	1	success	true	0					0	0	e3b0c44298fc1c149afbf4c8996fb92427ae41e4649b934ca495991b7852b855	2026-09-08T14:14:27.550Z		2.13.99	3.6.51	1.8.0_472-b09
R0175	EUR/USD	1690117200000	1690120800000	retrieval_error_hour	getBars	1	success	not_applicable	60	1690117200000	1.11244	1690120740000	1.11244	1	0	6632061bcb62d9d09db72f771444b3d9ae031d5eee1a4b1540d1ef9258d9b342	2026-09-08T14:14:27.551Z		2.13.99	3.6.51	1.8.0_472-b09
R0176	EUR/USD	1690124400000	1690128000000	retrieval_error_hour	getTicks	1	success	not_applicable	0					0	0	e3b0c44298fc1c149afbf4c8996fb92427ae41e4649b934ca495991b7852b855	2026-09-08T14:14:28.044Z		2.13.99	3.6.51	1.8.0_472-b09
R0176	EUR/USD	1690124400000	1690128000000	retrieval_error_hour	readTicks	1	success	true	0					0	0	e3b0c44298fc1c149afbf4c8996fb92427ae41e4649b934ca495991b7852b855	2026-09-08T14:14:28.044Z		2.13.99	3.6.51	1.8.0_472-b09
R0176	EUR/USD	1690124400000	1690128000000	retrieval_error_hour	getBars	1	success	not_applicable	60	1690124400000	1.11244	1690127940000	1.11244	1	0	117c9ac0c351d3fc140c11af2c90293b19fcacbf04731e22f29a7923a7a87678	2026-09-08T14:14:28.045Z		2.13.99	3.6.51	1.8.0_472-b09
R0177	EUR/USD	1690128000000	1690131600000	retrieval_error_hour	getTicks	1	success	not_applicable	0					0	0	e3b0c44298fc1c149afbf4c8996fb92427ae41e4649b934ca495991b7852b855	2026-09-08T14:14:28.382Z		2.13.99	3.6.51	1.8.0_472-b09
R0177	EUR/USD	1690128000000	1690131600000	retrieval_error_hour	readTicks	1	success	true	0					0	0	e3b0c44298fc1c149afbf4c8996fb92427ae41e4649b934ca495991b7852b855	2026-09-08T14:14:28.383Z		2.13.99	3.6.51	1.8.0_472-b09
R0177	EUR/USD	1690128000000	1690131600000	retrieval_error_hour	getBars	1	success	not_applicable	60	1690128000000	1.11244	1690131540000	1.11244	1	0	01f4bff680fd80bf3ef08bb5339f3ff7ccd1458f30500f19e810911baf54cb0b	2026-09-08T14:14:28.383Z		2.13.99	3.6.51	1.8.0_472-b09
R0178	EUR/USD	1691190000000	1691193600000	retrieval_error_hour	getTicks	1	success	not_applicable	0					0	0	e3b0c44298fc1c149afbf4c8996fb92427ae41e4649b934ca495991b7852b855	2026-09-08T14:14:28.926Z		2.13.99	3.6.51	1.8.0_472-b09
R0178	EUR/USD	1691190000000	1691193600000	retrieval_error_hour	readTicks	1	success	true	0					0	0	e3b0c44298fc1c149afbf4c8996fb92427ae41e4649b934ca495991b7852b855	2026-09-08T14:14:28.927Z		2.13.99	3.6.51	1.8.0_472-b09
R0178	EUR/USD	1691190000000	1691193600000	retrieval_error_hour	getBars	1	success	not_applicable	60	1691190000000	1.10029	1691193540000	1.10029	1	0	fd072ecc5fa8eb2ce8605fcaa9a421c224496174b2a8bff5201c94bcdaa2d1f5	2026-09-08T14:14:29.190Z		2.13.99	3.6.51	1.8.0_472-b09
R0179	EUR/USD	1691197200000	1691200800000	retrieval_error_hour	getTicks	1	success	not_applicable	0					0	0	e3b0c44298fc1c149afbf4c8996fb92427ae41e4649b934ca495991b7852b855	2026-09-08T14:14:51.517Z		2.13.99	3.6.51	1.8.0_472-b09
R0179	EUR/USD	1691197200000	1691200800000	retrieval_error_hour	readTicks	1	success	true	0					0	0	e3b0c44298fc1c149afbf4c8996fb92427ae41e4649b934ca495991b7852b855	2026-09-08T14:14:51.518Z		2.13.99	3.6.51	1.8.0_472-b09
R0179	EUR/USD	1691197200000	1691200800000	retrieval_error_hour	getBars	1	success	not_applicable	60	1691197200000	1.10029	1691200740000	1.10029	1	0	c1840d89c9ff959ca22414d9661a4ae6fe8d17943dcbd73b835cc8a88d0ee101	2026-09-08T14:14:51.740Z		2.13.99	3.6.51	1.8.0_472-b09
R0180	EUR/USD	1691226000000	1691229600000	retrieval_error_hour	getTicks	1	success	not_applicable	0					0	0	e3b0c44298fc1c149afbf4c8996fb92427ae41e4649b934ca495991b7852b855	2026-09-08T14:14:52.388Z		2.13.99	3.6.51	1.8.0_472-b09
R0180	EUR/USD	1691226000000	1691229600000	retrieval_error_hour	readTicks	1	success	true	0					0	0	e3b0c44298fc1c149afbf4c8996fb92427ae41e4649b934ca495991b7852b855	2026-09-08T14:14:52.388Z		2.13.99	3.6.51	1.8.0_472-b09
R0180	EUR/USD	1691226000000	1691229600000	retrieval_error_hour	getBars	1	success	not_applicable	60	1691226000000	1.10029	1691229540000	1.10029	1	0	2e3fd6a6223b16814ef07998093ef109d54d081970845cd8c04ab51e482b2cb9	2026-09-08T14:14:52.389Z		2.13.99	3.6.51	1.8.0_472-b09
R0181	EUR/USD	1691348400000	1691352000000	retrieval_error_hour	getTicks	1	success	not_applicable	0					0	0	e3b0c44298fc1c149afbf4c8996fb92427ae41e4649b934ca495991b7852b855	2026-09-08T14:14:52.859Z		2.13.99	3.6.51	1.8.0_472-b09
R0181	EUR/USD	1691348400000	1691352000000	retrieval_error_hour	readTicks	1	success	true	0					0	0	e3b0c44298fc1c149afbf4c8996fb92427ae41e4649b934ca495991b7852b855	2026-09-08T14:14:52.860Z		2.13.99	3.6.51	1.8.0_472-b09
R0181	EUR/USD	1691348400000	1691352000000	retrieval_error_hour	getBars	1	success	not_applicable	60	1691348400000	1.10029	1691351940000	1.10029	1	0	ae8859454130259dc5c705142cc27c252f0fb5d5e192361a04472042da7b6ce3	2026-09-08T14:14:53.151Z		2.13.99	3.6.51	1.8.0_472-b09
R0182	EUR/USD	1691352000000	1691355600000	retrieval_error_hour	getTicks	1	success	not_applicable	0					0	0	e3b0c44298fc1c149afbf4c8996fb92427ae41e4649b934ca495991b7852b855	2026-09-08T14:14:53.533Z		2.13.99	3.6.51	1.8.0_472-b09
R0182	EUR/USD	1691352000000	1691355600000	retrieval_error_hour	readTicks	1	success	true	0					0	0	e3b0c44298fc1c149afbf4c8996fb92427ae41e4649b934ca495991b7852b855	2026-09-08T14:14:53.533Z		2.13.99	3.6.51	1.8.0_472-b09
R0182	EUR/USD	1691352000000	1691355600000	retrieval_error_hour	getBars	1	success	not_applicable	60	1691352000000	1.10029	1691355540000	1.10029	1	0	7148f36baa7beafb1bc8361c66d6b1b2cdfc259a1c6c661d7e7971e5115e4229	2026-09-08T14:14:53.533Z		2.13.99	3.6.51	1.8.0_472-b09
R0183	EUR/USD	1691355600000	1691359200000	retrieval_error_hour	getTicks	1	success	not_applicable	723	1691355831268	1.10141	1691359191604	1.10115	0	0	65a0d2149e1b5f27c0415f384d102a23ec8d645a456987b010863177b2f69403	2026-09-08T14:14:54.218Z		2.13.99	3.6.51	1.8.0_472-b09
R0183	EUR/USD	1691355600000	1691359200000	retrieval_error_hour	readTicks	1	success	true	723	1691355831268	1.10141	1691359191604	1.10115	0	0	65a0d2149e1b5f27c0415f384d102a23ec8d645a456987b010863177b2f69403	2026-09-08T14:14:54.220Z		2.13.99	3.6.51	1.8.0_472-b09
R0183	EUR/USD	1691355600000	1691359200000	retrieval_error_hour	getBars	1	success	not_applicable	60	1691355600000	1.10029	1691359140000	1.10108	1	0	08a1abe16cdcdd154d360a3422374bedf476cfc70e8cef5fce6228fad31ec3d3	2026-09-08T14:14:54.220Z		2.13.99	3.6.51	1.8.0_472-b09
R0184	EUR/USD	1697234400000	1697238000000	retrieval_error_hour	getTicks	1	success	not_applicable	0					0	0	e3b0c44298fc1c149afbf4c8996fb92427ae41e4649b934ca495991b7852b855	2026-09-08T14:14:54.803Z		2.13.99	3.6.51	1.8.0_472-b09
R0184	EUR/USD	1697234400000	1697238000000	retrieval_error_hour	readTicks	1	success	true	0					0	0	e3b0c44298fc1c149afbf4c8996fb92427ae41e4649b934ca495991b7852b855	2026-09-08T14:14:54.804Z		2.13.99	3.6.51	1.8.0_472-b09
R0184	EUR/USD	1697234400000	1697238000000	retrieval_error_hour	getBars	1	success	not_applicable	60	1697234400000	1.05073	1697237940000	1.05073	1	0	1ac2279eb244f1c01593f6e7d135ce73730c715172cd3888a6a6edefb63e2d47	2026-09-08T14:14:55.205Z		2.13.99	3.6.51	1.8.0_472-b09
R0185	EUR/USD	1697238000000	1697241600000	retrieval_error_hour	getTicks	1	success	not_applicable	0					0	0	e3b0c44298fc1c149afbf4c8996fb92427ae41e4649b934ca495991b7852b855	2026-09-08T14:14:55.456Z		2.13.99	3.6.51	1.8.0_472-b09
R0185	EUR/USD	1697238000000	1697241600000	retrieval_error_hour	readTicks	1	success	true	0					0	0	e3b0c44298fc1c149afbf4c8996fb92427ae41e4649b934ca495991b7852b855	2026-09-08T14:14:55.456Z		2.13.99	3.6.51	1.8.0_472-b09
R0185	EUR/USD	1697238000000	1697241600000	retrieval_error_hour	getBars	1	success	not_applicable	60	1697238000000	1.05073	1697241540000	1.05073	1	0	614c9f05a71a2d496a25dc02738d60ee327ca36a9019c5d68c3e243aa4587686	2026-09-08T14:14:55.457Z		2.13.99	3.6.51	1.8.0_472-b09
R0186	EUR/USD	1697241600000	1697245200000	retrieval_error_hour	getTicks	1	success	not_applicable	0					0	0	e3b0c44298fc1c149afbf4c8996fb92427ae41e4649b934ca495991b7852b855	2026-09-08T14:14:55.709Z		2.13.99	3.6.51	1.8.0_472-b09
R0186	EUR/USD	1697241600000	1697245200000	retrieval_error_hour	readTicks	1	success	true	0					0	0	e3b0c44298fc1c149afbf4c8996fb92427ae41e4649b934ca495991b7852b855	2026-09-08T14:14:55.709Z		2.13.99	3.6.51	1.8.0_472-b09
R0186	EUR/USD	1697241600000	1697245200000	retrieval_error_hour	getBars	1	success	not_applicable	60	1697241600000	1.05073	1697245140000	1.05073	1	0	2f7f45f99c409bda38c96a1632da2118d4e4dc3f85d9a60031ce8b3d725e4b6f	2026-09-08T14:14:55.939Z		2.13.99	3.6.51	1.8.0_472-b09
R0187	EUR/USD	1697245200000	1697248800000	retrieval_error_hour	getTicks	1	success	not_applicable	0					0	0	e3b0c44298fc1c149afbf4c8996fb92427ae41e4649b934ca495991b7852b855	2026-09-08T14:14:56.152Z		2.13.99	3.6.51	1.8.0_472-b09
R0187	EUR/USD	1697245200000	1697248800000	retrieval_error_hour	readTicks	1	success	true	0					0	0	e3b0c44298fc1c149afbf4c8996fb92427ae41e4649b934ca495991b7852b855	2026-09-08T14:14:56.152Z		2.13.99	3.6.51	1.8.0_472-b09
R0187	EUR/USD	1697245200000	1697248800000	retrieval_error_hour	getBars	1	success	not_applicable	60	1697245200000	1.05073	1697248740000	1.05073	1	0	05fd3aa38ad63ad00b730c43a738330148711a4fdf3badf939c8ca4728a6a2c8	2026-09-08T14:14:56.153Z		2.13.99	3.6.51	1.8.0_472-b09
R0188	EUR/USD	1697259600000	1697263200000	retrieval_error_hour	getTicks	1	success	not_applicable	0					0	0	e3b0c44298fc1c149afbf4c8996fb92427ae41e4649b934ca495991b7852b855	2026-09-08T14:14:56.675Z		2.13.99	3.6.51	1.8.0_472-b09
R0188	EUR/USD	1697259600000	1697263200000	retrieval_error_hour	readTicks	1	success	true	0					0	0	e3b0c44298fc1c149afbf4c8996fb92427ae41e4649b934ca495991b7852b855	2026-09-08T14:14:56.676Z		2.13.99	3.6.51	1.8.0_472-b09
R0188	EUR/USD	1697259600000	1697263200000	retrieval_error_hour	getBars	1	success	not_applicable	60	1697259600000	1.05073	1697263140000	1.05073	1	0	b0e0eb334596aecb14e6ef593d208a10862b8528e2f288d964b45066c78c69fa	2026-09-08T14:14:56.677Z		2.13.99	3.6.51	1.8.0_472-b09
R0189	EUR/USD	1697263200000	1697266800000	retrieval_error_hour	getTicks	1	success	not_applicable	0					0	0	e3b0c44298fc1c149afbf4c8996fb92427ae41e4649b934ca495991b7852b855	2026-09-08T14:14:56.931Z		2.13.99	3.6.51	1.8.0_472-b09
R0189	EUR/USD	1697263200000	1697266800000	retrieval_error_hour	readTicks	1	success	true	0					0	0	e3b0c44298fc1c149afbf4c8996fb92427ae41e4649b934ca495991b7852b855	2026-09-08T14:14:56.932Z		2.13.99	3.6.51	1.8.0_472-b09
R0189	EUR/USD	1697263200000	1697266800000	retrieval_error_hour	getBars	1	success	not_applicable	60	1697263200000	1.05073	1697266740000	1.05073	1	0	6e8642fdb00cb9ab54ae21cc7622fb62c4cf3255761d4add3bf6244349089cf3	2026-09-08T14:14:56.932Z		2.13.99	3.6.51	1.8.0_472-b09
R0190	EUR/USD	1697270400000	1697274000000	retrieval_error_hour	getTicks	1	success	not_applicable	0					0	0	e3b0c44298fc1c149afbf4c8996fb92427ae41e4649b934ca495991b7852b855	2026-09-08T14:14:57.374Z		2.13.99	3.6.51	1.8.0_472-b09
R0190	EUR/USD	1697270400000	1697274000000	retrieval_error_hour	readTicks	1	success	true	0					0	0	e3b0c44298fc1c149afbf4c8996fb92427ae41e4649b934ca495991b7852b855	2026-09-08T14:14:57.375Z		2.13.99	3.6.51	1.8.0_472-b09
R0190	EUR/USD	1697270400000	1697274000000	retrieval_error_hour	getBars	1	success	not_applicable	60	1697270400000	1.05073	1697273940000	1.05073	1	0	e13dffe0c47020a034e58bbf976c7df2994aeea7146e7a1d39eac3a1e8047c31	2026-09-08T14:14:57.376Z		2.13.99	3.6.51	1.8.0_472-b09
R0191	EUR/USD	1697274000000	1697277600000	retrieval_error_hour	getTicks	1	success	not_applicable	0					0	0	e3b0c44298fc1c149afbf4c8996fb92427ae41e4649b934ca495991b7852b855	2026-09-08T14:14:57.617Z		2.13.99	3.6.51	1.8.0_472-b09
R0191	EUR/USD	1697274000000	1697277600000	retrieval_error_hour	readTicks	1	success	true	0					0	0	e3b0c44298fc1c149afbf4c8996fb92427ae41e4649b934ca495991b7852b855	2026-09-08T14:14:57.618Z		2.13.99	3.6.51	1.8.0_472-b09
R0191	EUR/USD	1697274000000	1697277600000	retrieval_error_hour	getBars	1	success	not_applicable	60	1697274000000	1.05073	1697277540000	1.05073	1	0	bb7be91bdb70c3da55fb30e3248279cbee8b4c1627910eca8ba59e813875d9d6	2026-09-08T14:14:57.618Z		2.13.99	3.6.51	1.8.0_472-b09
R0192	EUR/USD	1697281200000	1697284800000	retrieval_error_hour	getTicks	1	success	not_applicable	0					0	0	e3b0c44298fc1c149afbf4c8996fb92427ae41e4649b934ca495991b7852b855	2026-09-08T14:14:58.455Z		2.13.99	3.6.51	1.8.0_472-b09
R0192	EUR/USD	1697281200000	1697284800000	retrieval_error_hour	readTicks	1	success	true	0					0	0	e3b0c44298fc1c149afbf4c8996fb92427ae41e4649b934ca495991b7852b855	2026-09-08T14:14:58.456Z		2.13.99	3.6.51	1.8.0_472-b09
R0192	EUR/USD	1697281200000	1697284800000	retrieval_error_hour	getBars	1	success	not_applicable	60	1697281200000	1.05073	1697284740000	1.05073	1	0	b61599bbbbc0ff3ce6c6dd89134ae2072127664ab9075951a30952dd47787582	2026-09-08T14:14:58.456Z		2.13.99	3.6.51	1.8.0_472-b09
R0193	EUR/USD	1698444000000	1698447600000	retrieval_error_hour	getTicks	1	success	not_applicable	0					0	0	e3b0c44298fc1c149afbf4c8996fb92427ae41e4649b934ca495991b7852b855	2026-09-08T14:14:59.206Z		2.13.99	3.6.51	1.8.0_472-b09
R0193	EUR/USD	1698444000000	1698447600000	retrieval_error_hour	readTicks	1	success	true	0					0	0	e3b0c44298fc1c149afbf4c8996fb92427ae41e4649b934ca495991b7852b855	2026-09-08T14:14:59.206Z		2.13.99	3.6.51	1.8.0_472-b09
R0193	EUR/USD	1698444000000	1698447600000	retrieval_error_hour	getBars	1	success	not_applicable	60	1698444000000	1.05605	1698447540000	1.05605	1	0	ae5d1f68859eb33cb3eb6e99b617f21b74fe948eb68dbdb6b82ad0b40bad96e4	2026-09-08T14:14:59.524Z		2.13.99	3.6.51	1.8.0_472-b09
R0194	EUR/USD	1698451200000	1698454800000	retrieval_error_hour	getTicks	1	success	not_applicable	0					0	0	e3b0c44298fc1c149afbf4c8996fb92427ae41e4649b934ca495991b7852b855	2026-09-08T14:15:00.048Z		2.13.99	3.6.51	1.8.0_472-b09
R0194	EUR/USD	1698451200000	1698454800000	retrieval_error_hour	readTicks	1	success	true	0					0	0	e3b0c44298fc1c149afbf4c8996fb92427ae41e4649b934ca495991b7852b855	2026-09-08T14:15:00.048Z		2.13.99	3.6.51	1.8.0_472-b09
R0194	EUR/USD	1698451200000	1698454800000	retrieval_error_hour	getBars	1	success	not_applicable	60	1698451200000	1.05605	1698454740000	1.05605	1	0	215825b81e58fd75aea69cb5d7f736285d7ac0ac0d29388b22ffe36238068f86	2026-09-08T14:15:00.304Z		2.13.99	3.6.51	1.8.0_472-b09
R0195	EUR/USD	1698454800000	1698458400000	retrieval_error_hour	getTicks	1	success	not_applicable	0					0	0	e3b0c44298fc1c149afbf4c8996fb92427ae41e4649b934ca495991b7852b855	2026-09-08T14:15:00.598Z		2.13.99	3.6.51	1.8.0_472-b09
R0195	EUR/USD	1698454800000	1698458400000	retrieval_error_hour	readTicks	1	success	true	0					0	0	e3b0c44298fc1c149afbf4c8996fb92427ae41e4649b934ca495991b7852b855	2026-09-08T14:15:00.599Z		2.13.99	3.6.51	1.8.0_472-b09
R0195	EUR/USD	1698454800000	1698458400000	retrieval_error_hour	getBars	1	success	not_applicable	60	1698454800000	1.05605	1698458340000	1.05605	1	0	de194d1275735daa4da9b174f45ea5364d869308baf5d339bfeca062cc5a94b9	2026-09-08T14:15:00.599Z		2.13.99	3.6.51	1.8.0_472-b09
R0196	EUR/USD	1698530400000	1698534000000	retrieval_error_hour	getTicks	1	success	not_applicable	0					0	0	e3b0c44298fc1c149afbf4c8996fb92427ae41e4649b934ca495991b7852b855	2026-09-08T14:15:01.029Z		2.13.99	3.6.51	1.8.0_472-b09
R0196	EUR/USD	1698530400000	1698534000000	retrieval_error_hour	readTicks	1	success	true	0					0	0	e3b0c44298fc1c149afbf4c8996fb92427ae41e4649b934ca495991b7852b855	2026-09-08T14:15:01.029Z		2.13.99	3.6.51	1.8.0_472-b09
R0196	EUR/USD	1698530400000	1698534000000	retrieval_error_hour	getBars	1	success	not_applicable	60	1698530400000	1.05605	1698533940000	1.05605	1	0	a060013573092f588dfc0906af4c2bf71f0056f7174a880cf44f9cc97ffc6398	2026-09-08T14:15:01.030Z		2.13.99	3.6.51	1.8.0_472-b09
R0197	EUR/USD	1703314800000	1703318400000	retrieval_error_hour	getTicks	1	success	not_applicable	0					0	0	e3b0c44298fc1c149afbf4c8996fb92427ae41e4649b934ca495991b7852b855	2026-09-08T14:15:01.520Z		2.13.99	3.6.51	1.8.0_472-b09
R0197	EUR/USD	1703314800000	1703318400000	retrieval_error_hour	readTicks	1	success	true	0					0	0	e3b0c44298fc1c149afbf4c8996fb92427ae41e4649b934ca495991b7852b855	2026-09-08T14:15:01.521Z		2.13.99	3.6.51	1.8.0_472-b09
R0197	EUR/USD	1703314800000	1703318400000	retrieval_error_hour	getBars	1	success	not_applicable	60	1703314800000	1.10135	1703318340000	1.10135	1	0	cae6ac7bec4781b09b6159082dd7078b63a09a8088fa91fa30994f91c9322a58	2026-09-08T14:15:01.794Z		2.13.99	3.6.51	1.8.0_472-b09
R0198	EUR/USD	1703462400000	1703466000000	retrieval_error_hour	getTicks	1	success	not_applicable	499	1703462402305	1.10149	1703465990044	1.09997	0	0	d85741aa1a301f3d4320cec5c4a40799057ba1368def16760b5aeb51ab58628b	2026-09-08T14:15:02.307Z		2.13.99	3.6.51	1.8.0_472-b09
R0198	EUR/USD	1703462400000	1703466000000	retrieval_error_hour	readTicks	1	success	true	499	1703462402305	1.10149	1703465990044	1.09997	0	0	d85741aa1a301f3d4320cec5c4a40799057ba1368def16760b5aeb51ab58628b	2026-09-08T14:15:02.309Z		2.13.99	3.6.51	1.8.0_472-b09
R0198	EUR/USD	1703462400000	1703466000000	retrieval_error_hour	getBars	1	success	not_applicable	60	1703462400000	1.10149	1703465940000	1.09997	1	0	ed3279a37438b5650292a5450cb0cdfa7667e03ed554673fb83fd3f3c7c3f0f0	2026-09-08T14:15:02.552Z		2.13.99	3.6.51	1.8.0_472-b09
R0199	EUR/USD	1703469600000	1703473200000	retrieval_error_hour	getTicks	1	success	not_applicable	82	1703469603167	1.10035	1703473199607	1.09999	0	0	e5817b3d63eaa27515a65f4a2998b043bcf872983d524413408cc5c733bf212a	2026-09-08T14:15:03.049Z		2.13.99	3.6.51	1.8.0_472-b09
R0199	EUR/USD	1703469600000	1703473200000	retrieval_error_hour	readTicks	1	success	true	82	1703469603167	1.10035	1703473199607	1.09999	0	0	e5817b3d63eaa27515a65f4a2998b043bcf872983d524413408cc5c733bf212a	2026-09-08T14:15:03.050Z		2.13.99	3.6.51	1.8.0_472-b09
R0199	EUR/USD	1703469600000	1703473200000	retrieval_error_hour	getBars	1	success	not_applicable	60	1703469600000	1.10035	1703473140000	1.09999	1	0	cfab23a9cc6bc18eb3af2408908ab021f53a5aadac7d53605e645f5d34976ca2	2026-09-08T14:15:03.050Z		2.13.99	3.6.51	1.8.0_472-b09
R0200	EUR/USD	1714204800000	1714208400000	retrieval_error_hour	getTicks	1	success	not_applicable	0					0	0	e3b0c44298fc1c149afbf4c8996fb92427ae41e4649b934ca495991b7852b855	2026-09-08T14:15:03.539Z		2.13.99	3.6.51	1.8.0_472-b09
R0200	EUR/USD	1714204800000	1714208400000	retrieval_error_hour	readTicks	1	success	true	0					0	0	e3b0c44298fc1c149afbf4c8996fb92427ae41e4649b934ca495991b7852b855	2026-09-08T14:15:03.539Z		2.13.99	3.6.51	1.8.0_472-b09
R0200	EUR/USD	1714204800000	1714208400000	retrieval_error_hour	getBars	1	success	not_applicable	60	1714204800000	1.06911	1714208340000	1.06911	1	0	0b44795a63bb9acd1e9b1451e35e44aaf52eb4daa449914b1b327d24468d3a8e	2026-09-08T14:15:03.965Z		2.13.99	3.6.51	1.8.0_472-b09
R0201	EUR/USD	1714284000000	1714287600000	retrieval_error_hour	getTicks	1	success	not_applicable	0					0	0	e3b0c44298fc1c149afbf4c8996fb92427ae41e4649b934ca495991b7852b855	2026-09-08T14:15:04.688Z		2.13.99	3.6.51	1.8.0_472-b09
R0201	EUR/USD	1714284000000	1714287600000	retrieval_error_hour	readTicks	1	success	true	0					0	0	e3b0c44298fc1c149afbf4c8996fb92427ae41e4649b934ca495991b7852b855	2026-09-08T14:15:04.688Z		2.13.99	3.6.51	1.8.0_472-b09
R0201	EUR/USD	1714284000000	1714287600000	retrieval_error_hour	getBars	1	success	not_applicable	60	1714284000000	1.06911	1714287540000	1.06911	1	0	f0f115ac80aff8376062d9a80a1e8a3aa91d11eeb2b4479cbdc0e49ede6f0efd	2026-09-08T14:15:04.947Z		2.13.99	3.6.51	1.8.0_472-b09
R0202	EUR/USD	1714320000000	1714323600000	retrieval_error_hour	getTicks	1	success	not_applicable	0					0	0	e3b0c44298fc1c149afbf4c8996fb92427ae41e4649b934ca495991b7852b855	2026-09-08T14:15:05.495Z		2.13.99	3.6.51	1.8.0_472-b09
R0202	EUR/USD	1714320000000	1714323600000	retrieval_error_hour	readTicks	1	success	true	0					0	0	e3b0c44298fc1c149afbf4c8996fb92427ae41e4649b934ca495991b7852b855	2026-09-08T14:15:05.495Z		2.13.99	3.6.51	1.8.0_472-b09
R0202	EUR/USD	1714320000000	1714323600000	retrieval_error_hour	getBars	1	success	not_applicable	60	1714320000000	1.06911	1714323540000	1.06911	1	0	faa84c4657c8593b43fe0a688be8fbb79c384391c9b5615141976ba6a73e20a3	2026-09-08T14:15:05.495Z		2.13.99	3.6.51	1.8.0_472-b09
R0203	EUR/USD	1715547600000	1715551200000	retrieval_error_hour	getTicks	1	success	not_applicable	829	1715547604602	1.07721	1715551197931	1.07711	0	0	a46aa7db81974fb56aae6439d93b290470819fd1381d9299125afc0580a27953	2026-09-08T14:15:05.986Z		2.13.99	3.6.51	1.8.0_472-b09
R0203	EUR/USD	1715547600000	1715551200000	retrieval_error_hour	readTicks	1	success	true	829	1715547604602	1.07721	1715551197931	1.07711	0	0	a46aa7db81974fb56aae6439d93b290470819fd1381d9299125afc0580a27953	2026-09-08T14:15:05.988Z		2.13.99	3.6.51	1.8.0_472-b09
R0203	EUR/USD	1715547600000	1715551200000	retrieval_error_hour	getBars	1	success	not_applicable	60	1715547600000	1.07721	1715551140000	1.07704	1	0	987868b1b75bf2959c926b48ae28e41c41a155825e9eccd563bae0399a315070	2026-09-08T14:15:06.235Z		2.13.99	3.6.51	1.8.0_472-b09
R0204	EUR/USD	1719266400000	1719270000000	retrieval_error_hour	getTicks	1	success	not_applicable	587	1719266400077	1.07332	1719269993079	1.07328	0	0	226b4651f6cf68d2a9168418d7f45c9fb0ad5295f041a4f2d51959203d35a178	2026-09-08T14:15:06.734Z		2.13.99	3.6.51	1.8.0_472-b09
R0204	EUR/USD	1719266400000	1719270000000	retrieval_error_hour	readTicks	1	success	true	587	1719266400077	1.07332	1719269993079	1.07328	0	0	226b4651f6cf68d2a9168418d7f45c9fb0ad5295f041a4f2d51959203d35a178	2026-09-08T14:15:06.736Z		2.13.99	3.6.51	1.8.0_472-b09
R0204	EUR/USD	1719266400000	1719270000000	retrieval_error_hour	getBars	1	success	not_applicable	60	1719266400000	1.07332	1719269940000	1.07333	1	0	f74dc3b8021335f205e8eee3e8e574c37e734b0c4bb2816f26687f9795e3be91	2026-09-08T14:15:07Z		2.13.99	3.6.51	1.8.0_472-b09
R0205	EUR/USD	1726898400000	1726902000000	retrieval_error_hour	getTicks	1	success	not_applicable	0					0	0	e3b0c44298fc1c149afbf4c8996fb92427ae41e4649b934ca495991b7852b855	2026-09-08T14:15:07.524Z		2.13.99	3.6.51	1.8.0_472-b09
R0205	EUR/USD	1726898400000	1726902000000	retrieval_error_hour	readTicks	1	success	true	0					0	0	e3b0c44298fc1c149afbf4c8996fb92427ae41e4649b934ca495991b7852b855	2026-09-08T14:15:07.524Z		2.13.99	3.6.51	1.8.0_472-b09
R0205	EUR/USD	1726898400000	1726902000000	retrieval_error_hour	getBars	1	success	not_applicable	60	1726898400000	1.11626	1726901940000	1.11626	1	0	5afea2e6e72c0e6181b67c44c3c97bf3e56ac6626e26658f57150489bf972be6	2026-09-08T14:15:07.812Z		2.13.99	3.6.51	1.8.0_472-b09
R0206	EUR/USD	1727010000000	1727013600000	retrieval_error_hour	getTicks	1	success	not_applicable	0					0	0	e3b0c44298fc1c149afbf4c8996fb92427ae41e4649b934ca495991b7852b855	2026-09-08T14:15:08.249Z		2.13.99	3.6.51	1.8.0_472-b09
R0206	EUR/USD	1727010000000	1727013600000	retrieval_error_hour	readTicks	1	success	true	0					0	0	e3b0c44298fc1c149afbf4c8996fb92427ae41e4649b934ca495991b7852b855	2026-09-08T14:15:08.249Z		2.13.99	3.6.51	1.8.0_472-b09
R0206	EUR/USD	1727010000000	1727013600000	retrieval_error_hour	getBars	1	success	not_applicable	60	1727010000000	1.11626	1727013540000	1.11626	1	0	7295f1b6a5bbb53a0836218c485b09ffa19d111b912410c4490187fa292078ca	2026-09-08T14:15:08.519Z		2.13.99	3.6.51	1.8.0_472-b09
R0207	EUR/USD	1727485200000	1727488800000	retrieval_error_hour	getTicks	1	success	not_applicable	0					0	0	e3b0c44298fc1c149afbf4c8996fb92427ae41e4649b934ca495991b7852b855	2026-09-08T14:15:09.189Z		2.13.99	3.6.51	1.8.0_472-b09
R0207	EUR/USD	1727485200000	1727488800000	retrieval_error_hour	readTicks	1	success	true	0					0	0	e3b0c44298fc1c149afbf4c8996fb92427ae41e4649b934ca495991b7852b855	2026-09-08T14:15:09.190Z		2.13.99	3.6.51	1.8.0_472-b09
R0207	EUR/USD	1727485200000	1727488800000	retrieval_error_hour	getBars	1	success	not_applicable	60	1727485200000	1.11619	1727488740000	1.11619	1	0	3255ba640aeb4a99e2bee526dc9e0c2f306db809636f46255f4b92f53fe56c7f	2026-09-08T14:15:09.532Z		2.13.99	3.6.51	1.8.0_472-b09
R0208	EUR/USD	1727557200000	1727560800000	retrieval_error_hour	getTicks	1	success	not_applicable	0					0	0	e3b0c44298fc1c149afbf4c8996fb92427ae41e4649b934ca495991b7852b855	2026-09-08T14:15:10.021Z		2.13.99	3.6.51	1.8.0_472-b09
R0208	EUR/USD	1727557200000	1727560800000	retrieval_error_hour	readTicks	1	success	true	0					0	0	e3b0c44298fc1c149afbf4c8996fb92427ae41e4649b934ca495991b7852b855	2026-09-08T14:15:10.022Z		2.13.99	3.6.51	1.8.0_472-b09
R0208	EUR/USD	1727557200000	1727560800000	retrieval_error_hour	getBars	1	success	not_applicable	60	1727557200000	1.11619	1727560740000	1.11619	1	0	d839946e8ae7d48f46f4048abb96a4ef7bb0372b1ad7d2df891c73291c31fb9a	2026-09-08T14:15:10.022Z		2.13.99	3.6.51	1.8.0_472-b09
R0209	EUR/USD	1727593200000	1727596800000	retrieval_error_hour	getTicks	1	success	not_applicable	0					0	0	e3b0c44298fc1c149afbf4c8996fb92427ae41e4649b934ca495991b7852b855	2026-09-08T14:15:10.522Z		2.13.99	3.6.51	1.8.0_472-b09
R0209	EUR/USD	1727593200000	1727596800000	retrieval_error_hour	readTicks	1	success	true	0					0	0	e3b0c44298fc1c149afbf4c8996fb92427ae41e4649b934ca495991b7852b855	2026-09-08T14:15:10.522Z		2.13.99	3.6.51	1.8.0_472-b09
R0209	EUR/USD	1727593200000	1727596800000	retrieval_error_hour	getBars	1	success	not_applicable	60	1727593200000	1.11619	1727596740000	1.11619	1	0	bac184886d961cf5ed15e8c10ca7d97af8b77b811438810b91e3e60fcf2b388e	2026-09-08T14:15:10.818Z		2.13.99	3.6.51	1.8.0_472-b09
R0210	EUR/USD	1728086400000	1728090000000	retrieval_error_hour	getTicks	1	success	not_applicable	0					0	0	e3b0c44298fc1c149afbf4c8996fb92427ae41e4649b934ca495991b7852b855	2026-09-08T14:15:11.327Z		2.13.99	3.6.51	1.8.0_472-b09
R0210	EUR/USD	1728086400000	1728090000000	retrieval_error_hour	readTicks	1	success	true	0					0	0	e3b0c44298fc1c149afbf4c8996fb92427ae41e4649b934ca495991b7852b855	2026-09-08T14:15:11.327Z		2.13.99	3.6.51	1.8.0_472-b09
R0210	EUR/USD	1728086400000	1728090000000	retrieval_error_hour	getBars	1	success	not_applicable	60	1728086400000	1.09739	1728089940000	1.09739	1	0	9f7ee5433965af75261f1d35c1b1ffb11d39aa8303a3dad86ba28dd615dfe1c5	2026-09-08T14:15:11.620Z		2.13.99	3.6.51	1.8.0_472-b09
R0211	EUR/USD	1728176400000	1728180000000	retrieval_error_hour	getTicks	1	success	not_applicable	0					0	0	e3b0c44298fc1c149afbf4c8996fb92427ae41e4649b934ca495991b7852b855	2026-09-08T14:15:12.668Z		2.13.99	3.6.51	1.8.0_472-b09
R0211	EUR/USD	1728176400000	1728180000000	retrieval_error_hour	readTicks	1	success	true	0					0	0	e3b0c44298fc1c149afbf4c8996fb92427ae41e4649b934ca495991b7852b855	2026-09-08T14:15:12.668Z		2.13.99	3.6.51	1.8.0_472-b09
R0211	EUR/USD	1728176400000	1728180000000	retrieval_error_hour	getBars	1	success	not_applicable	60	1728176400000	1.09739	1728179940000	1.09739	1	0	5251fe903544bcf70e9cfcc1caa888e2b8f9c38d47a3047fd889f832f44351e4	2026-09-08T14:15:13.057Z		2.13.99	3.6.51	1.8.0_472-b09
R0212	EUR/USD	1733162400000	1733166000000	retrieval_error_hour	getTicks	1	success	not_applicable	3564	1733162400221	1.04875	1733165994073	1.04897	0	0	05562b1e016c22b21eda74a1f3b0530c011448879df8954d1005dc1bdbe65f49	2026-09-08T14:15:13.959Z		2.13.99	3.6.51	1.8.0_472-b09
R0212	EUR/USD	1733162400000	1733166000000	retrieval_error_hour	readTicks	1	success	true	3564	1733162400221	1.04875	1733165994073	1.04897	0	0	05562b1e016c22b21eda74a1f3b0530c011448879df8954d1005dc1bdbe65f49	2026-09-08T14:15:13.966Z		2.13.99	3.6.51	1.8.0_472-b09
R0212	EUR/USD	1733162400000	1733166000000	retrieval_error_hour	getBars	1	success	not_applicable	60	1733162400000	1.04875	1733165940000	1.04898	1	0	6e8827cad384909f649caf40468f8765f620a34aa52c1edfeee3aad5b18dfc19	2026-09-08T14:15:14.387Z		2.13.99	3.6.51	1.8.0_472-b09
R0213	EUR/USD	1733346000000	1733349600000	retrieval_error_hour	getTicks	1	success	not_applicable	1635	1733346000045	1.0513	1733349599805	1.05114	0	0	221ab5fb059b3a6dd9714ddce3d86461e9d669d5262577d266f83b8da8dedd72	2026-09-08T14:15:14.975Z		2.13.99	3.6.51	1.8.0_472-b09
R0213	EUR/USD	1733346000000	1733349600000	retrieval_error_hour	readTicks	1	success	true	1635	1733346000045	1.0513	1733349599805	1.05114	0	0	221ab5fb059b3a6dd9714ddce3d86461e9d669d5262577d266f83b8da8dedd72	2026-09-08T14:15:14.978Z		2.13.99	3.6.51	1.8.0_472-b09
R0213	EUR/USD	1733346000000	1733349600000	retrieval_error_hour	getBars	1	success	not_applicable	60	1733346000000	1.0513	1733349540000	1.051	1	0	9e4feb95e1958f0c65585f5d35cbc7c81da260696e3cc36b9ef9289ad88097fb	2026-09-08T14:15:15.207Z		2.13.99	3.6.51	1.8.0_472-b09
R0214	EUR/USD	1733389200000	1733392800000	retrieval_error_hour	getTicks	1	success	not_applicable	4976	1733389200115	1.05301	1733392799492	1.05285	0	0	8ca54b923d25c8214ba273dfe0dc13dfdbd081bdfa2de12a259b6037a1c0a88c	2026-09-08T14:15:15.960Z		2.13.99	3.6.51	1.8.0_472-b09
R0214	EUR/USD	1733389200000	1733392800000	retrieval_error_hour	readTicks	1	success	true	4976	1733389200115	1.05301	1733392799492	1.05285	0	0	8ca54b923d25c8214ba273dfe0dc13dfdbd081bdfa2de12a259b6037a1c0a88c	2026-09-08T14:15:15.972Z		2.13.99	3.6.51	1.8.0_472-b09
R0214	EUR/USD	1733389200000	1733392800000	retrieval_error_hour	getBars	1	success	not_applicable	60	1733389200000	1.05301	1733392740000	1.05278	1	0	72a5e70fa2fd4338dcbeec0eeb0844ca9ac0f7545995a7f5324c32583fb13efe	2026-09-08T14:15:16.834Z		2.13.99	3.6.51	1.8.0_472-b09
R0215	EUR/USD	1733450400000	1733454000000	retrieval_error_hour	getTicks	1	success	not_applicable	2947	1733450401282	1.05687	1733453999581	1.05768	0	0	d11fd551872e3331b86820763df5d0af130b3f50423fdf5da821df5840eb22a2	2026-09-08T14:15:17.361Z		2.13.99	3.6.51	1.8.0_472-b09
R0215	EUR/USD	1733450400000	1733454000000	retrieval_error_hour	readTicks	1	success	true	2947	1733450401282	1.05687	1733453999581	1.05768	0	0	d11fd551872e3331b86820763df5d0af130b3f50423fdf5da821df5840eb22a2	2026-09-08T14:15:17.368Z		2.13.99	3.6.51	1.8.0_472-b09
R0215	EUR/USD	1733450400000	1733454000000	retrieval_error_hour	getBars	1	success	not_applicable	60	1733450400000	1.05687	1733453940000	1.05768	1	0	d899fe60d5836bef4b29463b012fe51e2a84db8dc16d10dd43cf780ea52cecf7	2026-09-08T14:15:17.597Z		2.13.99	3.6.51	1.8.0_472-b09
R0216	EUR/USD	1733569200000	1733572800000	retrieval_error_hour	getTicks	1	success	not_applicable	0					0	0	e3b0c44298fc1c149afbf4c8996fb92427ae41e4649b934ca495991b7852b855	2026-09-08T14:15:18.202Z		2.13.99	3.6.51	1.8.0_472-b09
R0216	EUR/USD	1733569200000	1733572800000	retrieval_error_hour	readTicks	1	success	true	0					0	0	e3b0c44298fc1c149afbf4c8996fb92427ae41e4649b934ca495991b7852b855	2026-09-08T14:15:18.202Z		2.13.99	3.6.51	1.8.0_472-b09
R0216	EUR/USD	1733569200000	1733572800000	retrieval_error_hour	getBars	1	success	not_applicable	60	1733569200000	1.05673	1733572740000	1.05673	1	0	4dfa923cf87dd24c64963bc0d805d1b027e0e2d8420a9a5f27e53c124e788983	2026-09-08T14:15:18.527Z		2.13.99	3.6.51	1.8.0_472-b09
R0217	EUR/USD	1733594400000	1733598000000	retrieval_error_hour	getTicks	1	success	not_applicable	0					0	0	e3b0c44298fc1c149afbf4c8996fb92427ae41e4649b934ca495991b7852b855	2026-09-08T14:15:19.297Z		2.13.99	3.6.51	1.8.0_472-b09
R0217	EUR/USD	1733594400000	1733598000000	retrieval_error_hour	readTicks	1	success	true	0					0	0	e3b0c44298fc1c149afbf4c8996fb92427ae41e4649b934ca495991b7852b855	2026-09-08T14:15:19.297Z		2.13.99	3.6.51	1.8.0_472-b09
R0217	EUR/USD	1733594400000	1733598000000	retrieval_error_hour	getBars	1	success	not_applicable	60	1733594400000	1.05673	1733597940000	1.05673	1	0	236bf93f9ad19039df1daec4b9704610e3249235f4432c0860af0f5b022786ed	2026-09-08T14:15:19.298Z		2.13.99	3.6.51	1.8.0_472-b09
R0218	EUR/USD	1733612400000	1733616000000	retrieval_error_hour	getTicks	1	success	not_applicable	0					0	0	e3b0c44298fc1c149afbf4c8996fb92427ae41e4649b934ca495991b7852b855	2026-09-08T14:15:20.091Z		2.13.99	3.6.51	1.8.0_472-b09
R0218	EUR/USD	1733612400000	1733616000000	retrieval_error_hour	readTicks	1	success	true	0					0	0	e3b0c44298fc1c149afbf4c8996fb92427ae41e4649b934ca495991b7852b855	2026-09-08T14:15:20.092Z		2.13.99	3.6.51	1.8.0_472-b09
R0218	EUR/USD	1733612400000	1733616000000	retrieval_error_hour	getBars	1	success	not_applicable	60	1733612400000	1.05673	1733615940000	1.05673	1	0	740b17dd2fde0e30e23616f91ec87e4b5eb138ca79fc2889ce280a4cdb034ff1	2026-09-08T14:15:20.092Z		2.13.99	3.6.51	1.8.0_472-b09
R0219	EUR/USD	1733691600000	1733695200000	retrieval_error_hour	getTicks	1	success	not_applicable	0					0	0	e3b0c44298fc1c149afbf4c8996fb92427ae41e4649b934ca495991b7852b855	2026-09-08T14:15:20.961Z		2.13.99	3.6.51	1.8.0_472-b09
R0219	EUR/USD	1733691600000	1733695200000	retrieval_error_hour	readTicks	1	success	true	0					0	0	e3b0c44298fc1c149afbf4c8996fb92427ae41e4649b934ca495991b7852b855	2026-09-08T14:15:20.961Z		2.13.99	3.6.51	1.8.0_472-b09
R0219	EUR/USD	1733691600000	1733695200000	retrieval_error_hour	getBars	1	success	not_applicable	60	1733691600000	1.05673	1733695140000	1.05673	1	0	35b899e654c29ccff79c068693ca6e8972d074b580c7a842705afefdee0f4ea9	2026-09-08T14:15:21.328Z		2.13.99	3.6.51	1.8.0_472-b09
R0220	EUR/USD	1733695200000	1733698800000	retrieval_error_hour	getTicks	1	success	not_applicable	1319	1733695204394	1.05544	1733698777254	1.05624	0	0	08939df9a205f5e4e9cc924e8f07d0d3b72f2a323772be35a313babe81115120	2026-09-08T14:15:21.864Z		2.13.99	3.6.51	1.8.0_472-b09
R0220	EUR/USD	1733695200000	1733698800000	retrieval_error_hour	readTicks	1	success	true	1319	1733695204394	1.05544	1733698777254	1.05624	0	0	08939df9a205f5e4e9cc924e8f07d0d3b72f2a323772be35a313babe81115120	2026-09-08T14:15:21.867Z		2.13.99	3.6.51	1.8.0_472-b09
R0220	EUR/USD	1733695200000	1733698800000	retrieval_error_hour	getBars	1	success	not_applicable	60	1733695200000	1.05544	1733698740000	1.05624	1	0	9f00515490f20c99f2cfe1c4bc6fc6cd8c4ba29fa9612bf185b1213ed6ca9a2a	2026-09-08T14:15:21.867Z		2.13.99	3.6.51	1.8.0_472-b09
R0221	EUR/USD	1735074000000	1735077600000	retrieval_error_hour	getTicks	1	success	not_applicable	1381	1735074000321	1.03993	1735077540574	1.03912	0	0	cdd652d553d15fb876dc7d56bb9ae4dba1df38a9de022651be7a479d55c82027	2026-09-08T14:15:22.434Z		2.13.99	3.6.51	1.8.0_472-b09
R0221	EUR/USD	1735074000000	1735077600000	retrieval_error_hour	readTicks	1	success	true	1381	1735074000321	1.03993	1735077540574	1.03912	0	0	cdd652d553d15fb876dc7d56bb9ae4dba1df38a9de022651be7a479d55c82027	2026-09-08T14:15:22.438Z		2.13.99	3.6.51	1.8.0_472-b09
R0221	EUR/USD	1735074000000	1735077600000	retrieval_error_hour	getBars	1	success	not_applicable	60	1735074000000	1.03993	1735077540000	1.03912	1	0	ab00c834eb980b5a9c3280f94b4449827db325e827431a6557ba8f28141a831d	2026-09-08T14:15:42.468Z		2.13.99	3.6.51	1.8.0_472-b09
R0222	EUR/USD	1735142400000	1735146000000	retrieval_error_hour	getTicks	1	success	not_applicable	0					0	0	e3b0c44298fc1c149afbf4c8996fb92427ae41e4649b934ca495991b7852b855	2026-09-08T14:16:19.427Z		2.13.99	3.6.51	1.8.0_472-b09
R0222	EUR/USD	1735142400000	1735146000000	retrieval_error_hour	readTicks	1	success	true	0					0	0	e3b0c44298fc1c149afbf4c8996fb92427ae41e4649b934ca495991b7852b855	2026-09-08T14:16:19.428Z		2.13.99	3.6.51	1.8.0_472-b09
R0222	EUR/USD	1735142400000	1735146000000	retrieval_error_hour	getBars	1	success	not_applicable	60	1735142400000	1.04004	1735145940000	1.04004	1	0	7bfbb147f3c6a822105ced1a142b70785b62e6a7a8aa41780d2aab1b832f025c	2026-09-08T14:16:48.656Z		2.13.99	3.6.51	1.8.0_472-b09
R0223	EUR/USD	1735149600000	1735153200000	retrieval_error_hour	getTicks	1	success	not_applicable	0					0	0	e3b0c44298fc1c149afbf4c8996fb92427ae41e4649b934ca495991b7852b855	2026-09-08T14:17:38.147Z		2.13.99	3.6.51	1.8.0_472-b09
R0223	EUR/USD	1735149600000	1735153200000	retrieval_error_hour	readTicks	1	success	true	0					0	0	e3b0c44298fc1c149afbf4c8996fb92427ae41e4649b934ca495991b7852b855	2026-09-08T14:17:38.148Z		2.13.99	3.6.51	1.8.0_472-b09
R0223	EUR/USD	1735149600000	1735153200000	retrieval_error_hour	getBars	1	success	not_applicable	60	1735149600000	1.04004	1735153140000	1.04004	1	0	2ba6c922538a859dbc7db1bac778518669872182bf0fab3252b9d0d7c6d4b3e3	2026-09-08T14:17:38.149Z		2.13.99	3.6.51	1.8.0_472-b09
R0224	GBP/USD	1478966400000	1478970000000	retrieval_error_hour	getTicks	1	success	not_applicable	0					0	0	e3b0c44298fc1c149afbf4c8996fb92427ae41e4649b934ca495991b7852b855	2026-09-08T14:18:43.021Z		2.13.99	3.6.51	1.8.0_472-b09
R0224	GBP/USD	1478966400000	1478970000000	retrieval_error_hour	readTicks	1	success	true	0					0	0	e3b0c44298fc1c149afbf4c8996fb92427ae41e4649b934ca495991b7852b855	2026-09-08T14:18:43.022Z		2.13.99	3.6.51	1.8.0_472-b09
R0224	GBP/USD	1478966400000	1478970000000	retrieval_error_hour	getBars	1	success	not_applicable	60	1478966400000	1.25954	1478969940000	1.25954	1	0	d3e0d4b0e576b847c4475f68739e638d0b5a0dc6e94a0187f5ae470b123a124c	2026-09-08T14:18:43.420Z		2.13.99	3.6.51	1.8.0_472-b09
R0225	GBP/USD	1480132800000	1480136400000	retrieval_error_hour	getTicks	1	success	not_applicable	0					0	0	e3b0c44298fc1c149afbf4c8996fb92427ae41e4649b934ca495991b7852b855	2026-09-08T14:18:44.319Z		2.13.99	3.6.51	1.8.0_472-b09
R0225	GBP/USD	1480132800000	1480136400000	retrieval_error_hour	readTicks	1	success	true	0					0	0	e3b0c44298fc1c149afbf4c8996fb92427ae41e4649b934ca495991b7852b855	2026-09-08T14:18:44.320Z		2.13.99	3.6.51	1.8.0_472-b09
R0225	GBP/USD	1480132800000	1480136400000	retrieval_error_hour	getBars	1	success	not_applicable	60	1480132800000	1.24843	1480136340000	1.24843	1	0	84a47aa7b76069f47c9c6b6d773a5b8f48dff44de03fe2177ce6664b6c9497c0	2026-09-08T14:18:44.716Z		2.13.99	3.6.51	1.8.0_472-b09
R0226	GBP/USD	1480176000000	1480179600000	retrieval_error_hour	getTicks	1	success	not_applicable	0					0	0	e3b0c44298fc1c149afbf4c8996fb92427ae41e4649b934ca495991b7852b855	2026-09-08T14:18:45.383Z		2.13.99	3.6.51	1.8.0_472-b09
R0226	GBP/USD	1480176000000	1480179600000	retrieval_error_hour	readTicks	1	success	true	0					0	0	e3b0c44298fc1c149afbf4c8996fb92427ae41e4649b934ca495991b7852b855	2026-09-08T14:18:45.384Z		2.13.99	3.6.51	1.8.0_472-b09
R0226	GBP/USD	1480176000000	1480179600000	retrieval_error_hour	getBars	1	success	not_applicable	60	1480176000000	1.24843	1480179540000	1.24843	1	0	60d98d3a316a84b6b7dc671780e73e768e1afff22cedf0bf5bc7817d75cb2911	2026-09-08T14:18:45.385Z		2.13.99	3.6.51	1.8.0_472-b09
R0227	GBP/USD	1480212000000	1480215600000	retrieval_error_hour	getTicks	1	success	not_applicable	0					0	0	e3b0c44298fc1c149afbf4c8996fb92427ae41e4649b934ca495991b7852b855	2026-09-08T14:18:45.892Z		2.13.99	3.6.51	1.8.0_472-b09
R0227	GBP/USD	1480212000000	1480215600000	retrieval_error_hour	readTicks	1	success	true	0					0	0	e3b0c44298fc1c149afbf4c8996fb92427ae41e4649b934ca495991b7852b855	2026-09-08T14:18:45.894Z		2.13.99	3.6.51	1.8.0_472-b09
R0227	GBP/USD	1480212000000	1480215600000	retrieval_error_hour	getBars	1	success	not_applicable	60	1480212000000	1.24843	1480215540000	1.24843	1	0	68a2aea88c7bc336c1ed78df585686c6a355282b007850e508a71d69d37d31ec	2026-09-08T14:18:46.218Z		2.13.99	3.6.51	1.8.0_472-b09
R0228	GBP/USD	1482573600000	1482577200000	retrieval_error_hour	getTicks	1	success	not_applicable	0					0	0	e3b0c44298fc1c149afbf4c8996fb92427ae41e4649b934ca495991b7852b855	2026-09-08T14:18:46.834Z		2.13.99	3.6.51	1.8.0_472-b09
R0228	GBP/USD	1482573600000	1482577200000	retrieval_error_hour	readTicks	1	success	true	0					0	0	e3b0c44298fc1c149afbf4c8996fb92427ae41e4649b934ca495991b7852b855	2026-09-08T14:18:46.834Z		2.13.99	3.6.51	1.8.0_472-b09
R0228	GBP/USD	1482573600000	1482577200000	retrieval_error_hour	getBars	1	success	not_applicable	60	1482573600000	1.22871	1482577140000	1.22871	1	0	ade94fce0dfae6f2dc56d88960a58f962282f638caffa10d0a8d8ef38a9d8c32	2026-09-08T14:18:47.152Z		2.13.99	3.6.51	1.8.0_472-b09
R0229	GBP/USD	1482595200000	1482598800000	retrieval_error_hour	getTicks	1	success	not_applicable	0					0	0	e3b0c44298fc1c149afbf4c8996fb92427ae41e4649b934ca495991b7852b855	2026-09-08T14:18:47.670Z		2.13.99	3.6.51	1.8.0_472-b09
R0229	GBP/USD	1482595200000	1482598800000	retrieval_error_hour	readTicks	1	success	true	0					0	0	e3b0c44298fc1c149afbf4c8996fb92427ae41e4649b934ca495991b7852b855	2026-09-08T14:18:47.670Z		2.13.99	3.6.51	1.8.0_472-b09
R0229	GBP/USD	1482595200000	1482598800000	retrieval_error_hour	getBars	1	success	not_applicable	60	1482595200000	1.22871	1482598740000	1.22871	1	0	b7e14430208afc48d17cf3db7821c6d5a9e249938c9ff8f6596711706ff59ab9	2026-09-08T14:18:47.671Z		2.13.99	3.6.51	1.8.0_472-b09
R0230	GBP/USD	1482602400000	1482606000000	retrieval_error_hour	getTicks	1	success	not_applicable	0					0	0	e3b0c44298fc1c149afbf4c8996fb92427ae41e4649b934ca495991b7852b855	2026-09-08T14:18:48.170Z		2.13.99	3.6.51	1.8.0_472-b09
R0230	GBP/USD	1482602400000	1482606000000	retrieval_error_hour	readTicks	1	success	true	0					0	0	e3b0c44298fc1c149afbf4c8996fb92427ae41e4649b934ca495991b7852b855	2026-09-08T14:18:48.171Z		2.13.99	3.6.51	1.8.0_472-b09
R0230	GBP/USD	1482602400000	1482606000000	retrieval_error_hour	getBars	1	success	not_applicable	60	1482602400000	1.22871	1482605940000	1.22871	1	0	6f8b7aca7859d5d3a5a82489a5bbfb490a23ff3d96c8220a437060b975a1105e	2026-09-08T14:18:48.171Z		2.13.99	3.6.51	1.8.0_472-b09
R0231	GBP/USD	1482645600000	1482649200000	retrieval_error_hour	getTicks	1	success	not_applicable	0					0	0	e3b0c44298fc1c149afbf4c8996fb92427ae41e4649b934ca495991b7852b855	2026-09-08T14:18:48.668Z		2.13.99	3.6.51	1.8.0_472-b09
R0231	GBP/USD	1482645600000	1482649200000	retrieval_error_hour	readTicks	1	success	true	0					0	0	e3b0c44298fc1c149afbf4c8996fb92427ae41e4649b934ca495991b7852b855	2026-09-08T14:18:48.669Z		2.13.99	3.6.51	1.8.0_472-b09
R0231	GBP/USD	1482645600000	1482649200000	retrieval_error_hour	getBars	1	success	not_applicable	60	1482645600000	1.22871	1482649140000	1.22871	1	0	bb9282689043e1d4acfe570a22cb4030fd7149a5de5358ce2367d3353684434c	2026-09-08T14:18:49.124Z		2.13.99	3.6.51	1.8.0_472-b09
R0232	GBP/USD	1483228800000	1483232400000	retrieval_error_hour	getTicks	1	success	not_applicable	0					0	0	e3b0c44298fc1c149afbf4c8996fb92427ae41e4649b934ca495991b7852b855	2026-09-08T14:18:50.057Z		2.13.99	3.6.51	1.8.0_472-b09
R0232	GBP/USD	1483228800000	1483232400000	retrieval_error_hour	readTicks	1	success	true	0					0	0	e3b0c44298fc1c149afbf4c8996fb92427ae41e4649b934ca495991b7852b855	2026-09-08T14:18:50.058Z		2.13.99	3.6.51	1.8.0_472-b09
R0232	GBP/USD	1483228800000	1483232400000	retrieval_error_hour	getBars	1	success	not_applicable	60	1483228800000	1.23399	1483232340000	1.23399	1	0	3c8ea0b49a0a4190104c71852cd5f5e0f5cf3a73db696c04367a116d3383a324	2026-09-08T14:18:50.512Z		2.13.99	3.6.51	1.8.0_472-b09
R0233	GBP/USD	1486821600000	1486825200000	retrieval_error_hour	getTicks	1	success	not_applicable	0					0	0	e3b0c44298fc1c149afbf4c8996fb92427ae41e4649b934ca495991b7852b855	2026-09-08T14:18:51.168Z		2.13.99	3.6.51	1.8.0_472-b09
R0233	GBP/USD	1486821600000	1486825200000	retrieval_error_hour	readTicks	1	success	true	0					0	0	e3b0c44298fc1c149afbf4c8996fb92427ae41e4649b934ca495991b7852b855	2026-09-08T14:18:51.168Z		2.13.99	3.6.51	1.8.0_472-b09
R0233	GBP/USD	1486821600000	1486825200000	retrieval_error_hour	getBars	1	success	not_applicable	60	1486821600000	1.24835	1486825140000	1.24835	1	0	23afd31779bfcb8efa12f77f6e071a7188259bc1af84d3c64175fb406f9a86d9	2026-09-08T14:18:51.398Z		2.13.99	3.6.51	1.8.0_472-b09
R0234	GBP/USD	1501275600000	1501279200000	retrieval_error_hour	getTicks	1	success	not_applicable	0					0	0	e3b0c44298fc1c149afbf4c8996fb92427ae41e4649b934ca495991b7852b855	2026-09-08T14:18:51.893Z		2.13.99	3.6.51	1.8.0_472-b09
R0234	GBP/USD	1501275600000	1501279200000	retrieval_error_hour	readTicks	1	success	true	0					0	0	e3b0c44298fc1c149afbf4c8996fb92427ae41e4649b934ca495991b7852b855	2026-09-08T14:18:51.893Z		2.13.99	3.6.51	1.8.0_472-b09
R0234	GBP/USD	1501275600000	1501279200000	retrieval_error_hour	getBars	1	success	not_applicable	60	1501275600000	1.31335	1501279140000	1.31335	1	0	964030ca7180a2c69765afe5086fc4f3f3bd79d6a352200a14ab2c4a6a89f2bb	2026-09-08T14:18:52.146Z		2.13.99	3.6.51	1.8.0_472-b09
R0235	GBP/USD	1502485200000	1502488800000	retrieval_error_hour	getTicks	1	success	not_applicable	0					0	0	e3b0c44298fc1c149afbf4c8996fb92427ae41e4649b934ca495991b7852b855	2026-09-08T14:18:52.658Z		2.13.99	3.6.51	1.8.0_472-b09
R0235	GBP/USD	1502485200000	1502488800000	retrieval_error_hour	readTicks	1	success	true	0					0	0	e3b0c44298fc1c149afbf4c8996fb92427ae41e4649b934ca495991b7852b855	2026-09-08T14:18:52.659Z		2.13.99	3.6.51	1.8.0_472-b09
R0235	GBP/USD	1502485200000	1502488800000	retrieval_error_hour	getBars	1	success	not_applicable	60	1502485200000	1.30078	1502488740000	1.30078	1	0	fc02b3e3b89fdd1ee1bc9e51da1268075d058781c3ac9f1909bde736827fa846	2026-09-08T14:18:52.947Z		2.13.99	3.6.51	1.8.0_472-b09
R0236	GBP/USD	1502521200000	1502524800000	retrieval_error_hour	getTicks	1	success	not_applicable	0					0	0	e3b0c44298fc1c149afbf4c8996fb92427ae41e4649b934ca495991b7852b855	2026-09-08T14:19:41.583Z		2.13.99	3.6.51	1.8.0_472-b09
R0236	GBP/USD	1502521200000	1502524800000	retrieval_error_hour	readTicks	1	success	true	0					0	0	e3b0c44298fc1c149afbf4c8996fb92427ae41e4649b934ca495991b7852b855	2026-09-08T14:19:41.583Z		2.13.99	3.6.51	1.8.0_472-b09
R0236	GBP/USD	1502521200000	1502524800000	retrieval_error_hour	getBars	1	success	not_applicable	0					0	0	e3b0c44298fc1c149afbf4c8996fb92427ae41e4649b934ca495991b7852b855	2026-09-08T14:19:51.785Z		2.13.99	3.6.51	1.8.0_472-b09
R0237	GBP/USD	1502589600000	1502593200000	retrieval_error_hour	getTicks	1	success	not_applicable	0					0	0	e3b0c44298fc1c149afbf4c8996fb92427ae41e4649b934ca495991b7852b855	2026-09-08T14:20:27.433Z		2.13.99	3.6.51	1.8.0_472-b09
R0237	GBP/USD	1502589600000	1502593200000	retrieval_error_hour	readTicks	1	success	true	0					0	0	e3b0c44298fc1c149afbf4c8996fb92427ae41e4649b934ca495991b7852b855	2026-09-08T14:20:27.433Z		2.13.99	3.6.51	1.8.0_472-b09
R0237	GBP/USD	1502589600000	1502593200000	retrieval_error_hour	getBars	1	success	not_applicable	0					0	0	e3b0c44298fc1c149afbf4c8996fb92427ae41e4649b934ca495991b7852b855	2026-09-08T14:21:19.681Z		2.13.99	3.6.51	1.8.0_472-b09
R0238	GBP/USD	1502611200000	1502614800000	retrieval_error_hour	getTicks	1	success	not_applicable	0					0	0	e3b0c44298fc1c149afbf4c8996fb92427ae41e4649b934ca495991b7852b855	2026-09-08T14:21:36.659Z		2.13.99	3.6.51	1.8.0_472-b09
R0238	GBP/USD	1502611200000	1502614800000	retrieval_error_hour	readTicks	1	success	true	0					0	0	e3b0c44298fc1c149afbf4c8996fb92427ae41e4649b934ca495991b7852b855	2026-09-08T14:21:36.659Z		2.13.99	3.6.51	1.8.0_472-b09
R0238	GBP/USD	1502611200000	1502614800000	retrieval_error_hour	getBars	1	success	not_applicable	0					0	0	e3b0c44298fc1c149afbf4c8996fb92427ae41e4649b934ca495991b7852b855	2026-09-08T14:21:36.660Z		2.13.99	3.6.51	1.8.0_472-b09
R0239	GBP/USD	1502632800000	1502636400000	retrieval_error_hour	getTicks	1	success	not_applicable	0					0	0	e3b0c44298fc1c149afbf4c8996fb92427ae41e4649b934ca495991b7852b855	2026-09-08T14:21:37.098Z		2.13.99	3.6.51	1.8.0_472-b09
R0239	GBP/USD	1502632800000	1502636400000	retrieval_error_hour	readTicks	1	success	true	0					0	0	e3b0c44298fc1c149afbf4c8996fb92427ae41e4649b934ca495991b7852b855	2026-09-08T14:21:37.098Z		2.13.99	3.6.51	1.8.0_472-b09
R0239	GBP/USD	1502632800000	1502636400000	retrieval_error_hour	getBars	1	success	not_applicable	0					0	0	e3b0c44298fc1c149afbf4c8996fb92427ae41e4649b934ca495991b7852b855	2026-09-08T14:21:37.098Z		2.13.99	3.6.51	1.8.0_472-b09
R0240	GBP/USD	1502647200000	1502650800000	retrieval_error_hour	getTicks	1	success	not_applicable	0					0	0	e3b0c44298fc1c149afbf4c8996fb92427ae41e4649b934ca495991b7852b855	2026-09-08T14:21:37.544Z		2.13.99	3.6.51	1.8.0_472-b09
R0240	GBP/USD	1502647200000	1502650800000	retrieval_error_hour	readTicks	1	success	true	0					0	0	e3b0c44298fc1c149afbf4c8996fb92427ae41e4649b934ca495991b7852b855	2026-09-08T14:21:37.544Z		2.13.99	3.6.51	1.8.0_472-b09
R0240	GBP/USD	1502647200000	1502650800000	retrieval_error_hour	getBars	1	success	not_applicable	0					0	0	e3b0c44298fc1c149afbf4c8996fb92427ae41e4649b934ca495991b7852b855	2026-09-08T14:21:37.544Z		2.13.99	3.6.51	1.8.0_472-b09
R0241	GBP/USD	1507993200000	1507996800000	retrieval_error_hour	getTicks	1	success	not_applicable	0					0	0	e3b0c44298fc1c149afbf4c8996fb92427ae41e4649b934ca495991b7852b855	2026-09-08T14:21:38.449Z		2.13.99	3.6.51	1.8.0_472-b09
R0241	GBP/USD	1507993200000	1507996800000	retrieval_error_hour	readTicks	1	success	true	0					0	0	e3b0c44298fc1c149afbf4c8996fb92427ae41e4649b934ca495991b7852b855	2026-09-08T14:21:38.449Z		2.13.99	3.6.51	1.8.0_472-b09
R0241	GBP/USD	1507993200000	1507996800000	retrieval_error_hour	getBars	1	success	not_applicable	60	1507993200000	1.32823	1507996740000	1.32823	1	0	4c93f82cbcfb0e3844c2a4cae5a7da56e07e0e81f215267764a5b7da695cc578	2026-09-08T14:21:38.763Z		2.13.99	3.6.51	1.8.0_472-b09
R0242	GBP/USD	1508032800000	1508036400000	retrieval_error_hour	getTicks	1	success	not_applicable	0					0	0	e3b0c44298fc1c149afbf4c8996fb92427ae41e4649b934ca495991b7852b855	2026-09-08T14:21:39.252Z		2.13.99	3.6.51	1.8.0_472-b09
R0242	GBP/USD	1508032800000	1508036400000	retrieval_error_hour	readTicks	1	success	true	0					0	0	e3b0c44298fc1c149afbf4c8996fb92427ae41e4649b934ca495991b7852b855	2026-09-08T14:21:39.252Z		2.13.99	3.6.51	1.8.0_472-b09
R0242	GBP/USD	1508032800000	1508036400000	retrieval_error_hour	getBars	1	success	not_applicable	60	1508032800000	1.32823	1508036340000	1.32823	1	0	51ce8e93d3a606fb54b61d19a6f4af0515f5f986543b43f17655ff8b0128c68a	2026-09-08T14:21:39.515Z		2.13.99	3.6.51	1.8.0_472-b09
R0243	GBP/USD	1509202800000	1509206400000	retrieval_error_hour	getTicks	1	success	not_applicable	0					0	0	e3b0c44298fc1c149afbf4c8996fb92427ae41e4649b934ca495991b7852b855	2026-09-08T14:21:39.972Z		2.13.99	3.6.51	1.8.0_472-b09
R0243	GBP/USD	1509202800000	1509206400000	retrieval_error_hour	readTicks	1	success	true	0					0	0	e3b0c44298fc1c149afbf4c8996fb92427ae41e4649b934ca495991b7852b855	2026-09-08T14:21:39.973Z		2.13.99	3.6.51	1.8.0_472-b09
R0243	GBP/USD	1509202800000	1509206400000	retrieval_error_hour	getBars	1	success	not_applicable	60	1509202800000	1.31247	1509206340000	1.31247	1	0	3a759a244a0c861ee9cdcb19039d864867fa2b52994d39170ae5c6612568725d	2026-09-08T14:21:40.202Z		2.13.99	3.6.51	1.8.0_472-b09
R0244	GBP/USD	1509253200000	1509256800000	retrieval_error_hour	getTicks	1	success	not_applicable	0					0	0	e3b0c44298fc1c149afbf4c8996fb92427ae41e4649b934ca495991b7852b855	2026-09-08T14:21:40.862Z		2.13.99	3.6.51	1.8.0_472-b09
R0244	GBP/USD	1509253200000	1509256800000	retrieval_error_hour	readTicks	1	success	true	0					0	0	e3b0c44298fc1c149afbf4c8996fb92427ae41e4649b934ca495991b7852b855	2026-09-08T14:21:40.862Z		2.13.99	3.6.51	1.8.0_472-b09
R0244	GBP/USD	1509253200000	1509256800000	retrieval_error_hour	getBars	1	success	not_applicable	60	1509253200000	1.31247	1509256740000	1.31247	1	0	7d1461444502e505256d604196bea3cb661a54231384ffea7349506769776c0c	2026-09-08T14:21:41.237Z		2.13.99	3.6.51	1.8.0_472-b09
R0245	GBP/USD	1512770400000	1512774000000	retrieval_error_hour	getTicks	1	success	not_applicable	0					0	0	e3b0c44298fc1c149afbf4c8996fb92427ae41e4649b934ca495991b7852b855	2026-09-08T14:21:41.739Z		2.13.99	3.6.51	1.8.0_472-b09
R0245	GBP/USD	1512770400000	1512774000000	retrieval_error_hour	readTicks	1	success	true	0					0	0	e3b0c44298fc1c149afbf4c8996fb92427ae41e4649b934ca495991b7852b855	2026-09-08T14:21:41.740Z		2.13.99	3.6.51	1.8.0_472-b09
R0245	GBP/USD	1512770400000	1512774000000	retrieval_error_hour	getBars	1	success	not_applicable	60	1512770400000	1.33789	1512773940000	1.33789	1	0	89bf1afba93761557b48c1809ecd35b178db77850977b24c3bab47580ce1d714	2026-09-08T14:21:42Z		2.13.99	3.6.51	1.8.0_472-b09
R0246	GBP/USD	1512781200000	1512784800000	retrieval_error_hour	getTicks	1	success	not_applicable	0					0	0	e3b0c44298fc1c149afbf4c8996fb92427ae41e4649b934ca495991b7852b855	2026-09-08T14:21:42.442Z		2.13.99	3.6.51	1.8.0_472-b09
R0246	GBP/USD	1512781200000	1512784800000	retrieval_error_hour	readTicks	1	success	true	0					0	0	e3b0c44298fc1c149afbf4c8996fb92427ae41e4649b934ca495991b7852b855	2026-09-08T14:21:42.443Z		2.13.99	3.6.51	1.8.0_472-b09
R0246	GBP/USD	1512781200000	1512784800000	retrieval_error_hour	getBars	1	success	not_applicable	60	1512781200000	1.33789	1512784740000	1.33789	1	0	8e891ea85d25a21df665848af91a4b0fe26fc50afdc98ab47ec09eb72dfe05bc	2026-09-08T14:21:42.728Z		2.13.99	3.6.51	1.8.0_472-b09
R0247	GBP/USD	1512831600000	1512835200000	retrieval_error_hour	getTicks	1	success	not_applicable	0					0	0	e3b0c44298fc1c149afbf4c8996fb92427ae41e4649b934ca495991b7852b855	2026-09-08T14:21:43.338Z		2.13.99	3.6.51	1.8.0_472-b09
R0247	GBP/USD	1512831600000	1512835200000	retrieval_error_hour	readTicks	1	success	true	0					0	0	e3b0c44298fc1c149afbf4c8996fb92427ae41e4649b934ca495991b7852b855	2026-09-08T14:21:43.338Z		2.13.99	3.6.51	1.8.0_472-b09
R0247	GBP/USD	1512831600000	1512835200000	retrieval_error_hour	getBars	1	success	not_applicable	60	1512831600000	1.33789	1512835140000	1.33789	1	0	188320e76649d5f46c1ca63f6eecdbb3b02786421bffe20c11166388cc5fbd0b	2026-09-08T14:21:43.338Z		2.13.99	3.6.51	1.8.0_472-b09
R0248	GBP/USD	1512849600000	1512853200000	retrieval_error_hour	getTicks	1	success	not_applicable	0					0	0	e3b0c44298fc1c149afbf4c8996fb92427ae41e4649b934ca495991b7852b855	2026-09-08T14:21:43.980Z		2.13.99	3.6.51	1.8.0_472-b09
R0248	GBP/USD	1512849600000	1512853200000	retrieval_error_hour	readTicks	1	success	true	0					0	0	e3b0c44298fc1c149afbf4c8996fb92427ae41e4649b934ca495991b7852b855	2026-09-08T14:21:43.980Z		2.13.99	3.6.51	1.8.0_472-b09
R0248	GBP/USD	1512849600000	1512853200000	retrieval_error_hour	getBars	1	success	not_applicable	60	1512849600000	1.33789	1512853140000	1.33789	1	0	f818ca56614e61f180621e018d22490d385a04136b82d83c22c05c1b66b2d515	2026-09-08T14:21:43.980Z		2.13.99	3.6.51	1.8.0_472-b09
R0249	GBP/USD	1522476000000	1522479600000	retrieval_error_hour	getTicks	1	success	not_applicable	0					0	0	e3b0c44298fc1c149afbf4c8996fb92427ae41e4649b934ca495991b7852b855	2026-09-08T14:21:44.570Z		2.13.99	3.6.51	1.8.0_472-b09
R0249	GBP/USD	1522476000000	1522479600000	retrieval_error_hour	readTicks	1	success	true	0					0	0	e3b0c44298fc1c149afbf4c8996fb92427ae41e4649b934ca495991b7852b855	2026-09-08T14:21:44.571Z		2.13.99	3.6.51	1.8.0_472-b09
R0249	GBP/USD	1522476000000	1522479600000	retrieval_error_hour	getBars	1	success	not_applicable	60	1522476000000	1.40088	1522479540000	1.40088	1	0	aa1fb80608948683fd55932c47f86dbf148e3213362d80c3420cb83ee94c7256	2026-09-08T14:21:44.799Z		2.13.99	3.6.51	1.8.0_472-b09
R0250	GBP/USD	1522504800000	1522508400000	retrieval_error_hour	getTicks	1	success	not_applicable	0					0	0	e3b0c44298fc1c149afbf4c8996fb92427ae41e4649b934ca495991b7852b855	2026-09-08T14:21:45.347Z		2.13.99	3.6.51	1.8.0_472-b09
R0250	GBP/USD	1522504800000	1522508400000	retrieval_error_hour	readTicks	1	success	true	0					0	0	e3b0c44298fc1c149afbf4c8996fb92427ae41e4649b934ca495991b7852b855	2026-09-08T14:21:45.347Z		2.13.99	3.6.51	1.8.0_472-b09
R0250	GBP/USD	1522504800000	1522508400000	retrieval_error_hour	getBars	1	success	not_applicable	60	1522504800000	1.40088	1522508340000	1.40088	1	0	bc351ab57d87ad5d3f25179cd6151a668e5b0583c842e1fdecc8e0d06ce30ee2	2026-09-08T14:21:45.347Z		2.13.99	3.6.51	1.8.0_472-b09
R0251	GBP/USD	1522508400000	1522512000000	retrieval_error_hour	getTicks	1	success	not_applicable	0					0	0	e3b0c44298fc1c149afbf4c8996fb92427ae41e4649b934ca495991b7852b855	2026-09-08T14:21:45.616Z		2.13.99	3.6.51	1.8.0_472-b09
R0251	GBP/USD	1522508400000	1522512000000	retrieval_error_hour	readTicks	1	success	true	0					0	0	e3b0c44298fc1c149afbf4c8996fb92427ae41e4649b934ca495991b7852b855	2026-09-08T14:21:45.617Z		2.13.99	3.6.51	1.8.0_472-b09
R0251	GBP/USD	1522508400000	1522512000000	retrieval_error_hour	getBars	1	success	not_applicable	60	1522508400000	1.40088	1522511940000	1.40088	1	0	eae1f36bfeb7290a05abf48acb8bedd5d6133b557fb4dc8510be44b5940bd7cf	2026-09-08T14:21:45.617Z		2.13.99	3.6.51	1.8.0_472-b09
R0252	GBP/USD	1522519200000	1522522800000	retrieval_error_hour	getTicks	1	success	not_applicable	0					0	0	e3b0c44298fc1c149afbf4c8996fb92427ae41e4649b934ca495991b7852b855	2026-09-08T14:21:46.188Z		2.13.99	3.6.51	1.8.0_472-b09
R0252	GBP/USD	1522519200000	1522522800000	retrieval_error_hour	readTicks	1	success	true	0					0	0	e3b0c44298fc1c149afbf4c8996fb92427ae41e4649b934ca495991b7852b855	2026-09-08T14:21:46.188Z		2.13.99	3.6.51	1.8.0_472-b09
R0252	GBP/USD	1522519200000	1522522800000	retrieval_error_hour	getBars	1	success	not_applicable	60	1522519200000	1.40088	1522522740000	1.40088	1	0	535664f79ffb151b80db2fa8dc05654a31db42fe2393930e2583a9f85e410bc3	2026-09-08T14:21:46.188Z		2.13.99	3.6.51	1.8.0_472-b09
R0253	GBP/USD	1522530000000	1522533600000	retrieval_error_hour	getTicks	1	success	not_applicable	0					0	0	e3b0c44298fc1c149afbf4c8996fb92427ae41e4649b934ca495991b7852b855	2026-09-08T14:21:46.750Z		2.13.99	3.6.51	1.8.0_472-b09
R0253	GBP/USD	1522530000000	1522533600000	retrieval_error_hour	readTicks	1	success	true	0					0	0	e3b0c44298fc1c149afbf4c8996fb92427ae41e4649b934ca495991b7852b855	2026-09-08T14:21:46.750Z		2.13.99	3.6.51	1.8.0_472-b09
R0253	GBP/USD	1522530000000	1522533600000	retrieval_error_hour	getBars	1	success	not_applicable	60	1522530000000	1.40088	1522533540000	1.40088	1	0	f2a988e76cf7ff7a30b82ce50ce94d36c4a1044fd1148e53feca0df86f5be3bb	2026-09-08T14:21:46.750Z		2.13.99	3.6.51	1.8.0_472-b09
R0254	GBP/USD	1522540800000	1522544400000	retrieval_error_hour	getTicks	1	success	not_applicable	0					0	0	e3b0c44298fc1c149afbf4c8996fb92427ae41e4649b934ca495991b7852b855	2026-09-08T14:21:47.685Z		2.13.99	3.6.51	1.8.0_472-b09
R0254	GBP/USD	1522540800000	1522544400000	retrieval_error_hour	readTicks	1	success	true	0					0	0	e3b0c44298fc1c149afbf4c8996fb92427ae41e4649b934ca495991b7852b855	2026-09-08T14:21:47.686Z		2.13.99	3.6.51	1.8.0_472-b09
R0254	GBP/USD	1522540800000	1522544400000	retrieval_error_hour	getBars	1	success	not_applicable	60	1522540800000	1.40088	1522544340000	1.40088	1	0	20a575c0818583442756267cd523b42e9d40149f99456f38309c74399ae9d280	2026-09-08T14:21:47.955Z		2.13.99	3.6.51	1.8.0_472-b09
R0255	GBP/USD	1522580400000	1522584000000	retrieval_error_hour	getTicks	1	success	not_applicable	0					0	0	e3b0c44298fc1c149afbf4c8996fb92427ae41e4649b934ca495991b7852b855	2026-09-08T14:21:48.619Z		2.13.99	3.6.51	1.8.0_472-b09
R0255	GBP/USD	1522580400000	1522584000000	retrieval_error_hour	readTicks	1	success	true	0					0	0	e3b0c44298fc1c149afbf4c8996fb92427ae41e4649b934ca495991b7852b855	2026-09-08T14:21:48.620Z		2.13.99	3.6.51	1.8.0_472-b09
R0255	GBP/USD	1522580400000	1522584000000	retrieval_error_hour	getBars	1	success	not_applicable	60	1522580400000	1.40088	1522583940000	1.40088	1	0	cd5a454fe95bc39a1ff8cb34be5e00651d10270dbfc5a4d70ac23eed4a9391a1	2026-09-08T14:21:48.621Z		2.13.99	3.6.51	1.8.0_472-b09
R0256	GBP/USD	1523664000000	1523667600000	retrieval_error_hour	getTicks	1	success	not_applicable	0					0	0	e3b0c44298fc1c149afbf4c8996fb92427ae41e4649b934ca495991b7852b855	2026-09-08T14:21:49.333Z		2.13.99	3.6.51	1.8.0_472-b09
R0256	GBP/USD	1523664000000	1523667600000	retrieval_error_hour	readTicks	1	success	true	0					0	0	e3b0c44298fc1c149afbf4c8996fb92427ae41e4649b934ca495991b7852b855	2026-09-08T14:21:49.334Z		2.13.99	3.6.51	1.8.0_472-b09
R0256	GBP/USD	1523664000000	1523667600000	retrieval_error_hour	getBars	1	success	not_applicable	60	1523664000000	1.42372	1523667540000	1.42372	1	0	b1d6b4e55dbe4cb2e523853b32574a3b487fc2c026856cc57e457b0888987f6e	2026-09-08T14:21:49.674Z		2.13.99	3.6.51	1.8.0_472-b09
R0257	GBP/USD	1523678400000	1523682000000	retrieval_error_hour	getTicks	1	success	not_applicable	0					0	0	e3b0c44298fc1c149afbf4c8996fb92427ae41e4649b934ca495991b7852b855	2026-09-08T14:21:50.125Z		2.13.99	3.6.51	1.8.0_472-b09
R0257	GBP/USD	1523678400000	1523682000000	retrieval_error_hour	readTicks	1	success	true	0					0	0	e3b0c44298fc1c149afbf4c8996fb92427ae41e4649b934ca495991b7852b855	2026-09-08T14:21:50.125Z		2.13.99	3.6.51	1.8.0_472-b09
R0257	GBP/USD	1523678400000	1523682000000	retrieval_error_hour	getBars	1	success	not_applicable	60	1523678400000	1.42372	1523681940000	1.42372	1	0	ed126398a485b1dc90594b6a90a76658db74476947ed9651de3682e7eef59022	2026-09-08T14:21:50.126Z		2.13.99	3.6.51	1.8.0_472-b09
R0258	GBP/USD	1523718000000	1523721600000	retrieval_error_hour	getTicks	1	success	not_applicable	0					0	0	e3b0c44298fc1c149afbf4c8996fb92427ae41e4649b934ca495991b7852b855	2026-09-08T14:21:50.657Z		2.13.99	3.6.51	1.8.0_472-b09
R0258	GBP/USD	1523718000000	1523721600000	retrieval_error_hour	readTicks	1	success	true	0					0	0	e3b0c44298fc1c149afbf4c8996fb92427ae41e4649b934ca495991b7852b855	2026-09-08T14:21:50.657Z		2.13.99	3.6.51	1.8.0_472-b09
R0258	GBP/USD	1523718000000	1523721600000	retrieval_error_hour	getBars	1	success	not_applicable	60	1523718000000	1.42372	1523721540000	1.42372	1	0	c367061ba1bd0a716913d94f790fdb0199dbd8382209add2d18ee552419ac891	2026-09-08T14:21:50.657Z		2.13.99	3.6.51	1.8.0_472-b09
R0259	GBP/USD	1523732400000	1523736000000	retrieval_error_hour	getTicks	1	success	not_applicable	0					0	0	e3b0c44298fc1c149afbf4c8996fb92427ae41e4649b934ca495991b7852b855	2026-09-08T14:21:51.168Z		2.13.99	3.6.51	1.8.0_472-b09
R0259	GBP/USD	1523732400000	1523736000000	retrieval_error_hour	readTicks	1	success	true	0					0	0	e3b0c44298fc1c149afbf4c8996fb92427ae41e4649b934ca495991b7852b855	2026-09-08T14:21:51.168Z		2.13.99	3.6.51	1.8.0_472-b09
R0259	GBP/USD	1523732400000	1523736000000	retrieval_error_hour	getBars	1	success	not_applicable	60	1523732400000	1.42372	1523735940000	1.42372	1	0	08b489d2933cf23443004170f581ebdea169a75c912087e9e45f41c1463324c4	2026-09-08T14:21:51.169Z		2.13.99	3.6.51	1.8.0_472-b09
R0260	GBP/USD	1523750400000	1523754000000	retrieval_error_hour	getTicks	1	success	not_applicable	0					0	0	e3b0c44298fc1c149afbf4c8996fb92427ae41e4649b934ca495991b7852b855	2026-09-08T14:21:51.796Z		2.13.99	3.6.51	1.8.0_472-b09
R0260	GBP/USD	1523750400000	1523754000000	retrieval_error_hour	readTicks	1	success	true	0					0	0	e3b0c44298fc1c149afbf4c8996fb92427ae41e4649b934ca495991b7852b855	2026-09-08T14:21:51.796Z		2.13.99	3.6.51	1.8.0_472-b09
R0260	GBP/USD	1523750400000	1523754000000	retrieval_error_hour	getBars	1	success	not_applicable	60	1523750400000	1.42372	1523753940000	1.42372	1	0	7ff36f318c969614ba3e56932abd711cc29fdc1759a5188fc4860538faf13ae4	2026-09-08T14:21:52.075Z		2.13.99	3.6.51	1.8.0_472-b09
R0261	GBP/USD	1523764800000	1523768400000	retrieval_error_hour	getTicks	1	success	not_applicable	0					0	0	e3b0c44298fc1c149afbf4c8996fb92427ae41e4649b934ca495991b7852b855	2026-09-08T14:21:52.576Z		2.13.99	3.6.51	1.8.0_472-b09
R0261	GBP/USD	1523764800000	1523768400000	retrieval_error_hour	readTicks	1	success	true	0					0	0	e3b0c44298fc1c149afbf4c8996fb92427ae41e4649b934ca495991b7852b855	2026-09-08T14:21:52.576Z		2.13.99	3.6.51	1.8.0_472-b09
R0261	GBP/USD	1523764800000	1523768400000	retrieval_error_hour	getBars	1	success	not_applicable	60	1523764800000	1.42372	1523768340000	1.42372	1	0	1007c03b09df398e01f4f1b2065bea01580263779e81081d265f125b45b1b18e	2026-09-08T14:21:52.577Z		2.13.99	3.6.51	1.8.0_472-b09
R0262	GBP/USD	1523768400000	1523772000000	retrieval_error_hour	getTicks	1	success	not_applicable	0					0	0	e3b0c44298fc1c149afbf4c8996fb92427ae41e4649b934ca495991b7852b855	2026-09-08T14:21:52.829Z		2.13.99	3.6.51	1.8.0_472-b09
R0262	GBP/USD	1523768400000	1523772000000	retrieval_error_hour	readTicks	1	success	true	0					0	0	e3b0c44298fc1c149afbf4c8996fb92427ae41e4649b934ca495991b7852b855	2026-09-08T14:21:52.829Z		2.13.99	3.6.51	1.8.0_472-b09
R0262	GBP/USD	1523768400000	1523772000000	retrieval_error_hour	getBars	1	success	not_applicable	60	1523768400000	1.42372	1523771940000	1.42372	1	0	c04860109278addbdb05c7a8e2be3df561e93122a3e2fce72f677047811550c1	2026-09-08T14:21:52.829Z		2.13.99	3.6.51	1.8.0_472-b09
R0263	GBP/USD	1523772000000	1523775600000	retrieval_error_hour	getTicks	1	success	not_applicable	0					0	0	e3b0c44298fc1c149afbf4c8996fb92427ae41e4649b934ca495991b7852b855	2026-09-08T14:21:53.031Z		2.13.99	3.6.51	1.8.0_472-b09
R0263	GBP/USD	1523772000000	1523775600000	retrieval_error_hour	readTicks	1	success	true	0					0	0	e3b0c44298fc1c149afbf4c8996fb92427ae41e4649b934ca495991b7852b855	2026-09-08T14:21:53.032Z		2.13.99	3.6.51	1.8.0_472-b09
R0263	GBP/USD	1523772000000	1523775600000	retrieval_error_hour	getBars	1	success	not_applicable	60	1523772000000	1.42372	1523775540000	1.42372	1	0	fe10c548c9ef815884d4348fa18ee272e87d6479736c85dd13f9e994ec65bd04	2026-09-08T14:21:53.033Z		2.13.99	3.6.51	1.8.0_472-b09
R0264	GBP/USD	1523786400000	1523790000000	retrieval_error_hour	getTicks	1	success	not_applicable	0					0	0	e3b0c44298fc1c149afbf4c8996fb92427ae41e4649b934ca495991b7852b855	2026-09-08T14:21:53.803Z		2.13.99	3.6.51	1.8.0_472-b09
R0264	GBP/USD	1523786400000	1523790000000	retrieval_error_hour	readTicks	1	success	true	0					0	0	e3b0c44298fc1c149afbf4c8996fb92427ae41e4649b934ca495991b7852b855	2026-09-08T14:21:53.804Z		2.13.99	3.6.51	1.8.0_472-b09
R0264	GBP/USD	1523786400000	1523790000000	retrieval_error_hour	getBars	1	success	not_applicable	60	1523786400000	1.42372	1523789940000	1.42372	1	0	b2f176e401eaa12227d1994bd7765a22c3e54ff5fab880ae0d608e183cdfb045	2026-09-08T14:21:53.804Z		2.13.99	3.6.51	1.8.0_472-b09
R0265	GBP/USD	1523790000000	1523793600000	retrieval_error_hour	getTicks	1	success	not_applicable	0					0	0	e3b0c44298fc1c149afbf4c8996fb92427ae41e4649b934ca495991b7852b855	2026-09-08T14:21:54.141Z		2.13.99	3.6.51	1.8.0_472-b09
R0265	GBP/USD	1523790000000	1523793600000	retrieval_error_hour	readTicks	1	success	true	0					0	0	e3b0c44298fc1c149afbf4c8996fb92427ae41e4649b934ca495991b7852b855	2026-09-08T14:21:54.141Z		2.13.99	3.6.51	1.8.0_472-b09
R0265	GBP/USD	1523790000000	1523793600000	retrieval_error_hour	getBars	1	success	not_applicable	60	1523790000000	1.42372	1523793540000	1.42372	1	0	7bc61cc84d4bd8fbd459aac2cd5d748c09ddf5d2530b1b9cbc89e73da93fed46	2026-09-08T14:21:54.142Z		2.13.99	3.6.51	1.8.0_472-b09
R0266	GBP/USD	1523804400000	1523808000000	retrieval_error_hour	getTicks	1	success	not_applicable	0					0	0	e3b0c44298fc1c149afbf4c8996fb92427ae41e4649b934ca495991b7852b855	2026-09-08T14:21:54.585Z		2.13.99	3.6.51	1.8.0_472-b09
R0266	GBP/USD	1523804400000	1523808000000	retrieval_error_hour	readTicks	1	success	true	0					0	0	e3b0c44298fc1c149afbf4c8996fb92427ae41e4649b934ca495991b7852b855	2026-09-08T14:21:54.586Z		2.13.99	3.6.51	1.8.0_472-b09
R0266	GBP/USD	1523804400000	1523808000000	retrieval_error_hour	getBars	1	success	not_applicable	60	1523804400000	1.42372	1523807940000	1.42372	1	0	2f3d29f899c00bfe1757593bc9817a0a4319c398b9be799a71a3af87a9eb3919	2026-09-08T14:21:54.587Z		2.13.99	3.6.51	1.8.0_472-b09
R0267	GBP/USD	1526097600000	1526101200000	retrieval_error_hour	getTicks	1	success	not_applicable	0					0	0	e3b0c44298fc1c149afbf4c8996fb92427ae41e4649b934ca495991b7852b855	2026-09-08T14:21:55.112Z		2.13.99	3.6.51	1.8.0_472-b09
R0267	GBP/USD	1526097600000	1526101200000	retrieval_error_hour	readTicks	1	success	true	0					0	0	e3b0c44298fc1c149afbf4c8996fb92427ae41e4649b934ca495991b7852b855	2026-09-08T14:21:55.112Z		2.13.99	3.6.51	1.8.0_472-b09
R0267	GBP/USD	1526097600000	1526101200000	retrieval_error_hour	getBars	1	success	not_applicable	60	1526097600000	1.35407	1526101140000	1.35407	1	0	c54c615aa59229ee59a10159bf15a60e0de1748e8b13afb61710de7566d13a09	2026-09-08T14:21:55.360Z		2.13.99	3.6.51	1.8.0_472-b09
R0268	GBP/USD	1526158800000	1526162400000	retrieval_error_hour	getTicks	1	success	not_applicable	0					0	0	e3b0c44298fc1c149afbf4c8996fb92427ae41e4649b934ca495991b7852b855	2026-09-08T14:21:55.834Z		2.13.99	3.6.51	1.8.0_472-b09
R0268	GBP/USD	1526158800000	1526162400000	retrieval_error_hour	readTicks	1	success	true	0					0	0	e3b0c44298fc1c149afbf4c8996fb92427ae41e4649b934ca495991b7852b855	2026-09-08T14:21:55.835Z		2.13.99	3.6.51	1.8.0_472-b09
R0268	GBP/USD	1526158800000	1526162400000	retrieval_error_hour	getBars	1	success	not_applicable	60	1526158800000	1.35407	1526162340000	1.35407	1	0	cba2465cef1d044ab1d6550ebbfbb678f4398829ebf7b103a4fe26dd1123ab6b	2026-09-08T14:21:55.835Z		2.13.99	3.6.51	1.8.0_472-b09
R0269	GBP/USD	1526191200000	1526194800000	retrieval_error_hour	getTicks	1	success	not_applicable	0					0	0	e3b0c44298fc1c149afbf4c8996fb92427ae41e4649b934ca495991b7852b855	2026-09-08T14:21:56.387Z		2.13.99	3.6.51	1.8.0_472-b09
R0269	GBP/USD	1526191200000	1526194800000	retrieval_error_hour	readTicks	1	success	true	0					0	0	e3b0c44298fc1c149afbf4c8996fb92427ae41e4649b934ca495991b7852b855	2026-09-08T14:21:56.388Z		2.13.99	3.6.51	1.8.0_472-b09
R0269	GBP/USD	1526191200000	1526194800000	retrieval_error_hour	getBars	1	success	not_applicable	60	1526191200000	1.35407	1526194740000	1.35407	1	0	7413f9f4d769f2dbdca95982b21adf70cf2079c6f26f5f176f6ce9c916290a92	2026-09-08T14:21:56.691Z		2.13.99	3.6.51	1.8.0_472-b09
R0270	GBP/USD	1527879600000	1527883200000	retrieval_error_hour	getTicks	1	success	not_applicable	2017	1527879600079	1.3346	1527883199973	1.33483	0	0	1bab2f2159e0576b7006186474db3ba5990c387073236f34acdca870fe0053ed	2026-09-08T14:21:57.250Z		2.13.99	3.6.51	1.8.0_472-b09
R0270	GBP/USD	1527879600000	1527883200000	retrieval_error_hour	readTicks	1	success	true	2017	1527879600079	1.3346	1527883199973	1.33483	0	0	1bab2f2159e0576b7006186474db3ba5990c387073236f34acdca870fe0053ed	2026-09-08T14:21:57.255Z		2.13.99	3.6.51	1.8.0_472-b09
R0270	GBP/USD	1527879600000	1527883200000	retrieval_error_hour	getBars	1	success	not_applicable	60	1527879600000	1.3346	1527883140000	1.33463	1	0	9551973697ceabc93819ea9370e00a10906c0cc19465ea173e59f0d26694c1e5	2026-09-08T14:21:57.537Z		2.13.99	3.6.51	1.8.0_472-b09
R0271	GBP/USD	1527930000000	1527933600000	retrieval_error_hour	getTicks	1	success	not_applicable	0					0	0	e3b0c44298fc1c149afbf4c8996fb92427ae41e4649b934ca495991b7852b855	2026-09-08T14:21:58.006Z		2.13.99	3.6.51	1.8.0_472-b09
R0271	GBP/USD	1527930000000	1527933600000	retrieval_error_hour	readTicks	1	success	true	0					0	0	e3b0c44298fc1c149afbf4c8996fb92427ae41e4649b934ca495991b7852b855	2026-09-08T14:21:58.006Z		2.13.99	3.6.51	1.8.0_472-b09
R0271	GBP/USD	1527930000000	1527933600000	retrieval_error_hour	getBars	1	success	not_applicable	60	1527930000000	1.33449	1527933540000	1.33449	1	0	03e2dd79bf3d2bde162af88e18ca10c966ed80566c0d51e0efc782f92dad3293	2026-09-08T14:21:58.241Z		2.13.99	3.6.51	1.8.0_472-b09
R0272	GBP/USD	1532743200000	1532746800000	retrieval_error_hour	getTicks	1	success	not_applicable	0					0	0	e3b0c44298fc1c149afbf4c8996fb92427ae41e4649b934ca495991b7852b855	2026-09-08T14:21:58.913Z		2.13.99	3.6.51	1.8.0_472-b09
R0272	GBP/USD	1532743200000	1532746800000	retrieval_error_hour	readTicks	1	success	true	0					0	0	e3b0c44298fc1c149afbf4c8996fb92427ae41e4649b934ca495991b7852b855	2026-09-08T14:21:58.913Z		2.13.99	3.6.51	1.8.0_472-b09
R0272	GBP/USD	1532743200000	1532746800000	retrieval_error_hour	getBars	1	success	not_applicable	60	1532743200000	1.30967	1532746740000	1.30967	1	0	b4afc4dbd9910e0df5075f83d09f38182ed38cd8162d643f24c5a363b9a58117	2026-09-08T14:21:59.255Z		2.13.99	3.6.51	1.8.0_472-b09
R0273	GBP/USD	1532757600000	1532761200000	retrieval_error_hour	getTicks	1	success	not_applicable	0					0	0	e3b0c44298fc1c149afbf4c8996fb92427ae41e4649b934ca495991b7852b855	2026-09-08T14:21:59.813Z		2.13.99	3.6.51	1.8.0_472-b09
R0273	GBP/USD	1532757600000	1532761200000	retrieval_error_hour	readTicks	1	success	true	0					0	0	e3b0c44298fc1c149afbf4c8996fb92427ae41e4649b934ca495991b7852b855	2026-09-08T14:21:59.813Z		2.13.99	3.6.51	1.8.0_472-b09
R0273	GBP/USD	1532757600000	1532761200000	retrieval_error_hour	getBars	1	success	not_applicable	60	1532757600000	1.30967	1532761140000	1.30967	1	0	15849cd3efecc6363465479950fcab41480e6ac75642c8c9d27c849068deaab4	2026-09-08T14:21:59.813Z		2.13.99	3.6.51	1.8.0_472-b09
R0274	GBP/USD	1532869200000	1532872800000	retrieval_error_hour	getTicks	1	success	not_applicable	0					0	0	e3b0c44298fc1c149afbf4c8996fb92427ae41e4649b934ca495991b7852b855	2026-09-08T14:22:00.342Z		2.13.99	3.6.51	1.8.0_472-b09
R0274	GBP/USD	1532869200000	1532872800000	retrieval_error_hour	readTicks	1	success	true	0					0	0	e3b0c44298fc1c149afbf4c8996fb92427ae41e4649b934ca495991b7852b855	2026-09-08T14:22:00.343Z		2.13.99	3.6.51	1.8.0_472-b09
R0274	GBP/USD	1532869200000	1532872800000	retrieval_error_hour	getBars	1	success	not_applicable	60	1532869200000	1.30967	1532872740000	1.30967	1	0	8150494fd9ed5bedf6e10319d80128d9b13c5e6543e7c97b3ed07df3cf2120f7	2026-09-08T14:22:00.613Z		2.13.99	3.6.51	1.8.0_472-b09
R0275	GBP/USD	1533394800000	1533398400000	retrieval_error_hour	getTicks	1	success	not_applicable	0					0	0	e3b0c44298fc1c149afbf4c8996fb92427ae41e4649b934ca495991b7852b855	2026-09-08T14:22:01.166Z		2.13.99	3.6.51	1.8.0_472-b09
R0275	GBP/USD	1533394800000	1533398400000	retrieval_error_hour	readTicks	1	success	true	0					0	0	e3b0c44298fc1c149afbf4c8996fb92427ae41e4649b934ca495991b7852b855	2026-09-08T14:22:01.166Z		2.13.99	3.6.51	1.8.0_472-b09
R0275	GBP/USD	1533394800000	1533398400000	retrieval_error_hour	getBars	1	success	not_applicable	60	1533394800000	1.30011	1533398340000	1.30011	1	0	ee606705a659ba17efc7250cacf083b498010d59c40087589790da22002954de	2026-09-08T14:22:01.434Z		2.13.99	3.6.51	1.8.0_472-b09
R0276	GBP/USD	1533402000000	1533405600000	retrieval_error_hour	getTicks	1	success	not_applicable	0					0	0	e3b0c44298fc1c149afbf4c8996fb92427ae41e4649b934ca495991b7852b855	2026-09-08T14:22:01.971Z		2.13.99	3.6.51	1.8.0_472-b09
R0276	GBP/USD	1533402000000	1533405600000	retrieval_error_hour	readTicks	1	success	true	0					0	0	e3b0c44298fc1c149afbf4c8996fb92427ae41e4649b934ca495991b7852b855	2026-09-08T14:22:01.971Z		2.13.99	3.6.51	1.8.0_472-b09
R0276	GBP/USD	1533402000000	1533405600000	retrieval_error_hour	getBars	1	success	not_applicable	60	1533402000000	1.30011	1533405540000	1.30011	1	0	fccc93c32f332eb8c35c14a6feb10ee682911b47348a6a3f4012a9d0629808c9	2026-09-08T14:22:01.972Z		2.13.99	3.6.51	1.8.0_472-b09
R0277	GBP/USD	1533452400000	1533456000000	retrieval_error_hour	getTicks	1	success	not_applicable	0					0	0	e3b0c44298fc1c149afbf4c8996fb92427ae41e4649b934ca495991b7852b855	2026-09-08T14:22:02.436Z		2.13.99	3.6.51	1.8.0_472-b09
R0277	GBP/USD	1533452400000	1533456000000	retrieval_error_hour	readTicks	1	success	true	0					0	0	e3b0c44298fc1c149afbf4c8996fb92427ae41e4649b934ca495991b7852b855	2026-09-08T14:22:02.436Z		2.13.99	3.6.51	1.8.0_472-b09
R0277	GBP/USD	1533452400000	1533456000000	retrieval_error_hour	getBars	1	success	not_applicable	60	1533452400000	1.30011	1533455940000	1.30011	1	0	96afe844ef34da2bbc856ebae03728731f9806790326a17bece18806f9ad0803	2026-09-08T14:22:02.697Z		2.13.99	3.6.51	1.8.0_472-b09
R0278	GBP/USD	1533477600000	1533481200000	retrieval_error_hour	getTicks	1	success	not_applicable	0					0	0	e3b0c44298fc1c149afbf4c8996fb92427ae41e4649b934ca495991b7852b855	2026-09-08T14:22:03.139Z		2.13.99	3.6.51	1.8.0_472-b09
R0278	GBP/USD	1533477600000	1533481200000	retrieval_error_hour	readTicks	1	success	true	0					0	0	e3b0c44298fc1c149afbf4c8996fb92427ae41e4649b934ca495991b7852b855	2026-09-08T14:22:03.139Z		2.13.99	3.6.51	1.8.0_472-b09
R0278	GBP/USD	1533477600000	1533481200000	retrieval_error_hour	getBars	1	success	not_applicable	60	1533477600000	1.30011	1533481140000	1.30011	1	0	84fc8864d184d6b1224d932513ebb6af2134a8abd4f406b738af443ce0f2d93d	2026-09-08T14:22:03.139Z		2.13.99	3.6.51	1.8.0_472-b09
R0279	GBP/USD	1546070400000	1546074000000	retrieval_error_hour	getTicks	1	success	not_applicable	0					0	0	e3b0c44298fc1c149afbf4c8996fb92427ae41e4649b934ca495991b7852b855	2026-09-08T14:22:03.639Z		2.13.99	3.6.51	1.8.0_472-b09
R0279	GBP/USD	1546070400000	1546074000000	retrieval_error_hour	readTicks	1	success	true	0					0	0	e3b0c44298fc1c149afbf4c8996fb92427ae41e4649b934ca495991b7852b855	2026-09-08T14:22:03.640Z		2.13.99	3.6.51	1.8.0_472-b09
R0279	GBP/USD	1546070400000	1546074000000	retrieval_error_hour	getBars	1	success	not_applicable	60	1546070400000	1.26943	1546073940000	1.26943	1	0	339e7db343b3e4f78a9f0471f780dcec72ec7abbb268d32d3a6818e30b8d6231	2026-09-08T14:22:03.954Z		2.13.99	3.6.51	1.8.0_472-b09
R0280	GBP/USD	1546074000000	1546077600000	retrieval_error_hour	getTicks	1	success	not_applicable	0					0	0	e3b0c44298fc1c149afbf4c8996fb92427ae41e4649b934ca495991b7852b855	2026-09-08T14:22:04.197Z		2.13.99	3.6.51	1.8.0_472-b09
R0280	GBP/USD	1546074000000	1546077600000	retrieval_error_hour	readTicks	1	success	true	0					0	0	e3b0c44298fc1c149afbf4c8996fb92427ae41e4649b934ca495991b7852b855	2026-09-08T14:22:04.197Z		2.13.99	3.6.51	1.8.0_472-b09
R0280	GBP/USD	1546074000000	1546077600000	retrieval_error_hour	getBars	1	success	not_applicable	60	1546074000000	1.26943	1546077540000	1.26943	1	0	8e1140e69bfd90f3a6a1e4f534cda16a9a17e8ca56cd9206b0bb28accb6a1347	2026-09-08T14:22:04.198Z		2.13.99	3.6.51	1.8.0_472-b09
R0281	GBP/USD	1546095600000	1546099200000	retrieval_error_hour	getTicks	1	success	not_applicable	0					0	0	e3b0c44298fc1c149afbf4c8996fb92427ae41e4649b934ca495991b7852b855	2026-09-08T14:22:45.313Z		2.13.99	3.6.51	1.8.0_472-b09
R0281	GBP/USD	1546095600000	1546099200000	retrieval_error_hour	readTicks	1	success	true	0					0	0	e3b0c44298fc1c149afbf4c8996fb92427ae41e4649b934ca495991b7852b855	2026-09-08T14:22:45.313Z		2.13.99	3.6.51	1.8.0_472-b09
R0281	GBP/USD	1546095600000	1546099200000	retrieval_error_hour	getBars	1	success	not_applicable	60	1546095600000	1.26943	1546099140000	1.26943	1	0	f7d1876b381c28331aa1573c39b7e3f688c243597f24e708a35a5ae0e3396387	2026-09-08T14:22:45.313Z		2.13.99	3.6.51	1.8.0_472-b09
R0282	GBP/USD	1546174800000	1546178400000	retrieval_error_hour	getTicks	1	success	not_applicable	0					0	0	e3b0c44298fc1c149afbf4c8996fb92427ae41e4649b934ca495991b7852b855	2026-09-08T14:23:31.324Z		2.13.99	3.6.51	1.8.0_472-b09
R0282	GBP/USD	1546174800000	1546178400000	retrieval_error_hour	readTicks	1	success	true	0					0	0	e3b0c44298fc1c149afbf4c8996fb92427ae41e4649b934ca495991b7852b855	2026-09-08T14:23:31.324Z		2.13.99	3.6.51	1.8.0_472-b09
R0282	GBP/USD	1546174800000	1546178400000	retrieval_error_hour	getBars	1	success	not_applicable	60	1546174800000	1.26943	1546178340000	1.26943	1	0	30ffc1a78411c62a930935a21850e86b23b384e63eeae1531c7b1259a08a96af	2026-09-08T14:23:31.582Z		2.13.99	3.6.51	1.8.0_472-b09
R0283	GBP/USD	1546178400000	1546182000000	retrieval_error_hour	getTicks	1	success	not_applicable	0					0	0	e3b0c44298fc1c149afbf4c8996fb92427ae41e4649b934ca495991b7852b855	2026-09-08T14:23:31.855Z		2.13.99	3.6.51	1.8.0_472-b09
R0283	GBP/USD	1546178400000	1546182000000	retrieval_error_hour	readTicks	1	success	true	0					0	0	e3b0c44298fc1c149afbf4c8996fb92427ae41e4649b934ca495991b7852b855	2026-09-08T14:23:31.856Z		2.13.99	3.6.51	1.8.0_472-b09
R0283	GBP/USD	1546178400000	1546182000000	retrieval_error_hour	getBars	1	success	not_applicable	60	1546178400000	1.26943	1546181940000	1.26943	1	0	8b03360f8ece5d5a3198d5b664eb3dce38e07a6870882a8a5eb54448a44e2236	2026-09-08T14:23:31.856Z		2.13.99	3.6.51	1.8.0_472-b09
R0284	GBP/USD	1546182000000	1546185600000	retrieval_error_hour	getTicks	1	success	not_applicable	0					0	0	e3b0c44298fc1c149afbf4c8996fb92427ae41e4649b934ca495991b7852b855	2026-09-08T14:23:32.167Z		2.13.99	3.6.51	1.8.0_472-b09
R0284	GBP/USD	1546182000000	1546185600000	retrieval_error_hour	readTicks	1	success	true	0					0	0	e3b0c44298fc1c149afbf4c8996fb92427ae41e4649b934ca495991b7852b855	2026-09-08T14:23:32.167Z		2.13.99	3.6.51	1.8.0_472-b09
R0284	GBP/USD	1546182000000	1546185600000	retrieval_error_hour	getBars	1	success	not_applicable	60	1546182000000	1.26943	1546185540000	1.26943	1	0	2b8921bda28de655db693ddadaa19f17df0d0a2edbb7c5b5a5277220795c3ebe	2026-09-08T14:23:32.167Z		2.13.99	3.6.51	1.8.0_472-b09
R0285	GBP/USD	1546696800000	1546700400000	retrieval_error_hour	getTicks	1	success	not_applicable	0					0	0	e3b0c44298fc1c149afbf4c8996fb92427ae41e4649b934ca495991b7852b855	2026-09-08T14:23:32.632Z		2.13.99	3.6.51	1.8.0_472-b09
R0285	GBP/USD	1546696800000	1546700400000	retrieval_error_hour	readTicks	1	success	true	0					0	0	e3b0c44298fc1c149afbf4c8996fb92427ae41e4649b934ca495991b7852b855	2026-09-08T14:23:32.633Z		2.13.99	3.6.51	1.8.0_472-b09
R0285	GBP/USD	1546696800000	1546700400000	retrieval_error_hour	getBars	1	success	not_applicable	60	1546696800000	1.2717	1546700340000	1.2717	1	0	1c831efcff4c1881054ec7368b40e3e803444cf268d626acd90bf849e1bcfbcb	2026-09-08T14:23:32.873Z		2.13.99	3.6.51	1.8.0_472-b09
R0286	GBP/USD	1546772400000	1546776000000	retrieval_error_hour	getTicks	1	success	not_applicable	0					0	0	e3b0c44298fc1c149afbf4c8996fb92427ae41e4649b934ca495991b7852b855	2026-09-08T14:23:33.514Z		2.13.99	3.6.51	1.8.0_472-b09
R0286	GBP/USD	1546772400000	1546776000000	retrieval_error_hour	readTicks	1	success	true	0					0	0	e3b0c44298fc1c149afbf4c8996fb92427ae41e4649b934ca495991b7852b855	2026-09-08T14:23:33.515Z		2.13.99	3.6.51	1.8.0_472-b09
R0286	GBP/USD	1546772400000	1546776000000	retrieval_error_hour	getBars	1	success	not_applicable	60	1546772400000	1.2717	1546775940000	1.2717	1	0	2b1f4f271bd25bb92d9b28e36fadd6fe77c683cfd6ec9da7d8b213875edc2521	2026-09-08T14:23:33.852Z		2.13.99	3.6.51	1.8.0_472-b09
R0287	GBP/USD	1549756800000	1549760400000	retrieval_error_hour	getTicks	1	success	not_applicable	0					0	0	e3b0c44298fc1c149afbf4c8996fb92427ae41e4649b934ca495991b7852b855	2026-09-08T14:23:34.442Z		2.13.99	3.6.51	1.8.0_472-b09
R0287	GBP/USD	1549756800000	1549760400000	retrieval_error_hour	readTicks	1	success	true	0					0	0	e3b0c44298fc1c149afbf4c8996fb92427ae41e4649b934ca495991b7852b855	2026-09-08T14:23:34.442Z		2.13.99	3.6.51	1.8.0_472-b09
R0287	GBP/USD	1549756800000	1549760400000	retrieval_error_hour	getBars	1	success	not_applicable	60	1549756800000	1.29441	1549760340000	1.29441	1	0	23ed631617b76c06114d94c5a8bde41e5c9ba67e30b9e726496ae19886789624	2026-09-08T14:23:34.670Z		2.13.99	3.6.51	1.8.0_472-b09
R0288	GBP/USD	1555790400000	1555794000000	retrieval_error_hour	getTicks	1	success	not_applicable	0					0	0	e3b0c44298fc1c149afbf4c8996fb92427ae41e4649b934ca495991b7852b855	2026-09-08T14:23:35.166Z		2.13.99	3.6.51	1.8.0_472-b09
R0288	GBP/USD	1555790400000	1555794000000	retrieval_error_hour	readTicks	1	success	true	0					0	0	e3b0c44298fc1c149afbf4c8996fb92427ae41e4649b934ca495991b7852b855	2026-09-08T14:23:35.166Z		2.13.99	3.6.51	1.8.0_472-b09
R0288	GBP/USD	1555790400000	1555794000000	retrieval_error_hour	getBars	1	success	not_applicable	60	1555790400000	1.29815	1555793940000	1.29815	1	0	478894f32a82dbe88b1c00c12ae47f95f1c7479ff478bfb21336ee2c0d127404	2026-09-08T14:23:35.445Z		2.13.99	3.6.51	1.8.0_472-b09
R0289	GBP/USD	1556391600000	1556395200000	retrieval_error_hour	getTicks	1	success	not_applicable	0					0	0	e3b0c44298fc1c149afbf4c8996fb92427ae41e4649b934ca495991b7852b855	2026-09-08T14:23:36.143Z		2.13.99	3.6.51	1.8.0_472-b09
R0289	GBP/USD	1556391600000	1556395200000	retrieval_error_hour	readTicks	1	success	true	0					0	0	e3b0c44298fc1c149afbf4c8996fb92427ae41e4649b934ca495991b7852b855	2026-09-08T14:23:36.143Z		2.13.99	3.6.51	1.8.0_472-b09
R0289	GBP/USD	1556391600000	1556395200000	retrieval_error_hour	getBars	1	success	not_applicable	60	1556391600000	1.29106	1556395140000	1.29106	1	0	a84e663c74a1febdffd5165e207f1fd4d451fd57818194d6a2e8eab717cfaf6a	2026-09-08T14:23:36.404Z		2.13.99	3.6.51	1.8.0_472-b09
R0290	GBP/USD	1556395200000	1556398800000	retrieval_error_hour	getTicks	1	success	not_applicable	0					0	0	e3b0c44298fc1c149afbf4c8996fb92427ae41e4649b934ca495991b7852b855	2026-09-08T14:23:36.647Z		2.13.99	3.6.51	1.8.0_472-b09
R0290	GBP/USD	1556395200000	1556398800000	retrieval_error_hour	readTicks	1	success	true	0					0	0	e3b0c44298fc1c149afbf4c8996fb92427ae41e4649b934ca495991b7852b855	2026-09-08T14:23:36.648Z		2.13.99	3.6.51	1.8.0_472-b09
R0290	GBP/USD	1556395200000	1556398800000	retrieval_error_hour	getBars	1	success	not_applicable	60	1556395200000	1.29106	1556398740000	1.29106	1	0	10a903e3d3482d35251c18843d768af47fe54ddcfb3cabac3bb41cb08e7752cb	2026-09-08T14:23:36.649Z		2.13.99	3.6.51	1.8.0_472-b09
R0291	GBP/USD	1556463600000	1556467200000	retrieval_error_hour	getTicks	1	success	not_applicable	0					0	0	e3b0c44298fc1c149afbf4c8996fb92427ae41e4649b934ca495991b7852b855	2026-09-08T14:23:37.206Z		2.13.99	3.6.51	1.8.0_472-b09
R0291	GBP/USD	1556463600000	1556467200000	retrieval_error_hour	readTicks	1	success	true	0					0	0	e3b0c44298fc1c149afbf4c8996fb92427ae41e4649b934ca495991b7852b855	2026-09-08T14:23:37.206Z		2.13.99	3.6.51	1.8.0_472-b09
R0291	GBP/USD	1556463600000	1556467200000	retrieval_error_hour	getBars	1	success	not_applicable	60	1556463600000	1.29106	1556467140000	1.29106	1	0	f2b8bcdc6cdb6d89768a0a56c6f5feb67c5a42c765198b4e06272c24b488a913	2026-09-08T14:23:37.438Z		2.13.99	3.6.51	1.8.0_472-b09
R0292	GBP/USD	1556474400000	1556478000000	retrieval_error_hour	getTicks	1	success	not_applicable	0					0	0	e3b0c44298fc1c149afbf4c8996fb92427ae41e4649b934ca495991b7852b855	2026-09-08T14:23:37.947Z		2.13.99	3.6.51	1.8.0_472-b09
R0292	GBP/USD	1556474400000	1556478000000	retrieval_error_hour	readTicks	1	success	true	0					0	0	e3b0c44298fc1c149afbf4c8996fb92427ae41e4649b934ca495991b7852b855	2026-09-08T14:23:37.948Z		2.13.99	3.6.51	1.8.0_472-b09
R0292	GBP/USD	1556474400000	1556478000000	retrieval_error_hour	getBars	1	success	not_applicable	60	1556474400000	1.29106	1556477940000	1.29106	1	0	418919c26aa1a088dfb630f4a05279453a78a1fa4e758d997cea8b6de2693fb8	2026-09-08T14:23:37.948Z		2.13.99	3.6.51	1.8.0_472-b09
R0293	GBP/USD	1558130400000	1558134000000	retrieval_error_hour	getTicks	1	success	not_applicable	0					0	0	e3b0c44298fc1c149afbf4c8996fb92427ae41e4649b934ca495991b7852b855	2026-09-08T14:23:38.448Z		2.13.99	3.6.51	1.8.0_472-b09
R0293	GBP/USD	1558130400000	1558134000000	retrieval_error_hour	readTicks	1	success	true	0					0	0	e3b0c44298fc1c149afbf4c8996fb92427ae41e4649b934ca495991b7852b855	2026-09-08T14:23:38.448Z		2.13.99	3.6.51	1.8.0_472-b09
R0293	GBP/USD	1558130400000	1558134000000	retrieval_error_hour	getBars	1	success	not_applicable	60	1558130400000	1.2715	1558133940000	1.2715	1	0	55bd165c551a3eb429a11ec24e596aeeadf04dde84905fa11c2839e470d0d4b0	2026-09-08T14:23:38.740Z		2.13.99	3.6.51	1.8.0_472-b09
R0294	GBP/USD	1558177200000	1558180800000	retrieval_error_hour	getTicks	1	success	not_applicable	0					0	0	e3b0c44298fc1c149afbf4c8996fb92427ae41e4649b934ca495991b7852b855	2026-09-08T14:23:39.569Z		2.13.99	3.6.51	1.8.0_472-b09
R0294	GBP/USD	1558177200000	1558180800000	retrieval_error_hour	readTicks	1	success	true	0					0	0	e3b0c44298fc1c149afbf4c8996fb92427ae41e4649b934ca495991b7852b855	2026-09-08T14:23:39.570Z		2.13.99	3.6.51	1.8.0_472-b09
R0294	GBP/USD	1558177200000	1558180800000	retrieval_error_hour	getBars	1	success	not_applicable	60	1558177200000	1.2715	1558180740000	1.2715	1	0	08dab05611f54c4b3b2fb7de702ca8039543a6915f38721c4654fd9e4f2366d9	2026-09-08T14:23:39.928Z		2.13.99	3.6.51	1.8.0_472-b09
R0295	GBP/USD	1559934000000	1559937600000	retrieval_error_hour	getTicks	1	success	not_applicable	2468	1559934000161	1.27404	1559937599468	1.2734	0	0	631f2f8cb8564c97d33949e5b0d1fcdb2864b0d44e8dc18c84695a727d9f3fc2	2026-09-08T14:23:40.465Z		2.13.99	3.6.51	1.8.0_472-b09
R0295	GBP/USD	1559934000000	1559937600000	retrieval_error_hour	readTicks	1	success	true	2468	1559934000161	1.27404	1559937599468	1.2734	0	0	631f2f8cb8564c97d33949e5b0d1fcdb2864b0d44e8dc18c84695a727d9f3fc2	2026-09-08T14:23:40.471Z		2.13.99	3.6.51	1.8.0_472-b09
R0295	GBP/USD	1559934000000	1559937600000	retrieval_error_hour	getBars	1	success	not_applicable	60	1559934000000	1.27404	1559937540000	1.2734	1	0	345ae82e91342add08d7380f5036463695db02dcf2bdde29827fd0025d13875b	2026-09-08T14:23:40.855Z		2.13.99	3.6.51	1.8.0_472-b09
R0296	GBP/USD	1560074400000	1560078000000	retrieval_error_hour	getTicks	1	success	not_applicable	0					0	0	e3b0c44298fc1c149afbf4c8996fb92427ae41e4649b934ca495991b7852b855	2026-09-08T14:23:41.752Z		2.13.99	3.6.51	1.8.0_472-b09
R0296	GBP/USD	1560074400000	1560078000000	retrieval_error_hour	readTicks	1	success	true	0					0	0	e3b0c44298fc1c149afbf4c8996fb92427ae41e4649b934ca495991b7852b855	2026-09-08T14:23:41.753Z		2.13.99	3.6.51	1.8.0_472-b09
R0296	GBP/USD	1560074400000	1560078000000	retrieval_error_hour	getBars	1	success	not_applicable	60	1560074400000	1.27354	1560077940000	1.27354	1	0	1c4600c991c371785a24eed427b431f5e82a94d1c3ad6769e0faf419e269359c	2026-09-08T14:23:42.025Z		2.13.99	3.6.51	1.8.0_472-b09
R0297	GBP/USD	1560078000000	1560081600000	retrieval_error_hour	getTicks	1	success	not_applicable	0					0	0	e3b0c44298fc1c149afbf4c8996fb92427ae41e4649b934ca495991b7852b855	2026-09-08T14:23:42.237Z		2.13.99	3.6.51	1.8.0_472-b09
R0297	GBP/USD	1560078000000	1560081600000	retrieval_error_hour	readTicks	1	success	true	0					0	0	e3b0c44298fc1c149afbf4c8996fb92427ae41e4649b934ca495991b7852b855	2026-09-08T14:23:42.238Z		2.13.99	3.6.51	1.8.0_472-b09
R0297	GBP/USD	1560078000000	1560081600000	retrieval_error_hour	getBars	1	success	not_applicable	60	1560078000000	1.27354	1560081540000	1.27354	1	0	01292ac13521f544527cba5f453c2daa9697d7f12d003cdafe6e0eb0b12371d4	2026-09-08T14:23:42.238Z		2.13.99	3.6.51	1.8.0_472-b09
R0298	GBP/USD	1560081600000	1560085200000	retrieval_error_hour	getTicks	1	success	not_applicable	0					0	0	e3b0c44298fc1c149afbf4c8996fb92427ae41e4649b934ca495991b7852b855	2026-09-08T14:23:42.461Z		2.13.99	3.6.51	1.8.0_472-b09
R0298	GBP/USD	1560081600000	1560085200000	retrieval_error_hour	readTicks	1	success	true	0					0	0	e3b0c44298fc1c149afbf4c8996fb92427ae41e4649b934ca495991b7852b855	2026-09-08T14:23:42.462Z		2.13.99	3.6.51	1.8.0_472-b09
R0298	GBP/USD	1560081600000	1560085200000	retrieval_error_hour	getBars	1	success	not_applicable	60	1560081600000	1.27354	1560085140000	1.27354	1	0	04bdc8fb5db03805bc395f36eabe41df8fc34308ceddc8c95fa01ed2c46bcb27	2026-09-08T14:23:42.462Z		2.13.99	3.6.51	1.8.0_472-b09
R0299	GBP/USD	1560085200000	1560088800000	retrieval_error_hour	getTicks	1	success	not_applicable	0					0	0	e3b0c44298fc1c149afbf4c8996fb92427ae41e4649b934ca495991b7852b855	2026-09-08T14:23:42.733Z		2.13.99	3.6.51	1.8.0_472-b09
R0299	GBP/USD	1560085200000	1560088800000	retrieval_error_hour	readTicks	1	success	true	0					0	0	e3b0c44298fc1c149afbf4c8996fb92427ae41e4649b934ca495991b7852b855	2026-09-08T14:23:42.734Z		2.13.99	3.6.51	1.8.0_472-b09
R0299	GBP/USD	1560085200000	1560088800000	retrieval_error_hour	getBars	1	success	not_applicable	60	1560085200000	1.27354	1560088740000	1.27354	1	0	25402b6dc12effff9b29a650204fc57947cdb64c4bfff599923d8d31dc5ac9c3	2026-09-08T14:23:42.734Z		2.13.99	3.6.51	1.8.0_472-b09
R0300	GBP/USD	1560088800000	1560092400000	retrieval_error_hour	getTicks	1	success	not_applicable	0					0	0	e3b0c44298fc1c149afbf4c8996fb92427ae41e4649b934ca495991b7852b855	2026-09-08T14:23:42.998Z		2.13.99	3.6.51	1.8.0_472-b09
R0300	GBP/USD	1560088800000	1560092400000	retrieval_error_hour	readTicks	1	success	true	0					0	0	e3b0c44298fc1c149afbf4c8996fb92427ae41e4649b934ca495991b7852b855	2026-09-08T14:23:42.998Z		2.13.99	3.6.51	1.8.0_472-b09
R0300	GBP/USD	1560088800000	1560092400000	retrieval_error_hour	getBars	1	success	not_applicable	60	1560088800000	1.27354	1560092340000	1.27354	1	0	fdc3c16d3dade4a77b21b33c231e3cf31a48a13a161a7fc167540260b3334c28	2026-09-08T14:23:42.999Z		2.13.99	3.6.51	1.8.0_472-b09
R0301	GBP/USD	1560092400000	1560096000000	retrieval_error_hour	getTicks	1	success	not_applicable	0					0	0	e3b0c44298fc1c149afbf4c8996fb92427ae41e4649b934ca495991b7852b855	2026-09-08T14:23:43.419Z		2.13.99	3.6.51	1.8.0_472-b09
R0301	GBP/USD	1560092400000	1560096000000	retrieval_error_hour	readTicks	1	success	true	0					0	0	e3b0c44298fc1c149afbf4c8996fb92427ae41e4649b934ca495991b7852b855	2026-09-08T14:23:43.420Z		2.13.99	3.6.51	1.8.0_472-b09
R0301	GBP/USD	1560092400000	1560096000000	retrieval_error_hour	getBars	1	success	not_applicable	60	1560092400000	1.27354	1560095940000	1.27354	1	0	99ab47782cb4df27d8de1fb47a745a9647cfb8b22931c9574369afaf6902c8c1	2026-09-08T14:23:43.420Z		2.13.99	3.6.51	1.8.0_472-b09
R0302	GBP/USD	1563084000000	1563087600000	retrieval_error_hour	getTicks	1	success	not_applicable	0					0	0	e3b0c44298fc1c149afbf4c8996fb92427ae41e4649b934ca495991b7852b855	2026-09-08T14:23:44.266Z		2.13.99	3.6.51	1.8.0_472-b09
R0302	GBP/USD	1563084000000	1563087600000	retrieval_error_hour	readTicks	1	success	true	0					0	0	e3b0c44298fc1c149afbf4c8996fb92427ae41e4649b934ca495991b7852b855	2026-09-08T14:23:44.266Z		2.13.99	3.6.51	1.8.0_472-b09
R0302	GBP/USD	1563084000000	1563087600000	retrieval_error_hour	getBars	1	success	not_applicable	60	1563084000000	1.25705	1563087540000	1.25705	1	0	07b12a1852e5944a0fe1bae341b29147ff8c82f8a7bce70a35f51c4ec646d622	2026-09-08T14:23:44.609Z		2.13.99	3.6.51	1.8.0_472-b09
R0303	GBP/USD	1563091200000	1563094800000	retrieval_error_hour	getTicks	1	success	not_applicable	0					0	0	e3b0c44298fc1c149afbf4c8996fb92427ae41e4649b934ca495991b7852b855	2026-09-08T14:23:45.094Z		2.13.99	3.6.51	1.8.0_472-b09
R0303	GBP/USD	1563091200000	1563094800000	retrieval_error_hour	readTicks	1	success	true	0					0	0	e3b0c44298fc1c149afbf4c8996fb92427ae41e4649b934ca495991b7852b855	2026-09-08T14:23:45.094Z		2.13.99	3.6.51	1.8.0_472-b09
R0303	GBP/USD	1563091200000	1563094800000	retrieval_error_hour	getBars	1	success	not_applicable	60	1563091200000	1.25705	1563094740000	1.25705	1	0	e2456060f8ebb05f5586675fc4e1cfc20f591cc8acf6444799605566fd1bd723	2026-09-08T14:23:45.095Z		2.13.99	3.6.51	1.8.0_472-b09
R0304	GBP/USD	1563094800000	1563098400000	retrieval_error_hour	getTicks	1	success	not_applicable	0					0	0	e3b0c44298fc1c149afbf4c8996fb92427ae41e4649b934ca495991b7852b855	2026-09-08T14:23:45.314Z		2.13.99	3.6.51	1.8.0_472-b09
R0304	GBP/USD	1563094800000	1563098400000	retrieval_error_hour	readTicks	1	success	true	0					0	0	e3b0c44298fc1c149afbf4c8996fb92427ae41e4649b934ca495991b7852b855	2026-09-08T14:23:45.314Z		2.13.99	3.6.51	1.8.0_472-b09
R0304	GBP/USD	1563094800000	1563098400000	retrieval_error_hour	getBars	1	success	not_applicable	60	1563094800000	1.25705	1563098340000	1.25705	1	0	74e27eab078c704917a07971e5348d538e2ed1fa776c94d02c70c7301a6c91d2	2026-09-08T14:23:45.314Z		2.13.99	3.6.51	1.8.0_472-b09
R0305	GBP/USD	1563102000000	1563105600000	retrieval_error_hour	getTicks	1	success	not_applicable	0					0	0	e3b0c44298fc1c149afbf4c8996fb92427ae41e4649b934ca495991b7852b855	2026-09-08T14:23:45.839Z		2.13.99	3.6.51	1.8.0_472-b09
R0305	GBP/USD	1563102000000	1563105600000	retrieval_error_hour	readTicks	1	success	true	0					0	0	e3b0c44298fc1c149afbf4c8996fb92427ae41e4649b934ca495991b7852b855	2026-09-08T14:23:45.839Z		2.13.99	3.6.51	1.8.0_472-b09
R0305	GBP/USD	1563102000000	1563105600000	retrieval_error_hour	getBars	1	success	not_applicable	60	1563102000000	1.25705	1563105540000	1.25705	1	0	c00d8acd0e45c83edd97cb6448b039fa32a1c8e84a515f4c7276c7b823ad7a7d	2026-09-08T14:23:45.840Z		2.13.99	3.6.51	1.8.0_472-b09
R0306	GBP/USD	1563112800000	1563116400000	retrieval_error_hour	getTicks	1	success	not_applicable	0					0	0	e3b0c44298fc1c149afbf4c8996fb92427ae41e4649b934ca495991b7852b855	2026-09-08T14:23:46.433Z		2.13.99	3.6.51	1.8.0_472-b09
R0306	GBP/USD	1563112800000	1563116400000	retrieval_error_hour	readTicks	1	success	true	0					0	0	e3b0c44298fc1c149afbf4c8996fb92427ae41e4649b934ca495991b7852b855	2026-09-08T14:23:46.433Z		2.13.99	3.6.51	1.8.0_472-b09
R0306	GBP/USD	1563112800000	1563116400000	retrieval_error_hour	getBars	1	success	not_applicable	60	1563112800000	1.25705	1563116340000	1.25705	1	0	3ad77585460c4d830b8e1390a31f4a3933910bb9828ac0e24806664ff4734b5d	2026-09-08T14:23:46.434Z		2.13.99	3.6.51	1.8.0_472-b09
R0307	GBP/USD	1563127200000	1563130800000	retrieval_error_hour	getTicks	1	success	not_applicable	0					0	0	e3b0c44298fc1c149afbf4c8996fb92427ae41e4649b934ca495991b7852b855	2026-09-08T14:23:46.926Z		2.13.99	3.6.51	1.8.0_472-b09
R0307	GBP/USD	1563127200000	1563130800000	retrieval_error_hour	readTicks	1	success	true	0					0	0	e3b0c44298fc1c149afbf4c8996fb92427ae41e4649b934ca495991b7852b855	2026-09-08T14:23:46.926Z		2.13.99	3.6.51	1.8.0_472-b09
R0307	GBP/USD	1563127200000	1563130800000	retrieval_error_hour	getBars	1	success	not_applicable	60	1563127200000	1.25705	1563130740000	1.25705	1	0	9defd1d94748f6ca489f2fba6423fe522808d80845178611a86d87303a1dfca6	2026-09-08T14:23:46.927Z		2.13.99	3.6.51	1.8.0_472-b09
R0308	GBP/USD	1563130800000	1563134400000	retrieval_error_hour	getTicks	1	success	not_applicable	0					0	0	e3b0c44298fc1c149afbf4c8996fb92427ae41e4649b934ca495991b7852b855	2026-09-08T14:23:47.238Z		2.13.99	3.6.51	1.8.0_472-b09
R0308	GBP/USD	1563130800000	1563134400000	retrieval_error_hour	readTicks	1	success	true	0					0	0	e3b0c44298fc1c149afbf4c8996fb92427ae41e4649b934ca495991b7852b855	2026-09-08T14:23:47.239Z		2.13.99	3.6.51	1.8.0_472-b09
R0308	GBP/USD	1563130800000	1563134400000	retrieval_error_hour	getBars	1	success	not_applicable	60	1563130800000	1.25705	1563134340000	1.25705	1	0	efafac947f59e65b83825f52ab2e46ad8d9eee3a44af391d0e8c81b17f139ba8	2026-09-08T14:23:47.239Z		2.13.99	3.6.51	1.8.0_472-b09
R0309	GBP/USD	1563134400000	1563138000000	retrieval_error_hour	getTicks	1	success	not_applicable	0					0	0	e3b0c44298fc1c149afbf4c8996fb92427ae41e4649b934ca495991b7852b855	2026-09-08T14:23:47.501Z		2.13.99	3.6.51	1.8.0_472-b09
R0309	GBP/USD	1563134400000	1563138000000	retrieval_error_hour	readTicks	1	success	true	0					0	0	e3b0c44298fc1c149afbf4c8996fb92427ae41e4649b934ca495991b7852b855	2026-09-08T14:23:47.501Z		2.13.99	3.6.51	1.8.0_472-b09
R0309	GBP/USD	1563134400000	1563138000000	retrieval_error_hour	getBars	1	success	not_applicable	60	1563134400000	1.25705	1563137940000	1.25705	1	0	16ec5d2f6dea2e5a4d042600b67411928ea9eb7e2c45110f9b0e03c2b5766235	2026-09-08T14:23:47.502Z		2.13.99	3.6.51	1.8.0_472-b09
R0310	GBP/USD	1563562800000	1563566400000	retrieval_error_hour	getTicks	1	success	not_applicable	3229	1563562800080	1.24988	1563566399738	1.25003	0	0	d05378f6b8517b8c73548240d92e908be8158bcff595f2ea9e8969e8710c061e	2026-09-08T14:23:48.034Z		2.13.99	3.6.51	1.8.0_472-b09
R0310	GBP/USD	1563562800000	1563566400000	retrieval_error_hour	readTicks	1	success	true	3229	1563562800080	1.24988	1563566399738	1.25003	0	0	d05378f6b8517b8c73548240d92e908be8158bcff595f2ea9e8969e8710c061e	2026-09-08T14:23:48.042Z		2.13.99	3.6.51	1.8.0_472-b09
R0310	GBP/USD	1563562800000	1563566400000	retrieval_error_hour	getBars	1	success	not_applicable	60	1563562800000	1.24988	1563566340000	1.24981	1	0	dfc31ff727e12ac823820f47732907e59044c238bd441a70674c2741ba306b5f	2026-09-08T14:23:48.306Z		2.13.99	3.6.51	1.8.0_472-b09
R0311	GBP/USD	1563566400000	1563570000000	retrieval_error_hour	getTicks	1	success	not_applicable	1375	1563566400056	1.25003	1563569996040	1.24972	0	0	acf4016242a0b2ce036d6975ea350f33223e01b0f7794641992d56862421791c	2026-09-08T14:23:48.565Z		2.13.99	3.6.51	1.8.0_472-b09
R0311	GBP/USD	1563566400000	1563570000000	retrieval_error_hour	readTicks	1	success	true	1375	1563566400056	1.25003	1563569996040	1.24972	0	0	acf4016242a0b2ce036d6975ea350f33223e01b0f7794641992d56862421791c	2026-09-08T14:23:48.569Z		2.13.99	3.6.51	1.8.0_472-b09
R0311	GBP/USD	1563566400000	1563570000000	retrieval_error_hour	getBars	1	success	not_applicable	60	1563566400000	1.25003	1563569940000	1.24986	1	0	9ccb413a30977427c042f2416cea50c9b733fafcb43be3f8dce6c45f03416354	2026-09-08T14:23:48.570Z		2.13.99	3.6.51	1.8.0_472-b09
R0312	GBP/USD	1563570000000	1563573600000	retrieval_error_hour	getTicks	1	success	not_applicable	0					0	0	e3b0c44298fc1c149afbf4c8996fb92427ae41e4649b934ca495991b7852b855	2026-09-08T14:23:48.819Z		2.13.99	3.6.51	1.8.0_472-b09
R0312	GBP/USD	1563570000000	1563573600000	retrieval_error_hour	readTicks	1	success	true	0					0	0	e3b0c44298fc1c149afbf4c8996fb92427ae41e4649b934ca495991b7852b855	2026-09-08T14:23:48.819Z		2.13.99	3.6.51	1.8.0_472-b09
R0312	GBP/USD	1563570000000	1563573600000	retrieval_error_hour	getBars	1	success	not_applicable	60	1563570000000	1.24972	1563573540000	1.24972	1	0	47bbb304d04fed86a7c08effd692a93ed457e3c75ff6e8796c90bb27be20f591	2026-09-08T14:23:48.820Z		2.13.99	3.6.51	1.8.0_472-b09
R0313	GBP/USD	1563577200000	1563580800000	retrieval_error_hour	getTicks	1	success	not_applicable	0					0	0	e3b0c44298fc1c149afbf4c8996fb92427ae41e4649b934ca495991b7852b855	2026-09-08T14:23:49.296Z		2.13.99	3.6.51	1.8.0_472-b09
R0313	GBP/USD	1563577200000	1563580800000	retrieval_error_hour	readTicks	1	success	true	0					0	0	e3b0c44298fc1c149afbf4c8996fb92427ae41e4649b934ca495991b7852b855	2026-09-08T14:23:49.296Z		2.13.99	3.6.51	1.8.0_472-b09
R0313	GBP/USD	1563577200000	1563580800000	retrieval_error_hour	getBars	1	success	not_applicable	60	1563577200000	1.24972	1563580740000	1.24972	1	0	c06c6c91147593f0d03cda764ac31760a5603ce5fd00eb2b68c085702a74d26e	2026-09-08T14:23:49.297Z		2.13.99	3.6.51	1.8.0_472-b09
R0314	GBP/USD	1563591600000	1563595200000	retrieval_error_hour	getTicks	1	success	not_applicable	0					0	0	e3b0c44298fc1c149afbf4c8996fb92427ae41e4649b934ca495991b7852b855	2026-09-08T14:23:49.832Z		2.13.99	3.6.51	1.8.0_472-b09
R0314	GBP/USD	1563591600000	1563595200000	retrieval_error_hour	readTicks	1	success	true	0					0	0	e3b0c44298fc1c149afbf4c8996fb92427ae41e4649b934ca495991b7852b855	2026-09-08T14:23:49.832Z		2.13.99	3.6.51	1.8.0_472-b09
R0314	GBP/USD	1563591600000	1563595200000	retrieval_error_hour	getBars	1	success	not_applicable	60	1563591600000	1.24972	1563595140000	1.24972	1	0	3819e05b384a5fb5105a69aae9b73ba05fa91ff3739f267e3bf1d0e94821ae97	2026-09-08T14:23:50.071Z		2.13.99	3.6.51	1.8.0_472-b09
R0315	GBP/USD	1563595200000	1563598800000	retrieval_error_hour	getTicks	1	success	not_applicable	0					0	0	e3b0c44298fc1c149afbf4c8996fb92427ae41e4649b934ca495991b7852b855	2026-09-08T14:23:50.342Z		2.13.99	3.6.51	1.8.0_472-b09
R0315	GBP/USD	1563595200000	1563598800000	retrieval_error_hour	readTicks	1	success	true	0					0	0	e3b0c44298fc1c149afbf4c8996fb92427ae41e4649b934ca495991b7852b855	2026-09-08T14:23:50.343Z		2.13.99	3.6.51	1.8.0_472-b09
R0315	GBP/USD	1563595200000	1563598800000	retrieval_error_hour	getBars	1	success	not_applicable	60	1563595200000	1.24972	1563598740000	1.24972	1	0	7cb7001ff7c1a4db65bcf95d55f96f3e1b5975ff6b162eaff6c9376fa3166a68	2026-09-08T14:23:50.343Z		2.13.99	3.6.51	1.8.0_472-b09
R0316	GBP/USD	1563602400000	1563606000000	retrieval_error_hour	getTicks	1	success	not_applicable	0					0	0	e3b0c44298fc1c149afbf4c8996fb92427ae41e4649b934ca495991b7852b855	2026-09-08T14:23:50.778Z		2.13.99	3.6.51	1.8.0_472-b09
R0316	GBP/USD	1563602400000	1563606000000	retrieval_error_hour	readTicks	1	success	true	0					0	0	e3b0c44298fc1c149afbf4c8996fb92427ae41e4649b934ca495991b7852b855	2026-09-08T14:23:50.779Z		2.13.99	3.6.51	1.8.0_472-b09
R0316	GBP/USD	1563602400000	1563606000000	retrieval_error_hour	getBars	1	success	not_applicable	60	1563602400000	1.24972	1563605940000	1.24972	1	0	1e19439613a3c544b1aa52feec2c6c785f480635ca9ccabb626506bbaeebf794	2026-09-08T14:23:50.779Z		2.13.99	3.6.51	1.8.0_472-b09
R0317	GBP/USD	1563606000000	1563609600000	retrieval_error_hour	getTicks	1	success	not_applicable	0					0	0	e3b0c44298fc1c149afbf4c8996fb92427ae41e4649b934ca495991b7852b855	2026-09-08T14:23:51.238Z		2.13.99	3.6.51	1.8.0_472-b09
R0317	GBP/USD	1563606000000	1563609600000	retrieval_error_hour	readTicks	1	success	true	0					0	0	e3b0c44298fc1c149afbf4c8996fb92427ae41e4649b934ca495991b7852b855	2026-09-08T14:23:51.238Z		2.13.99	3.6.51	1.8.0_472-b09
R0317	GBP/USD	1563606000000	1563609600000	retrieval_error_hour	getBars	1	success	not_applicable	60	1563606000000	1.24972	1563609540000	1.24972	1	0	d55118f430a877beda78995a4d6f3ef903f5aac0c8975bc79c19373ac847ec5a	2026-09-08T14:23:51.239Z		2.13.99	3.6.51	1.8.0_472-b09
R0318	GBP/USD	1563609600000	1563613200000	retrieval_error_hour	getTicks	1	success	not_applicable	0					0	0	e3b0c44298fc1c149afbf4c8996fb92427ae41e4649b934ca495991b7852b855	2026-09-08T14:23:51.642Z		2.13.99	3.6.51	1.8.0_472-b09
R0318	GBP/USD	1563609600000	1563613200000	retrieval_error_hour	readTicks	1	success	true	0					0	0	e3b0c44298fc1c149afbf4c8996fb92427ae41e4649b934ca495991b7852b855	2026-09-08T14:23:51.642Z		2.13.99	3.6.51	1.8.0_472-b09
R0318	GBP/USD	1563609600000	1563613200000	retrieval_error_hour	getBars	1	success	not_applicable	60	1563609600000	1.24972	1563613140000	1.24972	1	0	27e1fe4df9dcb9e9efc6147a917c041ff61de6cabaee57a53cafb8774e218a35	2026-09-08T14:23:51.643Z		2.13.99	3.6.51	1.8.0_472-b09
R0319	GBP/USD	1563613200000	1563616800000	retrieval_error_hour	getTicks	1	success	not_applicable	0					0	0	e3b0c44298fc1c149afbf4c8996fb92427ae41e4649b934ca495991b7852b855	2026-09-08T14:23:51.973Z		2.13.99	3.6.51	1.8.0_472-b09
R0319	GBP/USD	1563613200000	1563616800000	retrieval_error_hour	readTicks	1	success	true	0					0	0	e3b0c44298fc1c149afbf4c8996fb92427ae41e4649b934ca495991b7852b855	2026-09-08T14:23:51.973Z		2.13.99	3.6.51	1.8.0_472-b09
R0319	GBP/USD	1563613200000	1563616800000	retrieval_error_hour	getBars	1	success	not_applicable	60	1563613200000	1.24972	1563616740000	1.24972	1	0	fd2f8aea928e432325153415eee8c911fd6bbdec0aa3a9c3312d7331a0eedf2c	2026-09-08T14:23:51.973Z		2.13.99	3.6.51	1.8.0_472-b09
R0320	GBP/USD	1563616800000	1563620400000	retrieval_error_hour	getTicks	1	success	not_applicable	0					0	0	e3b0c44298fc1c149afbf4c8996fb92427ae41e4649b934ca495991b7852b855	2026-09-08T14:23:52.239Z		2.13.99	3.6.51	1.8.0_472-b09
R0320	GBP/USD	1563616800000	1563620400000	retrieval_error_hour	readTicks	1	success	true	0					0	0	e3b0c44298fc1c149afbf4c8996fb92427ae41e4649b934ca495991b7852b855	2026-09-08T14:23:52.240Z		2.13.99	3.6.51	1.8.0_472-b09
R0320	GBP/USD	1563616800000	1563620400000	retrieval_error_hour	getBars	1	success	not_applicable	60	1563616800000	1.24972	1563620340000	1.24972	1	0	373acf4cc4e7153997d7bca234b08295017e76443162f1d0a2ce2fc4cd3f81b8	2026-09-08T14:23:52.240Z		2.13.99	3.6.51	1.8.0_472-b09
R0321	GBP/USD	1563620400000	1563624000000	retrieval_error_hour	getTicks	1	success	not_applicable	0					0	0	e3b0c44298fc1c149afbf4c8996fb92427ae41e4649b934ca495991b7852b855	2026-09-08T14:23:52.882Z		2.13.99	3.6.51	1.8.0_472-b09
R0321	GBP/USD	1563620400000	1563624000000	retrieval_error_hour	readTicks	1	success	true	0					0	0	e3b0c44298fc1c149afbf4c8996fb92427ae41e4649b934ca495991b7852b855	2026-09-08T14:23:52.882Z		2.13.99	3.6.51	1.8.0_472-b09
R0321	GBP/USD	1563620400000	1563624000000	retrieval_error_hour	getBars	1	success	not_applicable	60	1563620400000	1.24972	1563623940000	1.24972	1	0	569a2bc8f7f95e9f2e5bdddb4e65f41fd96196ddb785b6c76d9b8d3d63196f38	2026-09-08T14:23:52.883Z		2.13.99	3.6.51	1.8.0_472-b09
R0322	GBP/USD	1563645600000	1563649200000	retrieval_error_hour	getTicks	1	success	not_applicable	0					0	0	e3b0c44298fc1c149afbf4c8996fb92427ae41e4649b934ca495991b7852b855	2026-09-08T14:23:53.417Z		2.13.99	3.6.51	1.8.0_472-b09
R0322	GBP/USD	1563645600000	1563649200000	retrieval_error_hour	readTicks	1	success	true	0					0	0	e3b0c44298fc1c149afbf4c8996fb92427ae41e4649b934ca495991b7852b855	2026-09-08T14:23:53.418Z		2.13.99	3.6.51	1.8.0_472-b09
R0322	GBP/USD	1563645600000	1563649200000	retrieval_error_hour	getBars	1	success	not_applicable	60	1563645600000	1.24972	1563649140000	1.24972	1	0	0c1ffb2183952617f57cb0a0401fc754c9c5d5df7701042274c14ea577b0fd39	2026-09-08T14:23:53.418Z		2.13.99	3.6.51	1.8.0_472-b09
R0323	GBP/USD	1563656400000	1563660000000	retrieval_error_hour	getTicks	1	success	not_applicable	0					0	0	e3b0c44298fc1c149afbf4c8996fb92427ae41e4649b934ca495991b7852b855	2026-09-08T14:23:53.915Z		2.13.99	3.6.51	1.8.0_472-b09
R0323	GBP/USD	1563656400000	1563660000000	retrieval_error_hour	readTicks	1	success	true	0					0	0	e3b0c44298fc1c149afbf4c8996fb92427ae41e4649b934ca495991b7852b855	2026-09-08T14:23:53.916Z		2.13.99	3.6.51	1.8.0_472-b09
R0323	GBP/USD	1563656400000	1563660000000	retrieval_error_hour	getBars	1	success	not_applicable	60	1563656400000	1.24972	1563659940000	1.24972	1	0	da1edb0c40ab9b8d5836e3b5aabd42308359bb1a90c08928d7b99b1c86503ca9	2026-09-08T14:23:53.916Z		2.13.99	3.6.51	1.8.0_472-b09
R0324	GBP/USD	1563660000000	1563663600000	retrieval_error_hour	getTicks	1	success	not_applicable	0					0	0	e3b0c44298fc1c149afbf4c8996fb92427ae41e4649b934ca495991b7852b855	2026-09-08T14:23:54.180Z		2.13.99	3.6.51	1.8.0_472-b09
R0324	GBP/USD	1563660000000	1563663600000	retrieval_error_hour	readTicks	1	success	true	0					0	0	e3b0c44298fc1c149afbf4c8996fb92427ae41e4649b934ca495991b7852b855	2026-09-08T14:23:54.180Z		2.13.99	3.6.51	1.8.0_472-b09
R0324	GBP/USD	1563660000000	1563663600000	retrieval_error_hour	getBars	1	success	not_applicable	60	1563660000000	1.24972	1563663540000	1.24972	1	0	0bd9bbd9ec0707f18a17e181f1fd56fa3c338c6fc720e3cac7666727a80ee523	2026-09-08T14:23:54.180Z		2.13.99	3.6.51	1.8.0_472-b09
R0325	GBP/USD	1563663600000	1563667200000	retrieval_error_hour	getTicks	1	success	not_applicable	0					0	0	e3b0c44298fc1c149afbf4c8996fb92427ae41e4649b934ca495991b7852b855	2026-09-08T14:23:54.548Z		2.13.99	3.6.51	1.8.0_472-b09
R0325	GBP/USD	1563663600000	1563667200000	retrieval_error_hour	readTicks	1	success	true	0					0	0	e3b0c44298fc1c149afbf4c8996fb92427ae41e4649b934ca495991b7852b855	2026-09-08T14:23:54.549Z		2.13.99	3.6.51	1.8.0_472-b09
R0325	GBP/USD	1563663600000	1563667200000	retrieval_error_hour	getBars	1	success	not_applicable	60	1563663600000	1.24972	1563667140000	1.24972	1	0	6e1721249f7bac4286da565016b7f7f5fac587d87f97b272dd92b62adb47d326	2026-09-08T14:23:54.549Z		2.13.99	3.6.51	1.8.0_472-b09
R0326	GBP/USD	1563667200000	1563670800000	retrieval_error_hour	getTicks	1	success	not_applicable	0					0	0	e3b0c44298fc1c149afbf4c8996fb92427ae41e4649b934ca495991b7852b855	2026-09-08T14:23:54.802Z		2.13.99	3.6.51	1.8.0_472-b09
R0326	GBP/USD	1563667200000	1563670800000	retrieval_error_hour	readTicks	1	success	true	0					0	0	e3b0c44298fc1c149afbf4c8996fb92427ae41e4649b934ca495991b7852b855	2026-09-08T14:23:54.802Z		2.13.99	3.6.51	1.8.0_472-b09
R0326	GBP/USD	1563667200000	1563670800000	retrieval_error_hour	getBars	1	success	not_applicable	60	1563667200000	1.24972	1563670740000	1.24972	1	0	5d49548b0a57307477730f99c2dc0a501b347ef66f50990934c7abaf9cf71ec6	2026-09-08T14:23:55.045Z		2.13.99	3.6.51	1.8.0_472-b09
R0327	GBP/USD	1563685200000	1563688800000	retrieval_error_hour	getTicks	1	success	not_applicable	0					0	0	e3b0c44298fc1c149afbf4c8996fb92427ae41e4649b934ca495991b7852b855	2026-09-08T14:23:55.530Z		2.13.99	3.6.51	1.8.0_472-b09
R0327	GBP/USD	1563685200000	1563688800000	retrieval_error_hour	readTicks	1	success	true	0					0	0	e3b0c44298fc1c149afbf4c8996fb92427ae41e4649b934ca495991b7852b855	2026-09-08T14:23:55.530Z		2.13.99	3.6.51	1.8.0_472-b09
R0327	GBP/USD	1563685200000	1563688800000	retrieval_error_hour	getBars	1	success	not_applicable	60	1563685200000	1.24972	1563688740000	1.24972	1	0	aba37319ea97cbc8240d691ba74411a33d0d91754715d8b97ec1990a1ec993d9	2026-09-08T14:23:55.531Z		2.13.99	3.6.51	1.8.0_472-b09
R0328	GBP/USD	1563688800000	1563692400000	retrieval_error_hour	getTicks	1	success	not_applicable	0					0	0	e3b0c44298fc1c149afbf4c8996fb92427ae41e4649b934ca495991b7852b855	2026-09-08T14:23:55.837Z		2.13.99	3.6.51	1.8.0_472-b09
R0328	GBP/USD	1563688800000	1563692400000	retrieval_error_hour	readTicks	1	success	true	0					0	0	e3b0c44298fc1c149afbf4c8996fb92427ae41e4649b934ca495991b7852b855	2026-09-08T14:23:55.837Z		2.13.99	3.6.51	1.8.0_472-b09
R0328	GBP/USD	1563688800000	1563692400000	retrieval_error_hour	getBars	1	success	not_applicable	60	1563688800000	1.24972	1563692340000	1.24972	1	0	8f6f5161dc80cfcd666320abb8f1982151c74d524261098447682e51b2a24939	2026-09-08T14:23:55.838Z		2.13.99	3.6.51	1.8.0_472-b09
R0329	GBP/USD	1563696000000	1563699600000	retrieval_error_hour	getTicks	1	success	not_applicable	0					0	0	e3b0c44298fc1c149afbf4c8996fb92427ae41e4649b934ca495991b7852b855	2026-09-08T14:23:56.534Z		2.13.99	3.6.51	1.8.0_472-b09
R0329	GBP/USD	1563696000000	1563699600000	retrieval_error_hour	readTicks	1	success	true	0					0	0	e3b0c44298fc1c149afbf4c8996fb92427ae41e4649b934ca495991b7852b855	2026-09-08T14:23:56.535Z		2.13.99	3.6.51	1.8.0_472-b09
R0329	GBP/USD	1563696000000	1563699600000	retrieval_error_hour	getBars	1	success	not_applicable	60	1563696000000	1.24972	1563699540000	1.24972	1	0	c66c49df39910b9c213043c15afa3961e02e68f5c8cedf1650b4b498f2611538	2026-09-08T14:23:56.536Z		2.13.99	3.6.51	1.8.0_472-b09
R0330	GBP/USD	1563714000000	1563717600000	retrieval_error_hour	getTicks	1	success	not_applicable	0					0	0	e3b0c44298fc1c149afbf4c8996fb92427ae41e4649b934ca495991b7852b855	2026-09-08T14:23:57.040Z		2.13.99	3.6.51	1.8.0_472-b09
R0330	GBP/USD	1563714000000	1563717600000	retrieval_error_hour	readTicks	1	success	true	0					0	0	e3b0c44298fc1c149afbf4c8996fb92427ae41e4649b934ca495991b7852b855	2026-09-08T14:23:57.041Z		2.13.99	3.6.51	1.8.0_472-b09
R0330	GBP/USD	1563714000000	1563717600000	retrieval_error_hour	getBars	1	success	not_applicable	60	1563714000000	1.24972	1563717540000	1.24972	1	0	c14250ae2753e35cdc61db09059a4f7d0d6c7845d26d1488a7eeaf5cdfebd7bb	2026-09-08T14:23:57.042Z		2.13.99	3.6.51	1.8.0_472-b09
R0331	GBP/USD	1563721200000	1563724800000	retrieval_error_hour	getTicks	1	success	not_applicable	0					0	0	e3b0c44298fc1c149afbf4c8996fb92427ae41e4649b934ca495991b7852b855	2026-09-08T14:23:57.529Z		2.13.99	3.6.51	1.8.0_472-b09
R0331	GBP/USD	1563721200000	1563724800000	retrieval_error_hour	readTicks	1	success	true	0					0	0	e3b0c44298fc1c149afbf4c8996fb92427ae41e4649b934ca495991b7852b855	2026-09-08T14:23:57.529Z		2.13.99	3.6.51	1.8.0_472-b09
R0331	GBP/USD	1563721200000	1563724800000	retrieval_error_hour	getBars	1	success	not_applicable	60	1563721200000	1.24972	1563724740000	1.24972	1	0	c1cf6437690c8c1fa86fbcb1586f7575123270ed2961ae305b4c3d7aca012102	2026-09-08T14:23:57.530Z		2.13.99	3.6.51	1.8.0_472-b09
R0332	GBP/USD	1563724800000	1563728400000	retrieval_error_hour	getTicks	1	success	not_applicable	0					0	0	e3b0c44298fc1c149afbf4c8996fb92427ae41e4649b934ca495991b7852b855	2026-09-08T14:23:57.790Z		2.13.99	3.6.51	1.8.0_472-b09
R0332	GBP/USD	1563724800000	1563728400000	retrieval_error_hour	readTicks	1	success	true	0					0	0	e3b0c44298fc1c149afbf4c8996fb92427ae41e4649b934ca495991b7852b855	2026-09-08T14:23:57.790Z		2.13.99	3.6.51	1.8.0_472-b09
R0332	GBP/USD	1563724800000	1563728400000	retrieval_error_hour	getBars	1	success	not_applicable	60	1563724800000	1.24972	1563728340000	1.24972	1	0	e73f8791aad5d4793d4ae350b8b6648c0d0dd9c2ae6c050f62094f1b14d9ecb2	2026-09-08T14:23:57.790Z		2.13.99	3.6.51	1.8.0_472-b09
R0333	GBP/USD	1563728400000	1563732000000	retrieval_error_hour	getTicks	1	success	not_applicable	0					0	0	e3b0c44298fc1c149afbf4c8996fb92427ae41e4649b934ca495991b7852b855	2026-09-08T14:23:58.139Z		2.13.99	3.6.51	1.8.0_472-b09
R0333	GBP/USD	1563728400000	1563732000000	retrieval_error_hour	readTicks	1	success	true	0					0	0	e3b0c44298fc1c149afbf4c8996fb92427ae41e4649b934ca495991b7852b855	2026-09-08T14:23:58.140Z		2.13.99	3.6.51	1.8.0_472-b09
R0333	GBP/USD	1563728400000	1563732000000	retrieval_error_hour	getBars	1	success	not_applicable	60	1563728400000	1.24972	1563731940000	1.24972	1	0	592c1a3643c1e41280c466f0d68328a46eef6b539b39ad8d41b49c659c8dc5af	2026-09-08T14:23:58.140Z		2.13.99	3.6.51	1.8.0_472-b09
R0334	GBP/USD	1563735600000	1563739200000	retrieval_error_hour	getTicks	1	success	not_applicable	0					0	0	e3b0c44298fc1c149afbf4c8996fb92427ae41e4649b934ca495991b7852b855	2026-09-08T14:23:58.693Z		2.13.99	3.6.51	1.8.0_472-b09
R0334	GBP/USD	1563735600000	1563739200000	retrieval_error_hour	readTicks	1	success	true	0					0	0	e3b0c44298fc1c149afbf4c8996fb92427ae41e4649b934ca495991b7852b855	2026-09-08T14:23:58.693Z		2.13.99	3.6.51	1.8.0_472-b09
R0334	GBP/USD	1563735600000	1563739200000	retrieval_error_hour	getBars	1	success	not_applicable	60	1563735600000	1.24972	1563739140000	1.24972	1	0	654c830c3090c43adec3b4ceb0b0b208fa136f33c1532d6f9715a36875268d66	2026-09-08T14:23:58.693Z		2.13.99	3.6.51	1.8.0_472-b09
R0335	GBP/USD	1564794000000	1564797600000	retrieval_error_hour	getTicks	1	success	not_applicable	0					0	0	e3b0c44298fc1c149afbf4c8996fb92427ae41e4649b934ca495991b7852b855	2026-09-08T14:23:59.263Z		2.13.99	3.6.51	1.8.0_472-b09
R0335	GBP/USD	1564794000000	1564797600000	retrieval_error_hour	readTicks	1	success	true	0					0	0	e3b0c44298fc1c149afbf4c8996fb92427ae41e4649b934ca495991b7852b855	2026-09-08T14:23:59.263Z		2.13.99	3.6.51	1.8.0_472-b09
R0335	GBP/USD	1564794000000	1564797600000	retrieval_error_hour	getBars	1	success	not_applicable	60	1564794000000	1.21572	1564797540000	1.21572	1	0	2859eebbd7de54ea8009f0d60a410afb6a78c593e13d46f7e23a606d57105784	2026-09-08T14:23:59.573Z		2.13.99	3.6.51	1.8.0_472-b09
R0336	GBP/USD	1564858800000	1564862400000	retrieval_error_hour	getTicks	1	success	not_applicable	0					0	0	e3b0c44298fc1c149afbf4c8996fb92427ae41e4649b934ca495991b7852b855	2026-09-08T14:24:00.078Z		2.13.99	3.6.51	1.8.0_472-b09
R0336	GBP/USD	1564858800000	1564862400000	retrieval_error_hour	readTicks	1	success	true	0					0	0	e3b0c44298fc1c149afbf4c8996fb92427ae41e4649b934ca495991b7852b855	2026-09-08T14:24:00.078Z		2.13.99	3.6.51	1.8.0_472-b09
R0336	GBP/USD	1564858800000	1564862400000	retrieval_error_hour	getBars	1	success	not_applicable	60	1564858800000	1.21572	1564862340000	1.21572	1	0	d1d3d8861999ae1de7bdb3bdb3ae60a3ecfda309df81daf4a4f6a3624708015c	2026-09-08T14:24:00.078Z		2.13.99	3.6.51	1.8.0_472-b09
R0337	GBP/USD	1564938000000	1564941600000	retrieval_error_hour	getTicks	1	success	not_applicable	0					0	0	e3b0c44298fc1c149afbf4c8996fb92427ae41e4649b934ca495991b7852b855	2026-09-08T14:24:47.438Z		2.13.99	3.6.51	1.8.0_472-b09
R0337	GBP/USD	1564938000000	1564941600000	retrieval_error_hour	readTicks	1	success	true	0					0	0	e3b0c44298fc1c149afbf4c8996fb92427ae41e4649b934ca495991b7852b855	2026-09-08T14:24:47.438Z		2.13.99	3.6.51	1.8.0_472-b09
R0337	GBP/USD	1564938000000	1564941600000	retrieval_error_hour	getBars	1	success	not_applicable	0					0	0	e3b0c44298fc1c149afbf4c8996fb92427ae41e4649b934ca495991b7852b855	2026-09-08T14:25:11.622Z		2.13.99	3.6.51	1.8.0_472-b09
R0338	GBP/USD	1566046800000	1566050400000	retrieval_error_hour	getTicks	1	success	not_applicable	0					0	0	e3b0c44298fc1c149afbf4c8996fb92427ae41e4649b934ca495991b7852b855	2026-09-08T14:26:12.915Z		2.13.99	3.6.51	1.8.0_472-b09
R0338	GBP/USD	1566046800000	1566050400000	retrieval_error_hour	readTicks	1	success	true	0					0	0	e3b0c44298fc1c149afbf4c8996fb92427ae41e4649b934ca495991b7852b855	2026-09-08T14:26:12.915Z		2.13.99	3.6.51	1.8.0_472-b09
R0338	GBP/USD	1566046800000	1566050400000	retrieval_error_hour	getBars	1	success	not_applicable	0					0	0	e3b0c44298fc1c149afbf4c8996fb92427ae41e4649b934ca495991b7852b855	2026-09-08T14:27:08.917Z		2.13.99	3.6.51	1.8.0_472-b09
R0339	GBP/USD	1566064800000	1566068400000	retrieval_error_hour	getTicks	1	success	not_applicable	0					0	0	e3b0c44298fc1c149afbf4c8996fb92427ae41e4649b934ca495991b7852b855	2026-09-08T14:27:50.997Z		2.13.99	3.6.51	1.8.0_472-b09
R0339	GBP/USD	1566064800000	1566068400000	retrieval_error_hour	readTicks	1	success	true	0					0	0	e3b0c44298fc1c149afbf4c8996fb92427ae41e4649b934ca495991b7852b855	2026-09-08T14:27:50.997Z		2.13.99	3.6.51	1.8.0_472-b09
R0339	GBP/USD	1566064800000	1566068400000	retrieval_error_hour	getBars	1	success	not_applicable	0					0	0	e3b0c44298fc1c149afbf4c8996fb92427ae41e4649b934ca495991b7852b855	2026-09-08T14:27:50.998Z		2.13.99	3.6.51	1.8.0_472-b09
R0340	GBP/USD	1566086400000	1566090000000	retrieval_error_hour	getTicks	1	success	not_applicable	0					0	0	e3b0c44298fc1c149afbf4c8996fb92427ae41e4649b934ca495991b7852b855	2026-09-08T14:28:33.093Z		2.13.99	3.6.51	1.8.0_472-b09
R0340	GBP/USD	1566086400000	1566090000000	retrieval_error_hour	readTicks	1	success	true	0					0	0	e3b0c44298fc1c149afbf4c8996fb92427ae41e4649b934ca495991b7852b855	2026-09-08T14:28:33.094Z		2.13.99	3.6.51	1.8.0_472-b09
R0340	GBP/USD	1566086400000	1566090000000	retrieval_error_hour	getBars	1	success	not_applicable	0					0	0	e3b0c44298fc1c149afbf4c8996fb92427ae41e4649b934ca495991b7852b855	2026-09-08T14:28:54.134Z		2.13.99	3.6.51	1.8.0_472-b09
R0341	GBP/USD	1566162000000	1566165600000	retrieval_error_hour	getTicks	1	success	not_applicable	337	1566162249770	1.21533	1566165597460	1.21467	0	0	d3a611160fc2821c32ef0cf81b1623edb989aa839ea2bf5163e26005fe1a552c	2026-09-08T14:29:15.352Z		2.13.99	3.6.51	1.8.0_472-b09
R0341	GBP/USD	1566162000000	1566165600000	retrieval_error_hour	readTicks	1	success	true	337	1566162249770	1.21533	1566165597460	1.21467	0	0	d3a611160fc2821c32ef0cf81b1623edb989aa839ea2bf5163e26005fe1a552c	2026-09-08T14:29:15.352Z		2.13.99	3.6.51	1.8.0_472-b09
R0341	GBP/USD	1566162000000	1566165600000	retrieval_error_hour	getBars	1	success	not_applicable	0					0	0	e3b0c44298fc1c149afbf4c8996fb92427ae41e4649b934ca495991b7852b855	2026-09-08T14:29:15.353Z		2.13.99	3.6.51	1.8.0_472-b09
R0342	GBP/USD	1567238400000	1567242000000	retrieval_error_hour	getTicks	1	success	not_applicable	0					0	0	e3b0c44298fc1c149afbf4c8996fb92427ae41e4649b934ca495991b7852b855	2026-09-08T14:29:15.872Z		2.13.99	3.6.51	1.8.0_472-b09
R0342	GBP/USD	1567238400000	1567242000000	retrieval_error_hour	readTicks	1	success	true	0					0	0	e3b0c44298fc1c149afbf4c8996fb92427ae41e4649b934ca495991b7852b855	2026-09-08T14:29:15.872Z		2.13.99	3.6.51	1.8.0_472-b09
R0342	GBP/USD	1567238400000	1567242000000	retrieval_error_hour	getBars	1	success	not_applicable	60	1567238400000	1.21573	1567241940000	1.21573	1	0	628535f55e69da2ec46447769f4a5248d2d44a139d700e60b6d4effbb147f19f	2026-09-08T14:29:16.130Z		2.13.99	3.6.51	1.8.0_472-b09
R0343	GBP/USD	1568498400000	1568502000000	retrieval_error_hour	getTicks	1	success	not_applicable	0					0	0	e3b0c44298fc1c149afbf4c8996fb92427ae41e4649b934ca495991b7852b855	2026-09-08T14:29:16.765Z		2.13.99	3.6.51	1.8.0_472-b09
R0343	GBP/USD	1568498400000	1568502000000	retrieval_error_hour	readTicks	1	success	true	0					0	0	e3b0c44298fc1c149afbf4c8996fb92427ae41e4649b934ca495991b7852b855	2026-09-08T14:29:16.766Z		2.13.99	3.6.51	1.8.0_472-b09
R0343	GBP/USD	1568498400000	1568502000000	retrieval_error_hour	getBars	1	success	not_applicable	60	1568498400000	1.24974	1568501940000	1.24974	1	0	ade5f2ece406718840ecc1ae211b796d6dca72713780f97a33992e7cfaf44ea5	2026-09-08T14:29:17.020Z		2.13.99	3.6.51	1.8.0_472-b09
R0344	GBP/USD	1568502000000	1568505600000	retrieval_error_hour	getTicks	1	success	not_applicable	0					0	0	e3b0c44298fc1c149afbf4c8996fb92427ae41e4649b934ca495991b7852b855	2026-09-08T14:29:17.243Z		2.13.99	3.6.51	1.8.0_472-b09
R0344	GBP/USD	1568502000000	1568505600000	retrieval_error_hour	readTicks	1	success	true	0					0	0	e3b0c44298fc1c149afbf4c8996fb92427ae41e4649b934ca495991b7852b855	2026-09-08T14:29:17.243Z		2.13.99	3.6.51	1.8.0_472-b09
R0344	GBP/USD	1568502000000	1568505600000	retrieval_error_hour	getBars	1	success	not_applicable	60	1568502000000	1.24974	1568505540000	1.24974	1	0	54138d392f61c1f182f35eff8de4555ec93fe8dcae0f22d50772a7f3feebbaa4	2026-09-08T14:29:17.243Z		2.13.99	3.6.51	1.8.0_472-b09
R0345	GBP/USD	1568505600000	1568509200000	retrieval_error_hour	getTicks	1	success	not_applicable	0					0	0	e3b0c44298fc1c149afbf4c8996fb92427ae41e4649b934ca495991b7852b855	2026-09-08T14:29:17.487Z		2.13.99	3.6.51	1.8.0_472-b09
R0345	GBP/USD	1568505600000	1568509200000	retrieval_error_hour	readTicks	1	success	true	0					0	0	e3b0c44298fc1c149afbf4c8996fb92427ae41e4649b934ca495991b7852b855	2026-09-08T14:29:17.487Z		2.13.99	3.6.51	1.8.0_472-b09
R0345	GBP/USD	1568505600000	1568509200000	retrieval_error_hour	getBars	1	success	not_applicable	60	1568505600000	1.24974	1568509140000	1.24974	1	0	d61ba71e0dcb461ff0af4d309e44e410b5c85bdc0b470e6412402a6e68a73fcd	2026-09-08T14:29:17.717Z		2.13.99	3.6.51	1.8.0_472-b09
R0346	GBP/USD	1568538000000	1568541600000	retrieval_error_hour	getTicks	1	success	not_applicable	0					0	0	e3b0c44298fc1c149afbf4c8996fb92427ae41e4649b934ca495991b7852b855	2026-09-08T14:29:18.286Z		2.13.99	3.6.51	1.8.0_472-b09
R0346	GBP/USD	1568538000000	1568541600000	retrieval_error_hour	readTicks	1	success	true	0					0	0	e3b0c44298fc1c149afbf4c8996fb92427ae41e4649b934ca495991b7852b855	2026-09-08T14:29:18.287Z		2.13.99	3.6.51	1.8.0_472-b09
R0346	GBP/USD	1568538000000	1568541600000	retrieval_error_hour	getBars	1	success	not_applicable	60	1568538000000	1.24974	1568541540000	1.24974	1	0	3a5e1d9cadb20b4926d9dfe991be87f9f57c55af36eed9ca9ee267fb3c6175a9	2026-09-08T14:29:18.287Z		2.13.99	3.6.51	1.8.0_472-b09
R0347	GBP/USD	1568556000000	1568559600000	retrieval_error_hour	getTicks	1	success	not_applicable	0					0	0	e3b0c44298fc1c149afbf4c8996fb92427ae41e4649b934ca495991b7852b855	2026-09-08T14:29:18.939Z		2.13.99	3.6.51	1.8.0_472-b09
R0347	GBP/USD	1568556000000	1568559600000	retrieval_error_hour	readTicks	1	success	true	0					0	0	e3b0c44298fc1c149afbf4c8996fb92427ae41e4649b934ca495991b7852b855	2026-09-08T14:29:18.939Z		2.13.99	3.6.51	1.8.0_472-b09
R0347	GBP/USD	1568556000000	1568559600000	retrieval_error_hour	getBars	1	success	not_applicable	60	1568556000000	1.24974	1568559540000	1.24974	1	0	f41218fe7826151499fbf46139c11e1fcea114e909d1e17be710c52d07da7baa	2026-09-08T14:29:18.940Z		2.13.99	3.6.51	1.8.0_472-b09
R0348	GBP/USD	1569650400000	1569654000000	retrieval_error_hour	getTicks	1	success	not_applicable	0					0	0	e3b0c44298fc1c149afbf4c8996fb92427ae41e4649b934ca495991b7852b855	2026-09-08T14:29:19.497Z		2.13.99	3.6.51	1.8.0_472-b09
R0348	GBP/USD	1569650400000	1569654000000	retrieval_error_hour	readTicks	1	success	true	0					0	0	e3b0c44298fc1c149afbf4c8996fb92427ae41e4649b934ca495991b7852b855	2026-09-08T14:29:19.497Z		2.13.99	3.6.51	1.8.0_472-b09
R0348	GBP/USD	1569650400000	1569654000000	retrieval_error_hour	getBars	1	success	not_applicable	60	1569650400000	1.22851	1569653940000	1.22851	1	0	8d020b69d4567b3d4d258a8e779a1e681e03120f5bb9582a47408eafcb2931f4	2026-09-08T14:29:19.838Z		2.13.99	3.6.51	1.8.0_472-b09
R0349	GBP/USD	1570233600000	1570237200000	retrieval_error_hour	getTicks	1	success	not_applicable	0					0	0	e3b0c44298fc1c149afbf4c8996fb92427ae41e4649b934ca495991b7852b855	2026-09-08T14:29:20.368Z		2.13.99	3.6.51	1.8.0_472-b09
R0349	GBP/USD	1570233600000	1570237200000	retrieval_error_hour	readTicks	1	success	true	0					0	0	e3b0c44298fc1c149afbf4c8996fb92427ae41e4649b934ca495991b7852b855	2026-09-08T14:29:20.369Z		2.13.99	3.6.51	1.8.0_472-b09
R0349	GBP/USD	1570233600000	1570237200000	retrieval_error_hour	getBars	1	success	not_applicable	60	1570233600000	1.23291	1570237140000	1.23291	1	0	45428751870053ac466ed68a306af76c427f3bf7a669f9f11bae9f713f425379	2026-09-08T14:29:21.324Z		2.13.99	3.6.51	1.8.0_472-b09
R0350	GBP/USD	1570244400000	1570248000000	retrieval_error_hour	getTicks	1	success	not_applicable	0					0	0	e3b0c44298fc1c149afbf4c8996fb92427ae41e4649b934ca495991b7852b855	2026-09-08T14:29:21.968Z		2.13.99	3.6.51	1.8.0_472-b09
R0350	GBP/USD	1570244400000	1570248000000	retrieval_error_hour	readTicks	1	success	true	0					0	0	e3b0c44298fc1c149afbf4c8996fb92427ae41e4649b934ca495991b7852b855	2026-09-08T14:29:21.969Z		2.13.99	3.6.51	1.8.0_472-b09
R0350	GBP/USD	1570244400000	1570248000000	retrieval_error_hour	getBars	1	success	not_applicable	60	1570244400000	1.23291	1570247940000	1.23291	1	0	00084b8e235a0f22d60722755f31a664909957d88b728f7a76cb4b79d3f33135	2026-09-08T14:29:21.969Z		2.13.99	3.6.51	1.8.0_472-b09
R0351	GBP/USD	1570356000000	1570359600000	retrieval_error_hour	getTicks	1	success	not_applicable	0					0	0	e3b0c44298fc1c149afbf4c8996fb92427ae41e4649b934ca495991b7852b855	2026-09-08T14:29:22.441Z		2.13.99	3.6.51	1.8.0_472-b09
R0351	GBP/USD	1570356000000	1570359600000	retrieval_error_hour	readTicks	1	success	true	0					0	0	e3b0c44298fc1c149afbf4c8996fb92427ae41e4649b934ca495991b7852b855	2026-09-08T14:29:22.442Z		2.13.99	3.6.51	1.8.0_472-b09
R0351	GBP/USD	1570356000000	1570359600000	retrieval_error_hour	getBars	1	success	not_applicable	60	1570356000000	1.23291	1570359540000	1.23291	1	0	acd36d2eeabeb688866ec0b978b7f5d5a60e0803bd1c7d133386e5f151e833a2	2026-09-08T14:29:22.703Z		2.13.99	3.6.51	1.8.0_472-b09
R0352	GBP/USD	1577264400000	1577268000000	retrieval_error_hour	getTicks	1	success	not_applicable	0					0	0	e3b0c44298fc1c149afbf4c8996fb92427ae41e4649b934ca495991b7852b855	2026-09-08T14:29:23.275Z		2.13.99	3.6.51	1.8.0_472-b09
R0352	GBP/USD	1577264400000	1577268000000	retrieval_error_hour	readTicks	1	success	true	0					0	0	e3b0c44298fc1c149afbf4c8996fb92427ae41e4649b934ca495991b7852b855	2026-09-08T14:29:23.276Z		2.13.99	3.6.51	1.8.0_472-b09
R0352	GBP/USD	1577264400000	1577268000000	retrieval_error_hour	getBars	1	success	not_applicable	60	1577264400000	1.29527	1577267940000	1.29527	1	0	6e3e8491209c14f9757a45f26d3f78749cb0e504f52f2e2b1817d385907e823a	2026-09-08T14:29:23.616Z		2.13.99	3.6.51	1.8.0_472-b09
R0353	GBP/USD	1577304000000	1577307600000	retrieval_error_hour	getTicks	1	success	not_applicable	0					0	0	e3b0c44298fc1c149afbf4c8996fb92427ae41e4649b934ca495991b7852b855	2026-09-08T14:29:24.416Z		2.13.99	3.6.51	1.8.0_472-b09
R0353	GBP/USD	1577304000000	1577307600000	retrieval_error_hour	readTicks	1	success	true	0					0	0	e3b0c44298fc1c149afbf4c8996fb92427ae41e4649b934ca495991b7852b855	2026-09-08T14:29:24.416Z		2.13.99	3.6.51	1.8.0_472-b09
R0353	GBP/USD	1577304000000	1577307600000	retrieval_error_hour	getBars	1	success	not_applicable	60	1577304000000	1.29527	1577307540000	1.29527	1	0	b968d8243c30ebb8b52d58e066d6f674951831c793427e2936e2fd45f27272f7	2026-09-08T14:29:24.417Z		2.13.99	3.6.51	1.8.0_472-b09
R0354	GBP/USD	1577872800000	1577876400000	retrieval_error_hour	getTicks	1	success	not_applicable	0					0	0	e3b0c44298fc1c149afbf4c8996fb92427ae41e4649b934ca495991b7852b855	2026-09-08T14:29:24.991Z		2.13.99	3.6.51	1.8.0_472-b09
R0354	GBP/USD	1577872800000	1577876400000	retrieval_error_hour	readTicks	1	success	true	0					0	0	e3b0c44298fc1c149afbf4c8996fb92427ae41e4649b934ca495991b7852b855	2026-09-08T14:29:24.991Z		2.13.99	3.6.51	1.8.0_472-b09
R0354	GBP/USD	1577872800000	1577876400000	retrieval_error_hour	getBars	1	success	not_applicable	60	1577872800000	1.32559	1577876340000	1.32559	1	0	b589067d3fc6a3fa36594c3289193e9ebc3288354333e2699152459672670103	2026-09-08T14:29:25.245Z		2.13.99	3.6.51	1.8.0_472-b09
R0355	GBP/USD	1577908800000	1577912400000	retrieval_error_hour	getTicks	1	success	not_applicable	0					0	0	e3b0c44298fc1c149afbf4c8996fb92427ae41e4649b934ca495991b7852b855	2026-09-08T14:29:25.743Z		2.13.99	3.6.51	1.8.0_472-b09
R0355	GBP/USD	1577908800000	1577912400000	retrieval_error_hour	readTicks	1	success	true	0					0	0	e3b0c44298fc1c149afbf4c8996fb92427ae41e4649b934ca495991b7852b855	2026-09-08T14:29:25.744Z		2.13.99	3.6.51	1.8.0_472-b09
R0355	GBP/USD	1577908800000	1577912400000	retrieval_error_hour	getBars	1	success	not_applicable	60	1577908800000	1.32559	1577912340000	1.32559	1	0	7e489b064e1815cafbfe660b588e41fb81e79d86ab94d34e881df45f03d11e5e	2026-09-08T14:29:25.744Z		2.13.99	3.6.51	1.8.0_472-b09
R0356	GBP/USD	1584813600000	1584817200000	retrieval_error_hour	getTicks	1	success	not_applicable	0					0	0	e3b0c44298fc1c149afbf4c8996fb92427ae41e4649b934ca495991b7852b855	2026-09-08T14:29:26.656Z		2.13.99	3.6.51	1.8.0_472-b09
R0356	GBP/USD	1584813600000	1584817200000	retrieval_error_hour	readTicks	1	success	true	0					0	0	e3b0c44298fc1c149afbf4c8996fb92427ae41e4649b934ca495991b7852b855	2026-09-08T14:29:26.656Z		2.13.99	3.6.51	1.8.0_472-b09
R0356	GBP/USD	1584813600000	1584817200000	retrieval_error_hour	getBars	1	success	not_applicable	60	1584813600000	1.16301	1584817140000	1.16301	1	0	3df0d271bd76729e2d3b95f469ed97359cbd2334ba8acba6c10efe387759f346	2026-09-08T14:29:26.923Z		2.13.99	3.6.51	1.8.0_472-b09
R0357	GBP/USD	1584871200000	1584874800000	retrieval_error_hour	getTicks	1	success	not_applicable	0					0	0	e3b0c44298fc1c149afbf4c8996fb92427ae41e4649b934ca495991b7852b855	2026-09-08T14:29:27.539Z		2.13.99	3.6.51	1.8.0_472-b09
R0357	GBP/USD	1584871200000	1584874800000	retrieval_error_hour	readTicks	1	success	true	0					0	0	e3b0c44298fc1c149afbf4c8996fb92427ae41e4649b934ca495991b7852b855	2026-09-08T14:29:27.539Z		2.13.99	3.6.51	1.8.0_472-b09
R0357	GBP/USD	1584871200000	1584874800000	retrieval_error_hour	getBars	1	success	not_applicable	60	1584871200000	1.16301	1584874740000	1.16301	1	0	6bc1ae5a4e8aee8385b9c347338d7f6e73e8a8aac0f15c496f33d2213ab93fa6	2026-09-08T14:29:27.786Z		2.13.99	3.6.51	1.8.0_472-b09
R0358	GBP/USD	1585393200000	1585396800000	retrieval_error_hour	getTicks	1	success	not_applicable	0					0	0	e3b0c44298fc1c149afbf4c8996fb92427ae41e4649b934ca495991b7852b855	2026-09-08T14:29:28.680Z		2.13.99	3.6.51	1.8.0_472-b09
R0358	GBP/USD	1585393200000	1585396800000	retrieval_error_hour	readTicks	1	success	true	0					0	0	e3b0c44298fc1c149afbf4c8996fb92427ae41e4649b934ca495991b7852b855	2026-09-08T14:29:28.680Z		2.13.99	3.6.51	1.8.0_472-b09
R0358	GBP/USD	1585393200000	1585396800000	retrieval_error_hour	getBars	1	success	not_applicable	60	1585393200000	1.24448	1585396740000	1.24448	1	0	3cc2b09cb5c612c2328cc3401f60aca5316a71a76fd1ecdf399fb9cc38eaad01	2026-09-08T14:29:29.033Z		2.13.99	3.6.51	1.8.0_472-b09
R0359	GBP/USD	1585400400000	1585404000000	retrieval_error_hour	getTicks	1	success	not_applicable	0					0	0	e3b0c44298fc1c149afbf4c8996fb92427ae41e4649b934ca495991b7852b855	2026-09-08T14:29:29.584Z		2.13.99	3.6.51	1.8.0_472-b09
R0359	GBP/USD	1585400400000	1585404000000	retrieval_error_hour	readTicks	1	success	true	0					0	0	e3b0c44298fc1c149afbf4c8996fb92427ae41e4649b934ca495991b7852b855	2026-09-08T14:29:29.585Z		2.13.99	3.6.51	1.8.0_472-b09
R0359	GBP/USD	1585400400000	1585404000000	retrieval_error_hour	getBars	1	success	not_applicable	60	1585400400000	1.24448	1585403940000	1.24448	1	0	29ab9fa49f61637ec9c9e70b4c8537f5fd96c8fbff5fd1ab5841433d2e860bfe	2026-09-08T14:29:29.585Z		2.13.99	3.6.51	1.8.0_472-b09
R0360	GBP/USD	1585404000000	1585407600000	retrieval_error_hour	getTicks	1	success	not_applicable	0					0	0	e3b0c44298fc1c149afbf4c8996fb92427ae41e4649b934ca495991b7852b855	2026-09-08T14:29:29.792Z		2.13.99	3.6.51	1.8.0_472-b09
R0360	GBP/USD	1585404000000	1585407600000	retrieval_error_hour	readTicks	1	success	true	0					0	0	e3b0c44298fc1c149afbf4c8996fb92427ae41e4649b934ca495991b7852b855	2026-09-08T14:29:29.792Z		2.13.99	3.6.51	1.8.0_472-b09
R0360	GBP/USD	1585404000000	1585407600000	retrieval_error_hour	getBars	1	success	not_applicable	60	1585404000000	1.24448	1585407540000	1.24448	1	0	0bef7e96b50408ca4f69bbe4124c8cb6095333142c2f045b2d22630019eb489d	2026-09-08T14:29:29.792Z		2.13.99	3.6.51	1.8.0_472-b09
R0361	GBP/USD	1585465200000	1585468800000	retrieval_error_hour	getTicks	1	success	not_applicable	0					0	0	e3b0c44298fc1c149afbf4c8996fb92427ae41e4649b934ca495991b7852b855	2026-09-08T14:29:30.236Z		2.13.99	3.6.51	1.8.0_472-b09
R0361	GBP/USD	1585465200000	1585468800000	retrieval_error_hour	readTicks	1	success	true	0					0	0	e3b0c44298fc1c149afbf4c8996fb92427ae41e4649b934ca495991b7852b855	2026-09-08T14:29:30.237Z		2.13.99	3.6.51	1.8.0_472-b09
R0361	GBP/USD	1585465200000	1585468800000	retrieval_error_hour	getBars	1	success	not_applicable	60	1585465200000	1.24448	1585468740000	1.24448	1	0	0b9e4afc14cf63f81bcb96861817e20307e068f83eeeab758aa9fd1726f9d6e5	2026-09-08T14:29:30.491Z		2.13.99	3.6.51	1.8.0_472-b09
R0362	GBP/USD	1585944000000	1585947600000	retrieval_error_hour	getTicks	1	success	not_applicable	4115	1585944000064	1.22619	1585947585216	1.2264	0	0	3ff61acd68c7821955c613cb0daf3fa8744593af21c9975e85b55e4b31738ace	2026-09-08T14:29:52.489Z		2.13.99	3.6.51	1.8.0_472-b09
R0362	GBP/USD	1585944000000	1585947600000	retrieval_error_hour	readTicks	1	success	true	4115	1585944000064	1.22619	1585947585216	1.2264	0	0	3ff61acd68c7821955c613cb0daf3fa8744593af21c9975e85b55e4b31738ace	2026-09-08T14:29:52.497Z		2.13.99	3.6.51	1.8.0_472-b09
R0362	GBP/USD	1585944000000	1585947600000	retrieval_error_hour	getBars	1	success	not_applicable	60	1585944000000	1.22619	1585947540000	1.22645	1	0	d2a539f393d68da255e77f1b9f2ef1f87883fef96e62c71ca85bb39ae7b2bd95	2026-09-08T14:30:09.950Z		2.13.99	3.6.51	1.8.0_472-b09
R0363	GBP/USD	1588971600000	1588975200000	retrieval_error_hour	getTicks	1	success	not_applicable	0					0	0	e3b0c44298fc1c149afbf4c8996fb92427ae41e4649b934ca495991b7852b855	2026-09-08T14:30:10.493Z		2.13.99	3.6.51	1.8.0_472-b09
R0363	GBP/USD	1588971600000	1588975200000	retrieval_error_hour	readTicks	1	success	true	0					0	0	e3b0c44298fc1c149afbf4c8996fb92427ae41e4649b934ca495991b7852b855	2026-09-08T14:30:10.493Z		2.13.99	3.6.51	1.8.0_472-b09
R0363	GBP/USD	1588971600000	1588975200000	retrieval_error_hour	getBars	1	success	not_applicable	60	1588971600000	1.24033	1588975140000	1.24033	1	0	a68223ab2cf3439240b1dda5883401aebad5bd8067f0b4aec7dfff07fe0e30c9	2026-09-08T14:30:10.763Z		2.13.99	3.6.51	1.8.0_472-b09
R0364	GBP/USD	1589047200000	1589050800000	retrieval_error_hour	getTicks	1	success	not_applicable	0					0	0	e3b0c44298fc1c149afbf4c8996fb92427ae41e4649b934ca495991b7852b855	2026-09-08T14:30:11.396Z		2.13.99	3.6.51	1.8.0_472-b09
R0364	GBP/USD	1589047200000	1589050800000	retrieval_error_hour	readTicks	1	success	true	0					0	0	e3b0c44298fc1c149afbf4c8996fb92427ae41e4649b934ca495991b7852b855	2026-09-08T14:30:11.396Z		2.13.99	3.6.51	1.8.0_472-b09
R0364	GBP/USD	1589047200000	1589050800000	retrieval_error_hour	getBars	1	success	not_applicable	60	1589047200000	1.24033	1589050740000	1.24033	1	0	94381f635d7c27f5a974dd712c568c1edb5f746d3315a3423b535c393cf82172	2026-09-08T14:30:11.634Z		2.13.99	3.6.51	1.8.0_472-b09
R0365	GBP/USD	1589054400000	1589058000000	retrieval_error_hour	getTicks	1	success	not_applicable	0					0	0	e3b0c44298fc1c149afbf4c8996fb92427ae41e4649b934ca495991b7852b855	2026-09-08T14:30:12.102Z		2.13.99	3.6.51	1.8.0_472-b09
R0365	GBP/USD	1589054400000	1589058000000	retrieval_error_hour	readTicks	1	success	true	0					0	0	e3b0c44298fc1c149afbf4c8996fb92427ae41e4649b934ca495991b7852b855	2026-09-08T14:30:12.103Z		2.13.99	3.6.51	1.8.0_472-b09
R0365	GBP/USD	1589054400000	1589058000000	retrieval_error_hour	getBars	1	success	not_applicable	60	1589054400000	1.24033	1589057940000	1.24033	1	0	050ce41de58f4fe12d3c37657a7efdc4c908ab14e87ed45293f201613d55c888	2026-09-08T14:30:12.103Z		2.13.99	3.6.51	1.8.0_472-b09
R0366	GBP/USD	1589126400000	1589130000000	retrieval_error_hour	getTicks	1	success	not_applicable	0					0	0	e3b0c44298fc1c149afbf4c8996fb92427ae41e4649b934ca495991b7852b855	2026-09-08T14:30:12.614Z		2.13.99	3.6.51	1.8.0_472-b09
R0366	GBP/USD	1589126400000	1589130000000	retrieval_error_hour	readTicks	1	success	true	0					0	0	e3b0c44298fc1c149afbf4c8996fb92427ae41e4649b934ca495991b7852b855	2026-09-08T14:30:12.615Z		2.13.99	3.6.51	1.8.0_472-b09
R0366	GBP/USD	1589126400000	1589130000000	retrieval_error_hour	getBars	1	success	not_applicable	60	1589126400000	1.24033	1589129940000	1.24033	1	0	4499fb80e55233ab93572807ef1cc6deadec0965495ac7c9fb88993a0d4ac1e6	2026-09-08T14:30:12.924Z		2.13.99	3.6.51	1.8.0_472-b09
R0367	GBP/USD	1589130000000	1589133600000	retrieval_error_hour	getTicks	1	success	not_applicable	0					0	0	e3b0c44298fc1c149afbf4c8996fb92427ae41e4649b934ca495991b7852b855	2026-09-08T14:30:13.148Z		2.13.99	3.6.51	1.8.0_472-b09
R0367	GBP/USD	1589130000000	1589133600000	retrieval_error_hour	readTicks	1	success	true	0					0	0	e3b0c44298fc1c149afbf4c8996fb92427ae41e4649b934ca495991b7852b855	2026-09-08T14:30:13.148Z		2.13.99	3.6.51	1.8.0_472-b09
R0367	GBP/USD	1589130000000	1589133600000	retrieval_error_hour	getBars	1	success	not_applicable	60	1589130000000	1.24033	1589133540000	1.24033	1	0	25c17701a5a33bfd10b7cced0a66685530f9f3dc9b337107be6723aa0ba3ac95	2026-09-08T14:30:13.148Z		2.13.99	3.6.51	1.8.0_472-b09
R0368	GBP/USD	1591430400000	1591434000000	retrieval_error_hour	getTicks	1	success	not_applicable	0					0	0	e3b0c44298fc1c149afbf4c8996fb92427ae41e4649b934ca495991b7852b855	2026-09-08T14:30:13.625Z		2.13.99	3.6.51	1.8.0_472-b09
R0368	GBP/USD	1591430400000	1591434000000	retrieval_error_hour	readTicks	1	success	true	0					0	0	e3b0c44298fc1c149afbf4c8996fb92427ae41e4649b934ca495991b7852b855	2026-09-08T14:30:13.626Z		2.13.99	3.6.51	1.8.0_472-b09
R0368	GBP/USD	1591430400000	1591434000000	retrieval_error_hour	getBars	1	success	not_applicable	60	1591430400000	1.26656	1591433940000	1.26656	1	0	f57d894dcc36541e4a84e2162d1568370d8b5e67ecd7e02cbe49984baaabedc7	2026-09-08T14:30:13.870Z		2.13.99	3.6.51	1.8.0_472-b09
R0369	GBP/USD	1591437600000	1591441200000	retrieval_error_hour	getTicks	1	success	not_applicable	0					0	0	e3b0c44298fc1c149afbf4c8996fb92427ae41e4649b934ca495991b7852b855	2026-09-08T14:30:14.378Z		2.13.99	3.6.51	1.8.0_472-b09
R0369	GBP/USD	1591437600000	1591441200000	retrieval_error_hour	readTicks	1	success	true	0					0	0	e3b0c44298fc1c149afbf4c8996fb92427ae41e4649b934ca495991b7852b855	2026-09-08T14:30:14.378Z		2.13.99	3.6.51	1.8.0_472-b09
R0369	GBP/USD	1591437600000	1591441200000	retrieval_error_hour	getBars	1	success	not_applicable	60	1591437600000	1.26656	1591441140000	1.26656	1	0	25a008b574d1079c89fc29042bf79ff69a817f9ec258e49304e972bcfed6c1c5	2026-09-08T14:30:14.378Z		2.13.99	3.6.51	1.8.0_472-b09
R0370	GBP/USD	1591531200000	1591534800000	retrieval_error_hour	getTicks	1	success	not_applicable	0					0	0	e3b0c44298fc1c149afbf4c8996fb92427ae41e4649b934ca495991b7852b855	2026-09-08T14:30:14.938Z		2.13.99	3.6.51	1.8.0_472-b09
R0370	GBP/USD	1591531200000	1591534800000	retrieval_error_hour	readTicks	1	success	true	0					0	0	e3b0c44298fc1c149afbf4c8996fb92427ae41e4649b934ca495991b7852b855	2026-09-08T14:30:14.939Z		2.13.99	3.6.51	1.8.0_472-b09
R0370	GBP/USD	1591531200000	1591534800000	retrieval_error_hour	getBars	1	success	not_applicable	60	1591531200000	1.26656	1591534740000	1.26656	1	0	0a09dbc19cb4db7b0451375b938736bd801a08811b036b7ed7506c8420ad2541	2026-09-08T14:30:16.042Z		2.13.99	3.6.51	1.8.0_472-b09
R0371	GBP/USD	1592618400000	1592622000000	retrieval_error_hour	getTicks	1	success	not_applicable	0					0	0	e3b0c44298fc1c149afbf4c8996fb92427ae41e4649b934ca495991b7852b855	2026-09-08T14:30:16.528Z		2.13.99	3.6.51	1.8.0_472-b09
R0371	GBP/USD	1592618400000	1592622000000	retrieval_error_hour	readTicks	1	success	true	0					0	0	e3b0c44298fc1c149afbf4c8996fb92427ae41e4649b934ca495991b7852b855	2026-09-08T14:30:16.528Z		2.13.99	3.6.51	1.8.0_472-b09
R0371	GBP/USD	1592618400000	1592622000000	retrieval_error_hour	getBars	1	success	not_applicable	60	1592618400000	1.23476	1592621940000	1.23476	1	0	bd98cf72be821a0fd99f4321c047ce57f22a484359ef9c78cedd39f9242e3278	2026-09-08T14:30:16.833Z		2.13.99	3.6.51	1.8.0_472-b09
R0372	GBP/USD	1592704800000	1592708400000	retrieval_error_hour	getTicks	1	success	not_applicable	0					0	0	e3b0c44298fc1c149afbf4c8996fb92427ae41e4649b934ca495991b7852b855	2026-09-08T14:30:17.293Z		2.13.99	3.6.51	1.8.0_472-b09
R0372	GBP/USD	1592704800000	1592708400000	retrieval_error_hour	readTicks	1	success	true	0					0	0	e3b0c44298fc1c149afbf4c8996fb92427ae41e4649b934ca495991b7852b855	2026-09-08T14:30:17.294Z		2.13.99	3.6.51	1.8.0_472-b09
R0372	GBP/USD	1592704800000	1592708400000	retrieval_error_hour	getBars	1	success	not_applicable	60	1592704800000	1.23476	1592708340000	1.23476	1	0	b34303b9296f693d17be085776fccd6648b35ae9f5bd4ecb6f0a737c0d52c99a	2026-09-08T14:30:17.581Z		2.13.99	3.6.51	1.8.0_472-b09
R0373	GBP/USD	1592751600000	1592755200000	retrieval_error_hour	getTicks	1	success	not_applicable	0					0	0	e3b0c44298fc1c149afbf4c8996fb92427ae41e4649b934ca495991b7852b855	2026-09-08T14:30:18.053Z		2.13.99	3.6.51	1.8.0_472-b09
R0373	GBP/USD	1592751600000	1592755200000	retrieval_error_hour	readTicks	1	success	true	0					0	0	e3b0c44298fc1c149afbf4c8996fb92427ae41e4649b934ca495991b7852b855	2026-09-08T14:30:18.054Z		2.13.99	3.6.51	1.8.0_472-b09
R0373	GBP/USD	1592751600000	1592755200000	retrieval_error_hour	getBars	1	success	not_applicable	60	1592751600000	1.23476	1592755140000	1.23476	1	0	efb355075db92e8890c430c8b6c0b0377352641298a55ced44960b3b065df767	2026-09-08T14:30:18.055Z		2.13.99	3.6.51	1.8.0_472-b09
R0374	GBP/USD	1592773200000	1592776800000	retrieval_error_hour	getTicks	1	success	not_applicable	692	1592773377916	1.23419	1592776799641	1.23545	0	0	0e5736106ac356a789afe2fd76876b3f920f6e58aed2d63738d9090caf15cea6	2026-09-08T14:30:19.976Z		2.13.99	3.6.51	1.8.0_472-b09
R0374	GBP/USD	1592773200000	1592776800000	retrieval_error_hour	readTicks	1	success	true	692	1592773377916	1.23419	1592776799641	1.23545	0	0	0e5736106ac356a789afe2fd76876b3f920f6e58aed2d63738d9090caf15cea6	2026-09-08T14:30:19.979Z		2.13.99	3.6.51	1.8.0_472-b09
R0374	GBP/USD	1592773200000	1592776800000	retrieval_error_hour	getBars	1	success	not_applicable	60	1592773200000	1.23476	1592776740000	1.2356	1	0	bcde5f8f25fe355c8a80b271a9b84cbe462287a03e36cd43abc926430ff0f14d	2026-09-08T14:30:19.979Z		2.13.99	3.6.51	1.8.0_472-b09
R0375	GBP/USD	1593201600000	1593205200000	retrieval_error_hour	getTicks	1	success	not_applicable	2017	1593201600083	1.2339	1593205196240	1.23343	0	0	18e6176c2b81819fa36282200401fa846ad6c142051c25d6e600f351c58e4af7	2026-09-08T14:30:20.815Z		2.13.99	3.6.51	1.8.0_472-b09
R0375	GBP/USD	1593201600000	1593205200000	retrieval_error_hour	readTicks	1	success	true	2017	1593201600083	1.2339	1593205196240	1.23343	0	0	18e6176c2b81819fa36282200401fa846ad6c142051c25d6e600f351c58e4af7	2026-09-08T14:30:20.819Z		2.13.99	3.6.51	1.8.0_472-b09
R0375	GBP/USD	1593201600000	1593205200000	retrieval_error_hour	getBars	1	success	not_applicable	60	1593201600000	1.2339	1593205140000	1.23336	1	0	0a331f854c149fe68fa66f60fcdd7afbfa0176575790a1425157d86eaca8dce0	2026-09-08T14:30:21.607Z		2.13.99	3.6.51	1.8.0_472-b09
R0376	GBP/USD	1593352800000	1593356400000	retrieval_error_hour	getTicks	1	success	not_applicable	0					0	0	e3b0c44298fc1c149afbf4c8996fb92427ae41e4649b934ca495991b7852b855	2026-09-08T14:30:22.114Z		2.13.99	3.6.51	1.8.0_472-b09
R0376	GBP/USD	1593352800000	1593356400000	retrieval_error_hour	readTicks	1	success	true	0					0	0	e3b0c44298fc1c149afbf4c8996fb92427ae41e4649b934ca495991b7852b855	2026-09-08T14:30:22.114Z		2.13.99	3.6.51	1.8.0_472-b09
R0376	GBP/USD	1593352800000	1593356400000	retrieval_error_hour	getBars	1	success	not_applicable	60	1593352800000	1.23343	1593356340000	1.23343	1	0	0a515a256fd679156a84e501bf059caeaea52470ae41fb6e4e8c9c1e4c937d86	2026-09-08T14:30:22.406Z		2.13.99	3.6.51	1.8.0_472-b09
R0377	GBP/USD	1595052000000	1595055600000	retrieval_error_hour	getTicks	1	success	not_applicable	0					0	0	e3b0c44298fc1c149afbf4c8996fb92427ae41e4649b934ca495991b7852b855	2026-09-08T14:30:22.940Z		2.13.99	3.6.51	1.8.0_472-b09
R0377	GBP/USD	1595052000000	1595055600000	retrieval_error_hour	readTicks	1	success	true	0					0	0	e3b0c44298fc1c149afbf4c8996fb92427ae41e4649b934ca495991b7852b855	2026-09-08T14:30:22.941Z		2.13.99	3.6.51	1.8.0_472-b09
R0377	GBP/USD	1595052000000	1595055600000	retrieval_error_hour	getBars	1	success	not_applicable	60	1595052000000	1.25654	1595055540000	1.25654	1	0	caf31152d690b1f304f1a5a01ac6e2e29e418c841279cc088428aa43fb803f62	2026-09-08T14:30:23.210Z		2.13.99	3.6.51	1.8.0_472-b09
R0378	GBP/USD	1595174400000	1595178000000	retrieval_error_hour	getTicks	1	success	not_applicable	0					0	0	e3b0c44298fc1c149afbf4c8996fb92427ae41e4649b934ca495991b7852b855	2026-09-08T14:30:23.716Z		2.13.99	3.6.51	1.8.0_472-b09
R0378	GBP/USD	1595174400000	1595178000000	retrieval_error_hour	readTicks	1	success	true	0					0	0	e3b0c44298fc1c149afbf4c8996fb92427ae41e4649b934ca495991b7852b855	2026-09-08T14:30:23.717Z		2.13.99	3.6.51	1.8.0_472-b09
R0378	GBP/USD	1595174400000	1595178000000	retrieval_error_hour	getBars	1	success	not_applicable	60	1595174400000	1.25654	1595177940000	1.25654	1	0	55edd8354e9a37c79fcbfc0a6f38f468d94ffde9aaf0b9a3a3ce155675d7933b	2026-09-08T14:30:24.004Z		2.13.99	3.6.51	1.8.0_472-b09
R0379	GBP/USD	1596225600000	1596229200000	retrieval_error_hour	getTicks	1	success	not_applicable	3779	1596225600054	1.30904	1596229199900	1.30836	0	0	bc788a81013b659eb2e4f511be10d8e0b37b9683f74745934078adbfcef3e3ff	2026-09-08T14:30:25.097Z		2.13.99	3.6.51	1.8.0_472-b09
R0379	GBP/USD	1596225600000	1596229200000	retrieval_error_hour	readTicks	1	success	true	3779	1596225600054	1.30904	1596229199900	1.30836	0	0	bc788a81013b659eb2e4f511be10d8e0b37b9683f74745934078adbfcef3e3ff	2026-09-08T14:30:25.105Z		2.13.99	3.6.51	1.8.0_472-b09
R0379	GBP/USD	1596225600000	1596229200000	retrieval_error_hour	getBars	1	success	not_applicable	60	1596225600000	1.30904	1596229140000	1.30836	1	0	45ccd00eb06276e374c05c6c6c831bb4f4dd98256234cab43b1ad0d5a4e67586	2026-09-08T14:30:25.630Z		2.13.99	3.6.51	1.8.0_472-b09
R0380	GBP/USD	1596250800000	1596254400000	retrieval_error_hour	getTicks	1	success	not_applicable	0					0	0	e3b0c44298fc1c149afbf4c8996fb92427ae41e4649b934ca495991b7852b855	2026-09-08T14:30:26.247Z		2.13.99	3.6.51	1.8.0_472-b09
R0380	GBP/USD	1596250800000	1596254400000	retrieval_error_hour	readTicks	1	success	true	0					0	0	e3b0c44298fc1c149afbf4c8996fb92427ae41e4649b934ca495991b7852b855	2026-09-08T14:30:26.248Z		2.13.99	3.6.51	1.8.0_472-b09
R0380	GBP/USD	1596250800000	1596254400000	retrieval_error_hour	getBars	1	success	not_applicable	60	1596250800000	1.30836	1596254340000	1.30836	1	0	f8e7257a640f8d564eed28315fc19bb0e360fff018c034070524afbfe42ba349	2026-09-08T14:30:26.641Z		2.13.99	3.6.51	1.8.0_472-b09
R0381	GBP/USD	1596319200000	1596322800000	retrieval_error_hour	getTicks	1	success	not_applicable	0					0	0	e3b0c44298fc1c149afbf4c8996fb92427ae41e4649b934ca495991b7852b855	2026-09-08T14:30:27.162Z		2.13.99	3.6.51	1.8.0_472-b09
R0381	GBP/USD	1596319200000	1596322800000	retrieval_error_hour	readTicks	1	success	true	0					0	0	e3b0c44298fc1c149afbf4c8996fb92427ae41e4649b934ca495991b7852b855	2026-09-08T14:30:27.162Z		2.13.99	3.6.51	1.8.0_472-b09
R0381	GBP/USD	1596319200000	1596322800000	retrieval_error_hour	getBars	1	success	not_applicable	60	1596319200000	1.30836	1596322740000	1.30836	1	0	da0e9f6c74c6621d15a59564798de02c21a66144f54439374c3ab889d0de57e5	2026-09-08T14:30:27.163Z		2.13.99	3.6.51	1.8.0_472-b09
R0382	GBP/USD	1597500000000	1597503600000	retrieval_error_hour	getTicks	1	success	not_applicable	0					0	0	e3b0c44298fc1c149afbf4c8996fb92427ae41e4649b934ca495991b7852b855	2026-09-08T14:30:28.061Z		2.13.99	3.6.51	1.8.0_472-b09
R0382	GBP/USD	1597500000000	1597503600000	retrieval_error_hour	readTicks	1	success	true	0					0	0	e3b0c44298fc1c149afbf4c8996fb92427ae41e4649b934ca495991b7852b855	2026-09-08T14:30:28.061Z		2.13.99	3.6.51	1.8.0_472-b09
R0382	GBP/USD	1597500000000	1597503600000	retrieval_error_hour	getBars	1	success	not_applicable	60	1597500000000	1.30829	1597503540000	1.30829	1	0	40c6691f85563bb89528cff75c8fd1593f2189d0786505efa9a2be9d45037cb9	2026-09-08T14:30:28.316Z		2.13.99	3.6.51	1.8.0_472-b09
R0383	GBP/USD	1597532400000	1597536000000	retrieval_error_hour	getTicks	1	success	not_applicable	0					0	0	e3b0c44298fc1c149afbf4c8996fb92427ae41e4649b934ca495991b7852b855	2026-09-08T14:30:28.830Z		2.13.99	3.6.51	1.8.0_472-b09
R0383	GBP/USD	1597532400000	1597536000000	retrieval_error_hour	readTicks	1	success	true	0					0	0	e3b0c44298fc1c149afbf4c8996fb92427ae41e4649b934ca495991b7852b855	2026-09-08T14:30:28.830Z		2.13.99	3.6.51	1.8.0_472-b09
R0383	GBP/USD	1597532400000	1597536000000	retrieval_error_hour	getBars	1	success	not_applicable	60	1597532400000	1.30829	1597535940000	1.30829	1	0	ce2c620ffcefd84af78683b4264859dfd34166ac68a112d2a6247121a1cb5f46	2026-09-08T14:30:28.830Z		2.13.99	3.6.51	1.8.0_472-b09
R0384	GBP/USD	1597536000000	1597539600000	retrieval_error_hour	getTicks	1	success	not_applicable	0					0	0	e3b0c44298fc1c149afbf4c8996fb92427ae41e4649b934ca495991b7852b855	2026-09-08T14:30:29.117Z		2.13.99	3.6.51	1.8.0_472-b09
R0384	GBP/USD	1597536000000	1597539600000	retrieval_error_hour	readTicks	1	success	true	0					0	0	e3b0c44298fc1c149afbf4c8996fb92427ae41e4649b934ca495991b7852b855	2026-09-08T14:30:29.117Z		2.13.99	3.6.51	1.8.0_472-b09
R0384	GBP/USD	1597536000000	1597539600000	retrieval_error_hour	getBars	1	success	not_applicable	60	1597536000000	1.30829	1597539540000	1.30829	1	0	97c1082eb0f27e9d0ff189da68f467b17fae9a47e153e5e572012c7cf6744574	2026-09-08T14:30:29.381Z		2.13.99	3.6.51	1.8.0_472-b09
R0385	GBP/USD	1597572000000	1597575600000	retrieval_error_hour	getTicks	1	success	not_applicable	0					0	0	e3b0c44298fc1c149afbf4c8996fb92427ae41e4649b934ca495991b7852b855	2026-09-08T14:30:29.853Z		2.13.99	3.6.51	1.8.0_472-b09
R0385	GBP/USD	1597572000000	1597575600000	retrieval_error_hour	readTicks	1	success	true	0					0	0	e3b0c44298fc1c149afbf4c8996fb92427ae41e4649b934ca495991b7852b855	2026-09-08T14:30:29.853Z		2.13.99	3.6.51	1.8.0_472-b09
R0385	GBP/USD	1597572000000	1597575600000	retrieval_error_hour	getBars	1	success	not_applicable	60	1597572000000	1.30829	1597575540000	1.30829	1	0	87acfab959e1483790e50353f7db31bca2c99a3729085bf38a52ded01dc3bb33	2026-09-08T14:30:29.854Z		2.13.99	3.6.51	1.8.0_472-b09
R0386	GBP/USD	1598806800000	1598810400000	retrieval_error_hour	getTicks	1	success	not_applicable	0					0	0	e3b0c44298fc1c149afbf4c8996fb92427ae41e4649b934ca495991b7852b855	2026-09-08T14:30:30.869Z		2.13.99	3.6.51	1.8.0_472-b09
R0386	GBP/USD	1598806800000	1598810400000	retrieval_error_hour	readTicks	1	success	true	0					0	0	e3b0c44298fc1c149afbf4c8996fb92427ae41e4649b934ca495991b7852b855	2026-09-08T14:30:30.869Z		2.13.99	3.6.51	1.8.0_472-b09
R0386	GBP/USD	1598806800000	1598810400000	retrieval_error_hour	getBars	1	success	not_applicable	60	1598806800000	1.33488	1598810340000	1.33488	1	0	7a742314d3c5b7ce8884aa5862305ef2dc944f4024c3daf52f5ec75ac86f6e46	2026-09-08T14:30:31.520Z		2.13.99	3.6.51	1.8.0_472-b09
R0387	GBP/USD	1598821200000	1598824800000	retrieval_error_hour	getTicks	1	success	not_applicable	299	1598821260407	1.33328	1598824763937	1.33488	0	0	114ff4ee97e13cef43fac12fe6eb0d7b2196d30f7154b4003e5f5bafd444f25f	2026-09-08T14:30:32.472Z		2.13.99	3.6.51	1.8.0_472-b09
R0387	GBP/USD	1598821200000	1598824800000	retrieval_error_hour	readTicks	1	success	true	299	1598821260407	1.33328	1598824763937	1.33488	0	0	114ff4ee97e13cef43fac12fe6eb0d7b2196d30f7154b4003e5f5bafd444f25f	2026-09-08T14:30:32.473Z		2.13.99	3.6.51	1.8.0_472-b09
R0387	GBP/USD	1598821200000	1598824800000	retrieval_error_hour	getBars	1	success	not_applicable	60	1598821200000	1.33488	1598824740000	1.33488	1	0	89d83053b7ad3acdba5a0c8d8a4b4aba5ff642377d9faf7159df6ea92bbe8afe	2026-09-08T14:30:32.474Z		2.13.99	3.6.51	1.8.0_472-b09
R0388	GBP/USD	1599850800000	1599854400000	retrieval_error_hour	getTicks	1	success	not_applicable	4819	1599850801100	1.27904	1599854399803	1.27978	0	0	49f7662cdb2d0c8e92fd9779a4a24119cced9b2e185ec433f9100e1f6a6f59dd	2026-09-08T14:30:33.759Z		2.13.99	3.6.51	1.8.0_472-b09
R0388	GBP/USD	1599850800000	1599854400000	retrieval_error_hour	readTicks	1	success	true	4819	1599850801100	1.27904	1599854399803	1.27978	0	0	49f7662cdb2d0c8e92fd9779a4a24119cced9b2e185ec433f9100e1f6a6f59dd	2026-09-08T14:30:33.769Z		2.13.99	3.6.51	1.8.0_472-b09
R0388	GBP/USD	1599850800000	1599854400000	retrieval_error_hour	getBars	1	success	not_applicable	60	1599850800000	1.27904	1599854340000	1.27974	1	0	df5c86000ce4e9bd1b1770eefa40c37d77a8c500443a6be9413844184fa68cca	2026-09-08T14:30:34.262Z		2.13.99	3.6.51	1.8.0_472-b09
R0389	GBP/USD	1599854400000	1599858000000	retrieval_error_hour	getTicks	1	success	not_applicable	1796	1599854400107	1.27977	1599857999837	1.27942	0	0	315ce0c960b59e0f6ad1a67659610d509e419b9ad3f3f9e2d01f6111e81db743	2026-09-08T14:30:34.637Z		2.13.99	3.6.51	1.8.0_472-b09
R0389	GBP/USD	1599854400000	1599858000000	retrieval_error_hour	readTicks	1	success	true	1796	1599854400107	1.27977	1599857999837	1.27942	0	0	315ce0c960b59e0f6ad1a67659610d509e419b9ad3f3f9e2d01f6111e81db743	2026-09-08T14:30:34.641Z		2.13.99	3.6.51	1.8.0_472-b09
R0389	GBP/USD	1599854400000	1599858000000	retrieval_error_hour	getBars	1	success	not_applicable	60	1599854400000	1.27977	1599857940000	1.27938	1	0	2258873b6aa4a7b738ea4796d216f16fe3f7c7d43a9416e962f11726dd9d8341	2026-09-08T14:30:34.642Z		2.13.99	3.6.51	1.8.0_472-b09
R0390	GBP/USD	1600462800000	1600466400000	retrieval_error_hour	getTicks	1	success	not_applicable	0					0	0	e3b0c44298fc1c149afbf4c8996fb92427ae41e4649b934ca495991b7852b855	2026-09-08T14:30:35.332Z		2.13.99	3.6.51	1.8.0_472-b09
R0390	GBP/USD	1600462800000	1600466400000	retrieval_error_hour	readTicks	1	success	true	0					0	0	e3b0c44298fc1c149afbf4c8996fb92427ae41e4649b934ca495991b7852b855	2026-09-08T14:30:35.333Z		2.13.99	3.6.51	1.8.0_472-b09
R0390	GBP/USD	1600462800000	1600466400000	retrieval_error_hour	getBars	1	success	not_applicable	60	1600462800000	1.29143	1600466340000	1.29143	1	0	eb89a1f5aca949997122758b5a9acc3b49a589eb596688d43c775d71fd5ecffb	2026-09-08T14:30:35.873Z		2.13.99	3.6.51	1.8.0_472-b09
R0391	GBP/USD	1600502400000	1600506000000	retrieval_error_hour	getTicks	1	success	not_applicable	0					0	0	e3b0c44298fc1c149afbf4c8996fb92427ae41e4649b934ca495991b7852b855	2026-09-08T14:30:36.319Z		2.13.99	3.6.51	1.8.0_472-b09
R0391	GBP/USD	1600502400000	1600506000000	retrieval_error_hour	readTicks	1	success	true	0					0	0	e3b0c44298fc1c149afbf4c8996fb92427ae41e4649b934ca495991b7852b855	2026-09-08T14:30:36.320Z		2.13.99	3.6.51	1.8.0_472-b09
R0391	GBP/USD	1600502400000	1600506000000	retrieval_error_hour	getBars	1	success	not_applicable	60	1600502400000	1.29143	1600505940000	1.29143	1	0	465d9fbd61dd4a93d55bf8e5638276234ee08836ca72f8c96218740e82658698	2026-09-08T14:30:36.676Z		2.13.99	3.6.51	1.8.0_472-b09
R0392	GBP/USD	1600574400000	1600578000000	retrieval_error_hour	getTicks	1	success	not_applicable	0					0	0	e3b0c44298fc1c149afbf4c8996fb92427ae41e4649b934ca495991b7852b855	2026-09-08T14:30:37.719Z		2.13.99	3.6.51	1.8.0_472-b09
R0392	GBP/USD	1600574400000	1600578000000	retrieval_error_hour	readTicks	1	success	true	0					0	0	e3b0c44298fc1c149afbf4c8996fb92427ae41e4649b934ca495991b7852b855	2026-09-08T14:30:37.719Z		2.13.99	3.6.51	1.8.0_472-b09
R0392	GBP/USD	1600574400000	1600578000000	retrieval_error_hour	getBars	1	success	not_applicable	60	1600574400000	1.29143	1600577940000	1.29143	1	0	368a1b0bbd77a8e81a3c9d1270d5be0008b635da825b2e343a75c94ce78d0d1b	2026-09-08T14:30:37.935Z		2.13.99	3.6.51	1.8.0_472-b09
R0393	GBP/USD	1600581600000	1600585200000	retrieval_error_hour	getTicks	1	success	not_applicable	0					0	0	e3b0c44298fc1c149afbf4c8996fb92427ae41e4649b934ca495991b7852b855	2026-09-08T14:30:38.392Z		2.13.99	3.6.51	1.8.0_472-b09
R0393	GBP/USD	1600581600000	1600585200000	retrieval_error_hour	readTicks	1	success	true	0					0	0	e3b0c44298fc1c149afbf4c8996fb92427ae41e4649b934ca495991b7852b855	2026-09-08T14:30:38.393Z		2.13.99	3.6.51	1.8.0_472-b09
R0393	GBP/USD	1600581600000	1600585200000	retrieval_error_hour	getBars	1	success	not_applicable	60	1600581600000	1.29143	1600585140000	1.29143	1	0	b4f8013e778b34f598c3343cf899c88855be3d4cd669726dd1388be3c83fb5f1	2026-09-08T14:30:38.393Z		2.13.99	3.6.51	1.8.0_472-b09
R0394	GBP/USD	1600621200000	1600624800000	retrieval_error_hour	getTicks	1	success	not_applicable	0					0	0	e3b0c44298fc1c149afbf4c8996fb92427ae41e4649b934ca495991b7852b855	2026-09-08T14:30:39.002Z		2.13.99	3.6.51	1.8.0_472-b09
R0394	GBP/USD	1600621200000	1600624800000	retrieval_error_hour	readTicks	1	success	true	0					0	0	e3b0c44298fc1c149afbf4c8996fb92427ae41e4649b934ca495991b7852b855	2026-09-08T14:30:39.002Z		2.13.99	3.6.51	1.8.0_472-b09
R0394	GBP/USD	1600621200000	1600624800000	retrieval_error_hour	getBars	1	success	not_applicable	60	1600621200000	1.29143	1600624740000	1.29143	1	0	7a578566567537569866df2725bc4411d598e5a8912c3fa8e53142611ca3ac55	2026-09-08T14:30:39.003Z		2.13.99	3.6.51	1.8.0_472-b09
R0395	GBP/USD	1600628400000	1600632000000	retrieval_error_hour	getTicks	1	success	not_applicable	0					0	0	e3b0c44298fc1c149afbf4c8996fb92427ae41e4649b934ca495991b7852b855	2026-09-08T14:30:39.512Z		2.13.99	3.6.51	1.8.0_472-b09
R0395	GBP/USD	1600628400000	1600632000000	retrieval_error_hour	readTicks	1	success	true	0					0	0	e3b0c44298fc1c149afbf4c8996fb92427ae41e4649b934ca495991b7852b855	2026-09-08T14:30:39.513Z		2.13.99	3.6.51	1.8.0_472-b09
R0395	GBP/USD	1600628400000	1600632000000	retrieval_error_hour	getBars	1	success	not_applicable	60	1600628400000	1.29143	1600631940000	1.29143	1	0	c150e424eb5cad61665eaecce01dab7fbee2c6ac3e0bd257889937a3b4367233	2026-09-08T14:30:39.513Z		2.13.99	3.6.51	1.8.0_472-b09
R0396	GBP/USD	1609084800000	1609088400000	retrieval_error_hour	getTicks	1	success	not_applicable	0					0	0	e3b0c44298fc1c149afbf4c8996fb92427ae41e4649b934ca495991b7852b855	2026-09-08T14:30:40.005Z		2.13.99	3.6.51	1.8.0_472-b09
R0396	GBP/USD	1609084800000	1609088400000	retrieval_error_hour	readTicks	1	success	true	0					0	0	e3b0c44298fc1c149afbf4c8996fb92427ae41e4649b934ca495991b7852b855	2026-09-08T14:30:40.005Z		2.13.99	3.6.51	1.8.0_472-b09
R0396	GBP/USD	1609084800000	1609088400000	retrieval_error_hour	getBars	1	success	not_applicable	60	1609084800000	1.35408	1609088340000	1.35408	1	0	6a78698171891e70336f611d5e2ab535ee7c88cb327ad4dd5416fdd4154faa0c	2026-09-08T14:30:40.506Z		2.13.99	3.6.51	1.8.0_472-b09
R0397	GBP/USD	1609095600000	1609099200000	retrieval_error_hour	getTicks	1	success	not_applicable	0					0	0	e3b0c44298fc1c149afbf4c8996fb92427ae41e4649b934ca495991b7852b855	2026-09-08T14:30:41.130Z		2.13.99	3.6.51	1.8.0_472-b09
R0397	GBP/USD	1609095600000	1609099200000	retrieval_error_hour	readTicks	1	success	true	0					0	0	e3b0c44298fc1c149afbf4c8996fb92427ae41e4649b934ca495991b7852b855	2026-09-08T14:30:41.130Z		2.13.99	3.6.51	1.8.0_472-b09
R0397	GBP/USD	1609095600000	1609099200000	retrieval_error_hour	getBars	1	success	not_applicable	60	1609095600000	1.35408	1609099140000	1.35408	1	0	0b5bc7fb2e00d9c32ed68b73d7f1f15501eb47256fde089c72bfc9556f9e7f08	2026-09-08T14:30:41.131Z		2.13.99	3.6.51	1.8.0_472-b09
R0398	GBP/USD	1610190000000	1610193600000	retrieval_error_hour	getTicks	1	success	not_applicable	0					0	0	e3b0c44298fc1c149afbf4c8996fb92427ae41e4649b934ca495991b7852b855	2026-09-08T14:30:41.741Z		2.13.99	3.6.51	1.8.0_472-b09
R0398	GBP/USD	1610190000000	1610193600000	retrieval_error_hour	readTicks	1	success	true	0					0	0	e3b0c44298fc1c149afbf4c8996fb92427ae41e4649b934ca495991b7852b855	2026-09-08T14:30:41.742Z		2.13.99	3.6.51	1.8.0_472-b09
R0398	GBP/USD	1610190000000	1610193600000	retrieval_error_hour	getBars	1	success	not_applicable	60	1610190000000	1.35621	1610193540000	1.35621	1	0	3f33becf3be5616547ef1e71003da23ad726295222416d0dddcb455251ef01b8	2026-09-08T14:30:42.013Z		2.13.99	3.6.51	1.8.0_472-b09
R0399	GBP/USD	1610254800000	1610258400000	retrieval_error_hour	getTicks	1	success	not_applicable	0					0	0	e3b0c44298fc1c149afbf4c8996fb92427ae41e4649b934ca495991b7852b855	2026-09-08T14:30:42.554Z		2.13.99	3.6.51	1.8.0_472-b09
R0399	GBP/USD	1610254800000	1610258400000	retrieval_error_hour	readTicks	1	success	true	0					0	0	e3b0c44298fc1c149afbf4c8996fb92427ae41e4649b934ca495991b7852b855	2026-09-08T14:30:42.554Z		2.13.99	3.6.51	1.8.0_472-b09
R0399	GBP/USD	1610254800000	1610258400000	retrieval_error_hour	getBars	1	success	not_applicable	60	1610254800000	1.35621	1610258340000	1.35621	1	0	267b29e5ac1984b3edb99c75dae5197af3a3b3d630713d2967cec7103a936763	2026-09-08T14:30:42.884Z		2.13.99	3.6.51	1.8.0_472-b09
R0400	GBP/USD	1610258400000	1610262000000	retrieval_error_hour	getTicks	1	success	not_applicable	0					0	0	e3b0c44298fc1c149afbf4c8996fb92427ae41e4649b934ca495991b7852b855	2026-09-08T14:30:43.221Z		2.13.99	3.6.51	1.8.0_472-b09
R0400	GBP/USD	1610258400000	1610262000000	retrieval_error_hour	readTicks	1	success	true	0					0	0	e3b0c44298fc1c149afbf4c8996fb92427ae41e4649b934ca495991b7852b855	2026-09-08T14:30:43.221Z		2.13.99	3.6.51	1.8.0_472-b09
R0400	GBP/USD	1610258400000	1610262000000	retrieval_error_hour	getBars	1	success	not_applicable	60	1610258400000	1.35621	1610261940000	1.35621	1	0	835e8bf8b7bbc166c1d94a6d7f225f43eaaae87eff3ce2f2eb55fc6789ad5c71	2026-09-08T14:30:43.222Z		2.13.99	3.6.51	1.8.0_472-b09
R0401	GBP/USD	1617411600000	1617415200000	retrieval_error_hour	getTicks	1	success	not_applicable	0					0	0	e3b0c44298fc1c149afbf4c8996fb92427ae41e4649b934ca495991b7852b855	2026-09-08T14:30:43.853Z		2.13.99	3.6.51	1.8.0_472-b09
R0401	GBP/USD	1617411600000	1617415200000	retrieval_error_hour	readTicks	1	success	true	0					0	0	e3b0c44298fc1c149afbf4c8996fb92427ae41e4649b934ca495991b7852b855	2026-09-08T14:30:43.854Z		2.13.99	3.6.51	1.8.0_472-b09
R0401	GBP/USD	1617411600000	1617415200000	retrieval_error_hour	getBars	1	success	not_applicable	60	1617411600000	1.38272	1617415140000	1.38272	1	0	c21219dadda7b5fecea38cd78e19e8b3fe4785de1a77aef0004923386635fae2	2026-09-08T14:30:44.167Z		2.13.99	3.6.51	1.8.0_472-b09
R0402	GBP/USD	1617415200000	1617418800000	retrieval_error_hour	getTicks	1	success	not_applicable	0					0	0	e3b0c44298fc1c149afbf4c8996fb92427ae41e4649b934ca495991b7852b855	2026-09-08T14:30:44.416Z		2.13.99	3.6.51	1.8.0_472-b09
R0402	GBP/USD	1617415200000	1617418800000	retrieval_error_hour	readTicks	1	success	true	0					0	0	e3b0c44298fc1c149afbf4c8996fb92427ae41e4649b934ca495991b7852b855	2026-09-08T14:30:44.417Z		2.13.99	3.6.51	1.8.0_472-b09
R0402	GBP/USD	1617415200000	1617418800000	retrieval_error_hour	getBars	1	success	not_applicable	60	1617415200000	1.38272	1617418740000	1.38272	1	0	cbfb6c8910e7ba1c04eb36362d817c01ee470997209bc2174eaef06a421223d2	2026-09-08T14:30:44.418Z		2.13.99	3.6.51	1.8.0_472-b09
R0403	GBP/USD	1617508800000	1617512400000	retrieval_error_hour	getTicks	1	success	not_applicable	0					0	0	e3b0c44298fc1c149afbf4c8996fb92427ae41e4649b934ca495991b7852b855	2026-09-08T14:31:01.244Z		2.13.99	3.6.51	1.8.0_472-b09
R0403	GBP/USD	1617508800000	1617512400000	retrieval_error_hour	readTicks	1	success	true	0					0	0	e3b0c44298fc1c149afbf4c8996fb92427ae41e4649b934ca495991b7852b855	2026-09-08T14:31:01.244Z		2.13.99	3.6.51	1.8.0_472-b09
R0403	GBP/USD	1617508800000	1617512400000	retrieval_error_hour	getBars	1	success	not_applicable	60	1617508800000	1.38272	1617512340000	1.38272	1	0	66c835a5c0f9e9b01716a3ea64f479547e8104c1009a27e82989528532d7d7dc	2026-09-08T14:31:01.734Z		2.13.99	3.6.51	1.8.0_472-b09
R0404	GBP/USD	1617516000000	1617519600000	retrieval_error_hour	getTicks	1	success	not_applicable	0					0	0	e3b0c44298fc1c149afbf4c8996fb92427ae41e4649b934ca495991b7852b855	2026-09-08T14:31:02.320Z		2.13.99	3.6.51	1.8.0_472-b09
R0404	GBP/USD	1617516000000	1617519600000	retrieval_error_hour	readTicks	1	success	true	0					0	0	e3b0c44298fc1c149afbf4c8996fb92427ae41e4649b934ca495991b7852b855	2026-09-08T14:31:02.321Z		2.13.99	3.6.51	1.8.0_472-b09
R0404	GBP/USD	1617516000000	1617519600000	retrieval_error_hour	getBars	1	success	not_applicable	60	1617516000000	1.38272	1617519540000	1.38272	1	0	1e6de3eddda9decb15cca9b9777c60316affb9bddcdf338ad69fde6342ac57c8	2026-09-08T14:31:02.321Z		2.13.99	3.6.51	1.8.0_472-b09
R0405	GBP/USD	1621195200000	1621198800000	retrieval_error_hour	getTicks	1	success	not_applicable	0					0	0	e3b0c44298fc1c149afbf4c8996fb92427ae41e4649b934ca495991b7852b855	2026-09-08T14:31:03.296Z		2.13.99	3.6.51	1.8.0_472-b09
R0405	GBP/USD	1621195200000	1621198800000	retrieval_error_hour	readTicks	1	success	true	0					0	0	e3b0c44298fc1c149afbf4c8996fb92427ae41e4649b934ca495991b7852b855	2026-09-08T14:31:03.296Z		2.13.99	3.6.51	1.8.0_472-b09
R0405	GBP/USD	1621195200000	1621198800000	retrieval_error_hour	getBars	1	success	not_applicable	60	1621195200000	1.40945	1621198740000	1.40945	1	0	cfa642bf027451080334759acb025dd14a0de4626372c1fb59424f81f62e436e	2026-09-08T14:31:03.528Z		2.13.99	3.6.51	1.8.0_472-b09
R0406	GBP/USD	1621627200000	1621630800000	retrieval_error_hour	getTicks	1	success	not_applicable	1918	1621627200079	1.41538	1621630799497	1.41409	0	0	52fd9c127bcbc285ebb250e0ec26c4ffbe00361d4d8a4472b6058f60b55de19b	2026-09-08T14:31:04.105Z		2.13.99	3.6.51	1.8.0_472-b09
R0406	GBP/USD	1621627200000	1621630800000	retrieval_error_hour	readTicks	1	success	true	1918	1621627200079	1.41538	1621630799497	1.41409	0	0	52fd9c127bcbc285ebb250e0ec26c4ffbe00361d4d8a4472b6058f60b55de19b	2026-09-08T14:31:04.109Z		2.13.99	3.6.51	1.8.0_472-b09
R0406	GBP/USD	1621627200000	1621630800000	retrieval_error_hour	getBars	1	success	not_applicable	60	1621627200000	1.41538	1621630740000	1.41458	1	0	7c637f112c7c9ee43b5a8ac393dd206d168d22d605024279df0cba728e92c05f	2026-09-08T14:31:04.350Z		2.13.99	3.6.51	1.8.0_472-b09
R0407	GBP/USD	1621731600000	1621735200000	retrieval_error_hour	getTicks	1	success	not_applicable	0					0	0	e3b0c44298fc1c149afbf4c8996fb92427ae41e4649b934ca495991b7852b855	2026-09-08T14:31:04.826Z		2.13.99	3.6.51	1.8.0_472-b09
R0407	GBP/USD	1621731600000	1621735200000	retrieval_error_hour	readTicks	1	success	true	0					0	0	e3b0c44298fc1c149afbf4c8996fb92427ae41e4649b934ca495991b7852b855	2026-09-08T14:31:04.827Z		2.13.99	3.6.51	1.8.0_472-b09
R0407	GBP/USD	1621731600000	1621735200000	retrieval_error_hour	getBars	1	success	not_applicable	60	1621731600000	1.41409	1621735140000	1.41409	1	0	3a804756ea2dd85cf66eb9ce6595f4d7ee98953c0d2c19776e32f851c3d401d3	2026-09-08T14:31:05.070Z		2.13.99	3.6.51	1.8.0_472-b09
R0408	GBP/USD	1621771200000	1621774800000	retrieval_error_hour	getTicks	1	success	not_applicable	0					0	0	e3b0c44298fc1c149afbf4c8996fb92427ae41e4649b934ca495991b7852b855	2026-09-08T14:31:05.580Z		2.13.99	3.6.51	1.8.0_472-b09
R0408	GBP/USD	1621771200000	1621774800000	retrieval_error_hour	readTicks	1	success	true	0					0	0	e3b0c44298fc1c149afbf4c8996fb92427ae41e4649b934ca495991b7852b855	2026-09-08T14:31:05.580Z		2.13.99	3.6.51	1.8.0_472-b09
R0408	GBP/USD	1621771200000	1621774800000	retrieval_error_hour	getBars	1	success	not_applicable	60	1621771200000	1.41409	1621774740000	1.41409	1	0	2128730479d92f60f13ef89c98d6d5eaa45eb49c3658993faa4213be9ac931e3	2026-09-08T14:31:05.581Z		2.13.99	3.6.51	1.8.0_472-b09
R0409	GBP/USD	1622340000000	1622343600000	retrieval_error_hour	getTicks	1	success	not_applicable	0					0	0	e3b0c44298fc1c149afbf4c8996fb92427ae41e4649b934ca495991b7852b855	2026-09-08T14:31:06.571Z		2.13.99	3.6.51	1.8.0_472-b09
R0409	GBP/USD	1622340000000	1622343600000	retrieval_error_hour	readTicks	1	success	true	0					0	0	e3b0c44298fc1c149afbf4c8996fb92427ae41e4649b934ca495991b7852b855	2026-09-08T14:31:06.571Z		2.13.99	3.6.51	1.8.0_472-b09
R0409	GBP/USD	1622340000000	1622343600000	retrieval_error_hour	getBars	1	success	not_applicable	60	1622340000000	1.41834	1622343540000	1.41834	1	0	06068ce34b3719999956bdf20d8fe07292339b4dd46b1a71b3acab9ead0af877	2026-09-08T14:31:06.885Z		2.13.99	3.6.51	1.8.0_472-b09
R0410	GBP/USD	1622376000000	1622379600000	retrieval_error_hour	getTicks	1	success	not_applicable	0					0	0	e3b0c44298fc1c149afbf4c8996fb92427ae41e4649b934ca495991b7852b855	2026-09-08T14:31:07.348Z		2.13.99	3.6.51	1.8.0_472-b09
R0410	GBP/USD	1622376000000	1622379600000	retrieval_error_hour	readTicks	1	success	true	0					0	0	e3b0c44298fc1c149afbf4c8996fb92427ae41e4649b934ca495991b7852b855	2026-09-08T14:31:07.348Z		2.13.99	3.6.51	1.8.0_472-b09
R0410	GBP/USD	1622376000000	1622379600000	retrieval_error_hour	getBars	1	success	not_applicable	60	1622376000000	1.41834	1622379540000	1.41834	1	0	4fcbf4da9f26ae94dd510cdf3d54f15265ab7085e9d0d6611820014a24b40d0d	2026-09-08T14:31:07.349Z		2.13.99	3.6.51	1.8.0_472-b09
R0411	GBP/USD	1624716000000	1624719600000	retrieval_error_hour	getTicks	1	success	not_applicable	0					0	0	e3b0c44298fc1c149afbf4c8996fb92427ae41e4649b934ca495991b7852b855	2026-09-08T14:31:07.917Z		2.13.99	3.6.51	1.8.0_472-b09
R0411	GBP/USD	1624716000000	1624719600000	retrieval_error_hour	readTicks	1	success	true	0					0	0	e3b0c44298fc1c149afbf4c8996fb92427ae41e4649b934ca495991b7852b855	2026-09-08T14:31:07.918Z		2.13.99	3.6.51	1.8.0_472-b09
R0411	GBP/USD	1624716000000	1624719600000	retrieval_error_hour	getBars	1	success	not_applicable	60	1624716000000	1.38779	1624719540000	1.38779	1	0	c1061f92a1efc8671e1e4f684d03a234d7c7ac39834e1f72d5491fda2727653a	2026-09-08T14:31:08.167Z		2.13.99	3.6.51	1.8.0_472-b09
R0412	GBP/USD	1625277600000	1625281200000	retrieval_error_hour	getTicks	1	success	not_applicable	0					0	0	e3b0c44298fc1c149afbf4c8996fb92427ae41e4649b934ca495991b7852b855	2026-09-08T14:31:08.664Z		2.13.99	3.6.51	1.8.0_472-b09
R0412	GBP/USD	1625277600000	1625281200000	retrieval_error_hour	readTicks	1	success	true	0					0	0	e3b0c44298fc1c149afbf4c8996fb92427ae41e4649b934ca495991b7852b855	2026-09-08T14:31:08.664Z		2.13.99	3.6.51	1.8.0_472-b09
R0412	GBP/USD	1625277600000	1625281200000	retrieval_error_hour	getBars	1	success	not_applicable	60	1625277600000	1.38244	1625281140000	1.38244	1	0	9f50b2b7dfe7cded132e96ca869466b1715b8d790effede69d7f927814100fa2	2026-09-08T14:31:08.979Z		2.13.99	3.6.51	1.8.0_472-b09
R0413	GBP/USD	1625331600000	1625335200000	retrieval_error_hour	getTicks	1	success	not_applicable	0					0	0	e3b0c44298fc1c149afbf4c8996fb92427ae41e4649b934ca495991b7852b855	2026-09-08T14:31:09.489Z		2.13.99	3.6.51	1.8.0_472-b09
R0413	GBP/USD	1625331600000	1625335200000	retrieval_error_hour	readTicks	1	success	true	0					0	0	e3b0c44298fc1c149afbf4c8996fb92427ae41e4649b934ca495991b7852b855	2026-09-08T14:31:09.489Z		2.13.99	3.6.51	1.8.0_472-b09
R0413	GBP/USD	1625331600000	1625335200000	retrieval_error_hour	getBars	1	success	not_applicable	60	1625331600000	1.38244	1625335140000	1.38244	1	0	5acec342b59e9c973a23c035d0c7def21f1ffb3c1fe8ba5a60156fd2288c676e	2026-09-08T14:31:09.489Z		2.13.99	3.6.51	1.8.0_472-b09
R0414	GBP/USD	1625432400000	1625436000000	retrieval_error_hour	getTicks	1	success	not_applicable	409	1625432732339	1.38189	1625435986838	1.38288	0	0	42e0cf44ae217f2ff9ad23cb40554f4afb680d1bbc93a7cf2894010e0e4ceba9	2026-09-08T14:31:09.997Z		2.13.99	3.6.51	1.8.0_472-b09
R0414	GBP/USD	1625432400000	1625436000000	retrieval_error_hour	readTicks	1	success	true	409	1625432732339	1.38189	1625435986838	1.38288	0	0	42e0cf44ae217f2ff9ad23cb40554f4afb680d1bbc93a7cf2894010e0e4ceba9	2026-09-08T14:31:09.999Z		2.13.99	3.6.51	1.8.0_472-b09
R0414	GBP/USD	1625432400000	1625436000000	retrieval_error_hour	getBars	1	success	not_applicable	60	1625432400000	1.38244	1625435940000	1.38291	1	0	f9c88c6677f8db70d7b145386b5595557aa489e48bc525421fab5adbd7b3242e	2026-09-08T14:31:10.410Z		2.13.99	3.6.51	1.8.0_472-b09
R0415	GBP/USD	1626624000000	1626627600000	retrieval_error_hour	getTicks	1	success	not_applicable	0					0	0	e3b0c44298fc1c149afbf4c8996fb92427ae41e4649b934ca495991b7852b855	2026-09-08T14:31:10.996Z		2.13.99	3.6.51	1.8.0_472-b09
R0415	GBP/USD	1626624000000	1626627600000	retrieval_error_hour	readTicks	1	success	true	0					0	0	e3b0c44298fc1c149afbf4c8996fb92427ae41e4649b934ca495991b7852b855	2026-09-08T14:31:10.997Z		2.13.99	3.6.51	1.8.0_472-b09
R0415	GBP/USD	1626624000000	1626627600000	retrieval_error_hour	getBars	1	success	not_applicable	60	1626624000000	1.37565	1626627540000	1.37565	1	0	610f73a9da5f12bd6fe1f185c171ed1403e64d4801fffe275aa7272088964885	2026-09-08T14:31:11.385Z		2.13.99	3.6.51	1.8.0_472-b09
R0416	GBP/USD	1626631200000	1626634800000	retrieval_error_hour	getTicks	1	success	not_applicable	0					0	0	e3b0c44298fc1c149afbf4c8996fb92427ae41e4649b934ca495991b7852b855	2026-09-08T14:31:12.205Z		2.13.99	3.6.51	1.8.0_472-b09
R0416	GBP/USD	1626631200000	1626634800000	retrieval_error_hour	readTicks	1	success	true	0					0	0	e3b0c44298fc1c149afbf4c8996fb92427ae41e4649b934ca495991b7852b855	2026-09-08T14:31:12.205Z		2.13.99	3.6.51	1.8.0_472-b09
R0416	GBP/USD	1626631200000	1626634800000	retrieval_error_hour	getBars	1	success	not_applicable	60	1626631200000	1.37565	1626634740000	1.37565	1	0	d3a5f897cb488832829ea4501ffda1dd42cb0d9437b21bbbf1210334b7a2cdce	2026-09-08T14:31:12.206Z		2.13.99	3.6.51	1.8.0_472-b09
R0417	GBP/USD	1627736400000	1627740000000	retrieval_error_hour	getTicks	1	success	not_applicable	0					0	0	e3b0c44298fc1c149afbf4c8996fb92427ae41e4649b934ca495991b7852b855	2026-09-08T14:31:12.886Z		2.13.99	3.6.51	1.8.0_472-b09
R0417	GBP/USD	1627736400000	1627740000000	retrieval_error_hour	readTicks	1	success	true	0					0	0	e3b0c44298fc1c149afbf4c8996fb92427ae41e4649b934ca495991b7852b855	2026-09-08T14:31:12.886Z		2.13.99	3.6.51	1.8.0_472-b09
R0417	GBP/USD	1627736400000	1627740000000	retrieval_error_hour	getBars	1	success	not_applicable	60	1627736400000	1.38959	1627739940000	1.38959	1	0	ae9bac8c3c12b1437990a4ca873d666758c8a72072510fe7861749756a2d1126	2026-09-08T14:31:13.106Z		2.13.99	3.6.51	1.8.0_472-b09
R0418	GBP/USD	1631433600000	1631437200000	retrieval_error_hour	getTicks	1	success	not_applicable	0					0	0	e3b0c44298fc1c149afbf4c8996fb92427ae41e4649b934ca495991b7852b855	2026-09-08T14:31:13.582Z		2.13.99	3.6.51	1.8.0_472-b09
R0418	GBP/USD	1631433600000	1631437200000	retrieval_error_hour	readTicks	1	success	true	0					0	0	e3b0c44298fc1c149afbf4c8996fb92427ae41e4649b934ca495991b7852b855	2026-09-08T14:31:13.583Z		2.13.99	3.6.51	1.8.0_472-b09
R0418	GBP/USD	1631433600000	1631437200000	retrieval_error_hour	getBars	1	success	not_applicable	60	1631433600000	1.38299	1631437140000	1.38299	1	0	0c5822ed3290d8498235d05b04b9ce2dc451014a04f7bc7f02781b855ba24acb	2026-09-08T14:31:13.849Z		2.13.99	3.6.51	1.8.0_472-b09
R0419	GBP/USD	1631941200000	1631944800000	retrieval_error_hour	getTicks	1	success	not_applicable	0					0	0	e3b0c44298fc1c149afbf4c8996fb92427ae41e4649b934ca495991b7852b855	2026-09-08T14:31:14.397Z		2.13.99	3.6.51	1.8.0_472-b09
R0419	GBP/USD	1631941200000	1631944800000	retrieval_error_hour	readTicks	1	success	true	0					0	0	e3b0c44298fc1c149afbf4c8996fb92427ae41e4649b934ca495991b7852b855	2026-09-08T14:31:14.398Z		2.13.99	3.6.51	1.8.0_472-b09
R0419	GBP/USD	1631941200000	1631944800000	retrieval_error_hour	getBars	1	success	not_applicable	60	1631941200000	1.37283	1631944740000	1.37283	1	0	67a6a36cca37a0d50273bdea8abe009b7276ca9b49f859724f2956e8459d132d	2026-09-08T14:31:14.639Z		2.13.99	3.6.51	1.8.0_472-b09
R0420	GBP/USD	1632031200000	1632034800000	retrieval_error_hour	getTicks	1	success	not_applicable	0					0	0	e3b0c44298fc1c149afbf4c8996fb92427ae41e4649b934ca495991b7852b855	2026-09-08T14:31:15.237Z		2.13.99	3.6.51	1.8.0_472-b09
R0420	GBP/USD	1632031200000	1632034800000	retrieval_error_hour	readTicks	1	success	true	0					0	0	e3b0c44298fc1c149afbf4c8996fb92427ae41e4649b934ca495991b7852b855	2026-09-08T14:31:15.238Z		2.13.99	3.6.51	1.8.0_472-b09
R0420	GBP/USD	1632031200000	1632034800000	retrieval_error_hour	getBars	1	success	not_applicable	60	1632031200000	1.37283	1632034740000	1.37283	1	0	426f6855d746361d7dff54d033a7bd3678eef88c0c500bb42e35a7689736b9a8	2026-09-08T14:31:15.468Z		2.13.99	3.6.51	1.8.0_472-b09
R0421	GBP/USD	1632042000000	1632045600000	retrieval_error_hour	getTicks	1	success	not_applicable	0					0	0	e3b0c44298fc1c149afbf4c8996fb92427ae41e4649b934ca495991b7852b855	2026-09-08T14:31:15.947Z		2.13.99	3.6.51	1.8.0_472-b09
R0421	GBP/USD	1632042000000	1632045600000	retrieval_error_hour	readTicks	1	success	true	0					0	0	e3b0c44298fc1c149afbf4c8996fb92427ae41e4649b934ca495991b7852b855	2026-09-08T14:31:15.948Z		2.13.99	3.6.51	1.8.0_472-b09
R0421	GBP/USD	1632042000000	1632045600000	retrieval_error_hour	getBars	1	success	not_applicable	60	1632042000000	1.37283	1632045540000	1.37283	1	0	2619103486c0594e3a260494703b088c91781ed16ac8c8312ea44622f12b7d6d	2026-09-08T14:31:15.949Z		2.13.99	3.6.51	1.8.0_472-b09
R0422	GBP/USD	1632056400000	1632060000000	retrieval_error_hour	getTicks	1	success	not_applicable	0					0	0	e3b0c44298fc1c149afbf4c8996fb92427ae41e4649b934ca495991b7852b855	2026-09-08T14:31:16.502Z		2.13.99	3.6.51	1.8.0_472-b09
R0422	GBP/USD	1632056400000	1632060000000	retrieval_error_hour	readTicks	1	success	true	0					0	0	e3b0c44298fc1c149afbf4c8996fb92427ae41e4649b934ca495991b7852b855	2026-09-08T14:31:16.503Z		2.13.99	3.6.51	1.8.0_472-b09
R0422	GBP/USD	1632056400000	1632060000000	retrieval_error_hour	getBars	1	success	not_applicable	60	1632056400000	1.37283	1632059940000	1.37283	1	0	e96681a95a60971cb0a3b4fc7a8fe9c53eabe931cb824135ecb66918cc978e1b	2026-09-08T14:31:16.503Z		2.13.99	3.6.51	1.8.0_472-b09
R0423	GBP/USD	1632067200000	1632070800000	retrieval_error_hour	getTicks	1	success	not_applicable	0					0	0	e3b0c44298fc1c149afbf4c8996fb92427ae41e4649b934ca495991b7852b855	2026-09-08T14:31:17.187Z		2.13.99	3.6.51	1.8.0_472-b09
R0423	GBP/USD	1632067200000	1632070800000	retrieval_error_hour	readTicks	1	success	true	0					0	0	e3b0c44298fc1c149afbf4c8996fb92427ae41e4649b934ca495991b7852b855	2026-09-08T14:31:17.187Z		2.13.99	3.6.51	1.8.0_472-b09
R0423	GBP/USD	1632067200000	1632070800000	retrieval_error_hour	getBars	1	success	not_applicable	60	1632067200000	1.37283	1632070740000	1.37283	1	0	687eddbbb7e8500e729d141057813ad991f89d6dbeb61f25093d73f176e620c3	2026-09-08T14:31:17.188Z		2.13.99	3.6.51	1.8.0_472-b09
R0424	GBP/USD	1633208400000	1633212000000	retrieval_error_hour	getTicks	1	success	not_applicable	0					0	0	e3b0c44298fc1c149afbf4c8996fb92427ae41e4649b934ca495991b7852b855	2026-09-08T14:31:17.725Z		2.13.99	3.6.51	1.8.0_472-b09
R0424	GBP/USD	1633208400000	1633212000000	retrieval_error_hour	readTicks	1	success	true	0					0	0	e3b0c44298fc1c149afbf4c8996fb92427ae41e4649b934ca495991b7852b855	2026-09-08T14:31:17.725Z		2.13.99	3.6.51	1.8.0_472-b09
R0424	GBP/USD	1633208400000	1633212000000	retrieval_error_hour	getBars	1	success	not_applicable	60	1633208400000	1.35423	1633211940000	1.35423	1	0	81ef0396de3ffca993778d7045674eeb28aa14d8396bfd27d4ed91676cde0d9a	2026-09-08T14:31:17.947Z		2.13.99	3.6.51	1.8.0_472-b09
R0425	GBP/USD	1633237200000	1633240800000	retrieval_error_hour	getTicks	1	success	not_applicable	0					0	0	e3b0c44298fc1c149afbf4c8996fb92427ae41e4649b934ca495991b7852b855	2026-09-08T14:31:18.502Z		2.13.99	3.6.51	1.8.0_472-b09
R0425	GBP/USD	1633237200000	1633240800000	retrieval_error_hour	readTicks	1	success	true	0					0	0	e3b0c44298fc1c149afbf4c8996fb92427ae41e4649b934ca495991b7852b855	2026-09-08T14:31:18.503Z		2.13.99	3.6.51	1.8.0_472-b09
R0425	GBP/USD	1633237200000	1633240800000	retrieval_error_hour	getBars	1	success	not_applicable	60	1633237200000	1.35423	1633240740000	1.35423	1	0	637c60ece753c6e9df10ae215f2b9c9470bd0bb6118a8b2792d7af47500c758e	2026-09-08T14:31:18.792Z		2.13.99	3.6.51	1.8.0_472-b09
R0426	GBP/USD	1633266000000	1633269600000	retrieval_error_hour	getTicks	1	success	not_applicable	0					0	0	e3b0c44298fc1c149afbf4c8996fb92427ae41e4649b934ca495991b7852b855	2026-09-08T14:31:19.264Z		2.13.99	3.6.51	1.8.0_472-b09
R0426	GBP/USD	1633266000000	1633269600000	retrieval_error_hour	readTicks	1	success	true	0					0	0	e3b0c44298fc1c149afbf4c8996fb92427ae41e4649b934ca495991b7852b855	2026-09-08T14:31:19.264Z		2.13.99	3.6.51	1.8.0_472-b09
R0426	GBP/USD	1633266000000	1633269600000	retrieval_error_hour	getBars	1	success	not_applicable	60	1633266000000	1.35423	1633269540000	1.35423	1	0	eb5f9448f446668eba85a0fae1da0c9195b85ff69422284f5a29fb357d4c3b5f	2026-09-08T14:31:19.265Z		2.13.99	3.6.51	1.8.0_472-b09
R0427	GBP/USD	1633276800000	1633280400000	retrieval_error_hour	getTicks	1	success	not_applicable	0					0	0	e3b0c44298fc1c149afbf4c8996fb92427ae41e4649b934ca495991b7852b855	2026-09-08T14:31:19.925Z		2.13.99	3.6.51	1.8.0_472-b09
R0427	GBP/USD	1633276800000	1633280400000	retrieval_error_hour	readTicks	1	success	true	0					0	0	e3b0c44298fc1c149afbf4c8996fb92427ae41e4649b934ca495991b7852b855	2026-09-08T14:31:19.925Z		2.13.99	3.6.51	1.8.0_472-b09
R0427	GBP/USD	1633276800000	1633280400000	retrieval_error_hour	getBars	1	success	not_applicable	60	1633276800000	1.35423	1633280340000	1.35423	1	0	800a6871a1db447131052b75ec565c524909dbf17770861f34a71f6f7386dd42	2026-09-08T14:31:19.925Z		2.13.99	3.6.51	1.8.0_472-b09
R0428	GBP/USD	1634936400000	1634940000000	retrieval_error_hour	getTicks	1	success	not_applicable	0					0	0	e3b0c44298fc1c149afbf4c8996fb92427ae41e4649b934ca495991b7852b855	2026-09-08T14:31:20.462Z		2.13.99	3.6.51	1.8.0_472-b09
R0428	GBP/USD	1634936400000	1634940000000	retrieval_error_hour	readTicks	1	success	true	0					0	0	e3b0c44298fc1c149afbf4c8996fb92427ae41e4649b934ca495991b7852b855	2026-09-08T14:31:20.462Z		2.13.99	3.6.51	1.8.0_472-b09
R0428	GBP/USD	1634936400000	1634940000000	retrieval_error_hour	getBars	1	success	not_applicable	60	1634936400000	1.37514	1634939940000	1.37514	1	0	7238c46ef1c7eea8bbef58eaa8c43a2f6dbb78ea6adddf2b7c88c8af4951064a	2026-09-08T14:31:21.005Z		2.13.99	3.6.51	1.8.0_472-b09
R0429	GBP/USD	1634940000000	1634943600000	retrieval_error_hour	getTicks	1	success	not_applicable	0					0	0	e3b0c44298fc1c149afbf4c8996fb92427ae41e4649b934ca495991b7852b855	2026-09-08T14:31:21.216Z		2.13.99	3.6.51	1.8.0_472-b09
R0429	GBP/USD	1634940000000	1634943600000	retrieval_error_hour	readTicks	1	success	true	0					0	0	e3b0c44298fc1c149afbf4c8996fb92427ae41e4649b934ca495991b7852b855	2026-09-08T14:31:21.216Z		2.13.99	3.6.51	1.8.0_472-b09
R0429	GBP/USD	1634940000000	1634943600000	retrieval_error_hour	getBars	1	success	not_applicable	60	1634940000000	1.37514	1634943540000	1.37514	1	0	72241a07880a5bb28013973d2cc05e40b538cc7eed8c082c81f8b354df034174	2026-09-08T14:31:21.217Z		2.13.99	3.6.51	1.8.0_472-b09
R0430	GBP/USD	1634950800000	1634954400000	retrieval_error_hour	getTicks	1	success	not_applicable	0					0	0	e3b0c44298fc1c149afbf4c8996fb92427ae41e4649b934ca495991b7852b855	2026-09-08T14:31:21.877Z		2.13.99	3.6.51	1.8.0_472-b09
R0430	GBP/USD	1634950800000	1634954400000	retrieval_error_hour	readTicks	1	success	true	0					0	0	e3b0c44298fc1c149afbf4c8996fb92427ae41e4649b934ca495991b7852b855	2026-09-08T14:31:21.877Z		2.13.99	3.6.51	1.8.0_472-b09
R0430	GBP/USD	1634950800000	1634954400000	retrieval_error_hour	getBars	1	success	not_applicable	60	1634950800000	1.37514	1634954340000	1.37514	1	0	73e635f4ef3a1930b0d15136ad41fccec0ee5ae7804859c535e32517d0df676a	2026-09-08T14:31:22.534Z		2.13.99	3.6.51	1.8.0_472-b09
R0431	GBP/USD	1634961600000	1634965200000	retrieval_error_hour	getTicks	1	success	not_applicable	0					0	0	e3b0c44298fc1c149afbf4c8996fb92427ae41e4649b934ca495991b7852b855	2026-09-08T14:31:23.252Z		2.13.99	3.6.51	1.8.0_472-b09
R0431	GBP/USD	1634961600000	1634965200000	retrieval_error_hour	readTicks	1	success	true	0					0	0	e3b0c44298fc1c149afbf4c8996fb92427ae41e4649b934ca495991b7852b855	2026-09-08T14:31:23.252Z		2.13.99	3.6.51	1.8.0_472-b09
R0431	GBP/USD	1634961600000	1634965200000	retrieval_error_hour	getBars	1	success	not_applicable	60	1634961600000	1.37514	1634965140000	1.37514	1	0	9eb61effc74c59ec9525b3a712e016628c585389975707120a9dee0570a5ae0f	2026-09-08T14:31:23.253Z		2.13.99	3.6.51	1.8.0_472-b09
R0432	GBP/USD	1634983200000	1634986800000	retrieval_error_hour	getTicks	1	success	not_applicable	0					0	0	e3b0c44298fc1c149afbf4c8996fb92427ae41e4649b934ca495991b7852b855	2026-09-08T14:31:23.779Z		2.13.99	3.6.51	1.8.0_472-b09
R0432	GBP/USD	1634983200000	1634986800000	retrieval_error_hour	readTicks	1	success	true	0					0	0	e3b0c44298fc1c149afbf4c8996fb92427ae41e4649b934ca495991b7852b855	2026-09-08T14:31:23.779Z		2.13.99	3.6.51	1.8.0_472-b09
R0432	GBP/USD	1634983200000	1634986800000	retrieval_error_hour	getBars	1	success	not_applicable	60	1634983200000	1.37514	1634986740000	1.37514	1	0	4741b01f0525916a43c1269261950e9a460803db29f2f19ea6635ce6e2ee06aa	2026-09-08T14:31:23.780Z		2.13.99	3.6.51	1.8.0_472-b09
R0433	GBP/USD	1634990400000	1634994000000	retrieval_error_hour	getTicks	1	success	not_applicable	0					0	0	e3b0c44298fc1c149afbf4c8996fb92427ae41e4649b934ca495991b7852b855	2026-09-08T14:31:24.279Z		2.13.99	3.6.51	1.8.0_472-b09
R0433	GBP/USD	1634990400000	1634994000000	retrieval_error_hour	readTicks	1	success	true	0					0	0	e3b0c44298fc1c149afbf4c8996fb92427ae41e4649b934ca495991b7852b855	2026-09-08T14:31:24.279Z		2.13.99	3.6.51	1.8.0_472-b09
R0433	GBP/USD	1634990400000	1634994000000	retrieval_error_hour	getBars	1	success	not_applicable	60	1634990400000	1.37514	1634993940000	1.37514	1	0	22f7f485219aea947f5287574118d11567d949c885a79f19bcb4fdda9f2b0296	2026-09-08T14:31:24.279Z		2.13.99	3.6.51	1.8.0_472-b09
R0434	GBP/USD	1635048000000	1635051600000	retrieval_error_hour	getTicks	1	success	not_applicable	0					0	0	e3b0c44298fc1c149afbf4c8996fb92427ae41e4649b934ca495991b7852b855	2026-09-08T14:31:24.737Z		2.13.99	3.6.51	1.8.0_472-b09
R0434	GBP/USD	1635048000000	1635051600000	retrieval_error_hour	readTicks	1	success	true	0					0	0	e3b0c44298fc1c149afbf4c8996fb92427ae41e4649b934ca495991b7852b855	2026-09-08T14:31:24.739Z		2.13.99	3.6.51	1.8.0_472-b09
R0434	GBP/USD	1635048000000	1635051600000	retrieval_error_hour	getBars	1	success	not_applicable	60	1635048000000	1.37514	1635051540000	1.37514	1	0	9dd5890c115070651fdd2683772d4fc7b13a2fdea84a990a2cbbd37f2b057049	2026-09-08T14:31:24.981Z		2.13.99	3.6.51	1.8.0_472-b09
R0435	GBP/USD	1635051600000	1635055200000	retrieval_error_hour	getTicks	1	success	not_applicable	0					0	0	e3b0c44298fc1c149afbf4c8996fb92427ae41e4649b934ca495991b7852b855	2026-09-08T14:31:25.482Z		2.13.99	3.6.51	1.8.0_472-b09
R0435	GBP/USD	1635051600000	1635055200000	retrieval_error_hour	readTicks	1	success	true	0					0	0	e3b0c44298fc1c149afbf4c8996fb92427ae41e4649b934ca495991b7852b855	2026-09-08T14:31:25.483Z		2.13.99	3.6.51	1.8.0_472-b09
R0435	GBP/USD	1635051600000	1635055200000	retrieval_error_hour	getBars	1	success	not_applicable	60	1635051600000	1.37514	1635055140000	1.37514	1	0	f6c2ecae259f314a3ef76cc8c48d45f06f93454a657c42107d24222b6a4b1402	2026-09-08T14:31:25.483Z		2.13.99	3.6.51	1.8.0_472-b09
R0436	GBP/USD	1635548400000	1635552000000	retrieval_error_hour	getTicks	1	success	not_applicable	0					0	0	e3b0c44298fc1c149afbf4c8996fb92427ae41e4649b934ca495991b7852b855	2026-09-08T14:31:26.279Z		2.13.99	3.6.51	1.8.0_472-b09
R0436	GBP/USD	1635548400000	1635552000000	retrieval_error_hour	readTicks	1	success	true	0					0	0	e3b0c44298fc1c149afbf4c8996fb92427ae41e4649b934ca495991b7852b855	2026-09-08T14:31:26.279Z		2.13.99	3.6.51	1.8.0_472-b09
R0436	GBP/USD	1635548400000	1635552000000	retrieval_error_hour	getBars	1	success	not_applicable	60	1635548400000	1.36762	1635551940000	1.36762	1	0	dbe80702789a6ff519a6fe2829d656875590b6ba85163816db01592b77e0fd7e	2026-09-08T14:31:26.771Z		2.13.99	3.6.51	1.8.0_472-b09
R0437	GBP/USD	1635573600000	1635577200000	retrieval_error_hour	getTicks	1	success	not_applicable	0					0	0	e3b0c44298fc1c149afbf4c8996fb92427ae41e4649b934ca495991b7852b855	2026-09-08T14:31:27.589Z		2.13.99	3.6.51	1.8.0_472-b09
R0437	GBP/USD	1635573600000	1635577200000	retrieval_error_hour	readTicks	1	success	true	0					0	0	e3b0c44298fc1c149afbf4c8996fb92427ae41e4649b934ca495991b7852b855	2026-09-08T14:31:27.589Z		2.13.99	3.6.51	1.8.0_472-b09
R0437	GBP/USD	1635573600000	1635577200000	retrieval_error_hour	getBars	1	success	not_applicable	60	1635573600000	1.36762	1635577140000	1.36762	1	0	8ea58865fbf3bd63c1753c0a4ab75317fee43c15745c2900226f71007af1bee0	2026-09-08T14:31:27.904Z		2.13.99	3.6.51	1.8.0_472-b09
R0438	GBP/USD	1635642000000	1635645600000	retrieval_error_hour	getTicks	1	success	not_applicable	0					0	0	e3b0c44298fc1c149afbf4c8996fb92427ae41e4649b934ca495991b7852b855	2026-09-08T14:31:28.372Z		2.13.99	3.6.51	1.8.0_472-b09
R0438	GBP/USD	1635642000000	1635645600000	retrieval_error_hour	readTicks	1	success	true	0					0	0	e3b0c44298fc1c149afbf4c8996fb92427ae41e4649b934ca495991b7852b855	2026-09-08T14:31:28.372Z		2.13.99	3.6.51	1.8.0_472-b09
R0438	GBP/USD	1635642000000	1635645600000	retrieval_error_hour	getBars	1	success	not_applicable	60	1635642000000	1.36762	1635645540000	1.36762	1	0	49b6af994302c4ea9d50d3481830b66bbe71e0c1715eab07acbfcefb1ea7db20	2026-09-08T14:31:28.634Z		2.13.99	3.6.51	1.8.0_472-b09
R0439	GBP/USD	1637352000000	1637355600000	retrieval_error_hour	getTicks	1	success	not_applicable	2179	1637352000142	1.34464	1637355599879	1.34421	0	0	f49b9347f8e1974d834f154dbed6ad93c2bf59e7105201841234da74cbdda871	2026-09-08T14:31:29.645Z		2.13.99	3.6.51	1.8.0_472-b09
R0439	GBP/USD	1637352000000	1637355600000	retrieval_error_hour	readTicks	1	success	true	2179	1637352000142	1.34464	1637355599879	1.34421	0	0	f49b9347f8e1974d834f154dbed6ad93c2bf59e7105201841234da74cbdda871	2026-09-08T14:31:29.650Z		2.13.99	3.6.51	1.8.0_472-b09
R0439	GBP/USD	1637352000000	1637355600000	retrieval_error_hour	getBars	1	success	not_applicable	60	1637352000000	1.34464	1637355540000	1.34439	1	0	3af256b78310e23f46fbfa3a620a21bfc3d9a6dea50b3e25828e4561c21716d9	2026-09-08T14:31:29.876Z		2.13.99	3.6.51	1.8.0_472-b09
R0440	GBP/USD	1637398800000	1637402400000	retrieval_error_hour	getTicks	1	success	not_applicable	0					0	0	e3b0c44298fc1c149afbf4c8996fb92427ae41e4649b934ca495991b7852b855	2026-09-08T14:31:30.312Z		2.13.99	3.6.51	1.8.0_472-b09
R0440	GBP/USD	1637398800000	1637402400000	retrieval_error_hour	readTicks	1	success	true	0					0	0	e3b0c44298fc1c149afbf4c8996fb92427ae41e4649b934ca495991b7852b855	2026-09-08T14:31:30.312Z		2.13.99	3.6.51	1.8.0_472-b09
R0440	GBP/USD	1637398800000	1637402400000	retrieval_error_hour	getBars	1	success	not_applicable	60	1637398800000	1.34486	1637402340000	1.34486	1	0	cbd70b3e27c39b1de8eb72da51bcbca44ffef3d8d8e18801c32eb88b4f1558e1	2026-09-08T14:31:30.598Z		2.13.99	3.6.51	1.8.0_472-b09
R0441	GBP/USD	1637402400000	1637406000000	retrieval_error_hour	getTicks	1	success	not_applicable	0					0	0	e3b0c44298fc1c149afbf4c8996fb92427ae41e4649b934ca495991b7852b855	2026-09-08T14:31:30.921Z		2.13.99	3.6.51	1.8.0_472-b09
R0441	GBP/USD	1637402400000	1637406000000	retrieval_error_hour	readTicks	1	success	true	0					0	0	e3b0c44298fc1c149afbf4c8996fb92427ae41e4649b934ca495991b7852b855	2026-09-08T14:31:30.921Z		2.13.99	3.6.51	1.8.0_472-b09
R0441	GBP/USD	1637402400000	1637406000000	retrieval_error_hour	getBars	1	success	not_applicable	60	1637402400000	1.34486	1637405940000	1.34486	1	0	ff7183f1177ac24971f9067f2b35d9227c540b6ebdd9f7bc08d069c8ad5cd60d	2026-09-08T14:31:30.922Z		2.13.99	3.6.51	1.8.0_472-b09
R0442	GBP/USD	1637474400000	1637478000000	retrieval_error_hour	getTicks	1	success	not_applicable	0					0	0	e3b0c44298fc1c149afbf4c8996fb92427ae41e4649b934ca495991b7852b855	2026-09-08T14:31:31.442Z		2.13.99	3.6.51	1.8.0_472-b09
R0442	GBP/USD	1637474400000	1637478000000	retrieval_error_hour	readTicks	1	success	true	0					0	0	e3b0c44298fc1c149afbf4c8996fb92427ae41e4649b934ca495991b7852b855	2026-09-08T14:31:31.443Z		2.13.99	3.6.51	1.8.0_472-b09
R0442	GBP/USD	1637474400000	1637478000000	retrieval_error_hour	getBars	1	success	not_applicable	60	1637474400000	1.34486	1637477940000	1.34486	1	0	d6380d917ece772c5e7b92f63fa7489457ea8b4fba68e35cfb839a8be40c2d0e	2026-09-08T14:31:43.537Z		2.13.99	3.6.51	1.8.0_472-b09
R0443	GBP/USD	1641020400000	1641024000000	retrieval_error_hour	getTicks	1	success	not_applicable	0					0	0	e3b0c44298fc1c149afbf4c8996fb92427ae41e4649b934ca495991b7852b855	2026-09-08T14:31:44.033Z		2.13.99	3.6.51	1.8.0_472-b09
R0443	GBP/USD	1641020400000	1641024000000	retrieval_error_hour	readTicks	1	success	true	0					0	0	e3b0c44298fc1c149afbf4c8996fb92427ae41e4649b934ca495991b7852b855	2026-09-08T14:31:44.033Z		2.13.99	3.6.51	1.8.0_472-b09
R0443	GBP/USD	1641020400000	1641024000000	retrieval_error_hour	getBars	1	success	not_applicable	60	1641020400000	1.35177	1641023940000	1.35177	1	0	c16961356dede671c4d9931ae9f376f664ea6c8a344dfdbb10f4e21b8cc36e49	2026-09-08T14:31:44.276Z		2.13.99	3.6.51	1.8.0_472-b09
R0444	GBP/USD	1641074400000	1641078000000	retrieval_error_hour	getTicks	1	success	not_applicable	0					0	0	e3b0c44298fc1c149afbf4c8996fb92427ae41e4649b934ca495991b7852b855	2026-09-08T14:31:44.715Z		2.13.99	3.6.51	1.8.0_472-b09
R0444	GBP/USD	1641074400000	1641078000000	retrieval_error_hour	readTicks	1	success	true	0					0	0	e3b0c44298fc1c149afbf4c8996fb92427ae41e4649b934ca495991b7852b855	2026-09-08T14:31:44.715Z		2.13.99	3.6.51	1.8.0_472-b09
R0444	GBP/USD	1641074400000	1641078000000	retrieval_error_hour	getBars	1	success	not_applicable	60	1641074400000	1.35177	1641077940000	1.35177	1	0	17ac91f40118b48d7c8b2b7c80e33717e161e3faebe7962279588b9e407f33ae	2026-09-08T14:31:44.716Z		2.13.99	3.6.51	1.8.0_472-b09
R0445	GBP/USD	1641092400000	1641096000000	retrieval_error_hour	getTicks	1	success	not_applicable	0					0	0	e3b0c44298fc1c149afbf4c8996fb92427ae41e4649b934ca495991b7852b855	2026-09-08T14:31:45.192Z		2.13.99	3.6.51	1.8.0_472-b09
R0445	GBP/USD	1641092400000	1641096000000	retrieval_error_hour	readTicks	1	success	true	0					0	0	e3b0c44298fc1c149afbf4c8996fb92427ae41e4649b934ca495991b7852b855	2026-09-08T14:31:45.192Z		2.13.99	3.6.51	1.8.0_472-b09
R0445	GBP/USD	1641092400000	1641096000000	retrieval_error_hour	getBars	1	success	not_applicable	60	1641092400000	1.35177	1641095940000	1.35177	1	0	672accae85908edc21eb1b9d2962886cd0fdbeecdd474dc9a1f41c8bc09143b5	2026-09-08T14:31:45.511Z		2.13.99	3.6.51	1.8.0_472-b09
R0446	GBP/USD	1641114000000	1641117600000	retrieval_error_hour	getTicks	1	success	not_applicable	0					0	0	e3b0c44298fc1c149afbf4c8996fb92427ae41e4649b934ca495991b7852b855	2026-09-08T14:31:46.057Z		2.13.99	3.6.51	1.8.0_472-b09
R0446	GBP/USD	1641114000000	1641117600000	retrieval_error_hour	readTicks	1	success	true	0					0	0	e3b0c44298fc1c149afbf4c8996fb92427ae41e4649b934ca495991b7852b855	2026-09-08T14:31:46.057Z		2.13.99	3.6.51	1.8.0_472-b09
R0446	GBP/USD	1641114000000	1641117600000	retrieval_error_hour	getBars	1	success	not_applicable	60	1641114000000	1.35177	1641117540000	1.35177	1	0	a924726bd6e6e7a78f35639075dfb126d75d66abcdd466b8ea1b944c4fb6d59b	2026-09-08T14:31:46.058Z		2.13.99	3.6.51	1.8.0_472-b09
R0447	GBP/USD	1641596400000	1641600000000	retrieval_error_hour	getTicks	1	success	not_applicable	0					0	0	e3b0c44298fc1c149afbf4c8996fb92427ae41e4649b934ca495991b7852b855	2026-09-08T14:31:46.577Z		2.13.99	3.6.51	1.8.0_472-b09
R0447	GBP/USD	1641596400000	1641600000000	retrieval_error_hour	readTicks	1	success	true	0					0	0	e3b0c44298fc1c149afbf4c8996fb92427ae41e4649b934ca495991b7852b855	2026-09-08T14:31:46.578Z		2.13.99	3.6.51	1.8.0_472-b09
R0447	GBP/USD	1641596400000	1641600000000	retrieval_error_hour	getBars	1	success	not_applicable	60	1641596400000	1.35827	1641599940000	1.35827	1	0	0eb2799713fed3ec67382b54a944e713add26fd6416eac8c22ce6ef8350c065b	2026-09-08T14:31:47.045Z		2.13.99	3.6.51	1.8.0_472-b09
R0448	GBP/USD	1641632400000	1641636000000	retrieval_error_hour	getTicks	1	success	not_applicable	0					0	0	e3b0c44298fc1c149afbf4c8996fb92427ae41e4649b934ca495991b7852b855	2026-09-08T14:31:47.532Z		2.13.99	3.6.51	1.8.0_472-b09
R0448	GBP/USD	1641632400000	1641636000000	retrieval_error_hour	readTicks	1	success	true	0					0	0	e3b0c44298fc1c149afbf4c8996fb92427ae41e4649b934ca495991b7852b855	2026-09-08T14:31:47.532Z		2.13.99	3.6.51	1.8.0_472-b09
R0448	GBP/USD	1641632400000	1641636000000	retrieval_error_hour	getBars	1	success	not_applicable	60	1641632400000	1.35827	1641635940000	1.35827	1	0	748e365dd8f2d66ac5d9a1d0ec46456976d6ede6bcd002e5654b3ff4c467ab83	2026-09-08T14:31:47.917Z		2.13.99	3.6.51	1.8.0_472-b09
R0449	GBP/USD	1641646800000	1641650400000	retrieval_error_hour	getTicks	1	success	not_applicable	0					0	0	e3b0c44298fc1c149afbf4c8996fb92427ae41e4649b934ca495991b7852b855	2026-09-08T14:31:48.371Z		2.13.99	3.6.51	1.8.0_472-b09
R0449	GBP/USD	1641646800000	1641650400000	retrieval_error_hour	readTicks	1	success	true	0					0	0	e3b0c44298fc1c149afbf4c8996fb92427ae41e4649b934ca495991b7852b855	2026-09-08T14:31:48.371Z		2.13.99	3.6.51	1.8.0_472-b09
R0449	GBP/USD	1641646800000	1641650400000	retrieval_error_hour	getBars	1	success	not_applicable	60	1641646800000	1.35827	1641650340000	1.35827	1	0	fee41313fdb5874825b615192c0da927aea66c09323b4b83ca9750c3c2139df5	2026-09-08T14:31:48.372Z		2.13.99	3.6.51	1.8.0_472-b09
R0450	GBP/USD	1641700800000	1641704400000	retrieval_error_hour	getTicks	1	success	not_applicable	0					0	0	e3b0c44298fc1c149afbf4c8996fb92427ae41e4649b934ca495991b7852b855	2026-09-08T14:31:48.924Z		2.13.99	3.6.51	1.8.0_472-b09
R0450	GBP/USD	1641700800000	1641704400000	retrieval_error_hour	readTicks	1	success	true	0					0	0	e3b0c44298fc1c149afbf4c8996fb92427ae41e4649b934ca495991b7852b855	2026-09-08T14:31:48.924Z		2.13.99	3.6.51	1.8.0_472-b09
R0450	GBP/USD	1641700800000	1641704400000	retrieval_error_hour	getBars	1	success	not_applicable	60	1641700800000	1.35827	1641704340000	1.35827	1	0	fa919790dee3bb48c2623ebf9fb9e43c7244a5db3e6ff1131ba83460367f5c24	2026-09-08T14:31:49.302Z		2.13.99	3.6.51	1.8.0_472-b09
R0451	GBP/USD	1641715200000	1641718800000	retrieval_error_hour	getTicks	1	success	not_applicable	0					0	0	e3b0c44298fc1c149afbf4c8996fb92427ae41e4649b934ca495991b7852b855	2026-09-08T14:31:49.823Z		2.13.99	3.6.51	1.8.0_472-b09
R0451	GBP/USD	1641715200000	1641718800000	retrieval_error_hour	readTicks	1	success	true	0					0	0	e3b0c44298fc1c149afbf4c8996fb92427ae41e4649b934ca495991b7852b855	2026-09-08T14:31:49.823Z		2.13.99	3.6.51	1.8.0_472-b09
R0451	GBP/USD	1641715200000	1641718800000	retrieval_error_hour	getBars	1	success	not_applicable	60	1641715200000	1.35827	1641718740000	1.35827	1	0	31b8f1564dd4d647b4db38d1f2d73cc6fcac74cd6c1414150a0fe8a8fb00a551	2026-09-08T14:31:49.824Z		2.13.99	3.6.51	1.8.0_472-b09
R0452	GBP/USD	1641736800000	1641740400000	retrieval_error_hour	getTicks	1	success	not_applicable	0					0	0	e3b0c44298fc1c149afbf4c8996fb92427ae41e4649b934ca495991b7852b855	2026-09-08T14:31:50.293Z		2.13.99	3.6.51	1.8.0_472-b09
R0452	GBP/USD	1641736800000	1641740400000	retrieval_error_hour	readTicks	1	success	true	0					0	0	e3b0c44298fc1c149afbf4c8996fb92427ae41e4649b934ca495991b7852b855	2026-09-08T14:31:50.294Z		2.13.99	3.6.51	1.8.0_472-b09
R0452	GBP/USD	1641736800000	1641740400000	retrieval_error_hour	getBars	1	success	not_applicable	60	1641736800000	1.35827	1641740340000	1.35827	1	0	e59cc930a8eccbad8485b455085e6f425a9759ce60f1d832c3252b154ce4475d	2026-09-08T14:31:50.294Z		2.13.99	3.6.51	1.8.0_472-b09
R0453	GBP/USD	1641758400000	1641762000000	retrieval_error_hour	getTicks	1	success	not_applicable	0					0	0	e3b0c44298fc1c149afbf4c8996fb92427ae41e4649b934ca495991b7852b855	2026-09-08T14:31:50.844Z		2.13.99	3.6.51	1.8.0_472-b09
R0453	GBP/USD	1641758400000	1641762000000	retrieval_error_hour	readTicks	1	success	true	0					0	0	e3b0c44298fc1c149afbf4c8996fb92427ae41e4649b934ca495991b7852b855	2026-09-08T14:31:50.845Z		2.13.99	3.6.51	1.8.0_472-b09
R0453	GBP/USD	1641758400000	1641762000000	retrieval_error_hour	getBars	1	success	not_applicable	60	1641758400000	1.35827	1641761940000	1.35827	1	0	7727445e7d87485cb8de4e2f6cba505bbf72f06bfd9ed04287f1c5827f940547	2026-09-08T14:31:50.846Z		2.13.99	3.6.51	1.8.0_472-b09
R0454	GBP/USD	1642107600000	1642111200000	retrieval_error_hour	getTicks	1	success	not_applicable	940	1642107600044	1.37032	1642111199066	1.3705	0	0	337c1a450e4f18f7e0972295f1121233df6ab9ddcb28603b3ccb717b54aeb49b	2026-09-08T14:31:51.362Z		2.13.99	3.6.51	1.8.0_472-b09
R0454	GBP/USD	1642107600000	1642111200000	retrieval_error_hour	readTicks	1	success	true	940	1642107600044	1.37032	1642111199066	1.3705	0	0	337c1a450e4f18f7e0972295f1121233df6ab9ddcb28603b3ccb717b54aeb49b	2026-09-08T14:31:51.365Z		2.13.99	3.6.51	1.8.0_472-b09
R0454	GBP/USD	1642107600000	1642111200000	retrieval_error_hour	getBars	1	success	not_applicable	60	1642107600000	1.37032	1642111140000	1.3705	1	0	0bac0f3c89f5e7dbacb0c5add6e7bcc69ab8ec0511f5057b00ca1640df5cbd4f	2026-09-08T14:31:51.788Z		2.13.99	3.6.51	1.8.0_472-b09
R0455	GBP/USD	1647637200000	1647640800000	retrieval_error_hour	getTicks	1	success	not_applicable	0					0	0	e3b0c44298fc1c149afbf4c8996fb92427ae41e4649b934ca495991b7852b855	2026-09-08T14:31:52.264Z		2.13.99	3.6.51	1.8.0_472-b09
R0455	GBP/USD	1647637200000	1647640800000	retrieval_error_hour	readTicks	1	success	true	0					0	0	e3b0c44298fc1c149afbf4c8996fb92427ae41e4649b934ca495991b7852b855	2026-09-08T14:31:52.265Z		2.13.99	3.6.51	1.8.0_472-b09
R0455	GBP/USD	1647637200000	1647640800000	retrieval_error_hour	getBars	1	success	not_applicable	60	1647637200000	1.31758	1647640740000	1.31758	1	0	db0a849d8436f8183159f1fb3fe9d31a838375a381ed30ae0c34061fb8a0ff8b	2026-09-08T14:31:52.621Z		2.13.99	3.6.51	1.8.0_472-b09
R0456	GBP/USD	1647709200000	1647712800000	retrieval_error_hour	getTicks	1	success	not_applicable	0					0	0	e3b0c44298fc1c149afbf4c8996fb92427ae41e4649b934ca495991b7852b855	2026-09-08T14:31:53.189Z		2.13.99	3.6.51	1.8.0_472-b09
R0456	GBP/USD	1647709200000	1647712800000	retrieval_error_hour	readTicks	1	success	true	0					0	0	e3b0c44298fc1c149afbf4c8996fb92427ae41e4649b934ca495991b7852b855	2026-09-08T14:31:53.189Z		2.13.99	3.6.51	1.8.0_472-b09
R0456	GBP/USD	1647709200000	1647712800000	retrieval_error_hour	getBars	1	success	not_applicable	60	1647709200000	1.31758	1647712740000	1.31758	1	0	8c0efa137b959c97a8587f1fadb2eda6a346ebc65b4ef96ccc833b7ae0fbf9a2	2026-09-08T14:31:53.482Z		2.13.99	3.6.51	1.8.0_472-b09
R0457	GBP/USD	1647723600000	1647727200000	retrieval_error_hour	getTicks	1	success	not_applicable	0					0	0	e3b0c44298fc1c149afbf4c8996fb92427ae41e4649b934ca495991b7852b855	2026-09-08T14:31:53.989Z		2.13.99	3.6.51	1.8.0_472-b09
R0457	GBP/USD	1647723600000	1647727200000	retrieval_error_hour	readTicks	1	success	true	0					0	0	e3b0c44298fc1c149afbf4c8996fb92427ae41e4649b934ca495991b7852b855	2026-09-08T14:31:53.990Z		2.13.99	3.6.51	1.8.0_472-b09
R0457	GBP/USD	1647723600000	1647727200000	retrieval_error_hour	getBars	1	success	not_applicable	60	1647723600000	1.31758	1647727140000	1.31758	1	0	98e8f8de0c5be25c47b325ce7ae5c8a0134c94397813ae944059d2b706735a0a	2026-09-08T14:31:53.991Z		2.13.99	3.6.51	1.8.0_472-b09
R0458	GBP/USD	1647734400000	1647738000000	retrieval_error_hour	getTicks	1	success	not_applicable	0					0	0	e3b0c44298fc1c149afbf4c8996fb92427ae41e4649b934ca495991b7852b855	2026-09-08T14:31:54.479Z		2.13.99	3.6.51	1.8.0_472-b09
R0458	GBP/USD	1647734400000	1647738000000	retrieval_error_hour	readTicks	1	success	true	0					0	0	e3b0c44298fc1c149afbf4c8996fb92427ae41e4649b934ca495991b7852b855	2026-09-08T14:31:54.480Z		2.13.99	3.6.51	1.8.0_472-b09
R0458	GBP/USD	1647734400000	1647738000000	retrieval_error_hour	getBars	1	success	not_applicable	60	1647734400000	1.31758	1647737940000	1.31758	1	0	edfa02038340da798ccf5c4d1cc30ee454136b8b19793c528d87dd37c7b7130c	2026-09-08T14:31:54.775Z		2.13.99	3.6.51	1.8.0_472-b09
R0459	GBP/USD	1647748800000	1647752400000	retrieval_error_hour	getTicks	1	success	not_applicable	0					0	0	e3b0c44298fc1c149afbf4c8996fb92427ae41e4649b934ca495991b7852b855	2026-09-08T14:31:55.332Z		2.13.99	3.6.51	1.8.0_472-b09
R0459	GBP/USD	1647748800000	1647752400000	retrieval_error_hour	readTicks	1	success	true	0					0	0	e3b0c44298fc1c149afbf4c8996fb92427ae41e4649b934ca495991b7852b855	2026-09-08T14:31:55.332Z		2.13.99	3.6.51	1.8.0_472-b09
R0459	GBP/USD	1647748800000	1647752400000	retrieval_error_hour	getBars	1	success	not_applicable	60	1647748800000	1.31758	1647752340000	1.31758	1	0	67458c1227ac53b601880eaf1f92d72f17484d7065d9a073763111f5a9ce75e4	2026-09-08T14:31:55.332Z		2.13.99	3.6.51	1.8.0_472-b09
R0460	GBP/USD	1647781200000	1647784800000	retrieval_error_hour	getTicks	1	success	not_applicable	0					0	0	e3b0c44298fc1c149afbf4c8996fb92427ae41e4649b934ca495991b7852b855	2026-09-08T14:31:55.911Z		2.13.99	3.6.51	1.8.0_472-b09
R0460	GBP/USD	1647781200000	1647784800000	retrieval_error_hour	readTicks	1	success	true	0					0	0	e3b0c44298fc1c149afbf4c8996fb92427ae41e4649b934ca495991b7852b855	2026-09-08T14:31:55.911Z		2.13.99	3.6.51	1.8.0_472-b09
R0460	GBP/USD	1647781200000	1647784800000	retrieval_error_hour	getBars	1	success	not_applicable	60	1647781200000	1.31758	1647784740000	1.31758	1	0	d5549b5ec992749f3ca2cb3361d145dc12fcf8d4412e58dc667028405b6c22a0	2026-09-08T14:31:55.911Z		2.13.99	3.6.51	1.8.0_472-b09
R0461	GBP/USD	1647795600000	1647799200000	retrieval_error_hour	getTicks	1	success	not_applicable	0					0	0	e3b0c44298fc1c149afbf4c8996fb92427ae41e4649b934ca495991b7852b855	2026-09-08T14:31:56.369Z		2.13.99	3.6.51	1.8.0_472-b09
R0461	GBP/USD	1647795600000	1647799200000	retrieval_error_hour	readTicks	1	success	true	0					0	0	e3b0c44298fc1c149afbf4c8996fb92427ae41e4649b934ca495991b7852b855	2026-09-08T14:31:56.370Z		2.13.99	3.6.51	1.8.0_472-b09
R0461	GBP/USD	1647795600000	1647799200000	retrieval_error_hour	getBars	1	success	not_applicable	60	1647795600000	1.31758	1647799140000	1.31758	1	0	53c1026ccf61359385d114b04af50c76c6a4bad9d4c3bdd892dfa2743a462511	2026-09-08T14:31:56.373Z		2.13.99	3.6.51	1.8.0_472-b09
R0462	GBP/USD	1649574000000	1649577600000	retrieval_error_hour	getTicks	1	success	not_applicable	0					0	0	e3b0c44298fc1c149afbf4c8996fb92427ae41e4649b934ca495991b7852b855	2026-09-08T14:31:56.819Z		2.13.99	3.6.51	1.8.0_472-b09
R0462	GBP/USD	1649574000000	1649577600000	retrieval_error_hour	readTicks	1	success	true	0					0	0	e3b0c44298fc1c149afbf4c8996fb92427ae41e4649b934ca495991b7852b855	2026-09-08T14:31:56.819Z		2.13.99	3.6.51	1.8.0_472-b09
R0462	GBP/USD	1649574000000	1649577600000	retrieval_error_hour	getBars	1	success	not_applicable	60	1649574000000	1.30305	1649577540000	1.30305	1	0	3a656cec80d77b60749259ee1e2aa1b79c559c0ba9afd998d9ebdc61da23150c	2026-09-08T14:31:57.083Z		2.13.99	3.6.51	1.8.0_472-b09
R0463	GBP/USD	1649592000000	1649595600000	retrieval_error_hour	getTicks	1	success	not_applicable	0					0	0	e3b0c44298fc1c149afbf4c8996fb92427ae41e4649b934ca495991b7852b855	2026-09-08T14:31:57.810Z		2.13.99	3.6.51	1.8.0_472-b09
R0463	GBP/USD	1649592000000	1649595600000	retrieval_error_hour	readTicks	1	success	true	0					0	0	e3b0c44298fc1c149afbf4c8996fb92427ae41e4649b934ca495991b7852b855	2026-09-08T14:31:57.811Z		2.13.99	3.6.51	1.8.0_472-b09
R0463	GBP/USD	1649592000000	1649595600000	retrieval_error_hour	getBars	1	success	not_applicable	60	1649592000000	1.30305	1649595540000	1.30305	1	0	21cb9adfd95c2f94d080cc8456349793d59e49aa31f0bbaed83ad61a4886d397	2026-09-08T14:31:57.811Z		2.13.99	3.6.51	1.8.0_472-b09
R0464	GBP/USD	1650657600000	1650661200000	retrieval_error_hour	getTicks	1	success	not_applicable	1731	1650657600070	1.28276	1650661197350	1.28343	0	0	f4fff1664cd8d9d270c604feb6998bbd3cecaf9aaa979b3ba799bd57cb430ade	2026-09-08T14:31:58.445Z		2.13.99	3.6.51	1.8.0_472-b09
R0464	GBP/USD	1650657600000	1650661200000	retrieval_error_hour	readTicks	1	success	true	1731	1650657600070	1.28276	1650661197350	1.28343	0	0	f4fff1664cd8d9d270c604feb6998bbd3cecaf9aaa979b3ba799bd57cb430ade	2026-09-08T14:31:58.450Z		2.13.99	3.6.51	1.8.0_472-b09
R0464	GBP/USD	1650657600000	1650661200000	retrieval_error_hour	getBars	1	success	not_applicable	60	1650657600000	1.28276	1650661140000	1.28337	1	0	72ee167de5e4145631a823ed6cd48216a8ce20d49395ec710eb14d8ff8c4b304	2026-09-08T14:31:58.728Z		2.13.99	3.6.51	1.8.0_472-b09
R0465	GBP/USD	1650661200000	1650664800000	retrieval_error_hour	getTicks	1	success	not_applicable	0					0	0	e3b0c44298fc1c149afbf4c8996fb92427ae41e4649b934ca495991b7852b855	2026-09-08T14:31:58.964Z		2.13.99	3.6.51	1.8.0_472-b09
R0465	GBP/USD	1650661200000	1650664800000	retrieval_error_hour	readTicks	1	success	true	0					0	0	e3b0c44298fc1c149afbf4c8996fb92427ae41e4649b934ca495991b7852b855	2026-09-08T14:31:58.964Z		2.13.99	3.6.51	1.8.0_472-b09
R0465	GBP/USD	1650661200000	1650664800000	retrieval_error_hour	getBars	1	success	not_applicable	60	1650661200000	1.28343	1650664740000	1.28343	1	0	bb703fe4288c7c5b2ec3d4f72dcc2ac3d7f9459e415200db6c7b460f1b0778c7	2026-09-08T14:31:58.965Z		2.13.99	3.6.51	1.8.0_472-b09
R0466	GBP/USD	1650675600000	1650679200000	retrieval_error_hour	getTicks	1	success	not_applicable	0					0	0	e3b0c44298fc1c149afbf4c8996fb92427ae41e4649b934ca495991b7852b855	2026-09-08T14:31:59.513Z		2.13.99	3.6.51	1.8.0_472-b09
R0466	GBP/USD	1650675600000	1650679200000	retrieval_error_hour	readTicks	1	success	true	0					0	0	e3b0c44298fc1c149afbf4c8996fb92427ae41e4649b934ca495991b7852b855	2026-09-08T14:31:59.514Z		2.13.99	3.6.51	1.8.0_472-b09
R0466	GBP/USD	1650675600000	1650679200000	retrieval_error_hour	getBars	1	success	not_applicable	60	1650675600000	1.28343	1650679140000	1.28343	1	0	96af8395d503ffc72e949daa5dfe2be1c1824b49b7e4584cf7fcdd49c4cc966b	2026-09-08T14:31:59.755Z		2.13.99	3.6.51	1.8.0_472-b09
R0467	GBP/USD	1650722400000	1650726000000	retrieval_error_hour	getTicks	1	success	not_applicable	0					0	0	e3b0c44298fc1c149afbf4c8996fb92427ae41e4649b934ca495991b7852b855	2026-09-08T14:32:00.319Z		2.13.99	3.6.51	1.8.0_472-b09
R0467	GBP/USD	1650722400000	1650726000000	retrieval_error_hour	readTicks	1	success	true	0					0	0	e3b0c44298fc1c149afbf4c8996fb92427ae41e4649b934ca495991b7852b855	2026-09-08T14:32:00.319Z		2.13.99	3.6.51	1.8.0_472-b09
R0467	GBP/USD	1650722400000	1650726000000	retrieval_error_hour	getBars	1	success	not_applicable	60	1650722400000	1.28343	1650725940000	1.28343	1	0	577f4f34a241f768f7b14217f84fc8931f8b9801c2c8d595bde64b870dc6ba3e	2026-09-08T14:32:00.320Z		2.13.99	3.6.51	1.8.0_472-b09
R0468	GBP/USD	1650747600000	1650751200000	retrieval_error_hour	getTicks	1	success	not_applicable	0					0	0	e3b0c44298fc1c149afbf4c8996fb92427ae41e4649b934ca495991b7852b855	2026-09-08T14:32:00.886Z		2.13.99	3.6.51	1.8.0_472-b09
R0468	GBP/USD	1650747600000	1650751200000	retrieval_error_hour	readTicks	1	success	true	0					0	0	e3b0c44298fc1c149afbf4c8996fb92427ae41e4649b934ca495991b7852b855	2026-09-08T14:32:00.886Z		2.13.99	3.6.51	1.8.0_472-b09
R0468	GBP/USD	1650747600000	1650751200000	retrieval_error_hour	getBars	1	success	not_applicable	60	1650747600000	1.28343	1650751140000	1.28343	1	0	fd833aa6d1a0824ba102cf040af34a16d1c458f6f09367f0805398a542cc9839	2026-09-08T14:32:00.887Z		2.13.99	3.6.51	1.8.0_472-b09
R0469	GBP/USD	1650751200000	1650754800000	retrieval_error_hour	getTicks	1	success	not_applicable	0					0	0	e3b0c44298fc1c149afbf4c8996fb92427ae41e4649b934ca495991b7852b855	2026-09-08T14:32:01.226Z		2.13.99	3.6.51	1.8.0_472-b09
R0469	GBP/USD	1650751200000	1650754800000	retrieval_error_hour	readTicks	1	success	true	0					0	0	e3b0c44298fc1c149afbf4c8996fb92427ae41e4649b934ca495991b7852b855	2026-09-08T14:32:01.227Z		2.13.99	3.6.51	1.8.0_472-b09
R0469	GBP/USD	1650751200000	1650754800000	retrieval_error_hour	getBars	1	success	not_applicable	60	1650751200000	1.28343	1650754740000	1.28343	1	0	28b9d93cc438e3a965bce3aa34de8fecc1e0a2e231be78a7456781859cb82616	2026-09-08T14:32:01.227Z		2.13.99	3.6.51	1.8.0_472-b09
R0470	GBP/USD	1650772800000	1650776400000	retrieval_error_hour	getTicks	1	success	not_applicable	0					0	0	e3b0c44298fc1c149afbf4c8996fb92427ae41e4649b934ca495991b7852b855	2026-09-08T14:32:01.845Z		2.13.99	3.6.51	1.8.0_472-b09
R0470	GBP/USD	1650772800000	1650776400000	retrieval_error_hour	readTicks	1	success	true	0					0	0	e3b0c44298fc1c149afbf4c8996fb92427ae41e4649b934ca495991b7852b855	2026-09-08T14:32:01.845Z		2.13.99	3.6.51	1.8.0_472-b09
R0470	GBP/USD	1650772800000	1650776400000	retrieval_error_hour	getBars	1	success	not_applicable	60	1650772800000	1.28343	1650776340000	1.28343	1	0	4a127ef749ba928f79bcd76bcbdb8955dc079b912938fe871732d10cf4d065be	2026-09-08T14:32:02.144Z		2.13.99	3.6.51	1.8.0_472-b09
R0471	GBP/USD	1652626800000	1652630400000	retrieval_error_hour	getTicks	1	success	not_applicable	0					0	0	e3b0c44298fc1c149afbf4c8996fb92427ae41e4649b934ca495991b7852b855	2026-09-08T14:32:02.906Z		2.13.99	3.6.51	1.8.0_472-b09
R0471	GBP/USD	1652626800000	1652630400000	retrieval_error_hour	readTicks	1	success	true	0					0	0	e3b0c44298fc1c149afbf4c8996fb92427ae41e4649b934ca495991b7852b855	2026-09-08T14:32:02.907Z		2.13.99	3.6.51	1.8.0_472-b09
R0471	GBP/USD	1652626800000	1652630400000	retrieval_error_hour	getBars	1	success	not_applicable	60	1652626800000	1.22585	1652630340000	1.22585	1	0	b163d0848ca85659168b893c5436196eb07cecba814e5ce6c58c7ce78a742fb6	2026-09-08T14:32:03.211Z		2.13.99	3.6.51	1.8.0_472-b09
R0472	GBP/USD	1653789600000	1653793200000	retrieval_error_hour	getTicks	1	success	not_applicable	0					0	0	e3b0c44298fc1c149afbf4c8996fb92427ae41e4649b934ca495991b7852b855	2026-09-08T14:32:03.728Z		2.13.99	3.6.51	1.8.0_472-b09
R0472	GBP/USD	1653789600000	1653793200000	retrieval_error_hour	readTicks	1	success	true	0					0	0	e3b0c44298fc1c149afbf4c8996fb92427ae41e4649b934ca495991b7852b855	2026-09-08T14:32:03.729Z		2.13.99	3.6.51	1.8.0_472-b09
R0472	GBP/USD	1653789600000	1653793200000	retrieval_error_hour	getBars	1	success	not_applicable	60	1653789600000	1.26275	1653793140000	1.26275	1	0	ef0fb476ae1d1dbd60912794dda4cf55298dfdc4360a0757c729313d9fab5ad4	2026-09-08T14:32:03.975Z		2.13.99	3.6.51	1.8.0_472-b09
R0473	GBP/USD	1653793200000	1653796800000	retrieval_error_hour	getTicks	1	success	not_applicable	0					0	0	e3b0c44298fc1c149afbf4c8996fb92427ae41e4649b934ca495991b7852b855	2026-09-08T14:32:04.199Z		2.13.99	3.6.51	1.8.0_472-b09
R0473	GBP/USD	1653793200000	1653796800000	retrieval_error_hour	readTicks	1	success	true	0					0	0	e3b0c44298fc1c149afbf4c8996fb92427ae41e4649b934ca495991b7852b855	2026-09-08T14:32:04.199Z		2.13.99	3.6.51	1.8.0_472-b09
R0473	GBP/USD	1653793200000	1653796800000	retrieval_error_hour	getBars	1	success	not_applicable	60	1653793200000	1.26275	1653796740000	1.26275	1	0	ec140241f4904065db72394e0fc1bf8da32a99ab5ae2f10a0b053489121bcdc8	2026-09-08T14:32:04.200Z		2.13.99	3.6.51	1.8.0_472-b09
R0474	GBP/USD	1653796800000	1653800400000	retrieval_error_hour	getTicks	1	success	not_applicable	0					0	0	e3b0c44298fc1c149afbf4c8996fb92427ae41e4649b934ca495991b7852b855	2026-09-08T14:32:04.453Z		2.13.99	3.6.51	1.8.0_472-b09
R0474	GBP/USD	1653796800000	1653800400000	retrieval_error_hour	readTicks	1	success	true	0					0	0	e3b0c44298fc1c149afbf4c8996fb92427ae41e4649b934ca495991b7852b855	2026-09-08T14:32:04.454Z		2.13.99	3.6.51	1.8.0_472-b09
R0474	GBP/USD	1653796800000	1653800400000	retrieval_error_hour	getBars	1	success	not_applicable	60	1653796800000	1.26275	1653800340000	1.26275	1	0	a5706f19323f90ba59102994c91381fe180b8946d644dd2cb604d734a142fd12	2026-09-08T14:32:04.454Z		2.13.99	3.6.51	1.8.0_472-b09
R0475	GBP/USD	1653807600000	1653811200000	retrieval_error_hour	getTicks	1	success	not_applicable	0					0	0	e3b0c44298fc1c149afbf4c8996fb92427ae41e4649b934ca495991b7852b855	2026-09-08T14:32:04.950Z		2.13.99	3.6.51	1.8.0_472-b09
R0475	GBP/USD	1653807600000	1653811200000	retrieval_error_hour	readTicks	1	success	true	0					0	0	e3b0c44298fc1c149afbf4c8996fb92427ae41e4649b934ca495991b7852b855	2026-09-08T14:32:04.950Z		2.13.99	3.6.51	1.8.0_472-b09
R0475	GBP/USD	1653807600000	1653811200000	retrieval_error_hour	getBars	1	success	not_applicable	60	1653807600000	1.26275	1653811140000	1.26275	1	0	60462a56c61c3e13ffe2ef6e7ebf25044b9dd3fe907ed861a4d5d2419c3eebfd	2026-09-08T14:32:04.951Z		2.13.99	3.6.51	1.8.0_472-b09
R0476	GBP/USD	1653814800000	1653818400000	retrieval_error_hour	getTicks	1	success	not_applicable	0					0	0	e3b0c44298fc1c149afbf4c8996fb92427ae41e4649b934ca495991b7852b855	2026-09-08T14:32:05.416Z		2.13.99	3.6.51	1.8.0_472-b09
R0476	GBP/USD	1653814800000	1653818400000	retrieval_error_hour	readTicks	1	success	true	0					0	0	e3b0c44298fc1c149afbf4c8996fb92427ae41e4649b934ca495991b7852b855	2026-09-08T14:32:05.416Z		2.13.99	3.6.51	1.8.0_472-b09
R0476	GBP/USD	1653814800000	1653818400000	retrieval_error_hour	getBars	1	success	not_applicable	60	1653814800000	1.26275	1653818340000	1.26275	1	0	b4c237e61a7995db69765167750d87888e55f31bbe78f5c72e2cc85a9d103a34	2026-09-08T14:32:05.417Z		2.13.99	3.6.51	1.8.0_472-b09
R0477	GBP/USD	1653858000000	1653861600000	retrieval_error_hour	getTicks	1	success	not_applicable	270	1653858599859	1.26093	1653861564298	1.26258	0	0	c78775e08b29992c5ebf4924c367a4052abf76835951579ad2e5c6c4b5c0d423	2026-09-08T14:32:05.968Z		2.13.99	3.6.51	1.8.0_472-b09
R0477	GBP/USD	1653858000000	1653861600000	retrieval_error_hour	readTicks	1	success	true	270	1653858599859	1.26093	1653861564298	1.26258	0	0	c78775e08b29992c5ebf4924c367a4052abf76835951579ad2e5c6c4b5c0d423	2026-09-08T14:32:05.969Z		2.13.99	3.6.51	1.8.0_472-b09
R0477	GBP/USD	1653858000000	1653861600000	retrieval_error_hour	getBars	1	success	not_applicable	60	1653858000000	1.26275	1653861540000	1.26258	1	0	b57eca9abd3b9cb21fb1745c6399df297a6eea0a48f97d05eefb4e8737cdde7f	2026-09-08T14:32:05.970Z		2.13.99	3.6.51	1.8.0_472-b09
R0478	GBP/USD	1655582400000	1655586000000	retrieval_error_hour	getTicks	1	success	not_applicable	0					0	0	e3b0c44298fc1c149afbf4c8996fb92427ae41e4649b934ca495991b7852b855	2026-09-08T14:32:06.457Z		2.13.99	3.6.51	1.8.0_472-b09
R0478	GBP/USD	1655582400000	1655586000000	retrieval_error_hour	readTicks	1	success	true	0					0	0	e3b0c44298fc1c149afbf4c8996fb92427ae41e4649b934ca495991b7852b855	2026-09-08T14:32:06.457Z		2.13.99	3.6.51	1.8.0_472-b09
R0478	GBP/USD	1655582400000	1655586000000	retrieval_error_hour	getBars	1	success	not_applicable	60	1655582400000	1.22186	1655585940000	1.22186	1	0	1f78eb650bf5af9bd244241a649db259a92d8b202a5029081e47ef0a18a6800e	2026-09-08T14:32:06.705Z		2.13.99	3.6.51	1.8.0_472-b09
R0479	GBP/USD	1655661600000	1655665200000	retrieval_error_hour	getTicks	1	success	not_applicable	0					0	0	e3b0c44298fc1c149afbf4c8996fb92427ae41e4649b934ca495991b7852b855	2026-09-08T14:32:07.147Z		2.13.99	3.6.51	1.8.0_472-b09
R0479	GBP/USD	1655661600000	1655665200000	retrieval_error_hour	readTicks	1	success	true	0					0	0	e3b0c44298fc1c149afbf4c8996fb92427ae41e4649b934ca495991b7852b855	2026-09-08T14:32:07.147Z		2.13.99	3.6.51	1.8.0_472-b09
R0479	GBP/USD	1655661600000	1655665200000	retrieval_error_hour	getBars	1	success	not_applicable	60	1655661600000	1.22186	1655665140000	1.22186	1	0	68238e3ba0d4fa42e5b18761b45f0f24fec9a5d0e3ae57ce5d020f7b9a9034de	2026-09-08T14:32:07.423Z		2.13.99	3.6.51	1.8.0_472-b09
R0480	GBP/USD	1655665200000	1655668800000	retrieval_error_hour	getTicks	1	success	not_applicable	0					0	0	e3b0c44298fc1c149afbf4c8996fb92427ae41e4649b934ca495991b7852b855	2026-09-08T14:32:07.821Z		2.13.99	3.6.51	1.8.0_472-b09
R0480	GBP/USD	1655665200000	1655668800000	retrieval_error_hour	readTicks	1	success	true	0					0	0	e3b0c44298fc1c149afbf4c8996fb92427ae41e4649b934ca495991b7852b855	2026-09-08T14:32:07.821Z		2.13.99	3.6.51	1.8.0_472-b09
R0480	GBP/USD	1655665200000	1655668800000	retrieval_error_hour	getBars	1	success	not_applicable	60	1655665200000	1.22186	1655668740000	1.22186	1	0	48892ab37e17b1a56668ec5a8af6cf5316579379d4b580c8c46f0693cde386ac	2026-09-08T14:32:07.822Z		2.13.99	3.6.51	1.8.0_472-b09
R0481	GBP/USD	1655668800000	1655672400000	retrieval_error_hour	getTicks	1	success	not_applicable	0					0	0	e3b0c44298fc1c149afbf4c8996fb92427ae41e4649b934ca495991b7852b855	2026-09-08T14:32:08.326Z		2.13.99	3.6.51	1.8.0_472-b09
R0481	GBP/USD	1655668800000	1655672400000	retrieval_error_hour	readTicks	1	success	true	0					0	0	e3b0c44298fc1c149afbf4c8996fb92427ae41e4649b934ca495991b7852b855	2026-09-08T14:32:08.326Z		2.13.99	3.6.51	1.8.0_472-b09
R0481	GBP/USD	1655668800000	1655672400000	retrieval_error_hour	getBars	1	success	not_applicable	60	1655668800000	1.22186	1655672340000	1.22186	1	0	3411a184c3fb8c5c073a83015742f8ae75c78ed7f6e15eb10921b5339e7ec0cf	2026-09-08T14:32:08.327Z		2.13.99	3.6.51	1.8.0_472-b09
R0482	GBP/USD	1656100800000	1656104400000	retrieval_error_hour	getTicks	1	success	not_applicable	1964	1656100800091	1.22861	1656104399881	1.22622	0	0	a1900b108c57687fea5e5cc02a708816b3374c73222dbf822841d37106d903e5	2026-09-08T14:32:09.076Z		2.13.99	3.6.51	1.8.0_472-b09
R0482	GBP/USD	1656100800000	1656104400000	retrieval_error_hour	readTicks	1	success	true	1964	1656100800091	1.22861	1656104399881	1.22622	0	0	a1900b108c57687fea5e5cc02a708816b3374c73222dbf822841d37106d903e5	2026-09-08T14:32:09.081Z		2.13.99	3.6.51	1.8.0_472-b09
R0482	GBP/USD	1656100800000	1656104400000	retrieval_error_hour	getBars	1	success	not_applicable	60	1656100800000	1.22861	1656104340000	1.22747	1	0	d0f67eaf58337436baf57772591defe2439b4b845da1f44cf3217b22151e5f8b	2026-09-08T14:32:09.379Z		2.13.99	3.6.51	1.8.0_472-b09
R0483	GBP/USD	1656104400000	1656108000000	retrieval_error_hour	getTicks	1	success	not_applicable	0					0	0	e3b0c44298fc1c149afbf4c8996fb92427ae41e4649b934ca495991b7852b855	2026-09-08T14:32:09.632Z		2.13.99	3.6.51	1.8.0_472-b09
R0483	GBP/USD	1656104400000	1656108000000	retrieval_error_hour	readTicks	1	success	true	0					0	0	e3b0c44298fc1c149afbf4c8996fb92427ae41e4649b934ca495991b7852b855	2026-09-08T14:32:09.633Z		2.13.99	3.6.51	1.8.0_472-b09
R0483	GBP/USD	1656104400000	1656108000000	retrieval_error_hour	getBars	1	success	not_applicable	60	1656104400000	1.22622	1656107940000	1.22622	1	0	fe4fb911a22e6b5d90506daa212334cf6c8119861c5b8a93aa931128bd090251	2026-09-08T14:32:09.633Z		2.13.99	3.6.51	1.8.0_472-b09
R0484	GBP/USD	1657324800000	1657328400000	retrieval_error_hour	getTicks	1	success	not_applicable	0					0	0	e3b0c44298fc1c149afbf4c8996fb92427ae41e4649b934ca495991b7852b855	2026-09-08T14:32:10.072Z		2.13.99	3.6.51	1.8.0_472-b09
R0484	GBP/USD	1657324800000	1657328400000	retrieval_error_hour	readTicks	1	success	true	0					0	0	e3b0c44298fc1c149afbf4c8996fb92427ae41e4649b934ca495991b7852b855	2026-09-08T14:32:10.072Z		2.13.99	3.6.51	1.8.0_472-b09
R0484	GBP/USD	1657324800000	1657328400000	retrieval_error_hour	getBars	1	success	not_applicable	60	1657324800000	1.2029	1657328340000	1.2029	1	0	5b13ee7c093a8eae7a6b9bbc08efc40cf6f55a3265a8421a7d7dfb07cd7f65bf	2026-09-08T14:32:10.358Z		2.13.99	3.6.51	1.8.0_472-b09
R0485	GBP/USD	1657382400000	1657386000000	retrieval_error_hour	getTicks	1	success	not_applicable	0					0	0	e3b0c44298fc1c149afbf4c8996fb92427ae41e4649b934ca495991b7852b855	2026-09-08T14:32:10.847Z		2.13.99	3.6.51	1.8.0_472-b09
R0485	GBP/USD	1657382400000	1657386000000	retrieval_error_hour	readTicks	1	success	true	0					0	0	e3b0c44298fc1c149afbf4c8996fb92427ae41e4649b934ca495991b7852b855	2026-09-08T14:32:10.847Z		2.13.99	3.6.51	1.8.0_472-b09
R0485	GBP/USD	1657382400000	1657386000000	retrieval_error_hour	getBars	1	success	not_applicable	60	1657382400000	1.2029	1657385940000	1.2029	1	0	5f83a9c73fdb190f161732d7af8c86a357c1b1ffd5f2e35708cd482c6c9ace59	2026-09-08T14:32:10.848Z		2.13.99	3.6.51	1.8.0_472-b09
R0486	GBP/USD	1657432800000	1657436400000	retrieval_error_hour	getTicks	1	success	not_applicable	0					0	0	e3b0c44298fc1c149afbf4c8996fb92427ae41e4649b934ca495991b7852b855	2026-09-08T14:32:26.960Z		2.13.99	3.6.51	1.8.0_472-b09
R0486	GBP/USD	1657432800000	1657436400000	retrieval_error_hour	readTicks	1	success	true	0					0	0	e3b0c44298fc1c149afbf4c8996fb92427ae41e4649b934ca495991b7852b855	2026-09-08T14:32:26.960Z		2.13.99	3.6.51	1.8.0_472-b09
R0486	GBP/USD	1657432800000	1657436400000	retrieval_error_hour	getBars	1	success	not_applicable	0					0	0	e3b0c44298fc1c149afbf4c8996fb92427ae41e4649b934ca495991b7852b855	2026-09-08T14:32:37.942Z		2.13.99	3.6.51	1.8.0_472-b09
R0487	GBP/USD	1658538000000	1658541600000	retrieval_error_hour	getTicks	1	success	not_applicable	0					0	0	e3b0c44298fc1c149afbf4c8996fb92427ae41e4649b934ca495991b7852b855	2026-09-08T14:33:16.376Z		2.13.99	3.6.51	1.8.0_472-b09
R0487	GBP/USD	1658538000000	1658541600000	retrieval_error_hour	readTicks	1	success	true	0					0	0	e3b0c44298fc1c149afbf4c8996fb92427ae41e4649b934ca495991b7852b855	2026-09-08T14:33:16.376Z		2.13.99	3.6.51	1.8.0_472-b09
R0487	GBP/USD	1658538000000	1658541600000	retrieval_error_hour	getBars	1	success	not_applicable	0					0	0	e3b0c44298fc1c149afbf4c8996fb92427ae41e4649b934ca495991b7852b855	2026-09-08T14:33:21.522Z		2.13.99	3.6.51	1.8.0_472-b09
R0488	GBP/USD	1658548800000	1658552400000	retrieval_error_hour	getTicks	1	success	not_applicable	0					0	0	e3b0c44298fc1c149afbf4c8996fb92427ae41e4649b934ca495991b7852b855	2026-09-08T14:33:51.118Z		2.13.99	3.6.51	1.8.0_472-b09
R0488	GBP/USD	1658548800000	1658552400000	retrieval_error_hour	readTicks	1	success	true	0					0	0	e3b0c44298fc1c149afbf4c8996fb92427ae41e4649b934ca495991b7852b855	2026-09-08T14:33:51.119Z		2.13.99	3.6.51	1.8.0_472-b09
R0488	GBP/USD	1658548800000	1658552400000	retrieval_error_hour	getBars	1	success	not_applicable	0					0	0	e3b0c44298fc1c149afbf4c8996fb92427ae41e4649b934ca495991b7852b855	2026-09-08T14:33:51.120Z		2.13.99	3.6.51	1.8.0_472-b09
R0489	GBP/USD	1660996800000	1661000400000	retrieval_error_hour	getTicks	1	success	not_applicable	0					0	0	e3b0c44298fc1c149afbf4c8996fb92427ae41e4649b934ca495991b7852b855	2026-09-08T14:35:26.543Z		2.13.99	3.6.51	1.8.0_472-b09
R0489	GBP/USD	1660996800000	1661000400000	retrieval_error_hour	readTicks	1	success	true	0					0	0	e3b0c44298fc1c149afbf4c8996fb92427ae41e4649b934ca495991b7852b855	2026-09-08T14:35:26.544Z		2.13.99	3.6.51	1.8.0_472-b09
R0489	GBP/USD	1660996800000	1661000400000	retrieval_error_hour	getBars	1	success	not_applicable	60	1660996800000	1.18224	1661000340000	1.18224	1	0	d74939bbecfed3bf6c800dc4b792383143ec3d3918b7ea7c94dd52dcf43cc1f8	2026-09-08T14:35:26.779Z		2.13.99	3.6.51	1.8.0_472-b09
R0490	GBP/USD	1661090400000	1661094000000	retrieval_error_hour	getTicks	1	success	not_applicable	0					0	0	e3b0c44298fc1c149afbf4c8996fb92427ae41e4649b934ca495991b7852b855	2026-09-08T14:35:27.408Z		2.13.99	3.6.51	1.8.0_472-b09
R0490	GBP/USD	1661090400000	1661094000000	retrieval_error_hour	readTicks	1	success	true	0					0	0	e3b0c44298fc1c149afbf4c8996fb92427ae41e4649b934ca495991b7852b855	2026-09-08T14:35:27.409Z		2.13.99	3.6.51	1.8.0_472-b09
R0490	GBP/USD	1661090400000	1661094000000	retrieval_error_hour	getBars	1	success	not_applicable	60	1661090400000	1.18224	1661093940000	1.18224	1	0	d8e15e22f10083d804a4c1bf153ad2863328434fb064393029db494b86fea820	2026-09-08T14:35:27.873Z		2.13.99	3.6.51	1.8.0_472-b09
R0491	GBP/USD	1670108400000	1670112000000	retrieval_error_hour	getTicks	1	success	not_applicable	0					0	0	e3b0c44298fc1c149afbf4c8996fb92427ae41e4649b934ca495991b7852b855	2026-09-08T14:35:28.661Z		2.13.99	3.6.51	1.8.0_472-b09
R0491	GBP/USD	1670108400000	1670112000000	retrieval_error_hour	readTicks	1	success	true	0					0	0	e3b0c44298fc1c149afbf4c8996fb92427ae41e4649b934ca495991b7852b855	2026-09-08T14:35:28.662Z		2.13.99	3.6.51	1.8.0_472-b09
R0491	GBP/USD	1670108400000	1670112000000	retrieval_error_hour	getBars	1	success	not_applicable	60	1670108400000	1.22772	1670111940000	1.22772	1	0	adae5ceff304e7c4c4c785b642a0d700071077b8fa77ec3940792609f2d126bf	2026-09-08T14:35:28.981Z		2.13.99	3.6.51	1.8.0_472-b09
R0492	GBP/USD	1670115600000	1670119200000	retrieval_error_hour	getTicks	1	success	not_applicable	0					0	0	e3b0c44298fc1c149afbf4c8996fb92427ae41e4649b934ca495991b7852b855	2026-09-08T14:35:29.518Z		2.13.99	3.6.51	1.8.0_472-b09
R0492	GBP/USD	1670115600000	1670119200000	retrieval_error_hour	readTicks	1	success	true	0					0	0	e3b0c44298fc1c149afbf4c8996fb92427ae41e4649b934ca495991b7852b855	2026-09-08T14:35:29.519Z		2.13.99	3.6.51	1.8.0_472-b09
R0492	GBP/USD	1670115600000	1670119200000	retrieval_error_hour	getBars	1	success	not_applicable	60	1670115600000	1.22772	1670119140000	1.22772	1	0	3f78c7ef6edce4659b28c04f3cc349a33857ecd83bd9760677524a60b81a3383	2026-09-08T14:35:29.817Z		2.13.99	3.6.51	1.8.0_472-b09
R0493	GBP/USD	1670148000000	1670151600000	retrieval_error_hour	getTicks	1	success	not_applicable	0					0	0	e3b0c44298fc1c149afbf4c8996fb92427ae41e4649b934ca495991b7852b855	2026-09-08T14:35:30.271Z		2.13.99	3.6.51	1.8.0_472-b09
R0493	GBP/USD	1670148000000	1670151600000	retrieval_error_hour	readTicks	1	success	true	0					0	0	e3b0c44298fc1c149afbf4c8996fb92427ae41e4649b934ca495991b7852b855	2026-09-08T14:35:30.271Z		2.13.99	3.6.51	1.8.0_472-b09
R0493	GBP/USD	1670148000000	1670151600000	retrieval_error_hour	getBars	1	success	not_applicable	60	1670148000000	1.22772	1670151540000	1.22772	1	0	ab43ecce8cc17ae138b75f54ea8102aaceca5a7bd729d01d56b5bc77f9b4ea40	2026-09-08T14:35:30.271Z		2.13.99	3.6.51	1.8.0_472-b09
R0494	GBP/USD	1670191200000	1670194800000	retrieval_error_hour	getTicks	1	success	not_applicable	477	1670191440224	1.22667	1670194774274	1.22747	0	0	dd21aee7a84153b8936c09d3ff6eb9df92314d9bc4e014a0acb6b98a352a05b3	2026-09-08T14:35:31.120Z		2.13.99	3.6.51	1.8.0_472-b09
R0494	GBP/USD	1670191200000	1670194800000	retrieval_error_hour	readTicks	1	success	true	477	1670191440224	1.22667	1670194774274	1.22747	0	0	dd21aee7a84153b8936c09d3ff6eb9df92314d9bc4e014a0acb6b98a352a05b3	2026-09-08T14:35:31.120Z		2.13.99	3.6.51	1.8.0_472-b09
R0494	GBP/USD	1670191200000	1670194800000	retrieval_error_hour	getBars	1	success	not_applicable	60	1670191200000	1.22772	1670194740000	1.22748	1	0	590597d2dccbfbca8e1447094f42718951c672121699a42d9c8feefa932f6885	2026-09-08T14:35:31.121Z		2.13.99	3.6.51	1.8.0_472-b09
R0495	GBP/USD	1671854400000	1671858000000	retrieval_error_hour	getTicks	1	success	not_applicable	0					0	0	e3b0c44298fc1c149afbf4c8996fb92427ae41e4649b934ca495991b7852b855	2026-09-08T14:35:31.994Z		2.13.99	3.6.51	1.8.0_472-b09
R0495	GBP/USD	1671854400000	1671858000000	retrieval_error_hour	readTicks	1	success	true	0					0	0	e3b0c44298fc1c149afbf4c8996fb92427ae41e4649b934ca495991b7852b855	2026-09-08T14:35:31.995Z		2.13.99	3.6.51	1.8.0_472-b09
R0495	GBP/USD	1671854400000	1671858000000	retrieval_error_hour	getBars	1	success	not_applicable	60	1671854400000	1.20335	1671857940000	1.20335	1	0	79b0f9c1471d3247cfb0a99664da39dc25cd6d04504be4ffa44c687fcd24b785	2026-09-08T14:35:32.384Z		2.13.99	3.6.51	1.8.0_472-b09
R0496	GBP/USD	1671908400000	1671912000000	retrieval_error_hour	getTicks	1	success	not_applicable	0					0	0	e3b0c44298fc1c149afbf4c8996fb92427ae41e4649b934ca495991b7852b855	2026-09-08T14:35:33.165Z		2.13.99	3.6.51	1.8.0_472-b09
R0496	GBP/USD	1671908400000	1671912000000	retrieval_error_hour	readTicks	1	success	true	0					0	0	e3b0c44298fc1c149afbf4c8996fb92427ae41e4649b934ca495991b7852b855	2026-09-08T14:35:33.166Z		2.13.99	3.6.51	1.8.0_472-b09
R0496	GBP/USD	1671908400000	1671912000000	retrieval_error_hour	getBars	1	success	not_applicable	60	1671908400000	1.20335	1671911940000	1.20335	1	0	c6f96a84c8bc1bb8dc19ed3f6daab158b8d5ea51788bb1ddd3d27daa50521859	2026-09-08T14:35:33.166Z		2.13.99	3.6.51	1.8.0_472-b09
R0497	GBP/USD	1671958800000	1671962400000	retrieval_error_hour	getTicks	1	success	not_applicable	0					0	0	e3b0c44298fc1c149afbf4c8996fb92427ae41e4649b934ca495991b7852b855	2026-09-08T14:35:33.722Z		2.13.99	3.6.51	1.8.0_472-b09
R0497	GBP/USD	1671958800000	1671962400000	retrieval_error_hour	readTicks	1	success	true	0					0	0	e3b0c44298fc1c149afbf4c8996fb92427ae41e4649b934ca495991b7852b855	2026-09-08T14:35:33.722Z		2.13.99	3.6.51	1.8.0_472-b09
R0497	GBP/USD	1671958800000	1671962400000	retrieval_error_hour	getBars	1	success	not_applicable	60	1671958800000	1.20335	1671962340000	1.20335	1	0	e9990900e423c886b724de4cd5819c7aabdc1291afa8148e40beb4a0078c4028	2026-09-08T14:35:34.316Z		2.13.99	3.6.51	1.8.0_472-b09
R0498	GBP/USD	1673085600000	1673089200000	retrieval_error_hour	getTicks	1	success	not_applicable	0					0	0	e3b0c44298fc1c149afbf4c8996fb92427ae41e4649b934ca495991b7852b855	2026-09-08T14:35:35.016Z		2.13.99	3.6.51	1.8.0_472-b09
R0498	GBP/USD	1673085600000	1673089200000	retrieval_error_hour	readTicks	1	success	true	0					0	0	e3b0c44298fc1c149afbf4c8996fb92427ae41e4649b934ca495991b7852b855	2026-09-08T14:35:35.017Z		2.13.99	3.6.51	1.8.0_472-b09
R0498	GBP/USD	1673085600000	1673089200000	retrieval_error_hour	getBars	1	success	not_applicable	60	1673085600000	1.20874	1673089140000	1.20874	1	0	894be2b65ceac292b020b84b9c3d0a7e32180d35540045edd667d91c3fd7ed40	2026-09-08T14:35:35.352Z		2.13.99	3.6.51	1.8.0_472-b09
R0499	GBP/USD	1673762400000	1673766000000	retrieval_error_hour	getTicks	1	success	not_applicable	0					0	0	e3b0c44298fc1c149afbf4c8996fb92427ae41e4649b934ca495991b7852b855	2026-09-08T14:35:35.839Z		2.13.99	3.6.51	1.8.0_472-b09
R0499	GBP/USD	1673762400000	1673766000000	retrieval_error_hour	readTicks	1	success	true	0					0	0	e3b0c44298fc1c149afbf4c8996fb92427ae41e4649b934ca495991b7852b855	2026-09-08T14:35:35.840Z		2.13.99	3.6.51	1.8.0_472-b09
R0499	GBP/USD	1673762400000	1673766000000	retrieval_error_hour	getBars	1	success	not_applicable	60	1673762400000	1.2223	1673765940000	1.2223	1	0	c84b5bd9b08bb65070549509a928ec9c547e808bcdc9d2d63746eace6ab04db7	2026-09-08T14:35:36.096Z		2.13.99	3.6.51	1.8.0_472-b09
R0500	GBP/USD	1673809200000	1673812800000	retrieval_error_hour	getTicks	1	success	not_applicable	0					0	0	e3b0c44298fc1c149afbf4c8996fb92427ae41e4649b934ca495991b7852b855	2026-09-08T14:35:36.692Z		2.13.99	3.6.51	1.8.0_472-b09
R0500	GBP/USD	1673809200000	1673812800000	retrieval_error_hour	readTicks	1	success	true	0					0	0	e3b0c44298fc1c149afbf4c8996fb92427ae41e4649b934ca495991b7852b855	2026-09-08T14:35:36.692Z		2.13.99	3.6.51	1.8.0_472-b09
R0500	GBP/USD	1673809200000	1673812800000	retrieval_error_hour	getBars	1	success	not_applicable	60	1673809200000	1.2223	1673812740000	1.2223	1	0	fa442d4657b99a98f7a8509ab0ff8abf39ec936293472687d0ffaa793f752d6d	2026-09-08T14:35:36.692Z		2.13.99	3.6.51	1.8.0_472-b09
R0501	GBP/USD	1679162400000	1679166000000	retrieval_error_hour	getTicks	1	success	not_applicable	0					0	0	e3b0c44298fc1c149afbf4c8996fb92427ae41e4649b934ca495991b7852b855	2026-09-08T14:35:37.136Z		2.13.99	3.6.51	1.8.0_472-b09
R0501	GBP/USD	1679162400000	1679166000000	retrieval_error_hour	readTicks	1	success	true	0					0	0	e3b0c44298fc1c149afbf4c8996fb92427ae41e4649b934ca495991b7852b855	2026-09-08T14:35:37.136Z		2.13.99	3.6.51	1.8.0_472-b09
R0501	GBP/USD	1679162400000	1679166000000	retrieval_error_hour	getBars	1	success	not_applicable	60	1679162400000	1.21726	1679165940000	1.21726	1	0	1a7d9cca5adc6b88fbc04c2077b7a42a4422416467500635950f0e8acd05b04b	2026-09-08T14:35:37.379Z		2.13.99	3.6.51	1.8.0_472-b09
R0502	GBP/USD	1679205600000	1679209200000	retrieval_error_hour	getTicks	1	success	not_applicable	0					0	0	e3b0c44298fc1c149afbf4c8996fb92427ae41e4649b934ca495991b7852b855	2026-09-08T14:35:38.742Z		2.13.99	3.6.51	1.8.0_472-b09
R0502	GBP/USD	1679205600000	1679209200000	retrieval_error_hour	readTicks	1	success	true	0					0	0	e3b0c44298fc1c149afbf4c8996fb92427ae41e4649b934ca495991b7852b855	2026-09-08T14:35:38.742Z		2.13.99	3.6.51	1.8.0_472-b09
R0502	GBP/USD	1679205600000	1679209200000	retrieval_error_hour	getBars	1	success	not_applicable	60	1679205600000	1.21726	1679209140000	1.21726	1	0	e1dd30848005c09de1f1357ed7c863a99d01954afe43bfbc4224e45316ef8e00	2026-09-08T14:35:38.986Z		2.13.99	3.6.51	1.8.0_472-b09
R0503	GBP/USD	1680987600000	1680991200000	retrieval_error_hour	getTicks	1	success	not_applicable	0					0	0	e3b0c44298fc1c149afbf4c8996fb92427ae41e4649b934ca495991b7852b855	2026-09-08T14:35:39.517Z		2.13.99	3.6.51	1.8.0_472-b09
R0503	GBP/USD	1680987600000	1680991200000	retrieval_error_hour	readTicks	1	success	true	0					0	0	e3b0c44298fc1c149afbf4c8996fb92427ae41e4649b934ca495991b7852b855	2026-09-08T14:35:39.518Z		2.13.99	3.6.51	1.8.0_472-b09
R0503	GBP/USD	1680987600000	1680991200000	retrieval_error_hour	getBars	1	success	not_applicable	60	1680987600000	1.24113	1680991140000	1.24113	1	0	5c3817b022277390b020d04045f3abcfe36a96b3a323b29bbd9b267cdcead166	2026-09-08T14:35:39.770Z		2.13.99	3.6.51	1.8.0_472-b09
R0504	GBP/USD	1680994800000	1680998400000	retrieval_error_hour	getTicks	1	success	not_applicable	0					0	0	e3b0c44298fc1c149afbf4c8996fb92427ae41e4649b934ca495991b7852b855	2026-09-08T14:35:40.263Z		2.13.99	3.6.51	1.8.0_472-b09
R0504	GBP/USD	1680994800000	1680998400000	retrieval_error_hour	readTicks	1	success	true	0					0	0	e3b0c44298fc1c149afbf4c8996fb92427ae41e4649b934ca495991b7852b855	2026-09-08T14:35:40.263Z		2.13.99	3.6.51	1.8.0_472-b09
R0504	GBP/USD	1680994800000	1680998400000	retrieval_error_hour	getBars	1	success	not_applicable	60	1680994800000	1.24113	1680998340000	1.24113	1	0	b3e4c7fec837cbcb184a5a5c889adf0633439e2f0dfe6e939866a61367e929c8	2026-09-08T14:35:40.263Z		2.13.99	3.6.51	1.8.0_472-b09
R0505	GBP/USD	1681498800000	1681502400000	retrieval_error_hour	getTicks	1	success	not_applicable	2335	1681498800988	1.24151	1681502398611	1.24161	0	0	661c93bedfc9631709cd8ff7bd34e373480d54791df1644a9f755a1143083235	2026-09-08T14:35:41.010Z		2.13.99	3.6.51	1.8.0_472-b09
R0505	GBP/USD	1681498800000	1681502400000	retrieval_error_hour	readTicks	1	success	true	2335	1681498800988	1.24151	1681502398611	1.24161	0	0	661c93bedfc9631709cd8ff7bd34e373480d54791df1644a9f755a1143083235	2026-09-08T14:35:41.015Z		2.13.99	3.6.51	1.8.0_472-b09
R0505	GBP/USD	1681498800000	1681502400000	retrieval_error_hour	getBars	1	success	not_applicable	60	1681498800000	1.24151	1681502340000	1.24176	1	0	70ae2c8965303d9832dac458a85d3c0952358748b4bda60e2938c6a0756990a5	2026-09-08T14:35:41.371Z		2.13.99	3.6.51	1.8.0_472-b09
R0506	GBP/USD	1681516800000	1681520400000	retrieval_error_hour	getTicks	1	success	not_applicable	0					0	0	e3b0c44298fc1c149afbf4c8996fb92427ae41e4649b934ca495991b7852b855	2026-09-08T14:35:42.274Z		2.13.99	3.6.51	1.8.0_472-b09
R0506	GBP/USD	1681516800000	1681520400000	retrieval_error_hour	readTicks	1	success	true	0					0	0	e3b0c44298fc1c149afbf4c8996fb92427ae41e4649b934ca495991b7852b855	2026-09-08T14:35:42.275Z		2.13.99	3.6.51	1.8.0_472-b09
R0506	GBP/USD	1681516800000	1681520400000	retrieval_error_hour	getBars	1	success	not_applicable	60	1681516800000	1.24107	1681520340000	1.24107	1	0	097832a0dc2bc6a2cbb0cda5722c0315f1df1088727de00d80d3a83f7397211c	2026-09-08T14:35:42.547Z		2.13.99	3.6.51	1.8.0_472-b09
R0507	GBP/USD	1681560000000	1681563600000	retrieval_error_hour	getTicks	1	success	not_applicable	0					0	0	e3b0c44298fc1c149afbf4c8996fb92427ae41e4649b934ca495991b7852b855	2026-09-08T14:36:24.638Z		2.13.99	3.6.51	1.8.0_472-b09
R0507	GBP/USD	1681560000000	1681563600000	retrieval_error_hour	readTicks	1	success	true	0					0	0	e3b0c44298fc1c149afbf4c8996fb92427ae41e4649b934ca495991b7852b855	2026-09-08T14:36:24.639Z		2.13.99	3.6.51	1.8.0_472-b09
R0507	GBP/USD	1681560000000	1681563600000	retrieval_error_hour	getBars	1	success	not_applicable	60	1681560000000	1.24107	1681563540000	1.24107	1	0	db5ee59af6274452c5849ccf3cf3f52cdcd43bcfecc6a573f2db8939496beec7	2026-09-08T14:36:24.639Z		2.13.99	3.6.51	1.8.0_472-b09
R0508	GBP/USD	1681563600000	1681567200000	retrieval_error_hour	getTicks	1	success	not_applicable	0					0	0	e3b0c44298fc1c149afbf4c8996fb92427ae41e4649b934ca495991b7852b855	2026-09-08T14:36:35.049Z		2.13.99	3.6.51	1.8.0_472-b09
R0508	GBP/USD	1681563600000	1681567200000	retrieval_error_hour	readTicks	1	success	true	0					0	0	e3b0c44298fc1c149afbf4c8996fb92427ae41e4649b934ca495991b7852b855	2026-09-08T14:36:35.049Z		2.13.99	3.6.51	1.8.0_472-b09
R0508	GBP/USD	1681563600000	1681567200000	retrieval_error_hour	getBars	1	success	not_applicable	60	1681563600000	1.24107	1681567140000	1.24107	1	0	04069c9303d8b5a55cbd4e6ddc4be7f534684c6b31565f1f1d846c6b4b78d501	2026-09-08T14:36:35.049Z		2.13.99	3.6.51	1.8.0_472-b09
R0509	GBP/USD	1683954000000	1683957600000	retrieval_error_hour	getTicks	1	success	not_applicable	0					0	0	e3b0c44298fc1c149afbf4c8996fb92427ae41e4649b934ca495991b7852b855	2026-09-08T14:37:08.428Z		2.13.99	3.6.51	1.8.0_472-b09
R0509	GBP/USD	1683954000000	1683957600000	retrieval_error_hour	readTicks	1	success	true	0					0	0	e3b0c44298fc1c149afbf4c8996fb92427ae41e4649b934ca495991b7852b855	2026-09-08T14:37:08.428Z		2.13.99	3.6.51	1.8.0_472-b09
R0509	GBP/USD	1683954000000	1683957600000	retrieval_error_hour	getBars	1	success	not_applicable	60	1683954000000	1.24437	1683957540000	1.24437	1	0	36841c4c47ac402db03e1a5f2e37af606f1dbbd524617fa0f0a454d9e225dbd2	2026-09-08T14:37:32.496Z		2.13.99	3.6.51	1.8.0_472-b09
R0510	GBP/USD	1683982800000	1683986400000	retrieval_error_hour	getTicks	1	success	not_applicable	0					0	0	e3b0c44298fc1c149afbf4c8996fb92427ae41e4649b934ca495991b7852b855	2026-09-08T14:37:33.015Z		2.13.99	3.6.51	1.8.0_472-b09
R0510	GBP/USD	1683982800000	1683986400000	retrieval_error_hour	readTicks	1	success	true	0					0	0	e3b0c44298fc1c149afbf4c8996fb92427ae41e4649b934ca495991b7852b855	2026-09-08T14:37:33.016Z		2.13.99	3.6.51	1.8.0_472-b09
R0510	GBP/USD	1683982800000	1683986400000	retrieval_error_hour	getBars	1	success	not_applicable	60	1683982800000	1.24437	1683986340000	1.24437	1	0	ed6028b655449a7e268eb08f32f63b6fa75da03fffff72eede74d0651a3de3b7	2026-09-08T14:37:33.016Z		2.13.99	3.6.51	1.8.0_472-b09
R0511	GBP/USD	1684015200000	1684018800000	retrieval_error_hour	getTicks	1	success	not_applicable	0					0	0	e3b0c44298fc1c149afbf4c8996fb92427ae41e4649b934ca495991b7852b855	2026-09-08T14:37:33.562Z		2.13.99	3.6.51	1.8.0_472-b09
R0511	GBP/USD	1684015200000	1684018800000	retrieval_error_hour	readTicks	1	success	true	0					0	0	e3b0c44298fc1c149afbf4c8996fb92427ae41e4649b934ca495991b7852b855	2026-09-08T14:37:33.563Z		2.13.99	3.6.51	1.8.0_472-b09
R0511	GBP/USD	1684015200000	1684018800000	retrieval_error_hour	getBars	1	success	not_applicable	60	1684015200000	1.24437	1684018740000	1.24437	1	0	1b1b8f6bf4e3da1d4151ac0f31d83fbd8338b8f50dfd04d992e64979e35d748c	2026-09-08T14:37:33.563Z		2.13.99	3.6.51	1.8.0_472-b09
R0512	GBP/USD	1684058400000	1684062000000	retrieval_error_hour	getTicks	1	success	not_applicable	0					0	0	e3b0c44298fc1c149afbf4c8996fb92427ae41e4649b934ca495991b7852b855	2026-09-08T14:37:34.147Z		2.13.99	3.6.51	1.8.0_472-b09
R0512	GBP/USD	1684058400000	1684062000000	retrieval_error_hour	readTicks	1	success	true	0					0	0	e3b0c44298fc1c149afbf4c8996fb92427ae41e4649b934ca495991b7852b855	2026-09-08T14:37:34.147Z		2.13.99	3.6.51	1.8.0_472-b09
R0512	GBP/USD	1684058400000	1684062000000	retrieval_error_hour	getBars	1	success	not_applicable	60	1684058400000	1.24437	1684061940000	1.24437	1	0	c6887b0a4a2ef57d3090b9bcd02cb69d3fb598e3814ed5abd1f0ea85b93ce0af	2026-09-08T14:37:34.505Z		2.13.99	3.6.51	1.8.0_472-b09
R0513	GBP/USD	1684076400000	1684080000000	retrieval_error_hour	getTicks	1	success	not_applicable	0					0	0	e3b0c44298fc1c149afbf4c8996fb92427ae41e4649b934ca495991b7852b855	2026-09-08T14:37:35.418Z		2.13.99	3.6.51	1.8.0_472-b09
R0513	GBP/USD	1684076400000	1684080000000	retrieval_error_hour	readTicks	1	success	true	0					0	0	e3b0c44298fc1c149afbf4c8996fb92427ae41e4649b934ca495991b7852b855	2026-09-08T14:37:35.419Z		2.13.99	3.6.51	1.8.0_472-b09
R0513	GBP/USD	1684076400000	1684080000000	retrieval_error_hour	getBars	1	success	not_applicable	60	1684076400000	1.24437	1684079940000	1.24437	1	0	40b986b5eac8ccc106f9a8cfb85ec60551bee8cf16c419d29a6b58602b191aa9	2026-09-08T14:37:35.419Z		2.13.99	3.6.51	1.8.0_472-b09
R0514	GBP/USD	1684537200000	1684540800000	retrieval_error_hour	getTicks	1	success	not_applicable	0					0	0	e3b0c44298fc1c149afbf4c8996fb92427ae41e4649b934ca495991b7852b855	2026-09-08T14:37:36.492Z		2.13.99	3.6.51	1.8.0_472-b09
R0514	GBP/USD	1684537200000	1684540800000	retrieval_error_hour	readTicks	1	success	true	0					0	0	e3b0c44298fc1c149afbf4c8996fb92427ae41e4649b934ca495991b7852b855	2026-09-08T14:37:36.493Z		2.13.99	3.6.51	1.8.0_472-b09
R0514	GBP/USD	1684537200000	1684540800000	retrieval_error_hour	getBars	1	success	not_applicable	60	1684537200000	1.24411	1684540740000	1.24411	1	0	044928ea512748dbdebc6f13557a7382b97443a36445d8699600f18df81d0bd9	2026-09-08T14:37:36.876Z		2.13.99	3.6.51	1.8.0_472-b09
R0515	GBP/USD	1684584000000	1684587600000	retrieval_error_hour	getTicks	1	success	not_applicable	0					0	0	e3b0c44298fc1c149afbf4c8996fb92427ae41e4649b934ca495991b7852b855	2026-09-08T14:37:37.413Z		2.13.99	3.6.51	1.8.0_472-b09
R0515	GBP/USD	1684584000000	1684587600000	retrieval_error_hour	readTicks	1	success	true	0					0	0	e3b0c44298fc1c149afbf4c8996fb92427ae41e4649b934ca495991b7852b855	2026-09-08T14:37:37.413Z		2.13.99	3.6.51	1.8.0_472-b09
R0515	GBP/USD	1684584000000	1684587600000	retrieval_error_hour	getBars	1	success	not_applicable	60	1684584000000	1.24411	1684587540000	1.24411	1	0	d8348fa9a5af9692156c23fb420bf783ebab8c5bbdd0da3caaf89991336caa40	2026-09-08T14:37:37.741Z		2.13.99	3.6.51	1.8.0_472-b09
R0516	GBP/USD	1684591200000	1684594800000	retrieval_error_hour	getTicks	1	success	not_applicable	0					0	0	e3b0c44298fc1c149afbf4c8996fb92427ae41e4649b934ca495991b7852b855	2026-09-08T14:37:38.303Z		2.13.99	3.6.51	1.8.0_472-b09
R0516	GBP/USD	1684591200000	1684594800000	retrieval_error_hour	readTicks	1	success	true	0					0	0	e3b0c44298fc1c149afbf4c8996fb92427ae41e4649b934ca495991b7852b855	2026-09-08T14:37:38.303Z		2.13.99	3.6.51	1.8.0_472-b09
R0516	GBP/USD	1684591200000	1684594800000	retrieval_error_hour	getBars	1	success	not_applicable	60	1684591200000	1.24411	1684594740000	1.24411	1	0	964cef9dd77dd64f90edcc8b3b2e28eda5d03f044c210c09e962fe00eb29d7ae	2026-09-08T14:37:38.303Z		2.13.99	3.6.51	1.8.0_472-b09
R0517	GBP/USD	1684620000000	1684623600000	retrieval_error_hour	getTicks	1	success	not_applicable	0					0	0	e3b0c44298fc1c149afbf4c8996fb92427ae41e4649b934ca495991b7852b855	2026-09-08T14:37:38.821Z		2.13.99	3.6.51	1.8.0_472-b09
R0517	GBP/USD	1684620000000	1684623600000	retrieval_error_hour	readTicks	1	success	true	0					0	0	e3b0c44298fc1c149afbf4c8996fb92427ae41e4649b934ca495991b7852b855	2026-09-08T14:37:38.822Z		2.13.99	3.6.51	1.8.0_472-b09
R0517	GBP/USD	1684620000000	1684623600000	retrieval_error_hour	getBars	1	success	not_applicable	60	1684620000000	1.24411	1684623540000	1.24411	1	0	c3c7d9c794b011b00b29c0832174c9b81b23d74c16930263e2c81a649c5a2c5f	2026-09-08T14:37:38.822Z		2.13.99	3.6.51	1.8.0_472-b09
R0518	GBP/USD	1684623600000	1684627200000	retrieval_error_hour	getTicks	1	success	not_applicable	0					0	0	e3b0c44298fc1c149afbf4c8996fb92427ae41e4649b934ca495991b7852b855	2026-09-08T14:37:39.076Z		2.13.99	3.6.51	1.8.0_472-b09
R0518	GBP/USD	1684623600000	1684627200000	retrieval_error_hour	readTicks	1	success	true	0					0	0	e3b0c44298fc1c149afbf4c8996fb92427ae41e4649b934ca495991b7852b855	2026-09-08T14:37:39.076Z		2.13.99	3.6.51	1.8.0_472-b09
R0518	GBP/USD	1684623600000	1684627200000	retrieval_error_hour	getBars	1	success	not_applicable	60	1684623600000	1.24411	1684627140000	1.24411	1	0	af264c52446465f4134825d58056a0b46bf0c788807ec90a6e0a466c19fd6370	2026-09-08T14:37:39.076Z		2.13.99	3.6.51	1.8.0_472-b09
R0519	GBP/USD	1684627200000	1684630800000	retrieval_error_hour	getTicks	1	success	not_applicable	0					0	0	e3b0c44298fc1c149afbf4c8996fb92427ae41e4649b934ca495991b7852b855	2026-09-08T14:37:39.312Z		2.13.99	3.6.51	1.8.0_472-b09
R0519	GBP/USD	1684627200000	1684630800000	retrieval_error_hour	readTicks	1	success	true	0					0	0	e3b0c44298fc1c149afbf4c8996fb92427ae41e4649b934ca495991b7852b855	2026-09-08T14:37:39.312Z		2.13.99	3.6.51	1.8.0_472-b09
R0519	GBP/USD	1684627200000	1684630800000	retrieval_error_hour	getBars	1	success	not_applicable	60	1684627200000	1.24411	1684630740000	1.24411	1	0	f9400de68f15cdb00de626627b882b1b8fabea0b51f6cc1da2025deab22b7905	2026-09-08T14:37:39.551Z		2.13.99	3.6.51	1.8.0_472-b09
R0520	GBP/USD	1684638000000	1684641600000	retrieval_error_hour	getTicks	1	success	not_applicable	0					0	0	e3b0c44298fc1c149afbf4c8996fb92427ae41e4649b934ca495991b7852b855	2026-09-08T14:37:40.010Z		2.13.99	3.6.51	1.8.0_472-b09
R0520	GBP/USD	1684638000000	1684641600000	retrieval_error_hour	readTicks	1	success	true	0					0	0	e3b0c44298fc1c149afbf4c8996fb92427ae41e4649b934ca495991b7852b855	2026-09-08T14:37:40.011Z		2.13.99	3.6.51	1.8.0_472-b09
R0520	GBP/USD	1684638000000	1684641600000	retrieval_error_hour	getBars	1	success	not_applicable	60	1684638000000	1.24411	1684641540000	1.24411	1	0	eeadf2de94e98e7026a7ffdf27bb31cd0fba63e2ec66a4bfba11243d953ad480	2026-09-08T14:37:40.011Z		2.13.99	3.6.51	1.8.0_472-b09
R0521	GBP/USD	1684681200000	1684684800000	retrieval_error_hour	getTicks	1	success	not_applicable	0					0	0	e3b0c44298fc1c149afbf4c8996fb92427ae41e4649b934ca495991b7852b855	2026-09-08T14:37:40.609Z		2.13.99	3.6.51	1.8.0_472-b09
R0521	GBP/USD	1684681200000	1684684800000	retrieval_error_hour	readTicks	1	success	true	0					0	0	e3b0c44298fc1c149afbf4c8996fb92427ae41e4649b934ca495991b7852b855	2026-09-08T14:37:40.610Z		2.13.99	3.6.51	1.8.0_472-b09
R0521	GBP/USD	1684681200000	1684684800000	retrieval_error_hour	getBars	1	success	not_applicable	60	1684681200000	1.24411	1684684740000	1.24411	1	0	a92626f85da0e57b283c1d533ad6b2f2539969950c117e1ef46d37d630c22ec9	2026-09-08T14:37:40.610Z		2.13.99	3.6.51	1.8.0_472-b09
R0522	GBP/USD	1685134800000	1685138400000	retrieval_error_hour	getTicks	1	success	not_applicable	0					0	0	e3b0c44298fc1c149afbf4c8996fb92427ae41e4649b934ca495991b7852b855	2026-09-08T14:37:41.379Z		2.13.99	3.6.51	1.8.0_472-b09
R0522	GBP/USD	1685134800000	1685138400000	retrieval_error_hour	readTicks	1	success	true	0					0	0	e3b0c44298fc1c149afbf4c8996fb92427ae41e4649b934ca495991b7852b855	2026-09-08T14:37:41.380Z		2.13.99	3.6.51	1.8.0_472-b09
R0522	GBP/USD	1685134800000	1685138400000	retrieval_error_hour	getBars	1	success	not_applicable	60	1685134800000	1.23437	1685138340000	1.23437	1	0	b67d79a39039d72130b9d6910d53b9da099bcff3254dd96a4b06c7babd8ca1aa	2026-09-08T14:37:41.799Z		2.13.99	3.6.51	1.8.0_472-b09
R0523	GBP/USD	1685163600000	1685167200000	retrieval_error_hour	getTicks	1	success	not_applicable	0					0	0	e3b0c44298fc1c149afbf4c8996fb92427ae41e4649b934ca495991b7852b855	2026-09-08T14:37:42.372Z		2.13.99	3.6.51	1.8.0_472-b09
R0523	GBP/USD	1685163600000	1685167200000	retrieval_error_hour	readTicks	1	success	true	0					0	0	e3b0c44298fc1c149afbf4c8996fb92427ae41e4649b934ca495991b7852b855	2026-09-08T14:37:42.372Z		2.13.99	3.6.51	1.8.0_472-b09
R0523	GBP/USD	1685163600000	1685167200000	retrieval_error_hour	getBars	1	success	not_applicable	60	1685163600000	1.23437	1685167140000	1.23437	1	0	b838778b02a06d87996241522b4a39ba3d3e3afc970d95961fb5e29a27aaa658	2026-09-08T14:37:42.650Z		2.13.99	3.6.51	1.8.0_472-b09
R0524	GBP/USD	1685170800000	1685174400000	retrieval_error_hour	getTicks	1	success	not_applicable	0					0	0	e3b0c44298fc1c149afbf4c8996fb92427ae41e4649b934ca495991b7852b855	2026-09-08T14:37:43.136Z		2.13.99	3.6.51	1.8.0_472-b09
R0524	GBP/USD	1685170800000	1685174400000	retrieval_error_hour	readTicks	1	success	true	0					0	0	e3b0c44298fc1c149afbf4c8996fb92427ae41e4649b934ca495991b7852b855	2026-09-08T14:37:43.136Z		2.13.99	3.6.51	1.8.0_472-b09
R0524	GBP/USD	1685170800000	1685174400000	retrieval_error_hour	getBars	1	success	not_applicable	60	1685170800000	1.23437	1685174340000	1.23437	1	0	96f68dd43ee6371e84be9946fa8e121b0c74eeefa372edb08566a7cb5445adf8	2026-09-08T14:37:43.136Z		2.13.99	3.6.51	1.8.0_472-b09
R0525	GBP/USD	1685188800000	1685192400000	retrieval_error_hour	getTicks	1	success	not_applicable	0					0	0	e3b0c44298fc1c149afbf4c8996fb92427ae41e4649b934ca495991b7852b855	2026-09-08T14:37:43.713Z		2.13.99	3.6.51	1.8.0_472-b09
R0525	GBP/USD	1685188800000	1685192400000	retrieval_error_hour	readTicks	1	success	true	0					0	0	e3b0c44298fc1c149afbf4c8996fb92427ae41e4649b934ca495991b7852b855	2026-09-08T14:37:43.713Z		2.13.99	3.6.51	1.8.0_472-b09
R0525	GBP/USD	1685188800000	1685192400000	retrieval_error_hour	getBars	1	success	not_applicable	60	1685188800000	1.23437	1685192340000	1.23437	1	0	6a955432681b35a222661c9850be5f68e5225cf327b4fe4fc0fb2634bf46707f	2026-09-08T14:37:43.713Z		2.13.99	3.6.51	1.8.0_472-b09
R0526	GBP/USD	1685739600000	1685743200000	retrieval_error_hour	getTicks	1	success	not_applicable	0					0	0	e3b0c44298fc1c149afbf4c8996fb92427ae41e4649b934ca495991b7852b855	2026-09-08T14:37:44.187Z		2.13.99	3.6.51	1.8.0_472-b09
R0526	GBP/USD	1685739600000	1685743200000	retrieval_error_hour	readTicks	1	success	true	0					0	0	e3b0c44298fc1c149afbf4c8996fb92427ae41e4649b934ca495991b7852b855	2026-09-08T14:37:44.188Z		2.13.99	3.6.51	1.8.0_472-b09
R0526	GBP/USD	1685739600000	1685743200000	retrieval_error_hour	getBars	1	success	not_applicable	60	1685739600000	1.24434	1685743140000	1.24434	1	0	2da4c6bcbb2976d95f2012232bbe3f9f2e053a260f1802b09de1c1f8a1d47d66	2026-09-08T14:37:44.442Z		2.13.99	3.6.51	1.8.0_472-b09
R0527	GBP/USD	1685743200000	1685746800000	retrieval_error_hour	getTicks	1	success	not_applicable	0					0	0	e3b0c44298fc1c149afbf4c8996fb92427ae41e4649b934ca495991b7852b855	2026-09-08T14:37:44.667Z		2.13.99	3.6.51	1.8.0_472-b09
R0527	GBP/USD	1685743200000	1685746800000	retrieval_error_hour	readTicks	1	success	true	0					0	0	e3b0c44298fc1c149afbf4c8996fb92427ae41e4649b934ca495991b7852b855	2026-09-08T14:37:44.667Z		2.13.99	3.6.51	1.8.0_472-b09
R0527	GBP/USD	1685743200000	1685746800000	retrieval_error_hour	getBars	1	success	not_applicable	60	1685743200000	1.24434	1685746740000	1.24434	1	0	f5c4287ceab15cc399e04500388ea30e5274fc2318cd82000ab80b6b891915d9	2026-09-08T14:37:44.668Z		2.13.99	3.6.51	1.8.0_472-b09
R0528	GBP/USD	1685786400000	1685790000000	retrieval_error_hour	getTicks	1	success	not_applicable	0					0	0	e3b0c44298fc1c149afbf4c8996fb92427ae41e4649b934ca495991b7852b855	2026-09-08T14:37:45.136Z		2.13.99	3.6.51	1.8.0_472-b09
R0528	GBP/USD	1685786400000	1685790000000	retrieval_error_hour	readTicks	1	success	true	0					0	0	e3b0c44298fc1c149afbf4c8996fb92427ae41e4649b934ca495991b7852b855	2026-09-08T14:37:45.136Z		2.13.99	3.6.51	1.8.0_472-b09
R0528	GBP/USD	1685786400000	1685790000000	retrieval_error_hour	getBars	1	success	not_applicable	60	1685786400000	1.24434	1685789940000	1.24434	1	0	86b896a7738dd709f84b667d87fba02c617b85b9937d2af3e7b6ef8f09034978	2026-09-08T14:37:45.373Z		2.13.99	3.6.51	1.8.0_472-b09
R0529	GBP/USD	1685826000000	1685829600000	retrieval_error_hour	getTicks	1	success	not_applicable	0					0	0	e3b0c44298fc1c149afbf4c8996fb92427ae41e4649b934ca495991b7852b855	2026-09-08T14:37:46.036Z		2.13.99	3.6.51	1.8.0_472-b09
R0529	GBP/USD	1685826000000	1685829600000	retrieval_error_hour	readTicks	1	success	true	0					0	0	e3b0c44298fc1c149afbf4c8996fb92427ae41e4649b934ca495991b7852b855	2026-09-08T14:37:46.036Z		2.13.99	3.6.51	1.8.0_472-b09
R0529	GBP/USD	1685826000000	1685829600000	retrieval_error_hour	getBars	1	success	not_applicable	60	1685826000000	1.24434	1685829540000	1.24434	1	0	9d19783f28b295b19573cce418b11bf5e09fa6cdd09ed771e37a4ba01e1f4b5f	2026-09-08T14:37:46.036Z		2.13.99	3.6.51	1.8.0_472-b09
R0530	GBP/USD	1686348000000	1686351600000	retrieval_error_hour	getTicks	1	success	not_applicable	0					0	0	e3b0c44298fc1c149afbf4c8996fb92427ae41e4649b934ca495991b7852b855	2026-09-08T14:37:46.625Z		2.13.99	3.6.51	1.8.0_472-b09
R0530	GBP/USD	1686348000000	1686351600000	retrieval_error_hour	readTicks	1	success	true	0					0	0	e3b0c44298fc1c149afbf4c8996fb92427ae41e4649b934ca495991b7852b855	2026-09-08T14:37:46.625Z		2.13.99	3.6.51	1.8.0_472-b09
R0530	GBP/USD	1686348000000	1686351600000	retrieval_error_hour	getBars	1	success	not_applicable	60	1686348000000	1.25754	1686351540000	1.25754	1	0	74d13bd0860e3025e9b16f79a993a07556f9ab11defe93aa46ff31e7d88eed94	2026-09-08T14:37:46.851Z		2.13.99	3.6.51	1.8.0_472-b09
R0531	GBP/USD	1686351600000	1686355200000	retrieval_error_hour	getTicks	1	success	not_applicable	0					0	0	e3b0c44298fc1c149afbf4c8996fb92427ae41e4649b934ca495991b7852b855	2026-09-08T14:37:47.071Z		2.13.99	3.6.51	1.8.0_472-b09
R0531	GBP/USD	1686351600000	1686355200000	retrieval_error_hour	readTicks	1	success	true	0					0	0	e3b0c44298fc1c149afbf4c8996fb92427ae41e4649b934ca495991b7852b855	2026-09-08T14:37:47.071Z		2.13.99	3.6.51	1.8.0_472-b09
R0531	GBP/USD	1686351600000	1686355200000	retrieval_error_hour	getBars	1	success	not_applicable	60	1686351600000	1.25754	1686355140000	1.25754	1	0	6b96a815cc30b0fd12fd7b26d6af229edb203632e77eb0ed8f0615b8fde051f3	2026-09-08T14:37:47.072Z		2.13.99	3.6.51	1.8.0_472-b09
R0532	GBP/USD	1686355200000	1686358800000	retrieval_error_hour	getTicks	1	success	not_applicable	0					0	0	e3b0c44298fc1c149afbf4c8996fb92427ae41e4649b934ca495991b7852b855	2026-09-08T14:37:47.297Z		2.13.99	3.6.51	1.8.0_472-b09
R0532	GBP/USD	1686355200000	1686358800000	retrieval_error_hour	readTicks	1	success	true	0					0	0	e3b0c44298fc1c149afbf4c8996fb92427ae41e4649b934ca495991b7852b855	2026-09-08T14:37:47.298Z		2.13.99	3.6.51	1.8.0_472-b09
R0532	GBP/USD	1686355200000	1686358800000	retrieval_error_hour	getBars	1	success	not_applicable	60	1686355200000	1.25754	1686358740000	1.25754	1	0	d16e2a40b9925526920b504bc11ce6762b6c43187687c2410b8131c10f8145c4	2026-09-08T14:37:47.739Z		2.13.99	3.6.51	1.8.0_472-b09
R0533	GBP/USD	1686362400000	1686366000000	retrieval_error_hour	getTicks	1	success	not_applicable	0					0	0	e3b0c44298fc1c149afbf4c8996fb92427ae41e4649b934ca495991b7852b855	2026-09-08T14:37:48.352Z		2.13.99	3.6.51	1.8.0_472-b09
R0533	GBP/USD	1686362400000	1686366000000	retrieval_error_hour	readTicks	1	success	true	0					0	0	e3b0c44298fc1c149afbf4c8996fb92427ae41e4649b934ca495991b7852b855	2026-09-08T14:37:48.352Z		2.13.99	3.6.51	1.8.0_472-b09
R0533	GBP/USD	1686362400000	1686366000000	retrieval_error_hour	getBars	1	success	not_applicable	60	1686362400000	1.25754	1686365940000	1.25754	1	0	06bf5c12325b5907c20895149694d656d015e05262ec7293c289ea6d42771055	2026-09-08T14:37:48.352Z		2.13.99	3.6.51	1.8.0_472-b09
R0534	GBP/USD	1686398400000	1686402000000	retrieval_error_hour	getTicks	1	success	not_applicable	0					0	0	e3b0c44298fc1c149afbf4c8996fb92427ae41e4649b934ca495991b7852b855	2026-09-08T14:37:48.844Z		2.13.99	3.6.51	1.8.0_472-b09
R0534	GBP/USD	1686398400000	1686402000000	retrieval_error_hour	readTicks	1	success	true	0					0	0	e3b0c44298fc1c149afbf4c8996fb92427ae41e4649b934ca495991b7852b855	2026-09-08T14:37:48.844Z		2.13.99	3.6.51	1.8.0_472-b09
R0534	GBP/USD	1686398400000	1686402000000	retrieval_error_hour	getBars	1	success	not_applicable	60	1686398400000	1.25754	1686401940000	1.25754	1	0	4c1e56cd270e13e67afe0cd8aa2af4a5503c5593d21e386981d057e56c0c10a0	2026-09-08T14:37:48.845Z		2.13.99	3.6.51	1.8.0_472-b09
R0535	GBP/USD	1686466800000	1686470400000	retrieval_error_hour	getTicks	1	success	not_applicable	0					0	0	e3b0c44298fc1c149afbf4c8996fb92427ae41e4649b934ca495991b7852b855	2026-09-08T14:37:49.376Z		2.13.99	3.6.51	1.8.0_472-b09
R0535	GBP/USD	1686466800000	1686470400000	retrieval_error_hour	readTicks	1	success	true	0					0	0	e3b0c44298fc1c149afbf4c8996fb92427ae41e4649b934ca495991b7852b855	2026-09-08T14:37:49.376Z		2.13.99	3.6.51	1.8.0_472-b09
R0535	GBP/USD	1686466800000	1686470400000	retrieval_error_hour	getBars	1	success	not_applicable	60	1686466800000	1.25754	1686470340000	1.25754	1	0	d371675f05fb958bb89feba497a235c99cef2be52616688b6abe6388c85ee3dc	2026-09-08T14:37:49.624Z		2.13.99	3.6.51	1.8.0_472-b09
R0536	GBP/USD	1686470400000	1686474000000	retrieval_error_hour	getTicks	1	success	not_applicable	0					0	0	e3b0c44298fc1c149afbf4c8996fb92427ae41e4649b934ca495991b7852b855	2026-09-08T14:37:49.851Z		2.13.99	3.6.51	1.8.0_472-b09
R0536	GBP/USD	1686470400000	1686474000000	retrieval_error_hour	readTicks	1	success	true	0					0	0	e3b0c44298fc1c149afbf4c8996fb92427ae41e4649b934ca495991b7852b855	2026-09-08T14:37:49.852Z		2.13.99	3.6.51	1.8.0_472-b09
R0536	GBP/USD	1686470400000	1686474000000	retrieval_error_hour	getBars	1	success	not_applicable	60	1686470400000	1.25754	1686473940000	1.25754	1	0	7ab2e6bcb43041773a38e262be9f416c17f88775d0e6764e49fc26872f838a11	2026-09-08T14:37:49.853Z		2.13.99	3.6.51	1.8.0_472-b09
R0537	GBP/USD	1688162400000	1688166000000	retrieval_error_hour	getTicks	1	success	not_applicable	0					0	0	e3b0c44298fc1c149afbf4c8996fb92427ae41e4649b934ca495991b7852b855	2026-09-08T14:37:50.336Z		2.13.99	3.6.51	1.8.0_472-b09
R0537	GBP/USD	1688162400000	1688166000000	retrieval_error_hour	readTicks	1	success	true	0					0	0	e3b0c44298fc1c149afbf4c8996fb92427ae41e4649b934ca495991b7852b855	2026-09-08T14:37:50.336Z		2.13.99	3.6.51	1.8.0_472-b09
R0537	GBP/USD	1688162400000	1688166000000	retrieval_error_hour	getBars	1	success	not_applicable	60	1688162400000	1.26902	1688165940000	1.26902	1	0	690f22bbc02a779c5c18db51d5db4fd5897b2bcdc15297e40a78d04e062ade96	2026-09-08T14:37:50.639Z		2.13.99	3.6.51	1.8.0_472-b09
R0538	GBP/USD	1688216400000	1688220000000	retrieval_error_hour	getTicks	1	success	not_applicable	0					0	0	e3b0c44298fc1c149afbf4c8996fb92427ae41e4649b934ca495991b7852b855	2026-09-08T14:37:51.282Z		2.13.99	3.6.51	1.8.0_472-b09
R0538	GBP/USD	1688216400000	1688220000000	retrieval_error_hour	readTicks	1	success	true	0					0	0	e3b0c44298fc1c149afbf4c8996fb92427ae41e4649b934ca495991b7852b855	2026-09-08T14:37:51.282Z		2.13.99	3.6.51	1.8.0_472-b09
R0538	GBP/USD	1688216400000	1688220000000	retrieval_error_hour	getBars	1	success	not_applicable	60	1688216400000	1.26902	1688219940000	1.26902	1	0	d0b229d58f93f0f5687e7aea2c90366739ba09081285821d06139f9f77061047	2026-09-08T14:37:51.540Z		2.13.99	3.6.51	1.8.0_472-b09
R0539	GBP/USD	1688230800000	1688234400000	retrieval_error_hour	getTicks	1	success	not_applicable	0					0	0	e3b0c44298fc1c149afbf4c8996fb92427ae41e4649b934ca495991b7852b855	2026-09-08T14:37:51.979Z		2.13.99	3.6.51	1.8.0_472-b09
R0539	GBP/USD	1688230800000	1688234400000	retrieval_error_hour	readTicks	1	success	true	0					0	0	e3b0c44298fc1c149afbf4c8996fb92427ae41e4649b934ca495991b7852b855	2026-09-08T14:37:51.979Z		2.13.99	3.6.51	1.8.0_472-b09
R0539	GBP/USD	1688230800000	1688234400000	retrieval_error_hour	getBars	1	success	not_applicable	60	1688230800000	1.26902	1688234340000	1.26902	1	0	e80941c26916f81ad0a338cfe4064684bedffec63aa3b4aeab2dcecc7e295eef	2026-09-08T14:37:51.980Z		2.13.99	3.6.51	1.8.0_472-b09
R0540	GBP/USD	1688241600000	1688245200000	retrieval_error_hour	getTicks	1	success	not_applicable	0					0	0	e3b0c44298fc1c149afbf4c8996fb92427ae41e4649b934ca495991b7852b855	2026-09-08T14:37:52.432Z		2.13.99	3.6.51	1.8.0_472-b09
R0540	GBP/USD	1688241600000	1688245200000	retrieval_error_hour	readTicks	1	success	true	0					0	0	e3b0c44298fc1c149afbf4c8996fb92427ae41e4649b934ca495991b7852b855	2026-09-08T14:37:52.433Z		2.13.99	3.6.51	1.8.0_472-b09
R0540	GBP/USD	1688241600000	1688245200000	retrieval_error_hour	getBars	1	success	not_applicable	60	1688241600000	1.26902	1688245140000	1.26902	1	0	648b7a42581128709bb49375ddf910dd116f890de9c266d95f705af084ef6932	2026-09-08T14:37:52.433Z		2.13.99	3.6.51	1.8.0_472-b09
R0541	GBP/USD	1688328000000	1688331600000	retrieval_error_hour	getTicks	1	success	not_applicable	0					0	0	e3b0c44298fc1c149afbf4c8996fb92427ae41e4649b934ca495991b7852b855	2026-09-08T14:37:52.961Z		2.13.99	3.6.51	1.8.0_472-b09
R0541	GBP/USD	1688328000000	1688331600000	retrieval_error_hour	readTicks	1	success	true	0					0	0	e3b0c44298fc1c149afbf4c8996fb92427ae41e4649b934ca495991b7852b855	2026-09-08T14:37:52.961Z		2.13.99	3.6.51	1.8.0_472-b09
R0541	GBP/USD	1688328000000	1688331600000	retrieval_error_hour	getBars	1	success	not_applicable	60	1688328000000	1.26902	1688331540000	1.26902	1	0	8e199e87afbd6f49e6b495bd69798ea9ff2b289f1611fe29de9e13f190ef9b64	2026-09-08T14:37:53.229Z		2.13.99	3.6.51	1.8.0_472-b09
R0542	GBP/USD	1688781600000	1688785200000	retrieval_error_hour	getTicks	1	success	not_applicable	0					0	0	e3b0c44298fc1c149afbf4c8996fb92427ae41e4649b934ca495991b7852b855	2026-09-08T14:37:53.776Z		2.13.99	3.6.51	1.8.0_472-b09
R0542	GBP/USD	1688781600000	1688785200000	retrieval_error_hour	readTicks	1	success	true	0					0	0	e3b0c44298fc1c149afbf4c8996fb92427ae41e4649b934ca495991b7852b855	2026-09-08T14:37:53.776Z		2.13.99	3.6.51	1.8.0_472-b09
R0542	GBP/USD	1688781600000	1688785200000	retrieval_error_hour	getBars	1	success	not_applicable	60	1688781600000	1.28343	1688785140000	1.28343	1	0	6aa704b5eb8d64a09d98d69e83d531ce5de33d6a63a1c1fe4f8b603a6d17aa87	2026-09-08T14:37:54.035Z		2.13.99	3.6.51	1.8.0_472-b09
R0543	GBP/USD	1688806800000	1688810400000	retrieval_error_hour	getTicks	1	success	not_applicable	0					0	0	e3b0c44298fc1c149afbf4c8996fb92427ae41e4649b934ca495991b7852b855	2026-09-08T14:37:54.501Z		2.13.99	3.6.51	1.8.0_472-b09
R0543	GBP/USD	1688806800000	1688810400000	retrieval_error_hour	readTicks	1	success	true	0					0	0	e3b0c44298fc1c149afbf4c8996fb92427ae41e4649b934ca495991b7852b855	2026-09-08T14:37:54.501Z		2.13.99	3.6.51	1.8.0_472-b09
R0543	GBP/USD	1688806800000	1688810400000	retrieval_error_hour	getBars	1	success	not_applicable	60	1688806800000	1.28343	1688810340000	1.28343	1	0	8279eaeb35990947cbc31079e0df163a72e6a8ab5c93bf9dd68c24f250c4464a	2026-09-08T14:37:54.502Z		2.13.99	3.6.51	1.8.0_472-b09
R0544	GBP/USD	1688810400000	1688814000000	retrieval_error_hour	getTicks	1	success	not_applicable	0					0	0	e3b0c44298fc1c149afbf4c8996fb92427ae41e4649b934ca495991b7852b855	2026-09-08T14:37:54.748Z		2.13.99	3.6.51	1.8.0_472-b09
R0544	GBP/USD	1688810400000	1688814000000	retrieval_error_hour	readTicks	1	success	true	0					0	0	e3b0c44298fc1c149afbf4c8996fb92427ae41e4649b934ca495991b7852b855	2026-09-08T14:37:54.748Z		2.13.99	3.6.51	1.8.0_472-b09
R0544	GBP/USD	1688810400000	1688814000000	retrieval_error_hour	getBars	1	success	not_applicable	60	1688810400000	1.28343	1688813940000	1.28343	1	0	42e936d6859deaf3f55e74aaa3c370d2d34c01ef22695a15653576a18281df03	2026-09-08T14:37:54.748Z		2.13.99	3.6.51	1.8.0_472-b09
R0545	GBP/USD	1688875200000	1688878800000	retrieval_error_hour	getTicks	1	success	not_applicable	0					0	0	e3b0c44298fc1c149afbf4c8996fb92427ae41e4649b934ca495991b7852b855	2026-09-08T14:37:55.315Z		2.13.99	3.6.51	1.8.0_472-b09
R0545	GBP/USD	1688875200000	1688878800000	retrieval_error_hour	readTicks	1	success	true	0					0	0	e3b0c44298fc1c149afbf4c8996fb92427ae41e4649b934ca495991b7852b855	2026-09-08T14:37:55.315Z		2.13.99	3.6.51	1.8.0_472-b09
R0545	GBP/USD	1688875200000	1688878800000	retrieval_error_hour	getBars	1	success	not_applicable	60	1688875200000	1.28343	1688878740000	1.28343	1	0	5977bd227902de1d1dff11a8d4bdecf67e2d8e1f12d703034f07d38c8ac321f3	2026-09-08T14:37:55.633Z		2.13.99	3.6.51	1.8.0_472-b09
R0546	GBP/USD	1689390000000	1689393600000	retrieval_error_hour	getTicks	1	success	not_applicable	0					0	0	e3b0c44298fc1c149afbf4c8996fb92427ae41e4649b934ca495991b7852b855	2026-09-08T14:37:56.337Z		2.13.99	3.6.51	1.8.0_472-b09
R0546	GBP/USD	1689390000000	1689393600000	retrieval_error_hour	readTicks	1	success	true	0					0	0	e3b0c44298fc1c149afbf4c8996fb92427ae41e4649b934ca495991b7852b855	2026-09-08T14:37:56.338Z		2.13.99	3.6.51	1.8.0_472-b09
R0546	GBP/USD	1689390000000	1689393600000	retrieval_error_hour	getBars	1	success	not_applicable	60	1689390000000	1.30859	1689393540000	1.30859	1	0	e2562fa52871a107c3d3e6441b75287d0e5cbe95cd6f1d78648f9ef8a841c10b	2026-09-08T14:37:56.805Z		2.13.99	3.6.51	1.8.0_472-b09
R0547	GBP/USD	1689429600000	1689433200000	retrieval_error_hour	getTicks	1	success	not_applicable	0					0	0	e3b0c44298fc1c149afbf4c8996fb92427ae41e4649b934ca495991b7852b855	2026-09-08T14:37:57.592Z		2.13.99	3.6.51	1.8.0_472-b09
R0547	GBP/USD	1689429600000	1689433200000	retrieval_error_hour	readTicks	1	success	true	0					0	0	e3b0c44298fc1c149afbf4c8996fb92427ae41e4649b934ca495991b7852b855	2026-09-08T14:37:57.593Z		2.13.99	3.6.51	1.8.0_472-b09
R0547	GBP/USD	1689429600000	1689433200000	retrieval_error_hour	getBars	1	success	not_applicable	60	1689429600000	1.30859	1689433140000	1.30859	1	0	1baf5f99487237db0aea285cf93b35b9414d1869d6a8df9dc50bc41dbdfdf303	2026-09-08T14:37:57.593Z		2.13.99	3.6.51	1.8.0_472-b09
R0548	GBP/USD	1689487200000	1689490800000	retrieval_error_hour	getTicks	1	success	not_applicable	0					0	0	e3b0c44298fc1c149afbf4c8996fb92427ae41e4649b934ca495991b7852b855	2026-09-08T14:37:58.563Z		2.13.99	3.6.51	1.8.0_472-b09
R0548	GBP/USD	1689487200000	1689490800000	retrieval_error_hour	readTicks	1	success	true	0					0	0	e3b0c44298fc1c149afbf4c8996fb92427ae41e4649b934ca495991b7852b855	2026-09-08T14:37:58.563Z		2.13.99	3.6.51	1.8.0_472-b09
R0548	GBP/USD	1689487200000	1689490800000	retrieval_error_hour	getBars	1	success	not_applicable	60	1689487200000	1.30859	1689490740000	1.30859	1	0	ab51db30bebb7c04e7a6015abbe6a1ac2da74b52352085f3255df13c32501fed	2026-09-08T14:37:58.813Z		2.13.99	3.6.51	1.8.0_472-b09
R0549	GBP/USD	1690578000000	1690581600000	retrieval_error_hour	getTicks	1	success	not_applicable	0					0	0	e3b0c44298fc1c149afbf4c8996fb92427ae41e4649b934ca495991b7852b855	2026-09-08T14:37:59.308Z		2.13.99	3.6.51	1.8.0_472-b09
R0549	GBP/USD	1690578000000	1690581600000	retrieval_error_hour	readTicks	1	success	true	0					0	0	e3b0c44298fc1c149afbf4c8996fb92427ae41e4649b934ca495991b7852b855	2026-09-08T14:37:59.309Z		2.13.99	3.6.51	1.8.0_472-b09
R0549	GBP/USD	1690578000000	1690581600000	retrieval_error_hour	getBars	1	success	not_applicable	60	1690578000000	1.28455	1690581540000	1.28455	1	0	7f48f0fc74728b203992cf6ca3b11d323942bf290b34960fd1572ba44835ee31	2026-09-08T14:37:59.806Z		2.13.99	3.6.51	1.8.0_472-b09
R0550	GBP/USD	1690614000000	1690617600000	retrieval_error_hour	getTicks	1	success	not_applicable	0					0	0	e3b0c44298fc1c149afbf4c8996fb92427ae41e4649b934ca495991b7852b855	2026-09-08T14:38:00.288Z		2.13.99	3.6.51	1.8.0_472-b09
R0550	GBP/USD	1690614000000	1690617600000	retrieval_error_hour	readTicks	1	success	true	0					0	0	e3b0c44298fc1c149afbf4c8996fb92427ae41e4649b934ca495991b7852b855	2026-09-08T14:38:00.288Z		2.13.99	3.6.51	1.8.0_472-b09
R0550	GBP/USD	1690614000000	1690617600000	retrieval_error_hour	getBars	1	success	not_applicable	60	1690614000000	1.28455	1690617540000	1.28455	1	0	fe675ed73dfe8c6942df953c87dfd29ec6e5bb3a0175e0fe82ccffa296104fbf	2026-09-08T14:38:00.628Z		2.13.99	3.6.51	1.8.0_472-b09
R0551	GBP/USD	1690639200000	1690642800000	retrieval_error_hour	getTicks	1	success	not_applicable	0					0	0	e3b0c44298fc1c149afbf4c8996fb92427ae41e4649b934ca495991b7852b855	2026-09-08T14:38:01.665Z		2.13.99	3.6.51	1.8.0_472-b09
R0551	GBP/USD	1690639200000	1690642800000	retrieval_error_hour	readTicks	1	success	true	0					0	0	e3b0c44298fc1c149afbf4c8996fb92427ae41e4649b934ca495991b7852b855	2026-09-08T14:38:01.665Z		2.13.99	3.6.51	1.8.0_472-b09
R0551	GBP/USD	1690639200000	1690642800000	retrieval_error_hour	getBars	1	success	not_applicable	60	1690639200000	1.28455	1690642740000	1.28455	1	0	2cc50dba58ec2523137f68a3bdeef8f1844d8eabe5f76af44212c2907733c0e5	2026-09-08T14:38:01.665Z		2.13.99	3.6.51	1.8.0_472-b09
R0552	GBP/USD	1690743600000	1690747200000	retrieval_error_hour	getTicks	1	success	not_applicable	0					0	0	e3b0c44298fc1c149afbf4c8996fb92427ae41e4649b934ca495991b7852b855	2026-09-08T14:38:02.371Z		2.13.99	3.6.51	1.8.0_472-b09
R0552	GBP/USD	1690743600000	1690747200000	retrieval_error_hour	readTicks	1	success	true	0					0	0	e3b0c44298fc1c149afbf4c8996fb92427ae41e4649b934ca495991b7852b855	2026-09-08T14:38:02.371Z		2.13.99	3.6.51	1.8.0_472-b09
R0552	GBP/USD	1690743600000	1690747200000	retrieval_error_hour	getBars	1	success	not_applicable	60	1690743600000	1.28455	1690747140000	1.28455	1	0	3ed424c401153bd2822bfc01568ce1117d5e1510a296b9e5a007b2dfb8bc8be1	2026-09-08T14:38:16.489Z		2.13.99	3.6.51	1.8.0_472-b09
R0553	GBP/USD	1691251200000	1691254800000	retrieval_error_hour	getTicks	1	success	not_applicable	0					0	0	e3b0c44298fc1c149afbf4c8996fb92427ae41e4649b934ca495991b7852b855	2026-09-08T14:38:17.274Z		2.13.99	3.6.51	1.8.0_472-b09
R0553	GBP/USD	1691251200000	1691254800000	retrieval_error_hour	readTicks	1	success	true	0					0	0	e3b0c44298fc1c149afbf4c8996fb92427ae41e4649b934ca495991b7852b855	2026-09-08T14:38:17.274Z		2.13.99	3.6.51	1.8.0_472-b09
R0553	GBP/USD	1691251200000	1691254800000	retrieval_error_hour	getBars	1	success	not_applicable	60	1691251200000	1.27426	1691254740000	1.27426	1	0	5c9a3359b4e923c9d0d476ca420044f89c328749e6886ea6e23c306316d5056b	2026-09-08T14:38:17.555Z		2.13.99	3.6.51	1.8.0_472-b09
R0554	GBP/USD	1691254800000	1691258400000	retrieval_error_hour	getTicks	1	success	not_applicable	0					0	0	e3b0c44298fc1c149afbf4c8996fb92427ae41e4649b934ca495991b7852b855	2026-09-08T14:38:18.940Z		2.13.99	3.6.51	1.8.0_472-b09
R0554	GBP/USD	1691254800000	1691258400000	retrieval_error_hour	readTicks	1	success	true	0					0	0	e3b0c44298fc1c149afbf4c8996fb92427ae41e4649b934ca495991b7852b855	2026-09-08T14:38:18.941Z		2.13.99	3.6.51	1.8.0_472-b09
R0554	GBP/USD	1691254800000	1691258400000	retrieval_error_hour	getBars	1	success	not_applicable	60	1691254800000	1.27426	1691258340000	1.27426	1	0	1f3f75a7fdf090e578e9034a3a0bae80104cc9c3f907b3374bc525d220649742	2026-09-08T14:38:18.941Z		2.13.99	3.6.51	1.8.0_472-b09
R0555	GBP/USD	1691272800000	1691276400000	retrieval_error_hour	getTicks	1	success	not_applicable	0					0	0	e3b0c44298fc1c149afbf4c8996fb92427ae41e4649b934ca495991b7852b855	2026-09-08T14:38:19.387Z		2.13.99	3.6.51	1.8.0_472-b09
R0555	GBP/USD	1691272800000	1691276400000	retrieval_error_hour	readTicks	1	success	true	0					0	0	e3b0c44298fc1c149afbf4c8996fb92427ae41e4649b934ca495991b7852b855	2026-09-08T14:38:19.388Z		2.13.99	3.6.51	1.8.0_472-b09
R0555	GBP/USD	1691272800000	1691276400000	retrieval_error_hour	getBars	1	success	not_applicable	60	1691272800000	1.27426	1691276340000	1.27426	1	0	4d0ea2dba03c09c817045e1f39ae7522664c647a4d91fa324c17da9e11ce46b4	2026-09-08T14:38:19.388Z		2.13.99	3.6.51	1.8.0_472-b09
R0556	GBP/USD	1691301600000	1691305200000	retrieval_error_hour	getTicks	1	success	not_applicable	0					0	0	e3b0c44298fc1c149afbf4c8996fb92427ae41e4649b934ca495991b7852b855	2026-09-08T14:38:19.951Z		2.13.99	3.6.51	1.8.0_472-b09
R0556	GBP/USD	1691301600000	1691305200000	retrieval_error_hour	readTicks	1	success	true	0					0	0	e3b0c44298fc1c149afbf4c8996fb92427ae41e4649b934ca495991b7852b855	2026-09-08T14:38:19.952Z		2.13.99	3.6.51	1.8.0_472-b09
R0556	GBP/USD	1691301600000	1691305200000	retrieval_error_hour	getBars	1	success	not_applicable	60	1691301600000	1.27426	1691305140000	1.27426	1	0	e6508a51983cda8367ec742e059f4ac986801b7369de8d6b497433a733297153	2026-09-08T14:38:20.198Z		2.13.99	3.6.51	1.8.0_472-b09
R0557	GBP/USD	1691308800000	1691312400000	retrieval_error_hour	getTicks	1	success	not_applicable	0					0	0	e3b0c44298fc1c149afbf4c8996fb92427ae41e4649b934ca495991b7852b855	2026-09-08T14:38:20.657Z		2.13.99	3.6.51	1.8.0_472-b09
R0557	GBP/USD	1691308800000	1691312400000	retrieval_error_hour	readTicks	1	success	true	0					0	0	e3b0c44298fc1c149afbf4c8996fb92427ae41e4649b934ca495991b7852b855	2026-09-08T14:38:20.658Z		2.13.99	3.6.51	1.8.0_472-b09
R0557	GBP/USD	1691308800000	1691312400000	retrieval_error_hour	getBars	1	success	not_applicable	60	1691308800000	1.27426	1691312340000	1.27426	1	0	76f1cff01423d498dfd6b21f7b181c2b58a9e97c3b5a659e93965f37e2f1bc34	2026-09-08T14:38:20.658Z		2.13.99	3.6.51	1.8.0_472-b09
R0558	GBP/USD	1691334000000	1691337600000	retrieval_error_hour	getTicks	1	success	not_applicable	0					0	0	e3b0c44298fc1c149afbf4c8996fb92427ae41e4649b934ca495991b7852b855	2026-09-08T14:38:21.172Z		2.13.99	3.6.51	1.8.0_472-b09
R0558	GBP/USD	1691334000000	1691337600000	retrieval_error_hour	readTicks	1	success	true	0					0	0	e3b0c44298fc1c149afbf4c8996fb92427ae41e4649b934ca495991b7852b855	2026-09-08T14:38:21.173Z		2.13.99	3.6.51	1.8.0_472-b09
R0558	GBP/USD	1691334000000	1691337600000	retrieval_error_hour	getBars	1	success	not_applicable	60	1691334000000	1.27426	1691337540000	1.27426	1	0	ebd2fc66d7b619ce6fe7d404ec702c8f9dd70ec709f4935a137ce4661d789a1b	2026-09-08T14:38:21.173Z		2.13.99	3.6.51	1.8.0_472-b09
R0559	GBP/USD	1691787600000	1691791200000	retrieval_error_hour	getTicks	1	success	not_applicable	0					0	0	e3b0c44298fc1c149afbf4c8996fb92427ae41e4649b934ca495991b7852b855	2026-09-08T14:38:22.056Z		2.13.99	3.6.51	1.8.0_472-b09
R0559	GBP/USD	1691787600000	1691791200000	retrieval_error_hour	readTicks	1	success	true	0					0	0	e3b0c44298fc1c149afbf4c8996fb92427ae41e4649b934ca495991b7852b855	2026-09-08T14:38:22.057Z		2.13.99	3.6.51	1.8.0_472-b09
R0559	GBP/USD	1691787600000	1691791200000	retrieval_error_hour	getBars	1	success	not_applicable	60	1691787600000	1.269	1691791140000	1.269	1	0	8876d5d8c5b7ffee782f18d302de1b6e906be0418f72453506b78a3bf9f4d180	2026-09-08T14:38:23.426Z		2.13.99	3.6.51	1.8.0_472-b09
R0560	GBP/USD	1691805600000	1691809200000	retrieval_error_hour	getTicks	1	success	not_applicable	0					0	0	e3b0c44298fc1c149afbf4c8996fb92427ae41e4649b934ca495991b7852b855	2026-09-08T14:38:24.058Z		2.13.99	3.6.51	1.8.0_472-b09
R0560	GBP/USD	1691805600000	1691809200000	retrieval_error_hour	readTicks	1	success	true	0					0	0	e3b0c44298fc1c149afbf4c8996fb92427ae41e4649b934ca495991b7852b855	2026-09-08T14:38:24.058Z		2.13.99	3.6.51	1.8.0_472-b09
R0560	GBP/USD	1691805600000	1691809200000	retrieval_error_hour	getBars	1	success	not_applicable	60	1691805600000	1.269	1691809140000	1.269	1	0	3476a679a3d834c4ae0709a7eb39ed21b1feff855bab4b9e71e146ed494d1728	2026-09-08T14:38:24.320Z		2.13.99	3.6.51	1.8.0_472-b09
R0561	GBP/USD	1691870400000	1691874000000	retrieval_error_hour	getTicks	1	success	not_applicable	0					0	0	e3b0c44298fc1c149afbf4c8996fb92427ae41e4649b934ca495991b7852b855	2026-09-08T14:38:25.576Z		2.13.99	3.6.51	1.8.0_472-b09
R0561	GBP/USD	1691870400000	1691874000000	retrieval_error_hour	readTicks	1	success	true	0					0	0	e3b0c44298fc1c149afbf4c8996fb92427ae41e4649b934ca495991b7852b855	2026-09-08T14:38:25.576Z		2.13.99	3.6.51	1.8.0_472-b09
R0561	GBP/USD	1691870400000	1691874000000	retrieval_error_hour	getBars	1	success	not_applicable	60	1691870400000	1.269	1691873940000	1.269	1	0	8f8470befb9e96a771d0f3a753511681b69e58c2e23f1c9dc232a82674da211d	2026-09-08T14:38:25.577Z		2.13.99	3.6.51	1.8.0_472-b09
R0562	GBP/USD	1691913600000	1691917200000	retrieval_error_hour	getTicks	1	success	not_applicable	0					0	0	e3b0c44298fc1c149afbf4c8996fb92427ae41e4649b934ca495991b7852b855	2026-09-08T14:38:26.025Z		2.13.99	3.6.51	1.8.0_472-b09
R0562	GBP/USD	1691913600000	1691917200000	retrieval_error_hour	readTicks	1	success	true	0					0	0	e3b0c44298fc1c149afbf4c8996fb92427ae41e4649b934ca495991b7852b855	2026-09-08T14:38:26.025Z		2.13.99	3.6.51	1.8.0_472-b09
R0562	GBP/USD	1691913600000	1691917200000	retrieval_error_hour	getBars	1	success	not_applicable	60	1691913600000	1.269	1691917140000	1.269	1	0	6cebb79889608b1842809cbd98699047a13275eea3edb4cf7e53bc3f15168686	2026-09-08T14:38:26.253Z		2.13.99	3.6.51	1.8.0_472-b09
R0563	GBP/USD	1693004400000	1693008000000	retrieval_error_hour	getTicks	1	success	not_applicable	0					0	0	e3b0c44298fc1c149afbf4c8996fb92427ae41e4649b934ca495991b7852b855	2026-09-08T14:38:27.032Z		2.13.99	3.6.51	1.8.0_472-b09
R0563	GBP/USD	1693004400000	1693008000000	retrieval_error_hour	readTicks	1	success	true	0					0	0	e3b0c44298fc1c149afbf4c8996fb92427ae41e4649b934ca495991b7852b855	2026-09-08T14:38:27.033Z		2.13.99	3.6.51	1.8.0_472-b09
R0563	GBP/USD	1693004400000	1693008000000	retrieval_error_hour	getBars	1	success	not_applicable	60	1693004400000	1.25723	1693007940000	1.25723	1	0	628fb6d77306b16ee37c44fc196633c969a904d838385d2cba1d9e0359b34e86	2026-09-08T14:38:27.814Z		2.13.99	3.6.51	1.8.0_472-b09
R0564	GBP/USD	1693040400000	1693044000000	retrieval_error_hour	getTicks	1	success	not_applicable	0					0	0	e3b0c44298fc1c149afbf4c8996fb92427ae41e4649b934ca495991b7852b855	2026-09-08T14:38:28.414Z		2.13.99	3.6.51	1.8.0_472-b09
R0564	GBP/USD	1693040400000	1693044000000	retrieval_error_hour	readTicks	1	success	true	0					0	0	e3b0c44298fc1c149afbf4c8996fb92427ae41e4649b934ca495991b7852b855	2026-09-08T14:38:28.414Z		2.13.99	3.6.51	1.8.0_472-b09
R0564	GBP/USD	1693040400000	1693044000000	retrieval_error_hour	getBars	1	success	not_applicable	60	1693040400000	1.25723	1693043940000	1.25723	1	0	656f16bb638d095b40cfc07c46260a6d67d48574b9c02392fcb190c2b2e21e4b	2026-09-08T14:38:28.699Z		2.13.99	3.6.51	1.8.0_472-b09
R0565	GBP/USD	1693101600000	1693105200000	retrieval_error_hour	getTicks	1	success	not_applicable	0					0	0	e3b0c44298fc1c149afbf4c8996fb92427ae41e4649b934ca495991b7852b855	2026-09-08T14:38:29.264Z		2.13.99	3.6.51	1.8.0_472-b09
R0565	GBP/USD	1693101600000	1693105200000	retrieval_error_hour	readTicks	1	success	true	0					0	0	e3b0c44298fc1c149afbf4c8996fb92427ae41e4649b934ca495991b7852b855	2026-09-08T14:38:29.264Z		2.13.99	3.6.51	1.8.0_472-b09
R0565	GBP/USD	1693101600000	1693105200000	retrieval_error_hour	getBars	1	success	not_applicable	60	1693101600000	1.25723	1693105140000	1.25723	1	0	66d8105f91d7e8197bf1c4fb46acc520d4826a9994cd085d13d35aa4644b9a03	2026-09-08T14:38:29.534Z		2.13.99	3.6.51	1.8.0_472-b09
R0566	GBP/USD	1693108800000	1693112400000	retrieval_error_hour	getTicks	1	success	not_applicable	0					0	0	e3b0c44298fc1c149afbf4c8996fb92427ae41e4649b934ca495991b7852b855	2026-09-08T14:38:30.397Z		2.13.99	3.6.51	1.8.0_472-b09
R0566	GBP/USD	1693108800000	1693112400000	retrieval_error_hour	readTicks	1	success	true	0					0	0	e3b0c44298fc1c149afbf4c8996fb92427ae41e4649b934ca495991b7852b855	2026-09-08T14:38:30.398Z		2.13.99	3.6.51	1.8.0_472-b09
R0566	GBP/USD	1693108800000	1693112400000	retrieval_error_hour	getBars	1	success	not_applicable	60	1693108800000	1.25723	1693112340000	1.25723	1	0	9a11c3c1d524ec9ce84b738e7fc4e59e08a543ddf168653aa5d79c161f58a83d	2026-09-08T14:38:30.398Z		2.13.99	3.6.51	1.8.0_472-b09
R0567	GBP/USD	1693148400000	1693152000000	retrieval_error_hour	getTicks	1	success	not_applicable	0					0	0	e3b0c44298fc1c149afbf4c8996fb92427ae41e4649b934ca495991b7852b855	2026-09-08T14:38:31.012Z		2.13.99	3.6.51	1.8.0_472-b09
R0567	GBP/USD	1693148400000	1693152000000	retrieval_error_hour	readTicks	1	success	true	0					0	0	e3b0c44298fc1c149afbf4c8996fb92427ae41e4649b934ca495991b7852b855	2026-09-08T14:38:31.012Z		2.13.99	3.6.51	1.8.0_472-b09
R0567	GBP/USD	1693148400000	1693152000000	retrieval_error_hour	getBars	1	success	not_applicable	60	1693148400000	1.25723	1693151940000	1.25723	1	0	418da30fda261ca8d2a3a8c5b8ed40a06644603b22bbe608ba3131f80238fac5	2026-09-08T14:38:31.013Z		2.13.99	3.6.51	1.8.0_472-b09
R0568	GBP/USD	1695510000000	1695513600000	retrieval_error_hour	getTicks	1	success	not_applicable	0					0	0	e3b0c44298fc1c149afbf4c8996fb92427ae41e4649b934ca495991b7852b855	2026-09-08T14:38:31.494Z		2.13.99	3.6.51	1.8.0_472-b09
R0568	GBP/USD	1695510000000	1695513600000	retrieval_error_hour	readTicks	1	success	true	0					0	0	e3b0c44298fc1c149afbf4c8996fb92427ae41e4649b934ca495991b7852b855	2026-09-08T14:38:31.495Z		2.13.99	3.6.51	1.8.0_472-b09
R0568	GBP/USD	1695510000000	1695513600000	retrieval_error_hour	getBars	1	success	not_applicable	60	1695510000000	1.22371	1695513540000	1.22371	1	0	22e482be72c5c66cf1ca89d5a2a879302c0ced6aa96020a6dafe26f2a013a628	2026-09-08T14:38:31.748Z		2.13.99	3.6.51	1.8.0_472-b09
R0569	GBP/USD	1695531600000	1695535200000	retrieval_error_hour	getTicks	1	success	not_applicable	0					0	0	e3b0c44298fc1c149afbf4c8996fb92427ae41e4649b934ca495991b7852b855	2026-09-08T14:38:32.364Z		2.13.99	3.6.51	1.8.0_472-b09
R0569	GBP/USD	1695531600000	1695535200000	retrieval_error_hour	readTicks	1	success	true	0					0	0	e3b0c44298fc1c149afbf4c8996fb92427ae41e4649b934ca495991b7852b855	2026-09-08T14:38:32.365Z		2.13.99	3.6.51	1.8.0_472-b09
R0569	GBP/USD	1695531600000	1695535200000	retrieval_error_hour	getBars	1	success	not_applicable	60	1695531600000	1.22371	1695535140000	1.22371	1	0	61d4b8b269c606443162dc40c97ce2df8f80bbafc58c76290dfc34a97fb389e6	2026-09-08T14:38:32.610Z		2.13.99	3.6.51	1.8.0_472-b09
R0570	GBP/USD	1695553200000	1695556800000	retrieval_error_hour	getTicks	1	success	not_applicable	0					0	0	e3b0c44298fc1c149afbf4c8996fb92427ae41e4649b934ca495991b7852b855	2026-09-08T14:38:33.157Z		2.13.99	3.6.51	1.8.0_472-b09
R0570	GBP/USD	1695553200000	1695556800000	retrieval_error_hour	readTicks	1	success	true	0					0	0	e3b0c44298fc1c149afbf4c8996fb92427ae41e4649b934ca495991b7852b855	2026-09-08T14:38:33.157Z		2.13.99	3.6.51	1.8.0_472-b09
R0570	GBP/USD	1695553200000	1695556800000	retrieval_error_hour	getBars	1	success	not_applicable	60	1695553200000	1.22371	1695556740000	1.22371	1	0	d0fabc34d7f1e37b7904a082f13765b71ec12ad2068f29a6ac3f4c78f1352073	2026-09-08T14:38:33.158Z		2.13.99	3.6.51	1.8.0_472-b09
R0571	GBP/USD	1697230800000	1697234400000	retrieval_error_hour	getTicks	1	success	not_applicable	0					0	0	e3b0c44298fc1c149afbf4c8996fb92427ae41e4649b934ca495991b7852b855	2026-09-08T14:38:33.713Z		2.13.99	3.6.51	1.8.0_472-b09
R0571	GBP/USD	1697230800000	1697234400000	retrieval_error_hour	readTicks	1	success	true	0					0	0	e3b0c44298fc1c149afbf4c8996fb92427ae41e4649b934ca495991b7852b855	2026-09-08T14:38:33.713Z		2.13.99	3.6.51	1.8.0_472-b09
R0571	GBP/USD	1697230800000	1697234400000	retrieval_error_hour	getBars	1	success	not_applicable	60	1697230800000	1.21358	1697234340000	1.21358	1	0	3c9823db2eae719e38e282257370e9f246f75f1ecde777969cdf828f2d03233f	2026-09-08T14:38:34.211Z		2.13.99	3.6.51	1.8.0_472-b09
R0572	GBP/USD	1697313600000	1697317200000	retrieval_error_hour	getTicks	1	success	not_applicable	0					0	0	e3b0c44298fc1c149afbf4c8996fb92427ae41e4649b934ca495991b7852b855	2026-09-08T14:38:34.669Z		2.13.99	3.6.51	1.8.0_472-b09
R0572	GBP/USD	1697313600000	1697317200000	retrieval_error_hour	readTicks	1	success	true	0					0	0	e3b0c44298fc1c149afbf4c8996fb92427ae41e4649b934ca495991b7852b855	2026-09-08T14:38:34.670Z		2.13.99	3.6.51	1.8.0_472-b09
R0572	GBP/USD	1697313600000	1697317200000	retrieval_error_hour	getBars	1	success	not_applicable	60	1697313600000	1.21358	1697317140000	1.21358	1	0	9e2e58ea711bdec973e6b0b3eb1d455e7ae424a0202bcbda7f062bab28c90d44	2026-09-08T14:38:34.920Z		2.13.99	3.6.51	1.8.0_472-b09
R0573	GBP/USD	1697378400000	1697382000000	retrieval_error_hour	getTicks	1	success	not_applicable	0					0	0	e3b0c44298fc1c149afbf4c8996fb92427ae41e4649b934ca495991b7852b855	2026-09-08T14:38:35.386Z		2.13.99	3.6.51	1.8.0_472-b09
R0573	GBP/USD	1697378400000	1697382000000	retrieval_error_hour	readTicks	1	success	true	0					0	0	e3b0c44298fc1c149afbf4c8996fb92427ae41e4649b934ca495991b7852b855	2026-09-08T14:38:35.386Z		2.13.99	3.6.51	1.8.0_472-b09
R0573	GBP/USD	1697378400000	1697382000000	retrieval_error_hour	getBars	1	success	not_applicable	60	1697378400000	1.21358	1697381940000	1.21358	1	0	28110001bebad73683bbf8e16de82bc57f821daa29c24c4ed20258017ed12ecc	2026-09-08T14:38:35.602Z		2.13.99	3.6.51	1.8.0_472-b09
R0574	GBP/USD	1699675200000	1699678800000	retrieval_error_hour	getTicks	1	success	not_applicable	0					0	0	e3b0c44298fc1c149afbf4c8996fb92427ae41e4649b934ca495991b7852b855	2026-09-08T14:38:36.188Z		2.13.99	3.6.51	1.8.0_472-b09
R0574	GBP/USD	1699675200000	1699678800000	retrieval_error_hour	readTicks	1	success	true	0					0	0	e3b0c44298fc1c149afbf4c8996fb92427ae41e4649b934ca495991b7852b855	2026-09-08T14:38:36.189Z		2.13.99	3.6.51	1.8.0_472-b09
R0574	GBP/USD	1699675200000	1699678800000	retrieval_error_hour	getBars	1	success	not_applicable	60	1699675200000	1.22237	1699678740000	1.22237	1	0	22b1b8477bdeef5603e5de9aa6f15c73ab33984f761870838c734e59b4f8761d	2026-09-08T14:38:36.439Z		2.13.99	3.6.51	1.8.0_472-b09
R0575	GBP/USD	1699686000000	1699689600000	retrieval_error_hour	getTicks	1	success	not_applicable	0					0	0	e3b0c44298fc1c149afbf4c8996fb92427ae41e4649b934ca495991b7852b855	2026-09-08T14:38:36.984Z		2.13.99	3.6.51	1.8.0_472-b09
R0575	GBP/USD	1699686000000	1699689600000	retrieval_error_hour	readTicks	1	success	true	0					0	0	e3b0c44298fc1c149afbf4c8996fb92427ae41e4649b934ca495991b7852b855	2026-09-08T14:38:36.984Z		2.13.99	3.6.51	1.8.0_472-b09
R0575	GBP/USD	1699686000000	1699689600000	retrieval_error_hour	getBars	1	success	not_applicable	60	1699686000000	1.22237	1699689540000	1.22237	1	0	dab13089dddcb835fa85c38ff438ac0cdc2458c382635705fcad212874748ce2	2026-09-08T14:38:36.985Z		2.13.99	3.6.51	1.8.0_472-b09
R0576	GBP/USD	1699765200000	1699768800000	retrieval_error_hour	getTicks	1	success	not_applicable	0					0	0	e3b0c44298fc1c149afbf4c8996fb92427ae41e4649b934ca495991b7852b855	2026-09-08T14:38:37.523Z		2.13.99	3.6.51	1.8.0_472-b09
R0576	GBP/USD	1699765200000	1699768800000	retrieval_error_hour	readTicks	1	success	true	0					0	0	e3b0c44298fc1c149afbf4c8996fb92427ae41e4649b934ca495991b7852b855	2026-09-08T14:38:37.523Z		2.13.99	3.6.51	1.8.0_472-b09
R0576	GBP/USD	1699765200000	1699768800000	retrieval_error_hour	getBars	1	success	not_applicable	60	1699765200000	1.22237	1699768740000	1.22237	1	0	0e883b0f6110db386049aa3390e900d935203c23bfdcfa6df6ca6f1f8ab3fe6c	2026-09-08T14:38:38.029Z		2.13.99	3.6.51	1.8.0_472-b09
R0577	GBP/USD	1699772400000	1699776000000	retrieval_error_hour	getTicks	1	success	not_applicable	0					0	0	e3b0c44298fc1c149afbf4c8996fb92427ae41e4649b934ca495991b7852b855	2026-09-08T14:38:38.554Z		2.13.99	3.6.51	1.8.0_472-b09
R0577	GBP/USD	1699772400000	1699776000000	retrieval_error_hour	readTicks	1	success	true	0					0	0	e3b0c44298fc1c149afbf4c8996fb92427ae41e4649b934ca495991b7852b855	2026-09-08T14:38:38.555Z		2.13.99	3.6.51	1.8.0_472-b09
R0577	GBP/USD	1699772400000	1699776000000	retrieval_error_hour	getBars	1	success	not_applicable	60	1699772400000	1.22237	1699775940000	1.22237	1	0	6d8808ae190d87cd97f84f5976862daa775ee64955e8e39af7fa257e587f9c52	2026-09-08T14:38:38.555Z		2.13.99	3.6.51	1.8.0_472-b09
R0578	GBP/USD	1700251200000	1700254800000	retrieval_error_hour	getTicks	1	success	not_applicable	2159	1700251200095	1.24482	1700254795729	1.24599	0	0	4b9c087f5e2372d0d5580a38721c38e038f34441977f4ea93aba44df27b6e804	2026-09-08T14:38:40.736Z		2.13.99	3.6.51	1.8.0_472-b09
R0578	GBP/USD	1700251200000	1700254800000	retrieval_error_hour	readTicks	1	success	true	2159	1700251200095	1.24482	1700254795729	1.24599	0	0	4b9c087f5e2372d0d5580a38721c38e038f34441977f4ea93aba44df27b6e804	2026-09-08T14:38:40.741Z		2.13.99	3.6.51	1.8.0_472-b09
R0578	GBP/USD	1700251200000	1700254800000	retrieval_error_hour	getBars	1	success	not_applicable	60	1700251200000	1.24482	1700254740000	1.246	1	0	192afff0c867c2a038b9a59a1b4d30a31d6e7cd1e0c5108840004c14c2fafb68	2026-09-08T14:38:41.478Z		2.13.99	3.6.51	1.8.0_472-b09
R0579	GBP/USD	1700276400000	1700280000000	retrieval_error_hour	getTicks	1	success	not_applicable	0					0	0	e3b0c44298fc1c149afbf4c8996fb92427ae41e4649b934ca495991b7852b855	2026-09-08T14:38:42.059Z		2.13.99	3.6.51	1.8.0_472-b09
R0579	GBP/USD	1700276400000	1700280000000	retrieval_error_hour	readTicks	1	success	true	0					0	0	e3b0c44298fc1c149afbf4c8996fb92427ae41e4649b934ca495991b7852b855	2026-09-08T14:38:42.059Z		2.13.99	3.6.51	1.8.0_472-b09
R0579	GBP/USD	1700276400000	1700280000000	retrieval_error_hour	getBars	1	success	not_applicable	60	1700276400000	1.24564	1700279940000	1.24564	1	0	b65ce151c277a9b4413908f2b2abc679f2256e53f56fc7888a46a24b162a918c	2026-09-08T14:38:42.469Z		2.13.99	3.6.51	1.8.0_472-b09
R0580	GBP/USD	1700287200000	1700290800000	retrieval_error_hour	getTicks	1	success	not_applicable	0					0	0	e3b0c44298fc1c149afbf4c8996fb92427ae41e4649b934ca495991b7852b855	2026-09-08T14:38:43.146Z		2.13.99	3.6.51	1.8.0_472-b09
R0580	GBP/USD	1700287200000	1700290800000	retrieval_error_hour	readTicks	1	success	true	0					0	0	e3b0c44298fc1c149afbf4c8996fb92427ae41e4649b934ca495991b7852b855	2026-09-08T14:38:43.146Z		2.13.99	3.6.51	1.8.0_472-b09
R0580	GBP/USD	1700287200000	1700290800000	retrieval_error_hour	getBars	1	success	not_applicable	60	1700287200000	1.24564	1700290740000	1.24564	1	0	d52b53835aae64b3bf046109e48a4f1abc90e750d9d98fe61c43417128d7d3ce	2026-09-08T14:38:43.146Z		2.13.99	3.6.51	1.8.0_472-b09
R0581	GBP/USD	1700409600000	1700413200000	retrieval_error_hour	getTicks	1	success	not_applicable	0					0	0	e3b0c44298fc1c149afbf4c8996fb92427ae41e4649b934ca495991b7852b855	2026-09-08T14:38:44.129Z		2.13.99	3.6.51	1.8.0_472-b09
R0581	GBP/USD	1700409600000	1700413200000	retrieval_error_hour	readTicks	1	success	true	0					0	0	e3b0c44298fc1c149afbf4c8996fb92427ae41e4649b934ca495991b7852b855	2026-09-08T14:38:44.129Z		2.13.99	3.6.51	1.8.0_472-b09
R0581	GBP/USD	1700409600000	1700413200000	retrieval_error_hour	getBars	1	success	not_applicable	60	1700409600000	1.24564	1700413140000	1.24564	1	0	953dbcab5e9a825b3b65fd9bc41b66e424a30a1fe591cc91a5029d50cc2fb2c8	2026-09-08T14:38:44.395Z		2.13.99	3.6.51	1.8.0_472-b09
R0582	GBP/USD	1702098000000	1702101600000	retrieval_error_hour	getTicks	1	success	not_applicable	0					0	0	e3b0c44298fc1c149afbf4c8996fb92427ae41e4649b934ca495991b7852b855	2026-09-08T14:38:44.908Z		2.13.99	3.6.51	1.8.0_472-b09
R0582	GBP/USD	1702098000000	1702101600000	retrieval_error_hour	readTicks	1	success	true	0					0	0	e3b0c44298fc1c149afbf4c8996fb92427ae41e4649b934ca495991b7852b855	2026-09-08T14:38:44.909Z		2.13.99	3.6.51	1.8.0_472-b09
R0582	GBP/USD	1702098000000	1702101600000	retrieval_error_hour	getBars	1	success	not_applicable	60	1702098000000	1.25445	1702101540000	1.25445	1	0	ddc165c502d0f9e46c83db7771f52bdadbf8d52534d7974c7ac46f1b4dc793a3	2026-09-08T14:38:45.241Z		2.13.99	3.6.51	1.8.0_472-b09
R0583	GBP/USD	1702119600000	1702123200000	retrieval_error_hour	getTicks	1	success	not_applicable	0					0	0	e3b0c44298fc1c149afbf4c8996fb92427ae41e4649b934ca495991b7852b855	2026-09-08T14:38:45.726Z		2.13.99	3.6.51	1.8.0_472-b09
R0583	GBP/USD	1702119600000	1702123200000	retrieval_error_hour	readTicks	1	success	true	0					0	0	e3b0c44298fc1c149afbf4c8996fb92427ae41e4649b934ca495991b7852b855	2026-09-08T14:38:45.726Z		2.13.99	3.6.51	1.8.0_472-b09
R0583	GBP/USD	1702119600000	1702123200000	retrieval_error_hour	getBars	1	success	not_applicable	60	1702119600000	1.25445	1702123140000	1.25445	1	0	1b084621161bc63dc2e604a6322fbb8250d65e2d1d20152a5871024bd7f96b10	2026-09-08T14:38:45.726Z		2.13.99	3.6.51	1.8.0_472-b09
R0584	GBP/USD	1702141200000	1702144800000	retrieval_error_hour	getTicks	1	success	not_applicable	0					0	0	e3b0c44298fc1c149afbf4c8996fb92427ae41e4649b934ca495991b7852b855	2026-09-08T14:38:46.218Z		2.13.99	3.6.51	1.8.0_472-b09
R0584	GBP/USD	1702141200000	1702144800000	retrieval_error_hour	readTicks	1	success	true	0					0	0	e3b0c44298fc1c149afbf4c8996fb92427ae41e4649b934ca495991b7852b855	2026-09-08T14:38:46.219Z		2.13.99	3.6.51	1.8.0_472-b09
R0584	GBP/USD	1702141200000	1702144800000	retrieval_error_hour	getBars	1	success	not_applicable	60	1702141200000	1.25445	1702144740000	1.25445	1	0	b650a417674d6401487ac0c84ee884ecfb64677c06993f3e46a8725cead6bcf6	2026-09-08T14:38:46.220Z		2.13.99	3.6.51	1.8.0_472-b09
R0585	GBP/USD	1702152000000	1702155600000	retrieval_error_hour	getTicks	1	success	not_applicable	0					0	0	e3b0c44298fc1c149afbf4c8996fb92427ae41e4649b934ca495991b7852b855	2026-09-08T14:38:46.696Z		2.13.99	3.6.51	1.8.0_472-b09
R0585	GBP/USD	1702152000000	1702155600000	retrieval_error_hour	readTicks	1	success	true	0					0	0	e3b0c44298fc1c149afbf4c8996fb92427ae41e4649b934ca495991b7852b855	2026-09-08T14:38:46.696Z		2.13.99	3.6.51	1.8.0_472-b09
R0585	GBP/USD	1702152000000	1702155600000	retrieval_error_hour	getBars	1	success	not_applicable	60	1702152000000	1.25445	1702155540000	1.25445	1	0	d4389d11cd3fd0e40825baab5bd478448bd4f1b532c0a9697bf221d763e18a38	2026-09-08T14:38:46.698Z		2.13.99	3.6.51	1.8.0_472-b09
R0586	GBP/USD	1702195200000	1702198800000	retrieval_error_hour	getTicks	1	success	not_applicable	0					0	0	e3b0c44298fc1c149afbf4c8996fb92427ae41e4649b934ca495991b7852b855	2026-09-08T14:38:47.534Z		2.13.99	3.6.51	1.8.0_472-b09
R0586	GBP/USD	1702195200000	1702198800000	retrieval_error_hour	readTicks	1	success	true	0					0	0	e3b0c44298fc1c149afbf4c8996fb92427ae41e4649b934ca495991b7852b855	2026-09-08T14:38:47.534Z		2.13.99	3.6.51	1.8.0_472-b09
R0586	GBP/USD	1702195200000	1702198800000	retrieval_error_hour	getBars	1	success	not_applicable	60	1702195200000	1.25445	1702198740000	1.25445	1	0	7907a9a2664c5615ad51aebbe11f0a84d2b0fd1c9779f885169c37a285d7427b	2026-09-08T14:38:47.903Z		2.13.99	3.6.51	1.8.0_472-b09
R0587	GBP/USD	1702213200000	1702216800000	retrieval_error_hour	getTicks	1	success	not_applicable	0					0	0	e3b0c44298fc1c149afbf4c8996fb92427ae41e4649b934ca495991b7852b855	2026-09-08T14:38:48.565Z		2.13.99	3.6.51	1.8.0_472-b09
R0587	GBP/USD	1702213200000	1702216800000	retrieval_error_hour	readTicks	1	success	true	0					0	0	e3b0c44298fc1c149afbf4c8996fb92427ae41e4649b934ca495991b7852b855	2026-09-08T14:38:48.565Z		2.13.99	3.6.51	1.8.0_472-b09
R0587	GBP/USD	1702213200000	1702216800000	retrieval_error_hour	getBars	1	success	not_applicable	60	1702213200000	1.25445	1702216740000	1.25445	1	0	4dcaff1a9621b89280664aca21dc314925685c99dfcb9a421c2d4cb7ff6f7957	2026-09-08T14:38:48.566Z		2.13.99	3.6.51	1.8.0_472-b09
R0588	GBP/USD	1702224000000	1702227600000	retrieval_error_hour	getTicks	1	success	not_applicable	0					0	0	e3b0c44298fc1c149afbf4c8996fb92427ae41e4649b934ca495991b7852b855	2026-09-08T14:38:49.009Z		2.13.99	3.6.51	1.8.0_472-b09
R0588	GBP/USD	1702224000000	1702227600000	retrieval_error_hour	readTicks	1	success	true	0					0	0	e3b0c44298fc1c149afbf4c8996fb92427ae41e4649b934ca495991b7852b855	2026-09-08T14:38:49.010Z		2.13.99	3.6.51	1.8.0_472-b09
R0588	GBP/USD	1702224000000	1702227600000	retrieval_error_hour	getBars	1	success	not_applicable	60	1702224000000	1.25445	1702227540000	1.25445	1	0	70b901723fdf88a7b4a6dd70eb6777d0a6fb86e2e3289f8920ca223bff38354b	2026-09-08T14:38:49.010Z		2.13.99	3.6.51	1.8.0_472-b09
R0589	GBP/USD	1702238400000	1702242000000	retrieval_error_hour	getTicks	1	success	not_applicable	0					0	0	e3b0c44298fc1c149afbf4c8996fb92427ae41e4649b934ca495991b7852b855	2026-09-08T14:38:49.472Z		2.13.99	3.6.51	1.8.0_472-b09
R0589	GBP/USD	1702238400000	1702242000000	retrieval_error_hour	readTicks	1	success	true	0					0	0	e3b0c44298fc1c149afbf4c8996fb92427ae41e4649b934ca495991b7852b855	2026-09-08T14:38:49.472Z		2.13.99	3.6.51	1.8.0_472-b09
R0589	GBP/USD	1702238400000	1702242000000	retrieval_error_hour	getBars	1	success	not_applicable	60	1702238400000	1.25445	1702241940000	1.25445	1	0	296edc90930f3de0887d57c175dc7fc195b7334e99a63f45ce837bdd3a250b63	2026-09-08T14:38:49.472Z		2.13.99	3.6.51	1.8.0_472-b09
R0590	GBP/USD	1702242000000	1702245600000	retrieval_error_hour	getTicks	1	success	not_applicable	0					0	0	e3b0c44298fc1c149afbf4c8996fb92427ae41e4649b934ca495991b7852b855	2026-09-08T14:38:49.760Z		2.13.99	3.6.51	1.8.0_472-b09
R0590	GBP/USD	1702242000000	1702245600000	retrieval_error_hour	readTicks	1	success	true	0					0	0	e3b0c44298fc1c149afbf4c8996fb92427ae41e4649b934ca495991b7852b855	2026-09-08T14:38:49.761Z		2.13.99	3.6.51	1.8.0_472-b09
R0590	GBP/USD	1702242000000	1702245600000	retrieval_error_hour	getBars	1	success	not_applicable	60	1702242000000	1.25445	1702245540000	1.25445	1	0	4d32198a6686b21992871a02d4e649e3514115950310bbab0abf9a3fdd15b79f	2026-09-08T14:38:49.761Z		2.13.99	3.6.51	1.8.0_472-b09
R0591	GBP/USD	1702738800000	1702742400000	retrieval_error_hour	getTicks	1	success	not_applicable	0					0	0	e3b0c44298fc1c149afbf4c8996fb92427ae41e4649b934ca495991b7852b855	2026-09-08T14:38:50.447Z		2.13.99	3.6.51	1.8.0_472-b09
R0591	GBP/USD	1702738800000	1702742400000	retrieval_error_hour	readTicks	1	success	true	0					0	0	e3b0c44298fc1c149afbf4c8996fb92427ae41e4649b934ca495991b7852b855	2026-09-08T14:38:50.448Z		2.13.99	3.6.51	1.8.0_472-b09
R0591	GBP/USD	1702738800000	1702742400000	retrieval_error_hour	getBars	1	success	not_applicable	60	1702738800000	1.26738	1702742340000	1.26738	1	0	81be8bac2db6a083242e6a5b2bd71cd42508d1d3fe1b467e8508f7d776468150	2026-09-08T14:38:50.767Z		2.13.99	3.6.51	1.8.0_472-b09
R0592	GBP/USD	1702810800000	1702814400000	retrieval_error_hour	getTicks	1	success	not_applicable	0					0	0	e3b0c44298fc1c149afbf4c8996fb92427ae41e4649b934ca495991b7852b855	2026-09-08T14:38:51.275Z		2.13.99	3.6.51	1.8.0_472-b09
R0592	GBP/USD	1702810800000	1702814400000	retrieval_error_hour	readTicks	1	success	true	0					0	0	e3b0c44298fc1c149afbf4c8996fb92427ae41e4649b934ca495991b7852b855	2026-09-08T14:38:51.276Z		2.13.99	3.6.51	1.8.0_472-b09
R0592	GBP/USD	1702810800000	1702814400000	retrieval_error_hour	getBars	1	success	not_applicable	60	1702810800000	1.26738	1702814340000	1.26738	1	0	99360447bed68f0248be752da376a5528657c4ea73e073508873a5c61a453517	2026-09-08T14:39:12.079Z		2.13.99	3.6.51	1.8.0_472-b09
R0593	GBP/USD	1702818000000	1702821600000	retrieval_error_hour	getTicks	1	success	not_applicable	0					0	0	e3b0c44298fc1c149afbf4c8996fb92427ae41e4649b934ca495991b7852b855	2026-09-08T14:39:12.620Z		2.13.99	3.6.51	1.8.0_472-b09
R0593	GBP/USD	1702818000000	1702821600000	retrieval_error_hour	readTicks	1	success	true	0					0	0	e3b0c44298fc1c149afbf4c8996fb92427ae41e4649b934ca495991b7852b855	2026-09-08T14:39:12.621Z		2.13.99	3.6.51	1.8.0_472-b09
R0593	GBP/USD	1702818000000	1702821600000	retrieval_error_hour	getBars	1	success	not_applicable	60	1702818000000	1.26738	1702821540000	1.26738	1	0	4862fda580cb93c367e2aa39e7c99dc5b529d9b845cfcb12ac30fe75ca0483b1	2026-09-08T14:39:12.621Z		2.13.99	3.6.51	1.8.0_472-b09
R0594	GBP/USD	1702825200000	1702828800000	retrieval_error_hour	getTicks	1	success	not_applicable	0					0	0	e3b0c44298fc1c149afbf4c8996fb92427ae41e4649b934ca495991b7852b855	2026-09-08T14:39:13.347Z		2.13.99	3.6.51	1.8.0_472-b09
R0594	GBP/USD	1702825200000	1702828800000	retrieval_error_hour	readTicks	1	success	true	0					0	0	e3b0c44298fc1c149afbf4c8996fb92427ae41e4649b934ca495991b7852b855	2026-09-08T14:39:13.347Z		2.13.99	3.6.51	1.8.0_472-b09
R0594	GBP/USD	1702825200000	1702828800000	retrieval_error_hour	getBars	1	success	not_applicable	60	1702825200000	1.26738	1702828740000	1.26738	1	0	f32d4dd0a585f88f2ca5feabbffae52d2ce03d281edc8f746ad8f2fdb55d619a	2026-09-08T14:39:13.347Z		2.13.99	3.6.51	1.8.0_472-b09
R0595	GBP/USD	1703365200000	1703368800000	retrieval_error_hour	getTicks	1	success	not_applicable	0					0	0	e3b0c44298fc1c149afbf4c8996fb92427ae41e4649b934ca495991b7852b855	2026-09-08T14:39:13.858Z		2.13.99	3.6.51	1.8.0_472-b09
R0595	GBP/USD	1703365200000	1703368800000	retrieval_error_hour	readTicks	1	success	true	0					0	0	e3b0c44298fc1c149afbf4c8996fb92427ae41e4649b934ca495991b7852b855	2026-09-08T14:39:13.859Z		2.13.99	3.6.51	1.8.0_472-b09
R0595	GBP/USD	1703365200000	1703368800000	retrieval_error_hour	getBars	1	success	not_applicable	60	1703365200000	1.26945	1703368740000	1.26945	1	0	bbf70ffbe7032f97bc2f29a292c0a5bf3e0bc738afaea06849a5469f5a192206	2026-09-08T14:39:14.124Z		2.13.99	3.6.51	1.8.0_472-b09
R0596	GBP/USD	1703397600000	1703401200000	retrieval_error_hour	getTicks	1	success	not_applicable	0					0	0	e3b0c44298fc1c149afbf4c8996fb92427ae41e4649b934ca495991b7852b855	2026-09-08T14:39:14.666Z		2.13.99	3.6.51	1.8.0_472-b09
R0596	GBP/USD	1703397600000	1703401200000	retrieval_error_hour	readTicks	1	success	true	0					0	0	e3b0c44298fc1c149afbf4c8996fb92427ae41e4649b934ca495991b7852b855	2026-09-08T14:39:14.667Z		2.13.99	3.6.51	1.8.0_472-b09
R0596	GBP/USD	1703397600000	1703401200000	retrieval_error_hour	getBars	1	success	not_applicable	60	1703397600000	1.26945	1703401140000	1.26945	1	0	3888a13aa17c74658b625a06ba0e3da250706c1be30cc85ce0843b397b98b039	2026-09-08T14:39:14.900Z		2.13.99	3.6.51	1.8.0_472-b09
R0597	GBP/USD	1703448000000	1703451600000	retrieval_error_hour	getTicks	1	success	not_applicable	0					0	0	e3b0c44298fc1c149afbf4c8996fb92427ae41e4649b934ca495991b7852b855	2026-09-08T14:39:15.622Z		2.13.99	3.6.51	1.8.0_472-b09
R0597	GBP/USD	1703448000000	1703451600000	retrieval_error_hour	readTicks	1	success	true	0					0	0	e3b0c44298fc1c149afbf4c8996fb92427ae41e4649b934ca495991b7852b855	2026-09-08T14:39:15.622Z		2.13.99	3.6.51	1.8.0_472-b09
R0597	GBP/USD	1703448000000	1703451600000	retrieval_error_hour	getBars	1	success	not_applicable	60	1703448000000	1.26945	1703451540000	1.26945	1	0	664b42ddb3f465afa89fc092d914279d677e7e8975142aee0673b5ecbac00eb4	2026-09-08T14:39:15.623Z		2.13.99	3.6.51	1.8.0_472-b09
R0598	GBP/USD	1703455200000	1703458800000	retrieval_error_hour	getTicks	1	success	not_applicable	0					0	0	e3b0c44298fc1c149afbf4c8996fb92427ae41e4649b934ca495991b7852b855	2026-09-08T14:39:16.080Z		2.13.99	3.6.51	1.8.0_472-b09
R0598	GBP/USD	1703455200000	1703458800000	retrieval_error_hour	readTicks	1	success	true	0					0	0	e3b0c44298fc1c149afbf4c8996fb92427ae41e4649b934ca495991b7852b855	2026-09-08T14:39:16.080Z		2.13.99	3.6.51	1.8.0_472-b09
R0598	GBP/USD	1703455200000	1703458800000	retrieval_error_hour	getBars	1	success	not_applicable	60	1703455200000	1.26945	1703458740000	1.26945	1	0	c03f53509cc40c714f174a71584da0ff37768369f0a6355650fce846a2c0c07d	2026-09-08T14:39:16.081Z		2.13.99	3.6.51	1.8.0_472-b09
R0599	GBP/USD	1705802400000	1705806000000	retrieval_error_hour	getTicks	1	success	not_applicable	0					0	0	e3b0c44298fc1c149afbf4c8996fb92427ae41e4649b934ca495991b7852b855	2026-09-08T14:39:16.555Z		2.13.99	3.6.51	1.8.0_472-b09
R0599	GBP/USD	1705802400000	1705806000000	retrieval_error_hour	readTicks	1	success	true	0					0	0	e3b0c44298fc1c149afbf4c8996fb92427ae41e4649b934ca495991b7852b855	2026-09-08T14:39:16.555Z		2.13.99	3.6.51	1.8.0_472-b09
R0599	GBP/USD	1705802400000	1705806000000	retrieval_error_hour	getBars	1	success	not_applicable	60	1705802400000	1.2702	1705805940000	1.2702	1	0	ab15d1b27eadbf97aaa157f6998d22ff0617a60a02fce9e57195f0f00122ac71	2026-09-08T14:39:16.800Z		2.13.99	3.6.51	1.8.0_472-b09
R0600	GBP/USD	1706997600000	1707001200000	retrieval_error_hour	getTicks	1	success	not_applicable	0					0	0	e3b0c44298fc1c149afbf4c8996fb92427ae41e4649b934ca495991b7852b855	2026-09-08T14:39:17.321Z		2.13.99	3.6.51	1.8.0_472-b09
R0600	GBP/USD	1706997600000	1707001200000	retrieval_error_hour	readTicks	1	success	true	0					0	0	e3b0c44298fc1c149afbf4c8996fb92427ae41e4649b934ca495991b7852b855	2026-09-08T14:39:17.321Z		2.13.99	3.6.51	1.8.0_472-b09
R0600	GBP/USD	1706997600000	1707001200000	retrieval_error_hour	getBars	1	success	not_applicable	60	1706997600000	1.26284	1707001140000	1.26284	1	0	a19df6d66a00512b819a8413a7179900c57d9422ebb72001aa94092519a541e1	2026-09-08T14:39:17.562Z		2.13.99	3.6.51	1.8.0_472-b09
R0601	GBP/USD	1707073200000	1707076800000	retrieval_error_hour	getTicks	1	success	not_applicable	0					0	0	e3b0c44298fc1c149afbf4c8996fb92427ae41e4649b934ca495991b7852b855	2026-09-08T14:39:18.192Z		2.13.99	3.6.51	1.8.0_472-b09
R0601	GBP/USD	1707073200000	1707076800000	retrieval_error_hour	readTicks	1	success	true	0					0	0	e3b0c44298fc1c149afbf4c8996fb92427ae41e4649b934ca495991b7852b855	2026-09-08T14:39:18.192Z		2.13.99	3.6.51	1.8.0_472-b09
R0601	GBP/USD	1707073200000	1707076800000	retrieval_error_hour	getBars	1	success	not_applicable	60	1707073200000	1.26284	1707076740000	1.26284	1	0	819000f6dddab3e76176fec60b974dc29a156ad8c41488a18ce80f11ad7d771a	2026-09-08T14:39:18.494Z		2.13.99	3.6.51	1.8.0_472-b09
R0602	GBP/USD	1709953200000	1709956800000	retrieval_error_hour	getTicks	1	success	not_applicable	0					0	0	e3b0c44298fc1c149afbf4c8996fb92427ae41e4649b934ca495991b7852b855	2026-09-08T14:39:19.496Z		2.13.99	3.6.51	1.8.0_472-b09
R0602	GBP/USD	1709953200000	1709956800000	retrieval_error_hour	readTicks	1	success	true	0					0	0	e3b0c44298fc1c149afbf4c8996fb92427ae41e4649b934ca495991b7852b855	2026-09-08T14:39:19.496Z		2.13.99	3.6.51	1.8.0_472-b09
R0602	GBP/USD	1709953200000	1709956800000	retrieval_error_hour	getBars	1	success	not_applicable	60	1709953200000	1.28548	1709956740000	1.28548	1	0	ff88924293bb36fde0e1fc848a9fa0e3b0f04c6f0ed8e9ec678d386cdb8d922b	2026-09-08T14:39:19.770Z		2.13.99	3.6.51	1.8.0_472-b09
R0603	GBP/USD	1709971200000	1709974800000	retrieval_error_hour	getTicks	1	success	not_applicable	0					0	0	e3b0c44298fc1c149afbf4c8996fb92427ae41e4649b934ca495991b7852b855	2026-09-08T14:39:20.326Z		2.13.99	3.6.51	1.8.0_472-b09
R0603	GBP/USD	1709971200000	1709974800000	retrieval_error_hour	readTicks	1	success	true	0					0	0	e3b0c44298fc1c149afbf4c8996fb92427ae41e4649b934ca495991b7852b855	2026-09-08T14:39:20.327Z		2.13.99	3.6.51	1.8.0_472-b09
R0603	GBP/USD	1709971200000	1709974800000	retrieval_error_hour	getBars	1	success	not_applicable	60	1709971200000	1.28548	1709974740000	1.28548	1	0	0e05f47fd944cdf34718fea297e1ea7b5a47153cb2d426c22bf2f1595faaecc1	2026-09-08T14:39:20.327Z		2.13.99	3.6.51	1.8.0_472-b09
R0604	GBP/USD	1711166400000	1711170000000	retrieval_error_hour	getTicks	1	success	not_applicable	0					0	0	e3b0c44298fc1c149afbf4c8996fb92427ae41e4649b934ca495991b7852b855	2026-09-08T14:39:20.988Z		2.13.99	3.6.51	1.8.0_472-b09
R0604	GBP/USD	1711166400000	1711170000000	retrieval_error_hour	readTicks	1	success	true	0					0	0	e3b0c44298fc1c149afbf4c8996fb92427ae41e4649b934ca495991b7852b855	2026-09-08T14:39:20.989Z		2.13.99	3.6.51	1.8.0_472-b09
R0604	GBP/USD	1711166400000	1711170000000	retrieval_error_hour	getBars	1	success	not_applicable	60	1711166400000	1.25984	1711169940000	1.25984	1	0	06fb4b53aaaa8c5196f72fa446016f1e568e44a6ac09f16764230be462d90173	2026-09-08T14:39:21.248Z		2.13.99	3.6.51	1.8.0_472-b09
R0605	GBP/USD	1711188000000	1711191600000	retrieval_error_hour	getTicks	1	success	not_applicable	0					0	0	e3b0c44298fc1c149afbf4c8996fb92427ae41e4649b934ca495991b7852b855	2026-09-08T14:39:21.730Z		2.13.99	3.6.51	1.8.0_472-b09
R0605	GBP/USD	1711188000000	1711191600000	retrieval_error_hour	readTicks	1	success	true	0					0	0	e3b0c44298fc1c149afbf4c8996fb92427ae41e4649b934ca495991b7852b855	2026-09-08T14:39:21.730Z		2.13.99	3.6.51	1.8.0_472-b09
R0605	GBP/USD	1711188000000	1711191600000	retrieval_error_hour	getBars	1	success	not_applicable	60	1711188000000	1.25984	1711191540000	1.25984	1	0	08822c1eacbb8f41006ec821427a5662c242844891d6ac2f7bc577f0169d9815	2026-09-08T14:39:21.731Z		2.13.99	3.6.51	1.8.0_472-b09
R0606	GBP/USD	1711231200000	1711234800000	retrieval_error_hour	getTicks	1	success	not_applicable	0					0	0	e3b0c44298fc1c149afbf4c8996fb92427ae41e4649b934ca495991b7852b855	2026-09-08T14:39:22.241Z		2.13.99	3.6.51	1.8.0_472-b09
R0606	GBP/USD	1711231200000	1711234800000	retrieval_error_hour	readTicks	1	success	true	0					0	0	e3b0c44298fc1c149afbf4c8996fb92427ae41e4649b934ca495991b7852b855	2026-09-08T14:39:22.241Z		2.13.99	3.6.51	1.8.0_472-b09
R0606	GBP/USD	1711231200000	1711234800000	retrieval_error_hour	getBars	1	success	not_applicable	60	1711231200000	1.25984	1711234740000	1.25984	1	0	c1f7e55a4b8a240d64f2bdbb78054840ac1507f19575f2de4090ac06b1242c57	2026-09-08T14:39:22.242Z		2.13.99	3.6.51	1.8.0_472-b09
R0607	GBP/USD	1711288800000	1711292400000	retrieval_error_hour	getTicks	1	success	not_applicable	0					0	0	e3b0c44298fc1c149afbf4c8996fb92427ae41e4649b934ca495991b7852b855	2026-09-08T14:39:22.729Z		2.13.99	3.6.51	1.8.0_472-b09
R0607	GBP/USD	1711288800000	1711292400000	retrieval_error_hour	readTicks	1	success	true	0					0	0	e3b0c44298fc1c149afbf4c8996fb92427ae41e4649b934ca495991b7852b855	2026-09-08T14:39:22.730Z		2.13.99	3.6.51	1.8.0_472-b09
R0607	GBP/USD	1711288800000	1711292400000	retrieval_error_hour	getBars	1	success	not_applicable	60	1711288800000	1.25984	1711292340000	1.25984	1	0	a39f2d90eefddacd263d8353ac2a7bedef1b7216d4fb2a6833a40c8390b891fc	2026-09-08T14:39:23.104Z		2.13.99	3.6.51	1.8.0_472-b09
R0608	GBP/USD	1711306800000	1711310400000	retrieval_error_hour	getTicks	1	success	not_applicable	0					0	0	e3b0c44298fc1c149afbf4c8996fb92427ae41e4649b934ca495991b7852b855	2026-09-08T14:39:24.179Z		2.13.99	3.6.51	1.8.0_472-b09
R0608	GBP/USD	1711306800000	1711310400000	retrieval_error_hour	readTicks	1	success	true	0					0	0	e3b0c44298fc1c149afbf4c8996fb92427ae41e4649b934ca495991b7852b855	2026-09-08T14:39:24.179Z		2.13.99	3.6.51	1.8.0_472-b09
R0608	GBP/USD	1711306800000	1711310400000	retrieval_error_hour	getBars	1	success	not_applicable	60	1711306800000	1.25984	1711310340000	1.25984	1	0	b85eb205608b779c844300adffa78c49edf1bec730d986cfed182fc3ed1b7865	2026-09-08T14:39:24.180Z		2.13.99	3.6.51	1.8.0_472-b09
R0609	GBP/USD	1711764000000	1711767600000	retrieval_error_hour	getTicks	1	success	not_applicable	0					0	0	e3b0c44298fc1c149afbf4c8996fb92427ae41e4649b934ca495991b7852b855	2026-09-08T14:39:24.689Z		2.13.99	3.6.51	1.8.0_472-b09
R0609	GBP/USD	1711764000000	1711767600000	retrieval_error_hour	readTicks	1	success	true	0					0	0	e3b0c44298fc1c149afbf4c8996fb92427ae41e4649b934ca495991b7852b855	2026-09-08T14:39:24.689Z		2.13.99	3.6.51	1.8.0_472-b09
R0609	GBP/USD	1711764000000	1711767600000	retrieval_error_hour	getBars	1	success	not_applicable	60	1711764000000	1.26158	1711767540000	1.26158	1	0	8e9d13122964c342cc643ea1b4d372001bd3a2769229c2e5626049400c10ca97	2026-09-08T14:39:24.970Z		2.13.99	3.6.51	1.8.0_472-b09
R0610	GBP/USD	1711803600000	1711807200000	retrieval_error_hour	getTicks	1	success	not_applicable	0					0	0	e3b0c44298fc1c149afbf4c8996fb92427ae41e4649b934ca495991b7852b855	2026-09-08T14:39:25.455Z		2.13.99	3.6.51	1.8.0_472-b09
R0610	GBP/USD	1711803600000	1711807200000	retrieval_error_hour	readTicks	1	success	true	0					0	0	e3b0c44298fc1c149afbf4c8996fb92427ae41e4649b934ca495991b7852b855	2026-09-08T14:39:25.455Z		2.13.99	3.6.51	1.8.0_472-b09
R0610	GBP/USD	1711803600000	1711807200000	retrieval_error_hour	getBars	1	success	not_applicable	60	1711803600000	1.26158	1711807140000	1.26158	1	0	e6eb2fdf690909d95c681c31b9efcdd859b58835a88fd2ab02c233bb0dab7551	2026-09-08T14:39:25.455Z		2.13.99	3.6.51	1.8.0_472-b09
R0611	GBP/USD	1711843200000	1711846800000	retrieval_error_hour	getTicks	1	success	not_applicable	0					0	0	e3b0c44298fc1c149afbf4c8996fb92427ae41e4649b934ca495991b7852b855	2026-09-08T14:39:26.019Z		2.13.99	3.6.51	1.8.0_472-b09
R0611	GBP/USD	1711843200000	1711846800000	retrieval_error_hour	readTicks	1	success	true	0					0	0	e3b0c44298fc1c149afbf4c8996fb92427ae41e4649b934ca495991b7852b855	2026-09-08T14:39:26.020Z		2.13.99	3.6.51	1.8.0_472-b09
R0611	GBP/USD	1711843200000	1711846800000	retrieval_error_hour	getBars	1	success	not_applicable	60	1711843200000	1.26158	1711846740000	1.26158	1	0	a5b819d91748fd62532f5e03f372f9d157dc4396e2a5a2554576c6a7d26dd62b	2026-09-08T14:39:26.280Z		2.13.99	3.6.51	1.8.0_472-b09
R0612	GBP/USD	1711846800000	1711850400000	retrieval_error_hour	getTicks	1	success	not_applicable	0					0	0	e3b0c44298fc1c149afbf4c8996fb92427ae41e4649b934ca495991b7852b855	2026-09-08T14:39:26.550Z		2.13.99	3.6.51	1.8.0_472-b09
R0612	GBP/USD	1711846800000	1711850400000	retrieval_error_hour	readTicks	1	success	true	0					0	0	e3b0c44298fc1c149afbf4c8996fb92427ae41e4649b934ca495991b7852b855	2026-09-08T14:39:26.551Z		2.13.99	3.6.51	1.8.0_472-b09
R0612	GBP/USD	1711846800000	1711850400000	retrieval_error_hour	getBars	1	success	not_applicable	60	1711846800000	1.26158	1711850340000	1.26158	1	0	8412cb1fb942a2f31f6d2b834c2e3e1aef0b4bfe2a801440ccf773646a738c91	2026-09-08T14:39:26.551Z		2.13.99	3.6.51	1.8.0_472-b09
R0613	GBP/USD	1711879200000	1711882800000	retrieval_error_hour	getTicks	1	success	not_applicable	0					0	0	e3b0c44298fc1c149afbf4c8996fb92427ae41e4649b934ca495991b7852b855	2026-09-08T14:39:27.043Z		2.13.99	3.6.51	1.8.0_472-b09
R0613	GBP/USD	1711879200000	1711882800000	retrieval_error_hour	readTicks	1	success	true	0					0	0	e3b0c44298fc1c149afbf4c8996fb92427ae41e4649b934ca495991b7852b855	2026-09-08T14:39:27.044Z		2.13.99	3.6.51	1.8.0_472-b09
R0613	GBP/USD	1711879200000	1711882800000	retrieval_error_hour	getBars	1	success	not_applicable	60	1711879200000	1.26158	1711882740000	1.26158	1	0	1a2611cd9f49af8c9ef46727ab7cf368ba9331924e1c41890582fd87f37c1e55	2026-09-08T14:39:27.044Z		2.13.99	3.6.51	1.8.0_472-b09
R0614	GBP/USD	1711890000000	1711893600000	retrieval_error_hour	getTicks	1	success	not_applicable	0					0	0	e3b0c44298fc1c149afbf4c8996fb92427ae41e4649b934ca495991b7852b855	2026-09-08T14:39:27.522Z		2.13.99	3.6.51	1.8.0_472-b09
R0614	GBP/USD	1711890000000	1711893600000	retrieval_error_hour	readTicks	1	success	true	0					0	0	e3b0c44298fc1c149afbf4c8996fb92427ae41e4649b934ca495991b7852b855	2026-09-08T14:39:27.523Z		2.13.99	3.6.51	1.8.0_472-b09
R0614	GBP/USD	1711890000000	1711893600000	retrieval_error_hour	getBars	1	success	not_applicable	60	1711890000000	1.26158	1711893540000	1.26158	1	0	08758253ca9bf15436ec7f47416ce57439d952814468af7587bee1b3f7b9afce	2026-09-08T14:39:27.523Z		2.13.99	3.6.51	1.8.0_472-b09
R0615	GBP/USD	1713020400000	1713024000000	retrieval_error_hour	getTicks	1	success	not_applicable	0					0	0	e3b0c44298fc1c149afbf4c8996fb92427ae41e4649b934ca495991b7852b855	2026-09-08T14:39:28.225Z		2.13.99	3.6.51	1.8.0_472-b09
R0615	GBP/USD	1713020400000	1713024000000	retrieval_error_hour	readTicks	1	success	true	0					0	0	e3b0c44298fc1c149afbf4c8996fb92427ae41e4649b934ca495991b7852b855	2026-09-08T14:39:28.226Z		2.13.99	3.6.51	1.8.0_472-b09
R0615	GBP/USD	1713020400000	1713024000000	retrieval_error_hour	getBars	1	success	not_applicable	60	1713020400000	1.24482	1713023940000	1.24482	1	0	25fa31c7ad45e87148477a8241a7132bf6cd5962af7cf73562786a9fa93c9480	2026-09-08T14:39:28.715Z		2.13.99	3.6.51	1.8.0_472-b09
R0616	GBP/USD	1713045600000	1713049200000	retrieval_error_hour	getTicks	1	success	not_applicable	0					0	0	e3b0c44298fc1c149afbf4c8996fb92427ae41e4649b934ca495991b7852b855	2026-09-08T14:39:29.351Z		2.13.99	3.6.51	1.8.0_472-b09
R0616	GBP/USD	1713045600000	1713049200000	retrieval_error_hour	readTicks	1	success	true	0					0	0	e3b0c44298fc1c149afbf4c8996fb92427ae41e4649b934ca495991b7852b855	2026-09-08T14:39:29.351Z		2.13.99	3.6.51	1.8.0_472-b09
R0616	GBP/USD	1713045600000	1713049200000	retrieval_error_hour	getBars	1	success	not_applicable	60	1713045600000	1.24482	1713049140000	1.24482	1	0	819cd9f8d4bc265a806d086ada854a9a371ddbcc089d5fd53429d6ebffbe9395	2026-09-08T14:39:29.352Z		2.13.99	3.6.51	1.8.0_472-b09
R0617	GBP/USD	1713063600000	1713067200000	retrieval_error_hour	getTicks	1	success	not_applicable	0					0	0	e3b0c44298fc1c149afbf4c8996fb92427ae41e4649b934ca495991b7852b855	2026-09-08T14:39:29.787Z		2.13.99	3.6.51	1.8.0_472-b09
R0617	GBP/USD	1713063600000	1713067200000	retrieval_error_hour	readTicks	1	success	true	0					0	0	e3b0c44298fc1c149afbf4c8996fb92427ae41e4649b934ca495991b7852b855	2026-09-08T14:39:29.787Z		2.13.99	3.6.51	1.8.0_472-b09
R0617	GBP/USD	1713063600000	1713067200000	retrieval_error_hour	getBars	1	success	not_applicable	60	1713063600000	1.24482	1713067140000	1.24482	1	0	76813f7c23d5dd76685eb18a4e983309cbc82b1793f646bc5000b06c5d72b036	2026-09-08T14:39:30.004Z		2.13.99	3.6.51	1.8.0_472-b09
R0618	GBP/USD	1713621600000	1713625200000	retrieval_error_hour	getTicks	1	success	not_applicable	0					0	0	e3b0c44298fc1c149afbf4c8996fb92427ae41e4649b934ca495991b7852b855	2026-09-08T14:39:30.504Z		2.13.99	3.6.51	1.8.0_472-b09
R0618	GBP/USD	1713621600000	1713625200000	retrieval_error_hour	readTicks	1	success	true	0					0	0	e3b0c44298fc1c149afbf4c8996fb92427ae41e4649b934ca495991b7852b855	2026-09-08T14:39:30.504Z		2.13.99	3.6.51	1.8.0_472-b09
R0618	GBP/USD	1713621600000	1713625200000	retrieval_error_hour	getBars	1	success	not_applicable	60	1713621600000	1.23695	1713625140000	1.23695	1	0	17e80b0eca8a505979fd191db3328f05e44cdfd537c8b5aa33c5ef793ed7076f	2026-09-08T14:39:30.820Z		2.13.99	3.6.51	1.8.0_472-b09
R0619	GBP/USD	1713625200000	1713628800000	retrieval_error_hour	getTicks	1	success	not_applicable	0					0	0	e3b0c44298fc1c149afbf4c8996fb92427ae41e4649b934ca495991b7852b855	2026-09-08T14:39:31.037Z		2.13.99	3.6.51	1.8.0_472-b09
R0619	GBP/USD	1713625200000	1713628800000	retrieval_error_hour	readTicks	1	success	true	0					0	0	e3b0c44298fc1c149afbf4c8996fb92427ae41e4649b934ca495991b7852b855	2026-09-08T14:39:31.038Z		2.13.99	3.6.51	1.8.0_472-b09
R0619	GBP/USD	1713625200000	1713628800000	retrieval_error_hour	getBars	1	success	not_applicable	60	1713625200000	1.23695	1713628740000	1.23695	1	0	54f9e2c7d417cb06512944e480141e87b7096742b36b6eccf0af985448d140eb	2026-09-08T14:39:31.038Z		2.13.99	3.6.51	1.8.0_472-b09
R0620	GBP/USD	1714215600000	1714219200000	retrieval_error_hour	getTicks	1	success	not_applicable	0					0	0	e3b0c44298fc1c149afbf4c8996fb92427ae41e4649b934ca495991b7852b855	2026-09-08T14:39:31.591Z		2.13.99	3.6.51	1.8.0_472-b09
R0620	GBP/USD	1714215600000	1714219200000	retrieval_error_hour	readTicks	1	success	true	0					0	0	e3b0c44298fc1c149afbf4c8996fb92427ae41e4649b934ca495991b7852b855	2026-09-08T14:39:31.591Z		2.13.99	3.6.51	1.8.0_472-b09
R0620	GBP/USD	1714215600000	1714219200000	retrieval_error_hour	getBars	1	success	not_applicable	60	1714215600000	1.24908	1714219140000	1.24908	1	0	901d9dd5c71adf027cc5001f683c17240ad9e619b7a599b75eec093e90bd9c0c	2026-09-08T14:39:31.823Z		2.13.99	3.6.51	1.8.0_472-b09
R0621	GBP/USD	1714302000000	1714305600000	retrieval_error_hour	getTicks	1	success	not_applicable	0					0	0	e3b0c44298fc1c149afbf4c8996fb92427ae41e4649b934ca495991b7852b855	2026-09-08T14:39:32.344Z		2.13.99	3.6.51	1.8.0_472-b09
R0621	GBP/USD	1714302000000	1714305600000	retrieval_error_hour	readTicks	1	success	true	0					0	0	e3b0c44298fc1c149afbf4c8996fb92427ae41e4649b934ca495991b7852b855	2026-09-08T14:39:32.344Z		2.13.99	3.6.51	1.8.0_472-b09
R0621	GBP/USD	1714302000000	1714305600000	retrieval_error_hour	getBars	1	success	not_applicable	60	1714302000000	1.24908	1714305540000	1.24908	1	0	e2db7fa3db834c7a007c3db96be585f4beb4c1c0087a0ee8facc59e48b9aa6d8	2026-09-08T14:39:32.610Z		2.13.99	3.6.51	1.8.0_472-b09
R0622	GBP/USD	1714762800000	1714766400000	retrieval_error_hour	getTicks	1	success	not_applicable	3225	1714762800051	1.25511	1714766393641	1.25484	0	0	86a8351200bf745e8605f1e4e8f03b73db2a48c131ce6219fabe2c5240a484f5	2026-09-08T14:39:33.959Z		2.13.99	3.6.51	1.8.0_472-b09
R0622	GBP/USD	1714762800000	1714766400000	retrieval_error_hour	readTicks	1	success	true	3225	1714762800051	1.25511	1714766393641	1.25484	0	0	86a8351200bf745e8605f1e4e8f03b73db2a48c131ce6219fabe2c5240a484f5	2026-09-08T14:39:33.966Z		2.13.99	3.6.51	1.8.0_472-b09
R0622	GBP/USD	1714762800000	1714766400000	retrieval_error_hour	getBars	1	success	not_applicable	60	1714762800000	1.25511	1714766340000	1.25485	1	0	a9ee3cfe654a62d5cc315c8ecdc16d2034d45170ce4c67ae271e1fe888ffcc83	2026-09-08T14:39:34.525Z		2.13.99	3.6.51	1.8.0_472-b09
R0623	GBP/USD	1714777200000	1714780800000	retrieval_error_hour	getTicks	1	success	not_applicable	0					0	0	e3b0c44298fc1c149afbf4c8996fb92427ae41e4649b934ca495991b7852b855	2026-09-08T14:39:35.025Z		2.13.99	3.6.51	1.8.0_472-b09
R0623	GBP/USD	1714777200000	1714780800000	retrieval_error_hour	readTicks	1	success	true	0					0	0	e3b0c44298fc1c149afbf4c8996fb92427ae41e4649b934ca495991b7852b855	2026-09-08T14:39:35.026Z		2.13.99	3.6.51	1.8.0_472-b09
R0623	GBP/USD	1714777200000	1714780800000	retrieval_error_hour	getBars	1	success	not_applicable	60	1714777200000	1.25446	1714780740000	1.25446	1	0	38970893acc2bccbb0a50792fcbc31d09a233a40a347c5e23049ee4fbc449181	2026-09-08T14:39:35.027Z		2.13.99	3.6.51	1.8.0_472-b09
R0624	GBP/USD	1714845600000	1714849200000	retrieval_error_hour	getTicks	1	success	not_applicable	0					0	0	e3b0c44298fc1c149afbf4c8996fb92427ae41e4649b934ca495991b7852b855	2026-09-08T14:39:35.615Z		2.13.99	3.6.51	1.8.0_472-b09
R0624	GBP/USD	1714845600000	1714849200000	retrieval_error_hour	readTicks	1	success	true	0					0	0	e3b0c44298fc1c149afbf4c8996fb92427ae41e4649b934ca495991b7852b855	2026-09-08T14:39:35.615Z		2.13.99	3.6.51	1.8.0_472-b09
R0624	GBP/USD	1714845600000	1714849200000	retrieval_error_hour	getBars	1	success	not_applicable	60	1714845600000	1.25446	1714849140000	1.25446	1	0	a9075defd0ffbe4838edb7c7219e4850e81f73899e7e2d367ad309ef83e10297	2026-09-08T14:39:35.890Z		2.13.99	3.6.51	1.8.0_472-b09
R0625	GBP/USD	1715972400000	1715976000000	retrieval_error_hour	getTicks	1	success	not_applicable	1200	1715972400047	1.27083	1715975999750	1.27065	0	0	a7b3d17e1372609e9a448077362e2f09499e42c40babbeecb2f3270b496621ee	2026-09-08T14:39:36.501Z		2.13.99	3.6.51	1.8.0_472-b09
R0625	GBP/USD	1715972400000	1715976000000	retrieval_error_hour	readTicks	1	success	true	1200	1715972400047	1.27083	1715975999750	1.27065	0	0	a7b3d17e1372609e9a448077362e2f09499e42c40babbeecb2f3270b496621ee	2026-09-08T14:39:36.504Z		2.13.99	3.6.51	1.8.0_472-b09
R0625	GBP/USD	1715972400000	1715976000000	retrieval_error_hour	getBars	1	success	not_applicable	60	1715972400000	1.27083	1715975940000	1.27055	1	0	65d495fceaacf8ddc0e7aa90c3784c167a59a8798f9e9d21854fc6679f388124	2026-09-08T14:39:36.947Z		2.13.99	3.6.51	1.8.0_472-b09
R0626	GBP/USD	1715976000000	1715979600000	retrieval_error_hour	getTicks	1	success	not_applicable	891	1715976000060	1.27067	1715979599213	1.26999	0	0	e92f90bd78ee0b97a1ee328fd4ccd0d7dbb8e64af18d6e7f66f750dd990605e0	2026-09-08T14:39:37.247Z		2.13.99	3.6.51	1.8.0_472-b09
R0626	GBP/USD	1715976000000	1715979600000	retrieval_error_hour	readTicks	1	success	true	891	1715976000060	1.27067	1715979599213	1.26999	0	0	e92f90bd78ee0b97a1ee328fd4ccd0d7dbb8e64af18d6e7f66f750dd990605e0	2026-09-08T14:39:37.249Z		2.13.99	3.6.51	1.8.0_472-b09
R0626	GBP/USD	1715976000000	1715979600000	retrieval_error_hour	getBars	1	success	not_applicable	60	1715976000000	1.27067	1715979540000	1.27003	1	0	342894aa0e0ec4570298ebab5a13a80cf7f7e5cacda53a88759ddb0392069c40	2026-09-08T14:39:37.250Z		2.13.99	3.6.51	1.8.0_472-b09
R0627	GBP/USD	1716066000000	1716069600000	retrieval_error_hour	getTicks	1	success	not_applicable	0					0	0	e3b0c44298fc1c149afbf4c8996fb92427ae41e4649b934ca495991b7852b855	2026-09-08T14:39:37.775Z		2.13.99	3.6.51	1.8.0_472-b09
R0627	GBP/USD	1716066000000	1716069600000	retrieval_error_hour	readTicks	1	success	true	0					0	0	e3b0c44298fc1c149afbf4c8996fb92427ae41e4649b934ca495991b7852b855	2026-09-08T14:39:37.775Z		2.13.99	3.6.51	1.8.0_472-b09
R0627	GBP/USD	1716066000000	1716069600000	retrieval_error_hour	getBars	1	success	not_applicable	60	1716066000000	1.26999	1716069540000	1.26999	1	0	f72452949a591f261b32f6790a49e9e9b49045a39bad9b1ce39ffc10d03df6e1	2026-09-08T14:39:38.170Z		2.13.99	3.6.51	1.8.0_472-b09
R0628	GBP/USD	1716602400000	1716606000000	retrieval_error_hour	getTicks	1	success	not_applicable	0					0	0	e3b0c44298fc1c149afbf4c8996fb92427ae41e4649b934ca495991b7852b855	2026-09-08T14:39:38.929Z		2.13.99	3.6.51	1.8.0_472-b09
R0628	GBP/USD	1716602400000	1716606000000	retrieval_error_hour	readTicks	1	success	true	0					0	0	e3b0c44298fc1c149afbf4c8996fb92427ae41e4649b934ca495991b7852b855	2026-09-08T14:39:38.929Z		2.13.99	3.6.51	1.8.0_472-b09
R0628	GBP/USD	1716602400000	1716606000000	retrieval_error_hour	getBars	1	success	not_applicable	60	1716602400000	1.27358	1716605940000	1.27358	1	0	a0448ac322907b6a5da1e7ab4b03642245c25d3cdc223d0377b917dd5ef6a6e3	2026-09-08T14:39:39.162Z		2.13.99	3.6.51	1.8.0_472-b09
R0629	GBP/USD	1716627600000	1716631200000	retrieval_error_hour	getTicks	1	success	not_applicable	0					0	0	e3b0c44298fc1c149afbf4c8996fb92427ae41e4649b934ca495991b7852b855	2026-09-08T14:39:39.642Z		2.13.99	3.6.51	1.8.0_472-b09
R0629	GBP/USD	1716627600000	1716631200000	retrieval_error_hour	readTicks	1	success	true	0					0	0	e3b0c44298fc1c149afbf4c8996fb92427ae41e4649b934ca495991b7852b855	2026-09-08T14:39:39.643Z		2.13.99	3.6.51	1.8.0_472-b09
R0629	GBP/USD	1716627600000	1716631200000	retrieval_error_hour	getBars	1	success	not_applicable	60	1716627600000	1.27358	1716631140000	1.27358	1	0	787409d8beabb71e8db6c24d0d93588eec2f4fcf41d4d5764626a53f2151892b	2026-09-08T14:39:39.643Z		2.13.99	3.6.51	1.8.0_472-b09
R0630	GBP/USD	1716710400000	1716714000000	retrieval_error_hour	getTicks	1	success	not_applicable	0					0	0	e3b0c44298fc1c149afbf4c8996fb92427ae41e4649b934ca495991b7852b855	2026-09-08T14:39:40.100Z		2.13.99	3.6.51	1.8.0_472-b09
R0630	GBP/USD	1716710400000	1716714000000	retrieval_error_hour	readTicks	1	success	true	0					0	0	e3b0c44298fc1c149afbf4c8996fb92427ae41e4649b934ca495991b7852b855	2026-09-08T14:39:40.101Z		2.13.99	3.6.51	1.8.0_472-b09
R0630	GBP/USD	1716710400000	1716714000000	retrieval_error_hour	getBars	1	success	not_applicable	60	1716710400000	1.27358	1716713940000	1.27358	1	0	c5353694799d6e366e33f9136c90dcb5ecbf7180fbfa0aaf70e4d71c89e7a7e4	2026-09-08T14:39:40.321Z		2.13.99	3.6.51	1.8.0_472-b09
R0631	GBP/USD	1716721200000	1716724800000	retrieval_error_hour	getTicks	1	success	not_applicable	0					0	0	e3b0c44298fc1c149afbf4c8996fb92427ae41e4649b934ca495991b7852b855	2026-09-08T14:39:40.781Z		2.13.99	3.6.51	1.8.0_472-b09
R0631	GBP/USD	1716721200000	1716724800000	retrieval_error_hour	readTicks	1	success	true	0					0	0	e3b0c44298fc1c149afbf4c8996fb92427ae41e4649b934ca495991b7852b855	2026-09-08T14:39:40.781Z		2.13.99	3.6.51	1.8.0_472-b09
R0631	GBP/USD	1716721200000	1716724800000	retrieval_error_hour	getBars	1	success	not_applicable	60	1716721200000	1.27358	1716724740000	1.27358	1	0	498a3c154d55ce12836c7811bf7a18176129c993149968ce2004478bfc818db8	2026-09-08T14:39:40.781Z		2.13.99	3.6.51	1.8.0_472-b09
R0632	GBP/USD	1721455200000	1721458800000	retrieval_error_hour	getTicks	1	success	not_applicable	0					0	0	e3b0c44298fc1c149afbf4c8996fb92427ae41e4649b934ca495991b7852b855	2026-09-08T14:39:41.288Z		2.13.99	3.6.51	1.8.0_472-b09
R0632	GBP/USD	1721455200000	1721458800000	retrieval_error_hour	readTicks	1	success	true	0					0	0	e3b0c44298fc1c149afbf4c8996fb92427ae41e4649b934ca495991b7852b855	2026-09-08T14:39:41.289Z		2.13.99	3.6.51	1.8.0_472-b09
R0632	GBP/USD	1721455200000	1721458800000	retrieval_error_hour	getBars	1	success	not_applicable	60	1721455200000	1.291	1721458740000	1.291	1	0	08663d7901099a35c13da74de04256b91ce6b1ccc2e6f63cb5f5fedca6db714c	2026-09-08T14:39:41.583Z		2.13.99	3.6.51	1.8.0_472-b09
R0633	GBP/USD	1721466000000	1721469600000	retrieval_error_hour	getTicks	1	success	not_applicable	0					0	0	e3b0c44298fc1c149afbf4c8996fb92427ae41e4649b934ca495991b7852b855	2026-09-08T14:40:40.189Z		2.13.99	3.6.51	1.8.0_472-b09
R0633	GBP/USD	1721466000000	1721469600000	retrieval_error_hour	readTicks	1	success	true	0					0	0	e3b0c44298fc1c149afbf4c8996fb92427ae41e4649b934ca495991b7852b855	2026-09-08T14:40:40.189Z		2.13.99	3.6.51	1.8.0_472-b09
R0633	GBP/USD	1721466000000	1721469600000	retrieval_error_hour	getBars	1	success	not_applicable	60	1721466000000	1.291	1721469540000	1.291	1	0	8fdbba61a641df822b4c34d09b36944f9068a1cdd9599b215898c7d5885c1ae1	2026-09-08T14:40:40.190Z		2.13.99	3.6.51	1.8.0_472-b09
R0634	GBP/USD	1721487600000	1721491200000	retrieval_error_hour	getTicks	1	success	not_applicable	0					0	0	e3b0c44298fc1c149afbf4c8996fb92427ae41e4649b934ca495991b7852b855	2026-09-08T14:41:15.590Z		2.13.99	3.6.51	1.8.0_472-b09
R0634	GBP/USD	1721487600000	1721491200000	retrieval_error_hour	readTicks	1	success	true	0					0	0	e3b0c44298fc1c149afbf4c8996fb92427ae41e4649b934ca495991b7852b855	2026-09-08T14:41:15.590Z		2.13.99	3.6.51	1.8.0_472-b09
R0634	GBP/USD	1721487600000	1721491200000	retrieval_error_hour	getBars	1	success	not_applicable	60	1721487600000	1.291	1721491140000	1.291	1	0	86438455bc2d690450feaeb7d72a1eca2692e6e5bc1e105b4e3add0058c39bca	2026-09-08T14:41:15.590Z		2.13.99	3.6.51	1.8.0_472-b09
R0635	GBP/USD	1721491200000	1721494800000	retrieval_error_hour	getTicks	1	success	not_applicable	0					0	0	e3b0c44298fc1c149afbf4c8996fb92427ae41e4649b934ca495991b7852b855	2026-09-08T14:41:32.671Z		2.13.99	3.6.51	1.8.0_472-b09
R0635	GBP/USD	1721491200000	1721494800000	retrieval_error_hour	readTicks	1	success	true	0					0	0	e3b0c44298fc1c149afbf4c8996fb92427ae41e4649b934ca495991b7852b855	2026-09-08T14:41:32.672Z		2.13.99	3.6.51	1.8.0_472-b09
R0635	GBP/USD	1721491200000	1721494800000	retrieval_error_hour	getBars	1	success	not_applicable	60	1721491200000	1.291	1721494740000	1.291	1	0	f07171e1f67e02b735008efc7f778bd74405e36654862684f3db176cd7470418	2026-09-08T14:41:32.672Z		2.13.99	3.6.51	1.8.0_472-b09
R0636	GBP/USD	1721494800000	1721498400000	retrieval_error_hour	getTicks	1	success	not_applicable	0					0	0	e3b0c44298fc1c149afbf4c8996fb92427ae41e4649b934ca495991b7852b855	2026-09-08T14:41:36.930Z		2.13.99	3.6.51	1.8.0_472-b09
R0636	GBP/USD	1721494800000	1721498400000	retrieval_error_hour	readTicks	1	success	true	0					0	0	e3b0c44298fc1c149afbf4c8996fb92427ae41e4649b934ca495991b7852b855	2026-09-08T14:41:36.931Z		2.13.99	3.6.51	1.8.0_472-b09
R0636	GBP/USD	1721494800000	1721498400000	retrieval_error_hour	getBars	1	success	not_applicable	60	1721494800000	1.291	1721498340000	1.291	1	0	17681d2ba4a98aad9e546c02b9ea12181c0aabaaf862e8d8251a84f640bf07a3	2026-09-08T14:41:36.931Z		2.13.99	3.6.51	1.8.0_472-b09
R0637	GBP/USD	1721505600000	1721509200000	retrieval_error_hour	getTicks	1	success	not_applicable	0					0	0	e3b0c44298fc1c149afbf4c8996fb92427ae41e4649b934ca495991b7852b855	2026-09-08T14:42:18.541Z		2.13.99	3.6.51	1.8.0_472-b09
R0637	GBP/USD	1721505600000	1721509200000	retrieval_error_hour	readTicks	1	success	true	0					0	0	e3b0c44298fc1c149afbf4c8996fb92427ae41e4649b934ca495991b7852b855	2026-09-08T14:42:18.542Z		2.13.99	3.6.51	1.8.0_472-b09
R0637	GBP/USD	1721505600000	1721509200000	retrieval_error_hour	getBars	1	success	not_applicable	60	1721505600000	1.291	1721509140000	1.291	1	0	1fef1d63e72dd53ecc4f067aad355cdfdaf05e35d2bb8fb735dda7d6159fe69a	2026-09-08T14:42:18.542Z		2.13.99	3.6.51	1.8.0_472-b09
R0638	GBP/USD	1721512800000	1721516400000	retrieval_error_hour	getTicks	1	success	not_applicable	0					0	0	e3b0c44298fc1c149afbf4c8996fb92427ae41e4649b934ca495991b7852b855	2026-09-08T14:42:54.541Z		2.13.99	3.6.51	1.8.0_472-b09
R0638	GBP/USD	1721512800000	1721516400000	retrieval_error_hour	readTicks	1	success	true	0					0	0	e3b0c44298fc1c149afbf4c8996fb92427ae41e4649b934ca495991b7852b855	2026-09-08T14:42:54.541Z		2.13.99	3.6.51	1.8.0_472-b09
R0638	GBP/USD	1721512800000	1721516400000	retrieval_error_hour	getBars	1	success	not_applicable	60	1721512800000	1.291	1721516340000	1.291	1	0	885acb1fcd95b2a282d76218c7de1edb1d88df97aa2d57931687192629ea02b3	2026-09-08T14:42:54.542Z		2.13.99	3.6.51	1.8.0_472-b09
R0639	GBP/USD	1721538000000	1721541600000	retrieval_error_hour	getTicks	1	success	not_applicable	0					0	0	e3b0c44298fc1c149afbf4c8996fb92427ae41e4649b934ca495991b7852b855	2026-09-08T14:43:07.324Z		2.13.99	3.6.51	1.8.0_472-b09
R0639	GBP/USD	1721538000000	1721541600000	retrieval_error_hour	readTicks	1	success	true	0					0	0	e3b0c44298fc1c149afbf4c8996fb92427ae41e4649b934ca495991b7852b855	2026-09-08T14:43:07.324Z		2.13.99	3.6.51	1.8.0_472-b09
R0639	GBP/USD	1721538000000	1721541600000	retrieval_error_hour	getBars	1	success	not_applicable	60	1721538000000	1.291	1721541540000	1.291	1	0	2b0873aed0881940b583f523ef7c1e534d478059b809f1201ee4496aa2fac7f2	2026-09-08T14:43:22.021Z		2.13.99	3.6.51	1.8.0_472-b09
R0640	GBP/USD	1721556000000	1721559600000	retrieval_error_hour	getTicks	1	success	not_applicable	0					0	0	e3b0c44298fc1c149afbf4c8996fb92427ae41e4649b934ca495991b7852b855	2026-09-08T14:43:45.459Z		2.13.99	3.6.51	1.8.0_472-b09
R0640	GBP/USD	1721556000000	1721559600000	retrieval_error_hour	readTicks	1	success	true	0					0	0	e3b0c44298fc1c149afbf4c8996fb92427ae41e4649b934ca495991b7852b855	2026-09-08T14:43:45.459Z		2.13.99	3.6.51	1.8.0_472-b09
R0640	GBP/USD	1721556000000	1721559600000	retrieval_error_hour	getBars	1	success	not_applicable	60	1721556000000	1.291	1721559540000	1.291	1	0	d93cc9a7d4f3ff93c29720dc4db4c6928854939afbe852553fef781c1737ac9a	2026-09-08T14:43:45.459Z		2.13.99	3.6.51	1.8.0_472-b09
R0641	GBP/USD	1721559600000	1721563200000	retrieval_error_hour	getTicks	1	success	not_applicable	0					0	0	e3b0c44298fc1c149afbf4c8996fb92427ae41e4649b934ca495991b7852b855	2026-09-08T14:43:53.401Z		2.13.99	3.6.51	1.8.0_472-b09
R0641	GBP/USD	1721559600000	1721563200000	retrieval_error_hour	readTicks	1	success	true	0					0	0	e3b0c44298fc1c149afbf4c8996fb92427ae41e4649b934ca495991b7852b855	2026-09-08T14:43:53.401Z		2.13.99	3.6.51	1.8.0_472-b09
R0641	GBP/USD	1721559600000	1721563200000	retrieval_error_hour	getBars	1	success	not_applicable	60	1721559600000	1.291	1721563140000	1.291	1	0	dd08df698f0e2380830c7bdf1a2950ac8b70ef1039301ea306e69676d300f228	2026-09-08T14:43:53.402Z		2.13.99	3.6.51	1.8.0_472-b09
R0642	GBP/USD	1721563200000	1721566800000	retrieval_error_hour	getTicks	1	success	not_applicable	0					0	0	e3b0c44298fc1c149afbf4c8996fb92427ae41e4649b934ca495991b7852b855	2026-09-08T14:44:07.733Z		2.13.99	3.6.51	1.8.0_472-b09
R0642	GBP/USD	1721563200000	1721566800000	retrieval_error_hour	readTicks	1	success	true	0					0	0	e3b0c44298fc1c149afbf4c8996fb92427ae41e4649b934ca495991b7852b855	2026-09-08T14:44:07.733Z		2.13.99	3.6.51	1.8.0_472-b09
R0642	GBP/USD	1721563200000	1721566800000	retrieval_error_hour	getBars	1	success	not_applicable	60	1721563200000	1.291	1721566740000	1.291	1	0	b37089a2f1c2dcad6cdeea4b39a28721742ca832706ff30435f15105e476333d	2026-09-08T14:44:07.733Z		2.13.99	3.6.51	1.8.0_472-b09
R0643	GBP/USD	1723359600000	1723363200000	retrieval_error_hour	getTicks	1	success	not_applicable	0					0	0	e3b0c44298fc1c149afbf4c8996fb92427ae41e4649b934ca495991b7852b855	2026-09-08T14:44:42.428Z		2.13.99	3.6.51	1.8.0_472-b09
R0643	GBP/USD	1723359600000	1723363200000	retrieval_error_hour	readTicks	1	success	true	0					0	0	e3b0c44298fc1c149afbf4c8996fb92427ae41e4649b934ca495991b7852b855	2026-09-08T14:44:42.428Z		2.13.99	3.6.51	1.8.0_472-b09
R0643	GBP/USD	1723359600000	1723363200000	retrieval_error_hour	getBars	1	success	not_applicable	60	1723359600000	1.27578	1723363140000	1.27578	1	0	686bb35ba3f8719acb12e30e650710526aab420089df91163c858db565229ffd	2026-09-08T14:44:49.626Z		2.13.99	3.6.51	1.8.0_472-b09
R0644	GBP/USD	1723363200000	1723366800000	retrieval_error_hour	getTicks	1	success	not_applicable	0					0	0	e3b0c44298fc1c149afbf4c8996fb92427ae41e4649b934ca495991b7852b855	2026-09-08T14:45:02.343Z		2.13.99	3.6.51	1.8.0_472-b09
R0644	GBP/USD	1723363200000	1723366800000	retrieval_error_hour	readTicks	1	success	true	0					0	0	e3b0c44298fc1c149afbf4c8996fb92427ae41e4649b934ca495991b7852b855	2026-09-08T14:45:02.343Z		2.13.99	3.6.51	1.8.0_472-b09
R0644	GBP/USD	1723363200000	1723366800000	retrieval_error_hour	getBars	1	success	not_applicable	60	1723363200000	1.27578	1723366740000	1.27578	1	0	1ba21462b02257a377ee677d7629789ca20c865d0461707c51dee43722554b01	2026-09-08T14:45:02.344Z		2.13.99	3.6.51	1.8.0_472-b09
R0645	GBP/USD	1724583600000	1724587200000	retrieval_error_hour	getTicks	1	success	not_applicable	0					0	0	e3b0c44298fc1c149afbf4c8996fb92427ae41e4649b934ca495991b7852b855	2026-09-08T14:45:21.566Z		2.13.99	3.6.51	1.8.0_472-b09
R0645	GBP/USD	1724583600000	1724587200000	retrieval_error_hour	readTicks	1	success	true	0					0	0	e3b0c44298fc1c149afbf4c8996fb92427ae41e4649b934ca495991b7852b855	2026-09-08T14:45:21.566Z		2.13.99	3.6.51	1.8.0_472-b09
R0645	GBP/USD	1724583600000	1724587200000	retrieval_error_hour	getBars	1	success	not_applicable	60	1724583600000	1.32086	1724587140000	1.32086	1	0	bd398e894e9481c5cdab9bf4e5ca3eaa1afecece978421a8bf4abb1f8ba67103	2026-09-08T14:45:49.185Z		2.13.99	3.6.51	1.8.0_472-b09
R0646	GBP/USD	1725073200000	1725076800000	retrieval_error_hour	getTicks	1	success	not_applicable	0					0	0	e3b0c44298fc1c149afbf4c8996fb92427ae41e4649b934ca495991b7852b855	2026-09-08T14:46:09.174Z		2.13.99	3.6.51	1.8.0_472-b09
R0646	GBP/USD	1725073200000	1725076800000	retrieval_error_hour	readTicks	1	success	true	0					0	0	e3b0c44298fc1c149afbf4c8996fb92427ae41e4649b934ca495991b7852b855	2026-09-08T14:46:09.174Z		2.13.99	3.6.51	1.8.0_472-b09
R0646	GBP/USD	1725073200000	1725076800000	retrieval_error_hour	getBars	1	success	not_applicable	60	1725073200000	1.31231	1725076740000	1.31231	1	0	1f160dbd3c05c0ce3538016c56b71f0cdd20cfb059722e2f93cd800a323b8467	2026-09-08T14:46:17.349Z		2.13.99	3.6.51	1.8.0_472-b09
R0647	GBP/USD	1725138000000	1725141600000	retrieval_error_hour	getTicks	1	success	not_applicable	0					0	0	e3b0c44298fc1c149afbf4c8996fb92427ae41e4649b934ca495991b7852b855	2026-09-08T14:46:41.757Z		2.13.99	3.6.51	1.8.0_472-b09
R0647	GBP/USD	1725138000000	1725141600000	retrieval_error_hour	readTicks	1	success	true	0					0	0	e3b0c44298fc1c149afbf4c8996fb92427ae41e4649b934ca495991b7852b855	2026-09-08T14:46:41.758Z		2.13.99	3.6.51	1.8.0_472-b09
R0647	GBP/USD	1725138000000	1725141600000	retrieval_error_hour	getBars	1	success	not_applicable	60	1725138000000	1.31231	1725141540000	1.31231	1	0	8e3c4d158221e9d1238486a217bf4381698d8c34ddd235e4b0cbc96ad2c5c8bc	2026-09-08T14:46:41.758Z		2.13.99	3.6.51	1.8.0_472-b09
R0648	GBP/USD	1725163200000	1725166800000	retrieval_error_hour	getTicks	1	success	not_applicable	0					0	0	e3b0c44298fc1c149afbf4c8996fb92427ae41e4649b934ca495991b7852b855	2026-09-08T14:46:53.694Z		2.13.99	3.6.51	1.8.0_472-b09
R0648	GBP/USD	1725163200000	1725166800000	retrieval_error_hour	readTicks	1	success	true	0					0	0	e3b0c44298fc1c149afbf4c8996fb92427ae41e4649b934ca495991b7852b855	2026-09-08T14:46:53.694Z		2.13.99	3.6.51	1.8.0_472-b09
R0648	GBP/USD	1725163200000	1725166800000	retrieval_error_hour	getBars	1	success	not_applicable	0					0	0	e3b0c44298fc1c149afbf4c8996fb92427ae41e4649b934ca495991b7852b855	2026-09-08T14:47:08.599Z		2.13.99	3.6.51	1.8.0_472-b09
R0649	GBP/USD	1725213600000	1725217200000	retrieval_error_hour	getTicks	1	success	not_applicable	0					0	0	e3b0c44298fc1c149afbf4c8996fb92427ae41e4649b934ca495991b7852b855	2026-09-08T14:48:27.807Z		2.13.99	3.6.51	1.8.0_472-b09
R0649	GBP/USD	1725213600000	1725217200000	retrieval_error_hour	readTicks	1	success	true	0					0	0	e3b0c44298fc1c149afbf4c8996fb92427ae41e4649b934ca495991b7852b855	2026-09-08T14:48:27.808Z		2.13.99	3.6.51	1.8.0_472-b09
R0649	GBP/USD	1725213600000	1725217200000	retrieval_error_hour	getBars	1	success	not_applicable	0					0	0	e3b0c44298fc1c149afbf4c8996fb92427ae41e4649b934ca495991b7852b855	2026-09-08T14:48:27.809Z		2.13.99	3.6.51	1.8.0_472-b09
R0650	GBP/USD	1726171200000	1726174800000	retrieval_error_hour	getTicks	1	success	not_applicable	0					0	0	e3b0c44298fc1c149afbf4c8996fb92427ae41e4649b934ca495991b7852b855	2026-09-08T14:49:07.099Z		2.13.99	3.6.51	1.8.0_472-b09
R0650	GBP/USD	1726171200000	1726174800000	retrieval_error_hour	readTicks	1	success	true	0					0	0	e3b0c44298fc1c149afbf4c8996fb92427ae41e4649b934ca495991b7852b855	2026-09-08T14:49:07.100Z		2.13.99	3.6.51	1.8.0_472-b09
R0650	GBP/USD	1726171200000	1726174800000	retrieval_error_hour	getBars	1	success	not_applicable	60	1726171200000	1.31179	1726174740000	1.31252	1	0	eb2d85fba19346f177ff7d22338e9573ae81dc5fb83cf091e4ad10c2384ab60f	2026-09-08T14:49:19.512Z		2.13.99	3.6.51	1.8.0_472-b09
R0651	GBP/USD	1726434000000	1726437600000	retrieval_error_hour	getTicks	1	success	not_applicable	108	1726434005629	1.31169	1726437593175	1.31203	0	0	2d8e37701935eed9f2d6248266b744d1efd6a44544bb83654d042afb3e67f737	2026-09-08T14:49:50.133Z		2.13.99	3.6.51	1.8.0_472-b09
R0651	GBP/USD	1726434000000	1726437600000	retrieval_error_hour	readTicks	1	success	true	108	1726434005629	1.31169	1726437593175	1.31203	0	0	2d8e37701935eed9f2d6248266b744d1efd6a44544bb83654d042afb3e67f737	2026-09-08T14:49:50.133Z		2.13.99	3.6.51	1.8.0_472-b09
R0651	GBP/USD	1726434000000	1726437600000	retrieval_error_hour	getBars	1	success	not_applicable	0					0	0	e3b0c44298fc1c149afbf4c8996fb92427ae41e4649b934ca495991b7852b855	2026-09-08T14:49:54.292Z		2.13.99	3.6.51	1.8.0_472-b09
R0652	GBP/USD	1726880400000	1726884000000	retrieval_error_hour	getTicks	1	success	not_applicable	0					0	0	e3b0c44298fc1c149afbf4c8996fb92427ae41e4649b934ca495991b7852b855	2026-09-08T14:50:43.917Z		2.13.99	3.6.51	1.8.0_472-b09
R0652	GBP/USD	1726880400000	1726884000000	retrieval_error_hour	readTicks	1	success	true	0					0	0	e3b0c44298fc1c149afbf4c8996fb92427ae41e4649b934ca495991b7852b855	2026-09-08T14:50:43.918Z		2.13.99	3.6.51	1.8.0_472-b09
R0652	GBP/USD	1726880400000	1726884000000	retrieval_error_hour	getBars	1	success	not_applicable	60	1726880400000	1.33165	1726883940000	1.33165	1	0	2576b061a241a3325351eb7cdbc4849d5b6d89e07f82910d13429473b352799c	2026-09-08T14:50:51.590Z		2.13.99	3.6.51	1.8.0_472-b09
R0653	GBP/USD	1726891200000	1726894800000	retrieval_error_hour	getTicks	1	success	not_applicable	0					0	0	e3b0c44298fc1c149afbf4c8996fb92427ae41e4649b934ca495991b7852b855	2026-09-08T14:51:14.468Z		2.13.99	3.6.51	1.8.0_472-b09
R0653	GBP/USD	1726891200000	1726894800000	retrieval_error_hour	readTicks	1	success	true	0					0	0	e3b0c44298fc1c149afbf4c8996fb92427ae41e4649b934ca495991b7852b855	2026-09-08T14:51:14.468Z		2.13.99	3.6.51	1.8.0_472-b09
R0653	GBP/USD	1726891200000	1726894800000	retrieval_error_hour	getBars	1	success	not_applicable	60	1726891200000	1.33165	1726894740000	1.33165	1	0	8d632d5d7de9976d7815e3e5d5c60c8a4cf55165229c6fdba531faf1e3f08b64	2026-09-08T14:51:14.469Z		2.13.99	3.6.51	1.8.0_472-b09
R0654	GBP/USD	1726894800000	1726898400000	retrieval_error_hour	getTicks	1	success	not_applicable	0					0	0	e3b0c44298fc1c149afbf4c8996fb92427ae41e4649b934ca495991b7852b855	2026-09-08T14:51:21.662Z		2.13.99	3.6.51	1.8.0_472-b09
R0654	GBP/USD	1726894800000	1726898400000	retrieval_error_hour	readTicks	1	success	true	0					0	0	e3b0c44298fc1c149afbf4c8996fb92427ae41e4649b934ca495991b7852b855	2026-09-08T14:51:21.662Z		2.13.99	3.6.51	1.8.0_472-b09
R0654	GBP/USD	1726894800000	1726898400000	retrieval_error_hour	getBars	1	success	not_applicable	60	1726894800000	1.33165	1726898340000	1.33165	1	0	7b665975940e02886a650c5bcac787ae79d75a26e9ec10c47ab90fb1e26c381a	2026-09-08T14:51:21.662Z		2.13.99	3.6.51	1.8.0_472-b09
R0655	GBP/USD	1726959600000	1726963200000	retrieval_error_hour	getTicks	1	success	not_applicable	0					0	0	e3b0c44298fc1c149afbf4c8996fb92427ae41e4649b934ca495991b7852b855	2026-09-08T14:51:41.798Z		2.13.99	3.6.51	1.8.0_472-b09
R0655	GBP/USD	1726959600000	1726963200000	retrieval_error_hour	readTicks	1	success	true	0					0	0	e3b0c44298fc1c149afbf4c8996fb92427ae41e4649b934ca495991b7852b855	2026-09-08T14:51:41.799Z		2.13.99	3.6.51	1.8.0_472-b09
R0655	GBP/USD	1726959600000	1726963200000	retrieval_error_hour	getBars	1	success	not_applicable	60	1726959600000	1.33165	1726963140000	1.33165	1	0	791a8bfb93c531ea274ca614dcfa014d6b7132331f9d7ea420a8cada4cad5eb7	2026-09-08T14:51:41.800Z		2.13.99	3.6.51	1.8.0_472-b09
R0656	GBP/USD	1727010000000	1727013600000	retrieval_error_hour	getTicks	1	success	not_applicable	0					0	0	e3b0c44298fc1c149afbf4c8996fb92427ae41e4649b934ca495991b7852b855	2026-09-08T14:51:53.909Z		2.13.99	3.6.51	1.8.0_472-b09
R0656	GBP/USD	1727010000000	1727013600000	retrieval_error_hour	readTicks	1	success	true	0					0	0	e3b0c44298fc1c149afbf4c8996fb92427ae41e4649b934ca495991b7852b855	2026-09-08T14:51:53.910Z		2.13.99	3.6.51	1.8.0_472-b09
R0656	GBP/USD	1727010000000	1727013600000	retrieval_error_hour	getBars	1	success	not_applicable	60	1727010000000	1.33165	1727013540000	1.33165	1	0	9425282ac81fe2e82199ce7abb537a3d759956653122f60a7568f914187ab6c0	2026-09-08T14:52:04.111Z		2.13.99	3.6.51	1.8.0_472-b09
R0657	GBP/USD	1727035200000	1727038800000	retrieval_error_hour	getTicks	1	success	not_applicable	0					0	0	e3b0c44298fc1c149afbf4c8996fb92427ae41e4649b934ca495991b7852b855	2026-09-08T14:52:20.447Z		2.13.99	3.6.51	1.8.0_472-b09
R0657	GBP/USD	1727035200000	1727038800000	retrieval_error_hour	readTicks	1	success	true	0					0	0	e3b0c44298fc1c149afbf4c8996fb92427ae41e4649b934ca495991b7852b855	2026-09-08T14:52:20.448Z		2.13.99	3.6.51	1.8.0_472-b09
R0657	GBP/USD	1727035200000	1727038800000	retrieval_error_hour	getBars	1	success	not_applicable	60	1727035200000	1.33165	1727038740000	1.33165	1	0	e3863b28cf7ffc36094a1dd03c4d3ee431657d12c0bcc6a0c719de2a582c9a2c	2026-09-08T14:52:20.448Z		2.13.99	3.6.51	1.8.0_472-b09
R0658	GBP/USD	1731740400000	1731744000000	retrieval_error_hour	getTicks	1	success	not_applicable	0					0	0	e3b0c44298fc1c149afbf4c8996fb92427ae41e4649b934ca495991b7852b855	2026-09-08T14:52:46.772Z		2.13.99	3.6.51	1.8.0_472-b09
R0658	GBP/USD	1731740400000	1731744000000	retrieval_error_hour	readTicks	1	success	true	0					0	0	e3b0c44298fc1c149afbf4c8996fb92427ae41e4649b934ca495991b7852b855	2026-09-08T14:52:46.772Z		2.13.99	3.6.51	1.8.0_472-b09
R0658	GBP/USD	1731740400000	1731744000000	retrieval_error_hour	getBars	1	success	not_applicable	60	1731740400000	1.26133	1731743940000	1.26133	1	0	4bd97a24f87462011e7dc79e0c59abaec71837bf92e0fcf0d823c9c53eafb79b	2026-09-08T14:53:02.168Z		2.13.99	3.6.51	1.8.0_472-b09
R0659	GBP/USD	1732946400000	1732950000000	retrieval_error_hour	getTicks	1	success	not_applicable	0					0	0	e3b0c44298fc1c149afbf4c8996fb92427ae41e4649b934ca495991b7852b855	2026-09-08T14:53:25.557Z		2.13.99	3.6.51	1.8.0_472-b09
R0659	GBP/USD	1732946400000	1732950000000	retrieval_error_hour	readTicks	1	success	true	0					0	0	e3b0c44298fc1c149afbf4c8996fb92427ae41e4649b934ca495991b7852b855	2026-09-08T14:53:25.559Z		2.13.99	3.6.51	1.8.0_472-b09
R0659	GBP/USD	1732946400000	1732950000000	retrieval_error_hour	getBars	1	success	not_applicable	60	1732946400000	1.27257	1732949940000	1.27257	1	0	22dd10b5f5ef498f9c7fbe2ffdd8ce0d64fb9386ee0821be3498a7b651b09537	2026-09-08T14:53:43.322Z		2.13.99	3.6.51	1.8.0_472-b09
R0660	GBP/USD	1733014800000	1733018400000	retrieval_error_hour	getTicks	1	success	not_applicable	0					0	0	e3b0c44298fc1c149afbf4c8996fb92427ae41e4649b934ca495991b7852b855	2026-09-08T14:54:15.973Z		2.13.99	3.6.51	1.8.0_472-b09
R0660	GBP/USD	1733014800000	1733018400000	retrieval_error_hour	readTicks	1	success	true	0					0	0	e3b0c44298fc1c149afbf4c8996fb92427ae41e4649b934ca495991b7852b855	2026-09-08T14:54:15.974Z		2.13.99	3.6.51	1.8.0_472-b09
R0660	GBP/USD	1733014800000	1733018400000	retrieval_error_hour	getBars	1	success	not_applicable	60	1733014800000	1.27257	1733018340000	1.27257	1	0	205de56112dfd74f935cf1b420c27f79081ae17412097433d25c98ed20f551b1	2026-09-08T14:54:33.638Z		2.13.99	3.6.51	1.8.0_472-b09
R0661	GBP/USD	1733022000000	1733025600000	retrieval_error_hour	getTicks	1	success	not_applicable	0					0	0	e3b0c44298fc1c149afbf4c8996fb92427ae41e4649b934ca495991b7852b855	2026-09-08T14:55:18.601Z		2.13.99	3.6.51	1.8.0_472-b09
R0661	GBP/USD	1733022000000	1733025600000	retrieval_error_hour	readTicks	1	success	true	0					0	0	e3b0c44298fc1c149afbf4c8996fb92427ae41e4649b934ca495991b7852b855	2026-09-08T14:55:18.601Z		2.13.99	3.6.51	1.8.0_472-b09
R0661	GBP/USD	1733022000000	1733025600000	retrieval_error_hour	getBars	1	success	not_applicable	60	1733022000000	1.27257	1733025540000	1.27257	1	0	00da7af667f64fa6703d6148fb35e923941d6620012fadc9b1b2e433a3c929fa	2026-09-08T14:55:18.602Z		2.13.99	3.6.51	1.8.0_472-b09
R0662	GBP/USD	1733025600000	1733029200000	retrieval_error_hour	getTicks	1	success	not_applicable	0					0	0	e3b0c44298fc1c149afbf4c8996fb92427ae41e4649b934ca495991b7852b855	2026-09-08T14:55:53.600Z		2.13.99	3.6.51	1.8.0_472-b09
R0662	GBP/USD	1733025600000	1733029200000	retrieval_error_hour	readTicks	1	success	true	0					0	0	e3b0c44298fc1c149afbf4c8996fb92427ae41e4649b934ca495991b7852b855	2026-09-08T14:55:53.600Z		2.13.99	3.6.51	1.8.0_472-b09
R0662	GBP/USD	1733025600000	1733029200000	retrieval_error_hour	getBars	1	success	not_applicable	60	1733025600000	1.27257	1733029140000	1.27257	1	0	570ff6154e35ed85cbbcb9948d11b2183e0545aa28a32ec2543462b9be93fcb1	2026-09-08T14:55:53.600Z		2.13.99	3.6.51	1.8.0_472-b09
R0663	GBP/USD	1733029200000	1733032800000	retrieval_error_hour	getTicks	1	success	not_applicable	0					0	0	e3b0c44298fc1c149afbf4c8996fb92427ae41e4649b934ca495991b7852b855	2026-09-08T14:56:44.432Z		2.13.99	3.6.51	1.8.0_472-b09
R0663	GBP/USD	1733029200000	1733032800000	retrieval_error_hour	readTicks	1	success	true	0					0	0	e3b0c44298fc1c149afbf4c8996fb92427ae41e4649b934ca495991b7852b855	2026-09-08T14:56:44.433Z		2.13.99	3.6.51	1.8.0_472-b09
R0663	GBP/USD	1733029200000	1733032800000	retrieval_error_hour	getBars	1	success	not_applicable	60	1733029200000	1.27257	1733032740000	1.27257	1	0	ee26a102c491d0a4a74a5046e2cbc01989ccbe126fc20a8b4adfb95b265560d2	2026-09-08T14:56:44.433Z		2.13.99	3.6.51	1.8.0_472-b09
R0664	GBP/USD	1733036400000	1733040000000	retrieval_error_hour	getTicks	1	success	not_applicable	0					0	0	e3b0c44298fc1c149afbf4c8996fb92427ae41e4649b934ca495991b7852b855	2026-09-08T14:57:43.320Z		2.13.99	3.6.51	1.8.0_472-b09
R0664	GBP/USD	1733036400000	1733040000000	retrieval_error_hour	readTicks	1	success	true	0					0	0	e3b0c44298fc1c149afbf4c8996fb92427ae41e4649b934ca495991b7852b855	2026-09-08T14:57:43.320Z		2.13.99	3.6.51	1.8.0_472-b09
R0664	GBP/USD	1733036400000	1733040000000	retrieval_error_hour	getBars	1	success	not_applicable	60	1733036400000	1.27257	1733039940000	1.27257	1	0	ae8f854e3ac423a0bf9fb8188f54a4e4d81f29095c4b405016a352dc9eed6d53	2026-09-08T14:57:43.321Z		2.13.99	3.6.51	1.8.0_472-b09
R0665	GBP/USD	1733040000000	1733043600000	retrieval_error_hour	getTicks	1	success	not_applicable	0					0	0	e3b0c44298fc1c149afbf4c8996fb92427ae41e4649b934ca495991b7852b855	2026-09-08T14:57:43.859Z		2.13.99	3.6.51	1.8.0_472-b09
R0665	GBP/USD	1733040000000	1733043600000	retrieval_error_hour	readTicks	1	success	true	0					0	0	e3b0c44298fc1c149afbf4c8996fb92427ae41e4649b934ca495991b7852b855	2026-09-08T14:57:43.859Z		2.13.99	3.6.51	1.8.0_472-b09
R0665	GBP/USD	1733040000000	1733043600000	retrieval_error_hour	getBars	1	success	not_applicable	60	1733040000000	1.27257	1733043540000	1.27257	1	0	0131f12cd5f50f03ab85e20034e7d73f436aaaa574ca8073b2abe7346eb51a4b	2026-09-08T14:57:43.860Z		2.13.99	3.6.51	1.8.0_472-b09
R0666	GBP/USD	1733043600000	1733047200000	retrieval_error_hour	getTicks	1	success	not_applicable	0					0	0	e3b0c44298fc1c149afbf4c8996fb92427ae41e4649b934ca495991b7852b855	2026-09-08T14:57:44.245Z		2.13.99	3.6.51	1.8.0_472-b09
R0666	GBP/USD	1733043600000	1733047200000	retrieval_error_hour	readTicks	1	success	true	0					0	0	e3b0c44298fc1c149afbf4c8996fb92427ae41e4649b934ca495991b7852b855	2026-09-08T14:57:44.245Z		2.13.99	3.6.51	1.8.0_472-b09
R0666	GBP/USD	1733043600000	1733047200000	retrieval_error_hour	getBars	1	success	not_applicable	60	1733043600000	1.27257	1733047140000	1.27257	1	0	ed39a680ed0bac7534d870fe3d3001c6b36dbc156f8fe061b629b1ee93f1d656	2026-09-08T14:57:44.246Z		2.13.99	3.6.51	1.8.0_472-b09
R0667	GBP/USD	1733047200000	1733050800000	retrieval_error_hour	getTicks	1	success	not_applicable	0					0	0	e3b0c44298fc1c149afbf4c8996fb92427ae41e4649b934ca495991b7852b855	2026-09-08T14:57:44.628Z		2.13.99	3.6.51	1.8.0_472-b09
R0667	GBP/USD	1733047200000	1733050800000	retrieval_error_hour	readTicks	1	success	true	0					0	0	e3b0c44298fc1c149afbf4c8996fb92427ae41e4649b934ca495991b7852b855	2026-09-08T14:57:44.628Z		2.13.99	3.6.51	1.8.0_472-b09
R0667	GBP/USD	1733047200000	1733050800000	retrieval_error_hour	getBars	1	success	not_applicable	60	1733047200000	1.27257	1733050740000	1.27257	1	0	99c68760501d172d67f7cfc754539509f12298cef3ecfb966cb23e487ccfb341	2026-09-08T14:57:44.628Z		2.13.99	3.6.51	1.8.0_472-b09
R0668	GBP/USD	1733065200000	1733068800000	retrieval_error_hour	getTicks	1	success	not_applicable	0					0	0	e3b0c44298fc1c149afbf4c8996fb92427ae41e4649b934ca495991b7852b855	2026-09-08T14:57:45.123Z		2.13.99	3.6.51	1.8.0_472-b09
R0668	GBP/USD	1733065200000	1733068800000	retrieval_error_hour	readTicks	1	success	true	0					0	0	e3b0c44298fc1c149afbf4c8996fb92427ae41e4649b934ca495991b7852b855	2026-09-08T14:57:45.123Z		2.13.99	3.6.51	1.8.0_472-b09
R0668	GBP/USD	1733065200000	1733068800000	retrieval_error_hour	getBars	1	success	not_applicable	60	1733065200000	1.27257	1733068740000	1.27257	1	0	95732833512dbd170dcdb824aec5131647e2ae7f4c7672d4b2da543b3838eaf2	2026-09-08T14:57:45.124Z		2.13.99	3.6.51	1.8.0_472-b09
R0669	GBP/USD	1733068800000	1733072400000	retrieval_error_hour	getTicks	1	success	not_applicable	0					0	0	e3b0c44298fc1c149afbf4c8996fb92427ae41e4649b934ca495991b7852b855	2026-09-08T14:57:45.393Z		2.13.99	3.6.51	1.8.0_472-b09
R0669	GBP/USD	1733068800000	1733072400000	retrieval_error_hour	readTicks	1	success	true	0					0	0	e3b0c44298fc1c149afbf4c8996fb92427ae41e4649b934ca495991b7852b855	2026-09-08T14:57:45.393Z		2.13.99	3.6.51	1.8.0_472-b09
R0669	GBP/USD	1733068800000	1733072400000	retrieval_error_hour	getBars	1	success	not_applicable	60	1733068800000	1.27257	1733072340000	1.27257	1	0	6f43c19048273187cd62685773634d058f33789654c22643dce078ed6a804702	2026-09-08T14:57:45.393Z		2.13.99	3.6.51	1.8.0_472-b09
R0670	GBP/USD	1733072400000	1733076000000	retrieval_error_hour	getTicks	1	success	not_applicable	0					0	0	e3b0c44298fc1c149afbf4c8996fb92427ae41e4649b934ca495991b7852b855	2026-09-08T14:57:45.623Z		2.13.99	3.6.51	1.8.0_472-b09
R0670	GBP/USD	1733072400000	1733076000000	retrieval_error_hour	readTicks	1	success	true	0					0	0	e3b0c44298fc1c149afbf4c8996fb92427ae41e4649b934ca495991b7852b855	2026-09-08T14:57:45.625Z		2.13.99	3.6.51	1.8.0_472-b09
R0670	GBP/USD	1733072400000	1733076000000	retrieval_error_hour	getBars	1	success	not_applicable	60	1733072400000	1.27257	1733075940000	1.27257	1	0	a2851652fc5cd29e676a9310a66f660ec053d52b3e463d760d11236e2213c505	2026-09-08T14:57:45.625Z		2.13.99	3.6.51	1.8.0_472-b09
R0671	GBP/USD	1733086800000	1733090400000	retrieval_error_hour	getTicks	1	success	not_applicable	0					0	0	e3b0c44298fc1c149afbf4c8996fb92427ae41e4649b934ca495991b7852b855	2026-09-08T14:57:46.106Z		2.13.99	3.6.51	1.8.0_472-b09
R0671	GBP/USD	1733086800000	1733090400000	retrieval_error_hour	readTicks	1	success	true	0					0	0	e3b0c44298fc1c149afbf4c8996fb92427ae41e4649b934ca495991b7852b855	2026-09-08T14:57:46.106Z		2.13.99	3.6.51	1.8.0_472-b09
R0671	GBP/USD	1733086800000	1733090400000	retrieval_error_hour	getBars	1	success	not_applicable	60	1733086800000	1.27257	1733090340000	1.27257	1	0	3a72a423c9f0ba6f4212be808c7d795e41f954ae51440826ee73e0edbb8aa91b	2026-09-08T14:57:46.107Z		2.13.99	3.6.51	1.8.0_472-b09
R0672	GBP/USD	1735074000000	1735077600000	retrieval_error_hour	getTicks	1	success	not_applicable	1211	1735074006294	1.25308	1735077540066	1.25247	0	0	55585af13fd314ba25a53204d5e951d9f42fb5b8a43a559e3fe2cc31dc66a14a	2026-09-08T14:57:46.697Z		2.13.99	3.6.51	1.8.0_472-b09
R0672	GBP/USD	1735074000000	1735077600000	retrieval_error_hour	readTicks	1	success	true	1211	1735074006294	1.25308	1735077540066	1.25247	0	0	55585af13fd314ba25a53204d5e951d9f42fb5b8a43a559e3fe2cc31dc66a14a	2026-09-08T14:57:46.700Z		2.13.99	3.6.51	1.8.0_472-b09
R0672	GBP/USD	1735074000000	1735077600000	retrieval_error_hour	getBars	1	success	not_applicable	60	1735074000000	1.25308	1735077540000	1.25247	1	0	d20ebaba85b6d88ec5f2218c2a984ad567852877fa1433401f12067de65ea8bd	2026-09-08T14:57:46.933Z		2.13.99	3.6.51	1.8.0_472-b09
R0673	GBP/USD	1735077600000	1735081200000	retrieval_error_hour	getTicks	1	success	not_applicable	34	1735077841220	1.2525	1735081080119	1.25153	0	0	45a83e0c311b0c774df63cbc532571cd03c1a56b48885e054aff8ddb527bc1e9	2026-09-08T14:57:47.228Z		2.13.99	3.6.51	1.8.0_472-b09
R0673	GBP/USD	1735077600000	1735081200000	retrieval_error_hour	readTicks	1	success	true	34	1735077841220	1.2525	1735081080119	1.25153	0	0	45a83e0c311b0c774df63cbc532571cd03c1a56b48885e054aff8ddb527bc1e9	2026-09-08T14:57:47.229Z		2.13.99	3.6.51	1.8.0_472-b09
R0673	GBP/USD	1735077600000	1735081200000	retrieval_error_hour	getBars	1	success	not_applicable	60	1735077600000	1.25247	1735081140000	1.25153	1	0	f731951ddc6979cd1cd7ad24b857847683bd6dd89cf955e5dcb812288a11ed24	2026-09-08T14:57:47.230Z		2.13.99	3.6.51	1.8.0_472-b09
R0674	GBP/USD	1735084800000	1735088400000	retrieval_error_hour	getTicks	1	success	not_applicable	63	1735084800336	1.25185	1735088298016	1.25298	0	0	40ca930362d1182625295479dcfc2d039a5b8919b893f6f95975fe00e75e7620	2026-09-08T14:57:47.826Z		2.13.99	3.6.51	1.8.0_472-b09
R0674	GBP/USD	1735084800000	1735088400000	retrieval_error_hour	readTicks	1	success	true	63	1735084800336	1.25185	1735088298016	1.25298	0	0	40ca930362d1182625295479dcfc2d039a5b8919b893f6f95975fe00e75e7620	2026-09-08T14:57:47.827Z		2.13.99	3.6.51	1.8.0_472-b09
R0674	GBP/USD	1735084800000	1735088400000	retrieval_error_hour	getBars	1	success	not_applicable	60	1735084800000	1.25185	1735088340000	1.25298	1	0	b9bc178d0c22477676d9e0958968fd9aa958f961041f1ddd3d6eb6f9a5553468	2026-09-08T14:57:48.117Z		2.13.99	3.6.51	1.8.0_472-b09
R0675	GBP/USD	1735095600000	1735099200000	retrieval_error_hour	getTicks	1	success	not_applicable	25	1735095770637	1.25321	1735099108050	1.25348	0	0	927cfeb54245d262088896d25545cc52f4dcaa27b01b360f3ebbcdf256d83b24	2026-09-08T14:57:48.687Z		2.13.99	3.6.51	1.8.0_472-b09
R0675	GBP/USD	1735095600000	1735099200000	retrieval_error_hour	readTicks	1	success	true	25	1735095770637	1.25321	1735099108050	1.25348	0	0	927cfeb54245d262088896d25545cc52f4dcaa27b01b360f3ebbcdf256d83b24	2026-09-08T14:57:48.687Z		2.13.99	3.6.51	1.8.0_472-b09
R0675	GBP/USD	1735095600000	1735099200000	retrieval_error_hour	getBars	1	success	not_applicable	60	1735095600000	1.25313	1735099140000	1.25348	1	0	5f346805eae59f1318dff1c5a4489cff007f81fa8fb8f8f9353770821e04d35d	2026-09-08T14:57:48.687Z		2.13.99	3.6.51	1.8.0_472-b09
R0676	GBP/USD	1735102800000	1735106400000	retrieval_error_hour	getTicks	1	success	not_applicable	19	1735103277065	1.25356	1735106365011	1.25323	0	0	61895660eaefbc8078d153e6bb1ef04387fd0eaf7077f32311391ec69d1e00d8	2026-09-08T14:57:49.318Z		2.13.99	3.6.51	1.8.0_472-b09
R0676	GBP/USD	1735102800000	1735106400000	retrieval_error_hour	readTicks	1	success	true	19	1735103277065	1.25356	1735106365011	1.25323	0	0	61895660eaefbc8078d153e6bb1ef04387fd0eaf7077f32311391ec69d1e00d8	2026-09-08T14:57:49.319Z		2.13.99	3.6.51	1.8.0_472-b09
R0676	GBP/USD	1735102800000	1735106400000	retrieval_error_hour	getBars	1	success	not_applicable	60	1735102800000	1.25361	1735106340000	1.25323	1	0	71d2c4b5a88078961c46672b2bb54e2d6165bcfa9a5dcc5dfb84b48d693e6903	2026-09-08T14:57:49.319Z		2.13.99	3.6.51	1.8.0_472-b09
R0677	GBP/USD	1735128000000	1735131600000	retrieval_error_hour	getTicks	1	success	not_applicable	0					0	0	e3b0c44298fc1c149afbf4c8996fb92427ae41e4649b934ca495991b7852b855	2026-09-08T14:57:49.807Z		2.13.99	3.6.51	1.8.0_472-b09
R0677	GBP/USD	1735128000000	1735131600000	retrieval_error_hour	readTicks	1	success	true	0					0	0	e3b0c44298fc1c149afbf4c8996fb92427ae41e4649b934ca495991b7852b855	2026-09-08T14:57:49.808Z		2.13.99	3.6.51	1.8.0_472-b09
R0677	GBP/USD	1735128000000	1735131600000	retrieval_error_hour	getBars	1	success	not_applicable	60	1735128000000	1.2539	1735131540000	1.2539	1	0	0131de58ed1974bbc8631b7a07b37a59f3cd85b12048695140d28567983ba58c	2026-09-08T14:57:49.808Z		2.13.99	3.6.51	1.8.0_472-b09
R0678	GBP/USD	1735131600000	1735135200000	retrieval_error_hour	getTicks	1	success	not_applicable	0					0	0	e3b0c44298fc1c149afbf4c8996fb92427ae41e4649b934ca495991b7852b855	2026-09-08T14:57:50.058Z		2.13.99	3.6.51	1.8.0_472-b09
R0678	GBP/USD	1735131600000	1735135200000	retrieval_error_hour	readTicks	1	success	true	0					0	0	e3b0c44298fc1c149afbf4c8996fb92427ae41e4649b934ca495991b7852b855	2026-09-08T14:57:50.059Z		2.13.99	3.6.51	1.8.0_472-b09
R0678	GBP/USD	1735131600000	1735135200000	retrieval_error_hour	getBars	1	success	not_applicable	60	1735131600000	1.2539	1735135140000	1.2539	1	0	61cc88133a7548f838b46031efbeff0973742bd34cce3f61ab5e8d3ad487f263	2026-09-08T14:57:50.059Z		2.13.99	3.6.51	1.8.0_472-b09
R0679	GBP/USD	1735160400000	1735164000000	retrieval_error_hour	getTicks	1	success	not_applicable	0					0	0	e3b0c44298fc1c149afbf4c8996fb92427ae41e4649b934ca495991b7852b855	2026-09-08T14:57:50.771Z		2.13.99	3.6.51	1.8.0_472-b09
R0679	GBP/USD	1735160400000	1735164000000	retrieval_error_hour	readTicks	1	success	true	0					0	0	e3b0c44298fc1c149afbf4c8996fb92427ae41e4649b934ca495991b7852b855	2026-09-08T14:57:50.772Z		2.13.99	3.6.51	1.8.0_472-b09
R0679	GBP/USD	1735160400000	1735164000000	retrieval_error_hour	getBars	1	success	not_applicable	60	1735160400000	1.2539	1735163940000	1.2539	1	0	605b6d7a1b6ca226d9891db7b72b1e90711109feaa4cd61a2f133eac4a57bf25	2026-09-08T14:57:50.772Z		2.13.99	3.6.51	1.8.0_472-b09
R0680	GBP/USD	1735333200000	1735336800000	retrieval_error_hour	getTicks	1	success	not_applicable	3503	1735333200211	1.25801	1735336796177	1.25714	0	0	bb796dc3697b82b6e99f567e01bb40176479f170b739c3d63302999a096e9644	2026-09-08T14:57:51.371Z		2.13.99	3.6.51	1.8.0_472-b09
R0680	GBP/USD	1735333200000	1735336800000	retrieval_error_hour	readTicks	1	success	true	3503	1735333200211	1.25801	1735336796177	1.25714	0	0	bb796dc3697b82b6e99f567e01bb40176479f170b739c3d63302999a096e9644	2026-09-08T14:57:51.378Z		2.13.99	3.6.51	1.8.0_472-b09
R0680	GBP/USD	1735333200000	1735336800000	retrieval_error_hour	getBars	1	success	not_applicable	60	1735333200000	1.25801	1735336740000	1.25733	1	0	5941cb2a16cccf5d6605b1ca66054a93d63f3b569bb1b8c5bfe59a7042258686	2026-09-08T14:57:51.690Z		2.13.99	3.6.51	1.8.0_472-b09
R0681	GBP/USD	1735336800000	1735340400000	retrieval_error_hour	getTicks	1	success	not_applicable	0					0	0	e3b0c44298fc1c149afbf4c8996fb92427ae41e4649b934ca495991b7852b855	2026-09-08T14:57:52.160Z		2.13.99	3.6.51	1.8.0_472-b09
R0681	GBP/USD	1735336800000	1735340400000	retrieval_error_hour	readTicks	1	success	true	0					0	0	e3b0c44298fc1c149afbf4c8996fb92427ae41e4649b934ca495991b7852b855	2026-09-08T14:57:52.161Z		2.13.99	3.6.51	1.8.0_472-b09
R0681	GBP/USD	1735336800000	1735340400000	retrieval_error_hour	getBars	1	success	not_applicable	60	1735336800000	1.25714	1735340340000	1.25714	1	0	97396b1ae9c4fc2040268329587f1aef4db1c434c311ef7c2b1db834b6cde1be	2026-09-08T14:57:52.161Z		2.13.99	3.6.51	1.8.0_472-b09
R0682	GBP/USD	1735351200000	1735354800000	retrieval_error_hour	getTicks	1	success	not_applicable	0					0	0	e3b0c44298fc1c149afbf4c8996fb92427ae41e4649b934ca495991b7852b855	2026-09-08T14:57:52.854Z		2.13.99	3.6.51	1.8.0_472-b09
R0682	GBP/USD	1735351200000	1735354800000	retrieval_error_hour	readTicks	1	success	true	0					0	0	e3b0c44298fc1c149afbf4c8996fb92427ae41e4649b934ca495991b7852b855	2026-09-08T14:57:52.854Z		2.13.99	3.6.51	1.8.0_472-b09
R0682	GBP/USD	1735351200000	1735354800000	retrieval_error_hour	getBars	1	success	not_applicable	60	1735351200000	1.25714	1735354740000	1.25714	1	0	dc3f48cf7ef0ba8d4dd0257e01666eeefe4b6158b87449c6cd53ea9050bb1258	2026-09-08T14:57:53.175Z		2.13.99	3.6.51	1.8.0_472-b09
R0683	GBP/USD	1735376400000	1735380000000	retrieval_error_hour	getTicks	1	success	not_applicable	0					0	0	e3b0c44298fc1c149afbf4c8996fb92427ae41e4649b934ca495991b7852b855	2026-09-08T14:58:35.273Z		2.13.99	3.6.51	1.8.0_472-b09
R0683	GBP/USD	1735376400000	1735380000000	retrieval_error_hour	readTicks	1	success	true	0					0	0	e3b0c44298fc1c149afbf4c8996fb92427ae41e4649b934ca495991b7852b855	2026-09-08T14:58:35.273Z		2.13.99	3.6.51	1.8.0_472-b09
R0683	GBP/USD	1735376400000	1735380000000	retrieval_error_hour	getBars	1	success	not_applicable	60	1735376400000	1.25714	1735379940000	1.25714	1	0	871bac0b3e3893ac35915dd05201a7d6f1429ed7bc788b0324d58905521e8e67	2026-09-08T14:58:35.274Z		2.13.99	3.6.51	1.8.0_472-b09
R0684	GBP/USD	1735383600000	1735387200000	retrieval_error_hour	getTicks	1	success	not_applicable	0					0	0	e3b0c44298fc1c149afbf4c8996fb92427ae41e4649b934ca495991b7852b855	2026-09-08T14:59:03.879Z		2.13.99	3.6.51	1.8.0_472-b09
R0684	GBP/USD	1735383600000	1735387200000	retrieval_error_hour	readTicks	1	success	true	0					0	0	e3b0c44298fc1c149afbf4c8996fb92427ae41e4649b934ca495991b7852b855	2026-09-08T14:59:03.879Z		2.13.99	3.6.51	1.8.0_472-b09
R0684	GBP/USD	1735383600000	1735387200000	retrieval_error_hour	getBars	1	success	not_applicable	60	1735383600000	1.25714	1735387140000	1.25714	1	0	8bb3f1a0c92ff3a94dca39aa450bd9e2cc5d72aec417855d8d4c78cf5badaf85	2026-09-08T14:59:03.881Z		2.13.99	3.6.51	1.8.0_472-b09
R0685	GBP/USD	1735398000000	1735401600000	retrieval_error_hour	getTicks	1	success	not_applicable	0					0	0	e3b0c44298fc1c149afbf4c8996fb92427ae41e4649b934ca495991b7852b855	2026-09-08T14:59:04.456Z		2.13.99	3.6.51	1.8.0_472-b09
R0685	GBP/USD	1735398000000	1735401600000	retrieval_error_hour	readTicks	1	success	true	0					0	0	e3b0c44298fc1c149afbf4c8996fb92427ae41e4649b934ca495991b7852b855	2026-09-08T14:59:04.457Z		2.13.99	3.6.51	1.8.0_472-b09
R0685	GBP/USD	1735398000000	1735401600000	retrieval_error_hour	getBars	1	success	not_applicable	60	1735398000000	1.25714	1735401540000	1.25714	1	0	a3b2de6dd49fd9d07dfda1b716eaa480fa8b80bb3e19a469a7958216a26d0c84	2026-09-08T14:59:04.457Z		2.13.99	3.6.51	1.8.0_472-b09
R0686	GBP/USD	1735412400000	1735416000000	retrieval_error_hour	getTicks	1	success	not_applicable	0					0	0	e3b0c44298fc1c149afbf4c8996fb92427ae41e4649b934ca495991b7852b855	2026-09-08T14:59:04.919Z		2.13.99	3.6.51	1.8.0_472-b09
R0686	GBP/USD	1735412400000	1735416000000	retrieval_error_hour	readTicks	1	success	true	0					0	0	e3b0c44298fc1c149afbf4c8996fb92427ae41e4649b934ca495991b7852b855	2026-09-08T14:59:04.920Z		2.13.99	3.6.51	1.8.0_472-b09
R0686	GBP/USD	1735412400000	1735416000000	retrieval_error_hour	getBars	1	success	not_applicable	60	1735412400000	1.25714	1735415940000	1.25714	1	0	97cca3dc968b0ccb580cc43d908273d6b56d5501c46ee781b3039b19c7b72df1	2026-09-08T14:59:04.920Z		2.13.99	3.6.51	1.8.0_472-b09
R0687	USD/JPY	1482778800000	1482782400000	retrieval_error_hour	getTicks	1	success	not_applicable	2484	1482778800256	117.112	1482782339358	117.055	0	0	70ff38f5a085aa3b73fd3e42a7d2b908d4a5c338a83833d9a9ff99a457c36acd	2026-09-08T14:59:05.863Z		2.13.99	3.6.51	1.8.0_472-b09
R0687	USD/JPY	1482778800000	1482782400000	retrieval_error_hour	readTicks	1	success	true	2484	1482778800256	117.112	1482782339358	117.055	0	0	70ff38f5a085aa3b73fd3e42a7d2b908d4a5c338a83833d9a9ff99a457c36acd	2026-09-08T14:59:05.867Z		2.13.99	3.6.51	1.8.0_472-b09
R0687	USD/JPY	1482778800000	1482782400000	retrieval_error_hour	getBars	1	success	not_applicable	60	1482778800000	117.112	1482782340000	117.055	1	0	df51b38a9c077db1851f71813daa5a17937ecf1592c9f6d910a0cb405c5f6b27	2026-09-08T14:59:06.460Z		2.13.99	3.6.51	1.8.0_472-b09
R0688	USD/JPY	1588442400000	1588446000000	retrieval_error_hour	getTicks	1	success	not_applicable	0					0	0	e3b0c44298fc1c149afbf4c8996fb92427ae41e4649b934ca495991b7852b855	2026-09-08T14:59:06.985Z		2.13.99	3.6.51	1.8.0_472-b09
R0688	USD/JPY	1588442400000	1588446000000	retrieval_error_hour	readTicks	1	success	true	0					0	0	e3b0c44298fc1c149afbf4c8996fb92427ae41e4649b934ca495991b7852b855	2026-09-08T14:59:06.986Z		2.13.99	3.6.51	1.8.0_472-b09
R0688	USD/JPY	1588442400000	1588446000000	retrieval_error_hour	getBars	1	success	not_applicable	60	1588442400000	106.871	1588445940000	106.871	1	0	eb99871b427083065de4e5bf34bc1b962400ab48d5ec213b20c1a98522e6d23e	2026-09-08T14:59:07.241Z		2.13.99	3.6.51	1.8.0_472-b09
R0689	USD/JPY	1592071200000	1592074800000	retrieval_error_hour	getTicks	1	success	not_applicable	0					0	0	e3b0c44298fc1c149afbf4c8996fb92427ae41e4649b934ca495991b7852b855	2026-09-08T14:59:07.738Z		2.13.99	3.6.51	1.8.0_472-b09
R0689	USD/JPY	1592071200000	1592074800000	retrieval_error_hour	readTicks	1	success	true	0					0	0	e3b0c44298fc1c149afbf4c8996fb92427ae41e4649b934ca495991b7852b855	2026-09-08T14:59:07.738Z		2.13.99	3.6.51	1.8.0_472-b09
R0689	USD/JPY	1592071200000	1592074800000	retrieval_error_hour	getBars	1	success	not_applicable	60	1592071200000	107.379	1592074740000	107.379	1	0	91d3964391157afa46c7e9ad5328d8dbd8466fe7200baa88f692e389482f652b	2026-09-08T14:59:08.112Z		2.13.99	3.6.51	1.8.0_472-b09
R0690	USD/JPY	1624060800000	1624064400000	retrieval_error_hour	getTicks	1	success	not_applicable	0					0	0	e3b0c44298fc1c149afbf4c8996fb92427ae41e4649b934ca495991b7852b855	2026-09-08T14:59:08.760Z		2.13.99	3.6.51	1.8.0_472-b09
R0690	USD/JPY	1624060800000	1624064400000	retrieval_error_hour	readTicks	1	success	true	0					0	0	e3b0c44298fc1c149afbf4c8996fb92427ae41e4649b934ca495991b7852b855	2026-09-08T14:59:08.760Z		2.13.99	3.6.51	1.8.0_472-b09
R0690	USD/JPY	1624060800000	1624064400000	retrieval_error_hour	getBars	1	success	not_applicable	60	1624060800000	110.137	1624064340000	110.137	1	0	4088a72520caadc6d31bed95f491a11089352569ef73a8c74013c7b15ea8b3ef	2026-09-08T14:59:09.089Z		2.13.99	3.6.51	1.8.0_472-b09
R0691	USD/JPY	1629586800000	1629590400000	retrieval_error_hour	getTicks	1	success	not_applicable	0					0	0	e3b0c44298fc1c149afbf4c8996fb92427ae41e4649b934ca495991b7852b855	2026-09-08T14:59:10.530Z		2.13.99	3.6.51	1.8.0_472-b09
R0691	USD/JPY	1629586800000	1629590400000	retrieval_error_hour	readTicks	1	success	true	0					0	0	e3b0c44298fc1c149afbf4c8996fb92427ae41e4649b934ca495991b7852b855	2026-09-08T14:59:10.531Z		2.13.99	3.6.51	1.8.0_472-b09
R0691	USD/JPY	1629586800000	1629590400000	retrieval_error_hour	getBars	1	success	not_applicable	60	1629586800000	109.7	1629590340000	109.7	1	0	547ab6a48063944339045556e3fc3300c271b1e59dab9c91848f9084d5652474	2026-09-08T14:59:11.216Z		2.13.99	3.6.51	1.8.0_472-b09
R0692	USD/JPY	1640516400000	1640520000000	retrieval_error_hour	getTicks	1	success	not_applicable	0					0	0	e3b0c44298fc1c149afbf4c8996fb92427ae41e4649b934ca495991b7852b855	2026-09-08T14:59:11.957Z		2.13.99	3.6.51	1.8.0_472-b09
R0692	USD/JPY	1640516400000	1640520000000	retrieval_error_hour	readTicks	1	success	true	0					0	0	e3b0c44298fc1c149afbf4c8996fb92427ae41e4649b934ca495991b7852b855	2026-09-08T14:59:11.958Z		2.13.99	3.6.51	1.8.0_472-b09
R0692	USD/JPY	1640516400000	1640520000000	retrieval_error_hour	getBars	1	success	not_applicable	60	1640516400000	114.274	1640519940000	114.274	1	0	08065c87a08b35084934c5a6c959cbcbaf09b35a68fa967bcb3aa742df1bb286	2026-09-08T14:59:12.434Z		2.13.99	3.6.51	1.8.0_472-b09
R0693	USD/JPY	1650700800000	1650704400000	retrieval_error_hour	getTicks	1	success	not_applicable	0					0	0	e3b0c44298fc1c149afbf4c8996fb92427ae41e4649b934ca495991b7852b855	2026-09-08T14:59:13.087Z		2.13.99	3.6.51	1.8.0_472-b09
R0693	USD/JPY	1650700800000	1650704400000	retrieval_error_hour	readTicks	1	success	true	0					0	0	e3b0c44298fc1c149afbf4c8996fb92427ae41e4649b934ca495991b7852b855	2026-09-08T14:59:13.087Z		2.13.99	3.6.51	1.8.0_472-b09
R0693	USD/JPY	1650700800000	1650704400000	retrieval_error_hour	getBars	1	success	not_applicable	60	1650700800000	128.449	1650704340000	128.449	1	0	980a4d283c0893a07107f60c1c82202f8aff0b630ad3e8db4c3aee6ff1829af6	2026-09-08T14:59:13.425Z		2.13.99	3.6.51	1.8.0_472-b09
R0694	USD/JPY	1659787200000	1659790800000	retrieval_error_hour	getTicks	1	success	not_applicable	0					0	0	e3b0c44298fc1c149afbf4c8996fb92427ae41e4649b934ca495991b7852b855	2026-09-08T14:59:13.969Z		2.13.99	3.6.51	1.8.0_472-b09
R0694	USD/JPY	1659787200000	1659790800000	retrieval_error_hour	readTicks	1	success	true	0					0	0	e3b0c44298fc1c149afbf4c8996fb92427ae41e4649b934ca495991b7852b855	2026-09-08T14:59:13.970Z		2.13.99	3.6.51	1.8.0_472-b09
R0694	USD/JPY	1659787200000	1659790800000	retrieval_error_hour	getBars	1	success	not_applicable	60	1659787200000	134.953	1659790740000	134.953	1	0	e2850109580e0c1f3707f91d46852682db6d05306d76dfcfcb03232618f7a60e	2026-09-08T14:59:14.211Z		2.13.99	3.6.51	1.8.0_472-b09
R0695	USD/JPY	1659866400000	1659870000000	retrieval_error_hour	getTicks	1	success	not_applicable	0					0	0	e3b0c44298fc1c149afbf4c8996fb92427ae41e4649b934ca495991b7852b855	2026-09-08T14:59:14.742Z		2.13.99	3.6.51	1.8.0_472-b09
R0695	USD/JPY	1659866400000	1659870000000	retrieval_error_hour	readTicks	1	success	true	0					0	0	e3b0c44298fc1c149afbf4c8996fb92427ae41e4649b934ca495991b7852b855	2026-09-08T14:59:14.742Z		2.13.99	3.6.51	1.8.0_472-b09
R0695	USD/JPY	1659866400000	1659870000000	retrieval_error_hour	getBars	1	success	not_applicable	60	1659866400000	134.953	1659869940000	134.953	1	0	3a1a64b5258221743b280c37a32d069259d2d0eb9ea7e5920cc6be942f409b11	2026-09-08T14:59:15.037Z		2.13.99	3.6.51	1.8.0_472-b09
R0696	USD/JPY	1659884400000	1659888000000	retrieval_error_hour	getTicks	1	success	not_applicable	0					0	0	e3b0c44298fc1c149afbf4c8996fb92427ae41e4649b934ca495991b7852b855	2026-09-08T14:59:15.580Z		2.13.99	3.6.51	1.8.0_472-b09
R0696	USD/JPY	1659884400000	1659888000000	retrieval_error_hour	readTicks	1	success	true	0					0	0	e3b0c44298fc1c149afbf4c8996fb92427ae41e4649b934ca495991b7852b855	2026-09-08T14:59:15.581Z		2.13.99	3.6.51	1.8.0_472-b09
R0696	USD/JPY	1659884400000	1659888000000	retrieval_error_hour	getBars	1	success	not_applicable	60	1659884400000	134.953	1659887940000	134.953	1	0	5cfc254db0400d80febab718e1438c6efcdebef84dcf160365b654cc4f86f0b8	2026-09-08T14:59:15.581Z		2.13.99	3.6.51	1.8.0_472-b09
R0697	USD/JPY	1660453200000	1660456800000	retrieval_error_hour	getTicks	1	success	not_applicable	0					0	0	e3b0c44298fc1c149afbf4c8996fb92427ae41e4649b934ca495991b7852b855	2026-09-08T14:59:16.322Z		2.13.99	3.6.51	1.8.0_472-b09
R0697	USD/JPY	1660453200000	1660456800000	retrieval_error_hour	readTicks	1	success	true	0					0	0	e3b0c44298fc1c149afbf4c8996fb92427ae41e4649b934ca495991b7852b855	2026-09-08T14:59:16.322Z		2.13.99	3.6.51	1.8.0_472-b09
R0697	USD/JPY	1660453200000	1660456800000	retrieval_error_hour	getBars	1	success	not_applicable	60	1660453200000	133.388	1660456740000	133.388	1	0	61a6f89cb6ca804199d773ff5c0ee868e884663569407c676a92a54438ba2ada	2026-09-08T14:59:16.660Z		2.13.99	3.6.51	1.8.0_472-b09
R0698	USD/JPY	1660489200000	1660492800000	retrieval_error_hour	getTicks	1	success	not_applicable	0					0	0	e3b0c44298fc1c149afbf4c8996fb92427ae41e4649b934ca495991b7852b855	2026-09-08T14:59:17.598Z		2.13.99	3.6.51	1.8.0_472-b09
R0698	USD/JPY	1660489200000	1660492800000	retrieval_error_hour	readTicks	1	success	true	0					0	0	e3b0c44298fc1c149afbf4c8996fb92427ae41e4649b934ca495991b7852b855	2026-09-08T14:59:17.599Z		2.13.99	3.6.51	1.8.0_472-b09
R0698	USD/JPY	1660489200000	1660492800000	retrieval_error_hour	getBars	1	success	not_applicable	60	1660489200000	133.388	1660492740000	133.388	1	0	f36af558bb3c2e98d0a8a0932e713235e3aa78bf67ac70ba8141fd702bd520e8	2026-09-08T14:59:17.599Z		2.13.99	3.6.51	1.8.0_472-b09
R0699	USD/JPY	1660500000000	1660503600000	retrieval_error_hour	getTicks	1	success	not_applicable	0					0	0	e3b0c44298fc1c149afbf4c8996fb92427ae41e4649b934ca495991b7852b855	2026-09-08T14:59:18.061Z		2.13.99	3.6.51	1.8.0_472-b09
R0699	USD/JPY	1660500000000	1660503600000	retrieval_error_hour	readTicks	1	success	true	0					0	0	e3b0c44298fc1c149afbf4c8996fb92427ae41e4649b934ca495991b7852b855	2026-09-08T14:59:18.062Z		2.13.99	3.6.51	1.8.0_472-b09
R0699	USD/JPY	1660500000000	1660503600000	retrieval_error_hour	getBars	1	success	not_applicable	60	1660500000000	133.388	1660503540000	133.388	1	0	999f36c7773e7943086fed7d7efadb5482c652e1a48c654876e55416bd4d71b4	2026-09-08T14:59:18.062Z		2.13.99	3.6.51	1.8.0_472-b09
R0700	USD/JPY	1665309600000	1665313200000	retrieval_error_hour	getTicks	1	success	not_applicable	0					0	0	e3b0c44298fc1c149afbf4c8996fb92427ae41e4649b934ca495991b7852b855	2026-09-08T14:59:18.641Z		2.13.99	3.6.51	1.8.0_472-b09
R0700	USD/JPY	1665309600000	1665313200000	retrieval_error_hour	readTicks	1	success	true	0					0	0	e3b0c44298fc1c149afbf4c8996fb92427ae41e4649b934ca495991b7852b855	2026-09-08T14:59:18.641Z		2.13.99	3.6.51	1.8.0_472-b09
R0700	USD/JPY	1665309600000	1665313200000	retrieval_error_hour	getBars	1	success	not_applicable	60	1665309600000	145.218	1665313140000	145.218	1	0	a74924f9bce2d986a76c5e25b1f0d5cffad3341c7206a05985564e7b4c28147c	2026-09-08T14:59:19.161Z		2.13.99	3.6.51	1.8.0_472-b09
R0701	USD/JPY	1665334800000	1665338400000	retrieval_error_hour	getTicks	1	success	not_applicable	0					0	0	e3b0c44298fc1c149afbf4c8996fb92427ae41e4649b934ca495991b7852b855	2026-09-08T14:59:19.780Z		2.13.99	3.6.51	1.8.0_472-b09
R0701	USD/JPY	1665334800000	1665338400000	retrieval_error_hour	readTicks	1	success	true	0					0	0	e3b0c44298fc1c149afbf4c8996fb92427ae41e4649b934ca495991b7852b855	2026-09-08T14:59:19.781Z		2.13.99	3.6.51	1.8.0_472-b09
R0701	USD/JPY	1665334800000	1665338400000	retrieval_error_hour	getBars	1	success	not_applicable	60	1665334800000	145.218	1665338340000	145.218	1	0	5af7496bb11876c18bf2c351b2199bf215926775f736a1540844f986f8acbb89	2026-09-08T14:59:19.781Z		2.13.99	3.6.51	1.8.0_472-b09
R0702	USD/JPY	1671829200000	1671832800000	retrieval_error_hour	getTicks	1	success	not_applicable	2634	1671829200117	132.879	1671832797136	132.872	0	0	4b70081e81b4abe0e001944784f87c75943abd83463aaf527e93ab1875b3038a	2026-09-08T14:59:20.819Z		2.13.99	3.6.51	1.8.0_472-b09
R0702	USD/JPY	1671829200000	1671832800000	retrieval_error_hour	readTicks	1	success	true	2634	1671829200117	132.879	1671832797136	132.872	0	0	4b70081e81b4abe0e001944784f87c75943abd83463aaf527e93ab1875b3038a	2026-09-08T14:59:20.825Z		2.13.99	3.6.51	1.8.0_472-b09
R0702	USD/JPY	1671829200000	1671832800000	retrieval_error_hour	getBars	1	success	not_applicable	60	1671829200000	132.879	1671832740000	132.814	1	0	d2236ecffd550f39f688522ea888d95c39c9cb9934b89fdc67c09ea8767ec99e	2026-09-08T14:59:21.689Z		2.13.99	3.6.51	1.8.0_472-b09
R0703	USD/JPY	1671850800000	1671854400000	retrieval_error_hour	getTicks	1	success	not_applicable	0					0	0	e3b0c44298fc1c149afbf4c8996fb92427ae41e4649b934ca495991b7852b855	2026-09-08T14:59:22.447Z		2.13.99	3.6.51	1.8.0_472-b09
R0703	USD/JPY	1671850800000	1671854400000	retrieval_error_hour	readTicks	1	success	true	0					0	0	e3b0c44298fc1c149afbf4c8996fb92427ae41e4649b934ca495991b7852b855	2026-09-08T14:59:22.447Z		2.13.99	3.6.51	1.8.0_472-b09
R0703	USD/JPY	1671850800000	1671854400000	retrieval_error_hour	getBars	1	success	not_applicable	60	1671850800000	132.872	1671854340000	132.872	1	0	b0bb595819fbc21fec90a0743a1ac90453429f7ca97c601461ed451f07482e39	2026-09-08T14:59:23.357Z		2.13.99	3.6.51	1.8.0_472-b09
R0704	USD/JPY	1671904800000	1671908400000	retrieval_error_hour	getTicks	1	success	not_applicable	0					0	0	e3b0c44298fc1c149afbf4c8996fb92427ae41e4649b934ca495991b7852b855	2026-09-08T14:59:24.284Z		2.13.99	3.6.51	1.8.0_472-b09
R0704	USD/JPY	1671904800000	1671908400000	retrieval_error_hour	readTicks	1	success	true	0					0	0	e3b0c44298fc1c149afbf4c8996fb92427ae41e4649b934ca495991b7852b855	2026-09-08T14:59:24.285Z		2.13.99	3.6.51	1.8.0_472-b09
R0704	USD/JPY	1671904800000	1671908400000	retrieval_error_hour	getBars	1	success	not_applicable	60	1671904800000	132.872	1671908340000	132.872	1	0	2823079f9e2a89bfb65f7b7b707e62dad9732f72122ecc3569295d40f52cb5ea	2026-09-08T14:59:24.285Z		2.13.99	3.6.51	1.8.0_472-b09
R0705	USD/JPY	1679220000000	1679223600000	retrieval_error_hour	getTicks	1	success	not_applicable	0					0	0	e3b0c44298fc1c149afbf4c8996fb92427ae41e4649b934ca495991b7852b855	2026-09-08T14:59:24.950Z		2.13.99	3.6.51	1.8.0_472-b09
R0705	USD/JPY	1679220000000	1679223600000	retrieval_error_hour	readTicks	1	success	true	0					0	0	e3b0c44298fc1c149afbf4c8996fb92427ae41e4649b934ca495991b7852b855	2026-09-08T14:59:24.950Z		2.13.99	3.6.51	1.8.0_472-b09
R0705	USD/JPY	1679220000000	1679223600000	retrieval_error_hour	getBars	1	success	not_applicable	60	1679220000000	131.803	1679223540000	131.803	1	0	763cddd1469914c5956a8bc709b45851ec22d1f54950e521781193adddb1c502	2026-09-08T14:59:25.443Z		2.13.99	3.6.51	1.8.0_472-b09
R0706	USD/JPY	1679223600000	1679227200000	retrieval_error_hour	getTicks	1	success	not_applicable	0					0	0	e3b0c44298fc1c149afbf4c8996fb92427ae41e4649b934ca495991b7852b855	2026-09-08T14:59:25.698Z		2.13.99	3.6.51	1.8.0_472-b09
R0706	USD/JPY	1679223600000	1679227200000	retrieval_error_hour	readTicks	1	success	true	0					0	0	e3b0c44298fc1c149afbf4c8996fb92427ae41e4649b934ca495991b7852b855	2026-09-08T14:59:25.699Z		2.13.99	3.6.51	1.8.0_472-b09
R0706	USD/JPY	1679223600000	1679227200000	retrieval_error_hour	getBars	1	success	not_applicable	60	1679223600000	131.803	1679227140000	131.803	1	0	38583fe7a9fccef8b0380857ec352bfb75e4bf9c16bac4ce2e269b445147d40c	2026-09-08T14:59:25.700Z		2.13.99	3.6.51	1.8.0_472-b09
R0707	USD/JPY	1682744400000	1682748000000	retrieval_error_hour	getTicks	1	success	not_applicable	0					0	0	e3b0c44298fc1c149afbf4c8996fb92427ae41e4649b934ca495991b7852b855	2026-09-08T14:59:26.370Z		2.13.99	3.6.51	1.8.0_472-b09
R0707	USD/JPY	1682744400000	1682748000000	retrieval_error_hour	readTicks	1	success	true	0					0	0	e3b0c44298fc1c149afbf4c8996fb92427ae41e4649b934ca495991b7852b855	2026-09-08T14:59:26.370Z		2.13.99	3.6.51	1.8.0_472-b09
R0707	USD/JPY	1682744400000	1682748000000	retrieval_error_hour	getBars	1	success	not_applicable	60	1682744400000	136.243	1682747940000	136.243	1	0	a31e4818323b44af6f3892a9536ff369d134afc6f1b5affbd54b6c5debe562df	2026-09-08T14:59:26.830Z		2.13.99	3.6.51	1.8.0_472-b09
R0708	USD/JPY	1682838000000	1682841600000	retrieval_error_hour	getTicks	1	success	not_applicable	0					0	0	e3b0c44298fc1c149afbf4c8996fb92427ae41e4649b934ca495991b7852b855	2026-09-08T14:59:27.342Z		2.13.99	3.6.51	1.8.0_472-b09
R0708	USD/JPY	1682838000000	1682841600000	retrieval_error_hour	readTicks	1	success	true	0					0	0	e3b0c44298fc1c149afbf4c8996fb92427ae41e4649b934ca495991b7852b855	2026-09-08T14:59:27.342Z		2.13.99	3.6.51	1.8.0_472-b09
R0708	USD/JPY	1682838000000	1682841600000	retrieval_error_hour	getBars	1	success	not_applicable	60	1682838000000	136.243	1682841540000	136.243	1	0	82bcc191222185a89f12798e327fdf21e698cb15bbc225a670a30628be48c449	2026-09-08T14:59:27.584Z		2.13.99	3.6.51	1.8.0_472-b09
R0709	USD/JPY	1686344400000	1686348000000	retrieval_error_hour	getTicks	1	success	not_applicable	0					0	0	e3b0c44298fc1c149afbf4c8996fb92427ae41e4649b934ca495991b7852b855	2026-09-08T14:59:28.073Z		2.13.99	3.6.51	1.8.0_472-b09
R0709	USD/JPY	1686344400000	1686348000000	retrieval_error_hour	readTicks	1	success	true	0					0	0	e3b0c44298fc1c149afbf4c8996fb92427ae41e4649b934ca495991b7852b855	2026-09-08T14:59:28.074Z		2.13.99	3.6.51	1.8.0_472-b09
R0709	USD/JPY	1686344400000	1686348000000	retrieval_error_hour	getBars	1	success	not_applicable	60	1686344400000	139.341	1686347940000	139.341	1	0	1531018cbd25408b2932629cf3686095f830349fcebf8d853c639bf8faf25fdb	2026-09-08T14:59:28.766Z		2.13.99	3.6.51	1.8.0_472-b09
R0710	USD/JPY	1686405600000	1686409200000	retrieval_error_hour	getTicks	1	success	not_applicable	0					0	0	e3b0c44298fc1c149afbf4c8996fb92427ae41e4649b934ca495991b7852b855	2026-09-08T14:59:29.286Z		2.13.99	3.6.51	1.8.0_472-b09
R0710	USD/JPY	1686405600000	1686409200000	retrieval_error_hour	readTicks	1	success	true	0					0	0	e3b0c44298fc1c149afbf4c8996fb92427ae41e4649b934ca495991b7852b855	2026-09-08T14:59:29.286Z		2.13.99	3.6.51	1.8.0_472-b09
R0710	USD/JPY	1686405600000	1686409200000	retrieval_error_hour	getBars	1	success	not_applicable	60	1686405600000	139.341	1686409140000	139.341	1	0	4c8c350503c1c6657dbfd5164edfaa94d8dd6c1bf472e6b06ed934123aaeca90	2026-09-08T14:59:29.520Z		2.13.99	3.6.51	1.8.0_472-b09
R0711	USD/JPY	1686434400000	1686438000000	retrieval_error_hour	getTicks	1	success	not_applicable	0					0	0	e3b0c44298fc1c149afbf4c8996fb92427ae41e4649b934ca495991b7852b855	2026-09-08T14:59:29.977Z		2.13.99	3.6.51	1.8.0_472-b09
R0711	USD/JPY	1686434400000	1686438000000	retrieval_error_hour	readTicks	1	success	true	0					0	0	e3b0c44298fc1c149afbf4c8996fb92427ae41e4649b934ca495991b7852b855	2026-09-08T14:59:29.978Z		2.13.99	3.6.51	1.8.0_472-b09
R0711	USD/JPY	1686434400000	1686438000000	retrieval_error_hour	getBars	1	success	not_applicable	60	1686434400000	139.341	1686437940000	139.341	1	0	0d842c0a6b2229838da1c6507ec4c14f05bbc25606821ec0368aa07777541976	2026-09-08T14:59:29.978Z		2.13.99	3.6.51	1.8.0_472-b09
R0712	USD/JPY	1686452400000	1686456000000	retrieval_error_hour	getTicks	1	success	not_applicable	0					0	0	e3b0c44298fc1c149afbf4c8996fb92427ae41e4649b934ca495991b7852b855	2026-09-08T14:59:30.523Z		2.13.99	3.6.51	1.8.0_472-b09
R0712	USD/JPY	1686452400000	1686456000000	retrieval_error_hour	readTicks	1	success	true	0					0	0	e3b0c44298fc1c149afbf4c8996fb92427ae41e4649b934ca495991b7852b855	2026-09-08T14:59:30.523Z		2.13.99	3.6.51	1.8.0_472-b09
R0712	USD/JPY	1686452400000	1686456000000	retrieval_error_hour	getBars	1	success	not_applicable	60	1686452400000	139.341	1686455940000	139.341	1	0	5eb4393b53100c812ec4cced188c1d997586657e35fa6a83ec1a45d2b24b0e07	2026-09-08T14:59:30.803Z		2.13.99	3.6.51	1.8.0_472-b09
R0713	USD/JPY	1686495600000	1686499200000	retrieval_error_hour	getTicks	1	success	not_applicable	0					0	0	e3b0c44298fc1c149afbf4c8996fb92427ae41e4649b934ca495991b7852b855	2026-09-08T14:59:31.262Z		2.13.99	3.6.51	1.8.0_472-b09
R0713	USD/JPY	1686495600000	1686499200000	retrieval_error_hour	readTicks	1	success	true	0					0	0	e3b0c44298fc1c149afbf4c8996fb92427ae41e4649b934ca495991b7852b855	2026-09-08T14:59:31.262Z		2.13.99	3.6.51	1.8.0_472-b09
R0713	USD/JPY	1686495600000	1686499200000	retrieval_error_hour	getBars	1	success	not_applicable	60	1686495600000	139.341	1686499140000	139.341	1	0	19eaf567ede5c68297af92f245d48cbe57ab28db11ce9ee94f8c3badb710ce4e	2026-09-08T14:59:31.262Z		2.13.99	3.6.51	1.8.0_472-b09
R0714	USD/JPY	1686960000000	1686963600000	retrieval_error_hour	getTicks	1	success	not_applicable	0					0	0	e3b0c44298fc1c149afbf4c8996fb92427ae41e4649b934ca495991b7852b855	2026-09-08T14:59:31.821Z		2.13.99	3.6.51	1.8.0_472-b09
R0714	USD/JPY	1686960000000	1686963600000	retrieval_error_hour	readTicks	1	success	true	0					0	0	e3b0c44298fc1c149afbf4c8996fb92427ae41e4649b934ca495991b7852b855	2026-09-08T14:59:31.821Z		2.13.99	3.6.51	1.8.0_472-b09
R0714	USD/JPY	1686960000000	1686963600000	retrieval_error_hour	getBars	1	success	not_applicable	60	1686960000000	141.795	1686963540000	141.795	1	0	49197e089c74ece4b06613157deda7f59c72227ef0efe939b4bae116e44740ba	2026-09-08T14:59:32.075Z		2.13.99	3.6.51	1.8.0_472-b09
R0715	USD/JPY	1687006800000	1687010400000	retrieval_error_hour	getTicks	1	success	not_applicable	0					0	0	e3b0c44298fc1c149afbf4c8996fb92427ae41e4649b934ca495991b7852b855	2026-09-08T14:59:32.547Z		2.13.99	3.6.51	1.8.0_472-b09
R0715	USD/JPY	1687006800000	1687010400000	retrieval_error_hour	readTicks	1	success	true	0					0	0	e3b0c44298fc1c149afbf4c8996fb92427ae41e4649b934ca495991b7852b855	2026-09-08T14:59:32.547Z		2.13.99	3.6.51	1.8.0_472-b09
R0715	USD/JPY	1687006800000	1687010400000	retrieval_error_hour	getBars	1	success	not_applicable	60	1687006800000	141.795	1687010340000	141.795	1	0	eee062437803699e277d2393a3a2a88631c627e102a959c941255c051d5d6f8f	2026-09-08T14:59:32.547Z		2.13.99	3.6.51	1.8.0_472-b09
R0716	USD/JPY	1687100400000	1687104000000	retrieval_error_hour	getTicks	1	success	not_applicable	0					0	0	e3b0c44298fc1c149afbf4c8996fb92427ae41e4649b934ca495991b7852b855	2026-09-08T14:59:33.147Z		2.13.99	3.6.51	1.8.0_472-b09
R0716	USD/JPY	1687100400000	1687104000000	retrieval_error_hour	readTicks	1	success	true	0					0	0	e3b0c44298fc1c149afbf4c8996fb92427ae41e4649b934ca495991b7852b855	2026-09-08T14:59:33.147Z		2.13.99	3.6.51	1.8.0_472-b09
R0716	USD/JPY	1687100400000	1687104000000	retrieval_error_hour	getBars	1	success	not_applicable	60	1687100400000	141.795	1687103940000	141.795	1	0	bdf9624065560bae73e879deff5fb7634ce604d886d370b9b664d08c60fe86a1	2026-09-08T14:59:33.486Z		2.13.99	3.6.51	1.8.0_472-b09
R0717	USD/JPY	1688299200000	1688302800000	retrieval_error_hour	getTicks	1	success	not_applicable	0					0	0	e3b0c44298fc1c149afbf4c8996fb92427ae41e4649b934ca495991b7852b855	2026-09-08T14:59:33.997Z		2.13.99	3.6.51	1.8.0_472-b09
R0717	USD/JPY	1688299200000	1688302800000	retrieval_error_hour	readTicks	1	success	true	0					0	0	e3b0c44298fc1c149afbf4c8996fb92427ae41e4649b934ca495991b7852b855	2026-09-08T14:59:33.997Z		2.13.99	3.6.51	1.8.0_472-b09
R0717	USD/JPY	1688299200000	1688302800000	retrieval_error_hour	getBars	1	success	not_applicable	60	1688299200000	144.223	1688302740000	144.223	1	0	9095a80e2aa9834df9169fed720dd22487da8835a17d90036e0627ab5780e7c6	2026-09-08T14:59:34.381Z		2.13.99	3.6.51	1.8.0_472-b09
R0718	USD/JPY	1688850000000	1688853600000	retrieval_error_hour	getTicks	1	success	not_applicable	0					0	0	e3b0c44298fc1c149afbf4c8996fb92427ae41e4649b934ca495991b7852b855	2026-09-08T14:59:34.952Z		2.13.99	3.6.51	1.8.0_472-b09
R0718	USD/JPY	1688850000000	1688853600000	retrieval_error_hour	readTicks	1	success	true	0					0	0	e3b0c44298fc1c149afbf4c8996fb92427ae41e4649b934ca495991b7852b855	2026-09-08T14:59:34.952Z		2.13.99	3.6.51	1.8.0_472-b09
R0718	USD/JPY	1688850000000	1688853600000	retrieval_error_hour	getBars	1	success	not_applicable	60	1688850000000	142.083	1688853540000	142.083	1	0	bfcebb18eebc0b9399cc5421a5431e827ebb5bdaa0ca319e8358e46659072d93	2026-09-08T14:59:35.197Z		2.13.99	3.6.51	1.8.0_472-b09
R0719	USD/JPY	1688871600000	1688875200000	retrieval_error_hour	getTicks	1	success	not_applicable	0					0	0	e3b0c44298fc1c149afbf4c8996fb92427ae41e4649b934ca495991b7852b855	2026-09-08T14:59:35.684Z		2.13.99	3.6.51	1.8.0_472-b09
R0719	USD/JPY	1688871600000	1688875200000	retrieval_error_hour	readTicks	1	success	true	0					0	0	e3b0c44298fc1c149afbf4c8996fb92427ae41e4649b934ca495991b7852b855	2026-09-08T14:59:35.685Z		2.13.99	3.6.51	1.8.0_472-b09
R0719	USD/JPY	1688871600000	1688875200000	retrieval_error_hour	getBars	1	success	not_applicable	60	1688871600000	142.083	1688875140000	142.083	1	0	5bc6e1857ea5cb2be37792dbf7e2a9594e719c026c226d119df3ed9941d7e859	2026-09-08T14:59:35.948Z		2.13.99	3.6.51	1.8.0_472-b09
R0720	USD/JPY	1688875200000	1688878800000	retrieval_error_hour	getTicks	1	success	not_applicable	0					0	0	e3b0c44298fc1c149afbf4c8996fb92427ae41e4649b934ca495991b7852b855	2026-09-08T14:59:36.189Z		2.13.99	3.6.51	1.8.0_472-b09
R0720	USD/JPY	1688875200000	1688878800000	retrieval_error_hour	readTicks	1	success	true	0					0	0	e3b0c44298fc1c149afbf4c8996fb92427ae41e4649b934ca495991b7852b855	2026-09-08T14:59:36.189Z		2.13.99	3.6.51	1.8.0_472-b09
R0720	USD/JPY	1688875200000	1688878800000	retrieval_error_hour	getBars	1	success	not_applicable	60	1688875200000	142.083	1688878740000	142.083	1	0	aea8cd76d6fa476d56f7cd02dc151ed1f198c73ba72c75bf4b9c5f6543ccd7f1	2026-09-08T14:59:36.189Z		2.13.99	3.6.51	1.8.0_472-b09
R0721	USD/JPY	1689440400000	1689444000000	retrieval_error_hour	getTicks	1	success	not_applicable	0					0	0	e3b0c44298fc1c149afbf4c8996fb92427ae41e4649b934ca495991b7852b855	2026-09-08T14:59:36.837Z		2.13.99	3.6.51	1.8.0_472-b09
R0721	USD/JPY	1689440400000	1689444000000	retrieval_error_hour	readTicks	1	success	true	0					0	0	e3b0c44298fc1c149afbf4c8996fb92427ae41e4649b934ca495991b7852b855	2026-09-08T14:59:36.837Z		2.13.99	3.6.51	1.8.0_472-b09
R0721	USD/JPY	1689440400000	1689444000000	retrieval_error_hour	getBars	1	success	not_applicable	60	1689440400000	138.743	1689443940000	138.743	1	0	badbdb76fe775489a1d9fd98aada3233ab6c2f129b63b517a9a3d6b8c97988f3	2026-09-08T14:59:37.215Z		2.13.99	3.6.51	1.8.0_472-b09
R0722	USD/JPY	1691856000000	1691859600000	retrieval_error_hour	getTicks	1	success	not_applicable	0					0	0	e3b0c44298fc1c149afbf4c8996fb92427ae41e4649b934ca495991b7852b855	2026-09-08T14:59:57.058Z		2.13.99	3.6.51	1.8.0_472-b09
R0722	USD/JPY	1691856000000	1691859600000	retrieval_error_hour	readTicks	1	success	true	0					0	0	e3b0c44298fc1c149afbf4c8996fb92427ae41e4649b934ca495991b7852b855	2026-09-08T14:59:57.058Z		2.13.99	3.6.51	1.8.0_472-b09
R0722	USD/JPY	1691856000000	1691859600000	retrieval_error_hour	getBars	1	success	not_applicable	0					0	0	e3b0c44298fc1c149afbf4c8996fb92427ae41e4649b934ca495991b7852b855	2026-09-08T15:00:18.106Z		2.13.99	3.6.51	1.8.0_472-b09
R0723	USD/JPY	1691859600000	1691863200000	retrieval_error_hour	getTicks	1	success	not_applicable	0					0	0	e3b0c44298fc1c149afbf4c8996fb92427ae41e4649b934ca495991b7852b855	2026-09-08T15:00:39.158Z		2.13.99	3.6.51	1.8.0_472-b09
R0723	USD/JPY	1691859600000	1691863200000	retrieval_error_hour	readTicks	1	success	true	0					0	0	e3b0c44298fc1c149afbf4c8996fb92427ae41e4649b934ca495991b7852b855	2026-09-08T15:00:39.158Z		2.13.99	3.6.51	1.8.0_472-b09
R0723	USD/JPY	1691859600000	1691863200000	retrieval_error_hour	getBars	1	success	not_applicable	0					0	0	e3b0c44298fc1c149afbf4c8996fb92427ae41e4649b934ca495991b7852b855	2026-09-08T15:00:39.159Z		2.13.99	3.6.51	1.8.0_472-b09
R0724	USD/JPY	1691895600000	1691899200000	retrieval_error_hour	getTicks	1	success	not_applicable	0					0	0	e3b0c44298fc1c149afbf4c8996fb92427ae41e4649b934ca495991b7852b855	2026-09-08T15:01:21.269Z		2.13.99	3.6.51	1.8.0_472-b09
R0724	USD/JPY	1691895600000	1691899200000	retrieval_error_hour	readTicks	1	success	true	0					0	0	e3b0c44298fc1c149afbf4c8996fb92427ae41e4649b934ca495991b7852b855	2026-09-08T15:01:21.269Z		2.13.99	3.6.51	1.8.0_472-b09
R0724	USD/JPY	1691895600000	1691899200000	retrieval_error_hour	getBars	1	success	not_applicable	60	1691895600000	144.876	1691899140000	144.876	1	0	e0f3f5a700c180ac4c50600740a9c376c6410767b1bd5d1a96ae26e777630d0c	2026-09-08T15:01:58.470Z		2.13.99	3.6.51	1.8.0_472-b09
R0725	USD/JPY	1691960400000	1691964000000	retrieval_error_hour	getTicks	1	success	not_applicable	352	1691960480187	144.805	1691963992517	144.956	0	0	3f3892fedbf4eefc57d5562cfc95f628829067da4a4922cc936da56dd95f2c09	2026-09-08T15:01:58.988Z		2.13.99	3.6.51	1.8.0_472-b09
R0725	USD/JPY	1691960400000	1691964000000	retrieval_error_hour	readTicks	1	success	true	352	1691960480187	144.805	1691963992517	144.956	0	0	3f3892fedbf4eefc57d5562cfc95f628829067da4a4922cc936da56dd95f2c09	2026-09-08T15:01:58.990Z		2.13.99	3.6.51	1.8.0_472-b09
R0725	USD/JPY	1691960400000	1691964000000	retrieval_error_hour	getBars	1	success	not_applicable	60	1691960400000	144.876	1691963940000	144.956	1	0	d59f1311614d2dad27a7fb58ab3d8a4174a83b45cf65967dbf1ed2684b84f16a	2026-09-08T15:01:58.990Z		2.13.99	3.6.51	1.8.0_472-b09
R0726	USD/JPY	1693623600000	1693627200000	retrieval_error_hour	getTicks	1	success	not_applicable	0					0	0	e3b0c44298fc1c149afbf4c8996fb92427ae41e4649b934ca495991b7852b855	2026-09-08T15:01:59.441Z		2.13.99	3.6.51	1.8.0_472-b09
R0726	USD/JPY	1693623600000	1693627200000	retrieval_error_hour	readTicks	1	success	true	0					0	0	e3b0c44298fc1c149afbf4c8996fb92427ae41e4649b934ca495991b7852b855	2026-09-08T15:01:59.442Z		2.13.99	3.6.51	1.8.0_472-b09
R0726	USD/JPY	1693623600000	1693627200000	retrieval_error_hour	getBars	1	success	not_applicable	60	1693623600000	146.162	1693627140000	146.162	1	0	5e5368642f7edf87ce9f45aee2701562537f160bf329ed9bc3e35a331d1ad9fd	2026-09-08T15:01:59.716Z		2.13.99	3.6.51	1.8.0_472-b09
R0727	USD/JPY	1693681200000	1693684800000	retrieval_error_hour	getTicks	1	success	not_applicable	0					0	0	e3b0c44298fc1c149afbf4c8996fb92427ae41e4649b934ca495991b7852b855	2026-09-08T15:02:00.397Z		2.13.99	3.6.51	1.8.0_472-b09
R0727	USD/JPY	1693681200000	1693684800000	retrieval_error_hour	readTicks	1	success	true	0					0	0	e3b0c44298fc1c149afbf4c8996fb92427ae41e4649b934ca495991b7852b855	2026-09-08T15:02:00.397Z		2.13.99	3.6.51	1.8.0_472-b09
R0727	USD/JPY	1693681200000	1693684800000	retrieval_error_hour	getBars	1	success	not_applicable	60	1693681200000	146.162	1693684740000	146.162	1	0	777ac4a62d2c52b7093047db175e55f3ba39792c91fa6130f6ad17bf87b9ff95	2026-09-08T15:02:00.398Z		2.13.99	3.6.51	1.8.0_472-b09
R0728	USD/JPY	1695452400000	1695456000000	retrieval_error_hour	getTicks	1	success	not_applicable	0					0	0	e3b0c44298fc1c149afbf4c8996fb92427ae41e4649b934ca495991b7852b855	2026-09-08T15:02:00.980Z		2.13.99	3.6.51	1.8.0_472-b09
R0728	USD/JPY	1695452400000	1695456000000	retrieval_error_hour	readTicks	1	success	true	0					0	0	e3b0c44298fc1c149afbf4c8996fb92427ae41e4649b934ca495991b7852b855	2026-09-08T15:02:00.980Z		2.13.99	3.6.51	1.8.0_472-b09
R0728	USD/JPY	1695452400000	1695456000000	retrieval_error_hour	getBars	1	success	not_applicable	60	1695452400000	148.341	1695455940000	148.341	1	0	0ad65776aa2419aa781b20cf501b83cda4820a77880605a3cfc50aff40876d4b	2026-09-08T15:02:01.206Z		2.13.99	3.6.51	1.8.0_472-b09
R0729	USD/JPY	1695492000000	1695495600000	retrieval_error_hour	getTicks	1	success	not_applicable	0					0	0	e3b0c44298fc1c149afbf4c8996fb92427ae41e4649b934ca495991b7852b855	2026-09-08T15:02:01.675Z		2.13.99	3.6.51	1.8.0_472-b09
R0729	USD/JPY	1695492000000	1695495600000	retrieval_error_hour	readTicks	1	success	true	0					0	0	e3b0c44298fc1c149afbf4c8996fb92427ae41e4649b934ca495991b7852b855	2026-09-08T15:02:01.676Z		2.13.99	3.6.51	1.8.0_472-b09
R0729	USD/JPY	1695492000000	1695495600000	retrieval_error_hour	getBars	1	success	not_applicable	60	1695492000000	148.341	1695495540000	148.341	1	0	a421bc0ca91826bb61efc58e87a13dcf305f9e45783b1ef47d84d4c1b10dfe32	2026-09-08T15:02:01.676Z		2.13.99	3.6.51	1.8.0_472-b09
R0730	USD/JPY	1695553200000	1695556800000	retrieval_error_hour	getTicks	1	success	not_applicable	0					0	0	e3b0c44298fc1c149afbf4c8996fb92427ae41e4649b934ca495991b7852b855	2026-09-08T15:02:02.238Z		2.13.99	3.6.51	1.8.0_472-b09
R0730	USD/JPY	1695553200000	1695556800000	retrieval_error_hour	readTicks	1	success	true	0					0	0	e3b0c44298fc1c149afbf4c8996fb92427ae41e4649b934ca495991b7852b855	2026-09-08T15:02:02.239Z		2.13.99	3.6.51	1.8.0_472-b09
R0730	USD/JPY	1695553200000	1695556800000	retrieval_error_hour	getBars	1	success	not_applicable	60	1695553200000	148.341	1695556740000	148.341	1	0	34e8aabec599779a18afe3b3b5bca6d918824f22f7126af120af8aa070bf8543	2026-09-08T15:02:02.506Z		2.13.99	3.6.51	1.8.0_472-b09
R0731	USD/JPY	1700276400000	1700280000000	retrieval_error_hour	getTicks	1	success	not_applicable	0					0	0	e3b0c44298fc1c149afbf4c8996fb92427ae41e4649b934ca495991b7852b855	2026-09-08T15:02:03.055Z		2.13.99	3.6.51	1.8.0_472-b09
R0731	USD/JPY	1700276400000	1700280000000	retrieval_error_hour	readTicks	1	success	true	0					0	0	e3b0c44298fc1c149afbf4c8996fb92427ae41e4649b934ca495991b7852b855	2026-09-08T15:02:03.056Z		2.13.99	3.6.51	1.8.0_472-b09
R0731	USD/JPY	1700276400000	1700280000000	retrieval_error_hour	getBars	1	success	not_applicable	60	1700276400000	149.506	1700279940000	149.506	1	0	88f58c856a9467fd7499b12c2b40ceedec5546a8b8334317348f0fd031882be1	2026-09-08T15:02:03.324Z		2.13.99	3.6.51	1.8.0_472-b09
R0732	USD/JPY	1700280000000	1700283600000	retrieval_error_hour	getTicks	1	success	not_applicable	0					0	0	e3b0c44298fc1c149afbf4c8996fb92427ae41e4649b934ca495991b7852b855	2026-09-08T15:02:03.555Z		2.13.99	3.6.51	1.8.0_472-b09
R0732	USD/JPY	1700280000000	1700283600000	retrieval_error_hour	readTicks	1	success	true	0					0	0	e3b0c44298fc1c149afbf4c8996fb92427ae41e4649b934ca495991b7852b855	2026-09-08T15:02:03.555Z		2.13.99	3.6.51	1.8.0_472-b09
R0732	USD/JPY	1700280000000	1700283600000	retrieval_error_hour	getBars	1	success	not_applicable	60	1700280000000	149.506	1700283540000	149.506	1	0	782edd6d12db5b1ce7a110cd8fc84f392f234a8d9b0e0d98950720b1dd6dd574	2026-09-08T15:02:03.555Z		2.13.99	3.6.51	1.8.0_472-b09
R0733	USD/JPY	1700283600000	1700287200000	retrieval_error_hour	getTicks	1	success	not_applicable	0					0	0	e3b0c44298fc1c149afbf4c8996fb92427ae41e4649b934ca495991b7852b855	2026-09-08T15:02:03.772Z		2.13.99	3.6.51	1.8.0_472-b09
R0733	USD/JPY	1700283600000	1700287200000	retrieval_error_hour	readTicks	1	success	true	0					0	0	e3b0c44298fc1c149afbf4c8996fb92427ae41e4649b934ca495991b7852b855	2026-09-08T15:02:03.772Z		2.13.99	3.6.51	1.8.0_472-b09
R0733	USD/JPY	1700283600000	1700287200000	retrieval_error_hour	getBars	1	success	not_applicable	60	1700283600000	149.506	1700287140000	149.506	1	0	ca238895b782a5fbaed425b803808ec049695d539621e2afa51a716fa04e2e38	2026-09-08T15:02:03.773Z		2.13.99	3.6.51	1.8.0_472-b09
R0734	USD/JPY	1700287200000	1700290800000	retrieval_error_hour	getTicks	1	success	not_applicable	0					0	0	e3b0c44298fc1c149afbf4c8996fb92427ae41e4649b934ca495991b7852b855	2026-09-08T15:02:04.006Z		2.13.99	3.6.51	1.8.0_472-b09
R0734	USD/JPY	1700287200000	1700290800000	retrieval_error_hour	readTicks	1	success	true	0					0	0	e3b0c44298fc1c149afbf4c8996fb92427ae41e4649b934ca495991b7852b855	2026-09-08T15:02:04.007Z		2.13.99	3.6.51	1.8.0_472-b09
R0734	USD/JPY	1700287200000	1700290800000	retrieval_error_hour	getBars	1	success	not_applicable	60	1700287200000	149.506	1700290740000	149.506	1	0	3741c65d88244ff4c54257c53d19e466631b06a378126ab12cd723d28c57c022	2026-09-08T15:02:04.007Z		2.13.99	3.6.51	1.8.0_472-b09
R0735	USD/JPY	1700290800000	1700294400000	retrieval_error_hour	getTicks	1	success	not_applicable	0					0	0	e3b0c44298fc1c149afbf4c8996fb92427ae41e4649b934ca495991b7852b855	2026-09-08T15:02:04.299Z		2.13.99	3.6.51	1.8.0_472-b09
R0735	USD/JPY	1700290800000	1700294400000	retrieval_error_hour	readTicks	1	success	true	0					0	0	e3b0c44298fc1c149afbf4c8996fb92427ae41e4649b934ca495991b7852b855	2026-09-08T15:02:04.299Z		2.13.99	3.6.51	1.8.0_472-b09
R0735	USD/JPY	1700290800000	1700294400000	retrieval_error_hour	getBars	1	success	not_applicable	60	1700290800000	149.506	1700294340000	149.506	1	0	0127e77d886d9c9f7d4483f256f9c45509591663bdeff4298fa44bf0c1c7cfbb	2026-09-08T15:02:04.299Z		2.13.99	3.6.51	1.8.0_472-b09
R0736	USD/JPY	1700337600000	1700341200000	retrieval_error_hour	getTicks	1	success	not_applicable	0					0	0	e3b0c44298fc1c149afbf4c8996fb92427ae41e4649b934ca495991b7852b855	2026-09-08T15:02:04.871Z		2.13.99	3.6.51	1.8.0_472-b09
R0736	USD/JPY	1700337600000	1700341200000	retrieval_error_hour	readTicks	1	success	true	0					0	0	e3b0c44298fc1c149afbf4c8996fb92427ae41e4649b934ca495991b7852b855	2026-09-08T15:02:04.871Z		2.13.99	3.6.51	1.8.0_472-b09
R0736	USD/JPY	1700337600000	1700341200000	retrieval_error_hour	getBars	1	success	not_applicable	60	1700337600000	149.506	1700341140000	149.506	1	0	2f54b614dec6c8342c04147674ed6755cce30ef1336e28942d3d91ca6ebd4425	2026-09-08T15:02:04.872Z		2.13.99	3.6.51	1.8.0_472-b09
R0737	USD/JPY	1700391600000	1700395200000	retrieval_error_hour	getTicks	1	success	not_applicable	0					0	0	e3b0c44298fc1c149afbf4c8996fb92427ae41e4649b934ca495991b7852b855	2026-09-08T15:02:05.718Z		2.13.99	3.6.51	1.8.0_472-b09
R0737	USD/JPY	1700391600000	1700395200000	retrieval_error_hour	readTicks	1	success	true	0					0	0	e3b0c44298fc1c149afbf4c8996fb92427ae41e4649b934ca495991b7852b855	2026-09-08T15:02:05.718Z		2.13.99	3.6.51	1.8.0_472-b09
R0737	USD/JPY	1700391600000	1700395200000	retrieval_error_hour	getBars	1	success	not_applicable	60	1700391600000	149.506	1700395140000	149.506	1	0	b3491d0407b95deb7d7f3cd5ab5af3ef58e987ad29a5c66b938219e140eea540	2026-09-08T15:02:06.084Z		2.13.99	3.6.51	1.8.0_472-b09
R0738	USD/JPY	1703376000000	1703379600000	retrieval_error_hour	getTicks	1	success	not_applicable	0					0	0	e3b0c44298fc1c149afbf4c8996fb92427ae41e4649b934ca495991b7852b855	2026-09-08T15:02:06.629Z		2.13.99	3.6.51	1.8.0_472-b09
R0738	USD/JPY	1703376000000	1703379600000	retrieval_error_hour	readTicks	1	success	true	0					0	0	e3b0c44298fc1c149afbf4c8996fb92427ae41e4649b934ca495991b7852b855	2026-09-08T15:02:06.629Z		2.13.99	3.6.51	1.8.0_472-b09
R0738	USD/JPY	1703376000000	1703379600000	retrieval_error_hour	getBars	1	success	not_applicable	60	1703376000000	142.412	1703379540000	142.412	1	0	3e59ae02022593ff242732ca02c86681647caed4fc72a5167625caa3dec3ed64	2026-09-08T15:02:06.895Z		2.13.99	3.6.51	1.8.0_472-b09
R0739	USD/JPY	1703487600000	1703491200000	retrieval_error_hour	getTicks	1	success	not_applicable	52	1703487614561	142.4	1703491135040	142.346	0	0	68010c4ce505858915d1e5e587dbe7c98dc0ea72a4c0a1c8e093fe5b0625ce9c	2026-09-08T15:02:07.438Z		2.13.99	3.6.51	1.8.0_472-b09
R0739	USD/JPY	1703487600000	1703491200000	retrieval_error_hour	readTicks	1	success	true	52	1703487614561	142.4	1703491135040	142.346	0	0	68010c4ce505858915d1e5e587dbe7c98dc0ea72a4c0a1c8e093fe5b0625ce9c	2026-09-08T15:02:07.439Z		2.13.99	3.6.51	1.8.0_472-b09
R0739	USD/JPY	1703487600000	1703491200000	retrieval_error_hour	getBars	1	success	not_applicable	60	1703487600000	142.4	1703491140000	142.346	1	0	811214479824794996b6f4915202fdea8f6e6ea7ae7955b8ddd6ceea7a86e871	2026-09-08T15:02:07.796Z		2.13.99	3.6.51	1.8.0_472-b09
R0740	USD/JPY	1705093200000	1705096800000	retrieval_error_hour	getTicks	1	success	not_applicable	3822	1705093200042	144.894	1705096799062	144.904	0	0	5a026725bf155b50a705a876e47c5f592a134e973321da9fee365e09d1d5ff0f	2026-09-08T15:02:08.582Z		2.13.99	3.6.51	1.8.0_472-b09
R0740	USD/JPY	1705093200000	1705096800000	retrieval_error_hour	readTicks	1	success	true	3822	1705093200042	144.894	1705096799062	144.904	0	0	5a026725bf155b50a705a876e47c5f592a134e973321da9fee365e09d1d5ff0f	2026-09-08T15:02:08.591Z		2.13.99	3.6.51	1.8.0_472-b09
R0740	USD/JPY	1705093200000	1705096800000	retrieval_error_hour	getBars	1	success	not_applicable	60	1705093200000	144.894	1705096740000	144.909	1	0	a2b84ce42b2ac31a47c0cc7f30b0aa838b420ffc5799e093607024c5b8178608	2026-09-08T15:02:08.874Z		2.13.99	3.6.51	1.8.0_472-b09
R0741	USD/JPY	1705096800000	1705100400000	retrieval_error_hour	getTicks	1	success	not_applicable	0					0	0	e3b0c44298fc1c149afbf4c8996fb92427ae41e4649b934ca495991b7852b855	2026-09-08T15:02:09.119Z		2.13.99	3.6.51	1.8.0_472-b09
R0741	USD/JPY	1705096800000	1705100400000	retrieval_error_hour	readTicks	1	success	true	0					0	0	e3b0c44298fc1c149afbf4c8996fb92427ae41e4649b934ca495991b7852b855	2026-09-08T15:02:09.119Z		2.13.99	3.6.51	1.8.0_472-b09
R0741	USD/JPY	1705096800000	1705100400000	retrieval_error_hour	getBars	1	success	not_applicable	60	1705096800000	144.904	1705100340000	144.904	1	0	444be82bfcbad39504d18bafd74146be2d67da55e3ed36edfc3688edd30c062a	2026-09-08T15:02:09.120Z		2.13.99	3.6.51	1.8.0_472-b09
R0742	USD/JPY	1705240800000	1705244400000	retrieval_error_hour	getTicks	1	success	not_applicable	0					0	0	e3b0c44298fc1c149afbf4c8996fb92427ae41e4649b934ca495991b7852b855	2026-09-08T15:02:09.574Z		2.13.99	3.6.51	1.8.0_472-b09
R0742	USD/JPY	1705240800000	1705244400000	retrieval_error_hour	readTicks	1	success	true	0					0	0	e3b0c44298fc1c149afbf4c8996fb92427ae41e4649b934ca495991b7852b855	2026-09-08T15:02:09.574Z		2.13.99	3.6.51	1.8.0_472-b09
R0742	USD/JPY	1705240800000	1705244400000	retrieval_error_hour	getBars	1	success	not_applicable	60	1705240800000	144.904	1705244340000	144.904	1	0	5335bd3556a28c16f3a0e638e269547b5890b92ce5086fd3f1808cf8ea75c042	2026-09-08T15:02:09.990Z		2.13.99	3.6.51	1.8.0_472-b09
R0743	USD/JPY	1711206000000	1711209600000	retrieval_error_hour	getTicks	1	success	not_applicable	0					0	0	e3b0c44298fc1c149afbf4c8996fb92427ae41e4649b934ca495991b7852b855	2026-09-08T15:02:11.359Z		2.13.99	3.6.51	1.8.0_472-b09
R0743	USD/JPY	1711206000000	1711209600000	retrieval_error_hour	readTicks	1	success	true	0					0	0	e3b0c44298fc1c149afbf4c8996fb92427ae41e4649b934ca495991b7852b855	2026-09-08T15:02:11.360Z		2.13.99	3.6.51	1.8.0_472-b09
R0743	USD/JPY	1711206000000	1711209600000	retrieval_error_hour	getBars	1	success	not_applicable	60	1711206000000	151.431	1711209540000	151.431	1	0	8b64678b8698510f699dc10b07cd241f7467bc8f3059c496b505e5e7a013d46c	2026-09-08T15:02:11.628Z		2.13.99	3.6.51	1.8.0_472-b09
R0744	USD/JPY	1711303200000	1711306800000	retrieval_error_hour	getTicks	1	success	not_applicable	0					0	0	e3b0c44298fc1c149afbf4c8996fb92427ae41e4649b934ca495991b7852b855	2026-09-08T15:02:12.151Z		2.13.99	3.6.51	1.8.0_472-b09
R0744	USD/JPY	1711303200000	1711306800000	retrieval_error_hour	readTicks	1	success	true	0					0	0	e3b0c44298fc1c149afbf4c8996fb92427ae41e4649b934ca495991b7852b855	2026-09-08T15:02:12.151Z		2.13.99	3.6.51	1.8.0_472-b09
R0744	USD/JPY	1711303200000	1711306800000	retrieval_error_hour	getBars	1	success	not_applicable	60	1711303200000	151.431	1711306740000	151.431	1	0	fc3ec38155a65841e95926b8bdb36d147774922438c0a027e3457dc1421be137	2026-09-08T15:02:12.455Z		2.13.99	3.6.51	1.8.0_472-b09
R0745	USD/JPY	1714899600000	1714903200000	retrieval_error_hour	getTicks	1	success	not_applicable	0					0	0	e3b0c44298fc1c149afbf4c8996fb92427ae41e4649b934ca495991b7852b855	2026-09-08T15:02:13.064Z		2.13.99	3.6.51	1.8.0_472-b09
R0745	USD/JPY	1714899600000	1714903200000	retrieval_error_hour	readTicks	1	success	true	0					0	0	e3b0c44298fc1c149afbf4c8996fb92427ae41e4649b934ca495991b7852b855	2026-09-08T15:02:13.065Z		2.13.99	3.6.51	1.8.0_472-b09
R0745	USD/JPY	1714899600000	1714903200000	retrieval_error_hour	getBars	1	success	not_applicable	60	1714899600000	153.008	1714903140000	153.008	1	0	3484118b9345a9b0040edc73b9eec71c222fc8d693309a32631b911b9c3fd40f	2026-09-08T15:02:13.344Z		2.13.99	3.6.51	1.8.0_472-b09
R0746	USD/JPY	1716667200000	1716670800000	retrieval_error_hour	getTicks	1	success	not_applicable	0					0	0	e3b0c44298fc1c149afbf4c8996fb92427ae41e4649b934ca495991b7852b855	2026-09-08T15:02:13.885Z		2.13.99	3.6.51	1.8.0_472-b09
R0746	USD/JPY	1716667200000	1716670800000	retrieval_error_hour	readTicks	1	success	true	0					0	0	e3b0c44298fc1c149afbf4c8996fb92427ae41e4649b934ca495991b7852b855	2026-09-08T15:02:13.885Z		2.13.99	3.6.51	1.8.0_472-b09
R0746	USD/JPY	1716667200000	1716670800000	retrieval_error_hour	getBars	1	success	not_applicable	60	1716667200000	156.943	1716670740000	156.943	1	0	56d4bb7f35af4c27f7b89ed163ade55188480a7614825c2c1aa9aba0729ad6c2	2026-09-08T15:02:14.108Z		2.13.99	3.6.51	1.8.0_472-b09
R0747	USD/JPY	1717837200000	1717840800000	retrieval_error_hour	getTicks	1	success	not_applicable	0					0	0	e3b0c44298fc1c149afbf4c8996fb92427ae41e4649b934ca495991b7852b855	2026-09-08T15:02:14.674Z		2.13.99	3.6.51	1.8.0_472-b09
R0747	USD/JPY	1717837200000	1717840800000	retrieval_error_hour	readTicks	1	success	true	0					0	0	e3b0c44298fc1c149afbf4c8996fb92427ae41e4649b934ca495991b7852b855	2026-09-08T15:02:14.675Z		2.13.99	3.6.51	1.8.0_472-b09
R0747	USD/JPY	1717837200000	1717840800000	retrieval_error_hour	getBars	1	success	not_applicable	60	1717837200000	156.7	1717840740000	156.7	1	0	959cd720f6e6ac5b59028e7d82713d19631d70f474e7acd138b5d6bc061fff22	2026-09-08T15:02:15.076Z		2.13.99	3.6.51	1.8.0_472-b09
R0748	USD/JPY	1717934400000	1717938000000	retrieval_error_hour	getTicks	1	success	not_applicable	0					0	0	e3b0c44298fc1c149afbf4c8996fb92427ae41e4649b934ca495991b7852b855	2026-09-08T15:02:15.903Z		2.13.99	3.6.51	1.8.0_472-b09
R0748	USD/JPY	1717934400000	1717938000000	retrieval_error_hour	readTicks	1	success	true	0					0	0	e3b0c44298fc1c149afbf4c8996fb92427ae41e4649b934ca495991b7852b855	2026-09-08T15:02:15.903Z		2.13.99	3.6.51	1.8.0_472-b09
R0748	USD/JPY	1717934400000	1717938000000	retrieval_error_hour	getBars	1	success	not_applicable	60	1717934400000	156.7	1717937940000	156.7	1	0	6b6c109081303fd627566ee2ba3315e3a7f0d3513bd46b083aab624839e23fb2	2026-09-08T15:02:16.252Z		2.13.99	3.6.51	1.8.0_472-b09
R0749	USD/JPY	1718506800000	1718510400000	retrieval_error_hour	getTicks	1	success	not_applicable	0					0	0	e3b0c44298fc1c149afbf4c8996fb92427ae41e4649b934ca495991b7852b855	2026-09-08T15:02:16.771Z		2.13.99	3.6.51	1.8.0_472-b09
R0749	USD/JPY	1718506800000	1718510400000	retrieval_error_hour	readTicks	1	success	true	0					0	0	e3b0c44298fc1c149afbf4c8996fb92427ae41e4649b934ca495991b7852b855	2026-09-08T15:02:16.772Z		2.13.99	3.6.51	1.8.0_472-b09
R0749	USD/JPY	1718506800000	1718510400000	retrieval_error_hour	getBars	1	success	not_applicable	60	1718506800000	157.36	1718510340000	157.36	1	0	ca60b0bbf7be614b391e0a6f5c064619b8caee6f1e45b7e744e862879a20df81	2026-09-08T15:02:17.017Z		2.13.99	3.6.51	1.8.0_472-b09
R0750	USD/JPY	1718514000000	1718517600000	retrieval_error_hour	getTicks	1	success	not_applicable	0					0	0	e3b0c44298fc1c149afbf4c8996fb92427ae41e4649b934ca495991b7852b855	2026-09-08T15:02:17.493Z		2.13.99	3.6.51	1.8.0_472-b09
R0750	USD/JPY	1718514000000	1718517600000	retrieval_error_hour	readTicks	1	success	true	0					0	0	e3b0c44298fc1c149afbf4c8996fb92427ae41e4649b934ca495991b7852b855	2026-09-08T15:02:17.494Z		2.13.99	3.6.51	1.8.0_472-b09
R0750	USD/JPY	1718514000000	1718517600000	retrieval_error_hour	getBars	1	success	not_applicable	60	1718514000000	157.36	1718517540000	157.36	1	0	13f674cf6b705722ba51fa7a75483c6118a759da8f0ce2917b95edd44a57bba2	2026-09-08T15:02:17.494Z		2.13.99	3.6.51	1.8.0_472-b09
R0751	USD/JPY	1718539200000	1718542800000	retrieval_error_hour	getTicks	1	success	not_applicable	0					0	0	e3b0c44298fc1c149afbf4c8996fb92427ae41e4649b934ca495991b7852b855	2026-09-08T15:02:17.990Z		2.13.99	3.6.51	1.8.0_472-b09
R0751	USD/JPY	1718539200000	1718542800000	retrieval_error_hour	readTicks	1	success	true	0					0	0	e3b0c44298fc1c149afbf4c8996fb92427ae41e4649b934ca495991b7852b855	2026-09-08T15:02:17.990Z		2.13.99	3.6.51	1.8.0_472-b09
R0751	USD/JPY	1718539200000	1718542800000	retrieval_error_hour	getBars	1	success	not_applicable	60	1718539200000	157.36	1718542740000	157.36	1	0	d9d11aac0eac8c79882082e8ba925b7a28f8a6663aa75164f1dfcfa561118ed2	2026-09-08T15:02:17.990Z		2.13.99	3.6.51	1.8.0_472-b09
R0752	USD/JPY	1721419200000	1721422800000	retrieval_error_hour	getTicks	1	success	not_applicable	1095	1721419200181	157.497	1721422781186	157.475	0	0	d9374741069756c68b22bd36e2ae26309cdcaf81d0e89ea2e42dd1264f89fdd8	2026-09-08T15:02:18.488Z		2.13.99	3.6.51	1.8.0_472-b09
R0752	USD/JPY	1721419200000	1721422800000	retrieval_error_hour	readTicks	1	success	true	1095	1721419200181	157.497	1721422781186	157.475	0	0	d9374741069756c68b22bd36e2ae26309cdcaf81d0e89ea2e42dd1264f89fdd8	2026-09-08T15:02:18.490Z		2.13.99	3.6.51	1.8.0_472-b09
R0752	USD/JPY	1721419200000	1721422800000	retrieval_error_hour	getBars	1	success	not_applicable	60	1721419200000	157.497	1721422740000	157.45	1	0	b05ff0e5e6e8d280bd5a43298687391379916369c44ecabca1cb41178d59735c	2026-09-08T15:02:18.953Z		2.13.99	3.6.51	1.8.0_472-b09
R0753	USD/JPY	1721422800000	1721426400000	retrieval_error_hour	getTicks	1	success	not_applicable	0					0	0	e3b0c44298fc1c149afbf4c8996fb92427ae41e4649b934ca495991b7852b855	2026-09-08T15:02:19.248Z		2.13.99	3.6.51	1.8.0_472-b09
R0753	USD/JPY	1721422800000	1721426400000	retrieval_error_hour	readTicks	1	success	true	0					0	0	e3b0c44298fc1c149afbf4c8996fb92427ae41e4649b934ca495991b7852b855	2026-09-08T15:02:19.249Z		2.13.99	3.6.51	1.8.0_472-b09
R0753	USD/JPY	1721422800000	1721426400000	retrieval_error_hour	getBars	1	success	not_applicable	60	1721422800000	157.475	1721426340000	157.475	1	0	fe1eb0d90dc0f2738c268291fec15317d1ccbfc29d566d2461b2378770b958b2	2026-09-08T15:02:19.249Z		2.13.99	3.6.51	1.8.0_472-b09
R0754	USD/JPY	1721451600000	1721455200000	retrieval_error_hour	getTicks	1	success	not_applicable	0					0	0	e3b0c44298fc1c149afbf4c8996fb92427ae41e4649b934ca495991b7852b855	2026-09-08T15:02:19.831Z		2.13.99	3.6.51	1.8.0_472-b09
R0754	USD/JPY	1721451600000	1721455200000	retrieval_error_hour	readTicks	1	success	true	0					0	0	e3b0c44298fc1c149afbf4c8996fb92427ae41e4649b934ca495991b7852b855	2026-09-08T15:02:19.831Z		2.13.99	3.6.51	1.8.0_472-b09
R0754	USD/JPY	1721451600000	1721455200000	retrieval_error_hour	getBars	1	success	not_applicable	60	1721451600000	157.475	1721455140000	157.475	1	0	fe1e216a881fa44e6997f6cef32570b5c7e3132a6ce5185677b61f466fca857f	2026-09-08T15:02:20.240Z		2.13.99	3.6.51	1.8.0_472-b09
R0755	USD/JPY	1721534400000	1721538000000	retrieval_error_hour	getTicks	1	success	not_applicable	0					0	0	e3b0c44298fc1c149afbf4c8996fb92427ae41e4649b934ca495991b7852b855	2026-09-08T15:02:20.943Z		2.13.99	3.6.51	1.8.0_472-b09
R0755	USD/JPY	1721534400000	1721538000000	retrieval_error_hour	readTicks	1	success	true	0					0	0	e3b0c44298fc1c149afbf4c8996fb92427ae41e4649b934ca495991b7852b855	2026-09-08T15:02:20.943Z		2.13.99	3.6.51	1.8.0_472-b09
R0755	USD/JPY	1721534400000	1721538000000	retrieval_error_hour	getBars	1	success	not_applicable	60	1721534400000	157.475	1721537940000	157.475	1	0	b55c9040c205181fb179834b24a4c34934212253502d820cf722017dd516d550	2026-09-08T15:02:21.250Z		2.13.99	3.6.51	1.8.0_472-b09
R0756	USD/JPY	1721570400000	1721574000000	retrieval_error_hour	getTicks	1	success	not_applicable	0					0	0	e3b0c44298fc1c149afbf4c8996fb92427ae41e4649b934ca495991b7852b855	2026-09-08T15:02:21.766Z		2.13.99	3.6.51	1.8.0_472-b09
R0756	USD/JPY	1721570400000	1721574000000	retrieval_error_hour	readTicks	1	success	true	0					0	0	e3b0c44298fc1c149afbf4c8996fb92427ae41e4649b934ca495991b7852b855	2026-09-08T15:02:21.766Z		2.13.99	3.6.51	1.8.0_472-b09
R0756	USD/JPY	1721570400000	1721574000000	retrieval_error_hour	getBars	1	success	not_applicable	60	1721570400000	157.475	1721573940000	157.475	1	0	f03f22c10c4a81316617efbf612d7d7afd038c09bf837d6845141a356928be27	2026-09-08T15:02:21.767Z		2.13.99	3.6.51	1.8.0_472-b09
R0757	USD/JPY	1722726000000	1722729600000	retrieval_error_hour	getTicks	1	success	not_applicable	0					0	0	e3b0c44298fc1c149afbf4c8996fb92427ae41e4649b934ca495991b7852b855	2026-09-08T15:02:22.273Z		2.13.99	3.6.51	1.8.0_472-b09
R0757	USD/JPY	1722726000000	1722729600000	retrieval_error_hour	readTicks	1	success	true	0					0	0	e3b0c44298fc1c149afbf4c8996fb92427ae41e4649b934ca495991b7852b855	2026-09-08T15:02:22.273Z		2.13.99	3.6.51	1.8.0_472-b09
R0757	USD/JPY	1722726000000	1722729600000	retrieval_error_hour	getBars	1	success	not_applicable	60	1722726000000	146.498	1722729540000	146.498	1	0	9d88ff9ee066c12189d48bdc19c6a5225e37f1c0c0147b2399254b7f74f3b70f	2026-09-08T15:02:22.568Z		2.13.99	3.6.51	1.8.0_472-b09
R0758	USD/JPY	1722762000000	1722765600000	retrieval_error_hour	getTicks	1	success	not_applicable	0					0	0	e3b0c44298fc1c149afbf4c8996fb92427ae41e4649b934ca495991b7852b855	2026-09-08T15:02:23.227Z		2.13.99	3.6.51	1.8.0_472-b09
R0758	USD/JPY	1722762000000	1722765600000	retrieval_error_hour	readTicks	1	success	true	0					0	0	e3b0c44298fc1c149afbf4c8996fb92427ae41e4649b934ca495991b7852b855	2026-09-08T15:02:23.227Z		2.13.99	3.6.51	1.8.0_472-b09
R0758	USD/JPY	1722762000000	1722765600000	retrieval_error_hour	getBars	1	success	not_applicable	60	1722762000000	146.498	1722765540000	146.498	1	0	3fb7e4872ac19a3dbb39efce7f45f672c0126ea6cc30aac2f21af32818226e7f	2026-09-08T15:02:23.540Z		2.13.99	3.6.51	1.8.0_472-b09
R0759	USD/JPY	1723345200000	1723348800000	retrieval_error_hour	getTicks	1	success	not_applicable	0					0	0	e3b0c44298fc1c149afbf4c8996fb92427ae41e4649b934ca495991b7852b855	2026-09-08T15:02:24.063Z		2.13.99	3.6.51	1.8.0_472-b09
R0759	USD/JPY	1723345200000	1723348800000	retrieval_error_hour	readTicks	1	success	true	0					0	0	e3b0c44298fc1c149afbf4c8996fb92427ae41e4649b934ca495991b7852b855	2026-09-08T15:02:24.063Z		2.13.99	3.6.51	1.8.0_472-b09
R0759	USD/JPY	1723345200000	1723348800000	retrieval_error_hour	getBars	1	success	not_applicable	60	1723345200000	146.634	1723348740000	146.634	1	0	e6c0a8d2160d714c53b870f906a5b43debda3614c232089676899fbf8e0160e0	2026-09-08T15:02:24.331Z		2.13.99	3.6.51	1.8.0_472-b09
R0760	USD/JPY	1723348800000	1723352400000	retrieval_error_hour	getTicks	1	success	not_applicable	0					0	0	e3b0c44298fc1c149afbf4c8996fb92427ae41e4649b934ca495991b7852b855	2026-09-08T15:02:24.544Z		2.13.99	3.6.51	1.8.0_472-b09
R0760	USD/JPY	1723348800000	1723352400000	retrieval_error_hour	readTicks	1	success	true	0					0	0	e3b0c44298fc1c149afbf4c8996fb92427ae41e4649b934ca495991b7852b855	2026-09-08T15:02:24.544Z		2.13.99	3.6.51	1.8.0_472-b09
R0760	USD/JPY	1723348800000	1723352400000	retrieval_error_hour	getBars	1	success	not_applicable	60	1723348800000	146.634	1723352340000	146.634	1	0	dd2f1b2d5afee1085b0b0ece4630a4bd6732fe85d2b353b8c8b8c0f93c137386	2026-09-08T15:02:24.545Z		2.13.99	3.6.51	1.8.0_472-b09
R0761	USD/JPY	1723395600000	1723399200000	retrieval_error_hour	getTicks	1	success	not_applicable	0					0	0	e3b0c44298fc1c149afbf4c8996fb92427ae41e4649b934ca495991b7852b855	2026-09-08T15:02:25.091Z		2.13.99	3.6.51	1.8.0_472-b09
R0761	USD/JPY	1723395600000	1723399200000	retrieval_error_hour	readTicks	1	success	true	0					0	0	e3b0c44298fc1c149afbf4c8996fb92427ae41e4649b934ca495991b7852b855	2026-09-08T15:02:25.091Z		2.13.99	3.6.51	1.8.0_472-b09
R0761	USD/JPY	1723395600000	1723399200000	retrieval_error_hour	getBars	1	success	not_applicable	60	1723395600000	146.634	1723399140000	146.634	1	0	021cb39fef83ba86377c06afd55ed34c6195e1802ee2bf635a07f8a86949dfb7	2026-09-08T15:02:25.092Z		2.13.99	3.6.51	1.8.0_472-b09
R0762	USD/JPY	1725051600000	1725055200000	retrieval_error_hour	getTicks	1	success	not_applicable	0					0	0	e3b0c44298fc1c149afbf4c8996fb92427ae41e4649b934ca495991b7852b855	2026-09-08T15:02:25.710Z		2.13.99	3.6.51	1.8.0_472-b09
R0762	USD/JPY	1725051600000	1725055200000	retrieval_error_hour	readTicks	1	success	true	0					0	0	e3b0c44298fc1c149afbf4c8996fb92427ae41e4649b934ca495991b7852b855	2026-09-08T15:02:25.710Z		2.13.99	3.6.51	1.8.0_472-b09
R0762	USD/JPY	1725051600000	1725055200000	retrieval_error_hour	getBars	1	success	not_applicable	60	1725051600000	146.113	1725055140000	146.113	1	0	8d10384e2907f310796e001ef356bcd6d27687e4d6c50f4f73f6b8879018bc8b	2026-09-08T15:02:26.206Z		2.13.99	3.6.51	1.8.0_472-b09
R0763	USD/JPY	1725069600000	1725073200000	retrieval_error_hour	getTicks	1	success	not_applicable	0					0	0	e3b0c44298fc1c149afbf4c8996fb92427ae41e4649b934ca495991b7852b855	2026-09-08T15:02:26.679Z		2.13.99	3.6.51	1.8.0_472-b09
R0763	USD/JPY	1725069600000	1725073200000	retrieval_error_hour	readTicks	1	success	true	0					0	0	e3b0c44298fc1c149afbf4c8996fb92427ae41e4649b934ca495991b7852b855	2026-09-08T15:02:26.680Z		2.13.99	3.6.51	1.8.0_472-b09
R0763	USD/JPY	1725069600000	1725073200000	retrieval_error_hour	getBars	1	success	not_applicable	60	1725069600000	146.113	1725073140000	146.113	1	0	ea53bcb775f3d4730d9ed99ec17262c91700c6b73626ac9f6b94675949e5cac4	2026-09-08T15:02:27.005Z		2.13.99	3.6.51	1.8.0_472-b09
R0764	USD/JPY	1725123600000	1725127200000	retrieval_error_hour	getTicks	1	success	not_applicable	0					0	0	e3b0c44298fc1c149afbf4c8996fb92427ae41e4649b934ca495991b7852b855	2026-09-08T15:02:27.534Z		2.13.99	3.6.51	1.8.0_472-b09
R0764	USD/JPY	1725123600000	1725127200000	retrieval_error_hour	readTicks	1	success	true	0					0	0	e3b0c44298fc1c149afbf4c8996fb92427ae41e4649b934ca495991b7852b855	2026-09-08T15:02:27.535Z		2.13.99	3.6.51	1.8.0_472-b09
R0764	USD/JPY	1725123600000	1725127200000	retrieval_error_hour	getBars	1	success	not_applicable	60	1725123600000	146.113	1725127140000	146.113	1	0	b1ad916b4d0854b0434cd1952785a192af9e713f24dbc6157d1715bfa860a647	2026-09-08T15:02:27.535Z		2.13.99	3.6.51	1.8.0_472-b09
R0765	USD/JPY	1725166800000	1725170400000	retrieval_error_hour	getTicks	1	success	not_applicable	0					0	0	e3b0c44298fc1c149afbf4c8996fb92427ae41e4649b934ca495991b7852b855	2026-09-08T15:02:28.062Z		2.13.99	3.6.51	1.8.0_472-b09
R0765	USD/JPY	1725166800000	1725170400000	retrieval_error_hour	readTicks	1	success	true	0					0	0	e3b0c44298fc1c149afbf4c8996fb92427ae41e4649b934ca495991b7852b855	2026-09-08T15:02:28.062Z		2.13.99	3.6.51	1.8.0_472-b09
R0765	USD/JPY	1725166800000	1725170400000	retrieval_error_hour	getBars	1	success	not_applicable	60	1725166800000	146.113	1725170340000	146.113	1	0	94752663125a888d7957d9cb5800c52634d5e5de9fe01121e30dd5dd8a089b06	2026-09-08T15:02:52.498Z		2.13.99	3.6.51	1.8.0_472-b09
R0766	USD/JPY	1725706800000	1725710400000	retrieval_error_hour	getTicks	1	success	not_applicable	0					0	0	e3b0c44298fc1c149afbf4c8996fb92427ae41e4649b934ca495991b7852b855	2026-09-08T15:02:53.021Z		2.13.99	3.6.51	1.8.0_472-b09
R0766	USD/JPY	1725706800000	1725710400000	retrieval_error_hour	readTicks	1	success	true	0					0	0	e3b0c44298fc1c149afbf4c8996fb92427ae41e4649b934ca495991b7852b855	2026-09-08T15:02:53.022Z		2.13.99	3.6.51	1.8.0_472-b09
R0766	USD/JPY	1725706800000	1725710400000	retrieval_error_hour	getBars	1	success	not_applicable	60	1725706800000	142.251	1725710340000	142.251	1	0	6d5c4d96f87e11a367f301396aa392a1cf3478bbdba96a95ad1364b249588168	2026-09-08T15:02:53.298Z		2.13.99	3.6.51	1.8.0_472-b09
R0767	USD/JPY	1725757200000	1725760800000	retrieval_error_hour	getTicks	1	success	not_applicable	0					0	0	e3b0c44298fc1c149afbf4c8996fb92427ae41e4649b934ca495991b7852b855	2026-09-08T15:02:53.837Z		2.13.99	3.6.51	1.8.0_472-b09
R0767	USD/JPY	1725757200000	1725760800000	retrieval_error_hour	readTicks	1	success	true	0					0	0	e3b0c44298fc1c149afbf4c8996fb92427ae41e4649b934ca495991b7852b855	2026-09-08T15:02:53.837Z		2.13.99	3.6.51	1.8.0_472-b09
R0767	USD/JPY	1725757200000	1725760800000	retrieval_error_hour	getBars	1	success	not_applicable	60	1725757200000	142.251	1725760740000	142.251	1	0	e60689ef29849e24f6b8222429f8cece60b0887d75017de09139ff33a28694ae	2026-09-08T15:02:54.084Z		2.13.99	3.6.51	1.8.0_472-b09
R0768	USD/JPY	1725800400000	1725804000000	retrieval_error_hour	getTicks	1	success	not_applicable	0					0	0	e3b0c44298fc1c149afbf4c8996fb92427ae41e4649b934ca495991b7852b855	2026-09-08T15:02:54.949Z		2.13.99	3.6.51	1.8.0_472-b09
R0768	USD/JPY	1725800400000	1725804000000	retrieval_error_hour	readTicks	1	success	true	0					0	0	e3b0c44298fc1c149afbf4c8996fb92427ae41e4649b934ca495991b7852b855	2026-09-08T15:02:54.949Z		2.13.99	3.6.51	1.8.0_472-b09
R0768	USD/JPY	1725800400000	1725804000000	retrieval_error_hour	getBars	1	success	not_applicable	60	1725800400000	142.251	1725803940000	142.251	1	0	90a96e56abb0b6be7b6d1e2d3079dc7f02432cc4c32dfa43db038885b04eb9e9	2026-09-08T15:02:54.950Z		2.13.99	3.6.51	1.8.0_472-b09
R0769	USD/JPY	1726894800000	1726898400000	retrieval_error_hour	getTicks	1	success	not_applicable	0					0	0	e3b0c44298fc1c149afbf4c8996fb92427ae41e4649b934ca495991b7852b855	2026-09-08T15:02:55.547Z		2.13.99	3.6.51	1.8.0_472-b09
R0769	USD/JPY	1726894800000	1726898400000	retrieval_error_hour	readTicks	1	success	true	0					0	0	e3b0c44298fc1c149afbf4c8996fb92427ae41e4649b934ca495991b7852b855	2026-09-08T15:02:55.548Z		2.13.99	3.6.51	1.8.0_472-b09
R0769	USD/JPY	1726894800000	1726898400000	retrieval_error_hour	getBars	1	success	not_applicable	60	1726894800000	143.808	1726898340000	143.808	1	0	187309e3039c6e573ae60d72591ccd534619de8e00101e2261fa9419d1140c8d	2026-09-08T15:02:55.820Z		2.13.99	3.6.51	1.8.0_472-b09
R0770	USD/JPY	1726898400000	1726902000000	retrieval_error_hour	getTicks	1	success	not_applicable	0					0	0	e3b0c44298fc1c149afbf4c8996fb92427ae41e4649b934ca495991b7852b855	2026-09-08T15:02:56.069Z		2.13.99	3.6.51	1.8.0_472-b09
R0770	USD/JPY	1726898400000	1726902000000	retrieval_error_hour	readTicks	1	success	true	0					0	0	e3b0c44298fc1c149afbf4c8996fb92427ae41e4649b934ca495991b7852b855	2026-09-08T15:02:56.069Z		2.13.99	3.6.51	1.8.0_472-b09
R0770	USD/JPY	1726898400000	1726902000000	retrieval_error_hour	getBars	1	success	not_applicable	60	1726898400000	143.808	1726901940000	143.808	1	0	d81849f3896e47e1a8e4f56dfacb920a665db5c336f8d30a6809c099805a6458	2026-09-08T15:02:56.069Z		2.13.99	3.6.51	1.8.0_472-b09
R0771	USD/JPY	1727632800000	1727636400000	retrieval_error_hour	getTicks	1	success	not_applicable	0					0	0	e3b0c44298fc1c149afbf4c8996fb92427ae41e4649b934ca495991b7852b855	2026-09-08T15:02:56.647Z		2.13.99	3.6.51	1.8.0_472-b09
R0771	USD/JPY	1727632800000	1727636400000	retrieval_error_hour	readTicks	1	success	true	0					0	0	e3b0c44298fc1c149afbf4c8996fb92427ae41e4649b934ca495991b7852b855	2026-09-08T15:02:56.647Z		2.13.99	3.6.51	1.8.0_472-b09
R0771	USD/JPY	1727632800000	1727636400000	retrieval_error_hour	getBars	1	success	not_applicable	60	1727632800000	142.15	1727636340000	142.15	1	0	9fb1f393a3063b4ce9a16b564315e77409081c57080f3aad49a1b7b9174b4a61	2026-09-08T15:02:56.949Z		2.13.99	3.6.51	1.8.0_472-b09
R0772	USD/JPY	1728810000000	1728813600000	retrieval_error_hour	getTicks	1	success	not_applicable	0					0	0	e3b0c44298fc1c149afbf4c8996fb92427ae41e4649b934ca495991b7852b855	2026-09-08T15:02:57.501Z		2.13.99	3.6.51	1.8.0_472-b09
R0772	USD/JPY	1728810000000	1728813600000	retrieval_error_hour	readTicks	1	success	true	0					0	0	e3b0c44298fc1c149afbf4c8996fb92427ae41e4649b934ca495991b7852b855	2026-09-08T15:02:57.501Z		2.13.99	3.6.51	1.8.0_472-b09
R0772	USD/JPY	1728810000000	1728813600000	retrieval_error_hour	getBars	1	success	not_applicable	60	1728810000000	149.091	1728813540000	149.091	1	0	8efee4e66b5b6d49c1b9561353a4e86e85756d8ec65828221afff03b538be20e	2026-09-08T15:02:57.764Z		2.13.99	3.6.51	1.8.0_472-b09
R0773	USD/JPY	1728813600000	1728817200000	retrieval_error_hour	getTicks	1	success	not_applicable	0					0	0	e3b0c44298fc1c149afbf4c8996fb92427ae41e4649b934ca495991b7852b855	2026-09-08T15:02:58.024Z		2.13.99	3.6.51	1.8.0_472-b09
R0773	USD/JPY	1728813600000	1728817200000	retrieval_error_hour	readTicks	1	success	true	0					0	0	e3b0c44298fc1c149afbf4c8996fb92427ae41e4649b934ca495991b7852b855	2026-09-08T15:02:58.024Z		2.13.99	3.6.51	1.8.0_472-b09
R0773	USD/JPY	1728813600000	1728817200000	retrieval_error_hour	getBars	1	success	not_applicable	60	1728813600000	149.091	1728817140000	149.091	1	0	23c4ec25a0968abc5a7f9e2c72e2fb93700ce75f7ed5fec72695ac60d8f99f23	2026-09-08T15:02:58.025Z		2.13.99	3.6.51	1.8.0_472-b09
R0774	USD/JPY	1731744000000	1731747600000	retrieval_error_hour	getTicks	1	success	not_applicable	0					0	0	e3b0c44298fc1c149afbf4c8996fb92427ae41e4649b934ca495991b7852b855	2026-09-08T15:02:58.473Z		2.13.99	3.6.51	1.8.0_472-b09
R0774	USD/JPY	1731744000000	1731747600000	retrieval_error_hour	readTicks	1	success	true	0					0	0	e3b0c44298fc1c149afbf4c8996fb92427ae41e4649b934ca495991b7852b855	2026-09-08T15:02:58.473Z		2.13.99	3.6.51	1.8.0_472-b09
R0774	USD/JPY	1731744000000	1731747600000	retrieval_error_hour	getBars	1	success	not_applicable	60	1731744000000	154.248	1731747540000	154.248	1	0	0ea3203dfdc66473b4576ee2856d3dc016e550f7f283ba6972e3292773ffa14c	2026-09-08T15:02:58.743Z		2.13.99	3.6.51	1.8.0_472-b09
R0775	USD/JPY	1731783600000	1731787200000	retrieval_error_hour	getTicks	1	success	not_applicable	0					0	0	e3b0c44298fc1c149afbf4c8996fb92427ae41e4649b934ca495991b7852b855	2026-09-08T15:02:59.238Z		2.13.99	3.6.51	1.8.0_472-b09
R0775	USD/JPY	1731783600000	1731787200000	retrieval_error_hour	readTicks	1	success	true	0					0	0	e3b0c44298fc1c149afbf4c8996fb92427ae41e4649b934ca495991b7852b855	2026-09-08T15:02:59.239Z		2.13.99	3.6.51	1.8.0_472-b09
R0775	USD/JPY	1731783600000	1731787200000	retrieval_error_hour	getBars	1	success	not_applicable	60	1731783600000	154.248	1731787140000	154.248	1	0	4e54ac2eae08b0acd22451fc36215a319f3c62d30ade9d406bf790bf23a3e71e	2026-09-08T15:02:59.239Z		2.13.99	3.6.51	1.8.0_472-b09
R0776	USD/JPY	1732050000000	1732053600000	retrieval_error_hour	getTicks	1	success	not_applicable	2376	1732050000017	154.684	1732053599129	154.647	0	0	421ba6f1cee96f6958f11bf068909b91215711f0d3e6412c0831954100059679	2026-09-08T15:03:00.429Z		2.13.99	3.6.51	1.8.0_472-b09
R0776	USD/JPY	1732050000000	1732053600000	retrieval_error_hour	readTicks	1	success	true	2376	1732050000017	154.684	1732053599129	154.647	0	0	421ba6f1cee96f6958f11bf068909b91215711f0d3e6412c0831954100059679	2026-09-08T15:03:00.434Z		2.13.99	3.6.51	1.8.0_472-b09
R0776	USD/JPY	1732050000000	1732053600000	retrieval_error_hour	getBars	1	success	not_applicable	60	1732050000000	154.684	1732053540000	154.649	1	0	cdc2edefa34c03303a53989aefab51d50bb785e422c2a23278e615b1783c04e3	2026-09-08T15:03:01.501Z		2.13.99	3.6.51	1.8.0_472-b09
R0777	USD/JPY	1732914000000	1732917600000	retrieval_error_hour	getTicks	1	success	not_applicable	8683	1732914000147	149.64	1732917581287	149.724	0	0	92069149b442bb96fdd64ade1b117a711a189d9f644db2ae8f32f8c8ebb2a1bc	2026-09-08T15:03:02.489Z		2.13.99	3.6.51	1.8.0_472-b09
R0777	USD/JPY	1732914000000	1732917600000	retrieval_error_hour	readTicks	1	success	true	8683	1732914000147	149.64	1732917581287	149.724	0	0	92069149b442bb96fdd64ade1b117a711a189d9f644db2ae8f32f8c8ebb2a1bc	2026-09-08T15:03:02.503Z		2.13.99	3.6.51	1.8.0_472-b09
R0777	USD/JPY	1732914000000	1732917600000	retrieval_error_hour	getBars	1	success	not_applicable	60	1732914000000	149.64	1732917540000	149.624	1	0	68090225b35ac495f92b6171fae191d5407924824ae4f7a5df89f41014028dcf	2026-09-08T15:03:03.023Z		2.13.99	3.6.51	1.8.0_472-b09
R0778	USD/JPY	1732975200000	1732978800000	retrieval_error_hour	getTicks	1	success	not_applicable	0					0	0	e3b0c44298fc1c149afbf4c8996fb92427ae41e4649b934ca495991b7852b855	2026-09-08T15:03:03.530Z		2.13.99	3.6.51	1.8.0_472-b09
R0778	USD/JPY	1732975200000	1732978800000	retrieval_error_hour	readTicks	1	success	true	0					0	0	e3b0c44298fc1c149afbf4c8996fb92427ae41e4649b934ca495991b7852b855	2026-09-08T15:03:03.530Z		2.13.99	3.6.51	1.8.0_472-b09
R0778	USD/JPY	1732975200000	1732978800000	retrieval_error_hour	getBars	1	success	not_applicable	60	1732975200000	149.724	1732978740000	149.724	1	0	08392df761daa06dfb75afe1fb9160b852c52388cbe26432a30c93cd7528c912	2026-09-08T15:03:03.772Z		2.13.99	3.6.51	1.8.0_472-b09
R0779	USD/JPY	1732978800000	1732982400000	retrieval_error_hour	getTicks	1	success	not_applicable	0					0	0	e3b0c44298fc1c149afbf4c8996fb92427ae41e4649b934ca495991b7852b855	2026-09-08T15:03:04.005Z		2.13.99	3.6.51	1.8.0_472-b09
R0779	USD/JPY	1732978800000	1732982400000	retrieval_error_hour	readTicks	1	success	true	0					0	0	e3b0c44298fc1c149afbf4c8996fb92427ae41e4649b934ca495991b7852b855	2026-09-08T15:03:04.006Z		2.13.99	3.6.51	1.8.0_472-b09
R0779	USD/JPY	1732978800000	1732982400000	retrieval_error_hour	getBars	1	success	not_applicable	60	1732978800000	149.724	1732982340000	149.724	1	0	40eb9dfaa1f87df06fc94dba6710fa42ae5a57370b38a8d60782ff82ebe82988	2026-09-08T15:03:04.006Z		2.13.99	3.6.51	1.8.0_472-b09
R0780	USD/JPY	1733054400000	1733058000000	retrieval_error_hour	getTicks	1	success	not_applicable	0					0	0	e3b0c44298fc1c149afbf4c8996fb92427ae41e4649b934ca495991b7852b855	2026-09-08T15:03:04.567Z		2.13.99	3.6.51	1.8.0_472-b09
R0780	USD/JPY	1733054400000	1733058000000	retrieval_error_hour	readTicks	1	success	true	0					0	0	e3b0c44298fc1c149afbf4c8996fb92427ae41e4649b934ca495991b7852b855	2026-09-08T15:03:04.568Z		2.13.99	3.6.51	1.8.0_472-b09
R0780	USD/JPY	1733054400000	1733058000000	retrieval_error_hour	getBars	1	success	not_applicable	60	1733054400000	149.724	1733057940000	149.724	1	0	7d7f2ae45eae3e765f5307db60fa2b93462745209e2a37d46ce8de161b7a3098	2026-09-08T15:03:04.870Z		2.13.99	3.6.51	1.8.0_472-b09
R0781	USD/JPY	1733868000000	1733871600000	retrieval_error_hour	getTicks	1	success	not_applicable	179	1733868000029	151.92	1733871598584	151.934	0	0	7095c6c5004c7fa9f3cbabf8471db4a55e9cdb65f51516bcb7205c53a3173ded	2026-09-08T15:03:05.477Z		2.13.99	3.6.51	1.8.0_472-b09
R0781	USD/JPY	1733868000000	1733871600000	retrieval_error_hour	readTicks	1	success	true	179	1733868000029	151.92	1733871598584	151.934	0	0	7095c6c5004c7fa9f3cbabf8471db4a55e9cdb65f51516bcb7205c53a3173ded	2026-09-08T15:03:05.478Z		2.13.99	3.6.51	1.8.0_472-b09
R0781	USD/JPY	1733868000000	1733871600000	retrieval_error_hour	getBars	1	success	not_applicable	60	1733868000000	151.92	1733871540000	151.93	1	0	721164cd39645c9b536619c024625ce6f1d78d02fde2317fdf640ff92c30e326	2026-09-08T15:03:06.027Z		2.13.99	3.6.51	1.8.0_472-b09
R0782	USD/JPY	1734872400000	1734876000000	retrieval_error_hour	getTicks	1	success	not_applicable	0					0	0	e3b0c44298fc1c149afbf4c8996fb92427ae41e4649b934ca495991b7852b855	2026-09-08T15:03:06.757Z		2.13.99	3.6.51	1.8.0_472-b09
R0782	USD/JPY	1734872400000	1734876000000	retrieval_error_hour	readTicks	1	success	true	0					0	0	e3b0c44298fc1c149afbf4c8996fb92427ae41e4649b934ca495991b7852b855	2026-09-08T15:03:06.758Z		2.13.99	3.6.51	1.8.0_472-b09
R0782	USD/JPY	1734872400000	1734876000000	retrieval_error_hour	getBars	1	success	not_applicable	60	1734872400000	156.407	1734875940000	156.407	1	0	723ff26089ee016a79208cee49696f323684b34df7f23094e8fe6720c0f9c04b	2026-09-08T15:03:07.013Z		2.13.99	3.6.51	1.8.0_472-b09
MISMATCH_GBPUSD_20231210T2259Z	GBP/USD	1702249020000	1702249320000	mismatch	getTicks	1	success	not_applicable	223	1702249023538	1.25421	1702249315167	1.25442	0	0	a19a9af859b90ecc1ad7499828c4a38ddf3875fd10e2184ad6c57869ee548306	2026-09-08T15:03:07.329Z		2.13.99	3.6.51	1.8.0_472-b09
MISMATCH_GBPUSD_20231210T2259Z	GBP/USD	1702249020000	1702249320000	mismatch	readTicks	1	success	true	223	1702249023538	1.25421	1702249315167	1.25442	0	0	a19a9af859b90ecc1ad7499828c4a38ddf3875fd10e2184ad6c57869ee548306	2026-09-08T15:03:07.330Z		2.13.99	3.6.51	1.8.0_472-b09
MISMATCH_GBPUSD_20231210T2259Z	GBP/USD	1702249020000	1702249320000	mismatch	getBars	1	success	not_applicable	5	1702249020000	1.25421	1702249260000	1.2545	1	0	309832d6626616be73222c526d2b56114061514dd105ee415dbe85a687b4a897	2026-09-08T15:03:07.330Z		2.13.99	3.6.51	1.8.0_472-b09
