[INFO] Scanning for projects...
[INFO] 
[INFO] ----------------< local.xm:jforex-final-reconciliation >----------------
[INFO] Building jforex-final-reconciliation 1.0.0
[INFO]   from pom.xml
[INFO] --------------------------------[ jar ]---------------------------------
[WARNING] 1 problem was encountered while building the effective model for com.dukascopy.dds2:DDS2-jClient-JForex:jar:3.6.51 during dependency collection step for project (use -X to see details)
[WARNING] 1 problem was encountered while building the effective model for com.dukascopy.dds2:greed-common:jar:318.4.128 during dependency collection step for project (use -X to see details)
[WARNING] 1 problem was encountered while building the effective model for com.dukascopy.dds2:ui-core:jar:1.6.106 during dependency collection step for project (use -X to see details)
[WARNING] 1 problem was encountered while building the effective model for org.javassist:javassist:jar:3.18.1-GA during dependency collection step for project (use -X to see details)
[WARNING] 1 problem was encountered while building the effective model for com.dukascopy.dds2:Login-Form:jar:3.31 during dependency collection step for project (use -X to see details)
[INFO] 
[INFO] --- resources:3.4.0:resources (default-resources) @ jforex-final-reconciliation ---
[INFO] Copying 1 resource from src\main\resources to target\classes
[INFO] 
[INFO] --- compiler:3.14.1:compile (default-compile) @ jforex-final-reconciliation ---
[INFO] Nothing to compile - all classes are up to date.
[INFO] ------------------------------------------------------------------------
[INFO] BUILD SUCCESS
[INFO] ------------------------------------------------------------------------
[INFO] Total time:  0.504 s
[INFO] Finished at: 2026-09-08T22:08:44+08:00
[INFO] ------------------------------------------------------------------------
[REDACTED: SDK authentication/account diagnostic]
[REDACTED: SDK authentication/account diagnostic]
[REDACTED: SDK authentication/account diagnostic]
[REDACTED: SDK authentication/account diagnostic]
[REDACTED: SDK authentication/account diagnostic]
[REDACTED: SDK authentication/account diagnostic]
[REDACTED: SDK authentication/account diagnostic]
[REDACTED: SDK authentication/account diagnostic]
[REDACTED: SDK authentication/account diagnostic]
[REDACTED: SDK authentication/account diagnostic]
[REDACTED: SDK authentication/account diagnostic]
[REDACTED: SDK authentication/account diagnostic]
[REDACTED: SDK authentication/account diagnostic]
2026-09-08 22:08:50.923 ERROR Instrumentarium - Received pip value is different than predefined for instrument [EUR/THB]
[REDACTED: SDK authentication/account diagnostic]
2026-09-08 22:08:50.943 INFO  PingHelper - Selecting the best server...
2026-09-08 22:08:51.003 INFO  PingHelper - The ping start time=2026-09-08 22:08:51:003
2026-09-08 22:08:51.228 INFO  PingHelper - The ping end time=2026-09-08 22:08:51:228, the ping processing time=[225]ms
2026-09-08 22:08:51.228 DEBUG PingHelper - Best api url [d-ja-hk-111-4.66proxymity88.net:10443] with time [28]
2026-09-08 22:08:51.229 INFO  ApiServerManager - APIC: The ping is finished, the fastest API server is saved: d-ja-hk-111-4.66proxymity88.net:10443 (28 ms)
[REDACTED: SDK authentication/account diagnostic]
2026-09-08 22:08:51.229 WARN  DCClientImpl - Layout Types list was not found
2026-09-08 22:08:51.231 DEBUG DCClientImpl - UserAgent: {"clientType":"DDS3_JFOREXSDK","javaVersion":"1.8.0_472","jvmVersion":"25.472-b09","clientVersion":"318.4.128","osName":"Windows 11"}
2026-09-08 22:08:51.960 INFO  FilePathManager - WL info is unavailable. Use default App folder for Platform data:  C:\Users\User\AppData\Local\JForex
2026-09-08 22:08:52.144 INFO  InstrumentManager - InstrumentManager created.
2026-09-08 22:08:52.289 WARN  WLabelData - White Label Image is not received
2026-09-08 22:08:53.948 INFO  GreedClientAuthorizationProvider - !!!:Thread[(DDS2 Standalone Transport Client) ClientConnector,5,main]
2026-09-08 22:08:53.949 INFO  ClientConnector - Authorize task in queue, server address [d-ja-hk-111-4.66proxymity88.net/18.162.119.32:10443], transport name [DDS2 Standalone Transport Client]
2026-09-08 22:08:53.990 INFO  LiveCurrencyMarketManager - LiveCurrencyMarketManager started.
2026-09-08 22:08:55.367 INFO  TransportClient - Ticks are being transferred via UDP
2026-09-08 22:08:55.378 INFO  InstrumentManager - SUBSCRIBED INSTRUMENTS: [EUR/USD, GBP/USD, USD/JPY]
2026-09-08 22:08:55.378 INFO  InstrumentManager - FULL DEPTH INSTRUMENTS: [EUR/USD, GBP/USD, USD/JPY]
Strategy "CollectorStrategy" Strategy ID: D1A23EA0352990190C1CFCC0D61767F4 is started at 2026-09-08 14:08:57.307 GMT on the local computer with no parameters
[REDACTED: SDK authentication/account diagnostic]
[REDACTED: SDK authentication/account diagnostic]
2026-09-08 22:10:13.857 WARN  CurvesJsonProtocolHandler - Read timed out
java.net.SocketTimeoutException: Read timed out
	at java.net.SocketInputStream.socketRead0(Native Method)
	at java.net.SocketInputStream.socketRead(SocketInputStream.java:116)
	at java.net.SocketInputStream.read(SocketInputStream.java:171)
	at java.net.SocketInputStream.read(SocketInputStream.java:141)
	at sun.security.ssl.SSLSocketInputRecord.read(SSLSocketInputRecord.java:464)
	at sun.security.ssl.SSLSocketInputRecord.bytesInCompletePacket(SSLSocketInputRecord.java:68)
	at sun.security.ssl.SSLSocketImpl.readApplicationRecord(SSLSocketImpl.java:1350)
	at sun.security.ssl.SSLSocketImpl.access$300(SSLSocketImpl.java:73)
	at sun.security.ssl.SSLSocketImpl$AppInputStream.read(SSLSocketImpl.java:966)
	at java.io.BufferedInputStream.fill(BufferedInputStream.java:246)
	at java.io.BufferedInputStream.read1(BufferedInputStream.java:286)
	at java.io.BufferedInputStream.read(BufferedInputStream.java:345)
	at sun.net.www.http.HttpClient.parseHTTPHeader(HttpClient.java:745)
	at sun.net.www.http.HttpClient.parseHTTP(HttpClient.java:680)
	at sun.net.www.protocol.http.HttpURLConnection.getInputStream0(HttpURLConnection.java:1612)
	at sun.net.www.protocol.http.HttpURLConnection.getInputStream(HttpURLConnection.java:1517)
	at java.net.HttpURLConnection.getResponseCode(HttpURLConnection.java:480)
	at sun.net.www.protocol.https.HttpsURLConnectionImpl.getResponseCode(HttpsURLConnectionImpl.java:352)
	at com.dukascopy.charts.data.datacache.CurvesJsonProtocolHandler.readURL(CurvesJsonProtocolHandler.java:319)
	at com.dukascopy.charts.data.datacache.CurvesJsonProtocolHandler.loadFileFromCFG(CurvesJsonProtocolHandler.java:256)
	at com.dukascopy.charts.data.datacache.CurvesJsonProtocolHandler.loadAndDecompressFileFromCFG(CurvesJsonProtocolHandler.java:361)
	at com.dukascopy.charts.data.datacache.CurvesJsonProtocolHandler.loadChunkFileFromCFG(CurvesJsonProtocolHandler.java:495)
	at com.dukascopy.charts.data.datacache.CurvesDataLoader.lambda$loadDataFromCFG$2(CurvesDataLoader.java:1642)
	at java.util.concurrent.FutureTask.run(FutureTask.java:266)
	at com.dukascopy.charts.data.datacache.CurvesDataLoader.performLoad(CurvesDataLoader.java:2004)
	at com.dukascopy.charts.data.datacache.CurvesDataLoader.loadDataFromCFG(CurvesDataLoader.java:1637)
	at com.dukascopy.charts.data.datacache.CurvesDataLoader.loadChunkData(CurvesDataLoader.java:1562)
	at com.dukascopy.charts.data.datacache.CurvesDataLoader.loadSmallIntervals(CurvesDataLoader.java:654)
	at com.dukascopy.charts.data.datacache.CurvesDataLoader.loadInCache(CurvesDataLoader.java:258)
	at com.dukascopy.charts.data.datacache.CurvesDataLoader.loadInCache(CurvesDataLoader.java:161)
	at com.dukascopy.charts.data.datacache.LoadDataAction.lambda$run$0(LoadDataAction.java:323)
	at java.security.AccessController.doPrivileged(Native Method)
	at com.dukascopy.charts.data.datacache.LoadDataAction.run(LoadDataAction.java:338)
	at com.dukascopy.charts.data.datacache.FeedDataProvider.loadTicksDataSynched(FeedDataProvider.java:1419)
	at com.dukascopy.api.impl.HistoryData.getTicksSecured(HistoryData.java:98)
	at com.dukascopy.api.impl.History.lambda$getTicks$4(History.java:444)
	at com.dukascopy.api.impl.History.lambda$doPrivileged$116(History.java:3573)
	at java.security.AccessController.doPrivileged(Native Method)
	at com.dukascopy.api.impl.History.doPrivileged(History.java:3573)
	at com.dukascopy.api.impl.History.getTicks(History.java:442)
	at local.xm.JForexFinalCollector$CollectorStrategy.collectBlockingTicks(JForexFinalCollector.java:208)
	at local.xm.JForexFinalCollector$CollectorStrategy.collect(JForexFinalCollector.java:188)
	at local.xm.JForexFinalCollector$CollectorStrategy.access$100(JForexFinalCollector.java:143)
	at local.xm.JForexFinalCollector$CollectorStrategy$1.run(JForexFinalCollector.java:162)
	at java.lang.Thread.run(Thread.java:750)
JFOREX_PROGRESS=25/784
JFOREX_PROGRESS=50/784
JFOREX_PROGRESS=75/784
JFOREX_PROGRESS=100/784
JFOREX_PROGRESS=125/784
2026-09-08 22:12:44.159 WARN  CurvesJsonProtocolHandler - Connection timed out: connect
java.net.ConnectException: Connection timed out: connect
	at java.net.DualStackPlainSocketImpl.waitForConnect(Native Method)
	at java.net.DualStackPlainSocketImpl.socketConnect(DualStackPlainSocketImpl.java:85)
	at java.net.AbstractPlainSocketImpl.doConnect(AbstractPlainSocketImpl.java:350)
	at java.net.AbstractPlainSocketImpl.connectToAddress(AbstractPlainSocketImpl.java:206)
	at java.net.AbstractPlainSocketImpl.connect(AbstractPlainSocketImpl.java:188)
	at java.net.PlainSocketImpl.connect(PlainSocketImpl.java:172)
	at java.net.SocksSocketImpl.connect(SocksSocketImpl.java:392)
	at java.net.Socket.connect(Socket.java:607)
	at sun.security.ssl.SSLSocketImpl.connect(SSLSocketImpl.java:293)
	at sun.net.NetworkClient.doConnect(NetworkClient.java:175)
	at sun.net.www.http.HttpClient.openServer(HttpClient.java:465)
	at sun.net.www.http.HttpClient.openServer(HttpClient.java:560)
	at sun.net.www.protocol.https.HttpsClient.<init>(HttpsClient.java:264)
	at sun.net.www.protocol.https.HttpsClient.New(HttpsClient.java:367)
	at sun.net.www.protocol.https.AbstractDelegateHttpsURLConnection.getNewHttpClient(AbstractDelegateHttpsURLConnection.java:203)
	at sun.net.www.protocol.http.HttpURLConnection.plainConnect0(HttpURLConnection.java:1179)
	at sun.net.www.protocol.http.HttpURLConnection.plainConnect(HttpURLConnection.java:1073)
	at sun.net.www.protocol.https.AbstractDelegateHttpsURLConnection.connect(AbstractDelegateHttpsURLConnection.java:189)
	at sun.net.www.protocol.http.HttpURLConnection.getInputStream0(HttpURLConnection.java:1589)
	at sun.net.www.protocol.http.HttpURLConnection.getInputStream(HttpURLConnection.java:1517)
	at java.net.HttpURLConnection.getResponseCode(HttpURLConnection.java:480)
	at sun.net.www.protocol.https.HttpsURLConnectionImpl.getResponseCode(HttpsURLConnectionImpl.java:352)
	at com.dukascopy.charts.data.datacache.CurvesJsonProtocolHandler.readURL(CurvesJsonProtocolHandler.java:319)
	at com.dukascopy.charts.data.datacache.CurvesJsonProtocolHandler.loadFileFromCFG(CurvesJsonProtocolHandler.java:256)
	at com.dukascopy.charts.data.datacache.CurvesJsonProtocolHandler.loadAndDecompressFileFromCFG(CurvesJsonProtocolHandler.java:361)
	at com.dukascopy.charts.data.datacache.CurvesJsonProtocolHandler.loadChunkFileFromCFG(CurvesJsonProtocolHandler.java:495)
	at com.dukascopy.charts.data.datacache.CurvesDataLoader.lambda$loadDataFromCFG$2(CurvesDataLoader.java:1642)
	at java.util.concurrent.FutureTask.run(FutureTask.java:266)
	at com.dukascopy.charts.data.datacache.CurvesDataLoader.performLoad(CurvesDataLoader.java:2004)
	at com.dukascopy.charts.data.datacache.CurvesDataLoader.loadDataFromCFG(CurvesDataLoader.java:1637)
	at com.dukascopy.charts.data.datacache.CurvesDataLoader.loadChunkData(CurvesDataLoader.java:1562)
	at com.dukascopy.charts.data.datacache.CurvesDataLoader.loadSmallIntervals(CurvesDataLoader.java:654)
	at com.dukascopy.charts.data.datacache.CurvesDataLoader.loadInCache(CurvesDataLoader.java:258)
	at com.dukascopy.charts.data.datacache.CurvesDataLoader.loadInCache(CurvesDataLoader.java:161)
	at com.dukascopy.charts.data.datacache.LoadDataAction.lambda$run$0(LoadDataAction.java:323)
	at java.security.AccessController.doPrivileged(Native Method)
	at com.dukascopy.charts.data.datacache.LoadDataAction.run(LoadDataAction.java:338)
	at com.dukascopy.charts.data.datacache.FeedDataProvider.loadTicksDataSynched(FeedDataProvider.java:1419)
	at com.dukascopy.api.impl.HistoryData.getTicksSecured(HistoryData.java:98)
	at com.dukascopy.api.impl.History.lambda$getTicks$4(History.java:444)
	at com.dukascopy.api.impl.History.lambda$doPrivileged$116(History.java:3573)
	at java.security.AccessController.doPrivileged(Native Method)
	at com.dukascopy.api.impl.History.doPrivileged(History.java:3573)
	at com.dukascopy.api.impl.History.getTicks(History.java:442)
	at local.xm.JForexFinalCollector$CollectorStrategy.collectBlockingTicks(JForexFinalCollector.java:208)
	at local.xm.JForexFinalCollector$CollectorStrategy.collect(JForexFinalCollector.java:188)
	at local.xm.JForexFinalCollector$CollectorStrategy.access$100(JForexFinalCollector.java:143)
	at local.xm.JForexFinalCollector$CollectorStrategy$1.run(JForexFinalCollector.java:162)
	at java.lang.Thread.run(Thread.java:750)
2026-09-08 22:13:05.220 WARN  CurvesJsonProtocolHandler - Connection timed out: connect
java.net.ConnectException: Connection timed out: connect
	at java.net.DualStackPlainSocketImpl.waitForConnect(Native Method)
	at java.net.DualStackPlainSocketImpl.socketConnect(DualStackPlainSocketImpl.java:85)
	at java.net.AbstractPlainSocketImpl.doConnect(AbstractPlainSocketImpl.java:350)
	at java.net.AbstractPlainSocketImpl.connectToAddress(AbstractPlainSocketImpl.java:206)
	at java.net.AbstractPlainSocketImpl.connect(AbstractPlainSocketImpl.java:188)
	at java.net.PlainSocketImpl.connect(PlainSocketImpl.java:172)
	at java.net.SocksSocketImpl.connect(SocksSocketImpl.java:392)
	at java.net.Socket.connect(Socket.java:607)
	at sun.security.ssl.SSLSocketImpl.connect(SSLSocketImpl.java:293)
	at sun.net.NetworkClient.doConnect(NetworkClient.java:175)
	at sun.net.www.http.HttpClient.openServer(HttpClient.java:465)
	at sun.net.www.http.HttpClient.openServer(HttpClient.java:560)
	at sun.net.www.protocol.https.HttpsClient.<init>(HttpsClient.java:264)
	at sun.net.www.protocol.https.HttpsClient.New(HttpsClient.java:367)
	at sun.net.www.protocol.https.AbstractDelegateHttpsURLConnection.getNewHttpClient(AbstractDelegateHttpsURLConnection.java:203)
	at sun.net.www.protocol.http.HttpURLConnection.plainConnect0(HttpURLConnection.java:1179)
	at sun.net.www.protocol.http.HttpURLConnection.plainConnect(HttpURLConnection.java:1073)
	at sun.net.www.protocol.https.AbstractDelegateHttpsURLConnection.connect(AbstractDelegateHttpsURLConnection.java:189)
	at sun.net.www.protocol.http.HttpURLConnection.getInputStream0(HttpURLConnection.java:1589)
	at sun.net.www.protocol.http.HttpURLConnection.getInputStream(HttpURLConnection.java:1517)
	at java.net.HttpURLConnection.getResponseCode(HttpURLConnection.java:480)
	at sun.net.www.protocol.https.HttpsURLConnectionImpl.getResponseCode(HttpsURLConnectionImpl.java:352)
	at com.dukascopy.charts.data.datacache.CurvesJsonProtocolHandler.readURL(CurvesJsonProtocolHandler.java:319)
	at com.dukascopy.charts.data.datacache.CurvesJsonProtocolHandler.loadFileFromCFG(CurvesJsonProtocolHandler.java:256)
	at com.dukascopy.charts.data.datacache.CurvesJsonProtocolHandler.loadAndDecompressFileFromCFG(CurvesJsonProtocolHandler.java:361)
	at com.dukascopy.charts.data.datacache.CurvesJsonProtocolHandler.loadChunkFileFromCFG(CurvesJsonProtocolHandler.java:495)
	at com.dukascopy.charts.data.datacache.CurvesDataLoader.lambda$loadDataFromCFG$2(CurvesDataLoader.java:1642)
	at java.util.concurrent.FutureTask.run(FutureTask.java:266)
	at com.dukascopy.charts.data.datacache.CurvesDataLoader.performLoad(CurvesDataLoader.java:2004)
	at com.dukascopy.charts.data.datacache.CurvesDataLoader.loadDataFromCFG(CurvesDataLoader.java:1637)
	at com.dukascopy.charts.data.datacache.CurvesDataLoader.loadChunkData(CurvesDataLoader.java:1562)
	at com.dukascopy.charts.data.datacache.CurvesDataLoader.loadSmallIntervals(CurvesDataLoader.java:654)
	at com.dukascopy.charts.data.datacache.CurvesDataLoader.loadInCache(CurvesDataLoader.java:258)
	at com.dukascopy.charts.data.datacache.CurvesDataLoader.loadInCache(CurvesDataLoader.java:161)
	at com.dukascopy.charts.data.datacache.LoadDataAction.lambda$run$0(LoadDataAction.java:323)
	at java.security.AccessController.doPrivileged(Native Method)
	at com.dukascopy.charts.data.datacache.LoadDataAction.run(LoadDataAction.java:338)
	at com.dukascopy.charts.data.datacache.FeedDataProvider.loadTicksDataSynched(FeedDataProvider.java:1419)
	at com.dukascopy.api.impl.HistoryData.getTicksSecured(HistoryData.java:98)
	at com.dukascopy.api.impl.History.lambda$getTicks$4(History.java:444)
	at com.dukascopy.api.impl.History.lambda$doPrivileged$116(History.java:3573)
	at java.security.AccessController.doPrivileged(Native Method)
	at com.dukascopy.api.impl.History.doPrivileged(History.java:3573)
	at com.dukascopy.api.impl.History.getTicks(History.java:442)
	at local.xm.JForexFinalCollector$CollectorStrategy.collectBlockingTicks(JForexFinalCollector.java:208)
	at local.xm.JForexFinalCollector$CollectorStrategy.collect(JForexFinalCollector.java:188)
	at local.xm.JForexFinalCollector$CollectorStrategy.access$100(JForexFinalCollector.java:143)
	at local.xm.JForexFinalCollector$CollectorStrategy$1.run(JForexFinalCollector.java:162)
	at java.lang.Thread.run(Thread.java:750)
2026-09-08 22:13:25.016 WARN  CurvesJsonProtocolHandler - Connection reset
javax.net.ssl.SSLException: Connection reset
	at sun.security.ssl.Alert.createSSLException(Alert.java:127)
	at sun.security.ssl.TransportContext.fatal(TransportContext.java:331)
	at sun.security.ssl.TransportContext.fatal(TransportContext.java:274)
	at sun.security.ssl.TransportContext.fatal(TransportContext.java:269)
	at sun.security.ssl.SSLTransport.decode(SSLTransport.java:138)
	at sun.security.ssl.SSLSocketImpl.decode(SSLSocketImpl.java:1401)
	at sun.security.ssl.SSLSocketImpl.readHandshakeRecord(SSLSocketImpl.java:1309)
	at sun.security.ssl.SSLSocketImpl.startHandshake(SSLSocketImpl.java:440)
	at sun.net.www.protocol.https.HttpsClient.afterConnect(HttpsClient.java:567)
	at sun.net.www.protocol.https.AbstractDelegateHttpsURLConnection.connect(AbstractDelegateHttpsURLConnection.java:197)
	at sun.net.www.protocol.http.HttpURLConnection.getInputStream0(HttpURLConnection.java:1589)
	at sun.net.www.protocol.http.HttpURLConnection.getInputStream(HttpURLConnection.java:1517)
	at java.net.HttpURLConnection.getResponseCode(HttpURLConnection.java:480)
	at sun.net.www.protocol.https.HttpsURLConnectionImpl.getResponseCode(HttpsURLConnectionImpl.java:352)
	at com.dukascopy.charts.data.datacache.CurvesJsonProtocolHandler.readURL(CurvesJsonProtocolHandler.java:319)
	at com.dukascopy.charts.data.datacache.CurvesJsonProtocolHandler.loadFileFromCFG(CurvesJsonProtocolHandler.java:256)
	at com.dukascopy.charts.data.datacache.CurvesJsonProtocolHandler.loadAndDecompressFileFromCFG(CurvesJsonProtocolHandler.java:361)
	at com.dukascopy.charts.data.datacache.CurvesJsonProtocolHandler.loadChunkFileFromCFG(CurvesJsonProtocolHandler.java:495)
	at com.dukascopy.charts.data.datacache.CurvesDataLoader.lambda$loadDataFromCFG$2(CurvesDataLoader.java:1642)
	at java.util.concurrent.FutureTask.run(FutureTask.java:266)
	at com.dukascopy.charts.data.datacache.CurvesDataLoader.performLoad(CurvesDataLoader.java:2004)
	at com.dukascopy.charts.data.datacache.CurvesDataLoader.loadDataFromCFG(CurvesDataLoader.java:1637)
	at com.dukascopy.charts.data.datacache.CurvesDataLoader.loadChunkData(CurvesDataLoader.java:1562)
	at com.dukascopy.charts.data.datacache.CurvesDataLoader.loadSmallIntervals(CurvesDataLoader.java:654)
	at com.dukascopy.charts.data.datacache.CurvesDataLoader.loadInCache(CurvesDataLoader.java:258)
	at com.dukascopy.charts.data.datacache.CurvesDataLoader.loadInCache(CurvesDataLoader.java:161)
	at com.dukascopy.charts.data.datacache.LoadDataAction.lambda$run$0(LoadDataAction.java:323)
	at java.security.AccessController.doPrivileged(Native Method)
	at com.dukascopy.charts.data.datacache.LoadDataAction.run(LoadDataAction.java:338)
	at com.dukascopy.charts.data.datacache.FeedDataProvider.loadCandlesDataSynched(FeedDataProvider.java:962)
	at com.dukascopy.charts.data.datacache.FeedDataProvider.loadCandlesFromToSynched(FeedDataProvider.java:2820)
	at com.dukascopy.api.impl.HistoryData.getBarsSecured(HistoryData.java:206)
	at com.dukascopy.api.impl.History.lambda$getBars$54(History.java:1667)
	at com.dukascopy.api.impl.History.lambda$doPrivileged$116(History.java:3573)
	at java.security.AccessController.doPrivileged(Native Method)
	at com.dukascopy.api.impl.History.doPrivileged(History.java:3573)
	at com.dukascopy.api.impl.History.getBars(History.java:1665)
	at local.xm.JForexFinalCollector$CollectorStrategy.collectBars(JForexFinalCollector.java:284)
	at local.xm.JForexFinalCollector$CollectorStrategy.collect(JForexFinalCollector.java:190)
	at local.xm.JForexFinalCollector$CollectorStrategy.access$100(JForexFinalCollector.java:143)
	at local.xm.JForexFinalCollector$CollectorStrategy$1.run(JForexFinalCollector.java:162)
	at java.lang.Thread.run(Thread.java:750)
	Suppressed: java.net.SocketException: Connection reset by peer: socket write error
		at java.net.SocketOutputStream.socketWrite0(Native Method)
		at java.net.SocketOutputStream.socketWrite(SocketOutputStream.java:111)
		at java.net.SocketOutputStream.write(SocketOutputStream.java:155)
		at sun.security.ssl.SSLSocketOutputRecord.encodeAlert(SSLSocketOutputRecord.java:81)
		at sun.security.ssl.TransportContext.fatal(TransportContext.java:362)
		... 40 more
Caused by: java.net.SocketException: Connection reset
	at java.net.SocketInputStream.read(SocketInputStream.java:210)
	at java.net.SocketInputStream.read(SocketInputStream.java:141)
	at sun.security.ssl.SSLSocketInputRecord.read(SSLSocketInputRecord.java:464)
	at sun.security.ssl.SSLSocketInputRecord.decode(SSLSocketInputRecord.java:165)
	at sun.security.ssl.SSLTransport.decode(SSLTransport.java:109)
	... 37 more
2026-09-08 22:13:25.019 ERROR HistoryData - No bars loaded for EUR/USD, 1 Min, Bid, NO_FILTER, 2022-04-24 08:00:00:000 - 2022-04-24 08:59:00:000
current bar 2026-09-08 14:13:00:000
2026-09-08 22:13:46.065 WARN  CurvesJsonProtocolHandler - Connection timed out: connect
java.net.ConnectException: Connection timed out: connect
	at java.net.DualStackPlainSocketImpl.waitForConnect(Native Method)
	at java.net.DualStackPlainSocketImpl.socketConnect(DualStackPlainSocketImpl.java:85)
	at java.net.AbstractPlainSocketImpl.doConnect(AbstractPlainSocketImpl.java:350)
	at java.net.AbstractPlainSocketImpl.connectToAddress(AbstractPlainSocketImpl.java:206)
	at java.net.AbstractPlainSocketImpl.connect(AbstractPlainSocketImpl.java:188)
	at java.net.PlainSocketImpl.connect(PlainSocketImpl.java:172)
	at java.net.SocksSocketImpl.connect(SocksSocketImpl.java:392)
	at java.net.Socket.connect(Socket.java:607)
	at sun.security.ssl.SSLSocketImpl.connect(SSLSocketImpl.java:293)
	at sun.net.NetworkClient.doConnect(NetworkClient.java:175)
	at sun.net.www.http.HttpClient.openServer(HttpClient.java:465)
	at sun.net.www.http.HttpClient.openServer(HttpClient.java:560)
	at sun.net.www.protocol.https.HttpsClient.<init>(HttpsClient.java:264)
	at sun.net.www.protocol.https.HttpsClient.New(HttpsClient.java:367)
	at sun.net.www.protocol.https.AbstractDelegateHttpsURLConnection.getNewHttpClient(AbstractDelegateHttpsURLConnection.java:203)
	at sun.net.www.protocol.http.HttpURLConnection.plainConnect0(HttpURLConnection.java:1179)
	at sun.net.www.protocol.http.HttpURLConnection.plainConnect(HttpURLConnection.java:1073)
	at sun.net.www.protocol.https.AbstractDelegateHttpsURLConnection.connect(AbstractDelegateHttpsURLConnection.java:189)
	at sun.net.www.protocol.http.HttpURLConnection.getInputStream0(HttpURLConnection.java:1589)
	at sun.net.www.protocol.http.HttpURLConnection.getInputStream(HttpURLConnection.java:1517)
	at java.net.HttpURLConnection.getResponseCode(HttpURLConnection.java:480)
	at sun.net.www.protocol.https.HttpsURLConnectionImpl.getResponseCode(HttpsURLConnectionImpl.java:352)
	at com.dukascopy.charts.data.datacache.CurvesJsonProtocolHandler.readURL(CurvesJsonProtocolHandler.java:319)
	at com.dukascopy.charts.data.datacache.CurvesJsonProtocolHandler.loadFileFromCFG(CurvesJsonProtocolHandler.java:256)
	at com.dukascopy.charts.data.datacache.CurvesJsonProtocolHandler.loadAndDecompressFileFromCFG(CurvesJsonProtocolHandler.java:361)
	at com.dukascopy.charts.data.datacache.CurvesJsonProtocolHandler.loadChunkFileFromCFG(CurvesJsonProtocolHandler.java:495)
	at com.dukascopy.charts.data.datacache.CurvesDataLoader.lambda$loadDataFromCFG$2(CurvesDataLoader.java:1642)
	at java.util.concurrent.FutureTask.run(FutureTask.java:266)
	at com.dukascopy.charts.data.datacache.CurvesDataLoader.performLoad(CurvesDataLoader.java:2004)
	at com.dukascopy.charts.data.datacache.CurvesDataLoader.loadDataFromCFG(CurvesDataLoader.java:1637)
	at com.dukascopy.charts.data.datacache.CurvesDataLoader.loadChunkData(CurvesDataLoader.java:1562)
	at com.dukascopy.charts.data.datacache.CurvesDataLoader.loadSmallIntervals(CurvesDataLoader.java:654)
	at com.dukascopy.charts.data.datacache.CurvesDataLoader.loadInCache(CurvesDataLoader.java:258)
	at com.dukascopy.charts.data.datacache.CurvesDataLoader.loadInCache(CurvesDataLoader.java:161)
	at com.dukascopy.charts.data.datacache.LoadDataAction.lambda$run$0(LoadDataAction.java:323)
	at java.security.AccessController.doPrivileged(Native Method)
	at com.dukascopy.charts.data.datacache.LoadDataAction.run(LoadDataAction.java:338)
	at com.dukascopy.charts.data.datacache.FeedDataProvider.loadTicksDataSynched(FeedDataProvider.java:1419)
	at com.dukascopy.api.impl.HistoryData.getTicksSecured(HistoryData.java:98)
	at com.dukascopy.api.impl.History.lambda$getTicks$4(History.java:444)
	at com.dukascopy.api.impl.History.lambda$doPrivileged$116(History.java:3573)
	at java.security.AccessController.doPrivileged(Native Method)
	at com.dukascopy.api.impl.History.doPrivileged(History.java:3573)
	at com.dukascopy.api.impl.History.getTicks(History.java:442)
	at local.xm.JForexFinalCollector$CollectorStrategy.collectBlockingTicks(JForexFinalCollector.java:208)
	at local.xm.JForexFinalCollector$CollectorStrategy.collect(JForexFinalCollector.java:188)
	at local.xm.JForexFinalCollector$CollectorStrategy.access$100(JForexFinalCollector.java:143)
	at local.xm.JForexFinalCollector$CollectorStrategy$1.run(JForexFinalCollector.java:162)
	at java.lang.Thread.run(Thread.java:750)
2026-09-08 22:14:00.777 ERROR HistoryData - No bars loaded for EUR/USD, 1 Min, Bid, NO_FILTER, 2022-04-24 13:00:00:000 - 2022-04-24 13:59:00:000
current bar 2026-09-08 14:13:00:000
JFOREX_PROGRESS=150/784
JFOREX_PROGRESS=175/784
JFOREX_PROGRESS=200/784
2026-09-08 22:16:19.422 WARN  CurvesJsonProtocolHandler - Server returned HTTP response code: 503 for URL: https://datafeed.66proxymity88.net/EURUSD/2024/11/25/17h_ticks.bi5
java.io.IOException: Server returned HTTP response code: 503 for URL: https://datafeed.66proxymity88.net/EURUSD/2024/11/25/17h_ticks.bi5
	at sun.reflect.NativeConstructorAccessorImpl.newInstance0(Native Method)
	at sun.reflect.NativeConstructorAccessorImpl.newInstance(NativeConstructorAccessorImpl.java:62)
	at sun.reflect.DelegatingConstructorAccessorImpl.newInstance(DelegatingConstructorAccessorImpl.java:45)
	at java.lang.reflect.Constructor.newInstance(Constructor.java:423)
	at sun.net.www.protocol.http.HttpURLConnection$10.run(HttpURLConnection.java:1969)
	at sun.net.www.protocol.http.HttpURLConnection$10.run(HttpURLConnection.java:1964)
	at java.security.AccessController.doPrivileged(Native Method)
	at sun.net.www.protocol.http.HttpURLConnection.getChainedException(HttpURLConnection.java:1963)
	at sun.net.www.protocol.http.HttpURLConnection.getInputStream0(HttpURLConnection.java:1533)
	at sun.net.www.protocol.http.HttpURLConnection.getInputStream(HttpURLConnection.java:1517)
	at sun.net.www.protocol.https.HttpsURLConnectionImpl.getInputStream(HttpsURLConnectionImpl.java:268)
	at com.dukascopy.charts.data.datacache.CurvesJsonProtocolHandler.readURL(CurvesJsonProtocolHandler.java:331)
	at com.dukascopy.charts.data.datacache.CurvesJsonProtocolHandler.loadFileFromCFG(CurvesJsonProtocolHandler.java:256)
	at com.dukascopy.charts.data.datacache.CurvesJsonProtocolHandler.loadAndDecompressFileFromCFG(CurvesJsonProtocolHandler.java:361)
	at com.dukascopy.charts.data.datacache.CurvesJsonProtocolHandler.loadChunkFileFromCFG(CurvesJsonProtocolHandler.java:495)
	at com.dukascopy.charts.data.datacache.CurvesDataLoader.lambda$loadDataFromCFG$2(CurvesDataLoader.java:1642)
	at java.util.concurrent.FutureTask.run(FutureTask.java:266)
	at com.dukascopy.charts.data.datacache.CurvesDataLoader.performLoad(CurvesDataLoader.java:2004)
	at com.dukascopy.charts.data.datacache.CurvesDataLoader.loadDataFromCFG(CurvesDataLoader.java:1637)
	at com.dukascopy.charts.data.datacache.CurvesDataLoader.loadChunkData(CurvesDataLoader.java:1562)
	at com.dukascopy.charts.data.datacache.CurvesDataLoader.loadSmallIntervals(CurvesDataLoader.java:654)
	at com.dukascopy.charts.data.datacache.CurvesDataLoader.loadInCache(CurvesDataLoader.java:258)
	at com.dukascopy.charts.data.datacache.CurvesDataLoader.loadInCache(CurvesDataLoader.java:161)
	at com.dukascopy.charts.data.datacache.LoadDataAction.lambda$run$0(LoadDataAction.java:323)
	at java.security.AccessController.doPrivileged(Native Method)
	at com.dukascopy.charts.data.datacache.LoadDataAction.run(LoadDataAction.java:338)
	at com.dukascopy.charts.data.datacache.FeedDataProvider.loadTicksDataSynched(FeedDataProvider.java:1419)
	at com.dukascopy.api.impl.HistoryData.getTicksSecured(HistoryData.java:98)
	at com.dukascopy.api.impl.History.lambda$getTicks$4(History.java:444)
	at com.dukascopy.api.impl.History.lambda$doPrivileged$116(History.java:3573)
	at java.security.AccessController.doPrivileged(Native Method)
	at com.dukascopy.api.impl.History.doPrivileged(History.java:3573)
	at com.dukascopy.api.impl.History.getTicks(History.java:442)
	at local.xm.JForexFinalCollector$CollectorStrategy.collectBlockingTicks(JForexFinalCollector.java:208)
	at local.xm.JForexFinalCollector$CollectorStrategy.collect(JForexFinalCollector.java:188)
	at local.xm.JForexFinalCollector$CollectorStrategy.access$100(JForexFinalCollector.java:143)
	at local.xm.JForexFinalCollector$CollectorStrategy$1.run(JForexFinalCollector.java:162)
	at java.lang.Thread.run(Thread.java:750)
Caused by: java.io.IOException: Server returned HTTP response code: 503 for URL: https://datafeed.66proxymity88.net/EURUSD/2024/11/25/17h_ticks.bi5
	at sun.net.www.protocol.http.HttpURLConnection.getInputStream0(HttpURLConnection.java:1919)
	at sun.net.www.protocol.http.HttpURLConnection.getInputStream(HttpURLConnection.java:1517)
	at java.net.HttpURLConnection.getResponseCode(HttpURLConnection.java:480)
	at sun.net.www.protocol.https.HttpsURLConnectionImpl.getResponseCode(HttpsURLConnectionImpl.java:352)
	at com.dukascopy.charts.data.datacache.CurvesJsonProtocolHandler.readURL(CurvesJsonProtocolHandler.java:319)
	... 26 more
2026-09-08 22:16:52.404 WARN  CurvesJsonProtocolHandler - Server returned HTTP response code: 503 for URL: https://datafeed.66proxymity88.net/EURUSD/2024/11/25/18h_ticks.bi5
java.io.IOException: Server returned HTTP response code: 503 for URL: https://datafeed.66proxymity88.net/EURUSD/2024/11/25/18h_ticks.bi5
	at sun.reflect.NativeConstructorAccessorImpl.newInstance0(Native Method)
	at sun.reflect.NativeConstructorAccessorImpl.newInstance(NativeConstructorAccessorImpl.java:62)
	at sun.reflect.DelegatingConstructorAccessorImpl.newInstance(DelegatingConstructorAccessorImpl.java:45)
	at java.lang.reflect.Constructor.newInstance(Constructor.java:423)
	at sun.net.www.protocol.http.HttpURLConnection$10.run(HttpURLConnection.java:1969)
	at sun.net.www.protocol.http.HttpURLConnection$10.run(HttpURLConnection.java:1964)
	at java.security.AccessController.doPrivileged(Native Method)
	at sun.net.www.protocol.http.HttpURLConnection.getChainedException(HttpURLConnection.java:1963)
	at sun.net.www.protocol.http.HttpURLConnection.getInputStream0(HttpURLConnection.java:1533)
	at sun.net.www.protocol.http.HttpURLConnection.getInputStream(HttpURLConnection.java:1517)
	at sun.net.www.protocol.https.HttpsURLConnectionImpl.getInputStream(HttpsURLConnectionImpl.java:268)
	at com.dukascopy.charts.data.datacache.CurvesJsonProtocolHandler.readURL(CurvesJsonProtocolHandler.java:331)
	at com.dukascopy.charts.data.datacache.CurvesJsonProtocolHandler.loadFileFromCFG(CurvesJsonProtocolHandler.java:256)
	at com.dukascopy.charts.data.datacache.CurvesJsonProtocolHandler.loadAndDecompressFileFromCFG(CurvesJsonProtocolHandler.java:361)
	at com.dukascopy.charts.data.datacache.CurvesJsonProtocolHandler.loadChunkFileFromCFG(CurvesJsonProtocolHandler.java:495)
	at com.dukascopy.charts.data.datacache.CurvesDataLoader.lambda$loadDataFromCFG$2(CurvesDataLoader.java:1642)
	at java.util.concurrent.FutureTask.run(FutureTask.java:266)
	at com.dukascopy.charts.data.datacache.CurvesDataLoader.performLoad(CurvesDataLoader.java:2004)
	at com.dukascopy.charts.data.datacache.CurvesDataLoader.loadDataFromCFG(CurvesDataLoader.java:1637)
	at com.dukascopy.charts.data.datacache.CurvesDataLoader.loadChunkData(CurvesDataLoader.java:1562)
	at com.dukascopy.charts.data.datacache.CurvesDataLoader.loadSmallIntervals(CurvesDataLoader.java:654)
	at com.dukascopy.charts.data.datacache.CurvesDataLoader.loadInCache(CurvesDataLoader.java:258)
	at com.dukascopy.charts.data.datacache.CurvesDataLoader.loadInCache(CurvesDataLoader.java:161)
	at com.dukascopy.charts.data.datacache.LoadDataAction.lambda$run$0(LoadDataAction.java:323)
	at java.security.AccessController.doPrivileged(Native Method)
	at com.dukascopy.charts.data.datacache.LoadDataAction.run(LoadDataAction.java:338)
	at com.dukascopy.charts.data.datacache.FeedDataProvider.loadTicksDataSynched(FeedDataProvider.java:1419)
	at com.dukascopy.api.impl.HistoryData.getTicksSecured(HistoryData.java:98)
	at com.dukascopy.api.impl.History.lambda$getTicks$4(History.java:444)
	at com.dukascopy.api.impl.History.lambda$doPrivileged$116(History.java:3573)
	at java.security.AccessController.doPrivileged(Native Method)
	at com.dukascopy.api.impl.History.doPrivileged(History.java:3573)
	at com.dukascopy.api.impl.History.getTicks(History.java:442)
	at local.xm.JForexFinalCollector$CollectorStrategy.collectBlockingTicks(JForexFinalCollector.java:208)
	at local.xm.JForexFinalCollector$CollectorStrategy.collect(JForexFinalCollector.java:188)
	at local.xm.JForexFinalCollector$CollectorStrategy.access$100(JForexFinalCollector.java:143)
	at local.xm.JForexFinalCollector$CollectorStrategy$1.run(JForexFinalCollector.java:162)
	at java.lang.Thread.run(Thread.java:750)
Caused by: java.io.IOException: Server returned HTTP response code: 503 for URL: https://datafeed.66proxymity88.net/EURUSD/2024/11/25/18h_ticks.bi5
	at sun.net.www.protocol.http.HttpURLConnection.getInputStream0(HttpURLConnection.java:1919)
	at sun.net.www.protocol.http.HttpURLConnection.getInputStream(HttpURLConnection.java:1517)
	at java.net.HttpURLConnection.getResponseCode(HttpURLConnection.java:480)
	at sun.net.www.protocol.https.HttpsURLConnectionImpl.getResponseCode(HttpsURLConnectionImpl.java:352)
	at com.dukascopy.charts.data.datacache.CurvesJsonProtocolHandler.readURL(CurvesJsonProtocolHandler.java:319)
	... 26 more
2026-09-08 22:17:38.146 WARN  CurvesJsonProtocolHandler - Read timed out
java.net.SocketTimeoutException: Read timed out
	at java.net.SocketInputStream.socketRead0(Native Method)
	at java.net.SocketInputStream.socketRead(SocketInputStream.java:116)
	at java.net.SocketInputStream.read(SocketInputStream.java:171)
	at java.net.SocketInputStream.read(SocketInputStream.java:141)
	at sun.security.ssl.SSLSocketInputRecord.read(SSLSocketInputRecord.java:464)
	at sun.security.ssl.SSLSocketInputRecord.bytesInCompletePacket(SSLSocketInputRecord.java:68)
	at sun.security.ssl.SSLSocketImpl.readApplicationRecord(SSLSocketImpl.java:1350)
	at sun.security.ssl.SSLSocketImpl.access$300(SSLSocketImpl.java:73)
	at sun.security.ssl.SSLSocketImpl$AppInputStream.read(SSLSocketImpl.java:966)
	at java.io.BufferedInputStream.fill(BufferedInputStream.java:246)
	at java.io.BufferedInputStream.read1(BufferedInputStream.java:286)
	at java.io.BufferedInputStream.read(BufferedInputStream.java:345)
	at sun.net.www.http.HttpClient.parseHTTPHeader(HttpClient.java:745)
	at sun.net.www.http.HttpClient.parseHTTP(HttpClient.java:680)
	at sun.net.www.protocol.http.HttpURLConnection.getInputStream0(HttpURLConnection.java:1612)
	at sun.net.www.protocol.http.HttpURLConnection.getInputStream(HttpURLConnection.java:1517)
	at java.net.HttpURLConnection.getResponseCode(HttpURLConnection.java:480)
	at sun.net.www.protocol.https.HttpsURLConnectionImpl.getResponseCode(HttpsURLConnectionImpl.java:352)
	at com.dukascopy.charts.data.datacache.CurvesJsonProtocolHandler.readURL(CurvesJsonProtocolHandler.java:319)
	at com.dukascopy.charts.data.datacache.CurvesJsonProtocolHandler.loadFileFromCFG(CurvesJsonProtocolHandler.java:256)
	at com.dukascopy.charts.data.datacache.CurvesJsonProtocolHandler.loadAndDecompressFileFromCFG(CurvesJsonProtocolHandler.java:361)
	at com.dukascopy.charts.data.datacache.CurvesJsonProtocolHandler.loadChunkFileFromCFG(CurvesJsonProtocolHandler.java:495)
	at com.dukascopy.charts.data.datacache.CurvesDataLoader.lambda$loadDataFromCFG$2(CurvesDataLoader.java:1642)
	at java.util.concurrent.FutureTask.run(FutureTask.java:266)
	at com.dukascopy.charts.data.datacache.CurvesDataLoader.performLoad(CurvesDataLoader.java:2004)
	at com.dukascopy.charts.data.datacache.CurvesDataLoader.loadDataFromCFG(CurvesDataLoader.java:1637)
	at com.dukascopy.charts.data.datacache.CurvesDataLoader.loadChunkData(CurvesDataLoader.java:1562)
	at com.dukascopy.charts.data.datacache.CurvesDataLoader.loadSmallIntervals(CurvesDataLoader.java:654)
	at com.dukascopy.charts.data.datacache.CurvesDataLoader.loadInCache(CurvesDataLoader.java:258)
	at com.dukascopy.charts.data.datacache.CurvesDataLoader.loadInCache(CurvesDataLoader.java:161)
	at com.dukascopy.charts.data.datacache.LoadDataAction.lambda$run$0(LoadDataAction.java:323)
	at java.security.AccessController.doPrivileged(Native Method)
	at com.dukascopy.charts.data.datacache.LoadDataAction.run(LoadDataAction.java:338)
	at com.dukascopy.charts.data.datacache.FeedDataProvider.loadTicksDataSynched(FeedDataProvider.java:1419)
	at com.dukascopy.api.impl.HistoryData.getTicksSecured(HistoryData.java:98)
	at com.dukascopy.api.impl.History.lambda$getTicks$4(History.java:444)
	at com.dukascopy.api.impl.History.lambda$doPrivileged$116(History.java:3573)
	at java.security.AccessController.doPrivileged(Native Method)
	at com.dukascopy.api.impl.History.doPrivileged(History.java:3573)
	at com.dukascopy.api.impl.History.getTicks(History.java:442)
	at local.xm.JForexFinalCollector$CollectorStrategy.collectBlockingTicks(JForexFinalCollector.java:208)
	at local.xm.JForexFinalCollector$CollectorStrategy.collect(JForexFinalCollector.java:188)
	at local.xm.JForexFinalCollector$CollectorStrategy.access$100(JForexFinalCollector.java:143)
	at local.xm.JForexFinalCollector$CollectorStrategy$1.run(JForexFinalCollector.java:162)
	at java.lang.Thread.run(Thread.java:750)
2026-09-08 22:18:22.037 ERROR ClientConnector - UDP session ping failed, address d-ja-hk-111-4.66proxymity88.net/18.162.119.32:10443, reason java.util.concurrent.TimeoutException: [DDS2 Standalone Transport Client] Timeout while waiting for response, timeout: 10000, synchRequestId: 78
2026-09-08 22:18:23.897 WARN  CurvesJsonProtocolHandler - Read timed out
java.net.SocketTimeoutException: Read timed out
	at java.net.SocketInputStream.socketRead0(Native Method)
	at java.net.SocketInputStream.socketRead(SocketInputStream.java:116)
	at java.net.SocketInputStream.read(SocketInputStream.java:171)
	at java.net.SocketInputStream.read(SocketInputStream.java:141)
	at sun.security.ssl.SSLSocketInputRecord.read(SSLSocketInputRecord.java:464)
	at sun.security.ssl.SSLSocketInputRecord.bytesInCompletePacket(SSLSocketInputRecord.java:68)
	at sun.security.ssl.SSLSocketImpl.readApplicationRecord(SSLSocketImpl.java:1350)
	at sun.security.ssl.SSLSocketImpl.access$300(SSLSocketImpl.java:73)
	at sun.security.ssl.SSLSocketImpl$AppInputStream.read(SSLSocketImpl.java:966)
	at java.io.BufferedInputStream.fill(BufferedInputStream.java:246)
	at java.io.BufferedInputStream.read1(BufferedInputStream.java:286)
	at java.io.BufferedInputStream.read(BufferedInputStream.java:345)
	at sun.net.www.http.HttpClient.parseHTTPHeader(HttpClient.java:745)
	at sun.net.www.http.HttpClient.parseHTTP(HttpClient.java:680)
	at sun.net.www.protocol.http.HttpURLConnection.getInputStream0(HttpURLConnection.java:1612)
	at sun.net.www.protocol.http.HttpURLConnection.getInputStream(HttpURLConnection.java:1517)
	at java.net.HttpURLConnection.getResponseCode(HttpURLConnection.java:480)
	at sun.net.www.protocol.https.HttpsURLConnectionImpl.getResponseCode(HttpsURLConnectionImpl.java:352)
	at com.dukascopy.charts.data.datacache.CurvesJsonProtocolHandler.readURL(CurvesJsonProtocolHandler.java:319)
	at com.dukascopy.charts.data.datacache.CurvesJsonProtocolHandler.loadFileFromCFG(CurvesJsonProtocolHandler.java:256)
	at com.dukascopy.charts.data.datacache.CurvesJsonProtocolHandler.loadAndDecompressFileFromCFG(CurvesJsonProtocolHandler.java:361)
	at com.dukascopy.charts.data.datacache.CurvesJsonProtocolHandler.loadChunkFileFromCFG(CurvesJsonProtocolHandler.java:495)
	at com.dukascopy.charts.data.datacache.CurvesDataLoader.lambda$loadDataFromCFG$2(CurvesDataLoader.java:1642)
	at java.util.concurrent.FutureTask.run(FutureTask.java:266)
	at com.dukascopy.charts.data.datacache.CurvesDataLoader.performLoad(CurvesDataLoader.java:2004)
	at com.dukascopy.charts.data.datacache.CurvesDataLoader.loadDataFromCFG(CurvesDataLoader.java:1637)
	at com.dukascopy.charts.data.datacache.CurvesDataLoader.loadChunkData(CurvesDataLoader.java:1562)
	at com.dukascopy.charts.data.datacache.CurvesDataLoader.loadSmallIntervals(CurvesDataLoader.java:654)
	at com.dukascopy.charts.data.datacache.CurvesDataLoader.loadInCache(CurvesDataLoader.java:258)
	at com.dukascopy.charts.data.datacache.CurvesDataLoader.loadInCache(CurvesDataLoader.java:161)
	at com.dukascopy.charts.data.datacache.LoadDataAction.lambda$run$0(LoadDataAction.java:323)
	at java.security.AccessController.doPrivileged(Native Method)
	at com.dukascopy.charts.data.datacache.LoadDataAction.run(LoadDataAction.java:338)
	at com.dukascopy.charts.data.datacache.FeedDataProvider.loadTicksDataSynched(FeedDataProvider.java:1419)
	at com.dukascopy.api.impl.HistoryData.getTicksSecured(HistoryData.java:98)
	at com.dukascopy.api.impl.History.lambda$getTicks$4(History.java:444)
	at com.dukascopy.api.impl.History.lambda$doPrivileged$116(History.java:3573)
	at java.security.AccessController.doPrivileged(Native Method)
	at com.dukascopy.api.impl.History.doPrivileged(History.java:3573)
	at com.dukascopy.api.impl.History.getTicks(History.java:442)
	at local.xm.JForexFinalCollector$CollectorStrategy.collectBlockingTicks(JForexFinalCollector.java:208)
	at local.xm.JForexFinalCollector$CollectorStrategy.collect(JForexFinalCollector.java:188)
	at local.xm.JForexFinalCollector$CollectorStrategy.access$100(JForexFinalCollector.java:143)
	at local.xm.JForexFinalCollector$CollectorStrategy$1.run(JForexFinalCollector.java:162)
	at java.lang.Thread.run(Thread.java:750)
JFOREX_PROGRESS=225/784
2026-09-08 22:18:52.100 DEBUG DCClientImpl - Unrecognized protocol message : class com.dukascopy.dds4.transport.msg.system.SystemTimeResponseMessage / <SystemTimeResponseMessage(requestTime=1788877132077,time=1788877132048,transportLagInterval=0,synchRequestId=83,timestamp=1788877132048)>
2026-09-08 22:19:20.529 WARN  CurvesJsonProtocolHandler - Connection reset
javax.net.ssl.SSLException: Connection reset
	at sun.security.ssl.Alert.createSSLException(Alert.java:127)
	at sun.security.ssl.TransportContext.fatal(TransportContext.java:331)
	at sun.security.ssl.TransportContext.fatal(TransportContext.java:274)
	at sun.security.ssl.TransportContext.fatal(TransportContext.java:269)
	at sun.security.ssl.SSLTransport.decode(SSLTransport.java:138)
	at sun.security.ssl.SSLSocketImpl.decode(SSLSocketImpl.java:1401)
	at sun.security.ssl.SSLSocketImpl.readHandshakeRecord(SSLSocketImpl.java:1309)
	at sun.security.ssl.SSLSocketImpl.startHandshake(SSLSocketImpl.java:440)
	at sun.net.www.protocol.https.HttpsClient.afterConnect(HttpsClient.java:567)
	at sun.net.www.protocol.https.AbstractDelegateHttpsURLConnection.setNewClient(AbstractDelegateHttpsURLConnection.java:106)
	at sun.net.www.protocol.https.AbstractDelegateHttpsURLConnection.setNewClient(AbstractDelegateHttpsURLConnection.java:80)
	at sun.net.www.protocol.http.HttpURLConnection.writeRequests(HttpURLConnection.java:723)
	at sun.net.www.protocol.http.HttpURLConnection.getInputStream0(HttpURLConnection.java:1610)
	at sun.net.www.protocol.http.HttpURLConnection.getInputStream(HttpURLConnection.java:1517)
	at java.net.HttpURLConnection.getResponseCode(HttpURLConnection.java:480)
	at sun.net.www.protocol.https.HttpsURLConnectionImpl.getResponseCode(HttpsURLConnectionImpl.java:352)
	at com.dukascopy.charts.data.datacache.CurvesJsonProtocolHandler.readURL(CurvesJsonProtocolHandler.java:319)
	at com.dukascopy.charts.data.datacache.CurvesJsonProtocolHandler.loadFileFromCFG(CurvesJsonProtocolHandler.java:256)
	at com.dukascopy.charts.data.datacache.CurvesJsonProtocolHandler.loadAndDecompressFileFromCFG(CurvesJsonProtocolHandler.java:361)
	at com.dukascopy.charts.data.datacache.CurvesJsonProtocolHandler.loadChunkFileFromCFG(CurvesJsonProtocolHandler.java:495)
	at com.dukascopy.charts.data.datacache.CurvesDataLoader.lambda$loadDataFromCFG$2(CurvesDataLoader.java:1642)
	at java.util.concurrent.FutureTask.run(FutureTask.java:266)
	at com.dukascopy.charts.data.datacache.CurvesDataLoader.performLoad(CurvesDataLoader.java:2004)
	at com.dukascopy.charts.data.datacache.CurvesDataLoader.loadDataFromCFG(CurvesDataLoader.java:1637)
	at com.dukascopy.charts.data.datacache.CurvesDataLoader.loadChunkData(CurvesDataLoader.java:1562)
	at com.dukascopy.charts.data.datacache.CurvesDataLoader.loadSmallIntervals(CurvesDataLoader.java:654)
	at com.dukascopy.charts.data.datacache.CurvesDataLoader.loadInCache(CurvesDataLoader.java:258)
	at com.dukascopy.charts.data.datacache.CurvesDataLoader.loadInCache(CurvesDataLoader.java:161)
	at com.dukascopy.charts.data.datacache.LoadDataAction.lambda$run$0(LoadDataAction.java:323)
	at java.security.AccessController.doPrivileged(Native Method)
	at com.dukascopy.charts.data.datacache.LoadDataAction.run(LoadDataAction.java:338)
	at com.dukascopy.charts.data.datacache.FeedDataProvider.loadTicksDataSynched(FeedDataProvider.java:1419)
	at com.dukascopy.api.impl.HistoryData.getTicksSecured(HistoryData.java:98)
	at com.dukascopy.api.impl.History.lambda$getTicks$4(History.java:444)
	at com.dukascopy.api.impl.History.lambda$doPrivileged$116(History.java:3573)
	at java.security.AccessController.doPrivileged(Native Method)
	at com.dukascopy.api.impl.History.doPrivileged(History.java:3573)
	at com.dukascopy.api.impl.History.getTicks(History.java:442)
	at local.xm.JForexFinalCollector$CollectorStrategy.collectBlockingTicks(JForexFinalCollector.java:208)
	at local.xm.JForexFinalCollector$CollectorStrategy.collect(JForexFinalCollector.java:188)
	at local.xm.JForexFinalCollector$CollectorStrategy.access$100(JForexFinalCollector.java:143)
	at local.xm.JForexFinalCollector$CollectorStrategy$1.run(JForexFinalCollector.java:162)
	at java.lang.Thread.run(Thread.java:750)
	Suppressed: java.net.SocketException: Connection reset by peer: socket write error
		at java.net.SocketOutputStream.socketWrite0(Native Method)
		at java.net.SocketOutputStream.socketWrite(SocketOutputStream.java:111)
		at java.net.SocketOutputStream.write(SocketOutputStream.java:155)
		at sun.security.ssl.SSLSocketOutputRecord.encodeAlert(SSLSocketOutputRecord.java:81)
		at sun.security.ssl.TransportContext.fatal(TransportContext.java:362)
		... 41 more
Caused by: java.net.SocketException: Connection reset
	at java.net.SocketInputStream.read(SocketInputStream.java:210)
	at java.net.SocketInputStream.read(SocketInputStream.java:141)
	at sun.security.ssl.SSLSocketInputRecord.read(SSLSocketInputRecord.java:464)
	at sun.security.ssl.SSLSocketInputRecord.decode(SSLSocketInputRecord.java:165)
	at sun.security.ssl.SSLTransport.decode(SSLTransport.java:109)
	... 38 more
2026-09-08 22:19:41.578 WARN  CurvesJsonProtocolHandler - Connection timed out: connect
java.net.ConnectException: Connection timed out: connect
	at java.net.DualStackPlainSocketImpl.waitForConnect(Native Method)
	at java.net.DualStackPlainSocketImpl.socketConnect(DualStackPlainSocketImpl.java:85)
	at java.net.AbstractPlainSocketImpl.doConnect(AbstractPlainSocketImpl.java:350)
	at java.net.AbstractPlainSocketImpl.connectToAddress(AbstractPlainSocketImpl.java:206)
	at java.net.AbstractPlainSocketImpl.connect(AbstractPlainSocketImpl.java:188)
	at java.net.PlainSocketImpl.connect(PlainSocketImpl.java:172)
	at java.net.SocksSocketImpl.connect(SocksSocketImpl.java:392)
	at java.net.Socket.connect(Socket.java:607)
	at sun.security.ssl.SSLSocketImpl.connect(SSLSocketImpl.java:293)
	at sun.net.NetworkClient.doConnect(NetworkClient.java:175)
	at sun.net.www.http.HttpClient.openServer(HttpClient.java:465)
	at sun.net.www.http.HttpClient.openServer(HttpClient.java:560)
	at sun.net.www.protocol.https.HttpsClient.<init>(HttpsClient.java:264)
	at sun.net.www.protocol.https.HttpsClient.New(HttpsClient.java:367)
	at sun.net.www.protocol.https.AbstractDelegateHttpsURLConnection.getNewHttpClient(AbstractDelegateHttpsURLConnection.java:203)
	at sun.net.www.protocol.http.HttpURLConnection.plainConnect0(HttpURLConnection.java:1179)
	at sun.net.www.protocol.http.HttpURLConnection.plainConnect(HttpURLConnection.java:1073)
	at sun.net.www.protocol.https.AbstractDelegateHttpsURLConnection.connect(AbstractDelegateHttpsURLConnection.java:189)
	at sun.net.www.protocol.http.HttpURLConnection.getInputStream0(HttpURLConnection.java:1589)
	at sun.net.www.protocol.http.HttpURLConnection.getInputStream(HttpURLConnection.java:1517)
	at java.net.HttpURLConnection.getResponseCode(HttpURLConnection.java:480)
	at sun.net.www.protocol.https.HttpsURLConnectionImpl.getResponseCode(HttpsURLConnectionImpl.java:352)
	at com.dukascopy.charts.data.datacache.CurvesJsonProtocolHandler.readURL(CurvesJsonProtocolHandler.java:319)
	at com.dukascopy.charts.data.datacache.CurvesJsonProtocolHandler.loadFileFromCFG(CurvesJsonProtocolHandler.java:256)
	at com.dukascopy.charts.data.datacache.CurvesJsonProtocolHandler.loadAndDecompressFileFromCFG(CurvesJsonProtocolHandler.java:361)
	at com.dukascopy.charts.data.datacache.CurvesJsonProtocolHandler.loadChunkFileFromCFG(CurvesJsonProtocolHandler.java:495)
	at com.dukascopy.charts.data.datacache.CurvesDataLoader.lambda$loadDataFromCFG$2(CurvesDataLoader.java:1642)
	at java.util.concurrent.FutureTask.run(FutureTask.java:266)
	at com.dukascopy.charts.data.datacache.CurvesDataLoader.performLoad(CurvesDataLoader.java:2004)
	at com.dukascopy.charts.data.datacache.CurvesDataLoader.loadDataFromCFG(CurvesDataLoader.java:1637)
	at com.dukascopy.charts.data.datacache.CurvesDataLoader.loadChunkData(CurvesDataLoader.java:1562)
	at com.dukascopy.charts.data.datacache.CurvesDataLoader.loadSmallIntervals(CurvesDataLoader.java:654)
	at com.dukascopy.charts.data.datacache.CurvesDataLoader.loadInCache(CurvesDataLoader.java:258)
	at com.dukascopy.charts.data.datacache.CurvesDataLoader.loadInCache(CurvesDataLoader.java:161)
	at com.dukascopy.charts.data.datacache.LoadDataAction.lambda$run$0(LoadDataAction.java:323)
	at java.security.AccessController.doPrivileged(Native Method)
	at com.dukascopy.charts.data.datacache.LoadDataAction.run(LoadDataAction.java:338)
	at com.dukascopy.charts.data.datacache.FeedDataProvider.loadTicksDataSynched(FeedDataProvider.java:1419)
	at com.dukascopy.api.impl.HistoryData.getTicksSecured(HistoryData.java:98)
	at com.dukascopy.api.impl.History.lambda$getTicks$4(History.java:444)
	at com.dukascopy.api.impl.History.lambda$doPrivileged$116(History.java:3573)
	at java.security.AccessController.doPrivileged(Native Method)
	at com.dukascopy.api.impl.History.doPrivileged(History.java:3573)
	at com.dukascopy.api.impl.History.getTicks(History.java:442)
	at local.xm.JForexFinalCollector$CollectorStrategy.collectBlockingTicks(JForexFinalCollector.java:208)
	at local.xm.JForexFinalCollector$CollectorStrategy.collect(JForexFinalCollector.java:188)
	at local.xm.JForexFinalCollector$CollectorStrategy.access$100(JForexFinalCollector.java:143)
	at local.xm.JForexFinalCollector$CollectorStrategy$1.run(JForexFinalCollector.java:162)
	at java.lang.Thread.run(Thread.java:750)
2026-09-08 22:19:51.783 WARN  CurvesJsonProtocolHandler - Connection reset
javax.net.ssl.SSLException: Connection reset
	at sun.security.ssl.Alert.createSSLException(Alert.java:127)
	at sun.security.ssl.TransportContext.fatal(TransportContext.java:331)
	at sun.security.ssl.TransportContext.fatal(TransportContext.java:274)
	at sun.security.ssl.TransportContext.fatal(TransportContext.java:269)
	at sun.security.ssl.SSLTransport.decode(SSLTransport.java:138)
	at sun.security.ssl.SSLSocketImpl.decode(SSLSocketImpl.java:1401)
	at sun.security.ssl.SSLSocketImpl.readHandshakeRecord(SSLSocketImpl.java:1309)
	at sun.security.ssl.SSLSocketImpl.startHandshake(SSLSocketImpl.java:440)
	at sun.net.www.protocol.https.HttpsClient.afterConnect(HttpsClient.java:567)
	at sun.net.www.protocol.https.AbstractDelegateHttpsURLConnection.connect(AbstractDelegateHttpsURLConnection.java:197)
	at sun.net.www.protocol.http.HttpURLConnection.getInputStream0(HttpURLConnection.java:1589)
	at sun.net.www.protocol.http.HttpURLConnection.getInputStream(HttpURLConnection.java:1517)
	at java.net.HttpURLConnection.getResponseCode(HttpURLConnection.java:480)
	at sun.net.www.protocol.https.HttpsURLConnectionImpl.getResponseCode(HttpsURLConnectionImpl.java:352)
	at com.dukascopy.charts.data.datacache.CurvesJsonProtocolHandler.readURL(CurvesJsonProtocolHandler.java:319)
	at com.dukascopy.charts.data.datacache.CurvesJsonProtocolHandler.loadFileFromCFG(CurvesJsonProtocolHandler.java:256)
	at com.dukascopy.charts.data.datacache.CurvesJsonProtocolHandler.loadAndDecompressFileFromCFG(CurvesJsonProtocolHandler.java:361)
	at com.dukascopy.charts.data.datacache.CurvesJsonProtocolHandler.loadChunkFileFromCFG(CurvesJsonProtocolHandler.java:495)
	at com.dukascopy.charts.data.datacache.CurvesDataLoader.lambda$loadDataFromCFG$2(CurvesDataLoader.java:1642)
	at java.util.concurrent.FutureTask.run(FutureTask.java:266)
	at com.dukascopy.charts.data.datacache.CurvesDataLoader.performLoad(CurvesDataLoader.java:2004)
	at com.dukascopy.charts.data.datacache.CurvesDataLoader.loadDataFromCFG(CurvesDataLoader.java:1637)
	at com.dukascopy.charts.data.datacache.CurvesDataLoader.loadChunkData(CurvesDataLoader.java:1562)
	at com.dukascopy.charts.data.datacache.CurvesDataLoader.loadSmallIntervals(CurvesDataLoader.java:654)
	at com.dukascopy.charts.data.datacache.CurvesDataLoader.loadInCache(CurvesDataLoader.java:258)
	at com.dukascopy.charts.data.datacache.CurvesDataLoader.loadInCache(CurvesDataLoader.java:161)
	at com.dukascopy.charts.data.datacache.LoadDataAction.lambda$run$0(LoadDataAction.java:323)
	at java.security.AccessController.doPrivileged(Native Method)
	at com.dukascopy.charts.data.datacache.LoadDataAction.run(LoadDataAction.java:338)
	at com.dukascopy.charts.data.datacache.FeedDataProvider.loadCandlesDataSynched(FeedDataProvider.java:962)
	at com.dukascopy.charts.data.datacache.FeedDataProvider.loadCandlesFromToSynched(FeedDataProvider.java:2820)
	at com.dukascopy.api.impl.HistoryData.getBarsSecured(HistoryData.java:206)
	at com.dukascopy.api.impl.History.lambda$getBars$54(History.java:1667)
	at com.dukascopy.api.impl.History.lambda$doPrivileged$116(History.java:3573)
	at java.security.AccessController.doPrivileged(Native Method)
	at com.dukascopy.api.impl.History.doPrivileged(History.java:3573)
	at com.dukascopy.api.impl.History.getBars(History.java:1665)
	at local.xm.JForexFinalCollector$CollectorStrategy.collectBars(JForexFinalCollector.java:284)
	at local.xm.JForexFinalCollector$CollectorStrategy.collect(JForexFinalCollector.java:190)
	at local.xm.JForexFinalCollector$CollectorStrategy.access$100(JForexFinalCollector.java:143)
	at local.xm.JForexFinalCollector$CollectorStrategy$1.run(JForexFinalCollector.java:162)
	at java.lang.Thread.run(Thread.java:750)
	Suppressed: java.net.SocketException: Connection reset by peer: socket write error
		at java.net.SocketOutputStream.socketWrite0(Native Method)
		at java.net.SocketOutputStream.socketWrite(SocketOutputStream.java:111)
		at java.net.SocketOutputStream.write(SocketOutputStream.java:155)
		at sun.security.ssl.SSLSocketOutputRecord.encodeAlert(SSLSocketOutputRecord.java:81)
		at sun.security.ssl.TransportContext.fatal(TransportContext.java:362)
		... 40 more
Caused by: java.net.SocketException: Connection reset
	at java.net.SocketInputStream.read(SocketInputStream.java:210)
	at java.net.SocketInputStream.read(SocketInputStream.java:141)
	at sun.security.ssl.SSLSocketInputRecord.read(SSLSocketInputRecord.java:464)
	at sun.security.ssl.SSLSocketInputRecord.decode(SSLSocketInputRecord.java:165)
	at sun.security.ssl.SSLTransport.decode(SSLTransport.java:109)
	... 37 more
2026-09-08 22:19:51.785 ERROR HistoryData - No bars loaded for GBP/USD, 1 Min, Bid, NO_FILTER, 2017-08-12 07:00:00:000 - 2017-08-12 07:59:00:000
current bar 2026-09-08 14:19:00:000
2026-09-08 22:20:12.642 WARN  CurvesJsonProtocolHandler - Connection reset
javax.net.ssl.SSLException: Connection reset
	at sun.security.ssl.Alert.createSSLException(Alert.java:127)
	at sun.security.ssl.TransportContext.fatal(TransportContext.java:331)
	at sun.security.ssl.TransportContext.fatal(TransportContext.java:274)
	at sun.security.ssl.TransportContext.fatal(TransportContext.java:269)
	at sun.security.ssl.SSLTransport.decode(SSLTransport.java:138)
	at sun.security.ssl.SSLSocketImpl.decode(SSLSocketImpl.java:1401)
	at sun.security.ssl.SSLSocketImpl.readHandshakeRecord(SSLSocketImpl.java:1309)
	at sun.security.ssl.SSLSocketImpl.startHandshake(SSLSocketImpl.java:440)
	at sun.net.www.protocol.https.HttpsClient.afterConnect(HttpsClient.java:567)
	at sun.net.www.protocol.https.AbstractDelegateHttpsURLConnection.connect(AbstractDelegateHttpsURLConnection.java:197)
	at sun.net.www.protocol.http.HttpURLConnection.getInputStream0(HttpURLConnection.java:1589)
	at sun.net.www.protocol.http.HttpURLConnection.getInputStream(HttpURLConnection.java:1517)
	at java.net.HttpURLConnection.getResponseCode(HttpURLConnection.java:480)
	at sun.net.www.protocol.https.HttpsURLConnectionImpl.getResponseCode(HttpsURLConnectionImpl.java:352)
	at com.dukascopy.charts.data.datacache.CurvesJsonProtocolHandler.readURL(CurvesJsonProtocolHandler.java:319)
	at com.dukascopy.charts.data.datacache.CurvesJsonProtocolHandler.loadFileFromCFG(CurvesJsonProtocolHandler.java:256)
	at com.dukascopy.charts.data.datacache.CurvesJsonProtocolHandler.loadAndDecompressFileFromCFG(CurvesJsonProtocolHandler.java:361)
	at com.dukascopy.charts.data.datacache.CurvesJsonProtocolHandler.loadChunkFileFromCFG(CurvesJsonProtocolHandler.java:495)
	at com.dukascopy.charts.data.datacache.CurvesDataLoader.lambda$loadDataFromCFG$2(CurvesDataLoader.java:1642)
	at java.util.concurrent.FutureTask.run(FutureTask.java:266)
	at com.dukascopy.charts.data.datacache.CurvesDataLoader.performLoad(CurvesDataLoader.java:2004)
	at com.dukascopy.charts.data.datacache.CurvesDataLoader.loadDataFromCFG(CurvesDataLoader.java:1637)
	at com.dukascopy.charts.data.datacache.CurvesDataLoader.loadChunkData(CurvesDataLoader.java:1562)
	at com.dukascopy.charts.data.datacache.CurvesDataLoader.loadSmallIntervals(CurvesDataLoader.java:654)
	at com.dukascopy.charts.data.datacache.CurvesDataLoader.loadInCache(CurvesDataLoader.java:258)
	at com.dukascopy.charts.data.datacache.CurvesDataLoader.loadInCache(CurvesDataLoader.java:161)
	at com.dukascopy.charts.data.datacache.LoadDataAction.lambda$run$0(LoadDataAction.java:323)
	at java.security.AccessController.doPrivileged(Native Method)
	at com.dukascopy.charts.data.datacache.LoadDataAction.run(LoadDataAction.java:338)
	at com.dukascopy.charts.data.datacache.FeedDataProvider.loadTicksDataSynched(FeedDataProvider.java:1419)
	at com.dukascopy.api.impl.HistoryData.getTicksSecured(HistoryData.java:98)
	at com.dukascopy.api.impl.History.lambda$getTicks$4(History.java:444)
	at com.dukascopy.api.impl.History.lambda$doPrivileged$116(History.java:3573)
	at java.security.AccessController.doPrivileged(Native Method)
	at com.dukascopy.api.impl.History.doPrivileged(History.java:3573)
	at com.dukascopy.api.impl.History.getTicks(History.java:442)
	at local.xm.JForexFinalCollector$CollectorStrategy.collectBlockingTicks(JForexFinalCollector.java:208)
	at local.xm.JForexFinalCollector$CollectorStrategy.collect(JForexFinalCollector.java:188)
	at local.xm.JForexFinalCollector$CollectorStrategy.access$100(JForexFinalCollector.java:143)
	at local.xm.JForexFinalCollector$CollectorStrategy$1.run(JForexFinalCollector.java:162)
	at java.lang.Thread.run(Thread.java:750)
	Suppressed: java.net.SocketException: Connection reset by peer: socket write error
		at java.net.SocketOutputStream.socketWrite0(Native Method)
		at java.net.SocketOutputStream.socketWrite(SocketOutputStream.java:111)
		at java.net.SocketOutputStream.write(SocketOutputStream.java:155)
		at sun.security.ssl.SSLSocketOutputRecord.encodeAlert(SSLSocketOutputRecord.java:81)
		at sun.security.ssl.TransportContext.fatal(TransportContext.java:362)
		... 39 more
Caused by: java.net.SocketException: Connection reset
	at java.net.SocketInputStream.read(SocketInputStream.java:210)
	at java.net.SocketInputStream.read(SocketInputStream.java:141)
	at sun.security.ssl.SSLSocketInputRecord.read(SSLSocketInputRecord.java:464)
	at sun.security.ssl.SSLSocketInputRecord.decode(SSLSocketInputRecord.java:165)
	at sun.security.ssl.SSLTransport.decode(SSLTransport.java:109)
	... 36 more
2026-09-08 22:20:27.430 WARN  CurvesJsonProtocolHandler - Connection reset
javax.net.ssl.SSLException: Connection reset
	at sun.security.ssl.Alert.createSSLException(Alert.java:127)
	at sun.security.ssl.TransportContext.fatal(TransportContext.java:331)
	at sun.security.ssl.TransportContext.fatal(TransportContext.java:274)
	at sun.security.ssl.TransportContext.fatal(TransportContext.java:269)
	at sun.security.ssl.SSLTransport.decode(SSLTransport.java:138)
	at sun.security.ssl.SSLSocketImpl.decode(SSLSocketImpl.java:1401)
	at sun.security.ssl.SSLSocketImpl.readHandshakeRecord(SSLSocketImpl.java:1309)
	at sun.security.ssl.SSLSocketImpl.startHandshake(SSLSocketImpl.java:440)
	at sun.net.www.protocol.https.HttpsClient.afterConnect(HttpsClient.java:567)
	at sun.net.www.protocol.https.AbstractDelegateHttpsURLConnection.connect(AbstractDelegateHttpsURLConnection.java:197)
	at sun.net.www.protocol.http.HttpURLConnection.getInputStream0(HttpURLConnection.java:1589)
	at sun.net.www.protocol.http.HttpURLConnection.getInputStream(HttpURLConnection.java:1517)
	at java.net.HttpURLConnection.getResponseCode(HttpURLConnection.java:480)
	at sun.net.www.protocol.https.HttpsURLConnectionImpl.getResponseCode(HttpsURLConnectionImpl.java:352)
	at com.dukascopy.charts.data.datacache.CurvesJsonProtocolHandler.readURL(CurvesJsonProtocolHandler.java:319)
	at com.dukascopy.charts.data.datacache.CurvesJsonProtocolHandler.loadFileFromCFG(CurvesJsonProtocolHandler.java:256)
	at com.dukascopy.charts.data.datacache.CurvesJsonProtocolHandler.loadAndDecompressFileFromCFG(CurvesJsonProtocolHandler.java:361)
	at com.dukascopy.charts.data.datacache.CurvesJsonProtocolHandler.loadChunkFileFromCFG(CurvesJsonProtocolHandler.java:495)
	at com.dukascopy.charts.data.datacache.CurvesDataLoader.lambda$loadDataFromCFG$2(CurvesDataLoader.java:1642)
	at java.util.concurrent.FutureTask.run(FutureTask.java:266)
	at com.dukascopy.charts.data.datacache.CurvesDataLoader.performLoad(CurvesDataLoader.java:2004)
	at com.dukascopy.charts.data.datacache.CurvesDataLoader.loadDataFromCFG(CurvesDataLoader.java:1637)
	at com.dukascopy.charts.data.datacache.CurvesDataLoader.loadChunkData(CurvesDataLoader.java:1562)
	at com.dukascopy.charts.data.datacache.CurvesDataLoader.loadSmallIntervals(CurvesDataLoader.java:654)
	at com.dukascopy.charts.data.datacache.CurvesDataLoader.loadInCache(CurvesDataLoader.java:258)
	at com.dukascopy.charts.data.datacache.CurvesDataLoader.loadInCache(CurvesDataLoader.java:161)
	at com.dukascopy.charts.data.datacache.LoadDataAction.lambda$run$0(LoadDataAction.java:323)
	at java.security.AccessController.doPrivileged(Native Method)
	at com.dukascopy.charts.data.datacache.LoadDataAction.run(LoadDataAction.java:338)
	at com.dukascopy.charts.data.datacache.FeedDataProvider.loadTicksDataSynched(FeedDataProvider.java:1419)
	at com.dukascopy.api.impl.HistoryData.getTicksSecured(HistoryData.java:98)
	at com.dukascopy.api.impl.History.lambda$getTicks$4(History.java:444)
	at com.dukascopy.api.impl.History.lambda$doPrivileged$116(History.java:3573)
	at java.security.AccessController.doPrivileged(Native Method)
	at com.dukascopy.api.impl.History.doPrivileged(History.java:3573)
	at com.dukascopy.api.impl.History.getTicks(History.java:442)
	at local.xm.JForexFinalCollector$CollectorStrategy.collectBlockingTicks(JForexFinalCollector.java:208)
	at local.xm.JForexFinalCollector$CollectorStrategy.collect(JForexFinalCollector.java:188)
	at local.xm.JForexFinalCollector$CollectorStrategy.access$100(JForexFinalCollector.java:143)
	at local.xm.JForexFinalCollector$CollectorStrategy$1.run(JForexFinalCollector.java:162)
	at java.lang.Thread.run(Thread.java:750)
	Suppressed: java.net.SocketException: Connection reset by peer: socket write error
		at java.net.SocketOutputStream.socketWrite0(Native Method)
		at java.net.SocketOutputStream.socketWrite(SocketOutputStream.java:111)
		at java.net.SocketOutputStream.write(SocketOutputStream.java:155)
		at sun.security.ssl.SSLSocketOutputRecord.encodeAlert(SSLSocketOutputRecord.java:81)
		at sun.security.ssl.TransportContext.fatal(TransportContext.java:362)
		... 39 more
Caused by: java.net.SocketException: Connection reset
	at java.net.SocketInputStream.read(SocketInputStream.java:210)
	at java.net.SocketInputStream.read(SocketInputStream.java:141)
	at sun.security.ssl.SSLSocketInputRecord.read(SSLSocketInputRecord.java:464)
	at sun.security.ssl.SSLSocketInputRecord.decode(SSLSocketInputRecord.java:165)
	at sun.security.ssl.SSLTransport.decode(SSLTransport.java:109)
	... 36 more
2026-09-08 22:21:19.679 WARN  CurvesJsonProtocolHandler - Read timed out
javax.net.ssl.SSLException: Read timed out
	at sun.security.ssl.Alert.createSSLException(Alert.java:127)
	at sun.security.ssl.TransportContext.fatal(TransportContext.java:331)
	at sun.security.ssl.TransportContext.fatal(TransportContext.java:274)
	at sun.security.ssl.TransportContext.fatal(TransportContext.java:269)
	at sun.security.ssl.SSLTransport.decode(SSLTransport.java:138)
	at sun.security.ssl.SSLSocketImpl.decode(SSLSocketImpl.java:1401)
	at sun.security.ssl.SSLSocketImpl.readHandshakeRecord(SSLSocketImpl.java:1309)
	at sun.security.ssl.SSLSocketImpl.startHandshake(SSLSocketImpl.java:440)
	at sun.net.www.protocol.https.HttpsClient.afterConnect(HttpsClient.java:567)
	at sun.net.www.protocol.https.AbstractDelegateHttpsURLConnection.connect(AbstractDelegateHttpsURLConnection.java:197)
	at sun.net.www.protocol.http.HttpURLConnection.getInputStream0(HttpURLConnection.java:1589)
	at sun.net.www.protocol.http.HttpURLConnection.getInputStream(HttpURLConnection.java:1517)
	at java.net.HttpURLConnection.getResponseCode(HttpURLConnection.java:480)
	at sun.net.www.protocol.https.HttpsURLConnectionImpl.getResponseCode(HttpsURLConnectionImpl.java:352)
	at com.dukascopy.charts.data.datacache.CurvesJsonProtocolHandler.readURL(CurvesJsonProtocolHandler.java:319)
	at com.dukascopy.charts.data.datacache.CurvesJsonProtocolHandler.loadFileFromCFG(CurvesJsonProtocolHandler.java:256)
	at com.dukascopy.charts.data.datacache.CurvesJsonProtocolHandler.loadAndDecompressFileFromCFG(CurvesJsonProtocolHandler.java:361)
	at com.dukascopy.charts.data.datacache.CurvesJsonProtocolHandler.loadChunkFileFromCFG(CurvesJsonProtocolHandler.java:495)
	at com.dukascopy.charts.data.datacache.CurvesDataLoader.lambda$loadDataFromCFG$2(CurvesDataLoader.java:1642)
	at java.util.concurrent.FutureTask.run(FutureTask.java:266)
	at com.dukascopy.charts.data.datacache.CurvesDataLoader.performLoad(CurvesDataLoader.java:2004)
	at com.dukascopy.charts.data.datacache.CurvesDataLoader.loadDataFromCFG(CurvesDataLoader.java:1637)
	at com.dukascopy.charts.data.datacache.CurvesDataLoader.loadChunkData(CurvesDataLoader.java:1562)
	at com.dukascopy.charts.data.datacache.CurvesDataLoader.loadSmallIntervals(CurvesDataLoader.java:654)
	at com.dukascopy.charts.data.datacache.CurvesDataLoader.loadInCache(CurvesDataLoader.java:258)
	at com.dukascopy.charts.data.datacache.CurvesDataLoader.loadInCache(CurvesDataLoader.java:161)
	at com.dukascopy.charts.data.datacache.LoadDataAction.lambda$run$0(LoadDataAction.java:323)
	at java.security.AccessController.doPrivileged(Native Method)
	at com.dukascopy.charts.data.datacache.LoadDataAction.run(LoadDataAction.java:338)
	at com.dukascopy.charts.data.datacache.FeedDataProvider.loadCandlesDataSynched(FeedDataProvider.java:962)
	at com.dukascopy.charts.data.datacache.FeedDataProvider.loadCandlesFromToSynched(FeedDataProvider.java:2820)
	at com.dukascopy.api.impl.HistoryData.getBarsSecured(HistoryData.java:206)
	at com.dukascopy.api.impl.History.lambda$getBars$54(History.java:1667)
	at com.dukascopy.api.impl.History.lambda$doPrivileged$116(History.java:3573)
	at java.security.AccessController.doPrivileged(Native Method)
	at com.dukascopy.api.impl.History.doPrivileged(History.java:3573)
	at com.dukascopy.api.impl.History.getBars(History.java:1665)
	at local.xm.JForexFinalCollector$CollectorStrategy.collectBars(JForexFinalCollector.java:284)
	at local.xm.JForexFinalCollector$CollectorStrategy.collect(JForexFinalCollector.java:190)
	at local.xm.JForexFinalCollector$CollectorStrategy.access$100(JForexFinalCollector.java:143)
	at local.xm.JForexFinalCollector$CollectorStrategy$1.run(JForexFinalCollector.java:162)
	at java.lang.Thread.run(Thread.java:750)
Caused by: java.net.SocketTimeoutException: Read timed out
	at java.net.SocketInputStream.socketRead0(Native Method)
	at java.net.SocketInputStream.socketRead(SocketInputStream.java:116)
	at java.net.SocketInputStream.read(SocketInputStream.java:171)
	at java.net.SocketInputStream.read(SocketInputStream.java:141)
	at sun.security.ssl.SSLSocketInputRecord.read(SSLSocketInputRecord.java:464)
	at sun.security.ssl.SSLSocketInputRecord.decode(SSLSocketInputRecord.java:165)
	at sun.security.ssl.SSLTransport.decode(SSLTransport.java:109)
	... 37 more
2026-09-08 22:21:19.681 ERROR HistoryData - No bars loaded for GBP/USD, 1 Min, Bid, NO_FILTER, 2017-08-13 02:00:00:000 - 2017-08-13 02:59:00:000
current bar 2026-09-08 14:20:00:000
2026-09-08 22:21:36.660 ERROR HistoryData - No bars loaded for GBP/USD, 1 Min, Bid, NO_FILTER, 2017-08-13 08:00:00:000 - 2017-08-13 08:59:00:000
current bar 2026-09-08 14:21:00:000
2026-09-08 22:21:37.098 ERROR HistoryData - No bars loaded for GBP/USD, 1 Min, Bid, NO_FILTER, 2017-08-13 14:00:00:000 - 2017-08-13 14:59:00:000
current bar 2026-09-08 14:21:00:000
2026-09-08 22:21:37.544 ERROR HistoryData - No bars loaded for GBP/USD, 1 Min, Bid, NO_FILTER, 2017-08-13 18:00:00:000 - 2017-08-13 18:59:00:000
current bar 2026-09-08 14:21:00:000
JFOREX_PROGRESS=250/784
JFOREX_PROGRESS=275/784
2026-09-08 22:22:25.248 WARN  CurvesJsonProtocolHandler - Connection timed out: connect
java.net.ConnectException: Connection timed out: connect
	at java.net.DualStackPlainSocketImpl.waitForConnect(Native Method)
	at java.net.DualStackPlainSocketImpl.socketConnect(DualStackPlainSocketImpl.java:85)
	at java.net.AbstractPlainSocketImpl.doConnect(AbstractPlainSocketImpl.java:350)
	at java.net.AbstractPlainSocketImpl.connectToAddress(AbstractPlainSocketImpl.java:206)
	at java.net.AbstractPlainSocketImpl.connect(AbstractPlainSocketImpl.java:188)
	at java.net.PlainSocketImpl.connect(PlainSocketImpl.java:172)
	at java.net.SocksSocketImpl.connect(SocksSocketImpl.java:392)
	at java.net.Socket.connect(Socket.java:607)
	at sun.security.ssl.SSLSocketImpl.connect(SSLSocketImpl.java:293)
	at sun.net.NetworkClient.doConnect(NetworkClient.java:175)
	at sun.net.www.http.HttpClient.openServer(HttpClient.java:465)
	at sun.net.www.http.HttpClient.openServer(HttpClient.java:560)
	at sun.net.www.protocol.https.HttpsClient.<init>(HttpsClient.java:264)
	at sun.net.www.protocol.https.HttpsClient.New(HttpsClient.java:367)
	at sun.net.www.protocol.https.AbstractDelegateHttpsURLConnection.getNewHttpClient(AbstractDelegateHttpsURLConnection.java:203)
	at sun.net.www.protocol.http.HttpURLConnection.plainConnect0(HttpURLConnection.java:1179)
	at sun.net.www.protocol.http.HttpURLConnection.plainConnect(HttpURLConnection.java:1073)
	at sun.net.www.protocol.https.AbstractDelegateHttpsURLConnection.connect(AbstractDelegateHttpsURLConnection.java:189)
	at sun.net.www.protocol.http.HttpURLConnection.getInputStream0(HttpURLConnection.java:1589)
	at sun.net.www.protocol.http.HttpURLConnection.getInputStream(HttpURLConnection.java:1517)
	at java.net.HttpURLConnection.getResponseCode(HttpURLConnection.java:480)
	at sun.net.www.protocol.https.HttpsURLConnectionImpl.getResponseCode(HttpsURLConnectionImpl.java:352)
	at com.dukascopy.charts.data.datacache.CurvesJsonProtocolHandler.readURL(CurvesJsonProtocolHandler.java:319)
	at com.dukascopy.charts.data.datacache.CurvesJsonProtocolHandler.loadFileFromCFG(CurvesJsonProtocolHandler.java:256)
	at com.dukascopy.charts.data.datacache.CurvesJsonProtocolHandler.loadAndDecompressFileFromCFG(CurvesJsonProtocolHandler.java:361)
	at com.dukascopy.charts.data.datacache.CurvesJsonProtocolHandler.loadChunkFileFromCFG(CurvesJsonProtocolHandler.java:495)
	at com.dukascopy.charts.data.datacache.CurvesDataLoader.lambda$loadDataFromCFG$2(CurvesDataLoader.java:1642)
	at java.util.concurrent.FutureTask.run(FutureTask.java:266)
	at com.dukascopy.charts.data.datacache.CurvesDataLoader.performLoad(CurvesDataLoader.java:2004)
	at com.dukascopy.charts.data.datacache.CurvesDataLoader.loadDataFromCFG(CurvesDataLoader.java:1637)
	at com.dukascopy.charts.data.datacache.CurvesDataLoader.loadChunkData(CurvesDataLoader.java:1562)
	at com.dukascopy.charts.data.datacache.CurvesDataLoader.loadSmallIntervals(CurvesDataLoader.java:654)
	at com.dukascopy.charts.data.datacache.CurvesDataLoader.loadInCache(CurvesDataLoader.java:258)
	at com.dukascopy.charts.data.datacache.CurvesDataLoader.loadInCache(CurvesDataLoader.java:161)
	at com.dukascopy.charts.data.datacache.LoadDataAction.lambda$run$0(LoadDataAction.java:323)
	at java.security.AccessController.doPrivileged(Native Method)
	at com.dukascopy.charts.data.datacache.LoadDataAction.run(LoadDataAction.java:338)
	at com.dukascopy.charts.data.datacache.FeedDataProvider.loadTicksDataSynched(FeedDataProvider.java:1419)
	at com.dukascopy.api.impl.HistoryData.getTicksSecured(HistoryData.java:98)
	at com.dukascopy.api.impl.History.lambda$getTicks$4(History.java:444)
	at com.dukascopy.api.impl.History.lambda$doPrivileged$116(History.java:3573)
	at java.security.AccessController.doPrivileged(Native Method)
	at com.dukascopy.api.impl.History.doPrivileged(History.java:3573)
	at com.dukascopy.api.impl.History.getTicks(History.java:442)
	at local.xm.JForexFinalCollector$CollectorStrategy.collectBlockingTicks(JForexFinalCollector.java:208)
	at local.xm.JForexFinalCollector$CollectorStrategy.collect(JForexFinalCollector.java:188)
	at local.xm.JForexFinalCollector$CollectorStrategy.access$100(JForexFinalCollector.java:143)
	at local.xm.JForexFinalCollector$CollectorStrategy$1.run(JForexFinalCollector.java:162)
	at java.lang.Thread.run(Thread.java:750)
2026-09-08 22:22:45.311 WARN  CurvesJsonProtocolHandler - Connection reset
javax.net.ssl.SSLException: Connection reset
	at sun.security.ssl.Alert.createSSLException(Alert.java:127)
	at sun.security.ssl.TransportContext.fatal(TransportContext.java:331)
	at sun.security.ssl.TransportContext.fatal(TransportContext.java:274)
	at sun.security.ssl.TransportContext.fatal(TransportContext.java:269)
	at sun.security.ssl.SSLTransport.decode(SSLTransport.java:138)
	at sun.security.ssl.SSLSocketImpl.decode(SSLSocketImpl.java:1401)
	at sun.security.ssl.SSLSocketImpl.readHandshakeRecord(SSLSocketImpl.java:1309)
	at sun.security.ssl.SSLSocketImpl.startHandshake(SSLSocketImpl.java:440)
	at sun.net.www.protocol.https.HttpsClient.afterConnect(HttpsClient.java:567)
	at sun.net.www.protocol.https.AbstractDelegateHttpsURLConnection.connect(AbstractDelegateHttpsURLConnection.java:197)
	at sun.net.www.protocol.http.HttpURLConnection.getInputStream0(HttpURLConnection.java:1589)
	at sun.net.www.protocol.http.HttpURLConnection.getInputStream(HttpURLConnection.java:1517)
	at java.net.HttpURLConnection.getResponseCode(HttpURLConnection.java:480)
	at sun.net.www.protocol.https.HttpsURLConnectionImpl.getResponseCode(HttpsURLConnectionImpl.java:352)
	at com.dukascopy.charts.data.datacache.CurvesJsonProtocolHandler.readURL(CurvesJsonProtocolHandler.java:319)
	at com.dukascopy.charts.data.datacache.CurvesJsonProtocolHandler.loadFileFromCFG(CurvesJsonProtocolHandler.java:256)
	at com.dukascopy.charts.data.datacache.CurvesJsonProtocolHandler.loadAndDecompressFileFromCFG(CurvesJsonProtocolHandler.java:361)
	at com.dukascopy.charts.data.datacache.CurvesJsonProtocolHandler.loadChunkFileFromCFG(CurvesJsonProtocolHandler.java:495)
	at com.dukascopy.charts.data.datacache.CurvesDataLoader.lambda$loadDataFromCFG$2(CurvesDataLoader.java:1642)
	at java.util.concurrent.FutureTask.run(FutureTask.java:266)
	at com.dukascopy.charts.data.datacache.CurvesDataLoader.performLoad(CurvesDataLoader.java:2004)
	at com.dukascopy.charts.data.datacache.CurvesDataLoader.loadDataFromCFG(CurvesDataLoader.java:1637)
	at com.dukascopy.charts.data.datacache.CurvesDataLoader.loadChunkData(CurvesDataLoader.java:1562)
	at com.dukascopy.charts.data.datacache.CurvesDataLoader.loadSmallIntervals(CurvesDataLoader.java:654)
	at com.dukascopy.charts.data.datacache.CurvesDataLoader.loadInCache(CurvesDataLoader.java:258)
	at com.dukascopy.charts.data.datacache.CurvesDataLoader.loadInCache(CurvesDataLoader.java:161)
	at com.dukascopy.charts.data.datacache.LoadDataAction.lambda$run$0(LoadDataAction.java:323)
	at java.security.AccessController.doPrivileged(Native Method)
	at com.dukascopy.charts.data.datacache.LoadDataAction.run(LoadDataAction.java:338)
	at com.dukascopy.charts.data.datacache.FeedDataProvider.loadTicksDataSynched(FeedDataProvider.java:1419)
	at com.dukascopy.api.impl.HistoryData.getTicksSecured(HistoryData.java:98)
	at com.dukascopy.api.impl.History.lambda$getTicks$4(History.java:444)
	at com.dukascopy.api.impl.History.lambda$doPrivileged$116(History.java:3573)
	at java.security.AccessController.doPrivileged(Native Method)
	at com.dukascopy.api.impl.History.doPrivileged(History.java:3573)
	at com.dukascopy.api.impl.History.getTicks(History.java:442)
	at local.xm.JForexFinalCollector$CollectorStrategy.collectBlockingTicks(JForexFinalCollector.java:208)
	at local.xm.JForexFinalCollector$CollectorStrategy.collect(JForexFinalCollector.java:188)
	at local.xm.JForexFinalCollector$CollectorStrategy.access$100(JForexFinalCollector.java:143)
	at local.xm.JForexFinalCollector$CollectorStrategy$1.run(JForexFinalCollector.java:162)
	at java.lang.Thread.run(Thread.java:750)
	Suppressed: java.net.SocketException: Connection reset by peer: socket write error
		at java.net.SocketOutputStream.socketWrite0(Native Method)
		at java.net.SocketOutputStream.socketWrite(SocketOutputStream.java:111)
		at java.net.SocketOutputStream.write(SocketOutputStream.java:155)
		at sun.security.ssl.SSLSocketOutputRecord.encodeAlert(SSLSocketOutputRecord.java:81)
		at sun.security.ssl.TransportContext.fatal(TransportContext.java:362)
		... 39 more
Caused by: java.net.SocketException: Connection reset
	at java.net.SocketInputStream.read(SocketInputStream.java:210)
	at java.net.SocketInputStream.read(SocketInputStream.java:141)
	at sun.security.ssl.SSLSocketInputRecord.read(SSLSocketInputRecord.java:464)
	at sun.security.ssl.SSLSocketInputRecord.decode(SSLSocketInputRecord.java:165)
	at sun.security.ssl.SSLTransport.decode(SSLTransport.java:109)
	... 36 more
2026-09-08 22:23:06.361 WARN  CurvesJsonProtocolHandler - Connection timed out: connect
java.net.ConnectException: Connection timed out: connect
	at java.net.DualStackPlainSocketImpl.waitForConnect(Native Method)
	at java.net.DualStackPlainSocketImpl.socketConnect(DualStackPlainSocketImpl.java:85)
	at java.net.AbstractPlainSocketImpl.doConnect(AbstractPlainSocketImpl.java:350)
	at java.net.AbstractPlainSocketImpl.connectToAddress(AbstractPlainSocketImpl.java:206)
	at java.net.AbstractPlainSocketImpl.connect(AbstractPlainSocketImpl.java:188)
	at java.net.PlainSocketImpl.connect(PlainSocketImpl.java:172)
	at java.net.SocksSocketImpl.connect(SocksSocketImpl.java:392)
	at java.net.Socket.connect(Socket.java:607)
	at sun.security.ssl.SSLSocketImpl.connect(SSLSocketImpl.java:293)
	at sun.net.NetworkClient.doConnect(NetworkClient.java:175)
	at sun.net.www.http.HttpClient.openServer(HttpClient.java:465)
	at sun.net.www.http.HttpClient.openServer(HttpClient.java:560)
	at sun.net.www.protocol.https.HttpsClient.<init>(HttpsClient.java:264)
	at sun.net.www.protocol.https.HttpsClient.New(HttpsClient.java:367)
	at sun.net.www.protocol.https.AbstractDelegateHttpsURLConnection.getNewHttpClient(AbstractDelegateHttpsURLConnection.java:203)
	at sun.net.www.protocol.http.HttpURLConnection.plainConnect0(HttpURLConnection.java:1179)
	at sun.net.www.protocol.http.HttpURLConnection.plainConnect(HttpURLConnection.java:1073)
	at sun.net.www.protocol.https.AbstractDelegateHttpsURLConnection.connect(AbstractDelegateHttpsURLConnection.java:189)
	at sun.net.www.protocol.http.HttpURLConnection.getInputStream0(HttpURLConnection.java:1589)
	at sun.net.www.protocol.http.HttpURLConnection.getInputStream(HttpURLConnection.java:1517)
	at java.net.HttpURLConnection.getResponseCode(HttpURLConnection.java:480)
	at sun.net.www.protocol.https.HttpsURLConnectionImpl.getResponseCode(HttpsURLConnectionImpl.java:352)
	at com.dukascopy.charts.data.datacache.CurvesJsonProtocolHandler.readURL(CurvesJsonProtocolHandler.java:319)
	at com.dukascopy.charts.data.datacache.CurvesJsonProtocolHandler.loadFileFromCFG(CurvesJsonProtocolHandler.java:256)
	at com.dukascopy.charts.data.datacache.CurvesJsonProtocolHandler.loadAndDecompressFileFromCFG(CurvesJsonProtocolHandler.java:361)
	at com.dukascopy.charts.data.datacache.CurvesJsonProtocolHandler.loadChunkFileFromCFG(CurvesJsonProtocolHandler.java:495)
	at com.dukascopy.charts.data.datacache.CurvesDataLoader.lambda$loadDataFromCFG$2(CurvesDataLoader.java:1642)
	at java.util.concurrent.FutureTask.run(FutureTask.java:266)
	at com.dukascopy.charts.data.datacache.CurvesDataLoader.performLoad(CurvesDataLoader.java:2004)
	at com.dukascopy.charts.data.datacache.CurvesDataLoader.loadDataFromCFG(CurvesDataLoader.java:1637)
	at com.dukascopy.charts.data.datacache.CurvesDataLoader.loadChunkData(CurvesDataLoader.java:1562)
	at com.dukascopy.charts.data.datacache.CurvesDataLoader.loadSmallIntervals(CurvesDataLoader.java:654)
	at com.dukascopy.charts.data.datacache.CurvesDataLoader.loadInCache(CurvesDataLoader.java:258)
	at com.dukascopy.charts.data.datacache.CurvesDataLoader.loadInCache(CurvesDataLoader.java:161)
	at com.dukascopy.charts.data.datacache.LoadDataAction.lambda$run$0(LoadDataAction.java:323)
	at java.security.AccessController.doPrivileged(Native Method)
	at com.dukascopy.charts.data.datacache.LoadDataAction.run(LoadDataAction.java:338)
	at com.dukascopy.charts.data.datacache.FeedDataProvider.loadTicksDataSynched(FeedDataProvider.java:1419)
	at com.dukascopy.api.impl.HistoryData.getTicksSecured(HistoryData.java:98)
	at com.dukascopy.api.impl.History.lambda$getTicks$4(History.java:444)
	at com.dukascopy.api.impl.History.lambda$doPrivileged$116(History.java:3573)
	at java.security.AccessController.doPrivileged(Native Method)
	at com.dukascopy.api.impl.History.doPrivileged(History.java:3573)
	at com.dukascopy.api.impl.History.getTicks(History.java:442)
	at local.xm.JForexFinalCollector$CollectorStrategy.collectBlockingTicks(JForexFinalCollector.java:208)
	at local.xm.JForexFinalCollector$CollectorStrategy.collect(JForexFinalCollector.java:188)
	at local.xm.JForexFinalCollector$CollectorStrategy.access$100(JForexFinalCollector.java:143)
	at local.xm.JForexFinalCollector$CollectorStrategy$1.run(JForexFinalCollector.java:162)
	at java.lang.Thread.run(Thread.java:750)
JFOREX_PROGRESS=300/784
JFOREX_PROGRESS=325/784
2026-09-08 22:24:47.436 WARN  CurvesJsonProtocolHandler - Server returned HTTP response code: 503 for URL: https://datafeed.66proxymity88.net/GBPUSD/2019/07/04/18h_ticks.bi5
java.io.IOException: Server returned HTTP response code: 503 for URL: https://datafeed.66proxymity88.net/GBPUSD/2019/07/04/18h_ticks.bi5
	at sun.reflect.GeneratedConstructorAccessor31.newInstance(Unknown Source)
	at sun.reflect.DelegatingConstructorAccessorImpl.newInstance(DelegatingConstructorAccessorImpl.java:45)
	at java.lang.reflect.Constructor.newInstance(Constructor.java:423)
	at sun.net.www.protocol.http.HttpURLConnection$10.run(HttpURLConnection.java:1969)
	at sun.net.www.protocol.http.HttpURLConnection$10.run(HttpURLConnection.java:1964)
	at java.security.AccessController.doPrivileged(Native Method)
	at sun.net.www.protocol.http.HttpURLConnection.getChainedException(HttpURLConnection.java:1963)
	at sun.net.www.protocol.http.HttpURLConnection.getInputStream0(HttpURLConnection.java:1533)
	at sun.net.www.protocol.http.HttpURLConnection.getInputStream(HttpURLConnection.java:1517)
	at sun.net.www.protocol.https.HttpsURLConnectionImpl.getInputStream(HttpsURLConnectionImpl.java:268)
	at com.dukascopy.charts.data.datacache.CurvesJsonProtocolHandler.readURL(CurvesJsonProtocolHandler.java:331)
	at com.dukascopy.charts.data.datacache.CurvesJsonProtocolHandler.loadFileFromCFG(CurvesJsonProtocolHandler.java:256)
	at com.dukascopy.charts.data.datacache.CurvesJsonProtocolHandler.loadAndDecompressFileFromCFG(CurvesJsonProtocolHandler.java:361)
	at com.dukascopy.charts.data.datacache.CurvesJsonProtocolHandler.loadChunkFileFromCFG(CurvesJsonProtocolHandler.java:495)
	at com.dukascopy.charts.data.datacache.CurvesDataLoader.lambda$loadDataFromCFG$2(CurvesDataLoader.java:1642)
	at java.util.concurrent.FutureTask.run(FutureTask.java:266)
	at com.dukascopy.charts.data.datacache.CurvesDataLoader.performLoad(CurvesDataLoader.java:2004)
	at com.dukascopy.charts.data.datacache.CurvesDataLoader.loadDataFromCFG(CurvesDataLoader.java:1637)
	at com.dukascopy.charts.data.datacache.CurvesDataLoader.loadChunkData(CurvesDataLoader.java:1562)
	at com.dukascopy.charts.data.datacache.CurvesDataLoader.loadSmallIntervals(CurvesDataLoader.java:654)
	at com.dukascopy.charts.data.datacache.CurvesDataLoader.loadInCache(CurvesDataLoader.java:258)
	at com.dukascopy.charts.data.datacache.CurvesDataLoader.loadInCache(CurvesDataLoader.java:161)
	at com.dukascopy.charts.data.datacache.LoadDataAction.lambda$run$0(LoadDataAction.java:323)
	at java.security.AccessController.doPrivileged(Native Method)
	at com.dukascopy.charts.data.datacache.LoadDataAction.run(LoadDataAction.java:338)
	at com.dukascopy.charts.data.datacache.FeedDataProvider.loadTicksDataSynched(FeedDataProvider.java:1419)
	at com.dukascopy.api.impl.HistoryData.getTicksSecured(HistoryData.java:98)
	at com.dukascopy.api.impl.History.lambda$getTicks$4(History.java:444)
	at com.dukascopy.api.impl.History.lambda$doPrivileged$116(History.java:3573)
	at java.security.AccessController.doPrivileged(Native Method)
	at com.dukascopy.api.impl.History.doPrivileged(History.java:3573)
	at com.dukascopy.api.impl.History.getTicks(History.java:442)
	at local.xm.JForexFinalCollector$CollectorStrategy.collectBlockingTicks(JForexFinalCollector.java:208)
	at local.xm.JForexFinalCollector$CollectorStrategy.collect(JForexFinalCollector.java:188)
	at local.xm.JForexFinalCollector$CollectorStrategy.access$100(JForexFinalCollector.java:143)
	at local.xm.JForexFinalCollector$CollectorStrategy$1.run(JForexFinalCollector.java:162)
	at java.lang.Thread.run(Thread.java:750)
Caused by: java.io.IOException: Server returned HTTP response code: 503 for URL: https://datafeed.66proxymity88.net/GBPUSD/2019/07/04/18h_ticks.bi5
	at sun.net.www.protocol.http.HttpURLConnection.getInputStream0(HttpURLConnection.java:1919)
	at sun.net.www.protocol.http.HttpURLConnection.getInputStream(HttpURLConnection.java:1517)
	at java.net.HttpURLConnection.getResponseCode(HttpURLConnection.java:480)
	at sun.net.www.protocol.https.HttpsURLConnectionImpl.getResponseCode(HttpsURLConnectionImpl.java:352)
	at com.dukascopy.charts.data.datacache.CurvesJsonProtocolHandler.readURL(CurvesJsonProtocolHandler.java:319)
	... 26 more
2026-09-08 22:25:11.620 WARN  CurvesJsonProtocolHandler - Server returned HTTP response code: 503 for URL: https://datafeed.66proxymity88.net/GBPUSD/2019/07/04/BID_candles_min_1.bi5
java.io.IOException: Server returned HTTP response code: 503 for URL: https://datafeed.66proxymity88.net/GBPUSD/2019/07/04/BID_candles_min_1.bi5
	at sun.reflect.GeneratedConstructorAccessor31.newInstance(Unknown Source)
	at sun.reflect.DelegatingConstructorAccessorImpl.newInstance(DelegatingConstructorAccessorImpl.java:45)
	at java.lang.reflect.Constructor.newInstance(Constructor.java:423)
	at sun.net.www.protocol.http.HttpURLConnection$10.run(HttpURLConnection.java:1969)
	at sun.net.www.protocol.http.HttpURLConnection$10.run(HttpURLConnection.java:1964)
	at java.security.AccessController.doPrivileged(Native Method)
	at sun.net.www.protocol.http.HttpURLConnection.getChainedException(HttpURLConnection.java:1963)
	at sun.net.www.protocol.http.HttpURLConnection.getInputStream0(HttpURLConnection.java:1533)
	at sun.net.www.protocol.http.HttpURLConnection.getInputStream(HttpURLConnection.java:1517)
	at sun.net.www.protocol.https.HttpsURLConnectionImpl.getInputStream(HttpsURLConnectionImpl.java:268)
	at com.dukascopy.charts.data.datacache.CurvesJsonProtocolHandler.readURL(CurvesJsonProtocolHandler.java:331)
	at com.dukascopy.charts.data.datacache.CurvesJsonProtocolHandler.loadFileFromCFG(CurvesJsonProtocolHandler.java:256)
	at com.dukascopy.charts.data.datacache.CurvesJsonProtocolHandler.loadAndDecompressFileFromCFG(CurvesJsonProtocolHandler.java:361)
	at com.dukascopy.charts.data.datacache.CurvesJsonProtocolHandler.loadChunkFileFromCFG(CurvesJsonProtocolHandler.java:495)
	at com.dukascopy.charts.data.datacache.CurvesDataLoader.lambda$loadDataFromCFG$2(CurvesDataLoader.java:1642)
	at java.util.concurrent.FutureTask.run(FutureTask.java:266)
	at com.dukascopy.charts.data.datacache.CurvesDataLoader.performLoad(CurvesDataLoader.java:2004)
	at com.dukascopy.charts.data.datacache.CurvesDataLoader.loadDataFromCFG(CurvesDataLoader.java:1637)
	at com.dukascopy.charts.data.datacache.CurvesDataLoader.loadChunkData(CurvesDataLoader.java:1562)
	at com.dukascopy.charts.data.datacache.CurvesDataLoader.loadSmallIntervals(CurvesDataLoader.java:654)
	at com.dukascopy.charts.data.datacache.CurvesDataLoader.loadInCache(CurvesDataLoader.java:258)
	at com.dukascopy.charts.data.datacache.CurvesDataLoader.loadInCache(CurvesDataLoader.java:161)
	at com.dukascopy.charts.data.datacache.LoadDataAction.lambda$run$0(LoadDataAction.java:323)
	at java.security.AccessController.doPrivileged(Native Method)
	at com.dukascopy.charts.data.datacache.LoadDataAction.run(LoadDataAction.java:338)
	at com.dukascopy.charts.data.datacache.FeedDataProvider.loadCandlesDataSynched(FeedDataProvider.java:962)
	at com.dukascopy.charts.data.datacache.FeedDataProvider.loadCandlesFromToSynched(FeedDataProvider.java:2820)
	at com.dukascopy.api.impl.HistoryData.getBarsSecured(HistoryData.java:206)
	at com.dukascopy.api.impl.History.lambda$getBars$54(History.java:1667)
	at com.dukascopy.api.impl.History.lambda$doPrivileged$116(History.java:3573)
	at java.security.AccessController.doPrivileged(Native Method)
	at com.dukascopy.api.impl.History.doPrivileged(History.java:3573)
	at com.dukascopy.api.impl.History.getBars(History.java:1665)
	at local.xm.JForexFinalCollector$CollectorStrategy.collectBars(JForexFinalCollector.java:284)
	at local.xm.JForexFinalCollector$CollectorStrategy.collect(JForexFinalCollector.java:190)
	at local.xm.JForexFinalCollector$CollectorStrategy.access$100(JForexFinalCollector.java:143)
	at local.xm.JForexFinalCollector$CollectorStrategy$1.run(JForexFinalCollector.java:162)
	at java.lang.Thread.run(Thread.java:750)
Caused by: java.io.IOException: Server returned HTTP response code: 503 for URL: https://datafeed.66proxymity88.net/GBPUSD/2019/07/04/BID_candles_min_1.bi5
	at sun.net.www.protocol.http.HttpURLConnection.getInputStream0(HttpURLConnection.java:1919)
	at sun.net.www.protocol.http.HttpURLConnection.getInputStream(HttpURLConnection.java:1517)
	at java.net.HttpURLConnection.getResponseCode(HttpURLConnection.java:480)
	at sun.net.www.protocol.https.HttpsURLConnectionImpl.getResponseCode(HttpsURLConnectionImpl.java:352)
	at com.dukascopy.charts.data.datacache.CurvesJsonProtocolHandler.readURL(CurvesJsonProtocolHandler.java:319)
	... 27 more
2026-09-08 22:25:11.622 ERROR HistoryData - No bars loaded for GBP/USD, 1 Min, Bid, NO_FILTER, 2019-08-04 17:00:00:000 - 2019-08-04 17:59:00:000
current bar 2026-09-08 14:24:00:000
2026-09-08 22:27:08.916 WARN  CurvesJsonProtocolHandler - Connection timed out: connect
java.net.ConnectException: Connection timed out: connect
	at java.net.DualStackPlainSocketImpl.waitForConnect(Native Method)
	at java.net.DualStackPlainSocketImpl.socketConnect(DualStackPlainSocketImpl.java:85)
	at java.net.AbstractPlainSocketImpl.doConnect(AbstractPlainSocketImpl.java:350)
	at java.net.AbstractPlainSocketImpl.connectToAddress(AbstractPlainSocketImpl.java:206)
	at java.net.AbstractPlainSocketImpl.connect(AbstractPlainSocketImpl.java:188)
	at java.net.PlainSocketImpl.connect(PlainSocketImpl.java:172)
	at java.net.SocksSocketImpl.connect(SocksSocketImpl.java:392)
	at java.net.Socket.connect(Socket.java:607)
	at sun.security.ssl.SSLSocketImpl.connect(SSLSocketImpl.java:293)
	at sun.net.NetworkClient.doConnect(NetworkClient.java:175)
	at sun.net.www.http.HttpClient.openServer(HttpClient.java:465)
	at sun.net.www.http.HttpClient.openServer(HttpClient.java:560)
	at sun.net.www.protocol.https.HttpsClient.<init>(HttpsClient.java:264)
	at sun.net.www.protocol.https.HttpsClient.New(HttpsClient.java:367)
	at sun.net.www.protocol.https.AbstractDelegateHttpsURLConnection.getNewHttpClient(AbstractDelegateHttpsURLConnection.java:203)
	at sun.net.www.protocol.http.HttpURLConnection.plainConnect0(HttpURLConnection.java:1179)
	at sun.net.www.protocol.http.HttpURLConnection.plainConnect(HttpURLConnection.java:1073)
	at sun.net.www.protocol.https.AbstractDelegateHttpsURLConnection.connect(AbstractDelegateHttpsURLConnection.java:189)
	at sun.net.www.protocol.http.HttpURLConnection.getInputStream0(HttpURLConnection.java:1589)
	at sun.net.www.protocol.http.HttpURLConnection.getInputStream(HttpURLConnection.java:1517)
	at java.net.HttpURLConnection.getResponseCode(HttpURLConnection.java:480)
	at sun.net.www.protocol.https.HttpsURLConnectionImpl.getResponseCode(HttpsURLConnectionImpl.java:352)
	at com.dukascopy.charts.data.datacache.CurvesJsonProtocolHandler.readURL(CurvesJsonProtocolHandler.java:319)
	at com.dukascopy.charts.data.datacache.CurvesJsonProtocolHandler.loadFileFromCFG(CurvesJsonProtocolHandler.java:256)
	at com.dukascopy.charts.data.datacache.CurvesJsonProtocolHandler.loadAndDecompressFileFromCFG(CurvesJsonProtocolHandler.java:361)
	at com.dukascopy.charts.data.datacache.CurvesJsonProtocolHandler.loadChunkFileFromCFG(CurvesJsonProtocolHandler.java:495)
	at com.dukascopy.charts.data.datacache.CurvesDataLoader.lambda$loadDataFromCFG$2(CurvesDataLoader.java:1642)
	at java.util.concurrent.FutureTask.run(FutureTask.java:266)
	at com.dukascopy.charts.data.datacache.CurvesDataLoader.performLoad(CurvesDataLoader.java:2004)
	at com.dukascopy.charts.data.datacache.CurvesDataLoader.loadDataFromCFG(CurvesDataLoader.java:1637)
	at com.dukascopy.charts.data.datacache.CurvesDataLoader.loadChunkData(CurvesDataLoader.java:1562)
	at com.dukascopy.charts.data.datacache.CurvesDataLoader.loadSmallIntervals(CurvesDataLoader.java:654)
	at com.dukascopy.charts.data.datacache.CurvesDataLoader.loadInCache(CurvesDataLoader.java:258)
	at com.dukascopy.charts.data.datacache.CurvesDataLoader.loadInCache(CurvesDataLoader.java:161)
	at com.dukascopy.charts.data.datacache.LoadDataAction.lambda$run$0(LoadDataAction.java:323)
	at java.security.AccessController.doPrivileged(Native Method)
	at com.dukascopy.charts.data.datacache.LoadDataAction.run(LoadDataAction.java:338)
	at com.dukascopy.charts.data.datacache.FeedDataProvider.loadCandlesDataSynched(FeedDataProvider.java:962)
	at com.dukascopy.charts.data.datacache.FeedDataProvider.loadCandlesFromToSynched(FeedDataProvider.java:2820)
	at com.dukascopy.api.impl.HistoryData.getBarsSecured(HistoryData.java:206)
	at com.dukascopy.api.impl.History.lambda$getBars$54(History.java:1667)
	at com.dukascopy.api.impl.History.lambda$doPrivileged$116(History.java:3573)
	at java.security.AccessController.doPrivileged(Native Method)
	at com.dukascopy.api.impl.History.doPrivileged(History.java:3573)
	at com.dukascopy.api.impl.History.getBars(History.java:1665)
	at local.xm.JForexFinalCollector$CollectorStrategy.collectBars(JForexFinalCollector.java:284)
	at local.xm.JForexFinalCollector$CollectorStrategy.collect(JForexFinalCollector.java:190)
	at local.xm.JForexFinalCollector$CollectorStrategy.access$100(JForexFinalCollector.java:143)
	at local.xm.JForexFinalCollector$CollectorStrategy$1.run(JForexFinalCollector.java:162)
	at java.lang.Thread.run(Thread.java:750)
2026-09-08 22:27:08.916 ERROR HistoryData - No bars loaded for GBP/USD, 1 Min, Bid, NO_FILTER, 2019-08-17 13:00:00:000 - 2019-08-17 13:59:00:000
current bar 2026-09-08 14:26:00:000
2026-09-08 22:27:29.936 WARN  CurvesJsonProtocolHandler - Connection timed out: connect
java.net.ConnectException: Connection timed out: connect
	at java.net.DualStackPlainSocketImpl.waitForConnect(Native Method)
	at java.net.DualStackPlainSocketImpl.socketConnect(DualStackPlainSocketImpl.java:85)
	at java.net.AbstractPlainSocketImpl.doConnect(AbstractPlainSocketImpl.java:350)
	at java.net.AbstractPlainSocketImpl.connectToAddress(AbstractPlainSocketImpl.java:206)
	at java.net.AbstractPlainSocketImpl.connect(AbstractPlainSocketImpl.java:188)
	at java.net.PlainSocketImpl.connect(PlainSocketImpl.java:172)
	at java.net.SocksSocketImpl.connect(SocksSocketImpl.java:392)
	at java.net.Socket.connect(Socket.java:607)
	at sun.security.ssl.SSLSocketImpl.connect(SSLSocketImpl.java:293)
	at sun.net.NetworkClient.doConnect(NetworkClient.java:175)
	at sun.net.www.http.HttpClient.openServer(HttpClient.java:465)
	at sun.net.www.http.HttpClient.openServer(HttpClient.java:560)
	at sun.net.www.protocol.https.HttpsClient.<init>(HttpsClient.java:264)
	at sun.net.www.protocol.https.HttpsClient.New(HttpsClient.java:367)
	at sun.net.www.protocol.https.AbstractDelegateHttpsURLConnection.getNewHttpClient(AbstractDelegateHttpsURLConnection.java:203)
	at sun.net.www.protocol.http.HttpURLConnection.plainConnect0(HttpURLConnection.java:1179)
	at sun.net.www.protocol.http.HttpURLConnection.plainConnect(HttpURLConnection.java:1073)
	at sun.net.www.protocol.https.AbstractDelegateHttpsURLConnection.connect(AbstractDelegateHttpsURLConnection.java:189)
	at sun.net.www.protocol.http.HttpURLConnection.getInputStream0(HttpURLConnection.java:1589)
	at sun.net.www.protocol.http.HttpURLConnection.getInputStream(HttpURLConnection.java:1517)
	at java.net.HttpURLConnection.getResponseCode(HttpURLConnection.java:480)
	at sun.net.www.protocol.https.HttpsURLConnectionImpl.getResponseCode(HttpsURLConnectionImpl.java:352)
	at com.dukascopy.charts.data.datacache.CurvesJsonProtocolHandler.readURL(CurvesJsonProtocolHandler.java:319)
	at com.dukascopy.charts.data.datacache.CurvesJsonProtocolHandler.loadFileFromCFG(CurvesJsonProtocolHandler.java:256)
	at com.dukascopy.charts.data.datacache.CurvesJsonProtocolHandler.loadAndDecompressFileFromCFG(CurvesJsonProtocolHandler.java:361)
	at com.dukascopy.charts.data.datacache.CurvesJsonProtocolHandler.loadChunkFileFromCFG(CurvesJsonProtocolHandler.java:495)
	at com.dukascopy.charts.data.datacache.CurvesDataLoader.lambda$loadDataFromCFG$2(CurvesDataLoader.java:1642)
	at java.util.concurrent.FutureTask.run(FutureTask.java:266)
	at com.dukascopy.charts.data.datacache.CurvesDataLoader.performLoad(CurvesDataLoader.java:2004)
	at com.dukascopy.charts.data.datacache.CurvesDataLoader.loadDataFromCFG(CurvesDataLoader.java:1637)
	at com.dukascopy.charts.data.datacache.CurvesDataLoader.loadChunkData(CurvesDataLoader.java:1562)
	at com.dukascopy.charts.data.datacache.CurvesDataLoader.loadSmallIntervals(CurvesDataLoader.java:654)
	at com.dukascopy.charts.data.datacache.CurvesDataLoader.loadInCache(CurvesDataLoader.java:258)
	at com.dukascopy.charts.data.datacache.CurvesDataLoader.loadInCache(CurvesDataLoader.java:161)
	at com.dukascopy.charts.data.datacache.LoadDataAction.lambda$run$0(LoadDataAction.java:323)
	at java.security.AccessController.doPrivileged(Native Method)
	at com.dukascopy.charts.data.datacache.LoadDataAction.run(LoadDataAction.java:338)
	at com.dukascopy.charts.data.datacache.FeedDataProvider.loadTicksDataSynched(FeedDataProvider.java:1419)
	at com.dukascopy.api.impl.HistoryData.getTicksSecured(HistoryData.java:98)
	at com.dukascopy.api.impl.History.lambda$getTicks$4(History.java:444)
	at com.dukascopy.api.impl.History.lambda$doPrivileged$116(History.java:3573)
	at java.security.AccessController.doPrivileged(Native Method)
	at com.dukascopy.api.impl.History.doPrivileged(History.java:3573)
	at com.dukascopy.api.impl.History.getTicks(History.java:442)
	at local.xm.JForexFinalCollector$CollectorStrategy.collectBlockingTicks(JForexFinalCollector.java:208)
	at local.xm.JForexFinalCollector$CollectorStrategy.collect(JForexFinalCollector.java:188)
	at local.xm.JForexFinalCollector$CollectorStrategy.access$100(JForexFinalCollector.java:143)
	at local.xm.JForexFinalCollector$CollectorStrategy$1.run(JForexFinalCollector.java:162)
	at java.lang.Thread.run(Thread.java:750)
2026-09-08 22:27:50.996 WARN  CurvesJsonProtocolHandler - Connection timed out: connect
java.net.ConnectException: Connection timed out: connect
	at java.net.DualStackPlainSocketImpl.waitForConnect(Native Method)
	at java.net.DualStackPlainSocketImpl.socketConnect(DualStackPlainSocketImpl.java:85)
	at java.net.AbstractPlainSocketImpl.doConnect(AbstractPlainSocketImpl.java:350)
	at java.net.AbstractPlainSocketImpl.connectToAddress(AbstractPlainSocketImpl.java:206)
	at java.net.AbstractPlainSocketImpl.connect(AbstractPlainSocketImpl.java:188)
	at java.net.PlainSocketImpl.connect(PlainSocketImpl.java:172)
	at java.net.SocksSocketImpl.connect(SocksSocketImpl.java:392)
	at java.net.Socket.connect(Socket.java:607)
	at sun.security.ssl.SSLSocketImpl.connect(SSLSocketImpl.java:293)
	at sun.net.NetworkClient.doConnect(NetworkClient.java:175)
	at sun.net.www.http.HttpClient.openServer(HttpClient.java:465)
	at sun.net.www.http.HttpClient.openServer(HttpClient.java:560)
	at sun.net.www.protocol.https.HttpsClient.<init>(HttpsClient.java:264)
	at sun.net.www.protocol.https.HttpsClient.New(HttpsClient.java:367)
	at sun.net.www.protocol.https.AbstractDelegateHttpsURLConnection.getNewHttpClient(AbstractDelegateHttpsURLConnection.java:203)
	at sun.net.www.protocol.http.HttpURLConnection.plainConnect0(HttpURLConnection.java:1179)
	at sun.net.www.protocol.http.HttpURLConnection.plainConnect(HttpURLConnection.java:1073)
	at sun.net.www.protocol.https.AbstractDelegateHttpsURLConnection.connect(AbstractDelegateHttpsURLConnection.java:189)
	at sun.net.www.protocol.http.HttpURLConnection.getInputStream0(HttpURLConnection.java:1589)
	at sun.net.www.protocol.http.HttpURLConnection.getInputStream(HttpURLConnection.java:1517)
	at java.net.HttpURLConnection.getResponseCode(HttpURLConnection.java:480)
	at sun.net.www.protocol.https.HttpsURLConnectionImpl.getResponseCode(HttpsURLConnectionImpl.java:352)
	at com.dukascopy.charts.data.datacache.CurvesJsonProtocolHandler.readURL(CurvesJsonProtocolHandler.java:319)
	at com.dukascopy.charts.data.datacache.CurvesJsonProtocolHandler.loadFileFromCFG(CurvesJsonProtocolHandler.java:256)
	at com.dukascopy.charts.data.datacache.CurvesJsonProtocolHandler.loadAndDecompressFileFromCFG(CurvesJsonProtocolHandler.java:361)
	at com.dukascopy.charts.data.datacache.CurvesJsonProtocolHandler.loadChunkFileFromCFG(CurvesJsonProtocolHandler.java:495)
	at com.dukascopy.charts.data.datacache.CurvesDataLoader.lambda$loadDataFromCFG$2(CurvesDataLoader.java:1642)
	at java.util.concurrent.FutureTask.run(FutureTask.java:266)
	at com.dukascopy.charts.data.datacache.CurvesDataLoader.performLoad(CurvesDataLoader.java:2004)
	at com.dukascopy.charts.data.datacache.CurvesDataLoader.loadDataFromCFG(CurvesDataLoader.java:1637)
	at com.dukascopy.charts.data.datacache.CurvesDataLoader.loadChunkData(CurvesDataLoader.java:1562)
	at com.dukascopy.charts.data.datacache.CurvesDataLoader.loadSmallIntervals(CurvesDataLoader.java:654)
	at com.dukascopy.charts.data.datacache.CurvesDataLoader.loadInCache(CurvesDataLoader.java:258)
	at com.dukascopy.charts.data.datacache.CurvesDataLoader.loadInCache(CurvesDataLoader.java:161)
	at com.dukascopy.charts.data.datacache.LoadDataAction.lambda$run$0(LoadDataAction.java:323)
	at java.security.AccessController.doPrivileged(Native Method)
	at com.dukascopy.charts.data.datacache.LoadDataAction.run(LoadDataAction.java:338)
	at com.dukascopy.charts.data.datacache.FeedDataProvider.loadTicksDataSynched(FeedDataProvider.java:1419)
	at com.dukascopy.api.impl.HistoryData.getTicksSecured(HistoryData.java:98)
	at com.dukascopy.api.impl.History.lambda$getTicks$4(History.java:444)
	at com.dukascopy.api.impl.History.lambda$doPrivileged$116(History.java:3573)
	at java.security.AccessController.doPrivileged(Native Method)
	at com.dukascopy.api.impl.History.doPrivileged(History.java:3573)
	at com.dukascopy.api.impl.History.getTicks(History.java:442)
	at local.xm.JForexFinalCollector$CollectorStrategy.collectBlockingTicks(JForexFinalCollector.java:208)
	at local.xm.JForexFinalCollector$CollectorStrategy.collect(JForexFinalCollector.java:188)
	at local.xm.JForexFinalCollector$CollectorStrategy.access$100(JForexFinalCollector.java:143)
	at local.xm.JForexFinalCollector$CollectorStrategy$1.run(JForexFinalCollector.java:162)
	at java.lang.Thread.run(Thread.java:750)
2026-09-08 22:27:50.998 ERROR HistoryData - No bars loaded for GBP/USD, 1 Min, Bid, NO_FILTER, 2019-08-17 18:00:00:000 - 2019-08-17 18:59:00:000
current bar 2026-09-08 14:27:00:000
2026-09-08 22:28:12.029 WARN  CurvesJsonProtocolHandler - Connection timed out: connect
java.net.ConnectException: Connection timed out: connect
	at java.net.DualStackPlainSocketImpl.waitForConnect(Native Method)
	at java.net.DualStackPlainSocketImpl.socketConnect(DualStackPlainSocketImpl.java:85)
	at java.net.AbstractPlainSocketImpl.doConnect(AbstractPlainSocketImpl.java:350)
	at java.net.AbstractPlainSocketImpl.connectToAddress(AbstractPlainSocketImpl.java:206)
	at java.net.AbstractPlainSocketImpl.connect(AbstractPlainSocketImpl.java:188)
	at java.net.PlainSocketImpl.connect(PlainSocketImpl.java:172)
	at java.net.SocksSocketImpl.connect(SocksSocketImpl.java:392)
	at java.net.Socket.connect(Socket.java:607)
	at sun.security.ssl.SSLSocketImpl.connect(SSLSocketImpl.java:293)
	at sun.net.NetworkClient.doConnect(NetworkClient.java:175)
	at sun.net.www.http.HttpClient.openServer(HttpClient.java:465)
	at sun.net.www.http.HttpClient.openServer(HttpClient.java:560)
	at sun.net.www.protocol.https.HttpsClient.<init>(HttpsClient.java:264)
	at sun.net.www.protocol.https.HttpsClient.New(HttpsClient.java:367)
	at sun.net.www.protocol.https.AbstractDelegateHttpsURLConnection.getNewHttpClient(AbstractDelegateHttpsURLConnection.java:203)
	at sun.net.www.protocol.http.HttpURLConnection.plainConnect0(HttpURLConnection.java:1179)
	at sun.net.www.protocol.http.HttpURLConnection.plainConnect(HttpURLConnection.java:1073)
	at sun.net.www.protocol.https.AbstractDelegateHttpsURLConnection.connect(AbstractDelegateHttpsURLConnection.java:189)
	at sun.net.www.protocol.http.HttpURLConnection.getInputStream0(HttpURLConnection.java:1589)
	at sun.net.www.protocol.http.HttpURLConnection.getInputStream(HttpURLConnection.java:1517)
	at java.net.HttpURLConnection.getResponseCode(HttpURLConnection.java:480)
	at sun.net.www.protocol.https.HttpsURLConnectionImpl.getResponseCode(HttpsURLConnectionImpl.java:352)
	at com.dukascopy.charts.data.datacache.CurvesJsonProtocolHandler.readURL(CurvesJsonProtocolHandler.java:319)
	at com.dukascopy.charts.data.datacache.CurvesJsonProtocolHandler.loadFileFromCFG(CurvesJsonProtocolHandler.java:256)
	at com.dukascopy.charts.data.datacache.CurvesJsonProtocolHandler.loadAndDecompressFileFromCFG(CurvesJsonProtocolHandler.java:361)
	at com.dukascopy.charts.data.datacache.CurvesJsonProtocolHandler.loadChunkFileFromCFG(CurvesJsonProtocolHandler.java:495)
	at com.dukascopy.charts.data.datacache.CurvesDataLoader.lambda$loadDataFromCFG$2(CurvesDataLoader.java:1642)
	at java.util.concurrent.FutureTask.run(FutureTask.java:266)
	at com.dukascopy.charts.data.datacache.CurvesDataLoader.performLoad(CurvesDataLoader.java:2004)
	at com.dukascopy.charts.data.datacache.CurvesDataLoader.loadDataFromCFG(CurvesDataLoader.java:1637)
	at com.dukascopy.charts.data.datacache.CurvesDataLoader.loadChunkData(CurvesDataLoader.java:1562)
	at com.dukascopy.charts.data.datacache.CurvesDataLoader.loadSmallIntervals(CurvesDataLoader.java:654)
	at com.dukascopy.charts.data.datacache.CurvesDataLoader.loadInCache(CurvesDataLoader.java:258)
	at com.dukascopy.charts.data.datacache.CurvesDataLoader.loadInCache(CurvesDataLoader.java:161)
	at com.dukascopy.charts.data.datacache.LoadDataAction.lambda$run$0(LoadDataAction.java:323)
	at java.security.AccessController.doPrivileged(Native Method)
	at com.dukascopy.charts.data.datacache.LoadDataAction.run(LoadDataAction.java:338)
	at com.dukascopy.charts.data.datacache.FeedDataProvider.loadTicksDataSynched(FeedDataProvider.java:1419)
	at com.dukascopy.api.impl.HistoryData.getTicksSecured(HistoryData.java:98)
	at com.dukascopy.api.impl.History.lambda$getTicks$4(History.java:444)
	at com.dukascopy.api.impl.History.lambda$doPrivileged$116(History.java:3573)
	at java.security.AccessController.doPrivileged(Native Method)
	at com.dukascopy.api.impl.History.doPrivileged(History.java:3573)
	at com.dukascopy.api.impl.History.getTicks(History.java:442)
	at local.xm.JForexFinalCollector$CollectorStrategy.collectBlockingTicks(JForexFinalCollector.java:208)
	at local.xm.JForexFinalCollector$CollectorStrategy.collect(JForexFinalCollector.java:188)
	at local.xm.JForexFinalCollector$CollectorStrategy.access$100(JForexFinalCollector.java:143)
	at local.xm.JForexFinalCollector$CollectorStrategy$1.run(JForexFinalCollector.java:162)
	at java.lang.Thread.run(Thread.java:750)
2026-09-08 22:28:33.089 WARN  CurvesJsonProtocolHandler - Connection timed out: connect
java.net.ConnectException: Connection timed out: connect
	at java.net.DualStackPlainSocketImpl.waitForConnect(Native Method)
	at java.net.DualStackPlainSocketImpl.socketConnect(DualStackPlainSocketImpl.java:85)
	at java.net.AbstractPlainSocketImpl.doConnect(AbstractPlainSocketImpl.java:350)
	at java.net.AbstractPlainSocketImpl.connectToAddress(AbstractPlainSocketImpl.java:206)
	at java.net.AbstractPlainSocketImpl.connect(AbstractPlainSocketImpl.java:188)
	at java.net.PlainSocketImpl.connect(PlainSocketImpl.java:172)
	at java.net.SocksSocketImpl.connect(SocksSocketImpl.java:392)
	at java.net.Socket.connect(Socket.java:607)
	at sun.security.ssl.SSLSocketImpl.connect(SSLSocketImpl.java:293)
	at sun.net.NetworkClient.doConnect(NetworkClient.java:175)
	at sun.net.www.http.HttpClient.openServer(HttpClient.java:465)
	at sun.net.www.http.HttpClient.openServer(HttpClient.java:560)
	at sun.net.www.protocol.https.HttpsClient.<init>(HttpsClient.java:264)
	at sun.net.www.protocol.https.HttpsClient.New(HttpsClient.java:367)
	at sun.net.www.protocol.https.AbstractDelegateHttpsURLConnection.getNewHttpClient(AbstractDelegateHttpsURLConnection.java:203)
	at sun.net.www.protocol.http.HttpURLConnection.plainConnect0(HttpURLConnection.java:1179)
	at sun.net.www.protocol.http.HttpURLConnection.plainConnect(HttpURLConnection.java:1073)
	at sun.net.www.protocol.https.AbstractDelegateHttpsURLConnection.connect(AbstractDelegateHttpsURLConnection.java:189)
	at sun.net.www.protocol.http.HttpURLConnection.getInputStream0(HttpURLConnection.java:1589)
	at sun.net.www.protocol.http.HttpURLConnection.getInputStream(HttpURLConnection.java:1517)
	at java.net.HttpURLConnection.getResponseCode(HttpURLConnection.java:480)
	at sun.net.www.protocol.https.HttpsURLConnectionImpl.getResponseCode(HttpsURLConnectionImpl.java:352)
	at com.dukascopy.charts.data.datacache.CurvesJsonProtocolHandler.readURL(CurvesJsonProtocolHandler.java:319)
	at com.dukascopy.charts.data.datacache.CurvesJsonProtocolHandler.loadFileFromCFG(CurvesJsonProtocolHandler.java:256)
	at com.dukascopy.charts.data.datacache.CurvesJsonProtocolHandler.loadAndDecompressFileFromCFG(CurvesJsonProtocolHandler.java:361)
	at com.dukascopy.charts.data.datacache.CurvesJsonProtocolHandler.loadChunkFileFromCFG(CurvesJsonProtocolHandler.java:495)
	at com.dukascopy.charts.data.datacache.CurvesDataLoader.lambda$loadDataFromCFG$2(CurvesDataLoader.java:1642)
	at java.util.concurrent.FutureTask.run(FutureTask.java:266)
	at com.dukascopy.charts.data.datacache.CurvesDataLoader.performLoad(CurvesDataLoader.java:2004)
	at com.dukascopy.charts.data.datacache.CurvesDataLoader.loadDataFromCFG(CurvesDataLoader.java:1637)
	at com.dukascopy.charts.data.datacache.CurvesDataLoader.loadChunkData(CurvesDataLoader.java:1562)
	at com.dukascopy.charts.data.datacache.CurvesDataLoader.loadSmallIntervals(CurvesDataLoader.java:654)
	at com.dukascopy.charts.data.datacache.CurvesDataLoader.loadInCache(CurvesDataLoader.java:258)
	at com.dukascopy.charts.data.datacache.CurvesDataLoader.loadInCache(CurvesDataLoader.java:161)
	at com.dukascopy.charts.data.datacache.LoadDataAction.lambda$run$0(LoadDataAction.java:323)
	at java.security.AccessController.doPrivileged(Native Method)
	at com.dukascopy.charts.data.datacache.LoadDataAction.run(LoadDataAction.java:338)
	at com.dukascopy.charts.data.datacache.FeedDataProvider.loadTicksDataSynched(FeedDataProvider.java:1419)
	at com.dukascopy.api.impl.HistoryData.getTicksSecured(HistoryData.java:98)
	at com.dukascopy.api.impl.History.lambda$getTicks$4(History.java:444)
	at com.dukascopy.api.impl.History.lambda$doPrivileged$116(History.java:3573)
	at java.security.AccessController.doPrivileged(Native Method)
	at com.dukascopy.api.impl.History.doPrivileged(History.java:3573)
	at com.dukascopy.api.impl.History.getTicks(History.java:442)
	at local.xm.JForexFinalCollector$CollectorStrategy.collectBlockingTicks(JForexFinalCollector.java:208)
	at local.xm.JForexFinalCollector$CollectorStrategy.collect(JForexFinalCollector.java:188)
	at local.xm.JForexFinalCollector$CollectorStrategy.access$100(JForexFinalCollector.java:143)
	at local.xm.JForexFinalCollector$CollectorStrategy$1.run(JForexFinalCollector.java:162)
	at java.lang.Thread.run(Thread.java:750)
2026-09-08 22:28:52.111 DEBUG DCClientImpl - Unrecognized protocol message : class com.dukascopy.dds4.transport.msg.system.SystemTimeResponseMessage / <SystemTimeResponseMessage(requestTime=1788877732085,time=1788877732057,transportLagInterval=0,synchRequestId=164,timestamp=1788877732057)>
2026-09-08 22:28:54.132 WARN  CurvesJsonProtocolHandler - Connection timed out: connect
java.net.ConnectException: Connection timed out: connect
	at java.net.DualStackPlainSocketImpl.waitForConnect(Native Method)
	at java.net.DualStackPlainSocketImpl.socketConnect(DualStackPlainSocketImpl.java:85)
	at java.net.AbstractPlainSocketImpl.doConnect(AbstractPlainSocketImpl.java:350)
	at java.net.AbstractPlainSocketImpl.connectToAddress(AbstractPlainSocketImpl.java:206)
	at java.net.AbstractPlainSocketImpl.connect(AbstractPlainSocketImpl.java:188)
	at java.net.PlainSocketImpl.connect(PlainSocketImpl.java:172)
	at java.net.SocksSocketImpl.connect(SocksSocketImpl.java:392)
	at java.net.Socket.connect(Socket.java:607)
	at sun.security.ssl.SSLSocketImpl.connect(SSLSocketImpl.java:293)
	at sun.net.NetworkClient.doConnect(NetworkClient.java:175)
	at sun.net.www.http.HttpClient.openServer(HttpClient.java:465)
	at sun.net.www.http.HttpClient.openServer(HttpClient.java:560)
	at sun.net.www.protocol.https.HttpsClient.<init>(HttpsClient.java:264)
	at sun.net.www.protocol.https.HttpsClient.New(HttpsClient.java:367)
	at sun.net.www.protocol.https.AbstractDelegateHttpsURLConnection.getNewHttpClient(AbstractDelegateHttpsURLConnection.java:203)
	at sun.net.www.protocol.http.HttpURLConnection.plainConnect0(HttpURLConnection.java:1179)
	at sun.net.www.protocol.http.HttpURLConnection.plainConnect(HttpURLConnection.java:1073)
	at sun.net.www.protocol.https.AbstractDelegateHttpsURLConnection.connect(AbstractDelegateHttpsURLConnection.java:189)
	at sun.net.www.protocol.http.HttpURLConnection.getInputStream0(HttpURLConnection.java:1589)
	at sun.net.www.protocol.http.HttpURLConnection.getInputStream(HttpURLConnection.java:1517)
	at java.net.HttpURLConnection.getResponseCode(HttpURLConnection.java:480)
	at sun.net.www.protocol.https.HttpsURLConnectionImpl.getResponseCode(HttpsURLConnectionImpl.java:352)
	at com.dukascopy.charts.data.datacache.CurvesJsonProtocolHandler.readURL(CurvesJsonProtocolHandler.java:319)
	at com.dukascopy.charts.data.datacache.CurvesJsonProtocolHandler.loadFileFromCFG(CurvesJsonProtocolHandler.java:256)
	at com.dukascopy.charts.data.datacache.CurvesJsonProtocolHandler.loadAndDecompressFileFromCFG(CurvesJsonProtocolHandler.java:361)
	at com.dukascopy.charts.data.datacache.CurvesJsonProtocolHandler.loadChunkFileFromCFG(CurvesJsonProtocolHandler.java:495)
	at com.dukascopy.charts.data.datacache.CurvesDataLoader.lambda$loadDataFromCFG$2(CurvesDataLoader.java:1642)
	at java.util.concurrent.FutureTask.run(FutureTask.java:266)
	at com.dukascopy.charts.data.datacache.CurvesDataLoader.performLoad(CurvesDataLoader.java:2004)
	at com.dukascopy.charts.data.datacache.CurvesDataLoader.loadDataFromCFG(CurvesDataLoader.java:1637)
	at com.dukascopy.charts.data.datacache.CurvesDataLoader.loadChunkData(CurvesDataLoader.java:1562)
	at com.dukascopy.charts.data.datacache.CurvesDataLoader.loadSmallIntervals(CurvesDataLoader.java:654)
	at com.dukascopy.charts.data.datacache.CurvesDataLoader.loadInCache(CurvesDataLoader.java:258)
	at com.dukascopy.charts.data.datacache.CurvesDataLoader.loadInCache(CurvesDataLoader.java:161)
	at com.dukascopy.charts.data.datacache.LoadDataAction.lambda$run$0(LoadDataAction.java:323)
	at java.security.AccessController.doPrivileged(Native Method)
	at com.dukascopy.charts.data.datacache.LoadDataAction.run(LoadDataAction.java:338)
	at com.dukascopy.charts.data.datacache.FeedDataProvider.loadCandlesDataSynched(FeedDataProvider.java:962)
	at com.dukascopy.charts.data.datacache.FeedDataProvider.loadCandlesFromToSynched(FeedDataProvider.java:2820)
	at com.dukascopy.api.impl.HistoryData.getBarsSecured(HistoryData.java:206)
	at com.dukascopy.api.impl.History.lambda$getBars$54(History.java:1667)
	at com.dukascopy.api.impl.History.lambda$doPrivileged$116(History.java:3573)
	at java.security.AccessController.doPrivileged(Native Method)
	at com.dukascopy.api.impl.History.doPrivileged(History.java:3573)
	at com.dukascopy.api.impl.History.getBars(History.java:1665)
	at local.xm.JForexFinalCollector$CollectorStrategy.collectBars(JForexFinalCollector.java:284)
	at local.xm.JForexFinalCollector$CollectorStrategy.collect(JForexFinalCollector.java:190)
	at local.xm.JForexFinalCollector$CollectorStrategy.access$100(JForexFinalCollector.java:143)
	at local.xm.JForexFinalCollector$CollectorStrategy$1.run(JForexFinalCollector.java:162)
	at java.lang.Thread.run(Thread.java:750)
2026-09-08 22:28:54.134 ERROR HistoryData - No bars loaded for GBP/USD, 1 Min, Bid, NO_FILTER, 2019-08-18 00:00:00:000 - 2019-08-18 00:59:00:000
current bar 2026-09-08 14:28:00:000
2026-09-08 22:29:15.353 ERROR HistoryData - No bars loaded for GBP/USD, 1 Min, Bid, NO_FILTER, 2019-08-18 21:00:00:000 - 2019-08-18 21:59:00:000
current bar 2026-09-08 14:29:00:000
JFOREX_PROGRESS=350/784
2026-09-08 22:29:52.470 WARN  CurvesJsonProtocolHandler - Connection timed out: connect
java.net.ConnectException: Connection timed out: connect
	at java.net.DualStackPlainSocketImpl.waitForConnect(Native Method)
	at java.net.DualStackPlainSocketImpl.socketConnect(DualStackPlainSocketImpl.java:85)
	at java.net.AbstractPlainSocketImpl.doConnect(AbstractPlainSocketImpl.java:350)
	at java.net.AbstractPlainSocketImpl.connectToAddress(AbstractPlainSocketImpl.java:206)
	at java.net.AbstractPlainSocketImpl.connect(AbstractPlainSocketImpl.java:188)
	at java.net.PlainSocketImpl.connect(PlainSocketImpl.java:172)
	at java.net.SocksSocketImpl.connect(SocksSocketImpl.java:392)
	at java.net.Socket.connect(Socket.java:607)
	at sun.security.ssl.SSLSocketImpl.connect(SSLSocketImpl.java:293)
	at sun.net.NetworkClient.doConnect(NetworkClient.java:175)
	at sun.net.www.http.HttpClient.openServer(HttpClient.java:465)
	at sun.net.www.http.HttpClient.openServer(HttpClient.java:560)
	at sun.net.www.protocol.https.HttpsClient.<init>(HttpsClient.java:264)
	at sun.net.www.protocol.https.HttpsClient.New(HttpsClient.java:367)
	at sun.net.www.protocol.https.HttpsClient.New(HttpsClient.java:307)
	at sun.net.www.protocol.https.AbstractDelegateHttpsURLConnection.setNewClient(AbstractDelegateHttpsURLConnection.java:97)
	at sun.net.www.protocol.https.AbstractDelegateHttpsURLConnection.setNewClient(AbstractDelegateHttpsURLConnection.java:80)
	at sun.net.www.protocol.http.HttpURLConnection.writeRequests(HttpURLConnection.java:723)
	at sun.net.www.protocol.http.HttpURLConnection.getInputStream0(HttpURLConnection.java:1610)
	at sun.net.www.protocol.http.HttpURLConnection.getInputStream(HttpURLConnection.java:1517)
	at java.net.HttpURLConnection.getResponseCode(HttpURLConnection.java:480)
	at sun.net.www.protocol.https.HttpsURLConnectionImpl.getResponseCode(HttpsURLConnectionImpl.java:352)
	at com.dukascopy.charts.data.datacache.CurvesJsonProtocolHandler.readURL(CurvesJsonProtocolHandler.java:319)
	at com.dukascopy.charts.data.datacache.CurvesJsonProtocolHandler.loadFileFromCFG(CurvesJsonProtocolHandler.java:256)
	at com.dukascopy.charts.data.datacache.CurvesJsonProtocolHandler.loadAndDecompressFileFromCFG(CurvesJsonProtocolHandler.java:361)
	at com.dukascopy.charts.data.datacache.CurvesJsonProtocolHandler.loadChunkFileFromCFG(CurvesJsonProtocolHandler.java:495)
	at com.dukascopy.charts.data.datacache.CurvesDataLoader.lambda$loadDataFromCFG$2(CurvesDataLoader.java:1642)
	at java.util.concurrent.FutureTask.run(FutureTask.java:266)
	at com.dukascopy.charts.data.datacache.CurvesDataLoader.performLoad(CurvesDataLoader.java:2004)
	at com.dukascopy.charts.data.datacache.CurvesDataLoader.loadDataFromCFG(CurvesDataLoader.java:1637)
	at com.dukascopy.charts.data.datacache.CurvesDataLoader.loadChunkData(CurvesDataLoader.java:1562)
	at com.dukascopy.charts.data.datacache.CurvesDataLoader.loadSmallIntervals(CurvesDataLoader.java:654)
	at com.dukascopy.charts.data.datacache.CurvesDataLoader.loadInCache(CurvesDataLoader.java:258)
	at com.dukascopy.charts.data.datacache.CurvesDataLoader.loadInCache(CurvesDataLoader.java:161)
	at com.dukascopy.charts.data.datacache.LoadDataAction.lambda$run$0(LoadDataAction.java:323)
	at java.security.AccessController.doPrivileged(Native Method)
	at com.dukascopy.charts.data.datacache.LoadDataAction.run(LoadDataAction.java:338)
	at com.dukascopy.charts.data.datacache.FeedDataProvider.loadTicksDataSynched(FeedDataProvider.java:1419)
	at com.dukascopy.api.impl.HistoryData.getTicksSecured(HistoryData.java:98)
	at com.dukascopy.api.impl.History.lambda$getTicks$4(History.java:444)
	at com.dukascopy.api.impl.History.lambda$doPrivileged$116(History.java:3573)
	at java.security.AccessController.doPrivileged(Native Method)
	at com.dukascopy.api.impl.History.doPrivileged(History.java:3573)
	at com.dukascopy.api.impl.History.getTicks(History.java:442)
	at local.xm.JForexFinalCollector$CollectorStrategy.collectBlockingTicks(JForexFinalCollector.java:208)
	at local.xm.JForexFinalCollector$CollectorStrategy.collect(JForexFinalCollector.java:188)
	at local.xm.JForexFinalCollector$CollectorStrategy.access$100(JForexFinalCollector.java:143)
	at local.xm.JForexFinalCollector$CollectorStrategy$1.run(JForexFinalCollector.java:162)
	at java.lang.Thread.run(Thread.java:750)
JFOREX_PROGRESS=375/784
JFOREX_PROGRESS=400/784
JFOREX_PROGRESS=425/784
JFOREX_PROGRESS=450/784
JFOREX_PROGRESS=475/784
2026-09-08 22:32:37.940 WARN  CurvesJsonProtocolHandler - Server returned HTTP response code: 503 for URL: https://datafeed.66proxymity88.net/GBPUSD/2022/06/10/BID_candles_min_1.bi5
java.io.IOException: Server returned HTTP response code: 503 for URL: https://datafeed.66proxymity88.net/GBPUSD/2022/06/10/BID_candles_min_1.bi5
	at sun.reflect.GeneratedConstructorAccessor31.newInstance(Unknown Source)
	at sun.reflect.DelegatingConstructorAccessorImpl.newInstance(DelegatingConstructorAccessorImpl.java:45)
	at java.lang.reflect.Constructor.newInstance(Constructor.java:423)
	at sun.net.www.protocol.http.HttpURLConnection$10.run(HttpURLConnection.java:1969)
	at sun.net.www.protocol.http.HttpURLConnection$10.run(HttpURLConnection.java:1964)
	at java.security.AccessController.doPrivileged(Native Method)
	at sun.net.www.protocol.http.HttpURLConnection.getChainedException(HttpURLConnection.java:1963)
	at sun.net.www.protocol.http.HttpURLConnection.getInputStream0(HttpURLConnection.java:1533)
	at sun.net.www.protocol.http.HttpURLConnection.getInputStream(HttpURLConnection.java:1517)
	at sun.net.www.protocol.https.HttpsURLConnectionImpl.getInputStream(HttpsURLConnectionImpl.java:268)
	at com.dukascopy.charts.data.datacache.CurvesJsonProtocolHandler.readURL(CurvesJsonProtocolHandler.java:331)
	at com.dukascopy.charts.data.datacache.CurvesJsonProtocolHandler.loadFileFromCFG(CurvesJsonProtocolHandler.java:256)
	at com.dukascopy.charts.data.datacache.CurvesJsonProtocolHandler.loadAndDecompressFileFromCFG(CurvesJsonProtocolHandler.java:361)
	at com.dukascopy.charts.data.datacache.CurvesJsonProtocolHandler.loadChunkFileFromCFG(CurvesJsonProtocolHandler.java:495)
	at com.dukascopy.charts.data.datacache.CurvesDataLoader.lambda$loadDataFromCFG$2(CurvesDataLoader.java:1642)
	at java.util.concurrent.FutureTask.run(FutureTask.java:266)
	at com.dukascopy.charts.data.datacache.CurvesDataLoader.performLoad(CurvesDataLoader.java:2004)
	at com.dukascopy.charts.data.datacache.CurvesDataLoader.loadDataFromCFG(CurvesDataLoader.java:1637)
	at com.dukascopy.charts.data.datacache.CurvesDataLoader.loadChunkData(CurvesDataLoader.java:1562)
	at com.dukascopy.charts.data.datacache.CurvesDataLoader.loadSmallIntervals(CurvesDataLoader.java:654)
	at com.dukascopy.charts.data.datacache.CurvesDataLoader.loadInCache(CurvesDataLoader.java:258)
	at com.dukascopy.charts.data.datacache.CurvesDataLoader.loadInCache(CurvesDataLoader.java:161)
	at com.dukascopy.charts.data.datacache.LoadDataAction.lambda$run$0(LoadDataAction.java:323)
	at java.security.AccessController.doPrivileged(Native Method)
	at com.dukascopy.charts.data.datacache.LoadDataAction.run(LoadDataAction.java:338)
	at com.dukascopy.charts.data.datacache.FeedDataProvider.loadCandlesDataSynched(FeedDataProvider.java:962)
	at com.dukascopy.charts.data.datacache.FeedDataProvider.loadCandlesFromToSynched(FeedDataProvider.java:2820)
	at com.dukascopy.api.impl.HistoryData.getBarsSecured(HistoryData.java:206)
	at com.dukascopy.api.impl.History.lambda$getBars$54(History.java:1667)
	at com.dukascopy.api.impl.History.lambda$doPrivileged$116(History.java:3573)
	at java.security.AccessController.doPrivileged(Native Method)
	at com.dukascopy.api.impl.History.doPrivileged(History.java:3573)
	at com.dukascopy.api.impl.History.getBars(History.java:1665)
	at local.xm.JForexFinalCollector$CollectorStrategy.collectBars(JForexFinalCollector.java:284)
	at local.xm.JForexFinalCollector$CollectorStrategy.collect(JForexFinalCollector.java:190)
	at local.xm.JForexFinalCollector$CollectorStrategy.access$100(JForexFinalCollector.java:143)
	at local.xm.JForexFinalCollector$CollectorStrategy$1.run(JForexFinalCollector.java:162)
	at java.lang.Thread.run(Thread.java:750)
Caused by: java.io.IOException: Server returned HTTP response code: 503 for URL: https://datafeed.66proxymity88.net/GBPUSD/2022/06/10/BID_candles_min_1.bi5
	at sun.net.www.protocol.http.HttpURLConnection.getInputStream0(HttpURLConnection.java:1919)
	at sun.net.www.protocol.http.HttpURLConnection.getInputStream(HttpURLConnection.java:1517)
	at java.net.HttpURLConnection.getResponseCode(HttpURLConnection.java:480)
	at sun.net.www.protocol.https.HttpsURLConnectionImpl.getResponseCode(HttpsURLConnectionImpl.java:352)
	at com.dukascopy.charts.data.datacache.CurvesJsonProtocolHandler.readURL(CurvesJsonProtocolHandler.java:319)
	... 27 more
2026-09-08 22:32:37.942 ERROR HistoryData - No bars loaded for GBP/USD, 1 Min, Bid, NO_FILTER, 2022-07-10 06:00:00:000 - 2022-07-10 06:59:00:000
current bar 2026-09-08 14:32:00:000
2026-09-08 22:32:42.131 WARN  CurvesJsonProtocolHandler - Server returned HTTP response code: 503 for URL: https://datafeed.66proxymity88.net/GBPUSD/2022/06/23/01h_ticks.bi5
java.io.IOException: Server returned HTTP response code: 503 for URL: https://datafeed.66proxymity88.net/GBPUSD/2022/06/23/01h_ticks.bi5
	at sun.reflect.GeneratedConstructorAccessor31.newInstance(Unknown Source)
	at sun.reflect.DelegatingConstructorAccessorImpl.newInstance(DelegatingConstructorAccessorImpl.java:45)
	at java.lang.reflect.Constructor.newInstance(Constructor.java:423)
	at sun.net.www.protocol.http.HttpURLConnection$10.run(HttpURLConnection.java:1969)
	at sun.net.www.protocol.http.HttpURLConnection$10.run(HttpURLConnection.java:1964)
	at java.security.AccessController.doPrivileged(Native Method)
	at sun.net.www.protocol.http.HttpURLConnection.getChainedException(HttpURLConnection.java:1963)
	at sun.net.www.protocol.http.HttpURLConnection.getInputStream0(HttpURLConnection.java:1533)
	at sun.net.www.protocol.http.HttpURLConnection.getInputStream(HttpURLConnection.java:1517)
	at sun.net.www.protocol.https.HttpsURLConnectionImpl.getInputStream(HttpsURLConnectionImpl.java:268)
	at com.dukascopy.charts.data.datacache.CurvesJsonProtocolHandler.readURL(CurvesJsonProtocolHandler.java:331)
	at com.dukascopy.charts.data.datacache.CurvesJsonProtocolHandler.loadFileFromCFG(CurvesJsonProtocolHandler.java:256)
	at com.dukascopy.charts.data.datacache.CurvesJsonProtocolHandler.loadAndDecompressFileFromCFG(CurvesJsonProtocolHandler.java:361)
	at com.dukascopy.charts.data.datacache.CurvesJsonProtocolHandler.loadChunkFileFromCFG(CurvesJsonProtocolHandler.java:495)
	at com.dukascopy.charts.data.datacache.CurvesDataLoader.lambda$loadDataFromCFG$2(CurvesDataLoader.java:1642)
	at java.util.concurrent.FutureTask.run(FutureTask.java:266)
	at com.dukascopy.charts.data.datacache.CurvesDataLoader.performLoad(CurvesDataLoader.java:2004)
	at com.dukascopy.charts.data.datacache.CurvesDataLoader.loadDataFromCFG(CurvesDataLoader.java:1637)
	at com.dukascopy.charts.data.datacache.CurvesDataLoader.loadChunkData(CurvesDataLoader.java:1562)
	at com.dukascopy.charts.data.datacache.CurvesDataLoader.loadSmallIntervals(CurvesDataLoader.java:654)
	at com.dukascopy.charts.data.datacache.CurvesDataLoader.loadInCache(CurvesDataLoader.java:258)
	at com.dukascopy.charts.data.datacache.CurvesDataLoader.loadInCache(CurvesDataLoader.java:161)
	at com.dukascopy.charts.data.datacache.LoadDataAction.lambda$run$0(LoadDataAction.java:323)
	at java.security.AccessController.doPrivileged(Native Method)
	at com.dukascopy.charts.data.datacache.LoadDataAction.run(LoadDataAction.java:338)
	at com.dukascopy.charts.data.datacache.FeedDataProvider.loadTicksDataSynched(FeedDataProvider.java:1419)
	at com.dukascopy.api.impl.HistoryData.getTicksSecured(HistoryData.java:98)
	at com.dukascopy.api.impl.History.lambda$getTicks$4(History.java:444)
	at com.dukascopy.api.impl.History.lambda$doPrivileged$116(History.java:3573)
	at java.security.AccessController.doPrivileged(Native Method)
	at com.dukascopy.api.impl.History.doPrivileged(History.java:3573)
	at com.dukascopy.api.impl.History.getTicks(History.java:442)
	at local.xm.JForexFinalCollector$CollectorStrategy.collectBlockingTicks(JForexFinalCollector.java:208)
	at local.xm.JForexFinalCollector$CollectorStrategy.collect(JForexFinalCollector.java:188)
	at local.xm.JForexFinalCollector$CollectorStrategy.access$100(JForexFinalCollector.java:143)
	at local.xm.JForexFinalCollector$CollectorStrategy$1.run(JForexFinalCollector.java:162)
	at java.lang.Thread.run(Thread.java:750)
Caused by: java.io.IOException: Server returned HTTP response code: 503 for URL: https://datafeed.66proxymity88.net/GBPUSD/2022/06/23/01h_ticks.bi5
	at sun.net.www.protocol.http.HttpURLConnection.getInputStream0(HttpURLConnection.java:1919)
	at sun.net.www.protocol.http.HttpURLConnection.getInputStream(HttpURLConnection.java:1517)
	at java.net.HttpURLConnection.getResponseCode(HttpURLConnection.java:480)
	at sun.net.www.protocol.https.HttpsURLConnectionImpl.getResponseCode(HttpsURLConnectionImpl.java:352)
	at com.dukascopy.charts.data.datacache.CurvesJsonProtocolHandler.readURL(CurvesJsonProtocolHandler.java:319)
	... 26 more
2026-09-08 22:33:21.521 WARN  CurvesJsonProtocolHandler - Server returned HTTP response code: 503 for URL: https://datafeed.66proxymity88.net/GBPUSD/2022/06/23/BID_candles_min_1.bi5
java.io.IOException: Server returned HTTP response code: 503 for URL: https://datafeed.66proxymity88.net/GBPUSD/2022/06/23/BID_candles_min_1.bi5
	at sun.reflect.GeneratedConstructorAccessor31.newInstance(Unknown Source)
	at sun.reflect.DelegatingConstructorAccessorImpl.newInstance(DelegatingConstructorAccessorImpl.java:45)
	at java.lang.reflect.Constructor.newInstance(Constructor.java:423)
	at sun.net.www.protocol.http.HttpURLConnection$10.run(HttpURLConnection.java:1969)
	at sun.net.www.protocol.http.HttpURLConnection$10.run(HttpURLConnection.java:1964)
	at java.security.AccessController.doPrivileged(Native Method)
	at sun.net.www.protocol.http.HttpURLConnection.getChainedException(HttpURLConnection.java:1963)
	at sun.net.www.protocol.http.HttpURLConnection.getInputStream0(HttpURLConnection.java:1533)
	at sun.net.www.protocol.http.HttpURLConnection.getInputStream(HttpURLConnection.java:1517)
	at sun.net.www.protocol.https.HttpsURLConnectionImpl.getInputStream(HttpsURLConnectionImpl.java:268)
	at com.dukascopy.charts.data.datacache.CurvesJsonProtocolHandler.readURL(CurvesJsonProtocolHandler.java:331)
	at com.dukascopy.charts.data.datacache.CurvesJsonProtocolHandler.loadFileFromCFG(CurvesJsonProtocolHandler.java:256)
	at com.dukascopy.charts.data.datacache.CurvesJsonProtocolHandler.loadAndDecompressFileFromCFG(CurvesJsonProtocolHandler.java:361)
	at com.dukascopy.charts.data.datacache.CurvesJsonProtocolHandler.loadChunkFileFromCFG(CurvesJsonProtocolHandler.java:495)
	at com.dukascopy.charts.data.datacache.CurvesDataLoader.lambda$loadDataFromCFG$2(CurvesDataLoader.java:1642)
	at java.util.concurrent.FutureTask.run(FutureTask.java:266)
	at com.dukascopy.charts.data.datacache.CurvesDataLoader.performLoad(CurvesDataLoader.java:2004)
	at com.dukascopy.charts.data.datacache.CurvesDataLoader.loadDataFromCFG(CurvesDataLoader.java:1637)
	at com.dukascopy.charts.data.datacache.CurvesDataLoader.loadChunkData(CurvesDataLoader.java:1562)
	at com.dukascopy.charts.data.datacache.CurvesDataLoader.loadSmallIntervals(CurvesDataLoader.java:654)
	at com.dukascopy.charts.data.datacache.CurvesDataLoader.loadInCache(CurvesDataLoader.java:258)
	at com.dukascopy.charts.data.datacache.CurvesDataLoader.loadInCache(CurvesDataLoader.java:161)
	at com.dukascopy.charts.data.datacache.LoadDataAction.lambda$run$0(LoadDataAction.java:323)
	at java.security.AccessController.doPrivileged(Native Method)
	at com.dukascopy.charts.data.datacache.LoadDataAction.run(LoadDataAction.java:338)
	at com.dukascopy.charts.data.datacache.FeedDataProvider.loadCandlesDataSynched(FeedDataProvider.java:962)
	at com.dukascopy.charts.data.datacache.FeedDataProvider.loadCandlesFromToSynched(FeedDataProvider.java:2820)
	at com.dukascopy.api.impl.HistoryData.getBarsSecured(HistoryData.java:206)
	at com.dukascopy.api.impl.History.lambda$getBars$54(History.java:1667)
	at com.dukascopy.api.impl.History.lambda$doPrivileged$116(History.java:3573)
	at java.security.AccessController.doPrivileged(Native Method)
	at com.dukascopy.api.impl.History.doPrivileged(History.java:3573)
	at com.dukascopy.api.impl.History.getBars(History.java:1665)
	at local.xm.JForexFinalCollector$CollectorStrategy.collectBars(JForexFinalCollector.java:284)
	at local.xm.JForexFinalCollector$CollectorStrategy.collect(JForexFinalCollector.java:190)
	at local.xm.JForexFinalCollector$CollectorStrategy.access$100(JForexFinalCollector.java:143)
	at local.xm.JForexFinalCollector$CollectorStrategy$1.run(JForexFinalCollector.java:162)
	at java.lang.Thread.run(Thread.java:750)
Caused by: java.io.IOException: Server returned HTTP response code: 503 for URL: https://datafeed.66proxymity88.net/GBPUSD/2022/06/23/BID_candles_min_1.bi5
	at sun.net.www.protocol.http.HttpURLConnection.getInputStream0(HttpURLConnection.java:1919)
	at sun.net.www.protocol.http.HttpURLConnection.getInputStream(HttpURLConnection.java:1517)
	at java.net.HttpURLConnection.getResponseCode(HttpURLConnection.java:480)
	at sun.net.www.protocol.https.HttpsURLConnectionImpl.getResponseCode(HttpsURLConnectionImpl.java:352)
	at com.dukascopy.charts.data.datacache.CurvesJsonProtocolHandler.readURL(CurvesJsonProtocolHandler.java:319)
	... 27 more
2026-09-08 22:33:21.522 ERROR HistoryData - No bars loaded for GBP/USD, 1 Min, Bid, NO_FILTER, 2022-07-23 01:00:00:000 - 2022-07-23 01:59:00:000
current bar 2026-09-08 14:33:00:000
2026-09-08 22:33:25.723 WARN  CurvesJsonProtocolHandler - Server returned HTTP response code: 503 for URL: https://datafeed.66proxymity88.net/GBPUSD/2022/06/23/04h_ticks.bi5
java.io.IOException: Server returned HTTP response code: 503 for URL: https://datafeed.66proxymity88.net/GBPUSD/2022/06/23/04h_ticks.bi5
	at sun.reflect.GeneratedConstructorAccessor31.newInstance(Unknown Source)
	at sun.reflect.DelegatingConstructorAccessorImpl.newInstance(DelegatingConstructorAccessorImpl.java:45)
	at java.lang.reflect.Constructor.newInstance(Constructor.java:423)
	at sun.net.www.protocol.http.HttpURLConnection$10.run(HttpURLConnection.java:1969)
	at sun.net.www.protocol.http.HttpURLConnection$10.run(HttpURLConnection.java:1964)
	at java.security.AccessController.doPrivileged(Native Method)
	at sun.net.www.protocol.http.HttpURLConnection.getChainedException(HttpURLConnection.java:1963)
	at sun.net.www.protocol.http.HttpURLConnection.getInputStream0(HttpURLConnection.java:1533)
	at sun.net.www.protocol.http.HttpURLConnection.getInputStream(HttpURLConnection.java:1517)
	at sun.net.www.protocol.https.HttpsURLConnectionImpl.getInputStream(HttpsURLConnectionImpl.java:268)
	at com.dukascopy.charts.data.datacache.CurvesJsonProtocolHandler.readURL(CurvesJsonProtocolHandler.java:331)
	at com.dukascopy.charts.data.datacache.CurvesJsonProtocolHandler.loadFileFromCFG(CurvesJsonProtocolHandler.java:256)
	at com.dukascopy.charts.data.datacache.CurvesJsonProtocolHandler.loadAndDecompressFileFromCFG(CurvesJsonProtocolHandler.java:361)
	at com.dukascopy.charts.data.datacache.CurvesJsonProtocolHandler.loadChunkFileFromCFG(CurvesJsonProtocolHandler.java:495)
	at com.dukascopy.charts.data.datacache.CurvesDataLoader.lambda$loadDataFromCFG$2(CurvesDataLoader.java:1642)
	at java.util.concurrent.FutureTask.run(FutureTask.java:266)
	at com.dukascopy.charts.data.datacache.CurvesDataLoader.performLoad(CurvesDataLoader.java:2004)
	at com.dukascopy.charts.data.datacache.CurvesDataLoader.loadDataFromCFG(CurvesDataLoader.java:1637)
	at com.dukascopy.charts.data.datacache.CurvesDataLoader.loadChunkData(CurvesDataLoader.java:1562)
	at com.dukascopy.charts.data.datacache.CurvesDataLoader.loadSmallIntervals(CurvesDataLoader.java:654)
	at com.dukascopy.charts.data.datacache.CurvesDataLoader.loadInCache(CurvesDataLoader.java:258)
	at com.dukascopy.charts.data.datacache.CurvesDataLoader.loadInCache(CurvesDataLoader.java:161)
	at com.dukascopy.charts.data.datacache.LoadDataAction.lambda$run$0(LoadDataAction.java:323)
	at java.security.AccessController.doPrivileged(Native Method)
	at com.dukascopy.charts.data.datacache.LoadDataAction.run(LoadDataAction.java:338)
	at com.dukascopy.charts.data.datacache.FeedDataProvider.loadTicksDataSynched(FeedDataProvider.java:1419)
	at com.dukascopy.api.impl.HistoryData.getTicksSecured(HistoryData.java:98)
	at com.dukascopy.api.impl.History.lambda$getTicks$4(History.java:444)
	at com.dukascopy.api.impl.History.lambda$doPrivileged$116(History.java:3573)
	at java.security.AccessController.doPrivileged(Native Method)
	at com.dukascopy.api.impl.History.doPrivileged(History.java:3573)
	at com.dukascopy.api.impl.History.getTicks(History.java:442)
	at local.xm.JForexFinalCollector$CollectorStrategy.collectBlockingTicks(JForexFinalCollector.java:208)
	at local.xm.JForexFinalCollector$CollectorStrategy.collect(JForexFinalCollector.java:188)
	at local.xm.JForexFinalCollector$CollectorStrategy.access$100(JForexFinalCollector.java:143)
	at local.xm.JForexFinalCollector$CollectorStrategy$1.run(JForexFinalCollector.java:162)
	at java.lang.Thread.run(Thread.java:750)
Caused by: java.io.IOException: Server returned HTTP response code: 503 for URL: https://datafeed.66proxymity88.net/GBPUSD/2022/06/23/04h_ticks.bi5
	at sun.net.www.protocol.http.HttpURLConnection.getInputStream0(HttpURLConnection.java:1919)
	at sun.net.www.protocol.http.HttpURLConnection.getInputStream(HttpURLConnection.java:1517)
	at java.net.HttpURLConnection.getResponseCode(HttpURLConnection.java:480)
	at sun.net.www.protocol.https.HttpsURLConnectionImpl.getResponseCode(HttpsURLConnectionImpl.java:352)
	at com.dukascopy.charts.data.datacache.CurvesJsonProtocolHandler.readURL(CurvesJsonProtocolHandler.java:319)
	... 26 more
2026-09-08 22:33:51.119 ERROR HistoryData - No bars loaded for GBP/USD, 1 Min, Bid, NO_FILTER, 2022-07-23 04:00:00:000 - 2022-07-23 04:59:00:000
current bar 2026-09-08 14:33:00:000
2026-09-08 22:34:58.691 WARN  CurvesJsonProtocolHandler - Connection reset
javax.net.ssl.SSLException: Connection reset
	at sun.security.ssl.Alert.createSSLException(Alert.java:127)
	at sun.security.ssl.TransportContext.fatal(TransportContext.java:331)
	at sun.security.ssl.TransportContext.fatal(TransportContext.java:274)
	at sun.security.ssl.TransportContext.fatal(TransportContext.java:269)
	at sun.security.ssl.SSLTransport.decode(SSLTransport.java:138)
	at sun.security.ssl.SSLSocketImpl.decode(SSLSocketImpl.java:1401)
	at sun.security.ssl.SSLSocketImpl.readHandshakeRecord(SSLSocketImpl.java:1309)
	at sun.security.ssl.SSLSocketImpl.startHandshake(SSLSocketImpl.java:440)
	at sun.net.www.protocol.https.HttpsClient.afterConnect(HttpsClient.java:567)
	at sun.net.www.protocol.https.AbstractDelegateHttpsURLConnection.connect(AbstractDelegateHttpsURLConnection.java:197)
	at sun.net.www.protocol.http.HttpURLConnection.getInputStream0(HttpURLConnection.java:1589)
	at sun.net.www.protocol.http.HttpURLConnection.getInputStream(HttpURLConnection.java:1517)
	at java.net.HttpURLConnection.getResponseCode(HttpURLConnection.java:480)
	at sun.net.www.protocol.https.HttpsURLConnectionImpl.getResponseCode(HttpsURLConnectionImpl.java:352)
	at com.dukascopy.charts.data.datacache.CurvesJsonProtocolHandler.readURL(CurvesJsonProtocolHandler.java:319)
	at com.dukascopy.charts.data.datacache.CurvesJsonProtocolHandler.loadFileFromCFG(CurvesJsonProtocolHandler.java:256)
	at com.dukascopy.charts.data.datacache.CurvesJsonProtocolHandler.loadAndDecompressFileFromCFG(CurvesJsonProtocolHandler.java:361)
	at com.dukascopy.charts.data.datacache.CurvesJsonProtocolHandler.loadChunkFileFromCFG(CurvesJsonProtocolHandler.java:495)
	at com.dukascopy.charts.data.datacache.CurvesDataLoader.lambda$loadDataFromCFG$2(CurvesDataLoader.java:1642)
	at java.util.concurrent.FutureTask.run(FutureTask.java:266)
	at com.dukascopy.charts.data.datacache.CurvesDataLoader.performLoad(CurvesDataLoader.java:2004)
	at com.dukascopy.charts.data.datacache.CurvesDataLoader.loadDataFromCFG(CurvesDataLoader.java:1637)
	at com.dukascopy.charts.data.datacache.CurvesDataLoader.loadChunkData(CurvesDataLoader.java:1562)
	at com.dukascopy.charts.data.datacache.CurvesDataLoader.loadSmallIntervals(CurvesDataLoader.java:654)
	at com.dukascopy.charts.data.datacache.CurvesDataLoader.loadInCache(CurvesDataLoader.java:258)
	at com.dukascopy.charts.data.datacache.CurvesDataLoader.loadInCache(CurvesDataLoader.java:161)
	at com.dukascopy.charts.data.datacache.LoadDataAction.lambda$run$0(LoadDataAction.java:323)
	at java.security.AccessController.doPrivileged(Native Method)
	at com.dukascopy.charts.data.datacache.LoadDataAction.run(LoadDataAction.java:338)
	at com.dukascopy.charts.data.datacache.FeedDataProvider.loadTicksDataSynched(FeedDataProvider.java:1419)
	at com.dukascopy.api.impl.HistoryData.getTicksSecured(HistoryData.java:98)
	at com.dukascopy.api.impl.History.lambda$getTicks$4(History.java:444)
	at com.dukascopy.api.impl.History.lambda$doPrivileged$116(History.java:3573)
	at java.security.AccessController.doPrivileged(Native Method)
	at com.dukascopy.api.impl.History.doPrivileged(History.java:3573)
	at com.dukascopy.api.impl.History.getTicks(History.java:442)
	at local.xm.JForexFinalCollector$CollectorStrategy.collectBlockingTicks(JForexFinalCollector.java:208)
	at local.xm.JForexFinalCollector$CollectorStrategy.collect(JForexFinalCollector.java:188)
	at local.xm.JForexFinalCollector$CollectorStrategy.access$100(JForexFinalCollector.java:143)
	at local.xm.JForexFinalCollector$CollectorStrategy$1.run(JForexFinalCollector.java:162)
	at java.lang.Thread.run(Thread.java:750)
	Suppressed: java.net.SocketException: Connection reset by peer: socket write error
		at java.net.SocketOutputStream.socketWrite0(Native Method)
		at java.net.SocketOutputStream.socketWrite(SocketOutputStream.java:111)
		at java.net.SocketOutputStream.write(SocketOutputStream.java:155)
		at sun.security.ssl.SSLSocketOutputRecord.encodeAlert(SSLSocketOutputRecord.java:81)
		at sun.security.ssl.TransportContext.fatal(TransportContext.java:362)
		... 39 more
Caused by: java.net.SocketException: Connection reset
	at java.net.SocketInputStream.read(SocketInputStream.java:210)
	at java.net.SocketInputStream.read(SocketInputStream.java:141)
	at sun.security.ssl.SSLSocketInputRecord.read(SSLSocketInputRecord.java:464)
	at sun.security.ssl.SSLSocketInputRecord.decode(SSLSocketInputRecord.java:165)
	at sun.security.ssl.SSLTransport.decode(SSLTransport.java:109)
	... 36 more
JFOREX_PROGRESS=500/784
2026-09-08 22:36:03.601 WARN  CurvesJsonProtocolHandler - Connection timed out: connect
java.net.ConnectException: Connection timed out: connect
	at java.net.DualStackPlainSocketImpl.waitForConnect(Native Method)
	at java.net.DualStackPlainSocketImpl.socketConnect(DualStackPlainSocketImpl.java:85)
	at java.net.AbstractPlainSocketImpl.doConnect(AbstractPlainSocketImpl.java:350)
	at java.net.AbstractPlainSocketImpl.connectToAddress(AbstractPlainSocketImpl.java:206)
	at java.net.AbstractPlainSocketImpl.connect(AbstractPlainSocketImpl.java:188)
	at java.net.PlainSocketImpl.connect(PlainSocketImpl.java:172)
	at java.net.SocksSocketImpl.connect(SocksSocketImpl.java:392)
	at java.net.Socket.connect(Socket.java:607)
	at sun.security.ssl.SSLSocketImpl.connect(SSLSocketImpl.java:293)
	at sun.net.NetworkClient.doConnect(NetworkClient.java:175)
	at sun.net.www.http.HttpClient.openServer(HttpClient.java:465)
	at sun.net.www.http.HttpClient.openServer(HttpClient.java:560)
	at sun.net.www.protocol.https.HttpsClient.<init>(HttpsClient.java:264)
	at sun.net.www.protocol.https.HttpsClient.New(HttpsClient.java:367)
	at sun.net.www.protocol.https.HttpsClient.New(HttpsClient.java:307)
	at sun.net.www.protocol.https.AbstractDelegateHttpsURLConnection.setNewClient(AbstractDelegateHttpsURLConnection.java:97)
	at sun.net.www.protocol.https.AbstractDelegateHttpsURLConnection.setNewClient(AbstractDelegateHttpsURLConnection.java:80)
	at sun.net.www.protocol.http.HttpURLConnection.writeRequests(HttpURLConnection.java:723)
	at sun.net.www.protocol.http.HttpURLConnection.getInputStream0(HttpURLConnection.java:1610)
	at sun.net.www.protocol.http.HttpURLConnection.getInputStream(HttpURLConnection.java:1517)
	at java.net.HttpURLConnection.getResponseCode(HttpURLConnection.java:480)
	at sun.net.www.protocol.https.HttpsURLConnectionImpl.getResponseCode(HttpsURLConnectionImpl.java:352)
	at com.dukascopy.charts.data.datacache.CurvesJsonProtocolHandler.readURL(CurvesJsonProtocolHandler.java:319)
	at com.dukascopy.charts.data.datacache.CurvesJsonProtocolHandler.loadFileFromCFG(CurvesJsonProtocolHandler.java:256)
	at com.dukascopy.charts.data.datacache.CurvesJsonProtocolHandler.loadAndDecompressFileFromCFG(CurvesJsonProtocolHandler.java:361)
	at com.dukascopy.charts.data.datacache.CurvesJsonProtocolHandler.loadChunkFileFromCFG(CurvesJsonProtocolHandler.java:495)
	at com.dukascopy.charts.data.datacache.CurvesDataLoader.lambda$loadDataFromCFG$2(CurvesDataLoader.java:1642)
	at java.util.concurrent.FutureTask.run(FutureTask.java:266)
	at com.dukascopy.charts.data.datacache.CurvesDataLoader.performLoad(CurvesDataLoader.java:2004)
	at com.dukascopy.charts.data.datacache.CurvesDataLoader.loadDataFromCFG(CurvesDataLoader.java:1637)
	at com.dukascopy.charts.data.datacache.CurvesDataLoader.loadChunkData(CurvesDataLoader.java:1562)
	at com.dukascopy.charts.data.datacache.CurvesDataLoader.loadSmallIntervals(CurvesDataLoader.java:654)
	at com.dukascopy.charts.data.datacache.CurvesDataLoader.loadInCache(CurvesDataLoader.java:258)
	at com.dukascopy.charts.data.datacache.CurvesDataLoader.loadInCache(CurvesDataLoader.java:161)
	at com.dukascopy.charts.data.datacache.LoadDataAction.lambda$run$0(LoadDataAction.java:323)
	at java.security.AccessController.doPrivileged(Native Method)
	at com.dukascopy.charts.data.datacache.LoadDataAction.run(LoadDataAction.java:338)
	at com.dukascopy.charts.data.datacache.FeedDataProvider.loadTicksDataSynched(FeedDataProvider.java:1419)
	at com.dukascopy.api.impl.HistoryData.getTicksSecured(HistoryData.java:98)
	at com.dukascopy.api.impl.History.lambda$getTicks$4(History.java:444)
	at com.dukascopy.api.impl.History.lambda$doPrivileged$116(History.java:3573)
	at java.security.AccessController.doPrivileged(Native Method)
	at com.dukascopy.api.impl.History.doPrivileged(History.java:3573)
	at com.dukascopy.api.impl.History.getTicks(History.java:442)
	at local.xm.JForexFinalCollector$CollectorStrategy.collectBlockingTicks(JForexFinalCollector.java:208)
	at local.xm.JForexFinalCollector$CollectorStrategy.collect(JForexFinalCollector.java:188)
	at local.xm.JForexFinalCollector$CollectorStrategy.access$100(JForexFinalCollector.java:143)
	at local.xm.JForexFinalCollector$CollectorStrategy$1.run(JForexFinalCollector.java:162)
	at java.lang.Thread.run(Thread.java:750)
2026-09-08 22:36:24.637 WARN  CurvesJsonProtocolHandler - Connection timed out: connect
java.net.ConnectException: Connection timed out: connect
	at java.net.DualStackPlainSocketImpl.waitForConnect(Native Method)
	at java.net.DualStackPlainSocketImpl.socketConnect(DualStackPlainSocketImpl.java:85)
	at java.net.AbstractPlainSocketImpl.doConnect(AbstractPlainSocketImpl.java:350)
	at java.net.AbstractPlainSocketImpl.connectToAddress(AbstractPlainSocketImpl.java:206)
	at java.net.AbstractPlainSocketImpl.connect(AbstractPlainSocketImpl.java:188)
	at java.net.PlainSocketImpl.connect(PlainSocketImpl.java:172)
	at java.net.SocksSocketImpl.connect(SocksSocketImpl.java:392)
	at java.net.Socket.connect(Socket.java:607)
	at sun.security.ssl.SSLSocketImpl.connect(SSLSocketImpl.java:293)
	at sun.net.NetworkClient.doConnect(NetworkClient.java:175)
	at sun.net.www.http.HttpClient.openServer(HttpClient.java:465)
	at sun.net.www.http.HttpClient.openServer(HttpClient.java:560)
	at sun.net.www.protocol.https.HttpsClient.<init>(HttpsClient.java:264)
	at sun.net.www.protocol.https.HttpsClient.New(HttpsClient.java:367)
	at sun.net.www.protocol.https.AbstractDelegateHttpsURLConnection.getNewHttpClient(AbstractDelegateHttpsURLConnection.java:203)
	at sun.net.www.protocol.http.HttpURLConnection.plainConnect0(HttpURLConnection.java:1179)
	at sun.net.www.protocol.http.HttpURLConnection.plainConnect(HttpURLConnection.java:1073)
	at sun.net.www.protocol.https.AbstractDelegateHttpsURLConnection.connect(AbstractDelegateHttpsURLConnection.java:189)
	at sun.net.www.protocol.http.HttpURLConnection.getInputStream0(HttpURLConnection.java:1589)
	at sun.net.www.protocol.http.HttpURLConnection.getInputStream(HttpURLConnection.java:1517)
	at java.net.HttpURLConnection.getResponseCode(HttpURLConnection.java:480)
	at sun.net.www.protocol.https.HttpsURLConnectionImpl.getResponseCode(HttpsURLConnectionImpl.java:352)
	at com.dukascopy.charts.data.datacache.CurvesJsonProtocolHandler.readURL(CurvesJsonProtocolHandler.java:319)
	at com.dukascopy.charts.data.datacache.CurvesJsonProtocolHandler.loadFileFromCFG(CurvesJsonProtocolHandler.java:256)
	at com.dukascopy.charts.data.datacache.CurvesJsonProtocolHandler.loadAndDecompressFileFromCFG(CurvesJsonProtocolHandler.java:361)
	at com.dukascopy.charts.data.datacache.CurvesJsonProtocolHandler.loadChunkFileFromCFG(CurvesJsonProtocolHandler.java:495)
	at com.dukascopy.charts.data.datacache.CurvesDataLoader.lambda$loadDataFromCFG$2(CurvesDataLoader.java:1642)
	at java.util.concurrent.FutureTask.run(FutureTask.java:266)
	at com.dukascopy.charts.data.datacache.CurvesDataLoader.performLoad(CurvesDataLoader.java:2004)
	at com.dukascopy.charts.data.datacache.CurvesDataLoader.loadDataFromCFG(CurvesDataLoader.java:1637)
	at com.dukascopy.charts.data.datacache.CurvesDataLoader.loadChunkData(CurvesDataLoader.java:1562)
	at com.dukascopy.charts.data.datacache.CurvesDataLoader.loadSmallIntervals(CurvesDataLoader.java:654)
	at com.dukascopy.charts.data.datacache.CurvesDataLoader.loadInCache(CurvesDataLoader.java:258)
	at com.dukascopy.charts.data.datacache.CurvesDataLoader.loadInCache(CurvesDataLoader.java:161)
	at com.dukascopy.charts.data.datacache.LoadDataAction.lambda$run$0(LoadDataAction.java:323)
	at java.security.AccessController.doPrivileged(Native Method)
	at com.dukascopy.charts.data.datacache.LoadDataAction.run(LoadDataAction.java:338)
	at com.dukascopy.charts.data.datacache.FeedDataProvider.loadTicksDataSynched(FeedDataProvider.java:1419)
	at com.dukascopy.api.impl.HistoryData.getTicksSecured(HistoryData.java:98)
	at com.dukascopy.api.impl.History.lambda$getTicks$4(History.java:444)
	at com.dukascopy.api.impl.History.lambda$doPrivileged$116(History.java:3573)
	at java.security.AccessController.doPrivileged(Native Method)
	at com.dukascopy.api.impl.History.doPrivileged(History.java:3573)
	at com.dukascopy.api.impl.History.getTicks(History.java:442)
	at local.xm.JForexFinalCollector$CollectorStrategy.collectBlockingTicks(JForexFinalCollector.java:208)
	at local.xm.JForexFinalCollector$CollectorStrategy.collect(JForexFinalCollector.java:188)
	at local.xm.JForexFinalCollector$CollectorStrategy.access$100(JForexFinalCollector.java:143)
	at local.xm.JForexFinalCollector$CollectorStrategy$1.run(JForexFinalCollector.java:162)
	at java.lang.Thread.run(Thread.java:750)
2026-09-08 22:36:35.047 WARN  CurvesJsonProtocolHandler - Connection reset
javax.net.ssl.SSLException: Connection reset
	at sun.security.ssl.Alert.createSSLException(Alert.java:127)
	at sun.security.ssl.TransportContext.fatal(TransportContext.java:331)
	at sun.security.ssl.TransportContext.fatal(TransportContext.java:274)
	at sun.security.ssl.TransportContext.fatal(TransportContext.java:269)
	at sun.security.ssl.SSLTransport.decode(SSLTransport.java:138)
	at sun.security.ssl.SSLSocketImpl.decode(SSLSocketImpl.java:1401)
	at sun.security.ssl.SSLSocketImpl.readHandshakeRecord(SSLSocketImpl.java:1309)
	at sun.security.ssl.SSLSocketImpl.startHandshake(SSLSocketImpl.java:440)
	at sun.net.www.protocol.https.HttpsClient.afterConnect(HttpsClient.java:567)
	at sun.net.www.protocol.https.AbstractDelegateHttpsURLConnection.connect(AbstractDelegateHttpsURLConnection.java:197)
	at sun.net.www.protocol.http.HttpURLConnection.getInputStream0(HttpURLConnection.java:1589)
	at sun.net.www.protocol.http.HttpURLConnection.getInputStream(HttpURLConnection.java:1517)
	at java.net.HttpURLConnection.getResponseCode(HttpURLConnection.java:480)
	at sun.net.www.protocol.https.HttpsURLConnectionImpl.getResponseCode(HttpsURLConnectionImpl.java:352)
	at com.dukascopy.charts.data.datacache.CurvesJsonProtocolHandler.readURL(CurvesJsonProtocolHandler.java:319)
	at com.dukascopy.charts.data.datacache.CurvesJsonProtocolHandler.loadFileFromCFG(CurvesJsonProtocolHandler.java:256)
	at com.dukascopy.charts.data.datacache.CurvesJsonProtocolHandler.loadAndDecompressFileFromCFG(CurvesJsonProtocolHandler.java:361)
	at com.dukascopy.charts.data.datacache.CurvesJsonProtocolHandler.loadChunkFileFromCFG(CurvesJsonProtocolHandler.java:495)
	at com.dukascopy.charts.data.datacache.CurvesDataLoader.lambda$loadDataFromCFG$2(CurvesDataLoader.java:1642)
	at java.util.concurrent.FutureTask.run(FutureTask.java:266)
	at com.dukascopy.charts.data.datacache.CurvesDataLoader.performLoad(CurvesDataLoader.java:2004)
	at com.dukascopy.charts.data.datacache.CurvesDataLoader.loadDataFromCFG(CurvesDataLoader.java:1637)
	at com.dukascopy.charts.data.datacache.CurvesDataLoader.loadChunkData(CurvesDataLoader.java:1562)
	at com.dukascopy.charts.data.datacache.CurvesDataLoader.loadSmallIntervals(CurvesDataLoader.java:654)
	at com.dukascopy.charts.data.datacache.CurvesDataLoader.loadInCache(CurvesDataLoader.java:258)
	at com.dukascopy.charts.data.datacache.CurvesDataLoader.loadInCache(CurvesDataLoader.java:161)
	at com.dukascopy.charts.data.datacache.LoadDataAction.lambda$run$0(LoadDataAction.java:323)
	at java.security.AccessController.doPrivileged(Native Method)
	at com.dukascopy.charts.data.datacache.LoadDataAction.run(LoadDataAction.java:338)
	at com.dukascopy.charts.data.datacache.FeedDataProvider.loadTicksDataSynched(FeedDataProvider.java:1419)
	at com.dukascopy.api.impl.HistoryData.getTicksSecured(HistoryData.java:98)
	at com.dukascopy.api.impl.History.lambda$getTicks$4(History.java:444)
	at com.dukascopy.api.impl.History.lambda$doPrivileged$116(History.java:3573)
	at java.security.AccessController.doPrivileged(Native Method)
	at com.dukascopy.api.impl.History.doPrivileged(History.java:3573)
	at com.dukascopy.api.impl.History.getTicks(History.java:442)
	at local.xm.JForexFinalCollector$CollectorStrategy.collectBlockingTicks(JForexFinalCollector.java:208)
	at local.xm.JForexFinalCollector$CollectorStrategy.collect(JForexFinalCollector.java:188)
	at local.xm.JForexFinalCollector$CollectorStrategy.access$100(JForexFinalCollector.java:143)
	at local.xm.JForexFinalCollector$CollectorStrategy$1.run(JForexFinalCollector.java:162)
	at java.lang.Thread.run(Thread.java:750)
	Suppressed: java.net.SocketException: Connection reset by peer: socket write error
		at java.net.SocketOutputStream.socketWrite0(Native Method)
		at java.net.SocketOutputStream.socketWrite(SocketOutputStream.java:111)
		at java.net.SocketOutputStream.write(SocketOutputStream.java:155)
		at sun.security.ssl.SSLSocketOutputRecord.encodeAlert(SSLSocketOutputRecord.java:81)
		at sun.security.ssl.TransportContext.fatal(TransportContext.java:362)
		... 39 more
Caused by: java.net.SocketException: Connection reset
	at java.net.SocketInputStream.read(SocketInputStream.java:210)
	at java.net.SocketInputStream.read(SocketInputStream.java:141)
	at sun.security.ssl.SSLSocketInputRecord.read(SSLSocketInputRecord.java:464)
	at sun.security.ssl.SSLSocketInputRecord.decode(SSLSocketInputRecord.java:165)
	at sun.security.ssl.SSLTransport.decode(SSLTransport.java:109)
	... 36 more
2026-09-08 22:36:47.364 WARN  CurvesJsonProtocolHandler - Connection reset
javax.net.ssl.SSLException: Connection reset
	at sun.security.ssl.Alert.createSSLException(Alert.java:127)
	at sun.security.ssl.TransportContext.fatal(TransportContext.java:331)
	at sun.security.ssl.TransportContext.fatal(TransportContext.java:274)
	at sun.security.ssl.TransportContext.fatal(TransportContext.java:269)
	at sun.security.ssl.SSLTransport.decode(SSLTransport.java:138)
	at sun.security.ssl.SSLSocketImpl.decode(SSLSocketImpl.java:1401)
	at sun.security.ssl.SSLSocketImpl.readHandshakeRecord(SSLSocketImpl.java:1309)
	at sun.security.ssl.SSLSocketImpl.startHandshake(SSLSocketImpl.java:440)
	at sun.net.www.protocol.https.HttpsClient.afterConnect(HttpsClient.java:567)
	at sun.net.www.protocol.https.AbstractDelegateHttpsURLConnection.connect(AbstractDelegateHttpsURLConnection.java:197)
	at sun.net.www.protocol.http.HttpURLConnection.getInputStream0(HttpURLConnection.java:1589)
	at sun.net.www.protocol.http.HttpURLConnection.getInputStream(HttpURLConnection.java:1517)
	at java.net.HttpURLConnection.getResponseCode(HttpURLConnection.java:480)
	at sun.net.www.protocol.https.HttpsURLConnectionImpl.getResponseCode(HttpsURLConnectionImpl.java:352)
	at com.dukascopy.charts.data.datacache.CurvesJsonProtocolHandler.readURL(CurvesJsonProtocolHandler.java:319)
	at com.dukascopy.charts.data.datacache.CurvesJsonProtocolHandler.loadFileFromCFG(CurvesJsonProtocolHandler.java:256)
	at com.dukascopy.charts.data.datacache.CurvesJsonProtocolHandler.loadAndDecompressFileFromCFG(CurvesJsonProtocolHandler.java:361)
	at com.dukascopy.charts.data.datacache.CurvesJsonProtocolHandler.loadChunkFileFromCFG(CurvesJsonProtocolHandler.java:495)
	at com.dukascopy.charts.data.datacache.CurvesDataLoader.lambda$loadDataFromCFG$2(CurvesDataLoader.java:1642)
	at java.util.concurrent.FutureTask.run(FutureTask.java:266)
	at com.dukascopy.charts.data.datacache.CurvesDataLoader.performLoad(CurvesDataLoader.java:2004)
	at com.dukascopy.charts.data.datacache.CurvesDataLoader.loadDataFromCFG(CurvesDataLoader.java:1637)
	at com.dukascopy.charts.data.datacache.CurvesDataLoader.loadChunkData(CurvesDataLoader.java:1562)
	at com.dukascopy.charts.data.datacache.CurvesDataLoader.loadSmallIntervals(CurvesDataLoader.java:654)
	at com.dukascopy.charts.data.datacache.CurvesDataLoader.loadInCache(CurvesDataLoader.java:258)
	at com.dukascopy.charts.data.datacache.CurvesDataLoader.loadInCache(CurvesDataLoader.java:161)
	at com.dukascopy.charts.data.datacache.LoadDataAction.lambda$run$0(LoadDataAction.java:323)
	at java.security.AccessController.doPrivileged(Native Method)
	at com.dukascopy.charts.data.datacache.LoadDataAction.run(LoadDataAction.java:338)
	at com.dukascopy.charts.data.datacache.FeedDataProvider.loadTicksDataSynched(FeedDataProvider.java:1419)
	at com.dukascopy.api.impl.HistoryData.getTicksSecured(HistoryData.java:98)
	at com.dukascopy.api.impl.History.lambda$getTicks$4(History.java:444)
	at com.dukascopy.api.impl.History.lambda$doPrivileged$116(History.java:3573)
	at java.security.AccessController.doPrivileged(Native Method)
	at com.dukascopy.api.impl.History.doPrivileged(History.java:3573)
	at com.dukascopy.api.impl.History.getTicks(History.java:442)
	at local.xm.JForexFinalCollector$CollectorStrategy.collectBlockingTicks(JForexFinalCollector.java:208)
	at local.xm.JForexFinalCollector$CollectorStrategy.collect(JForexFinalCollector.java:188)
	at local.xm.JForexFinalCollector$CollectorStrategy.access$100(JForexFinalCollector.java:143)
	at local.xm.JForexFinalCollector$CollectorStrategy$1.run(JForexFinalCollector.java:162)
	at java.lang.Thread.run(Thread.java:750)
	Suppressed: java.net.SocketException: Connection reset by peer: socket write error
		at java.net.SocketOutputStream.socketWrite0(Native Method)
		at java.net.SocketOutputStream.socketWrite(SocketOutputStream.java:111)
		at java.net.SocketOutputStream.write(SocketOutputStream.java:155)
		at sun.security.ssl.SSLSocketOutputRecord.encodeAlert(SSLSocketOutputRecord.java:81)
		at sun.security.ssl.TransportContext.fatal(TransportContext.java:362)
		... 39 more
Caused by: java.net.SocketException: Connection reset
	at java.net.SocketInputStream.read(SocketInputStream.java:210)
	at java.net.SocketInputStream.read(SocketInputStream.java:141)
	at sun.security.ssl.SSLSocketInputRecord.read(SSLSocketInputRecord.java:464)
	at sun.security.ssl.SSLSocketInputRecord.decode(SSLSocketInputRecord.java:165)
	at sun.security.ssl.SSLTransport.decode(SSLTransport.java:109)
	... 36 more
2026-09-08 22:37:08.423 WARN  CurvesJsonProtocolHandler - Connection timed out: connect
java.net.ConnectException: Connection timed out: connect
	at java.net.DualStackPlainSocketImpl.waitForConnect(Native Method)
	at java.net.DualStackPlainSocketImpl.socketConnect(DualStackPlainSocketImpl.java:85)
	at java.net.AbstractPlainSocketImpl.doConnect(AbstractPlainSocketImpl.java:350)
	at java.net.AbstractPlainSocketImpl.connectToAddress(AbstractPlainSocketImpl.java:206)
	at java.net.AbstractPlainSocketImpl.connect(AbstractPlainSocketImpl.java:188)
	at java.net.PlainSocketImpl.connect(PlainSocketImpl.java:172)
	at java.net.SocksSocketImpl.connect(SocksSocketImpl.java:392)
	at java.net.Socket.connect(Socket.java:607)
	at sun.security.ssl.SSLSocketImpl.connect(SSLSocketImpl.java:293)
	at sun.net.NetworkClient.doConnect(NetworkClient.java:175)
	at sun.net.www.http.HttpClient.openServer(HttpClient.java:465)
	at sun.net.www.http.HttpClient.openServer(HttpClient.java:560)
	at sun.net.www.protocol.https.HttpsClient.<init>(HttpsClient.java:264)
	at sun.net.www.protocol.https.HttpsClient.New(HttpsClient.java:367)
	at sun.net.www.protocol.https.AbstractDelegateHttpsURLConnection.getNewHttpClient(AbstractDelegateHttpsURLConnection.java:203)
	at sun.net.www.protocol.http.HttpURLConnection.plainConnect0(HttpURLConnection.java:1179)
	at sun.net.www.protocol.http.HttpURLConnection.plainConnect(HttpURLConnection.java:1073)
	at sun.net.www.protocol.https.AbstractDelegateHttpsURLConnection.connect(AbstractDelegateHttpsURLConnection.java:189)
	at sun.net.www.protocol.http.HttpURLConnection.getInputStream0(HttpURLConnection.java:1589)
	at sun.net.www.protocol.http.HttpURLConnection.getInputStream(HttpURLConnection.java:1517)
	at java.net.HttpURLConnection.getResponseCode(HttpURLConnection.java:480)
	at sun.net.www.protocol.https.HttpsURLConnectionImpl.getResponseCode(HttpsURLConnectionImpl.java:352)
	at com.dukascopy.charts.data.datacache.CurvesJsonProtocolHandler.readURL(CurvesJsonProtocolHandler.java:319)
	at com.dukascopy.charts.data.datacache.CurvesJsonProtocolHandler.loadFileFromCFG(CurvesJsonProtocolHandler.java:256)
	at com.dukascopy.charts.data.datacache.CurvesJsonProtocolHandler.loadAndDecompressFileFromCFG(CurvesJsonProtocolHandler.java:361)
	at com.dukascopy.charts.data.datacache.CurvesJsonProtocolHandler.loadChunkFileFromCFG(CurvesJsonProtocolHandler.java:495)
	at com.dukascopy.charts.data.datacache.CurvesDataLoader.lambda$loadDataFromCFG$2(CurvesDataLoader.java:1642)
	at java.util.concurrent.FutureTask.run(FutureTask.java:266)
	at com.dukascopy.charts.data.datacache.CurvesDataLoader.performLoad(CurvesDataLoader.java:2004)
	at com.dukascopy.charts.data.datacache.CurvesDataLoader.loadDataFromCFG(CurvesDataLoader.java:1637)
	at com.dukascopy.charts.data.datacache.CurvesDataLoader.loadChunkData(CurvesDataLoader.java:1562)
	at com.dukascopy.charts.data.datacache.CurvesDataLoader.loadSmallIntervals(CurvesDataLoader.java:654)
	at com.dukascopy.charts.data.datacache.CurvesDataLoader.loadInCache(CurvesDataLoader.java:258)
	at com.dukascopy.charts.data.datacache.CurvesDataLoader.loadInCache(CurvesDataLoader.java:161)
	at com.dukascopy.charts.data.datacache.LoadDataAction.lambda$run$0(LoadDataAction.java:323)
	at java.security.AccessController.doPrivileged(Native Method)
	at com.dukascopy.charts.data.datacache.LoadDataAction.run(LoadDataAction.java:338)
	at com.dukascopy.charts.data.datacache.FeedDataProvider.loadTicksDataSynched(FeedDataProvider.java:1419)
	at com.dukascopy.api.impl.HistoryData.getTicksSecured(HistoryData.java:98)
	at com.dukascopy.api.impl.History.lambda$getTicks$4(History.java:444)
	at com.dukascopy.api.impl.History.lambda$doPrivileged$116(History.java:3573)
	at java.security.AccessController.doPrivileged(Native Method)
	at com.dukascopy.api.impl.History.doPrivileged(History.java:3573)
	at com.dukascopy.api.impl.History.getTicks(History.java:442)
	at local.xm.JForexFinalCollector$CollectorStrategy.collectBlockingTicks(JForexFinalCollector.java:208)
	at local.xm.JForexFinalCollector$CollectorStrategy.collect(JForexFinalCollector.java:188)
	at local.xm.JForexFinalCollector$CollectorStrategy.access$100(JForexFinalCollector.java:143)
	at local.xm.JForexFinalCollector$CollectorStrategy$1.run(JForexFinalCollector.java:162)
	at java.lang.Thread.run(Thread.java:750)
JFOREX_PROGRESS=525/784
JFOREX_PROGRESS=550/784
JFOREX_PROGRESS=575/784
2026-09-08 22:38:52.110 DEBUG DCClientImpl - Unrecognized protocol message : class com.dukascopy.dds4.transport.msg.system.SystemTimeResponseMessage / <SystemTimeResponseMessage(requestTime=1788878332082,time=1788878332053,transportLagInterval=0,synchRequestId=245,timestamp=1788878332053)>
JFOREX_PROGRESS=600/784
JFOREX_PROGRESS=625/784
2026-09-08 22:40:07.082 WARN  CurvesJsonProtocolHandler - Server returned HTTP response code: 503 for URL: https://datafeed.66proxymity88.net/GBPUSD/2024/06/20/09h_ticks.bi5
java.io.IOException: Server returned HTTP response code: 503 for URL: https://datafeed.66proxymity88.net/GBPUSD/2024/06/20/09h_ticks.bi5
	at sun.reflect.GeneratedConstructorAccessor31.newInstance(Unknown Source)
	at sun.reflect.DelegatingConstructorAccessorImpl.newInstance(DelegatingConstructorAccessorImpl.java:45)
	at java.lang.reflect.Constructor.newInstance(Constructor.java:423)
	at sun.net.www.protocol.http.HttpURLConnection$10.run(HttpURLConnection.java:1969)
	at sun.net.www.protocol.http.HttpURLConnection$10.run(HttpURLConnection.java:1964)
	at java.security.AccessController.doPrivileged(Native Method)
	at sun.net.www.protocol.http.HttpURLConnection.getChainedException(HttpURLConnection.java:1963)
	at sun.net.www.protocol.http.HttpURLConnection.getInputStream0(HttpURLConnection.java:1533)
	at sun.net.www.protocol.http.HttpURLConnection.getInputStream(HttpURLConnection.java:1517)
	at sun.net.www.protocol.https.HttpsURLConnectionImpl.getInputStream(HttpsURLConnectionImpl.java:268)
	at com.dukascopy.charts.data.datacache.CurvesJsonProtocolHandler.readURL(CurvesJsonProtocolHandler.java:331)
	at com.dukascopy.charts.data.datacache.CurvesJsonProtocolHandler.loadFileFromCFG(CurvesJsonProtocolHandler.java:256)
	at com.dukascopy.charts.data.datacache.CurvesJsonProtocolHandler.loadAndDecompressFileFromCFG(CurvesJsonProtocolHandler.java:361)
	at com.dukascopy.charts.data.datacache.CurvesJsonProtocolHandler.loadChunkFileFromCFG(CurvesJsonProtocolHandler.java:495)
	at com.dukascopy.charts.data.datacache.CurvesDataLoader.lambda$loadDataFromCFG$2(CurvesDataLoader.java:1642)
	at java.util.concurrent.FutureTask.run(FutureTask.java:266)
	at com.dukascopy.charts.data.datacache.CurvesDataLoader.performLoad(CurvesDataLoader.java:2004)
	at com.dukascopy.charts.data.datacache.CurvesDataLoader.loadDataFromCFG(CurvesDataLoader.java:1637)
	at com.dukascopy.charts.data.datacache.CurvesDataLoader.loadChunkData(CurvesDataLoader.java:1562)
	at com.dukascopy.charts.data.datacache.CurvesDataLoader.loadSmallIntervals(CurvesDataLoader.java:654)
	at com.dukascopy.charts.data.datacache.CurvesDataLoader.loadInCache(CurvesDataLoader.java:258)
	at com.dukascopy.charts.data.datacache.CurvesDataLoader.loadInCache(CurvesDataLoader.java:161)
	at com.dukascopy.charts.data.datacache.LoadDataAction.lambda$run$0(LoadDataAction.java:323)
	at java.security.AccessController.doPrivileged(Native Method)
	at com.dukascopy.charts.data.datacache.LoadDataAction.run(LoadDataAction.java:338)
	at com.dukascopy.charts.data.datacache.FeedDataProvider.loadTicksDataSynched(FeedDataProvider.java:1419)
	at com.dukascopy.api.impl.HistoryData.getTicksSecured(HistoryData.java:98)
	at com.dukascopy.api.impl.History.lambda$getTicks$4(History.java:444)
	at com.dukascopy.api.impl.History.lambda$doPrivileged$116(History.java:3573)
	at java.security.AccessController.doPrivileged(Native Method)
	at com.dukascopy.api.impl.History.doPrivileged(History.java:3573)
	at com.dukascopy.api.impl.History.getTicks(History.java:442)
	at local.xm.JForexFinalCollector$CollectorStrategy.collectBlockingTicks(JForexFinalCollector.java:208)
	at local.xm.JForexFinalCollector$CollectorStrategy.collect(JForexFinalCollector.java:188)
	at local.xm.JForexFinalCollector$CollectorStrategy.access$100(JForexFinalCollector.java:143)
	at local.xm.JForexFinalCollector$CollectorStrategy$1.run(JForexFinalCollector.java:162)
	at java.lang.Thread.run(Thread.java:750)
Caused by: java.io.IOException: Server returned HTTP response code: 503 for URL: https://datafeed.66proxymity88.net/GBPUSD/2024/06/20/09h_ticks.bi5
	at sun.net.www.protocol.http.HttpURLConnection.getInputStream0(HttpURLConnection.java:1919)
	at sun.net.www.protocol.http.HttpURLConnection.getInputStream(HttpURLConnection.java:1517)
	at java.net.HttpURLConnection.getResponseCode(HttpURLConnection.java:480)
	at sun.net.www.protocol.https.HttpsURLConnectionImpl.getResponseCode(HttpsURLConnectionImpl.java:352)
	at com.dukascopy.charts.data.datacache.CurvesJsonProtocolHandler.readURL(CurvesJsonProtocolHandler.java:319)
	... 26 more
2026-09-08 22:40:53.512 WARN  CurvesJsonProtocolHandler - Server returned HTTP response code: 503 for URL: https://datafeed.66proxymity88.net/GBPUSD/2024/06/20/15h_ticks.bi5
java.io.IOException: Server returned HTTP response code: 503 for URL: https://datafeed.66proxymity88.net/GBPUSD/2024/06/20/15h_ticks.bi5
	at sun.reflect.GeneratedConstructorAccessor31.newInstance(Unknown Source)
	at sun.reflect.DelegatingConstructorAccessorImpl.newInstance(DelegatingConstructorAccessorImpl.java:45)
	at java.lang.reflect.Constructor.newInstance(Constructor.java:423)
	at sun.net.www.protocol.http.HttpURLConnection$10.run(HttpURLConnection.java:1969)
	at sun.net.www.protocol.http.HttpURLConnection$10.run(HttpURLConnection.java:1964)
	at java.security.AccessController.doPrivileged(Native Method)
	at sun.net.www.protocol.http.HttpURLConnection.getChainedException(HttpURLConnection.java:1963)
	at sun.net.www.protocol.http.HttpURLConnection.getInputStream0(HttpURLConnection.java:1533)
	at sun.net.www.protocol.http.HttpURLConnection.getInputStream(HttpURLConnection.java:1517)
	at sun.net.www.protocol.https.HttpsURLConnectionImpl.getInputStream(HttpsURLConnectionImpl.java:268)
	at com.dukascopy.charts.data.datacache.CurvesJsonProtocolHandler.readURL(CurvesJsonProtocolHandler.java:331)
	at com.dukascopy.charts.data.datacache.CurvesJsonProtocolHandler.loadFileFromCFG(CurvesJsonProtocolHandler.java:256)
	at com.dukascopy.charts.data.datacache.CurvesJsonProtocolHandler.loadAndDecompressFileFromCFG(CurvesJsonProtocolHandler.java:361)
	at com.dukascopy.charts.data.datacache.CurvesJsonProtocolHandler.loadChunkFileFromCFG(CurvesJsonProtocolHandler.java:495)
	at com.dukascopy.charts.data.datacache.CurvesDataLoader.lambda$loadDataFromCFG$2(CurvesDataLoader.java:1642)
	at java.util.concurrent.FutureTask.run(FutureTask.java:266)
	at com.dukascopy.charts.data.datacache.CurvesDataLoader.performLoad(CurvesDataLoader.java:2004)
	at com.dukascopy.charts.data.datacache.CurvesDataLoader.loadDataFromCFG(CurvesDataLoader.java:1637)
	at com.dukascopy.charts.data.datacache.CurvesDataLoader.loadChunkData(CurvesDataLoader.java:1562)
	at com.dukascopy.charts.data.datacache.CurvesDataLoader.loadSmallIntervals(CurvesDataLoader.java:654)
	at com.dukascopy.charts.data.datacache.CurvesDataLoader.loadInCache(CurvesDataLoader.java:258)
	at com.dukascopy.charts.data.datacache.CurvesDataLoader.loadInCache(CurvesDataLoader.java:161)
	at com.dukascopy.charts.data.datacache.LoadDataAction.lambda$run$0(LoadDataAction.java:323)
	at java.security.AccessController.doPrivileged(Native Method)
	at com.dukascopy.charts.data.datacache.LoadDataAction.run(LoadDataAction.java:338)
	at com.dukascopy.charts.data.datacache.FeedDataProvider.loadTicksDataSynched(FeedDataProvider.java:1419)
	at com.dukascopy.api.impl.HistoryData.getTicksSecured(HistoryData.java:98)
	at com.dukascopy.api.impl.History.lambda$getTicks$4(History.java:444)
	at com.dukascopy.api.impl.History.lambda$doPrivileged$116(History.java:3573)
	at java.security.AccessController.doPrivileged(Native Method)
	at com.dukascopy.api.impl.History.doPrivileged(History.java:3573)
	at com.dukascopy.api.impl.History.getTicks(History.java:442)
	at local.xm.JForexFinalCollector$CollectorStrategy.collectBlockingTicks(JForexFinalCollector.java:208)
	at local.xm.JForexFinalCollector$CollectorStrategy.collect(JForexFinalCollector.java:188)
	at local.xm.JForexFinalCollector$CollectorStrategy.access$100(JForexFinalCollector.java:143)
	at local.xm.JForexFinalCollector$CollectorStrategy$1.run(JForexFinalCollector.java:162)
	at java.lang.Thread.run(Thread.java:750)
Caused by: java.io.IOException: Server returned HTTP response code: 503 for URL: https://datafeed.66proxymity88.net/GBPUSD/2024/06/20/15h_ticks.bi5
	at sun.net.www.protocol.http.HttpURLConnection.getInputStream0(HttpURLConnection.java:1919)
	at sun.net.www.protocol.http.HttpURLConnection.getInputStream(HttpURLConnection.java:1517)
	at java.net.HttpURLConnection.getResponseCode(HttpURLConnection.java:480)
	at sun.net.www.protocol.https.HttpsURLConnectionImpl.getResponseCode(HttpsURLConnectionImpl.java:352)
	at com.dukascopy.charts.data.datacache.CurvesJsonProtocolHandler.readURL(CurvesJsonProtocolHandler.java:319)
	... 26 more
2026-09-08 22:41:15.589 WARN  CurvesJsonProtocolHandler - Server returned HTTP response code: 503 for URL: https://datafeed.66proxymity88.net/GBPUSD/2024/06/20/16h_ticks.bi5
java.io.IOException: Server returned HTTP response code: 503 for URL: https://datafeed.66proxymity88.net/GBPUSD/2024/06/20/16h_ticks.bi5
	at sun.reflect.GeneratedConstructorAccessor31.newInstance(Unknown Source)
	at sun.reflect.DelegatingConstructorAccessorImpl.newInstance(DelegatingConstructorAccessorImpl.java:45)
	at java.lang.reflect.Constructor.newInstance(Constructor.java:423)
	at sun.net.www.protocol.http.HttpURLConnection$10.run(HttpURLConnection.java:1969)
	at sun.net.www.protocol.http.HttpURLConnection$10.run(HttpURLConnection.java:1964)
	at java.security.AccessController.doPrivileged(Native Method)
	at sun.net.www.protocol.http.HttpURLConnection.getChainedException(HttpURLConnection.java:1963)
	at sun.net.www.protocol.http.HttpURLConnection.getInputStream0(HttpURLConnection.java:1533)
	at sun.net.www.protocol.http.HttpURLConnection.getInputStream(HttpURLConnection.java:1517)
	at sun.net.www.protocol.https.HttpsURLConnectionImpl.getInputStream(HttpsURLConnectionImpl.java:268)
	at com.dukascopy.charts.data.datacache.CurvesJsonProtocolHandler.readURL(CurvesJsonProtocolHandler.java:331)
	at com.dukascopy.charts.data.datacache.CurvesJsonProtocolHandler.loadFileFromCFG(CurvesJsonProtocolHandler.java:256)
	at com.dukascopy.charts.data.datacache.CurvesJsonProtocolHandler.loadAndDecompressFileFromCFG(CurvesJsonProtocolHandler.java:361)
	at com.dukascopy.charts.data.datacache.CurvesJsonProtocolHandler.loadChunkFileFromCFG(CurvesJsonProtocolHandler.java:495)
	at com.dukascopy.charts.data.datacache.CurvesDataLoader.lambda$loadDataFromCFG$2(CurvesDataLoader.java:1642)
	at java.util.concurrent.FutureTask.run(FutureTask.java:266)
	at com.dukascopy.charts.data.datacache.CurvesDataLoader.performLoad(CurvesDataLoader.java:2004)
	at com.dukascopy.charts.data.datacache.CurvesDataLoader.loadDataFromCFG(CurvesDataLoader.java:1637)
	at com.dukascopy.charts.data.datacache.CurvesDataLoader.loadChunkData(CurvesDataLoader.java:1562)
	at com.dukascopy.charts.data.datacache.CurvesDataLoader.loadSmallIntervals(CurvesDataLoader.java:654)
	at com.dukascopy.charts.data.datacache.CurvesDataLoader.loadInCache(CurvesDataLoader.java:258)
	at com.dukascopy.charts.data.datacache.CurvesDataLoader.loadInCache(CurvesDataLoader.java:161)
	at com.dukascopy.charts.data.datacache.LoadDataAction.lambda$run$0(LoadDataAction.java:323)
	at java.security.AccessController.doPrivileged(Native Method)
	at com.dukascopy.charts.data.datacache.LoadDataAction.run(LoadDataAction.java:338)
	at com.dukascopy.charts.data.datacache.FeedDataProvider.loadTicksDataSynched(FeedDataProvider.java:1419)
	at com.dukascopy.api.impl.HistoryData.getTicksSecured(HistoryData.java:98)
	at com.dukascopy.api.impl.History.lambda$getTicks$4(History.java:444)
	at com.dukascopy.api.impl.History.lambda$doPrivileged$116(History.java:3573)
	at java.security.AccessController.doPrivileged(Native Method)
	at com.dukascopy.api.impl.History.doPrivileged(History.java:3573)
	at com.dukascopy.api.impl.History.getTicks(History.java:442)
	at local.xm.JForexFinalCollector$CollectorStrategy.collectBlockingTicks(JForexFinalCollector.java:208)
	at local.xm.JForexFinalCollector$CollectorStrategy.collect(JForexFinalCollector.java:188)
	at local.xm.JForexFinalCollector$CollectorStrategy.access$100(JForexFinalCollector.java:143)
	at local.xm.JForexFinalCollector$CollectorStrategy$1.run(JForexFinalCollector.java:162)
	at java.lang.Thread.run(Thread.java:750)
Caused by: java.io.IOException: Server returned HTTP response code: 503 for URL: https://datafeed.66proxymity88.net/GBPUSD/2024/06/20/16h_ticks.bi5
	at sun.net.www.protocol.http.HttpURLConnection.getInputStream0(HttpURLConnection.java:1919)
	at sun.net.www.protocol.http.HttpURLConnection.getInputStream(HttpURLConnection.java:1517)
	at java.net.HttpURLConnection.getResponseCode(HttpURLConnection.java:480)
	at sun.net.www.protocol.https.HttpsURLConnectionImpl.getResponseCode(HttpsURLConnectionImpl.java:352)
	at com.dukascopy.charts.data.datacache.CurvesJsonProtocolHandler.readURL(CurvesJsonProtocolHandler.java:319)
	... 26 more
2026-09-08 22:41:32.670 WARN  CurvesJsonProtocolHandler - Server returned HTTP response code: 503 for URL: https://datafeed.66proxymity88.net/GBPUSD/2024/06/20/17h_ticks.bi5
java.io.IOException: Server returned HTTP response code: 503 for URL: https://datafeed.66proxymity88.net/GBPUSD/2024/06/20/17h_ticks.bi5
	at sun.reflect.GeneratedConstructorAccessor31.newInstance(Unknown Source)
	at sun.reflect.DelegatingConstructorAccessorImpl.newInstance(DelegatingConstructorAccessorImpl.java:45)
	at java.lang.reflect.Constructor.newInstance(Constructor.java:423)
	at sun.net.www.protocol.http.HttpURLConnection$10.run(HttpURLConnection.java:1969)
	at sun.net.www.protocol.http.HttpURLConnection$10.run(HttpURLConnection.java:1964)
	at java.security.AccessController.doPrivileged(Native Method)
	at sun.net.www.protocol.http.HttpURLConnection.getChainedException(HttpURLConnection.java:1963)
	at sun.net.www.protocol.http.HttpURLConnection.getInputStream0(HttpURLConnection.java:1533)
	at sun.net.www.protocol.http.HttpURLConnection.getInputStream(HttpURLConnection.java:1517)
	at sun.net.www.protocol.https.HttpsURLConnectionImpl.getInputStream(HttpsURLConnectionImpl.java:268)
	at com.dukascopy.charts.data.datacache.CurvesJsonProtocolHandler.readURL(CurvesJsonProtocolHandler.java:331)
	at com.dukascopy.charts.data.datacache.CurvesJsonProtocolHandler.loadFileFromCFG(CurvesJsonProtocolHandler.java:256)
	at com.dukascopy.charts.data.datacache.CurvesJsonProtocolHandler.loadAndDecompressFileFromCFG(CurvesJsonProtocolHandler.java:361)
	at com.dukascopy.charts.data.datacache.CurvesJsonProtocolHandler.loadChunkFileFromCFG(CurvesJsonProtocolHandler.java:495)
	at com.dukascopy.charts.data.datacache.CurvesDataLoader.lambda$loadDataFromCFG$2(CurvesDataLoader.java:1642)
	at java.util.concurrent.FutureTask.run(FutureTask.java:266)
	at com.dukascopy.charts.data.datacache.CurvesDataLoader.performLoad(CurvesDataLoader.java:2004)
	at com.dukascopy.charts.data.datacache.CurvesDataLoader.loadDataFromCFG(CurvesDataLoader.java:1637)
	at com.dukascopy.charts.data.datacache.CurvesDataLoader.loadChunkData(CurvesDataLoader.java:1562)
	at com.dukascopy.charts.data.datacache.CurvesDataLoader.loadSmallIntervals(CurvesDataLoader.java:654)
	at com.dukascopy.charts.data.datacache.CurvesDataLoader.loadInCache(CurvesDataLoader.java:258)
	at com.dukascopy.charts.data.datacache.CurvesDataLoader.loadInCache(CurvesDataLoader.java:161)
	at com.dukascopy.charts.data.datacache.LoadDataAction.lambda$run$0(LoadDataAction.java:323)
	at java.security.AccessController.doPrivileged(Native Method)
	at com.dukascopy.charts.data.datacache.LoadDataAction.run(LoadDataAction.java:338)
	at com.dukascopy.charts.data.datacache.FeedDataProvider.loadTicksDataSynched(FeedDataProvider.java:1419)
	at com.dukascopy.api.impl.HistoryData.getTicksSecured(HistoryData.java:98)
	at com.dukascopy.api.impl.History.lambda$getTicks$4(History.java:444)
	at com.dukascopy.api.impl.History.lambda$doPrivileged$116(History.java:3573)
	at java.security.AccessController.doPrivileged(Native Method)
	at com.dukascopy.api.impl.History.doPrivileged(History.java:3573)
	at com.dukascopy.api.impl.History.getTicks(History.java:442)
	at local.xm.JForexFinalCollector$CollectorStrategy.collectBlockingTicks(JForexFinalCollector.java:208)
	at local.xm.JForexFinalCollector$CollectorStrategy.collect(JForexFinalCollector.java:188)
	at local.xm.JForexFinalCollector$CollectorStrategy.access$100(JForexFinalCollector.java:143)
	at local.xm.JForexFinalCollector$CollectorStrategy$1.run(JForexFinalCollector.java:162)
	at java.lang.Thread.run(Thread.java:750)
Caused by: java.io.IOException: Server returned HTTP response code: 503 for URL: https://datafeed.66proxymity88.net/GBPUSD/2024/06/20/17h_ticks.bi5
	at sun.net.www.protocol.http.HttpURLConnection.getInputStream0(HttpURLConnection.java:1919)
	at sun.net.www.protocol.http.HttpURLConnection.getInputStream(HttpURLConnection.java:1517)
	at java.net.HttpURLConnection.getResponseCode(HttpURLConnection.java:480)
	at sun.net.www.protocol.https.HttpsURLConnectionImpl.getResponseCode(HttpsURLConnectionImpl.java:352)
	at com.dukascopy.charts.data.datacache.CurvesJsonProtocolHandler.readURL(CurvesJsonProtocolHandler.java:319)
	... 26 more
2026-09-08 22:41:36.929 WARN  CurvesJsonProtocolHandler - Server returned HTTP response code: 503 for URL: https://datafeed.66proxymity88.net/GBPUSD/2024/06/20/18h_ticks.bi5
java.io.IOException: Server returned HTTP response code: 503 for URL: https://datafeed.66proxymity88.net/GBPUSD/2024/06/20/18h_ticks.bi5
	at sun.reflect.GeneratedConstructorAccessor31.newInstance(Unknown Source)
	at sun.reflect.DelegatingConstructorAccessorImpl.newInstance(DelegatingConstructorAccessorImpl.java:45)
	at java.lang.reflect.Constructor.newInstance(Constructor.java:423)
	at sun.net.www.protocol.http.HttpURLConnection$10.run(HttpURLConnection.java:1969)
	at sun.net.www.protocol.http.HttpURLConnection$10.run(HttpURLConnection.java:1964)
	at java.security.AccessController.doPrivileged(Native Method)
	at sun.net.www.protocol.http.HttpURLConnection.getChainedException(HttpURLConnection.java:1963)
	at sun.net.www.protocol.http.HttpURLConnection.getInputStream0(HttpURLConnection.java:1533)
	at sun.net.www.protocol.http.HttpURLConnection.getInputStream(HttpURLConnection.java:1517)
	at sun.net.www.protocol.https.HttpsURLConnectionImpl.getInputStream(HttpsURLConnectionImpl.java:268)
	at com.dukascopy.charts.data.datacache.CurvesJsonProtocolHandler.readURL(CurvesJsonProtocolHandler.java:331)
	at com.dukascopy.charts.data.datacache.CurvesJsonProtocolHandler.loadFileFromCFG(CurvesJsonProtocolHandler.java:256)
	at com.dukascopy.charts.data.datacache.CurvesJsonProtocolHandler.loadAndDecompressFileFromCFG(CurvesJsonProtocolHandler.java:361)
	at com.dukascopy.charts.data.datacache.CurvesJsonProtocolHandler.loadChunkFileFromCFG(CurvesJsonProtocolHandler.java:495)
	at com.dukascopy.charts.data.datacache.CurvesDataLoader.lambda$loadDataFromCFG$2(CurvesDataLoader.java:1642)
	at java.util.concurrent.FutureTask.run(FutureTask.java:266)
	at com.dukascopy.charts.data.datacache.CurvesDataLoader.performLoad(CurvesDataLoader.java:2004)
	at com.dukascopy.charts.data.datacache.CurvesDataLoader.loadDataFromCFG(CurvesDataLoader.java:1637)
	at com.dukascopy.charts.data.datacache.CurvesDataLoader.loadChunkData(CurvesDataLoader.java:1562)
	at com.dukascopy.charts.data.datacache.CurvesDataLoader.loadSmallIntervals(CurvesDataLoader.java:654)
	at com.dukascopy.charts.data.datacache.CurvesDataLoader.loadInCache(CurvesDataLoader.java:258)
	at com.dukascopy.charts.data.datacache.CurvesDataLoader.loadInCache(CurvesDataLoader.java:161)
	at com.dukascopy.charts.data.datacache.LoadDataAction.lambda$run$0(LoadDataAction.java:323)
	at java.security.AccessController.doPrivileged(Native Method)
	at com.dukascopy.charts.data.datacache.LoadDataAction.run(LoadDataAction.java:338)
	at com.dukascopy.charts.data.datacache.FeedDataProvider.loadTicksDataSynched(FeedDataProvider.java:1419)
	at com.dukascopy.api.impl.HistoryData.getTicksSecured(HistoryData.java:98)
	at com.dukascopy.api.impl.History.lambda$getTicks$4(History.java:444)
	at com.dukascopy.api.impl.History.lambda$doPrivileged$116(History.java:3573)
	at java.security.AccessController.doPrivileged(Native Method)
	at com.dukascopy.api.impl.History.doPrivileged(History.java:3573)
	at com.dukascopy.api.impl.History.getTicks(History.java:442)
	at local.xm.JForexFinalCollector$CollectorStrategy.collectBlockingTicks(JForexFinalCollector.java:208)
	at local.xm.JForexFinalCollector$CollectorStrategy.collect(JForexFinalCollector.java:188)
	at local.xm.JForexFinalCollector$CollectorStrategy.access$100(JForexFinalCollector.java:143)
	at local.xm.JForexFinalCollector$CollectorStrategy$1.run(JForexFinalCollector.java:162)
	at java.lang.Thread.run(Thread.java:750)
Caused by: java.io.IOException: Server returned HTTP response code: 503 for URL: https://datafeed.66proxymity88.net/GBPUSD/2024/06/20/18h_ticks.bi5
	at sun.net.www.protocol.http.HttpURLConnection.getInputStream0(HttpURLConnection.java:1919)
	at sun.net.www.protocol.http.HttpURLConnection.getInputStream(HttpURLConnection.java:1517)
	at java.net.HttpURLConnection.getResponseCode(HttpURLConnection.java:480)
	at sun.net.www.protocol.https.HttpsURLConnectionImpl.getResponseCode(HttpsURLConnectionImpl.java:352)
	at com.dukascopy.charts.data.datacache.CurvesJsonProtocolHandler.readURL(CurvesJsonProtocolHandler.java:319)
	... 26 more
2026-09-08 22:46:53.692 WARN  CurvesJsonProtocolHandler - Server returned HTTP response code: 503 for URL: https://datafeed.66proxymity88.net/GBPUSD/2024/08/01/05h_ticks.bi5
java.io.IOException: Server returned HTTP response code: 503 for URL: https://datafeed.66proxymity88.net/GBPUSD/2024/08/01/05h_ticks.bi5
	at sun.reflect.GeneratedConstructorAccessor31.newInstance(Unknown Source)
	at sun.reflect.DelegatingConstructorAccessorImpl.newInstance(DelegatingConstructorAccessorImpl.java:45)
	at java.lang.reflect.Constructor.newInstance(Constructor.java:423)
	at sun.net.www.protocol.http.HttpURLConnection$10.run(HttpURLConnection.java:1969)
	at sun.net.www.protocol.http.HttpURLConnection$10.run(HttpURLConnection.java:1964)
	at java.security.AccessController.doPrivileged(Native Method)
	at sun.net.www.protocol.http.HttpURLConnection.getChainedException(HttpURLConnection.java:1963)
	at sun.net.www.protocol.http.HttpURLConnection.getInputStream0(HttpURLConnection.java:1533)
	at sun.net.www.protocol.http.HttpURLConnection.getInputStream(HttpURLConnection.java:1517)
	at sun.net.www.protocol.https.HttpsURLConnectionImpl.getInputStream(HttpsURLConnectionImpl.java:268)
	at com.dukascopy.charts.data.datacache.CurvesJsonProtocolHandler.readURL(CurvesJsonProtocolHandler.java:331)
	at com.dukascopy.charts.data.datacache.CurvesJsonProtocolHandler.loadFileFromCFG(CurvesJsonProtocolHandler.java:256)
	at com.dukascopy.charts.data.datacache.CurvesJsonProtocolHandler.loadAndDecompressFileFromCFG(CurvesJsonProtocolHandler.java:361)
	at com.dukascopy.charts.data.datacache.CurvesJsonProtocolHandler.loadChunkFileFromCFG(CurvesJsonProtocolHandler.java:495)
	at com.dukascopy.charts.data.datacache.CurvesDataLoader.lambda$loadDataFromCFG$2(CurvesDataLoader.java:1642)
	at java.util.concurrent.FutureTask.run(FutureTask.java:266)
	at com.dukascopy.charts.data.datacache.CurvesDataLoader.performLoad(CurvesDataLoader.java:2004)
	at com.dukascopy.charts.data.datacache.CurvesDataLoader.loadDataFromCFG(CurvesDataLoader.java:1637)
	at com.dukascopy.charts.data.datacache.CurvesDataLoader.loadChunkData(CurvesDataLoader.java:1562)
	at com.dukascopy.charts.data.datacache.CurvesDataLoader.loadSmallIntervals(CurvesDataLoader.java:654)
	at com.dukascopy.charts.data.datacache.CurvesDataLoader.loadInCache(CurvesDataLoader.java:258)
	at com.dukascopy.charts.data.datacache.CurvesDataLoader.loadInCache(CurvesDataLoader.java:161)
	at com.dukascopy.charts.data.datacache.LoadDataAction.lambda$run$0(LoadDataAction.java:323)
	at java.security.AccessController.doPrivileged(Native Method)
	at com.dukascopy.charts.data.datacache.LoadDataAction.run(LoadDataAction.java:338)
	at com.dukascopy.charts.data.datacache.FeedDataProvider.loadTicksDataSynched(FeedDataProvider.java:1419)
	at com.dukascopy.api.impl.HistoryData.getTicksSecured(HistoryData.java:98)
	at com.dukascopy.api.impl.History.lambda$getTicks$4(History.java:444)
	at com.dukascopy.api.impl.History.lambda$doPrivileged$116(History.java:3573)
	at java.security.AccessController.doPrivileged(Native Method)
	at com.dukascopy.api.impl.History.doPrivileged(History.java:3573)
	at com.dukascopy.api.impl.History.getTicks(History.java:442)
	at local.xm.JForexFinalCollector$CollectorStrategy.collectBlockingTicks(JForexFinalCollector.java:208)
	at local.xm.JForexFinalCollector$CollectorStrategy.collect(JForexFinalCollector.java:188)
	at local.xm.JForexFinalCollector$CollectorStrategy.access$100(JForexFinalCollector.java:143)
	at local.xm.JForexFinalCollector$CollectorStrategy$1.run(JForexFinalCollector.java:162)
	at java.lang.Thread.run(Thread.java:750)
Caused by: java.io.IOException: Server returned HTTP response code: 503 for URL: https://datafeed.66proxymity88.net/GBPUSD/2024/08/01/05h_ticks.bi5
	at sun.net.www.protocol.http.HttpURLConnection.getInputStream0(HttpURLConnection.java:1919)
	at sun.net.www.protocol.http.HttpURLConnection.getInputStream(HttpURLConnection.java:1517)
	at java.net.HttpURLConnection.getResponseCode(HttpURLConnection.java:480)
	at sun.net.www.protocol.https.HttpsURLConnectionImpl.getResponseCode(HttpsURLConnectionImpl.java:352)
	at com.dukascopy.charts.data.datacache.CurvesJsonProtocolHandler.readURL(CurvesJsonProtocolHandler.java:319)
	... 26 more
2026-09-08 22:47:08.598 WARN  CurvesJsonProtocolHandler - Server returned HTTP response code: 503 for URL: https://datafeed.66proxymity88.net/GBPUSD/2024/08/01/BID_candles_min_1.bi5
java.io.IOException: Server returned HTTP response code: 503 for URL: https://datafeed.66proxymity88.net/GBPUSD/2024/08/01/BID_candles_min_1.bi5
	at sun.reflect.GeneratedConstructorAccessor31.newInstance(Unknown Source)
	at sun.reflect.DelegatingConstructorAccessorImpl.newInstance(DelegatingConstructorAccessorImpl.java:45)
	at java.lang.reflect.Constructor.newInstance(Constructor.java:423)
	at sun.net.www.protocol.http.HttpURLConnection$10.run(HttpURLConnection.java:1969)
	at sun.net.www.protocol.http.HttpURLConnection$10.run(HttpURLConnection.java:1964)
	at java.security.AccessController.doPrivileged(Native Method)
	at sun.net.www.protocol.http.HttpURLConnection.getChainedException(HttpURLConnection.java:1963)
	at sun.net.www.protocol.http.HttpURLConnection.getInputStream0(HttpURLConnection.java:1533)
	at sun.net.www.protocol.http.HttpURLConnection.getInputStream(HttpURLConnection.java:1517)
	at sun.net.www.protocol.https.HttpsURLConnectionImpl.getInputStream(HttpsURLConnectionImpl.java:268)
	at com.dukascopy.charts.data.datacache.CurvesJsonProtocolHandler.readURL(CurvesJsonProtocolHandler.java:331)
	at com.dukascopy.charts.data.datacache.CurvesJsonProtocolHandler.loadFileFromCFG(CurvesJsonProtocolHandler.java:256)
	at com.dukascopy.charts.data.datacache.CurvesJsonProtocolHandler.loadAndDecompressFileFromCFG(CurvesJsonProtocolHandler.java:361)
	at com.dukascopy.charts.data.datacache.CurvesJsonProtocolHandler.loadChunkFileFromCFG(CurvesJsonProtocolHandler.java:495)
	at com.dukascopy.charts.data.datacache.CurvesDataLoader.lambda$loadDataFromCFG$2(CurvesDataLoader.java:1642)
	at java.util.concurrent.FutureTask.run(FutureTask.java:266)
	at com.dukascopy.charts.data.datacache.CurvesDataLoader.performLoad(CurvesDataLoader.java:2004)
	at com.dukascopy.charts.data.datacache.CurvesDataLoader.loadDataFromCFG(CurvesDataLoader.java:1637)
	at com.dukascopy.charts.data.datacache.CurvesDataLoader.loadChunkData(CurvesDataLoader.java:1562)
	at com.dukascopy.charts.data.datacache.CurvesDataLoader.loadSmallIntervals(CurvesDataLoader.java:654)
	at com.dukascopy.charts.data.datacache.CurvesDataLoader.loadInCache(CurvesDataLoader.java:258)
	at com.dukascopy.charts.data.datacache.CurvesDataLoader.loadInCache(CurvesDataLoader.java:161)
	at com.dukascopy.charts.data.datacache.LoadDataAction.lambda$run$0(LoadDataAction.java:323)
	at java.security.AccessController.doPrivileged(Native Method)
	at com.dukascopy.charts.data.datacache.LoadDataAction.run(LoadDataAction.java:338)
	at com.dukascopy.charts.data.datacache.FeedDataProvider.loadCandlesDataSynched(FeedDataProvider.java:962)
	at com.dukascopy.charts.data.datacache.FeedDataProvider.loadCandlesFromToSynched(FeedDataProvider.java:2820)
	at com.dukascopy.api.impl.HistoryData.getBarsSecured(HistoryData.java:206)
	at com.dukascopy.api.impl.History.lambda$getBars$54(History.java:1667)
	at com.dukascopy.api.impl.History.lambda$doPrivileged$116(History.java:3573)
	at java.security.AccessController.doPrivileged(Native Method)
	at com.dukascopy.api.impl.History.doPrivileged(History.java:3573)
	at com.dukascopy.api.impl.History.getBars(History.java:1665)
	at local.xm.JForexFinalCollector$CollectorStrategy.collectBars(JForexFinalCollector.java:284)
	at local.xm.JForexFinalCollector$CollectorStrategy.collect(JForexFinalCollector.java:190)
	at local.xm.JForexFinalCollector$CollectorStrategy.access$100(JForexFinalCollector.java:143)
	at local.xm.JForexFinalCollector$CollectorStrategy$1.run(JForexFinalCollector.java:162)
	at java.lang.Thread.run(Thread.java:750)
Caused by: java.io.IOException: Server returned HTTP response code: 503 for URL: https://datafeed.66proxymity88.net/GBPUSD/2024/08/01/BID_candles_min_1.bi5
	at sun.net.www.protocol.http.HttpURLConnection.getInputStream0(HttpURLConnection.java:1919)
	at sun.net.www.protocol.http.HttpURLConnection.getInputStream(HttpURLConnection.java:1517)
	at java.net.HttpURLConnection.getResponseCode(HttpURLConnection.java:480)
	at sun.net.www.protocol.https.HttpsURLConnectionImpl.getResponseCode(HttpsURLConnectionImpl.java:352)
	at com.dukascopy.charts.data.datacache.CurvesJsonProtocolHandler.readURL(CurvesJsonProtocolHandler.java:319)
	... 27 more
2026-09-08 22:47:08.599 ERROR HistoryData - No bars loaded for GBP/USD, 1 Min, Bid, NO_FILTER, 2024-09-01 04:00:00:000 - 2024-09-01 04:59:00:000
current bar 2026-09-08 14:46:00:000
2026-09-08 22:48:27.806 WARN  CurvesJsonProtocolHandler - Server returned HTTP response code: 503 for URL: https://datafeed.66proxymity88.net/GBPUSD/2024/08/01/19h_ticks.bi5
java.io.IOException: Server returned HTTP response code: 503 for URL: https://datafeed.66proxymity88.net/GBPUSD/2024/08/01/19h_ticks.bi5
	at sun.reflect.GeneratedConstructorAccessor31.newInstance(Unknown Source)
	at sun.reflect.DelegatingConstructorAccessorImpl.newInstance(DelegatingConstructorAccessorImpl.java:45)
	at java.lang.reflect.Constructor.newInstance(Constructor.java:423)
	at sun.net.www.protocol.http.HttpURLConnection$10.run(HttpURLConnection.java:1969)
	at sun.net.www.protocol.http.HttpURLConnection$10.run(HttpURLConnection.java:1964)
	at java.security.AccessController.doPrivileged(Native Method)
	at sun.net.www.protocol.http.HttpURLConnection.getChainedException(HttpURLConnection.java:1963)
	at sun.net.www.protocol.http.HttpURLConnection.getInputStream0(HttpURLConnection.java:1533)
	at sun.net.www.protocol.http.HttpURLConnection.getInputStream(HttpURLConnection.java:1517)
	at sun.net.www.protocol.https.HttpsURLConnectionImpl.getInputStream(HttpsURLConnectionImpl.java:268)
	at com.dukascopy.charts.data.datacache.CurvesJsonProtocolHandler.readURL(CurvesJsonProtocolHandler.java:331)
	at com.dukascopy.charts.data.datacache.CurvesJsonProtocolHandler.loadFileFromCFG(CurvesJsonProtocolHandler.java:256)
	at com.dukascopy.charts.data.datacache.CurvesJsonProtocolHandler.loadAndDecompressFileFromCFG(CurvesJsonProtocolHandler.java:361)
	at com.dukascopy.charts.data.datacache.CurvesJsonProtocolHandler.loadChunkFileFromCFG(CurvesJsonProtocolHandler.java:495)
	at com.dukascopy.charts.data.datacache.CurvesDataLoader.lambda$loadDataFromCFG$2(CurvesDataLoader.java:1642)
	at java.util.concurrent.FutureTask.run(FutureTask.java:266)
	at com.dukascopy.charts.data.datacache.CurvesDataLoader.performLoad(CurvesDataLoader.java:2004)
	at com.dukascopy.charts.data.datacache.CurvesDataLoader.loadDataFromCFG(CurvesDataLoader.java:1637)
	at com.dukascopy.charts.data.datacache.CurvesDataLoader.loadChunkData(CurvesDataLoader.java:1562)
	at com.dukascopy.charts.data.datacache.CurvesDataLoader.loadSmallIntervals(CurvesDataLoader.java:654)
	at com.dukascopy.charts.data.datacache.CurvesDataLoader.loadInCache(CurvesDataLoader.java:258)
	at com.dukascopy.charts.data.datacache.CurvesDataLoader.loadInCache(CurvesDataLoader.java:161)
	at com.dukascopy.charts.data.datacache.LoadDataAction.lambda$run$0(LoadDataAction.java:323)
	at java.security.AccessController.doPrivileged(Native Method)
	at com.dukascopy.charts.data.datacache.LoadDataAction.run(LoadDataAction.java:338)
	at com.dukascopy.charts.data.datacache.FeedDataProvider.loadTicksDataSynched(FeedDataProvider.java:1419)
	at com.dukascopy.api.impl.HistoryData.getTicksSecured(HistoryData.java:98)
	at com.dukascopy.api.impl.History.lambda$getTicks$4(History.java:444)
	at com.dukascopy.api.impl.History.lambda$doPrivileged$116(History.java:3573)
	at java.security.AccessController.doPrivileged(Native Method)
	at com.dukascopy.api.impl.History.doPrivileged(History.java:3573)
	at com.dukascopy.api.impl.History.getTicks(History.java:442)
	at local.xm.JForexFinalCollector$CollectorStrategy.collectBlockingTicks(JForexFinalCollector.java:208)
	at local.xm.JForexFinalCollector$CollectorStrategy.collect(JForexFinalCollector.java:188)
	at local.xm.JForexFinalCollector$CollectorStrategy.access$100(JForexFinalCollector.java:143)
	at local.xm.JForexFinalCollector$CollectorStrategy$1.run(JForexFinalCollector.java:162)
	at java.lang.Thread.run(Thread.java:750)
Caused by: java.io.IOException: Server returned HTTP response code: 503 for URL: https://datafeed.66proxymity88.net/GBPUSD/2024/08/01/19h_ticks.bi5
	at sun.net.www.protocol.http.HttpURLConnection.getInputStream0(HttpURLConnection.java:1919)
	at sun.net.www.protocol.http.HttpURLConnection.getInputStream(HttpURLConnection.java:1517)
	at java.net.HttpURLConnection.getResponseCode(HttpURLConnection.java:480)
	at sun.net.www.protocol.https.HttpsURLConnectionImpl.getResponseCode(HttpsURLConnectionImpl.java:352)
	at com.dukascopy.charts.data.datacache.CurvesJsonProtocolHandler.readURL(CurvesJsonProtocolHandler.java:319)
	... 26 more
2026-09-08 22:48:27.808 ERROR HistoryData - No bars loaded for GBP/USD, 1 Min, Bid, NO_FILTER, 2024-09-01 18:00:00:000 - 2024-09-01 18:59:00:000
current bar 2026-09-08 14:48:00:000
JFOREX_PROGRESS=650/784
2026-09-08 22:48:40.301 WARN  CurvesJsonProtocolHandler - Server returned HTTP response code: 503 for URL: https://datafeed.66proxymity88.net/GBPUSD/2024/08/12/20h_ticks.bi5
java.io.IOException: Server returned HTTP response code: 503 for URL: https://datafeed.66proxymity88.net/GBPUSD/2024/08/12/20h_ticks.bi5
	at sun.reflect.GeneratedConstructorAccessor31.newInstance(Unknown Source)
	at sun.reflect.DelegatingConstructorAccessorImpl.newInstance(DelegatingConstructorAccessorImpl.java:45)
	at java.lang.reflect.Constructor.newInstance(Constructor.java:423)
	at sun.net.www.protocol.http.HttpURLConnection$10.run(HttpURLConnection.java:1969)
	at sun.net.www.protocol.http.HttpURLConnection$10.run(HttpURLConnection.java:1964)
	at java.security.AccessController.doPrivileged(Native Method)
	at sun.net.www.protocol.http.HttpURLConnection.getChainedException(HttpURLConnection.java:1963)
	at sun.net.www.protocol.http.HttpURLConnection.getInputStream0(HttpURLConnection.java:1533)
	at sun.net.www.protocol.http.HttpURLConnection.getInputStream(HttpURLConnection.java:1517)
	at sun.net.www.protocol.https.HttpsURLConnectionImpl.getInputStream(HttpsURLConnectionImpl.java:268)
	at com.dukascopy.charts.data.datacache.CurvesJsonProtocolHandler.readURL(CurvesJsonProtocolHandler.java:331)
	at com.dukascopy.charts.data.datacache.CurvesJsonProtocolHandler.loadFileFromCFG(CurvesJsonProtocolHandler.java:256)
	at com.dukascopy.charts.data.datacache.CurvesJsonProtocolHandler.loadAndDecompressFileFromCFG(CurvesJsonProtocolHandler.java:361)
	at com.dukascopy.charts.data.datacache.CurvesJsonProtocolHandler.loadChunkFileFromCFG(CurvesJsonProtocolHandler.java:495)
	at com.dukascopy.charts.data.datacache.CurvesDataLoader.lambda$loadDataFromCFG$2(CurvesDataLoader.java:1642)
	at java.util.concurrent.FutureTask.run(FutureTask.java:266)
	at com.dukascopy.charts.data.datacache.CurvesDataLoader.performLoad(CurvesDataLoader.java:2004)
	at com.dukascopy.charts.data.datacache.CurvesDataLoader.loadDataFromCFG(CurvesDataLoader.java:1637)
	at com.dukascopy.charts.data.datacache.CurvesDataLoader.loadChunkData(CurvesDataLoader.java:1562)
	at com.dukascopy.charts.data.datacache.CurvesDataLoader.loadSmallIntervals(CurvesDataLoader.java:654)
	at com.dukascopy.charts.data.datacache.CurvesDataLoader.loadInCache(CurvesDataLoader.java:258)
	at com.dukascopy.charts.data.datacache.CurvesDataLoader.loadInCache(CurvesDataLoader.java:161)
	at com.dukascopy.charts.data.datacache.LoadDataAction.lambda$run$0(LoadDataAction.java:323)
	at java.security.AccessController.doPrivileged(Native Method)
	at com.dukascopy.charts.data.datacache.LoadDataAction.run(LoadDataAction.java:338)
	at com.dukascopy.charts.data.datacache.FeedDataProvider.loadTicksDataSynched(FeedDataProvider.java:1419)
	at com.dukascopy.api.impl.HistoryData.getTicksSecured(HistoryData.java:98)
	at com.dukascopy.api.impl.History.lambda$getTicks$4(History.java:444)
	at com.dukascopy.api.impl.History.lambda$doPrivileged$116(History.java:3573)
	at java.security.AccessController.doPrivileged(Native Method)
	at com.dukascopy.api.impl.History.doPrivileged(History.java:3573)
	at com.dukascopy.api.impl.History.getTicks(History.java:442)
	at local.xm.JForexFinalCollector$CollectorStrategy.collectBlockingTicks(JForexFinalCollector.java:208)
	at local.xm.JForexFinalCollector$CollectorStrategy.collect(JForexFinalCollector.java:188)
	at local.xm.JForexFinalCollector$CollectorStrategy.access$100(JForexFinalCollector.java:143)
	at local.xm.JForexFinalCollector$CollectorStrategy$1.run(JForexFinalCollector.java:162)
	at java.lang.Thread.run(Thread.java:750)
Caused by: java.io.IOException: Server returned HTTP response code: 503 for URL: https://datafeed.66proxymity88.net/GBPUSD/2024/08/12/20h_ticks.bi5
	at sun.net.www.protocol.http.HttpURLConnection.getInputStream0(HttpURLConnection.java:1919)
	at sun.net.www.protocol.http.HttpURLConnection.getInputStream(HttpURLConnection.java:1517)
	at java.net.HttpURLConnection.getResponseCode(HttpURLConnection.java:480)
	at sun.net.www.protocol.https.HttpsURLConnectionImpl.getResponseCode(HttpsURLConnectionImpl.java:352)
	at com.dukascopy.charts.data.datacache.CurvesJsonProtocolHandler.readURL(CurvesJsonProtocolHandler.java:319)
	... 26 more
2026-09-08 22:48:52.113 DEBUG DCClientImpl - Unrecognized protocol message : class com.dukascopy.dds4.transport.msg.system.SystemTimeResponseMessage / <SystemTimeResponseMessage(requestTime=1788878932090,time=1788878932056,transportLagInterval=0,synchRequestId=326,timestamp=1788878932056)>
2026-09-08 22:49:50.124 WARN  CurvesJsonProtocolHandler - Server returned HTTP response code: 503 for URL: https://datafeed.66proxymity88.net/GBPUSD/2024/08/15/22h_ticks.bi5
java.io.IOException: Server returned HTTP response code: 503 for URL: https://datafeed.66proxymity88.net/GBPUSD/2024/08/15/22h_ticks.bi5
	at sun.reflect.GeneratedConstructorAccessor31.newInstance(Unknown Source)
	at sun.reflect.DelegatingConstructorAccessorImpl.newInstance(DelegatingConstructorAccessorImpl.java:45)
	at java.lang.reflect.Constructor.newInstance(Constructor.java:423)
	at sun.net.www.protocol.http.HttpURLConnection$10.run(HttpURLConnection.java:1969)
	at sun.net.www.protocol.http.HttpURLConnection$10.run(HttpURLConnection.java:1964)
	at java.security.AccessController.doPrivileged(Native Method)
	at sun.net.www.protocol.http.HttpURLConnection.getChainedException(HttpURLConnection.java:1963)
	at sun.net.www.protocol.http.HttpURLConnection.getInputStream0(HttpURLConnection.java:1533)
	at sun.net.www.protocol.http.HttpURLConnection.getInputStream(HttpURLConnection.java:1517)
	at sun.net.www.protocol.https.HttpsURLConnectionImpl.getInputStream(HttpsURLConnectionImpl.java:268)
	at com.dukascopy.charts.data.datacache.CurvesJsonProtocolHandler.readURL(CurvesJsonProtocolHandler.java:331)
	at com.dukascopy.charts.data.datacache.CurvesJsonProtocolHandler.loadFileFromCFG(CurvesJsonProtocolHandler.java:256)
	at com.dukascopy.charts.data.datacache.CurvesJsonProtocolHandler.loadAndDecompressFileFromCFG(CurvesJsonProtocolHandler.java:361)
	at com.dukascopy.charts.data.datacache.CurvesJsonProtocolHandler.loadChunkFileFromCFG(CurvesJsonProtocolHandler.java:495)
	at com.dukascopy.charts.data.datacache.CurvesDataLoader.lambda$loadDataFromCFG$2(CurvesDataLoader.java:1642)
	at java.util.concurrent.FutureTask.run(FutureTask.java:266)
	at com.dukascopy.charts.data.datacache.CurvesDataLoader.performLoad(CurvesDataLoader.java:2004)
	at com.dukascopy.charts.data.datacache.CurvesDataLoader.loadDataFromCFG(CurvesDataLoader.java:1637)
	at com.dukascopy.charts.data.datacache.CurvesDataLoader.loadChunkData(CurvesDataLoader.java:1562)
	at com.dukascopy.charts.data.datacache.CurvesDataLoader.loadSmallIntervals(CurvesDataLoader.java:654)
	at com.dukascopy.charts.data.datacache.CurvesDataLoader.loadInCache(CurvesDataLoader.java:258)
	at com.dukascopy.charts.data.datacache.CurvesDataLoader.loadInCache(CurvesDataLoader.java:161)
	at com.dukascopy.charts.data.datacache.LoadDataAction.lambda$run$0(LoadDataAction.java:323)
	at java.security.AccessController.doPrivileged(Native Method)
	at com.dukascopy.charts.data.datacache.LoadDataAction.run(LoadDataAction.java:338)
	at com.dukascopy.charts.data.datacache.FeedDataProvider.loadTicksDataSynched(FeedDataProvider.java:1419)
	at com.dukascopy.api.impl.HistoryData.getTicksSecured(HistoryData.java:98)
	at com.dukascopy.api.impl.History.lambda$getTicks$4(History.java:444)
	at com.dukascopy.api.impl.History.lambda$doPrivileged$116(History.java:3573)
	at java.security.AccessController.doPrivileged(Native Method)
	at com.dukascopy.api.impl.History.doPrivileged(History.java:3573)
	at com.dukascopy.api.impl.History.getTicks(History.java:442)
	at local.xm.JForexFinalCollector$CollectorStrategy.collectBlockingTicks(JForexFinalCollector.java:208)
	at local.xm.JForexFinalCollector$CollectorStrategy.collect(JForexFinalCollector.java:188)
	at local.xm.JForexFinalCollector$CollectorStrategy.access$100(JForexFinalCollector.java:143)
	at local.xm.JForexFinalCollector$CollectorStrategy$1.run(JForexFinalCollector.java:162)
	at java.lang.Thread.run(Thread.java:750)
Caused by: java.io.IOException: Server returned HTTP response code: 503 for URL: https://datafeed.66proxymity88.net/GBPUSD/2024/08/15/22h_ticks.bi5
	at sun.net.www.protocol.http.HttpURLConnection.getInputStream0(HttpURLConnection.java:1919)
	at sun.net.www.protocol.http.HttpURLConnection.getInputStream(HttpURLConnection.java:1517)
	at java.net.HttpURLConnection.getResponseCode(HttpURLConnection.java:480)
	at sun.net.www.protocol.https.HttpsURLConnectionImpl.getResponseCode(HttpsURLConnectionImpl.java:352)
	at com.dukascopy.charts.data.datacache.CurvesJsonProtocolHandler.readURL(CurvesJsonProtocolHandler.java:319)
	... 26 more
2026-09-08 22:49:54.291 WARN  CurvesJsonProtocolHandler - Server returned HTTP response code: 503 for URL: https://datafeed.66proxymity88.net/GBPUSD/2024/08/15/BID_candles_min_1.bi5
java.io.IOException: Server returned HTTP response code: 503 for URL: https://datafeed.66proxymity88.net/GBPUSD/2024/08/15/BID_candles_min_1.bi5
	at sun.reflect.GeneratedConstructorAccessor31.newInstance(Unknown Source)
	at sun.reflect.DelegatingConstructorAccessorImpl.newInstance(DelegatingConstructorAccessorImpl.java:45)
	at java.lang.reflect.Constructor.newInstance(Constructor.java:423)
	at sun.net.www.protocol.http.HttpURLConnection$10.run(HttpURLConnection.java:1969)
	at sun.net.www.protocol.http.HttpURLConnection$10.run(HttpURLConnection.java:1964)
	at java.security.AccessController.doPrivileged(Native Method)
	at sun.net.www.protocol.http.HttpURLConnection.getChainedException(HttpURLConnection.java:1963)
	at sun.net.www.protocol.http.HttpURLConnection.getInputStream0(HttpURLConnection.java:1533)
	at sun.net.www.protocol.http.HttpURLConnection.getInputStream(HttpURLConnection.java:1517)
	at sun.net.www.protocol.https.HttpsURLConnectionImpl.getInputStream(HttpsURLConnectionImpl.java:268)
	at com.dukascopy.charts.data.datacache.CurvesJsonProtocolHandler.readURL(CurvesJsonProtocolHandler.java:331)
	at com.dukascopy.charts.data.datacache.CurvesJsonProtocolHandler.loadFileFromCFG(CurvesJsonProtocolHandler.java:256)
	at com.dukascopy.charts.data.datacache.CurvesJsonProtocolHandler.loadAndDecompressFileFromCFG(CurvesJsonProtocolHandler.java:361)
	at com.dukascopy.charts.data.datacache.CurvesJsonProtocolHandler.loadChunkFileFromCFG(CurvesJsonProtocolHandler.java:495)
	at com.dukascopy.charts.data.datacache.CurvesDataLoader.lambda$loadDataFromCFG$2(CurvesDataLoader.java:1642)
	at java.util.concurrent.FutureTask.run(FutureTask.java:266)
	at com.dukascopy.charts.data.datacache.CurvesDataLoader.performLoad(CurvesDataLoader.java:2004)
	at com.dukascopy.charts.data.datacache.CurvesDataLoader.loadDataFromCFG(CurvesDataLoader.java:1637)
	at com.dukascopy.charts.data.datacache.CurvesDataLoader.loadChunkData(CurvesDataLoader.java:1562)
	at com.dukascopy.charts.data.datacache.CurvesDataLoader.loadSmallIntervals(CurvesDataLoader.java:654)
	at com.dukascopy.charts.data.datacache.CurvesDataLoader.loadInCache(CurvesDataLoader.java:258)
	at com.dukascopy.charts.data.datacache.CurvesDataLoader.loadInCache(CurvesDataLoader.java:161)
	at com.dukascopy.charts.data.datacache.LoadDataAction.lambda$run$0(LoadDataAction.java:323)
	at java.security.AccessController.doPrivileged(Native Method)
	at com.dukascopy.charts.data.datacache.LoadDataAction.run(LoadDataAction.java:338)
	at com.dukascopy.charts.data.datacache.FeedDataProvider.loadCandlesDataSynched(FeedDataProvider.java:962)
	at com.dukascopy.charts.data.datacache.FeedDataProvider.loadCandlesFromToSynched(FeedDataProvider.java:2820)
	at com.dukascopy.api.impl.HistoryData.getBarsSecured(HistoryData.java:206)
	at com.dukascopy.api.impl.History.lambda$getBars$54(History.java:1667)
	at com.dukascopy.api.impl.History.lambda$doPrivileged$116(History.java:3573)
	at java.security.AccessController.doPrivileged(Native Method)
	at com.dukascopy.api.impl.History.doPrivileged(History.java:3573)
	at com.dukascopy.api.impl.History.getBars(History.java:1665)
	at local.xm.JForexFinalCollector$CollectorStrategy.collectBars(JForexFinalCollector.java:284)
	at local.xm.JForexFinalCollector$CollectorStrategy.collect(JForexFinalCollector.java:190)
	at local.xm.JForexFinalCollector$CollectorStrategy.access$100(JForexFinalCollector.java:143)
	at local.xm.JForexFinalCollector$CollectorStrategy$1.run(JForexFinalCollector.java:162)
	at java.lang.Thread.run(Thread.java:750)
Caused by: java.io.IOException: Server returned HTTP response code: 503 for URL: https://datafeed.66proxymity88.net/GBPUSD/2024/08/15/BID_candles_min_1.bi5
	at sun.net.www.protocol.http.HttpURLConnection.getInputStream0(HttpURLConnection.java:1919)
	at sun.net.www.protocol.http.HttpURLConnection.getInputStream(HttpURLConnection.java:1517)
	at java.net.HttpURLConnection.getResponseCode(HttpURLConnection.java:480)
	at sun.net.www.protocol.https.HttpsURLConnectionImpl.getResponseCode(HttpsURLConnectionImpl.java:352)
	at com.dukascopy.charts.data.datacache.CurvesJsonProtocolHandler.readURL(CurvesJsonProtocolHandler.java:319)
	... 27 more
2026-09-08 22:49:54.292 ERROR HistoryData - No bars loaded for GBP/USD, 1 Min, Bid, NO_FILTER, 2024-09-15 21:00:00:000 - 2024-09-15 21:59:00:000
current bar 2026-09-08 14:49:00:000
2026-09-08 22:55:53.598 WARN  CurvesJsonProtocolHandler - Server returned HTTP response code: 503 for URL: https://datafeed.66proxymity88.net/GBPUSD/2024/11/01/05h_ticks.bi5
java.io.IOException: Server returned HTTP response code: 503 for URL: https://datafeed.66proxymity88.net/GBPUSD/2024/11/01/05h_ticks.bi5
	at sun.reflect.GeneratedConstructorAccessor31.newInstance(Unknown Source)
	at sun.reflect.DelegatingConstructorAccessorImpl.newInstance(DelegatingConstructorAccessorImpl.java:45)
	at java.lang.reflect.Constructor.newInstance(Constructor.java:423)
	at sun.net.www.protocol.http.HttpURLConnection$10.run(HttpURLConnection.java:1969)
	at sun.net.www.protocol.http.HttpURLConnection$10.run(HttpURLConnection.java:1964)
	at java.security.AccessController.doPrivileged(Native Method)
	at sun.net.www.protocol.http.HttpURLConnection.getChainedException(HttpURLConnection.java:1963)
	at sun.net.www.protocol.http.HttpURLConnection.getInputStream0(HttpURLConnection.java:1533)
	at sun.net.www.protocol.http.HttpURLConnection.getInputStream(HttpURLConnection.java:1517)
	at sun.net.www.protocol.https.HttpsURLConnectionImpl.getInputStream(HttpsURLConnectionImpl.java:268)
	at com.dukascopy.charts.data.datacache.CurvesJsonProtocolHandler.readURL(CurvesJsonProtocolHandler.java:331)
	at com.dukascopy.charts.data.datacache.CurvesJsonProtocolHandler.loadFileFromCFG(CurvesJsonProtocolHandler.java:256)
	at com.dukascopy.charts.data.datacache.CurvesJsonProtocolHandler.loadAndDecompressFileFromCFG(CurvesJsonProtocolHandler.java:361)
	at com.dukascopy.charts.data.datacache.CurvesJsonProtocolHandler.loadChunkFileFromCFG(CurvesJsonProtocolHandler.java:495)
	at com.dukascopy.charts.data.datacache.CurvesDataLoader.lambda$loadDataFromCFG$2(CurvesDataLoader.java:1642)
	at java.util.concurrent.FutureTask.run(FutureTask.java:266)
	at com.dukascopy.charts.data.datacache.CurvesDataLoader.performLoad(CurvesDataLoader.java:2004)
	at com.dukascopy.charts.data.datacache.CurvesDataLoader.loadDataFromCFG(CurvesDataLoader.java:1637)
	at com.dukascopy.charts.data.datacache.CurvesDataLoader.loadChunkData(CurvesDataLoader.java:1562)
	at com.dukascopy.charts.data.datacache.CurvesDataLoader.loadSmallIntervals(CurvesDataLoader.java:654)
	at com.dukascopy.charts.data.datacache.CurvesDataLoader.loadInCache(CurvesDataLoader.java:258)
	at com.dukascopy.charts.data.datacache.CurvesDataLoader.loadInCache(CurvesDataLoader.java:161)
	at com.dukascopy.charts.data.datacache.LoadDataAction.lambda$run$0(LoadDataAction.java:323)
	at java.security.AccessController.doPrivileged(Native Method)
	at com.dukascopy.charts.data.datacache.LoadDataAction.run(LoadDataAction.java:338)
	at com.dukascopy.charts.data.datacache.FeedDataProvider.loadTicksDataSynched(FeedDataProvider.java:1419)
	at com.dukascopy.api.impl.HistoryData.getTicksSecured(HistoryData.java:98)
	at com.dukascopy.api.impl.History.lambda$getTicks$4(History.java:444)
	at com.dukascopy.api.impl.History.lambda$doPrivileged$116(History.java:3573)
	at java.security.AccessController.doPrivileged(Native Method)
	at com.dukascopy.api.impl.History.doPrivileged(History.java:3573)
	at com.dukascopy.api.impl.History.getTicks(History.java:442)
	at local.xm.JForexFinalCollector$CollectorStrategy.collectBlockingTicks(JForexFinalCollector.java:208)
	at local.xm.JForexFinalCollector$CollectorStrategy.collect(JForexFinalCollector.java:188)
	at local.xm.JForexFinalCollector$CollectorStrategy.access$100(JForexFinalCollector.java:143)
	at local.xm.JForexFinalCollector$CollectorStrategy$1.run(JForexFinalCollector.java:162)
	at java.lang.Thread.run(Thread.java:750)
Caused by: java.io.IOException: Server returned HTTP response code: 503 for URL: https://datafeed.66proxymity88.net/GBPUSD/2024/11/01/05h_ticks.bi5
	at sun.net.www.protocol.http.HttpURLConnection.getInputStream0(HttpURLConnection.java:1919)
	at sun.net.www.protocol.http.HttpURLConnection.getInputStream(HttpURLConnection.java:1517)
	at java.net.HttpURLConnection.getResponseCode(HttpURLConnection.java:480)
	at sun.net.www.protocol.https.HttpsURLConnectionImpl.getResponseCode(HttpsURLConnectionImpl.java:352)
	at com.dukascopy.charts.data.datacache.CurvesJsonProtocolHandler.readURL(CurvesJsonProtocolHandler.java:319)
	... 26 more
JFOREX_PROGRESS=675/784
2026-09-08 22:58:14.220 WARN  CurvesJsonProtocolHandler - Connection timed out: connect
java.net.ConnectException: Connection timed out: connect
	at java.net.DualStackPlainSocketImpl.waitForConnect(Native Method)
	at java.net.DualStackPlainSocketImpl.socketConnect(DualStackPlainSocketImpl.java:85)
	at java.net.AbstractPlainSocketImpl.doConnect(AbstractPlainSocketImpl.java:350)
	at java.net.AbstractPlainSocketImpl.connectToAddress(AbstractPlainSocketImpl.java:206)
	at java.net.AbstractPlainSocketImpl.connect(AbstractPlainSocketImpl.java:188)
	at java.net.PlainSocketImpl.connect(PlainSocketImpl.java:172)
	at java.net.SocksSocketImpl.connect(SocksSocketImpl.java:392)
	at java.net.Socket.connect(Socket.java:607)
	at sun.security.ssl.SSLSocketImpl.connect(SSLSocketImpl.java:293)
	at sun.net.NetworkClient.doConnect(NetworkClient.java:175)
	at sun.net.www.http.HttpClient.openServer(HttpClient.java:465)
	at sun.net.www.http.HttpClient.openServer(HttpClient.java:560)
	at sun.net.www.protocol.https.HttpsClient.<init>(HttpsClient.java:264)
	at sun.net.www.protocol.https.HttpsClient.New(HttpsClient.java:367)
	at sun.net.www.protocol.https.HttpsClient.New(HttpsClient.java:307)
	at sun.net.www.protocol.https.AbstractDelegateHttpsURLConnection.setNewClient(AbstractDelegateHttpsURLConnection.java:97)
	at sun.net.www.protocol.https.AbstractDelegateHttpsURLConnection.setNewClient(AbstractDelegateHttpsURLConnection.java:80)
	at sun.net.www.protocol.http.HttpURLConnection.writeRequests(HttpURLConnection.java:723)
	at sun.net.www.protocol.http.HttpURLConnection.getInputStream0(HttpURLConnection.java:1610)
	at sun.net.www.protocol.http.HttpURLConnection.getInputStream(HttpURLConnection.java:1517)
	at java.net.HttpURLConnection.getResponseCode(HttpURLConnection.java:480)
	at sun.net.www.protocol.https.HttpsURLConnectionImpl.getResponseCode(HttpsURLConnectionImpl.java:352)
	at com.dukascopy.charts.data.datacache.CurvesJsonProtocolHandler.readURL(CurvesJsonProtocolHandler.java:319)
	at com.dukascopy.charts.data.datacache.CurvesJsonProtocolHandler.loadFileFromCFG(CurvesJsonProtocolHandler.java:256)
	at com.dukascopy.charts.data.datacache.CurvesJsonProtocolHandler.loadAndDecompressFileFromCFG(CurvesJsonProtocolHandler.java:361)
	at com.dukascopy.charts.data.datacache.CurvesJsonProtocolHandler.loadChunkFileFromCFG(CurvesJsonProtocolHandler.java:495)
	at com.dukascopy.charts.data.datacache.CurvesDataLoader.lambda$loadDataFromCFG$2(CurvesDataLoader.java:1642)
	at java.util.concurrent.FutureTask.run(FutureTask.java:266)
	at com.dukascopy.charts.data.datacache.CurvesDataLoader.performLoad(CurvesDataLoader.java:2004)
	at com.dukascopy.charts.data.datacache.CurvesDataLoader.loadDataFromCFG(CurvesDataLoader.java:1637)
	at com.dukascopy.charts.data.datacache.CurvesDataLoader.loadChunkData(CurvesDataLoader.java:1562)
	at com.dukascopy.charts.data.datacache.CurvesDataLoader.loadSmallIntervals(CurvesDataLoader.java:654)
	at com.dukascopy.charts.data.datacache.CurvesDataLoader.loadInCache(CurvesDataLoader.java:258)
	at com.dukascopy.charts.data.datacache.CurvesDataLoader.loadInCache(CurvesDataLoader.java:161)
	at com.dukascopy.charts.data.datacache.LoadDataAction.lambda$run$0(LoadDataAction.java:323)
	at java.security.AccessController.doPrivileged(Native Method)
	at com.dukascopy.charts.data.datacache.LoadDataAction.run(LoadDataAction.java:338)
	at com.dukascopy.charts.data.datacache.FeedDataProvider.loadTicksDataSynched(FeedDataProvider.java:1419)
	at com.dukascopy.api.impl.HistoryData.getTicksSecured(HistoryData.java:98)
	at com.dukascopy.api.impl.History.lambda$getTicks$4(History.java:444)
	at com.dukascopy.api.impl.History.lambda$doPrivileged$116(History.java:3573)
	at java.security.AccessController.doPrivileged(Native Method)
	at com.dukascopy.api.impl.History.doPrivileged(History.java:3573)
	at com.dukascopy.api.impl.History.getTicks(History.java:442)
	at local.xm.JForexFinalCollector$CollectorStrategy.collectBlockingTicks(JForexFinalCollector.java:208)
	at local.xm.JForexFinalCollector$CollectorStrategy.collect(JForexFinalCollector.java:188)
	at local.xm.JForexFinalCollector$CollectorStrategy.access$100(JForexFinalCollector.java:143)
	at local.xm.JForexFinalCollector$CollectorStrategy$1.run(JForexFinalCollector.java:162)
	at java.lang.Thread.run(Thread.java:750)
2026-09-08 22:58:35.271 WARN  CurvesJsonProtocolHandler - Connection timed out: connect
java.net.ConnectException: Connection timed out: connect
	at java.net.DualStackPlainSocketImpl.waitForConnect(Native Method)
	at java.net.DualStackPlainSocketImpl.socketConnect(DualStackPlainSocketImpl.java:85)
	at java.net.AbstractPlainSocketImpl.doConnect(AbstractPlainSocketImpl.java:350)
	at java.net.AbstractPlainSocketImpl.connectToAddress(AbstractPlainSocketImpl.java:206)
	at java.net.AbstractPlainSocketImpl.connect(AbstractPlainSocketImpl.java:188)
	at java.net.PlainSocketImpl.connect(PlainSocketImpl.java:172)
	at java.net.SocksSocketImpl.connect(SocksSocketImpl.java:392)
	at java.net.Socket.connect(Socket.java:607)
	at sun.security.ssl.SSLSocketImpl.connect(SSLSocketImpl.java:293)
	at sun.net.NetworkClient.doConnect(NetworkClient.java:175)
	at sun.net.www.http.HttpClient.openServer(HttpClient.java:465)
	at sun.net.www.http.HttpClient.openServer(HttpClient.java:560)
	at sun.net.www.protocol.https.HttpsClient.<init>(HttpsClient.java:264)
	at sun.net.www.protocol.https.HttpsClient.New(HttpsClient.java:367)
	at sun.net.www.protocol.https.AbstractDelegateHttpsURLConnection.getNewHttpClient(AbstractDelegateHttpsURLConnection.java:203)
	at sun.net.www.protocol.http.HttpURLConnection.plainConnect0(HttpURLConnection.java:1179)
	at sun.net.www.protocol.http.HttpURLConnection.plainConnect(HttpURLConnection.java:1073)
	at sun.net.www.protocol.https.AbstractDelegateHttpsURLConnection.connect(AbstractDelegateHttpsURLConnection.java:189)
	at sun.net.www.protocol.http.HttpURLConnection.getInputStream0(HttpURLConnection.java:1589)
	at sun.net.www.protocol.http.HttpURLConnection.getInputStream(HttpURLConnection.java:1517)
	at java.net.HttpURLConnection.getResponseCode(HttpURLConnection.java:480)
	at sun.net.www.protocol.https.HttpsURLConnectionImpl.getResponseCode(HttpsURLConnectionImpl.java:352)
	at com.dukascopy.charts.data.datacache.CurvesJsonProtocolHandler.readURL(CurvesJsonProtocolHandler.java:319)
	at com.dukascopy.charts.data.datacache.CurvesJsonProtocolHandler.loadFileFromCFG(CurvesJsonProtocolHandler.java:256)
	at com.dukascopy.charts.data.datacache.CurvesJsonProtocolHandler.loadAndDecompressFileFromCFG(CurvesJsonProtocolHandler.java:361)
	at com.dukascopy.charts.data.datacache.CurvesJsonProtocolHandler.loadChunkFileFromCFG(CurvesJsonProtocolHandler.java:495)
	at com.dukascopy.charts.data.datacache.CurvesDataLoader.lambda$loadDataFromCFG$2(CurvesDataLoader.java:1642)
	at java.util.concurrent.FutureTask.run(FutureTask.java:266)
	at com.dukascopy.charts.data.datacache.CurvesDataLoader.performLoad(CurvesDataLoader.java:2004)
	at com.dukascopy.charts.data.datacache.CurvesDataLoader.loadDataFromCFG(CurvesDataLoader.java:1637)
	at com.dukascopy.charts.data.datacache.CurvesDataLoader.loadChunkData(CurvesDataLoader.java:1562)
	at com.dukascopy.charts.data.datacache.CurvesDataLoader.loadSmallIntervals(CurvesDataLoader.java:654)
	at com.dukascopy.charts.data.datacache.CurvesDataLoader.loadInCache(CurvesDataLoader.java:258)
	at com.dukascopy.charts.data.datacache.CurvesDataLoader.loadInCache(CurvesDataLoader.java:161)
	at com.dukascopy.charts.data.datacache.LoadDataAction.lambda$run$0(LoadDataAction.java:323)
	at java.security.AccessController.doPrivileged(Native Method)
	at com.dukascopy.charts.data.datacache.LoadDataAction.run(LoadDataAction.java:338)
	at com.dukascopy.charts.data.datacache.FeedDataProvider.loadTicksDataSynched(FeedDataProvider.java:1419)
	at com.dukascopy.api.impl.HistoryData.getTicksSecured(HistoryData.java:98)
	at com.dukascopy.api.impl.History.lambda$getTicks$4(History.java:444)
	at com.dukascopy.api.impl.History.lambda$doPrivileged$116(History.java:3573)
	at java.security.AccessController.doPrivileged(Native Method)
	at com.dukascopy.api.impl.History.doPrivileged(History.java:3573)
	at com.dukascopy.api.impl.History.getTicks(History.java:442)
	at local.xm.JForexFinalCollector$CollectorStrategy.collectBlockingTicks(JForexFinalCollector.java:208)
	at local.xm.JForexFinalCollector$CollectorStrategy.collect(JForexFinalCollector.java:188)
	at local.xm.JForexFinalCollector$CollectorStrategy.access$100(JForexFinalCollector.java:143)
	at local.xm.JForexFinalCollector$CollectorStrategy$1.run(JForexFinalCollector.java:162)
	at java.lang.Thread.run(Thread.java:750)
2026-09-08 22:58:52.117 DEBUG DCClientImpl - Unrecognized protocol message : class com.dukascopy.dds4.transport.msg.system.SystemTimeResponseMessage / <SystemTimeResponseMessage(requestTime=1788879532084,time=1788879532058,transportLagInterval=0,synchRequestId=405,timestamp=1788879532058)>
JFOREX_PROGRESS=700/784
2026-09-08 22:59:57.053 WARN  CurvesJsonProtocolHandler - Connection reset
javax.net.ssl.SSLException: Connection reset
	at sun.security.ssl.Alert.createSSLException(Alert.java:127)
	at sun.security.ssl.TransportContext.fatal(TransportContext.java:331)
	at sun.security.ssl.TransportContext.fatal(TransportContext.java:274)
	at sun.security.ssl.TransportContext.fatal(TransportContext.java:269)
	at sun.security.ssl.SSLTransport.decode(SSLTransport.java:138)
	at sun.security.ssl.SSLSocketImpl.decode(SSLSocketImpl.java:1401)
	at sun.security.ssl.SSLSocketImpl.readHandshakeRecord(SSLSocketImpl.java:1309)
	at sun.security.ssl.SSLSocketImpl.startHandshake(SSLSocketImpl.java:440)
	at sun.net.www.protocol.https.HttpsClient.afterConnect(HttpsClient.java:567)
	at sun.net.www.protocol.https.AbstractDelegateHttpsURLConnection.connect(AbstractDelegateHttpsURLConnection.java:197)
	at sun.net.www.protocol.http.HttpURLConnection.getInputStream0(HttpURLConnection.java:1589)
	at sun.net.www.protocol.http.HttpURLConnection.getInputStream(HttpURLConnection.java:1517)
	at java.net.HttpURLConnection.getResponseCode(HttpURLConnection.java:480)
	at sun.net.www.protocol.https.HttpsURLConnectionImpl.getResponseCode(HttpsURLConnectionImpl.java:352)
	at com.dukascopy.charts.data.datacache.CurvesJsonProtocolHandler.readURL(CurvesJsonProtocolHandler.java:319)
	at com.dukascopy.charts.data.datacache.CurvesJsonProtocolHandler.loadFileFromCFG(CurvesJsonProtocolHandler.java:256)
	at com.dukascopy.charts.data.datacache.CurvesJsonProtocolHandler.loadAndDecompressFileFromCFG(CurvesJsonProtocolHandler.java:361)
	at com.dukascopy.charts.data.datacache.CurvesJsonProtocolHandler.loadChunkFileFromCFG(CurvesJsonProtocolHandler.java:495)
	at com.dukascopy.charts.data.datacache.CurvesDataLoader.lambda$loadDataFromCFG$2(CurvesDataLoader.java:1642)
	at java.util.concurrent.FutureTask.run(FutureTask.java:266)
	at com.dukascopy.charts.data.datacache.CurvesDataLoader.performLoad(CurvesDataLoader.java:2004)
	at com.dukascopy.charts.data.datacache.CurvesDataLoader.loadDataFromCFG(CurvesDataLoader.java:1637)
	at com.dukascopy.charts.data.datacache.CurvesDataLoader.loadChunkData(CurvesDataLoader.java:1562)
	at com.dukascopy.charts.data.datacache.CurvesDataLoader.loadSmallIntervals(CurvesDataLoader.java:654)
	at com.dukascopy.charts.data.datacache.CurvesDataLoader.loadInCache(CurvesDataLoader.java:258)
	at com.dukascopy.charts.data.datacache.CurvesDataLoader.loadInCache(CurvesDataLoader.java:161)
	at com.dukascopy.charts.data.datacache.LoadDataAction.lambda$run$0(LoadDataAction.java:323)
	at java.security.AccessController.doPrivileged(Native Method)
	at com.dukascopy.charts.data.datacache.LoadDataAction.run(LoadDataAction.java:338)
	at com.dukascopy.charts.data.datacache.FeedDataProvider.loadTicksDataSynched(FeedDataProvider.java:1419)
	at com.dukascopy.api.impl.HistoryData.getTicksSecured(HistoryData.java:98)
	at com.dukascopy.api.impl.History.lambda$getTicks$4(History.java:444)
	at com.dukascopy.api.impl.History.lambda$doPrivileged$116(History.java:3573)
	at java.security.AccessController.doPrivileged(Native Method)
	at com.dukascopy.api.impl.History.doPrivileged(History.java:3573)
	at com.dukascopy.api.impl.History.getTicks(History.java:442)
	at local.xm.JForexFinalCollector$CollectorStrategy.collectBlockingTicks(JForexFinalCollector.java:208)
	at local.xm.JForexFinalCollector$CollectorStrategy.collect(JForexFinalCollector.java:188)
	at local.xm.JForexFinalCollector$CollectorStrategy.access$100(JForexFinalCollector.java:143)
	at local.xm.JForexFinalCollector$CollectorStrategy$1.run(JForexFinalCollector.java:162)
	at java.lang.Thread.run(Thread.java:750)
	Suppressed: java.net.SocketException: Connection reset by peer: socket write error
		at java.net.SocketOutputStream.socketWrite0(Native Method)
		at java.net.SocketOutputStream.socketWrite(SocketOutputStream.java:111)
		at java.net.SocketOutputStream.write(SocketOutputStream.java:155)
		at sun.security.ssl.SSLSocketOutputRecord.encodeAlert(SSLSocketOutputRecord.java:81)
		at sun.security.ssl.TransportContext.fatal(TransportContext.java:362)
		... 39 more
Caused by: java.net.SocketException: Connection reset
	at java.net.SocketInputStream.read(SocketInputStream.java:210)
	at java.net.SocketInputStream.read(SocketInputStream.java:141)
	at sun.security.ssl.SSLSocketInputRecord.read(SSLSocketInputRecord.java:464)
	at sun.security.ssl.SSLSocketInputRecord.decode(SSLSocketInputRecord.java:165)
	at sun.security.ssl.SSLTransport.decode(SSLTransport.java:109)
	... 36 more
2026-09-08 23:00:18.105 WARN  CurvesJsonProtocolHandler - Connection timed out: connect
java.net.ConnectException: Connection timed out: connect
	at java.net.DualStackPlainSocketImpl.waitForConnect(Native Method)
	at java.net.DualStackPlainSocketImpl.socketConnect(DualStackPlainSocketImpl.java:85)
	at java.net.AbstractPlainSocketImpl.doConnect(AbstractPlainSocketImpl.java:350)
	at java.net.AbstractPlainSocketImpl.connectToAddress(AbstractPlainSocketImpl.java:206)
	at java.net.AbstractPlainSocketImpl.connect(AbstractPlainSocketImpl.java:188)
	at java.net.PlainSocketImpl.connect(PlainSocketImpl.java:172)
	at java.net.SocksSocketImpl.connect(SocksSocketImpl.java:392)
	at java.net.Socket.connect(Socket.java:607)
	at sun.security.ssl.SSLSocketImpl.connect(SSLSocketImpl.java:293)
	at sun.net.NetworkClient.doConnect(NetworkClient.java:175)
	at sun.net.www.http.HttpClient.openServer(HttpClient.java:465)
	at sun.net.www.http.HttpClient.openServer(HttpClient.java:560)
	at sun.net.www.protocol.https.HttpsClient.<init>(HttpsClient.java:264)
	at sun.net.www.protocol.https.HttpsClient.New(HttpsClient.java:367)
	at sun.net.www.protocol.https.AbstractDelegateHttpsURLConnection.getNewHttpClient(AbstractDelegateHttpsURLConnection.java:203)
	at sun.net.www.protocol.http.HttpURLConnection.plainConnect0(HttpURLConnection.java:1179)
	at sun.net.www.protocol.http.HttpURLConnection.plainConnect(HttpURLConnection.java:1073)
	at sun.net.www.protocol.https.AbstractDelegateHttpsURLConnection.connect(AbstractDelegateHttpsURLConnection.java:189)
	at sun.net.www.protocol.http.HttpURLConnection.getInputStream0(HttpURLConnection.java:1589)
	at sun.net.www.protocol.http.HttpURLConnection.getInputStream(HttpURLConnection.java:1517)
	at java.net.HttpURLConnection.getResponseCode(HttpURLConnection.java:480)
	at sun.net.www.protocol.https.HttpsURLConnectionImpl.getResponseCode(HttpsURLConnectionImpl.java:352)
	at com.dukascopy.charts.data.datacache.CurvesJsonProtocolHandler.readURL(CurvesJsonProtocolHandler.java:319)
	at com.dukascopy.charts.data.datacache.CurvesJsonProtocolHandler.loadFileFromCFG(CurvesJsonProtocolHandler.java:256)
	at com.dukascopy.charts.data.datacache.CurvesJsonProtocolHandler.loadAndDecompressFileFromCFG(CurvesJsonProtocolHandler.java:361)
	at com.dukascopy.charts.data.datacache.CurvesJsonProtocolHandler.loadChunkFileFromCFG(CurvesJsonProtocolHandler.java:495)
	at com.dukascopy.charts.data.datacache.CurvesDataLoader.lambda$loadDataFromCFG$2(CurvesDataLoader.java:1642)
	at java.util.concurrent.FutureTask.run(FutureTask.java:266)
	at com.dukascopy.charts.data.datacache.CurvesDataLoader.performLoad(CurvesDataLoader.java:2004)
	at com.dukascopy.charts.data.datacache.CurvesDataLoader.loadDataFromCFG(CurvesDataLoader.java:1637)
	at com.dukascopy.charts.data.datacache.CurvesDataLoader.loadChunkData(CurvesDataLoader.java:1562)
	at com.dukascopy.charts.data.datacache.CurvesDataLoader.loadSmallIntervals(CurvesDataLoader.java:654)
	at com.dukascopy.charts.data.datacache.CurvesDataLoader.loadInCache(CurvesDataLoader.java:258)
	at com.dukascopy.charts.data.datacache.CurvesDataLoader.loadInCache(CurvesDataLoader.java:161)
	at com.dukascopy.charts.data.datacache.LoadDataAction.lambda$run$0(LoadDataAction.java:323)
	at java.security.AccessController.doPrivileged(Native Method)
	at com.dukascopy.charts.data.datacache.LoadDataAction.run(LoadDataAction.java:338)
	at com.dukascopy.charts.data.datacache.FeedDataProvider.loadCandlesDataSynched(FeedDataProvider.java:962)
	at com.dukascopy.charts.data.datacache.FeedDataProvider.loadCandlesFromToSynched(FeedDataProvider.java:2820)
	at com.dukascopy.api.impl.HistoryData.getBarsSecured(HistoryData.java:206)
	at com.dukascopy.api.impl.History.lambda$getBars$54(History.java:1667)
	at com.dukascopy.api.impl.History.lambda$doPrivileged$116(History.java:3573)
	at java.security.AccessController.doPrivileged(Native Method)
	at com.dukascopy.api.impl.History.doPrivileged(History.java:3573)
	at com.dukascopy.api.impl.History.getBars(History.java:1665)
	at local.xm.JForexFinalCollector$CollectorStrategy.collectBars(JForexFinalCollector.java:284)
	at local.xm.JForexFinalCollector$CollectorStrategy.collect(JForexFinalCollector.java:190)
	at local.xm.JForexFinalCollector$CollectorStrategy.access$100(JForexFinalCollector.java:143)
	at local.xm.JForexFinalCollector$CollectorStrategy$1.run(JForexFinalCollector.java:162)
	at java.lang.Thread.run(Thread.java:750)
2026-09-08 23:00:18.106 ERROR HistoryData - No bars loaded for USD/JPY, 1 Min, Bid, NO_FILTER, 2023-08-12 16:00:00:000 - 2023-08-12 16:59:00:000
current bar 2026-09-08 14:59:00:000
2026-09-08 23:00:39.156 WARN  CurvesJsonProtocolHandler - Connection timed out: connect
java.net.ConnectException: Connection timed out: connect
	at java.net.DualStackPlainSocketImpl.waitForConnect(Native Method)
	at java.net.DualStackPlainSocketImpl.socketConnect(DualStackPlainSocketImpl.java:85)
	at java.net.AbstractPlainSocketImpl.doConnect(AbstractPlainSocketImpl.java:350)
	at java.net.AbstractPlainSocketImpl.connectToAddress(AbstractPlainSocketImpl.java:206)
	at java.net.AbstractPlainSocketImpl.connect(AbstractPlainSocketImpl.java:188)
	at java.net.PlainSocketImpl.connect(PlainSocketImpl.java:172)
	at java.net.SocksSocketImpl.connect(SocksSocketImpl.java:392)
	at java.net.Socket.connect(Socket.java:607)
	at sun.security.ssl.SSLSocketImpl.connect(SSLSocketImpl.java:293)
	at sun.net.NetworkClient.doConnect(NetworkClient.java:175)
	at sun.net.www.http.HttpClient.openServer(HttpClient.java:465)
	at sun.net.www.http.HttpClient.openServer(HttpClient.java:560)
	at sun.net.www.protocol.https.HttpsClient.<init>(HttpsClient.java:264)
	at sun.net.www.protocol.https.HttpsClient.New(HttpsClient.java:367)
	at sun.net.www.protocol.https.AbstractDelegateHttpsURLConnection.getNewHttpClient(AbstractDelegateHttpsURLConnection.java:203)
	at sun.net.www.protocol.http.HttpURLConnection.plainConnect0(HttpURLConnection.java:1179)
	at sun.net.www.protocol.http.HttpURLConnection.plainConnect(HttpURLConnection.java:1073)
	at sun.net.www.protocol.https.AbstractDelegateHttpsURLConnection.connect(AbstractDelegateHttpsURLConnection.java:189)
	at sun.net.www.protocol.http.HttpURLConnection.getInputStream0(HttpURLConnection.java:1589)
	at sun.net.www.protocol.http.HttpURLConnection.getInputStream(HttpURLConnection.java:1517)
	at java.net.HttpURLConnection.getResponseCode(HttpURLConnection.java:480)
	at sun.net.www.protocol.https.HttpsURLConnectionImpl.getResponseCode(HttpsURLConnectionImpl.java:352)
	at com.dukascopy.charts.data.datacache.CurvesJsonProtocolHandler.readURL(CurvesJsonProtocolHandler.java:319)
	at com.dukascopy.charts.data.datacache.CurvesJsonProtocolHandler.loadFileFromCFG(CurvesJsonProtocolHandler.java:256)
	at com.dukascopy.charts.data.datacache.CurvesJsonProtocolHandler.loadAndDecompressFileFromCFG(CurvesJsonProtocolHandler.java:361)
	at com.dukascopy.charts.data.datacache.CurvesJsonProtocolHandler.loadChunkFileFromCFG(CurvesJsonProtocolHandler.java:495)
	at com.dukascopy.charts.data.datacache.CurvesDataLoader.lambda$loadDataFromCFG$2(CurvesDataLoader.java:1642)
	at java.util.concurrent.FutureTask.run(FutureTask.java:266)
	at com.dukascopy.charts.data.datacache.CurvesDataLoader.performLoad(CurvesDataLoader.java:2004)
	at com.dukascopy.charts.data.datacache.CurvesDataLoader.loadDataFromCFG(CurvesDataLoader.java:1637)
	at com.dukascopy.charts.data.datacache.CurvesDataLoader.loadChunkData(CurvesDataLoader.java:1562)
	at com.dukascopy.charts.data.datacache.CurvesDataLoader.loadSmallIntervals(CurvesDataLoader.java:654)
	at com.dukascopy.charts.data.datacache.CurvesDataLoader.loadInCache(CurvesDataLoader.java:258)
	at com.dukascopy.charts.data.datacache.CurvesDataLoader.loadInCache(CurvesDataLoader.java:161)
	at com.dukascopy.charts.data.datacache.LoadDataAction.lambda$run$0(LoadDataAction.java:323)
	at java.security.AccessController.doPrivileged(Native Method)
	at com.dukascopy.charts.data.datacache.LoadDataAction.run(LoadDataAction.java:338)
	at com.dukascopy.charts.data.datacache.FeedDataProvider.loadTicksDataSynched(FeedDataProvider.java:1419)
	at com.dukascopy.api.impl.HistoryData.getTicksSecured(HistoryData.java:98)
	at com.dukascopy.api.impl.History.lambda$getTicks$4(History.java:444)
	at com.dukascopy.api.impl.History.lambda$doPrivileged$116(History.java:3573)
	at java.security.AccessController.doPrivileged(Native Method)
	at com.dukascopy.api.impl.History.doPrivileged(History.java:3573)
	at com.dukascopy.api.impl.History.getTicks(History.java:442)
	at local.xm.JForexFinalCollector$CollectorStrategy.collectBlockingTicks(JForexFinalCollector.java:208)
	at local.xm.JForexFinalCollector$CollectorStrategy.collect(JForexFinalCollector.java:188)
	at local.xm.JForexFinalCollector$CollectorStrategy.access$100(JForexFinalCollector.java:143)
	at local.xm.JForexFinalCollector$CollectorStrategy$1.run(JForexFinalCollector.java:162)
	at java.lang.Thread.run(Thread.java:750)
2026-09-08 23:00:39.159 ERROR HistoryData - No bars loaded for USD/JPY, 1 Min, Bid, NO_FILTER, 2023-08-12 17:00:00:000 - 2023-08-12 17:59:00:000
current bar 2026-09-08 15:00:00:000
2026-09-08 23:01:00.225 WARN  CurvesJsonProtocolHandler - Connection timed out: connect
java.net.ConnectException: Connection timed out: connect
	at java.net.DualStackPlainSocketImpl.waitForConnect(Native Method)
	at java.net.DualStackPlainSocketImpl.socketConnect(DualStackPlainSocketImpl.java:85)
	at java.net.AbstractPlainSocketImpl.doConnect(AbstractPlainSocketImpl.java:350)
	at java.net.AbstractPlainSocketImpl.connectToAddress(AbstractPlainSocketImpl.java:206)
	at java.net.AbstractPlainSocketImpl.connect(AbstractPlainSocketImpl.java:188)
	at java.net.PlainSocketImpl.connect(PlainSocketImpl.java:172)
	at java.net.SocksSocketImpl.connect(SocksSocketImpl.java:392)
	at java.net.Socket.connect(Socket.java:607)
	at sun.security.ssl.SSLSocketImpl.connect(SSLSocketImpl.java:293)
	at sun.net.NetworkClient.doConnect(NetworkClient.java:175)
	at sun.net.www.http.HttpClient.openServer(HttpClient.java:465)
	at sun.net.www.http.HttpClient.openServer(HttpClient.java:560)
	at sun.net.www.protocol.https.HttpsClient.<init>(HttpsClient.java:264)
	at sun.net.www.protocol.https.HttpsClient.New(HttpsClient.java:367)
	at sun.net.www.protocol.https.AbstractDelegateHttpsURLConnection.getNewHttpClient(AbstractDelegateHttpsURLConnection.java:203)
	at sun.net.www.protocol.http.HttpURLConnection.plainConnect0(HttpURLConnection.java:1179)
	at sun.net.www.protocol.http.HttpURLConnection.plainConnect(HttpURLConnection.java:1073)
	at sun.net.www.protocol.https.AbstractDelegateHttpsURLConnection.connect(AbstractDelegateHttpsURLConnection.java:189)
	at sun.net.www.protocol.http.HttpURLConnection.getInputStream0(HttpURLConnection.java:1589)
	at sun.net.www.protocol.http.HttpURLConnection.getInputStream(HttpURLConnection.java:1517)
	at java.net.HttpURLConnection.getResponseCode(HttpURLConnection.java:480)
	at sun.net.www.protocol.https.HttpsURLConnectionImpl.getResponseCode(HttpsURLConnectionImpl.java:352)
	at com.dukascopy.charts.data.datacache.CurvesJsonProtocolHandler.readURL(CurvesJsonProtocolHandler.java:319)
	at com.dukascopy.charts.data.datacache.CurvesJsonProtocolHandler.loadFileFromCFG(CurvesJsonProtocolHandler.java:256)
	at com.dukascopy.charts.data.datacache.CurvesJsonProtocolHandler.loadAndDecompressFileFromCFG(CurvesJsonProtocolHandler.java:361)
	at com.dukascopy.charts.data.datacache.CurvesJsonProtocolHandler.loadChunkFileFromCFG(CurvesJsonProtocolHandler.java:495)
	at com.dukascopy.charts.data.datacache.CurvesDataLoader.lambda$loadDataFromCFG$2(CurvesDataLoader.java:1642)
	at java.util.concurrent.FutureTask.run(FutureTask.java:266)
	at com.dukascopy.charts.data.datacache.CurvesDataLoader.performLoad(CurvesDataLoader.java:2004)
	at com.dukascopy.charts.data.datacache.CurvesDataLoader.loadDataFromCFG(CurvesDataLoader.java:1637)
	at com.dukascopy.charts.data.datacache.CurvesDataLoader.loadChunkData(CurvesDataLoader.java:1562)
	at com.dukascopy.charts.data.datacache.CurvesDataLoader.loadSmallIntervals(CurvesDataLoader.java:654)
	at com.dukascopy.charts.data.datacache.CurvesDataLoader.loadInCache(CurvesDataLoader.java:258)
	at com.dukascopy.charts.data.datacache.CurvesDataLoader.loadInCache(CurvesDataLoader.java:161)
	at com.dukascopy.charts.data.datacache.LoadDataAction.lambda$run$0(LoadDataAction.java:323)
	at java.security.AccessController.doPrivileged(Native Method)
	at com.dukascopy.charts.data.datacache.LoadDataAction.run(LoadDataAction.java:338)
	at com.dukascopy.charts.data.datacache.FeedDataProvider.loadTicksDataSynched(FeedDataProvider.java:1419)
	at com.dukascopy.api.impl.HistoryData.getTicksSecured(HistoryData.java:98)
	at com.dukascopy.api.impl.History.lambda$getTicks$4(History.java:444)
	at com.dukascopy.api.impl.History.lambda$doPrivileged$116(History.java:3573)
	at java.security.AccessController.doPrivileged(Native Method)
	at com.dukascopy.api.impl.History.doPrivileged(History.java:3573)
	at com.dukascopy.api.impl.History.getTicks(History.java:442)
	at local.xm.JForexFinalCollector$CollectorStrategy.collectBlockingTicks(JForexFinalCollector.java:208)
	at local.xm.JForexFinalCollector$CollectorStrategy.collect(JForexFinalCollector.java:188)
	at local.xm.JForexFinalCollector$CollectorStrategy.access$100(JForexFinalCollector.java:143)
	at local.xm.JForexFinalCollector$CollectorStrategy$1.run(JForexFinalCollector.java:162)
	at java.lang.Thread.run(Thread.java:750)
2026-09-08 23:01:21.264 WARN  CurvesJsonProtocolHandler - Connection timed out: connect
java.net.ConnectException: Connection timed out: connect
	at java.net.DualStackPlainSocketImpl.waitForConnect(Native Method)
	at java.net.DualStackPlainSocketImpl.socketConnect(DualStackPlainSocketImpl.java:85)
	at java.net.AbstractPlainSocketImpl.doConnect(AbstractPlainSocketImpl.java:350)
	at java.net.AbstractPlainSocketImpl.connectToAddress(AbstractPlainSocketImpl.java:206)
	at java.net.AbstractPlainSocketImpl.connect(AbstractPlainSocketImpl.java:188)
	at java.net.PlainSocketImpl.connect(PlainSocketImpl.java:172)
	at java.net.SocksSocketImpl.connect(SocksSocketImpl.java:392)
	at java.net.Socket.connect(Socket.java:607)
	at sun.security.ssl.SSLSocketImpl.connect(SSLSocketImpl.java:293)
	at sun.net.NetworkClient.doConnect(NetworkClient.java:175)
	at sun.net.www.http.HttpClient.openServer(HttpClient.java:465)
	at sun.net.www.http.HttpClient.openServer(HttpClient.java:560)
	at sun.net.www.protocol.https.HttpsClient.<init>(HttpsClient.java:264)
	at sun.net.www.protocol.https.HttpsClient.New(HttpsClient.java:367)
	at sun.net.www.protocol.https.AbstractDelegateHttpsURLConnection.getNewHttpClient(AbstractDelegateHttpsURLConnection.java:203)
	at sun.net.www.protocol.http.HttpURLConnection.plainConnect0(HttpURLConnection.java:1179)
	at sun.net.www.protocol.http.HttpURLConnection.plainConnect(HttpURLConnection.java:1073)
	at sun.net.www.protocol.https.AbstractDelegateHttpsURLConnection.connect(AbstractDelegateHttpsURLConnection.java:189)
	at sun.net.www.protocol.http.HttpURLConnection.getInputStream0(HttpURLConnection.java:1589)
	at sun.net.www.protocol.http.HttpURLConnection.getInputStream(HttpURLConnection.java:1517)
	at java.net.HttpURLConnection.getResponseCode(HttpURLConnection.java:480)
	at sun.net.www.protocol.https.HttpsURLConnectionImpl.getResponseCode(HttpsURLConnectionImpl.java:352)
	at com.dukascopy.charts.data.datacache.CurvesJsonProtocolHandler.readURL(CurvesJsonProtocolHandler.java:319)
	at com.dukascopy.charts.data.datacache.CurvesJsonProtocolHandler.loadFileFromCFG(CurvesJsonProtocolHandler.java:256)
	at com.dukascopy.charts.data.datacache.CurvesJsonProtocolHandler.loadAndDecompressFileFromCFG(CurvesJsonProtocolHandler.java:361)
	at com.dukascopy.charts.data.datacache.CurvesJsonProtocolHandler.loadChunkFileFromCFG(CurvesJsonProtocolHandler.java:495)
	at com.dukascopy.charts.data.datacache.CurvesDataLoader.lambda$loadDataFromCFG$2(CurvesDataLoader.java:1642)
	at java.util.concurrent.FutureTask.run(FutureTask.java:266)
	at com.dukascopy.charts.data.datacache.CurvesDataLoader.performLoad(CurvesDataLoader.java:2004)
	at com.dukascopy.charts.data.datacache.CurvesDataLoader.loadDataFromCFG(CurvesDataLoader.java:1637)
	at com.dukascopy.charts.data.datacache.CurvesDataLoader.loadChunkData(CurvesDataLoader.java:1562)
	at com.dukascopy.charts.data.datacache.CurvesDataLoader.loadSmallIntervals(CurvesDataLoader.java:654)
	at com.dukascopy.charts.data.datacache.CurvesDataLoader.loadInCache(CurvesDataLoader.java:258)
	at com.dukascopy.charts.data.datacache.CurvesDataLoader.loadInCache(CurvesDataLoader.java:161)
	at com.dukascopy.charts.data.datacache.LoadDataAction.lambda$run$0(LoadDataAction.java:323)
	at java.security.AccessController.doPrivileged(Native Method)
	at com.dukascopy.charts.data.datacache.LoadDataAction.run(LoadDataAction.java:338)
	at com.dukascopy.charts.data.datacache.FeedDataProvider.loadTicksDataSynched(FeedDataProvider.java:1419)
	at com.dukascopy.api.impl.HistoryData.getTicksSecured(HistoryData.java:98)
	at com.dukascopy.api.impl.History.lambda$getTicks$4(History.java:444)
	at com.dukascopy.api.impl.History.lambda$doPrivileged$116(History.java:3573)
	at java.security.AccessController.doPrivileged(Native Method)
	at com.dukascopy.api.impl.History.doPrivileged(History.java:3573)
	at com.dukascopy.api.impl.History.getTicks(History.java:442)
	at local.xm.JForexFinalCollector$CollectorStrategy.collectBlockingTicks(JForexFinalCollector.java:208)
	at local.xm.JForexFinalCollector$CollectorStrategy.collect(JForexFinalCollector.java:188)
	at local.xm.JForexFinalCollector$CollectorStrategy.access$100(JForexFinalCollector.java:143)
	at local.xm.JForexFinalCollector$CollectorStrategy$1.run(JForexFinalCollector.java:162)
	at java.lang.Thread.run(Thread.java:750)
JFOREX_PROGRESS=725/784
JFOREX_PROGRESS=750/784
JFOREX_PROGRESS=775/784
JFOREX_PROGRESS=784/784
Stopping "CollectorStrategy" strategy at 2026-09-08 15:03:07.247 GMT on the local computer
JFOREX_FINAL_COLLECTION_PASS
[REDACTED: SDK authentication/account diagnostic]
2026-09-08 23:03:07.334 INFO  InstrumentManager - InstrumentManager is shutdown
2026-09-08 23:03:07.593 WARN  DCClientImpl - Process tick skipped. FeedDataProvider is stopped.
2026-09-08 23:03:08.292 WARN  DCClientImpl - Process tick skipped. FeedDataProvider is stopped.
2026-09-08 23:03:08.339 INFO  ClientConnector - Disconnect task in queue, reason [CLIENT_APP_REQUEST], comments [Client application request], server address [d-ja-hk-111-4.66proxymity88.net/18.162.119.32:10443], transport name [DDS2 Standalone Transport Client]
[REDACTED: SDK authentication/account diagnostic]
2026-09-08 23:03:08.651 WARN  SystemInfo - FeedDataProvider is not initialized. Unable to get server time.
Strategy "CollectorStrategy" is stopped at 2026-09-08 15:03:08.651 GMT on the local computer with no parameters. Reason: Stopped by engine
[REDACTED: SDK authentication/account diagnostic]
[REDACTED: SDK authentication/account diagnostic]
[REDACTED: SDK authentication/account diagnostic]
python.exe : Traceback (most recent call last):
At line:2 char:548
+ ... Y_PASSWORD; & '.\.venv\Scripts\python.exe' '.\gold_gemini_dukascopy_j ...
+                 ~~~~~~~~~~~~~~~~~~~~~~~~~~~~~~~~~~~~~~~~~~~~~~~~~~~~~~~~~
    + CategoryInfo          : NotSpecified: (Traceback (most recent call last)::String) [], RemoteException
    + FullyQualifiedErrorId : NativeCommandError
 
  File "D:\XM\����\gold_gemini_dukascopy_jforex_final_reconciliation_v1.py", line 1008, in <module>
    main(Path(sys.argv[1]).resolve())
  File "D:\XM\����\gold_gemini_dukascopy_jforex_final_reconciliation_v1.py", line 1000, in main
    run_collector(run)
  File "D:\XM\����\gold_gemini_dukascopy_jforex_final_reconciliation_v1.py", line 371, in run_collector
    subprocess.run(command, cwd=ROOT, check=True)
  File "D:\ocr\.python-build-3.11.9\Lib\subprocess.py", line 571, in run
    raise CalledProcessError(retcode, process.args,
subprocess.CalledProcessError: Command '['D:\\XM\\����\\.research_tools\\liberica-jdk8-full\\jdk8u472-full\\bin\\java.e
xe', '-cp', 'D:\\XM\\����\\jforex_final_reconciliation\\target\\classes;D:\\XM\\����\\.research_tools\\m2\\7zip\\7zip\\
18.05\\7zip-18.05.jar;D:\\XM\\����\\.research_tools\\m2\\apache-oro\\jakarta-oro\\2.0.8\\jakarta-oro-2.0.8.jar;D:\\XM\\
����\\.research_tools\\m2\\com\\dukascopy\\api\\JForex-API\\2.13.99\\JForex-API-2.13.99.jar;D:\\XM\\����\\.research_too
ls\\m2\\com\\dukascopy\\auth-protocol-client\\1.2.2\\auth-protocol-client-1.2.2.jar;D:\\XM\\����\\.research_tools\\m2\\
com\\dukascopy\\dds2\\DDS2-Charts\\6.24.125\\DDS2-Charts-6.24.125.jar;D:\\XM\\����\\.research_tools\\m2\\com\\dukascopy
\\dds2\\DDS2-jClient-JForex\\3.6.51\\DDS2-jClient-JForex-3.6.51.jar;D:\\XM\\����\\.research_tools\\m2\\com\\dukascopy\\
dds2\\greed-common\\318.4.128\\greed-common-318.4.128.jar;D:\\XM\\����\\.research_tools\\m2\\com\\dukascopy\\dds2\\Logi
n-Form\\3.31\\Login-Form-3.31.jar;D:\\XM\\����\\.research_tools\\m2\\com\\dukascopy\\dds2\\msg\\1.1.98.4-JForex3\\msg-1
.1.98.4-JForex3.jar;D:\\XM\\����\\.research_tools\\m2\\com\\dukascopy\\dds2\\patterns\\1.60.102\\patterns-1.60.102.jar;
D:\\XM\\����\\.research_tools\\m2\\com\\dukascopy\\dds2\\ui-core\\1.6.106\\ui-core-1.6.106.jar;D:\\XM\\����\\.research_
tools\\m2\\com\\dukascopy\\dds4\\netty-transport-client\\1.2.26\\netty-transport-client-1.2.26.jar;D:\\XM\\����\\.resea
rch_tools\\m2\\com\\dukascopy\\dds4\\transport-common\\1.2.27\\transport-common-1.2.27.jar;D:\\XM\\����\\.research_tool
s\\m2\\com\\dukascopy\\dev-tools\\1.0.27\\dev-tools-1.0.27.jar;D:\\XM\\����\\.research_tools\\m2\\com\\dukascopy\\docki
ng\\framework\\CleanDocking\\2.1.15\\CleanDocking-2.1.15.jar;D:\\XM\\����\\.research_tools\\m2\\com\\dukascopy\\holiday
\\holiday-common\\1.17\\holiday-common-1.17.jar;D:\\XM\\����\\.research_tools\\m2\\com\\dukascopy\\system-msg\\1.0.32\\
system-msg-1.0.32.jar;D:\\XM\\����\\.research_tools\\m2\\com\\dukascopy\\transport-core\\1.1.25\\transport-core-1.1.25.
jar;D:\\XM\\����\\.research_tools\\m2\\com\\github\\luben\\zstd-jni\\1.5.5-11\\zstd-jni-1.5.5-11.jar;D:\\XM\\����\\.res
earch_tools\\m2\\com\\google\\guava\\guava\\19.0\\guava-19.0.jar;D:\\XM\\����\\.research_tools\\m2\\com\\nimbusds\\srp6
a\\2.0.2\\srp6a-2.0.2.jar;D:\\XM\\����\\.research_tools\\m2\\com\\sun\\jna\\jna\\3.5.0\\jna-3.5.0.jar;D:\\XM\\����\\.re
search_tools\\m2\\com\\thoughtworks\\qdox\\qdox\\2.2.0\\qdox-2.2.0.jar;D:\\XM\\����\\.research_tools\\m2\\commons-beanu
tils\\commons-beanutils\\1.7.0\\commons-beanutils-1.7.0.jar;D:\\XM\\����\\.research_tools\\m2\\commons-beanutils\\commo
ns-beanutils\\1.9.3\\commons-beanutils-1.9.3.jar;D:\\XM\\����\\.research_tools\\m2\\commons-chain\\commons-chain\\1.1\\
commons-chain-1.1.jar;D:\\XM\\����\\.research_tools\\m2\\commons-codec\\commons-codec\\1.16.1\\commons-codec-1.16.1.jar
;D:\\XM\\����\\.research_tools\\m2\\commons-collections\\commons-collections\\3.2.2\\commons-collections-3.2.2.jar;D:\\
XM\\����\\.research_tools\\m2\\commons-digester\\commons-digester\\1.8\\commons-digester-1.8.jar;D:\\XM\\����\\.researc
h_tools\\m2\\commons-io\\commons-io\\2.11.0\\commons-io-2.11.0.jar;D:\\XM\\����\\.research_tools\\m2\\commons-io\\commo
ns-io\\2.15.1\\commons-io-2.15.1.jar;D:\\XM\\����\\.research_tools\\m2\\commons-io\\commons-io\\2.16.1\\commons-io-2.16
.1.jar;D:\\XM\\����\\.research_tools\\m2\\commons-lang\\commons-lang\\2.4\\commons-lang-2.4.jar;D:\\XM\\����\\.research
_tools\\m2\\commons-logging\\commons-logging\\1.2\\commons-logging-1.2.jar;D:\\XM\\����\\.research_tools\\m2\\dom4j\\do
m4j\\1.1\\dom4j-1.1.jar;D:\\XM\\����\\.research_tools\\m2\\io\\netty\\netty-buffer\\4.1.45.Final\\netty-buffer-4.1.45.F
inal.jar;D:\\XM\\����\\.research_tools\\m2\\io\\netty\\netty-codec\\4.1.45.Final\\netty-codec-4.1.45.Final.jar;D:\\XM\\
����\\.research_tools\\m2\\io\\netty\\netty-common\\4.1.45.Final\\netty-common-4.1.45.Final.jar;D:\\XM\\����\\.research
_tools\\m2\\io\\netty\\netty-handler\\4.1.45.Final\\netty-handler-4.1.45.Final.jar;D:\\XM\\����\\.research_tools\\m2\\i
o\\netty\\netty-resolver\\4.1.45.Final\\netty-resolver-4.1.45.Final.jar;D:\\XM\\����\\.research_tools\\m2\\io\\netty\\n
etty-transport\\4.1.45.Final\\netty-transport-4.1.45.Final.jar;D:\\XM\\����\\.research_tools\\m2\\jakarta-regexp\\jakar
ta-regexp\\1.4\\jakarta-regexp-1.4.jar;D:\\XM\\����\\.research_tools\\m2\\javax\\activation\\activation\\1.1\\activatio
n-1.1.jar;D:\\XM\\����\\.research_tools\\m2\\javax\\inject\\javax.inject\\1\\javax.inject-1.jar;D:\\XM\\����\\.research
_tools\\m2\\javax\\mail\\mail\\1.4\\mail-1.4.jar;D:\\XM\\����\\.research_tools\\m2\\log4j\\log4j\\1.2.17\\log4j-1.2.17.
jar;D:\\XM\\����\\.research_tools\\m2\\org\\apache\\commons\\commons-compress\\1.26.1\\commons-compress-1.26.1.jar;D:\\
XM\\����\\.research_tools\\m2\\org\\apache\\commons\\commons-lang3\\3.20.0\\commons-lang3-3.20.0.jar;D:\\XM\\����\\.res
earch_tools\\m2\\org\\apache\\commons\\commons-lang3\\3.3.2\\commons-lang3-3.3.2.jar;D:\\XM\\����\\.research_tools\\m2\
\org\\apache\\commons\\commons-lang3\\3.8.1\\commons-lang3-3.8.1.jar;D:\\XM\\����\\.research_tools\\m2\\org\\apache\\co
mmons\\commons-text\\1.12.0\\commons-text-1.12.0.jar;D:\\XM\\����\\.research_tools\\m2\\org\\apache\\httpcomponents\\ht
tpclient\\4.5.13\\httpclient-4.5.13.jar;D:\\XM\\����\\.research_tools\\m2\\org\\apache\\httpcomponents\\httpcore\\4.4.1
4\\httpcore-4.4.14.jar;D:\\XM\\����\\.research_tools\\m2\\org\\apache\\lucene\\lucene-core\\3.4.0\\lucene-core-3.4.0.ja
r;D:\\XM\\����\\.research_tools\\m2\\org\\apache\\lucene\\lucene-highlighter\\3.4.0\\lucene-highlighter-3.4.0.jar;D:\\X
M\\����\\.research_tools\\m2\\org\\apache\\lucene\\lucene-memory\\3.4.0\\lucene-memory-3.4.0.jar;D:\\XM\\����\\.researc
h_tools\\m2\\org\\apache\\lucene\\lucene-queries\\3.4.0\\lucene-queries-3.4.0.jar;D:\\XM\\����\\.research_tools\\m2\\or
g\\apache\\maven\\doxia\\doxia-core\\1.11.1\\doxia-core-1.11.1.jar;D:\\XM\\����\\.research_tools\\m2\\org\\apache\\mave
n\\doxia\\doxia-decoration-model\\1.11.1\\doxia-decoration-model-1.11.1.jar;D:\\XM\\����\\.research_tools\\m2\\org\\apa
che\\maven\\doxia\\doxia-integration-tools\\1.11.1\\doxia-integration-tools-1.11.1.jar;D:\\XM\\����\\.research_tools\\m
2\\org\\apache\\maven\\doxia\\doxia-logging-api\\1.12.0\\doxia-logging-api-1.12.0.jar;D:\\XM\\����\\.research_tools\\m2
\\org\\apache\\maven\\doxia\\doxia-module-xhtml\\1.11.1\\doxia-module-xhtml-1.11.1.jar;D:\\XM\\����\\.research_tools\\m
2\\org\\apache\\maven\\doxia\\doxia-module-xhtml5\\1.11.1\\doxia-module-xhtml5-1.11.1.jar;D:\\XM\\����\\.research_tools
\\m2\\org\\apache\\maven\\doxia\\doxia-sink-api\\1.12.0\\doxia-sink-api-1.12.0.jar;D:\\XM\\����\\.research_tools\\m2\\o
rg\\apache\\maven\\doxia\\doxia-site-renderer\\1.11.1\\doxia-site-renderer-1.11.1.jar;D:\\XM\\����\\.research_tools\\m2
\\org\\apache\\maven\\doxia\\doxia-skin-model\\1.11.1\\doxia-skin-model-1.11.1.jar;D:\\XM\\����\\.research_tools\\m2\\o
rg\\apache\\maven\\plugins\\maven-compiler-plugin\\3.14.1\\maven-compiler-plugin-3.14.1.jar;D:\\XM\\����\\.research_too
ls\\m2\\org\\apache\\maven\\plugins\\maven-dependency-plugin\\3.7.0\\maven-dependency-plugin-3.7.0.jar;D:\\XM\\����\\.r
esearch_tools\\m2\\org\\apache\\maven\\plugins\\maven-resources-plugin\\3.4.0\\maven-resources-plugin-3.4.0.jar;D:\\XM\
\����\\.research_tools\\m2\\org\\apache\\maven\\reporting\\maven-reporting-api\\3.1.1\\maven-reporting-api-3.1.1.jar;D:
\\XM\\����\\.research_tools\\m2\\org\\apache\\maven\\reporting\\maven-reporting-impl\\3.2.0\\maven-reporting-impl-3.2.0
.jar;D:\\XM\\����\\.research_tools\\m2\\org\\apache\\maven\\resolver\\maven-resolver-api\\1.4.1\\maven-resolver-api-1.4
.1.jar;D:\\XM\\����\\.research_tools\\m2\\org\\apache\\maven\\resolver\\maven-resolver-util\\1.4.1\\maven-resolver-util
-1.4.1.jar;D:\\XM\\����\\.research_tools\\m2\\org\\apache\\maven\\shared\\maven-artifact-transfer\\0.13.1\\maven-artifa
ct-transfer-0.13.1.jar;D:\\XM\\����\\.research_tools\\m2\\org\\apache\\maven\\shared\\maven-common-artifact-filters\\3.
3.2\\maven-common-artifact-filters-3.3.2.jar;D:\\XM\\����\\.research_tools\\m2\\org\\apache\\maven\\shared\\maven-depen
dency-analyzer\\1.14.1\\maven-dependency-analyzer-1.14.1.jar;D:\\XM\\����\\.research_tools\\m2\\org\\apache\\maven\\sha
red\\maven-dependency-tree\\3.3.0\\maven-dependency-tree-3.3.0.jar;D:\\XM\\����\\.research_tools\\m2\\org\\apache\\mave
n\\shared\\maven-filtering\\3.4.0\\maven-filtering-3.4.0.jar;D:\\XM\\����\\.research_tools\\m2\\org\\apache\\maven\\sha
red\\maven-shared-incremental\\1.1\\maven-shared-incremental-1.1.jar;D:\\XM\\����\\.research_tools\\m2\\org\\apache\\ma
ven\\shared\\maven-shared-utils\\3.4.2\\maven-shared-utils-3.4.2.jar;D:\\XM\\����\\.research_tools\\m2\\org\\apache\\ve
locity\\velocity\\1.7\\velocity-1.7.jar;D:\\XM\\����\\.research_tools\\m2\\org\\apache\\velocity\\velocity-tools\\2.0\\
velocity-tools-2.0.jar;D:\\XM\\����\\.research_tools\\m2\\org\\codehaus\\plexus\\plexus-archiver\\4.9.2\\plexus-archive
r-4.9.2.jar;D:\\XM\\����\\.research_tools\\m2\\org\\codehaus\\plexus\\plexus-compiler-api\\2.15.0\\plexus-compiler-api-
2.15.0.jar;D:\\XM\\����\\.research_tools\\m2\\org\\codehaus\\plexus\\plexus-compiler-javac\\2.15.0\\plexus-compiler-jav
ac-2.15.0.jar;D:\\XM\\����\\.research_tools\\m2\\org\\codehaus\\plexus\\plexus-compiler-manager\\2.15.0\\plexus-compile
r-manager-2.15.0.jar;D:\\XM\\����\\.research_tools\\m2\\org\\codehaus\\plexus\\plexus-component-annotations\\2.0.0\\ple
xus-component-annotations-2.0.0.jar;D:\\XM\\����\\.research_tools\\m2\\org\\codehaus\\plexus\\plexus-i18n\\1.0-beta-10\
\plexus-i18n-1.0-beta-10.jar;D:\\XM\\����\\.research_tools\\m2\\org\\codehaus\\plexus\\plexus-interpolation\\1.26\\plex
us-interpolation-1.26.jar;D:\\XM\\����\\.research_tools\\m2\\org\\codehaus\\plexus\\plexus-interpolation\\1.27\\plexus-
interpolation-1.27.jar;D:\\XM\\����\\.research_tools\\m2\\org\\codehaus\\plexus\\plexus-io\\3.4.2\\plexus-io-3.4.2.jar;
D:\\XM\\����\\.research_tools\\m2\\org\\codehaus\\plexus\\plexus-java\\1.5.0\\plexus-java-1.5.0.jar;D:\\XM\\����\\.rese
arch_tools\\m2\\org\\codehaus\\plexus\\plexus-utils\\4.0.1\\plexus-utils-4.0.1.jar;D:\\XM\\����\\.research_tools\\m2\\o
rg\\codehaus\\plexus\\plexus-utils\\4.0.2\\plexus-utils-4.0.2.jar;D:\\XM\\����\\.research_tools\\m2\\org\\codehaus\\ple
xus\\plexus-velocity\\1.2\\plexus-velocity-1.2.jar;D:\\XM\\����\\.research_tools\\m2\\org\\codehaus\\plexus\\plexus-xml
\\3.0.0\\plexus-xml-3.0.0.jar;D:\\XM\\����\\.research_tools\\m2\\org\\codehaus\\plexus\\plexus-xml\\3.0.1\\plexus-xml-3
.0.1.jar;D:\\XM\\����\\.research_tools\\m2\\org\\eclipse\\jdt\\ecj\\3.20.0.1d\\ecj-3.20.0.1d.jar;D:\\XM\\����\\.researc
h_tools\\m2\\org\\fife\\DDS2-TextEditor\\1.27.98\\DDS2-TextEditor-1.27.98.jar;D:\\XM\\����\\.research_tools\\m2\\org\\i
q80\\snappy\\snappy\\0.4\\snappy-0.4.jar;D:\\XM\\����\\.research_tools\\m2\\org\\javassist\\javassist\\3.18.1-GA\\javas
sist-3.18.1-GA.jar;D:\\XM\\����\\.research_tools\\m2\\org\\json\\json\\20131018\\json-20131018.jar;D:\\XM\\����\\.resea
rch_tools\\m2\\org\\ow2\\asm\\asm\\5.0.3\\asm-5.0.3.jar;D:\\XM\\����\\.research_tools\\m2\\org\\ow2\\asm\\asm\\9.7\\asm
-9.7.jar;D:\\XM\\����\\.research_tools\\m2\\org\\ow2\\asm\\asm\\9.8\\asm-9.8.jar;D:\\XM\\����\\.research_tools\\m2\\org
\\slf4j\\slf4j-api\\1.7.28\\slf4j-api-1.7.28.jar;D:\\XM\\����\\.research_tools\\m2\\org\\slf4j\\slf4j-api\\1.7.36\\slf4
j-api-1.7.36.jar;D:\\XM\\����\\.research_tools\\m2\\org\\slf4j\\slf4j-log4j12\\1.7.28\\slf4j-log4j12-1.7.28.jar;D:\\XM\
\����\\.research_tools\\m2\\org\\sonatype\\plexus\\plexus-build-api\\0.0.7\\plexus-build-api-0.0.7.jar;D:\\XM\\����\\.r
esearch_tools\\m2\\org\\threeten\\threeten-extra\\1.2\\threeten-extra-1.2.jar;D:\\XM\\����\\.research_tools\\m2\\org\\t
ukaani\\xz\\1.9\\xz-1.9.jar;D:\\XM\\����\\.research_tools\\m2\\oro\\oro\\2.0.8\\oro-2.0.8.jar;D:\\XM\\����\\.research_t
ools\\m2\\ta-lib\\ta-lib\\0.4.4dc\\ta-lib-0.4.4dc.jar', 'local.xm.JForexFinalCollector', 'D:\\XM\\����\\training_runs\\
20260908T140809Z_gemini_dukascopy_jforex_final_reconciliation_v1\\jforex_request_manifest.tsv', 'D:\\XM\\����\\training
_runs\\20260908T140809Z_gemini_dukascopy_jforex_final_reconciliation_v1']' returned non-zero exit status 4294967295.
