start_utc,end_utc,exact_rows
2016-07-04T00:00:00+00:00,2016-07-04T00:01:00+00:00,2
2016-07-04T00:05:00+00:00,2016-07-04T00:05:00+00:00,1
2016-07-04T00:15:00+00:00,2016-07-04T00:15:00+00:00,1
2016-07-04T01:00:00+00:00,2016-07-04T01:00:00+00:00,1
2016-07-11T00:00:00+00:00,2016-07-11T00:01:00+00:00,2
2016-07-11T00:05:00+00:00,2016-07-11T00:05:00+00:00,1
2016-07-11T00:15:00+00:00,2016-07-11T00:15:00+00:00,1
2016-07-11T01:00:00+00:00,2016-07-11T01:00:00+00:00,1
2016-07-18T00:00:00+00:00,2016-07-18T00:01:00+00:00,2
2016-07-18T00:05:00+00:00,2016-07-18T00:05:00+00:00,1
2016-07-18T00:15:00+00:00,2016-07-18T00:15:00+00:00,1
2016-07-18T01:00:00+00:00,2016-07-18T01:00:00+00:00,1
2016-07-25T00:00:00+00:00,2016-07-25T00:01:00+00:00,2
2016-07-25T00:05:00+00:00,2016-07-25T00:05:00+00:00,1
2016-07-25T00:15:00+00:00,2016-07-25T00:15:00+00:00,1
2016-07-25T01:00:00+00:00,2016-07-25T01:00:00+00:00,1
2016-08-01T00:00:00+00:00,2016-08-01T00:01:00+00:00,2
2016-08-01T00:05:00+00:00,2016-08-01T00:05:00+00:00,1
2016-08-01T00:15:00+00:00,2016-08-01T00:15:00+00:00,1
2016-08-01T01:00:00+00:00,2016-08-01T01:00:00+00:00,1
2016-08-08T00:00:00+00:00,2016-08-08T00:01:00+00:00,2
2016-08-08T00:05:00+00:00,2016-08-08T00:05:00+00:00,1
2016-08-08T00:15:00+00:00,2016-08-08T00:15:00+00:00,1
2016-08-08T01:00:00+00:00,2016-08-08T01:00:00+00:00,1
2016-08-15T00:00:00+00:00,2016-08-15T00:01:00+00:00,2
2016-08-15T00:05:00+00:00,2016-08-15T00:05:00+00:00,1
2016-08-15T00:15:00+00:00,2016-08-15T00:15:00+00:00,1
2016-08-15T01:00:00+00:00,2016-08-15T01:00:00+00:00,1
2016-08-22T00:00:00+00:00,2016-08-22T00:01:00+00:00,2
2016-08-22T00:05:00+00:00,2016-08-22T00:05:00+00:00,1
2016-08-22T00:15:00+00:00,2016-08-22T00:15:00+00:00,1
2016-08-22T01:00:00+00:00,2016-08-22T01:00:00+00:00,1
2016-08-29T00:00:00+00:00,2016-08-29T00:01:00+00:00,2
2016-08-29T00:05:00+00:00,2016-08-29T00:05:00+00:00,1
2016-08-29T00:15:00+00:00,2016-08-29T00:15:00+00:00,1
2016-08-29T01:00:00+00:00,2016-08-29T01:00:00+00:00,1
2016-09-05T00:00:00+00:00,2016-09-05T00:01:00+00:00,2
2016-09-05T00:05:00+00:00,2016-09-05T00:05:00+00:00,1
2016-09-05T00:15:00+00:00,2016-09-05T00:15:00+00:00,1
2016-09-05T00:28:00+00:00,2016-09-05T00:29:00+00:00,2
2016-09-05T00:33:00+00:00,2016-09-05T00:33:00+00:00,1
2016-09-05T00:43:00+00:00,2016-09-05T00:43:00+00:00,1
2016-09-05T01:00:00+00:00,2016-09-05T01:00:00+00:00,1
2016-09-05T01:28:00+00:00,2016-09-05T01:28:00+00:00,1
2016-09-05T21:00:00+00:00,2016-09-05T21:00:00+00:00,1
2016-09-05T22:00:00+00:00,2016-09-05T22:00:00+00:00,1
2016-09-12T00:00:00+00:00,2016-09-12T00:01:00+00:00,2
2016-09-12T00:05:00+00:00,2016-09-12T00:05:00+00:00,1
2016-09-12T00:15:00+00:00,2016-09-12T00:15:00+00:00,1
2016-09-12T01:00:00+00:00,2016-09-12T01:00:00+00:00,1
2016-09-19T00:00:00+00:00,2016-09-19T00:01:00+00:00,2
2016-09-19T00:05:00+00:00,2016-09-19T00:05:00+00:00,1
2016-09-19T00:15:00+00:00,2016-09-19T00:15:00+00:00,1
2016-09-19T01:00:00+00:00,2016-09-19T01:00:00+00:00,1
2016-09-26T00:00:00+00:00,2016-09-26T00:01:00+00:00,2
2016-09-26T00:05:00+00:00,2016-09-26T00:05:00+00:00,1
2016-09-26T00:15:00+00:00,2016-09-26T00:15:00+00:00,1
2016-09-26T01:00:00+00:00,2016-09-26T01:00:00+00:00,1
2016-10-03T00:00:00+00:00,2016-10-03T00:01:00+00:00,2
2016-10-03T00:05:00+00:00,2016-10-03T00:05:00+00:00,1
2016-10-03T00:15:00+00:00,2016-10-03T00:15:00+00:00,1
2016-10-03T01:00:00+00:00,2016-10-03T01:00:00+00:00,1
2016-10-10T00:00:00+00:00,2016-10-10T00:01:00+00:00,2
2016-10-10T00:05:00+00:00,2016-10-10T00:05:00+00:00,1
2016-10-10T00:15:00+00:00,2016-10-10T00:15:00+00:00,1
2016-10-10T01:00:00+00:00,2016-10-10T01:00:00+00:00,1
2016-10-17T00:00:00+00:00,2016-10-17T00:01:00+00:00,2
2016-10-17T00:05:00+00:00,2016-10-17T00:05:00+00:00,1
2016-10-17T00:15:00+00:00,2016-10-17T00:15:00+00:00,1
2016-10-17T01:00:00+00:00,2016-10-17T01:00:00+00:00,1
2016-10-24T00:00:00+00:00,2016-10-24T00:01:00+00:00,2
2016-10-24T00:05:00+00:00,2016-10-24T00:05:00+00:00,1
2016-10-24T00:15:00+00:00,2016-10-24T00:15:00+00:00,1
2016-10-24T01:00:00+00:00,2016-10-24T01:00:00+00:00,1
2016-10-31T00:00:00+00:00,2016-10-31T00:01:00+00:00,2
2016-10-31T00:05:00+00:00,2016-10-31T00:05:00+00:00,1
2016-10-31T00:15:00+00:00,2016-10-31T00:15:00+00:00,1
2016-10-31T01:00:00+00:00,2016-10-31T01:00:00+00:00,1
2016-11-07T00:00:00+00:00,2016-11-07T00:01:00+00:00,2
2016-11-07T00:05:00+00:00,2016-11-07T00:05:00+00:00,1
2016-11-07T00:15:00+00:00,2016-11-07T00:15:00+00:00,1
2016-11-07T01:00:00+00:00,2016-11-07T01:00:00+00:00,1
2016-11-14T00:00:00+00:00,2016-11-14T00:01:00+00:00,2
2016-11-14T00:05:00+00:00,2016-11-14T00:05:00+00:00,1
2016-11-14T00:15:00+00:00,2016-11-14T00:15:00+00:00,1
2016-11-14T01:00:00+00:00,2016-11-14T01:00:00+00:00,1
2016-11-21T00:00:00+00:00,2016-11-21T00:01:00+00:00,2
2016-11-21T00:05:00+00:00,2016-11-21T00:05:00+00:00,1
2016-11-21T00:15:00+00:00,2016-11-21T00:15:00+00:00,1
2016-11-21T01:00:00+00:00,2016-11-21T01:00:00+00:00,1
2016-11-28T00:00:00+00:00,2016-11-28T00:01:00+00:00,2
2016-11-28T00:05:00+00:00,2016-11-28T00:05:00+00:00,1
2016-11-28T00:15:00+00:00,2016-11-28T00:15:00+00:00,1
2016-11-28T01:00:00+00:00,2016-11-28T01:00:00+00:00,1
2016-12-05T00:00:00+00:00,2016-12-05T00:01:00+00:00,2
2016-12-05T00:05:00+00:00,2016-12-05T00:05:00+00:00,1
2016-12-05T00:15:00+00:00,2016-12-05T00:15:00+00:00,1
2016-12-05T01:00:00+00:00,2016-12-05T01:00:00+00:00,1
2016-12-06T18:23:00+00:00,2016-12-06T18:24:00+00:00,2
2016-12-06T18:28:00+00:00,2016-12-06T18:28:00+00:00,1
2016-12-06T18:38:00+00:00,2016-12-06T18:38:00+00:00,1
2016-12-06T19:23:00+00:00,2016-12-06T19:23:00+00:00,1
2016-12-12T00:00:00+00:00,2016-12-12T00:01:00+00:00,2
2016-12-12T00:05:00+00:00,2016-12-12T00:05:00+00:00,1
2016-12-12T00:15:00+00:00,2016-12-12T00:15:00+00:00,1
2016-12-12T01:00:00+00:00,2016-12-12T01:00:00+00:00,1
2016-12-19T00:00:00+00:00,2016-12-19T00:01:00+00:00,2
2016-12-19T00:05:00+00:00,2016-12-19T00:05:00+00:00,1
2016-12-19T00:15:00+00:00,2016-12-19T00:15:00+00:00,1
2016-12-19T01:00:00+00:00,2016-12-19T01:00:00+00:00,1
2016-12-26T22:00:00+00:00,2016-12-26T22:00:00+00:00,1
2016-12-26T23:06:00+00:00,2016-12-26T23:09:00+00:00,4
2016-12-26T23:28:00+00:00,2016-12-26T23:29:00+00:00,2
2016-12-26T23:51:00+00:00,2016-12-26T23:54:00+00:00,4
2017-01-09T00:00:00+00:00,2017-01-09T00:01:00+00:00,2
2017-01-09T00:05:00+00:00,2017-01-09T00:05:00+00:00,1
2017-01-09T00:15:00+00:00,2017-01-09T00:15:00+00:00,1
2017-01-09T01:00:00+00:00,2017-01-09T01:00:00+00:00,1
2017-01-16T00:00:00+00:00,2017-01-16T00:01:00+00:00,2
2017-01-16T00:05:00+00:00,2017-01-16T00:05:00+00:00,1
2017-01-16T00:15:00+00:00,2017-01-16T00:15:00+00:00,1
2017-01-16T01:00:00+00:00,2017-01-16T01:00:00+00:00,1
2017-01-23T00:00:00+00:00,2017-01-23T00:01:00+00:00,2
2017-01-23T00:05:00+00:00,2017-01-23T00:05:00+00:00,1
2017-01-23T00:15:00+00:00,2017-01-23T00:15:00+00:00,1
2017-01-23T01:00:00+00:00,2017-01-23T01:00:00+00:00,1
2017-01-30T00:00:00+00:00,2017-01-30T00:01:00+00:00,2
2017-01-30T00:05:00+00:00,2017-01-30T00:05:00+00:00,1
2017-01-30T00:15:00+00:00,2017-01-30T00:15:00+00:00,1
2017-01-30T01:00:00+00:00,2017-01-30T01:00:00+00:00,1
2017-02-06T00:00:00+00:00,2017-02-06T00:01:00+00:00,2
2017-02-06T00:05:00+00:00,2017-02-06T00:05:00+00:00,1
2017-02-06T00:15:00+00:00,2017-02-06T00:15:00+00:00,1
2017-02-06T01:00:00+00:00,2017-02-06T01:00:00+00:00,1
2017-02-13T00:00:00+00:00,2017-02-13T00:01:00+00:00,2
2017-02-13T00:05:00+00:00,2017-02-13T00:05:00+00:00,1
2017-02-13T00:15:00+00:00,2017-02-13T00:15:00+00:00,1
2017-02-13T01:00:00+00:00,2017-02-13T01:00:00+00:00,1
2017-02-20T00:00:00+00:00,2017-02-20T00:01:00+00:00,2
2017-02-20T00:05:00+00:00,2017-02-20T00:05:00+00:00,1
2017-02-20T00:15:00+00:00,2017-02-20T00:15:00+00:00,1
2017-02-20T01:00:00+00:00,2017-02-20T01:00:00+00:00,1
2017-02-27T00:00:00+00:00,2017-02-27T00:01:00+00:00,2
2017-02-27T00:05:00+00:00,2017-02-27T00:05:00+00:00,1
2017-02-27T00:15:00+00:00,2017-02-27T00:15:00+00:00,1
2017-02-27T01:00:00+00:00,2017-02-27T01:00:00+00:00,1
2017-03-06T00:00:00+00:00,2017-03-06T00:01:00+00:00,2
2017-03-06T00:05:00+00:00,2017-03-06T00:05:00+00:00,1
2017-03-06T00:15:00+00:00,2017-03-06T00:15:00+00:00,1
2017-03-06T01:00:00+00:00,2017-03-06T01:00:00+00:00,1
2017-03-13T00:00:00+00:00,2017-03-13T00:01:00+00:00,2
2017-03-13T00:05:00+00:00,2017-03-13T00:05:00+00:00,1
2017-03-13T00:15:00+00:00,2017-03-13T00:15:00+00:00,1
2017-03-13T01:00:00+00:00,2017-03-13T01:00:00+00:00,1
2017-03-20T00:00:00+00:00,2017-03-20T00:01:00+00:00,2
2017-03-20T00:05:00+00:00,2017-03-20T00:05:00+00:00,1
2017-03-20T00:15:00+00:00,2017-03-20T00:15:00+00:00,1
2017-03-20T01:00:00+00:00,2017-03-20T01:00:00+00:00,1
2017-03-27T00:00:00+00:00,2017-03-27T00:01:00+00:00,2
2017-03-27T00:05:00+00:00,2017-03-27T00:05:00+00:00,1
2017-03-27T00:15:00+00:00,2017-03-27T00:15:00+00:00,1
2017-03-27T01:00:00+00:00,2017-03-27T01:00:00+00:00,1
2017-04-03T00:00:00+00:00,2017-04-03T00:01:00+00:00,2
2017-04-03T00:05:00+00:00,2017-04-03T00:05:00+00:00,1
2017-04-03T00:15:00+00:00,2017-04-03T00:15:00+00:00,1
2017-04-03T01:00:00+00:00,2017-04-03T01:00:00+00:00,1
2017-04-10T00:00:00+00:00,2017-04-10T00:01:00+00:00,2
2017-04-10T00:05:00+00:00,2017-04-10T00:05:00+00:00,1
2017-04-10T00:15:00+00:00,2017-04-10T00:15:00+00:00,1
2017-04-10T01:00:00+00:00,2017-04-10T01:00:00+00:00,1
2017-04-17T00:00:00+00:00,2017-04-17T00:01:00+00:00,2
2017-04-17T00:05:00+00:00,2017-04-17T00:05:00+00:00,1
2017-04-17T00:15:00+00:00,2017-04-17T00:15:00+00:00,1
2017-04-17T01:00:00+00:00,2017-04-17T01:00:00+00:00,1
2017-04-24T00:00:00+00:00,2017-04-24T00:01:00+00:00,2
2017-04-24T00:05:00+00:00,2017-04-24T00:05:00+00:00,1
2017-04-24T00:15:00+00:00,2017-04-24T00:15:00+00:00,1
2017-04-24T01:00:00+00:00,2017-04-24T01:00:00+00:00,1
2017-05-01T00:00:00+00:00,2017-05-01T00:01:00+00:00,2
2017-05-01T00:05:00+00:00,2017-05-01T00:05:00+00:00,1
2017-05-01T00:15:00+00:00,2017-05-01T00:15:00+00:00,1
2017-05-01T01:00:00+00:00,2017-05-01T01:00:00+00:00,1
2017-05-08T00:00:00+00:00,2017-05-08T00:01:00+00:00,2
2017-05-08T00:05:00+00:00,2017-05-08T00:05:00+00:00,1
2017-05-08T00:15:00+00:00,2017-05-08T00:15:00+00:00,1
2017-05-08T01:00:00+00:00,2017-05-08T01:00:00+00:00,1
2017-05-15T00:00:00+00:00,2017-05-15T00:01:00+00:00,2
2017-05-15T00:05:00+00:00,2017-05-15T00:05:00+00:00,1
2017-05-15T00:15:00+00:00,2017-05-15T00:15:00+00:00,1
2017-05-15T01:00:00+00:00,2017-05-15T01:00:00+00:00,1
2017-05-22T00:00:00+00:00,2017-05-22T00:01:00+00:00,2
2017-05-22T00:05:00+00:00,2017-05-22T00:05:00+00:00,1
2017-05-22T00:15:00+00:00,2017-05-22T00:15:00+00:00,1
2017-05-22T01:00:00+00:00,2017-05-22T01:00:00+00:00,1
2017-05-29T00:00:00+00:00,2017-05-29T00:01:00+00:00,2
2017-05-29T00:05:00+00:00,2017-05-29T00:05:00+00:00,1
2017-05-29T00:15:00+00:00,2017-05-29T00:15:00+00:00,1
2017-05-29T01:00:00+00:00,2017-05-29T01:00:00+00:00,1
2017-05-29T03:46:00+00:00,2017-05-29T03:47:00+00:00,2
2017-05-29T03:51:00+00:00,2017-05-29T03:51:00+00:00,1
2017-05-29T04:01:00+00:00,2017-05-29T04:01:00+00:00,1
2017-05-29T04:46:00+00:00,2017-05-29T04:46:00+00:00,1
2017-06-05T00:00:00+00:00,2017-06-05T00:01:00+00:00,2
2017-06-05T00:05:00+00:00,2017-06-05T00:05:00+00:00,1
2017-06-05T00:15:00+00:00,2017-06-05T00:15:00+00:00,1
2017-06-05T01:00:00+00:00,2017-06-05T01:00:00+00:00,1
2017-06-12T00:00:00+00:00,2017-06-12T00:01:00+00:00,2
2017-06-12T00:05:00+00:00,2017-06-12T00:05:00+00:00,1
2017-06-12T00:15:00+00:00,2017-06-12T00:15:00+00:00,1
2017-06-12T01:00:00+00:00,2017-06-12T01:00:00+00:00,1
2017-06-19T00:00:00+00:00,2017-06-19T00:01:00+00:00,2
2017-06-19T00:05:00+00:00,2017-06-19T00:05:00+00:00,1
2017-06-19T00:15:00+00:00,2017-06-19T00:15:00+00:00,1
2017-06-19T01:00:00+00:00,2017-06-19T01:00:00+00:00,1
2017-06-26T00:00:00+00:00,2017-06-26T00:01:00+00:00,2
2017-06-26T00:05:00+00:00,2017-06-26T00:05:00+00:00,1
2017-06-26T00:15:00+00:00,2017-06-26T00:15:00+00:00,1
2017-06-26T01:00:00+00:00,2017-06-26T01:00:00+00:00,1
2017-07-03T00:00:00+00:00,2017-07-03T00:01:00+00:00,2
2017-07-03T00:05:00+00:00,2017-07-03T00:05:00+00:00,1
2017-07-03T00:15:00+00:00,2017-07-03T00:15:00+00:00,1
2017-07-03T01:00:00+00:00,2017-07-03T01:00:00+00:00,1
2017-07-10T00:00:00+00:00,2017-07-10T00:01:00+00:00,2
2017-07-10T00:05:00+00:00,2017-07-10T00:05:00+00:00,1
2017-07-10T00:15:00+00:00,2017-07-10T00:15:00+00:00,1
2017-07-10T01:00:00+00:00,2017-07-10T01:00:00+00:00,1
2017-07-17T00:00:00+00:00,2017-07-17T00:01:00+00:00,2
2017-07-17T00:05:00+00:00,2017-07-17T00:05:00+00:00,1
2017-07-17T00:15:00+00:00,2017-07-17T00:15:00+00:00,1
2017-07-17T01:00:00+00:00,2017-07-17T01:00:00+00:00,1
2017-07-24T00:00:00+00:00,2017-07-24T00:01:00+00:00,2
2017-07-24T00:05:00+00:00,2017-07-24T00:05:00+00:00,1
2017-07-24T00:15:00+00:00,2017-07-24T00:15:00+00:00,1
2017-07-24T01:00:00+00:00,2017-07-24T01:00:00+00:00,1
2017-07-31T00:00:00+00:00,2017-07-31T00:01:00+00:00,2
2017-07-31T00:05:00+00:00,2017-07-31T00:05:00+00:00,1
2017-07-31T00:15:00+00:00,2017-07-31T00:15:00+00:00,1
2017-07-31T01:00:00+00:00,2017-07-31T01:00:00+00:00,1
2017-08-07T00:00:00+00:00,2017-08-07T00:01:00+00:00,2
2017-08-07T00:05:00+00:00,2017-08-07T00:05:00+00:00,1
2017-08-07T00:15:00+00:00,2017-08-07T00:15:00+00:00,1
2017-08-07T01:00:00+00:00,2017-08-07T01:00:00+00:00,1
2017-08-14T00:00:00+00:00,2017-08-14T00:01:00+00:00,2
2017-08-14T00:05:00+00:00,2017-08-14T00:05:00+00:00,1
2017-08-14T00:15:00+00:00,2017-08-14T00:15:00+00:00,1
2017-08-14T01:00:00+00:00,2017-08-14T01:00:00+00:00,1
2017-08-21T00:00:00+00:00,2017-08-21T00:01:00+00:00,2
2017-08-21T00:05:00+00:00,2017-08-21T00:05:00+00:00,1
2017-08-21T00:15:00+00:00,2017-08-21T00:15:00+00:00,1
2017-08-21T01:00:00+00:00,2017-08-21T01:00:00+00:00,1
2017-08-28T00:00:00+00:00,2017-08-28T00:01:00+00:00,2
2017-08-28T00:05:00+00:00,2017-08-28T00:05:00+00:00,1
2017-08-28T00:15:00+00:00,2017-08-28T00:15:00+00:00,1
2017-08-28T01:00:00+00:00,2017-08-28T01:00:00+00:00,1
2017-09-04T00:00:00+00:00,2017-09-04T00:01:00+00:00,2
2017-09-04T00:05:00+00:00,2017-09-04T00:05:00+00:00,1
2017-09-04T00:15:00+00:00,2017-09-04T00:15:00+00:00,1
2017-09-04T01:00:00+00:00,2017-09-04T01:00:00+00:00,1
2017-09-11T00:00:00+00:00,2017-09-11T00:01:00+00:00,2
2017-09-11T00:05:00+00:00,2017-09-11T00:05:00+00:00,1
2017-09-11T00:15:00+00:00,2017-09-11T00:15:00+00:00,1
2017-09-11T01:00:00+00:00,2017-09-11T01:00:00+00:00,1
2017-09-18T00:00:00+00:00,2017-09-18T00:01:00+00:00,2
2017-09-18T00:05:00+00:00,2017-09-18T00:05:00+00:00,1
2017-09-18T00:15:00+00:00,2017-09-18T00:15:00+00:00,1
2017-09-18T01:00:00+00:00,2017-09-18T01:00:00+00:00,1
2017-09-25T00:00:00+00:00,2017-09-25T00:01:00+00:00,2
2017-09-25T00:05:00+00:00,2017-09-25T00:05:00+00:00,1
2017-09-25T00:15:00+00:00,2017-09-25T00:15:00+00:00,1
2017-09-25T01:00:00+00:00,2017-09-25T01:00:00+00:00,1
2017-10-02T00:00:00+00:00,2017-10-02T00:01:00+00:00,2
2017-10-02T00:05:00+00:00,2017-10-02T00:05:00+00:00,1
2017-10-02T00:15:00+00:00,2017-10-02T00:15:00+00:00,1
2017-10-02T01:00:00+00:00,2017-10-02T01:00:00+00:00,1
2017-10-09T00:00:00+00:00,2017-10-09T00:01:00+00:00,2
2017-10-09T00:05:00+00:00,2017-10-09T00:05:00+00:00,1
2017-10-09T00:15:00+00:00,2017-10-09T00:15:00+00:00,1
2017-10-09T01:00:00+00:00,2017-10-09T01:00:00+00:00,1
2017-10-16T00:00:00+00:00,2017-10-16T00:01:00+00:00,2
2017-10-16T00:05:00+00:00,2017-10-16T00:05:00+00:00,1
2017-10-16T00:15:00+00:00,2017-10-16T00:15:00+00:00,1
2017-10-16T01:00:00+00:00,2017-10-16T01:00:00+00:00,1
2017-10-23T00:00:00+00:00,2017-10-23T00:01:00+00:00,2
2017-10-23T00:05:00+00:00,2017-10-23T00:05:00+00:00,1
2017-10-23T00:15:00+00:00,2017-10-23T00:15:00+00:00,1
2017-10-23T01:00:00+00:00,2017-10-23T01:00:00+00:00,1
2017-10-29T23:00:00+00:00,2017-10-29T23:01:00+00:00,2
2017-10-29T23:05:00+00:00,2017-10-29T23:05:00+00:00,1
2017-10-29T23:15:00+00:00,2017-10-29T23:15:00+00:00,1
2017-10-30T00:00:00+00:00,2017-10-30T00:00:00+00:00,1
2017-11-06T00:00:00+00:00,2017-11-06T00:01:00+00:00,2
2017-11-06T00:05:00+00:00,2017-11-06T00:05:00+00:00,1
2017-11-06T00:15:00+00:00,2017-11-06T00:15:00+00:00,1
2017-11-06T01:00:00+00:00,2017-11-06T01:00:00+00:00,1
2017-11-13T00:00:00+00:00,2017-11-13T00:01:00+00:00,2
2017-11-13T00:05:00+00:00,2017-11-13T00:05:00+00:00,1
2017-11-13T00:15:00+00:00,2017-11-13T00:15:00+00:00,1
2017-11-13T01:00:00+00:00,2017-11-13T01:00:00+00:00,1
2017-11-20T00:00:00+00:00,2017-11-20T00:01:00+00:00,2
2017-11-20T00:05:00+00:00,2017-11-20T00:05:00+00:00,1
2017-11-20T00:15:00+00:00,2017-11-20T00:15:00+00:00,1
2017-11-20T01:00:00+00:00,2017-11-20T01:00:00+00:00,1
2017-11-27T00:00:00+00:00,2017-11-27T00:01:00+00:00,2
2017-11-27T00:05:00+00:00,2017-11-27T00:05:00+00:00,1
2017-11-27T00:15:00+00:00,2017-11-27T00:15:00+00:00,1
2017-11-27T01:00:00+00:00,2017-11-27T01:00:00+00:00,1
2017-12-04T00:00:00+00:00,2017-12-04T00:01:00+00:00,2
2017-12-04T00:05:00+00:00,2017-12-04T00:05:00+00:00,1
2017-12-04T00:15:00+00:00,2017-12-04T00:15:00+00:00,1
2017-12-04T01:00:00+00:00,2017-12-04T01:00:00+00:00,1
2017-12-11T00:00:00+00:00,2017-12-11T00:01:00+00:00,2
2017-12-11T00:05:00+00:00,2017-12-11T00:05:00+00:00,1
2017-12-11T00:15:00+00:00,2017-12-11T00:15:00+00:00,1
2017-12-11T01:00:00+00:00,2017-12-11T01:00:00+00:00,1
2017-12-18T00:00:00+00:00,2017-12-18T00:01:00+00:00,2
2017-12-18T00:05:00+00:00,2017-12-18T00:05:00+00:00,1
2017-12-18T00:15:00+00:00,2017-12-18T00:15:00+00:00,1
2017-12-18T01:00:00+00:00,2017-12-18T01:00:00+00:00,1
2017-12-26T09:05:00+00:00,2017-12-26T09:06:00+00:00,2
2017-12-26T09:10:00+00:00,2017-12-26T09:10:00+00:00,1
2017-12-26T09:20:00+00:00,2017-12-26T09:20:00+00:00,1
2017-12-26T10:05:00+00:00,2017-12-26T10:05:00+00:00,1
2018-01-02T09:05:00+00:00,2018-01-02T09:06:00+00:00,2
2018-01-02T09:10:00+00:00,2018-01-02T09:10:00+00:00,1
2018-01-02T09:20:00+00:00,2018-01-02T09:20:00+00:00,1
2018-01-02T10:05:00+00:00,2018-01-02T10:05:00+00:00,1
2018-01-08T00:00:00+00:00,2018-01-08T00:01:00+00:00,2
2018-01-08T00:05:00+00:00,2018-01-08T00:05:00+00:00,1
2018-01-08T00:15:00+00:00,2018-01-08T00:15:00+00:00,1
2018-01-08T01:00:00+00:00,2018-01-08T01:00:00+00:00,1
2018-01-15T00:00:00+00:00,2018-01-15T00:01:00+00:00,2
2018-01-15T00:05:00+00:00,2018-01-15T00:05:00+00:00,1
2018-01-15T00:15:00+00:00,2018-01-15T00:15:00+00:00,1
2018-01-15T01:00:00+00:00,2018-01-15T01:00:00+00:00,1
2018-01-22T00:00:00+00:00,2018-01-22T00:01:00+00:00,2
2018-01-22T00:05:00+00:00,2018-01-22T00:05:00+00:00,1
2018-01-22T00:15:00+00:00,2018-01-22T00:15:00+00:00,1
2018-01-22T01:00:00+00:00,2018-01-22T01:00:00+00:00,1
2018-01-29T00:00:00+00:00,2018-01-29T00:01:00+00:00,2
2018-01-29T00:05:00+00:00,2018-01-29T00:05:00+00:00,1
2018-01-29T00:15:00+00:00,2018-01-29T00:15:00+00:00,1
2018-01-29T01:00:00+00:00,2018-01-29T01:00:00+00:00,1
2018-02-05T00:00:00+00:00,2018-02-05T00:01:00+00:00,2
2018-02-05T00:05:00+00:00,2018-02-05T00:05:00+00:00,1
2018-02-05T00:15:00+00:00,2018-02-05T00:15:00+00:00,1
2018-02-05T01:00:00+00:00,2018-02-05T01:00:00+00:00,1
2018-02-07T00:16:00+00:00,2018-02-07T00:17:00+00:00,2
2018-02-07T00:21:00+00:00,2018-02-07T00:21:00+00:00,1
2018-02-07T00:31:00+00:00,2018-02-07T00:31:00+00:00,1
2018-02-07T01:16:00+00:00,2018-02-07T01:16:00+00:00,1
2018-02-12T00:00:00+00:00,2018-02-12T00:01:00+00:00,2
2018-02-12T00:05:00+00:00,2018-02-12T00:05:00+00:00,1
2018-02-12T00:15:00+00:00,2018-02-12T00:15:00+00:00,1
2018-02-12T01:00:00+00:00,2018-02-12T01:00:00+00:00,1
2018-02-19T00:00:00+00:00,2018-02-19T00:01:00+00:00,2
2018-02-19T00:05:00+00:00,2018-02-19T00:05:00+00:00,1
2018-02-19T00:15:00+00:00,2018-02-19T00:15:00+00:00,1
2018-02-19T01:00:00+00:00,2018-02-19T01:00:00+00:00,1
2018-02-26T00:00:00+00:00,2018-02-26T00:01:00+00:00,2
2018-02-26T00:05:00+00:00,2018-02-26T00:05:00+00:00,1
2018-02-26T00:15:00+00:00,2018-02-26T00:15:00+00:00,1
2018-02-26T01:00:00+00:00,2018-02-26T01:00:00+00:00,1
2018-03-05T00:00:00+00:00,2018-03-05T00:01:00+00:00,2
2018-03-05T00:05:00+00:00,2018-03-05T00:05:00+00:00,1
2018-03-05T00:15:00+00:00,2018-03-05T00:15:00+00:00,1
2018-03-05T01:00:00+00:00,2018-03-05T01:00:00+00:00,1
2018-03-11T23:00:00+00:00,2018-03-11T23:01:00+00:00,2
2018-03-11T23:05:00+00:00,2018-03-11T23:05:00+00:00,1
2018-03-11T23:15:00+00:00,2018-03-11T23:15:00+00:00,1
2018-03-12T00:00:00+00:00,2018-03-12T00:00:00+00:00,1
2018-03-18T23:00:00+00:00,2018-03-18T23:01:00+00:00,2
2018-03-18T23:05:00+00:00,2018-03-18T23:05:00+00:00,1
2018-03-18T23:15:00+00:00,2018-03-18T23:15:00+00:00,1
2018-03-19T00:00:00+00:00,2018-03-19T00:00:00+00:00,1
2018-03-26T00:00:00+00:00,2018-03-26T00:01:00+00:00,2
2018-03-26T00:05:00+00:00,2018-03-26T00:05:00+00:00,1
2018-03-26T00:15:00+00:00,2018-03-26T00:15:00+00:00,1
2018-03-26T01:00:00+00:00,2018-03-26T01:00:00+00:00,1
2018-04-02T00:00:00+00:00,2018-04-02T00:01:00+00:00,2
2018-04-02T00:05:00+00:00,2018-04-02T00:05:00+00:00,1
2018-04-02T00:15:00+00:00,2018-04-02T00:15:00+00:00,1
2018-04-02T01:00:00+00:00,2018-04-02T01:00:00+00:00,1
2018-04-09T00:00:00+00:00,2018-04-09T00:01:00+00:00,2
2018-04-09T00:05:00+00:00,2018-04-09T00:05:00+00:00,1
2018-04-09T00:15:00+00:00,2018-04-09T00:15:00+00:00,1
2018-04-09T01:00:00+00:00,2018-04-09T01:00:00+00:00,1
2018-04-10T15:30:00+00:00,2018-04-10T15:31:00+00:00,2
2018-04-10T15:35:00+00:00,2018-04-10T15:35:00+00:00,1
2018-04-10T15:45:00+00:00,2018-04-10T15:45:00+00:00,1
2018-04-10T16:30:00+00:00,2018-04-10T16:30:00+00:00,1
2018-04-16T00:00:00+00:00,2018-04-16T00:01:00+00:00,2
2018-04-16T00:05:00+00:00,2018-04-16T00:05:00+00:00,1
2018-04-16T00:15:00+00:00,2018-04-16T00:15:00+00:00,1
2018-04-16T01:00:00+00:00,2018-04-16T01:00:00+00:00,1
2018-04-23T00:00:00+00:00,2018-04-23T00:01:00+00:00,2
2018-04-23T00:05:00+00:00,2018-04-23T00:05:00+00:00,1
2018-04-23T00:15:00+00:00,2018-04-23T00:15:00+00:00,1
2018-04-23T01:00:00+00:00,2018-04-23T01:00:00+00:00,1
2018-04-30T00:00:00+00:00,2018-04-30T00:01:00+00:00,2
2018-04-30T00:05:00+00:00,2018-04-30T00:05:00+00:00,1
2018-04-30T00:15:00+00:00,2018-04-30T00:15:00+00:00,1
2018-04-30T01:00:00+00:00,2018-04-30T01:00:00+00:00,1
2018-05-02T13:00:00+00:00,2018-05-02T13:01:00+00:00,2
2018-05-02T13:05:00+00:00,2018-05-02T13:05:00+00:00,1
2018-05-02T13:07:00+00:00,2018-05-02T20:58:00+00:00,472
2018-05-02T22:00:00+00:00,2018-05-03T04:36:00+00:00,397
2018-05-03T04:38:00+00:00,2018-05-03T13:26:00+00:00,529
2018-05-03T13:36:00+00:00,2018-05-03T20:58:00+00:00,443
2018-05-03T22:00:00+00:00,2018-05-04T20:57:00+00:00,1378
2018-05-06T22:00:00+00:00,2018-05-06T22:56:00+00:00,57
2018-05-06T22:58:00+00:00,2018-05-07T06:30:00+00:00,453
2018-05-07T06:32:00+00:00,2018-05-07T13:05:00+00:00,394
2018-05-07T13:10:00+00:00,2018-05-07T20:58:00+00:00,469
2018-05-07T22:00:00+00:00,2018-05-08T20:58:00+00:00,1379
2018-05-08T22:00:00+00:00,2018-05-09T20:58:00+00:00,1379
2018-05-09T22:00:00+00:00,2018-05-09T22:24:00+00:00,25
2018-05-09T22:26:00+00:00,2018-05-10T20:58:00+00:00,1353
2018-05-10T22:00:00+00:00,2018-05-11T20:57:00+00:00,1378
2018-05-13T22:00:00+00:00,2018-05-14T20:58:00+00:00,1379
2018-05-14T22:00:00+00:00,2018-05-15T20:58:00+00:00,1379
2018-05-15T22:00:00+00:00,2018-05-16T20:58:00+00:00,1379
2018-05-16T22:00:00+00:00,2018-05-17T20:58:00+00:00,1379
2018-05-17T22:00:00+00:00,2018-05-17T23:03:00+00:00,64
2018-05-17T23:05:00+00:00,2018-05-18T20:57:00+00:00,1313
2018-05-20T22:00:00+00:00,2018-05-21T20:58:00+00:00,1379
2018-05-21T22:00:00+00:00,2018-05-22T20:58:00+00:00,1379
2018-05-22T22:00:00+00:00,2018-05-23T20:58:00+00:00,1379
2018-05-23T22:00:00+00:00,2018-05-24T20:58:00+00:00,1379
2018-05-24T22:00:00+00:00,2018-05-25T20:57:00+00:00,1378
2018-05-27T22:00:00+00:00,2018-05-28T16:40:00+00:00,1121
2018-05-28T22:00:00+00:00,2018-05-29T20:58:00+00:00,1379
2018-05-29T22:00:00+00:00,2018-05-30T20:58:00+00:00,1379
2018-05-30T22:00:00+00:00,2018-05-31T20:58:00+00:00,1379
2018-05-31T22:00:00+00:00,2018-06-01T20:57:00+00:00,1378
2018-06-03T22:00:00+00:00,2018-06-03T22:25:00+00:00,26
2018-06-03T22:27:00+00:00,2018-06-04T18:21:00+00:00,1195
2018-06-04T18:23:00+00:00,2018-06-04T20:58:00+00:00,156
2018-06-04T22:00:00+00:00,2018-06-04T22:57:00+00:00,58
2018-06-04T22:59:00+00:00,2018-06-04T23:08:00+00:00,10
2018-06-04T23:10:00+00:00,2018-06-05T20:58:00+00:00,1309
2018-06-05T22:00:00+00:00,2018-06-06T03:38:00+00:00,339
2018-06-06T03:40:00+00:00,2018-06-06T03:57:00+00:00,18
2018-06-06T03:59:00+00:00,2018-06-06T20:58:00+00:00,1020
2018-06-06T22:00:00+00:00,2018-06-07T20:58:00+00:00,1379
2018-06-07T22:00:00+00:00,2018-06-08T20:57:00+00:00,1378
2018-06-10T22:00:00+00:00,2018-06-11T20:16:00+00:00,1337
2018-06-11T20:18:00+00:00,2018-06-11T20:58:00+00:00,41
2018-06-11T22:00:00+00:00,2018-06-12T20:58:00+00:00,1379
2018-06-12T22:00:00+00:00,2018-06-13T03:41:00+00:00,342
2018-06-13T03:43:00+00:00,2018-06-13T20:58:00+00:00,1036
2018-06-13T22:00:00+00:00,2018-06-14T20:58:00+00:00,1379
2018-06-14T22:00:00+00:00,2018-06-15T20:57:00+00:00,1378
2018-06-17T22:00:00+00:00,2018-06-18T04:38:00+00:00,399
2018-06-18T04:40:00+00:00,2018-06-18T20:58:00+00:00,979
2018-06-18T22:00:00+00:00,2018-06-19T20:58:00+00:00,1379
2018-06-19T22:00:00+00:00,2018-06-20T20:58:00+00:00,1379
2018-06-20T22:00:00+00:00,2018-06-21T20:58:00+00:00,1379
2018-06-21T22:00:00+00:00,2018-06-22T20:57:00+00:00,1378
2018-06-24T22:00:00+00:00,2018-06-25T20:58:00+00:00,1379
2018-06-25T22:00:00+00:00,2018-06-26T20:58:00+00:00,1379
2018-06-26T22:00:00+00:00,2018-06-27T20:58:00+00:00,1379
2018-06-27T22:00:00+00:00,2018-06-28T20:58:00+00:00,1379
2018-06-28T22:00:00+00:00,2018-06-29T20:57:00+00:00,1378
2018-07-01T22:00:00+00:00,2018-07-02T20:58:00+00:00,1379
2018-07-02T22:00:00+00:00,2018-07-02T23:30:00+00:00,91
2018-07-02T23:32:00+00:00,2018-07-03T20:34:00+00:00,1263
2018-07-03T20:36:00+00:00,2018-07-03T20:58:00+00:00,23
2018-07-03T22:00:00+00:00,2018-07-03T22:22:00+00:00,23
2018-07-03T22:24:00+00:00,2018-07-03T22:27:00+00:00,4
2018-07-03T22:29:00+00:00,2018-07-04T16:55:00+00:00,1107
2018-07-04T22:00:00+00:00,2018-07-05T20:58:00+00:00,1379
2018-07-05T22:00:00+00:00,2018-07-06T20:57:00+00:00,1378
2018-07-08T22:00:00+00:00,2018-07-08T22:40:00+00:00,41
2018-07-08T22:42:00+00:00,2018-07-09T20:58:00+00:00,1337
2018-07-09T22:00:00+00:00,2018-07-09T23:05:00+00:00,66
2018-07-09T23:07:00+00:00,2018-07-10T20:58:00+00:00,1312
2018-07-10T22:00:00+00:00,2018-07-11T20:58:00+00:00,1379
2018-07-11T22:00:00+00:00,2018-07-12T20:58:00+00:00,1379
2018-07-12T22:00:00+00:00,2018-07-13T20:57:00+00:00,1378
2018-07-15T22:00:00+00:00,2018-07-16T20:23:00+00:00,1344
2018-07-16T20:25:00+00:00,2018-07-16T20:58:00+00:00,34
2018-07-16T22:00:00+00:00,2018-07-16T22:23:00+00:00,24
2018-07-16T22:25:00+00:00,2018-07-16T22:30:00+00:00,6
2018-07-16T22:32:00+00:00,2018-07-17T20:09:00+00:00,1298
2018-07-17T20:11:00+00:00,2018-07-17T20:58:00+00:00,48
2018-07-17T22:00:00+00:00,2018-07-17T22:22:00+00:00,23
2018-07-17T22:24:00+00:00,2018-07-17T22:56:00+00:00,33
2018-07-17T22:58:00+00:00,2018-07-18T20:58:00+00:00,1321
2018-07-18T22:00:00+00:00,2018-07-19T20:58:00+00:00,1379
2018-07-19T22:00:00+00:00,2018-07-20T20:57:00+00:00,1378
2018-07-22T22:00:00+00:00,2018-07-23T20:26:00+00:00,1347
2018-07-23T20:28:00+00:00,2018-07-23T20:58:00+00:00,31
2018-07-23T22:00:00+00:00,2018-07-24T20:58:00+00:00,1379
2018-07-24T22:00:00+00:00,2018-07-25T20:58:00+00:00,1379
2018-07-25T22:00:00+00:00,2018-07-25T22:35:00+00:00,36
2018-07-25T22:37:00+00:00,2018-07-26T20:58:00+00:00,1342
2018-07-26T22:00:00+00:00,2018-07-27T20:57:00+00:00,1378
2018-07-29T22:00:00+00:00,2018-07-29T23:21:00+00:00,82
2018-07-29T23:23:00+00:00,2018-07-30T20:58:00+00:00,1296
2018-07-30T22:00:00+00:00,2018-07-31T20:58:00+00:00,1379
2018-07-31T22:00:00+00:00,2018-07-31T22:31:00+00:00,32
2018-07-31T22:33:00+00:00,2018-08-01T20:58:00+00:00,1346
2018-08-01T22:00:00+00:00,2018-08-02T20:58:00+00:00,1379
2018-08-02T22:00:00+00:00,2018-08-03T20:31:00+00:00,1352
2018-08-03T20:33:00+00:00,2018-08-03T20:57:00+00:00,25
2018-08-05T22:00:00+00:00,2018-08-06T20:58:00+00:00,1379
2018-08-06T22:00:00+00:00,2018-08-07T20:58:00+00:00,1379
2018-08-07T22:00:00+00:00,2018-08-08T20:58:00+00:00,1379
2018-08-08T22:00:00+00:00,2018-08-09T20:15:00+00:00,1336
2018-08-09T20:17:00+00:00,2018-08-09T20:58:00+00:00,42
2018-08-09T22:00:00+00:00,2018-08-09T22:18:00+00:00,19
2018-08-09T22:20:00+00:00,2018-08-09T22:38:00+00:00,19
2018-08-09T22:40:00+00:00,2018-08-09T23:34:00+00:00,55
2018-08-09T23:36:00+00:00,2018-08-10T20:57:00+00:00,1282
2018-08-12T22:00:00+00:00,2018-08-12T22:25:00+00:00,26
2018-08-12T22:27:00+00:00,2018-08-13T20:41:00+00:00,1335
2018-08-13T20:43:00+00:00,2018-08-13T20:58:00+00:00,16
2018-08-13T22:00:00+00:00,2018-08-13T22:55:00+00:00,56
2018-08-13T22:57:00+00:00,2018-08-14T03:26:00+00:00,270
2018-08-14T03:28:00+00:00,2018-08-14T03:30:00+00:00,3
2018-08-14T03:32:00+00:00,2018-08-14T20:05:00+00:00,994
2018-08-14T20:07:00+00:00,2018-08-14T20:58:00+00:00,52
2018-08-14T22:00:00+00:00,2018-08-14T22:04:00+00:00,5
2018-08-14T22:06:00+00:00,2018-08-14T22:20:00+00:00,15
2018-08-14T22:22:00+00:00,2018-08-14T22:23:00+00:00,2
2018-08-14T22:25:00+00:00,2018-08-14T22:52:00+00:00,28
2018-08-14T22:54:00+00:00,2018-08-15T20:58:00+00:00,1325
2018-08-15T22:00:00+00:00,2018-08-15T22:37:00+00:00,38
2018-08-15T22:39:00+00:00,2018-08-16T20:40:00+00:00,1322
2018-08-16T20:42:00+00:00,2018-08-16T20:58:00+00:00,17
2018-08-16T22:00:00+00:00,2018-08-16T22:03:00+00:00,4
2018-08-16T22:05:00+00:00,2018-08-17T20:57:00+00:00,1373
2018-08-19T22:00:00+00:00,2018-08-19T22:38:00+00:00,39
2018-08-19T22:40:00+00:00,2018-08-19T22:40:00+00:00,1
2018-08-19T22:42:00+00:00,2018-08-19T22:44:00+00:00,3
2018-08-19T22:46:00+00:00,2018-08-19T23:15:00+00:00,30
2018-08-19T23:17:00+00:00,2018-08-19T23:48:00+00:00,32
2018-08-19T23:50:00+00:00,2018-08-20T04:03:00+00:00,254
2018-08-20T04:05:00+00:00,2018-08-20T20:58:00+00:00,1014
2018-08-20T22:00:00+00:00,2018-08-20T22:09:00+00:00,10
2018-08-20T22:11:00+00:00,2018-08-20T22:25:00+00:00,15
2018-08-20T22:27:00+00:00,2018-08-20T22:32:00+00:00,6
2018-08-20T22:34:00+00:00,2018-08-20T22:40:00+00:00,7
2018-08-20T22:43:00+00:00,2018-08-20T22:57:00+00:00,15
2018-08-20T22:59:00+00:00,2018-08-21T20:58:00+00:00,1320
2018-08-21T22:00:00+00:00,2018-08-22T03:16:00+00:00,317
2018-08-22T03:18:00+00:00,2018-08-22T20:19:00+00:00,1022
2018-08-22T20:21:00+00:00,2018-08-22T20:58:00+00:00,38
2018-08-22T22:00:00+00:00,2018-08-22T22:17:00+00:00,18
2018-08-22T22:19:00+00:00,2018-08-22T22:40:00+00:00,22
2018-08-22T22:42:00+00:00,2018-08-22T22:46:00+00:00,5
2018-08-22T22:48:00+00:00,2018-08-22T22:48:00+00:00,1
2018-08-22T22:50:00+00:00,2018-08-22T22:50:00+00:00,1
2018-08-22T22:52:00+00:00,2018-08-22T22:52:00+00:00,1
2018-08-22T22:54:00+00:00,2018-08-23T20:06:00+00:00,1273
2018-08-23T20:08:00+00:00,2018-08-23T20:58:00+00:00,51
2018-08-23T22:00:00+00:00,2018-08-24T20:57:00+00:00,1378
2018-08-26T22:00:00+00:00,2018-08-26T22:16:00+00:00,17
2018-08-26T22:18:00+00:00,2018-08-26T22:31:00+00:00,14
2018-08-26T22:33:00+00:00,2018-08-26T23:25:00+00:00,53
2018-08-26T23:27:00+00:00,2018-08-27T04:21:00+00:00,295
2018-08-27T04:23:00+00:00,2018-08-27T20:48:00+00:00,986
2018-08-27T20:50:00+00:00,2018-08-27T20:58:00+00:00,9
2018-08-27T22:00:00+00:00,2018-08-27T22:06:00+00:00,7
2018-08-27T22:08:00+00:00,2018-08-27T22:34:00+00:00,27
2018-08-27T22:36:00+00:00,2018-08-27T22:55:00+00:00,20
2018-08-27T22:57:00+00:00,2018-08-27T23:31:00+00:00,35
2018-08-27T23:33:00+00:00,2018-08-28T20:58:00+00:00,1286
2018-08-28T22:00:00+00:00,2018-08-29T20:58:00+00:00,1379
2018-08-29T22:00:00+00:00,2018-08-29T22:37:00+00:00,38
2018-08-29T22:39:00+00:00,2018-08-29T22:42:00+00:00,4
2018-08-29T22:45:00+00:00,2018-08-29T22:54:00+00:00,10
2018-08-29T22:57:00+00:00,2018-08-29T22:57:00+00:00,1
2018-08-29T22:59:00+00:00,2018-08-29T23:18:00+00:00,20
2018-08-29T23:20:00+00:00,2018-08-29T23:53:00+00:00,34
2018-08-29T23:55:00+00:00,2018-08-30T00:10:00+00:00,16
2018-08-30T00:12:00+00:00,2018-08-30T20:58:00+00:00,1247
2018-08-30T22:00:00+00:00,2018-08-30T22:26:00+00:00,27
2018-08-30T22:28:00+00:00,2018-08-30T22:28:00+00:00,1
2018-08-30T22:30:00+00:00,2018-08-30T23:34:00+00:00,65
2018-08-30T23:36:00+00:00,2018-08-31T20:57:00+00:00,1282
2018-09-02T22:00:00+00:00,2018-09-02T22:14:00+00:00,15
2018-09-02T22:16:00+00:00,2018-09-02T22:23:00+00:00,8
2018-09-02T22:25:00+00:00,2018-09-02T23:38:00+00:00,74
2018-09-02T23:40:00+00:00,2018-09-03T16:55:00+00:00,1036
2018-09-03T22:00:00+00:00,2018-09-03T22:09:00+00:00,10
2018-09-03T22:12:00+00:00,2018-09-03T22:27:00+00:00,16
2018-09-03T22:29:00+00:00,2018-09-03T23:09:00+00:00,41
2018-09-03T23:11:00+00:00,2018-09-03T23:34:00+00:00,24
2018-09-03T23:36:00+00:00,2018-09-03T23:36:00+00:00,1
2018-09-03T23:38:00+00:00,2018-09-03T23:38:00+00:00,1
2018-09-03T23:40:00+00:00,2018-09-04T20:58:00+00:00,1279
2018-09-04T22:00:00+00:00,2018-09-04T22:03:00+00:00,4
2018-09-04T22:05:00+00:00,2018-09-04T22:14:00+00:00,10
2018-09-04T22:16:00+00:00,2018-09-04T22:18:00+00:00,3
2018-09-04T22:20:00+00:00,2018-09-04T22:25:00+00:00,6
2018-09-04T22:27:00+00:00,2018-09-04T22:27:00+00:00,1
2018-09-04T22:30:00+00:00,2018-09-04T22:32:00+00:00,3
2018-09-04T22:34:00+00:00,2018-09-04T22:34:00+00:00,1
2018-09-04T22:36:00+00:00,2018-09-04T22:43:00+00:00,8
2018-09-04T22:45:00+00:00,2018-09-04T23:00:00+00:00,16
2018-09-04T23:02:00+00:00,2018-09-04T23:07:00+00:00,6
2018-09-04T23:10:00+00:00,2018-09-04T23:10:00+00:00,1
2018-09-04T23:12:00+00:00,2018-09-04T23:17:00+00:00,6
2018-09-04T23:20:00+00:00,2018-09-04T23:21:00+00:00,2
2018-09-04T23:23:00+00:00,2018-09-04T23:25:00+00:00,3
2018-09-04T23:28:00+00:00,2018-09-05T04:07:00+00:00,280
2018-09-05T04:09:00+00:00,2018-09-05T18:35:00+00:00,867
2018-09-05T18:37:00+00:00,2018-09-05T20:58:00+00:00,142
2018-09-05T22:00:00+00:00,2018-09-05T22:15:00+00:00,16
2018-09-05T22:17:00+00:00,2018-09-05T22:17:00+00:00,1
2018-09-05T22:20:00+00:00,2018-09-05T22:24:00+00:00,5
2018-09-05T22:26:00+00:00,2018-09-05T22:27:00+00:00,2
2018-09-05T22:29:00+00:00,2018-09-05T22:46:00+00:00,18
2018-09-05T22:48:00+00:00,2018-09-05T22:48:00+00:00,1
2018-09-05T22:50:00+00:00,2018-09-05T23:32:00+00:00,43
2018-09-05T23:34:00+00:00,2018-09-06T02:12:00+00:00,159
2018-09-06T02:14:00+00:00,2018-09-06T20:38:00+00:00,1105
2018-09-06T20:41:00+00:00,2018-09-06T20:58:00+00:00,18
2018-09-06T22:00:00+00:00,2018-09-06T22:07:00+00:00,8
2018-09-06T22:10:00+00:00,2018-09-06T22:11:00+00:00,2
2018-09-06T22:14:00+00:00,2018-09-06T22:17:00+00:00,4
2018-09-06T22:20:00+00:00,2018-09-06T22:24:00+00:00,5
2018-09-06T22:26:00+00:00,2018-09-06T22:30:00+00:00,5
2018-09-06T22:32:00+00:00,2018-09-06T23:02:00+00:00,31
2018-09-06T23:05:00+00:00,2018-09-07T20:57:00+00:00,1313
2018-09-09T22:00:00+00:00,2018-09-09T22:00:00+00:00,1
2018-09-09T22:03:00+00:00,2018-09-09T22:07:00+00:00,5
2018-09-09T22:10:00+00:00,2018-09-09T22:27:00+00:00,18
2018-09-09T22:29:00+00:00,2018-09-10T20:45:00+00:00,1337
2018-09-10T20:47:00+00:00,2018-09-10T20:58:00+00:00,12
2018-09-10T22:00:00+00:00,2018-09-10T22:09:00+00:00,10
2018-09-10T22:11:00+00:00,2018-09-10T22:17:00+00:00,7
2018-09-10T22:20:00+00:00,2018-09-10T22:22:00+00:00,3
2018-09-10T22:24:00+00:00,2018-09-10T22:25:00+00:00,2
2018-09-10T22:27:00+00:00,2018-09-10T22:28:00+00:00,2
2018-09-10T22:30:00+00:00,2018-09-10T22:42:00+00:00,13
2018-09-10T22:45:00+00:00,2018-09-10T22:48:00+00:00,4
2018-09-10T22:50:00+00:00,2018-09-10T22:50:00+00:00,1
2018-09-10T22:52:00+00:00,2018-09-10T23:04:00+00:00,13
2018-09-10T23:07:00+00:00,2018-09-10T23:20:00+00:00,14
2018-09-10T23:22:00+00:00,2018-09-10T23:26:00+00:00,5
2018-09-10T23:28:00+00:00,2018-09-10T23:32:00+00:00,5
2018-09-10T23:35:00+00:00,2018-09-10T23:48:00+00:00,14
2018-09-10T23:50:00+00:00,2018-09-10T23:51:00+00:00,2
2018-09-10T23:54:00+00:00,2018-09-11T04:23:00+00:00,270
2018-09-11T04:25:00+00:00,2018-09-11T20:21:00+00:00,957
2018-09-11T20:23:00+00:00,2018-09-11T20:58:00+00:00,36
2018-09-11T22:00:00+00:00,2018-09-11T22:28:00+00:00,29
2018-09-11T22:30:00+00:00,2018-09-11T23:02:00+00:00,33
2018-09-11T23:04:00+00:00,2018-09-12T04:55:00+00:00,352
2018-09-12T04:57:00+00:00,2018-09-12T05:13:00+00:00,17
2018-09-12T05:15:00+00:00,2018-09-12T20:26:00+00:00,912
2018-09-12T20:28:00+00:00,2018-09-12T20:28:00+00:00,1
2018-09-12T20:30:00+00:00,2018-09-12T20:34:00+00:00,5
2018-09-12T20:36:00+00:00,2018-09-12T20:58:00+00:00,23
2018-09-12T22:00:00+00:00,2018-09-12T22:17:00+00:00,18
2018-09-12T22:19:00+00:00,2018-09-12T22:22:00+00:00,4
2018-09-12T22:24:00+00:00,2018-09-12T22:43:00+00:00,20
2018-09-12T22:45:00+00:00,2018-09-12T22:51:00+00:00,7
2018-09-12T22:53:00+00:00,2018-09-12T22:53:00+00:00,1
2018-09-12T22:55:00+00:00,2018-09-12T23:08:00+00:00,14
2018-09-12T23:10:00+00:00,2018-09-12T23:40:00+00:00,31
2018-09-12T23:42:00+00:00,2018-09-13T04:22:00+00:00,281
2018-09-13T04:24:00+00:00,2018-09-13T20:58:00+00:00,995
2018-09-13T22:00:00+00:00,2018-09-13T22:13:00+00:00,14
2018-09-13T22:15:00+00:00,2018-09-13T22:17:00+00:00,3
2018-09-13T22:20:00+00:00,2018-09-13T22:28:00+00:00,9
2018-09-13T22:30:00+00:00,2018-09-13T22:36:00+00:00,7
2018-09-13T22:38:00+00:00,2018-09-14T04:36:00+00:00,359
2018-09-14T04:38:00+00:00,2018-09-14T05:18:00+00:00,41
2018-09-14T05:20:00+00:00,2018-09-14T20:57:00+00:00,938
2018-09-16T22:00:00+00:00,2018-09-16T22:43:00+00:00,44
2018-09-16T22:45:00+00:00,2018-09-16T22:47:00+00:00,3
2018-09-16T22:49:00+00:00,2018-09-16T22:51:00+00:00,3
2018-09-16T22:53:00+00:00,2018-09-16T22:55:00+00:00,3
2018-09-16T22:57:00+00:00,2018-09-16T23:02:00+00:00,6
2018-09-16T23:04:00+00:00,2018-09-16T23:26:00+00:00,23
2018-09-16T23:28:00+00:00,2018-09-16T23:45:00+00:00,18
2018-09-16T23:47:00+00:00,2018-09-16T23:47:00+00:00,1
2018-09-16T23:49:00+00:00,2018-09-17T02:15:00+00:00,147
2018-09-17T02:17:00+00:00,2018-09-17T03:25:00+00:00,69
2018-09-17T03:27:00+00:00,2018-09-17T03:30:00+00:00,4
2018-09-17T03:32:00+00:00,2018-09-17T04:15:00+00:00,44
2018-09-17T04:17:00+00:00,2018-09-17T20:27:00+00:00,971
2018-09-17T20:29:00+00:00,2018-09-17T20:58:00+00:00,30
2018-09-17T22:00:00+00:00,2018-09-18T00:37:00+00:00,158
2018-09-18T00:39:00+00:00,2018-09-18T02:53:00+00:00,135
2018-09-18T02:55:00+00:00,2018-09-18T04:38:00+00:00,104
2018-09-18T04:40:00+00:00,2018-09-18T04:45:00+00:00,6
2018-09-18T04:47:00+00:00,2018-09-18T20:58:00+00:00,972
2018-09-18T22:00:00+00:00,2018-09-18T22:45:00+00:00,46
2018-09-18T22:47:00+00:00,2018-09-19T20:15:00+00:00,1289
2018-09-19T20:17:00+00:00,2018-09-19T20:58:00+00:00,42
2018-09-19T22:00:00+00:00,2018-09-19T22:18:00+00:00,19
2018-09-19T22:20:00+00:00,2018-09-19T22:20:00+00:00,1
2018-09-19T22:22:00+00:00,2018-09-19T22:24:00+00:00,3
2018-09-19T22:27:00+00:00,2018-09-19T22:27:00+00:00,1
2018-09-19T22:30:00+00:00,2018-09-19T22:32:00+00:00,3
2018-09-19T22:34:00+00:00,2018-09-19T22:38:00+00:00,5
2018-09-19T22:41:00+00:00,2018-09-19T22:41:00+00:00,1
2018-09-19T22:43:00+00:00,2018-09-19T22:54:00+00:00,12
2018-09-19T22:56:00+00:00,2018-09-19T22:57:00+00:00,2
2018-09-19T22:59:00+00:00,2018-09-19T23:03:00+00:00,5
2018-09-19T23:05:00+00:00,2018-09-19T23:27:00+00:00,23
2018-09-19T23:29:00+00:00,2018-09-19T23:31:00+00:00,3
2018-09-19T23:33:00+00:00,2018-09-19T23:34:00+00:00,2
2018-09-19T23:37:00+00:00,2018-09-19T23:38:00+00:00,2
2018-09-19T23:40:00+00:00,2018-09-20T05:41:00+00:00,362
2018-09-20T05:43:00+00:00,2018-09-20T20:05:00+00:00,863
2018-09-20T20:07:00+00:00,2018-09-20T20:58:00+00:00,52
2018-09-20T22:00:00+00:00,2018-09-20T22:15:00+00:00,16
2018-09-20T22:17:00+00:00,2018-09-20T22:21:00+00:00,5
2018-09-20T22:24:00+00:00,2018-09-20T22:30:00+00:00,7
2018-09-20T22:32:00+00:00,2018-09-20T23:53:00+00:00,82
2018-09-20T23:55:00+00:00,2018-09-21T20:08:00+00:00,1214
2018-09-21T20:10:00+00:00,2018-09-21T20:57:00+00:00,48
2018-09-23T22:00:00+00:00,2018-09-23T22:33:00+00:00,34
2018-09-23T22:35:00+00:00,2018-09-23T23:03:00+00:00,29
2018-09-23T23:05:00+00:00,2018-09-24T00:03:00+00:00,59
2018-09-24T00:05:00+00:00,2018-09-24T03:49:00+00:00,225
2018-09-24T03:51:00+00:00,2018-09-24T04:23:00+00:00,33
2018-09-24T04:25:00+00:00,2018-09-24T05:48:00+00:00,84
2018-09-24T05:50:00+00:00,2018-09-24T20:58:00+00:00,909
2018-09-24T22:00:00+00:00,2018-09-24T22:11:00+00:00,12
2018-09-24T22:13:00+00:00,2018-09-24T22:23:00+00:00,11
2018-09-24T22:25:00+00:00,2018-09-24T22:28:00+00:00,4
2018-09-24T22:30:00+00:00,2018-09-24T22:54:00+00:00,25
2018-09-24T22:56:00+00:00,2018-09-24T23:23:00+00:00,28
2018-09-24T23:26:00+00:00,2018-09-24T23:36:00+00:00,11
2018-09-24T23:38:00+00:00,2018-09-25T03:54:00+00:00,257
2018-09-25T03:56:00+00:00,2018-09-25T20:25:00+00:00,990
2018-09-25T20:27:00+00:00,2018-09-25T20:58:00+00:00,32
2018-09-25T22:00:00+00:00,2018-09-25T22:33:00+00:00,34
2018-09-25T22:35:00+00:00,2018-09-25T22:52:00+00:00,18
2018-09-25T22:54:00+00:00,2018-09-26T00:19:00+00:00,86
2018-09-26T00:21:00+00:00,2018-09-26T00:32:00+00:00,12
2018-09-26T00:35:00+00:00,2018-09-26T20:58:00+00:00,1224
2018-09-26T22:00:00+00:00,2018-09-26T22:06:00+00:00,7
2018-09-26T22:08:00+00:00,2018-09-26T22:14:00+00:00,7
2018-09-26T22:17:00+00:00,2018-09-26T22:30:00+00:00,14
2018-09-26T22:32:00+00:00,2018-09-27T18:37:00+00:00,1206
2018-09-27T18:40:00+00:00,2018-09-27T20:20:00+00:00,101
2018-09-27T20:22:00+00:00,2018-09-27T20:58:00+00:00,37
2018-09-27T22:00:00+00:00,2018-09-27T22:50:00+00:00,51
2018-09-27T22:52:00+00:00,2018-09-27T23:17:00+00:00,26
2018-09-27T23:19:00+00:00,2018-09-27T23:23:00+00:00,5
2018-09-27T23:25:00+00:00,2018-09-27T23:35:00+00:00,11
2018-09-27T23:37:00+00:00,2018-09-28T02:00:00+00:00,144
2018-09-28T02:07:00+00:00,2018-09-28T02:23:00+00:00,17
2018-10-01T00:00:00+00:00,2018-10-01T00:01:00+00:00,2
2018-10-01T00:05:00+00:00,2018-10-01T00:05:00+00:00,1
2018-10-01T00:15:00+00:00,2018-10-01T00:15:00+00:00,1
2018-10-01T01:00:00+00:00,2018-10-01T01:00:00+00:00,1
2018-10-08T00:00:00+00:00,2018-10-08T00:01:00+00:00,2
2018-10-08T00:05:00+00:00,2018-10-08T00:05:00+00:00,1
2018-10-08T00:15:00+00:00,2018-10-08T00:15:00+00:00,1
2018-10-08T01:00:00+00:00,2018-10-08T01:00:00+00:00,1
2018-10-15T00:00:00+00:00,2018-10-15T00:01:00+00:00,2
2018-10-15T00:05:00+00:00,2018-10-15T00:05:00+00:00,1
2018-10-15T00:15:00+00:00,2018-10-15T00:15:00+00:00,1
2018-10-15T01:00:00+00:00,2018-10-15T01:00:00+00:00,1
2018-10-22T00:00:00+00:00,2018-10-22T00:01:00+00:00,2
2018-10-22T00:05:00+00:00,2018-10-22T00:05:00+00:00,1
2018-10-22T00:15:00+00:00,2018-10-22T00:15:00+00:00,1
2018-10-22T01:00:00+00:00,2018-10-22T01:00:00+00:00,1
2018-10-28T23:00:00+00:00,2018-10-28T23:01:00+00:00,2
2018-10-28T23:05:00+00:00,2018-10-28T23:05:00+00:00,1
2018-10-28T23:15:00+00:00,2018-10-28T23:15:00+00:00,1
2018-10-29T00:00:00+00:00,2018-10-29T00:00:00+00:00,1
2018-11-05T00:00:00+00:00,2018-11-05T00:01:00+00:00,2
2018-11-05T00:05:00+00:00,2018-11-05T00:05:00+00:00,1
2018-11-05T00:15:00+00:00,2018-11-05T00:15:00+00:00,1
2018-11-05T01:00:00+00:00,2018-11-05T01:00:00+00:00,1
2018-11-12T00:00:00+00:00,2018-11-12T00:01:00+00:00,2
2018-11-12T00:05:00+00:00,2018-11-12T00:05:00+00:00,1
2018-11-12T00:15:00+00:00,2018-11-12T00:15:00+00:00,1
2018-11-12T01:00:00+00:00,2018-11-12T01:00:00+00:00,1
2018-11-14T09:32:00+00:00,2018-11-14T09:33:00+00:00,2
2018-11-14T09:37:00+00:00,2018-11-14T09:37:00+00:00,1
2018-11-14T09:47:00+00:00,2018-11-14T09:47:00+00:00,1
2018-11-14T10:32:00+00:00,2018-11-14T10:32:00+00:00,1
2018-11-19T00:00:00+00:00,2018-11-19T00:01:00+00:00,2
2018-11-19T00:05:00+00:00,2018-11-19T00:05:00+00:00,1
2018-11-19T00:15:00+00:00,2018-11-19T00:15:00+00:00,1
2018-11-19T01:00:00+00:00,2018-11-19T01:00:00+00:00,1
2018-11-26T00:00:00+00:00,2018-11-26T00:01:00+00:00,2
2018-11-26T00:05:00+00:00,2018-11-26T00:05:00+00:00,1
2018-11-26T00:15:00+00:00,2018-11-26T00:15:00+00:00,1
2018-11-26T01:00:00+00:00,2018-11-26T01:00:00+00:00,1
2018-12-03T00:00:00+00:00,2018-12-03T00:01:00+00:00,2
2018-12-03T00:05:00+00:00,2018-12-03T00:05:00+00:00,1
2018-12-03T00:15:00+00:00,2018-12-03T00:15:00+00:00,1
2018-12-03T01:00:00+00:00,2018-12-03T01:00:00+00:00,1
2018-12-10T00:00:00+00:00,2018-12-10T00:01:00+00:00,2
2018-12-10T00:05:00+00:00,2018-12-10T00:05:00+00:00,1
2018-12-10T00:15:00+00:00,2018-12-10T00:15:00+00:00,1
2018-12-10T01:00:00+00:00,2018-12-10T01:00:00+00:00,1
2018-12-17T00:00:00+00:00,2018-12-17T00:01:00+00:00,2
2018-12-17T00:05:00+00:00,2018-12-17T00:05:00+00:00,1
2018-12-17T00:15:00+00:00,2018-12-17T00:15:00+00:00,1
2018-12-17T01:00:00+00:00,2018-12-17T01:00:00+00:00,1
2018-12-17T18:31:00+00:00,2018-12-17T18:32:00+00:00,2
2018-12-17T18:36:00+00:00,2018-12-17T18:36:00+00:00,1
2018-12-17T18:46:00+00:00,2018-12-17T18:46:00+00:00,1
2018-12-17T19:31:00+00:00,2018-12-17T19:31:00+00:00,1
2018-12-24T00:00:00+00:00,2018-12-24T00:01:00+00:00,2
2018-12-24T00:05:00+00:00,2018-12-24T00:05:00+00:00,1
2018-12-24T01:00:00+00:00,2018-12-24T01:00:00+00:00,1
2018-12-26T09:05:00+00:00,2018-12-26T09:06:00+00:00,2
2018-12-26T09:10:00+00:00,2018-12-26T09:10:00+00:00,1
2018-12-26T09:20:00+00:00,2018-12-26T09:20:00+00:00,1
2018-12-26T10:05:00+00:00,2018-12-26T10:05:00+00:00,1
2018-12-31T00:00:00+00:00,2018-12-31T00:01:00+00:00,2
2018-12-31T00:05:00+00:00,2018-12-31T00:05:00+00:00,1
2018-12-31T00:15:00+00:00,2018-12-31T00:15:00+00:00,1
2018-12-31T01:00:00+00:00,2018-12-31T01:00:00+00:00,1
2019-01-02T09:05:00+00:00,2019-01-02T09:06:00+00:00,2
2019-01-02T09:10:00+00:00,2019-01-02T09:10:00+00:00,1
2019-01-02T09:20:00+00:00,2019-01-02T09:20:00+00:00,1
2019-01-02T10:05:00+00:00,2019-01-02T10:05:00+00:00,1
2019-01-02T17:25:00+00:00,2019-01-02T17:26:00+00:00,2
2019-01-02T17:30:00+00:00,2019-01-02T17:30:00+00:00,1
2019-01-02T17:40:00+00:00,2019-01-02T17:40:00+00:00,1
2019-01-02T18:25:00+00:00,2019-01-02T18:25:00+00:00,1
2019-01-03T00:43:00+00:00,2019-01-03T00:56:00+00:00,14
2019-01-03T00:58:00+00:00,2019-01-03T01:06:00+00:00,9
2019-01-03T01:43:00+00:00,2019-01-03T01:51:00+00:00,9
2019-01-07T00:00:00+00:00,2019-01-07T00:01:00+00:00,2
2019-01-07T00:05:00+00:00,2019-01-07T00:05:00+00:00,1
2019-01-07T00:15:00+00:00,2019-01-07T00:15:00+00:00,1
2019-01-07T01:00:00+00:00,2019-01-07T01:00:00+00:00,1
2019-01-14T00:00:00+00:00,2019-01-14T00:01:00+00:00,2
2019-01-14T00:05:00+00:00,2019-01-14T00:05:00+00:00,1
2019-01-14T00:15:00+00:00,2019-01-14T00:15:00+00:00,1
2019-01-14T01:00:00+00:00,2019-01-14T01:00:00+00:00,1
2019-01-14T09:37:00+00:00,2019-01-14T09:38:00+00:00,2
2019-01-14T09:42:00+00:00,2019-01-14T09:42:00+00:00,1
2019-01-14T09:52:00+00:00,2019-01-14T09:52:00+00:00,1
2019-01-14T10:37:00+00:00,2019-01-14T10:37:00+00:00,1
2019-01-21T00:00:00+00:00,2019-01-21T00:01:00+00:00,2
2019-01-21T00:05:00+00:00,2019-01-21T00:05:00+00:00,1
2019-01-21T00:15:00+00:00,2019-01-21T00:15:00+00:00,1
2019-01-21T01:00:00+00:00,2019-01-21T01:00:00+00:00,1
2019-01-28T00:00:00+00:00,2019-01-28T00:01:00+00:00,2
2019-01-28T00:05:00+00:00,2019-01-28T00:05:00+00:00,1
2019-01-28T00:15:00+00:00,2019-01-28T00:15:00+00:00,1
2019-01-28T01:00:00+00:00,2019-01-28T01:00:00+00:00,1
2019-02-04T00:00:00+00:00,2019-02-04T00:01:00+00:00,2
2019-02-04T00:05:00+00:00,2019-02-04T00:05:00+00:00,1
2019-02-04T00:15:00+00:00,2019-02-04T00:15:00+00:00,1
2019-02-04T01:00:00+00:00,2019-02-04T01:00:00+00:00,1
2019-02-11T00:00:00+00:00,2019-02-11T00:01:00+00:00,2
2019-02-11T00:05:00+00:00,2019-02-11T00:05:00+00:00,1
2019-02-11T00:15:00+00:00,2019-02-11T00:15:00+00:00,1
2019-02-11T01:00:00+00:00,2019-02-11T01:00:00+00:00,1
2019-02-14T17:10:00+00:00,2019-02-14T17:11:00+00:00,2
2019-02-14T17:15:00+00:00,2019-02-14T17:15:00+00:00,1
2019-02-14T17:25:00+00:00,2019-02-14T17:25:00+00:00,1
2019-02-14T18:10:00+00:00,2019-02-14T18:10:00+00:00,1
2019-02-18T00:00:00+00:00,2019-02-18T00:01:00+00:00,2
2019-02-18T00:05:00+00:00,2019-02-18T00:05:00+00:00,1
2019-02-18T00:15:00+00:00,2019-02-18T00:15:00+00:00,1
2019-02-18T01:00:00+00:00,2019-02-18T01:00:00+00:00,1
2019-02-25T00:00:00+00:00,2019-02-25T00:01:00+00:00,2
2019-02-25T00:05:00+00:00,2019-02-25T00:05:00+00:00,1
2019-02-25T00:15:00+00:00,2019-02-25T00:15:00+00:00,1
2019-02-25T01:00:00+00:00,2019-02-25T01:00:00+00:00,1
2019-03-04T00:00:00+00:00,2019-03-04T00:01:00+00:00,2
2019-03-04T00:05:00+00:00,2019-03-04T00:05:00+00:00,1
2019-03-04T00:15:00+00:00,2019-03-04T00:15:00+00:00,1
2019-03-04T01:00:00+00:00,2019-03-04T01:00:00+00:00,1
2019-03-10T23:00:00+00:00,2019-03-10T23:01:00+00:00,2
2019-03-10T23:05:00+00:00,2019-03-10T23:05:00+00:00,1
2019-03-10T23:15:00+00:00,2019-03-10T23:15:00+00:00,1
2019-03-11T00:00:00+00:00,2019-03-11T00:00:00+00:00,1
2019-03-17T23:00:00+00:00,2019-03-17T23:01:00+00:00,2
2019-03-17T23:05:00+00:00,2019-03-17T23:05:00+00:00,1
2019-03-17T23:15:00+00:00,2019-03-17T23:15:00+00:00,1
2019-03-18T00:00:00+00:00,2019-03-18T00:00:00+00:00,1
2019-03-24T23:00:00+00:00,2019-03-24T23:01:00+00:00,2
2019-03-24T23:05:00+00:00,2019-03-24T23:05:00+00:00,1
2019-03-24T23:15:00+00:00,2019-03-24T23:15:00+00:00,1
2019-03-25T00:00:00+00:00,2019-03-25T00:00:00+00:00,1
2019-04-01T00:00:00+00:00,2019-04-01T00:01:00+00:00,2
2019-04-01T00:05:00+00:00,2019-04-01T00:05:00+00:00,1
2019-04-01T00:15:00+00:00,2019-04-01T00:15:00+00:00,1
2019-04-01T01:00:00+00:00,2019-04-01T01:00:00+00:00,1
2019-04-08T00:00:00+00:00,2019-04-08T00:01:00+00:00,2
2019-04-08T00:05:00+00:00,2019-04-08T00:05:00+00:00,1
2019-04-08T00:15:00+00:00,2019-04-08T00:15:00+00:00,1
2019-04-08T01:00:00+00:00,2019-04-08T01:00:00+00:00,1
2019-04-15T00:00:00+00:00,2019-04-15T00:01:00+00:00,2
2019-04-15T00:05:00+00:00,2019-04-15T00:05:00+00:00,1
2019-04-15T00:15:00+00:00,2019-04-15T00:15:00+00:00,1
2019-04-15T01:00:00+00:00,2019-04-15T01:00:00+00:00,1
2019-04-22T00:00:00+00:00,2019-04-22T00:01:00+00:00,2
2019-04-22T00:05:00+00:00,2019-04-22T00:05:00+00:00,1
2019-04-22T00:15:00+00:00,2019-04-22T00:15:00+00:00,1
2019-04-22T01:00:00+00:00,2019-04-22T01:00:00+00:00,1
2019-04-29T00:00:00+00:00,2019-04-29T00:01:00+00:00,2
2019-04-29T00:05:00+00:00,2019-04-29T00:05:00+00:00,1
2019-04-29T00:15:00+00:00,2019-04-29T00:15:00+00:00,1
2019-04-29T01:00:00+00:00,2019-04-29T01:00:00+00:00,1
2019-05-06T00:00:00+00:00,2019-05-06T00:01:00+00:00,2
2019-05-06T00:05:00+00:00,2019-05-06T00:05:00+00:00,1
2019-05-06T00:15:00+00:00,2019-05-06T00:15:00+00:00,1
2019-05-06T01:00:00+00:00,2019-05-06T01:00:00+00:00,1
2019-05-13T00:00:00+00:00,2019-05-13T00:01:00+00:00,2
2019-05-13T00:05:00+00:00,2019-05-13T00:05:00+00:00,1
2019-05-13T00:15:00+00:00,2019-05-13T00:15:00+00:00,1
2019-05-13T01:00:00+00:00,2019-05-13T01:00:00+00:00,1
2019-05-15T17:47:00+00:00,2019-05-15T17:48:00+00:00,2
2019-05-15T17:52:00+00:00,2019-05-15T17:52:00+00:00,1
2019-05-15T18:02:00+00:00,2019-05-15T18:02:00+00:00,1
2019-05-15T18:47:00+00:00,2019-05-15T18:47:00+00:00,1
2019-05-20T00:00:00+00:00,2019-05-20T00:01:00+00:00,2
2019-05-20T00:05:00+00:00,2019-05-20T00:05:00+00:00,1
2019-05-20T00:15:00+00:00,2019-05-20T00:15:00+00:00,1
2019-05-20T01:00:00+00:00,2019-05-20T01:00:00+00:00,1
2019-05-27T00:00:00+00:00,2019-05-27T00:01:00+00:00,2
2019-05-27T00:05:00+00:00,2019-05-27T00:05:00+00:00,1
2019-05-27T00:15:00+00:00,2019-05-27T00:15:00+00:00,1
2019-05-27T01:00:00+00:00,2019-05-27T01:00:00+00:00,1
2019-06-03T00:00:00+00:00,2019-06-03T00:01:00+00:00,2
2019-06-03T00:05:00+00:00,2019-06-03T00:05:00+00:00,1
2019-06-03T00:15:00+00:00,2019-06-03T00:15:00+00:00,1
2019-06-03T01:00:00+00:00,2019-06-03T01:00:00+00:00,1
2019-06-10T00:00:00+00:00,2019-06-10T00:01:00+00:00,2
2019-06-10T00:05:00+00:00,2019-06-10T00:05:00+00:00,1
2019-06-10T00:15:00+00:00,2019-06-10T00:15:00+00:00,1
2019-06-10T01:00:00+00:00,2019-06-10T01:00:00+00:00,1
2019-06-17T00:00:00+00:00,2019-06-17T00:01:00+00:00,2
2019-06-17T00:05:00+00:00,2019-06-17T00:05:00+00:00,1
2019-06-17T00:15:00+00:00,2019-06-17T00:15:00+00:00,1
2019-06-17T01:00:00+00:00,2019-06-17T01:00:00+00:00,1
2019-06-24T00:00:00+00:00,2019-06-24T00:01:00+00:00,2
2019-06-24T00:05:00+00:00,2019-06-24T00:05:00+00:00,1
2019-06-24T00:15:00+00:00,2019-06-24T00:15:00+00:00,1
2019-06-24T01:00:00+00:00,2019-06-24T01:00:00+00:00,1
2019-07-01T00:00:00+00:00,2019-07-01T00:01:00+00:00,2
2019-07-01T00:05:00+00:00,2019-07-01T00:05:00+00:00,1
2019-07-01T00:15:00+00:00,2019-07-01T00:15:00+00:00,1
2019-07-01T01:00:00+00:00,2019-07-01T01:00:00+00:00,1
2019-07-08T00:00:00+00:00,2019-07-08T00:01:00+00:00,2
2019-07-08T00:05:00+00:00,2019-07-08T00:05:00+00:00,1
2019-07-08T00:15:00+00:00,2019-07-08T00:15:00+00:00,1
2019-07-08T01:00:00+00:00,2019-07-08T01:00:00+00:00,1
2019-07-15T00:02:00+00:00,2019-07-15T00:03:00+00:00,2
2019-07-15T00:07:00+00:00,2019-07-15T00:07:00+00:00,1
2019-07-15T00:17:00+00:00,2019-07-15T00:17:00+00:00,1
2019-07-15T01:02:00+00:00,2019-07-15T01:02:00+00:00,1
2019-07-22T00:00:00+00:00,2019-07-22T00:03:00+00:00,4
2019-07-22T00:05:00+00:00,2019-07-22T00:07:00+00:00,3
2019-07-22T00:15:00+00:00,2019-07-22T00:17:00+00:00,3
2019-07-22T01:00:00+00:00,2019-07-22T01:02:00+00:00,3
2019-07-29T00:00:00+00:00,2019-07-29T00:01:00+00:00,2
2019-07-29T00:05:00+00:00,2019-07-29T00:05:00+00:00,1
2019-07-29T00:15:00+00:00,2019-07-29T00:15:00+00:00,1
2019-07-29T01:00:00+00:00,2019-07-29T01:00:00+00:00,1
2019-07-29T07:54:00+00:00,2019-07-29T07:55:00+00:00,2
2019-07-29T07:59:00+00:00,2019-07-29T07:59:00+00:00,1
2019-07-29T08:09:00+00:00,2019-07-29T08:09:00+00:00,1
2019-07-29T08:54:00+00:00,2019-07-29T08:54:00+00:00,1
2019-08-04T22:00:00+00:00,2019-08-05T01:06:00+00:00,187
2019-08-05T01:13:00+00:00,2019-08-05T01:14:00+00:00,2
2019-08-12T00:02:00+00:00,2019-08-12T00:03:00+00:00,2
2019-08-12T00:07:00+00:00,2019-08-12T00:07:00+00:00,1
2019-08-12T00:17:00+00:00,2019-08-12T00:17:00+00:00,1
2019-08-12T01:02:00+00:00,2019-08-12T01:02:00+00:00,1
2019-08-19T00:02:00+00:00,2019-08-19T00:03:00+00:00,2
2019-08-19T00:07:00+00:00,2019-08-19T00:07:00+00:00,1
2019-08-19T00:17:00+00:00,2019-08-19T00:17:00+00:00,1
2019-08-19T01:02:00+00:00,2019-08-19T01:02:00+00:00,1
2019-08-19T07:56:00+00:00,2019-08-19T07:57:00+00:00,2
2019-08-19T08:01:00+00:00,2019-08-19T08:01:00+00:00,1
2019-08-19T08:11:00+00:00,2019-08-19T08:11:00+00:00,1
2019-08-19T08:56:00+00:00,2019-08-19T08:56:00+00:00,1
2019-08-26T00:00:00+00:00,2019-08-26T00:01:00+00:00,2
2019-08-26T00:05:00+00:00,2019-08-26T00:05:00+00:00,1
2019-08-26T00:15:00+00:00,2019-08-26T00:15:00+00:00,1
2019-08-26T00:44:00+00:00,2019-08-26T00:45:00+00:00,2
2019-08-26T00:49:00+00:00,2019-08-26T00:49:00+00:00,1
2019-08-26T00:59:00+00:00,2019-08-26T01:00:00+00:00,2
2019-08-26T01:44:00+00:00,2019-08-26T01:44:00+00:00,1
2019-08-28T00:22:00+00:00,2019-08-28T00:24:00+00:00,3
2019-08-28T00:27:00+00:00,2019-08-28T00:28:00+00:00,2
2019-08-28T00:37:00+00:00,2019-08-28T00:38:00+00:00,2
2019-08-28T01:22:00+00:00,2019-08-28T01:23:00+00:00,2
2019-09-02T00:00:00+00:00,2019-09-02T00:01:00+00:00,2
2019-09-02T00:05:00+00:00,2019-09-02T00:05:00+00:00,1
2019-09-02T00:15:00+00:00,2019-09-02T00:15:00+00:00,1
2019-09-02T01:00:00+00:00,2019-09-02T01:00:00+00:00,1
2019-09-09T00:02:00+00:00,2019-09-09T00:03:00+00:00,2
2019-09-09T00:07:00+00:00,2019-09-09T00:07:00+00:00,1
2019-09-09T00:17:00+00:00,2019-09-09T00:17:00+00:00,1
2019-09-09T01:02:00+00:00,2019-09-09T01:02:00+00:00,1
2019-09-16T00:00:00+00:00,2019-09-16T00:03:00+00:00,4
2019-09-16T00:05:00+00:00,2019-09-16T00:07:00+00:00,3
2019-09-16T00:15:00+00:00,2019-09-16T00:17:00+00:00,3
2019-09-16T01:00:00+00:00,2019-09-16T01:02:00+00:00,3
2019-09-23T00:00:00+00:00,2019-09-23T00:01:00+00:00,2
2019-09-23T00:05:00+00:00,2019-09-23T00:05:00+00:00,1
2019-09-23T00:15:00+00:00,2019-09-23T00:15:00+00:00,1
2019-09-23T01:00:00+00:00,2019-09-23T01:00:00+00:00,1
2019-09-30T00:00:00+00:00,2019-09-30T00:03:00+00:00,4
2019-09-30T00:05:00+00:00,2019-09-30T00:07:00+00:00,3
2019-09-30T00:15:00+00:00,2019-09-30T00:17:00+00:00,3
2019-09-30T01:00:00+00:00,2019-09-30T01:02:00+00:00,3
2019-10-07T00:00:00+00:00,2019-10-07T00:03:00+00:00,4
2019-10-07T00:05:00+00:00,2019-10-07T00:07:00+00:00,3
2019-10-07T00:15:00+00:00,2019-10-07T00:17:00+00:00,3
2019-10-07T01:00:00+00:00,2019-10-07T01:02:00+00:00,3
2019-10-14T00:00:00+00:00,2019-10-14T00:03:00+00:00,4
2019-10-14T00:05:00+00:00,2019-10-14T00:07:00+00:00,3
2019-10-14T00:15:00+00:00,2019-10-14T00:17:00+00:00,3
2019-10-14T01:00:00+00:00,2019-10-14T01:02:00+00:00,3
2019-10-21T00:00:00+00:00,2019-10-21T00:01:00+00:00,2
2019-10-21T00:05:00+00:00,2019-10-21T00:05:00+00:00,1
2019-10-21T00:15:00+00:00,2019-10-21T00:15:00+00:00,1
2019-10-21T01:00:00+00:00,2019-10-21T01:00:00+00:00,1
2019-10-21T08:13:00+00:00,2019-10-21T08:14:00+00:00,2
2019-10-21T08:18:00+00:00,2019-10-21T08:18:00+00:00,1
2019-10-21T08:28:00+00:00,2019-10-21T08:28:00+00:00,1
2019-10-21T09:13:00+00:00,2019-10-21T09:13:00+00:00,1
2019-10-27T23:01:00+00:00,2019-10-27T23:02:00+00:00,2
2019-10-27T23:06:00+00:00,2019-10-27T23:06:00+00:00,1
2019-10-27T23:16:00+00:00,2019-10-27T23:16:00+00:00,1
2019-10-28T00:01:00+00:00,2019-10-28T00:01:00+00:00,1
2019-11-04T00:00:00+00:00,2019-11-04T00:02:00+00:00,3
2019-11-04T00:05:00+00:00,2019-11-04T00:06:00+00:00,2
2019-11-04T00:15:00+00:00,2019-11-04T00:16:00+00:00,2
2019-11-04T01:00:00+00:00,2019-11-04T01:01:00+00:00,2
2019-11-11T00:00:00+00:00,2019-11-11T00:01:00+00:00,2
2019-11-11T00:05:00+00:00,2019-11-11T00:05:00+00:00,1
2019-11-11T00:15:00+00:00,2019-11-11T00:15:00+00:00,1
2019-11-11T01:00:00+00:00,2019-11-11T01:00:00+00:00,1
2019-11-18T00:00:00+00:00,2019-11-18T00:01:00+00:00,2
2019-11-18T00:05:00+00:00,2019-11-18T00:05:00+00:00,1
2019-11-18T00:15:00+00:00,2019-11-18T00:15:00+00:00,1
2019-11-18T01:00:00+00:00,2019-11-18T01:00:00+00:00,1
2019-11-25T00:00:00+00:00,2019-11-25T00:01:00+00:00,2
2019-11-25T00:05:00+00:00,2019-11-25T00:05:00+00:00,1
2019-11-25T00:15:00+00:00,2019-11-25T00:15:00+00:00,1
2019-11-25T01:00:00+00:00,2019-11-25T01:00:00+00:00,1
2019-12-02T00:00:00+00:00,2019-12-02T00:01:00+00:00,2
2019-12-02T00:05:00+00:00,2019-12-02T00:05:00+00:00,1
2019-12-02T00:15:00+00:00,2019-12-02T00:15:00+00:00,1
2019-12-02T01:00:00+00:00,2019-12-02T01:00:00+00:00,1
2019-12-09T00:00:00+00:00,2019-12-09T00:01:00+00:00,2
2019-12-09T00:05:00+00:00,2019-12-09T00:05:00+00:00,1
2019-12-09T00:15:00+00:00,2019-12-09T00:15:00+00:00,1
2019-12-09T01:00:00+00:00,2019-12-09T01:00:00+00:00,1
2019-12-16T00:00:00+00:00,2019-12-16T00:01:00+00:00,2
2019-12-16T00:05:00+00:00,2019-12-16T00:05:00+00:00,1
2019-12-16T00:15:00+00:00,2019-12-16T00:15:00+00:00,1
2019-12-16T01:00:00+00:00,2019-12-16T01:00:00+00:00,1
2019-12-23T00:00:00+00:00,2019-12-23T00:01:00+00:00,2
2019-12-23T00:05:00+00:00,2019-12-23T00:05:00+00:00,1
2019-12-23T00:15:00+00:00,2019-12-23T00:15:00+00:00,1
2019-12-23T01:00:00+00:00,2019-12-23T01:00:00+00:00,1
2019-12-26T09:05:00+00:00,2019-12-26T09:06:00+00:00,2
2019-12-26T09:10:00+00:00,2019-12-26T09:10:00+00:00,1
2019-12-26T09:20:00+00:00,2019-12-26T09:20:00+00:00,1
2019-12-26T10:05:00+00:00,2019-12-26T10:05:00+00:00,1
2019-12-30T00:00:00+00:00,2019-12-30T00:01:00+00:00,2
2019-12-30T00:05:00+00:00,2019-12-30T00:05:00+00:00,1
2019-12-30T00:15:00+00:00,2019-12-30T00:15:00+00:00,1
2019-12-30T01:00:00+00:00,2019-12-30T01:00:00+00:00,1
2020-01-02T09:05:00+00:00,2020-01-02T09:06:00+00:00,2
2020-01-02T09:10:00+00:00,2020-01-02T09:10:00+00:00,1
2020-01-02T09:20:00+00:00,2020-01-02T09:20:00+00:00,1
2020-01-02T10:05:00+00:00,2020-01-02T10:05:00+00:00,1
2020-01-06T00:00:00+00:00,2020-01-06T00:01:00+00:00,2
2020-01-06T00:05:00+00:00,2020-01-06T00:05:00+00:00,1
2020-01-06T00:15:00+00:00,2020-01-06T00:15:00+00:00,1
2020-01-06T01:00:00+00:00,2020-01-06T01:00:00+00:00,1
2020-01-13T00:00:00+00:00,2020-01-13T00:01:00+00:00,2
2020-01-13T00:05:00+00:00,2020-01-13T00:05:00+00:00,1
2020-01-13T00:15:00+00:00,2020-01-13T00:15:00+00:00,1
2020-01-13T01:00:00+00:00,2020-01-13T01:00:00+00:00,1
2020-01-20T00:00:00+00:00,2020-01-20T00:01:00+00:00,2
2020-01-20T00:05:00+00:00,2020-01-20T00:05:00+00:00,1
2020-01-20T00:15:00+00:00,2020-01-20T00:15:00+00:00,1
2020-01-20T01:00:00+00:00,2020-01-20T01:00:00+00:00,1
2020-01-27T00:00:00+00:00,2020-01-27T00:01:00+00:00,2
2020-01-27T00:05:00+00:00,2020-01-27T00:05:00+00:00,1
2020-01-27T00:15:00+00:00,2020-01-27T00:15:00+00:00,1
2020-01-27T01:00:00+00:00,2020-01-27T01:00:00+00:00,1
2020-02-03T00:00:00+00:00,2020-02-03T00:01:00+00:00,2
2020-02-03T00:05:00+00:00,2020-02-03T00:05:00+00:00,1
2020-02-03T00:15:00+00:00,2020-02-03T00:15:00+00:00,1
2020-02-03T01:00:00+00:00,2020-02-03T01:00:00+00:00,1
2020-02-10T00:00:00+00:00,2020-02-10T00:01:00+00:00,2
2020-02-10T00:05:00+00:00,2020-02-10T00:05:00+00:00,1
2020-02-10T00:15:00+00:00,2020-02-10T00:15:00+00:00,1
2020-02-10T01:00:00+00:00,2020-02-10T01:00:00+00:00,1
2020-02-17T00:00:00+00:00,2020-02-17T00:01:00+00:00,2
2020-02-17T00:05:00+00:00,2020-02-17T00:05:00+00:00,1
2020-02-17T00:15:00+00:00,2020-02-17T00:15:00+00:00,1
2020-02-17T01:00:00+00:00,2020-02-17T01:00:00+00:00,1
2020-02-24T00:00:00+00:00,2020-02-24T00:01:00+00:00,2
2020-02-24T00:05:00+00:00,2020-02-24T00:05:00+00:00,1
2020-02-24T00:15:00+00:00,2020-02-24T00:15:00+00:00,1
2020-02-24T01:00:00+00:00,2020-02-24T01:00:00+00:00,1
2020-03-02T00:00:00+00:00,2020-03-02T00:01:00+00:00,2
2020-03-02T00:05:00+00:00,2020-03-02T00:05:00+00:00,1
2020-03-02T00:15:00+00:00,2020-03-02T00:15:00+00:00,1
2020-03-02T01:00:00+00:00,2020-03-02T01:00:00+00:00,1
2020-03-08T23:00:00+00:00,2020-03-08T23:01:00+00:00,2
2020-03-08T23:05:00+00:00,2020-03-08T23:05:00+00:00,1
2020-03-08T23:15:00+00:00,2020-03-08T23:15:00+00:00,1
2020-03-09T00:00:00+00:00,2020-03-09T00:00:00+00:00,1
2020-03-15T23:00:00+00:00,2020-03-15T23:01:00+00:00,2
2020-03-15T23:05:00+00:00,2020-03-15T23:05:00+00:00,1
2020-03-15T23:15:00+00:00,2020-03-15T23:15:00+00:00,1
2020-03-16T00:00:00+00:00,2020-03-16T00:00:00+00:00,1
2020-03-22T23:03:00+00:00,2020-03-22T23:04:00+00:00,2
2020-03-22T23:08:00+00:00,2020-03-22T23:08:00+00:00,1
2020-03-22T23:18:00+00:00,2020-03-22T23:18:00+00:00,1
2020-03-23T00:03:00+00:00,2020-03-23T00:03:00+00:00,1
2020-03-30T00:00:00+00:00,2020-03-30T00:01:00+00:00,2
2020-03-30T00:05:00+00:00,2020-03-30T00:05:00+00:00,1
2020-03-30T00:15:00+00:00,2020-03-30T00:15:00+00:00,1
2020-03-30T01:00:00+00:00,2020-03-30T01:00:00+00:00,1
2020-04-06T00:00:00+00:00,2020-04-06T00:01:00+00:00,2
2020-04-06T00:05:00+00:00,2020-04-06T00:05:00+00:00,1
2020-04-06T00:15:00+00:00,2020-04-06T00:15:00+00:00,1
2020-04-06T01:00:00+00:00,2020-04-06T01:00:00+00:00,1
2020-04-13T00:00:00+00:00,2020-04-13T00:01:00+00:00,2
2020-04-13T00:05:00+00:00,2020-04-13T00:05:00+00:00,1
2020-04-13T00:15:00+00:00,2020-04-13T00:15:00+00:00,1
2020-04-13T01:00:00+00:00,2020-04-13T01:00:00+00:00,1
2020-04-20T00:00:00+00:00,2020-04-20T00:03:00+00:00,4
2020-04-20T00:05:00+00:00,2020-04-20T00:07:00+00:00,3
2020-04-20T00:15:00+00:00,2020-04-20T00:17:00+00:00,3
2020-04-20T01:00:00+00:00,2020-04-20T01:02:00+00:00,3
2020-04-27T00:00:00+00:00,2020-04-27T00:01:00+00:00,2
2020-04-27T00:05:00+00:00,2020-04-27T00:05:00+00:00,1
2020-04-27T00:15:00+00:00,2020-04-27T00:15:00+00:00,1
2020-04-27T01:00:00+00:00,2020-04-27T01:00:00+00:00,1
2020-05-04T00:00:00+00:00,2020-05-04T00:01:00+00:00,2
2020-05-04T00:05:00+00:00,2020-05-04T00:05:00+00:00,1
2020-05-04T00:15:00+00:00,2020-05-04T00:15:00+00:00,1
2020-05-04T01:00:00+00:00,2020-05-04T01:00:00+00:00,1
2020-05-11T00:00:00+00:00,2020-05-11T00:01:00+00:00,2
2020-05-11T00:05:00+00:00,2020-05-11T00:05:00+00:00,1
2020-05-11T00:15:00+00:00,2020-05-11T00:15:00+00:00,1
2020-05-11T01:00:00+00:00,2020-05-11T01:00:00+00:00,1
2020-05-18T00:00:00+00:00,2020-05-18T00:01:00+00:00,2
2020-05-18T00:05:00+00:00,2020-05-18T00:05:00+00:00,1
2020-05-18T00:15:00+00:00,2020-05-18T00:15:00+00:00,1
2020-05-18T01:00:00+00:00,2020-05-18T01:00:00+00:00,1
2020-05-25T00:00:00+00:00,2020-05-25T00:01:00+00:00,2
2020-05-25T00:05:00+00:00,2020-05-25T00:05:00+00:00,1
2020-05-25T00:15:00+00:00,2020-05-25T00:15:00+00:00,1
2020-05-25T01:00:00+00:00,2020-05-25T01:00:00+00:00,1
2020-06-01T00:00:00+00:00,2020-06-01T00:01:00+00:00,2
2020-06-01T00:05:00+00:00,2020-06-01T00:05:00+00:00,1
2020-06-01T00:15:00+00:00,2020-06-01T00:15:00+00:00,1
2020-06-01T01:00:00+00:00,2020-06-01T01:00:00+00:00,1
2020-06-08T00:00:00+00:00,2020-06-08T00:01:00+00:00,2
2020-06-08T00:05:00+00:00,2020-06-08T00:05:00+00:00,1
2020-06-08T00:15:00+00:00,2020-06-08T00:15:00+00:00,1
2020-06-08T01:00:00+00:00,2020-06-08T01:00:00+00:00,1
2020-06-15T00:00:00+00:00,2020-06-15T00:03:00+00:00,4
2020-06-15T00:05:00+00:00,2020-06-15T00:07:00+00:00,3
2020-06-15T00:15:00+00:00,2020-06-15T00:17:00+00:00,3
2020-06-15T01:00:00+00:00,2020-06-15T01:02:00+00:00,3
2020-06-22T00:00:00+00:00,2020-06-22T00:01:00+00:00,2
2020-06-22T00:05:00+00:00,2020-06-22T00:05:00+00:00,1
2020-06-22T00:15:00+00:00,2020-06-22T00:15:00+00:00,1
2020-06-22T01:00:00+00:00,2020-06-22T01:00:00+00:00,1
2020-06-29T00:00:00+00:00,2020-06-29T00:01:00+00:00,2
2020-06-29T00:05:00+00:00,2020-06-29T00:05:00+00:00,1
2020-06-29T00:15:00+00:00,2020-06-29T00:15:00+00:00,1
2020-06-29T01:00:00+00:00,2020-06-29T01:00:00+00:00,1
2020-07-06T00:00:00+00:00,2020-07-06T00:01:00+00:00,2
2020-07-06T00:05:00+00:00,2020-07-06T00:05:00+00:00,1
2020-07-06T00:15:00+00:00,2020-07-06T00:15:00+00:00,1
2020-07-06T01:00:00+00:00,2020-07-06T01:00:00+00:00,1
2020-07-13T00:00:00+00:00,2020-07-13T00:01:00+00:00,2
2020-07-13T00:05:00+00:00,2020-07-13T00:05:00+00:00,1
2020-07-13T00:15:00+00:00,2020-07-13T00:15:00+00:00,1
2020-07-13T01:00:00+00:00,2020-07-13T01:00:00+00:00,1
2020-07-20T00:00:00+00:00,2020-07-20T00:01:00+00:00,2
2020-07-20T00:05:00+00:00,2020-07-20T00:05:00+00:00,1
2020-07-20T00:15:00+00:00,2020-07-20T00:15:00+00:00,1
2020-07-20T01:00:00+00:00,2020-07-20T01:00:00+00:00,1
2020-07-27T00:00:00+00:00,2020-07-27T00:01:00+00:00,2
2020-07-27T00:05:00+00:00,2020-07-27T00:05:00+00:00,1
2020-07-27T00:15:00+00:00,2020-07-27T00:15:00+00:00,1
2020-07-27T01:00:00+00:00,2020-07-27T01:00:00+00:00,1
2020-08-03T00:00:00+00:00,2020-08-03T00:01:00+00:00,2
2020-08-03T00:05:00+00:00,2020-08-03T00:05:00+00:00,1
2020-08-03T00:15:00+00:00,2020-08-03T00:15:00+00:00,1
2020-08-03T01:00:00+00:00,2020-08-03T01:00:00+00:00,1
2020-08-10T00:00:00+00:00,2020-08-10T00:01:00+00:00,2
2020-08-10T00:05:00+00:00,2020-08-10T00:05:00+00:00,1
2020-08-10T00:15:00+00:00,2020-08-10T00:15:00+00:00,1
2020-08-10T01:00:00+00:00,2020-08-10T01:00:00+00:00,1
2020-08-17T00:00:00+00:00,2020-08-17T00:01:00+00:00,2
2020-08-17T00:05:00+00:00,2020-08-17T00:05:00+00:00,1
2020-08-17T00:15:00+00:00,2020-08-17T00:15:00+00:00,1
2020-08-17T01:00:00+00:00,2020-08-17T01:00:00+00:00,1
2020-08-24T00:00:00+00:00,2020-08-24T00:01:00+00:00,2
2020-08-24T00:05:00+00:00,2020-08-24T00:05:00+00:00,1
2020-08-24T00:15:00+00:00,2020-08-24T00:15:00+00:00,1
2020-08-24T01:00:00+00:00,2020-08-24T01:00:00+00:00,1
2020-08-31T00:00:00+00:00,2020-08-31T00:01:00+00:00,2
2020-08-31T00:05:00+00:00,2020-08-31T00:05:00+00:00,1
2020-08-31T00:15:00+00:00,2020-08-31T00:15:00+00:00,1
2020-08-31T01:00:00+00:00,2020-08-31T01:00:00+00:00,1
2020-09-07T00:00:00+00:00,2020-09-07T00:01:00+00:00,2
2020-09-07T00:05:00+00:00,2020-09-07T00:05:00+00:00,1
2020-09-07T00:15:00+00:00,2020-09-07T00:15:00+00:00,1
2020-09-07T01:00:00+00:00,2020-09-07T01:00:00+00:00,1
2020-09-14T00:00:00+00:00,2020-09-14T00:01:00+00:00,2
2020-09-14T00:05:00+00:00,2020-09-14T00:05:00+00:00,1
2020-09-14T00:15:00+00:00,2020-09-14T00:15:00+00:00,1
2020-09-14T01:00:00+00:00,2020-09-14T01:00:00+00:00,1
2020-09-21T00:00:00+00:00,2020-09-21T00:01:00+00:00,2
2020-09-21T00:05:00+00:00,2020-09-21T00:05:00+00:00,1
2020-09-21T00:15:00+00:00,2020-09-21T00:15:00+00:00,1
2020-09-21T01:00:00+00:00,2020-09-21T01:00:00+00:00,1
2020-09-28T00:00:00+00:00,2020-09-28T00:01:00+00:00,2
2020-09-28T00:05:00+00:00,2020-09-28T00:05:00+00:00,1
2020-09-28T00:15:00+00:00,2020-09-28T00:15:00+00:00,1
2020-09-28T01:00:00+00:00,2020-09-28T01:00:00+00:00,1
2020-10-05T00:00:00+00:00,2020-10-05T00:01:00+00:00,2
2020-10-05T00:05:00+00:00,2020-10-05T00:05:00+00:00,1
2020-10-05T00:15:00+00:00,2020-10-05T00:15:00+00:00,1
2020-10-05T01:00:00+00:00,2020-10-05T01:00:00+00:00,1
2020-10-12T00:00:00+00:00,2020-10-12T00:01:00+00:00,2
2020-10-12T00:05:00+00:00,2020-10-12T00:05:00+00:00,1
2020-10-12T00:15:00+00:00,2020-10-12T00:15:00+00:00,1
2020-10-12T01:00:00+00:00,2020-10-12T01:00:00+00:00,1
2020-10-19T00:00:00+00:00,2020-10-19T00:01:00+00:00,2
2020-10-19T00:05:00+00:00,2020-10-19T00:05:00+00:00,1
2020-10-19T00:15:00+00:00,2020-10-19T00:15:00+00:00,1
2020-10-19T01:00:00+00:00,2020-10-19T01:00:00+00:00,1
2020-10-25T23:00:00+00:00,2020-10-25T23:01:00+00:00,2
2020-10-25T23:05:00+00:00,2020-10-25T23:05:00+00:00,1
2020-10-25T23:15:00+00:00,2020-10-25T23:15:00+00:00,1
2020-10-26T00:00:00+00:00,2020-10-26T00:00:00+00:00,1
2020-11-02T00:02:00+00:00,2020-11-02T00:03:00+00:00,2
2020-11-02T00:07:00+00:00,2020-11-02T00:07:00+00:00,1
2020-11-02T00:17:00+00:00,2020-11-02T00:17:00+00:00,1
2020-11-02T01:02:00+00:00,2020-11-02T01:02:00+00:00,1
2020-11-09T00:00:00+00:00,2020-11-09T00:01:00+00:00,2
2020-11-09T00:05:00+00:00,2020-11-09T00:05:00+00:00,1
2020-11-09T00:15:00+00:00,2020-11-09T00:15:00+00:00,1
2020-11-09T01:00:00+00:00,2020-11-09T01:00:00+00:00,1
2020-11-16T00:00:00+00:00,2020-11-16T00:01:00+00:00,2
2020-11-16T00:05:00+00:00,2020-11-16T00:05:00+00:00,1
2020-11-16T00:15:00+00:00,2020-11-16T00:15:00+00:00,1
2020-11-16T01:00:00+00:00,2020-11-16T01:00:00+00:00,1
2020-11-23T00:00:00+00:00,2020-11-23T00:01:00+00:00,2
2020-11-23T00:05:00+00:00,2020-11-23T00:05:00+00:00,1
2020-11-23T00:15:00+00:00,2020-11-23T00:15:00+00:00,1
2020-11-23T01:00:00+00:00,2020-11-23T01:00:00+00:00,1
2020-11-30T00:00:00+00:00,2020-11-30T00:01:00+00:00,2
2020-11-30T00:05:00+00:00,2020-11-30T00:05:00+00:00,1
2020-11-30T00:15:00+00:00,2020-11-30T00:15:00+00:00,1
2020-11-30T01:00:00+00:00,2020-11-30T01:00:00+00:00,1
2020-12-07T00:01:00+00:00,2020-12-07T00:02:00+00:00,2
2020-12-07T00:06:00+00:00,2020-12-07T00:06:00+00:00,1
2020-12-07T00:16:00+00:00,2020-12-07T00:16:00+00:00,1
2020-12-07T01:01:00+00:00,2020-12-07T01:01:00+00:00,1
2020-12-14T00:00:00+00:00,2020-12-14T00:01:00+00:00,2
2020-12-14T00:05:00+00:00,2020-12-14T00:05:00+00:00,1
2020-12-14T00:15:00+00:00,2020-12-14T00:15:00+00:00,1
2020-12-14T01:00:00+00:00,2020-12-14T01:00:00+00:00,1
2020-12-21T00:00:00+00:00,2020-12-21T00:01:00+00:00,2
2020-12-21T00:05:00+00:00,2020-12-21T00:05:00+00:00,1
2020-12-21T00:15:00+00:00,2020-12-21T00:15:00+00:00,1
2020-12-21T01:00:00+00:00,2020-12-21T01:00:00+00:00,1
2020-12-28T00:02:00+00:00,2020-12-28T00:03:00+00:00,2
2020-12-28T00:07:00+00:00,2020-12-28T00:07:00+00:00,1
2020-12-28T00:17:00+00:00,2020-12-28T00:17:00+00:00,1
2020-12-28T01:02:00+00:00,2020-12-28T01:02:00+00:00,1
2021-01-04T00:00:00+00:00,2021-01-04T00:01:00+00:00,2
2021-01-04T00:05:00+00:00,2021-01-04T00:05:00+00:00,1
2021-01-04T00:15:00+00:00,2021-01-04T00:15:00+00:00,1
2021-01-04T01:00:00+00:00,2021-01-04T01:00:00+00:00,1
2021-01-11T00:00:00+00:00,2021-01-11T00:01:00+00:00,2
2021-01-11T00:05:00+00:00,2021-01-11T00:05:00+00:00,1
2021-01-11T00:15:00+00:00,2021-01-11T00:15:00+00:00,1
2021-01-11T01:00:00+00:00,2021-01-11T01:00:00+00:00,1
2021-01-18T00:00:00+00:00,2021-01-18T00:01:00+00:00,2
2021-01-18T00:05:00+00:00,2021-01-18T00:05:00+00:00,1
2021-01-18T00:15:00+00:00,2021-01-18T00:15:00+00:00,1
2021-01-18T01:00:00+00:00,2021-01-18T01:00:00+00:00,1
2021-01-25T00:00:00+00:00,2021-01-25T00:01:00+00:00,2
2021-01-25T00:05:00+00:00,2021-01-25T00:05:00+00:00,1
2021-01-25T00:15:00+00:00,2021-01-25T00:15:00+00:00,1
2021-01-25T01:00:00+00:00,2021-01-25T01:00:00+00:00,1
2021-02-01T00:00:00+00:00,2021-02-01T00:01:00+00:00,2
2021-02-01T00:05:00+00:00,2021-02-01T00:05:00+00:00,1
2021-02-01T00:15:00+00:00,2021-02-01T00:15:00+00:00,1
2021-02-01T01:00:00+00:00,2021-02-01T01:00:00+00:00,1
2021-02-08T00:00:00+00:00,2021-02-08T00:01:00+00:00,2
2021-02-08T00:05:00+00:00,2021-02-08T00:05:00+00:00,1
2021-02-08T00:15:00+00:00,2021-02-08T00:15:00+00:00,1
2021-02-08T01:00:00+00:00,2021-02-08T01:00:00+00:00,1
2021-02-15T00:00:00+00:00,2021-02-15T00:01:00+00:00,2
2021-02-15T00:05:00+00:00,2021-02-15T00:05:00+00:00,1
2021-02-15T00:15:00+00:00,2021-02-15T00:15:00+00:00,1
2021-02-15T01:00:00+00:00,2021-02-15T01:00:00+00:00,1
2021-02-22T00:00:00+00:00,2021-02-22T00:01:00+00:00,2
2021-02-22T00:05:00+00:00,2021-02-22T00:05:00+00:00,1
2021-02-22T00:15:00+00:00,2021-02-22T00:15:00+00:00,1
2021-02-22T01:00:00+00:00,2021-02-22T01:00:00+00:00,1
2021-03-01T00:00:00+00:00,2021-03-01T00:01:00+00:00,2
2021-03-01T00:05:00+00:00,2021-03-01T00:05:00+00:00,1
2021-03-01T00:15:00+00:00,2021-03-01T00:15:00+00:00,1
2021-03-01T01:00:00+00:00,2021-03-01T01:00:00+00:00,1
2021-03-08T00:00:00+00:00,2021-03-08T00:01:00+00:00,2
2021-03-08T00:05:00+00:00,2021-03-08T00:05:00+00:00,1
2021-03-08T00:15:00+00:00,2021-03-08T00:15:00+00:00,1
2021-03-08T01:00:00+00:00,2021-03-08T01:00:00+00:00,1
2021-03-14T23:00:00+00:00,2021-03-14T23:01:00+00:00,2
2021-03-14T23:05:00+00:00,2021-03-14T23:05:00+00:00,1
2021-03-14T23:15:00+00:00,2021-03-14T23:15:00+00:00,1
2021-03-15T00:00:00+00:00,2021-03-15T00:00:00+00:00,1
2021-03-21T23:00:00+00:00,2021-03-21T23:01:00+00:00,2
2021-03-21T23:05:00+00:00,2021-03-21T23:05:00+00:00,1
2021-03-21T23:15:00+00:00,2021-03-21T23:15:00+00:00,1
2021-03-22T00:00:00+00:00,2021-03-22T00:00:00+00:00,1
2021-03-29T00:00:00+00:00,2021-03-29T00:01:00+00:00,2
2021-03-29T00:05:00+00:00,2021-03-29T00:05:00+00:00,1
2021-03-29T00:15:00+00:00,2021-03-29T00:15:00+00:00,1
2021-03-29T01:00:00+00:00,2021-03-29T01:00:00+00:00,1
2021-04-05T00:00:00+00:00,2021-04-05T00:01:00+00:00,2
2021-04-05T00:05:00+00:00,2021-04-05T00:05:00+00:00,1
2021-04-05T00:15:00+00:00,2021-04-05T00:15:00+00:00,1
2021-04-05T01:00:00+00:00,2021-04-05T01:00:00+00:00,1
2021-04-12T00:00:00+00:00,2021-04-12T00:01:00+00:00,2
2021-04-12T00:05:00+00:00,2021-04-12T00:05:00+00:00,1
2021-04-12T00:15:00+00:00,2021-04-12T00:15:00+00:00,1
2021-04-12T01:00:00+00:00,2021-04-12T01:00:00+00:00,1
2021-04-19T00:00:00+00:00,2021-04-19T00:01:00+00:00,2
2021-04-19T00:05:00+00:00,2021-04-19T00:05:00+00:00,1
2021-04-19T00:15:00+00:00,2021-04-19T00:15:00+00:00,1
2021-04-19T01:00:00+00:00,2021-04-19T01:00:00+00:00,1
2021-04-26T00:00:00+00:00,2021-04-26T00:01:00+00:00,2
2021-04-26T00:05:00+00:00,2021-04-26T00:05:00+00:00,1
2021-04-26T00:15:00+00:00,2021-04-26T00:15:00+00:00,1
2021-04-26T01:00:00+00:00,2021-04-26T01:00:00+00:00,1
2021-05-03T00:00:00+00:00,2021-05-03T00:01:00+00:00,2
2021-05-03T00:05:00+00:00,2021-05-03T00:05:00+00:00,1
2021-05-03T00:15:00+00:00,2021-05-03T00:15:00+00:00,1
2021-05-03T01:00:00+00:00,2021-05-03T01:00:00+00:00,1
2021-05-10T00:00:00+00:00,2021-05-10T00:01:00+00:00,2
2021-05-10T00:05:00+00:00,2021-05-10T00:05:00+00:00,1
2021-05-10T00:15:00+00:00,2021-05-10T00:15:00+00:00,1
2021-05-10T01:00:00+00:00,2021-05-10T01:00:00+00:00,1
2021-05-17T00:00:00+00:00,2021-05-17T00:01:00+00:00,2
2021-05-17T00:05:00+00:00,2021-05-17T00:05:00+00:00,1
2021-05-17T00:15:00+00:00,2021-05-17T00:15:00+00:00,1
2021-05-17T01:00:00+00:00,2021-05-17T01:00:00+00:00,1
2021-05-24T00:00:00+00:00,2021-05-24T00:01:00+00:00,2
2021-05-24T00:05:00+00:00,2021-05-24T00:05:00+00:00,1
2021-05-24T00:15:00+00:00,2021-05-24T00:15:00+00:00,1
2021-05-24T01:00:00+00:00,2021-05-24T01:00:00+00:00,1
2021-05-31T00:00:00+00:00,2021-05-31T00:01:00+00:00,2
2021-05-31T00:05:00+00:00,2021-05-31T00:05:00+00:00,1
2021-05-31T00:15:00+00:00,2021-05-31T00:15:00+00:00,1
2021-05-31T01:00:00+00:00,2021-05-31T01:00:00+00:00,1
2021-06-07T00:00:00+00:00,2021-06-07T00:01:00+00:00,2
2021-06-07T00:05:00+00:00,2021-06-07T00:05:00+00:00,1
2021-06-07T00:15:00+00:00,2021-06-07T00:15:00+00:00,1
2021-06-07T01:00:00+00:00,2021-06-07T01:00:00+00:00,1
2021-06-14T00:00:00+00:00,2021-06-14T00:01:00+00:00,2
2021-06-14T00:05:00+00:00,2021-06-14T00:05:00+00:00,1
2021-06-14T00:15:00+00:00,2021-06-14T00:15:00+00:00,1
2021-06-14T01:00:00+00:00,2021-06-14T01:00:00+00:00,1
2021-06-21T00:00:00+00:00,2021-06-21T00:01:00+00:00,2
2021-06-21T00:05:00+00:00,2021-06-21T00:05:00+00:00,1
2021-06-21T00:15:00+00:00,2021-06-21T00:15:00+00:00,1
2021-06-21T01:00:00+00:00,2021-06-21T01:00:00+00:00,1
2021-06-27T22:00:00+00:00,2021-06-28T01:06:00+00:00,187
2021-07-05T00:03:00+00:00,2021-07-05T00:04:00+00:00,2
2021-07-05T00:08:00+00:00,2021-07-05T00:08:00+00:00,1
2021-07-05T00:18:00+00:00,2021-07-05T00:18:00+00:00,1
2021-07-05T01:03:00+00:00,2021-07-05T01:03:00+00:00,1
2021-07-12T00:00:00+00:00,2021-07-12T00:01:00+00:00,2
2021-07-12T00:05:00+00:00,2021-07-12T00:05:00+00:00,1
2021-07-12T00:15:00+00:00,2021-07-12T00:15:00+00:00,1
2021-07-12T01:00:00+00:00,2021-07-12T01:00:00+00:00,1
2021-07-19T00:00:00+00:00,2021-07-19T00:08:00+00:00,9
2021-07-19T00:15:00+00:00,2021-07-19T00:18:00+00:00,4
2021-07-19T01:00:00+00:00,2021-07-19T01:03:00+00:00,4
2021-07-26T00:03:00+00:00,2021-07-26T00:04:00+00:00,2
2021-07-26T00:08:00+00:00,2021-07-26T00:08:00+00:00,1
2021-07-26T00:18:00+00:00,2021-07-26T00:18:00+00:00,1
2021-07-26T01:03:00+00:00,2021-07-26T01:03:00+00:00,1
2021-08-02T00:00:00+00:00,2021-08-02T00:01:00+00:00,2
2021-08-02T00:05:00+00:00,2021-08-02T00:05:00+00:00,1
2021-08-02T00:15:00+00:00,2021-08-02T00:15:00+00:00,1
2021-08-02T01:00:00+00:00,2021-08-02T01:00:00+00:00,1
2021-08-09T00:00:00+00:00,2021-08-09T00:01:00+00:00,2
2021-08-09T00:05:00+00:00,2021-08-09T00:05:00+00:00,1
2021-08-09T00:15:00+00:00,2021-08-09T00:15:00+00:00,1
2021-08-09T01:00:00+00:00,2021-08-09T01:00:00+00:00,1
2021-08-16T00:00:00+00:00,2021-08-16T00:01:00+00:00,2
2021-08-16T00:05:00+00:00,2021-08-16T00:05:00+00:00,1
2021-08-16T00:15:00+00:00,2021-08-16T00:15:00+00:00,1
2021-08-16T01:00:00+00:00,2021-08-16T01:00:00+00:00,1
2021-08-23T00:00:00+00:00,2021-08-23T00:01:00+00:00,2
2021-08-23T00:05:00+00:00,2021-08-23T00:05:00+00:00,1
2021-08-23T00:15:00+00:00,2021-08-23T00:15:00+00:00,1
2021-08-23T01:00:00+00:00,2021-08-23T01:00:00+00:00,1
2021-08-30T00:00:00+00:00,2021-08-30T00:01:00+00:00,2
2021-08-30T00:05:00+00:00,2021-08-30T00:05:00+00:00,1
2021-08-30T00:15:00+00:00,2021-08-30T00:15:00+00:00,1
2021-08-30T01:00:00+00:00,2021-08-30T01:00:00+00:00,1
2021-09-06T00:03:00+00:00,2021-09-06T00:04:00+00:00,2
2021-09-06T00:08:00+00:00,2021-09-06T00:08:00+00:00,1
2021-09-06T00:18:00+00:00,2021-09-06T00:18:00+00:00,1
2021-09-06T01:03:00+00:00,2021-09-06T01:03:00+00:00,1
2021-09-13T00:00:00+00:00,2021-09-13T00:01:00+00:00,2
2021-09-13T00:05:00+00:00,2021-09-13T00:05:00+00:00,1
2021-09-13T00:15:00+00:00,2021-09-13T00:15:00+00:00,1
2021-09-13T01:00:00+00:00,2021-09-13T01:00:00+00:00,1
2021-09-20T00:00:00+00:00,2021-09-20T00:01:00+00:00,2
2021-09-20T00:05:00+00:00,2021-09-20T00:05:00+00:00,1
2021-09-20T00:15:00+00:00,2021-09-20T00:15:00+00:00,1
2021-09-20T00:25:00+00:00,2021-09-20T00:26:00+00:00,2
2021-09-20T00:30:00+00:00,2021-09-20T00:30:00+00:00,1
2021-09-20T00:40:00+00:00,2021-09-20T00:40:00+00:00,1
2021-09-20T01:00:00+00:00,2021-09-20T01:00:00+00:00,1
2021-09-20T01:25:00+00:00,2021-09-20T01:25:00+00:00,1
2021-09-27T00:00:00+00:00,2021-09-27T00:01:00+00:00,2
2021-09-27T00:05:00+00:00,2021-09-27T00:05:00+00:00,1
2021-09-27T00:15:00+00:00,2021-09-27T00:15:00+00:00,1
2021-09-27T01:00:00+00:00,2021-09-27T01:00:00+00:00,1
2021-10-04T00:00:00+00:00,2021-10-04T00:01:00+00:00,2
2021-10-04T00:05:00+00:00,2021-10-04T00:05:00+00:00,1
2021-10-04T00:15:00+00:00,2021-10-04T00:15:00+00:00,1
2021-10-04T01:00:00+00:00,2021-10-04T01:00:00+00:00,1
2021-10-11T00:00:00+00:00,2021-10-11T00:01:00+00:00,2
2021-10-11T00:05:00+00:00,2021-10-11T00:05:00+00:00,1
2021-10-11T00:15:00+00:00,2021-10-11T00:15:00+00:00,1
2021-10-11T01:00:00+00:00,2021-10-11T01:00:00+00:00,1
2021-10-18T00:00:00+00:00,2021-10-18T00:01:00+00:00,2
2021-10-18T00:05:00+00:00,2021-10-18T00:05:00+00:00,1
2021-10-18T00:15:00+00:00,2021-10-18T00:15:00+00:00,1
2021-10-18T01:00:00+00:00,2021-10-18T01:00:00+00:00,1
2021-10-25T00:00:00+00:00,2021-10-25T00:01:00+00:00,2
2021-10-25T00:05:00+00:00,2021-10-25T00:05:00+00:00,1
2021-10-25T00:15:00+00:00,2021-10-25T00:15:00+00:00,1
2021-10-25T01:00:00+00:00,2021-10-25T01:00:00+00:00,1
2021-10-31T23:00:00+00:00,2021-10-31T23:01:00+00:00,2
2021-10-31T23:05:00+00:00,2021-10-31T23:05:00+00:00,1
2021-10-31T23:15:00+00:00,2021-10-31T23:15:00+00:00,1
2021-11-01T00:00:00+00:00,2021-11-01T00:00:00+00:00,1
2021-11-08T00:00:00+00:00,2021-11-08T00:01:00+00:00,2
2021-11-08T00:05:00+00:00,2021-11-08T00:05:00+00:00,1
2021-11-08T00:15:00+00:00,2021-11-08T00:15:00+00:00,1
2021-11-08T01:00:00+00:00,2021-11-08T01:00:00+00:00,1
2021-11-15T00:00:00+00:00,2021-11-15T00:01:00+00:00,2
2021-11-15T00:05:00+00:00,2021-11-15T00:05:00+00:00,1
2021-11-15T00:15:00+00:00,2021-11-15T00:15:00+00:00,1
2021-11-15T01:00:00+00:00,2021-11-15T01:00:00+00:00,1
2021-11-22T00:00:00+00:00,2021-11-22T00:01:00+00:00,2
2021-11-22T00:05:00+00:00,2021-11-22T00:05:00+00:00,1
2021-11-22T00:15:00+00:00,2021-11-22T00:15:00+00:00,1
2021-11-22T01:00:00+00:00,2021-11-22T01:00:00+00:00,1
2021-11-29T00:00:00+00:00,2021-11-29T00:01:00+00:00,2
2021-11-29T00:05:00+00:00,2021-11-29T00:05:00+00:00,1
2021-11-29T00:15:00+00:00,2021-11-29T00:15:00+00:00,1
2021-11-29T01:00:00+00:00,2021-11-29T01:00:00+00:00,1
2021-12-06T00:00:00+00:00,2021-12-06T00:01:00+00:00,2
2021-12-06T00:05:00+00:00,2021-12-06T00:05:00+00:00,1
2021-12-06T00:15:00+00:00,2021-12-06T00:15:00+00:00,1
2021-12-06T01:00:00+00:00,2021-12-06T01:00:00+00:00,1
2021-12-13T00:00:00+00:00,2021-12-13T00:01:00+00:00,2
2021-12-13T00:05:00+00:00,2021-12-13T00:05:00+00:00,1
2021-12-13T00:15:00+00:00,2021-12-13T00:15:00+00:00,1
2021-12-13T01:00:00+00:00,2021-12-13T01:00:00+00:00,1
2021-12-20T00:00:00+00:00,2021-12-20T00:01:00+00:00,2
2021-12-20T00:05:00+00:00,2021-12-20T00:05:00+00:00,1
2021-12-20T00:15:00+00:00,2021-12-20T00:15:00+00:00,1
2021-12-20T01:00:00+00:00,2021-12-20T01:00:00+00:00,1
2021-12-27T00:00:00+00:00,2021-12-27T00:02:00+00:00,3
2021-12-27T00:05:00+00:00,2021-12-27T00:06:00+00:00,2
2021-12-27T00:15:00+00:00,2021-12-27T00:16:00+00:00,2
2021-12-27T01:00:00+00:00,2021-12-27T01:01:00+00:00,2
2022-01-03T00:00:00+00:00,2022-01-03T00:03:00+00:00,4
2022-01-03T00:05:00+00:00,2022-01-03T00:07:00+00:00,3
2022-01-03T00:15:00+00:00,2022-01-03T00:17:00+00:00,3
2022-01-03T01:00:00+00:00,2022-01-03T01:02:00+00:00,3
2022-01-10T00:00:00+00:00,2022-01-10T00:01:00+00:00,2
2022-01-10T00:05:00+00:00,2022-01-10T00:05:00+00:00,1
2022-01-10T00:15:00+00:00,2022-01-10T00:15:00+00:00,1
2022-01-10T01:00:00+00:00,2022-01-10T01:00:00+00:00,1
2022-01-17T00:00:00+00:00,2022-01-17T00:01:00+00:00,2
2022-01-17T00:05:00+00:00,2022-01-17T00:05:00+00:00,1
2022-01-17T00:15:00+00:00,2022-01-17T00:15:00+00:00,1
2022-01-17T01:00:00+00:00,2022-01-17T01:00:00+00:00,1
2022-01-24T00:00:00+00:00,2022-01-24T00:01:00+00:00,2
2022-01-24T00:05:00+00:00,2022-01-24T00:05:00+00:00,1
2022-01-24T00:15:00+00:00,2022-01-24T00:15:00+00:00,1
2022-01-24T01:00:00+00:00,2022-01-24T01:00:00+00:00,1
2022-01-31T00:00:00+00:00,2022-01-31T00:01:00+00:00,2
2022-01-31T00:05:00+00:00,2022-01-31T00:05:00+00:00,1
2022-01-31T00:15:00+00:00,2022-01-31T00:15:00+00:00,1
2022-01-31T01:00:00+00:00,2022-01-31T01:00:00+00:00,1
2022-02-07T00:00:00+00:00,2022-02-07T00:01:00+00:00,2
2022-02-07T00:05:00+00:00,2022-02-07T00:05:00+00:00,1
2022-02-07T00:15:00+00:00,2022-02-07T00:15:00+00:00,1
2022-02-07T01:00:00+00:00,2022-02-07T01:00:00+00:00,1
2022-02-14T00:00:00+00:00,2022-02-14T00:01:00+00:00,2
2022-02-14T00:05:00+00:00,2022-02-14T00:05:00+00:00,1
2022-02-14T00:15:00+00:00,2022-02-14T00:15:00+00:00,1
2022-02-14T01:00:00+00:00,2022-02-14T01:00:00+00:00,1
2022-02-21T00:00:00+00:00,2022-02-21T00:01:00+00:00,2
2022-02-21T00:05:00+00:00,2022-02-21T00:05:00+00:00,1
2022-02-21T00:15:00+00:00,2022-02-21T00:15:00+00:00,1
2022-02-21T01:00:00+00:00,2022-02-21T01:00:00+00:00,1
2022-02-28T00:00:00+00:00,2022-02-28T00:01:00+00:00,2
2022-02-28T00:05:00+00:00,2022-02-28T00:05:00+00:00,1
2022-02-28T00:15:00+00:00,2022-02-28T00:15:00+00:00,1
2022-02-28T01:00:00+00:00,2022-02-28T01:00:00+00:00,1
2022-03-07T00:00:00+00:00,2022-03-07T00:01:00+00:00,2
2022-03-07T00:05:00+00:00,2022-03-07T00:05:00+00:00,1
2022-03-07T00:15:00+00:00,2022-03-07T00:15:00+00:00,1
2022-03-07T01:00:00+00:00,2022-03-07T01:00:00+00:00,1
2022-03-13T23:00:00+00:00,2022-03-13T23:02:00+00:00,3
2022-03-13T23:05:00+00:00,2022-03-13T23:06:00+00:00,2
2022-03-13T23:15:00+00:00,2022-03-13T23:16:00+00:00,2
2022-03-14T00:00:00+00:00,2022-03-14T00:01:00+00:00,2
2022-03-20T23:00:00+00:00,2022-03-20T23:01:00+00:00,2
2022-03-20T23:05:00+00:00,2022-03-20T23:05:00+00:00,1
2022-03-20T23:15:00+00:00,2022-03-20T23:15:00+00:00,1
2022-03-21T00:00:00+00:00,2022-03-21T00:00:00+00:00,1
2022-03-28T00:00:00+00:00,2022-03-28T00:01:00+00:00,2
2022-03-28T00:05:00+00:00,2022-03-28T00:05:00+00:00,1
2022-03-28T00:15:00+00:00,2022-03-28T00:15:00+00:00,1
2022-03-28T01:00:00+00:00,2022-03-28T01:00:00+00:00,1
2022-04-04T00:00:00+00:00,2022-04-04T00:01:00+00:00,2
2022-04-04T00:05:00+00:00,2022-04-04T00:05:00+00:00,1
2022-04-04T00:15:00+00:00,2022-04-04T00:15:00+00:00,1
2022-04-04T01:00:00+00:00,2022-04-04T01:00:00+00:00,1
2022-04-11T00:00:00+00:00,2022-04-11T00:01:00+00:00,2
2022-04-11T00:05:00+00:00,2022-04-11T00:05:00+00:00,1
2022-04-11T00:15:00+00:00,2022-04-11T00:15:00+00:00,1
2022-04-11T01:00:00+00:00,2022-04-11T01:00:00+00:00,1
2022-04-18T00:00:00+00:00,2022-04-18T00:01:00+00:00,2
2022-04-18T00:05:00+00:00,2022-04-18T00:05:00+00:00,1
2022-04-18T00:15:00+00:00,2022-04-18T00:15:00+00:00,1
2022-04-18T01:00:00+00:00,2022-04-18T01:00:00+00:00,1
2022-04-25T00:00:00+00:00,2022-04-25T00:02:00+00:00,3
2022-04-25T00:05:00+00:00,2022-04-25T00:06:00+00:00,2
2022-04-25T00:15:00+00:00,2022-04-25T00:16:00+00:00,2
2022-04-25T01:00:00+00:00,2022-04-25T01:01:00+00:00,2
2022-05-02T00:00:00+00:00,2022-05-02T00:01:00+00:00,2
2022-05-02T00:05:00+00:00,2022-05-02T00:05:00+00:00,1
2022-05-02T00:15:00+00:00,2022-05-02T00:15:00+00:00,1
2022-05-02T01:00:00+00:00,2022-05-02T01:00:00+00:00,1
2022-05-09T00:00:00+00:00,2022-05-09T00:01:00+00:00,2
2022-05-09T00:05:00+00:00,2022-05-09T00:05:00+00:00,1
2022-05-09T00:15:00+00:00,2022-05-09T00:15:00+00:00,1
2022-05-09T01:00:00+00:00,2022-05-09T01:00:00+00:00,1
2022-05-16T00:00:00+00:00,2022-05-16T00:01:00+00:00,2
2022-05-16T00:05:00+00:00,2022-05-16T00:05:00+00:00,1
2022-05-16T00:15:00+00:00,2022-05-16T00:15:00+00:00,1
2022-05-16T01:00:00+00:00,2022-05-16T01:00:00+00:00,1
2022-05-23T00:00:00+00:00,2022-05-23T00:01:00+00:00,2
2022-05-23T00:05:00+00:00,2022-05-23T00:05:00+00:00,1
2022-05-23T00:15:00+00:00,2022-05-23T00:15:00+00:00,1
2022-05-23T01:00:00+00:00,2022-05-23T01:00:00+00:00,1
2022-05-30T00:00:00+00:00,2022-05-30T00:01:00+00:00,2
2022-05-30T00:05:00+00:00,2022-05-30T00:05:00+00:00,1
2022-05-30T00:15:00+00:00,2022-05-30T00:15:00+00:00,1
2022-05-30T01:00:00+00:00,2022-05-30T01:00:00+00:00,1
2022-06-06T00:00:00+00:00,2022-06-06T00:01:00+00:00,2
2022-06-06T00:05:00+00:00,2022-06-06T00:05:00+00:00,1
2022-06-06T00:15:00+00:00,2022-06-06T00:15:00+00:00,1
2022-06-06T01:00:00+00:00,2022-06-06T01:00:00+00:00,1
2022-06-13T00:00:00+00:00,2022-06-13T00:01:00+00:00,2
2022-06-13T00:05:00+00:00,2022-06-13T00:05:00+00:00,1
2022-06-13T00:15:00+00:00,2022-06-13T00:15:00+00:00,1
2022-06-13T01:00:00+00:00,2022-06-13T01:00:00+00:00,1
2022-06-20T00:00:00+00:00,2022-06-20T00:01:00+00:00,2
2022-06-20T00:05:00+00:00,2022-06-20T00:05:00+00:00,1
2022-06-20T00:15:00+00:00,2022-06-20T00:15:00+00:00,1
2022-06-20T01:00:00+00:00,2022-06-20T01:00:00+00:00,1
2022-06-27T00:00:00+00:00,2022-06-27T00:01:00+00:00,2
2022-06-27T00:05:00+00:00,2022-06-27T00:05:00+00:00,1
2022-06-27T00:15:00+00:00,2022-06-27T00:17:00+00:00,3
2022-06-27T00:20:00+00:00,2022-06-27T00:21:00+00:00,2
2022-06-27T00:28:00+00:00,2022-06-27T00:31:00+00:00,4
2022-06-27T00:33:00+00:00,2022-06-27T00:35:00+00:00,3
2022-06-27T00:43:00+00:00,2022-06-27T00:45:00+00:00,3
2022-06-27T01:00:00+00:00,2022-06-27T01:00:00+00:00,1
2022-06-27T01:15:00+00:00,2022-06-27T01:16:00+00:00,2
2022-06-27T01:28:00+00:00,2022-06-27T01:30:00+00:00,3
2022-07-04T00:00:00+00:00,2022-07-04T00:01:00+00:00,2
2022-07-04T00:05:00+00:00,2022-07-04T00:05:00+00:00,1
2022-07-04T00:15:00+00:00,2022-07-04T00:15:00+00:00,1
2022-07-04T01:00:00+00:00,2022-07-04T01:00:00+00:00,1
2022-07-11T00:00:00+00:00,2022-07-11T00:01:00+00:00,2
2022-07-11T00:05:00+00:00,2022-07-11T00:05:00+00:00,1
2022-07-11T00:15:00+00:00,2022-07-11T00:15:00+00:00,1
2022-07-11T01:00:00+00:00,2022-07-11T01:00:00+00:00,1
2022-07-18T00:00:00+00:00,2022-07-18T00:01:00+00:00,2
2022-07-18T00:05:00+00:00,2022-07-18T00:05:00+00:00,1
2022-07-18T00:15:00+00:00,2022-07-18T00:15:00+00:00,1
2022-07-18T01:00:00+00:00,2022-07-18T01:00:00+00:00,1
2022-07-25T00:00:00+00:00,2022-07-25T00:01:00+00:00,2
2022-07-25T00:05:00+00:00,2022-07-25T00:05:00+00:00,1
2022-07-25T00:15:00+00:00,2022-07-25T00:15:00+00:00,1
2022-07-25T01:00:00+00:00,2022-07-25T01:00:00+00:00,1
2022-08-01T00:00:00+00:00,2022-08-01T00:01:00+00:00,2
2022-08-01T00:05:00+00:00,2022-08-01T00:05:00+00:00,1
2022-08-01T00:15:00+00:00,2022-08-01T00:15:00+00:00,1
2022-08-01T01:00:00+00:00,2022-08-01T01:00:00+00:00,1
2022-08-08T00:00:00+00:00,2022-08-08T00:01:00+00:00,2
2022-08-08T00:05:00+00:00,2022-08-08T00:05:00+00:00,1
2022-08-08T00:15:00+00:00,2022-08-08T00:15:00+00:00,1
2022-08-08T01:00:00+00:00,2022-08-08T01:00:00+00:00,1
2022-08-15T00:00:00+00:00,2022-08-15T00:02:00+00:00,3
2022-08-15T00:05:00+00:00,2022-08-15T00:06:00+00:00,2
2022-08-15T00:15:00+00:00,2022-08-15T00:16:00+00:00,2
2022-08-15T01:00:00+00:00,2022-08-15T01:01:00+00:00,2
2022-08-22T00:00:00+00:00,2022-08-22T00:01:00+00:00,2
2022-08-22T00:05:00+00:00,2022-08-22T00:05:00+00:00,1
2022-08-22T00:15:00+00:00,2022-08-22T00:15:00+00:00,1
2022-08-22T01:00:00+00:00,2022-08-22T01:00:00+00:00,1
2022-08-29T00:00:00+00:00,2022-08-29T00:01:00+00:00,2
2022-08-29T00:05:00+00:00,2022-08-29T00:05:00+00:00,1
2022-08-29T00:15:00+00:00,2022-08-29T00:15:00+00:00,1
2022-08-29T01:00:00+00:00,2022-08-29T01:00:00+00:00,1
2022-09-05T00:00:00+00:00,2022-09-05T00:01:00+00:00,2
2022-09-05T00:05:00+00:00,2022-09-05T00:05:00+00:00,1
2022-09-05T00:15:00+00:00,2022-09-05T00:15:00+00:00,1
2022-09-05T01:00:00+00:00,2022-09-05T01:00:00+00:00,1
2022-09-12T00:00:00+00:00,2022-09-12T00:01:00+00:00,2
2022-09-12T00:05:00+00:00,2022-09-12T00:05:00+00:00,1
2022-09-12T00:15:00+00:00,2022-09-12T00:15:00+00:00,1
2022-09-12T01:00:00+00:00,2022-09-12T01:00:00+00:00,1
2022-09-19T00:00:00+00:00,2022-09-19T00:01:00+00:00,2
2022-09-19T00:05:00+00:00,2022-09-19T00:05:00+00:00,1
2022-09-19T00:15:00+00:00,2022-09-19T00:15:00+00:00,1
2022-09-19T01:00:00+00:00,2022-09-19T01:00:00+00:00,1
2022-09-26T00:00:00+00:00,2022-09-26T00:01:00+00:00,2
2022-09-26T00:05:00+00:00,2022-09-26T00:05:00+00:00,1
2022-09-26T00:15:00+00:00,2022-09-26T00:15:00+00:00,1
2022-09-26T01:00:00+00:00,2022-09-26T01:00:00+00:00,1
2022-10-03T00:00:00+00:00,2022-10-03T00:01:00+00:00,2
2022-10-03T00:05:00+00:00,2022-10-03T00:05:00+00:00,1
2022-10-03T00:15:00+00:00,2022-10-03T00:15:00+00:00,1
2022-10-03T01:00:00+00:00,2022-10-03T01:00:00+00:00,1
2022-10-10T00:00:00+00:00,2022-10-10T00:01:00+00:00,2
2022-10-10T00:05:00+00:00,2022-10-10T00:05:00+00:00,1
2022-10-10T00:15:00+00:00,2022-10-10T00:15:00+00:00,1
2022-10-10T01:00:00+00:00,2022-10-10T01:00:00+00:00,1
2022-10-17T00:00:00+00:00,2022-10-17T00:01:00+00:00,2
2022-10-17T00:05:00+00:00,2022-10-17T00:05:00+00:00,1
2022-10-17T00:15:00+00:00,2022-10-17T00:15:00+00:00,1
2022-10-17T01:00:00+00:00,2022-10-17T01:00:00+00:00,1
2022-10-24T00:00:00+00:00,2022-10-24T00:01:00+00:00,2
2022-10-24T00:05:00+00:00,2022-10-24T00:05:00+00:00,1
2022-10-24T00:15:00+00:00,2022-10-24T00:15:00+00:00,1
2022-10-24T01:00:00+00:00,2022-10-24T01:00:00+00:00,1
2022-10-30T23:00:00+00:00,2022-10-30T23:01:00+00:00,2
2022-10-30T23:05:00+00:00,2022-10-30T23:05:00+00:00,1
2022-10-30T23:15:00+00:00,2022-10-30T23:15:00+00:00,1
2022-10-31T00:00:00+00:00,2022-10-31T00:00:00+00:00,1
2022-11-07T00:00:00+00:00,2022-11-07T00:01:00+00:00,2
2022-11-07T00:05:00+00:00,2022-11-07T00:05:00+00:00,1
2022-11-07T00:15:00+00:00,2022-11-07T00:15:00+00:00,1
2022-11-07T01:00:00+00:00,2022-11-07T01:00:00+00:00,1
2022-11-14T00:00:00+00:00,2022-11-14T00:01:00+00:00,2
2022-11-14T00:05:00+00:00,2022-11-14T00:05:00+00:00,1
2022-11-14T00:15:00+00:00,2022-11-14T00:15:00+00:00,1
2022-11-14T01:00:00+00:00,2022-11-14T01:00:00+00:00,1
2022-11-21T00:00:00+00:00,2022-11-21T00:01:00+00:00,2
2022-11-21T00:05:00+00:00,2022-11-21T00:05:00+00:00,1
2022-11-21T00:15:00+00:00,2022-11-21T00:15:00+00:00,1
2022-11-21T01:00:00+00:00,2022-11-21T01:00:00+00:00,1
2022-11-28T00:00:00+00:00,2022-11-28T00:01:00+00:00,2
2022-11-28T00:05:00+00:00,2022-11-28T00:05:00+00:00,1
2022-11-28T00:15:00+00:00,2022-11-28T00:15:00+00:00,1
2022-11-28T01:00:00+00:00,2022-11-28T01:00:00+00:00,1
2022-12-05T00:00:00+00:00,2022-12-05T00:01:00+00:00,2
2022-12-05T00:05:00+00:00,2022-12-05T00:05:00+00:00,1
2022-12-05T00:15:00+00:00,2022-12-05T00:15:00+00:00,1
2022-12-05T01:00:00+00:00,2022-12-05T01:00:00+00:00,1
2022-12-12T00:00:00+00:00,2022-12-12T00:01:00+00:00,2
2022-12-12T00:05:00+00:00,2022-12-12T00:05:00+00:00,1
2022-12-12T00:15:00+00:00,2022-12-12T00:15:00+00:00,1
2022-12-12T01:00:00+00:00,2022-12-12T01:00:00+00:00,1
2022-12-19T00:00:00+00:00,2022-12-19T00:01:00+00:00,2
2022-12-19T00:05:00+00:00,2022-12-19T00:05:00+00:00,1
2022-12-19T00:15:00+00:00,2022-12-19T00:15:00+00:00,1
2022-12-19T01:00:00+00:00,2022-12-19T01:00:00+00:00,1
2022-12-27T00:00:00+00:00,2022-12-27T00:02:00+00:00,3
2022-12-27T00:05:00+00:00,2022-12-27T00:06:00+00:00,2
2022-12-27T00:15:00+00:00,2022-12-27T00:16:00+00:00,2
2022-12-27T01:00:00+00:00,2022-12-27T01:01:00+00:00,2
2023-01-03T00:08:00+00:00,2023-01-03T00:18:00+00:00,11
2023-01-03T00:23:00+00:00,2023-01-03T00:28:00+00:00,6
2023-01-03T01:08:00+00:00,2023-01-03T01:13:00+00:00,6
2023-01-09T00:00:00+00:00,2023-01-09T00:01:00+00:00,2
2023-01-09T00:05:00+00:00,2023-01-09T00:05:00+00:00,1
2023-01-09T00:15:00+00:00,2023-01-09T00:15:00+00:00,1
2023-01-09T01:00:00+00:00,2023-01-09T01:00:00+00:00,1
2023-01-16T00:00:00+00:00,2023-01-16T00:01:00+00:00,2
2023-01-16T00:05:00+00:00,2023-01-16T00:05:00+00:00,1
2023-01-16T00:15:00+00:00,2023-01-16T00:15:00+00:00,1
2023-01-16T01:00:00+00:00,2023-01-16T01:00:00+00:00,1
2023-01-23T00:00:00+00:00,2023-01-23T00:01:00+00:00,2
2023-01-23T00:05:00+00:00,2023-01-23T00:05:00+00:00,1
2023-01-23T00:15:00+00:00,2023-01-23T00:15:00+00:00,1
2023-01-23T01:00:00+00:00,2023-01-23T01:00:00+00:00,1
2023-01-30T00:00:00+00:00,2023-01-30T00:01:00+00:00,2
2023-01-30T00:05:00+00:00,2023-01-30T00:05:00+00:00,1
2023-01-30T00:15:00+00:00,2023-01-30T00:15:00+00:00,1
2023-01-30T01:00:00+00:00,2023-01-30T01:00:00+00:00,1
2023-02-06T00:00:00+00:00,2023-02-06T00:01:00+00:00,2
2023-02-06T00:05:00+00:00,2023-02-06T00:05:00+00:00,1
2023-02-06T00:15:00+00:00,2023-02-06T00:15:00+00:00,1
2023-02-06T01:00:00+00:00,2023-02-06T01:00:00+00:00,1
2023-02-13T00:00:00+00:00,2023-02-13T00:01:00+00:00,2
2023-02-13T00:05:00+00:00,2023-02-13T00:05:00+00:00,1
2023-02-13T00:15:00+00:00,2023-02-13T00:15:00+00:00,1
2023-02-13T01:00:00+00:00,2023-02-13T01:00:00+00:00,1
2023-02-20T00:00:00+00:00,2023-02-20T00:01:00+00:00,2
2023-02-20T00:05:00+00:00,2023-02-20T00:05:00+00:00,1
2023-02-20T00:15:00+00:00,2023-02-20T00:15:00+00:00,1
2023-02-20T01:00:00+00:00,2023-02-20T01:00:00+00:00,1
2023-02-27T00:00:00+00:00,2023-02-27T00:01:00+00:00,2
2023-02-27T00:05:00+00:00,2023-02-27T00:05:00+00:00,1
2023-02-27T00:15:00+00:00,2023-02-27T00:15:00+00:00,1
2023-02-27T01:00:00+00:00,2023-02-27T01:00:00+00:00,1
2023-03-06T00:00:00+00:00,2023-03-06T00:01:00+00:00,2
2023-03-06T00:05:00+00:00,2023-03-06T00:05:00+00:00,1
2023-03-06T00:15:00+00:00,2023-03-06T00:15:00+00:00,1
2023-03-06T01:00:00+00:00,2023-03-06T01:00:00+00:00,1
2023-03-12T23:00:00+00:00,2023-03-12T23:01:00+00:00,2
2023-03-12T23:05:00+00:00,2023-03-12T23:05:00+00:00,1
2023-03-12T23:15:00+00:00,2023-03-12T23:15:00+00:00,1
2023-03-13T00:00:00+00:00,2023-03-13T00:00:00+00:00,1
2023-03-19T23:00:00+00:00,2023-03-19T23:01:00+00:00,2
2023-03-19T23:05:00+00:00,2023-03-19T23:05:00+00:00,1
2023-03-19T23:15:00+00:00,2023-03-19T23:15:00+00:00,1
2023-03-20T00:00:00+00:00,2023-03-20T00:00:00+00:00,1
2023-03-27T00:00:00+00:00,2023-03-27T00:01:00+00:00,2
2023-03-27T00:05:00+00:00,2023-03-27T00:05:00+00:00,1
2023-03-27T00:15:00+00:00,2023-03-27T00:15:00+00:00,1
2023-03-27T01:00:00+00:00,2023-03-27T01:00:00+00:00,1
2023-04-03T00:00:00+00:00,2023-04-03T00:01:00+00:00,2
2023-04-03T00:05:00+00:00,2023-04-03T00:05:00+00:00,1
2023-04-03T00:15:00+00:00,2023-04-03T00:15:00+00:00,1
2023-04-03T01:00:00+00:00,2023-04-03T01:00:00+00:00,1
2023-04-10T00:00:00+00:00,2023-04-10T00:01:00+00:00,2
2023-04-10T00:05:00+00:00,2023-04-10T00:05:00+00:00,1
2023-04-10T00:15:00+00:00,2023-04-10T00:15:00+00:00,1
2023-04-10T01:00:00+00:00,2023-04-10T01:00:00+00:00,1
2023-04-17T00:00:00+00:00,2023-04-17T00:01:00+00:00,2
2023-04-17T00:05:00+00:00,2023-04-17T00:05:00+00:00,1
2023-04-17T00:15:00+00:00,2023-04-17T00:15:00+00:00,1
2023-04-17T01:00:00+00:00,2023-04-17T01:00:00+00:00,1
2023-04-24T00:00:00+00:00,2023-04-24T00:01:00+00:00,2
2023-04-24T00:05:00+00:00,2023-04-24T00:05:00+00:00,1
2023-04-24T00:15:00+00:00,2023-04-24T00:15:00+00:00,1
2023-04-24T01:00:00+00:00,2023-04-24T01:00:00+00:00,1
2023-05-01T00:00:00+00:00,2023-05-01T00:01:00+00:00,2
2023-05-01T00:05:00+00:00,2023-05-01T00:05:00+00:00,1
2023-05-01T00:15:00+00:00,2023-05-01T00:15:00+00:00,1
2023-05-01T01:00:00+00:00,2023-05-01T01:00:00+00:00,1
2023-05-08T00:00:00+00:00,2023-05-08T00:01:00+00:00,2
2023-05-08T00:05:00+00:00,2023-05-08T00:05:00+00:00,1
2023-05-08T00:15:00+00:00,2023-05-08T00:15:00+00:00,1
2023-05-08T01:00:00+00:00,2023-05-08T01:00:00+00:00,1
2023-05-15T00:00:00+00:00,2023-05-15T00:01:00+00:00,2
2023-05-15T00:05:00+00:00,2023-05-15T00:05:00+00:00,1
2023-05-15T00:15:00+00:00,2023-05-15T00:15:00+00:00,1
2023-05-15T01:00:00+00:00,2023-05-15T01:00:00+00:00,1
2023-05-22T00:00:00+00:00,2023-05-22T00:01:00+00:00,2
2023-05-22T00:05:00+00:00,2023-05-22T00:05:00+00:00,1
2023-05-22T00:15:00+00:00,2023-05-22T00:15:00+00:00,1
2023-05-22T01:00:00+00:00,2023-05-22T01:00:00+00:00,1
2023-05-23T22:19:00+00:00,2023-05-23T22:20:00+00:00,2
2023-05-23T22:24:00+00:00,2023-05-23T22:24:00+00:00,1
2023-05-23T22:34:00+00:00,2023-05-23T22:34:00+00:00,1
2023-05-23T23:19:00+00:00,2023-05-23T23:19:00+00:00,1
2023-05-29T00:00:00+00:00,2023-05-29T00:01:00+00:00,2
2023-05-29T00:05:00+00:00,2023-05-29T00:05:00+00:00,1
2023-05-29T00:15:00+00:00,2023-05-29T00:15:00+00:00,1
2023-05-29T01:00:00+00:00,2023-05-29T01:00:00+00:00,1
2023-06-05T00:00:00+00:00,2023-06-05T00:01:00+00:00,2
2023-06-05T00:05:00+00:00,2023-06-05T00:05:00+00:00,1
2023-06-05T00:15:00+00:00,2023-06-05T00:15:00+00:00,1
2023-06-05T01:00:00+00:00,2023-06-05T01:00:00+00:00,1
2023-06-12T00:00:00+00:00,2023-06-12T00:01:00+00:00,2
2023-06-12T00:05:00+00:00,2023-06-12T00:05:00+00:00,1
2023-06-12T00:15:00+00:00,2023-06-12T00:15:00+00:00,1
2023-06-12T01:00:00+00:00,2023-06-12T01:00:00+00:00,1
2023-06-19T00:00:00+00:00,2023-06-19T00:01:00+00:00,2
2023-06-19T00:05:00+00:00,2023-06-19T00:05:00+00:00,1
2023-06-19T00:15:00+00:00,2023-06-19T00:15:00+00:00,1
2023-06-19T01:00:00+00:00,2023-06-19T01:00:00+00:00,1
2023-06-26T00:00:00+00:00,2023-06-26T00:01:00+00:00,2
2023-06-26T00:05:00+00:00,2023-06-26T00:05:00+00:00,1
2023-06-26T00:15:00+00:00,2023-06-26T00:15:00+00:00,1
2023-06-26T01:00:00+00:00,2023-06-26T01:00:00+00:00,1
2023-07-03T00:00:00+00:00,2023-07-03T00:01:00+00:00,2
2023-07-03T00:05:00+00:00,2023-07-03T00:05:00+00:00,1
2023-07-03T00:15:00+00:00,2023-07-03T00:15:00+00:00,1
2023-07-03T01:00:00+00:00,2023-07-03T01:00:00+00:00,1
2023-07-10T00:00:00+00:00,2023-07-10T00:08:00+00:00,9
2023-07-10T00:15:00+00:00,2023-07-10T00:18:00+00:00,4
2023-07-10T01:00:00+00:00,2023-07-10T01:03:00+00:00,4
2023-07-17T00:00:00+00:00,2023-07-17T00:02:00+00:00,3
2023-07-17T00:05:00+00:00,2023-07-17T00:06:00+00:00,2
2023-07-17T00:15:00+00:00,2023-07-17T00:16:00+00:00,2
2023-07-17T01:00:00+00:00,2023-07-17T01:01:00+00:00,2
2023-07-24T00:00:00+00:00,2023-07-24T00:01:00+00:00,2
2023-07-24T00:05:00+00:00,2023-07-24T00:05:00+00:00,1
2023-07-24T00:15:00+00:00,2023-07-24T00:15:00+00:00,1
2023-07-24T01:00:00+00:00,2023-07-24T01:00:00+00:00,1
2023-07-31T00:00:00+00:00,2023-07-31T00:01:00+00:00,2
2023-07-31T00:05:00+00:00,2023-07-31T00:05:00+00:00,1
2023-07-31T00:15:00+00:00,2023-07-31T00:15:00+00:00,1
2023-07-31T01:00:00+00:00,2023-07-31T01:00:00+00:00,1
2023-08-07T00:00:00+00:00,2023-08-07T00:01:00+00:00,2
2023-08-07T00:05:00+00:00,2023-08-07T00:05:00+00:00,1
2023-08-07T00:15:00+00:00,2023-08-07T00:15:00+00:00,1
2023-08-07T01:00:00+00:00,2023-08-07T01:00:00+00:00,1
2023-08-09T18:54:00+00:00,2023-08-09T18:55:00+00:00,2
2023-08-09T18:59:00+00:00,2023-08-09T18:59:00+00:00,1
2023-08-09T19:09:00+00:00,2023-08-09T19:09:00+00:00,1
2023-08-09T19:54:00+00:00,2023-08-09T19:54:00+00:00,1
2023-08-09T20:32:00+00:00,2023-08-09T20:33:00+00:00,2
2023-08-09T20:37:00+00:00,2023-08-09T20:37:00+00:00,1
2023-08-09T20:47:00+00:00,2023-08-09T20:47:00+00:00,1
2023-08-14T00:00:00+00:00,2023-08-14T00:01:00+00:00,2
2023-08-14T00:05:00+00:00,2023-08-14T00:05:00+00:00,1
2023-08-14T00:15:00+00:00,2023-08-14T00:15:00+00:00,1
2023-08-14T01:00:00+00:00,2023-08-14T01:00:00+00:00,1
2023-08-21T00:00:00+00:00,2023-08-21T00:01:00+00:00,2
2023-08-21T00:05:00+00:00,2023-08-21T00:05:00+00:00,1
2023-08-21T00:15:00+00:00,2023-08-21T00:15:00+00:00,1
2023-08-21T01:00:00+00:00,2023-08-21T01:00:00+00:00,1
2023-08-28T00:00:00+00:00,2023-08-28T00:01:00+00:00,2
2023-08-28T00:05:00+00:00,2023-08-28T00:05:00+00:00,1
2023-08-28T00:15:00+00:00,2023-08-28T00:15:00+00:00,1
2023-08-28T01:00:00+00:00,2023-08-28T01:00:00+00:00,1
2023-09-04T00:00:00+00:00,2023-09-04T00:01:00+00:00,2
2023-09-04T00:05:00+00:00,2023-09-04T00:05:00+00:00,1
2023-09-04T00:15:00+00:00,2023-09-04T00:15:00+00:00,1
2023-09-04T01:00:00+00:00,2023-09-04T01:00:00+00:00,1
2023-09-11T00:00:00+00:00,2023-09-11T00:01:00+00:00,2
2023-09-11T00:05:00+00:00,2023-09-11T00:05:00+00:00,1
2023-09-11T00:15:00+00:00,2023-09-11T00:15:00+00:00,1
2023-09-11T01:00:00+00:00,2023-09-11T01:00:00+00:00,1
2023-09-18T00:00:00+00:00,2023-09-18T00:02:00+00:00,3
2023-09-18T00:05:00+00:00,2023-09-18T00:06:00+00:00,2
2023-09-18T00:15:00+00:00,2023-09-18T00:16:00+00:00,2
2023-09-18T01:00:00+00:00,2023-09-18T01:01:00+00:00,2
2023-09-25T00:00:00+00:00,2023-09-25T00:01:00+00:00,2
2023-09-25T00:05:00+00:00,2023-09-25T00:05:00+00:00,1
2023-09-25T00:15:00+00:00,2023-09-25T00:15:00+00:00,1
2023-09-25T01:00:00+00:00,2023-09-25T01:00:00+00:00,1
2023-10-02T00:00:00+00:00,2023-10-02T00:01:00+00:00,2
2023-10-02T00:05:00+00:00,2023-10-02T00:05:00+00:00,1
2023-10-02T00:15:00+00:00,2023-10-02T00:15:00+00:00,1
2023-10-02T01:00:00+00:00,2023-10-02T01:00:00+00:00,1
2023-10-09T00:00:00+00:00,2023-10-09T00:01:00+00:00,2
2023-10-09T00:05:00+00:00,2023-10-09T00:05:00+00:00,1
2023-10-09T00:15:00+00:00,2023-10-09T00:15:00+00:00,1
2023-10-09T01:00:00+00:00,2023-10-09T01:00:00+00:00,1
2023-10-16T00:00:00+00:00,2023-10-16T00:01:00+00:00,2
2023-10-16T00:05:00+00:00,2023-10-16T00:05:00+00:00,1
2023-10-16T00:15:00+00:00,2023-10-16T00:15:00+00:00,1
2023-10-16T01:00:00+00:00,2023-10-16T01:00:00+00:00,1
2023-10-23T00:00:00+00:00,2023-10-23T00:01:00+00:00,2
2023-10-23T00:05:00+00:00,2023-10-23T00:05:00+00:00,1
2023-10-23T00:15:00+00:00,2023-10-23T00:15:00+00:00,1
2023-10-23T01:00:00+00:00,2023-10-23T01:00:00+00:00,1
2023-10-29T23:01:00+00:00,2023-10-29T23:02:00+00:00,2
2023-10-29T23:06:00+00:00,2023-10-29T23:06:00+00:00,1
2023-10-29T23:16:00+00:00,2023-10-29T23:16:00+00:00,1
2023-10-30T00:01:00+00:00,2023-10-30T00:01:00+00:00,1
2023-11-06T00:00:00+00:00,2023-11-06T00:01:00+00:00,2
2023-11-06T00:05:00+00:00,2023-11-06T00:05:00+00:00,1
2023-11-06T00:15:00+00:00,2023-11-06T00:15:00+00:00,1
2023-11-06T01:00:00+00:00,2023-11-06T01:00:00+00:00,1
2023-11-13T00:00:00+00:00,2023-11-13T00:01:00+00:00,2
2023-11-13T00:05:00+00:00,2023-11-13T00:05:00+00:00,1
2023-11-13T00:15:00+00:00,2023-11-13T00:15:00+00:00,1
2023-11-13T01:00:00+00:00,2023-11-13T01:00:00+00:00,1
2023-11-20T00:00:00+00:00,2023-11-20T00:01:00+00:00,2
2023-11-20T00:05:00+00:00,2023-11-20T00:05:00+00:00,1
2023-11-20T00:15:00+00:00,2023-11-20T00:15:00+00:00,1
2023-11-20T01:00:00+00:00,2023-11-20T01:00:00+00:00,1
2023-11-27T00:00:00+00:00,2023-11-27T00:01:00+00:00,2
2023-11-27T00:05:00+00:00,2023-11-27T00:05:00+00:00,1
2023-11-27T00:15:00+00:00,2023-11-27T00:15:00+00:00,1
2023-11-27T01:00:00+00:00,2023-11-27T01:00:00+00:00,1
2023-12-04T00:00:00+00:00,2023-12-04T00:01:00+00:00,2
2023-12-04T00:05:00+00:00,2023-12-04T00:05:00+00:00,1
2023-12-04T00:15:00+00:00,2023-12-04T00:15:00+00:00,1
2023-12-04T01:00:00+00:00,2023-12-04T01:00:00+00:00,1
2023-12-11T00:00:00+00:00,2023-12-11T00:01:00+00:00,2
2023-12-11T00:05:00+00:00,2023-12-11T00:05:00+00:00,1
2023-12-11T00:15:00+00:00,2023-12-11T00:15:00+00:00,1
2023-12-11T01:00:00+00:00,2023-12-11T01:00:00+00:00,1
2023-12-18T00:00:00+00:00,2023-12-18T00:01:00+00:00,2
2023-12-18T00:05:00+00:00,2023-12-18T00:05:00+00:00,1
2023-12-18T00:15:00+00:00,2023-12-18T00:15:00+00:00,1
2023-12-18T01:00:00+00:00,2023-12-18T01:00:00+00:00,1
2023-12-26T00:00:00+00:00,2023-12-26T00:01:00+00:00,2
2023-12-26T00:05:00+00:00,2023-12-26T00:05:00+00:00,1
2023-12-26T00:15:00+00:00,2023-12-26T00:15:00+00:00,1
2023-12-26T01:00:00+00:00,2023-12-26T01:00:00+00:00,1
2024-01-02T00:00:00+00:00,2024-01-02T00:01:00+00:00,2
2024-01-02T00:05:00+00:00,2024-01-02T00:05:00+00:00,1
2024-01-02T00:15:00+00:00,2024-01-02T00:15:00+00:00,1
2024-01-02T01:00:00+00:00,2024-01-02T01:00:00+00:00,1
2024-01-08T00:00:00+00:00,2024-01-08T00:10:00+00:00,11
2024-01-08T00:15:00+00:00,2024-01-08T00:20:00+00:00,6
2024-01-08T01:00:00+00:00,2024-01-08T01:05:00+00:00,6
2024-01-15T00:00:00+00:00,2024-01-15T00:01:00+00:00,2
2024-01-15T00:05:00+00:00,2024-01-15T00:05:00+00:00,1
2024-01-15T00:15:00+00:00,2024-01-15T00:15:00+00:00,1
2024-01-15T01:00:00+00:00,2024-01-15T01:00:00+00:00,1
2024-01-22T00:00:00+00:00,2024-01-22T00:02:00+00:00,3
2024-01-22T00:05:00+00:00,2024-01-22T00:06:00+00:00,2
2024-01-22T00:15:00+00:00,2024-01-22T00:16:00+00:00,2
2024-01-22T01:00:00+00:00,2024-01-22T01:01:00+00:00,2
2024-01-29T00:00:00+00:00,2024-01-29T00:01:00+00:00,2
2024-01-29T00:05:00+00:00,2024-01-29T00:05:00+00:00,1
2024-01-29T00:15:00+00:00,2024-01-29T00:15:00+00:00,1
2024-01-29T01:00:00+00:00,2024-01-29T01:00:00+00:00,1
2024-02-05T00:00:00+00:00,2024-02-05T00:01:00+00:00,2
2024-02-05T00:05:00+00:00,2024-02-05T00:05:00+00:00,1
2024-02-05T00:15:00+00:00,2024-02-05T00:15:00+00:00,1
2024-02-05T01:00:00+00:00,2024-02-05T01:00:00+00:00,1
2024-02-12T00:00:00+00:00,2024-02-12T00:01:00+00:00,2
2024-02-12T00:05:00+00:00,2024-02-12T00:05:00+00:00,1
2024-02-12T00:15:00+00:00,2024-02-12T00:15:00+00:00,1
2024-02-12T01:00:00+00:00,2024-02-12T01:00:00+00:00,1
2024-02-19T00:00:00+00:00,2024-02-19T00:02:00+00:00,3
2024-02-19T00:05:00+00:00,2024-02-19T00:06:00+00:00,2
2024-02-19T00:15:00+00:00,2024-02-19T00:16:00+00:00,2
2024-02-19T01:00:00+00:00,2024-02-19T01:01:00+00:00,2
2024-02-26T00:00:00+00:00,2024-02-26T00:01:00+00:00,2
2024-02-26T00:05:00+00:00,2024-02-26T00:05:00+00:00,1
2024-02-26T00:15:00+00:00,2024-02-26T00:15:00+00:00,1
2024-02-26T01:00:00+00:00,2024-02-26T01:00:00+00:00,1
2024-03-04T00:00:00+00:00,2024-03-04T00:02:00+00:00,3
2024-03-04T00:05:00+00:00,2024-03-04T00:06:00+00:00,2
2024-03-04T00:15:00+00:00,2024-03-04T00:16:00+00:00,2
2024-03-04T01:00:00+00:00,2024-03-04T01:01:00+00:00,2
2024-03-10T23:00:00+00:00,2024-03-10T23:01:00+00:00,2
2024-03-10T23:05:00+00:00,2024-03-10T23:05:00+00:00,1
2024-03-10T23:15:00+00:00,2024-03-10T23:15:00+00:00,1
2024-03-11T00:00:00+00:00,2024-03-11T00:00:00+00:00,1
2024-03-17T23:00:00+00:00,2024-03-17T23:01:00+00:00,2
2024-03-17T23:05:00+00:00,2024-03-17T23:05:00+00:00,1
2024-03-17T23:15:00+00:00,2024-03-17T23:15:00+00:00,1
2024-03-18T00:00:00+00:00,2024-03-18T00:00:00+00:00,1
2024-03-24T23:00:00+00:00,2024-03-24T23:01:00+00:00,2
2024-03-24T23:05:00+00:00,2024-03-24T23:05:00+00:00,1
2024-03-24T23:15:00+00:00,2024-03-24T23:15:00+00:00,1
2024-03-25T00:00:00+00:00,2024-03-25T00:00:00+00:00,1
2024-04-01T00:00:00+00:00,2024-04-01T00:03:00+00:00,4
2024-04-01T00:05:00+00:00,2024-04-01T00:07:00+00:00,3
2024-04-01T00:15:00+00:00,2024-04-01T00:17:00+00:00,3
2024-04-01T01:00:00+00:00,2024-04-01T01:02:00+00:00,3
2024-04-08T00:00:00+00:00,2024-04-08T00:02:00+00:00,3
2024-04-08T00:05:00+00:00,2024-04-08T00:06:00+00:00,2
2024-04-08T00:15:00+00:00,2024-04-08T00:16:00+00:00,2
2024-04-08T01:00:00+00:00,2024-04-08T01:01:00+00:00,2
2024-04-15T00:00:00+00:00,2024-04-15T00:02:00+00:00,3
2024-04-15T00:05:00+00:00,2024-04-15T00:06:00+00:00,2
2024-04-15T00:15:00+00:00,2024-04-15T00:16:00+00:00,2
2024-04-15T01:00:00+00:00,2024-04-15T01:01:00+00:00,2
2024-04-22T00:00:00+00:00,2024-04-22T00:03:00+00:00,4
2024-04-22T00:05:00+00:00,2024-04-22T00:07:00+00:00,3
2024-04-22T00:15:00+00:00,2024-04-22T00:17:00+00:00,3
2024-04-22T01:00:00+00:00,2024-04-22T01:02:00+00:00,3
2024-04-29T00:00:00+00:00,2024-04-29T00:10:00+00:00,11
2024-04-29T00:15:00+00:00,2024-04-29T00:20:00+00:00,6
2024-04-29T01:00:00+00:00,2024-04-29T01:05:00+00:00,6
2024-05-06T00:00:00+00:00,2024-05-06T00:02:00+00:00,3
2024-05-06T00:05:00+00:00,2024-05-06T00:06:00+00:00,2
2024-05-06T00:15:00+00:00,2024-05-06T00:16:00+00:00,2
2024-05-06T01:00:00+00:00,2024-05-06T01:01:00+00:00,2
2024-05-13T00:00:00+00:00,2024-05-13T00:01:00+00:00,2
2024-05-13T00:05:00+00:00,2024-05-13T00:05:00+00:00,1
2024-05-13T00:15:00+00:00,2024-05-13T00:15:00+00:00,1
2024-05-13T01:00:00+00:00,2024-05-13T01:00:00+00:00,1
2024-05-20T00:00:00+00:00,2024-05-20T00:01:00+00:00,2
2024-05-20T00:05:00+00:00,2024-05-20T00:05:00+00:00,1
2024-05-20T00:15:00+00:00,2024-05-20T00:15:00+00:00,1
2024-05-20T01:00:00+00:00,2024-05-20T01:00:00+00:00,1
2024-05-27T00:00:00+00:00,2024-05-27T00:01:00+00:00,2
2024-05-27T00:05:00+00:00,2024-05-27T00:05:00+00:00,1
2024-05-27T00:15:00+00:00,2024-05-27T00:15:00+00:00,1
2024-05-27T01:00:00+00:00,2024-05-27T01:00:00+00:00,1
2024-06-03T00:00:00+00:00,2024-06-03T00:01:00+00:00,2
2024-06-03T00:05:00+00:00,2024-06-03T00:05:00+00:00,1
2024-06-03T00:15:00+00:00,2024-06-03T00:15:00+00:00,1
2024-06-03T01:00:00+00:00,2024-06-03T01:00:00+00:00,1
2024-06-10T00:00:00+00:00,2024-06-10T00:01:00+00:00,2
2024-06-10T00:05:00+00:00,2024-06-10T00:05:00+00:00,1
2024-06-10T00:15:00+00:00,2024-06-10T00:15:00+00:00,1
2024-06-10T01:00:00+00:00,2024-06-10T01:00:00+00:00,1
2024-06-17T00:00:00+00:00,2024-06-17T00:01:00+00:00,2
2024-06-17T00:05:00+00:00,2024-06-17T00:05:00+00:00,1
2024-06-17T00:15:00+00:00,2024-06-17T00:15:00+00:00,1
2024-06-17T01:00:00+00:00,2024-06-17T01:00:00+00:00,1
2024-06-24T00:00:00+00:00,2024-06-24T00:01:00+00:00,2
2024-06-24T00:05:00+00:00,2024-06-24T00:05:00+00:00,1
2024-06-24T00:15:00+00:00,2024-06-24T00:15:00+00:00,1
2024-06-24T01:00:00+00:00,2024-06-24T01:00:00+00:00,1
2024-07-01T00:00:00+00:00,2024-07-01T00:01:00+00:00,2
2024-07-01T00:05:00+00:00,2024-07-01T00:05:00+00:00,1
2024-07-01T00:15:00+00:00,2024-07-01T00:15:00+00:00,1
2024-07-01T01:00:00+00:00,2024-07-01T01:00:00+00:00,1
2024-07-08T00:00:00+00:00,2024-07-08T00:01:00+00:00,2
2024-07-08T00:05:00+00:00,2024-07-08T00:05:00+00:00,1
2024-07-08T00:15:00+00:00,2024-07-08T00:15:00+00:00,1
2024-07-08T01:00:00+00:00,2024-07-08T01:00:00+00:00,1
2024-07-15T00:00:00+00:00,2024-07-15T00:02:00+00:00,3
2024-07-15T00:05:00+00:00,2024-07-15T00:06:00+00:00,2
2024-07-15T00:15:00+00:00,2024-07-15T00:16:00+00:00,2
2024-07-15T01:00:00+00:00,2024-07-15T01:01:00+00:00,2
2024-07-22T00:00:00+00:00,2024-07-22T00:01:00+00:00,2
2024-07-22T00:05:00+00:00,2024-07-22T00:05:00+00:00,1
2024-07-22T00:15:00+00:00,2024-07-22T00:15:00+00:00,1
2024-07-22T01:00:00+00:00,2024-07-22T01:00:00+00:00,1
2024-07-29T00:00:00+00:00,2024-07-29T00:01:00+00:00,2
2024-07-29T00:05:00+00:00,2024-07-29T00:05:00+00:00,1
2024-07-29T00:15:00+00:00,2024-07-29T00:15:00+00:00,1
2024-07-29T01:00:00+00:00,2024-07-29T01:00:00+00:00,1
2024-08-05T00:00:00+00:00,2024-08-05T00:01:00+00:00,2
2024-08-05T00:05:00+00:00,2024-08-05T00:05:00+00:00,1
2024-08-05T00:15:00+00:00,2024-08-05T00:15:00+00:00,1
2024-08-05T01:00:00+00:00,2024-08-05T01:00:00+00:00,1
2024-08-12T00:00:00+00:00,2024-08-12T00:01:00+00:00,2
2024-08-12T00:05:00+00:00,2024-08-12T00:05:00+00:00,1
2024-08-12T00:15:00+00:00,2024-08-12T00:15:00+00:00,1
2024-08-12T01:00:00+00:00,2024-08-12T01:00:00+00:00,1
2024-08-19T00:00:00+00:00,2024-08-19T00:01:00+00:00,2
2024-08-19T00:05:00+00:00,2024-08-19T00:05:00+00:00,1
2024-08-19T00:15:00+00:00,2024-08-19T00:15:00+00:00,1
2024-08-19T01:00:00+00:00,2024-08-19T01:00:00+00:00,1
2024-08-26T00:00:00+00:00,2024-08-26T00:08:00+00:00,9
2024-08-26T00:15:00+00:00,2024-08-26T00:18:00+00:00,4
2024-08-26T01:00:00+00:00,2024-08-26T01:03:00+00:00,4
2024-09-02T00:00:00+00:00,2024-09-02T00:03:00+00:00,4
2024-09-02T00:05:00+00:00,2024-09-02T00:07:00+00:00,3
2024-09-02T00:15:00+00:00,2024-09-02T00:17:00+00:00,3
2024-09-02T01:00:00+00:00,2024-09-02T01:02:00+00:00,3
2024-09-09T00:00:00+00:00,2024-09-09T00:01:00+00:00,2
2024-09-09T00:05:00+00:00,2024-09-09T00:05:00+00:00,1
2024-09-09T00:15:00+00:00,2024-09-09T00:15:00+00:00,1
2024-09-09T01:00:00+00:00,2024-09-09T01:00:00+00:00,1
2024-09-16T00:00:00+00:00,2024-09-16T00:01:00+00:00,2
2024-09-16T00:05:00+00:00,2024-09-16T00:05:00+00:00,1
2024-09-16T00:15:00+00:00,2024-09-16T00:15:00+00:00,1
2024-09-16T01:00:00+00:00,2024-09-16T01:00:00+00:00,1
2024-09-23T00:01:00+00:00,2024-09-23T00:03:00+00:00,3
2024-09-23T00:06:00+00:00,2024-09-23T00:07:00+00:00,2
2024-09-23T00:16:00+00:00,2024-09-23T00:17:00+00:00,2
2024-09-23T01:01:00+00:00,2024-09-23T01:02:00+00:00,2
2024-09-30T00:01:00+00:00,2024-09-30T00:11:00+00:00,11
2024-09-30T00:13:00+00:00,2024-09-30T00:47:00+00:00,35
2024-09-30T01:01:00+00:00,2024-09-30T01:06:00+00:00,6
2024-09-30T01:13:00+00:00,2024-09-30T01:14:00+00:00,2
2024-09-30T01:22:00+00:00,2024-09-30T01:32:00+00:00,11
2024-10-07T00:00:00+00:00,2024-10-07T00:01:00+00:00,2
2024-10-07T00:05:00+00:00,2024-10-07T00:05:00+00:00,1
2024-10-07T00:15:00+00:00,2024-10-07T00:15:00+00:00,1
2024-10-07T01:00:00+00:00,2024-10-07T01:00:00+00:00,1
2024-10-14T00:00:00+00:00,2024-10-14T00:02:00+00:00,3
2024-10-14T00:05:00+00:00,2024-10-14T00:06:00+00:00,2
2024-10-14T00:15:00+00:00,2024-10-14T00:16:00+00:00,2
2024-10-14T01:00:00+00:00,2024-10-14T01:01:00+00:00,2
2024-10-21T00:00:00+00:00,2024-10-21T00:02:00+00:00,3
2024-10-21T00:05:00+00:00,2024-10-21T00:06:00+00:00,2
2024-10-21T00:15:00+00:00,2024-10-21T00:16:00+00:00,2
2024-10-21T01:00:00+00:00,2024-10-21T01:01:00+00:00,2
2024-10-27T23:01:00+00:00,2024-10-27T23:02:00+00:00,2
2024-10-27T23:06:00+00:00,2024-10-27T23:06:00+00:00,1
2024-10-27T23:16:00+00:00,2024-10-27T23:16:00+00:00,1
2024-10-28T00:01:00+00:00,2024-10-28T00:01:00+00:00,1
2024-11-04T00:00:00+00:00,2024-11-04T00:01:00+00:00,2
2024-11-04T00:05:00+00:00,2024-11-04T00:05:00+00:00,1
2024-11-04T00:15:00+00:00,2024-11-04T00:15:00+00:00,1
2024-11-04T01:00:00+00:00,2024-11-04T01:00:00+00:00,1
2024-11-11T00:00:00+00:00,2024-11-11T00:01:00+00:00,2
2024-11-11T00:05:00+00:00,2024-11-11T00:05:00+00:00,1
2024-11-11T00:15:00+00:00,2024-11-11T00:15:00+00:00,1
2024-11-11T01:00:00+00:00,2024-11-11T01:00:00+00:00,1
2024-11-18T00:00:00+00:00,2024-11-18T00:03:00+00:00,4
2024-11-18T00:05:00+00:00,2024-11-18T00:07:00+00:00,3
2024-11-18T00:15:00+00:00,2024-11-18T00:17:00+00:00,3
2024-11-18T01:00:00+00:00,2024-11-18T01:02:00+00:00,3
2024-11-25T00:00:00+00:00,2024-11-25T00:01:00+00:00,2
2024-11-25T00:05:00+00:00,2024-11-25T00:05:00+00:00,1
2024-11-25T00:15:00+00:00,2024-11-25T00:15:00+00:00,1
2024-11-25T01:00:00+00:00,2024-11-25T01:00:00+00:00,1
2024-12-02T00:00:00+00:00,2024-12-02T00:02:00+00:00,3
2024-12-02T00:05:00+00:00,2024-12-02T00:06:00+00:00,2
2024-12-02T00:15:00+00:00,2024-12-02T00:16:00+00:00,2
2024-12-02T01:00:00+00:00,2024-12-02T01:01:00+00:00,2
2024-12-09T00:00:00+00:00,2024-12-09T00:02:00+00:00,3
2024-12-09T00:05:00+00:00,2024-12-09T00:06:00+00:00,2
2024-12-09T00:15:00+00:00,2024-12-09T00:16:00+00:00,2
2024-12-09T01:00:00+00:00,2024-12-09T01:01:00+00:00,2
2024-12-16T00:00:00+00:00,2024-12-16T00:01:00+00:00,2
2024-12-16T00:05:00+00:00,2024-12-16T00:05:00+00:00,1
2024-12-16T00:15:00+00:00,2024-12-16T00:15:00+00:00,1
2024-12-16T01:00:00+00:00,2024-12-16T01:00:00+00:00,1
2024-12-23T00:00:00+00:00,2024-12-23T00:03:00+00:00,4
2024-12-23T00:05:00+00:00,2024-12-23T00:07:00+00:00,3
2024-12-23T00:15:00+00:00,2024-12-23T00:17:00+00:00,3
2024-12-23T01:00:00+00:00,2024-12-23T01:02:00+00:00,3
2024-12-26T08:00:00+00:00,2024-12-26T08:01:00+00:00,2
2024-12-26T08:05:00+00:00,2024-12-26T08:05:00+00:00,1
2024-12-26T08:15:00+00:00,2024-12-26T08:15:00+00:00,1
2024-12-26T09:00:00+00:00,2024-12-26T09:00:00+00:00,1
2024-12-30T00:00:00+00:00,2024-12-30T00:03:00+00:00,4
2024-12-30T00:05:00+00:00,2024-12-30T00:07:00+00:00,3
2024-12-30T00:15:00+00:00,2024-12-30T00:17:00+00:00,3
2024-12-30T01:00:00+00:00,2024-12-30T01:02:00+00:00,3
