event_id,event_type,release_timestamp_utc,source_document,source_sha256,provenance_run,reference_period,official_title,original_timezone
CPI_cpi_01162015,CPI,2015-01-16T13:30:00Z,https://www.bls.gov/news.release/archives/cpi_01162015.htm,0d6506526db661a782e5b3764c720878ac0623fbe3068163963192ba3baf179b,20260903T154042Z_gemini_macro_event_timing_v1,,,EST
PCE_personal-income-and-outlays-december-2014,PCE,2015-02-02T13:30:00+00:00,https://www.bea.gov/news/2015/personal-income-and-outlays-december-2014,38db16e7f406b66155308c6dd674d1e7f4d17b4cfa461c63f2426cce89a31d54,20260905T171629Z_gemini_macro_event_integration_foundation_v1,2014-12,"Personal Income and Outlays, December 2014",EST
EMPLOYMENT_empsit_02062015,EMPLOYMENT,2015-02-06T13:30:00Z,https://www.bls.gov/news.release/archives/empsit_02062015.htm,d559635823b5d527fd34b45e2cc96c228010403527b1be39d5f8e448b45a8dc5,20260903T154042Z_gemini_macro_event_timing_v1,,,EST
CPI_cpi_02262015,CPI,2015-02-26T13:30:00Z,https://www.bls.gov/news.release/archives/cpi_02262015.htm,eb589cc6488bf08cedec50df30c4a0f52ebaf998b28b8e4bd469417a7be30837,20260903T154042Z_gemini_macro_event_timing_v1,,,EST
PCE_personal-income-and-outlays-january-2015,PCE,2015-03-02T13:30:00+00:00,https://www.bea.gov/news/2015/personal-income-and-outlays-january-2015,6a86a54565fcf261f7186122557e1ecb63c993b41a05f1916ea8512eb9b55b69,20260905T171629Z_gemini_macro_event_integration_foundation_v1,2015-01,"Personal Income and Outlays, January 2015",EST
EMPLOYMENT_empsit_03062015,EMPLOYMENT,2015-03-06T13:30:00Z,https://www.bls.gov/news.release/archives/empsit_03062015.htm,a18475c71999f89d75ac2e625b4f452d3119008ed7dc4f507e642969b8c0df22,20260903T154042Z_gemini_macro_event_timing_v1,,,EST
CPI_cpi_03242015,CPI,2015-03-24T12:30:00Z,https://www.bls.gov/news.release/archives/cpi_03242015.htm,33e897bd7018af0d58125be2c286db7fab06589a98f9c78366be7abf874e6bd4,20260903T154042Z_gemini_macro_event_timing_v1,,,EDT
PCE_personal-income-and-outlays-february-2015,PCE,2015-03-30T12:30:00+00:00,https://www.bea.gov/news/2015/personal-income-and-outlays-february-2015,4b2e37e4f214da602d24e6021caa27d6f84b8389ce17b878ed186e41bee1f29b,20260905T171629Z_gemini_macro_event_integration_foundation_v1,2015-02,"Personal Income and Outlays, February 2015",EDT
EMPLOYMENT_empsit_04032015,EMPLOYMENT,2015-04-03T12:30:00Z,https://www.bls.gov/news.release/archives/empsit_04032015.htm,f78702c631058c2a5846d8a742f048ef4c5c1a1121f392e3cb94791c8af7c738,20260903T154042Z_gemini_macro_event_timing_v1,,,EDT
CPI_cpi_04172015,CPI,2015-04-17T12:30:00Z,https://www.bls.gov/news.release/archives/cpi_04172015.htm,598af13e8f4178d220e3a5270bdcd13993c624981054730a85ba9ee45ba56a63,20260903T154042Z_gemini_macro_event_timing_v1,,,EDT
PCE_personal-income-and-outlays-march-2015,PCE,2015-04-30T12:30:00+00:00,https://www.bea.gov/news/2015/personal-income-and-outlays-march-2015,d22352b386e76e8c24d2ae2bacb8f281827849933352eff36db76614373e9851,20260905T171629Z_gemini_macro_event_integration_foundation_v1,2015-03,"Personal Income and Outlays, March 2015",EDT
EMPLOYMENT_empsit_05082015,EMPLOYMENT,2015-05-08T12:30:00Z,https://www.bls.gov/news.release/archives/empsit_05082015.htm,a31cd2b573262d9ae5cd25176d6aa7be1190e1d8eea45ce321a94ab29bead02c,20260903T154042Z_gemini_macro_event_timing_v1,,,EDT
CPI_cpi_05222015,CPI,2015-05-22T12:30:00Z,https://www.bls.gov/news.release/archives/cpi_05222015.htm,1c7c67ff2c611922de87d44ee71d111f2144ed1d5eb0997ff594da2692885cbf,20260903T154042Z_gemini_macro_event_timing_v1,,,EDT
PCE_personal-income-and-outlays-april-2015,PCE,2015-06-01T12:30:00+00:00,https://www.bea.gov/news/2015/personal-income-and-outlays-april-2015,dbc513ae0f48152854f24ae4790df53709556e61a6f311e9e144e4700ff4cc3d,20260905T171629Z_gemini_macro_event_integration_foundation_v1,2015-04,"Personal Income and Outlays, April 2015",EDT
EMPLOYMENT_empsit_06052015,EMPLOYMENT,2015-06-05T12:30:00Z,https://www.bls.gov/news.release/archives/empsit_06052015.htm,154f3ad6144b6fc28f92f5da39b32b5106b14d2d3a60b332f0d5ec9a96019115,20260903T154042Z_gemini_macro_event_timing_v1,,,EDT
CPI_cpi_06182015,CPI,2015-06-18T12:30:00Z,https://www.bls.gov/news.release/archives/cpi_06182015.htm,99e7d9d2d7c166ed2facf76b95d8cefbbb09de5c384e79d70593955d5a7b8739,20260903T154042Z_gemini_macro_event_timing_v1,,,EDT
PCE_personal-income-and-outlays-may-2015,PCE,2015-06-25T12:30:00+00:00,https://www.bea.gov/news/2015/personal-income-and-outlays-may-2015,e00bc3b2c205f88be50547ba90e2ab90a7c414199154b8dd57938393e31a67b0,20260905T171629Z_gemini_macro_event_integration_foundation_v1,2015-05,"Personal Income and Outlays, May 2015",EDT
EMPLOYMENT_empsit_07022015,EMPLOYMENT,2015-07-02T12:30:00Z,https://www.bls.gov/news.release/archives/empsit_07022015.htm,a711766fe117c5585b23736a6323c2136393f70ad20ef7da5072db62349e7848,20260903T154042Z_gemini_macro_event_timing_v1,,,EDT
CPI_cpi_07172015,CPI,2015-07-17T12:30:00Z,https://www.bls.gov/news.release/archives/cpi_07172015.htm,1c6fe4a2db993611f46d4a7134e926898ec3401804eb851e59f1152d0e978e60,20260903T154042Z_gemini_macro_event_timing_v1,,,EDT
PCE_personal-income-and-outlays-june-2015-includes-historical-revisions,PCE,2015-08-03T12:30:00+00:00,https://www.bea.gov/news/2015/personal-income-and-outlays-june-2015-includes-historical-revisions,e3fa73d37c86ec50169c136424ecfa303c0bf543db1b74740a83beb93c4c2648,20260905T171629Z_gemini_macro_event_integration_foundation_v1,2015-06,"Personal Income and Outlays, June 2015; Includes historical revisions",EDT
EMPLOYMENT_empsit_08072015,EMPLOYMENT,2015-08-07T12:30:00Z,https://www.bls.gov/news.release/archives/empsit_08072015.htm,f407a597f6af29d17ca7b35e1ccc8a8e54794feacac8a12d642e3a80c5b287c7,20260903T154042Z_gemini_macro_event_timing_v1,,,EDT
CPI_cpi_08192015,CPI,2015-08-19T12:30:00Z,https://www.bls.gov/news.release/archives/cpi_08192015.htm,00f6a5d38c5b7c763d37d42ac600b9612bbceb15c3c49b6d3ce24fd68f056c3e,20260903T154042Z_gemini_macro_event_timing_v1,,,EDT
PCE_personal-income-and-outlays-july-2015,PCE,2015-08-28T12:30:00+00:00,https://www.bea.gov/news/2015/personal-income-and-outlays-july-2015,730baf57867cfe4795d0d1cf6c41ece5251943023d0cfe1230ba8153108d1b16,20260905T171629Z_gemini_macro_event_integration_foundation_v1,2015-07,"Personal Income and Outlays, July 2015",EDT
EMPLOYMENT_empsit_09042015,EMPLOYMENT,2015-09-04T12:30:00Z,https://www.bls.gov/news.release/archives/empsit_09042015.htm,e24f134c5990376f0c4b3db6dbdc91c03d698f8a00fcb715d9f019ad2e0ec4dd,20260903T154042Z_gemini_macro_event_timing_v1,,,EDT
CPI_cpi_09162015,CPI,2015-09-16T12:30:00Z,https://www.bls.gov/news.release/archives/cpi_09162015.htm,725fb87e4502db94d9f02dc15363b3d6500d743f2d24374f001c0787954a23ee,20260903T154042Z_gemini_macro_event_timing_v1,,,EDT
PCE_personal-income-and-outlays-august-2015,PCE,2015-09-28T12:30:00+00:00,https://www.bea.gov/news/2015/personal-income-and-outlays-august-2015,0be4cad46abe79d13b1aa46e7fb376fc327a301808be770881bba31a825b6f6d,20260905T171629Z_gemini_macro_event_integration_foundation_v1,2015-08,"Personal Income and Outlays, August 2015",EDT
EMPLOYMENT_empsit_10022015,EMPLOYMENT,2015-10-02T12:30:00Z,https://www.bls.gov/news.release/archives/empsit_10022015.htm,f4380e466869ebb39bc5ab3426d8e87e9e4ce11d0ec091a224b38c1493246add,20260903T154042Z_gemini_macro_event_timing_v1,,,EDT
CPI_cpi_10152015,CPI,2015-10-15T12:30:00Z,https://www.bls.gov/news.release/archives/cpi_10152015.htm,18934727a26549eb63d24862f57eb964154c6ecd6a96ac5c8b71b525628f32c5,20260903T154042Z_gemini_macro_event_timing_v1,,,EDT
PCE_personal-income-and-outlays-september-2015,PCE,2015-10-30T12:30:00+00:00,https://www.bea.gov/news/2015/personal-income-and-outlays-september-2015,9ba61fd838b31156019fe9adcf50bf305d276b4d85681d32637f03443f1f95ff,20260905T171629Z_gemini_macro_event_integration_foundation_v1,2015-09,"Personal Income and Outlays, September 2015",EDT
EMPLOYMENT_empsit_11062015,EMPLOYMENT,2015-11-06T13:30:00Z,https://www.bls.gov/news.release/archives/empsit_11062015.htm,5e1d1bbd7a129aa50018a134382c574f9e2ed02d22b9af845884e78b4c5d6aba,20260903T154042Z_gemini_macro_event_timing_v1,,,EST
CPI_cpi_11172015,CPI,2015-11-17T13:30:00Z,https://www.bls.gov/news.release/archives/cpi_11172015.htm,abaf39e871eb7cda5db4029b2be4882738b4c614321daed87b29ae691fa96c71,20260903T154042Z_gemini_macro_event_timing_v1,,,EST
PCE_personal-income-and-outlays-october-2015,PCE,2015-11-25T13:30:00+00:00,https://www.bea.gov/news/2015/personal-income-and-outlays-october-2015,d383b2ecfa7b29f59bdcb5ce128d53aa676f289021185c79e86b1974dc6ec274,20260905T171629Z_gemini_macro_event_integration_foundation_v1,2015-10,"Personal Income and Outlays, October 2015",EST
EMPLOYMENT_empsit_12042015,EMPLOYMENT,2015-12-04T13:30:00Z,https://www.bls.gov/news.release/archives/empsit_12042015.htm,417338b683456640fc6e52f5ee138acc2b662e2e8dc4033f81405289023fbf13,20260903T154042Z_gemini_macro_event_timing_v1,,,EST
CPI_cpi_12152015,CPI,2015-12-15T13:30:00Z,https://www.bls.gov/news.release/archives/cpi_12152015.htm,2ef64f31a7877675f5c7e080e9304abb11fb37fb1e065cb4759cfba3a0f13dc0,20260903T154042Z_gemini_macro_event_timing_v1,,,EST
PCE_personal-income-and-outlays-november-2015,PCE,2015-12-23T13:30:00+00:00,https://www.bea.gov/news/2015/personal-income-and-outlays-november-2015,40a092fc8b59839cffd02f1461a1bae403c5e92c6458622cf6442a57b021350d,20260905T171629Z_gemini_macro_event_integration_foundation_v1,2015-11,"Personal Income and Outlays, November 2015",EST
EMPLOYMENT_empsit_01082016,EMPLOYMENT,2016-01-08T13:30:00Z,https://www.bls.gov/news.release/archives/empsit_01082016.htm,fb21d2a2677f2c4d1d39ca81bd05edad514d05c7a914fc377506a200e5763a8d,20260903T154042Z_gemini_macro_event_timing_v1,,,EST
CPI_cpi_01202016,CPI,2016-01-20T13:30:00Z,https://www.bls.gov/news.release/archives/cpi_01202016.htm,1867eb16bfaae37fd2d952e797744b573c61ad39cea6d5500f62109cec1ed6ad,20260903T154042Z_gemini_macro_event_timing_v1,,,EST
FOMC_2016-01-27_scheduled,FOMC,2016-01-27T19:00:00+00:00,https://www.federalreserve.gov/newsevents/pressreleases/monetary20160127a.htm,66d8b1299ed37cfba4316db9888a7c38a74cec837a43db1790d5fb28aac5c41d,20260905T163617Z_gemini_fomc_2016_2017_foundation_v1,,Federal Reserve issues FOMC statement,EST
PCE_personal-income-and-outlays-december-2015,PCE,2016-02-01T13:30:00+00:00,https://www.bea.gov/news/2016/personal-income-and-outlays-december-2015,67842528313e196d42c216d49b9858a5e11d749604c3cf24866bde629ba2eef1,20260905T171629Z_gemini_macro_event_integration_foundation_v1,2015-12,"Personal Income and Outlays, December 2015",EST
EMPLOYMENT_empsit_02052016,EMPLOYMENT,2016-02-05T13:30:00Z,https://www.bls.gov/news.release/archives/empsit_02052016.htm,a1491f4d40e5759efe06a3e81c2d9f786811d3803c737d62af4b0904cda0f985,20260903T154042Z_gemini_macro_event_timing_v1,,,EST
CPI_cpi_02192016,CPI,2016-02-19T13:30:00Z,https://www.bls.gov/news.release/archives/cpi_02192016.htm,720d9a47af16cadce9150e144b0aaf523a8f471bd824371f7cbc8eb8aa1b44b5,20260903T154042Z_gemini_macro_event_timing_v1,,,EST
PCE_personal-income-and-outlays-january-2016,PCE,2016-02-26T15:00:00+00:00,https://www.bea.gov/news/2016/personal-income-and-outlays-january-2016,da554481a1e3626f628ad42d6c97e1bad5cf873b870c76f48e8353c8099e297a,20260905T171629Z_gemini_macro_event_integration_foundation_v1,2016-01,"Personal Income and Outlays, January 2016",EST
EMPLOYMENT_empsit_03042016,EMPLOYMENT,2016-03-04T13:30:00Z,https://www.bls.gov/news.release/archives/empsit_03042016.htm,d909d6b7c9316783920caa267ee94e29c99bba6e98ec807572c5b7058e98b319,20260903T154042Z_gemini_macro_event_timing_v1,,,EST
CPI_cpi_03162016,CPI,2016-03-16T12:30:00Z,https://www.bls.gov/news.release/archives/cpi_03162016.htm,1ca3a0a1c0133dd6a8f26648eb7152a35dfe42059fb7ffd4fa626a38d40fc135,20260903T154042Z_gemini_macro_event_timing_v1,,,EDT
FOMC_2016-03-16_scheduled,FOMC,2016-03-16T18:00:00+00:00,https://www.federalreserve.gov/newsevents/pressreleases/monetary20160316a.htm,af4120919502323438b8876db57d97e73b5623c5d60d89d1562fba94d6ab93c8,20260905T163617Z_gemini_fomc_2016_2017_foundation_v1,,Federal Reserve issues FOMC statement,EDT
PCE_personal-income-and-outlays-february-2016,PCE,2016-03-28T12:30:00+00:00,https://www.bea.gov/news/2016/personal-income-and-outlays-february-2016,fed2f7c740c6f5793891a07593da62253452b1aeef5cac065bebcbb216ca5d64,20260905T171629Z_gemini_macro_event_integration_foundation_v1,2016-02,"Personal Income and Outlays, February 2016",EDT
EMPLOYMENT_empsit_04012016,EMPLOYMENT,2016-04-01T12:30:00Z,https://www.bls.gov/news.release/archives/empsit_04012016.htm,84fe7b3f6ca7febef524704897177d708d14c48a51507d15f3a975332638fb7a,20260903T154042Z_gemini_macro_event_timing_v1,,,EDT
CPI_cpi_04142016,CPI,2016-04-14T12:30:00Z,https://www.bls.gov/news.release/archives/cpi_04142016.htm,5c4bfebc981aca19cb51fb78fa2b0cc2049ca4a3aed4bb819c5a7866d02b5757,20260903T154042Z_gemini_macro_event_timing_v1,,,EDT
FOMC_2016-04-27_scheduled,FOMC,2016-04-27T18:00:00+00:00,https://www.federalreserve.gov/newsevents/pressreleases/monetary20160427a.htm,db05ce955e749d868177c41cacde92b47893a3e142307ae7ded45cd6bd3ea135,20260905T163617Z_gemini_fomc_2016_2017_foundation_v1,,Federal Reserve issues FOMC statement,EDT
PCE_personal-income-and-outlays-march-2016,PCE,2016-04-29T12:30:00+00:00,https://www.bea.gov/news/2016/personal-income-and-outlays-march-2016,878b0817945d863a2863da611a70dd1fb8bf54de9cce5142b6c474c0302d533b,20260905T171629Z_gemini_macro_event_integration_foundation_v1,2016-03,"Personal Income and Outlays, March 2016",EDT
EMPLOYMENT_empsit_05062016,EMPLOYMENT,2016-05-06T12:30:00Z,https://www.bls.gov/news.release/archives/empsit_05062016.htm,b75982e76084e422355272ab9264675b8f7b8cc278355c9be8c3226426a05598,20260903T154042Z_gemini_macro_event_timing_v1,,,EDT
CPI_cpi_05172016,CPI,2016-05-17T12:30:00Z,https://www.bls.gov/news.release/archives/cpi_05172016.htm,cd06fe7cf3a018cb0916b260261e117eb7b9d401b2cf83a03c1be7c9eb410467,20260903T154042Z_gemini_macro_event_timing_v1,,,EDT
PCE_personal-income-and-outlays-april-2016,PCE,2016-05-31T12:30:00+00:00,https://www.bea.gov/news/2016/personal-income-and-outlays-april-2016,3c497e55121ac8e23f21325e1f40d481c6aa3a3890e7299343b52bd6dad0655c,20260905T171629Z_gemini_macro_event_integration_foundation_v1,2016-04,"Personal Income and Outlays, April 2016",EDT
EMPLOYMENT_empsit_06032016,EMPLOYMENT,2016-06-03T12:30:00Z,https://www.bls.gov/news.release/archives/empsit_06032016.htm,5c59d084257b17f74763268f880ded30a52ebb1da187bad29d7260785017241e,20260903T154042Z_gemini_macro_event_timing_v1,,,EDT
FOMC_2016-06-15_scheduled,FOMC,2016-06-15T18:00:00+00:00,https://www.federalreserve.gov/newsevents/pressreleases/monetary20160615a.htm,279d154e7bb796c32e5eb371470f981166dd54a3daba0d2ec7375856b61ae60f,20260905T163617Z_gemini_fomc_2016_2017_foundation_v1,,Federal Reserve issues FOMC statement,EDT
PCE_personal-income-and-outlays-may-2016,PCE,2016-06-29T12:30:00+00:00,https://www.bea.gov/news/2016/personal-income-and-outlays-may-2016,bdc0ef577269f4a29aef2dfd860e2148f7b6370ae83c577cca6a42df07d99ddd,20260905T171629Z_gemini_macro_event_integration_foundation_v1,2016-05,"Personal Income and Outlays, May 2016",EDT
EMPLOYMENT_empsit_07082016,EMPLOYMENT,2016-07-08T12:30:00Z,https://www.bls.gov/news.release/archives/empsit_07082016.htm,37fd0d994fc57b74c6a83d6ce12980bb11e7dc5dd6195ff06b2d2ba81e5ff636,20260903T154042Z_gemini_macro_event_timing_v1,,,EDT
CPI_cpi_07152016,CPI,2016-07-15T12:30:00Z,https://www.bls.gov/news.release/archives/cpi_07152016.htm,ef14f63c68c3590c1111b358f82598e91501c41776e634cd0efa905347d3fdf9,20260903T154042Z_gemini_macro_event_timing_v1,,,EDT
FOMC_2016-07-27_scheduled,FOMC,2016-07-27T18:00:00+00:00,https://www.federalreserve.gov/newsevents/pressreleases/monetary20160727a.htm,c354f61d61f949ccc5689502b4b2465d0ff9540fd468466e3335fccd7d7b5e64,20260905T163617Z_gemini_fomc_2016_2017_foundation_v1,,Federal Reserve issues FOMC statement,EDT
PCE_personal-income-and-outlays-june-2016,PCE,2016-08-02T12:30:00+00:00,https://www.bea.gov/news/2016/personal-income-and-outlays-june-2016,8d88cd66f1ef6f3469d3fdd05842ccb98e942a5cbd6ee03ab721da07310fee52,20260905T171629Z_gemini_macro_event_integration_foundation_v1,2016-06,"Personal Income and Outlays, June 2016",EDT
EMPLOYMENT_empsit_08052016,EMPLOYMENT,2016-08-05T12:30:00Z,https://www.bls.gov/news.release/archives/empsit_08052016.htm,4eab8651a441e880f3ba14688b8341e4d2b252d5138898ddaebabaf3cec6759a,20260903T154042Z_gemini_macro_event_timing_v1,,,EDT
CPI_cpi_08162016,CPI,2016-08-16T12:30:00Z,https://www.bls.gov/news.release/archives/cpi_08162016.htm,44222a8ba9ec860ddd4c8af3b01b124a12f3e0855c71555340c50758b4e91295,20260903T154042Z_gemini_macro_event_timing_v1,,,EDT
PCE_personal-income-and-outlays-july-2016,PCE,2016-08-29T12:30:00+00:00,https://www.bea.gov/news/2016/personal-income-and-outlays-july-2016,a94e1bf64245f83670b42c0e3802d7a5c9e14ca0d16cfc21d7591442a7f7a038,20260905T171629Z_gemini_macro_event_integration_foundation_v1,2016-07,"Personal Income and Outlays, July 2016",EDT
EMPLOYMENT_empsit_09022016,EMPLOYMENT,2016-09-02T12:30:00Z,https://www.bls.gov/news.release/archives/empsit_09022016.htm,6db3e0b7cfa369f71cd6c70235f3ba6e9a41fe41381c1ebb4fb3584d9bcdcc89,20260903T154042Z_gemini_macro_event_timing_v1,,,EDT
CPI_cpi_09162016,CPI,2016-09-16T12:30:00Z,https://www.bls.gov/news.release/archives/cpi_09162016.htm,958d48698fc5f10bfbd8c07f3504ea23e7c533f025a15439752ef5c6dcbf6e4a,20260903T154042Z_gemini_macro_event_timing_v1,,,EDT
FOMC_2016-09-21_scheduled,FOMC,2016-09-21T18:00:00+00:00,https://www.federalreserve.gov/newsevents/pressreleases/monetary20160921a.htm,32f42bdf82bada29f98fa625eb528586feb5ce55bb03db36401e11c69b633497,20260905T163617Z_gemini_fomc_2016_2017_foundation_v1,,Federal Reserve issues FOMC statement,EDT
PCE_personal-income-and-outlays-august-2016,PCE,2016-09-30T12:30:00+00:00,https://www.bea.gov/news/2016/personal-income-and-outlays-august-2016,d51d9bee783013d127baa16d0b42967e35dfcbe237c804a783039ec24b185157,20260905T171629Z_gemini_macro_event_integration_foundation_v1,2016-08,"Personal Income and Outlays, August 2016",EDT
EMPLOYMENT_empsit_10072016,EMPLOYMENT,2016-10-07T12:30:00Z,https://www.bls.gov/news.release/archives/empsit_10072016.htm,80d97309208458237777de835cf1fb0f170b4b6b46e134ef40dbbcfed85f1892,20260903T154042Z_gemini_macro_event_timing_v1,,,EDT
CPI_cpi_10182016,CPI,2016-10-18T12:30:00Z,https://www.bls.gov/news.release/archives/cpi_10182016.htm,622c4fb3f3db43969e4021e0413b878701c2651f4e89b96c0b3d3680f8a748e7,20260903T154042Z_gemini_macro_event_timing_v1,,,EDT
PCE_personal-income-and-outlays-september-2016,PCE,2016-10-31T12:30:00+00:00,https://www.bea.gov/news/2016/personal-income-and-outlays-september-2016,91a26b0524f7000d88af725fde23be872a7cd71c5df81359984ca6be8ada5f39,20260905T171629Z_gemini_macro_event_integration_foundation_v1,2016-09,"Personal Income and Outlays, September 2016",EDT
FOMC_2016-11-02_scheduled,FOMC,2016-11-02T18:00:00+00:00,https://www.federalreserve.gov/newsevents/pressreleases/monetary20161102a.htm,8fecac1cd92ec2cb3adfa366b7bbcfcc1ddb8219ebdb0bc7d1d14c7196fe5043,20260905T163617Z_gemini_fomc_2016_2017_foundation_v1,,Federal Reserve issues FOMC statement,EDT
EMPLOYMENT_empsit_11042016,EMPLOYMENT,2016-11-04T12:30:00Z,https://www.bls.gov/news.release/archives/empsit_11042016.htm,eb9da351fb5128bffbc0e7125b94f236ecf15f0149e662ce154ee3326a0a1f17,20260903T154042Z_gemini_macro_event_timing_v1,,,EDT
CPI_cpi_11172016,CPI,2016-11-17T13:30:00Z,https://www.bls.gov/news.release/archives/cpi_11172016.htm,5d8660c9e80f0fec9fd740ed9289310906235d03b1ae28c627510a87cbe032d0,20260903T154042Z_gemini_macro_event_timing_v1,,,EST
PCE_personal-income-and-outlays-october-2016,PCE,2016-11-30T13:30:00+00:00,https://www.bea.gov/news/2016/personal-income-and-outlays-october-2016,ecb0bae428fda20e1b5e4678082df4f02e233343248c7fffd112930ea226fa97,20260905T171629Z_gemini_macro_event_integration_foundation_v1,2016-10,"Personal Income and Outlays, October 2016",EST
EMPLOYMENT_empsit_12022016,EMPLOYMENT,2016-12-02T13:30:00Z,https://www.bls.gov/news.release/archives/empsit_12022016.htm,0d2af8c7fa3f5d6417ca307c749a614f9498b9ca80c7dfbf985c6e050d058215,20260903T154042Z_gemini_macro_event_timing_v1,,,EST
FOMC_2016-12-14_scheduled,FOMC,2016-12-14T19:00:00+00:00,https://www.federalreserve.gov/newsevents/pressreleases/monetary20161214a.htm,96242638897ead7189990f0705e6463599c943eeca3120b82c61375a1ed533a8,20260905T163617Z_gemini_fomc_2016_2017_foundation_v1,,Federal Reserve issues FOMC statement,EST
CPI_cpi_12152016,CPI,2016-12-15T13:30:00Z,https://www.bls.gov/news.release/archives/cpi_12152016.htm,dee590c1235f82b56a8a347081424864eba45975d8b90d6f18305e348fdfd833,20260903T154042Z_gemini_macro_event_timing_v1,,,EST
PCE_personal-income-and-outlays-november-2016,PCE,2016-12-22T15:00:00+00:00,https://www.bea.gov/news/2016/personal-income-and-outlays-november-2016,bebc5c217cb5f9191e02511a2cebf43613b0641f95cd20497b65a928e9893e7b,20260905T171629Z_gemini_macro_event_integration_foundation_v1,2016-11,"Personal Income and Outlays, November 2016",EST
EMPLOYMENT_empsit_01062017,EMPLOYMENT,2017-01-06T13:30:00Z,https://www.bls.gov/news.release/archives/empsit_01062017.htm,48ea2e1a58584463950bf4fd37084bd254b2714ae21696e42b135b6b75c1ffdf,20260903T154042Z_gemini_macro_event_timing_v1,,,EST
CPI_cpi_01182017,CPI,2017-01-18T13:30:00Z,https://www.bls.gov/news.release/archives/cpi_01182017.htm,94d1af9007e6ab563e41acffa9f108518b11d21bc289436244eafb20b7aa8f9f,20260903T154042Z_gemini_macro_event_timing_v1,,,EST
PCE_personal-income-and-outlays-december-2016,PCE,2017-01-30T13:30:00+00:00,https://www.bea.gov/news/2017/personal-income-and-outlays-december-2016,16cbb050a434dac7a36cb6ae1cc515950a2f7463b112ffbd2e692f9d8cf6a653,20260905T171629Z_gemini_macro_event_integration_foundation_v1,2016-12,"Personal Income and Outlays, December 2016",EST
FOMC_2017-02-01_scheduled,FOMC,2017-02-01T19:00:00+00:00,https://www.federalreserve.gov/newsevents/pressreleases/monetary20170201a.htm,20b14723c163c24f5b4b8675d225882e1c737969511bd8096875376972caa478,20260905T163617Z_gemini_fomc_2016_2017_foundation_v1,,Federal Reserve issues FOMC statement,EST
EMPLOYMENT_empsit_02032017,EMPLOYMENT,2017-02-03T13:30:00Z,https://www.bls.gov/news.release/archives/empsit_02032017.htm,d45967e10f74b9a061459c59c9895c4019843fdef4b0d33235ada891103ce630,20260903T154042Z_gemini_macro_event_timing_v1,,,EST
CPI_cpi_02152017,CPI,2017-02-15T13:30:00Z,https://www.bls.gov/news.release/archives/cpi_02152017.htm,5d5003aea769a55a5414e1bc89b42afc41f29bc80b3bd6aa2e27983ab6162382,20260903T154042Z_gemini_macro_event_timing_v1,,,EST
PCE_personal-income-and-outlays-january-2017,PCE,2017-03-01T13:30:00+00:00,https://www.bea.gov/news/2017/personal-income-and-outlays-january-2017,8863a26aa56515b665721d338df80220f586087108d69078e316042b5515d4d8,20260905T171629Z_gemini_macro_event_integration_foundation_v1,2017-01,"Personal Income and Outlays, January 2017",EST
EMPLOYMENT_empsit_03102017,EMPLOYMENT,2017-03-10T13:30:00Z,https://www.bls.gov/news.release/archives/empsit_03102017.htm,99e1ca06687ddf6194e498449f777413f2eb478fbd45440871374cfe5fa7436f,20260903T154042Z_gemini_macro_event_timing_v1,,,EST
CPI_cpi_03152017,CPI,2017-03-15T12:30:00Z,https://www.bls.gov/news.release/archives/cpi_03152017.htm,93cd254b412805e94bd4b6515bf9987a6eca46d6a7f6b2a30b27f118faaa5203,20260903T154042Z_gemini_macro_event_timing_v1,,,EDT
FOMC_2017-03-15_scheduled,FOMC,2017-03-15T18:00:00+00:00,https://www.federalreserve.gov/newsevents/pressreleases/monetary20170315a.htm,2cda8f807b2a415e4c3fd9d9de2b1600a4c2b00f148b82e1d66950807cd7f8db,20260905T163617Z_gemini_fomc_2016_2017_foundation_v1,,Federal Reserve issues FOMC statement,EDT
PCE_personal-income-and-outlays-february-2017,PCE,2017-03-31T12:30:00+00:00,https://www.bea.gov/news/2017/personal-income-and-outlays-february-2017,ba1bdcb64f3f43619e7f2969f6bbdaf669ac1908221d2474f039ab48a063ea12,20260905T171629Z_gemini_macro_event_integration_foundation_v1,2017-02,"Personal Income and Outlays, February 2017",EDT
EMPLOYMENT_empsit_04072017,EMPLOYMENT,2017-04-07T12:30:00Z,https://www.bls.gov/news.release/archives/empsit_04072017.htm,3dca4e944faf55c64c0ed4455e76207810236de267225b11d9ae9d90d5411159,20260903T154042Z_gemini_macro_event_timing_v1,,,EDT
CPI_cpi_04142017,CPI,2017-04-14T12:30:00Z,https://www.bls.gov/news.release/archives/cpi_04142017.htm,1126a634d07617fd9b68fc73335a7034fdce892402c5e13e0171eeb9a3b849e1,20260903T154042Z_gemini_macro_event_timing_v1,,,EDT
PCE_personal-income-and-outlays-march-2017,PCE,2017-05-01T12:30:00+00:00,https://www.bea.gov/news/2017/personal-income-and-outlays-march-2017,a689d35f83900b4ed4de7a600ce365a543cbe0be73c02bb2e27002f6e7904469,20260905T171629Z_gemini_macro_event_integration_foundation_v1,2017-03,"Personal Income and Outlays, March 2017",EDT
FOMC_2017-05-03_scheduled,FOMC,2017-05-03T18:00:00+00:00,https://www.federalreserve.gov/newsevents/pressreleases/monetary20170503a.htm,13ca2b72f1ffd89dec0addbbe60e303cac46786a4d76d6dec01687ac443927a5,20260905T163617Z_gemini_fomc_2016_2017_foundation_v1,,Federal Reserve issues FOMC statement,EDT
EMPLOYMENT_empsit_05052017,EMPLOYMENT,2017-05-05T12:30:00Z,https://www.bls.gov/news.release/archives/empsit_05052017.htm,56410780099e0314107a2c265af83a43d381f1db5c669d73ae2e5c5519f22a94,20260903T154042Z_gemini_macro_event_timing_v1,,,EDT
CPI_cpi_05122017,CPI,2017-05-12T12:30:00Z,https://www.bls.gov/news.release/archives/cpi_05122017.htm,13d15325b1b6354b38730b4f583b919c04d735ecef556d028bf2b83cd7167120,20260903T154042Z_gemini_macro_event_timing_v1,,,EDT
PCE_personal-income-and-outlays-april-2017,PCE,2017-05-30T12:30:00+00:00,https://www.bea.gov/news/2017/personal-income-and-outlays-april-2017,b366f713d4049981b1c819df44c3758ec91ddc1274d750a50702f992838b1433,20260905T171629Z_gemini_macro_event_integration_foundation_v1,2017-04,"Personal Income and Outlays, April 2017",EDT
EMPLOYMENT_empsit_06022017,EMPLOYMENT,2017-06-02T12:30:00Z,https://www.bls.gov/news.release/archives/empsit_06022017.htm,abfc575f662a7b65607d9f63c9a90764df3880981a5aed4a1ea27bf1f6789d9d,20260903T154042Z_gemini_macro_event_timing_v1,,,EDT
CPI_cpi_06142017,CPI,2017-06-14T12:30:00Z,https://www.bls.gov/news.release/archives/cpi_06142017.htm,90a7b4a8ee0f7d33ccd3227d3af5cbff47b50538195e4c45e0ec00ea0b9ccec4,20260903T154042Z_gemini_macro_event_timing_v1,,,EDT
FOMC_2017-06-14_scheduled,FOMC,2017-06-14T18:00:00+00:00,https://www.federalreserve.gov/newsevents/pressreleases/monetary20170614a.htm,953c9ef90db5e81e81fbac1af7bfc6e849bd0d3d6c1cf335d5792df5edcf836f,20260905T163617Z_gemini_fomc_2016_2017_foundation_v1,,Federal Reserve issues FOMC statement,EDT
PCE_personal-income-and-outlays-may-2017,PCE,2017-06-30T12:30:00+00:00,https://www.bea.gov/news/2017/personal-income-and-outlays-may-2017,96e5f2fa2f578aca9b9d61080fa2cf018e6f21de8cf28847420e5e73334962d5,20260905T171629Z_gemini_macro_event_integration_foundation_v1,2017-05,"Personal Income and Outlays, May 2017",EDT
EMPLOYMENT_empsit_07072017,EMPLOYMENT,2017-07-07T12:30:00Z,https://www.bls.gov/news.release/archives/empsit_07072017.htm,7bc80f0a31b81fb80fd8aa602fd28fe45d235c59f2a0a257ff0394256c3defa5,20260903T154042Z_gemini_macro_event_timing_v1,,,EDT
CPI_cpi_07142017,CPI,2017-07-14T12:30:00Z,https://www.bls.gov/news.release/archives/cpi_07142017.htm,796cb2bb950e6629a9ee331e8449b61dd26f6bfee318477aa36a70a0988b1ca3,20260903T154042Z_gemini_macro_event_timing_v1,,,EDT
FOMC_2017-07-26_scheduled,FOMC,2017-07-26T18:00:00+00:00,https://www.federalreserve.gov/newsevents/pressreleases/monetary20170726a.htm,6c9e01a65f140b9a368b130795224d08a895f2674d227f0ae6ac4dac8c10d288,20260905T163617Z_gemini_fomc_2016_2017_foundation_v1,,Federal Reserve issues FOMC statement,EDT
PCE_personal-income-and-outlays-june-2017-annual-update-2014-through-may-2017,PCE,2017-08-01T12:30:00+00:00,https://www.bea.gov/news/2017/personal-income-and-outlays-june-2017-annual-update-2014-through-may-2017,35fe0f4f83ff96f6465c6444c2dcd2610bd3be07495ad1e0fc8995c12584b411,20260905T171629Z_gemini_macro_event_integration_foundation_v1,2017-06,"Personal Income and Outlays, June 2017; Annual Update 2014 through May 2017",EDT
EMPLOYMENT_empsit_08042017,EMPLOYMENT,2017-08-04T12:30:00Z,https://www.bls.gov/news.release/archives/empsit_08042017.htm,4462e648afc82b411ee940032c7fba0b3d94955ec61cdbd3e2c01d6262849f86,20260903T154042Z_gemini_macro_event_timing_v1,,,EDT
CPI_cpi_08112017,CPI,2017-08-11T12:30:00Z,https://www.bls.gov/news.release/archives/cpi_08112017.htm,08356c51b830ccc5f2a23cddbb305292316f6dc5a41f469e03cbaee557ec25df,20260903T154042Z_gemini_macro_event_timing_v1,,,EDT
PCE_personal-income-and-outlays-july-2017,PCE,2017-08-31T12:30:00+00:00,https://www.bea.gov/news/2017/personal-income-and-outlays-july-2017,70de8011d30a6792c6d33fbb45268569a63e0d043384068e27ca34424fd03834,20260905T171629Z_gemini_macro_event_integration_foundation_v1,2017-07,"Personal Income and Outlays, July 2017",EDT
EMPLOYMENT_empsit_09012017,EMPLOYMENT,2017-09-01T12:30:00Z,https://www.bls.gov/news.release/archives/empsit_09012017.htm,c844a3e1f1ae818cd90462d20503b70bd25bd60851ed05f13d03dfb9194fcbe8,20260903T154042Z_gemini_macro_event_timing_v1,,,EDT
CPI_cpi_09142017,CPI,2017-09-14T12:30:00Z,https://www.bls.gov/news.release/archives/cpi_09142017.htm,43872d2131fefc182a563ab7c6918a344207a2de4576fd9dc4728442fa7dd719,20260903T154042Z_gemini_macro_event_timing_v1,,,EDT
FOMC_2017-09-20_scheduled,FOMC,2017-09-20T18:00:00+00:00,https://www.federalreserve.gov/newsevents/pressreleases/monetary20170920a.htm,782298728aa2cc5dbd23902957533a25eab8cd545f095e4a33158eb5198aa7b4,20260905T163617Z_gemini_fomc_2016_2017_foundation_v1,,Federal Reserve issues FOMC statement,EDT
PCE_personal-income-and-outlays-august-2017,PCE,2017-09-29T12:30:00+00:00,https://www.bea.gov/news/2017/personal-income-and-outlays-august-2017,8ef9fa8ca5cdc0d59970deb748c1224b0c05971497a8f6750840d5e63c5352c7,20260905T171629Z_gemini_macro_event_integration_foundation_v1,2017-08,"Personal Income and Outlays, August 2017",EDT
EMPLOYMENT_empsit_10062017,EMPLOYMENT,2017-10-06T12:30:00Z,https://www.bls.gov/news.release/archives/empsit_10062017.htm,e0883819d6db775725bf659fcde007c8a0d6b92ac31cc201e550b0c328a02336,20260903T154042Z_gemini_macro_event_timing_v1,,,EDT
CPI_cpi_10132017,CPI,2017-10-13T12:30:00Z,https://www.bls.gov/news.release/archives/cpi_10132017.htm,97bcd17ef606b42e2a9c4ab969cbdf01c36533e3ad8ca7a06d7ba011dd9ce619,20260903T154042Z_gemini_macro_event_timing_v1,,,EDT
PCE_personal-income-and-outlays-september-2017,PCE,2017-10-30T12:30:00+00:00,https://www.bea.gov/news/2017/personal-income-and-outlays-september-2017,f9417c47bfbd71b02b522473de6fd237c18105b3492001622c061fbd7307f249,20260905T171629Z_gemini_macro_event_integration_foundation_v1,2017-09,"Personal Income and Outlays, September 2017",EDT
FOMC_2017-11-01_scheduled,FOMC,2017-11-01T18:00:00+00:00,https://www.federalreserve.gov/newsevents/pressreleases/monetary20171101a.htm,6e465b958abeef6c3d38a5308b882d2157316d853d9737060e8e30ed6a3a579b,20260905T163617Z_gemini_fomc_2016_2017_foundation_v1,,Federal Reserve issues FOMC statement,EDT
EMPLOYMENT_empsit_11032017,EMPLOYMENT,2017-11-03T12:30:00Z,https://www.bls.gov/news.release/archives/empsit_11032017.htm,8f0e0c8324f5b017aa87691cae502f004a5172152ec399501cd964db11a71fb6,20260903T154042Z_gemini_macro_event_timing_v1,,,EDT
CPI_cpi_11152017,CPI,2017-11-15T13:30:00Z,https://www.bls.gov/news.release/archives/cpi_11152017.htm,9840fbf95652b78dd16b3aeba25cce7649ad483b111ae7fa9b201751d1e0d85f,20260903T154042Z_gemini_macro_event_timing_v1,,,EST
PCE_personal-income-and-outlays-october-2017,PCE,2017-11-30T13:30:00+00:00,https://www.bea.gov/news/2017/personal-income-and-outlays-october-2017,f672d9228321022722be241e1432ecf5b9b6483130956f78e0bc24f78a6a0ee0,20260905T171629Z_gemini_macro_event_integration_foundation_v1,2017-10,"Personal Income and Outlays, October 2017",EST
EMPLOYMENT_empsit_12082017,EMPLOYMENT,2017-12-08T13:30:00Z,https://www.bls.gov/news.release/archives/empsit_12082017.htm,7e3aa59dfc5860e5a6c44e6a8b7f278b85b07d69aa1028dfa655c967b5fc2773,20260903T154042Z_gemini_macro_event_timing_v1,,,EST
CPI_cpi_12132017,CPI,2017-12-13T13:30:00Z,https://www.bls.gov/news.release/archives/cpi_12132017.htm,1f953f664bf21be3f46a8d63dc29e9206efd8b0d72f1477f10106a5dc30f0cf2,20260903T154042Z_gemini_macro_event_timing_v1,,,EST
FOMC_2017-12-13_scheduled,FOMC,2017-12-13T19:00:00+00:00,https://www.federalreserve.gov/newsevents/pressreleases/monetary20171213a.htm,bb61f0a2ed8209504a7bbdf5c1f75c55ea41ac5e1eb0f332cb4e7d116b341dde,20260905T163617Z_gemini_fomc_2016_2017_foundation_v1,,Federal Reserve issues FOMC statement,EST
PCE_personal-income-and-outlays-november-2017,PCE,2017-12-22T13:30:00+00:00,https://www.bea.gov/news/2017/personal-income-and-outlays-november-2017,46bc40cdb043c268f89d2f57ef0cf6607855401babebc88acbe3e8b59a769a2b,20260905T171629Z_gemini_macro_event_integration_foundation_v1,2017-11,"Personal Income And Outlays, November 2017",EST
EMPLOYMENT_empsit_01052018,EMPLOYMENT,2018-01-05T13:30:00Z,https://www.bls.gov/news.release/archives/empsit_01052018.htm,ad4c96e6de0c7d0d3f4561c9fe0f03d35010462ff272a68cb231aa6b197c8686,20260903T154042Z_gemini_macro_event_timing_v1,,,EST
CPI_cpi_01122018,CPI,2018-01-12T13:30:00Z,https://www.bls.gov/news.release/archives/cpi_01122018.htm,faea4533dad549dfa4f88c7addf7abd3bdfa8f3e11d4bf1d92a76d0635a34628,20260903T154042Z_gemini_macro_event_timing_v1,,,EST
PCE_personal-income-and-outlays-december-2017,PCE,2018-01-29T13:30:00+00:00,https://www.bea.gov/news/2018/personal-income-and-outlays-december-2017,28a48776db3e83fa33b4ec0bcc3a70ebdafe5b7383658946ea04ecf73deda75b,20260905T171629Z_gemini_macro_event_integration_foundation_v1,2017-12,"Personal Income and Outlays, December 2017",EST
FOMC_2018-01-31_scheduled,FOMC,2018-01-31T19:00:00+00:00,https://www.federalreserve.gov/newsevents/pressreleases/monetary20180131a.htm,60bacc890a069c1a78758f2d8724048e2371347430f38077080b0006c8ce541f,20260905T153912Z_gemini_fomc_canonical_foundation_v1,,Federal Reserve issues FOMC statement,EST
EMPLOYMENT_empsit_02022018,EMPLOYMENT,2018-02-02T13:30:00Z,https://www.bls.gov/news.release/archives/empsit_02022018.htm,4c7e217d92504319481f933f0eef7871b63097d23b099f08de44fcbd22865f85,20260903T154042Z_gemini_macro_event_timing_v1,,,EST
CPI_cpi_02142018,CPI,2018-02-14T13:30:00Z,https://www.bls.gov/news.release/archives/cpi_02142018.htm,b5682079929535e1d60b32fb582616444e09f83588df386d34159a58b4f93820,20260903T154042Z_gemini_macro_event_timing_v1,,,EST
PCE_personal-income-and-outlays-january-2018,PCE,2018-03-01T13:30:00+00:00,https://www.bea.gov/news/2018/personal-income-and-outlays-january-2018,f72f54fe0e811b789b2f2d88f4c8942a4e6c7bf95e40b21d37ab709e47fd71dc,20260905T171629Z_gemini_macro_event_integration_foundation_v1,2018-01,"Personal Income and Outlays, January 2018",EST
EMPLOYMENT_empsit_03092018,EMPLOYMENT,2018-03-09T13:30:00Z,https://www.bls.gov/news.release/archives/empsit_03092018.htm,ae01f847ca132af4dc98111df3c07066292c26764cb1e3b02a26b7b9ba8cf3ba,20260903T154042Z_gemini_macro_event_timing_v1,,,EST
CPI_cpi_03132018,CPI,2018-03-13T12:30:00Z,https://www.bls.gov/news.release/archives/cpi_03132018.htm,4df10ce73658ecc31223668a47b3e6f8bc1554a3e970fc107755c0d5744a188f,20260903T154042Z_gemini_macro_event_timing_v1,,,EDT
FOMC_2018-03-21_scheduled,FOMC,2018-03-21T18:00:00+00:00,https://www.federalreserve.gov/newsevents/pressreleases/monetary20180321a.htm,9286b936222198a665a2c8ce1a8f38566748ed5dc629a4b8de2367ef8e7b0bd3,20260905T153912Z_gemini_fomc_canonical_foundation_v1,,Federal Reserve issues FOMC statement,EDT
PCE_personal-income-and-outlays-february-2018,PCE,2018-03-29T12:30:00+00:00,https://www.bea.gov/news/2018/personal-income-and-outlays-february-2018,1df9df5005245bfb37c15d3b95b8495f8ee071139ac36da29d3d33a3f7440187,20260905T171629Z_gemini_macro_event_integration_foundation_v1,2018-02,"Personal Income and Outlays, February 2018",EDT
EMPLOYMENT_empsit_04062018,EMPLOYMENT,2018-04-06T12:30:00Z,https://www.bls.gov/news.release/archives/empsit_04062018.htm,ef79ee42f759b33d464af79ddd442e95c4add09cd3f7f8c97b915cef1dcd41f6,20260903T154042Z_gemini_macro_event_timing_v1,,,EDT
CPI_cpi_04112018,CPI,2018-04-11T12:30:00Z,https://www.bls.gov/news.release/archives/cpi_04112018.htm,990b4ea1b9a88849f14f44830b6bc6f70e4dfec338185253d4a131d32c3f9816,20260903T154042Z_gemini_macro_event_timing_v1,,,EDT
PCE_personal-income-and-outlays-march-2018,PCE,2018-04-30T12:30:00+00:00,https://www.bea.gov/news/2018/personal-income-and-outlays-march-2018,180478d4ae40292d98f5a5fb8515cee670109d4f55743642f07bb3d2bcb2800d,20260905T171629Z_gemini_macro_event_integration_foundation_v1,2018-03,"Personal Income and Outlays, March 2018",EDT
FOMC_2018-05-02_scheduled,FOMC,2018-05-02T18:00:00+00:00,https://www.federalreserve.gov/newsevents/pressreleases/monetary20180502a.htm,b2259af1fedaf0f0f92c12bab4f2836835ee0644c71adb2d1ef5d01ad550c042,20260905T153912Z_gemini_fomc_canonical_foundation_v1,,Federal Reserve issues FOMC statement,EDT
EMPLOYMENT_empsit_05042018,EMPLOYMENT,2018-05-04T12:30:00Z,https://www.bls.gov/news.release/archives/empsit_05042018.htm,fe07732bcc175fc2b187a33f6ca203d9a07bfa3fc5aa387ce93fdeec4b55c17e,20260903T154042Z_gemini_macro_event_timing_v1,,,EDT
CPI_cpi_05102018,CPI,2018-05-10T12:30:00Z,https://www.bls.gov/news.release/archives/cpi_05102018.htm,969f1c8c211d1c018ede19d04980b0f8ea83c6a1227122f62d6615ad4e6e76d9,20260903T154042Z_gemini_macro_event_timing_v1,,,EDT
PCE_personal-income-and-outlays-april-2018,PCE,2018-05-31T12:30:00+00:00,https://www.bea.gov/news/2018/personal-income-and-outlays-april-2018,e72ef63e6be00f79208d5bfa630c1e6702b5d8418596c23c1615c5060e8dd82f,20260905T171629Z_gemini_macro_event_integration_foundation_v1,2018-04,"Personal Income and Outlays, April 2018",EDT
EMPLOYMENT_empsit_06012018,EMPLOYMENT,2018-06-01T12:30:00Z,https://www.bls.gov/news.release/archives/empsit_06012018.htm,fd7898afef0689dabd87744fbb629b0f8e20fdc84145c95030e1b182a503fec6,20260903T154042Z_gemini_macro_event_timing_v1,,,EDT
CPI_cpi_06122018,CPI,2018-06-12T12:30:00Z,https://www.bls.gov/news.release/archives/cpi_06122018.htm,ec04ba9b6eac1c16cdafac2cf239e1cbefd4a4a91245229286cbe3c78bb7c0aa,20260903T154042Z_gemini_macro_event_timing_v1,,,EDT
FOMC_2018-06-13_scheduled,FOMC,2018-06-13T18:00:00+00:00,https://www.federalreserve.gov/newsevents/pressreleases/monetary20180613a.htm,361fc65f16b7bedff964b5ec9d51c94a9cff1f69bbd500c627a17f5ab20189ab,20260905T153912Z_gemini_fomc_canonical_foundation_v1,,Federal Reserve issues FOMC statement,EDT
PCE_personal-income-and-outlays-may-2018,PCE,2018-06-29T12:30:00+00:00,https://www.bea.gov/news/2018/personal-income-and-outlays-may-2018,a51892e608d79872e0b16376e4699f2786fb86c9f2d97fa4c4b8634bcaf5c0c7,20260905T171629Z_gemini_macro_event_integration_foundation_v1,2018-05,"Personal Income and Outlays, May 2018",EDT
EMPLOYMENT_empsit_07062018,EMPLOYMENT,2018-07-06T12:30:00Z,https://www.bls.gov/news.release/archives/empsit_07062018.htm,88f2c26ffc6801c6f35ba691d3d771f000f80303dfeb6c2ebf642a16c55af61e,20260903T154042Z_gemini_macro_event_timing_v1,,,EDT
CPI_cpi_07122018,CPI,2018-07-12T12:30:00Z,https://www.bls.gov/news.release/archives/cpi_07122018.htm,b2da7d78a231856e706e7dc3010971de8868780a8a37931248d4c3de42bf7e96,20260903T154042Z_gemini_macro_event_timing_v1,,,EDT
PCE_personal-income-and-outlays-june-2018,PCE,2018-07-31T12:30:00+00:00,https://www.bea.gov/news/2018/personal-income-and-outlays-june-2018,d233fcedc481a700f21487e88c0428b076a7f3b6a5a88a6f80dd6100a138ffe8,20260905T171629Z_gemini_macro_event_integration_foundation_v1,2018-06,"Personal Income and Outlays, June 2018 Comprehensive Update: 1929 Through May 2018",EDT
FOMC_2018-08-01_scheduled,FOMC,2018-08-01T18:00:00+00:00,https://www.federalreserve.gov/newsevents/pressreleases/monetary20180801a.htm,07d3a8fe36bad7dc8663a12e4bf6b305da085e08a1123bd37deac48f9f798858,20260905T153912Z_gemini_fomc_canonical_foundation_v1,,Federal Reserve issues FOMC statement,EDT
EMPLOYMENT_empsit_08032018,EMPLOYMENT,2018-08-03T12:30:00Z,https://www.bls.gov/news.release/archives/empsit_08032018.htm,e8a2fa206d17bd06a12b8435a642136fdacad8e87052a603c297a04fdd07a7d8,20260903T154042Z_gemini_macro_event_timing_v1,,,EDT
CPI_cpi_08102018,CPI,2018-08-10T12:30:00Z,https://www.bls.gov/news.release/archives/cpi_08102018.htm,49225310b0ed0e1dd0b5884d4fd10adadf7b1789930e51722aff2e6e90e51977,20260903T154042Z_gemini_macro_event_timing_v1,,,EDT
PCE_personal-income-and-outlays-july-2018,PCE,2018-08-30T12:30:00+00:00,https://www.bea.gov/news/2018/personal-income-and-outlays-july-2018,3e26a877c5f1f9c1af129cb5ee3e04cdd24e9646315b1d805d9c3d629fb8085a,20260905T171629Z_gemini_macro_event_integration_foundation_v1,2018-07,"Personal Income and Outlays, July 2018",EDT
EMPLOYMENT_empsit_09072018,EMPLOYMENT,2018-09-07T12:30:00Z,https://www.bls.gov/news.release/archives/empsit_09072018.htm,5b9effc2ce8ce99167bf5a49e66c2d02af7471eb017af8e112dc6b28f948139c,20260903T154042Z_gemini_macro_event_timing_v1,,,EDT
CPI_cpi_09132018,CPI,2018-09-13T12:30:00Z,https://www.bls.gov/news.release/archives/cpi_09132018.htm,2682e454ebc6c8e081db1d933d57ea9f60a835191056c7b6d8ee25e45af1d6a8,20260903T154042Z_gemini_macro_event_timing_v1,,,EDT
FOMC_2018-09-26_scheduled,FOMC,2018-09-26T18:00:00+00:00,https://www.federalreserve.gov/newsevents/pressreleases/monetary20180926a.htm,d9f56e8343361ee150ce28cd1de59b7e910a4dbff63c5524605e42ffe64236c2,20260905T153912Z_gemini_fomc_canonical_foundation_v1,,Federal Reserve issues FOMC statement,EDT
PCE_personal-income-and-outlays-august-2018,PCE,2018-09-28T12:30:00+00:00,https://www.bea.gov/news/2018/personal-income-and-outlays-august-2018,d4338c142fd86648f119a5dc53aa6708607bfa91d5a78f0706ad03f86ddf8f77,20260905T171629Z_gemini_macro_event_integration_foundation_v1,2018-08,"Personal Income and Outlays, August 2018",EDT
EMPLOYMENT_empsit_10052018,EMPLOYMENT,2018-10-05T12:30:00Z,https://www.bls.gov/news.release/archives/empsit_10052018.htm,c0def8afbb2334b6374d5e17504d5a40a5df83f2af4dc8b105f657f859f1a21b,20260903T154042Z_gemini_macro_event_timing_v1,,,EDT
CPI_cpi_10112018,CPI,2018-10-11T12:30:00Z,https://www.bls.gov/news.release/archives/cpi_10112018.htm,0bbe0e927af15253d587dcfb6d4c34f99072a61873459422632dd59bdaf75617,20260903T154042Z_gemini_macro_event_timing_v1,,,EDT
PCE_personal-income-and-outlays-september-2018,PCE,2018-10-29T12:30:00+00:00,https://www.bea.gov/news/2018/personal-income-and-outlays-september-2018,bc7c6e297d4a1bc60bce92f164a227bef8e6e3977414551757128bc22890e25f,20260905T171629Z_gemini_macro_event_integration_foundation_v1,2018-09,"Personal Income and Outlays, September 2018",EDT
EMPLOYMENT_empsit_11022018,EMPLOYMENT,2018-11-02T12:30:00Z,https://www.bls.gov/news.release/archives/empsit_11022018.htm,ef9178d1533ff7c83dba8ed4ccb1cdf9fd2406ec3419bf40c198f8af68a9d6c8,20260903T154042Z_gemini_macro_event_timing_v1,,,EDT
FOMC_2018-11-08_scheduled,FOMC,2018-11-08T19:00:00+00:00,https://www.federalreserve.gov/newsevents/pressreleases/monetary20181108a.htm,031883187bebd4d0428c6fe76c72f1183a497ac601fb07896faee8fb313b7325,20260905T153912Z_gemini_fomc_canonical_foundation_v1,,Federal Reserve issues FOMC statement,EST
CPI_cpi_11142018,CPI,2018-11-14T13:30:00Z,https://www.bls.gov/news.release/archives/cpi_11142018.htm,57afb6a87632d7038ccc2b02f244ae0b009b6b0d39765537a7cfbf4473d6fa0c,20260903T154042Z_gemini_macro_event_timing_v1,,,EST
PCE_personal-income-and-outlays-october-2018,PCE,2018-11-29T13:30:00+00:00,https://www.bea.gov/news/2018/personal-income-and-outlays-october-2018,561911ecada70d26cc3e53cb9ac92519846c7328f8e78f8a175122e116e2fdbc,20260905T171629Z_gemini_macro_event_integration_foundation_v1,2018-10,"Personal Income and Outlays, October 2018",EST
EMPLOYMENT_empsit_12072018,EMPLOYMENT,2018-12-07T13:30:00Z,https://www.bls.gov/news.release/archives/empsit_12072018.htm,efe7f3ab3899fa40e16b48c84f061ed531ece0a55aff5c4e23d6197685ae4cb1,20260903T154042Z_gemini_macro_event_timing_v1,,,EST
CPI_cpi_12122018,CPI,2018-12-12T13:30:00Z,https://www.bls.gov/news.release/archives/cpi_12122018.htm,c9005e9631f0e35427b81929cfabf39235f3f88d0f62cd15988d918b0a2b2e28,20260903T154042Z_gemini_macro_event_timing_v1,,,EST
FOMC_2018-12-19_scheduled,FOMC,2018-12-19T19:00:00+00:00,https://www.federalreserve.gov/newsevents/pressreleases/monetary20181219a.htm,b8ecfd719524f46b994847a3d13d48701fe58874f4f0f1e940abdbdfb15881ea,20260905T153912Z_gemini_fomc_canonical_foundation_v1,,Federal Reserve issues FOMC statement,EST
PCE_personal-income-and-outlays-november-2018,PCE,2018-12-21T15:00:00+00:00,https://www.bea.gov/news/2018/personal-income-and-outlays-november-2018,67025bb6495ce75f7f0229a3ba4094bb6b405d27113398227b72f3a732988250,20260905T171629Z_gemini_macro_event_integration_foundation_v1,2018-11,"Personal Income and Outlays, November 2018",EST
EMPLOYMENT_empsit_01042019,EMPLOYMENT,2019-01-04T13:30:00Z,https://www.bls.gov/news.release/archives/empsit_01042019.htm,ea771afc76d7ce15966e4d1c7da9a531ff954e24eb5485e5dccba2eb058e1fc6,20260903T154042Z_gemini_macro_event_timing_v1,,,EST
CPI_cpi_01112019,CPI,2019-01-11T13:30:00Z,https://www.bls.gov/news.release/archives/cpi_01112019.htm,c645750b813633b207bb411ca46224298483e9652437b646c90840304bb80e57,20260903T154042Z_gemini_macro_event_timing_v1,,,EST
FOMC_2019-01-30_scheduled,FOMC,2019-01-30T19:00:00+00:00,https://www.federalreserve.gov/newsevents/pressreleases/monetary20190130a.htm,6c114e865d021a28237131596bf26006a72c551d72a1b88e82cea8943fbdefad,20260905T153912Z_gemini_fomc_canonical_foundation_v1,,Federal Reserve issues FOMC statement,EST
EMPLOYMENT_empsit_02012019,EMPLOYMENT,2019-02-01T13:30:00Z,https://www.bls.gov/news.release/archives/empsit_02012019.htm,38ef339eb0c99f39fe4c8cbd70b1e753ed99555d39954c81bd7111bd34d15efe,20260903T154042Z_gemini_macro_event_timing_v1,,,EST
CPI_cpi_02132019,CPI,2019-02-13T13:30:00Z,https://www.bls.gov/news.release/archives/cpi_02132019.htm,45c7b7a62b83be5c09e5397a0fcc015a23228ecd04f4a7fd5160b124274168b7,20260903T154042Z_gemini_macro_event_timing_v1,,,EST
PCE_personal-income-and-outlays-december-2018-personal-income-january-2019,PCE,2019-03-01T13:30:00+00:00,https://www.bea.gov/news/2019/personal-income-and-outlays-december-2018-personal-income-january-2019,9d51086478034e633ba728ea4258a212fe4256002dc20923ba6a5c0c9a2bb445,20260905T171629Z_gemini_macro_event_integration_foundation_v1,2018-12,"Personal Income and Outlays, December 2018; Personal Income, January 2019",EST
EMPLOYMENT_empsit_03082019,EMPLOYMENT,2019-03-08T13:30:00Z,https://www.bls.gov/news.release/archives/empsit_03082019.htm,e28704921e77bacc57f88586a106f2148d96a03f1b8745fd098e346604daa635,20260903T154042Z_gemini_macro_event_timing_v1,,,EST
CPI_cpi_03122019,CPI,2019-03-12T12:30:00Z,https://www.bls.gov/news.release/archives/cpi_03122019.htm,3f91d4a2ad3eed1194be3e330fa8bc54100150fde3990b15a5c4630a1810201d,20260903T154042Z_gemini_macro_event_timing_v1,,,EDT
FOMC_2019-03-20_scheduled,FOMC,2019-03-20T18:00:00+00:00,https://www.federalreserve.gov/newsevents/pressreleases/monetary20190320a.htm,1d591714490586ac713d075e74cb740d22cdeea8c0eb0ee445d75cf118d3292b,20260905T153912Z_gemini_fomc_canonical_foundation_v1,,Federal Reserve issues FOMC statement,EDT
PCE_personal-income-february-2019-personal-outlays-january-2019,PCE,2019-03-29T12:30:00+00:00,https://www.bea.gov/news/2019/personal-income-february-2019-personal-outlays-january-2019,b6d8803415e9c7a4145c99117e63a1f789b611de4bcaba1a2745629d61827bf9,20260905T171629Z_gemini_macro_event_integration_foundation_v1,2019-01,"Personal Income, February 2019; Personal Outlays, January 2019",EDT
EMPLOYMENT_empsit_04052019,EMPLOYMENT,2019-04-05T12:30:00Z,https://www.bls.gov/news.release/archives/empsit_04052019.htm,01506531763a2a8a2d7194a5a676649222c241c593b2b28ac2fae8008b401bcb,20260903T154042Z_gemini_macro_event_timing_v1,,,EDT
CPI_cpi_04102019,CPI,2019-04-10T12:30:00Z,https://www.bls.gov/news.release/archives/cpi_04102019.htm,34289421e3fb268fe87549f3348748933057659cdf64dab44bc0d75089bde307,20260903T154042Z_gemini_macro_event_timing_v1,,,EDT
PCE_personal-income-and-outlays-march-2019,PCE,2019-04-29T12:30:00+00:00,https://www.bea.gov/news/2019/personal-income-and-outlays-march-2019,52b3d43e87e5469db37103662309d25cfce57a8da904a50d2a8c2247df550e59,20260905T171629Z_gemini_macro_event_integration_foundation_v1,2019-02;2019-03,"Personal Income and Outlays, March 2019",EDT
FOMC_2019-05-01_scheduled,FOMC,2019-05-01T18:00:00+00:00,https://www.federalreserve.gov/newsevents/pressreleases/monetary20190501a.htm,c4ae81fae646296f5be89a88237f9fec517b8374578783316c9fded2dc5b12d1,20260905T153912Z_gemini_fomc_canonical_foundation_v1,,Federal Reserve issues FOMC statement,EDT
EMPLOYMENT_empsit_05032019,EMPLOYMENT,2019-05-03T12:30:00Z,https://www.bls.gov/news.release/archives/empsit_05032019.htm,05eff373a19cc53036f5afcd29075cd2d0439a0fbb158935dd4aa9692e955858,20260903T154042Z_gemini_macro_event_timing_v1,,,EDT
CPI_cpi_05102019,CPI,2019-05-10T12:30:00Z,https://www.bls.gov/news.release/archives/cpi_05102019.htm,d538024a240ecc6bf6b0a67b3a8021e1776c3702054df8bb083325e1982e1482,20260903T154042Z_gemini_macro_event_timing_v1,,,EDT
PCE_personal-income-and-outlays-april-2019,PCE,2019-05-31T12:30:00+00:00,https://www.bea.gov/news/2019/personal-income-and-outlays-april-2019,f9254d45852e5e2c08b769ec7d5192889d277c053e09d533fc183585fc43b96a,20260905T171629Z_gemini_macro_event_integration_foundation_v1,2019-04,"Personal Income and Outlays, April 2019",EDT
EMPLOYMENT_empsit_06072019,EMPLOYMENT,2019-06-07T12:30:00Z,https://www.bls.gov/news.release/archives/empsit_06072019.htm,cb63109910fc0235c6f2f6180a1f346627e680b77255a36ecc6d449e50825943,20260903T154042Z_gemini_macro_event_timing_v1,,,EDT
CPI_cpi_06122019,CPI,2019-06-12T12:30:00Z,https://www.bls.gov/news.release/archives/cpi_06122019.htm,3f572310684555271654e09b9b2f3494f39e99146c56ffaca2666f27b19db7c1,20260903T154042Z_gemini_macro_event_timing_v1,,,EDT
FOMC_2019-06-19_scheduled,FOMC,2019-06-19T18:00:00+00:00,https://www.federalreserve.gov/newsevents/pressreleases/monetary20190619a.htm,46ce5fa0423b24611551d4ae0aaa644da201ffe6856e72b6c2a179dd49e05685,20260905T153912Z_gemini_fomc_canonical_foundation_v1,,Federal Reserve issues FOMC statement,EDT
PCE_personal-income-and-outlays-may-2019,PCE,2019-06-28T12:30:00+00:00,https://www.bea.gov/news/2019/personal-income-and-outlays-may-2019,1cd2cbd9a746aeddfabcc590a3c3db91f69be860dcc8e5e42650e6884f4bb4da,20260905T171629Z_gemini_macro_event_integration_foundation_v1,2019-05,"Personal Income and Outlays, May 2019",EDT
EMPLOYMENT_empsit_07052019,EMPLOYMENT,2019-07-05T12:30:00Z,https://www.bls.gov/news.release/archives/empsit_07052019.htm,b968afdf1f5770ff35d2f4e51027c5fa1dd779696ddb781a589ebb40fb92bdaa,20260903T154042Z_gemini_macro_event_timing_v1,,,EDT
CPI_cpi_07112019,CPI,2019-07-11T12:30:00Z,https://www.bls.gov/news.release/archives/cpi_07112019.htm,1f4a3cc1f0d011b8dc1cb854ff936625a7d7031ab85240a42e2e95cc5ff8af25,20260903T154042Z_gemini_macro_event_timing_v1,,,EDT
PCE_personal-income-and-outlays-june-2019,PCE,2019-07-30T12:30:00+00:00,https://www.bea.gov/news/2019/personal-income-and-outlays-june-2019,2a60820044cd32a2a3840a31b05b1afddd013fdc4cc4e3384553f455fc587fa9,20260905T171629Z_gemini_macro_event_integration_foundation_v1,2019-06,Personal Income and Outlays: June 2019 Annual Update: January 2014 through May 2019,EDT
FOMC_2019-07-31_scheduled,FOMC,2019-07-31T18:00:00+00:00,https://www.federalreserve.gov/newsevents/pressreleases/monetary20190731a.htm,283e8df368d267231b1ddf2e8b7baae27aa377f0563ca82009baf20a604ac34a,20260905T153912Z_gemini_fomc_canonical_foundation_v1,,Federal Reserve issues FOMC statement,EDT
EMPLOYMENT_empsit_08022019,EMPLOYMENT,2019-08-02T12:30:00Z,https://www.bls.gov/news.release/archives/empsit_08022019.htm,3251144f03e2b7478266be18f63c167d96ee8f9cef5382b7e276f5de72a824fd,20260903T154042Z_gemini_macro_event_timing_v1,,,EDT
CPI_cpi_08132019,CPI,2019-08-13T12:30:00Z,https://www.bls.gov/news.release/archives/cpi_08132019.htm,30326ebe2d0950e8c1a4553cb2cf22ef47687e739c7a69a51efa6a547a476539,20260903T154042Z_gemini_macro_event_timing_v1,,,EDT
PCE_personal-income-and-outlays-july-2019,PCE,2019-08-30T12:30:00+00:00,https://www.bea.gov/news/2019/personal-income-and-outlays-july-2019,d2a03e5b1ad8f3c45001aab60239049fe3b2d2dd189554d281963ceccfc10ca9,20260905T171629Z_gemini_macro_event_integration_foundation_v1,2019-07,"Personal Income and Outlays, July 2019",EDT
EMPLOYMENT_empsit_09062019,EMPLOYMENT,2019-09-06T12:30:00Z,https://www.bls.gov/news.release/archives/empsit_09062019.htm,230afa1debc909fde6de3c9b2c183b498ddff0bddbea3882f5fb722aa29cfa5d,20260903T154042Z_gemini_macro_event_timing_v1,,,EDT
CPI_cpi_09122019,CPI,2019-09-12T12:30:00Z,https://www.bls.gov/news.release/archives/cpi_09122019.htm,c35a95374bdcee7fb5b718d54facd6f026e66c422d8295fd89e07f17b5d2c3f8,20260903T154042Z_gemini_macro_event_timing_v1,,,EDT
FOMC_2019-09-18_scheduled,FOMC,2019-09-18T18:00:00+00:00,https://www.federalreserve.gov/newsevents/pressreleases/monetary20190918a.htm,e174af701dd311aa301eb720fa63bfe7324cfe96dcb90bb32f5975ab19a42ec2,20260905T153912Z_gemini_fomc_canonical_foundation_v1,,Federal Reserve issues FOMC statement,EDT
PCE_personal-income-and-outlays-august-2019,PCE,2019-09-27T12:30:00+00:00,https://www.bea.gov/news/2019/personal-income-and-outlays-august-2019,383b4a035c22d49e6aaae66dd41f191596b1f0fa3b4e298e7fcec95a898e1ce5,20260905T171629Z_gemini_macro_event_integration_foundation_v1,2019-08,"Personal Income and Outlays, August 2019",EDT
EMPLOYMENT_empsit_10042019,EMPLOYMENT,2019-10-04T12:30:00Z,https://www.bls.gov/news.release/archives/empsit_10042019.htm,e6906ace00e711b73a9849fd8d752c90adf93494c57cd1a23a814bdc4a73b306,20260903T154042Z_gemini_macro_event_timing_v1,,,EDT
CPI_cpi_10102019,CPI,2019-10-10T12:30:00Z,https://www.bls.gov/news.release/archives/cpi_10102019.htm,4f5ff05d7d93af1b9600520d9b318b6227835a5bdeb01f1320a0a3bab176febe,20260903T154042Z_gemini_macro_event_timing_v1,,,EDT
FOMC_2019-10-30_scheduled,FOMC,2019-10-30T18:00:00+00:00,https://www.federalreserve.gov/newsevents/pressreleases/monetary20191030a.htm,de9799f5f9c0723ea5fdf8f00f378b469f44dd08881bca0ddc35bf7957a2b0c2,20260905T153912Z_gemini_fomc_canonical_foundation_v1,,Federal Reserve issues FOMC statement,EDT
PCE_personal-income-and-outlays-september-2019,PCE,2019-10-31T12:30:00+00:00,https://www.bea.gov/news/2019/personal-income-and-outlays-september-2019,6db2a01e16b6fa1863933bc0e45c3d4d131d6b7621975bb10b56885a483332b6,20260905T171629Z_gemini_macro_event_integration_foundation_v1,2019-09,"Personal Income and Outlays, September 2019",EDT
EMPLOYMENT_empsit_11012019,EMPLOYMENT,2019-11-01T12:30:00Z,https://www.bls.gov/news.release/archives/empsit_11012019.htm,d2e48a621c154c40f9877fa7d3552cc5c913a0fc7999acca6adc468bd858ab24,20260903T154042Z_gemini_macro_event_timing_v1,,,EDT
CPI_cpi_11132019,CPI,2019-11-13T13:30:00Z,https://www.bls.gov/news.release/archives/cpi_11132019.htm,df4c0c412837dba17e39e6811ea14a8eb92ced0e49dee3f26b7c7e318ac006fe,20260903T154042Z_gemini_macro_event_timing_v1,,,EST
PCE_personal-income-and-outlays-october-2019,PCE,2019-11-27T15:00:00+00:00,https://www.bea.gov/news/2019/personal-income-and-outlays-october-2019,36946aa517f181b7b2a08ed8eac389b30c3256fe17180ad709da7d874d8aa069,20260905T171629Z_gemini_macro_event_integration_foundation_v1,2019-10,"Personal Income and Outlays, October 2019",EST
EMPLOYMENT_empsit_12062019,EMPLOYMENT,2019-12-06T13:30:00Z,https://www.bls.gov/news.release/archives/empsit_12062019.htm,e59a8d3b402e0744188780b720a6debdbc30cb03217419cda746c72fd9f9d886,20260903T154042Z_gemini_macro_event_timing_v1,,,EST
CPI_cpi_12112019,CPI,2019-12-11T13:30:00Z,https://www.bls.gov/news.release/archives/cpi_12112019.htm,fb035026aa840bd4267fcaeade9fe1e491f0de99e6cf3f64a8bfb3d039049fed,20260903T154042Z_gemini_macro_event_timing_v1,,,EST
FOMC_2019-12-11_scheduled,FOMC,2019-12-11T19:00:00+00:00,https://www.federalreserve.gov/newsevents/pressreleases/monetary20191211a.htm,1a8991a2403b4a72646cb77d6f21cb4976de60951fb77b741ae2eb9848c83586,20260905T153912Z_gemini_fomc_canonical_foundation_v1,,Federal Reserve issues FOMC statement,EST
PCE_personal-income-and-outlays-november-2019,PCE,2019-12-20T15:00:00+00:00,https://www.bea.gov/news/2019/personal-income-and-outlays-november-2019,a2235151d2e5c6dc844562112de262978350dca153d0fdfeb9f846800412b5f3,20260905T171629Z_gemini_macro_event_integration_foundation_v1,2019-11,"Personal Income and Outlays, November 2019",EST
EMPLOYMENT_empsit_01102020,EMPLOYMENT,2020-01-10T13:30:00Z,https://www.bls.gov/news.release/archives/empsit_01102020.htm,c8175b205234ca356d1e45af69caea2da7beaa02f0e29575bb6db69580edddca,20260903T154042Z_gemini_macro_event_timing_v1,,,EST
CPI_cpi_01142020,CPI,2020-01-14T13:30:00Z,https://www.bls.gov/news.release/archives/cpi_01142020.htm,6fc54f77d7d77595dea6a8bdcf7b18fc07e3d87ae8d0bc20699bdd784cc09dd0,20260903T154042Z_gemini_macro_event_timing_v1,,,EST
FOMC_2020-01-29_scheduled,FOMC,2020-01-29T19:00:00+00:00,https://www.federalreserve.gov/newsevents/pressreleases/monetary20200129a.htm,17a6edbac326d2a648dac58a010fd329dbbc1c3d741cde79f778c0d667559aab,20260905T153912Z_gemini_fomc_canonical_foundation_v1,,Federal Reserve issues FOMC statement,EST
PCE_personal-income-and-outlays-december-2019,PCE,2020-01-31T13:30:00+00:00,https://www.bea.gov/news/2020/personal-income-and-outlays-december-2019,32af3ce98301f1b2fdb777257ec9c454877ca0949bc96b83a20dbca3493c8601,20260905T171629Z_gemini_macro_event_integration_foundation_v1,2019-12,"Personal Income and Outlays, December 2019",EST
EMPLOYMENT_empsit_02072020,EMPLOYMENT,2020-02-07T13:30:00Z,https://www.bls.gov/news.release/archives/empsit_02072020.htm,4c9a804c503fbbce61a3200f4c55d1a60fe3e71314d644e2d996c8b39ca4d8f1,20260903T154042Z_gemini_macro_event_timing_v1,,,EST
CPI_cpi_02132020,CPI,2020-02-13T13:30:00Z,https://www.bls.gov/news.release/archives/cpi_02132020.htm,878a528add75e5c21f73cf1c714205b2327170fd131f23fe2be5b84d9a7ba0ba,20260903T154042Z_gemini_macro_event_timing_v1,,,EST
PCE_personal-income-and-outlays-january-2020,PCE,2020-02-28T13:30:00+00:00,https://www.bea.gov/news/2020/personal-income-and-outlays-january-2020,1b9d0020ecf6ecdf7f89cff34b94f1fb846ba68ba244f6c4a6f4b62050a375f4,20260905T171629Z_gemini_macro_event_integration_foundation_v1,2020-01,"Personal Income and Outlays, January 2020",EST
FOMC_2020-03-03_unscheduled,FOMC,2020-03-03T15:00:00+00:00,https://www.federalreserve.gov/newsevents/pressreleases/monetary20200303a.htm,ceead352a9575caa8ffa11eb06b262778b48476d3a6771db5d796efde8112ab8,20260905T153912Z_gemini_fomc_canonical_foundation_v1,,Federal Reserve issues FOMC statement,EST
EMPLOYMENT_empsit_03062020,EMPLOYMENT,2020-03-06T13:30:00Z,https://www.bls.gov/news.release/archives/empsit_03062020.htm,c60644178009245b601643fd04451f78a7623a90b5306ce8ddfba7b95934f198,20260903T154042Z_gemini_macro_event_timing_v1,,,EST
CPI_cpi_03112020,CPI,2020-03-11T12:30:00Z,https://www.bls.gov/news.release/archives/cpi_03112020.htm,0a55f738610a90af008ee123d69bd06a1eebad995ae76fe9be71d2f4ed244995,20260903T154042Z_gemini_macro_event_timing_v1,,,EDT
FOMC_2020-03-15_unscheduled,FOMC,2020-03-15T21:00:00+00:00,https://www.federalreserve.gov/newsevents/pressreleases/monetary20200315a.htm,78256368633de7970f872016a65fd4a94b21f4905ff2aeea64e3e36182df2f2a,20260905T153912Z_gemini_fomc_canonical_foundation_v1,,Federal Reserve issues FOMC statement,EDT
FOMC_2020-03-23_unscheduled,FOMC,2020-03-23T12:00:00+00:00,https://www.federalreserve.gov/newsevents/pressreleases/monetary20200323a.htm,1903f145d87fbfb74b1ba3725514403fc3c16391acfab1e881150279bb758c9f,20260905T153912Z_gemini_fomc_canonical_foundation_v1,,Federal Reserve issues FOMC statement,EDT
PCE_personal-income-and-outlays-february-2020,PCE,2020-03-27T12:30:00+00:00,https://www.bea.gov/news/2020/personal-income-and-outlays-february-2020,7bfd7f752300c7aab008407658026af0ae4f21ee263e9ee87799da8b659bbb34,20260905T171629Z_gemini_macro_event_integration_foundation_v1,2020-02,Personal Income and Outlays: February 2020,EDT
EMPLOYMENT_empsit_04032020,EMPLOYMENT,2020-04-03T12:30:00Z,https://www.bls.gov/news.release/archives/empsit_04032020.htm,f7e63c5ef3c1a87c7b991b880f813ab09a39cbf1dce81955db10e4ec98364326,20260903T154042Z_gemini_macro_event_timing_v1,,,EDT
CPI_cpi_04102020,CPI,2020-04-10T12:30:00Z,https://www.bls.gov/news.release/archives/cpi_04102020.htm,90ed5953e018f620209d27258b515b8a30cc7fbd5181d6631b5ab9d80f67a196,20260903T154042Z_gemini_macro_event_timing_v1,,,EDT
FOMC_2020-04-29_scheduled,FOMC,2020-04-29T18:00:00+00:00,https://www.federalreserve.gov/newsevents/pressreleases/monetary20200429a.htm,64dda416c94d9634f4bf09f552cc3f915f2035561e8121160830447f02bb6da6,20260905T153912Z_gemini_fomc_canonical_foundation_v1,,Federal Reserve issues FOMC statement,EDT
PCE_personal-income-and-outlays-march-2020,PCE,2020-04-30T12:30:00+00:00,https://www.bea.gov/news/2020/personal-income-and-outlays-march-2020,dafcdc7dfc2128c4f0ecd7d272d3c8f3eaba102cbacb7ae833269b81c908a7a1,20260905T171629Z_gemini_macro_event_integration_foundation_v1,2020-03,Personal Income and Outlays: March 2020,EDT
EMPLOYMENT_empsit_05082020,EMPLOYMENT,2020-05-08T12:30:00Z,https://www.bls.gov/news.release/archives/empsit_05082020.htm,b3e029055cdde92ee7ee1c9ab275898856c4b3004729dd11c7d15fcd660d7b9d,20260903T154042Z_gemini_macro_event_timing_v1,,,EDT
CPI_cpi_05122020,CPI,2020-05-12T12:30:00Z,https://www.bls.gov/news.release/archives/cpi_05122020.htm,7884517c77a6eacd89c66eace5b56e63e32b7eb06a73934b5bebe19751d9701f,20260903T154042Z_gemini_macro_event_timing_v1,,,EDT
PCE_personal-income-and-outlays-april-2020,PCE,2020-05-29T12:30:00+00:00,https://www.bea.gov/news/2020/personal-income-and-outlays-april-2020,41ca5ed67eca618e87bccccddb0f63ac44670f3502cbf5177b3fb1b5e3c24c2d,20260905T171629Z_gemini_macro_event_integration_foundation_v1,2020-04,Personal Income and Outlays: April 2020,EDT
EMPLOYMENT_empsit_06052020,EMPLOYMENT,2020-06-05T12:30:00Z,https://www.bls.gov/news.release/archives/empsit_06052020.htm,0e3ff27b6c5082f2555746f3a7f4d065740b357edc036c7be1d101ad099333cb,20260903T154042Z_gemini_macro_event_timing_v1,,,EDT
CPI_cpi_06102020,CPI,2020-06-10T12:30:00Z,https://www.bls.gov/news.release/archives/cpi_06102020.htm,c3b112b13bd90807dbb764a4b8ea71d5bd70ca88afcb71e6e08d6e7c54a17761,20260903T154042Z_gemini_macro_event_timing_v1,,,EDT
FOMC_2020-06-10_scheduled,FOMC,2020-06-10T18:00:00+00:00,https://www.federalreserve.gov/newsevents/pressreleases/monetary20200610a.htm,2a4dd9798e7d094da0ab9d63ec8b0f6c57d0a771752ba5e3d92fb0fbbc68e5aa,20260905T153912Z_gemini_fomc_canonical_foundation_v1,,Federal Reserve issues FOMC statement,EDT
PCE_personal-income-and-outlays-may-2020,PCE,2020-06-26T12:30:00+00:00,https://www.bea.gov/news/2020/personal-income-and-outlays-may-2020,d8ade51a07d3b4670b48527076465767ab51921c3fe5da2b03b4f2e3e1891718,20260905T171629Z_gemini_macro_event_integration_foundation_v1,2020-05,Personal Income and Outlays: May 2020,EDT
EMPLOYMENT_empsit_07022020,EMPLOYMENT,2020-07-02T12:30:00Z,https://www.bls.gov/news.release/archives/empsit_07022020.htm,817e508f51408c7b6cfaf02e173c7a39d306fe98809bc5d2d5ae187ccfc2cc88,20260903T154042Z_gemini_macro_event_timing_v1,,,ET
CPI_cpi_07142020,CPI,2020-07-14T12:30:00Z,https://www.bls.gov/news.release/archives/cpi_07142020.htm,2c55bf4191eff0ec2a261bd7a9b927dde6a4c0b3bb3aa6cf46020bb446861ec6,20260903T154042Z_gemini_macro_event_timing_v1,,,EDT
FOMC_2020-07-29_scheduled,FOMC,2020-07-29T18:00:00+00:00,https://www.federalreserve.gov/newsevents/pressreleases/monetary20200729a.htm,b27125e82fec1030c298a7cc4ab56c034a36f8a6c8c954461f3c42cab9761860,20260905T153912Z_gemini_fomc_canonical_foundation_v1,,Federal Reserve issues FOMC statement,EDT
PCE_personal-income-and-outlays-june-2020-and-annual-update,PCE,2020-07-31T12:30:00+00:00,https://www.bea.gov/news/2020/personal-income-and-outlays-june-2020-and-annual-update,596d1ed4a7f93d9a2047a78196c225bcf25f512f798d0999b3dac92df5d3a734,20260905T171629Z_gemini_macro_event_integration_foundation_v1,2020-06,"Personal Income and Outlays, June 2020 and Annual Update",EDT
EMPLOYMENT_empsit_08072020,EMPLOYMENT,2020-08-07T12:30:00Z,https://www.bls.gov/news.release/archives/empsit_08072020.htm,d81df5de7a95204ae8e4ee4809ac494db5c7181c6d659f649fc2fc895fa9439a,20260903T154042Z_gemini_macro_event_timing_v1,,,ET
CPI_cpi_08122020,CPI,2020-08-12T12:30:00Z,https://www.bls.gov/news.release/archives/cpi_08122020.htm,8538149f45c5f85035d12d5b10ef7531a7ef16e0a41470514618bd0be05a364a,20260903T154042Z_gemini_macro_event_timing_v1,,,ET
PCE_personal-income-and-outlays-july-2020,PCE,2020-08-28T12:30:00+00:00,https://www.bea.gov/news/2020/personal-income-and-outlays-july-2020,a986fc8da2c15911056604e44a80c8efd1cfad5f5f0ac50868999ef5c90f1657,20260905T171629Z_gemini_macro_event_integration_foundation_v1,2020-07,"Personal Income and Outlays, July 2020",EDT
EMPLOYMENT_empsit_09042020,EMPLOYMENT,2020-09-04T12:30:00Z,https://www.bls.gov/news.release/archives/empsit_09042020.htm,f783d52909015bc150fec6f5fb4a0e1ad8c4ee458ebaad9af9aa9dc8a0eef04f,20260903T154042Z_gemini_macro_event_timing_v1,,,ET
CPI_cpi_09112020,CPI,2020-09-11T12:30:00Z,https://www.bls.gov/news.release/archives/cpi_09112020.htm,336e154173da44fb7df063fba00cafd647fb052a859261acf698593f35a1d520,20260903T154042Z_gemini_macro_event_timing_v1,,,ET
FOMC_2020-09-16_scheduled,FOMC,2020-09-16T18:00:00+00:00,https://www.federalreserve.gov/newsevents/pressreleases/monetary20200916a.htm,b623feceda988c3c163fddb0313000d8493cb0944e62a3eab4a4c0a5fd685edb,20260905T153912Z_gemini_fomc_canonical_foundation_v1,,Federal Reserve issues FOMC statement,EDT
PCE_personal-income-and-outlays-august-2020,PCE,2020-10-01T12:30:00+00:00,https://www.bea.gov/news/2020/personal-income-and-outlays-august-2020,5df0da1052b438752e3bc9c948478cbd6c2fcc4b0e82f334edb926d6afe97883,20260905T171629Z_gemini_macro_event_integration_foundation_v1,2020-08,"Personal Income and Outlays, August 2020",EDT
EMPLOYMENT_empsit_10022020,EMPLOYMENT,2020-10-02T12:30:00Z,https://www.bls.gov/news.release/archives/empsit_10022020.htm,f9076b52c11df5e7caf88072dbee7d8e45e896c4e3dc690c388d9149ce8fe906,20260903T154042Z_gemini_macro_event_timing_v1,,,ET
CPI_cpi_10132020,CPI,2020-10-13T12:30:00Z,https://www.bls.gov/news.release/archives/cpi_10132020.htm,8a040f95f48bb90dae5d0a0a31c16c6099d14cb6afdd2ed4427b89eec4089731,20260903T154042Z_gemini_macro_event_timing_v1,,,ET
PCE_personal-income-and-outlays-september-2020,PCE,2020-10-30T12:30:00+00:00,https://www.bea.gov/news/2020/personal-income-and-outlays-september-2020,0fb815e66278d37deabf51a2ad940bd8d897173801e161d45758cae93b5fe905,20260905T171629Z_gemini_macro_event_integration_foundation_v1,2020-09,"Personal Income and Outlays, September 2020",EDT
FOMC_2020-11-05_scheduled,FOMC,2020-11-05T19:00:00+00:00,https://www.federalreserve.gov/newsevents/pressreleases/monetary20201105a.htm,26494fdc9ef97c880cc46ef9b31a4836eec9b645541b8395e85bbe42a7153ed6,20260905T153912Z_gemini_fomc_canonical_foundation_v1,,Federal Reserve issues FOMC statement,EST
EMPLOYMENT_empsit_11062020,EMPLOYMENT,2020-11-06T13:30:00Z,https://www.bls.gov/news.release/archives/empsit_11062020.htm,5b7530a3eed1b4fa49fca6af231bf92cf963301ecef02eea04e58edf52bb0bf7,20260903T154042Z_gemini_macro_event_timing_v1,,,ET
CPI_cpi_11122020,CPI,2020-11-12T13:30:00Z,https://www.bls.gov/news.release/archives/cpi_11122020.htm,ef408b86b72841d9774b7e1702675c61f3fa6d4527bcf492bf1de6cba8c54b9a,20260903T154042Z_gemini_macro_event_timing_v1,,,ET
PCE_personal-income-and-outlays-october-2020,PCE,2020-11-25T15:00:00+00:00,https://www.bea.gov/news/2020/personal-income-and-outlays-october-2020,72d6810d6ac5b21ae1c450f963bddf4cc992a2f1c79fba857d9383c039aebe0a,20260905T171629Z_gemini_macro_event_integration_foundation_v1,2020-10,"Personal Income and Outlays, October 2020",EST
EMPLOYMENT_empsit_12042020,EMPLOYMENT,2020-12-04T13:30:00Z,https://www.bls.gov/news.release/archives/empsit_12042020.htm,6a4ba583c9ab7aa79563c98b254914425b2cc2d4a5b28b91d497c98d60bc56d8,20260903T154042Z_gemini_macro_event_timing_v1,,,ET
CPI_cpi_12102020,CPI,2020-12-10T13:30:00Z,https://www.bls.gov/news.release/archives/cpi_12102020.htm,b95341839a08c52cd8962850ad71e8d656015379cfaad42d38ba189a46eb1e7b,20260903T154042Z_gemini_macro_event_timing_v1,,,ET
FOMC_2020-12-16_scheduled,FOMC,2020-12-16T19:00:00+00:00,https://www.federalreserve.gov/newsevents/pressreleases/monetary20201216a.htm,f8d89b22b617ec9a56d21b29f4aad93ea0bd5148d5802515e694fd95d98b8761,20260905T153912Z_gemini_fomc_canonical_foundation_v1,,Federal Reserve issues FOMC statement,EST
PCE_personal-income-and-outlays-november-2020,PCE,2020-12-23T13:30:00+00:00,https://www.bea.gov/news/2020/personal-income-and-outlays-november-2020,d3a96952ddda76b7b735753727a130dc93e4c4674295cb15dcabfc84d3ab0e38,20260905T171629Z_gemini_macro_event_integration_foundation_v1,2020-11,"Personal Income and Outlays, November 2020",EST
EMPLOYMENT_empsit_01082021,EMPLOYMENT,2021-01-08T13:30:00Z,https://www.bls.gov/news.release/archives/empsit_01082021.htm,5183f2765b1d2243d2ad103bebbbb49cc9a5c13f3f9a33d0146f701be7496793,20260903T154042Z_gemini_macro_event_timing_v1,,,ET
CPI_cpi_01132021,CPI,2021-01-13T13:30:00Z,https://www.bls.gov/news.release/archives/cpi_01132021.htm,958ec606783364d637bde7939bdb033c1f389102b6d4a12a7ae1996c97a8201e,20260903T154042Z_gemini_macro_event_timing_v1,,,ET
FOMC_2021-01-27_scheduled,FOMC,2021-01-27T19:00:00+00:00,https://www.federalreserve.gov/newsevents/pressreleases/monetary20210127a.htm,885cfb8075cc6dce00c0ff127c5668db8cbd8549a7b31f4223b4d1822e12de6d,20260905T153912Z_gemini_fomc_canonical_foundation_v1,,Federal Reserve issues FOMC statement,EST
PCE_personal-income-and-outlays-december-2020,PCE,2021-01-29T13:30:00+00:00,https://www.bea.gov/news/2021/personal-income-and-outlays-december-2020,f4353222f10979f568fc76ea5e04071aeb09eab4dbd98a95136fe460e9748452,20260905T171629Z_gemini_macro_event_integration_foundation_v1,2020-12,"Personal Income and Outlays, December 2020",EST
EMPLOYMENT_empsit_02052021,EMPLOYMENT,2021-02-05T13:30:00Z,https://www.bls.gov/news.release/archives/empsit_02052021.htm,c1fdfededab72c0db7eba1787c9612c1bec6e97f71aa3939a3eff556818ef9ab,20260903T154042Z_gemini_macro_event_timing_v1,,,ET
CPI_cpi_02102021,CPI,2021-02-10T13:30:00Z,https://www.bls.gov/news.release/archives/cpi_02102021.htm,5fa70452195d67cefd495f5c2f80ade7b3bca3e475d52a38eb58ddc6214828e9,20260903T154042Z_gemini_macro_event_timing_v1,,,ET
PCE_personal-income-and-outlays-january-2021,PCE,2021-02-26T13:30:00+00:00,https://www.bea.gov/news/2021/personal-income-and-outlays-january-2021,cc168450c7ecea2d4a340ebe11452b0061b5411cdf2c32006c71954582ea598c,20260905T171629Z_gemini_macro_event_integration_foundation_v1,2021-01,"Personal Income and Outlays, January 2021",EST
EMPLOYMENT_empsit_03052021,EMPLOYMENT,2021-03-05T13:30:00Z,https://www.bls.gov/news.release/archives/empsit_03052021.htm,151837d6cee66d963e05b958ac835fe1521fa53141a6a472b5f70dc8b26080f0,20260903T154042Z_gemini_macro_event_timing_v1,,,ET
CPI_cpi_03102021,CPI,2021-03-10T13:30:00Z,https://www.bls.gov/news.release/archives/cpi_03102021.htm,051c25ebb219625b5cf58504c49a2609593cf39ecd2ba62a9966eba34231e2ca,20260903T154042Z_gemini_macro_event_timing_v1,,,ET
FOMC_2021-03-17_scheduled,FOMC,2021-03-17T18:00:00+00:00,https://www.federalreserve.gov/newsevents/pressreleases/monetary20210317a.htm,1ddc16f3aeb338dbefb396f6dc780a04713829c2d14d5a4e428e3f2217715a45,20260905T153912Z_gemini_fomc_canonical_foundation_v1,,Federal Reserve issues FOMC statement,EDT
PCE_personal-income-and-outlays-february-2021,PCE,2021-03-26T12:30:00+00:00,https://www.bea.gov/news/2021/personal-income-and-outlays-february-2021,05eafcf624f60bc5895fb0ea1d982682cef54322acd1cc6cc5cc36aef5d33902,20260905T171629Z_gemini_macro_event_integration_foundation_v1,2021-02,"Personal Income and Outlays, February 2021",EDT
EMPLOYMENT_empsit_04022021,EMPLOYMENT,2021-04-02T12:30:00Z,https://www.bls.gov/news.release/archives/empsit_04022021.htm,18c54a75bec5865a04050c9119d28750320a4e99ec02347472e67ae389805bde,20260903T154042Z_gemini_macro_event_timing_v1,,,ET
CPI_cpi_04132021,CPI,2021-04-13T12:30:00Z,https://www.bls.gov/news.release/archives/cpi_04132021.htm,25d2560be0fe9b6b9d5b6d7e489f844fadde12ba546db7288c4ef0b8c593035f,20260903T154042Z_gemini_macro_event_timing_v1,,,ET
FOMC_2021-04-28_scheduled,FOMC,2021-04-28T18:00:00+00:00,https://www.federalreserve.gov/newsevents/pressreleases/monetary20210428a.htm,47833ac6b8480eaa319123ffc82291cefbee4c7d658de645f6def4abc5f3a448,20260905T153912Z_gemini_fomc_canonical_foundation_v1,,Federal Reserve issues FOMC statement,EDT
PCE_personal-income-and-outlays-march-2021,PCE,2021-04-30T12:30:00+00:00,https://www.bea.gov/news/2021/personal-income-and-outlays-march-2021,7c9e712aca7ad70661a1ab48a5e64a4ba4b01e78c649460998d3ada5d21749ed,20260905T171629Z_gemini_macro_event_integration_foundation_v1,2021-03,"Personal Income and Outlays, March 2021",EDT
EMPLOYMENT_empsit_05072021,EMPLOYMENT,2021-05-07T12:30:00Z,https://www.bls.gov/news.release/archives/empsit_05072021.htm,d2f15ed9ec40dc9da29dfe1de8d3125f1796cf76aa299ecf7c7d63d09d121498,20260903T154042Z_gemini_macro_event_timing_v1,,,ET
CPI_cpi_05122021,CPI,2021-05-12T12:30:00Z,https://www.bls.gov/news.release/archives/cpi_05122021.htm,f55b37016a070ed30322fcc08a0c6f03f000aa258777c41bf45203365e6d6144,20260903T154042Z_gemini_macro_event_timing_v1,,,ET
PCE_personal-income-and-outlays-april-2021,PCE,2021-05-28T12:30:00+00:00,https://www.bea.gov/news/2021/personal-income-and-outlays-april-2021,5c3eba89ad4836c09d2f55c30074335c113da9f10645f1f861adbddc37b39377,20260905T171629Z_gemini_macro_event_integration_foundation_v1,2021-04,"Personal Income and Outlays, April 2021",EDT
EMPLOYMENT_empsit_06042021,EMPLOYMENT,2021-06-04T12:30:00Z,https://www.bls.gov/news.release/archives/empsit_06042021.htm,51e73193ff1d69031148e8b40ce8c31f6e9a34222c632c787172dfd63f3adabf,20260903T154042Z_gemini_macro_event_timing_v1,,,ET
CPI_cpi_06102021,CPI,2021-06-10T12:30:00Z,https://www.bls.gov/news.release/archives/cpi_06102021.htm,038432fac4cdf645ba331e627c39c813fbde56d60cb51a5eefe94712dae81d36,20260903T154042Z_gemini_macro_event_timing_v1,,,ET
FOMC_2021-06-16_scheduled,FOMC,2021-06-16T18:00:00+00:00,https://www.federalreserve.gov/newsevents/pressreleases/monetary20210616a.htm,23a333acbedbe43e16abece8ef91510f29b76345d1eb14840012ff00858629db,20260905T153912Z_gemini_fomc_canonical_foundation_v1,,Federal Reserve issues FOMC statement,EDT
PCE_personal-income-and-outlays-may-2021,PCE,2021-06-25T12:30:00+00:00,https://www.bea.gov/news/2021/personal-income-and-outlays-may-2021,e5671ccdb73a09a325d40fd9d094f6fa15c2e9775ef0dc79c223658ad0fb7aaa,20260905T171629Z_gemini_macro_event_integration_foundation_v1,2021-05,"Personal Income and Outlays, May 2021",EDT
EMPLOYMENT_empsit_07022021,EMPLOYMENT,2021-07-02T12:30:00Z,https://www.bls.gov/news.release/archives/empsit_07022021.htm,5635b26eff56e8aa0dbc68b9aa13ba26bea0cfe9ac2f54d8184b7d7fbcde635b,20260903T154042Z_gemini_macro_event_timing_v1,,,ET
CPI_cpi_07132021,CPI,2021-07-13T12:30:00Z,https://www.bls.gov/news.release/archives/cpi_07132021.htm,7859bd7378e4c8af049c6a7652554d100e92b5a34a5eb1708ceff3f9c5b4ec8c,20260903T154042Z_gemini_macro_event_timing_v1,,,ET
FOMC_2021-07-28_scheduled,FOMC,2021-07-28T18:00:00+00:00,https://www.federalreserve.gov/newsevents/pressreleases/monetary20210728a.htm,2d1bae80cd4a7719f5251b48abdea976c25b24bfed4a5f32770bd9f5de9f0e59,20260905T153912Z_gemini_fomc_canonical_foundation_v1,,Federal Reserve issues FOMC statement,EDT
PCE_personal-income-and-outlays-june-2021-and-annual-update,PCE,2021-07-30T12:30:00+00:00,https://www.bea.gov/news/2021/personal-income-and-outlays-june-2021-and-annual-update,096a009057329633dc3b0873c89d8556fb3aa60415df8730b705ce730b0907bd,20260905T171629Z_gemini_macro_event_integration_foundation_v1,2021-06,"Personal Income and Outlays, June 2021 and Annual Update",EDT
EMPLOYMENT_empsit_08062021,EMPLOYMENT,2021-08-06T12:30:00Z,https://www.bls.gov/news.release/archives/empsit_08062021.htm,b1f4f179457d1f1585ae3e702a7f4312237c4f42e10734a12eaa236ac8cf8875,20260903T154042Z_gemini_macro_event_timing_v1,,,ET
CPI_cpi_08112021,CPI,2021-08-11T12:30:00Z,https://www.bls.gov/news.release/archives/cpi_08112021.htm,d960fccff1dac20240e5a52c2bad13fec7c6885fb3448d98dbb6ca7164efd830,20260903T154042Z_gemini_macro_event_timing_v1,,,ET
PCE_personal-income-and-outlays-july-2021,PCE,2021-08-27T12:30:00+00:00,https://www.bea.gov/news/2021/personal-income-and-outlays-july-2021,d758092a8fb112add4dd145769c5205c79fb323ec6ec3d930251038898d5e802,20260905T171629Z_gemini_macro_event_integration_foundation_v1,2021-07,"Personal Income and Outlays, July 2021",EDT
EMPLOYMENT_empsit_09032021,EMPLOYMENT,2021-09-03T12:30:00Z,https://www.bls.gov/news.release/archives/empsit_09032021.htm,aced389f32fca91407bcc7c95804b0287589b81adbf485dbd2e69520a8dc554f,20260903T154042Z_gemini_macro_event_timing_v1,,,ET
CPI_cpi_09142021,CPI,2021-09-14T12:30:00Z,https://www.bls.gov/news.release/archives/cpi_09142021.htm,b9b9107bde86a3500e1a6ccc066fbd5ecf5096268549518c3ff5471a52bb5b4b,20260903T154042Z_gemini_macro_event_timing_v1,,,ET
FOMC_2021-09-22_scheduled,FOMC,2021-09-22T18:00:00+00:00,https://www.federalreserve.gov/newsevents/pressreleases/monetary20210922a.htm,2d8f9ced76554cd6bfa6d7bfb1e5595c7646014c3194b515931bb4e5575c636c,20260905T153912Z_gemini_fomc_canonical_foundation_v1,,Federal Reserve issues FOMC statement,EDT
PCE_personal-income-and-outlays-august-2021,PCE,2021-10-01T12:30:00+00:00,https://www.bea.gov/news/2021/personal-income-and-outlays-august-2021,cadb0090cafa90ce00a33dbe8f11ed068af1558a424dcaf474dcb43fcbc72ad2,20260905T171629Z_gemini_macro_event_integration_foundation_v1,2021-08,"Personal Income and Outlays, August 2021",EDT
EMPLOYMENT_empsit_10082021,EMPLOYMENT,2021-10-08T12:30:00Z,https://www.bls.gov/news.release/archives/empsit_10082021.htm,83f159f49af80aa0d13445e9349fcab567f601676c1a510ff60073992edc432f,20260903T154042Z_gemini_macro_event_timing_v1,,,ET
CPI_cpi_10132021,CPI,2021-10-13T12:30:00Z,https://www.bls.gov/news.release/archives/cpi_10132021.htm,d4727fa17384682e1e3862526950acc01fe02218de3c6ebc88a43cfa4100d6a4,20260903T154042Z_gemini_macro_event_timing_v1,,,ET
PCE_personal-income-and-outlays-september-2021,PCE,2021-10-29T12:30:00+00:00,https://www.bea.gov/news/2021/personal-income-and-outlays-september-2021,ecc5b373b6f6470bbd766a799f4504415c75bf6e8e40c85bcdfb2ae3315eb013,20260905T171629Z_gemini_macro_event_integration_foundation_v1,2021-09,"Personal Income and Outlays, September 2021",EDT
FOMC_2021-11-03_scheduled,FOMC,2021-11-03T18:00:00+00:00,https://www.federalreserve.gov/newsevents/pressreleases/monetary20211103a.htm,799e06536f082db19aba9e45e475b9a4f47a88dadbaf5fe0f29a0fa7e5f60023,20260905T153912Z_gemini_fomc_canonical_foundation_v1,,Federal Reserve issues FOMC statement,EDT
EMPLOYMENT_empsit_11052021,EMPLOYMENT,2021-11-05T12:30:00Z,https://www.bls.gov/news.release/archives/empsit_11052021.htm,f04896a4cf592f92a4048dc6b75f907264ef3e07d0d955c28b425176e2481222,20260903T154042Z_gemini_macro_event_timing_v1,,,ET
CPI_cpi_11102021,CPI,2021-11-10T13:30:00Z,https://www.bls.gov/news.release/archives/cpi_11102021.htm,dba1449bea39c15efdd8977ff8fda8b693be8d040633927ae4d917ff43c3774d,20260903T154042Z_gemini_macro_event_timing_v1,,,ET
PCE_personal-income-and-outlays-october-2021,PCE,2021-11-24T13:30:00+00:00,https://www.bea.gov/news/2021/personal-income-and-outlays-october-2021,d701bc0d27cdd2218f6fd2c9a1b49cd82b2124c384f6253d5383375a0ac2cd73,20260905T171629Z_gemini_macro_event_integration_foundation_v1,2021-10,"Personal Income and Outlays, October 2021",EST
EMPLOYMENT_empsit_12032021,EMPLOYMENT,2021-12-03T13:30:00Z,https://www.bls.gov/news.release/archives/empsit_12032021.htm,129ac843261eb4309664fbe2939771a311a6be4c457c5a02eb5a65bd21d08e45,20260903T154042Z_gemini_macro_event_timing_v1,,,ET
CPI_cpi_12102021,CPI,2021-12-10T13:30:00Z,https://www.bls.gov/news.release/archives/cpi_12102021.htm,e0464114ec5f7be2519b8ee669284ec502e935078d89c7d64a164da267e44bc3,20260903T154042Z_gemini_macro_event_timing_v1,,,ET
FOMC_2021-12-15_scheduled,FOMC,2021-12-15T19:00:00+00:00,https://www.federalreserve.gov/newsevents/pressreleases/monetary20211215a.htm,3b8530e2f403dc8f03d614fc750bc3564d9377c6314e4485f9c801842e970292,20260905T153912Z_gemini_fomc_canonical_foundation_v1,,Federal Reserve issues FOMC statement,EST
PCE_personal-income-and-outlays-november-2021,PCE,2021-12-23T13:30:00+00:00,https://www.bea.gov/news/2021/personal-income-and-outlays-november-2021,9cbcb6a8a9863cee8047c6ccf33da7ed96cc4878ffe6379af1eb79fe7e2adfd7,20260905T171629Z_gemini_macro_event_integration_foundation_v1,2021-11,"Personal Income and Outlays, November 2021",EST
EMPLOYMENT_empsit_01072022,EMPLOYMENT,2022-01-07T13:30:00Z,https://www.bls.gov/news.release/archives/empsit_01072022.htm,67cd93a78b49827295748dd2e5ab42e9fb04e83fe594bac4681e4fdecfb2df1a,20260903T154042Z_gemini_macro_event_timing_v1,,,ET
CPI_cpi_01122022,CPI,2022-01-12T13:30:00Z,https://www.bls.gov/news.release/archives/cpi_01122022.htm,1c58a1fa79111d1f5d2d7ba930028444c471677256d26dbf29672cba9d9d44fe,20260903T154042Z_gemini_macro_event_timing_v1,,,ET
FOMC_2022-01-26_scheduled,FOMC,2022-01-26T19:00:00+00:00,https://www.federalreserve.gov/newsevents/pressreleases/monetary20220126a.htm,90a6c6c238dd71ef8d49ec375be4812e3164cb9d446ba7840854c99fbde3ca6f,20260905T153912Z_gemini_fomc_canonical_foundation_v1,,Federal Reserve issues FOMC statement,EST
PCE_personal-income-and-outlays-december-2021,PCE,2022-01-28T13:30:00+00:00,https://www.bea.gov/news/2022/personal-income-and-outlays-december-2021,79afced585c9c630ce37efb0551bb72bcc54aa2b9db3229a64b31b0fda7a8b54,20260905T171629Z_gemini_macro_event_integration_foundation_v1,2021-12,"Personal Income and Outlays, December 2021",EST
EMPLOYMENT_empsit_02042022,EMPLOYMENT,2022-02-04T13:30:00Z,https://www.bls.gov/news.release/archives/empsit_02042022.htm,b3b066d49124e81bb8d567eb3edd963ae61bfd356f6d11f33e8d13f45f024f30,20260903T154042Z_gemini_macro_event_timing_v1,,,ET
CPI_cpi_02102022,CPI,2022-02-10T13:30:00Z,https://www.bls.gov/news.release/archives/cpi_02102022.htm,594e83805adc03fc65820d38ce93481fc9b5f412d4bd03e04d85bcf6b68a994c,20260903T154042Z_gemini_macro_event_timing_v1,,,ET
PCE_personal-income-and-outlays-january-2022,PCE,2022-02-25T13:30:00+00:00,https://www.bea.gov/news/2022/personal-income-and-outlays-january-2022,e0ef2bab62a56a85ec284187ee6597b131aac998c98c8c8733076f1d1afcdf46,20260905T171629Z_gemini_macro_event_integration_foundation_v1,2022-01,"Personal Income and Outlays, January 2022",EST
EMPLOYMENT_empsit_03042022,EMPLOYMENT,2022-03-04T13:30:00Z,https://www.bls.gov/news.release/archives/empsit_03042022.htm,a3644a6394a953c39010963f124b8bc0dc0d02303b1b32d35713d9ed8baf71c7,20260903T154042Z_gemini_macro_event_timing_v1,,,ET
CPI_cpi_03102022,CPI,2022-03-10T13:30:00Z,https://www.bls.gov/news.release/archives/cpi_03102022.htm,00d4554129f8aa814d9b8438efc5854b3cb72baf2b283ee9558018f0f66474a5,20260903T154042Z_gemini_macro_event_timing_v1,,,ET
FOMC_2022-03-16_scheduled,FOMC,2022-03-16T18:00:00+00:00,https://www.federalreserve.gov/newsevents/pressreleases/monetary20220316a.htm,46fe1c0eb5cdfbb1d744ed9f2faf34e4640a1ec4b830dff4e58794bf064308ce,20260905T153912Z_gemini_fomc_canonical_foundation_v1,,Federal Reserve issues FOMC statement,EDT
PCE_personal-income-and-outlays-february-2022,PCE,2022-03-31T12:30:00+00:00,https://www.bea.gov/news/2022/personal-income-and-outlays-february-2022,6b9d1e9970baedb1f98dd1c27dfd0cf9e9ed13ec4e864d1e133c9423ce6941af,20260905T171629Z_gemini_macro_event_integration_foundation_v1,2022-02,"Personal Income and Outlays, February 2022",EDT
EMPLOYMENT_empsit_04012022,EMPLOYMENT,2022-04-01T12:30:00Z,https://www.bls.gov/news.release/archives/empsit_04012022.htm,938bdc091ec7c0f429230f28cc5f5d75ababcc8f733bdb7172c214a6415e1dcc,20260903T154042Z_gemini_macro_event_timing_v1,,,ET
CPI_cpi_04122022,CPI,2022-04-12T12:30:00Z,https://www.bls.gov/news.release/archives/cpi_04122022.htm,42d50a01cb591f118887649e9af9aa54f3fd473686cf3500eca95b477b28c7b9,20260903T154042Z_gemini_macro_event_timing_v1,,,ET
PCE_personal-income-and-outlays-march-2022,PCE,2022-04-29T12:30:00+00:00,https://www.bea.gov/news/2022/personal-income-and-outlays-march-2022,370e7e8c656b763872dfe8fe9a839c1f9279fbc28e57b46fe58813f639c64e9c,20260905T171629Z_gemini_macro_event_integration_foundation_v1,2022-03,"Personal Income and Outlays, March 2022",EDT
FOMC_2022-05-04_scheduled,FOMC,2022-05-04T18:00:00+00:00,https://www.federalreserve.gov/newsevents/pressreleases/monetary20220504a.htm,50750a8d4f42677ef4162edd06a8889c2e5a8de26ad3caf2f017dc00f1469d58,20260905T153912Z_gemini_fomc_canonical_foundation_v1,,Federal Reserve issues FOMC statement,EDT
EMPLOYMENT_empsit_05062022,EMPLOYMENT,2022-05-06T12:30:00Z,https://www.bls.gov/news.release/archives/empsit_05062022.htm,2ff0c5c64165c803ed20e096fe9ddd19e2b48b44d3cbd66ae89dadc4c50721fa,20260903T154042Z_gemini_macro_event_timing_v1,,,ET
CPI_cpi_05112022,CPI,2022-05-11T12:30:00Z,https://www.bls.gov/news.release/archives/cpi_05112022.htm,6068d3a659694034c9aa6d7948c98fb371911ec9c7e4c83a564a5ca4928b60cd,20260903T154042Z_gemini_macro_event_timing_v1,,,ET
PCE_personal-income-and-outlays-april-2022,PCE,2022-05-27T12:30:00+00:00,https://www.bea.gov/news/2022/personal-income-and-outlays-april-2022,ce047bf2f9901b8bd3fc97bb3b0d0a4e67f86717aa45e6b474d2cdc6208f19ab,20260905T171629Z_gemini_macro_event_integration_foundation_v1,2022-04,"Personal Income and Outlays, April 2022",EDT
EMPLOYMENT_empsit_06032022,EMPLOYMENT,2022-06-03T12:30:00Z,https://www.bls.gov/news.release/archives/empsit_06032022.htm,88fab67e82fa787d7d7b282c53f3c5f168175cbbead6ef3d4e079f2838ef51cd,20260903T154042Z_gemini_macro_event_timing_v1,,,ET
CPI_cpi_06102022,CPI,2022-06-10T12:30:00Z,https://www.bls.gov/news.release/archives/cpi_06102022.htm,f3fb77be2cdbf3d6ce44b158285d361fa789ac9571670116ffb25268d6858a43,20260903T154042Z_gemini_macro_event_timing_v1,,,ET
FOMC_2022-06-15_scheduled,FOMC,2022-06-15T18:00:00+00:00,https://www.federalreserve.gov/newsevents/pressreleases/monetary20220615a.htm,2b9853888312b45befa13ed8a24aa10f6933972e8fea83675c45df455cff5bc9,20260905T153912Z_gemini_fomc_canonical_foundation_v1,,Federal Reserve issues FOMC statement,EDT
PCE_personal-income-and-outlays-may-2022,PCE,2022-06-30T12:30:00+00:00,https://www.bea.gov/news/2022/personal-income-and-outlays-may-2022,e7218be3231ae9fa0f263b95f942f7de074cfa7e3601650fe0122ce0a2ed5217,20260905T171629Z_gemini_macro_event_integration_foundation_v1,2022-05,"Personal Income and Outlays, May 2022",EDT
EMPLOYMENT_empsit_07082022,EMPLOYMENT,2022-07-08T12:30:00Z,https://www.bls.gov/news.release/archives/empsit_07082022.htm,76a005ade8b3ecc58ba72e27697bf7affb539dd781e8f16ab0355d4a0f227c4e,20260903T154042Z_gemini_macro_event_timing_v1,,,ET
CPI_cpi_07132022,CPI,2022-07-13T12:30:00Z,https://www.bls.gov/news.release/archives/cpi_07132022.htm,1903f1805855a17693580398bedf18a77b72da3cb0c85ae9c067de1899953bf7,20260903T154042Z_gemini_macro_event_timing_v1,,,ET
FOMC_2022-07-27_scheduled,FOMC,2022-07-27T18:00:00+00:00,https://www.federalreserve.gov/newsevents/pressreleases/monetary20220727a.htm,9151034d4b69d66256e61b1360e33c7f7a969eebea5eeb8dbbfe48c09f25db2b,20260905T153912Z_gemini_fomc_canonical_foundation_v1,,Federal Reserve issues FOMC statement,EDT
PCE_personal-income-and-outlays-june-2022,PCE,2022-07-29T12:30:00+00:00,https://www.bea.gov/news/2022/personal-income-and-outlays-june-2022,2a4f7ab470377023609c37dce01ea5f56b0369a2145b4ac777b84c2fdbc69146,20260905T171629Z_gemini_macro_event_integration_foundation_v1,2022-06,"Personal Income and Outlays, June 2022",EDT
EMPLOYMENT_empsit_08052022,EMPLOYMENT,2022-08-05T12:30:00Z,https://www.bls.gov/news.release/archives/empsit_08052022.htm,a6f07eae148b4d8eb20058b2d2182db898a36d4e089f609e817f8c0c10a7bee3,20260903T154042Z_gemini_macro_event_timing_v1,,,ET
CPI_cpi_08102022,CPI,2022-08-10T12:30:00Z,https://www.bls.gov/news.release/archives/cpi_08102022.htm,807dc8d1594d5edbfdce40e9012f1c9fa14ae083577ba8e25e8ee518674fc0e9,20260903T154042Z_gemini_macro_event_timing_v1,,,ET
PCE_personal-income-and-outlays-july-2022,PCE,2022-08-26T12:30:00+00:00,https://www.bea.gov/news/2022/personal-income-and-outlays-july-2022,5266bb1b873c1e57d6e79af8ee5a74e82e15b7d34a2f59b4408285f64a1edc34,20260905T171629Z_gemini_macro_event_integration_foundation_v1,2022-07,"Personal Income and Outlays, July 2022",EDT
EMPLOYMENT_empsit_09022022,EMPLOYMENT,2022-09-02T12:30:00Z,https://www.bls.gov/news.release/archives/empsit_09022022.htm,18685765cbe196302b0e47dac15a97677f503c71aa178ee6509dc23b8c2ee704,20260903T154042Z_gemini_macro_event_timing_v1,,,ET
CPI_cpi_09132022,CPI,2022-09-13T12:30:00Z,https://www.bls.gov/news.release/archives/cpi_09132022.htm,c0d7a9380f790016edacf9ff25c9c1f78ccc77028bafdbd3e71464a475419e92,20260903T154042Z_gemini_macro_event_timing_v1,,,ET
FOMC_2022-09-21_scheduled,FOMC,2022-09-21T18:00:00+00:00,https://www.federalreserve.gov/newsevents/pressreleases/monetary20220921a.htm,c309a00bb4e932765cacac504f74b3c066b41e7fa103b7f034f7f2afb87fef72,20260905T153912Z_gemini_fomc_canonical_foundation_v1,,Federal Reserve issues FOMC statement,EDT
PCE_personal-income-and-outlays-august-2022-and-annual-update,PCE,2022-09-30T12:30:00+00:00,https://www.bea.gov/news/2022/personal-income-and-outlays-august-2022-and-annual-update,6aef5ee4cbd93ebbeae83cda5eb8af892ba282c81cb7090b3dbbb3258b64b688,20260905T171629Z_gemini_macro_event_integration_foundation_v1,2022-08,"Personal Income and Outlays, August 2022 and Annual Update",EDT
EMPLOYMENT_empsit_10072022,EMPLOYMENT,2022-10-07T12:30:00Z,https://www.bls.gov/news.release/archives/empsit_10072022.htm,7ca9f958b2c369dd62159608eb9f73a2b18caba6213f27dd737f6a7c6162dbb8,20260903T154042Z_gemini_macro_event_timing_v1,,,ET
CPI_cpi_10132022,CPI,2022-10-13T12:30:00Z,https://www.bls.gov/news.release/archives/cpi_10132022.htm,0f588bdc487f8d8eb3c285c31a5d9f6b3332783e6ec0a4a7f00f52a4da71d678,20260903T154042Z_gemini_macro_event_timing_v1,,,ET
PCE_personal-income-and-outlays-september-2022,PCE,2022-10-28T12:30:00+00:00,https://www.bea.gov/news/2022/personal-income-and-outlays-september-2022,6d5b8de2239e33168452e403f46b1b613b93b1009c97230539346234c7810760,20260905T171629Z_gemini_macro_event_integration_foundation_v1,2022-09,"Personal Income and Outlays, September 2022",EDT
FOMC_2022-11-02_scheduled,FOMC,2022-11-02T18:00:00+00:00,https://www.federalreserve.gov/newsevents/pressreleases/monetary20221102a.htm,45a6e2504aa0962b020748c6a8e229998824a3b09b2d312de00b184b2f273d1a,20260905T153912Z_gemini_fomc_canonical_foundation_v1,,Federal Reserve issues FOMC statement,EDT
EMPLOYMENT_empsit_11042022,EMPLOYMENT,2022-11-04T12:30:00Z,https://www.bls.gov/news.release/archives/empsit_11042022.htm,e261f15a952e7a1c8c634870083de8aa8b88a910d01d10c0234d06cd5e312a8e,20260903T154042Z_gemini_macro_event_timing_v1,,,ET
CPI_cpi_11102022,CPI,2022-11-10T13:30:00Z,https://www.bls.gov/news.release/archives/cpi_11102022.htm,7b63bc7a078bfe43415882aa83cb5da5f7d07192d02ab5cf8ed2356cdcf3798e,20260903T154042Z_gemini_macro_event_timing_v1,,,ET
PCE_personal-income-and-outlays-october-2022,PCE,2022-12-01T13:30:00+00:00,https://www.bea.gov/news/2022/personal-income-and-outlays-october-2022,1f47c9b79f2ca06307ddc17da26ccd51baf3080494ca09050ed4cfb403e648df,20260905T171629Z_gemini_macro_event_integration_foundation_v1,2022-10,"Personal Income and Outlays, October 2022",EST
EMPLOYMENT_empsit_12022022,EMPLOYMENT,2022-12-02T13:30:00Z,https://www.bls.gov/news.release/archives/empsit_12022022.htm,5258cb3170e9aed813a078c87213f5fda1665f1c8643b503adc9e4474138b513,20260903T154042Z_gemini_macro_event_timing_v1,,,ET
CPI_cpi_12132022,CPI,2022-12-13T13:30:00Z,https://www.bls.gov/news.release/archives/cpi_12132022.htm,c1142a3659e44977e269ea57661200e3d508bf386700c262effcc2a109b782df,20260903T154042Z_gemini_macro_event_timing_v1,,,ET
FOMC_2022-12-14_scheduled,FOMC,2022-12-14T19:00:00+00:00,https://www.federalreserve.gov/newsevents/pressreleases/monetary20221214a.htm,c3750ef2db5ca85bf927c7b2e1c206df8eec779412861f1c5f74e1f5ecdde42a,20260905T153912Z_gemini_fomc_canonical_foundation_v1,,Federal Reserve issues FOMC statement,EST
PCE_personal-income-and-outlays-november-2022,PCE,2022-12-23T13:30:00+00:00,https://www.bea.gov/news/2022/personal-income-and-outlays-november-2022,116751b5325629805d90505d663eab3d4e1cff3d838e090e2d1f8dd77958ab95,20260905T171629Z_gemini_macro_event_integration_foundation_v1,2022-11,"Personal Income and Outlays, November 2022",EST
EMPLOYMENT_empsit_01062023,EMPLOYMENT,2023-01-06T13:30:00Z,https://www.bls.gov/news.release/archives/empsit_01062023.htm,8e50e59c53d5d72be1c08c0e86501e7a933469d32a51970c3cf2da95601fa1e5,20260903T154042Z_gemini_macro_event_timing_v1,,,ET
CPI_cpi_01122023,CPI,2023-01-12T13:30:00Z,https://www.bls.gov/news.release/archives/cpi_01122023.htm,499497984f419ab8df6f67a6740509729242cc048107d7cd63f087d5216b9467,20260903T154042Z_gemini_macro_event_timing_v1,,,ET
PCE_personal-income-and-outlays-december-2022,PCE,2023-01-27T13:30:00+00:00,https://www.bea.gov/news/2023/personal-income-and-outlays-december-2022,9dc9f6c6075b7122362386c5dbbacfc99a23c0f961a7f75ccd75e5883e82d406,20260905T171629Z_gemini_macro_event_integration_foundation_v1,2022-12,"Personal Income and Outlays, December 2022",EST
FOMC_2023-02-01_scheduled,FOMC,2023-02-01T19:00:00+00:00,https://www.federalreserve.gov/newsevents/pressreleases/monetary20230201a.htm,f4951d766c3514f35a864ddbe46959ca702011699d61efab5c5285e63da4fa84,20260905T153912Z_gemini_fomc_canonical_foundation_v1,,Federal Reserve issues FOMC statement,EST
EMPLOYMENT_empsit_02032023,EMPLOYMENT,2023-02-03T13:30:00Z,https://www.bls.gov/news.release/archives/empsit_02032023.htm,b45ea39fc0df33a5501a79d1dfbbbea57376bda28c223db72ce98e26708266a5,20260903T154042Z_gemini_macro_event_timing_v1,,,ET
CPI_cpi_02142023,CPI,2023-02-14T13:30:00Z,https://www.bls.gov/news.release/archives/cpi_02142023.htm,5981cc5faf9306b5cf4f85865a981c31d5832987e9e1c4c602469581f2a49b55,20260903T154042Z_gemini_macro_event_timing_v1,,,ET
PCE_personal-income-and-outlays-january-2023,PCE,2023-02-24T13:30:00+00:00,https://www.bea.gov/news/2023/personal-income-and-outlays-january-2023,a2d52885e3f8cd687df2577d03a42e14754d1735a56b3b6559a9d6b55e3e7957,20260905T171629Z_gemini_macro_event_integration_foundation_v1,2023-01,"Personal Income and Outlays, January 2023",EST
EMPLOYMENT_empsit_03102023,EMPLOYMENT,2023-03-10T13:30:00Z,https://www.bls.gov/news.release/archives/empsit_03102023.htm,078ce413091b8056bb0fba78309c0457d234e0606890091afa7ea3968bd29cb4,20260903T154042Z_gemini_macro_event_timing_v1,,,ET
CPI_cpi_03142023,CPI,2023-03-14T12:30:00Z,https://www.bls.gov/news.release/archives/cpi_03142023.htm,8660ff792a47dd6102bfbfef0f5eabdf3bf270eaa0dfa65bc3df73554a8acf11,20260903T154042Z_gemini_macro_event_timing_v1,,,ET
FOMC_2023-03-22_scheduled,FOMC,2023-03-22T18:00:00+00:00,https://www.federalreserve.gov/newsevents/pressreleases/monetary20230322a.htm,e8ec6639a9f25ed114d73b8edfa080d7d3ed15139ad4d583877c5eb318232aa2,20260905T153912Z_gemini_fomc_canonical_foundation_v1,,Federal Reserve issues FOMC statement,EDT
PCE_personal-income-and-outlays-february-2023,PCE,2023-03-31T12:30:00+00:00,https://www.bea.gov/news/2023/personal-income-and-outlays-february-2023,9fa4a60bc59411e66216dc63e0fbdeaebed26683a0057286c59f76df783e2565,20260905T171629Z_gemini_macro_event_integration_foundation_v1,2023-02,"Personal Income and Outlays, February 2023",EDT
EMPLOYMENT_empsit_04072023,EMPLOYMENT,2023-04-07T12:30:00Z,https://www.bls.gov/news.release/archives/empsit_04072023.htm,b4f91ec7e865a9fe31110d0ab37cd2445cec832cdd1eb4ff5952aa22659b7520,20260903T154042Z_gemini_macro_event_timing_v1,,,ET
CPI_cpi_04122023,CPI,2023-04-12T12:30:00Z,https://www.bls.gov/news.release/archives/cpi_04122023.htm,da459f694383849548462d8d7925820791b731cf401619fefc764a2baea521f9,20260903T154042Z_gemini_macro_event_timing_v1,,,ET
PCE_personal-income-and-outlays-march-2023,PCE,2023-04-28T12:30:00+00:00,https://www.bea.gov/news/2023/personal-income-and-outlays-march-2023,9f6c83cee24ad7e8d163ccbf8dbde5484e1a7a012e35b0201742726b6e898fb6,20260905T171629Z_gemini_macro_event_integration_foundation_v1,2023-03,"Personal Income and Outlays, March 2023",EDT
FOMC_2023-05-03_scheduled,FOMC,2023-05-03T18:00:00+00:00,https://www.federalreserve.gov/newsevents/pressreleases/monetary20230503a.htm,4c494822b54d04738e7a06d46aa444f2c6428359b8cf8ff42c44e66872887f48,20260905T153912Z_gemini_fomc_canonical_foundation_v1,,Federal Reserve issues FOMC statement,EDT
EMPLOYMENT_empsit_05052023,EMPLOYMENT,2023-05-05T12:30:00Z,https://www.bls.gov/news.release/archives/empsit_05052023.htm,31e39b0cf2d6b1f80f0e3bd3a3d64442e9000acc1070329009c790116ceed0a0,20260903T154042Z_gemini_macro_event_timing_v1,,,ET
CPI_cpi_05102023,CPI,2023-05-10T12:30:00Z,https://www.bls.gov/news.release/archives/cpi_05102023.htm,fb3a7359c1e3c5108585db3b9a6062773a36b3c009149a02728ca120129f3a42,20260903T154042Z_gemini_macro_event_timing_v1,,,ET
PCE_personal-income-and-outlays-april-2023,PCE,2023-05-26T12:30:00+00:00,https://www.bea.gov/news/2023/personal-income-and-outlays-april-2023,16f5c13d8531b9f87c68dcb6fcbf13139ef9548a063bf1669cf927da82146501,20260905T171629Z_gemini_macro_event_integration_foundation_v1,2023-04,"Personal Income and Outlays, April 2023",EDT
EMPLOYMENT_empsit_06022023,EMPLOYMENT,2023-06-02T12:30:00Z,https://www.bls.gov/news.release/archives/empsit_06022023.htm,616e658eb41e3bfad1c58f7a100d3223fa5132f830532d7a50fcd5dfb4906ffe,20260903T154042Z_gemini_macro_event_timing_v1,,,ET
CPI_cpi_06132023,CPI,2023-06-13T12:30:00Z,https://www.bls.gov/news.release/archives/cpi_06132023.htm,fd0bab2e3a5d840db0436f881bce63e762416c254ba35eb7647467c2c13db63d,20260903T154042Z_gemini_macro_event_timing_v1,,,ET
FOMC_2023-06-14_scheduled,FOMC,2023-06-14T18:00:00+00:00,https://www.federalreserve.gov/newsevents/pressreleases/monetary20230614a.htm,e33d4a474c2a6e127c1e85ec7286668f7aca0422d18793e6c8f0591ad5091c17,20260905T153912Z_gemini_fomc_canonical_foundation_v1,,Federal Reserve issues FOMC statement,EDT
PCE_personal-income-and-outlays-may-2023,PCE,2023-06-30T12:30:00+00:00,https://www.bea.gov/news/2023/personal-income-and-outlays-may-2023,2629177a741d245b2374850e971af5d6db38e303755a64ac9828c5baa9170e08,20260905T171629Z_gemini_macro_event_integration_foundation_v1,2023-05,"Personal Income and Outlays, May 2023",EDT
EMPLOYMENT_empsit_07072023,EMPLOYMENT,2023-07-07T12:30:00Z,https://www.bls.gov/news.release/archives/empsit_07072023.htm,019cc414a2170f482ecc28cdbbfc0477508825e03cea9c6f83aef7ad875f2527,20260903T154042Z_gemini_macro_event_timing_v1,,,ET
CPI_cpi_07122023,CPI,2023-07-12T12:30:00Z,https://www.bls.gov/news.release/archives/cpi_07122023.htm,7b762c579ac8da5b0d978aa33df0df0e7119fd3c4feeda2243d0e22e11803ada,20260903T154042Z_gemini_macro_event_timing_v1,,,ET
FOMC_2023-07-26_scheduled,FOMC,2023-07-26T18:00:00+00:00,https://www.federalreserve.gov/newsevents/pressreleases/monetary20230726a.htm,94083dd765a045711e2afefd2151564591d463977db5b367ed0ae8188d4b2ab5,20260905T153912Z_gemini_fomc_canonical_foundation_v1,,Federal Reserve issues FOMC statement,EDT
PCE_personal-income-and-outlays-june-2023,PCE,2023-07-28T12:30:00+00:00,https://www.bea.gov/news/2023/personal-income-and-outlays-june-2023,4816c10fab98a86e1dcd0ae1ea5e7a79805698ac18d61252a18d800a571a4278,20260905T171629Z_gemini_macro_event_integration_foundation_v1,2023-06,"Personal Income and Outlays, June 2023",EDT
EMPLOYMENT_empsit_08042023,EMPLOYMENT,2023-08-04T12:30:00Z,https://www.bls.gov/news.release/archives/empsit_08042023.htm,cfd21a70d0b8a2adba4abee4450df2a339db43629ddfb438652776116d23a4c2,20260903T154042Z_gemini_macro_event_timing_v1,,,ET
CPI_cpi_08102023,CPI,2023-08-10T12:30:00Z,https://www.bls.gov/news.release/archives/cpi_08102023.htm,c21a6de3e6e8bb311d1214d4b0c6452106ea4737b09e002a8f6cb7ce76267f87,20260903T154042Z_gemini_macro_event_timing_v1,,,ET
PCE_personal-income-and-outlays-july-2023,PCE,2023-08-31T12:30:00+00:00,https://www.bea.gov/news/2023/personal-income-and-outlays-july-2023,e0f3041e668fec07d5f62124d297d732bd89105a79cbfc31a4db16e422c4da7e,20260905T171629Z_gemini_macro_event_integration_foundation_v1,2023-07,"Personal Income and Outlays, July 2023",EDT
EMPLOYMENT_empsit_09012023,EMPLOYMENT,2023-09-01T12:30:00Z,https://www.bls.gov/news.release/archives/empsit_09012023.htm,930f2ccc198ae8ad36b3efb2b03b2f7e6c3ce0653200c6cd5b90320d041c89d3,20260903T154042Z_gemini_macro_event_timing_v1,,,ET
CPI_cpi_09132023,CPI,2023-09-13T12:30:00Z,https://www.bls.gov/news.release/archives/cpi_09132023.htm,7c884dcf53513f0a75734036492b4007a5aa950032be11321b6fa997028bc52c,20260903T154042Z_gemini_macro_event_timing_v1,,,ET
FOMC_2023-09-20_scheduled,FOMC,2023-09-20T18:00:00+00:00,https://www.federalreserve.gov/newsevents/pressreleases/monetary20230920a.htm,0000a3424a18c158d73123bc7e148c6a259c21870fb217bb112f2ad1c61bbfca,20260905T153912Z_gemini_fomc_canonical_foundation_v1,,Federal Reserve issues FOMC statement,EDT
PCE_personal-income-and-outlays-august-2023,PCE,2023-09-29T12:30:00+00:00,https://www.bea.gov/news/2023/personal-income-and-outlays-august-2023,c8ffb3f9fb99941dcac8411f434361174e03b483e5da7a00f03e3d956a561061,20260905T171629Z_gemini_macro_event_integration_foundation_v1,2023-08,"Personal Income and Outlays, August 2023",EDT
EMPLOYMENT_empsit_10062023,EMPLOYMENT,2023-10-06T12:30:00Z,https://www.bls.gov/news.release/archives/empsit_10062023.htm,4ddb8dbecb1aef917c895534927f9a2b46837bd2b9ab3c499e5dcd91d0087c2c,20260903T154042Z_gemini_macro_event_timing_v1,,,ET
CPI_cpi_10122023,CPI,2023-10-12T12:30:00Z,https://www.bls.gov/news.release/archives/cpi_10122023.htm,2781e936e37cece09f727b9ea841374e4fa65b310352afc32051c48c6447f84e,20260903T154042Z_gemini_macro_event_timing_v1,,,ET
PCE_personal-income-and-outlays-september-2023,PCE,2023-10-27T12:30:00+00:00,https://www.bea.gov/news/2023/personal-income-and-outlays-september-2023,c3b649f8c9bb7926785cec2a7f44e01d604b14bf24386b415ae28f3f9ad7322f,20260905T171629Z_gemini_macro_event_integration_foundation_v1,2023-09,"Personal Income and Outlays, September 2023",EDT
FOMC_2023-11-01_scheduled,FOMC,2023-11-01T18:00:00+00:00,https://www.federalreserve.gov/newsevents/pressreleases/monetary20231101a.htm,a6042568e1c4f140439edfdde21cc1d7715c88aee44c5ae334e5b2ffb3675011,20260905T153912Z_gemini_fomc_canonical_foundation_v1,,Federal Reserve issues FOMC statement,EDT
EMPLOYMENT_empsit_11032023,EMPLOYMENT,2023-11-03T12:30:00Z,https://www.bls.gov/news.release/archives/empsit_11032023.htm,a29c639524542a3bc452bfeabc212bfa1c14da92db3250c35188707156c7c96f,20260903T154042Z_gemini_macro_event_timing_v1,,,ET
CPI_cpi_11142023,CPI,2023-11-14T13:30:00Z,https://www.bls.gov/news.release/archives/cpi_11142023.htm,fb0828e5ba89c1313470d1c4026bf7ecaf8b9577a4e1dd4312f44a46bbd42765,20260903T154042Z_gemini_macro_event_timing_v1,,,ET
PCE_personal-income-and-outlays-october-2023,PCE,2023-11-30T13:30:00+00:00,https://www.bea.gov/news/2023/personal-income-and-outlays-october-2023,30ee50661dfe3521f1b66043fc3adfcc97e2c3ec41b02f6227b6505a0bcf64c4,20260905T171629Z_gemini_macro_event_integration_foundation_v1,2023-10,"Personal Income and Outlays, October 2023",EST
EMPLOYMENT_empsit_12082023,EMPLOYMENT,2023-12-08T13:30:00Z,https://www.bls.gov/news.release/archives/empsit_12082023.htm,35e7faa52bc0f2530ff9ae1edaf033edccca9d228573e5513981907b805022ba,20260903T154042Z_gemini_macro_event_timing_v1,,,ET
CPI_cpi_12122023,CPI,2023-12-12T13:30:00Z,https://www.bls.gov/news.release/archives/cpi_12122023.htm,6cc6db73dadc1aa2744628df86a8b679567f5f4f9a792336885ba9e66fae9c5f,20260903T154042Z_gemini_macro_event_timing_v1,,,ET
FOMC_2023-12-13_scheduled,FOMC,2023-12-13T19:00:00+00:00,https://www.federalreserve.gov/newsevents/pressreleases/monetary20231213a.htm,5e938748c29cc6a3c2db97359953991f327d53532e3511f2bce95cd32779b7fd,20260905T153912Z_gemini_fomc_canonical_foundation_v1,,Federal Reserve issues FOMC statement,EST
PCE_personal-income-and-outlays-november-2023,PCE,2023-12-22T13:30:00+00:00,https://www.bea.gov/news/2023/personal-income-and-outlays-november-2023,98cc69272888d3f280c27bdae3fd10d034f016c8c5284a73b126d28dbd09f1cf,20260905T171629Z_gemini_macro_event_integration_foundation_v1,2023-11,"Personal Income and Outlays, November 2023",EST
EMPLOYMENT_empsit_01052024,EMPLOYMENT,2024-01-05T13:30:00Z,https://www.bls.gov/news.release/archives/empsit_01052024.htm,faba00ecc133d6fdad2b848600359c8360322b406fe1b45680c3e67fa289cdd8,20260903T154042Z_gemini_macro_event_timing_v1,,,ET
CPI_cpi_01112024,CPI,2024-01-11T13:30:00Z,https://www.bls.gov/news.release/archives/cpi_01112024.htm,1038c83ecffd9f69d33a12c00afcafe9e944edd7bfddc5ada59f08b9942cd908,20260903T154042Z_gemini_macro_event_timing_v1,,,ET
PCE_personal-income-and-outlays-december-2023,PCE,2024-01-26T13:30:00+00:00,https://www.bea.gov/news/2024/personal-income-and-outlays-december-2023,42953efd9d3ac6db7bbbcfba18ceae41019a24adb83a98e30bb120998458541c,20260905T171629Z_gemini_macro_event_integration_foundation_v1,2023-12,"Personal Income and Outlays, December 2023",EST
FOMC_2024-01-31_scheduled,FOMC,2024-01-31T19:00:00+00:00,https://www.federalreserve.gov/newsevents/pressreleases/monetary20240131a.htm,fae2dc6fe0847745371f64bf7b821cd9504d1e783e0d158d94834456f1e6eead,20260905T153912Z_gemini_fomc_canonical_foundation_v1,,Federal Reserve issues FOMC statement,EST
EMPLOYMENT_empsit_02022024,EMPLOYMENT,2024-02-02T13:30:00Z,https://www.bls.gov/news.release/archives/empsit_02022024.htm,2070e01fa9e7aa7fa2bf422c6df052585574599eee843037f0ade96bf1db61f6,20260903T154042Z_gemini_macro_event_timing_v1,,,ET
CPI_cpi_02132024,CPI,2024-02-13T13:30:00Z,https://www.bls.gov/news.release/archives/cpi_02132024.htm,342dd114af6554bfb38e09a6e88327d48949e57abaed4179fb82ffc34edb9f9b,20260903T154042Z_gemini_macro_event_timing_v1,,,ET
PCE_personal-income-and-outlays-january-2024,PCE,2024-02-29T13:30:00+00:00,https://www.bea.gov/news/2024/personal-income-and-outlays-january-2024,7e5e89787bea779bf3f5f6ef87f4397956f6d30a90452c1ec66c31fe94a725be,20260905T171629Z_gemini_macro_event_integration_foundation_v1,2024-01,"Personal Income and Outlays, January 2024",EST
EMPLOYMENT_empsit_03082024,EMPLOYMENT,2024-03-08T13:30:00Z,https://www.bls.gov/news.release/archives/empsit_03082024.htm,1fd3e877e67754f4e9c23443d036df15463bb5b92b63cf5aa0326b96e852fa5a,20260903T154042Z_gemini_macro_event_timing_v1,,,ET
CPI_cpi_03122024,CPI,2024-03-12T12:30:00Z,https://www.bls.gov/news.release/archives/cpi_03122024.htm,f7e95863de9cc75da6b6bccd3c153b6b319f9e21da4d07de9625dca6facf8e0a,20260903T154042Z_gemini_macro_event_timing_v1,,,ET
FOMC_2024-03-20_scheduled,FOMC,2024-03-20T18:00:00+00:00,https://www.federalreserve.gov/newsevents/pressreleases/monetary20240320a.htm,54ce24042241507439a0dcb6b33ed93daf170a55908466e6d83992a3e5570cd0,20260905T153912Z_gemini_fomc_canonical_foundation_v1,,Federal Reserve issues FOMC statement,EDT
PCE_personal-income-and-outlays-february-2024,PCE,2024-03-29T12:30:00+00:00,https://www.bea.gov/news/2024/personal-income-and-outlays-february-2024,427fed3a2bc4bf3b15b5305b3eeb6eb849a500a280c07619f07c19ab73575c0f,20260905T171629Z_gemini_macro_event_integration_foundation_v1,2024-02,"Personal Income and Outlays, February 2024",EDT
EMPLOYMENT_empsit_04052024,EMPLOYMENT,2024-04-05T12:30:00Z,https://www.bls.gov/news.release/archives/empsit_04052024.htm,ff85602d391e16412ed4b540c4f02efef92dc5a92314acd809b718f6fd21e33e,20260903T154042Z_gemini_macro_event_timing_v1,,,ET
CPI_cpi_04102024,CPI,2024-04-10T12:30:00Z,https://www.bls.gov/news.release/archives/cpi_04102024.htm,04370e66ff51dc44097554bf7209d689aad737f946b990f1408a77f3135a017b,20260903T154042Z_gemini_macro_event_timing_v1,,,ET
PCE_personal-income-and-outlays-march-2024,PCE,2024-04-26T12:30:00+00:00,https://www.bea.gov/news/2024/personal-income-and-outlays-march-2024,c059a6fe031fc2125913aaa7800ddc32b9bcb535e11ce25786ece8d9d24a042d,20260905T171629Z_gemini_macro_event_integration_foundation_v1,2024-03,"Personal Income and Outlays, March 2024",EDT
FOMC_2024-05-01_scheduled,FOMC,2024-05-01T18:00:00+00:00,https://www.federalreserve.gov/newsevents/pressreleases/monetary20240501a.htm,db262c83bb9115896110d851c83a01fcbe1956ef5d358136bea55e4bbb076326,20260905T153912Z_gemini_fomc_canonical_foundation_v1,,Federal Reserve issues FOMC statement,EDT
EMPLOYMENT_empsit_05032024,EMPLOYMENT,2024-05-03T12:30:00Z,https://www.bls.gov/news.release/archives/empsit_05032024.htm,6b11f4b6ffccb7df9e71e8e96c551e24423ce8a17f9089d3dd478047a7012f05,20260903T154042Z_gemini_macro_event_timing_v1,,,ET
CPI_cpi_05152024,CPI,2024-05-15T12:30:00Z,https://www.bls.gov/news.release/archives/cpi_05152024.htm,2be32c82e99921d31f94c7e218a7a85065df0ed0b085121079a8859714820211,20260903T154042Z_gemini_macro_event_timing_v1,,,ET
PCE_personal-income-and-outlays-april-2024,PCE,2024-05-31T12:30:00+00:00,https://www.bea.gov/news/2024/personal-income-and-outlays-april-2024,9aaccf4392427836416664cb2386256f157d3cb6e9d1888ea875482e150c4a64,20260905T171629Z_gemini_macro_event_integration_foundation_v1,2024-04,"Personal Income and Outlays, April 2024",EDT
EMPLOYMENT_empsit_06072024,EMPLOYMENT,2024-06-07T12:30:00Z,https://www.bls.gov/news.release/archives/empsit_06072024.htm,e8187078947a3005e9b035bf53069a7a9737135af09e1e382d42cc71b7a72d5d,20260903T154042Z_gemini_macro_event_timing_v1,,,ET
CPI_cpi_06122024,CPI,2024-06-12T12:30:00Z,https://www.bls.gov/news.release/archives/cpi_06122024.htm,c9fe8fa8d02b82e671fec2db8ca46a44c7184ae77fbadcb11d4e20bad57963a7,20260903T154042Z_gemini_macro_event_timing_v1,,,ET
FOMC_2024-06-12_scheduled,FOMC,2024-06-12T18:00:00+00:00,https://www.federalreserve.gov/newsevents/pressreleases/monetary20240612a.htm,fca72ee6f39945cdfb18d48caf5d39f690f4f486c254984b5b871340bbb312eb,20260905T153912Z_gemini_fomc_canonical_foundation_v1,,Federal Reserve issues FOMC statement,EDT
PCE_personal-income-and-outlays-may-2024,PCE,2024-06-28T12:30:00+00:00,https://www.bea.gov/news/2024/personal-income-and-outlays-may-2024,e2fdf42e3636c82dfb75cc301177a269a5ed9108ada725ad314dd586b8594e93,20260905T171629Z_gemini_macro_event_integration_foundation_v1,2024-05,"Personal Income and Outlays, May 2024",EDT
EMPLOYMENT_empsit_07052024,EMPLOYMENT,2024-07-05T12:30:00Z,https://www.bls.gov/news.release/archives/empsit_07052024.htm,a559c5eda40121538323ddb42e636a1ec9746c48257510cd735304f5b783d30d,20260903T154042Z_gemini_macro_event_timing_v1,,,ET
CPI_cpi_07112024,CPI,2024-07-11T12:30:00Z,https://www.bls.gov/news.release/archives/cpi_07112024.htm,1f1d9774f8cdb1686c8ccf9b5ee0d6e31b900a8cb9f69ceebab62b5590d93922,20260903T154042Z_gemini_macro_event_timing_v1,,,ET
PCE_personal-income-and-outlays-june-2024,PCE,2024-07-26T12:30:00+00:00,https://www.bea.gov/news/2024/personal-income-and-outlays-june-2024,4ed180de295eb33995bd4953d8a5838ce5533b17a2287929431e75a102d0e7ed,20260905T171629Z_gemini_macro_event_integration_foundation_v1,2024-06,"Personal Income and Outlays, June 2024",EDT
FOMC_2024-07-31_scheduled,FOMC,2024-07-31T18:00:00+00:00,https://www.federalreserve.gov/newsevents/pressreleases/monetary20240731a.htm,baa4335c4275c1e2b35b9b1dd84048898094130ecc40041928fd817a83568844,20260905T153912Z_gemini_fomc_canonical_foundation_v1,,Federal Reserve issues FOMC statement,EDT
EMPLOYMENT_empsit_08022024,EMPLOYMENT,2024-08-02T12:30:00Z,https://www.bls.gov/news.release/archives/empsit_08022024.htm,988a6be18a8aed1bb3a77edd826160b008ab1c8f81c447b364957a7d7b33ef2f,20260903T154042Z_gemini_macro_event_timing_v1,,,ET
CPI_cpi_08142024,CPI,2024-08-14T12:30:00Z,https://www.bls.gov/news.release/archives/cpi_08142024.htm,143ab49b95eadfac80a2059adf4397c85a288818d9a5241638c3db106e00e9ce,20260903T154042Z_gemini_macro_event_timing_v1,,,ET
PCE_personal-income-and-outlays-july-2024,PCE,2024-08-30T12:30:00+00:00,https://www.bea.gov/news/2024/personal-income-and-outlays-july-2024,6addb1e6b9289bafb2980be51110d8ab3b56ab51e8937913146289b857bb9cb4,20260905T171629Z_gemini_macro_event_integration_foundation_v1,2024-07,"Personal Income and Outlays, July 2024",EDT
EMPLOYMENT_empsit_09062024,EMPLOYMENT,2024-09-06T12:30:00Z,https://www.bls.gov/news.release/archives/empsit_09062024.htm,2cf2139b767f987cda9b9e5ae713e231108a31237422eaeb46ed69cb0d2a3c94,20260903T154042Z_gemini_macro_event_timing_v1,,,ET
CPI_cpi_09112024,CPI,2024-09-11T12:30:00Z,https://www.bls.gov/news.release/archives/cpi_09112024.htm,4937ea1816e0f3cbc27f3c7d01c6291891d0a4dd527344b9a729f3969d3d94f8,20260903T154042Z_gemini_macro_event_timing_v1,,,ET
FOMC_2024-09-18_scheduled,FOMC,2024-09-18T18:00:00+00:00,https://www.federalreserve.gov/newsevents/pressreleases/monetary20240918a.htm,a0e00e043244fa12c187f4333497e27518eedabb2131a481ee9f54fceaa042cf,20260905T153912Z_gemini_fomc_canonical_foundation_v1,,Federal Reserve issues FOMC statement,EDT
PCE_personal-income-and-outlays-august-2024,PCE,2024-09-27T12:30:00+00:00,https://www.bea.gov/news/2024/personal-income-and-outlays-august-2024,845e43663d5a8aa1e7aebd4aa956781e2a67c834b9e2e6fab881a9b9e2612e18,20260905T171629Z_gemini_macro_event_integration_foundation_v1,2024-08,"Personal Income and Outlays, August 2024",EDT
EMPLOYMENT_empsit_10042024,EMPLOYMENT,2024-10-04T12:30:00Z,https://www.bls.gov/news.release/archives/empsit_10042024.htm,377514397be08b918d9b414ceb8cac00c1d2474330b28024ab226622e7668c5e,20260903T154042Z_gemini_macro_event_timing_v1,,,ET
CPI_cpi_10102024,CPI,2024-10-10T12:30:00Z,https://www.bls.gov/news.release/archives/cpi_10102024.htm,1cb273463c6279397c7e44d8c1af05274be1c59639f952d0999f2790437109f6,20260903T154042Z_gemini_macro_event_timing_v1,,,ET
PCE_personal-income-and-outlays-september-2024,PCE,2024-10-31T12:30:00+00:00,https://www.bea.gov/news/2024/personal-income-and-outlays-september-2024,a1009fdd7b917f731f509309e0d9324dad36f52551b11802309052b2e4c3d366,20260905T171629Z_gemini_macro_event_integration_foundation_v1,2024-09,"Personal Income and Outlays, September 2024",EDT
EMPLOYMENT_empsit_11012024,EMPLOYMENT,2024-11-01T12:30:00Z,https://www.bls.gov/news.release/archives/empsit_11012024.htm,89d29e0c9dfd0906943784ad9e34e3f15469837572db4c48a50f1c53e7c28c34,20260903T154042Z_gemini_macro_event_timing_v1,,,ET
FOMC_2024-11-07_scheduled,FOMC,2024-11-07T19:00:00+00:00,https://www.federalreserve.gov/newsevents/pressreleases/monetary20241107a.htm,246b7cb1839eb5de17e077b7bdf750a93fc1d56c41303d6c988cb2c94505eac1,20260905T153912Z_gemini_fomc_canonical_foundation_v1,,Federal Reserve issues FOMC statement,EST
CPI_cpi_11132024,CPI,2024-11-13T13:30:00Z,https://www.bls.gov/news.release/archives/cpi_11132024.htm,41724c8999895328487a8a82db07e6351c6f8241813446c2e70c7eab1c551596,20260903T154042Z_gemini_macro_event_timing_v1,,,ET
PCE_personal-income-and-outlays-october-2024,PCE,2024-11-27T15:00:00+00:00,https://www.bea.gov/news/2024/personal-income-and-outlays-october-2024,1262c00f6667be8210dfb5ae14279f1266f0065ab805b7523b6a463107401fa5,20260905T171629Z_gemini_macro_event_integration_foundation_v1,2024-10,"Personal Income and Outlays, October 2024",EST
EMPLOYMENT_empsit_12062024,EMPLOYMENT,2024-12-06T13:30:00Z,https://www.bls.gov/news.release/archives/empsit_12062024.htm,7318f6ed97a61ebcd355ee49e9094480298fe225609bf5d474f0dae170b9d6ee,20260903T154042Z_gemini_macro_event_timing_v1,,,ET
CPI_cpi_12112024,CPI,2024-12-11T13:30:00Z,https://www.bls.gov/news.release/archives/cpi_12112024.htm,f83fa3e7e82e2bbb48f4a40224c5b4c831fcdd231bd30088377605ebda50222b,20260903T154042Z_gemini_macro_event_timing_v1,,,ET
FOMC_2024-12-18_scheduled,FOMC,2024-12-18T19:00:00+00:00,https://www.federalreserve.gov/newsevents/pressreleases/monetary20241218a.htm,705e10f490e9c2fad361a1441addbaa9aa22e32f3b57e747a75cf47d856ce7c9,20260905T153912Z_gemini_fomc_canonical_foundation_v1,,Federal Reserve issues FOMC statement,EST
PCE_personal-income-and-outlays-november-2024,PCE,2024-12-20T13:30:00+00:00,https://www.bea.gov/news/2024/personal-income-and-outlays-november-2024,14587226a039c130ad94b26e9665489596b6bfa071603cac4d23654e02e37dd6,20260905T171629Z_gemini_macro_event_integration_foundation_v1,2024-11,"Personal Income and Outlays, November 2024",EST
