match_type,c0_trade_id,c1_trade_id,c0_entry_time,c1_entry_time,entry_delta_minutes,c0_net_r,c1_net_r,outcome_sign_changed
exact_common_entry,C0_legacy_label_S5_000564,C1_execution_aligned_label_S5_000470,2020-11-18T03:14:00,2020-11-18T03:14:00,0.0,0.6343943412908859,0.6343943412908859,False
exact_common_entry,C0_legacy_label_S5_000690,C1_execution_aligned_label_S5_000507,2021-11-29T01:11:00,2021-11-29T01:11:00,0.0,0.7151837524177886,0.7151837524177886,False
exact_common_entry,C0_legacy_label_S5_000714,C1_execution_aligned_label_S5_000512,2022-05-13T01:35:00,2022-05-13T01:35:00,0.0,0.6683271294065907,0.6683271294065907,False
exact_common_entry,C0_legacy_label_S5_000815,C1_execution_aligned_label_S5_000579,2024-04-23T04:47:00,2024-04-23T04:47:00,0.0,-1.008470064372498,-1.008470064372498,False
changed_entry_within_90m_nearest_greedy,C0_legacy_label_S5_000200,C1_execution_aligned_label_S5_000019,2018-08-16T03:56:00,2018-08-16T03:55:00,-1.0,0.5567622446468127,0.5764030902067732,False
changed_entry_within_90m_nearest_greedy,C0_legacy_label_S5_000419,C1_execution_aligned_label_S5_000027,2019-05-01T01:01:00,2019-05-01T01:37:00,36.0,-1.0581395348836153,0.3908045977012435,True
changed_entry_within_90m_nearest_greedy,C0_legacy_label_S5_000494,C1_execution_aligned_label_S5_000081,2019-10-08T03:27:00,2019-10-08T04:06:00,39.0,-1.061728395061616,0.9132325533236462,True
changed_entry_within_90m_nearest_greedy,C0_legacy_label_S5_000495,C1_execution_aligned_label_S5_000082,2019-10-08T04:09:00,2019-10-08T04:10:00,1.0,0.7957486136783654,-1.0308533145275556,True
changed_entry_within_90m_nearest_greedy,C0_legacy_label_S5_000561,C1_execution_aligned_label_S5_000448,2020-10-14T04:28:00,2020-10-14T04:29:00,1.0,0.6236565353056865,0.6295757304377347,False
changed_entry_within_90m_nearest_greedy,C0_legacy_label_S5_000562,C1_execution_aligned_label_S5_000449,2020-10-14T04:35:00,2020-10-14T04:37:00,2.0,0.6067245938798316,0.5913520097441879,False
changed_entry_within_90m_nearest_greedy,C0_legacy_label_S5_000565,C1_execution_aligned_label_S5_000475,2020-11-24T03:22:00,2020-11-24T03:33:00,11.0,0.6435137895812127,-1.0238549618320454,True
changed_entry_within_90m_nearest_greedy,C0_legacy_label_S5_000570,C1_execution_aligned_label_S5_000501,2021-01-18T01:37:00,2021-01-18T01:49:00,12.0,-1.0114573785518006,-1.0083876533742375,False
changed_entry_within_90m_nearest_greedy,C0_legacy_label_S5_000571,C1_execution_aligned_label_S5_000502,2021-02-17T01:11:00,2021-02-17T01:12:00,1.0,0.608078760677552,0.5893082643468313,False
changed_entry_within_90m_nearest_greedy,C0_legacy_label_S5_000587,C1_execution_aligned_label_S5_000503,2021-06-04T03:22:00,2021-06-04T04:14:00,52.0,-1.0397998635433143,-1.026435045317203,False
changed_entry_within_90m_nearest_greedy,C0_legacy_label_S5_000622,C1_execution_aligned_label_S5_000505,2021-08-09T01:31:00,2021-08-09T01:32:00,1.0,-1.025104002295168,-1.024780515434725,False
changed_entry_within_90m_nearest_greedy,C0_legacy_label_S5_000653,C1_execution_aligned_label_S5_000506,2021-09-23T23:28:00,2021-09-23T23:27:00,-1.0,-1.0242415847069886,-1.0256185038793169,False
changed_entry_within_90m_nearest_greedy,C0_legacy_label_S5_000730,C1_execution_aligned_label_S5_000515,2022-07-11T01:08:00,2022-07-11T01:09:00,1.0,0.6925507149983481,0.6813063063063238,False
changed_entry_within_90m_nearest_greedy,C0_legacy_label_S5_000731,C1_execution_aligned_label_S5_000517,2022-07-12T04:26:00,2022-07-12T04:25:00,-1.0,0.7196589769308265,0.6752761786214687,False
changed_entry_within_90m_nearest_greedy,C0_legacy_label_S5_000817,C1_execution_aligned_label_S5_000590,2024-05-23T04:33:00,2024-05-23T04:17:00,-16.0,0.6913455630651064,-1.0182882223847463,True
changed_entry_within_90m_nearest_greedy,C0_legacy_label_S5_000819,C1_execution_aligned_label_S5_000598,2024-06-11T04:11:00,2024-06-11T04:12:00,1.0,0.678813559321964,0.6838475160778702,False
changed_entry_within_90m_nearest_greedy,C0_legacy_label_S5_000820,C1_execution_aligned_label_S5_000616,2024-07-25T04:28:00,2024-07-25T04:20:00,-8.0,-1.0142635911647053,-1.0190279438947434,False
changed_entry_within_90m_nearest_greedy,C0_legacy_label_S5_000821,C1_execution_aligned_label_S5_000618,2024-07-25T04:57:00,2024-07-25T04:55:00,-2.0,0.7192167331216122,0.7329568374344956,False
changed_entry_within_90m_nearest_greedy,C0_legacy_label_S5_000829,C1_execution_aligned_label_S5_000683,2024-12-18T22:01:00,2024-12-18T23:15:00,74.0,-1.0117797522886374,-1.0221687357486013,False
C0_only_unmatched,C0_legacy_label_S5_000000,,2018-03-20T01:03:00,,,-1.0555555555554548,,
C0_only_unmatched,C0_legacy_label_S5_000001,,2018-03-20T04:14:00,,,-0.6444444444444648,,
C0_only_unmatched,C0_legacy_label_S5_000002,,2018-04-24T03:43:00,,,-1.0555555555554548,,
C0_only_unmatched,C0_legacy_label_S5_000003,,2018-04-25T01:30:00,,,0.7111111111111212,,
C0_only_unmatched,C0_legacy_label_S5_000004,,2018-04-25T03:00:00,,,-1.0555555555554548,,
C0_only_unmatched,C0_legacy_label_S5_000005,,2018-04-27T03:55:00,,,-1.0555555555554548,,
C0_only_unmatched,C0_legacy_label_S5_000006,,2018-04-27T04:36:00,,,1.277777777777778,,
C0_only_unmatched,C0_legacy_label_S5_000007,,2018-05-04T01:24:00,,,-0.33333333333338394,,
C0_only_unmatched,C0_legacy_label_S5_000008,,2018-05-04T03:21:00,,,-1.0555555555554548,,
C0_only_unmatched,C0_legacy_label_S5_000009,,2018-05-04T04:12:00,,,1.277777777777778,,
C0_only_unmatched,C0_legacy_label_S5_000010,,2018-05-07T01:06:00,,,-0.6777777777777678,,
C0_only_unmatched,C0_legacy_label_S5_000011,,2018-05-07T02:54:00,,,1.277777777777778,,
C0_only_unmatched,C0_legacy_label_S5_000012,,2018-05-07T03:45:00,,,1.277777777777778,,
C0_only_unmatched,C0_legacy_label_S5_000013,,2018-05-07T04:33:00,,,-1.0555555555554548,,
C0_only_unmatched,C0_legacy_label_S5_000014,,2018-05-07T04:55:00,,,-1.0555555555554548,,
C0_only_unmatched,C0_legacy_label_S5_000015,,2018-05-08T01:01:00,,,0.15555555555556563,,
C0_only_unmatched,C0_legacy_label_S5_000016,,2018-05-08T02:31:00,,,1.277777777777778,,
C0_only_unmatched,C0_legacy_label_S5_000017,,2018-05-08T03:25:00,,,-1.0555555555554548,,
C0_only_unmatched,C0_legacy_label_S5_000018,,2018-05-08T03:49:00,,,-1.0555555555554548,,
C0_only_unmatched,C0_legacy_label_S5_000019,,2018-05-08T04:57:00,,,-1.0555555555554548,,
C0_only_unmatched,C0_legacy_label_S5_000020,,2018-05-09T01:02:00,,,1.277777777777778,,
C0_only_unmatched,C0_legacy_label_S5_000021,,2018-05-09T02:30:00,,,-1.0555555555554548,,
C0_only_unmatched,C0_legacy_label_S5_000022,,2018-05-09T03:41:00,,,-1.0555555555554548,,
C0_only_unmatched,C0_legacy_label_S5_000023,,2018-05-09T04:00:00,,,-1.0555555555554548,,
C0_only_unmatched,C0_legacy_label_S5_000024,,2018-05-10T01:01:00,,,-1.0555555555554548,,
C0_only_unmatched,C0_legacy_label_S5_000025,,2018-05-10T01:22:00,,,-1.0555555555554548,,
C0_only_unmatched,C0_legacy_label_S5_000026,,2018-05-11T01:20:00,,,-0.31111111111092926,,
C0_only_unmatched,C0_legacy_label_S5_000027,,2018-05-11T03:05:00,,,-1.0555555555554548,,
C0_only_unmatched,C0_legacy_label_S5_000028,,2018-05-11T04:14:00,,,-1.0555555555554548,,
C0_only_unmatched,C0_legacy_label_S5_000029,,2018-05-11T08:21:00,,,-1.0555555555554548,,
C0_only_unmatched,C0_legacy_label_S5_000030,,2018-05-11T09:01:00,,,1.277777777777778,,
C0_only_unmatched,C0_legacy_label_S5_000031,,2018-05-11T09:39:00,,,1.277777777777778,,
C0_only_unmatched,C0_legacy_label_S5_000032,,2018-05-14T02:37:00,,,1.277777777777778,,
C0_only_unmatched,C0_legacy_label_S5_000033,,2018-05-14T03:40:00,,,-1.0555555555554548,,
C0_only_unmatched,C0_legacy_label_S5_000034,,2018-05-16T03:53:00,,,-1.0555555555554548,,
C0_only_unmatched,C0_legacy_label_S5_000035,,2018-05-18T01:02:00,,,-0.7777777777776769,,
C0_only_unmatched,C0_legacy_label_S5_000036,,2018-05-18T03:07:00,,,-1.0555555555554548,,
C0_only_unmatched,C0_legacy_label_S5_000037,,2018-05-18T04:47:00,,,1.277777777777778,,
C0_only_unmatched,C0_legacy_label_S5_000038,,2018-05-21T04:06:00,,,-1.0555555555554548,,
C0_only_unmatched,C0_legacy_label_S5_000039,,2018-05-21T04:27:00,,,-1.0555555555554548,,
C0_only_unmatched,C0_legacy_label_S5_000040,,2018-05-23T01:01:00,,,1.277777777777778,,
C0_only_unmatched,C0_legacy_label_S5_000041,,2018-05-23T02:11:00,,,1.277777777777778,,
C0_only_unmatched,C0_legacy_label_S5_000042,,2018-05-23T03:46:00,,,-1.0555555555554548,,
C0_only_unmatched,C0_legacy_label_S5_000043,,2018-05-24T01:18:00,,,-1.0555555555554548,,
C0_only_unmatched,C0_legacy_label_S5_000044,,2018-05-24T02:22:00,,,1.277777777777778,,
C0_only_unmatched,C0_legacy_label_S5_000045,,2018-05-24T03:44:00,,,-1.0555555555554548,,
C0_only_unmatched,C0_legacy_label_S5_000046,,2018-05-25T01:03:00,,,-1.0555555555554548,,
C0_only_unmatched,C0_legacy_label_S5_000047,,2018-05-25T02:40:00,,,-1.0555555555554548,,
C0_only_unmatched,C0_legacy_label_S5_000048,,2018-05-25T03:39:00,,,-1.0555555555554548,,
C0_only_unmatched,C0_legacy_label_S5_000049,,2018-05-25T04:54:00,,,-1.0555555555554548,,
C0_only_unmatched,C0_legacy_label_S5_000050,,2018-05-25T08:01:00,,,-1.0555555555554548,,
C0_only_unmatched,C0_legacy_label_S5_000051,,2018-05-25T09:16:00,,,1.277777777777778,,
C0_only_unmatched,C0_legacy_label_S5_000052,,2018-05-28T01:05:00,,,-1.0466666666666133,,
C0_only_unmatched,C0_legacy_label_S5_000053,,2018-05-28T01:22:00,,,0.7037256061502225,,
C0_only_unmatched,C0_legacy_label_S5_000054,,2018-05-28T03:01:00,,,-1.0555555555554548,,
C0_only_unmatched,C0_legacy_label_S5_000055,,2018-05-28T03:25:00,,,-1.0555555555554548,,
C0_only_unmatched,C0_legacy_label_S5_000056,,2018-05-28T04:25:00,,,-1.0555555555554548,,
C0_only_unmatched,C0_legacy_label_S5_000057,,2018-05-28T04:47:00,,,0.17777777777776765,,
C0_only_unmatched,C0_legacy_label_S5_000058,,2018-05-29T03:01:00,,,1.277777777777778,,
C0_only_unmatched,C0_legacy_label_S5_000059,,2018-05-29T03:25:00,,,1.277777777777778,,
C0_only_unmatched,C0_legacy_label_S5_000060,,2018-05-30T04:57:00,,,-1.0555555555554548,,
C0_only_unmatched,C0_legacy_label_S5_000061,,2018-05-31T01:02:00,,,0.35555555555538376,,
C0_only_unmatched,C0_legacy_label_S5_000062,,2018-05-31T02:42:00,,,1.277777777777778,,
C0_only_unmatched,C0_legacy_label_S5_000063,,2018-05-31T03:16:00,,,1.277777777777778,,
C0_only_unmatched,C0_legacy_label_S5_000064,,2018-06-04T03:04:00,,,-1.0555555555554548,,
C0_only_unmatched,C0_legacy_label_S5_000065,,2018-06-04T03:20:00,,,-1.0555555555554548,,
C0_only_unmatched,C0_legacy_label_S5_000066,,2018-06-04T03:46:00,,,-1.0555555555554548,,
C0_only_unmatched,C0_legacy_label_S5_000067,,2018-06-04T04:11:00,,,-0.488888888888798,,
C0_only_unmatched,C0_legacy_label_S5_000068,,2018-06-05T02:34:00,,,-1.0555555555554548,,
C0_only_unmatched,C0_legacy_label_S5_000069,,2018-06-05T03:01:00,,,-1.0555555555554548,,
C0_only_unmatched,C0_legacy_label_S5_000070,,2018-06-05T04:08:00,,,-1.0555555555554548,,
C0_only_unmatched,C0_legacy_label_S5_000071,,2018-06-05T04:33:00,,,0.1333333333333636,,
C0_only_unmatched,C0_legacy_label_S5_000072,,2018-06-06T01:01:00,,,0.044444444444302934,,
C0_only_unmatched,C0_legacy_label_S5_000073,,2018-06-06T02:45:00,,,0.03333333333320193,,
C0_only_unmatched,C0_legacy_label_S5_000074,,2018-06-06T04:25:00,,,-1.0555555555554548,,
C0_only_unmatched,C0_legacy_label_S5_000075,,2018-06-07T03:29:00,,,-1.0555555555554548,,
C0_only_unmatched,C0_legacy_label_S5_000076,,2018-06-07T04:12:00,,,0.3111111111109797,,
C0_only_unmatched,C0_legacy_label_S5_000077,,2018-06-08T01:01:00,,,0.28888888888903036,,
C0_only_unmatched,C0_legacy_label_S5_000078,,2018-06-08T02:31:00,,,-1.0555555555554548,,
C0_only_unmatched,C0_legacy_label_S5_000079,,2018-06-08T03:01:00,,,-1.0555555555554548,,
C0_only_unmatched,C0_legacy_label_S5_000080,,2018-06-08T04:12:00,,,-1.0555555555554548,,
C0_only_unmatched,C0_legacy_label_S5_000081,,2018-06-08T04:30:00,,,-1.0555555555554548,,
C0_only_unmatched,C0_legacy_label_S5_000082,,2018-06-08T08:01:00,,,-1.0555555555554548,,
C0_only_unmatched,C0_legacy_label_S5_000083,,2018-06-11T01:47:00,,,0.055555555555656576,,
C0_only_unmatched,C0_legacy_label_S5_000084,,2018-06-11T03:54:00,,,1.277777777777778,,
C0_only_unmatched,C0_legacy_label_S5_000085,,2018-06-12T01:02:00,,,-1.0555555555554548,,
C0_only_unmatched,C0_legacy_label_S5_000086,,2018-06-12T01:43:00,,,-1.0555555555554548,,
C0_only_unmatched,C0_legacy_label_S5_000087,,2018-06-12T02:34:00,,,-1.0555555555554548,,
C0_only_unmatched,C0_legacy_label_S5_000088,,2018-06-12T03:10:00,,,-1.0555555555554548,,
C0_only_unmatched,C0_legacy_label_S5_000089,,2018-06-12T03:43:00,,,-1.0555555555554548,,
C0_only_unmatched,C0_legacy_label_S5_000090,,2018-06-12T04:28:00,,,-1.0555555555554548,,
C0_only_unmatched,C0_legacy_label_S5_000091,,2018-06-12T04:44:00,,,1.277777777777778,,
C0_only_unmatched,C0_legacy_label_S5_000092,,2018-06-13T02:29:00,,,-1.0555555555554548,,
C0_only_unmatched,C0_legacy_label_S5_000093,,2018-06-13T03:28:00,,,0.04444444444455557,,
C0_only_unmatched,C0_legacy_label_S5_000094,,2018-06-13T04:58:00,,,-0.6222222222222628,,
C0_only_unmatched,C0_legacy_label_S5_000095,,2018-06-13T08:55:00,,,-1.0555555555554548,,
C0_only_unmatched,C0_legacy_label_S5_000096,,2018-06-14T03:59:00,,,-1.0555555555554548,,
C0_only_unmatched,C0_legacy_label_S5_000097,,2018-06-15T02:04:00,,,-1.0555555555554548,,
C0_only_unmatched,C0_legacy_label_S5_000098,,2018-06-15T03:01:00,,,-1.0555555555554548,,
C0_only_unmatched,C0_legacy_label_S5_000099,,2018-06-15T03:52:00,,,-1.0555555555554548,,
C0_only_unmatched,C0_legacy_label_S5_000100,,2018-06-15T04:10:00,,,1.277777777777778,,
C0_only_unmatched,C0_legacy_label_S5_000101,,2018-06-15T08:14:00,,,-1.0555555555554548,,
C0_only_unmatched,C0_legacy_label_S5_000102,,2018-06-15T09:24:00,,,-1.0555555555554548,,
C0_only_unmatched,C0_legacy_label_S5_000103,,2018-06-20T02:18:00,,,-1.0555555555554548,,
C0_only_unmatched,C0_legacy_label_S5_000104,,2018-06-20T03:22:00,,,1.277777777777778,,
C0_only_unmatched,C0_legacy_label_S5_000105,,2018-06-20T04:17:00,,,-1.0555555555554548,,
C0_only_unmatched,C0_legacy_label_S5_000106,,2018-06-22T01:19:00,,,-1.0555555555554548,,
C0_only_unmatched,C0_legacy_label_S5_000107,,2018-06-22T02:35:00,,,1.277777777777778,,
C0_only_unmatched,C0_legacy_label_S5_000108,,2018-06-25T02:36:00,,,-1.0555555555554548,,
C0_only_unmatched,C0_legacy_label_S5_000109,,2018-06-26T03:01:00,,,0.29999999999987875,,
C0_only_unmatched,C0_legacy_label_S5_000110,,2018-06-27T02:15:00,,,-1.0555555555554548,,
C0_only_unmatched,C0_legacy_label_S5_000111,,2018-06-27T02:50:00,,,-1.0555555555554548,,
C0_only_unmatched,C0_legacy_label_S5_000112,,2018-06-27T03:12:00,,,-1.0555555555554548,,
C0_only_unmatched,C0_legacy_label_S5_000113,,2018-06-27T04:49:00,,,-1.0418860698899752,,
C0_only_unmatched,C0_legacy_label_S5_000114,,2018-07-03T04:18:00,,,-1.0555555555554548,,
C0_only_unmatched,C0_legacy_label_S5_000115,,2018-07-03T04:48:00,,,-1.0531268973891104,,
C0_only_unmatched,C0_legacy_label_S5_000116,,2018-07-04T01:01:00,,,1.277777777777778,,
C0_only_unmatched,C0_legacy_label_S5_000117,,2018-07-04T01:30:00,,,-1.0555555555554548,,
C0_only_unmatched,C0_legacy_label_S5_000118,,2018-07-04T02:27:00,,,1.277777777777778,,
C0_only_unmatched,C0_legacy_label_S5_000119,,2018-07-04T03:40:00,,,-1.0555555555554548,,
C0_only_unmatched,C0_legacy_label_S5_000120,,2018-07-05T01:17:00,,,0.7999999999999292,,
C0_only_unmatched,C0_legacy_label_S5_000121,,2018-07-05T02:55:00,,,-1.0555555555554548,,
C0_only_unmatched,C0_legacy_label_S5_000122,,2018-07-05T03:21:00,,,1.277777777777778,,
C0_only_unmatched,C0_legacy_label_S5_000123,,2018-07-05T04:41:00,,,-1.0555555555554548,,
C0_only_unmatched,C0_legacy_label_S5_000124,,2018-07-06T01:16:00,,,1.277777777777778,,
C0_only_unmatched,C0_legacy_label_S5_000125,,2018-07-06T02:23:00,,,-1.0555555555554548,,
C0_only_unmatched,C0_legacy_label_S5_000126,,2018-07-06T03:00:00,,,-1.0555555555554548,,
C0_only_unmatched,C0_legacy_label_S5_000127,,2018-07-06T04:09:00,,,-1.0555555555554548,,
C0_only_unmatched,C0_legacy_label_S5_000128,,2018-07-09T03:01:00,,,-1.0555555555554548,,
C0_only_unmatched,C0_legacy_label_S5_000129,,2018-07-09T03:24:00,,,-1.0555555555554548,,
C0_only_unmatched,C0_legacy_label_S5_000130,,2018-07-09T03:55:00,,,-1.0555555555554548,,
C0_only_unmatched,C0_legacy_label_S5_000131,,2018-07-10T01:01:00,,,0.1111111111111616,,
C0_only_unmatched,C0_legacy_label_S5_000132,,2018-07-10T02:32:00,,,0.21111111111107067,,
C0_only_unmatched,C0_legacy_label_S5_000133,,2018-07-10T04:02:00,,,1.277777777777778,,
C0_only_unmatched,C0_legacy_label_S5_000134,,2018-07-10T04:40:00,,,-1.0555555555554548,,
C0_only_unmatched,C0_legacy_label_S5_000135,,2018-07-11T01:02:00,,,-1.0555555555554548,,
C0_only_unmatched,C0_legacy_label_S5_000136,,2018-07-11T01:53:00,,,1.277777777777778,,
C0_only_unmatched,C0_legacy_label_S5_000137,,2018-07-11T03:15:00,,,-1.0555555555554548,,
C0_only_unmatched,C0_legacy_label_S5_000138,,2018-07-11T04:02:00,,,-1.0474254742548057,,
C0_only_unmatched,C0_legacy_label_S5_000139,,2018-07-11T04:19:00,,,0.9295612009238421,,
C0_only_unmatched,C0_legacy_label_S5_000140,,2018-07-12T02:46:00,,,-1.0555555555554548,,
C0_only_unmatched,C0_legacy_label_S5_000141,,2018-07-13T01:01:00,,,-1.0555555555554548,,
C0_only_unmatched,C0_legacy_label_S5_000142,,2018-07-13T02:29:00,,,-1.0109197429781288e-13,,
C0_only_unmatched,C0_legacy_label_S5_000143,,2018-07-16T02:41:00,,,1.277777777777778,,
C0_only_unmatched,C0_legacy_label_S5_000144,,2018-07-17T02:07:00,,,-1.0555555555554548,,
C0_only_unmatched,C0_legacy_label_S5_000145,,2018-07-17T03:50:00,,,-1.0555555555554548,,
C0_only_unmatched,C0_legacy_label_S5_000146,,2018-07-17T04:21:00,,,1.277777777777778,,
C0_only_unmatched,C0_legacy_label_S5_000147,,2018-07-17T04:48:00,,,1.277777777777778,,
C0_only_unmatched,C0_legacy_label_S5_000148,,2018-07-18T02:21:00,,,-1.0555555555554548,,
C0_only_unmatched,C0_legacy_label_S5_000149,,2018-07-18T03:07:00,,,-1.0555555555554548,,
C0_only_unmatched,C0_legacy_label_S5_000150,,2018-07-18T03:37:00,,,1.277777777777778,,
C0_only_unmatched,C0_legacy_label_S5_000151,,2018-07-18T04:29:00,,,-0.2666666666667779,,
C0_only_unmatched,C0_legacy_label_S5_000152,,2018-07-19T01:28:00,,,-1.0555555555554548,,
C0_only_unmatched,C0_legacy_label_S5_000153,,2018-07-19T02:25:00,,,1.277777777777778,,
C0_only_unmatched,C0_legacy_label_S5_000154,,2018-07-20T01:18:00,,,-1.0555555555554548,,
C0_only_unmatched,C0_legacy_label_S5_000155,,2018-07-20T02:29:00,,,-1.0555555555554548,,
C0_only_unmatched,C0_legacy_label_S5_000156,,2018-07-24T03:08:00,,,-1.0555555555554548,,
C0_only_unmatched,C0_legacy_label_S5_000157,,2018-07-24T03:43:00,,,-1.0555555555554548,,
C0_only_unmatched,C0_legacy_label_S5_000158,,2018-07-24T04:33:00,,,-1.0496876774560913,,
C0_only_unmatched,C0_legacy_label_S5_000159,,2018-07-25T01:49:00,,,0.2333333333332727,,
C0_only_unmatched,C0_legacy_label_S5_000160,,2018-07-26T01:02:00,,,1.277777777777778,,
C0_only_unmatched,C0_legacy_label_S5_000161,,2018-07-26T01:40:00,,,-1.0555555555554548,,
C0_only_unmatched,C0_legacy_label_S5_000162,,2018-07-26T02:14:00,,,-1.0555555555554548,,
C0_only_unmatched,C0_legacy_label_S5_000163,,2018-07-26T02:39:00,,,-1.0555555555554548,,
C0_only_unmatched,C0_legacy_label_S5_000164,,2018-07-27T01:24:00,,,0.16666666666666666,,
C0_only_unmatched,C0_legacy_label_S5_000165,,2018-07-30T02:06:00,,,-1.0555555555554548,,
C0_only_unmatched,C0_legacy_label_S5_000166,,2018-07-30T03:07:00,,,-1.0555555555554548,,
C0_only_unmatched,C0_legacy_label_S5_000167,,2018-07-30T04:51:00,,,-1.0555555555554548,,
C0_only_unmatched,C0_legacy_label_S5_000168,,2018-07-31T01:19:00,,,0.19999999999996967,,
C0_only_unmatched,C0_legacy_label_S5_000169,,2018-07-31T02:49:00,,,-1.0555555555554548,,
C0_only_unmatched,C0_legacy_label_S5_000170,,2018-08-01T01:16:00,,,-1.0555555555554548,,
C0_only_unmatched,C0_legacy_label_S5_000171,,2018-08-01T02:30:00,,,-1.0555555555554548,,
C0_only_unmatched,C0_legacy_label_S5_000172,,2018-08-02T01:41:00,,,-0.2444444444445759,,
C0_only_unmatched,C0_legacy_label_S5_000173,,2018-08-03T01:22:00,,,-1.0555555555554548,,
C0_only_unmatched,C0_legacy_label_S5_000174,,2018-08-03T03:42:00,,,1.277777777777778,,
C0_only_unmatched,C0_legacy_label_S5_000175,,2018-08-03T08:02:00,,,-1.0555555555554548,,
C0_only_unmatched,C0_legacy_label_S5_000176,,2018-08-03T20:45:00,,,-1.0555555555554548,,
C0_only_unmatched,C0_legacy_label_S5_000177,,2018-08-03T23:14:00,,,-1.0555555555554548,,
C0_only_unmatched,C0_legacy_label_S5_000178,,2018-08-06T01:25:00,,,0.7555555555555252,,
C0_only_unmatched,C0_legacy_label_S5_000179,,2018-08-06T03:01:00,,,-1.0555555555554548,,
C0_only_unmatched,C0_legacy_label_S5_000180,,2018-08-06T03:43:00,,,1.277777777777778,,
C0_only_unmatched,C0_legacy_label_S5_000181,,2018-08-07T01:23:00,,,0.19999999999996967,,
C0_only_unmatched,C0_legacy_label_S5_000182,,2018-08-07T02:55:00,,,-1.0555555555554548,,
C0_only_unmatched,C0_legacy_label_S5_000183,,2018-08-07T03:46:00,,,1.277777777777778,,
C0_only_unmatched,C0_legacy_label_S5_000184,,2018-08-08T01:24:00,,,1.277777777777778,,
C0_only_unmatched,C0_legacy_label_S5_000185,,2018-08-08T02:39:00,,,-1.0555555555554548,,
C0_only_unmatched,C0_legacy_label_S5_000186,,2018-08-08T03:31:00,,,-1.0555555555554548,,
C0_only_unmatched,C0_legacy_label_S5_000187,,2018-08-08T03:55:00,,,1.277777777777778,,
C0_only_unmatched,C0_legacy_label_S5_000188,,2018-08-08T04:50:00,,,-1.0555555555554548,,
C0_only_unmatched,C0_legacy_label_S5_000189,,2018-08-09T01:01:00,,,-1.0555555555554548,,
C0_only_unmatched,C0_legacy_label_S5_000190,,2018-08-09T02:02:00,,,0.6555555555556162,,
C0_only_unmatched,C0_legacy_label_S5_000191,,2018-08-10T01:15:00,,,-1.0555555555554548,,
C0_only_unmatched,C0_legacy_label_S5_000192,,2018-08-10T01:56:00,,,0.9444444444444949,,
C0_only_unmatched,C0_legacy_label_S5_000193,,2018-08-10T03:52:00,,,-1.0555555555554548,,
C0_only_unmatched,C0_legacy_label_S5_000194,,2018-08-13T04:07:00,,,-1.0555555555554548,,
C0_only_unmatched,C0_legacy_label_S5_000195,,2018-08-14T03:10:00,,,1.277777777777778,,
C0_only_unmatched,C0_legacy_label_S5_000196,,2018-08-15T01:29:00,,,-1.0555555555554548,,
C0_only_unmatched,C0_legacy_label_S5_000197,,2018-08-15T03:02:00,,,-1.0555555555554548,,
C0_only_unmatched,C0_legacy_label_S5_000198,,2018-08-15T03:41:00,,,-1.0555555555554548,,
C0_only_unmatched,C0_legacy_label_S5_000199,,2018-08-15T04:14:00,,,-1.0555555555554548,,
C0_only_unmatched,C0_legacy_label_S5_000201,,2018-08-17T02:08:00,,,-1.0555555555554548,,
C0_only_unmatched,C0_legacy_label_S5_000202,,2018-08-21T01:01:00,,,0.41111111111114146,,
C0_only_unmatched,C0_legacy_label_S5_000203,,2018-08-21T02:31:00,,,1.277777777777778,,
C0_only_unmatched,C0_legacy_label_S5_000204,,2018-08-21T03:31:00,,,1.277777777777778,,
C0_only_unmatched,C0_legacy_label_S5_000205,,2018-08-21T03:58:00,,,-1.0555555555554548,,
C0_only_unmatched,C0_legacy_label_S5_000206,,2018-08-21T04:35:00,,,-1.0555555555554548,,
C0_only_unmatched,C0_legacy_label_S5_000207,,2018-08-22T01:21:00,,,-0.06666666666670713,,
C0_only_unmatched,C0_legacy_label_S5_000208,,2018-08-22T04:37:00,,,-1.0555555555554548,,
C0_only_unmatched,C0_legacy_label_S5_000209,,2018-08-23T02:04:00,,,-1.0555555555554548,,
C0_only_unmatched,C0_legacy_label_S5_000210,,2018-08-23T02:47:00,,,-1.0555555555554548,,
C0_only_unmatched,C0_legacy_label_S5_000211,,2018-08-23T03:13:00,,,-1.0555555555554548,,
C0_only_unmatched,C0_legacy_label_S5_000212,,2018-08-23T03:32:00,,,-1.0555555555554548,,
C0_only_unmatched,C0_legacy_label_S5_000213,,2018-08-23T03:53:00,,,-1.0555555555554548,,
C0_only_unmatched,C0_legacy_label_S5_000214,,2018-08-23T04:15:00,,,-1.0555555555554548,,
C0_only_unmatched,C0_legacy_label_S5_000215,,2018-08-23T04:58:00,,,-1.0555555555554548,,
C0_only_unmatched,C0_legacy_label_S5_000216,,2018-08-24T01:30:00,,,-1.0555555555554548,,
C0_only_unmatched,C0_legacy_label_S5_000217,,2018-08-24T19:40:00,,,-1.0555555555554548,,
C0_only_unmatched,C0_legacy_label_S5_000218,,2018-08-28T01:01:00,,,-1.0555555555554548,,
C0_only_unmatched,C0_legacy_label_S5_000219,,2018-08-28T01:23:00,,,-1.0555555555554548,,
C0_only_unmatched,C0_legacy_label_S5_000220,,2018-08-28T02:59:00,,,1.277777777777778,,
C0_only_unmatched,C0_legacy_label_S5_000221,,2018-08-30T03:01:00,,,-1.0555555555554548,,
C0_only_unmatched,C0_legacy_label_S5_000222,,2018-08-30T03:20:00,,,-1.0555555555554548,,
C0_only_unmatched,C0_legacy_label_S5_000223,,2018-08-30T03:41:00,,,-1.0555555555554548,,
C0_only_unmatched,C0_legacy_label_S5_000224,,2018-08-30T04:45:00,,,-1.0555555555554548,,
C0_only_unmatched,C0_legacy_label_S5_000225,,2018-09-03T03:51:00,,,-1.0453133091661433,,
C0_only_unmatched,C0_legacy_label_S5_000226,,2018-09-05T02:05:00,,,-1.0555555555554548,,
C0_only_unmatched,C0_legacy_label_S5_000227,,2018-09-05T03:28:00,,,-1.0555555555554548,,
C0_only_unmatched,C0_legacy_label_S5_000228,,2018-09-05T03:48:00,,,1.277777777777778,,
C0_only_unmatched,C0_legacy_label_S5_000229,,2018-09-06T02:08:00,,,1.277777777777778,,
C0_only_unmatched,C0_legacy_label_S5_000230,,2018-09-07T01:26:00,,,-0.06666666666670713,,
C0_only_unmatched,C0_legacy_label_S5_000231,,2018-09-11T01:40:00,,,-1.0555555555554548,,
C0_only_unmatched,C0_legacy_label_S5_000232,,2018-09-12T01:10:00,,,-0.6888888888888689,,
C0_only_unmatched,C0_legacy_label_S5_000233,,2018-09-12T02:55:00,,,-1.0555555555554548,,
C0_only_unmatched,C0_legacy_label_S5_000234,,2018-09-12T04:07:00,,,-1.0555555555554548,,
C0_only_unmatched,C0_legacy_label_S5_000235,,2018-09-12T04:33:00,,,-1.0555555555554548,,
C0_only_unmatched,C0_legacy_label_S5_000236,,2018-09-13T01:19:00,,,-0.1666666666666162,,
C0_only_unmatched,C0_legacy_label_S5_000237,,2018-09-13T03:05:00,,,-1.0555555555554548,,
C0_only_unmatched,C0_legacy_label_S5_000238,,2018-09-13T03:54:00,,,-1.0555555555554548,,
C0_only_unmatched,C0_legacy_label_S5_000239,,2018-09-13T19:24:00,,,1.277777777777778,,
C0_only_unmatched,C0_legacy_label_S5_000240,,2018-09-14T01:55:00,,,-0.06666666666670713,,
C0_only_unmatched,C0_legacy_label_S5_000241,,2018-09-14T08:00:00,,,0.04444444444455557,,
C0_only_unmatched,C0_legacy_label_S5_000242,,2018-09-17T02:05:00,,,-1.0555555555554548,,
C0_only_unmatched,C0_legacy_label_S5_000243,,2018-09-17T03:02:00,,,1.277777777777778,,
C0_only_unmatched,C0_legacy_label_S5_000244,,2018-09-18T01:16:00,,,-1.0555555555554548,,
C0_only_unmatched,C0_legacy_label_S5_000245,,2018-09-18T01:58:00,,,-1.0555555555554548,,
C0_only_unmatched,C0_legacy_label_S5_000246,,2018-09-18T02:31:00,,,1.277777777777778,,
C0_only_unmatched,C0_legacy_label_S5_000247,,2018-09-19T02:02:00,,,0.18888888888886865,,
C0_only_unmatched,C0_legacy_label_S5_000248,,2018-09-19T03:32:00,,,-1.0555555555554548,,
C0_only_unmatched,C0_legacy_label_S5_000249,,2018-09-19T03:57:00,,,-1.0555555555554548,,
C0_only_unmatched,C0_legacy_label_S5_000250,,2018-09-19T04:16:00,,,0.4777777777777475,,
C0_only_unmatched,C0_legacy_label_S5_000251,,2018-09-20T01:03:00,,,-0.6555555555555658,,
C0_only_unmatched,C0_legacy_label_S5_000252,,2018-09-20T02:48:00,,,-1.0555555555554548,,
C0_only_unmatched,C0_legacy_label_S5_000253,,2018-09-20T03:57:00,,,1.277777777777778,,
C0_only_unmatched,C0_legacy_label_S5_000254,,2018-09-21T01:08:00,,,0.2555555555554747,,
C0_only_unmatched,C0_legacy_label_S5_000255,,2018-09-21T02:38:00,,,-1.0555555555554548,,
C0_only_unmatched,C0_legacy_label_S5_000256,,2018-09-21T02:58:00,,,1.277777777777778,,
C0_only_unmatched,C0_legacy_label_S5_000257,,2018-09-21T03:38:00,,,-1.0555555555554548,,
C0_only_unmatched,C0_legacy_label_S5_000258,,2018-09-21T08:00:00,,,-1.0555555555554548,,
C0_only_unmatched,C0_legacy_label_S5_000259,,2018-09-21T08:32:00,,,-1.0555555555554548,,
C0_only_unmatched,C0_legacy_label_S5_000260,,2018-09-24T02:46:00,,,-1.0555555555554548,,
C0_only_unmatched,C0_legacy_label_S5_000261,,2018-09-24T03:32:00,,,-0.6333333333333638,,
C0_only_unmatched,C0_legacy_label_S5_000262,,2018-09-25T02:01:00,,,-0.6555555555555658,,
C0_only_unmatched,C0_legacy_label_S5_000263,,2018-09-25T03:46:00,,,-1.0555555555554548,,
C0_only_unmatched,C0_legacy_label_S5_000264,,2018-09-26T01:02:00,,,-0.3111111111111819,,
C0_only_unmatched,C0_legacy_label_S5_000265,,2018-09-26T02:47:00,,,-1.0555555555554548,,
C0_only_unmatched,C0_legacy_label_S5_000266,,2018-09-26T03:51:00,,,-1.0555555555554548,,
C0_only_unmatched,C0_legacy_label_S5_000267,,2018-09-26T04:13:00,,,1.277777777777778,,
C0_only_unmatched,C0_legacy_label_S5_000268,,2018-09-26T08:07:00,,,-1.0555555555554548,,
C0_only_unmatched,C0_legacy_label_S5_000269,,2018-09-28T01:25:00,,,-1.0555555555554548,,
C0_only_unmatched,C0_legacy_label_S5_000270,,2018-09-28T01:46:00,,,-0.5888888888889597,,
C0_only_unmatched,C0_legacy_label_S5_000271,,2018-09-28T03:31:00,,,1.088888888888808,,
C0_only_unmatched,C0_legacy_label_S5_000272,,2018-09-28T08:55:00,,,-1.0555555555554548,,
C0_only_unmatched,C0_legacy_label_S5_000273,,2018-10-01T02:37:00,,,-1.0555555555554548,,
C0_only_unmatched,C0_legacy_label_S5_000274,,2018-10-01T03:31:00,,,-1.0555555555554548,,
C0_only_unmatched,C0_legacy_label_S5_000275,,2018-10-02T01:04:00,,,0.8333333333332322,,
C0_only_unmatched,C0_legacy_label_S5_000276,,2018-10-02T02:34:00,,,-1.0555555555554548,,
C0_only_unmatched,C0_legacy_label_S5_000277,,2018-10-02T03:05:00,,,1.277777777777778,,
C0_only_unmatched,C0_legacy_label_S5_000278,,2018-10-03T02:09:00,,,1.277777777777778,,
C0_only_unmatched,C0_legacy_label_S5_000279,,2018-10-04T02:49:00,,,-0.36666666666668696,,
C0_only_unmatched,C0_legacy_label_S5_000280,,2018-10-04T04:34:00,,,-1.0555555555554548,,
C0_only_unmatched,C0_legacy_label_S5_000281,,2018-10-05T01:37:00,,,-1.0555555555554548,,
C0_only_unmatched,C0_legacy_label_S5_000282,,2018-10-05T03:21:00,,,1.277777777777778,,
C0_only_unmatched,C0_legacy_label_S5_000283,,2018-10-08T03:46:00,,,-1.0555555555554548,,
C0_only_unmatched,C0_legacy_label_S5_000284,,2018-10-10T01:43:00,,,-1.0555555555554548,,
C0_only_unmatched,C0_legacy_label_S5_000285,,2018-10-10T02:32:00,,,0.17777777777776765,,
C0_only_unmatched,C0_legacy_label_S5_000286,,2018-10-11T02:13:00,,,-0.1818181818182763,,
C0_only_unmatched,C0_legacy_label_S5_000287,,2018-10-11T19:52:00,,,1.5949367088607593,,
C0_only_unmatched,C0_legacy_label_S5_000288,,2018-10-12T01:17:00,,,-1.0574712643677115,,
C0_only_unmatched,C0_legacy_label_S5_000289,,2018-10-12T02:03:00,,,-1.0588235294116577,,
C0_only_unmatched,C0_legacy_label_S5_000290,,2018-10-12T02:25:00,,,-1.0581395348836153,,
C0_only_unmatched,C0_legacy_label_S5_000291,,2018-10-12T02:43:00,,,-1.061728395061616,,
C0_only_unmatched,C0_legacy_label_S5_000292,,2018-10-16T02:33:00,,,-1.0609756097559868,,
C0_only_unmatched,C0_legacy_label_S5_000293,,2018-10-17T03:07:00,,,-1.0609756097559868,,
C0_only_unmatched,C0_legacy_label_S5_000294,,2018-10-17T04:22:00,,,-1.0602409638553123,,
C0_only_unmatched,C0_legacy_label_S5_000295,,2018-10-19T01:07:00,,,0.3695652173913439,,
C0_only_unmatched,C0_legacy_label_S5_000296,,2018-10-19T02:38:00,,,-1.0574712643677115,,
C0_only_unmatched,C0_legacy_label_S5_000297,,2018-10-19T03:23:00,,,-1.061728395061616,,
C0_only_unmatched,C0_legacy_label_S5_000298,,2018-10-19T04:13:00,,,-1.0599931436407253,,
C0_only_unmatched,C0_legacy_label_S5_000299,,2018-10-19T04:31:00,,,-1.0602409638553123,,
C0_only_unmatched,C0_legacy_label_S5_000300,,2018-10-19T08:25:00,,,1.4698795180722892,,
C0_only_unmatched,C0_legacy_label_S5_000301,,2018-11-09T08:01:00,,,-1.0657894736840907,,
C0_only_unmatched,C0_legacy_label_S5_000302,,2018-11-09T08:27:00,,,-1.0581395348836153,,
C0_only_unmatched,C0_legacy_label_S5_000303,,2018-11-12T03:21:00,,,1.4404761904761905,,
C0_only_unmatched,C0_legacy_label_S5_000304,,2018-11-13T04:21:00,,,-1.0609756097559868,,
C0_only_unmatched,C0_legacy_label_S5_000305,,2018-11-15T01:19:00,,,-1.0641025641024475,,
C0_only_unmatched,C0_legacy_label_S5_000306,,2018-11-16T01:11:00,,,1.1666666666667949,,
C0_only_unmatched,C0_legacy_label_S5_000307,,2018-11-16T02:41:00,,,1.411764705882353,,
C0_only_unmatched,C0_legacy_label_S5_000308,,2018-11-16T03:56:00,,,-1.0574712643677115,,
C0_only_unmatched,C0_legacy_label_S5_000309,,2018-11-16T04:19:00,,,-1.0588235294116577,,
C0_only_unmatched,C0_legacy_label_S5_000310,,2018-11-16T08:37:00,,,-1.0609756097559868,,
C0_only_unmatched,C0_legacy_label_S5_000311,,2018-11-16T22:00:00,,,-0.6790123456789675,,
C0_only_unmatched,C0_legacy_label_S5_000312,,2018-11-16T23:45:00,,,0.1511627906974735,,
C0_only_unmatched,C0_legacy_label_S5_000313,,2018-11-21T04:38:00,,,-1.0595238095237014,,
C0_only_unmatched,C0_legacy_label_S5_000314,,2018-11-22T04:47:00,,,-0.2771084337349946,,
C0_only_unmatched,C0_legacy_label_S5_000315,,2018-11-23T04:01:00,,,-0.705882352941123,,
C0_only_unmatched,C0_legacy_label_S5_000316,,2018-11-23T08:17:00,,,-1.0595238095237014,,
C0_only_unmatched,C0_legacy_label_S5_000317,,2018-11-28T03:47:00,,,0.7831325301205586,,
C0_only_unmatched,C0_legacy_label_S5_000318,,2018-11-30T04:32:00,,,-0.21428571428583337,,
C0_only_unmatched,C0_legacy_label_S5_000319,,2018-11-30T08:36:00,,,-0.7209302325580762,,
C0_only_unmatched,C0_legacy_label_S5_000320,,2018-12-07T03:50:00,,,-1.0595238095237014,,
C0_only_unmatched,C0_legacy_label_S5_000321,,2018-12-07T04:30:00,,,1.3837209302325582,,
C0_only_unmatched,C0_legacy_label_S5_000322,,2018-12-11T04:03:00,,,-1.054945054944955,,
C0_only_unmatched,C0_legacy_label_S5_000323,,2018-12-11T04:59:00,,,1.0681818181820557,,
C0_only_unmatched,C0_legacy_label_S5_000324,,2018-12-13T03:05:00,,,-1.0595238095237014,,
C0_only_unmatched,C0_legacy_label_S5_000325,,2018-12-13T03:31:00,,,-0.3132530120482147,,
C0_only_unmatched,C0_legacy_label_S5_000326,,2018-12-17T08:47:00,,,-0.17857142857130945,,
C0_only_unmatched,C0_legacy_label_S5_000327,,2018-12-18T04:29:00,,,0.37349397590351585,,
C0_only_unmatched,C0_legacy_label_S5_000328,,2018-12-19T04:13:00,,,1.4404761904761905,,
C0_only_unmatched,C0_legacy_label_S5_000329,,2018-12-21T04:22:00,,,-1.0555555555554548,,
C0_only_unmatched,C0_legacy_label_S5_000330,,2018-12-28T04:52:00,,,-1.0581395348836153,,
C0_only_unmatched,C0_legacy_label_S5_000331,,2018-12-31T04:01:00,,,-1.0632911392403912,,
C0_only_unmatched,C0_legacy_label_S5_000332,,2018-12-31T08:00:00,,,1.411764705882353,,
C0_only_unmatched,C0_legacy_label_S5_000333,,2019-01-16T04:03:00,,,-1.0595238095237014,,
C0_only_unmatched,C0_legacy_label_S5_000334,,2019-01-18T08:00:00,,,-1.0574712643677115,,
C0_only_unmatched,C0_legacy_label_S5_000335,,2019-01-21T08:58:00,,,-1.0595238095237014,,
C0_only_unmatched,C0_legacy_label_S5_000336,,2019-01-22T03:30:00,,,-1.0595238095237014,,
C0_only_unmatched,C0_legacy_label_S5_000337,,2019-01-23T04:37:00,,,-1.0568181818180786,,
C0_only_unmatched,C0_legacy_label_S5_000338,,2019-01-25T02:40:00,,,-1.0588235294116577,,
C0_only_unmatched,C0_legacy_label_S5_000339,,2019-01-29T04:34:00,,,-1.0588235294116577,,
C0_only_unmatched,C0_legacy_label_S5_000340,,2019-02-05T04:15:00,,,0.7325581395349471,,
C0_only_unmatched,C0_legacy_label_S5_000341,,2019-02-06T03:01:00,,,-1.061728395061616,,
C0_only_unmatched,C0_legacy_label_S5_000342,,2019-02-06T03:28:00,,,-1.0609756097559868,,
C0_only_unmatched,C0_legacy_label_S5_000343,,2019-02-06T04:09:00,,,1.411764705882353,,
C0_only_unmatched,C0_legacy_label_S5_000344,,2019-02-06T04:26:00,,,-1.0624999999998863,,
C0_only_unmatched,C0_legacy_label_S5_000345,,2019-02-08T04:18:00,,,-1.0602409638553123,,
C0_only_unmatched,C0_legacy_label_S5_000346,,2019-02-08T08:01:00,,,-1.0602409638553123,,
C0_only_unmatched,C0_legacy_label_S5_000347,,2019-02-08T23:41:00,,,-0.5529411764706739,,
C0_only_unmatched,C0_legacy_label_S5_000348,,2019-02-13T08:11:00,,,-1.0574712643677115,,
C0_only_unmatched,C0_legacy_label_S5_000349,,2019-02-13T11:55:00,,,-1.061728395061616,,
C0_only_unmatched,C0_legacy_label_S5_000350,,2019-02-15T03:25:00,,,-1.0581395348836153,,
C0_only_unmatched,C0_legacy_label_S5_000351,,2019-02-15T04:16:00,,,-1.0602409638553123,,
C0_only_unmatched,C0_legacy_label_S5_000352,,2019-02-15T08:17:00,,,1.3837209302325582,,
C0_only_unmatched,C0_legacy_label_S5_000353,,2019-02-15T08:53:00,,,1.4698795180722892,,
C0_only_unmatched,C0_legacy_label_S5_000354,,2019-02-19T04:08:00,,,-0.060975609756064315,,
C0_only_unmatched,C0_legacy_label_S5_000355,,2019-03-05T04:32:00,,,1.5,,
C0_only_unmatched,C0_legacy_label_S5_000356,,2019-03-11T04:02:00,,,0.5421686746988171,,
C0_only_unmatched,C0_legacy_label_S5_000357,,2019-03-11T08:23:00,,,-1.0609756097559868,,
C0_only_unmatched,C0_legacy_label_S5_000358,,2019-03-12T02:02:00,,,1.411764705882353,,
C0_only_unmatched,C0_legacy_label_S5_000359,,2019-03-12T03:22:00,,,1.5308641975308643,,
C0_only_unmatched,C0_legacy_label_S5_000360,,2019-03-12T04:57:00,,,0.1511627906977379,,
C0_only_unmatched,C0_legacy_label_S5_000361,,2019-03-12T08:04:00,,,-1.0624999999998863,,
C0_only_unmatched,C0_legacy_label_S5_000362,,2019-03-12T08:37:00,,,-1.061728395061616,,
C0_only_unmatched,C0_legacy_label_S5_000363,,2019-03-13T04:10:00,,,0.034883720930137384,,
C0_only_unmatched,C0_legacy_label_S5_000364,,2019-03-15T03:56:00,,,-1.0595238095237014,,
C0_only_unmatched,C0_legacy_label_S5_000365,,2019-03-18T02:13:00,,,-1.0609756097559868,,
C0_only_unmatched,C0_legacy_label_S5_000366,,2019-03-18T03:11:00,,,-0.0919540229884953,,
C0_only_unmatched,C0_legacy_label_S5_000367,,2019-03-18T04:56:00,,,-0.3103448275862592,,
C0_only_unmatched,C0_legacy_label_S5_000368,,2019-03-19T03:53:00,,,0.9880952380953788,,
C0_only_unmatched,C0_legacy_label_S5_000369,,2019-03-20T04:01:00,,,-1.0595238095237014,,
C0_only_unmatched,C0_legacy_label_S5_000370,,2019-03-20T08:26:00,,,-1.0588235294116577,,
C0_only_unmatched,C0_legacy_label_S5_000371,,2019-04-02T03:09:00,,,0.07058823529399996,,
C0_only_unmatched,C0_legacy_label_S5_000372,,2019-04-03T02:53:00,,,-1.0581395348836153,,
C0_only_unmatched,C0_legacy_label_S5_000373,,2019-04-03T03:21:00,,,-1.0609756097559868,,
C0_only_unmatched,C0_legacy_label_S5_000374,,2019-04-04T03:01:00,,,-1.0595238095237014,,
C0_only_unmatched,C0_legacy_label_S5_000375,,2019-04-04T04:35:00,,,-1.0609756097559868,,
C0_only_unmatched,C0_legacy_label_S5_000376,,2019-04-05T01:49:00,,,-1.0561797752807969,,
C0_only_unmatched,C0_legacy_label_S5_000377,,2019-04-05T02:18:00,,,-1.0581395348836153,,
C0_only_unmatched,C0_legacy_label_S5_000378,,2019-04-05T03:53:00,,,-1.0632911392403912,,
C0_only_unmatched,C0_legacy_label_S5_000379,,2019-04-05T23:10:00,,,-0.6419753086419642,,
C0_only_unmatched,C0_legacy_label_S5_000380,,2019-04-08T01:21:00,,,1.5308641975308643,,
C0_only_unmatched,C0_legacy_label_S5_000381,,2019-04-08T01:49:00,,,-1.0595238095237014,,
C0_only_unmatched,C0_legacy_label_S5_000382,,2019-04-08T03:00:00,,,1.5308641975308643,,
C0_only_unmatched,C0_legacy_label_S5_000383,,2019-04-08T04:25:00,,,1.411764705882353,,
C0_only_unmatched,C0_legacy_label_S5_000384,,2019-04-08T11:28:00,,,-0.049382716049349046,,
C0_only_unmatched,C0_legacy_label_S5_000385,,2019-04-09T03:02:00,,,-1.0595238095237014,,
C0_only_unmatched,C0_legacy_label_S5_000386,,2019-04-16T01:44:00,,,-1.061728395061616,,
C0_only_unmatched,C0_legacy_label_S5_000387,,2019-04-17T03:22:00,,,1.5625,,
C0_only_unmatched,C0_legacy_label_S5_000388,,2019-04-22T01:20:00,,,0.797619047619091,,
C0_only_unmatched,C0_legacy_label_S5_000389,,2019-04-22T02:51:00,,,-1.0602409638553123,,
C0_only_unmatched,C0_legacy_label_S5_000390,,2019-04-22T04:14:00,,,1.3837209302325582,,
C0_only_unmatched,C0_legacy_label_S5_000391,,2019-04-22T08:00:00,,,-1.061728395061616,,
C0_only_unmatched,C0_legacy_label_S5_000392,,2019-04-23T02:12:00,,,-1.0609756097559868,,
C0_only_unmatched,C0_legacy_label_S5_000393,,2019-04-23T03:27:00,,,1.411764705882353,,
C0_only_unmatched,C0_legacy_label_S5_000394,,2019-04-23T03:58:00,,,-0.555555555555623,,
C0_only_unmatched,C0_legacy_label_S5_000395,,2019-04-24T02:05:00,,,-0.7738095238094048,,
C0_only_unmatched,C0_legacy_label_S5_000396,,2019-04-24T03:50:00,,,-1.0595238095237014,,
C0_only_unmatched,C0_legacy_label_S5_000397,,2019-04-24T04:15:00,,,-1.0602409638553123,,
C0_only_unmatched,C0_legacy_label_S5_000398,,2019-04-24T04:45:00,,,-1.0595238095237014,,
C0_only_unmatched,C0_legacy_label_S5_000399,,2019-04-25T01:01:00,,,-1.0568181818180786,,
C0_only_unmatched,C0_legacy_label_S5_000400,,2019-04-25T01:28:00,,,-1.0574712643677115,,
C0_only_unmatched,C0_legacy_label_S5_000401,,2019-04-25T02:58:00,,,-1.0602409638553123,,
C0_only_unmatched,C0_legacy_label_S5_000402,,2019-04-25T03:23:00,,,0.3023255813952748,,
C0_only_unmatched,C0_legacy_label_S5_000403,,2019-04-26T01:02:00,,,1.2023809523808981,,
C0_only_unmatched,C0_legacy_label_S5_000404,,2019-04-26T02:32:00,,,-1.0609756097559868,,
C0_only_unmatched,C0_legacy_label_S5_000405,,2019-04-26T03:35:00,,,1.4404761904761905,,
C0_only_unmatched,C0_legacy_label_S5_000406,,2019-04-26T04:31:00,,,1.5949367088607593,,
C0_only_unmatched,C0_legacy_label_S5_000407,,2019-04-26T08:00:00,,,1.3164556962024971,,
C0_only_unmatched,C0_legacy_label_S5_000408,,2019-04-26T09:54:00,,,-1.0602409638553123,,
C0_only_unmatched,C0_legacy_label_S5_000409,,2019-04-26T11:17:00,,,-0.9125000000000227,,
C0_only_unmatched,C0_legacy_label_S5_000410,,2019-04-29T01:01:00,,,-0.6091954022988925,,
C0_only_unmatched,C0_legacy_label_S5_000411,,2019-04-29T02:46:00,,,-1.0588235294116577,,
C0_only_unmatched,C0_legacy_label_S5_000412,,2019-04-29T03:42:00,,,-0.06818181818183887,,
C0_only_unmatched,C0_legacy_label_S5_000413,,2019-04-29T08:32:00,,,-1.0595238095237014,,
C0_only_unmatched,C0_legacy_label_S5_000414,,2019-04-29T09:17:00,,,-1.0581395348836153,,
C0_only_unmatched,C0_legacy_label_S5_000415,,2019-04-29T09:44:00,,,-1.0588235294116577,,
C0_only_unmatched,C0_legacy_label_S5_000416,,2019-04-30T02:00:00,,,0.42682926829282714,,
C0_only_unmatched,C0_legacy_label_S5_000417,,2019-04-30T03:30:00,,,1.3837209302325582,,
C0_only_unmatched,C0_legacy_label_S5_000418,,2019-04-30T04:38:00,,,-1.0595238095237014,,
C0_only_unmatched,C0_legacy_label_S5_000420,,2019-05-01T01:46:00,,,0.3132530120481489,,
C0_only_unmatched,C0_legacy_label_S5_000421,,2019-05-01T03:16:00,,,-1.0609756097559868,,
C0_only_unmatched,C0_legacy_label_S5_000422,,2019-05-01T03:46:00,,,-1.0574712643677115,,
C0_only_unmatched,C0_legacy_label_S5_000423,,2019-05-01T04:30:00,,,-1.0574712643677115,,
C0_only_unmatched,C0_legacy_label_S5_000424,,2019-05-01T08:22:00,,,-1.0588235294116577,,
C0_only_unmatched,C0_legacy_label_S5_000425,,2019-05-02T03:59:00,,,-1.0602409638553123,,
C0_only_unmatched,C0_legacy_label_S5_000426,,2019-05-03T02:23:00,,,0.7906976744186152,,
C0_only_unmatched,C0_legacy_label_S5_000427,,2019-05-03T04:01:00,,,-1.0574712643677115,,
C0_only_unmatched,C0_legacy_label_S5_000428,,2019-05-03T04:35:00,,,0.25000000000005684,,
C0_only_unmatched,C0_legacy_label_S5_000429,,2019-05-03T08:03:00,,,-1.0632911392403912,,
C0_only_unmatched,C0_legacy_label_S5_000430,,2019-05-03T23:13:00,,,2.0000000000000657,,
C0_only_unmatched,C0_legacy_label_S5_000431,,2019-05-06T01:00:00,,,-1.0675675675674445,,
C0_only_unmatched,C0_legacy_label_S5_000432,,2019-05-07T01:19:00,,,1.1379310344829572,,
C0_only_unmatched,C0_legacy_label_S5_000433,,2019-05-07T03:05:00,,,-1.0632911392403912,,
C0_only_unmatched,C0_legacy_label_S5_000434,,2019-05-07T03:59:00,,,-1.0602409638553123,,
C0_only_unmatched,C0_legacy_label_S5_000435,,2019-05-07T04:32:00,,,0.9135802469135803,,
C0_only_unmatched,C0_legacy_label_S5_000436,,2019-05-08T01:11:00,,,0.4482758620690073,,
C0_only_unmatched,C0_legacy_label_S5_000437,,2019-05-08T02:57:00,,,1.5308641975308643,,
C0_only_unmatched,C0_legacy_label_S5_000438,,2019-05-10T03:08:00,,,-1.0609756097559868,,
C0_only_unmatched,C0_legacy_label_S5_000439,,2019-05-13T03:52:00,,,-1.0574712643677115,,
C0_only_unmatched,C0_legacy_label_S5_000440,,2019-05-13T08:01:00,,,-1.0602409638553123,,
C0_only_unmatched,C0_legacy_label_S5_000441,,2019-05-13T09:48:00,,,-1.0595238095237014,,
C0_only_unmatched,C0_legacy_label_S5_000442,,2019-05-13T11:00:00,,,-1.0609756097559868,,
C0_only_unmatched,C0_legacy_label_S5_000443,,2019-05-14T02:42:00,,,1.411764705882353,,
C0_only_unmatched,C0_legacy_label_S5_000444,,2019-05-15T02:01:00,,,0.6976744186044819,,
C0_only_unmatched,C0_legacy_label_S5_000445,,2019-05-15T03:33:00,,,-1.0641025641024475,,
C0_only_unmatched,C0_legacy_label_S5_000446,,2019-05-15T04:22:00,,,-1.0649350649349467,,
C0_only_unmatched,C0_legacy_label_S5_000447,,2019-05-16T03:27:00,,,-0.44318181818175617,,
C0_only_unmatched,C0_legacy_label_S5_000448,,2019-05-17T03:11:00,,,-1.0624999999998863,,
C0_only_unmatched,C0_legacy_label_S5_000449,,2019-05-17T04:07:00,,,0.012820512820524467,,
C0_only_unmatched,C0_legacy_label_S5_000450,,2019-05-20T03:21:00,,,1.4698795180722892,,
C0_only_unmatched,C0_legacy_label_S5_000451,,2019-05-21T02:31:00,,,-1.0602409638553123,,
C0_only_unmatched,C0_legacy_label_S5_000452,,2019-05-21T03:32:00,,,-1.0657894736840907,,
C0_only_unmatched,C0_legacy_label_S5_000453,,2019-05-21T04:25:00,,,-0.154761904762078,,
C0_only_unmatched,C0_legacy_label_S5_000454,,2019-05-22T01:01:00,,,-0.09090909090909093,,
C0_only_unmatched,C0_legacy_label_S5_000455,,2019-05-22T02:47:00,,,-1.0595238095237014,,
C0_only_unmatched,C0_legacy_label_S5_000456,,2019-05-22T04:15:00,,,-0.839506172839596,,
C0_only_unmatched,C0_legacy_label_S5_000457,,2019-05-23T02:04:00,,,-0.060975609756064315,,
C0_only_unmatched,C0_legacy_label_S5_000458,,2019-05-23T03:59:00,,,-0.5925925925926263,,
C0_only_unmatched,C0_legacy_label_S5_000459,,2019-05-24T01:01:00,,,0.6853932584270174,,
C0_only_unmatched,C0_legacy_label_S5_000460,,2019-05-24T02:31:00,,,-1.0588235294116577,,
C0_only_unmatched,C0_legacy_label_S5_000461,,2019-05-24T03:16:00,,,-1.0588235294116577,,
C0_only_unmatched,C0_legacy_label_S5_000462,,2019-05-24T04:00:00,,,-1.0595238095237014,,
C0_only_unmatched,C0_legacy_label_S5_000463,,2019-05-24T04:38:00,,,-1.0609756097559868,,
C0_only_unmatched,C0_legacy_label_S5_000464,,2019-05-24T08:00:00,,,-1.0609756097559868,,
C0_only_unmatched,C0_legacy_label_S5_000465,,2019-05-24T11:28:00,,,-1.0624999999998863,,
C0_only_unmatched,C0_legacy_label_S5_000466,,2019-05-24T11:59:00,,,-1.0588235294116577,,
C0_only_unmatched,C0_legacy_label_S5_000467,,2019-05-24T20:48:00,,,0.06024096385560794,,
C0_only_unmatched,C0_legacy_label_S5_000468,,2019-05-24T22:19:00,,,0.03529411764697324,,
C0_only_unmatched,C0_legacy_label_S5_000469,,2019-05-24T23:49:00,,,-0.5238095238096321,,
C0_only_unmatched,C0_legacy_label_S5_000470,,2019-05-27T01:16:00,,,-1.0624999999998863,,
C0_only_unmatched,C0_legacy_label_S5_000471,,2019-05-27T02:05:00,,,-1.0588235294116577,,
C0_only_unmatched,C0_legacy_label_S5_000472,,2019-05-27T02:46:00,,,-1.0574712643677115,,
C0_only_unmatched,C0_legacy_label_S5_000473,,2019-05-27T03:48:00,,,1.5,,
C0_only_unmatched,C0_legacy_label_S5_000474,,2019-05-27T04:15:00,,,1.5,,
C0_only_unmatched,C0_legacy_label_S5_000475,,2019-05-27T04:31:00,,,-0.15294117647050262,,
C0_only_unmatched,C0_legacy_label_S5_000476,,2019-05-27T08:00:00,,,-1.0602409638553123,,
C0_only_unmatched,C0_legacy_label_S5_000477,,2019-05-27T09:12:00,,,-1.0595238095237014,,
C0_only_unmatched,C0_legacy_label_S5_000478,,2019-05-27T11:00:00,,,0.2317073170732151,,
C0_only_unmatched,C0_legacy_label_S5_000479,,2019-05-28T01:01:00,,,-0.5862068965517869,,
C0_only_unmatched,C0_legacy_label_S5_000480,,2019-05-28T02:46:00,,,-1.0602409638553123,,
C0_only_unmatched,C0_legacy_label_S5_000481,,2019-05-28T03:46:00,,,-1.0609756097559868,,
C0_only_unmatched,C0_legacy_label_S5_000482,,2019-05-28T04:15:00,,,-1.0609756097559868,,
C0_only_unmatched,C0_legacy_label_S5_000483,,2019-05-28T04:39:00,,,0.03658536585360306,,
C0_only_unmatched,C0_legacy_label_S5_000484,,2019-05-28T08:22:00,,,-0.555555555555623,,
C0_only_unmatched,C0_legacy_label_S5_000485,,2019-05-29T02:14:00,,,1.5,,
C0_only_unmatched,C0_legacy_label_S5_000486,,2019-05-29T03:13:00,,,-1.0675675675674445,,
C0_only_unmatched,C0_legacy_label_S5_000487,,2019-05-31T01:03:00,,,0.9655172413794043,,
C0_only_unmatched,C0_legacy_label_S5_000488,,2019-05-31T02:44:00,,,1.5625,,
C0_only_unmatched,C0_legacy_label_S5_000489,,2019-05-31T03:33:00,,,1.5625,,
C0_only_unmatched,C0_legacy_label_S5_000490,,2019-05-31T04:54:00,,,-1.0624999999998863,,
C0_only_unmatched,C0_legacy_label_S5_000491,,2019-06-07T08:59:00,,,-1.0666666666665454,,
C0_only_unmatched,C0_legacy_label_S5_000492,,2019-09-18T08:26:00,,,-1.0595238095237014,,
C0_only_unmatched,C0_legacy_label_S5_000493,,2019-09-20T08:05:00,,,-1.0624999999998863,,
C0_only_unmatched,C0_legacy_label_S5_000496,,2019-10-25T08:07:00,,,1.6282051282051282,,
C0_only_unmatched,C0_legacy_label_S5_000497,,2019-11-12T03:09:00,,,-0.5108660395719802,,
C0_only_unmatched,C0_legacy_label_S5_000498,,2019-11-15T01:01:00,,,-1.0595238095237014,,
C0_only_unmatched,C0_legacy_label_S5_000499,,2019-11-15T01:57:00,,,-1.0480769230768356,,
C0_only_unmatched,C0_legacy_label_S5_000500,,2019-11-15T03:47:00,,,-1.0624999999998863,,
C0_only_unmatched,C0_legacy_label_S5_000501,,2019-11-15T04:12:00,,,-1.0624999999998863,,
C0_only_unmatched,C0_legacy_label_S5_000502,,2019-11-15T23:17:00,,,0.047619047618961026,,
C0_only_unmatched,C0_legacy_label_S5_000503,,2019-11-18T01:01:00,,,1.5,,
C0_only_unmatched,C0_legacy_label_S5_000504,,2019-11-18T02:21:00,,,-1.0624999999998863,,
C0_only_unmatched,C0_legacy_label_S5_000505,,2019-11-18T02:51:00,,,-1.0624999999998863,,
C0_only_unmatched,C0_legacy_label_S5_000506,,2019-11-18T03:16:00,,,-1.0624999999998863,,
C0_only_unmatched,C0_legacy_label_S5_000507,,2019-11-18T03:41:00,,,-1.0632911392403912,,
C0_only_unmatched,C0_legacy_label_S5_000508,,2019-11-18T04:03:00,,,-0.14473684210538282,,
C0_only_unmatched,C0_legacy_label_S5_000509,,2019-11-19T01:03:00,,,1.5,,
C0_only_unmatched,C0_legacy_label_S5_000510,,2019-11-20T01:55:00,,,1.4698795180722892,,
C0_only_unmatched,C0_legacy_label_S5_000511,,2019-11-20T02:29:00,,,-1.0624999999998863,,
C0_only_unmatched,C0_legacy_label_S5_000512,,2019-11-25T03:02:00,,,-1.0657894736840907,,
C0_only_unmatched,C0_legacy_label_S5_000513,,2019-11-25T03:17:00,,,-1.0558748403577205,,
C0_only_unmatched,C0_legacy_label_S5_000514,,2019-11-26T03:01:00,,,-1.0657894736840907,,
C0_only_unmatched,C0_legacy_label_S5_000515,,2019-11-26T03:16:00,,,-1.0632911392403912,,
C0_only_unmatched,C0_legacy_label_S5_000516,,2019-11-26T04:01:00,,,0.5360250609120346,,
C0_only_unmatched,C0_legacy_label_S5_000517,,2019-11-27T01:15:00,,,-1.0568181818180786,,
C0_only_unmatched,C0_legacy_label_S5_000518,,2019-11-27T02:00:00,,,-1.0641025641024475,,
C0_only_unmatched,C0_legacy_label_S5_000519,,2019-11-27T03:34:00,,,-1.0675675675674445,,
C0_only_unmatched,C0_legacy_label_S5_000520,,2019-11-27T04:51:00,,,-2.5129752080413496e-13,,
C0_only_unmatched,C0_legacy_label_S5_000521,,2019-12-02T03:25:00,,,-1.0641025641024475,,
C0_only_unmatched,C0_legacy_label_S5_000522,,2019-12-03T01:01:00,,,-1.0581395348836153,,
C0_only_unmatched,C0_legacy_label_S5_000523,,2019-12-03T01:17:00,,,1.5625,,
C0_only_unmatched,C0_legacy_label_S5_000524,,2019-12-03T02:24:00,,,-1.0595238095237014,,
C0_only_unmatched,C0_legacy_label_S5_000525,,2019-12-03T02:47:00,,,-1.0624999999998863,,
C0_only_unmatched,C0_legacy_label_S5_000526,,2019-12-03T03:38:00,,,-1.0632911392403912,,
C0_only_unmatched,C0_legacy_label_S5_000527,,2019-12-03T04:34:00,,,-1.0595238095237014,,
C0_only_unmatched,C0_legacy_label_S5_000528,,2019-12-04T01:03:00,,,-1.0561797752807969,,
C0_only_unmatched,C0_legacy_label_S5_000529,,2019-12-04T01:21:00,,,1.5,,
C0_only_unmatched,C0_legacy_label_S5_000530,,2019-12-06T08:04:00,,,-1.0649350649349467,,
C0_only_unmatched,C0_legacy_label_S5_000531,,2019-12-10T04:37:00,,,-1.0632911392403912,,
C0_only_unmatched,C0_legacy_label_S5_000532,,2019-12-11T01:04:00,,,-1.0480769230768356,,
C0_only_unmatched,C0_legacy_label_S5_000533,,2019-12-11T01:43:00,,,-1.0624999999998863,,
C0_only_unmatched,C0_legacy_label_S5_000534,,2019-12-11T02:10:00,,,-0.46341463414621953,,
C0_only_unmatched,C0_legacy_label_S5_000535,,2019-12-11T03:55:00,,,-1.061728395061616,,
C0_only_unmatched,C0_legacy_label_S5_000536,,2019-12-11T04:24:00,,,-1.0624999999998863,,
C0_only_unmatched,C0_legacy_label_S5_000537,,2019-12-12T04:00:00,,,0.8795180722891457,,
C0_only_unmatched,C0_legacy_label_S5_000538,,2019-12-13T20:00:00,,,1.5949367088607593,,
C0_only_unmatched,C0_legacy_label_S5_000539,,2019-12-16T01:06:00,,,-1.056542810985529,,
C0_only_unmatched,C0_legacy_label_S5_000540,,2019-12-17T01:23:00,,,-1.0595238095237014,,
C0_only_unmatched,C0_legacy_label_S5_000541,,2019-12-17T02:01:00,,,-1.0602409638553123,,
C0_only_unmatched,C0_legacy_label_S5_000542,,2019-12-17T03:37:00,,,0.876543209876577,,
C0_only_unmatched,C0_legacy_label_S5_000543,,2019-12-18T01:51:00,,,-1.0602409638553123,,
C0_only_unmatched,C0_legacy_label_S5_000544,,2019-12-18T02:52:00,,,0.6382978723404352,,
C0_only_unmatched,C0_legacy_label_S5_000545,,2019-12-18T04:22:00,,,0.13749999999987494,,
C0_only_unmatched,C0_legacy_label_S5_000546,,2019-12-18T08:16:00,,,-0.07407407407401795,,
C0_only_unmatched,C0_legacy_label_S5_000547,,2019-12-20T01:02:00,,,-1.0581395348836153,,
C0_only_unmatched,C0_legacy_label_S5_000548,,2019-12-20T02:09:00,,,-0.5256410256408157,,
C0_only_unmatched,C0_legacy_label_S5_000549,,2019-12-20T03:56:00,,,-0.7530864197529742,,
C0_only_unmatched,C0_legacy_label_S5_000550,,2019-12-20T08:00:00,,,-0.6666666666669138,,
C0_only_unmatched,C0_legacy_label_S5_000551,,2019-12-20T09:45:00,,,-1.0624999999998863,,
C0_only_unmatched,C0_legacy_label_S5_000552,,2019-12-23T01:34:00,,,1.5,,
C0_only_unmatched,C0_legacy_label_S5_000553,,2019-12-23T03:50:00,,,1.6282051282051282,,
C0_only_unmatched,C0_legacy_label_S5_000554,,2019-12-23T08:12:00,,,1.6973684210526316,,
C0_only_unmatched,C0_legacy_label_S5_000555,,2019-12-24T01:26:00,,,-0.9629629629629406,,
C0_only_unmatched,C0_legacy_label_S5_000556,,2019-12-24T03:15:00,,,1.5,,
C0_only_unmatched,C0_legacy_label_S5_000557,,2019-12-24T04:54:00,,,-0.3164556962025201,,
C0_only_unmatched,C0_legacy_label_S5_000558,,2019-12-27T01:57:00,,,-1.0595238095237014,,
C0_only_unmatched,C0_legacy_label_S5_000559,,2019-12-27T02:47:00,,,-1.0609756097559868,,
C0_only_unmatched,C0_legacy_label_S5_000560,,2020-02-07T23:44:00,,,1.8045977011492789,,
C0_only_unmatched,C0_legacy_label_S5_000563,,2020-11-03T02:03:00,,,-1.0602409638553123,,
C0_only_unmatched,C0_legacy_label_S5_000566,,2020-12-02T01:21:00,,,-1.0510204081631724,,
C0_only_unmatched,C0_legacy_label_S5_000567,,2020-12-02T01:51:00,,,-1.0526315789472727,,
C0_only_unmatched,C0_legacy_label_S5_000568,,2020-12-09T01:42:00,,,-1.0581395348836153,,
C0_only_unmatched,C0_legacy_label_S5_000569,,2020-12-18T19:52:00,,,-1.0581395348836153,,
C0_only_unmatched,C0_legacy_label_S5_000572,,2021-04-07T23:32:00,,,1.411764705882353,,
C0_only_unmatched,C0_legacy_label_S5_000573,,2021-04-08T01:34:00,,,-1.0588235294116577,,
C0_only_unmatched,C0_legacy_label_S5_000574,,2021-04-09T03:35:00,,,1.411764705882353,,
C0_only_unmatched,C0_legacy_label_S5_000575,,2021-04-15T01:22:00,,,-1.0602409638553123,,
C0_only_unmatched,C0_legacy_label_S5_000576,,2021-04-19T23:46:00,,,0.13095238095248926,,
C0_only_unmatched,C0_legacy_label_S5_000577,,2021-04-28T01:39:00,,,-1.0581395348836153,,
C0_only_unmatched,C0_legacy_label_S5_000578,,2021-04-28T02:25:00,,,-1.0641025641024475,,
C0_only_unmatched,C0_legacy_label_S5_000579,,2021-05-04T18:19:00,,,-1.0115389687458818,,
C0_only_unmatched,C0_legacy_label_S5_000580,,2021-05-25T01:38:00,,,-1.0581395348836153,,
C0_only_unmatched,C0_legacy_label_S5_000581,,2021-05-25T17:13:00,,,-1.0140291806958475,,
C0_only_unmatched,C0_legacy_label_S5_000582,,2021-06-01T17:05:00,,,-1.0148481248939474,,
C0_only_unmatched,C0_legacy_label_S5_000583,,2021-06-03T03:23:00,,,1.3295454545454544,,
C0_only_unmatched,C0_legacy_label_S5_000584,,2021-06-03T23:24:00,,,-1.054945054944955,,
C0_only_unmatched,C0_legacy_label_S5_000585,,2021-06-03T23:55:00,,,0.41111111111114146,,
C0_only_unmatched,C0_legacy_label_S5_000586,,2021-06-04T01:54:00,,,-1.0515463917524834,,
C0_only_unmatched,C0_legacy_label_S5_000588,,2021-06-04T04:07:00,,,0.7644404332129837,,
C0_only_unmatched,C0_legacy_label_S5_000589,,2021-06-04T04:15:00,,,-1.0263911928818972,,
C0_only_unmatched,C0_legacy_label_S5_000590,,2021-06-07T04:17:00,,,-1.028349262919134,,
C0_only_unmatched,C0_legacy_label_S5_000591,,2021-06-09T23:24:00,,,-0.8777777777778386,,
C0_only_unmatched,C0_legacy_label_S5_000592,,2021-06-10T01:18:00,,,-0.5764705882353583,,
C0_only_unmatched,C0_legacy_label_S5_000593,,2021-06-10T03:13:00,,,-1.0469043151969408,,
C0_only_unmatched,C0_legacy_label_S5_000594,,2021-06-10T04:03:00,,,1.158520817171035,,
C0_only_unmatched,C0_legacy_label_S5_000595,,2021-06-29T01:27:00,,,-1.0561797752807969,,
C0_only_unmatched,C0_legacy_label_S5_000596,,2021-06-29T02:50:00,,,-1.0568181818180786,,
C0_only_unmatched,C0_legacy_label_S5_000597,,2021-06-29T04:14:00,,,0.9470213733515209,,
C0_only_unmatched,C0_legacy_label_S5_000598,,2021-06-30T02:40:00,,,1.4698795180722892,,
C0_only_unmatched,C0_legacy_label_S5_000599,,2021-07-21T02:28:00,,,-1.0588235294116577,,
C0_only_unmatched,C0_legacy_label_S5_000600,,2021-07-22T01:53:00,,,-1.0588235294116577,,
C0_only_unmatched,C0_legacy_label_S5_000601,,2021-07-22T02:29:00,,,-1.0581395348836153,,
C0_only_unmatched,C0_legacy_label_S5_000602,,2021-07-22T03:21:00,,,-1.061728395061616,,
C0_only_unmatched,C0_legacy_label_S5_000603,,2021-07-22T03:47:00,,,-1.0602409638553123,,
C0_only_unmatched,C0_legacy_label_S5_000604,,2021-07-23T03:57:00,,,1.411764705882353,,
C0_only_unmatched,C0_legacy_label_S5_000605,,2021-07-27T02:25:00,,,-1.0609756097559868,,
C0_only_unmatched,C0_legacy_label_S5_000606,,2021-07-27T03:20:00,,,-1.0588235294116577,,
C0_only_unmatched,C0_legacy_label_S5_000607,,2021-07-28T01:51:00,,,-0.9130434782608993,,
C0_only_unmatched,C0_legacy_label_S5_000608,,2021-08-04T01:08:00,,,0.05882352941165772,,
C0_only_unmatched,C0_legacy_label_S5_000609,,2021-08-04T02:57:00,,,-1.0588235294116577,,
C0_only_unmatched,C0_legacy_label_S5_000610,,2021-08-04T03:20:00,,,-1.0588235294116577,,
C0_only_unmatched,C0_legacy_label_S5_000611,,2021-08-04T03:48:00,,,-1.0588235294116577,,
C0_only_unmatched,C0_legacy_label_S5_000612,,2021-08-04T04:17:00,,,1.387512388503532,,
C0_only_unmatched,C0_legacy_label_S5_000613,,2021-08-05T03:01:00,,,-1.0588235294116577,,
C0_only_unmatched,C0_legacy_label_S5_000614,,2021-08-05T03:18:00,,,-1.0588235294116577,,
C0_only_unmatched,C0_legacy_label_S5_000615,,2021-08-05T03:37:00,,,-1.0588235294116577,,
C0_only_unmatched,C0_legacy_label_S5_000616,,2021-08-05T04:29:00,,,-1.0588235294116577,,
C0_only_unmatched,C0_legacy_label_S5_000617,,2021-08-05T04:56:00,,,-1.0588235294116577,,
C0_only_unmatched,C0_legacy_label_S5_000618,,2021-08-06T02:41:00,,,-1.0588235294116577,,
C0_only_unmatched,C0_legacy_label_S5_000619,,2021-08-06T03:22:00,,,-1.0588235294116577,,
C0_only_unmatched,C0_legacy_label_S5_000620,,2021-08-06T04:16:00,,,-1.0520368718405926,,
C0_only_unmatched,C0_legacy_label_S5_000621,,2021-08-06T04:31:00,,,-1.0588235294116577,,
C0_only_unmatched,C0_legacy_label_S5_000623,,2021-08-11T01:35:00,,,-1.0588235294116577,,
C0_only_unmatched,C0_legacy_label_S5_000624,,2021-08-11T01:57:00,,,-1.0581395348836153,,
C0_only_unmatched,C0_legacy_label_S5_000625,,2021-08-11T03:43:00,,,-1.0588235294116577,,
C0_only_unmatched,C0_legacy_label_S5_000626,,2021-08-11T04:11:00,,,0.972447325769863,,
C0_only_unmatched,C0_legacy_label_S5_000627,,2021-08-24T03:22:00,,,-1.0588235294116577,,
C0_only_unmatched,C0_legacy_label_S5_000628,,2021-08-24T23:14:00,,,-1.0588235294116577,,
C0_only_unmatched,C0_legacy_label_S5_000629,,2021-08-25T01:00:00,,,-1.0588235294116577,,
C0_only_unmatched,C0_legacy_label_S5_000630,,2021-08-25T01:18:00,,,-1.0588235294116577,,
C0_only_unmatched,C0_legacy_label_S5_000631,,2021-08-25T02:20:00,,,-1.0588235294116577,,
C0_only_unmatched,C0_legacy_label_S5_000632,,2021-08-25T03:03:00,,,-1.0588235294116577,,
C0_only_unmatched,C0_legacy_label_S5_000633,,2021-08-26T03:04:00,,,-1.0588235294116577,,
C0_only_unmatched,C0_legacy_label_S5_000634,,2021-08-26T03:46:00,,,-1.0588235294116577,,
C0_only_unmatched,C0_legacy_label_S5_000635,,2021-08-26T04:09:00,,,-1.0588235294116577,,
C0_only_unmatched,C0_legacy_label_S5_000636,,2021-08-26T23:53:00,,,1.0352941176471337,,
C0_only_unmatched,C0_legacy_label_S5_000637,,2021-09-02T02:53:00,,,1.411764705882353,,
C0_only_unmatched,C0_legacy_label_S5_000638,,2021-09-03T02:14:00,,,0.6941176470586737,,
C0_only_unmatched,C0_legacy_label_S5_000639,,2021-09-03T03:47:00,,,1.411764705882353,,
C0_only_unmatched,C0_legacy_label_S5_000640,,2021-09-03T04:06:00,,,-1.0588235294116577,,
C0_only_unmatched,C0_legacy_label_S5_000641,,2021-09-03T04:26:00,,,-1.0588235294116577,,
C0_only_unmatched,C0_legacy_label_S5_000642,,2021-09-06T17:47:00,,,-1.0588235294116577,,
C0_only_unmatched,C0_legacy_label_S5_000643,,2021-09-08T02:34:00,,,1.411764705882353,,
C0_only_unmatched,C0_legacy_label_S5_000644,,2021-09-08T17:01:00,,,0.6774484239588636,,
C0_only_unmatched,C0_legacy_label_S5_000645,,2021-09-09T01:32:00,,,-1.0588235294116577,,
C0_only_unmatched,C0_legacy_label_S5_000646,,2021-09-13T04:12:00,,,0.7744790706250955,,
C0_only_unmatched,C0_legacy_label_S5_000647,,2021-09-14T02:22:00,,,-1.0588235294116577,,
C0_only_unmatched,C0_legacy_label_S5_000648,,2021-09-14T03:32:00,,,-1.0588235294116577,,
C0_only_unmatched,C0_legacy_label_S5_000649,,2021-09-14T04:03:00,,,-1.0588235294116577,,
C0_only_unmatched,C0_legacy_label_S5_000650,,2021-09-14T04:21:00,,,-1.0588235294116577,,
C0_only_unmatched,C0_legacy_label_S5_000651,,2021-09-15T03:11:00,,,-1.0588235294116577,,
C0_only_unmatched,C0_legacy_label_S5_000652,,2021-09-15T03:29:00,,,-1.0588235294116577,,
C0_only_unmatched,C0_legacy_label_S5_000654,,2021-09-27T23:27:00,,,-1.4000000000001178,,
C0_only_unmatched,C0_legacy_label_S5_000655,,2021-09-28T02:04:00,,,-1.0588235294116577,,
C0_only_unmatched,C0_legacy_label_S5_000656,,2021-09-28T02:27:00,,,-1.0588235294116577,,
C0_only_unmatched,C0_legacy_label_S5_000657,,2021-09-28T03:54:00,,,-1.0588235294116577,,
C0_only_unmatched,C0_legacy_label_S5_000658,,2021-09-28T04:16:00,,,1.1948790896159442,,
C0_only_unmatched,C0_legacy_label_S5_000659,,2021-09-29T02:38:00,,,1.411764705882353,,
C0_only_unmatched,C0_legacy_label_S5_000660,,2021-09-30T04:14:00,,,-1.0445179343677773,,
C0_only_unmatched,C0_legacy_label_S5_000661,,2021-10-06T02:59:00,,,-1.0588235294116577,,
C0_only_unmatched,C0_legacy_label_S5_000662,,2021-10-07T23:20:00,,,-1.0588235294116577,,
C0_only_unmatched,C0_legacy_label_S5_000663,,2021-10-11T01:38:00,,,0.6667725035719978,,
C0_only_unmatched,C0_legacy_label_S5_000664,,2021-10-11T23:30:00,,,-2.011764705882182,,
C0_only_unmatched,C0_legacy_label_S5_000665,,2021-10-12T01:15:00,,,-1.0588235294116577,,
C0_only_unmatched,C0_legacy_label_S5_000666,,2021-10-12T01:42:00,,,-1.0588235294116577,,
C0_only_unmatched,C0_legacy_label_S5_000667,,2021-10-12T02:17:00,,,-1.0588235294116577,,
C0_only_unmatched,C0_legacy_label_S5_000668,,2021-10-12T03:21:00,,,1.2808783165598927,,
C0_only_unmatched,C0_legacy_label_S5_000669,,2021-10-12T04:12:00,,,-1.0392112928523438,,
C0_only_unmatched,C0_legacy_label_S5_000670,,2021-10-13T02:01:00,,,0.18823529411768988,,
C0_only_unmatched,C0_legacy_label_S5_000671,,2021-10-14T03:44:00,,,1.411764705882353,,
C0_only_unmatched,C0_legacy_label_S5_000672,,2021-10-15T02:47:00,,,-1.0588235294116577,,
C0_only_unmatched,C0_legacy_label_S5_000673,,2021-10-18T23:21:00,,,-1.117647058823369,,
C0_only_unmatched,C0_legacy_label_S5_000674,,2021-10-19T01:15:00,,,-1.0588235294116577,,
C0_only_unmatched,C0_legacy_label_S5_000675,,2021-10-19T02:13:00,,,1.411764705882353,,
C0_only_unmatched,C0_legacy_label_S5_000676,,2021-10-20T01:20:00,,,-1.0588235294116577,,
C0_only_unmatched,C0_legacy_label_S5_000677,,2021-10-20T02:15:00,,,-1.0588235294116577,,
C0_only_unmatched,C0_legacy_label_S5_000678,,2021-10-20T02:38:00,,,-1.0588235294116577,,
C0_only_unmatched,C0_legacy_label_S5_000679,,2021-10-26T03:30:00,,,-1.0588235294116577,,
C0_only_unmatched,C0_legacy_label_S5_000680,,2021-10-26T03:52:00,,,-1.0588235294116577,,
C0_only_unmatched,C0_legacy_label_S5_000681,,2021-10-26T04:43:00,,,1.221285257342239,,
C0_only_unmatched,C0_legacy_label_S5_000682,,2021-10-28T03:48:00,,,-1.0588235294116577,,
C0_only_unmatched,C0_legacy_label_S5_000683,,2021-11-02T01:50:00,,,-1.0588235294116577,,
C0_only_unmatched,C0_legacy_label_S5_000684,,2021-11-03T00:26:00,,,-0.08235294117644917,,
C0_only_unmatched,C0_legacy_label_S5_000685,,2021-11-03T02:15:00,,,-1.0588235294116577,,
C0_only_unmatched,C0_legacy_label_S5_000686,,2021-11-03T03:10:00,,,-1.0516071955175117,,
C0_only_unmatched,C0_legacy_label_S5_000687,,2021-11-09T02:18:00,,,-1.0588235294116577,,
C0_only_unmatched,C0_legacy_label_S5_000688,,2021-11-22T01:05:00,,,0.5973545726070304,,
C0_only_unmatched,C0_legacy_label_S5_000689,,2021-11-22T01:06:00,,,-1.0226244343891757,,
C0_only_unmatched,C0_legacy_label_S5_000691,,2021-11-30T17:46:00,,,-1.012109888589047,,
C0_only_unmatched,C0_legacy_label_S5_000692,,2021-12-06T23:51:00,,,1.411764705882353,,
C0_only_unmatched,C0_legacy_label_S5_000693,,2021-12-08T23:47:00,,,0.6352941176469625,,
C0_only_unmatched,C0_legacy_label_S5_000694,,2021-12-09T23:29:00,,,0.35294117647074874,,
C0_only_unmatched,C0_legacy_label_S5_000695,,2021-12-15T02:32:00,,,-1.0588235294116577,,
C0_only_unmatched,C0_legacy_label_S5_000696,,2021-12-17T23:45:00,,,-1.0537634408601173,,
C0_only_unmatched,C0_legacy_label_S5_000697,,2021-12-28T04:17:00,,,-1.0588235294116577,,
C0_only_unmatched,C0_legacy_label_S5_000698,,2021-12-28T04:55:00,,,1.411764705882353,,
C0_only_unmatched,C0_legacy_label_S5_000699,,2021-12-30T04:19:00,,,-1.0588235294116577,,
C0_only_unmatched,C0_legacy_label_S5_000700,,2022-01-05T02:01:00,,,-1.0588235294116577,,
C0_only_unmatched,C0_legacy_label_S5_000701,,2022-01-05T04:01:00,,,-1.0588235294116577,,
C0_only_unmatched,C0_legacy_label_S5_000702,,2022-01-05T19:56:00,,,1.411764705882353,,
C0_only_unmatched,C0_legacy_label_S5_000703,,2022-01-13T02:53:00,,,1.411764705882353,,
C0_only_unmatched,C0_legacy_label_S5_000704,,2022-01-13T04:22:00,,,-1.0588235294116577,,
C0_only_unmatched,C0_legacy_label_S5_000705,,2022-01-18T01:04:00,,,1.411764705882353,,
C0_only_unmatched,C0_legacy_label_S5_000706,,2022-01-25T17:04:00,,,-1.0183438155136293,,
C0_only_unmatched,C0_legacy_label_S5_000707,,2022-02-01T17:07:00,,,0.6701400536732711,,
C0_only_unmatched,C0_legacy_label_S5_000708,,2022-02-02T01:51:00,,,-1.052083333333239,,
C0_only_unmatched,C0_legacy_label_S5_000709,,2022-02-02T04:04:00,,,-1.0568181818180786,,
C0_only_unmatched,C0_legacy_label_S5_000710,,2022-02-02T04:55:00,,,-1.0568181818180786,,
C0_only_unmatched,C0_legacy_label_S5_000711,,2022-02-09T01:12:00,,,-1.052083333333239,,
C0_only_unmatched,C0_legacy_label_S5_000712,,2022-02-09T02:16:00,,,0.5624999999998105,,
C0_only_unmatched,C0_legacy_label_S5_000713,,2022-03-08T17:12:00,,,0.763621854353774,,
C0_only_unmatched,C0_legacy_label_S5_000715,,2022-05-30T17:13:00,,,0.7516063577950491,,
C0_only_unmatched,C0_legacy_label_S5_000716,,2022-05-30T18:50:00,,,-1.0641025641024475,,
C0_only_unmatched,C0_legacy_label_S5_000717,,2022-05-30T19:15:00,,,-0.5641025641026107,,
C0_only_unmatched,C0_legacy_label_S5_000718,,2022-06-07T01:28:00,,,-1.0595238095237014,,
C0_only_unmatched,C0_legacy_label_S5_000719,,2022-06-08T23:30:00,,,-1.061728395061616,,
C0_only_unmatched,C0_legacy_label_S5_000720,,2022-06-10T01:14:00,,,-1.0609756097559868,,
C0_only_unmatched,C0_legacy_label_S5_000721,,2022-06-10T01:46:00,,,-1.0632911392403912,,
C0_only_unmatched,C0_legacy_label_S5_000722,,2022-06-10T02:56:00,,,-1.0641025641024475,,
C0_only_unmatched,C0_legacy_label_S5_000723,,2022-06-10T03:23:00,,,-1.0641025641024475,,
C0_only_unmatched,C0_legacy_label_S5_000724,,2022-06-10T03:46:00,,,-1.0641025641024475,,
C0_only_unmatched,C0_legacy_label_S5_000725,,2022-06-29T01:49:00,,,-1.0641025641024475,,
C0_only_unmatched,C0_legacy_label_S5_000726,,2022-06-29T02:23:00,,,-1.0641025641024475,,
C0_only_unmatched,C0_legacy_label_S5_000727,,2022-06-29T02:45:00,,,1.6282051282051282,,
C0_only_unmatched,C0_legacy_label_S5_000728,,2022-07-04T20:40:00,,,-1.054945054944955,,
C0_only_unmatched,C0_legacy_label_S5_000729,,2022-07-07T23:51:00,,,0.8072289156627054,,
C0_only_unmatched,C0_legacy_label_S5_000732,,2022-07-13T01:38:00,,,-1.0588235294116577,,
C0_only_unmatched,C0_legacy_label_S5_000733,,2022-08-10T01:38:00,,,-1.0694444444443183,,
C0_only_unmatched,C0_legacy_label_S5_000734,,2022-08-10T02:19:00,,,-1.0694444444443183,,
C0_only_unmatched,C0_legacy_label_S5_000735,,2022-08-10T03:48:00,,,-1.0694444444443183,,
C0_only_unmatched,C0_legacy_label_S5_000736,,2022-08-16T01:56:00,,,-1.0694444444443183,,
C0_only_unmatched,C0_legacy_label_S5_000737,,2022-08-16T23:25:00,,,-1.0694444444443183,,
C0_only_unmatched,C0_legacy_label_S5_000738,,2022-08-17T01:15:00,,,0.47222222222220955,,
C0_only_unmatched,C0_legacy_label_S5_000739,,2022-08-17T02:45:00,,,-1.0694444444443183,,
C0_only_unmatched,C0_legacy_label_S5_000740,,2022-08-18T23:50:00,,,-1.0694444444443183,,
C0_only_unmatched,C0_legacy_label_S5_000741,,2022-08-26T02:28:00,,,-1.0694444444443183,,
C0_only_unmatched,C0_legacy_label_S5_000742,,2022-08-26T03:42:00,,,-1.0684931506848068,,
C0_only_unmatched,C0_legacy_label_S5_000743,,2022-08-26T17:18:00,,,-1.0120822977078014,,
C0_only_unmatched,C0_legacy_label_S5_000744,,2022-08-31T01:20:00,,,0.5955056179774054,,
C0_only_unmatched,C0_legacy_label_S5_000745,,2022-08-31T02:50:00,,,-1.0694444444443183,,
C0_only_unmatched,C0_legacy_label_S5_000746,,2022-09-01T23:33:00,,,1.8472222222222223,,
C0_only_unmatched,C0_legacy_label_S5_000747,,2022-09-02T02:00:00,,,1.8472222222222223,,
C0_only_unmatched,C0_legacy_label_S5_000748,,2022-09-05T18:25:00,,,1.8472222222222223,,
C0_only_unmatched,C0_legacy_label_S5_000749,,2022-09-05T19:45:00,,,-1.0694444444443183,,
C0_only_unmatched,C0_legacy_label_S5_000750,,2022-09-06T01:00:00,,,1.8472222222222223,,
C0_only_unmatched,C0_legacy_label_S5_000751,,2022-09-21T01:51:00,,,1.5625,,
C0_only_unmatched,C0_legacy_label_S5_000752,,2022-11-07T23:29:00,,,0.4305555555555808,,
C0_only_unmatched,C0_legacy_label_S5_000753,,2022-11-08T17:26:00,,,0.7527596988259203,,
C0_only_unmatched,C0_legacy_label_S5_000754,,2022-11-08T17:35:00,,,0.7472470030666528,,
C0_only_unmatched,C0_legacy_label_S5_000755,,2022-11-14T01:13:00,,,-0.13358778625960557,,
C0_only_unmatched,C0_legacy_label_S5_000756,,2022-11-24T18:26:00,,,-1.0694444444443183,,
C0_only_unmatched,C0_legacy_label_S5_000757,,2022-11-24T19:20:00,,,-1.0684931506848068,,
C0_only_unmatched,C0_legacy_label_S5_000758,,2022-11-24T19:43:00,,,-1.0649350649349467,,
C0_only_unmatched,C0_legacy_label_S5_000759,,2022-11-24T20:47:00,,,0.2564102564100465,,
C0_only_unmatched,C0_legacy_label_S5_000760,,2022-11-25T02:01:00,,,-1.0632911392403912,,
C0_only_unmatched,C0_legacy_label_S5_000761,,2022-12-09T02:46:00,,,1.808219178082192,,
C0_only_unmatched,C0_legacy_label_S5_000762,,2022-12-21T19:51:00,,,-1.0694444444443183,,
C0_only_unmatched,C0_legacy_label_S5_000763,,2022-12-21T23:50:00,,,-1.0602409638553123,,
C0_only_unmatched,C0_legacy_label_S5_000764,,2022-12-27T17:48:00,,,-1.014765440431981,,
C0_only_unmatched,C0_legacy_label_S5_000765,,2023-02-21T02:55:00,,,-1.0510501750292565,,
C0_only_unmatched,C0_legacy_label_S5_000766,,2023-06-28T04:17:00,,,-1.053879310344828,,
C0_only_unmatched,C0_legacy_label_S5_000767,,2023-07-07T01:01:00,,,-1.0588235294116577,,
C0_only_unmatched,C0_legacy_label_S5_000768,,2023-07-07T01:33:00,,,1.5949367088607593,,
C0_only_unmatched,C0_legacy_label_S5_000769,,2023-07-07T03:01:00,,,-1.0675675675674445,,
C0_only_unmatched,C0_legacy_label_S5_000770,,2023-07-14T17:05:00,,,0.7221632574295498,,
C0_only_unmatched,C0_legacy_label_S5_000771,,2023-07-21T02:21:00,,,1.025316455696145,,
C0_only_unmatched,C0_legacy_label_S5_000772,,2023-07-28T01:49:00,,,-1.0574712643677115,,
C0_only_unmatched,C0_legacy_label_S5_000773,,2023-08-02T01:06:00,,,0.624472142759906,,
C0_only_unmatched,C0_legacy_label_S5_000774,,2023-08-02T01:14:00,,,0.6846373559114428,,
C0_only_unmatched,C0_legacy_label_S5_000775,,2023-08-04T01:08:00,,,1.808219178082192,,
C0_only_unmatched,C0_legacy_label_S5_000776,,2023-08-04T03:03:00,,,-1.0649350649349467,,
C0_only_unmatched,C0_legacy_label_S5_000777,,2023-08-09T04:21:00,,,-1.0649350649349467,,
C0_only_unmatched,C0_legacy_label_S5_000778,,2023-08-09T04:39:00,,,-1.053337397135082,,
C0_only_unmatched,C0_legacy_label_S5_000779,,2023-08-11T02:00:00,,,-1.0684931506848068,,
C0_only_unmatched,C0_legacy_label_S5_000780,,2023-08-11T03:41:00,,,1.808219178082192,,
C0_only_unmatched,C0_legacy_label_S5_000781,,2023-08-11T23:38:00,,,-0.8767123287671731,,
C0_only_unmatched,C0_legacy_label_S5_000782,,2023-08-18T01:48:00,,,-1.0602409638553123,,
C0_only_unmatched,C0_legacy_label_S5_000783,,2023-08-18T02:29:00,,,1.6973684210526316,,
C0_only_unmatched,C0_legacy_label_S5_000784,,2023-08-18T03:29:00,,,1.7333333333333334,,
C0_only_unmatched,C0_legacy_label_S5_000785,,2023-08-25T17:27:00,,,-1.017607405171585,,
C0_only_unmatched,C0_legacy_label_S5_000786,,2023-09-01T03:04:00,,,-1.0632911392403912,,
C0_only_unmatched,C0_legacy_label_S5_000787,,2023-09-05T04:40:00,,,-1.0679611650484517,,
C0_only_unmatched,C0_legacy_label_S5_000788,,2023-09-07T04:21:00,,,-1.0617283950618,,
C0_only_unmatched,C0_legacy_label_S5_000789,,2023-09-08T01:19:00,,,-0.05479452054811962,,
C0_only_unmatched,C0_legacy_label_S5_000790,,2023-09-08T03:04:00,,,1.6623376623376622,,
C0_only_unmatched,C0_legacy_label_S5_000791,,2023-09-08T23:08:00,,,0.27397260273987556,,
C0_only_unmatched,C0_legacy_label_S5_000792,,2023-09-11T01:00:00,,,-1.049019607843048,,
C0_only_unmatched,C0_legacy_label_S5_000793,,2023-09-12T04:17:00,,,-1.05978817902288,,
C0_only_unmatched,C0_legacy_label_S5_000794,,2023-09-15T02:14:00,,,-1.0632911392403912,,
C0_only_unmatched,C0_legacy_label_S5_000795,,2023-09-15T03:26:00,,,1.6282051282051282,,
C0_only_unmatched,C0_legacy_label_S5_000796,,2023-09-15T22:55:00,,,1.1917808219180575,,
C0_only_unmatched,C0_legacy_label_S5_000797,,2023-09-22T02:50:00,,,1.5308641975308643,,
C0_only_unmatched,C0_legacy_label_S5_000798,,2023-09-22T03:59:00,,,-1.0632911392403912,,
C0_only_unmatched,C0_legacy_label_S5_000799,,2023-09-27T04:41:00,,,-1.0521765056648535,,
C0_only_unmatched,C0_legacy_label_S5_000800,,2023-09-29T01:57:00,,,-1.0568181818180786,,
C0_only_unmatched,C0_legacy_label_S5_000801,,2023-09-29T02:43:00,,,-1.0624999999998863,,
C0_only_unmatched,C0_legacy_label_S5_000802,,2023-10-06T03:45:00,,,-1.0657894736840907,,
C0_only_unmatched,C0_legacy_label_S5_000803,,2023-10-06T08:01:00,,,-1.0649350649349467,,
C0_only_unmatched,C0_legacy_label_S5_000804,,2023-10-13T02:24:00,,,-1.0588235294116577,,
C0_only_unmatched,C0_legacy_label_S5_000805,,2023-11-03T00:02:00,,,-1.0568181818180786,,
C0_only_unmatched,C0_legacy_label_S5_000806,,2023-11-03T00:52:00,,,-1.0581395348836153,,
C0_only_unmatched,C0_legacy_label_S5_000807,,2023-11-23T18:01:00,,,-1.0666666666665454,,
C0_only_unmatched,C0_legacy_label_S5_000808,,2023-11-23T18:24:00,,,-1.0649350649349467,,
C0_only_unmatched,C0_legacy_label_S5_000809,,2024-01-26T23:14:00,,,-1.0657894736840907,,
C0_only_unmatched,C0_legacy_label_S5_000810,,2024-01-26T23:46:00,,,6.56578947368427,,
C0_only_unmatched,C0_legacy_label_S5_000811,,2024-01-29T01:12:00,,,0.6718386172308952,,
C0_only_unmatched,C0_legacy_label_S5_000812,,2024-03-15T00:01:00,,,-1.0641025641024475,,
C0_only_unmatched,C0_legacy_label_S5_000813,,2024-03-20T20:16:00,,,0.7305742192360344,,
C0_only_unmatched,C0_legacy_label_S5_000814,,2024-03-22T00:27:00,,,-1.0588235294116577,,
C0_only_unmatched,C0_legacy_label_S5_000816,,2024-05-06T04:16:00,,,0.7040615916411304,,
C0_only_unmatched,C0_legacy_label_S5_000818,,2024-05-31T17:04:00,,,-1.0130082509477172,,
C0_only_unmatched,C0_legacy_label_S5_000822,,2024-11-01T01:00:00,,,-1.0568181818180786,,
C0_only_unmatched,C0_legacy_label_S5_000823,,2024-11-04T01:10:00,,,0.5819126265317494,,
C0_only_unmatched,C0_legacy_label_S5_000824,,2024-11-14T01:37:00,,,-1.0133955909369368,,
C0_only_unmatched,C0_legacy_label_S5_000825,,2024-11-26T01:46:00,,,-1.0101138530890832,,
C0_only_unmatched,C0_legacy_label_S5_000826,,2024-11-28T03:14:00,,,-1.0148506449422787,,
C0_only_unmatched,C0_legacy_label_S5_000827,,2024-12-09T01:02:00,,,0.7070409429280942,,
C0_only_unmatched,C0_legacy_label_S5_000828,,2024-12-09T01:10:00,,,-1.0089454582630661,,
C1_only_unmatched,,C1_execution_aligned_label_S5_000000,,2018-01-17T22:03:00,,,-1.0249358791678576,
C1_only_unmatched,,C1_execution_aligned_label_S5_000001,,2018-01-22T01:04:00,,,-1.0266200182536895,
C1_only_unmatched,,C1_execution_aligned_label_S5_000002,,2018-01-31T01:00:00,,,0.13205828779593998,
C1_only_unmatched,,C1_execution_aligned_label_S5_000003,,2018-01-31T22:06:00,,,0.561993856464647,
C1_only_unmatched,,C1_execution_aligned_label_S5_000004,,2018-02-05T01:00:00,,,-1.0201380897583303,
C1_only_unmatched,,C1_execution_aligned_label_S5_000005,,2018-02-06T01:12:00,,,0.21003530005046311,
C1_only_unmatched,,C1_execution_aligned_label_S5_000006,,2018-02-06T04:05:00,,,0.544907288179199,
C1_only_unmatched,,C1_execution_aligned_label_S5_000007,,2018-02-06T04:09:00,,,-1.0192180979574212,
C1_only_unmatched,,C1_execution_aligned_label_S5_000008,,2018-02-12T01:00:00,,,0.5937039376711131,
C1_only_unmatched,,C1_execution_aligned_label_S5_000009,,2018-02-13T01:05:00,,,-0.5230435774583773,
C1_only_unmatched,,C1_execution_aligned_label_S5_000010,,2018-02-14T01:05:00,,,0.31753200848324237,
C1_only_unmatched,,C1_execution_aligned_label_S5_000011,,2018-02-19T01:10:00,,,-1.0271992539632813,
C1_only_unmatched,,C1_execution_aligned_label_S5_000012,,2018-02-21T22:05:00,,,0.5436610608020973,
C1_only_unmatched,,C1_execution_aligned_label_S5_000013,,2018-02-26T01:00:00,,,0.5382455201925668,
C1_only_unmatched,,C1_execution_aligned_label_S5_000014,,2018-03-05T01:02:00,,,-1.0234270414992999,
C1_only_unmatched,,C1_execution_aligned_label_S5_000015,,2018-03-21T20:16:00,,,-1.0128205128204895,
C1_only_unmatched,,C1_execution_aligned_label_S5_000016,,2018-03-26T01:00:00,,,0.5518234165067208,
C1_only_unmatched,,C1_execution_aligned_label_S5_000017,,2018-04-02T01:03:00,,,0.3389269818356881,
C1_only_unmatched,,C1_execution_aligned_label_S5_000018,,2018-08-16T03:31:00,,,-1.0292740046838031,
C1_only_unmatched,,C1_execution_aligned_label_S5_000020,,2018-08-16T04:03:00,,,-1.0264270613108302,
C1_only_unmatched,,C1_execution_aligned_label_S5_000021,,2018-08-16T04:22:00,,,-1.031083481349915,
C1_only_unmatched,,C1_execution_aligned_label_S5_000022,,2018-08-16T04:41:00,,,0.6494030332365324,
C1_only_unmatched,,C1_execution_aligned_label_S5_000023,,2018-08-16T04:44:00,,,-1.0277161862527286,
C1_only_unmatched,,C1_execution_aligned_label_S5_000024,,2018-09-26T22:00:00,,,-1.0238095238094895,
C1_only_unmatched,,C1_execution_aligned_label_S5_000025,,2018-11-28T19:09:00,,,0.5754352030947939,
C1_only_unmatched,,C1_execution_aligned_label_S5_000026,,2018-11-28T19:11:00,,,-1.0206953642383734,
C1_only_unmatched,,C1_execution_aligned_label_S5_000028,,2019-06-20T04:18:00,,,0.7253801593048439,
C1_only_unmatched,,C1_execution_aligned_label_S5_000029,,2019-06-24T01:08:00,,,0.5998469778118144,
C1_only_unmatched,,C1_execution_aligned_label_S5_000030,,2019-06-24T01:44:00,,,0.5728559533722338,
C1_only_unmatched,,C1_execution_aligned_label_S5_000031,,2019-06-25T20:28:00,,,0.6876639233065108,
C1_only_unmatched,,C1_execution_aligned_label_S5_000032,,2019-07-01T01:18:00,,,0.6315249507550653,
C1_only_unmatched,,C1_execution_aligned_label_S5_000033,,2019-07-01T01:33:00,,,0.4958734525447167,
C1_only_unmatched,,C1_execution_aligned_label_S5_000034,,2019-07-01T04:05:00,,,0.7525000000000045,
C1_only_unmatched,,C1_execution_aligned_label_S5_000035,,2019-07-01T17:04:00,,,0.8141037474616881,
C1_only_unmatched,,C1_execution_aligned_label_S5_000036,,2019-07-01T17:13:00,,,0.6529261320896388,
C1_only_unmatched,,C1_execution_aligned_label_S5_000037,,2019-07-01T18:11:00,,,-1.0286181520850741,
C1_only_unmatched,,C1_execution_aligned_label_S5_000038,,2019-07-02T04:06:00,,,-0.49033149171273827,
C1_only_unmatched,,C1_execution_aligned_label_S5_000039,,2019-07-02T18:40:00,,,-1.0285016286645219,
C1_only_unmatched,,C1_execution_aligned_label_S5_000040,,2019-07-02T22:11:00,,,0.6145386942273344,
C1_only_unmatched,,C1_execution_aligned_label_S5_000041,,2019-07-03T01:16:00,,,-1.0130821559393035,
C1_only_unmatched,,C1_execution_aligned_label_S5_000042,,2019-07-03T01:51:00,,,0.5934884226546465,
C1_only_unmatched,,C1_execution_aligned_label_S5_000043,,2019-07-09T18:04:00,,,-1.0291861240826792,
C1_only_unmatched,,C1_execution_aligned_label_S5_000044,,2019-08-01T04:05:00,,,0.8038525652898773,
C1_only_unmatched,,C1_execution_aligned_label_S5_000045,,2019-08-05T04:41:00,,,0.636269583210168,
C1_only_unmatched,,C1_execution_aligned_label_S5_000046,,2019-08-05T04:42:00,,,-1.0229387862104675,
C1_only_unmatched,,C1_execution_aligned_label_S5_000047,,2019-08-07T04:25:00,,,0.5834200598412658,
C1_only_unmatched,,C1_execution_aligned_label_S5_000048,,2019-08-07T04:30:00,,,0.5968838006611924,
C1_only_unmatched,,C1_execution_aligned_label_S5_000049,,2019-08-07T04:36:00,,,0.5750168577208356,
C1_only_unmatched,,C1_execution_aligned_label_S5_000050,,2019-08-07T04:39:00,,,0.6043878273177605,
C1_only_unmatched,,C1_execution_aligned_label_S5_000051,,2019-08-12T22:02:00,,,-1.027968675083938,
C1_only_unmatched,,C1_execution_aligned_label_S5_000052,,2019-08-12T22:20:00,,,0.6327863871163755,
C1_only_unmatched,,C1_execution_aligned_label_S5_000053,,2019-08-14T04:22:00,,,0.603139162889857,
C1_only_unmatched,,C1_execution_aligned_label_S5_000054,,2019-08-14T04:23:00,,,0.6065170805496458,
C1_only_unmatched,,C1_execution_aligned_label_S5_000055,,2019-08-16T12:14:00,,,0.7469322425751315,
C1_only_unmatched,,C1_execution_aligned_label_S5_000056,,2019-08-19T01:03:00,,,0.6296596434359971,
C1_only_unmatched,,C1_execution_aligned_label_S5_000057,,2019-08-19T11:25:00,,,0.7032895802949108,
C1_only_unmatched,,C1_execution_aligned_label_S5_000058,,2019-08-19T17:16:00,,,0.7031121356825364,
C1_only_unmatched,,C1_execution_aligned_label_S5_000059,,2019-08-20T17:07:00,,,0.6465905677380496,
C1_only_unmatched,,C1_execution_aligned_label_S5_000060,,2019-08-26T01:03:00,,,0.6063489808962479,
C1_only_unmatched,,C1_execution_aligned_label_S5_000061,,2019-08-26T01:04:00,,,0.518664807930614,
C1_only_unmatched,,C1_execution_aligned_label_S5_000062,,2019-08-26T01:15:00,,,0.6854390648675702,
C1_only_unmatched,,C1_execution_aligned_label_S5_000063,,2019-08-26T01:31:00,,,-1.019450928087115,
C1_only_unmatched,,C1_execution_aligned_label_S5_000064,,2019-09-02T01:07:00,,,-1.0146689019279322,
C1_only_unmatched,,C1_execution_aligned_label_S5_000065,,2019-09-02T19:02:00,,,0.6335086633663173,
C1_only_unmatched,,C1_execution_aligned_label_S5_000066,,2019-09-05T17:24:00,,,0.7003501585623867,
C1_only_unmatched,,C1_execution_aligned_label_S5_000067,,2019-09-06T09:53:00,,,0.6350106307583322,
C1_only_unmatched,,C1_execution_aligned_label_S5_000068,,2019-09-06T19:51:00,,,0.6938144735805655,
C1_only_unmatched,,C1_execution_aligned_label_S5_000069,,2019-09-09T04:03:00,,,0.7008042015427423,
C1_only_unmatched,,C1_execution_aligned_label_S5_000070,,2019-09-09T04:11:00,,,0.5845101224693746,
C1_only_unmatched,,C1_execution_aligned_label_S5_000071,,2019-09-09T18:04:00,,,0.6069746139754443,
C1_only_unmatched,,C1_execution_aligned_label_S5_000072,,2019-09-10T04:04:00,,,-1.0300894085281354,
C1_only_unmatched,,C1_execution_aligned_label_S5_000073,,2019-09-10T04:23:00,,,-1.0321927888153588,
C1_only_unmatched,,C1_execution_aligned_label_S5_000074,,2019-09-10T04:38:00,,,-1.0234019791388012,
C1_only_unmatched,,C1_execution_aligned_label_S5_000075,,2019-09-16T01:02:00,,,-1.0151725333795816,
C1_only_unmatched,,C1_execution_aligned_label_S5_000076,,2019-09-16T01:20:00,,,0.6178195792880654,
C1_only_unmatched,,C1_execution_aligned_label_S5_000077,,2019-09-16T01:39:00,,,0.7518660112870985,
C1_only_unmatched,,C1_execution_aligned_label_S5_000078,,2019-09-16T04:10:00,,,-1.022476239404015,
C1_only_unmatched,,C1_execution_aligned_label_S5_000079,,2019-09-30T18:26:00,,,-1.0203583061889057,
C1_only_unmatched,,C1_execution_aligned_label_S5_000080,,2019-10-07T01:10:00,,,-1.0230536161243635,
C1_only_unmatched,,C1_execution_aligned_label_S5_000083,,2019-10-17T12:42:00,,,0.6284737067122824,
C1_only_unmatched,,C1_execution_aligned_label_S5_000084,,2019-11-11T17:17:00,,,-1.0280448717948751,
C1_only_unmatched,,C1_execution_aligned_label_S5_000085,,2019-12-02T17:04:00,,,-1.0288255641575068,
C1_only_unmatched,,C1_execution_aligned_label_S5_000086,,2019-12-04T11:21:00,,,-1.027245835279482,
C1_only_unmatched,,C1_execution_aligned_label_S5_000087,,2020-01-06T01:19:00,,,-1.012564618035615,
C1_only_unmatched,,C1_execution_aligned_label_S5_000088,,2020-01-08T01:42:00,,,-1.0134470570155096,
C1_only_unmatched,,C1_execution_aligned_label_S5_000089,,2020-01-08T02:19:00,,,0.7082731735489392,
C1_only_unmatched,,C1_execution_aligned_label_S5_000090,,2020-01-08T02:26:00,,,-1.012931352988975,
C1_only_unmatched,,C1_execution_aligned_label_S5_000091,,2020-01-09T08:44:00,,,0.6749775829431499,
C1_only_unmatched,,C1_execution_aligned_label_S5_000092,,2020-01-09T08:57:00,,,0.6139507311289402,
C1_only_unmatched,,C1_execution_aligned_label_S5_000093,,2020-01-14T03:19:00,,,-1.0284784377542466,
C1_only_unmatched,,C1_execution_aligned_label_S5_000094,,2020-01-27T01:10:00,,,-1.012709710218625,
C1_only_unmatched,,C1_execution_aligned_label_S5_000095,,2020-01-30T22:02:00,,,-1.0220764475842057,
C1_only_unmatched,,C1_execution_aligned_label_S5_000096,,2020-02-03T01:11:00,,,-1.0228221178925814,
C1_only_unmatched,,C1_execution_aligned_label_S5_000097,,2020-02-03T17:01:00,,,0.6709924789854144,
C1_only_unmatched,,C1_execution_aligned_label_S5_000098,,2020-02-03T17:10:00,,,-1.01950947603121,
C1_only_unmatched,,C1_execution_aligned_label_S5_000099,,2020-02-05T11:58:00,,,0.6524704455895571,
C1_only_unmatched,,C1_execution_aligned_label_S5_000100,,2020-02-10T01:41:00,,,-1.0311277125578735,
C1_only_unmatched,,C1_execution_aligned_label_S5_000101,,2020-02-24T01:28:00,,,-1.0114814328828237,
C1_only_unmatched,,C1_execution_aligned_label_S5_000102,,2020-02-25T01:04:00,,,0.5185842671695925,
C1_only_unmatched,,C1_execution_aligned_label_S5_000103,,2020-02-25T08:36:00,,,0.7097720994475132,
C1_only_unmatched,,C1_execution_aligned_label_S5_000104,,2020-02-25T22:59:00,,,-1.0136729431986926,
C1_only_unmatched,,C1_execution_aligned_label_S5_000105,,2020-02-26T03:08:00,,,0.6226539866482217,
C1_only_unmatched,,C1_execution_aligned_label_S5_000106,,2020-02-26T03:13:00,,,-1.0200114351057983,
C1_only_unmatched,,C1_execution_aligned_label_S5_000107,,2020-02-26T17:29:00,,,0.6200686106346931,
C1_only_unmatched,,C1_execution_aligned_label_S5_000108,,2020-02-26T20:51:00,,,0.6365393233251289,
C1_only_unmatched,,C1_execution_aligned_label_S5_000109,,2020-02-28T11:53:00,,,-1.017214243556932,
C1_only_unmatched,,C1_execution_aligned_label_S5_000110,,2020-02-28T17:05:00,,,-1.0147331200538905,
C1_only_unmatched,,C1_execution_aligned_label_S5_000111,,2020-02-28T17:44:00,,,0.7739390642002113,
C1_only_unmatched,,C1_execution_aligned_label_S5_000112,,2020-02-28T20:30:00,,,0.6987360567868737,
C1_only_unmatched,,C1_execution_aligned_label_S5_000113,,2020-02-28T20:32:00,,,0.7303176795580095,
C1_only_unmatched,,C1_execution_aligned_label_S5_000114,,2020-03-02T01:06:00,,,0.7125450013846688,
C1_only_unmatched,,C1_execution_aligned_label_S5_000115,,2020-03-02T01:07:00,,,-1.0110647445624583,
C1_only_unmatched,,C1_execution_aligned_label_S5_000116,,2020-03-02T01:40:00,,,-1.0244652593317587,
C1_only_unmatched,,C1_execution_aligned_label_S5_000117,,2020-03-02T01:57:00,,,0.576449912126515,
C1_only_unmatched,,C1_execution_aligned_label_S5_000118,,2020-03-02T02:24:00,,,0.6629196181090352,
C1_only_unmatched,,C1_execution_aligned_label_S5_000119,,2020-03-02T02:43:00,,,0.5845864661654637,
C1_only_unmatched,,C1_execution_aligned_label_S5_000120,,2020-03-02T03:02:00,,,0.7061667051845195,
C1_only_unmatched,,C1_execution_aligned_label_S5_000121,,2020-03-02T03:05:00,,,0.6918360818879574,
C1_only_unmatched,,C1_execution_aligned_label_S5_000122,,2020-03-02T04:15:00,,,-1.020688024589216,
C1_only_unmatched,,C1_execution_aligned_label_S5_000123,,2020-03-02T22:52:00,,,-1.0250644514465932,
C1_only_unmatched,,C1_execution_aligned_label_S5_000124,,2020-03-03T03:01:00,,,0.7176299644817633,
C1_only_unmatched,,C1_execution_aligned_label_S5_000125,,2020-03-03T03:02:00,,,0.6270026216137485,
C1_only_unmatched,,C1_execution_aligned_label_S5_000126,,2020-03-03T03:09:00,,,-1.0212688381137744,
C1_only_unmatched,,C1_execution_aligned_label_S5_000127,,2020-03-03T17:03:00,,,0.7388613861386292,
C1_only_unmatched,,C1_execution_aligned_label_S5_000128,,2020-03-03T17:04:00,,,0.6988045738045869,
C1_only_unmatched,,C1_execution_aligned_label_S5_000129,,2020-03-03T17:16:00,,,0.7546574519230819,
C1_only_unmatched,,C1_execution_aligned_label_S5_000130,,2020-03-03T17:41:00,,,0.7391304347826227,
C1_only_unmatched,,C1_execution_aligned_label_S5_000131,,2020-03-03T17:44:00,,,-1.0116040050394732,
C1_only_unmatched,,C1_execution_aligned_label_S5_000132,,2020-03-09T00:04:00,,,0.5522287533676321,
C1_only_unmatched,,C1_execution_aligned_label_S5_000133,,2020-03-09T00:08:00,,,0.6306870608275881,
C1_only_unmatched,,C1_execution_aligned_label_S5_000134,,2020-03-09T00:40:00,,,0.7324682997773162,
C1_only_unmatched,,C1_execution_aligned_label_S5_000135,,2020-03-09T01:00:00,,,-1.012121631917984,
C1_only_unmatched,,C1_execution_aligned_label_S5_000136,,2020-03-09T01:59:00,,,-1.020484607280809,
C1_only_unmatched,,C1_execution_aligned_label_S5_000137,,2020-03-09T09:45:00,,,0.6934131331575139,
C1_only_unmatched,,C1_execution_aligned_label_S5_000138,,2020-03-09T11:07:00,,,-1.0114259597806183,
C1_only_unmatched,,C1_execution_aligned_label_S5_000139,,2020-03-09T11:47:00,,,0.6272746397391736,
C1_only_unmatched,,C1_execution_aligned_label_S5_000140,,2020-03-10T01:54:00,,,0.588630105553003,
C1_only_unmatched,,C1_execution_aligned_label_S5_000141,,2020-03-10T08:14:00,,,0.6358232166148565,
C1_only_unmatched,,C1_execution_aligned_label_S5_000142,,2020-03-10T09:38:00,,,0.5903557461839571,
C1_only_unmatched,,C1_execution_aligned_label_S5_000143,,2020-03-10T17:28:00,,,0.6428067700987039,
C1_only_unmatched,,C1_execution_aligned_label_S5_000144,,2020-03-11T17:09:00,,,-1.0207665836003184,
C1_only_unmatched,,C1_execution_aligned_label_S5_000145,,2020-03-11T17:31:00,,,-1.0204224530283315,
C1_only_unmatched,,C1_execution_aligned_label_S5_000146,,2020-03-12T03:43:00,,,0.6490273497688565,
C1_only_unmatched,,C1_execution_aligned_label_S5_000147,,2020-03-12T03:46:00,,,0.6787699147832236,
C1_only_unmatched,,C1_execution_aligned_label_S5_000148,,2020-03-12T04:01:00,,,0.6546223958333225,
C1_only_unmatched,,C1_execution_aligned_label_S5_000149,,2020-03-12T04:07:00,,,-1.014340735884613,
C1_only_unmatched,,C1_execution_aligned_label_S5_000150,,2020-03-12T04:24:00,,,-1.0241013634485898,
C1_only_unmatched,,C1_execution_aligned_label_S5_000151,,2020-03-12T17:13:00,,,-1.0116682224296392,
C1_only_unmatched,,C1_execution_aligned_label_S5_000152,,2020-03-12T19:07:00,,,-1.0059904836887663,
C1_only_unmatched,,C1_execution_aligned_label_S5_000153,,2020-03-12T19:29:00,,,-1.0073811632713459,
C1_only_unmatched,,C1_execution_aligned_label_S5_000154,,2020-03-13T00:36:00,,,0.5486856223176041,
C1_only_unmatched,,C1_execution_aligned_label_S5_000155,,2020-03-13T00:53:00,,,-1.0328761976328886,
C1_only_unmatched,,C1_execution_aligned_label_S5_000156,,2020-03-13T03:29:00,,,-1.0122198170518597,
C1_only_unmatched,,C1_execution_aligned_label_S5_000157,,2020-03-13T04:02:00,,,0.6584507042253254,
C1_only_unmatched,,C1_execution_aligned_label_S5_000158,,2020-03-13T04:11:00,,,-1.0161349806380213,
C1_only_unmatched,,C1_execution_aligned_label_S5_000159,,2020-03-13T17:52:00,,,0.7502558853633541,
C1_only_unmatched,,C1_execution_aligned_label_S5_000160,,2020-03-16T00:06:00,,,0.6477774033453951,
C1_only_unmatched,,C1_execution_aligned_label_S5_000161,,2020-03-16T00:07:00,,,0.6455757753383804,
C1_only_unmatched,,C1_execution_aligned_label_S5_000162,,2020-03-16T00:16:00,,,-1.0052185841235837,
C1_only_unmatched,,C1_execution_aligned_label_S5_000163,,2020-03-16T00:36:00,,,0.6554090634056122,
C1_only_unmatched,,C1_execution_aligned_label_S5_000164,,2020-03-16T00:41:00,,,-1.0057565789473795,
C1_only_unmatched,,C1_execution_aligned_label_S5_000165,,2020-03-16T01:04:00,,,0.5822259528988943,
C1_only_unmatched,,C1_execution_aligned_label_S5_000166,,2020-03-16T01:22:00,,,-1.0104384133611475,
C1_only_unmatched,,C1_execution_aligned_label_S5_000167,,2020-03-16T01:38:00,,,0.5871056743822799,
C1_only_unmatched,,C1_execution_aligned_label_S5_000168,,2020-03-16T01:54:00,,,-1.0108151535751697,
C1_only_unmatched,,C1_execution_aligned_label_S5_000169,,2020-03-16T02:34:00,,,-1.0132948416014673,
C1_only_unmatched,,C1_execution_aligned_label_S5_000170,,2020-03-16T03:07:00,,,-1.0098452883262816,
C1_only_unmatched,,C1_execution_aligned_label_S5_000171,,2020-03-16T03:39:00,,,0.5335428502357156,
C1_only_unmatched,,C1_execution_aligned_label_S5_000172,,2020-03-16T04:02:00,,,-1.0171534993138824,
C1_only_unmatched,,C1_execution_aligned_label_S5_000173,,2020-03-16T04:25:00,,,0.4919184820801087,
C1_only_unmatched,,C1_execution_aligned_label_S5_000174,,2020-03-16T04:30:00,,,-1.0266362252663963,
C1_only_unmatched,,C1_execution_aligned_label_S5_000175,,2020-03-16T04:45:00,,,0.5257803790412439,
C1_only_unmatched,,C1_execution_aligned_label_S5_000176,,2020-03-16T04:50:00,,,0.5047249055018938,
C1_only_unmatched,,C1_execution_aligned_label_S5_000177,,2020-03-16T04:54:00,,,-1.0150745111551185,
C1_only_unmatched,,C1_execution_aligned_label_S5_000178,,2020-03-16T09:14:00,,,-1.010835242399864,
C1_only_unmatched,,C1_execution_aligned_label_S5_000179,,2020-03-16T11:39:00,,,0.6405662245100178,
C1_only_unmatched,,C1_execution_aligned_label_S5_000180,,2020-03-16T11:42:00,,,-1.0069304185972705,
C1_only_unmatched,,C1_execution_aligned_label_S5_000181,,2020-03-16T12:38:00,,,0.6519144237980217,
C1_only_unmatched,,C1_execution_aligned_label_S5_000182,,2020-03-16T12:55:00,,,-1.0102965403624558,
C1_only_unmatched,,C1_execution_aligned_label_S5_000183,,2020-03-16T17:03:00,,,0.6773019149180035,
C1_only_unmatched,,C1_execution_aligned_label_S5_000184,,2020-03-16T17:31:00,,,-1.0074684192557137,
C1_only_unmatched,,C1_execution_aligned_label_S5_000185,,2020-03-16T17:57:00,,,0.6811082832022157,
C1_only_unmatched,,C1_execution_aligned_label_S5_000186,,2020-03-16T19:28:00,,,-1.0111436576668362,
C1_only_unmatched,,C1_execution_aligned_label_S5_000187,,2020-03-16T20:05:00,,,0.6529898902989876,
C1_only_unmatched,,C1_execution_aligned_label_S5_000188,,2020-03-16T20:08:00,,,0.6383585255900505,
C1_only_unmatched,,C1_execution_aligned_label_S5_000189,,2020-03-16T22:09:00,,,0.6205227095556529,
C1_only_unmatched,,C1_execution_aligned_label_S5_000190,,2020-03-17T00:31:00,,,0.5737864077669838,
C1_only_unmatched,,C1_execution_aligned_label_S5_000191,,2020-03-17T03:07:00,,,-1.0090975254730712,
C1_only_unmatched,,C1_execution_aligned_label_S5_000192,,2020-03-17T03:57:00,,,-1.0112699639360905,
C1_only_unmatched,,C1_execution_aligned_label_S5_000193,,2020-03-17T04:18:00,,,0.6577930442249731,
C1_only_unmatched,,C1_execution_aligned_label_S5_000194,,2020-03-17T04:43:00,,,-1.0159788166544568,
C1_only_unmatched,,C1_execution_aligned_label_S5_000195,,2020-03-17T08:05:00,,,0.5623400214681152,
C1_only_unmatched,,C1_execution_aligned_label_S5_000196,,2020-03-17T08:14:00,,,-1.0130227712456938,
C1_only_unmatched,,C1_execution_aligned_label_S5_000197,,2020-03-17T11:36:00,,,-1.0119315470102965,
C1_only_unmatched,,C1_execution_aligned_label_S5_000198,,2020-03-17T17:02:00,,,0.737989570620219,
C1_only_unmatched,,C1_execution_aligned_label_S5_000199,,2020-03-17T17:03:00,,,0.7284574104457088,
C1_only_unmatched,,C1_execution_aligned_label_S5_000200,,2020-03-17T17:05:00,,,0.7279566383873564,
C1_only_unmatched,,C1_execution_aligned_label_S5_000201,,2020-03-17T17:16:00,,,-1.005823627287849,
C1_only_unmatched,,C1_execution_aligned_label_S5_000202,,2020-03-17T17:39:00,,,0.7150992655497092,
C1_only_unmatched,,C1_execution_aligned_label_S5_000203,,2020-03-18T01:51:00,,,-1.0201033888570181,
C1_only_unmatched,,C1_execution_aligned_label_S5_000204,,2020-03-18T09:21:00,,,0.6493333333333544,
C1_only_unmatched,,C1_execution_aligned_label_S5_000205,,2020-03-18T09:44:00,,,-1.0108365843086486,
C1_only_unmatched,,C1_execution_aligned_label_S5_000206,,2020-03-18T12:34:00,,,-1.0191864927091552,
C1_only_unmatched,,C1_execution_aligned_label_S5_000207,,2020-03-18T17:08:00,,,-1.0096706454465023,
C1_only_unmatched,,C1_execution_aligned_label_S5_000208,,2020-03-18T19:31:00,,,0.6956566629955719,
C1_only_unmatched,,C1_execution_aligned_label_S5_000209,,2020-03-18T19:58:00,,,0.7356900452488683,
C1_only_unmatched,,C1_execution_aligned_label_S5_000210,,2020-03-18T22:27:00,,,0.6074879227053603,
C1_only_unmatched,,C1_execution_aligned_label_S5_000211,,2020-03-18T22:52:00,,,0.6231606827545662,
C1_only_unmatched,,C1_execution_aligned_label_S5_000212,,2020-03-19T00:01:00,,,-1.030487804877982,
C1_only_unmatched,,C1_execution_aligned_label_S5_000213,,2020-03-19T00:22:00,,,-1.0214776632302038,
C1_only_unmatched,,C1_execution_aligned_label_S5_000214,,2020-03-19T00:43:00,,,-1.0348328025477311,
C1_only_unmatched,,C1_execution_aligned_label_S5_000215,,2020-03-19T02:04:00,,,-1.013469827586198,
C1_only_unmatched,,C1_execution_aligned_label_S5_000216,,2020-03-19T02:57:00,,,0.664737116991621,
C1_only_unmatched,,C1_execution_aligned_label_S5_000217,,2020-03-19T03:02:00,,,-1.01079780341829,
C1_only_unmatched,,C1_execution_aligned_label_S5_000218,,2020-03-19T03:17:00,,,0.6957852035203324,
C1_only_unmatched,,C1_execution_aligned_label_S5_000219,,2020-03-19T03:35:00,,,-1.0185459940652455,
C1_only_unmatched,,C1_execution_aligned_label_S5_000220,,2020-03-19T03:54:00,,,-1.0204918032786963,
C1_only_unmatched,,C1_execution_aligned_label_S5_000221,,2020-03-19T04:16:00,,,0.5922208577366544,
C1_only_unmatched,,C1_execution_aligned_label_S5_000222,,2020-03-19T04:19:00,,,-1.0180115273775499,
C1_only_unmatched,,C1_execution_aligned_label_S5_000223,,2020-03-19T04:52:00,,,-1.0236998916576285,
C1_only_unmatched,,C1_execution_aligned_label_S5_000224,,2020-03-19T09:01:00,,,-1.01361655773421,
C1_only_unmatched,,C1_execution_aligned_label_S5_000225,,2020-03-19T17:01:00,,,-1.0108480039672585,
C1_only_unmatched,,C1_execution_aligned_label_S5_000226,,2020-03-19T22:01:00,,,0.6793000627746201,
C1_only_unmatched,,C1_execution_aligned_label_S5_000227,,2020-03-20T00:11:00,,,0.660161090458469,
C1_only_unmatched,,C1_execution_aligned_label_S5_000228,,2020-03-20T00:26:00,,,0.6519343548997291,
C1_only_unmatched,,C1_execution_aligned_label_S5_000229,,2020-03-20T00:49:00,,,-1.032576321667938,
C1_only_unmatched,,C1_execution_aligned_label_S5_000230,,2020-03-20T01:26:00,,,1.0151006711409467,
C1_only_unmatched,,C1_execution_aligned_label_S5_000231,,2020-03-23T00:01:00,,,-1.0133955909369012,
C1_only_unmatched,,C1_execution_aligned_label_S5_000232,,2020-03-23T00:17:00,,,0.7346330275229519,
C1_only_unmatched,,C1_execution_aligned_label_S5_000233,,2020-03-23T00:22:00,,,-1.0085817967830433,
C1_only_unmatched,,C1_execution_aligned_label_S5_000234,,2020-03-23T00:50:00,,,-1.0164103525881427,
C1_only_unmatched,,C1_execution_aligned_label_S5_000235,,2020-03-23T01:33:00,,,-1.0168398768282925,
C1_only_unmatched,,C1_execution_aligned_label_S5_000236,,2020-03-23T03:11:00,,,0.7184244070050827,
C1_only_unmatched,,C1_execution_aligned_label_S5_000237,,2020-03-23T04:02:00,,,0.7633381398701994,
C1_only_unmatched,,C1_execution_aligned_label_S5_000238,,2020-03-23T04:04:00,,,-1.0278662420381686,
C1_only_unmatched,,C1_execution_aligned_label_S5_000239,,2020-03-23T04:48:00,,,-1.026355421686726,
C1_only_unmatched,,C1_execution_aligned_label_S5_000240,,2020-03-24T03:11:00,,,-1.0141585760517522,
C1_only_unmatched,,C1_execution_aligned_label_S5_000241,,2020-03-24T04:45:00,,,-1.0208036138849321,
C1_only_unmatched,,C1_execution_aligned_label_S5_000242,,2020-03-25T00:21:00,,,-1.0066620983706298,
C1_only_unmatched,,C1_execution_aligned_label_S5_000243,,2020-03-25T04:42:00,,,-1.0089354097523566,
C1_only_unmatched,,C1_execution_aligned_label_S5_000244,,2020-03-26T02:59:00,,,0.6885587032710536,
C1_only_unmatched,,C1_execution_aligned_label_S5_000245,,2020-03-31T12:33:00,,,-1.0259105715131573,
C1_only_unmatched,,C1_execution_aligned_label_S5_000246,,2020-04-06T01:06:00,,,-1.0102243514840008,
C1_only_unmatched,,C1_execution_aligned_label_S5_000247,,2020-04-06T17:03:00,,,-1.0108797015853377,
C1_only_unmatched,,C1_execution_aligned_label_S5_000248,,2020-04-13T01:16:00,,,-1.0079368678851597,
C1_only_unmatched,,C1_execution_aligned_label_S5_000249,,2020-04-15T09:54:00,,,0.46418506341009125,
C1_only_unmatched,,C1_execution_aligned_label_S5_000250,,2020-04-17T12:14:00,,,0.5291075454183704,
C1_only_unmatched,,C1_execution_aligned_label_S5_000251,,2020-04-17T12:35:00,,,0.6133564054434983,
C1_only_unmatched,,C1_execution_aligned_label_S5_000252,,2020-04-20T04:36:00,,,-1.0272119421551549,
C1_only_unmatched,,C1_execution_aligned_label_S5_000253,,2020-04-20T17:03:00,,,-1.0186487638533601,
C1_only_unmatched,,C1_execution_aligned_label_S5_000254,,2020-04-20T19:06:00,,,-1.0163307204180794,
C1_only_unmatched,,C1_execution_aligned_label_S5_000255,,2020-04-21T12:24:00,,,-1.0093288554827016,
C1_only_unmatched,,C1_execution_aligned_label_S5_000256,,2020-04-21T17:07:00,,,0.5136396872715182,
C1_only_unmatched,,C1_execution_aligned_label_S5_000257,,2020-04-21T17:25:00,,,-1.0112888659527948,
C1_only_unmatched,,C1_execution_aligned_label_S5_000258,,2020-04-22T04:23:00,,,-1.022438774201853,
C1_only_unmatched,,C1_execution_aligned_label_S5_000259,,2020-04-27T09:49:00,,,-1.0223214285714521,
C1_only_unmatched,,C1_execution_aligned_label_S5_000260,,2020-04-27T12:36:00,,,-1.0241046831955993,
C1_only_unmatched,,C1_execution_aligned_label_S5_000261,,2020-04-28T04:52:00,,,-1.0222702977857072,
C1_only_unmatched,,C1_execution_aligned_label_S5_000262,,2020-04-28T17:04:00,,,0.5879815149948446,
C1_only_unmatched,,C1_execution_aligned_label_S5_000263,,2020-04-28T17:14:00,,,0.6827217125382541,
C1_only_unmatched,,C1_execution_aligned_label_S5_000264,,2020-04-28T18:46:00,,,-1.0174528772314362,
C1_only_unmatched,,C1_execution_aligned_label_S5_000265,,2020-04-29T11:01:00,,,-1.0243902439024413,
C1_only_unmatched,,C1_execution_aligned_label_S5_000266,,2020-04-29T22:02:00,,,0.5043412198827532,
C1_only_unmatched,,C1_execution_aligned_label_S5_000267,,2020-04-30T19:19:00,,,0.7110234337637484,
C1_only_unmatched,,C1_execution_aligned_label_S5_000268,,2020-05-01T08:44:00,,,-1.0213310580205028,
C1_only_unmatched,,C1_execution_aligned_label_S5_000269,,2020-05-01T09:04:00,,,0.658517779390439,
C1_only_unmatched,,C1_execution_aligned_label_S5_000270,,2020-05-01T11:49:00,,,0.6241400355082403,
C1_only_unmatched,,C1_execution_aligned_label_S5_000271,,2020-05-04T17:02:00,,,0.503097598170019,
C1_only_unmatched,,C1_execution_aligned_label_S5_000272,,2020-05-06T04:06:00,,,0.44153299865306433,
C1_only_unmatched,,C1_execution_aligned_label_S5_000273,,2020-05-06T04:18:00,,,-1.023894046968919,
C1_only_unmatched,,C1_execution_aligned_label_S5_000274,,2020-05-11T01:10:00,,,0.5710260283523421,
C1_only_unmatched,,C1_execution_aligned_label_S5_000275,,2020-05-11T02:46:00,,,-1.0241579237990006,
C1_only_unmatched,,C1_execution_aligned_label_S5_000276,,2020-05-11T04:43:00,,,-1.0269272195722896,
C1_only_unmatched,,C1_execution_aligned_label_S5_000277,,2020-05-11T09:46:00,,,0.5813589324618402,
C1_only_unmatched,,C1_execution_aligned_label_S5_000278,,2020-05-18T01:08:00,,,-1.0113917458664161,
C1_only_unmatched,,C1_execution_aligned_label_S5_000279,,2020-05-18T01:33:00,,,0.6802959501557929,
C1_only_unmatched,,C1_execution_aligned_label_S5_000280,,2020-05-19T09:42:00,,,0.6867459190915252,
C1_only_unmatched,,C1_execution_aligned_label_S5_000281,,2020-05-21T17:03:00,,,-1.0195181797902781,
C1_only_unmatched,,C1_execution_aligned_label_S5_000282,,2020-05-21T17:36:00,,,0.7085777126099335,
C1_only_unmatched,,C1_execution_aligned_label_S5_000283,,2020-05-25T17:22:00,,,-1.0284923477694077,
C1_only_unmatched,,C1_execution_aligned_label_S5_000284,,2020-05-26T17:04:00,,,0.740443269621802,
C1_only_unmatched,,C1_execution_aligned_label_S5_000285,,2020-05-26T17:08:00,,,-1.0115177043570087,
C1_only_unmatched,,C1_execution_aligned_label_S5_000286,,2020-05-26T17:59:00,,,0.6977164759230897,
C1_only_unmatched,,C1_execution_aligned_label_S5_000287,,2020-06-01T01:01:00,,,-1.0201473635735667,
C1_only_unmatched,,C1_execution_aligned_label_S5_000288,,2020-06-01T01:16:00,,,0.25636757116702,
C1_only_unmatched,,C1_execution_aligned_label_S5_000289,,2020-06-01T17:12:00,,,0.6981608948160916,
C1_only_unmatched,,C1_execution_aligned_label_S5_000290,,2020-06-03T03:04:00,,,0.6605815947413581,
C1_only_unmatched,,C1_execution_aligned_label_S5_000291,,2020-06-03T03:16:00,,,0.5276162790697939,
C1_only_unmatched,,C1_execution_aligned_label_S5_000292,,2020-06-03T11:43:00,,,0.6616161616161564,
C1_only_unmatched,,C1_execution_aligned_label_S5_000293,,2020-06-03T11:46:00,,,0.5929155313351098,
C1_only_unmatched,,C1_execution_aligned_label_S5_000294,,2020-06-03T17:08:00,,,-1.0200091470386077,
C1_only_unmatched,,C1_execution_aligned_label_S5_000295,,2020-06-03T17:25:00,,,-1.0154894671623276,
C1_only_unmatched,,C1_execution_aligned_label_S5_000296,,2020-06-03T17:50:00,,,0.6940327613104432,
C1_only_unmatched,,C1_execution_aligned_label_S5_000297,,2020-06-08T01:04:00,,,0.5577312626603481,
C1_only_unmatched,,C1_execution_aligned_label_S5_000298,,2020-06-08T04:05:00,,,0.7946273830156204,
C1_only_unmatched,,C1_execution_aligned_label_S5_000299,,2020-06-15T09:01:00,,,0.7064714946070682,
C1_only_unmatched,,C1_execution_aligned_label_S5_000300,,2020-06-15T12:39:00,,,0.6493694738367798,
C1_only_unmatched,,C1_execution_aligned_label_S5_000301,,2020-06-15T17:41:00,,,0.7064714946070682,
C1_only_unmatched,,C1_execution_aligned_label_S5_000302,,2020-06-17T12:33:00,,,0.6094856503913249,
C1_only_unmatched,,C1_execution_aligned_label_S5_000303,,2020-06-22T01:06:00,,,-1.0149355637108628,
C1_only_unmatched,,C1_execution_aligned_label_S5_000304,,2020-07-22T02:12:00,,,-1.023703101720182,
C1_only_unmatched,,C1_execution_aligned_label_S5_000305,,2020-07-22T04:08:00,,,0.5812541037426225,
C1_only_unmatched,,C1_execution_aligned_label_S5_000306,,2020-07-22T04:09:00,,,0.5949660284126342,
C1_only_unmatched,,C1_execution_aligned_label_S5_000307,,2020-07-22T04:10:00,,,0.6077160134899573,
C1_only_unmatched,,C1_execution_aligned_label_S5_000308,,2020-07-22T04:12:00,,,0.6420482044332615,
C1_only_unmatched,,C1_execution_aligned_label_S5_000309,,2020-07-22T04:13:00,,,0.662543643021376,
C1_only_unmatched,,C1_execution_aligned_label_S5_000310,,2020-07-22T04:15:00,,,-1.0129985887246578,
C1_only_unmatched,,C1_execution_aligned_label_S5_000311,,2020-07-22T11:12:00,,,0.5801556933632042,
C1_only_unmatched,,C1_execution_aligned_label_S5_000312,,2020-07-27T01:11:00,,,0.5433825433825166,
C1_only_unmatched,,C1_execution_aligned_label_S5_000313,,2020-07-28T04:09:00,,,0.6704774578594822,
C1_only_unmatched,,C1_execution_aligned_label_S5_000314,,2020-07-28T04:12:00,,,0.6876727865598503,
C1_only_unmatched,,C1_execution_aligned_label_S5_000315,,2020-07-29T22:06:00,,,0.7481186714471458,
C1_only_unmatched,,C1_execution_aligned_label_S5_000316,,2020-07-29T22:08:00,,,0.7538663030607509,
C1_only_unmatched,,C1_execution_aligned_label_S5_000317,,2020-07-30T12:11:00,,,-1.0208110357950004,
C1_only_unmatched,,C1_execution_aligned_label_S5_000318,,2020-07-30T17:04:00,,,0.6392717057139828,
C1_only_unmatched,,C1_execution_aligned_label_S5_000319,,2020-08-03T01:06:00,,,0.7044342305402996,
C1_only_unmatched,,C1_execution_aligned_label_S5_000320,,2020-08-03T01:32:00,,,0.45178778882147247,
C1_only_unmatched,,C1_execution_aligned_label_S5_000321,,2020-08-03T17:08:00,,,0.6532025389498043,
C1_only_unmatched,,C1_execution_aligned_label_S5_000322,,2020-08-03T17:12:00,,,0.658533184606763,
C1_only_unmatched,,C1_execution_aligned_label_S5_000323,,2020-08-10T01:04:00,,,0.6201458116351786,
C1_only_unmatched,,C1_execution_aligned_label_S5_000324,,2020-08-10T17:02:00,,,0.6368887694787753,
C1_only_unmatched,,C1_execution_aligned_label_S5_000325,,2020-08-10T17:18:00,,,-1.020980697758039,
C1_only_unmatched,,C1_execution_aligned_label_S5_000326,,2020-08-11T03:38:00,,,-1.0249821556031722,
C1_only_unmatched,,C1_execution_aligned_label_S5_000327,,2020-08-11T04:18:00,,,0.620911009497027,
C1_only_unmatched,,C1_execution_aligned_label_S5_000328,,2020-08-11T08:41:00,,,-1.0237868696479566,
C1_only_unmatched,,C1_execution_aligned_label_S5_000329,,2020-08-11T09:00:00,,,0.6079609463011686,
C1_only_unmatched,,C1_execution_aligned_label_S5_000330,,2020-08-11T09:13:00,,,-1.0196872539093649,
C1_only_unmatched,,C1_execution_aligned_label_S5_000331,,2020-08-11T09:35:00,,,0.68916522001659,
C1_only_unmatched,,C1_execution_aligned_label_S5_000332,,2020-08-11T11:10:00,,,0.6677004873726015,
C1_only_unmatched,,C1_execution_aligned_label_S5_000333,,2020-08-11T11:11:00,,,0.6745927926407608,
C1_only_unmatched,,C1_execution_aligned_label_S5_000334,,2020-08-11T11:29:00,,,0.6844085600062955,
C1_only_unmatched,,C1_execution_aligned_label_S5_000335,,2020-08-11T17:01:00,,,0.7186584735542364,
C1_only_unmatched,,C1_execution_aligned_label_S5_000336,,2020-08-11T17:22:00,,,-1.0120283180974714,
C1_only_unmatched,,C1_execution_aligned_label_S5_000337,,2020-08-11T20:20:00,,,0.6927445950897544,
C1_only_unmatched,,C1_execution_aligned_label_S5_000338,,2020-08-11T22:24:00,,,0.6814079422382374,
C1_only_unmatched,,C1_execution_aligned_label_S5_000339,,2020-08-11T22:35:00,,,0.67412566686425,
C1_only_unmatched,,C1_execution_aligned_label_S5_000340,,2020-08-12T02:06:00,,,-1.026451027811333,
C1_only_unmatched,,C1_execution_aligned_label_S5_000341,,2020-08-12T02:38:00,,,-1.0271486192988428,
C1_only_unmatched,,C1_execution_aligned_label_S5_000342,,2020-08-12T03:00:00,,,0.6427906976744265,
C1_only_unmatched,,C1_execution_aligned_label_S5_000343,,2020-08-12T03:04:00,,,0.6346087998630113,
C1_only_unmatched,,C1_execution_aligned_label_S5_000344,,2020-08-12T03:07:00,,,0.6636376059032241,
C1_only_unmatched,,C1_execution_aligned_label_S5_000345,,2020-08-12T03:26:00,,,0.5891158188506435,
C1_only_unmatched,,C1_execution_aligned_label_S5_000346,,2020-08-12T03:38:00,,,-1.0188923674835662,
C1_only_unmatched,,C1_execution_aligned_label_S5_000347,,2020-08-12T03:58:00,,,-1.0218968968968938,
C1_only_unmatched,,C1_execution_aligned_label_S5_000348,,2020-08-12T04:31:00,,,-1.0209882465819253,
C1_only_unmatched,,C1_execution_aligned_label_S5_000349,,2020-08-12T04:59:00,,,-1.0085805344447234,
C1_only_unmatched,,C1_execution_aligned_label_S5_000350,,2020-08-12T08:08:00,,,0.6721809588116359,
C1_only_unmatched,,C1_execution_aligned_label_S5_000351,,2020-08-12T09:59:00,,,0.7325439154474659,
C1_only_unmatched,,C1_execution_aligned_label_S5_000352,,2020-08-12T11:41:00,,,-1.0093378154847756,
C1_only_unmatched,,C1_execution_aligned_label_S5_000353,,2020-08-13T04:14:00,,,-1.0141757796678526,
C1_only_unmatched,,C1_execution_aligned_label_S5_000354,,2020-08-17T01:06:00,,,0.6035673187571976,
C1_only_unmatched,,C1_execution_aligned_label_S5_000355,,2020-08-17T01:07:00,,,0.6184538653366715,
C1_only_unmatched,,C1_execution_aligned_label_S5_000356,,2020-08-17T01:12:00,,,0.5960737346386282,
C1_only_unmatched,,C1_execution_aligned_label_S5_000357,,2020-08-17T02:55:00,,,-1.0200849305635367,
C1_only_unmatched,,C1_execution_aligned_label_S5_000358,,2020-08-17T03:11:00,,,0.6590816741162124,
C1_only_unmatched,,C1_execution_aligned_label_S5_000359,,2020-08-17T03:15:00,,,-1.0148531658462252,
C1_only_unmatched,,C1_execution_aligned_label_S5_000360,,2020-08-17T03:47:00,,,0.5933686469089691,
C1_only_unmatched,,C1_execution_aligned_label_S5_000361,,2020-08-17T03:50:00,,,0.593171435441172,
C1_only_unmatched,,C1_execution_aligned_label_S5_000362,,2020-08-17T03:54:00,,,0.6192798864845362,
C1_only_unmatched,,C1_execution_aligned_label_S5_000363,,2020-08-17T03:59:00,,,0.6222493887530683,
C1_only_unmatched,,C1_execution_aligned_label_S5_000364,,2020-08-17T04:01:00,,,-1.0197072072071767,
C1_only_unmatched,,C1_execution_aligned_label_S5_000365,,2020-08-17T04:18:00,,,0.5907512626262801,
C1_only_unmatched,,C1_execution_aligned_label_S5_000366,,2020-08-17T04:22:00,,,0.5709550445411566,
C1_only_unmatched,,C1_execution_aligned_label_S5_000367,,2020-08-17T04:34:00,,,0.5405771575667252,
C1_only_unmatched,,C1_execution_aligned_label_S5_000368,,2020-08-17T04:44:00,,,0.6728594507269967,
C1_only_unmatched,,C1_execution_aligned_label_S5_000369,,2020-08-18T04:08:00,,,0.6043126512931339,
C1_only_unmatched,,C1_execution_aligned_label_S5_000370,,2020-08-18T04:10:00,,,-1.0219051195393207,
C1_only_unmatched,,C1_execution_aligned_label_S5_000371,,2020-08-18T04:50:00,,,-1.0247140234430039,
C1_only_unmatched,,C1_execution_aligned_label_S5_000372,,2020-08-18T17:11:00,,,-1.0116596708641408,
C1_only_unmatched,,C1_execution_aligned_label_S5_000373,,2020-08-19T04:01:00,,,0.6156457336830646,
C1_only_unmatched,,C1_execution_aligned_label_S5_000374,,2020-08-19T04:03:00,,,0.5403682719546672,
C1_only_unmatched,,C1_execution_aligned_label_S5_000375,,2020-08-19T04:08:00,,,0.49545454545453016,
C1_only_unmatched,,C1_execution_aligned_label_S5_000376,,2020-08-19T04:10:00,,,0.5473484848484503,
C1_only_unmatched,,C1_execution_aligned_label_S5_000377,,2020-08-19T04:11:00,,,-1.0198931453904967,
C1_only_unmatched,,C1_execution_aligned_label_S5_000378,,2020-08-19T04:34:00,,,0.5906313645620653,
C1_only_unmatched,,C1_execution_aligned_label_S5_000379,,2020-08-19T04:48:00,,,-1.0208855472013503,
C1_only_unmatched,,C1_execution_aligned_label_S5_000380,,2020-08-19T08:44:00,,,-1.0227361309601526,
C1_only_unmatched,,C1_execution_aligned_label_S5_000381,,2020-08-19T09:11:00,,,-1.019485580670317,
C1_only_unmatched,,C1_execution_aligned_label_S5_000382,,2020-08-20T02:54:00,,,0.5831699803976427,
C1_only_unmatched,,C1_execution_aligned_label_S5_000383,,2020-08-20T03:01:00,,,0.588686481303949,
C1_only_unmatched,,C1_execution_aligned_label_S5_000384,,2020-08-20T03:07:00,,,-1.0201705855232535,
C1_only_unmatched,,C1_execution_aligned_label_S5_000385,,2020-08-20T03:43:00,,,0.5714924039320579,
C1_only_unmatched,,C1_execution_aligned_label_S5_000386,,2020-08-20T04:01:00,,,-1.019485580670317,
C1_only_unmatched,,C1_execution_aligned_label_S5_000387,,2020-08-20T04:20:00,,,-1.0195290704162425,
C1_only_unmatched,,C1_execution_aligned_label_S5_000388,,2020-08-20T04:38:00,,,0.6702220287331047,
C1_only_unmatched,,C1_execution_aligned_label_S5_000389,,2020-08-20T04:44:00,,,0.6517461878996443,
C1_only_unmatched,,C1_execution_aligned_label_S5_000390,,2020-08-20T04:48:00,,,0.6347492657457052,
C1_only_unmatched,,C1_execution_aligned_label_S5_000391,,2020-08-21T11:10:00,,,-1.021828614194822,
C1_only_unmatched,,C1_execution_aligned_label_S5_000392,,2020-08-24T01:04:00,,,-1.0281667471431488,
C1_only_unmatched,,C1_execution_aligned_label_S5_000393,,2020-08-24T03:07:00,,,0.6484434320424921,
C1_only_unmatched,,C1_execution_aligned_label_S5_000394,,2020-08-24T04:07:00,,,0.5298601029431135,
C1_only_unmatched,,C1_execution_aligned_label_S5_000395,,2020-08-24T04:16:00,,,0.6072415525687789,
C1_only_unmatched,,C1_execution_aligned_label_S5_000396,,2020-08-26T17:09:00,,,0.6830282861896575,
C1_only_unmatched,,C1_execution_aligned_label_S5_000397,,2020-08-31T01:03:00,,,0.607137779041655,
C1_only_unmatched,,C1_execution_aligned_label_S5_000398,,2020-08-31T01:09:00,,,0.6060760353021406,
C1_only_unmatched,,C1_execution_aligned_label_S5_000399,,2020-08-31T01:13:00,,,-1.0167849606752588,
C1_only_unmatched,,C1_execution_aligned_label_S5_000400,,2020-08-31T01:52:00,,,0.6500228345258177,
C1_only_unmatched,,C1_execution_aligned_label_S5_000401,,2020-09-02T04:09:00,,,-1.0202335530118898,
C1_only_unmatched,,C1_execution_aligned_label_S5_000402,,2020-09-02T04:24:00,,,-1.0233925945728968,
C1_only_unmatched,,C1_execution_aligned_label_S5_000403,,2020-09-07T04:24:00,,,0.8197350739105542,
C1_only_unmatched,,C1_execution_aligned_label_S5_000404,,2020-09-07T04:34:00,,,-1.0288921908535769,
C1_only_unmatched,,C1_execution_aligned_label_S5_000405,,2020-09-07T17:08:00,,,0.6256410256410357,
C1_only_unmatched,,C1_execution_aligned_label_S5_000406,,2020-09-14T01:09:00,,,0.5755238649592664,
C1_only_unmatched,,C1_execution_aligned_label_S5_000407,,2020-09-14T01:16:00,,,0.49328546735806744,
C1_only_unmatched,,C1_execution_aligned_label_S5_000408,,2020-09-14T04:06:00,,,0.820365033621532,
C1_only_unmatched,,C1_execution_aligned_label_S5_000409,,2020-09-14T04:09:00,,,0.6811293667251817,
C1_only_unmatched,,C1_execution_aligned_label_S5_000410,,2020-09-15T17:05:00,,,0.6622690079985305,
C1_only_unmatched,,C1_execution_aligned_label_S5_000411,,2020-09-17T17:17:00,,,0.6403665859053939,
C1_only_unmatched,,C1_execution_aligned_label_S5_000412,,2020-09-21T01:06:00,,,0.502611784371098,
C1_only_unmatched,,C1_execution_aligned_label_S5_000413,,2020-09-21T17:03:00,,,0.6430793157076056,
C1_only_unmatched,,C1_execution_aligned_label_S5_000414,,2020-09-21T17:21:00,,,-1.016335293568559,
C1_only_unmatched,,C1_execution_aligned_label_S5_000415,,2020-09-21T17:36:00,,,-1.009055627425633,
C1_only_unmatched,,C1_execution_aligned_label_S5_000416,,2020-09-21T17:53:00,,,0.7014676904260528,
C1_only_unmatched,,C1_execution_aligned_label_S5_000417,,2020-09-21T17:54:00,,,0.7071106094807962,
C1_only_unmatched,,C1_execution_aligned_label_S5_000418,,2020-09-21T18:02:00,,,0.6912157648630762,
C1_only_unmatched,,C1_execution_aligned_label_S5_000419,,2020-09-21T18:20:00,,,0.6937195609507707,
C1_only_unmatched,,C1_execution_aligned_label_S5_000420,,2020-09-21T18:31:00,,,-1.0136239782016525,
C1_only_unmatched,,C1_execution_aligned_label_S5_000421,,2020-09-21T19:27:00,,,-1.018871993960989,
C1_only_unmatched,,C1_execution_aligned_label_S5_000422,,2020-09-22T03:46:00,,,0.6755260243632352,
C1_only_unmatched,,C1_execution_aligned_label_S5_000423,,2020-09-22T04:26:00,,,0.6465884861407397,
C1_only_unmatched,,C1_execution_aligned_label_S5_000424,,2020-09-22T04:35:00,,,-1.0198120683799,
C1_only_unmatched,,C1_execution_aligned_label_S5_000425,,2020-09-22T09:25:00,,,0.5959244532803132,
C1_only_unmatched,,C1_execution_aligned_label_S5_000426,,2020-09-22T09:31:00,,,-1.0168447396284357,
C1_only_unmatched,,C1_execution_aligned_label_S5_000427,,2020-09-23T04:02:00,,,-1.026559417210519,
C1_only_unmatched,,C1_execution_aligned_label_S5_000428,,2020-09-23T04:28:00,,,0.7245884948243442,
C1_only_unmatched,,C1_execution_aligned_label_S5_000429,,2020-09-23T09:18:00,,,0.6463185192718501,
C1_only_unmatched,,C1_execution_aligned_label_S5_000430,,2020-09-23T22:08:00,,,0.6380883765609868,
C1_only_unmatched,,C1_execution_aligned_label_S5_000431,,2020-09-24T02:20:00,,,0.6383614890118177,
C1_only_unmatched,,C1_execution_aligned_label_S5_000432,,2020-09-24T03:08:00,,,0.6183924692251909,
C1_only_unmatched,,C1_execution_aligned_label_S5_000433,,2020-09-24T03:17:00,,,-1.0249678984163257,
C1_only_unmatched,,C1_execution_aligned_label_S5_000434,,2020-09-24T04:02:00,,,0.614476903151512,
C1_only_unmatched,,C1_execution_aligned_label_S5_000435,,2020-09-24T04:04:00,,,-1.0227716330513839,
C1_only_unmatched,,C1_execution_aligned_label_S5_000436,,2020-09-24T04:25:00,,,-1.023518344308558,
C1_only_unmatched,,C1_execution_aligned_label_S5_000437,,2020-09-28T01:07:00,,,0.5067703445501932,
C1_only_unmatched,,C1_execution_aligned_label_S5_000438,,2020-09-28T01:15:00,,,0.5276134122287947,
C1_only_unmatched,,C1_execution_aligned_label_S5_000439,,2020-09-28T04:09:00,,,-1.032329576944392,
C1_only_unmatched,,C1_execution_aligned_label_S5_000440,,2020-09-28T11:23:00,,,0.6372183256230323,
C1_only_unmatched,,C1_execution_aligned_label_S5_000441,,2020-09-28T11:47:00,,,0.5995373387202341,
C1_only_unmatched,,C1_execution_aligned_label_S5_000442,,2020-09-29T04:26:00,,,-1.0291036088475,
C1_only_unmatched,,C1_execution_aligned_label_S5_000443,,2020-10-05T01:03:00,,,-1.0273394782064738,
C1_only_unmatched,,C1_execution_aligned_label_S5_000444,,2020-10-05T17:14:00,,,0.5994262615725768,
C1_only_unmatched,,C1_execution_aligned_label_S5_000445,,2020-10-05T17:28:00,,,-1.0203654137088303,
C1_only_unmatched,,C1_execution_aligned_label_S5_000446,,2020-10-06T22:04:00,,,-1.0103617739357047,
C1_only_unmatched,,C1_execution_aligned_label_S5_000447,,2020-10-14T04:25:00,,,0.6084717193157849,
C1_only_unmatched,,C1_execution_aligned_label_S5_000450,,2020-10-15T04:11:00,,,0.6205493387588993,
C1_only_unmatched,,C1_execution_aligned_label_S5_000451,,2020-10-15T04:21:00,,,-1.0318355466617912,
C1_only_unmatched,,C1_execution_aligned_label_S5_000452,,2020-10-15T12:07:00,,,0.5989807918463341,
C1_only_unmatched,,C1_execution_aligned_label_S5_000453,,2020-10-15T12:13:00,,,0.6159328762179812,
C1_only_unmatched,,C1_execution_aligned_label_S5_000454,,2020-10-15T17:01:00,,,0.6385340146918288,
C1_only_unmatched,,C1_execution_aligned_label_S5_000455,,2020-10-26T00:09:00,,,-1.0314691602230135,
C1_only_unmatched,,C1_execution_aligned_label_S5_000456,,2020-10-26T00:32:00,,,-1.0297366185216656,
C1_only_unmatched,,C1_execution_aligned_label_S5_000457,,2020-10-26T00:59:00,,,0.686826443622327,
C1_only_unmatched,,C1_execution_aligned_label_S5_000458,,2020-10-26T01:06:00,,,0.5933027650409736,
C1_only_unmatched,,C1_execution_aligned_label_S5_000459,,2020-10-28T17:01:00,,,0.6276722090261552,
C1_only_unmatched,,C1_execution_aligned_label_S5_000460,,2020-11-02T03:13:00,,,0.8097857007396124,
C1_only_unmatched,,C1_execution_aligned_label_S5_000461,,2020-11-04T01:22:00,,,0.6095864895070278,
C1_only_unmatched,,C1_execution_aligned_label_S5_000462,,2020-11-04T03:03:00,,,0.7265555146478777,
C1_only_unmatched,,C1_execution_aligned_label_S5_000463,,2020-11-04T03:14:00,,,-1.008319467554095,
C1_only_unmatched,,C1_execution_aligned_label_S5_000464,,2020-11-04T04:41:00,,,0.7092938798711586,
C1_only_unmatched,,C1_execution_aligned_label_S5_000465,,2020-11-04T04:47:00,,,0.7049463568748946,
C1_only_unmatched,,C1_execution_aligned_label_S5_000466,,2020-11-04T04:54:00,,,0.6878860672614878,
C1_only_unmatched,,C1_execution_aligned_label_S5_000467,,2020-11-04T09:53:00,,,0.6570674403120145,
C1_only_unmatched,,C1_execution_aligned_label_S5_000468,,2020-11-09T01:07:00,,,0.5818598559266054,
C1_only_unmatched,,C1_execution_aligned_label_S5_000469,,2020-11-09T17:13:00,,,-1.012908460573887,
C1_only_unmatched,,C1_execution_aligned_label_S5_000471,,2020-11-18T12:44:00,,,0.6743630573248446,
C1_only_unmatched,,C1_execution_aligned_label_S5_000472,,2020-11-23T17:05:00,,,-1.0087684136687114,
C1_only_unmatched,,C1_execution_aligned_label_S5_000473,,2020-11-24T02:02:00,,,-1.0347843371099323,
C1_only_unmatched,,C1_execution_aligned_label_S5_000474,,2020-11-24T03:07:00,,,-1.0308424391963493,
C1_only_unmatched,,C1_execution_aligned_label_S5_000476,,2020-11-25T03:04:00,,,-0.041543026706151065,
C1_only_unmatched,,C1_execution_aligned_label_S5_000477,,2020-11-26T02:39:00,,,0.6284373989000221,
C1_only_unmatched,,C1_execution_aligned_label_S5_000478,,2020-11-30T01:13:00,,,-1.0310614128505124,
C1_only_unmatched,,C1_execution_aligned_label_S5_000479,,2020-11-30T02:35:00,,,-1.0307773478720272,
C1_only_unmatched,,C1_execution_aligned_label_S5_000480,,2020-11-30T04:46:00,,,-1.0309953949699584,
C1_only_unmatched,,C1_execution_aligned_label_S5_000481,,2020-11-30T12:54:00,,,0.6062590975254618,
C1_only_unmatched,,C1_execution_aligned_label_S5_000482,,2020-11-30T17:02:00,,,-1.0207395117326326,
C1_only_unmatched,,C1_execution_aligned_label_S5_000483,,2020-12-07T11:09:00,,,0.5669752246120362,
C1_only_unmatched,,C1_execution_aligned_label_S5_000484,,2020-12-09T17:02:00,,,-1.0142717338117502,
C1_only_unmatched,,C1_execution_aligned_label_S5_000485,,2020-12-09T20:59:00,,,-1.0226860254083427,
C1_only_unmatched,,C1_execution_aligned_label_S5_000486,,2020-12-14T01:03:00,,,0.599242424242406,
C1_only_unmatched,,C1_execution_aligned_label_S5_000487,,2020-12-14T12:31:00,,,0.5827877109040717,
C1_only_unmatched,,C1_execution_aligned_label_S5_000488,,2020-12-14T12:44:00,,,0.5789052496799267,
C1_only_unmatched,,C1_execution_aligned_label_S5_000489,,2020-12-14T17:02:00,,,-1.02355316285331,
C1_only_unmatched,,C1_execution_aligned_label_S5_000490,,2020-12-21T11:50:00,,,0.6670387498006646,
C1_only_unmatched,,C1_execution_aligned_label_S5_000491,,2020-12-21T11:52:00,,,-1.012779319409989,
C1_only_unmatched,,C1_execution_aligned_label_S5_000492,,2020-12-21T12:17:00,,,0.7546457791589997,
C1_only_unmatched,,C1_execution_aligned_label_S5_000493,,2020-12-22T08:51:00,,,-1.027014510651478,
C1_only_unmatched,,C1_execution_aligned_label_S5_000494,,2020-12-22T09:15:00,,,0.6181359453843727,
C1_only_unmatched,,C1_execution_aligned_label_S5_000495,,2020-12-23T03:07:00,,,0.7203907203907075,
C1_only_unmatched,,C1_execution_aligned_label_S5_000496,,2020-12-23T17:07:00,,,0.574641460234709,
C1_only_unmatched,,C1_execution_aligned_label_S5_000497,,2020-12-28T01:02:00,,,0.5776098046534764,
C1_only_unmatched,,C1_execution_aligned_label_S5_000498,,2021-01-11T01:53:00,,,0.6150995455528927,
C1_only_unmatched,,C1_execution_aligned_label_S5_000499,,2021-01-18T01:10:00,,,0.4681967213114765,
C1_only_unmatched,,C1_execution_aligned_label_S5_000500,,2021-01-18T01:14:00,,,-1.0221940393151325,
C1_only_unmatched,,C1_execution_aligned_label_S5_000504,,2021-06-18T23:01:00,,,-1.0209681284447747,
C1_only_unmatched,,C1_execution_aligned_label_S5_000508,,2022-03-08T19:13:00,,,-1.0088090204369196,
C1_only_unmatched,,C1_execution_aligned_label_S5_000509,,2022-03-21T00:12:00,,,-1.020379643647337,
C1_only_unmatched,,C1_execution_aligned_label_S5_000510,,2022-04-06T04:12:00,,,0.6320567278706797,
C1_only_unmatched,,C1_execution_aligned_label_S5_000511,,2022-04-25T01:04:00,,,0.5428237736828899,
C1_only_unmatched,,C1_execution_aligned_label_S5_000513,,2022-06-14T01:04:00,,,0.65115780445966,
C1_only_unmatched,,C1_execution_aligned_label_S5_000514,,2022-06-27T01:01:00,,,-1.023783636857833,
C1_only_unmatched,,C1_execution_aligned_label_S5_000516,,2022-07-12T04:21:00,,,0.6297006341247752,
C1_only_unmatched,,C1_execution_aligned_label_S5_000518,,2022-07-12T04:30:00,,,0.6292443640412121,
C1_only_unmatched,,C1_execution_aligned_label_S5_000519,,2022-07-12T04:36:00,,,0.7123613048966634,
C1_only_unmatched,,C1_execution_aligned_label_S5_000520,,2022-09-21T22:34:00,,,-1.016590822904788,
C1_only_unmatched,,C1_execution_aligned_label_S5_000521,,2022-09-26T01:11:00,,,0.7174784217016097,
C1_only_unmatched,,C1_execution_aligned_label_S5_000522,,2023-01-18T04:52:00,,,0.7210336068776506,
C1_only_unmatched,,C1_execution_aligned_label_S5_000523,,2023-02-02T18:45:00,,,-1.026213301378074,
C1_only_unmatched,,C1_execution_aligned_label_S5_000524,,2023-02-15T09:49:00,,,-1.0230627306272908,
C1_only_unmatched,,C1_execution_aligned_label_S5_000525,,2023-03-14T08:23:00,,,0.6985455209347469,
C1_only_unmatched,,C1_execution_aligned_label_S5_000526,,2023-03-14T08:25:00,,,-1.0207247749881219,
C1_only_unmatched,,C1_execution_aligned_label_S5_000527,,2023-03-15T18:51:00,,,-1.0237642585550895,
C1_only_unmatched,,C1_execution_aligned_label_S5_000528,,2023-03-24T12:20:00,,,-1.0193412908929893,
C1_only_unmatched,,C1_execution_aligned_label_S5_000529,,2023-03-24T18:13:00,,,0.6982674475353375,
C1_only_unmatched,,C1_execution_aligned_label_S5_000530,,2023-03-27T12:24:00,,,-1.023074894514759,
C1_only_unmatched,,C1_execution_aligned_label_S5_000531,,2023-04-05T18:42:00,,,0.6877332089551831,
C1_only_unmatched,,C1_execution_aligned_label_S5_000532,,2023-04-14T18:27:00,,,0.6863207547169726,
C1_only_unmatched,,C1_execution_aligned_label_S5_000533,,2023-04-14T18:33:00,,,-1.0256297598125732,
C1_only_unmatched,,C1_execution_aligned_label_S5_000534,,2023-04-28T04:43:00,,,-0.3606798715204284,
C1_only_unmatched,,C1_execution_aligned_label_S5_000535,,2023-05-04T04:06:00,,,-1.025682418550024,
C1_only_unmatched,,C1_execution_aligned_label_S5_000536,,2023-05-04T04:23:00,,,0.6714406660080948,
C1_only_unmatched,,C1_execution_aligned_label_S5_000537,,2023-05-04T18:38:00,,,0.682609600443997,
C1_only_unmatched,,C1_execution_aligned_label_S5_000538,,2023-05-04T18:45:00,,,0.7070170109356272,
C1_only_unmatched,,C1_execution_aligned_label_S5_000539,,2023-05-10T18:10:00,,,-1.027343750000053,
C1_only_unmatched,,C1_execution_aligned_label_S5_000540,,2023-10-18T04:39:00,,,0.6449253368945165,
C1_only_unmatched,,C1_execution_aligned_label_S5_000541,,2023-12-04T03:30:00,,,-1.0197516930023396,
C1_only_unmatched,,C1_execution_aligned_label_S5_000542,,2023-12-04T04:05:00,,,-1.0273865414711332,
C1_only_unmatched,,C1_execution_aligned_label_S5_000543,,2024-03-05T18:09:00,,,0.6383562549589626,
C1_only_unmatched,,C1_execution_aligned_label_S5_000544,,2024-03-27T12:02:00,,,0.6713558413719688,
C1_only_unmatched,,C1_execution_aligned_label_S5_000545,,2024-03-28T12:30:00,,,0.6886171213546256,
C1_only_unmatched,,C1_execution_aligned_label_S5_000546,,2024-03-28T12:51:00,,,-1.0208880401049887,
C1_only_unmatched,,C1_execution_aligned_label_S5_000547,,2024-04-02T18:15:00,,,-1.0197049881770528,
C1_only_unmatched,,C1_execution_aligned_label_S5_000548,,2024-04-03T18:25:00,,,0.6301360813845611,
C1_only_unmatched,,C1_execution_aligned_label_S5_000549,,2024-04-03T18:39:00,,,-1.0228072461879674,
C1_only_unmatched,,C1_execution_aligned_label_S5_000550,,2024-04-05T04:20:00,,,-1.0178262198228085,
C1_only_unmatched,,C1_execution_aligned_label_S5_000551,,2024-04-05T18:20:00,,,0.6656113653294068,
C1_only_unmatched,,C1_execution_aligned_label_S5_000552,,2024-04-05T18:27:00,,,-1.0175914756734885,
C1_only_unmatched,,C1_execution_aligned_label_S5_000553,,2024-04-05T18:48:00,,,0.6564443188241386,
C1_only_unmatched,,C1_execution_aligned_label_S5_000554,,2024-04-05T18:53:00,,,-1.0233426704014406,
C1_only_unmatched,,C1_execution_aligned_label_S5_000555,,2024-04-09T12:32:00,,,-1.023047543790429,
C1_only_unmatched,,C1_execution_aligned_label_S5_000556,,2024-04-09T18:40:00,,,0.6341880893942311,
C1_only_unmatched,,C1_execution_aligned_label_S5_000557,,2024-04-10T12:39:00,,,0.6441076003416544,
C1_only_unmatched,,C1_execution_aligned_label_S5_000558,,2024-04-10T12:50:00,,,-1.0256861881697907,
C1_only_unmatched,,C1_execution_aligned_label_S5_000559,,2024-04-10T18:44:00,,,-1.0186626852937852,
C1_only_unmatched,,C1_execution_aligned_label_S5_000560,,2024-04-10T19:28:00,,,-1.025596021646841,
C1_only_unmatched,,C1_execution_aligned_label_S5_000561,,2024-04-10T22:12:00,,,0.642615384615364,
C1_only_unmatched,,C1_execution_aligned_label_S5_000562,,2024-04-12T04:10:00,,,0.7305580290887618,
C1_only_unmatched,,C1_execution_aligned_label_S5_000563,,2024-04-12T22:16:00,,,0.6593531565516475,
C1_only_unmatched,,C1_execution_aligned_label_S5_000564,,2024-04-12T22:46:00,,,0.6487424368252009,
C1_only_unmatched,,C1_execution_aligned_label_S5_000565,,2024-04-17T18:09:00,,,-1.0222165799163103,
C1_only_unmatched,,C1_execution_aligned_label_S5_000566,,2024-04-17T18:45:00,,,0.6583956681925026,
C1_only_unmatched,,C1_execution_aligned_label_S5_000567,,2024-04-17T18:52:00,,,-1.022525421547246,
C1_only_unmatched,,C1_execution_aligned_label_S5_000568,,2024-04-18T18:13:00,,,0.648820111466843,
C1_only_unmatched,,C1_execution_aligned_label_S5_000569,,2024-04-18T18:32:00,,,-1.024982155603226,
C1_only_unmatched,,C1_execution_aligned_label_S5_000570,,2024-04-18T18:59:00,,,0.6309993425378317,
C1_only_unmatched,,C1_execution_aligned_label_S5_000571,,2024-04-19T04:21:00,,,0.6837034617897029,
C1_only_unmatched,,C1_execution_aligned_label_S5_000572,,2024-04-19T04:23:00,,,0.6887384560208597,
C1_only_unmatched,,C1_execution_aligned_label_S5_000573,,2024-04-19T04:29:00,,,0.7077801380774861,
C1_only_unmatched,,C1_execution_aligned_label_S5_000574,,2024-04-19T04:51:00,,,-1.0083969099371102,
C1_only_unmatched,,C1_execution_aligned_label_S5_000575,,2024-04-19T08:20:00,,,-1.0223043589090193,
C1_only_unmatched,,C1_execution_aligned_label_S5_000576,,2024-04-19T09:03:00,,,0.6428659211012068,
C1_only_unmatched,,C1_execution_aligned_label_S5_000577,,2024-04-19T18:14:00,,,0.6317598533455633,
C1_only_unmatched,,C1_execution_aligned_label_S5_000578,,2024-04-19T18:25:00,,,-1.0207813798835867,
C1_only_unmatched,,C1_execution_aligned_label_S5_000580,,2024-04-23T08:48:00,,,0.637621943494316,
C1_only_unmatched,,C1_execution_aligned_label_S5_000581,,2024-04-23T12:11:00,,,-1.024727992086998,
C1_only_unmatched,,C1_execution_aligned_label_S5_000582,,2024-04-23T12:54:00,,,0.6198534542916322,
C1_only_unmatched,,C1_execution_aligned_label_S5_000583,,2024-04-24T12:32:00,,,0.6336335363482851,
C1_only_unmatched,,C1_execution_aligned_label_S5_000584,,2024-04-26T18:28:00,,,0.6322319446257627,
C1_only_unmatched,,C1_execution_aligned_label_S5_000585,,2024-05-03T18:12:00,,,0.6728063961137833,
C1_only_unmatched,,C1_execution_aligned_label_S5_000586,,2024-05-03T18:20:00,,,-1.0210210210209496,
C1_only_unmatched,,C1_execution_aligned_label_S5_000587,,2024-05-03T18:59:00,,,0.6876656790893544,
C1_only_unmatched,,C1_execution_aligned_label_S5_000588,,2024-05-15T18:28:00,,,-1.0193220713260511,
C1_only_unmatched,,C1_execution_aligned_label_S5_000589,,2024-05-17T18:41:00,,,-1.0229869959279816,
C1_only_unmatched,,C1_execution_aligned_label_S5_000591,,2024-05-23T08:51:00,,,0.6620900076278154,
C1_only_unmatched,,C1_execution_aligned_label_S5_000592,,2024-05-23T08:57:00,,,-1.0175755749723494,
C1_only_unmatched,,C1_execution_aligned_label_S5_000593,,2024-05-24T04:31:00,,,-1.0230962122212441,
C1_only_unmatched,,C1_execution_aligned_label_S5_000594,,2024-06-04T12:13:00,,,0.6257946706344085,
C1_only_unmatched,,C1_execution_aligned_label_S5_000595,,2024-06-04T12:23:00,,,0.6424870466320581,
C1_only_unmatched,,C1_execution_aligned_label_S5_000596,,2024-06-06T04:37:00,,,-1.016831778397597,
C1_only_unmatched,,C1_execution_aligned_label_S5_000597,,2024-06-07T23:01:00,,,0.6097848016140219,
C1_only_unmatched,,C1_execution_aligned_label_S5_000599,,2024-06-12T22:13:00,,,-1.0231450866288523,
C1_only_unmatched,,C1_execution_aligned_label_S5_000600,,2024-06-13T04:15:00,,,-1.0233800935204411,
C1_only_unmatched,,C1_execution_aligned_label_S5_000601,,2024-06-13T04:38:00,,,0.6484309996434952,
C1_only_unmatched,,C1_execution_aligned_label_S5_000602,,2024-06-21T18:07:00,,,0.6442658875091547,
C1_only_unmatched,,C1_execution_aligned_label_S5_000603,,2024-06-21T18:37:00,,,0.6257946706344393,
C1_only_unmatched,,C1_execution_aligned_label_S5_000604,,2024-06-21T18:52:00,,,0.6263314870046525,
C1_only_unmatched,,C1_execution_aligned_label_S5_000605,,2024-06-24T12:35:00,,,0.6303286261052946,
C1_only_unmatched,,C1_execution_aligned_label_S5_000606,,2024-06-26T04:43:00,,,-1.022160314043279,
C1_only_unmatched,,C1_execution_aligned_label_S5_000607,,2024-07-11T18:02:00,,,-1.021204410517381,
C1_only_unmatched,,C1_execution_aligned_label_S5_000608,,2024-07-11T18:25:00,,,0.6439430943949348,
C1_only_unmatched,,C1_execution_aligned_label_S5_000609,,2024-07-11T18:28:00,,,0.6549480652892886,
C1_only_unmatched,,C1_execution_aligned_label_S5_000610,,2024-07-11T18:38:00,,,-1.0198390205191994,
C1_only_unmatched,,C1_execution_aligned_label_S5_000611,,2024-07-11T18:57:00,,,-1.0258226353844888,
C1_only_unmatched,,C1_execution_aligned_label_S5_000612,,2024-07-17T18:35:00,,,-1.0216450216449653,
C1_only_unmatched,,C1_execution_aligned_label_S5_000613,,2024-07-17T18:56:00,,,0.6300396563119088,
C1_only_unmatched,,C1_execution_aligned_label_S5_000614,,2024-07-19T04:14:00,,,-1.0149101133168732,
C1_only_unmatched,,C1_execution_aligned_label_S5_000615,,2024-07-19T09:20:00,,,0.6774004110795653,
C1_only_unmatched,,C1_execution_aligned_label_S5_000617,,2024-07-25T04:39:00,,,-1.0116225011622682,
C1_only_unmatched,,C1_execution_aligned_label_S5_000619,,2024-08-01T18:25:00,,,0.6843759582950376,
C1_only_unmatched,,C1_execution_aligned_label_S5_000620,,2024-08-01T18:27:00,,,-1.0180059676921818,
C1_only_unmatched,,C1_execution_aligned_label_S5_000621,,2024-08-01T18:54:00,,,0.6661216863247963,
C1_only_unmatched,,C1_execution_aligned_label_S5_000622,,2024-08-02T18:40:00,,,-1.0130606761698635,
C1_only_unmatched,,C1_execution_aligned_label_S5_000623,,2024-08-02T19:32:00,,,-1.0164180504737523,
C1_only_unmatched,,C1_execution_aligned_label_S5_000624,,2024-08-02T19:59:00,,,-1.018330365559887,
C1_only_unmatched,,C1_execution_aligned_label_S5_000625,,2024-08-02T20:59:00,,,0.6703576238215903,
C1_only_unmatched,,C1_execution_aligned_label_S5_000626,,2024-08-05T12:09:00,,,-1.0230445088227413,
C1_only_unmatched,,C1_execution_aligned_label_S5_000627,,2024-08-06T08:48:00,,,-1.0179468772433218,
C1_only_unmatched,,C1_execution_aligned_label_S5_000628,,2024-08-07T04:26:00,,,0.6713947990543847,
C1_only_unmatched,,C1_execution_aligned_label_S5_000629,,2024-08-07T04:29:00,,,0.6760640034831837,
C1_only_unmatched,,C1_execution_aligned_label_S5_000630,,2024-08-07T04:49:00,,,0.695998698763814,
C1_only_unmatched,,C1_execution_aligned_label_S5_000631,,2024-08-07T04:59:00,,,0.697537375034346,
C1_only_unmatched,,C1_execution_aligned_label_S5_000632,,2024-08-08T04:12:00,,,-1.0219435736677296,
C1_only_unmatched,,C1_execution_aligned_label_S5_000633,,2024-08-14T18:01:00,,,0.6491856677523828,
C1_only_unmatched,,C1_execution_aligned_label_S5_000634,,2024-08-14T18:04:00,,,-1.0225196242439618,
C1_only_unmatched,,C1_execution_aligned_label_S5_000635,,2024-08-14T18:34:00,,,-1.0229688935554833,
C1_only_unmatched,,C1_execution_aligned_label_S5_000636,,2024-08-16T18:02:00,,,0.6658476658476641,
C1_only_unmatched,,C1_execution_aligned_label_S5_000637,,2024-08-21T18:10:00,,,0.6593242087254277,
C1_only_unmatched,,C1_execution_aligned_label_S5_000638,,2024-08-23T18:45:00,,,-1.0224502886465794,
C1_only_unmatched,,C1_execution_aligned_label_S5_000639,,2024-08-30T18:25:00,,,-1.0223813786929958,
C1_only_unmatched,,C1_execution_aligned_label_S5_000640,,2024-08-30T18:45:00,,,-1.0253366150281669,
C1_only_unmatched,,C1_execution_aligned_label_S5_000641,,2024-09-04T12:08:00,,,0.6379994431295257,
C1_only_unmatched,,C1_execution_aligned_label_S5_000642,,2024-09-05T18:37:00,,,0.650500943807138,
C1_only_unmatched,,C1_execution_aligned_label_S5_000643,,2024-09-06T18:50:00,,,-1.018338048831586,
C1_only_unmatched,,C1_execution_aligned_label_S5_000644,,2024-09-12T18:05:00,,,0.6704996034893195,
C1_only_unmatched,,C1_execution_aligned_label_S5_000645,,2024-09-12T18:09:00,,,-1.0219656081335111,
C1_only_unmatched,,C1_execution_aligned_label_S5_000646,,2024-09-12T18:27:00,,,-1.0219656081335111,
C1_only_unmatched,,C1_execution_aligned_label_S5_000647,,2024-09-13T18:28:00,,,0.6526839219686842,
C1_only_unmatched,,C1_execution_aligned_label_S5_000648,,2024-09-17T18:52:00,,,-1.02139625871139,
C1_only_unmatched,,C1_execution_aligned_label_S5_000649,,2024-09-19T12:37:00,,,-1.0189496480780238,
C1_only_unmatched,,C1_execution_aligned_label_S5_000650,,2024-09-19T18:04:00,,,0.6490152602061706,
C1_only_unmatched,,C1_execution_aligned_label_S5_000651,,2024-09-19T18:07:00,,,0.6439139206455688,
C1_only_unmatched,,C1_execution_aligned_label_S5_000652,,2024-09-20T18:09:00,,,-1.0249750249749265,
C1_only_unmatched,,C1_execution_aligned_label_S5_000653,,2024-09-25T18:06:00,,,0.6820830298615752,
C1_only_unmatched,,C1_execution_aligned_label_S5_000654,,2024-09-26T18:05:00,,,0.6656414762740968,
C1_only_unmatched,,C1_execution_aligned_label_S5_000655,,2024-09-26T18:11:00,,,0.667005223447525,
C1_only_unmatched,,C1_execution_aligned_label_S5_000656,,2024-09-26T18:30:00,,,0.6506199147617023,
C1_only_unmatched,,C1_execution_aligned_label_S5_000657,,2024-09-26T18:37:00,,,0.6436432088039704,
C1_only_unmatched,,C1_execution_aligned_label_S5_000658,,2024-09-27T18:57:00,,,-1.0188516643327152,
C1_only_unmatched,,C1_execution_aligned_label_S5_000659,,2024-10-02T08:38:00,,,-1.019789664141139,
C1_only_unmatched,,C1_execution_aligned_label_S5_000660,,2024-10-08T04:16:00,,,0.6584204056545161,
C1_only_unmatched,,C1_execution_aligned_label_S5_000661,,2024-10-16T18:19:00,,,0.6505009438071895,
C1_only_unmatched,,C1_execution_aligned_label_S5_000662,,2024-10-18T18:48:00,,,0.6458859497539933,
C1_only_unmatched,,C1_execution_aligned_label_S5_000663,,2024-10-23T18:07:00,,,-1.0187386229789641,
C1_only_unmatched,,C1_execution_aligned_label_S5_000664,,2024-10-24T19:00:00,,,-1.0253954433319956,
C1_only_unmatched,,C1_execution_aligned_label_S5_000665,,2024-11-05T04:40:00,,,-1.022098749842059,
C1_only_unmatched,,C1_execution_aligned_label_S5_000666,,2024-11-06T08:12:00,,,0.6349341266467357,
C1_only_unmatched,,C1_execution_aligned_label_S5_000667,,2024-11-06T08:25:00,,,-1.0167769149650079,
C1_only_unmatched,,C1_execution_aligned_label_S5_000668,,2024-11-06T08:41:00,,,0.7598500441046699,
C1_only_unmatched,,C1_execution_aligned_label_S5_000669,,2024-11-06T12:11:00,,,0.6364306784659984,
C1_only_unmatched,,C1_execution_aligned_label_S5_000670,,2024-11-06T12:18:00,,,0.6554498902706691,
C1_only_unmatched,,C1_execution_aligned_label_S5_000671,,2024-11-06T12:33:00,,,-1.024637477122285,
C1_only_unmatched,,C1_execution_aligned_label_S5_000672,,2024-11-06T18:24:00,,,0.6735225634771593,
C1_only_unmatched,,C1_execution_aligned_label_S5_000673,,2024-11-12T08:01:00,,,0.6513690705746061,
C1_only_unmatched,,C1_execution_aligned_label_S5_000674,,2024-11-12T12:18:00,,,-1.0233240037318339,
C1_only_unmatched,,C1_execution_aligned_label_S5_000675,,2024-11-12T12:35:00,,,0.6469422797516969,
C1_only_unmatched,,C1_execution_aligned_label_S5_000676,,2024-11-25T18:27:00,,,0.6534941207909216,
C1_only_unmatched,,C1_execution_aligned_label_S5_000677,,2024-11-25T18:31:00,,,0.6534941207909375,
C1_only_unmatched,,C1_execution_aligned_label_S5_000678,,2024-11-25T18:55:00,,,0.6446316390633876,
C1_only_unmatched,,C1_execution_aligned_label_S5_000679,,2024-11-29T04:29:00,,,-1.020228875274481,
C1_only_unmatched,,C1_execution_aligned_label_S5_000680,,2024-12-11T18:19:00,,,0.6602482088025142,
C1_only_unmatched,,C1_execution_aligned_label_S5_000681,,2024-12-12T18:12:00,,,-1.0221518987342237,
C1_only_unmatched,,C1_execution_aligned_label_S5_000682,,2024-12-12T18:39:00,,,0.6597019286967023,
C1_only_unmatched,,C1_execution_aligned_label_S5_000684,,2024-12-18T23:34:00,,,-1.023992322456769,
C1_only_unmatched,,C1_execution_aligned_label_S5_000685,,2024-12-18T23:52:00,,,-1.0296610169492288,
C1_only_unmatched,,C1_execution_aligned_label_S5_000686,,2024-12-19T01:01:00,,,0.5948717948717301,
C1_only_unmatched,,C1_execution_aligned_label_S5_000687,,2024-12-19T04:03:00,,,-1.0165375165374477,
C1_only_unmatched,,C1_execution_aligned_label_S5_000688,,2024-12-20T04:04:00,,,-1.0222674640539058,
