cohort,simulator,entry_index,exit_index,entry_time_api,exit_time_api,entry_time_actual_utc,exit_time_actual_utc,raw_episode_id,entry_price,exit_price,tp_distance,sl_distance,exit_reason,same_bar_both_hit,gross_price,spread_points,spread_observed,extra_cost_points,gross_r,net_r,stress_r,risk_mult,risk_guard_reasons,risk_budget,account_pnl,balance_before,balance_after,positive,trade_id,episode_trade_ordinal,entry_kind,score_fold,source_entry_index,candidate_id
A0_BASELINE_075,S5,15709,15725,2018-01-17T22:03:00,2018-01-17T22:19:00,2018-01-17T22:03:00,2018-01-17T22:19:00,2,1329.12,1327.414857142857,1.5,1.7051428571428398,stop_loss,False,-1.705142857142846,30.0,False,5.0,-0.8503847249928773,-1.0249358791678576,-1.0498717583357118,1.0,,14.0,-14.349102308350005,1000.0,985.65089769165,False,S5_000000,0,primary,1,1269060,A0_BASELINE_075
A0_BASELINE_075,S5,18589,18600,2018-01-22T01:04:00,2018-01-22T01:15:00,2018-01-22T01:04:00,2018-01-22T01:15:00,3,1334.75,1333.1717142857144,1.5,1.5782857142856561,stop_loss,False,-1.5782857142855846,30.0,False,5.0,-0.8402798904775961,-1.0266200182536895,-1.053240036507417,1.0,,13.7991125676831,-14.16644519611954,985.65089769165,971.4844524955305,False,S5_000001,0,primary,1,1271940,A0_BASELINE_075
A0_BASELINE_075,S5,28243,28333,2018-01-31T01:00:00,2018-01-31T02:30:00,2018-01-31T01:00:00,2018-01-31T02:30:00,6,1338.18,1338.82,1.5404999999999291,1.8959999999999129,timeout,False,0.6399999999998727,30.0,False,5.0,0.29143897996352375,0.13205828779593998,0.10928961748628516,1.0,,13.600782334937428,1.7960960278371034,971.4844524955305,973.2805485233675,True,S5_000002,0,primary,1,1281594,A0_BASELINE_075
A0_BASELINE_075,S5,29508,29519,2018-01-31T22:06:00,2018-01-31T22:17:00,2018-01-31T22:06:00,2018-01-31T22:17:00,9,1343.64,1345.14,1.5,1.7462857142858152,take_profit,False,1.5,30.0,False,5.0,0.7330354649538874,0.561993856464647,0.5375593409661841,1.0,,13.625927679327146,7.65768764441344,973.2805485233675,980.9382361677809,True,S5_000003,0,primary,1,1282859,A0_BASELINE_075
A0_BASELINE_075,S5,32381,32392,2018-02-05T01:00:00,2018-02-05T01:11:00,2018-02-05T01:00:00,2018-02-05T01:11:00,11,1331.84,1329.6571428571428,1.773571428571399,2.1828571428571064,stop_loss,False,-2.182857142857074,30.0,False,5.0,-0.8791714614499277,-1.0201380897583303,-1.0402761795166735,1.0,,13.733135306348933,-14.009694417811483,980.9382361677809,966.9285417499694,False,S5_000004,0,primary,1,1285732,A0_BASELINE_075
A0_BASELINE_075,S5,33768,33858,2018-02-06T01:12:00,2018-02-06T02:42:00,2018-02-06T01:12:00,2018-02-06T02:42:00,15,1337.36,1338.9,4.35964285714284,5.365714285714265,timeout,False,1.540000000000191,30.0,False,5.0,0.2718103883005894,0.21003530005046311,0.20121028744330224,1.0,,13.536999584499572,2.843247769513362,966.9285417499694,969.7717895194828,True,S5_000005,0,primary,1,1287119,A0_BASELINE_075
A0_BASELINE_075,S5,33941,33944,2018-02-06T04:05:00,2018-02-06T04:08:00,2018-02-06T04:05:00,2018-02-06T04:08:00,16,1344.32,1345.8790714285713,1.559071428571404,1.9188571428571128,take_profit,False,1.5590714285713148,30.0,False,5.0,0.7026461498840685,0.544907288179199,0.5223731650785034,1.0,,13.576805053272759,7.398100023716504,969.7717895194828,977.1698895431994,True,S5_000006,0,primary,1,1287292,A0_BASELINE_075
A0_BASELINE_075,S5,33945,34014,2018-02-06T04:09:00,2018-02-06T05:18:00,2018-02-06T04:09:00,2018-02-06T05:18:00,16,1345.61,1343.3082857142856,1.8701428571428034,2.3017142857142194,stop_loss,False,-2.301714285714297,30.0,False,5.0,-0.8846914122556826,-1.0192180979574212,-1.0384361959148123,1.0,,13.680378453604792,-13.943289306820764,977.1698895431994,963.2266002363785,False,S5_000007,1,primary,1,1287296,A0_BASELINE_075
A0_BASELINE_075,S5,39275,39287,2018-02-12T01:00:00,2018-02-12T01:12:00,2018-02-12T01:00:00,2018-02-12T01:12:00,18,1314.87,1316.8311428571428,1.9611428571428684,2.4137142857142995,take_profit,False,1.9611428571429315,30.0,False,5.0,0.7226784586228917,0.5937039376711131,0.5752790061065733,1.0,,13.4851724033093,8.006199956018559,963.2266002363785,971.2328001923971,True,S5_000008,0,primary,1,1292626,A0_BASELINE_075
A0_BASELINE_075,S5,40660,40750,2018-02-13T01:05:00,2018-02-13T02:35:00,2018-02-13T01:05:00,2018-02-13T02:35:00,19,1323.52,1322.56,1.7912142857142823,2.2045714285714246,timeout,False,-0.9600000000000364,30.0,False,5.0,-0.3832991101985093,-0.5230435774583773,-0.5430070727812155,1.0,,13.59725920269356,-7.111959097005682,971.2328001923971,964.1208410953915,False,S5_000009,0,primary,1,1294011,A0_BASELINE_075
A0_BASELINE_075,S5,42040,42130,2018-02-14T01:05:00,2018-02-14T02:35:00,2018-02-14T01:05:00,2018-02-14T02:35:00,20,1329.6,1332.26,5.667071428571405,6.974857142857115,timeout,False,2.660000000000082,30.0,False,5.0,0.3656429188594895,0.31753200848324237,0.3106590212866357,1.0,,13.49769177533548,4.285949179310017,964.1208410953915,968.4067902747015,True,S5_000010,0,primary,1,1295391,A0_BASELINE_075
A0_BASELINE_075,S5,46184,46230,2018-02-19T01:10:00,2018-02-19T01:56:00,2018-02-19T01:10:00,2018-02-19T01:56:00,23,1349.27,1347.7317142857144,1.5,1.5382857142856925,stop_loss,False,-1.538285714285621,30.0,False,5.0,-0.83680447622004,-1.0271992539632813,-1.0543985079266014,1.0,,13.557695063845822,-13.926454255044089,968.4067902747015,954.4803360196574,False,S5_000011,0,primary,1,1299535,A0_BASELINE_075
A0_BASELINE_075,S5,49956,49974,2018-02-21T22:05:00,2018-02-21T22:23:00,2018-02-21T22:05:00,2018-02-21T22:23:00,26,1323.69,1325.2407142857144,1.5507142857142477,1.9085714285713817,take_profit,False,1.5507142857143208,30.0,False,5.0,0.7021345407503542,0.5436610608020973,0.5210219922380607,1.0,,13.362724704275205,7.2647930879326506,954.4803360196574,961.7451291075901,True,S5_000012,0,primary,1,1303307,A0_BASELINE_075
A0_BASELINE_075,S5,52830,52834,2018-02-26T01:00:00,2018-02-26T01:04:00,2018-02-26T01:00:00,2018-02-26T01:04:00,27,1328.04,1329.54,1.5,1.8365714285714212,take_profit,False,1.5,30.0,False,5.0,0.7020593741642175,0.5382455201925668,0.5148435410537595,1.0,,13.46443180750626,7.247170102328549,961.7451291075901,968.9922992099187,True,S5_000013,0,primary,1,1306181,A0_BASELINE_075
A0_BASELINE_075,S5,59731,59758,2018-03-05T01:02:00,2018-03-05T01:29:00,2018-03-05T01:02:00,2018-03-05T01:29:00,29,1323.98,1322.1457142857143,1.5,1.8342857142857352,stop_loss,False,-1.83428571428567,30.0,False,5.0,-0.8594377510039869,-1.0234270414992999,-1.0468540829986304,1.0,,13.56589218893886,-13.88370090822416,968.9922992099187,955.1085983016945,False,S5_000014,0,primary,1,1313082,A0_BASELINE_075
A0_BASELINE_075,S5,77493,77512,2018-03-21T20:16:00,2018-03-21T20:35:00,2018-03-21T20:16:00,2018-03-21T20:35:00,31,1325.89,1322.2900000000002,2.9250000000000003,3.6,stop_loss,False,-3.599999999999909,30.0,False,5.0,-0.9230769230768998,-1.0128205128204895,-1.0256410256410022,1.0,,13.371520376223724,-13.542950124636537,955.1085983016945,941.565648177058,False,S5_000015,0,primary,1,1330844,A0_BASELINE_075
A0_BASELINE_075,S5,80414,80428,2018-03-26T01:00:00,2018-03-26T01:14:00,2018-03-26T01:00:00,2018-03-26T01:14:00,32,1347.1,1348.6,1.5,1.7839999999999887,take_profit,False,1.5,30.0,False,5.0,0.7197696737044186,0.5518234165067208,0.527831094049907,1.0,,13.181919074478813,7.27409161979401,941.565648177058,948.8397397968521,True,S5_000016,0,primary,1,1333765,A0_BASELINE_075
A0_BASELINE_075,S5,85935,86025,2018-04-02T01:03:00,2018-04-02T02:33:00,2018-04-02T01:03:00,2018-04-02T02:33:00,34,1325.36,1327.32,3.615857142857127,4.450285714285695,timeout,False,1.9600000000000364,30.0,False,5.0,0.4126067604956187,0.3389269818356881,0.3284012991699838,1.0,,13.28375635715593,4.502223449571494,948.8397397968521,953.3419632464236,True,S5_000017,0,primary,1,1339286,A0_BASELINE_075
A0_BASELINE_075,S5,220615,220624,2018-08-16T03:31:00,2018-08-16T03:40:00,2018-08-16T03:31:00,2018-08-16T03:40:00,41,1167.8,1166.392,1.5,1.4079999999999668,stop_loss,False,-1.4079999999999018,30.0,False,5.0,-0.824355971896914,-1.0292740046838031,-1.0585480093676445,0.5,live_rolling_pf,6.673393742724965,-6.868750702406358,953.3419632464236,946.4732125440172,False,S5_000018,0,primary,1,1473966,A0_BASELINE_075
A0_BASELINE_075,S5,220639,220646,2018-08-16T03:55:00,2018-08-16T04:02:00,2018-08-16T03:55:00,2018-08-16T04:02:00,43,1165.06,1166.8595714285714,1.7995714285714177,2.2148571428571295,take_profit,False,1.7995714285714257,30.0,False,5.0,0.7155760054533088,0.5764030902067732,0.5565212451715538,0.5,live_post_loss_cap;live_rolling_pf,6.62531248780812,3.8188505915581246,946.4732125440172,950.2920631355753,True,S5_000019,0,primary,1,1473990,A0_BASELINE_075
A0_BASELINE_075,S5,220647,220651,2018-08-16T04:03:00,2018-08-16T04:07:00,2018-08-16T04:03:00,2018-08-16T04:07:00,43,1167.13,1165.538,1.5,1.5920000000000074,stop_loss,False,-1.5920000000000982,30.0,False,5.0,-0.8414376321353552,-1.0264270613108302,-1.0528541226216122,0.5,live_post_loss_cap;live_rolling_pf,6.652044441949027,-6.827838428258781,950.2920631355753,943.4642247073165,False,S5_000020,1,primary,1,1473998,A0_BASELINE_075
A0_BASELINE_075,S5,220666,220670,2018-08-16T04:22:00,2018-08-16T04:26:00,2018-08-16T04:22:00,2018-08-16T04:26:00,44,1166.26,1164.9514285714286,1.5,1.3085714285714338,stop_loss,False,-1.3085714285714403,30.0,False,5.0,-0.8134991119005375,-1.031083481349915,-1.062166962699826,0.5,live_post_loss_cap;live_rolling_pf,6.604249572951216,-6.809532641382229,943.4642247073165,936.6546920659342,False,S5_000021,0,primary,1,1474017,A0_BASELINE_075
A0_BASELINE_075,S5,220685,220687,2018-08-16T04:41:00,2018-08-16T04:43:00,2018-08-16T04:41:00,2018-08-16T04:43:00,45,1168.72,1170.22,1.5,1.4708571428571304,take_profit,False,1.5,30.0,False,5.0,0.8470474346563467,0.6494030332365324,0.6211681187479876,0.5,live_post_loss_cap;live_rolling_pf,6.5565828444615395,4.257864786859935,936.6546920659342,940.9125568527942,True,S5_000022,0,primary,1,1474036,A0_BASELINE_075
A0_BASELINE_075,S5,220688,220692,2018-08-16T04:44:00,2018-08-16T04:48:00,2018-08-16T04:44:00,2018-08-16T04:48:00,45,1170.43,1168.9260000000002,1.5,1.5039999999999836,stop_loss,False,-1.5039999999999054,30.0,False,5.0,-0.8337028824833255,-1.0277161862527286,-1.0554323725055004,0.5,live_post_loss_cap;live_rolling_pf,6.586387897969559,-6.768937451682402,940.9125568527942,934.1436194011118,False,S5_000023,1,primary,1,1474039,A0_BASELINE_075
A0_BASELINE_075,S5,261257,261259,2018-09-26T22:00:00,2018-09-26T22:02:00,2018-09-26T22:00:00,2018-09-26T22:02:00,54,1198.01,1196.21,1.5,1.800000000000026,stop_loss,False,-1.7999999999999545,30.0,False,5.0,-0.8571428571428249,-1.0238095238094895,-1.047619047619013,0.5,live_rolling_pf,6.539005335807783,-6.694695939041077,934.1436194011118,927.4489234620708,False,S5_000024,0,primary,1,1514608,A0_BASELINE_075
A0_BASELINE_075,S5,322231,322232,2018-11-28T19:09:00,2018-11-28T19:10:00,2018-11-28T19:09:00,2018-11-28T19:10:00,56,1223.0,1224.5,1.5,1.807999999999941,take_profit,False,1.5,26.0,True,5.0,0.7253384912959588,0.5754352030947939,0.5512572533849287,0.5,live_rolling_pf,6.492142464234496,3.735807317427113,927.4489234620708,931.1847307794978,True,S5_000025,0,primary,1,1575582,A0_BASELINE_075
A0_BASELINE_075,S5,322233,322238,2018-11-28T19:11:00,2018-11-28T19:16:00,2018-11-28T19:11:00,2018-11-28T19:16:00,56,1225.97,1223.7140000000002,1.8329999999999587,2.255999999999949,stop_loss,False,-2.255999999999858,16.0,True,5.0,-0.933774834437047,-1.0206953642383734,-1.0413907284767843,0.5,live_rolling_pf,6.518293115456485,-6.653191565693339,931.1847307794978,924.5315392138045,False,S5_000026,1,primary,1,1575584,A0_BASELINE_075
A0_BASELINE_075,S5,466295,466384,2019-05-01T01:37:00,2019-05-01T03:07:00,2019-05-01T01:37:00,2019-05-01T03:07:00,63,1282.86,1283.52,1.5,0.6,timeout,False,0.6600000000000819,27.0,True,5.0,0.7586206896552665,0.3908045977012435,0.3333333333334274,0.5,live_rolling_pf,6.471720774496632,2.529178233711936,924.5315392138045,927.0607174475165,True,S5_000027,0,primary,1,1719646,A0_BASELINE_075
A0_BASELINE_075,S5,515824,515830,2019-06-20T04:18:00,2019-06-20T04:24:00,2019-06-20T04:18:00,2019-06-20T04:24:00,67,1375.19,1378.8745714285715,3.6845714285714557,4.5348571428571764,take_profit,False,3.6845714285714166,20.0,True,5.0,0.7781800627564486,0.7253801593048439,0.714820178614523,0.5,live_rolling_pf,6.4894250221326155,4.707300156351397,927.0607174475165,931.7680176038679,True,S5_000028,0,primary,1,1769175,A0_BASELINE_075
A0_BASELINE_075,S5,518391,518397,2019-06-24T01:08:00,2019-06-24T01:14:00,2019-06-24T01:08:00,2019-06-24T01:14:00,68,1402.47,1403.97,1.5,1.5371428571427586,take_profit,False,1.5,33.0,True,5.0,0.8033664881408228,0.5998469778118144,0.573068094873787,0.5,live_rolling_pf,6.522376123227075,3.9124276056696994,931.7680176038679,935.6804452095375,True,S5_000029,0,primary,1,1771742,A0_BASELINE_075
A0_BASELINE_075,S5,518427,518430,2019-06-24T01:44:00,2019-06-24T01:47:00,2019-06-24T01:44:00,2019-06-24T01:47:00,70,1403.79,1405.506,1.7160000000000228,2.112000000000028,take_profit,False,1.7160000000001219,29.0,True,5.0,0.7144046627810582,0.5728559533722338,0.5520399666944655,0.5,live_rolling_pf,6.549763116466763,3.752070794445861,935.6804452095375,939.4325160039834,True,S5_000030,0,primary,1,1771778,A0_BASELINE_075
A0_BASELINE_075,S5,520930,520934,2019-06-25T20:28:00,2019-06-25T20:32:00,2019-06-25T20:28:00,2019-06-25T20:32:00,71,1414.0,1416.4124285714286,2.412428571428531,2.9691428571428076,take_profit,False,2.4124285714285634,19.0,True,5.0,0.763633897078783,0.6876639233065108,0.6718368454372875,0.5,live_rolling_pf,6.576027612027884,4.5220969474590405,939.4325160039834,943.9546129514425,True,S5_000031,0,primary,1,1774281,A0_BASELINE_075
A0_BASELINE_075,S5,525295,525304,2019-07-01T01:18:00,2019-07-01T01:27:00,2019-07-01T01:18:00,2019-07-01T01:27:00,74,1391.69,1394.2584285714286,2.5684285714286,3.1611428571428926,take_profit,False,2.5684285714285124,32.0,True,5.0,0.7378118844385836,0.6315249507550653,0.6171618516086439,0.5,live_rolling_pf,6.607682290660098,4.172916233214235,943.9546129514425,948.1275291846567,True,S5_000032,0,primary,1,1778646,A0_BASELINE_075
A0_BASELINE_075,S5,525310,525327,2019-07-01T01:33:00,2019-07-01T01:50:00,2019-07-01T01:33:00,2019-07-01T01:50:00,75,1392.97,1394.47,1.5,1.657142857142805,take_profit,False,1.5,42.0,True,5.0,0.7221458046767719,0.4958734525447167,0.4718019257221576,0.5,live_rolling_pf,6.636892704292597,3.2910588994464116,948.1275291846567,951.4185880841031,True,S5_000033,0,primary,1,1778661,A0_BASELINE_075
A0_BASELINE_075,S5,525462,525463,2019-07-01T04:05:00,2019-07-01T04:06:00,2019-07-01T04:05:00,2019-07-01T04:06:00,77,1392.04,1393.54,1.5,1.554285714285704,take_profit,False,1.5,16.0,True,5.0,0.8750000000000052,0.7525000000000045,0.7233333333333377,0.5,live_rolling_pf,6.659930116588722,5.011597412733043,951.4185880841031,956.4301854968362,True,S5_000034,0,primary,1,1778813,A0_BASELINE_075
A0_BASELINE_075,S5,526241,526244,2019-07-01T17:04:00,2019-07-01T17:07:00,2019-07-01T17:04:00,2019-07-01T17:07:00,79,1389.96,1391.46,1.5,1.3577142857142983,take_profit,False,1.5,19.0,True,5.0,0.969171127930581,0.8141037474616881,0.7817980431973354,0.5,live_rolling_pf,6.695011298477853,5.450433787389163,956.4301854968362,961.8806192842254,True,S5_000035,0,primary,1,1779592,A0_BASELINE_075
A0_BASELINE_075,S5,526250,526260,2019-07-01T17:13:00,2019-07-01T17:23:00,2019-07-01T17:13:00,2019-07-01T17:23:00,80,1390.06,1391.56,1.5,1.689142857142932,take_profit,False,1.5,21.0,True,5.0,0.7898299984955307,0.6529261320896388,0.626598465473121,0.5,live_rolling_pf,6.733164334989578,4.39625894596865,961.8806192842254,966.276878230194,True,S5_000036,0,primary,1,1779601,A0_BASELINE_075
A0_BASELINE_075,S5,526308,526315,2019-07-01T18:11:00,2019-07-01T18:18:00,2019-07-01T18:11:00,2019-07-01T18:18:00,81,1393.68,1392.1028571428571,1.5,1.577142857142852,stop_loss,False,-1.577142857142917,17.0,True,5.0,-0.9026982829109118,-1.0286181520850741,-1.057236304170111,0.5,live_rolling_pf,6.763938147611358,-6.957509558213735,966.276878230194,959.3193686719803,False,S5_000037,0,primary,1,1779659,A0_BASELINE_075
A0_BASELINE_075,S5,526842,526932,2019-07-02T04:06:00,2019-07-02T05:36:00,2019-07-02T04:06:00,2019-07-02T05:36:00,82,1390.16,1389.7,1.5,1.2479999999999825,timeout,False,-0.4600000000000364,20.0,True,5.0,-0.3176795580110787,-0.49033149171273827,-0.5248618784530702,0.5,live_rolling_pf,6.715235580703863,-3.292691479488981,959.3193686719803,956.0266771924913,False,S5_000038,0,primary,1,1780193,A0_BASELINE_075
A0_BASELINE_075,S5,527716,527718,2019-07-02T18:40:00,2019-07-02T18:42:00,2019-07-02T18:40:00,2019-07-02T18:42:00,83,1403.31,1401.7557142857142,1.5,1.554285714285652,stop_loss,False,-1.5542857142856974,20.0,True,5.0,-0.8859934853420414,-1.0285016286645219,-1.0570032573290182,0.5,live_rolling_pf,6.69218674034744,-6.882924961774459,956.0266771924913,949.1437522307168,False,S5_000039,0,primary,1,1781067,A0_BASELINE_075
A0_BASELINE_075,S5,527927,528008,2019-07-02T22:11:00,2019-07-02T23:32:00,2019-07-02T22:11:00,2019-07-02T23:32:00,84,1413.91,1415.5730714285714,1.6630714285714574,2.0468571428571782,take_profit,False,1.6630714285713566,22.0,True,5.0,0.7336463322409449,0.6145386942273344,0.5924817242248139,0.5,live_rolling_pf,6.644006265615018,4.0829989349092815,949.1437522307168,953.2267511656261,True,S5_000040,0,primary,1,1781278,A0_BASELINE_075
A0_BASELINE_075,S5,528051,528056,2019-07-03T01:16:00,2019-07-03T01:21:00,2019-07-03T01:16:00,2019-07-03T01:21:00,85,1433.9,1430.548,2.723500000000057,3.35200000000007,stop_loss,False,-3.352000000000089,47.0,True,5.0,-0.8770277341705985,-1.0130821559393035,-1.0261643118786021,0.5,live_rolling_pf,6.672587258159383,-6.759879085189233,953.2267511656261,946.4668720804368,False,S5_000041,0,primary,1,1781402,A0_BASELINE_075
A0_BASELINE_075,S5,528086,528089,2019-07-03T01:51:00,2019-07-03T01:54:00,2019-07-03T01:51:00,2019-07-03T01:54:00,88,1424.94,1426.8398571428572,1.8998571428571462,2.3382857142857185,take_profit,False,1.8998571428571722,29.0,True,5.0,0.7228503098162944,0.5934884226546465,0.5744646157191101,0.5,live_post_loss_cap;live_rolling_pf,6.625268104563058,3.932019917041269,946.4668720804368,950.3988919974781,True,S5_000042,0,primary,1,1781437,A0_BASELINE_075
A0_BASELINE_075,S5,534330,534341,2019-07-09T18:04:00,2019-07-09T18:15:00,2019-07-09T18:04:00,2019-07-09T18:15:00,91,1398.01,1396.4968571428572,1.5,1.5131428571429102,stop_loss,False,-1.5131428571428387,20.0,True,5.0,-0.8832555036690747,-1.0291861240826792,-1.0583722481654,0.5,live_rolling_pf,6.652792243982347,-6.8469614639115015,950.3988919974781,943.5519305335666,False,S5_000043,0,primary,1,1787681,A0_BASELINE_075
A0_BASELINE_075,S5,556921,556941,2019-08-01T04:05:00,2019-08-01T04:25:00,2019-08-01T04:05:00,2019-08-01T04:25:00,96,1408.6,1410.1,1.5,1.3325714285714119,take_profit,False,1.5,21.0,True,5.0,0.9724022967216257,0.8038525652898773,0.7714391553991563,0.5,live_rolling_pf,6.6048635137349665,5.309336478905365,943.5519305335666,948.861267012472,True,S5_000044,0,primary,1,1810272,A0_BASELINE_075
A0_BASELINE_075,S5,559714,559714,2019-08-05T04:41:00,2019-08-05T04:41:00,2019-08-05T04:41:00,2019-08-05T04:41:00,98,1449.25,1450.75,1.5,1.7131428571428584,take_profit,False,1.5,22.0,True,5.0,0.7759385161099611,0.636269583210168,0.6104049660065026,0.5,live_rolling_pf,6.642028869087304,4.2261209402040825,948.861267012472,953.0873879526761,True,S5_000045,0,primary,1,1813065,A0_BASELINE_075
A0_BASELINE_075,S5,559715,559722,2019-08-05T04:42:00,2019-08-05T04:49:00,2019-08-05T04:42:00,2019-08-05T04:49:00,98,1450.59,1448.6402857142857,1.584142857142873,1.9497142857143055,stop_loss,False,-1.949714285714208,23.0,True,5.0,-0.8944815834315986,-1.0229387862104675,-1.04587757242098,1.0,,13.343223431337465,-13.649300780987417,953.0873879526761,939.4380871716886,False,S5_000046,1,primary,1,1813066,A0_BASELINE_075
A0_BASELINE_075,S5,562456,562460,2019-08-07T04:25:00,2019-08-07T04:29:00,2019-08-07T04:25:00,2019-08-07T04:29:00,100,1482.38,1483.9613571428572,1.5813571428571402,1.946285714285711,take_profit,False,1.5813571428570867,25.0,True,5.0,0.7200143098737884,0.5834200598412658,0.560654351502512,0.5,live_rolling_pf,6.576066610201821,3.836609175244096,939.4380871716886,943.2746963469327,True,S5_000047,0,primary,1,1815807,A0_BASELINE_075
A0_BASELINE_075,S5,562461,562466,2019-08-07T04:30:00,2019-08-07T04:35:00,2019-08-07T04:30:00,2019-08-07T04:35:00,100,1483.56,1485.2527857142857,1.692785714285737,2.0834285714285996,take_profit,False,1.6927857142857192,25.0,True,5.0,0.725449981633396,0.5968838006611924,0.5754561038324918,0.5,live_rolling_pf,6.602922874428529,3.9411777007616258,943.2746963469327,947.2158740476943,True,S5_000048,1,primary,1,1815812,A0_BASELINE_075
A0_BASELINE_075,S5,562467,562469,2019-08-07T04:36:00,2019-08-07T04:38:00,2019-08-07T04:36:00,2019-08-07T04:38:00,101,1485.59,1487.1082142857142,1.5182142857142986,1.8685714285714443,take_profit,False,1.5182142857142935,25.0,True,5.0,0.7166217127444353,0.5750168577208356,0.5514160485502355,0.5,live_rolling_pf,6.63051111833386,3.8126556683473996,947.2158740476943,951.0285297160417,True,S5_000049,0,primary,1,1815818,A0_BASELINE_075
A0_BASELINE_075,S5,562470,562471,2019-08-07T04:39:00,2019-08-07T04:40:00,2019-08-07T04:39:00,2019-08-07T04:40:00,101,1486.45,1487.95,1.5,1.788571428571439,take_profit,False,1.5,23.0,True,5.0,0.7430997876857711,0.6043878273177605,0.5796178343949014,0.5,live_rolling_pf,6.657199708012292,4.023530467545979,951.0285297160417,955.0520601835876,True,S5_000050,1,primary,1,1815821,A0_BASELINE_075
A0_BASELINE_075,S5,567645,567648,2019-08-12T22:02:00,2019-08-12T22:05:00,2019-08-12T22:02:00,2019-08-12T22:05:00,103,1509.13,1507.5722857142857,1.5,1.5577142857143242,stop_loss,False,-1.5577142857143826,23.0,True,5.0,-0.8713440946140677,-1.027968675083938,-1.0559373501678435,1.0,,13.370728842570227,-13.744690413203513,955.0520601835876,941.3073697703841,False,S5_000051,0,primary,1,1820996,A0_BASELINE_075
A0_BASELINE_075,S5,567663,567666,2019-08-12T22:20:00,2019-08-12T22:23:00,2019-08-12T22:20:00,2019-08-12T22:23:00,104,1511.91,1513.41,1.5,1.6205714285714359,take_profit,False,1.5,26.0,True,5.0,0.7976298997265238,0.6327863871163755,0.6061987237921581,0.5,live_post_loss_cap;live_rolling_pf,6.5891515883926886,4.169525427781136,941.3073697703841,945.4768951981652,True,S5_000052,0,primary,1,1821014,A0_BASELINE_075
A0_BASELINE_075,S5,569343,569343,2019-08-14T04:22:00,2019-08-14T04:22:00,2019-08-14T04:22:00,2019-08-14T04:22:00,110,1495.69,1497.2527857142857,1.5627857142856865,1.923428571428537,take_profit,False,1.56278571428561,22.0,True,5.0,0.7291055718474704,0.603139162889857,0.5798120501199286,0.5,live_rolling_pf,6.618338266387156,3.991779001710657,945.4768951981652,949.4686741998759,True,S5_000053,0,primary,1,1822694,A0_BASELINE_075
A0_BASELINE_075,S5,569344,569387,2019-08-14T04:23:00,2019-08-14T05:06:00,2019-08-14T04:23:00,2019-08-14T05:06:00,110,1496.08,1497.7347142857143,1.6547142857142587,2.036571428571395,take_profit,False,1.6547142857143626,23.0,True,5.0,0.7300516828438617,0.6065170805496458,0.5844573301399644,1.0,,13.292561438798263,8.062165556886722,949.4686741998759,957.5308397567626,True,S5_000054,1,primary,1,1822695,A0_BASELINE_075
A0_BASELINE_075,S5,572573,572587,2019-08-16T12:14:00,2019-08-16T12:28:00,2019-08-16T12:14:00,2019-08-16T12:28:00,118,1507.28,1508.78,1.5,1.356571428571442,take_profit,False,1.5,25.0,True,5.0,0.9336653032189144,0.7469322425751315,0.7158100658011677,1.0,,13.405431756594677,10.012949204641146,957.5308397567626,967.5437889614037,True,S5_000055,0,primary,1,1825924,A0_BASELINE_075
A0_BASELINE_075,S5,573280,573281,2019-08-19T01:03:00,2019-08-19T01:04:00,2019-08-19T01:03:00,2019-08-19T01:04:00,119,1508.39,1509.89,1.5,1.4228571428570962,take_profit,False,1.5,34.0,True,5.0,0.8508914100486449,0.6296596434359971,0.6012965964343757,1.0,,13.545613045459652,8.529125880326115,967.5437889614037,976.0729148417298,True,S5_000056,0,primary,1,1826631,A0_BASELINE_075
A0_BASELINE_075,S5,573896,573925,2019-08-19T11:25:00,2019-08-19T11:54:00,2019-08-19T11:25:00,2019-08-19T11:54:00,121,1500.09,1501.59,1.5,1.5531428571429,take_profit,False,1.5,21.0,True,5.0,0.8507535245502953,0.7032895802949108,0.6749311294765676,1.0,,13.665020807784218,9.610466748627786,976.0729148417298,985.6833815903576,True,S5_000057,0,primary,1,1827247,A0_BASELINE_075
A0_BASELINE_075,S5,574247,574275,2019-08-19T17:16:00,2019-08-19T17:44:00,2019-08-19T17:16:00,2019-08-19T17:44:00,122,1501.69,1503.19,1.5,1.5051428571428396,take_profit,False,1.5,23.0,True,5.0,0.8644821340359053,0.7031121356825364,0.6742960645480062,1.0,,13.799567342265007,9.702643265514931,985.6833815903576,995.3860248558725,True,S5_000058,0,primary,1,1827598,A0_BASELINE_075
A0_BASELINE_075,S5,575617,575624,2019-08-20T17:07:00,2019-08-20T17:14:00,2019-08-20T17:07:00,2019-08-20T17:14:00,123,1503.09,1504.59,1.5,1.6822857142857435,take_profit,False,1.5,22.0,True,5.0,0.7885250826073775,0.6465905677380496,0.6203063983178037,1.0,,13.935404347982216,9.010501009021105,995.3860248558725,1004.3965258648936,True,S5_000059,0,primary,1,1828968,A0_BASELINE_075
A0_BASELINE_075,S5,580168,580168,2019-08-26T01:03:00,2019-08-26T01:03:00,2019-08-26T01:03:00,2019-08-26T01:03:00,124,1544.87,1547.7894285714285,2.9194285714286186,3.593142857142915,take_profit,False,2.919428571428625,43.0,True,5.0,0.7256586890135673,0.6063489808962479,0.5939208863006936,1.0,,14.061551362108512,8.526207338234743,1004.3965258648936,1012.9227332031284,True,S5_000060,0,primary,1,1833519,A0_BASELINE_075
A0_BASELINE_075,S5,580169,580171,2019-08-26T01:04:00,2019-08-26T01:06:00,2019-08-26T01:04:00,2019-08-26T01:06:00,124,1544.91,1548.0717857142859,3.1617857142857524,3.891428571428618,take_profit,False,3.16178571428577,72.0,True,5.0,0.6856412639405256,0.518664807930614,0.5078221809169834,1.0,,14.180918264843797,7.355143248114944,1012.9227332031284,1020.2778764512433,True,S5_000061,1,primary,1,1833520,A0_BASELINE_075
A0_BASELINE_075,S5,580180,580190,2019-08-26T01:15:00,2019-08-26T01:25:00,2019-08-26T01:15:00,2019-08-26T01:25:00,125,1547.57,1550.5841428571428,3.0141428571429243,3.709714285714368,take_profit,False,3.014142857142815,25.0,True,5.0,0.7612021069340957,0.6854390648675702,0.6728118911898159,1.0,,14.283890270317407,9.790736389557349,1020.2778764512433,1030.0686128408006,True,S5_000062,0,primary,1,1833531,A0_BASELINE_075
A0_BASELINE_075,S5,580196,580197,2019-08-26T01:31:00,2019-08-26T01:32:00,2019-08-26T01:31:00,2019-08-26T01:32:00,126,1551.19,1548.8494285714287,1.9017142857142875,2.340571428571431,stop_loss,False,-2.3405714285713657,23.0,True,5.0,-0.91052573079913,-1.019450928087115,-1.038901856174255,1.0,,14.420960579771208,-14.701461646955456,1030.0686128408006,1015.3671511938452,False,S5_000063,0,primary,1,1833547,A0_BASELINE_075
A0_BASELINE_075,S5,587062,587094,2019-09-02T01:07:00,2019-09-02T01:39:00,2019-09-02T01:07:00,2019-09-02T01:39:00,131,1532.23,1529.1214285714286,2.5257142857142054,3.10857142857133,stop_loss,False,-3.108571428571395,30.0,True,5.0,-0.9119865884325395,-1.0146689019279322,-1.0293378038558456,1.0,,14.215140116713833,-14.423660612977724,1015.3671511938452,1000.9434905808674,False,S5_000064,0,primary,1,1840413,A0_BASELINE_075
A0_BASELINE_075,S5,588137,588161,2019-09-02T19:02:00,2019-09-02T19:26:00,2019-09-02T19:02:00,2019-09-02T19:26:00,133,1527.99,1529.49,1.5,1.5668571428571991,take_profit,False,1.5,28.0,True,5.0,0.8121905940593812,0.6335086633663173,0.606435643564338,1.0,,14.013208868132145,8.877489219523419,1000.9434905808674,1009.8209798003909,True,S5_000065,0,primary,1,1841488,A0_BASELINE_075
A0_BASELINE_075,S5,591933,591935,2019-09-05T17:24:00,2019-09-05T17:26:00,2019-09-05T17:24:00,2019-09-05T17:26:00,134,1511.11,1514.4287142857142,3.3187142857142655,4.084571428571404,take_profit,False,3.31871428571435,24.0,True,5.0,0.7674088266384971,0.7003501585623867,0.6887883192389195,1.0,,14.137493717205473,9.901195966519598,1009.8209798003909,1019.7221757669105,True,S5_000066,0,primary,1,1845284,A0_BASELINE_075
A0_BASELINE_075,S5,592861,592869,2019-09-06T09:53:00,2019-09-06T10:01:00,2019-09-06T09:53:00,2019-09-06T10:01:00,136,1507.0,1508.5,1.5,1.8457142857142703,take_profit,False,1.5,17.0,True,5.0,0.7441530829199205,0.6350106307583322,0.6102055279943349,1.0,,14.276110460736747,9.065481908448067,1019.7221757669105,1028.7876576753586,True,S5_000067,0,primary,1,1846212,A0_BASELINE_075
A0_BASELINE_075,S5,593459,593462,2019-09-06T19:51:00,2019-09-06T19:54:00,2019-09-06T19:51:00,2019-09-06T19:54:00,138,1513.86,1516.637357142857,2.7773571428571087,3.418285714285672,take_profit,False,2.7773571428569994,21.0,True,5.0,0.7654736593432248,0.6938144735805655,0.6800338609339002,1.0,,14.40302720745502,9.993028739906967,1028.7876576753586,1038.7806864152656,True,S5_000068,0,primary,1,1846810,A0_BASELINE_075
A0_BASELINE_075,S5,593885,593892,2019-09-09T04:03:00,2019-09-09T04:10:00,2019-09-09T04:03:00,2019-09-09T04:10:00,139,1509.42,1510.92,1.5,1.510857142857172,take_profit,False,1.5,23.0,True,5.0,0.8616445100935356,0.7008042015427423,0.6720827178729577,1.0,,14.542929609813719,10.191746173297807,1038.7806864152656,1048.9724325885634,True,S5_000069,0,primary,1,1847236,A0_BASELINE_075
A0_BASELINE_075,S5,593893,593937,2019-09-09T04:11:00,2019-09-09T04:55:00,2019-09-09T04:11:00,2019-09-09T04:55:00,139,1510.5,1512.1463571428571,1.6463571428571657,2.0262857142857427,take_profit,False,1.6463571428571413,26.0,True,5.0,0.7201012246938169,0.5845101224693746,0.5626405898525292,1.0,,14.685614056239888,8.583890070550746,1048.9724325885634,1057.5563226591141,True,S5_000070,1,primary,1,1847244,A0_BASELINE_075
A0_BASELINE_075,S5,594726,594733,2019-09-09T18:04:00,2019-09-09T18:11:00,2019-09-09T18:04:00,2019-09-09T18:11:00,140,1500.39,1501.985285714286,1.5952857142857835,1.9634285714286568,take_profit,False,1.5952857142858647,22.0,True,5.0,0.7306333420570934,0.6069746139754443,0.5840748495158795,1.0,,14.805788517227597,8.986737769846286,1057.5563226591141,1066.5430604289604,True,S5_000071,0,primary,1,1848077,A0_BASELINE_075
A0_BASELINE_075,S5,595265,595269,2019-09-10T04:04:00,2019-09-10T04:08:00,2019-09-10T04:04:00,2019-09-10T04:08:00,141,1491.26,1489.8382857142858,1.5,1.421714285714292,stop_loss,False,-1.421714285714188,24.0,True,5.0,-0.8555708390645873,-1.0300894085281354,-1.0601788170563335,1.0,,14.931602846005447,-15.380885944018774,1066.5430604289604,1051.1621744849417,False,S5_000072,0,primary,1,1848616,A0_BASELINE_075
A0_BASELINE_075,S5,595284,595284,2019-09-10T04:23:00,2019-09-10T04:23:00,2019-09-10T04:23:00,2019-09-10T04:23:00,144,1489.74,1488.386857142857,1.5,1.3531428571428998,stop_loss,False,-1.3531428571429842,20.0,True,5.0,-0.8712288447388364,-1.0321927888153588,-1.0643855776306634,1.0,live_post_loss_cap,14.716270442789185,-15.190028229303604,1051.1621744849417,1035.972146255638,False,S5_000073,0,primary,1,1848635,A0_BASELINE_075
A0_BASELINE_075,S5,595299,595320,2019-09-10T04:38:00,2019-09-10T04:59:00,2019-09-10T04:38:00,2019-09-10T04:59:00,146,1490.24,1488.3234285714286,1.557214285714263,1.9165714285714008,stop_loss,False,-1.9165714285713875,22.0,True,5.0,-0.8970312917892408,-1.0234019791388012,-1.0468039582776085,1.0,live_post_loss_cap,14.503610047578935,-14.843023227349684,1035.972146255638,1021.1291230282884,False,S5_000074,0,primary,1,1848650,A0_BASELINE_075
A0_BASELINE_075,S5,600598,600601,2019-09-16T01:02:00,2019-09-16T01:05:00,2019-09-16T01:02:00,2019-09-16T01:05:00,147,1502.99,1500.1145714285715,2.336285714285659,2.875428571428503,stop_loss,False,-2.875428571428529,42.0,True,5.0,-0.8725507196115884,-1.0151725333795816,-1.0303450667591554,1.0,,14.295807722396038,-14.512711342252173,1021.1291230282884,1006.6164116860363,False,S5_000075,0,primary,1,1853949,A0_BASELINE_075
A0_BASELINE_075,S5,600616,600628,2019-09-16T01:20:00,2019-09-16T01:32:00,2019-09-16T01:20:00,2019-09-16T01:32:00,149,1502.29,1503.8490714285715,1.5590714285714675,1.918857142857191,take_profit,False,1.5590714285715421,20.0,True,5.0,0.7358077130528955,0.6178195792880654,0.5942219525350994,1.0,live_post_loss_cap,14.092629763604508,8.706702591612606,1006.6164116860363,1015.3231142776489,True,S5_000076,0,primary,1,1853967,A0_BASELINE_075
A0_BASELINE_075,S5,600635,600652,2019-09-16T01:39:00,2019-09-16T01:56:00,2019-09-16T01:39:00,2019-09-16T01:56:00,150,1502.19,1503.69,1.5,1.2994285714285592,take_profit,False,1.5,27.0,True,5.0,0.9557618787547862,0.7518660112870985,0.7200072819952723,1.0,live_post_loss_cap,14.214523599887084,10.68741716139343,1015.3231142776489,1026.0105314390423,True,S5_000077,0,primary,1,1853986,A0_BASELINE_075
A0_BASELINE_075,S5,600786,600796,2019-09-16T04:10:00,2019-09-16T04:20:00,2019-09-16T04:10:00,2019-09-16T04:20:00,151,1509.47,1507.4254285714287,1.6612142857142738,2.044571428571414,stop_loss,False,-2.0445714285713166,18.0,True,5.0,-0.9190855381453449,-1.022476239404015,-1.0449524788080737,1.0,,14.364147440146592,-14.686999456845896,1026.0105314390423,1011.3235319821964,False,S5_000078,0,primary,1,1854137,A0_BASELINE_075
A0_BASELINE_075,S5,615427,615432,2019-09-30T18:26:00,2019-09-30T18:31:00,2019-09-30T18:26:00,2019-09-30T18:31:00,157,1470.91,1468.614,1.865500000000077,2.296000000000095,stop_loss,False,-2.296000000000049,16.0,True,5.0,-0.9348534201954236,-1.0203583061889057,-1.0407166123778298,1.0,,14.15852944775075,-14.446773125432697,1011.3235319821964,996.8767588567637,False,S5_000079,0,primary,1,1868778,A0_BASELINE_075
A0_BASELINE_075,S5,621285,621335,2019-10-07T01:10:00,2019-10-07T02:00:00,2019-10-07T01:10:00,2019-10-07T02:00:00,158,1507.74,1505.8211428571428,1.5590714285714462,1.9188571428571646,stop_loss,False,-1.9188571428571777,25.0,True,5.0,-0.8847319193782184,-1.0230536161243635,-1.0461072322487213,1.0,,13.956274623994691,-14.278017221702461,996.8767588567637,982.5987416350612,False,S5_000080,0,primary,1,1874636,A0_BASELINE_075
A0_BASELINE_075,S5,622840,622843,2019-10-08T04:06:00,2019-10-08T04:09:00,2019-10-08T04:06:00,2019-10-08T04:09:00,161,1490.95,1492.45,1.5,1.189714285714321,take_profit,False,1.5,19.0,True,5.0,1.0871816110995787,0.9132325533236462,0.8769931662869935,1.0,,13.756382382890857,12.562776208023841,982.5987416350612,995.161517843085,True,S5_000081,0,primary,1,1876191,A0_BASELINE_075
A0_BASELINE_075,S5,622844,622897,2019-10-08T04:10:00,2019-10-08T05:03:00,2019-10-08T04:10:00,2019-10-08T05:03:00,161,1492.46,1491.0394285714285,1.5,1.420571428571436,stop_loss,False,-1.4205714285715203,20.0,True,5.0,-0.8765867418900386,-1.0308533145275556,-1.061706629055059,1.0,,13.93226124980319,-14.362117688223442,995.161517843085,980.7994001548616,False,S5_000082,1,primary,1,1876195,A0_BASELINE_075
A0_BASELINE_075,S5,633008,633050,2019-10-17T12:42:00,2019-10-17T13:24:00,2019-10-17T12:42:00,2019-10-17T13:24:00,164,1484.8,1486.3,1.5,1.8148571428571036,take_profit,False,1.5,19.0,True,5.0,0.7481829841812886,0.6284737067122824,0.6035342739062395,1.0,,13.731191602168062,8.629692883791126,980.7994001548616,989.4290930386527,True,S5_000083,0,primary,1,1886359,A0_BASELINE_075
A0_BASELINE_075,S5,656712,656726,2019-11-11T17:17:00,2019-11-11T17:31:00,2019-11-11T17:17:00,2019-11-11T17:31:00,173,1453.95,1452.3671428571429,1.5,1.5828571428571585,stop_loss,False,-1.582857142857165,20.0,True,5.0,-0.8878205128205174,-1.0280448717948751,-1.0560897435897467,1.0,,13.852007302541137,-14.240485071442578,989.4290930386527,975.1886079672101,False,S5_000084,0,primary,1,1910063,A0_BASELINE_075
A0_BASELINE_075,S5,676939,676947,2019-12-02T17:04:00,2019-12-02T17:12:00,2019-12-02T17:04:00,2019-12-02T17:12:00,175,1461.87,1460.3054285714284,1.5,1.564571428571461,stop_loss,False,-1.5645714285715258,17.0,True,5.0,-0.9019930818646414,-1.0288255641575068,-1.0576511283149763,0.5,live_rolling_pf,6.826320255770471,-7.023092788262871,975.1886079672101,968.1655151789473,False,S5_000085,0,primary,1,1930290,A0_BASELINE_075
A0_BASELINE_075,S5,679353,679362,2019-12-04T11:21:00,2019-12-04T11:30:00,2019-12-04T11:21:00,2019-12-04T11:30:00,179,1475.25,1473.5848571428571,1.5,1.6651428571428502,stop_loss,False,-1.6651428571428823,17.0,True,5.0,-0.9073641600498382,-1.027245835279482,-1.0544916705589467,0.5,live_rolling_pf,6.777158606252631,-6.9618079533015145,968.1655151789473,961.2037072256458,False,S5_000086,0,primary,1,1932704,A0_BASELINE_075
A0_BASELINE_075,S5,706116,706130,2020-01-06T01:19:00,2020-01-06T01:33:00,2020-01-06T01:19:00,2020-01-06T01:33:00,185,1575.34,1571.6005714285714,3.038285714285696,3.739428571428549,stop_loss,False,-3.7394285714285616,24.0,True,5.0,-0.9396898334290665,-1.012564618035615,-1.0251292360712265,0.5,live_rolling_pf,6.7284259505795205,-6.812966052629472,961.2037072256458,954.3907411730163,False,S5_000087,0,primary,1,1959467,A0_BASELINE_075
A0_BASELINE_075,S5,708897,708898,2020-01-08T01:42:00,2020-01-08T01:43:00,2020-01-08T01:42:00,2020-01-08T01:43:00,190,1597.65,1594.0717142857145,2.9073571428570744,3.5782857142856304,stop_loss,False,-3.5782857142855846,14.0,True,5.0,-0.9623482403565259,-1.0134470570155096,-1.026894114031032,0.5,live_rolling_pf,6.680735188211115,-6.770571415192511,954.3907411730163,947.6201697578238,False,S5_000088,0,primary,1,1962248,A0_BASELINE_075
A0_BASELINE_075,S5,708934,708940,2020-01-08T02:19:00,2020-01-08T02:25:00,2020-01-08T02:19:00,2020-01-08T02:25:00,191,1605.74,1608.7931428571428,3.053142857142825,3.7577142857142465,take_profit,False,3.0531428571428023,20.0,True,5.0,0.7714409471556392,0.7082731735489392,0.6956396188275992,0.5,live_post_loss_cap;live_rolling_pf,6.633341188304766,4.698217614673508,947.6201697578238,952.3183873724972,True,S5_000089,0,primary,1,1962285,A0_BASELINE_075
A0_BASELINE_075,S5,708941,708958,2020-01-08T02:26:00,2020-01-08T02:43:00,2020-01-08T02:26:00,2020-01-08T02:43:00,194,1608.59,1604.8734285714286,3.019714285714263,3.7165714285714007,stop_loss,False,-3.716571428571342,15.0,True,5.0,-0.9612059410330149,-1.012931352988975,-1.0258627059779648,0.5,live_post_loss_cap;live_rolling_pf,6.666228711607481,-6.752432068182517,952.3183873724972,945.5659553043147,False,S5_000090,0,primary,1,1962292,A0_BASELINE_075
A0_BASELINE_075,S5,710698,710701,2020-01-09T08:44:00,2020-01-09T08:47:00,2020-01-09T08:44:00,2020-01-09T08:47:00,198,1541.98,1544.155642857143,2.175642857142863,2.677714285714293,take_profit,False,2.175642857142975,19.0,True,5.0,0.7586679286639826,0.6749775829431499,0.6575420942513097,0.5,live_rolling_pf,6.618961687130203,4.467650761172458,945.5659553043147,950.0336060654871,True,S5_000091,0,primary,1,1964049,A0_BASELINE_075
A0_BASELINE_075,S5,710711,710715,2020-01-09T08:57:00,2020-01-09T09:01:00,2020-01-09T08:57:00,2020-01-09T09:01:00,199,1544.36,1545.9515714285712,1.5915714285713956,1.9588571428571022,take_profit,False,1.591571428571342,21.0,True,5.0,0.7338295349756029,0.6139507311289402,0.5908971150045819,0.5,live_rolling_pf,6.65023524245841,4.082916789286785,950.0336060654871,954.1165228547738,True,S5_000092,0,primary,1,1964062,A0_BASELINE_075
A0_BASELINE_075,S5,714509,714510,2020-01-14T03:19:00,2020-01-14T03:20:00,2020-01-14T03:19:00,2020-01-14T03:20:00,204,1538.08,1536.5142857142857,1.5,1.565714285714239,stop_loss,False,-1.5657142857141935,19.0,True,5.0,-0.8917819365337385,-1.0284784377542466,-1.0569568755085192,0.5,live_rolling_pf,6.678815659983417,-6.869017896028343,954.1165228547738,947.2475049587455,False,S5_000093,0,primary,1,1967860,A0_BASELINE_075
A0_BASELINE_075,S5,726546,726577,2020-01-27T01:10:00,2020-01-27T01:41:00,2020-01-27T01:10:00,2020-01-27T01:41:00,206,1585.17,1581.586,2.9119999999999906,3.5839999999999885,stop_loss,False,-3.58400000000006,35.0,True,5.0,-0.9110320284697688,-1.012709710218625,-1.0254194204372322,0.5,live_rolling_pf,6.6307325347112185,-6.715007223764608,947.2475049587455,940.5324977349809,False,S5_000094,0,primary,1,1979897,A0_BASELINE_075
A0_BASELINE_075,S5,731935,731955,2020-01-30T22:02:00,2020-01-30T22:22:00,2020-01-30T22:02:00,2020-01-30T22:22:00,210,1578.67,1576.615142857143,1.6695714285714303,2.054857142857145,stop_loss,False,-2.054857142857145,21.0,True,5.0,-0.9072789201463354,-1.0220764475842057,-1.0441528951684118,0.5,live_rolling_pf,6.583727484144866,-6.729072798857285,940.5324977349809,933.8034249361236,False,S5_000095,0,primary,1,1985286,A0_BASELINE_075
A0_BASELINE_075,S5,733441,733444,2020-02-03T01:11:00,2020-02-03T01:14:00,2020-02-03T01:11:00,2020-02-03T01:14:00,212,1591.3,1589.3091428571427,1.6175714285714775,1.9908571428572033,stop_loss,False,-1.990857142857294,20.0,True,5.0,-0.9087115284298822,-1.0228221178925814,-1.045644235785121,0.5,live_rolling_pf,6.536623974552866,-6.685803577519585,933.8034249361236,927.1176213586041,False,S5_000096,0,primary,1,1986792,A0_BASELINE_075
A0_BASELINE_075,S5,734391,734395,2020-02-03T17:01:00,2020-02-03T17:05:00,2020-02-03T17:01:00,2020-02-03T17:05:00,214,1572.65,1574.15,1.5,1.7874285714285312,take_profit,False,1.5,15.0,True,5.0,0.7742220911370166,0.6709924789854144,0.6451850759475138,0.5,live_rolling_pf,6.489823349510229,4.354622657465294,927.1176213586041,931.4722440160693,True,S5_000097,0,primary,1,1987742,A0_BASELINE_075
A0_BASELINE_075,S5,734400,734416,2020-02-03T17:10:00,2020-02-03T17:26:00,2020-02-03T17:10:00,2020-02-03T17:26:00,215,1574.93,1572.547142857143,1.9360714285714202,2.382857142857133,stop_loss,False,-2.3828571428571195,18.0,True,5.0,-0.9297658862876199,-1.01950947603121,-1.0390189520624253,0.5,live_rolling_pf,6.5203057081124856,-6.647513456041068,931.4722440160693,924.8247305600282,False,S5_000098,0,primary,1,1987751,A0_BASELINE_075
A0_BASELINE_075,S5,736846,736848,2020-02-05T11:58:00,2020-02-05T12:00:00,2020-02-05T11:58:00,2020-02-05T12:00:00,219,1547.76,1549.26,1.5,1.6651428571429019,take_profit,False,1.5,22.0,True,5.0,0.7956956653531184,0.6524704455895571,0.6259472567444532,0.5,live_rolling_pf,6.473773113920198,4.223945628285207,924.8247305600282,929.0486761883134,True,S5_000099,0,primary,1,1990197,A0_BASELINE_075
A0_BASELINE_075,S5,740365,740369,2020-02-10T01:41:00,2020-02-10T01:45:00,2020-02-10T01:41:00,2020-02-10T01:45:00,220,1574.55,1573.1637142857141,1.5,1.3862857142857008,stop_loss,False,-1.3862857142858047,22.0,True,5.0,-0.8630380647457057,-1.0311277125578735,-1.0622554251156824,0.5,live_rolling_pf,6.503340733318193,-6.705774854330833,929.0486761883134,922.3429013339826,False,S5_000100,0,primary,1,1993716,A0_BASELINE_075
A0_BASELINE_075,S5,753896,753946,2020-02-24T01:28:00,2020-02-24T02:18:00,2020-02-24T01:28:00,2020-02-24T02:18:00,222,1664.95,1660.9351428571429,3.26207142857146,4.014857142857181,stop_loss,False,-4.014857142857181,34.0,True,5.0,-0.921926256396799,-1.0114814328828237,-1.0229628657656475,0.5,live_rolling_pf,6.456400309337878,-6.530529036154183,922.3429013339826,915.8123722978283,False,S5_000101,0,primary,1,2007247,A0_BASELINE_075
A0_BASELINE_075,S5,755251,755252,2020-02-25T01:04:00,2020-02-25T01:05:00,2020-02-25T01:04:00,2020-02-25T01:05:00,225,1656.35,1658.1254285714283,1.775428571428498,2.185142857142767,take_profit,False,1.7754285714283924,39.0,True,5.0,0.6894485742815478,0.5185842671695925,0.499167868634143,0.5,live_rolling_pf,6.4106866060847985,3.3244812156704073,915.8123722978283,919.1368535134987,True,S5_000102,0,primary,1,2008602,A0_BASELINE_075
A0_BASELINE_075,S5,755703,755703,2020-02-25T08:36:00,2020-02-25T08:36:00,2020-02-25T08:36:00,2020-02-25T08:36:00,230,1635.04,1637.5991428571429,2.5591428571428945,3.1497142857143317,take_profit,False,2.559142857142888,16.0,True,5.0,0.7732216850828715,0.7097720994475132,0.6946650552486184,0.5,live_rolling_pf,6.433957974594492,4.566643859385002,919.1368535134987,923.7034973728837,True,S5_000103,0,primary,1,2009054,A0_BASELINE_075
A0_BASELINE_075,S5,756566,756566,2020-02-25T22:59:00,2020-02-25T22:59:00,2020-02-25T22:59:00,2020-02-25T22:59:00,233,1634.32,1630.8331428571428,2.833071428571428,3.486857142857142,stop_loss,False,-3.4868571428571613,17.0,True,5.0,-0.9535119931244681,-1.0136729431986926,-1.0273458863973801,0.5,live_rolling_pf,6.465924481610186,-6.554332699774278,923.7034973728837,917.1491646731095,False,S5_000104,0,primary,1,2009917,A0_BASELINE_075
A0_BASELINE_075,S5,756754,756758,2020-02-26T03:08:00,2020-02-26T03:12:00,2020-02-26T03:08:00,2020-02-26T03:12:00,234,1643.94,1645.6123571428573,1.6723571428571422,2.0582857142857134,take_profit,False,1.6723571428572086,21.0,True,5.0,0.7372779947096905,0.6226539866482217,0.6006109081748623,0.5,live_rolling_pf,6.420044152711767,3.9974660861435862,917.1491646731095,921.1466307592531,True,S5_000105,0,primary,1,2010105,A0_BASELINE_075
A0_BASELINE_075,S5,756759,756762,2020-02-26T03:13:00,2020-02-26T03:16:00,2020-02-26T03:13:00,2020-02-26T03:16:00,235,1645.85,1643.5814285714284,1.8432142857142773,2.268571428571418,stop_loss,False,-2.2685714285714766,23.0,True,5.0,-0.9079473985134593,-1.0200114351057983,-1.040022870211573,0.5,live_rolling_pf,6.4480264153147715,-6.577060677485316,921.1466307592531,914.5695700817678,False,S5_000106,0,primary,1,2010110,A0_BASELINE_075
A0_BASELINE_075,S5,757615,757625,2020-02-26T17:29:00,2020-02-26T17:39:00,2020-02-26T17:29:00,2020-02-26T17:39:00,236,1635.93,1637.6460000000002,1.7160000000000228,2.112000000000028,take_profit,False,1.7160000000001219,22.0,True,5.0,0.7358490566038169,0.6200686106346931,0.5986277873070776,0.5,live_rolling_pf,6.401986990572374,3.969671178545592,914.5695700817678,918.5392412603134,True,S5_000107,0,primary,1,2010966,A0_BASELINE_075
A0_BASELINE_075,S5,757817,757826,2020-02-26T20:51:00,2020-02-26T21:00:00,2020-02-26T20:51:00,2020-02-26T21:00:00,237,1644.49,1646.3833571428572,1.8933571428571945,2.330285714285778,take_profit,False,1.8933571428572122,22.0,True,5.0,0.7424098140264482,0.6365393233251289,0.6169336768989586,0.5,live_rolling_pf,6.429774688822194,4.092804429555921,918.5392412603134,922.6320456898693,True,S5_000108,0,primary,1,2011168,A0_BASELINE_075
A0_BASELINE_075,S5,760037,760050,2020-02-28T11:53:00,2020-02-28T12:06:00,2020-02-28T11:53:00,2020-02-28T12:06:00,245,1627.5,1624.7754285714286,2.2137142857142993,2.7245714285714455,stop_loss,False,-2.7245714285713802,18.0,True,5.0,-0.9380287231949415,-1.017214243556932,-1.0344284871138865,0.5,live_rolling_pf,6.458424319829085,-6.569601209064635,922.6320456898693,916.0624444808046,False,S5_000109,0,primary,1,2013388,A0_BASELINE_075
A0_BASELINE_075,S5,760349,760350,2020-02-28T17:05:00,2020-02-28T17:06:00,2020-02-28T17:05:00,2020-02-28T17:06:00,248,1609.35,1606.1362857142856,2.611142857142868,3.2137142857142993,stop_loss,False,-3.2137142857143317,18.0,True,5.0,-0.9469607678060377,-1.0147331200538905,-1.0294662401077717,0.5,live_rolling_pf,6.412437111365633,-6.506912317165406,916.0624444808046,909.5555321636392,False,S5_000110,0,primary,1,2013700,A0_BASELINE_075
A0_BASELINE_075,S5,760388,760409,2020-02-28T17:44:00,2020-02-28T18:05:00,2020-02-28T17:44:00,2020-02-28T18:05:00,250,1584.3,1590.5864285714285,6.286428571428639,7.737142857142941,take_profit,False,6.286428571428587,14.0,True,5.0,0.7980594849474001,0.7739390642002113,0.7675915850562144,0.5,live_post_loss_cap;live_rolling_pf,6.366888725145475,4.927583901805965,909.5555321636392,914.4831160654452,True,S5_000111,0,primary,1,2013739,A0_BASELINE_075
A0_BASELINE_075,S5,760554,760554,2020-02-28T20:30:00,2020-02-28T20:30:00,2020-02-28T20:30:00,2020-02-28T20:30:00,254,1567.77,1570.796214285714,3.026214285714215,3.724571428571341,take_profit,False,3.0262142857141043,22.0,True,5.0,0.7671845574387657,0.6987360567868737,0.6860604085180049,0.5,live_rolling_pf,6.4013818124581165,4.472876285624195,914.4831160654452,918.9559923510694,True,S5_000112,0,primary,1,2013905,A0_BASELINE_075
A0_BASELINE_075,S5,760556,760568,2020-02-28T20:32:00,2020-02-28T20:44:00,2020-02-28T20:32:00,2020-02-28T20:44:00,254,1571.0,1574.2314285714285,3.2314285714285247,3.9771428571428,take_profit,False,3.2314285714285234,16.0,True,5.0,0.7810773480662975,0.7303176795580095,0.7182320441988933,0.5,live_rolling_pf,6.432691946457486,4.697908655648327,918.9559923510694,923.6539010067178,True,S5_000113,1,primary,1,2013907,A0_BASELINE_075
A0_BASELINE_075,S5,760768,760768,2020-03-02T01:06:00,2020-03-02T01:06:00,2020-03-02T01:06:00,2020-03-02T01:06:00,255,1584.09,1587.2805714285714,3.1905714285714613,3.9268571428571835,take_profit,False,3.190571428571502,20.0,True,5.0,0.7731237884242694,0.7125450013846688,0.7004292439767488,0.5,live_rolling_pf,6.465577307047025,4.607014791202506,923.6539010067178,928.2609157979202,True,S5_000114,0,primary,1,2014119,A0_BASELINE_075
A0_BASELINE_075,S5,760769,760769,2020-03-02T01:07:00,2020-03-02T01:07:00,2020-03-02T01:07:00,2020-03-02T01:07:00,255,1587.37,1583.1311428571428,3.444071428571442,4.238857142857159,stop_loss,False,-4.238857142857114,28.0,True,5.0,-0.9380374304501672,-1.0110647445624583,-1.0221294891249266,0.5,live_rolling_pf,6.497826410585442,-6.569723200029765,928.2609157979202,921.6911925978904,False,S5_000115,1,primary,1,2014120,A0_BASELINE_075
A0_BASELINE_075,S5,760802,760803,2020-03-02T01:40:00,2020-03-02T01:41:00,2020-03-02T01:40:00,2020-03-02T01:41:00,258,1581.82,1580.0462857142857,1.5,1.7737142857142576,stop_loss,False,-1.7737142857142771,27.0,True,5.0,-0.8678875996085635,-1.0244652593317587,-1.048930518663508,0.5,live_post_loss_cap;live_rolling_pf,6.451838348185233,-6.60968424654017,921.6911925978904,915.0815083513503,False,S5_000116,0,primary,1,2014153,A0_BASELINE_075
A0_BASELINE_075,S5,760819,760831,2020-03-02T01:57:00,2020-03-02T02:09:00,2020-03-02T01:57:00,2020-03-02T02:09:00,260,1583.39,1585.1357142857144,1.7457142857143237,2.148571428571475,take_profit,False,1.7457142857142571,29.0,True,5.0,0.7158758055067116,0.576449912126515,0.555946104276486,0.5,live_post_loss_cap;live_rolling_pf,6.405570558459452,3.6924905855441423,915.0815083513503,918.7739989368945,True,S5_000117,0,primary,1,2014170,A0_BASELINE_075
A0_BASELINE_075,S5,760846,760847,2020-03-02T02:24:00,2020-03-02T02:25:00,2020-03-02T02:24:00,2020-03-02T02:25:00,262,1589.18,1590.68,1.5,1.6354285714285393,take_profit,False,1.5,22.0,True,5.0,0.8084385586695552,0.6629196181090352,0.6359716661533833,0.5,live_post_loss_cap;live_rolling_pf,6.431417992558262,4.263513159526301,918.7739989368945,923.0375120964208,True,S5_000118,0,primary,1,2014197,A0_BASELINE_075
A0_BASELINE_075,S5,760865,760866,2020-03-02T02:43:00,2020-03-02T02:44:00,2020-03-02T02:43:00,2020-03-02T02:44:00,263,1590.98,1592.5140000000001,1.5339999999999983,1.887999999999998,take_profit,False,1.5340000000001055,24.0,True,5.0,0.7208646616541856,0.5845864661654637,0.5610902255639598,0.5,live_post_loss_cap;live_rolling_pf,6.461262584674945,3.7771666613422568,923.0375120964208,926.814678757763,True,S5_000119,0,primary,1,2014216,A0_BASELINE_075
A0_BASELINE_075,S5,760884,760885,2020-03-02T03:02:00,2020-03-02T03:03:00,2020-03-02T03:02:00,2020-03-02T03:03:00,264,1600.11,1602.9690714285714,2.859071428571425,3.5188571428571387,take_profit,False,2.8590714285714967,19.0,True,5.0,0.7708766658963292,0.7061667051845195,0.6926854633695593,0.5,live_post_loss_cap;live_rolling_pf,6.487702751304341,4.5813996761051285,926.814678757763,931.3960784338681,True,S5_000120,0,primary,1,2014235,A0_BASELINE_075
A0_BASELINE_075,S5,760887,760906,2020-03-02T03:05:00,2020-03-02T03:24:00,2020-03-02T03:05:00,2020-03-02T03:24:00,265,1602.48,1605.5507857142857,3.0707857142857087,3.7794285714285643,take_profit,False,3.0707857142856483,24.0,True,5.0,0.7639856411714379,0.6918360818879574,0.6793965027011506,0.5,live_post_loss_cap;live_rolling_pf,6.519772549037077,4.510613895126472,931.3960784338681,935.9066923289945,True,S5_000121,0,primary,1,2014238,A0_BASELINE_075
A0_BASELINE_075,S5,760957,760963,2020-03-02T04:15:00,2020-03-02T04:21:00,2020-03-02T04:15:00,2020-03-02T04:21:00,267,1597.91,1595.7431428571429,1.760571428571453,2.166857142857173,stop_loss,False,-2.166857142857225,25.0,True,5.0,-0.896559877054048,-1.020688024589216,-1.041376049178411,0.5,live_rolling_pf,6.551346846302962,-6.68688127095176,935.9066923289945,929.2198110580428,False,S5_000122,0,primary,1,2014308,A0_BASELINE_075
A0_BASELINE_075,S5,762074,762075,2020-03-02T22:52:00,2020-03-02T22:53:00,2020-03-02T22:52:00,2020-03-02T22:53:00,270,1587.37,1585.5951428571427,1.5,1.77485714285714,stop_loss,False,-1.7748571428571722,22.0,True,5.0,-0.8897164136350776,-1.0250644514465932,-1.05012890289317,0.5,live_rolling_pf,6.504538677406299,-6.667571371268637,929.2198110580428,922.5522396867741,False,S5_000123,0,primary,1,2015425,A0_BASELINE_075
A0_BASELINE_075,S5,762262,762262,2020-03-03T03:01:00,2020-03-03T03:01:00,2020-03-03T03:01:00,2020-03-03T03:01:00,272,1595.96,1597.46,1.5,1.5897142857142692,take_profit,False,1.5,18.0,True,5.0,0.847594446238303,0.7176299644817633,0.6893768162738199,0.5,live_rolling_pf,6.457865677807419,4.634357916992936,922.5522396867741,927.186597603767,True,S5_000124,0,primary,1,2015613,A0_BASELINE_075
A0_BASELINE_075,S5,762263,762269,2020-03-03T03:02:00,2020-03-03T03:08:00,2020-03-03T03:02:00,2020-03-03T03:08:00,272,1596.83,1598.33,1.5,1.7417142857142869,take_profit,False,1.5,22.0,True,5.0,0.7646373434314007,0.6270026216137485,0.6015147101660352,0.5,live_rolling_pf,6.4903061832263695,4.069438991958856,927.186597603767,931.2560365957258,True,S5_000125,1,primary,1,2015614,A0_BASELINE_075
A0_BASELINE_075,S5,762270,762306,2020-03-03T03:09:00,2020-03-03T03:45:00,2020-03-03T03:09:00,2020-03-03T03:45:00,272,1599.45,1597.3391428571429,1.715071428571431,2.110857142857146,stop_loss,False,-2.110857142857185,24.0,True,5.0,-0.8979095770539788,-1.0212688381137744,-1.0425376762275322,0.5,live_rolling_pf,6.518792256170081,-6.657439393363889,931.2560365957258,924.5985972023619,False,S5_000126,2,primary,1,2015621,A0_BASELINE_075
A0_BASELINE_075,S5,763104,763104,2020-03-03T17:03:00,2020-03-03T17:03:00,2020-03-03T17:03:00,2020-03-03T17:03:00,273,1613.96,1617.5814285714287,3.6214285714285506,4.4571428571428315,take_profit,False,3.6214285714286234,16.0,True,5.0,0.7843440594059562,0.7388613861386292,0.7280321782178371,0.5,live_rolling_pf,6.472190180416534,4.782051408055384,924.5985972023619,929.3806486104173,True,S5_000127,0,primary,1,2016455,A0_BASELINE_075
A0_BASELINE_075,S5,763105,763111,2020-03-03T17:04:00,2020-03-03T17:10:00,2020-03-03T17:04:00,2020-03-03T17:10:00,273,1617.16,1621.1593571428573,3.9993571428571375,4.9222857142857075,take_profit,False,3.999357142857207,30.0,True,5.0,0.765825035561891,0.6988045738045869,0.6892302221249721,0.5,live_rolling_pf,6.505664540272922,4.5461881363810335,929.3806486104173,933.9268367467984,True,S5_000128,1,primary,1,2016456,A0_BASELINE_075
A0_BASELINE_075,S5,763117,763120,2020-03-03T17:16:00,2020-03-03T17:19:00,2020-03-03T17:16:00,2020-03-03T17:19:00,274,1619.89,1625.521785714286,5.6317857142857655,6.9314285714286346,take_profit,False,5.631785714285797,20.0,True,5.0,0.7897135416666713,0.7546574519230819,0.747646233974364,0.5,live_rolling_pf,6.537487857227589,4.933563928313461,933.9268367467984,938.8604006751118,True,S5_000129,0,primary,1,2016468,A0_BASELINE_075
A0_BASELINE_075,S5,763142,763144,2020-03-03T17:41:00,2020-03-03T17:43:00,2020-03-03T17:41:00,2020-03-03T17:43:00,275,1638.38,1641.63,3.2499999999999365,3.999999999999922,take_profit,False,3.25,14.0,True,5.0,0.7850241545893869,0.7391304347826227,0.7270531400966321,0.5,live_rolling_pf,6.5720228047257825,4.857582073058279,938.8604006751118,943.7179827481701,True,S5_000130,0,primary,1,2016493,A0_BASELINE_075
A0_BASELINE_075,S5,763145,763149,2020-03-03T17:44:00,2020-03-03T17:48:00,2020-03-03T17:44:00,2020-03-03T17:48:00,276,1642.1,1637.9411428571427,3.379071428571396,4.158857142857102,stop_loss,False,-4.158857142857187,15.0,True,5.0,-0.9651879848816584,-1.0116040050394732,-1.023208010078927,1.0,,13.212051758474383,-13.3653644736615,943.7179827481701,930.3526182745086,False,S5_000131,0,primary,1,2016496,A0_BASELINE_075
A0_BASELINE_075,S5,767660,767661,2020-03-09T00:04:00,2020-03-09T00:05:00,2020-03-09T00:04:00,2020-03-09T00:05:00,282,1693.0,1697.0810714285715,4.081071428571412,5.022857142857123,take_profit,False,4.081071428571477,81.0,True,5.0,0.6996693607641548,0.5522287533676321,0.5436566250306248,1.0,,13.02493665584312,7.192744532148621,930.3526182745086,937.5453628066572,True,S5_000132,0,primary,1,2021011,A0_BASELINE_075
A0_BASELINE_075,S5,767664,767666,2020-03-09T00:08:00,2020-03-09T00:10:00,2020-03-09T00:08:00,2020-03-09T00:10:00,283,1693.74,1699.6475714285714,5.90757142857144,7.270857142857157,take_profit,False,5.907571428571373,78.0,True,5.0,0.7337816736460988,0.6306870608275881,0.6244765419830994,1.0,,13.1256350792932,8.278168209654915,937.5453628066572,945.8235310163121,True,S5_000133,0,primary,1,2021015,A0_BASELINE_075
A0_BASELINE_075,S5,767696,767710,2020-03-09T00:40:00,2020-03-09T00:54:00,2020-03-09T00:40:00,2020-03-09T00:54:00,286,1695.27,1700.1747142857143,4.90471428571428,6.036571428571421,take_profit,False,4.904714285714363,25.0,True,5.0,0.7801890651274958,0.7324682997773162,0.7245148388856196,1.0,,13.24152943422837,9.699000551140543,945.8235310163121,955.5225315674527,True,S5_000134,0,primary,1,2021047,A0_BASELINE_075
A0_BASELINE_075,S5,767716,767717,2020-03-09T01:00:00,2020-03-09T01:01:00,2020-03-09T01:00:00,2020-03-09T01:01:00,288,1698.09,1694.2751428571428,3.0995714285714384,3.8148571428571554,stop_loss,False,-3.814857142857136,31.0,True,5.0,-0.9248458821084669,-1.012121631917984,-1.0242432638359724,1.0,,13.377315441944338,-13.539470335782351,955.5225315674527,941.9830612316704,False,S5_000135,0,primary,1,2021067,A0_BASELINE_075
A0_BASELINE_075,S5,767775,767776,2020-03-09T01:59:00,2020-03-09T02:00:00,2020-03-09T01:59:00,2020-03-09T02:00:00,289,1700.52,1698.3691428571428,1.7475714285714439,2.150857142857162,stop_loss,False,-2.1508571428571486,29.0,True,5.0,-0.8811892777712702,-1.020484607280809,-1.0409692145616236,1.0,live_post_loss_cap,13.187762857243385,-13.457909000286454,941.9830612316704,928.5251522313839,False,S5_000136,0,primary,1,2021126,A0_BASELINE_075
A0_BASELINE_075,S5,768241,768254,2020-03-09T09:45:00,2020-03-09T09:58:00,2020-03-09T09:45:00,2020-03-09T09:58:00,303,1677.33,1680.5595714285714,3.229571428571447,3.974857142857166,take_profit,False,3.2295714285714894,25.0,True,5.0,0.7644214512747786,0.6934131331575139,0.681578413471303,1.0,,12.999352131239375,9.0139214903405,928.5251522313839,937.5390737217244,True,S5_000137,0,primary,1,2021592,A0_BASELINE_075
A0_BASELINE_075,S5,768323,768329,2020-03-09T11:07:00,2020-03-09T11:13:00,2020-03-09T11:07:00,2020-03-09T11:13:00,305,1669.33,1665.234,3.3280000000000136,4.096000000000017,stop_loss,False,-4.096000000000004,28.0,True,5.0,-0.9360146252285163,-1.0114259597806183,-1.02285191956124,1.0,,13.125547032104143,-13.27551900459158,937.5390737217244,924.2635547171328,False,S5_000138,0,primary,1,2021674,A0_BASELINE_075
A0_BASELINE_075,S5,768363,768365,2020-03-09T11:47:00,2020-03-09T11:49:00,2020-03-09T11:47:00,2020-03-09T11:49:00,306,1664.24,1666.2438571428572,2.003857142857115,2.4662857142856804,take_profit,False,2.003857142857214,25.0,True,5.0,0.7377195750499986,0.6272746397391736,0.6088671505207027,0.5,live_post_loss_cap;live_rolling_pf,6.46984488301993,4.0583696181646625,924.2635547171328,928.3219243352975,True,S5_000139,0,primary,1,2021714,A0_BASELINE_075
A0_BASELINE_075,S5,769149,769150,2020-03-10T01:54:00,2020-03-10T01:55:00,2020-03-10T01:54:00,2020-03-10T01:55:00,311,1663.36,1665.155857142857,1.7958571428571355,2.210285714285705,take_profit,False,1.7958571428571304,28.0,True,5.0,0.7211450206516726,0.588630105553003,0.5685520881138107,0.5,live_rolling_pf,6.498253470347082,3.825067626160571,928.3219243352975,932.1469919614581,True,S5_000140,0,primary,1,2022500,A0_BASELINE_075
A0_BASELINE_075,S5,769529,769556,2020-03-10T08:14:00,2020-03-10T08:41:00,2020-03-10T08:14:00,2020-03-10T08:41:00,316,1657.72,1659.830642857143,2.1106428571428375,2.597714285714262,take_profit,False,2.1106428571429205,25.0,True,5.0,0.7411708638507358,0.6358232166148565,0.6182652754088767,1.0,,13.050057887460413,8.29752978301516,932.1469919614581,940.4445217444733,True,S5_000141,0,primary,1,2022880,A0_BASELINE_075
A0_BASELINE_075,S5,769613,769615,2020-03-10T09:38:00,2020-03-10T09:40:00,2020-03-10T09:38:00,2020-03-10T09:40:00,317,1659.5,1661.1370714285715,1.6370714285714598,2.0148571428571813,take_profit,False,1.6370714285715167,25.0,True,5.0,0.7228144316891902,0.5903557461839571,0.5682792985997517,1.0,,13.166223304422626,7.772755583307025,940.4445217444733,948.2172773277803,True,S5_000142,0,primary,1,2022964,A0_BASELINE_075
A0_BASELINE_075,S5,770083,770092,2020-03-10T17:28:00,2020-03-10T17:37:00,2020-03-10T17:28:00,2020-03-10T17:37:00,321,1657.21,1659.0225714285714,1.8125714285714059,2.230857142857115,take_profit,False,1.8125714285713457,20.0,True,5.0,0.7456511518570501,0.6428067700987039,0.6222378937470345,1.0,,13.275041882588924,8.533286795472005,948.2172773277803,956.7505641232523,True,S5_000143,0,primary,1,2023434,A0_BASELINE_075
A0_BASELINE_075,S5,771443,771448,2020-03-11T17:09:00,2020-03-11T17:14:00,2020-03-11T17:09:00,2020-03-11T17:14:00,322,1649.39,1647.2322857142858,1.7531428571428884,2.157714285714324,stop_loss,False,-2.1577142857142917,25.0,True,5.0,-0.8961670819983268,-1.0207665836003184,-1.0415331672006505,1.0,,13.394507897725532,-13.672666065768773,956.7505641232523,943.0778980574835,False,S5_000144,0,primary,1,2024794,A0_BASELINE_075
A0_BASELINE_075,S5,771465,771473,2020-03-11T17:31:00,2020-03-11T17:39:00,2020-03-11T17:31:00,2020-03-11T17:39:00,324,1651.66,1649.4017142857144,1.834857142857142,2.2582857142857136,stop_loss,False,-2.2582857142856483,19.0,True,5.0,-0.9223946784922128,-1.0204224530283315,-1.0408449060566896,0.5,live_post_loss_cap;live_rolling_pf,6.601545286402384,-6.7363650349283395,943.0778980574835,936.3415330225552,False,S5_000145,0,primary,1,2024816,A0_BASELINE_075
A0_BASELINE_075,S5,772016,772017,2020-03-12T03:43:00,2020-03-12T03:44:00,2020-03-12T03:43:00,2020-03-12T03:44:00,325,1635.91,1638.1255714285714,2.2155714285714194,2.7268571428571313,take_profit,False,2.2155714285713657,24.0,True,5.0,0.746773882896746,0.6490273497688565,0.6321744992295651,0.5,live_rolling_pf,6.554390731157886,4.25397884559296,936.3415330225552,940.5955118681482,True,S5_000146,0,primary,1,2025367,A0_BASELINE_075
A0_BASELINE_075,S5,772019,772026,2020-03-12T03:46:00,2020-03-12T03:53:00,2020-03-12T03:46:00,2020-03-12T03:53:00,325,1637.32,1639.6637142857141,2.3437142857143076,2.884571428571456,take_profit,False,2.3437142857142135,20.0,True,5.0,0.759818451278221,0.6787699147832236,0.6625602074842242,1.0,,13.168337166154075,8.938271096107156,940.5955118681482,949.5337829642554,True,S5_000147,1,primary,1,2025370,A0_BASELINE_075
A0_BASELINE_075,S5,772034,772034,2020-03-12T04:01:00,2020-03-12T04:01:00,2020-03-12T04:01:00,2020-03-12T04:01:00,326,1631.36,1633.6609999999998,2.3009999999999553,2.8319999999999452,take_profit,False,2.300999999999931,24.0,True,5.0,0.7490234374999909,0.6546223958333225,0.6383463541666555,1.0,,13.293472961499575,8.702205119002345,949.5337829642554,958.2359880832577,True,S5_000148,0,primary,1,2025385,A0_BASELINE_075
A0_BASELINE_075,S5,772040,772042,2020-03-12T04:07:00,2020-03-12T04:09:00,2020-03-12T04:07:00,2020-03-12T04:09:00,328,1637.96,1634.7634285714287,2.597214285714246,3.1965714285713798,stop_loss,False,-3.1965714285713602,29.0,True,5.0,-0.9168237318692057,-1.014340735884613,-1.0286814717692319,1.0,,13.415303833165607,-13.607689162248873,958.2359880832577,944.6282989210088,False,S5_000149,0,primary,1,2025391,A0_BASELINE_075
A0_BASELINE_075,S5,772057,772061,2020-03-12T04:24:00,2020-03-12T04:28:00,2020-03-12T04:24:00,2020-03-12T04:28:00,331,1637.66,1635.7354285714287,1.5637142857142359,1.924571428571367,stop_loss,False,-1.9245714285714257,15.0,True,5.0,-0.9276959096543438,-1.0241013634485898,-1.0482027268971514,1.0,live_post_loss_cap,13.224796184894123,-13.54353180427978,944.6282989210088,931.0847671167289,False,S5_000150,0,primary,1,2025408,A0_BASELINE_075
A0_BASELINE_075,S5,772826,772834,2020-03-12T17:13:00,2020-03-12T17:21:00,2020-03-12T17:13:00,2020-03-12T17:21:00,342,1576.46,1572.3948571428573,3.3029285714285446,4.065142857142824,stop_loss,False,-4.065142857142746,22.0,True,5.0,-0.9486598213094893,-1.0116682224296392,-1.0233364448592965,0.5,live_rolling_pf,6.517593369817103,-6.5936420989620705,931.0847671167289,924.4911250177669,False,S5_000151,0,primary,1,2026177,A0_BASELINE_075
A0_BASELINE_075,S5,772940,772946,2020-03-12T19:07:00,2020-03-12T19:13:00,2020-03-12T19:07:00,2020-03-12T19:13:00,344,1604.95,1596.8734285714286,6.562214285714335,8.076571428571489,stop_loss,False,-8.07657142857147,27.0,True,5.0,-0.967651388080647,-1.0059904836887663,-1.0119809673775348,0.5,live_post_loss_cap;live_rolling_pf,6.471437875124368,-6.510204918158165,924.4911250177669,917.9809200996087,False,S5_000152,0,primary,1,2026291,A0_BASELINE_075
A0_BASELINE_075,S5,772962,773019,2020-03-12T19:29:00,2020-03-12T20:26:00,2020-03-12T19:29:00,2020-03-12T20:26:00,346,1590.83,1584.2859999999998,5.316999999999999,6.543999999999999,stop_loss,False,-6.544000000000096,23.0,True,5.0,-0.9660466489518892,-1.0073811632713459,-1.0147623265426775,0.5,live_post_loss_cap;live_rolling_pf,6.425866440697261,-6.47329681005591,917.9809200996087,911.5076232895528,False,S5_000153,0,primary,1,2026313,A0_BASELINE_075
A0_BASELINE_075,S5,773208,773209,2020-03-13T00:36:00,2020-03-13T00:37:00,2020-03-13T00:36:00,2020-03-13T00:37:00,349,1575.49,1577.3610714285714,1.8710714285714158,2.3028571428571274,take_profit,False,1.8710714285714403,36.0,True,5.0,0.7026555793991501,0.5486856223176041,0.5299087982832693,0.5,live_rolling_pf,6.38055336302687,3.5009178927230797,911.5076232895528,915.008541182276,True,S5_000154,0,primary,1,2026559,A0_BASELINE_075
A0_BASELINE_075,S5,773225,773225,2020-03-13T00:53:00,2020-03-13T00:53:00,2020-03-13T00:53:00,2020-03-13T00:53:00,350,1576.15,1574.919142857143,1.5,1.230857142857115,stop_loss,False,-1.2308571428570758,29.0,True,5.0,-0.809318053729071,-1.0328761976328886,-1.065752395265803,0.5,live_rolling_pf,6.405059788275932,-6.615633799725759,915.008541182276,908.3929073825502,False,S5_000155,0,primary,1,2026576,A0_BASELINE_075
A0_BASELINE_075,S5,773381,773394,2020-03-13T03:29:00,2020-03-13T03:42:00,2020-03-13T03:29:00,2020-03-13T03:42:00,351,1563.3,1559.3582857142858,3.202642857142837,3.941714285714261,stop_loss,False,-3.94171428571417,15.0,True,5.0,-0.963340548844332,-1.0122198170518597,-1.0244396341037416,0.5,live_rolling_pf,6.358750351677852,-6.436453117653803,908.3929073825502,901.9564542648964,False,S5_000156,0,primary,1,2026732,A0_BASELINE_075
A0_BASELINE_075,S5,773414,773418,2020-03-13T04:02:00,2020-03-13T04:06:00,2020-03-13T04:02:00,2020-03-13T04:06:00,353,1552.5,1554.9505,2.4505000000000092,3.0160000000000116,take_profit,False,2.45049999999992,25.0,True,5.0,0.750306184935674,0.6584507042253254,0.6431414574402672,0.5,live_post_loss_cap;live_rolling_pf,6.313695179854275,4.15725703743909,901.9564542648964,906.1137113023354,True,S5_000157,0,primary,1,2026765,A0_BASELINE_075
A0_BASELINE_075,S5,773423,773426,2020-03-13T04:11:00,2020-03-13T04:14:00,2020-03-13T04:11:00,2020-03-13T04:14:00,354,1561.11,1558.3511428571428,2.2415714285713957,2.7588571428571025,stop_loss,False,-2.758857142857096,34.0,True,5.0,-0.8902821316614384,-1.0161349806380213,-1.0322699612760449,0.5,live_post_loss_cap;live_rolling_pf,6.342795979116349,-6.445136869430311,906.1137113023354,899.6685744329052,False,S5_000158,0,primary,1,2026774,A0_BASELINE_075
A0_BASELINE_075,S5,774244,774247,2020-03-13T17:52:00,2020-03-13T17:55:00,2020-03-13T17:52:00,2020-03-13T17:55:00,360,1539.97,1546.5628571428572,6.592857142857185,8.114285714285767,take_profit,False,6.592857142857156,26.0,True,5.0,0.787273967929031,0.7502558853633541,0.744285226885019,0.5,live_rolling_pf,6.297680021030336,4.724871499913221,899.6685744329052,904.3934459328184,True,S5_000159,0,primary,1,2027595,A0_BASELINE_075
A0_BASELINE_075,S5,774556,774556,2020-03-16T00:06:00,2020-03-16T00:06:00,2020-03-16T00:06:00,2020-03-16T00:06:00,362,1549.51,1556.4213571428572,6.911357142857128,8.506285714285696,take_profit,False,6.911357142857241,82.0,True,5.0,0.741062128546057,0.6477774033453951,0.6424162122419088,0.5,live_rolling_pf,6.330754121529729,4.100919466062686,904.3934459328184,908.4943653988811,True,S5_000160,0,primary,1,2027907,A0_BASELINE_075
A0_BASELINE_075,S5,774557,774560,2020-03-16T00:07:00,2020-03-16T00:10:00,2020-03-16T00:07:00,2020-03-16T00:10:00,362,1559.45,1567.3827857142858,7.932785714285699,9.763428571428554,take_profit,False,7.932785714285728,96.0,True,5.0,0.7397620697005248,0.6455757753383804,0.6409130874986702,0.5,live_rolling_pf,6.3594605577921675,4.105513680330527,908.4943653988811,912.5998790792116,True,S5_000161,1,primary,1,2027908,A0_BASELINE_075
A0_BASELINE_075,S5,774566,774571,2020-03-16T00:16:00,2020-03-16T00:21:00,2020-03-16T00:16:00,2020-03-16T00:21:00,362,1571.35,1562.628857142857,7.085928571428567,8.721142857142851,stop_loss,False,-8.721142857142922,86.0,True,5.0,-0.910240353074499,-1.0052185841235837,-1.0104371682471598,0.5,live_rolling_pf,6.388199153554481,-6.421536508235511,912.5998790792116,906.1783425709762,False,S5_000162,2,primary,1,2027917,A0_BASELINE_075
A0_BASELINE_075,S5,774586,774590,2020-03-16T00:36:00,2020-03-16T00:40:00,2020-03-16T00:36:00,2020-03-16T00:40:00,362,1545.15,1551.8301428571428,6.6801428571428625,8.221714285714292,take_profit,False,6.680142857142755,75.0,True,5.0,0.7445781981465439,0.6554090634056122,0.649835992484304,0.5,live_post_loss_cap;live_rolling_pf,6.343248397996833,4.157422491480254,906.1783425709762,910.3357650624564,True,S5_000163,3,primary,1,2027937,A0_BASELINE_075
A0_BASELINE_075,S5,774591,774596,2020-03-16T00:41:00,2020-03-16T00:46:00,2020-03-16T00:41:00,2020-03-16T00:46:00,362,1547.87,1539.9842857142855,6.407142857142836,7.8857142857142595,stop_loss,False,-7.885714285714357,80.0,True,5.0,-0.9078947368421162,-1.0057565789473795,-1.011513157894748,0.5,live_post_loss_cap;live_rolling_pf,6.372350355437195,-6.409033293338631,910.3357650624564,903.9267317691177,False,S5_000164,4,primary,1,2027942,A0_BASELINE_075
A0_BASELINE_075,S5,774614,774617,2020-03-16T01:04:00,2020-03-16T01:07:00,2020-03-16T01:04:00,2020-03-16T01:07:00,365,1542.3,1546.6076428571428,4.307642857142782,5.301714285714194,take_profit,False,4.30764285714281,74.0,True,5.0,0.7129835429868562,0.5822259528988943,0.5739501560578841,0.5,live_post_loss_cap;live_rolling_pf,6.3274871223838245,3.684027219285405,903.9267317691177,907.6107589884032,True,S5_000165,0,primary,1,2027965,A0_BASELINE_075
A0_BASELINE_075,S5,774632,774633,2020-03-16T01:22:00,2020-03-16T01:23:00,2020-03-16T01:22:00,2020-03-16T01:23:00,366,1556.57,1552.41,3.379999999999966,4.159999999999958,stop_loss,False,-4.1599999999998545,63.0,True,5.0,-0.8684759916492465,-1.0104384133611475,-1.0208768267223167,0.5,live_post_loss_cap;live_rolling_pf,6.353275312918822,-6.419593426832242,907.6107589884032,901.191165561571,False,S5_000166,0,primary,1,2027983,A0_BASELINE_075
A0_BASELINE_075,S5,774648,774655,2020-03-16T01:38:00,2020-03-16T01:45:00,2020-03-16T01:38:00,2020-03-16T01:45:00,369,1557.35,1561.5350714285714,4.185071428571423,5.150857142857136,take_profit,False,4.1850714285715185,70.0,True,5.0,0.7152920207051632,0.5871056743822799,0.5785599179607543,0.5,live_post_loss_cap;live_rolling_pf,6.308338158930997,3.703661129030653,901.191165561571,904.8948266906017,True,S5_000167,0,primary,1,2027999,A0_BASELINE_075
A0_BASELINE_075,S5,774664,774682,2020-03-16T01:54:00,2020-03-16T02:12:00,2020-03-16T01:54:00,2020-03-16T02:12:00,371,1558.11,1554.2368571428572,3.1469285714285173,3.8731428571427906,stop_loss,False,-3.8731428571427386,75.0,True,5.0,-0.837772696372275,-1.0108151535751697,-1.0216303071503505,0.5,live_post_loss_cap;live_rolling_pf,6.334263786834212,-6.40276982247446,904.8948266906017,898.4920568681272,False,S5_000168,0,primary,1,2028015,A0_BASELINE_075
A0_BASELINE_075,S5,774704,774712,2020-03-16T02:34:00,2020-03-16T02:42:00,2020-03-16T02:34:00,2020-03-16T02:42:00,376,1544.98,1541.549142857143,2.7875714285713844,3.430857142857089,stop_loss,False,-3.4308571428571213,33.0,True,5.0,-0.9122540454303804,-1.0132948416014673,-1.0265896832029262,0.5,live_post_loss_cap;live_rolling_pf,6.28944439807689,-6.373061565110558,898.4920568681272,892.1189953030166,False,S5_000169,0,primary,1,2028055,A0_BASELINE_075
A0_BASELINE_075,S5,774737,774754,2020-03-16T03:07:00,2020-03-16T03:24:00,2020-03-16T03:07:00,2020-03-16T03:24:00,380,1535.59,1531.2014285714286,3.565714285714315,4.388571428571465,stop_loss,False,-4.3885714285713675,69.0,True,5.0,-0.8641350210970281,-1.0098452883262816,-1.0196905766525826,0.5,live_post_loss_cap;live_rolling_pf,6.244832967121116,-6.306315148231892,892.1189953030166,885.8126801547847,False,S5_000170,0,primary,1,2028088,A0_BASELINE_075
A0_BASELINE_075,S5,774769,774778,2020-03-16T03:39:00,2020-03-16T03:48:00,2020-03-16T03:39:00,2020-03-16T03:48:00,382,1530.06,1533.3322857142857,3.2722857142857364,4.027428571428599,take_profit,False,3.272285714285772,70.0,True,5.0,0.6921914662154076,0.5335428502357156,0.5229662758370694,0.5,live_post_loss_cap;live_rolling_pf,6.2006887610834935,3.308333155013055,885.8126801547847,889.1210133097978,True,S5_000171,0,primary,1,2028120,A0_BASELINE_075
A0_BASELINE_075,S5,774792,774797,2020-03-16T04:02:00,2020-03-16T04:07:00,2020-03-16T04:02:00,2020-03-16T04:07:00,382,1532.89,1530.395142857143,2.0270714285714218,2.4948571428571347,stop_loss,False,-2.4948571428571995,42.0,True,5.0,-0.8559106057635977,-1.0171534993138824,-1.0343069986277424,0.5,live_post_loss_cap;live_rolling_pf,6.223847093168585,-6.330607850010962,889.1210133097978,882.7904054597868,False,S5_000172,1,primary,1,2028143,A0_BASELINE_075
A0_BASELINE_075,S5,774815,774819,2020-03-16T04:25:00,2020-03-16T04:29:00,2020-03-16T04:25:00,2020-03-16T04:29:00,382,1535.18,1536.68,1.5,1.5828571428571585,take_profit,False,1.5,45.0,True,5.0,0.737877723120163,0.4919184820801087,0.4673225579761032,0.5,live_post_loss_cap;live_rolling_pf,6.179532838218508,3.0398264137406343,882.7904054597868,885.8302318735275,True,S5_000173,2,primary,1,2028166,A0_BASELINE_075
A0_BASELINE_075,S5,774820,774820,2020-03-16T04:30:00,2020-03-16T04:30:00,2020-03-16T04:30:00,2020-03-16T04:30:00,382,1537.83,1536.292857142857,1.5,1.5371428571428885,stop_loss,False,-1.5371428571429533,34.0,True,5.0,-0.8188736681887742,-1.0266362252663963,-1.053272450532758,0.5,live_post_loss_cap;live_rolling_pf,6.200811623114693,-6.365977838342465,885.8302318735275,879.464254035185,False,S5_000174,3,primary,1,2028171,A0_BASELINE_075
A0_BASELINE_075,S5,774835,774839,2020-03-16T04:45:00,2020-03-16T04:49:00,2020-03-16T04:45:00,2020-03-16T04:49:00,382,1543.26,1545.7365,2.476500000000007,3.0480000000000085,take_profit,False,2.4764999999999873,54.0,True,5.0,0.6902173913043427,0.5257803790412439,0.5118450390189473,0.5,live_post_loss_cap;live_rolling_pf,6.156249778246296,3.2368353418789106,879.464254035185,882.7010893770639,True,S5_000175,4,primary,1,2028186,A0_BASELINE_075
A0_BASELINE_075,S5,774840,774843,2020-03-16T04:50:00,2020-03-16T04:53:00,2020-03-16T04:50:00,2020-03-16T04:53:00,382,1545.23,1547.5467857142858,2.3167857142857398,2.8514285714286025,take_profit,False,2.316785714285743,55.0,True,5.0,0.6811213775724507,0.5047249055018938,0.49002519949601403,0.5,live_post_loss_cap;live_rolling_pf,6.1789076256394475,3.118648567455801,882.7010893770639,885.8197379445197,True,S5_000176,5,primary,1,2028191,A0_BASELINE_075
A0_BASELINE_075,S5,774844,774850,2020-03-16T04:54:00,2020-03-16T05:00:00,2020-03-16T04:54:00,2020-03-16T05:00:00,383,1547.34,1544.5331428571428,2.2805714285714447,2.806857142857163,stop_loss,False,-2.8068571428570976,51.0,True,5.0,-0.846239986217571,-1.0150745111551185,-1.0301490223102565,0.5,live_post_loss_cap;live_rolling_pf,6.2007381656116385,-6.29421126225912,885.8197379445197,879.5255266822606,False,S5_000177,0,primary,1,2028195,A0_BASELINE_075
A0_BASELINE_075,S5,775104,775116,2020-03-16T09:14:00,2020-03-16T09:26:00,2020-03-16T09:14:00,2020-03-16T09:26:00,393,1536.36,1532.5154285714284,3.1237142857142954,3.8445714285714403,stop_loss,False,-3.8445714285714985,77.0,True,5.0,-0.8331372670423014,-1.010835242399864,-1.0216704847997153,0.5,live_rolling_pf,6.156678686775825,-6.223387792725118,879.5255266822606,873.3021388895355,False,S5_000178,0,primary,1,2028455,A0_BASELINE_075
A0_BASELINE_075,S5,775249,775250,2020-03-16T11:39:00,2020-03-16T11:40:00,2020-03-16T11:39:00,2020-03-16T11:40:00,396,1521.54,1525.8077142857144,4.26771428571431,5.252571428571459,take_profit,False,4.267714285714419,52.0,True,5.0,0.7393090477133434,0.6405662245100178,0.6319045733518314,0.5,live_rolling_pf,6.113114972226748,3.9158549777549503,873.3021388895355,877.2179938672905,True,S5_000179,0,primary,1,2028600,A0_BASELINE_075
A0_BASELINE_075,S5,775252,775293,2020-03-16T11:42:00,2020-03-16T12:23:00,2020-03-16T11:42:00,2020-03-16T12:23:00,396,1523.25,1516.4854285714287,5.496214285714291,6.764571428571435,stop_loss,False,-6.764571428571344,45.0,True,5.0,-0.9376262326244379,-1.0069304185972705,-1.0138608371945539,0.5,live_rolling_pf,6.140525957071033,-6.183082372360941,877.2179938672905,871.0349114949296,False,S5_000180,1,primary,1,2028603,A0_BASELINE_075
A0_BASELINE_075,S5,775308,775311,2020-03-16T12:38:00,2020-03-16T12:41:00,2020-03-16T12:38:00,2020-03-16T12:41:00,400,1500.01,1505.110642857143,5.100642857142906,6.277714285714346,take_profit,False,5.10064285714293,58.0,True,5.0,0.7437817681859885,0.6519144237980217,0.6446233647196117,0.5,live_post_loss_cap;live_rolling_pf,6.097244380464507,3.9748815570462446,871.0349114949296,875.0097930519759,True,S5_000181,0,primary,1,2028659,A0_BASELINE_075
A0_BASELINE_075,S5,775325,775325,2020-03-16T12:55:00,2020-03-16T12:55:00,2020-03-16T12:55:00,2020-03-16T12:55:00,401,1493.15,1488.894,3.458000000000001,4.256000000000001,stop_loss,False,-4.2560000000000855,60.0,True,5.0,-0.8764415156507588,-1.0102965403624558,-1.020593080724894,0.5,live_post_loss_cap;live_rolling_pf,6.125068551363831,-6.188135566925757,875.0097930519759,868.8216574850501,False,S5_000182,0,primary,1,2028676,A0_BASELINE_075
A0_BASELINE_075,S5,775570,775577,2020-03-16T17:03:00,2020-03-16T17:10:00,2020-03-16T17:03:00,2020-03-16T17:10:00,408,1491.22,1496.8629285714285,5.642928571428527,6.945142857142803,take_profit,False,5.642928571428456,53.0,True,5.0,0.7548924053051921,0.6773019149180035,0.6706130795397975,0.5,live_rolling_pf,6.081751602395351,4.119182006358008,868.8216574850501,872.940839491408,True,S5_000183,0,primary,1,2028921,A0_BASELINE_075
A0_BASELINE_075,S5,775598,775608,2020-03-16T17:31:00,2020-03-16T17:41:00,2020-03-16T17:31:00,2020-03-16T17:41:00,409,1515.04,1508.7051428571428,5.147071428571435,6.3348571428571505,stop_loss,False,-6.334857142857118,36.0,True,5.0,-0.9462273813588207,-1.0074684192557137,-1.0149368385114323,0.5,live_rolling_pf,6.110585876439856,-6.156222293663152,872.940839491408,866.7846171977449,False,S5_000184,0,primary,1,2028949,A0_BASELINE_075
A0_BASELINE_075,S5,775624,775631,2020-03-16T17:57:00,2020-03-16T18:04:00,2020-03-16T17:57:00,2020-03-16T18:04:00,411,1503.97,1508.6453571428572,4.675357142857177,5.754285714285756,take_profit,False,4.675357142857138,42.0,True,5.0,0.7572304488662597,0.6811082832022157,0.6730101804719983,0.5,live_post_loss_cap;live_rolling_pf,6.067492320384214,4.13261927767952,866.7846171977449,870.9172364754244,True,S5_000185,0,primary,1,2028975,A0_BASELINE_075
A0_BASELINE_075,S5,775715,775715,2020-03-16T19:28:00,2020-03-16T19:28:00,2020-03-16T19:28:00,2020-03-16T19:28:00,412,1496.99,1492.7831428571428,3.4180714285714657,4.206857142857189,stop_loss,False,-4.206857142857189,28.0,True,5.0,-0.9375955170657163,-1.0111436576668362,-1.0222873153336727,0.5,live_post_loss_cap;live_rolling_pf,6.096420655327971,-6.164357080103975,870.9172364754244,864.7528793953204,False,S5_000186,0,primary,1,2029066,A0_BASELINE_075
A0_BASELINE_075,S5,775752,775753,2020-03-16T20:05:00,2020-03-16T20:06:00,2020-03-16T20:05:00,2020-03-16T20:06:00,413,1488.6,1492.5594285714285,3.9594285714286017,4.873142857142895,take_profit,False,3.959428571428589,44.0,True,5.0,0.7452140245214004,0.6529898902989876,0.6435792643579251,0.5,live_post_loss_cap;live_rolling_pf,6.053270155767243,3.9527242149645874,864.7528793953204,868.705603610285,True,S5_000187,0,primary,1,2029103,A0_BASELINE_075
A0_BASELINE_075,S5,775755,775781,2020-03-16T20:08:00,2020-03-16T20:34:00,2020-03-16T20:08:00,2020-03-16T20:34:00,414,1491.54,1495.5189285714287,3.978928571428584,4.897142857142873,take_profit,False,3.978928571428696,49.0,True,5.0,0.738597189074537,0.6383585255900505,0.6290771678600054,0.5,live_post_loss_cap;live_rolling_pf,6.080939225271996,3.881819398047335,868.705603610285,872.5874230083324,True,S5_000188,0,primary,1,2029106,A0_BASELINE_075
A0_BASELINE_075,S5,775876,775883,2020-03-16T22:09:00,2020-03-16T22:16:00,2020-03-16T22:09:00,2020-03-16T22:16:00,416,1497.55,1502.6311428571428,5.081142857142838,6.253714285714263,take_profit,False,5.081142857142822,71.0,True,5.0,0.7296598695277535,0.6205227095556529,0.6133426332416988,0.5,live_rolling_pf,6.108111961058327,3.7902221843452057,872.5874230083324,876.3776451926776,True,S5_000189,0,primary,1,2029227,A0_BASELINE_075
A0_BASELINE_075,S5,775957,775960,2020-03-17T00:31:00,2020-03-17T00:34:00,2020-03-17T00:31:00,2020-03-17T00:34:00,420,1503.56,1505.6585714285713,2.0985714285714203,2.582857142857133,take_profit,False,2.098571428571404,36.0,True,5.0,0.7131067961164989,0.5737864077669838,0.5567961165048478,0.5,live_rolling_pf,6.134643516348744,3.5199750661767633,876.3776451926776,879.8976202588544,True,S5_000190,0,primary,1,2029308,A0_BASELINE_075
A0_BASELINE_075,S5,776113,776113,2020-03-17T03:07:00,2020-03-17T03:07:00,2020-03-17T03:07:00,2020-03-17T03:07:00,430,1500.13,1495.554,3.7180000000000177,4.576000000000022,stop_loss,False,-4.576000000000022,92.0,True,5.0,-0.8326055312954883,-1.0090975254730712,-1.0181950509461426,0.5,live_rolling_pf,6.159283341811981,-6.215317578909978,879.8976202588544,873.6823026799444,False,S5_000191,0,primary,1,2029464,A0_BASELINE_075
A0_BASELINE_075,S5,776163,776163,2020-03-17T03:57:00,2020-03-17T03:57:00,2020-03-17T03:57:00,2020-03-17T03:57:00,431,1497.51,1493.7934285714286,3.019714285714305,3.716571428571452,stop_loss,False,-3.716571428571342,72.0,True,5.0,-0.8377125193199143,-1.0112699639360905,-1.022539927872206,0.5,live_post_loss_cap;live_rolling_pf,6.115776118759611,-6.184700695059235,873.6823026799444,867.4976019848851,False,S5_000192,0,primary,1,2029514,A0_BASELINE_075
A0_BASELINE_075,S5,776184,776207,2020-03-17T04:18:00,2020-03-17T04:41:00,2020-03-17T04:18:00,2020-03-17T04:41:00,431,1489.39,1492.874,3.4839999999999987,4.2879999999999985,take_profit,False,3.4839999999999236,37.0,True,5.0,0.747960498067824,0.6577930442249731,0.6470588235293955,0.5,live_post_loss_cap;live_rolling_pf,6.072483213894196,3.9944372192725113,867.4976019848851,871.4920392041577,True,S5_000193,1,primary,1,2029535,A0_BASELINE_075
A0_BASELINE_075,S5,776209,776216,2020-03-17T04:43:00,2020-03-17T04:50:00,2020-03-17T04:43:00,2020-03-17T04:50:00,431,1494.28,1491.6308571428572,2.1524285714286195,2.6491428571429165,stop_loss,False,-2.649142857142806,48.0,True,5.0,-0.8466033601168412,-1.0159788166544568,-1.0319576333089489,0.5,live_post_loss_cap;live_rolling_pf,6.100444274429104,-6.197922155000937,871.4920392041577,865.2941170491567,False,S5_000194,2,primary,1,2029560,A0_BASELINE_075
A0_BASELINE_075,S5,776411,776415,2020-03-17T08:05:00,2020-03-17T08:09:00,2020-03-17T08:05:00,2020-03-17T08:09:00,438,1487.95,1490.3958571428573,2.4458571428571143,3.010285714285679,take_profit,False,2.4458571428572213,45.0,True,5.0,0.7068367599703048,0.5623400214681152,0.5478903476178962,0.5,live_rolling_pf,6.057058819344097,3.4061265865035963,865.2941170491567,868.7002436356603,True,S5_000195,0,primary,1,2029762,A0_BASELINE_075
A0_BASELINE_075,S5,776420,776423,2020-03-17T08:14:00,2020-03-17T08:17:00,2020-03-17T08:14:00,2020-03-17T08:17:00,440,1486.58,1483.2805714285714,2.6807857142857463,3.299428571428611,stop_loss,False,-3.299428571428507,54.0,True,5.0,-0.8593540705461866,-1.0130227712456938,-1.0260455424914148,0.5,live_rolling_pf,6.080901705449622,-6.160091897327242,868.7002436356603,862.5401517383331,False,S5_000196,0,primary,1,2029771,A0_BASELINE_075
A0_BASELINE_075,S5,776622,776632,2020-03-17T11:36:00,2020-03-17T11:46:00,2020-03-17T11:36:00,2020-03-17T11:46:00,446,1474.73,1471.2294285714286,2.8442142857142962,3.5005714285714413,stop_loss,False,-3.5005714285714475,69.0,True,5.0,-0.8353446512579279,-1.0119315470102965,-1.0238630940205917,0.5,live_rolling_pf,6.037781062168332,-6.109821130749471,862.5401517383331,856.4303306075836,False,S5_000197,0,primary,1,2029973,A0_BASELINE_075
A0_BASELINE_075,S5,776948,776948,2020-03-17T17:02:00,2020-03-17T17:02:00,2020-03-17T17:02:00,2020-03-17T17:02:00,449,1535.22,1541.2612857142858,6.041285714285753,7.435428571428618,take_profit,False,6.041285714285777,29.0,True,5.0,0.7820000739672359,0.737989570620219,0.7315174377750694,0.5,live_rolling_pf,5.995012314253086,4.4242565636585605,856.4303306075836,860.8545871712422,True,S5_000198,0,primary,1,2030299,A0_BASELINE_075
A0_BASELINE_075,S5,776949,776949,2020-03-17T17:03:00,2020-03-17T17:03:00,2020-03-17T17:03:00,2020-03-17T17:03:00,449,1538.63,1545.1290714285715,6.4990714285714715,7.998857142857196,take_profit,False,6.499071428571369,36.0,True,5.0,0.7775071780147541,0.7284574104457088,0.722475731473874,0.5,live_rolling_pf,6.0259821101986955,4.3896713233875095,860.8545871712422,865.2442584946297,True,S5_000199,1,primary,1,2030300,A0_BASELINE_075
A0_BASELINE_075,S5,776951,776958,2020-03-17T17:05:00,2020-03-17T17:12:00,2020-03-17T17:05:00,2020-03-17T17:12:00,450,1545.38,1551.5067142857145,6.126714285714329,7.540571428571482,take_profit,False,6.126714285714343,34.0,True,5.0,0.7774454354289049,0.7279566383873564,0.721611920817927,0.5,live_rolling_pf,6.056709809462408,4.40902211258398,865.2442584946297,869.6532806072137,True,S5_000200,0,primary,1,2030302,A0_BASELINE_075
A0_BASELINE_075,S5,776962,776970,2020-03-17T17:16:00,2020-03-17T17:24:00,2020-03-17T17:16:00,2020-03-17T17:24:00,453,1545.73,1537.4442857142858,6.7321428571428354,8.28571428571426,stop_loss,False,-8.28571428571422,30.0,True,5.0,-0.9650582362728738,-1.005823627287849,-1.0116472545757027,0.5,live_rolling_pf,6.087572964250496,-6.123024720281877,869.6532806072137,863.5302558869317,False,S5_000201,0,primary,1,2030313,A0_BASELINE_075
A0_BASELINE_075,S5,776985,776987,2020-03-17T17:39:00,2020-03-17T17:41:00,2020-03-17T17:39:00,2020-03-17T17:41:00,454,1530.1,1533.9507857142858,3.850785714285759,4.739428571428626,take_profit,False,3.8507857142858484,24.0,True,5.0,0.7733388799632959,0.7150992655497092,0.7050579527197804,0.5,live_post_loss_cap;live_rolling_pf,6.044711791208522,4.322568962352881,863.5302558869317,867.8528248492846,True,S5_000202,0,primary,1,2030336,A0_BASELINE_075
A0_BASELINE_075,S5,777416,777419,2020-03-18T01:51:00,2020-03-18T01:54:00,2020-03-18T01:51:00,2020-03-18T01:54:00,460,1539.11,1536.812857142857,1.866428571428563,2.297142857142847,stop_loss,False,-2.297142857142944,19.0,True,5.0,-0.9236071223435196,-1.0201033888570181,-1.0402067777139967,0.5,live_rolling_pf,6.074969773944993,-6.19709725360524,867.8528248492846,861.6557275956794,False,S5_000203,0,primary,1,2030767,A0_BASELINE_075
A0_BASELINE_075,S5,777866,777871,2020-03-18T09:21:00,2020-03-18T09:26:00,2020-03-18T09:21:00,2020-03-18T09:26:00,464,1510.98,1513.775,2.794999999999992,3.43999999999999,take_profit,False,2.7950000000000728,31.0,True,5.0,0.7453333333333547,0.6493333333333544,0.636000000000021,0.5,live_rolling_pf,6.031590093169756,3.916512500498355,861.6557275956794,865.5722400961778,True,S5_000204,0,primary,1,2031217,A0_BASELINE_075
A0_BASELINE_075,S5,777889,777894,2020-03-18T09:44:00,2020-03-18T09:49:00,2020-03-18T09:44:00,2020-03-18T09:49:00,465,1501.01,1496.706,3.4969999999999866,4.303999999999983,stop_loss,False,-4.304000000000087,31.0,True,5.0,-0.9328131772865417,-1.0108365843086486,-1.0216731686172746,0.5,live_rolling_pf,6.059005680673245,-6.124664606558442,865.5722400961778,859.4475754896193,False,S5_000205,0,primary,1,2031240,A0_BASELINE_075
A0_BASELINE_075,S5,778059,778059,2020-03-18T12:34:00,2020-03-18T12:34:00,2020-03-18T12:34:00,2020-03-18T12:34:00,473,1504.9,1502.604,1.8654999999999924,2.2959999999999905,stop_loss,False,-2.296000000000049,31.0,True,5.0,-0.8810437452033989,-1.0191864927091552,-1.0383729854182882,0.5,live_rolling_pf,6.016133028427335,-6.1315615209145635,859.4475754896193,853.3160139687047,False,S5_000206,0,primary,1,2031410,A0_BASELINE_075
A0_BASELINE_075,S5,778333,778337,2020-03-18T17:08:00,2020-03-18T17:12:00,2020-03-18T17:08:00,2020-03-18T17:12:00,478,1494.44,1489.5097142857144,4.005857142857131,4.9302857142857,stop_loss,False,-4.930285714285674,24.0,True,5.0,-0.9535809018567586,-1.0096706454465023,-1.01934129089301,0.5,live_rolling_pf,5.973212097780933,-6.030976914155331,853.3160139687047,847.2850370545494,False,S5_000207,0,primary,1,2031684,A0_BASELINE_075
A0_BASELINE_075,S5,778476,778482,2020-03-18T19:31:00,2020-03-18T19:37:00,2020-03-18T19:31:00,2020-03-18T19:37:00,480,1475.16,1478.3375714285714,3.1775714285714525,3.9108571428571723,take_profit,False,3.1775714285713548,24.0,True,5.0,0.7655217511012983,0.6956566629955719,0.6836109581497571,0.5,live_rolling_pf,5.930995259381846,4.125936370384132,847.2850370545494,851.4109734249336,True,S5_000208,0,primary,1,2031827,A0_BASELINE_075
A0_BASELINE_075,S5,778503,778545,2020-03-18T19:58:00,2020-03-18T20:40:00,2020-03-18T19:58:00,2020-03-18T20:40:00,481,1486.69,1491.6253571428572,4.93535714285713,6.074285714285699,take_profit,False,4.935357142857129,24.0,True,5.0,0.7816176470588232,0.7356900452488683,0.7277714932126692,0.5,live_rolling_pf,5.959876813974535,4.384622042950607,851.4109734249336,855.7955954678841,True,S5_000209,0,primary,1,2031854,A0_BASELINE_075
A0_BASELINE_075,S5,778652,778655,2020-03-18T22:27:00,2020-03-18T22:30:00,2020-03-18T22:27:00,2020-03-18T22:30:00,485,1484.38,1486.1071428571431,1.727142857142912,2.1257142857143534,take_profit,False,1.7271428571430079,24.0,True,5.0,0.7300724637681588,0.6074879227053603,0.5863526570048779,0.5,live_rolling_pf,5.990569168275189,3.639198419858273,855.7955954678841,859.4347938877424,True,S5_000210,0,primary,1,2032003,A0_BASELINE_075
A0_BASELINE_075,S5,778677,778682,2020-03-18T22:52:00,2020-03-18T22:57:00,2020-03-18T22:52:00,2020-03-18T22:57:00,486,1484.44,1485.94,1.5,1.7017142857142713,take_profit,False,1.5,24.0,True,5.0,0.7725132430841729,0.6231606827545662,0.597410241318427,0.5,live_rolling_pf,6.016043557214197,3.748961810594808,859.4347938877424,863.1837556983372,True,S5_000211,0,primary,1,2032028,A0_BASELINE_075
A0_BASELINE_075,S5,778685,778686,2020-03-19T00:01:00,2020-03-19T00:02:00,2020-03-19T00:01:00,2020-03-19T00:02:00,487,1485.93,1484.5300000000002,1.5,1.3999999999999742,stop_loss,True,-1.3999999999998636,24.0,True,5.0,-0.8536585365852961,-1.030487804877982,-1.0609756097560312,0.5,live_rolling_pf,6.04228628988836,-6.226502335311382,863.1837556983372,856.9572533630259,False,S5_000212,0,primary,1,2032036,A0_BASELINE_075
A0_BASELINE_075,S5,778706,778709,2020-03-19T00:22:00,2020-03-19T00:25:00,2020-03-19T00:22:00,2020-03-19T00:25:00,490,1486.82,1484.732,1.6965000000000408,2.0880000000000503,stop_loss,False,-2.0879999999999654,24.0,True,5.0,-0.8969072164948112,-1.0214776632302038,-1.0429553264604439,0.5,live_post_loss_cap;live_rolling_pf,5.998700773541181,-6.127538848574061,856.9572533630259,850.8297145144518,False,S5_000213,0,primary,1,2032057,A0_BASELINE_075
A0_BASELINE_075,S5,778727,778729,2020-03-19T00:43:00,2020-03-19T00:45:00,2020-03-19T00:43:00,2020-03-19T00:45:00,491,1484.11,1482.9145714285714,1.5,1.1954285714285235,stop_loss,False,-1.1954285714284651,24.0,True,5.0,-0.8328025477706544,-1.0348328025477311,-1.0696656050955031,0.5,live_post_loss_cap;live_rolling_pf,5.955808001601163,-6.163265485733134,850.8297145144518,844.6664490287186,False,S5_000214,0,primary,1,2032078,A0_BASELINE_075
A0_BASELINE_075,S5,778808,778837,2020-03-19T02:04:00,2020-03-19T02:33:00,2020-03-19T02:04:00,2020-03-19T02:33:00,493,1494.78,1491.308,2.8210000000000104,3.472000000000013,stop_loss,False,-3.47199999999998,24.0,True,5.0,-0.9353448275861982,-1.013469827586198,-1.0269396551724048,0.5,live_post_loss_cap;live_rolling_pf,5.91266514320103,-5.9923077232548705,844.6664490287186,838.6741413054638,False,S5_000215,0,primary,1,2032159,A0_BASELINE_075
A0_BASELINE_075,S5,778861,778864,2020-03-19T02:57:00,2020-03-19T03:00:00,2020-03-19T02:57:00,2020-03-19T03:00:00,496,1483.83,1486.301857142857,2.4718571428571328,3.0422857142857023,take_profit,False,2.4718571428570613,24.0,True,5.0,0.7530901810584737,0.664737116991621,0.649503830083543,0.5,live_post_loss_cap;live_rolling_pf,5.870718989138246,3.902484815507721,838.6741413054638,842.5766261209715,True,S5_000216,0,primary,1,2032212,A0_BASELINE_075
A0_BASELINE_075,S5,778866,778866,2020-03-19T03:02:00,2020-03-19T03:02:00,2020-03-19T03:02:00,2020-03-19T03:02:00,496,1491.36,1487.1794285714284,3.3967142857143005,4.180571428571446,stop_loss,False,-4.180571428571511,45.0,True,5.0,-0.9028197692355299,-1.01079780341829,-1.021595606836566,0.5,live_post_loss_cap;live_rolling_pf,5.898036382846801,-5.961722220262703,842.5766261209715,836.6149039007088,False,S5_000217,1,primary,1,2032217,A0_BASELINE_075
A0_BASELINE_075,S5,778881,778898,2020-03-19T03:17:00,2020-03-19T03:34:00,2020-03-19T03:17:00,2020-03-19T03:34:00,496,1486.63,1489.8112857142858,3.1812857142857345,3.9154285714285963,take_profit,False,3.18128571428565,24.0,True,5.0,0.7655734323432143,0.6957852035203324,0.6837527502750079,0.5,live_post_loss_cap;live_rolling_pf,5.8563043273049615,4.074729898250886,836.6149039007088,840.6896337989597,True,S5_000218,2,primary,1,2032232,A0_BASELINE_075
A0_BASELINE_075,S5,778899,778903,2020-03-19T03:35:00,2020-03-19T03:39:00,2020-03-19T03:35:00,2020-03-19T03:39:00,496,1490.14,1487.6840000000002,1.995500000000001,2.4560000000000013,stop_loss,False,-2.4559999999999036,24.0,True,5.0,-0.9109792284866106,-1.0185459940652455,-1.0370919881305274,0.5,live_post_loss_cap;live_rolling_pf,5.884827436592718,-5.993967411306761,840.6896337989597,834.6956663876529,False,S5_000219,3,primary,1,2032250,A0_BASELINE_075
A0_BASELINE_075,S5,778918,778922,2020-03-19T03:54:00,2020-03-19T03:58:00,2020-03-19T03:54:00,2020-03-19T03:58:00,498,1487.69,1485.49,1.7875000000000212,2.200000000000026,stop_loss,False,-2.2000000000000455,24.0,True,5.0,-0.9016393442623041,-1.0204918032786963,-1.0409836065573845,0.5,live_post_loss_cap;live_rolling_pf,5.84286966471357,-5.962600600465942,834.6956663876529,828.7330657871869,False,S5_000220,0,primary,1,2032269,A0_BASELINE_075
A0_BASELINE_075,S5,778940,778942,2020-03-19T04:16:00,2020-03-19T04:18:00,2020-03-19T04:16:00,2020-03-19T04:18:00,501,1481.07,1483.2512142857142,2.181214285714223,2.684571428571352,take_profit,False,2.1812142857143044,34.0,True,5.0,0.7211647458908237,0.5922208577366544,0.5756895900245815,0.5,live_post_loss_cap;live_rolling_pf,5.801131460510308,3.4355510493865054,828.7330657871869,832.1686168365734,True,S5_000221,0,primary,1,2032291,A0_BASELINE_075
A0_BASELINE_075,S5,778943,778956,2020-03-19T04:19:00,2020-03-19T04:32:00,2020-03-19T04:19:00,2020-03-19T04:32:00,501,1483.52,1480.984,2.0604999999999842,2.5359999999999805,stop_loss,False,-2.536000000000058,24.0,True,5.0,-0.9135446685879237,-1.0180115273775499,-1.0360230547550715,0.5,live_post_loss_cap;live_rolling_pf,5.825180317856014,-5.930100712630242,832.1686168365734,826.2385161239431,False,S5_000222,1,primary,1,2032294,A0_BASELINE_075
A0_BASELINE_075,S5,778976,778980,2020-03-19T04:52:00,2020-03-19T04:56:00,2020-03-19T04:52:00,2020-03-19T04:56:00,505,1479.59,1477.7202857142856,1.5191428571428691,1.8697142857143003,stop_loss,False,-1.8697142857142808,24.0,True,5.0,-0.8862405200433284,-1.0236998916576285,-1.0473997833152666,0.5,live_post_loss_cap;live_rolling_pf,5.783669612867602,-5.920741956076082,826.2385161239431,820.317774167867,False,S5_000223,0,primary,1,2032327,A0_BASELINE_075
A0_BASELINE_075,S5,779225,779237,2020-03-19T09:01:00,2020-03-19T09:13:00,2020-03-19T09:01:00,2020-03-19T09:13:00,510,1488.69,1485.258,2.7884999999999978,3.4319999999999973,stop_loss,False,-3.4320000000000164,24.0,True,5.0,-0.9346405228758222,-1.01361655773421,-1.027233115468415,0.5,live_rolling_pf,5.742224419175069,-5.820413749501557,820.317774167867,814.4973604183655,False,S5_000224,0,primary,1,2032576,A0_BASELINE_075
A0_BASELINE_075,S5,779705,779714,2020-03-19T17:01:00,2020-03-19T17:10:00,2020-03-19T17:01:00,2020-03-19T17:10:00,512,1476.36,1471.990857142857,3.549928571428594,4.369142857142886,stop_loss,False,-4.369142857142833,24.0,True,5.0,-0.9479295809570928,-1.0108480039672585,-1.0216960079345285,0.5,live_rolling_pf,5.7014815229285585,-5.763331217108538,814.4973604183655,808.7340292012569,False,S5_000225,0,primary,1,2033056,A0_BASELINE_075
A0_BASELINE_075,S5,780005,780033,2020-03-19T22:01:00,2020-03-19T22:29:00,2020-03-19T22:01:00,2020-03-19T22:29:00,513,1469.75,1472.5134285714284,2.763428571428507,3.401142857142778,take_profit,False,2.7634285714284488,24.0,True,5.0,0.7589453860640129,0.6793000627746201,0.6655681104833455,0.5,live_rolling_pf,5.661138204408799,3.8456115376306967,808.7340292012569,812.5796407388876,True,S5_000226,0,primary,1,2033356,A0_BASELINE_075
A0_BASELINE_075,S5,780074,780080,2020-03-20T00:11:00,2020-03-20T00:17:00,2020-03-20T00:11:00,2020-03-20T00:17:00,515,1463.1,1466.5542857142855,3.454285714285634,4.251428571428472,take_profit,False,3.454285714285561,36.0,True,5.0,0.749070631970243,0.660161090458469,0.6493184634448381,0.5,live_rolling_pf,5.688057485172213,3.7550342320017456,812.5796407388876,816.3346749708894,True,S5_000227,0,primary,1,2033425,A0_BASELINE_075
A0_BASELINE_075,S5,780089,780091,2020-03-20T00:26:00,2020-03-20T00:28:00,2020-03-20T00:26:00,2020-03-20T00:28:00,516,1464.35,1466.6092142857142,2.2592142857143003,2.7805714285714465,take_profit,False,2.259214285714279,24.0,True,5.0,0.7479426787741137,0.6519343548997291,0.6353811956110421,0.5,live_rolling_pf,5.714342724796226,3.7253763379659874,816.3346749708894,820.0600513088553,True,S5_000228,0,primary,1,2033440,A0_BASELINE_075
A0_BASELINE_075,S5,780112,780115,2020-03-20T00:49:00,2020-03-20T00:52:00,2020-03-20T00:49:00,2020-03-20T00:52:00,517,1468.41,1467.115142857143,1.5,1.2948571428571087,stop_loss,False,-1.294857142857154,24.0,True,5.0,-0.8436336559940693,-1.032576321667938,-1.0651526433358462,0.5,live_rolling_pf,5.740420359161988,-5.927422139291228,820.0600513088553,814.1326291695641,False,S5_000229,0,primary,1,2033463,A0_BASELINE_075
A0_BASELINE_075,S5,780149,780156,2020-03-20T01:26:00,2020-03-20T01:33:00,2020-03-20T01:26:00,2020-03-20T01:33:00,518,1466.7,1468.2,1.5,0.9519999999999916,take_profit,False,1.5,24.0,True,5.0,1.2583892617449752,1.0151006711409467,0.9731543624161141,0.5,live_post_loss_cap;live_rolling_pf,5.698928404186949,5.784986047874376,814.1326291695641,819.9176152174384,True,S5_000230,0,primary,1,2033500,A0_BASELINE_075
A0_BASELINE_075,S5,781442,781442,2020-03-23T00:01:00,2020-03-23T00:01:00,2020-03-23T00:01:00,2020-03-23T00:01:00,519,1508.01,1504.5174285714286,2.8377142857143443,3.4925714285715004,stop_loss,False,-3.4925714285714093,24.0,True,5.0,-0.9357011635027326,-1.0133955909369012,-1.026791181873827,0.5,live_rolling_pf,5.7394233065220694,-5.816306273349956,819.9176152174384,814.1013089440885,False,S5_000231,0,primary,1,2034793,A0_BASELINE_075
A0_BASELINE_075,S5,781458,781459,2020-03-23T00:17:00,2020-03-23T00:18:00,2020-03-23T00:17:00,2020-03-23T00:18:00,519,1491.67,1496.5357142857144,4.865714285714273,5.988571428571413,take_profit,False,4.865714285714375,24.0,True,5.0,0.781192660550475,0.7346330275229519,0.7266055045871721,0.5,live_post_loss_cap;live_rolling_pf,5.69870916260862,4.1864599650999565,814.1013089440885,818.2877689091885,True,S5_000232,1,primary,1,2034809,A0_BASELINE_075
A0_BASELINE_075,S5,781463,781476,2020-03-23T00:22:00,2020-03-23T00:35:00,2020-03-23T00:22:00,2020-03-23T00:35:00,519,1496.63,1491.0437142857145,4.538857142857111,5.586285714285675,stop_loss,False,-5.586285714285623,24.0,True,5.0,-0.9588073754413402,-1.0085817967830433,-1.0171635935660954,0.5,live_post_loss_cap;live_rolling_pf,5.72801438236432,-5.777171037764119,818.2877689091885,812.5105978714244,False,S5_000233,2,primary,1,2034814,A0_BASELINE_075
A0_BASELINE_075,S5,781491,781497,2020-03-23T00:50:00,2020-03-23T00:56:00,2020-03-23T00:50:00,2020-03-23T00:56:00,520,1489.94,1487.133142857143,2.2805714285714025,2.806857142857111,stop_loss,False,-2.8068571428570976,24.0,True,5.0,-0.921230307576889,-1.0164103525881427,-1.0328207051762899,0.5,live_post_loss_cap;live_rolling_pf,5.687574185099971,-5.78090928284868,812.5105978714244,806.7296885885756,False,S5_000234,0,primary,1,2034842,A0_BASELINE_075
A0_BASELINE_075,S5,781534,781538,2020-03-23T01:33:00,2020-03-23T01:37:00,2020-03-23T01:33:00,2020-03-23T01:37:00,523,1494.63,1491.9008571428574,2.2174285714285604,2.7291428571428438,stop_loss,False,-2.729142857142733,24.0,True,5.0,-0.919168591223981,-1.0168398768282925,-1.033679753656622,0.5,live_post_loss_cap;live_rolling_pf,5.64710782012003,-5.742204420246939,806.7296885885756,800.9874841683287,False,S5_000235,0,primary,1,2034885,A0_BASELINE_075
A0_BASELINE_075,S5,781632,781679,2020-03-23T03:11:00,2020-03-23T03:58:00,2020-03-23T03:11:00,2020-03-23T03:58:00,526,1489.38,1493.3737857142858,3.9937857142857345,4.915428571428596,take_profit,False,3.99378571428565,24.0,True,5.0,0.7746757925071884,0.7184244070050827,0.7087258922633404,0.5,live_post_loss_cap;live_rolling_pf,5.6069123891783015,4.028142708324872,800.9874841683287,805.0156268766535,True,S5_000236,0,primary,1,2034983,A0_BASELINE_075
A0_BASELINE_075,S5,781683,781684,2020-03-23T04:02:00,2020-03-23T04:03:00,2020-03-23T04:02:00,2020-03-23T04:03:00,528,1494.6,1496.1,1.5,1.3451428571429072,take_profit,False,1.5,24.0,True,5.0,0.9462869502523134,0.7633381398701994,0.7317952415284555,0.5,live_rolling_pf,5.635109388136575,4.301493918305271,805.0156268766535,809.3171207949588,True,S5_000237,0,primary,1,2035034,A0_BASELINE_075
A0_BASELINE_075,S5,781685,781688,2020-03-23T04:04:00,2020-03-23T04:07:00,2020-03-23T04:04:00,2020-03-23T04:07:00,528,1495.29,1493.7357142857143,1.5,1.5542857142857818,stop_loss,False,-1.5542857142856974,24.0,True,5.0,-0.8662420382165186,-1.0278662420381686,-1.055732484076384,0.5,live_rolling_pf,5.665219845564712,-5.823088232980655,809.3171207949588,803.4940325619781,False,S5_000238,1,primary,1,2035036,A0_BASELINE_075
A0_BASELINE_075,S5,781729,781731,2020-03-23T04:48:00,2020-03-23T04:50:00,2020-03-23T04:48:00,2020-03-23T04:50:00,529,1494.82,1493.162857142857,1.5,1.6571428571428832,stop_loss,False,-1.6571428571428442,24.0,True,5.0,-0.8734939759035956,-1.026355421686726,-1.0527108433734726,0.5,live_post_loss_cap;live_rolling_pf,5.624458227933847,-5.77269319629042,803.4940325619781,797.7213393656876,False,S5_000239,0,primary,1,2035080,A0_BASELINE_075
A0_BASELINE_075,S5,783011,783012,2020-03-24T03:11:00,2020-03-24T03:12:00,2020-03-24T03:11:00,2020-03-24T03:12:00,531,1580.68,1577.3885714285716,2.67428571428571,3.2914285714285665,stop_loss,False,-3.291428571428469,24.0,True,5.0,-0.9320388349514285,-1.0141585760517522,-1.0283171521035321,0.5,live_rolling_pf,5.584049375559814,-5.663111563320417,797.7213393656876,792.0582278023672,False,S5_000240,0,primary,1,2036362,A0_BASELINE_075
A0_BASELINE_075,S5,783104,783107,2020-03-24T04:45:00,2020-03-24T04:48:00,2020-03-24T04:45:00,2020-03-24T04:48:00,532,1581.28,1579.1165714285714,1.7577857142856779,2.163428571428527,stop_loss,False,-2.1634285714285397,24.0,True,5.0,-0.9001426533523573,-1.0208036138849321,-1.0416072277698587,0.5,live_post_loss_cap;live_rolling_pf,5.544407594616571,-5.659751309435659,792.0582278023672,786.3984764929315,False,S5_000241,0,primary,1,2036455,A0_BASELINE_075
A0_BASELINE_075,S5,784178,784201,2020-03-25T00:21:00,2020-03-25T00:44:00,2020-03-25T00:21:00,2020-03-25T00:44:00,548,1628.65,1621.3848571428573,5.902928571428586,7.265142857142876,stop_loss,False,-7.265142857142791,24.0,True,5.0,-0.9680219278209116,-1.0066620983706298,-1.013324196741271,0.5,live_rolling_pf,5.504789335450521,-5.541462783512887,786.3984764929315,780.8570137094187,False,S5_000242,0,primary,1,2037529,A0_BASELINE_075
A0_BASELINE_075,S5,784421,784422,2020-03-25T04:42:00,2020-03-25T04:43:00,2020-03-25T04:42:00,2020-03-25T04:43:00,560,1608.87,1604.1842857142856,3.8071428571428996,4.685714285714338,stop_loss,False,-4.685714285714312,91.0,True,5.0,-0.8373755425070174,-1.0089354097523566,-1.017870819504718,0.5,live_rolling_pf,5.46599909596593,-5.5148400375943964,780.8570137094187,775.3421736718243,False,S5_000243,0,primary,1,2037772,A0_BASELINE_075
A0_BASELINE_075,S5,785689,785690,2020-03-26T02:59:00,2020-03-26T03:00:00,2020-03-26T02:59:00,2020-03-26T03:00:00,584,1601.99,1604.9744285714287,2.9844285714285808,3.673142857142869,take_profit,False,2.98442857142868,24.0,True,5.0,0.762667932243016,0.6885587032710536,0.6757812500000256,0.5,live_rolling_pf,5.42739521570277,3.7370802118638196,775.3421736718243,779.0792538836881,True,S5_000244,0,primary,1,2039040,A0_BASELINE_075
A0_BASELINE_075,S5,790337,790338,2020-03-31T12:33:00,2020-03-31T12:34:00,2020-03-31T12:33:00,2020-03-31T12:34:00,625,1606.13,1604.4602857142859,1.5,1.6697142857142744,stop_loss,False,-1.6697142857142353,26.0,True,5.0,-0.8652650281314566,-1.0259105715131573,-1.0518211430263347,0.5,live_rolling_pf,5.453554777185817,-5.594859498241011,779.0792538836881,773.4843943854471,False,S5_000245,0,primary,1,2043688,A0_BASELINE_075
A0_BASELINE_075,S5,795164,795167,2020-04-06T01:06:00,2020-04-06T01:09:00,2020-04-06T01:06:00,2020-04-06T01:09:00,633,1614.03,1609.9397142857142,3.3233571428571396,4.09028571428571,stop_loss,False,-4.090285714285756,80.0,True,5.0,-0.8364103762561438,-1.0102243514840008,-1.0204487029679925,0.5,live_rolling_pf,5.414390760698129,-5.469749394907233,773.4843943854471,768.0146449905399,False,S5_000246,0,primary,1,2048515,A0_BASELINE_075
A0_BASELINE_075,S5,796121,796144,2020-04-06T17:03:00,2020-04-06T17:26:00,2020-04-06T17:03:00,2020-04-06T17:26:00,638,1649.39,1645.5042857142857,3.1571428571428783,3.885714285714312,stop_loss,False,-3.885714285714357,71.0,True,5.0,-0.8455082374883539,-1.0108797015853377,-1.0217594031706658,0.5,live_rolling_pf,5.3761025149337796,-5.434592905988443,768.0146449905399,762.5800520845514,False,S5_000247,0,primary,1,2049472,A0_BASELINE_075
A0_BASELINE_075,S5,800684,800685,2020-04-13T01:16:00,2020-04-13T01:17:00,2020-04-13T01:16:00,2020-04-13T01:17:00,656,1693.07,1687.6802857142857,4.379142857142865,5.3897142857142954,stop_loss,False,-5.389714285714263,91.0,True,5.0,-0.8555490044899945,-1.0079368678851597,-1.0158737357703245,0.5,live_rolling_pf,5.33806036459186,-5.380427844468633,762.5800520845514,757.1996242400828,False,S5_000248,0,primary,1,2054035,A0_BASELINE_075
A0_BASELINE_075,S5,803960,803962,2020-04-15T09:54:00,2020-04-15T09:56:00,2020-04-15T09:54:00,2020-04-15T09:56:00,663,1711.86,1713.4794285714286,1.6194285714285765,1.9931428571428633,take_profit,False,1.6194285714286707,44.0,True,5.0,0.6655706904650461,0.46418506341009125,0.4436355096289734,0.5,live_rolling_pf,5.30039736968058,2.4603652891438608,757.1996242400828,759.6599895292267,True,S5_000249,0,primary,1,2057311,A0_BASELINE_075
A0_BASELINE_075,S5,806856,806857,2020-04-17T12:14:00,2020-04-17T12:15:00,2020-04-17T12:14:00,2020-04-17T12:15:00,675,1692.96,1694.46,1.5,1.8445714285714663,take_profit,False,1.5,31.0,True,5.0,0.696194138708382,0.5291075454183704,0.5059010741280908,0.5,live_rolling_pf,5.3176199267045865,2.8135928268864783,759.6599895292267,762.4735823561132,True,S5_000250,0,primary,1,2060207,A0_BASELINE_075
A0_BASELINE_075,S5,806877,806877,2020-04-17T12:35:00,2020-04-17T12:35:00,2020-04-17T12:35:00,2020-04-17T12:35:00,676,1690.94,1692.723785714286,1.7837857142857387,2.1954285714286015,take_profit,False,1.783785714285841,24.0,True,5.0,0.7324319568278235,0.6133564054434983,0.5928261379634422,0.5,live_rolling_pf,5.337315076492793,3.27367639003701,762.4735823561132,765.7472587461502,True,S5_000251,0,primary,1,2060228,A0_BASELINE_075
A0_BASELINE_075,S5,807776,807783,2020-04-20T04:36:00,2020-04-20T04:43:00,2020-04-20T04:36:00,2020-04-20T04:43:00,681,1678.95,1677.5225714285716,1.5,1.4274285714284947,stop_loss,False,-1.427428571428436,41.0,True,5.0,-0.776862074327435,-1.0272119421551549,-1.054423884310342,0.5,live_rolling_pf,5.360230811223052,-5.506093101996332,765.7472587461502,760.2411656441539,False,S5_000252,0,primary,1,2061127,A0_BASELINE_075
A0_BASELINE_075,S5,808523,808529,2020-04-20T17:03:00,2020-04-20T17:09:00,2020-04-20T17:03:00,2020-04-20T17:09:00,686,1686.09,1683.808857142857,1.853428571428596,2.2811428571428873,stop_loss,False,-2.281142857142868,40.0,True,5.0,-0.850809889173055,-1.0186487638533601,-1.0372975277067271,0.5,live_rolling_pf,5.321688159509077,-5.420931065296984,760.2411656441539,754.8202345788569,False,S5_000253,0,primary,1,2061874,A0_BASELINE_075
A0_BASELINE_075,S5,808646,808658,2020-04-20T19:06:00,2020-04-20T19:18:00,2020-04-20T19:06:00,2020-04-20T19:18:00,690,1700.88,1698.0582857142858,2.29264285714282,2.82171428571424,stop_loss,False,-2.821714285714279,24.0,True,5.0,-0.9216125419932926,-1.0163307204180794,-1.032661440836146,0.5,live_post_loss_cap;live_rolling_pf,5.283741642051998,-5.370028949569713,754.8202345788569,749.4502056292872,False,S5_000254,0,primary,1,2061997,A0_BASELINE_075
A0_BASELINE_075,S5,809623,809632,2020-04-21T12:24:00,2020-04-21T12:33:00,2020-04-21T12:24:00,2020-04-21T12:33:00,693,1680.57,1675.4602857142856,4.1516428571428605,5.10971428571429,stop_loss,False,-5.10971428571429,25.0,True,5.0,-0.9533557225864918,-1.0093288554827016,-1.0186577109654031,0.5,live_rolling_pf,5.24615143940501,-5.2950920280235865,749.4502056292872,744.1551136012637,False,S5_000255,0,primary,1,2062974,A0_BASELINE_075
A0_BASELINE_075,S5,809906,809915,2020-04-21T17:07:00,2020-04-21T17:16:00,2020-04-21T17:07:00,2020-04-21T17:16:00,698,1678.16,1681.629142857143,3.46914285714289,4.269714285714326,take_profit,False,3.4691428571429697,81.0,True,5.0,0.6829405478373529,0.5136396872715182,0.5037966139828068,0.5,live_rolling_pf,5.209085795208846,2.6755931988215798,744.1551136012637,746.8307068000853,True,S5_000256,0,primary,1,2063257,A0_BASELINE_075
A0_BASELINE_075,S5,809924,809925,2020-04-21T17:25:00,2020-04-21T17:26:00,2020-04-21T17:25:00,2020-04-21T17:26:00,699,1687.29,1683.600857142857,2.9974285714286326,3.6891428571429326,stop_loss,False,-3.689142857142997,74.0,True,5.0,-0.8329247838988691,-1.0112888659527948,-1.0225777319055747,0.5,live_rolling_pf,5.2278149476005975,-5.286831049770077,746.8307068000853,741.5438757503152,False,S5_000257,0,primary,1,2063275,A0_BASELINE_075
A0_BASELINE_075,S5,810521,810524,2020-04-22T04:23:00,2020-04-22T04:26:00,2020-04-22T04:23:00,2020-04-22T04:26:00,710,1690.35,1688.4517142857142,1.5423571428571126,1.898285714285677,stop_loss,False,-1.8982857142857483,33.0,True,5.0,-0.8519040902680126,-1.022438774201853,-1.0448775484036743,0.5,live_rolling_pf,5.190807130252207,-5.307282479373304,741.5438757503152,736.236593270942,False,S5_000258,0,primary,1,2063872,A0_BASELINE_075
A0_BASELINE_075,S5,814983,814992,2020-04-27T09:49:00,2020-04-27T09:58:00,2020-04-27T09:49:00,2020-04-27T09:58:00,716,1715.87,1713.87,1.6249999999999578,1.9999999999999483,stop_loss,False,-2.0,24.0,True,5.0,-0.8928571428571634,-1.0223214285714521,-1.0446428571428812,0.5,live_rolling_pf,5.153656152896594,-5.2686931205953,736.236593270942,730.9679001503466,False,S5_000259,0,primary,1,2068334,A0_BASELINE_075
A0_BASELINE_075,S5,815150,815151,2020-04-27T12:36:00,2020-04-27T12:37:00,2020-04-27T12:36:00,2020-04-27T12:37:00,722,1717.73,1715.8957142857143,1.5,1.834285714285657,stop_loss,False,-1.83428571428567,24.0,True,5.0,-0.8842975206611602,-1.0241046831955993,-1.0482093663911922,0.5,live_rolling_pf,5.116775301052426,-5.240113548667362,730.9679001503466,725.7277866016792,False,S5_000260,0,primary,1,2068501,A0_BASELINE_075
A0_BASELINE_075,S5,816065,816091,2020-04-28T04:52:00,2020-04-28T05:18:00,2020-04-28T04:52:00,2020-04-28T05:18:00,725,1703.69,1701.8248571428571,1.5154285714286078,1.865142857142902,stop_loss,False,-1.8651428571429278,38.0,True,5.0,-0.8307457368287245,-1.0222702977857072,-1.0445405955714029,0.5,live_rolling_pf,5.080094506211754,-5.193229723644625,725.7277866016792,720.5345568780346,False,S5_000261,0,primary,1,2069416,A0_BASELINE_075
A0_BASELINE_075,S5,816797,816798,2020-04-28T17:04:00,2020-04-28T17:05:00,2020-04-28T17:04:00,2020-04-28T17:05:00,731,1695.69,1698.8592142857144,3.169214285714296,3.9005714285714412,take_profit,False,3.169214285714361,52.0,True,5.0,0.716924120992776,0.5879815149948446,0.5766707600827454,0.5,live_rolling_pf,5.043741898146242,2.9656270025150007,720.5345568780346,723.5001838805496,True,S5_000262,0,primary,1,2070148,A0_BASELINE_075
A0_BASELINE_075,S5,816807,816809,2020-04-28T17:14:00,2020-04-28T17:16:00,2020-04-28T17:14:00,2020-04-28T17:16:00,732,1697.5,1700.3414285714287,2.841428571428542,3.497142857142821,take_profit,False,2.8414285714286507,24.0,True,5.0,0.7603211009174597,0.6827217125382541,0.6693425076452877,0.5,live_rolling_pf,5.064501287163847,3.457644991924694,723.5001838805496,726.9578288724742,True,S5_000263,0,primary,1,2070158,A0_BASELINE_075
A0_BASELINE_075,S5,816899,816904,2020-04-28T18:46:00,2020-04-28T18:51:00,2020-04-28T18:46:00,2020-04-28T18:51:00,733,1708.02,1705.605142857143,1.962071428571439,2.4148571428571555,stop_loss,False,-2.414857142857045,45.0,True,5.0,-0.8429241049166869,-1.0174528772314362,-1.0349057544629112,0.5,live_rolling_pf,5.08870480210732,-5.177517342285519,726.9578288724742,721.7803115301887,False,S5_000264,0,primary,1,2070250,A0_BASELINE_075
A0_BASELINE_075,S5,817813,817816,2020-04-29T11:01:00,2020-04-29T11:04:00,2020-04-29T11:01:00,2020-04-29T11:04:00,735,1704.93,1703.25,1.5,1.6800000000000574,stop_loss,False,-1.6800000000000637,37.0,True,5.0,-0.8195121951219593,-1.0243902439024413,-1.0487804878048796,0.5,live_rolling_pf,5.052462180711321,-5.17569296560673,721.7803115301887,716.604618564582,False,S5_000265,0,primary,1,2071164,A0_BASELINE_075
A0_BASELINE_075,S5,818474,818481,2020-04-29T22:02:00,2020-04-29T22:09:00,2020-04-29T22:02:00,2020-04-29T22:09:00,739,1704.62,1706.417714285714,1.7977142857142343,2.212571428571365,take_profit,False,1.7977142857141644,42.0,True,5.0,0.6828738875623754,0.5043412198827532,0.48534838289555926,0.5,live_rolling_pf,5.016232329952074,2.5298927325033342,716.604618564582,719.1345112970853,True,S5_000266,0,primary,1,2071825,A0_BASELINE_075
A0_BASELINE_075,S5,819690,819693,2020-04-30T19:19:00,2020-04-30T19:22:00,2020-04-30T19:19:00,2020-04-30T19:22:00,742,1684.31,1687.9982857142857,3.688285714285717,4.539428571428575,take_profit,False,3.688285714285712,24.0,True,5.0,0.7717001434720219,0.7110234337637484,0.7005619320899081,0.5,live_rolling_pf,5.033941579079597,3.579250426923281,719.1345112970853,722.7137617240086,True,S5_000267,0,primary,1,2073041,A0_BASELINE_075
A0_BASELINE_075,S5,820434,820436,2020-05-01T08:44:00,2020-05-01T08:46:00,2020-05-01T08:44:00,2020-05-01T08:46:00,743,1679.0,1676.896,1.7094999999999865,2.103999999999983,stop_loss,False,-2.104000000000042,24.0,True,5.0,-0.8976109215017307,-1.0213310580205028,-1.0426621160409808,0.5,live_rolling_pf,5.05899633206806,-5.166910076352915,722.7137617240086,717.5468516476557,False,S5_000268,0,primary,1,2073785,A0_BASELINE_075
A0_BASELINE_075,S5,820454,820458,2020-05-01T09:04:00,2020-05-01T09:08:00,2020-05-01T09:04:00,2020-05-01T09:08:00,745,1671.34,1673.7041428571429,2.3641428571429026,2.909714285714342,take_profit,False,2.3641428571429515,24.0,True,5.0,0.7505896226415258,0.658517779390439,0.642643323657493,0.5,live_post_loss_cap;live_rolling_pf,5.02282796153359,3.307621515489305,717.5468516476557,720.854473163145,True,S5_000269,0,primary,1,2073805,A0_BASELINE_075
A0_BASELINE_075,S5,820619,820636,2020-05-01T11:49:00,2020-05-01T12:06:00,2020-05-01T11:49:00,2020-05-01T12:06:00,748,1671.96,1673.8570714285715,1.8970714285714345,2.33485714285715,take_profit,False,1.8970714285715076,24.0,True,5.0,0.7367676431425054,0.6241400355082403,0.6047214824678497,0.5,live_rolling_pf,5.045981312142016,3.1493989553342345,720.854473163145,724.0038721184793,True,S5_000270,0,primary,1,2073970,A0_BASELINE_075
A0_BASELINE_075,S5,822310,822341,2020-05-04T17:02:00,2020-05-04T17:33:00,2020-05-04T17:02:00,2020-05-04T17:33:00,749,1706.66,1709.7122142857143,3.0522142857142125,3.7565714285713385,take_profit,False,3.0522142857141716,74.0,True,5.0,0.6787870123268404,0.503097598170019,0.49197801499553667,0.5,live_rolling_pf,5.068027104829356,2.549712263900204,724.0038721184793,726.5535843823795,True,S5_000271,0,primary,1,2075661,A0_BASELINE_075
A0_BASELINE_075,S5,824292,824303,2020-05-06T04:06:00,2020-05-06T04:17:00,2020-05-06T04:06:00,2020-05-06T04:17:00,752,1705.75,1707.2802857142856,1.530285714285695,1.8834285714285475,take_profit,False,1.5302857142855828,45.0,True,5.0,0.6558099669400752,0.44153299865306433,0.42010530182436323,0.5,live_rolling_pf,5.085875090676657,2.24558167956139,726.5535843823795,728.7991660619409,True,S5_000272,0,primary,1,2077643,A0_BASELINE_075
A0_BASELINE_075,S5,824304,824305,2020-05-06T04:18:00,2020-05-06T04:19:00,2020-05-06T04:18:00,2020-05-06T04:19:00,754,1707.57,1705.7174285714284,1.505214285714289,1.8525714285714328,stop_loss,False,-1.8525714285715367,24.0,True,5.0,-0.8853085745494763,-1.023894046968919,-1.0477880939377884,0.5,live_rolling_pf,5.101594162433587,-5.223491892967139,728.7991660619409,723.5756741689738,False,S5_000273,0,primary,1,2077655,A0_BASELINE_075
A0_BASELINE_075,S5,828252,828257,2020-05-11T01:10:00,2020-05-11T01:15:00,2020-05-11T01:10:00,2020-05-11T01:15:00,755,1703.48,1705.2340714285715,1.7540714285713956,2.1588571428571024,take_profit,False,1.7540714285714785,30.0,True,5.0,0.713368580060455,0.5710260283523421,0.5506913781083259,0.5,live_rolling_pf,5.065029719182816,2.892263804031542,723.5756741689738,726.4679379730054,True,S5_000274,0,primary,1,2081603,A0_BASELINE_075
A0_BASELINE_075,S5,828348,828352,2020-05-11T02:46:00,2020-05-11T02:50:00,2020-05-11T02:46:00,2020-05-11T02:50:00,758,1707.18,1705.4702857142859,1.5,1.7097142857142122,stop_loss,False,-1.709714285714199,36.0,True,5.0,-0.8260629486471437,-1.0241579237990006,-1.0483158475980074,0.5,live_rolling_pf,5.085275565811038,-5.208125265426821,726.4679379730054,721.2598127075786,False,S5_000275,0,primary,1,2081699,A0_BASELINE_075
A0_BASELINE_075,S5,828465,828475,2020-05-11T04:43:00,2020-05-11T04:53:00,2020-05-11T04:43:00,2020-05-11T04:53:00,760,1711.25,1709.6831428571427,1.5,1.566857142857225,stop_loss,False,-1.566857142857316,29.0,True,5.0,-0.8438221264810529,-1.0269272195722896,-1.0538544391445304,0.5,live_post_loss_cap;live_rolling_pf,5.04881868895305,-5.184769338371168,721.2598127075786,716.0750433692074,False,S5_000276,0,primary,1,2081816,A0_BASELINE_075
A0_BASELINE_075,S5,828768,828768,2020-05-11T09:46:00,2020-05-11T09:46:00,2020-05-11T09:46:00,2020-05-11T09:46:00,761,1705.73,1707.239857142857,1.5098571428571421,1.8582857142857134,take_profit,False,1.5098571428570722,24.0,True,5.0,0.7195669934640189,0.5813589324618402,0.5575299564269818,0.5,live_rolling_pf,5.012525303584452,2.9140763594298185,716.0750433692074,718.9891197286372,True,S5_000277,0,primary,1,2082119,A0_BASELINE_075
A0_BASELINE_075,S5,835144,835150,2020-05-18T01:08:00,2020-05-18T01:14:00,2020-05-18T01:08:00,2020-05-18T01:14:00,766,1750.82,1747.1708571428571,2.9649285714285565,3.649142857142839,stop_loss,False,-3.649142857142806,74.0,True,5.0,-0.8314021611769219,-1.0113917458664161,-1.0227834917328398,0.5,live_rolling_pf,5.03292383810046,-5.0902576274291285,718.9891197286372,713.8988621012081,False,S5_000278,0,primary,1,2088495,A0_BASELINE_075
A0_BASELINE_075,S5,835169,835177,2020-05-18T01:33:00,2020-05-18T01:41:00,2020-05-18T01:33:00,2020-05-18T01:41:00,768,1743.75,1746.5357142857144,2.785714285714349,3.428571428571507,take_profit,False,2.785714285714448,24.0,True,5.0,0.7593457943925513,0.6802959501557929,0.6666666666666967,0.5,live_post_loss_cap;live_rolling_pf,4.997292034708457,3.3996375329579656,713.8988621012081,717.2984996341661,True,S5_000279,0,primary,1,2088520,A0_BASELINE_075
A0_BASELINE_075,S5,837037,837045,2020-05-19T09:42:00,2020-05-19T09:50:00,2020-05-19T09:42:00,2020-05-19T09:50:00,773,1729.74,1731.5887857142857,1.848785714285743,2.275428571428607,take_profit,False,1.8487857142856683,14.0,True,5.0,0.7654069079725271,0.6867459190915252,0.6660456588596825,0.5,live_rolling_pf,5.021089497439163,3.448212721759662,717.2984996341661,720.7467123559258,True,S5_000280,0,primary,1,2090388,A0_BASELINE_075
A0_BASELINE_075,S5,840236,840236,2020-05-21T17:03:00,2020-05-21T17:03:00,2020-05-21T17:03:00,2020-05-21T17:03:00,780,1729.25,1726.8282857142858,1.9676428571428624,2.4217142857142924,stop_loss,False,-2.421714285714188,14.0,True,5.0,-0.9453490965870662,-1.0195181797902781,-1.0390363595805971,0.5,live_rolling_pf,5.04522698649148,-5.143700633896584,720.7467123559258,715.6030117220291,False,S5_000281,0,primary,1,2093587,A0_BASELINE_075
A0_BASELINE_075,S5,840269,840272,2020-05-21T17:36:00,2020-05-21T17:39:00,2020-05-21T17:36:00,2020-05-21T17:39:00,782,1719.62,1721.8810714285712,2.2610714285714204,2.7828571428571327,take_profit,False,2.261071428571313,14.0,True,5.0,0.7735826001954665,0.7085777126099335,0.6914711632453195,0.5,live_post_loss_cap;live_rolling_pf,5.009221082054204,3.5494224162794237,715.6030117220291,719.1524341383085,True,S5_000282,0,primary,1,2093620,A0_BASELINE_075
A0_BASELINE_075,S5,843012,843013,2020-05-25T17:22:00,2020-05-25T17:23:00,2020-05-25T17:22:00,2020-05-25T17:23:00,785,1730.09,1728.7151428571428,1.5,1.3748571428571656,stop_loss,False,-1.3748571428570813,38.0,True,5.0,-0.7834581569520876,-1.0284923477694077,-1.0569846955388635,0.5,live_rolling_pf,5.03406703896816,-5.177499427736953,719.1524341383085,713.9749347105716,False,S5_000283,0,primary,1,2096363,A0_BASELINE_075
A0_BASELINE_075,S5,844130,844131,2020-05-26T17:04:00,2020-05-26T17:05:00,2020-05-26T17:04:00,2020-05-26T17:05:00,787,1715.38,1718.6912857142859,3.3112857142857433,4.075428571428607,take_profit,False,3.3112857142857592,14.0,True,5.0,0.7855157923275085,0.740443269621802,0.7285820794360897,0.5,live_rolling_pf,4.997824542974001,3.700605545595758,713.9749347105716,717.6755402561673,True,S5_000284,0,primary,1,2097481,A0_BASELINE_075
A0_BASELINE_075,S5,844134,844161,2020-05-26T17:08:00,2020-05-26T17:35:00,2020-05-26T17:08:00,2020-05-26T17:35:00,788,1720.08,1715.878857142857,3.41342857142855,4.20114285714283,stop_loss,False,-4.201142857142941,14.0,True,5.0,-0.9677504278004728,-1.0115177043570087,-1.0230354087139917,0.5,live_rolling_pf,5.023728781793172,-5.0815906046716615,717.6755402561673,712.5939496514957,False,S5_000285,0,primary,1,2097485,A0_BASELINE_075
A0_BASELINE_075,S5,844185,844186,2020-05-26T17:59:00,2020-05-26T18:00:00,2020-05-26T17:59:00,2020-05-26T18:00:00,789,1710.81,1712.846357142857,2.036357142857107,2.50628571428567,take_profit,False,2.036357142857014,14.0,True,5.0,0.76951522349381,0.6977164759230897,0.6788220686676371,0.5,live_post_loss_cap;live_rolling_pf,4.988157647560469,3.4803197752047,712.5939496514957,716.0742694267004,True,S5_000286,0,primary,1,2097536,A0_BASELINE_075
A0_BASELINE_075,S5,848681,848681,2020-06-01T01:01:00,2020-06-01T01:01:00,2020-06-01T01:01:00,2020-06-01T01:01:00,794,1735.75,1733.4082857142857,1.9026428571428369,2.3417142857142608,stop_loss,True,-2.3417142857142608,14.0,True,5.0,-0.9435873819940127,-1.0201473635735667,-1.0402947271471337,0.5,live_rolling_pf,5.012519885986903,-5.113508946549614,716.0742694267004,710.9607604801508,False,S5_000287,0,primary,1,2102032,A0_BASELINE_075
A0_BASELINE_075,S5,848696,848786,2020-06-01T01:16:00,2020-06-01T02:46:00,2020-06-01T01:16:00,2020-06-01T02:46:00,794,1738.36,1739.43,2.6752142857142807,3.2925714285714225,timeout,False,1.0700000000001637,14.0,True,5.0,0.31171966039625265,0.25636757116702,0.2418012318961693,0.5,live_post_loss_cap;live_rolling_pf,4.976725323361056,1.2758709835154762,710.9607604801508,712.2366314636663,True,S5_000288,1,primary,1,2102047,A0_BASELINE_075
A0_BASELINE_075,S5,849652,849693,2020-06-01T17:12:00,2020-06-01T17:53:00,2020-06-01T17:12:00,2020-06-01T17:53:00,796,1735.03,1737.0747142857142,2.0447142857142206,2.5165714285713485,take_profit,False,2.0447142857142353,14.0,True,5.0,0.7696816519681694,0.6981608948160916,0.6793396429339658,0.5,live_rolling_pf,4.985656420245665,3.480790347604305,712.2366314636663,715.7174218112706,True,S5_000289,0,primary,1,2103003,A0_BASELINE_075
A0_BASELINE_075,S5,851562,851568,2020-06-03T03:04:00,2020-06-03T03:10:00,2020-06-03T03:04:00,2020-06-03T03:10:00,798,1722.8,1724.3107857142857,1.5107857142856915,1.8594285714285435,take_profit,False,1.5107857142857029,14.0,True,5.0,0.7556087453558208,0.6605815947413581,0.6355744498428154,0.5,live_rolling_pf,5.010021952678894,3.309528291189837,715.7174218112706,719.0269501024604,True,S5_000290,0,primary,1,2104913,A0_BASELINE_075
A0_BASELINE_075,S5,851574,851584,2020-06-03T03:16:00,2020-06-03T03:26:00,2020-06-03T03:16:00,2020-06-03T03:26:00,799,1724.03,1725.5667857142857,1.53678571428571,1.8914285714285661,take_profit,False,1.5367857142857702,32.0,True,5.0,0.6949289405685024,0.5276162790697939,0.5050064599483469,0.5,live_rolling_pf,5.033188650717223,2.6555922677477377,719.0269501024604,721.6825423702081,True,S5_000291,0,primary,1,2104925,A0_BASELINE_075
A0_BASELINE_075,S5,852081,852081,2020-06-03T11:43:00,2020-06-03T11:43:00,2020-06-03T11:43:00,2020-06-03T11:43:00,800,1714.86,1716.36,1.5,1.8400000000000156,take_profit,False,1.5,14.0,True,5.0,0.7575757575757517,0.6616161616161564,0.6363636363636314,0.5,live_rolling_pf,5.051777796591457,3.342337835118564,721.6825423702081,725.0248802053267,True,S5_000292,0,primary,1,2105432,A0_BASELINE_075
A0_BASELINE_075,S5,852084,852115,2020-06-03T11:46:00,2020-06-03T12:17:00,2020-06-03T11:46:00,2020-06-03T12:17:00,801,1717.09,1718.9842857142855,1.894285714285723,2.331428571428582,take_profit,False,1.8942857142856155,29.0,True,5.0,0.7226158038146733,0.5929155313351098,0.573841961852821,0.5,live_rolling_pf,5.075174161437287,3.0091495845468095,725.0248802053267,728.0340297898734,True,S5_000293,0,primary,1,2105435,A0_BASELINE_075
A0_BASELINE_075,S5,852406,852407,2020-06-03T17:08:00,2020-06-03T17:09:00,2020-06-03T17:08:00,2020-06-03T17:09:00,806,1701.22,1698.861142857143,1.9165714285713955,2.358857142857102,stop_loss,False,-2.358857142857005,14.0,True,5.0,-0.9439743882917506,-1.0200091470386077,-1.0400182940772542,0.5,live_rolling_pf,5.0962382085291145,-5.1982095881873445,728.0340297898734,722.8358202016861,False,S5_000294,0,primary,1,2105757,A0_BASELINE_075
A0_BASELINE_075,S5,852423,852430,2020-06-03T17:25:00,2020-06-03T17:32:00,2020-06-03T17:25:00,2020-06-03T17:32:00,809,1694.6,1691.512,2.5089999999999772,3.087999999999972,stop_loss,False,-3.0879999999999654,14.0,True,5.0,-0.9566294919454746,-1.0154894671623276,-1.0309789343246574,0.5,live_post_loss_cap;live_rolling_pf,5.059850741411803,-5.13822513331718,722.8358202016861,717.697595068369,False,S5_000295,0,primary,1,2105774,A0_BASELINE_075
A0_BASELINE_075,S5,852448,852459,2020-06-03T17:50:00,2020-06-03T18:01:00,2020-06-03T17:50:00,2020-06-03T18:01:00,811,1693.29,1695.2595,1.9694999999999403,2.4239999999999267,take_profit,False,1.9694999999999254,14.0,True,5.0,0.76813572542901,0.6940327613104432,0.6745319812792413,0.5,live_post_loss_cap;live_rolling_pf,5.0238831654785825,3.486739505838151,717.697595068369,721.1843345742071,True,S5_000296,0,primary,1,2105799,A0_BASELINE_075
A0_BASELINE_075,S5,855578,855587,2020-06-08T01:04:00,2020-06-08T01:13:00,2020-06-08T01:04:00,2020-06-08T01:13:00,816,1680.77,1682.27,1.5,1.8457142857143483,take_profit,False,1.5,27.0,True,5.0,0.7089804186360358,0.5577312626603481,0.5340985820391468,0.5,live_rolling_pf,5.04829034201945,2.8155893467305484,721.1843345742071,723.9999239209377,True,S5_000297,0,primary,1,2108929,A0_BASELINE_075
A0_BASELINE_075,S5,855759,855766,2020-06-08T04:05:00,2020-06-08T04:12:00,2020-06-08T04:05:00,2020-06-08T04:12:00,818,1684.35,1685.85,1.5,1.5085714285713818,take_profit,False,1.5,14.0,True,5.0,0.9098786828423134,0.7946273830156204,0.7642980935875433,0.5,live_rolling_pf,5.067999467446564,4.02717115394162,723.9999239209377,728.0270950748793,True,S5_000298,0,primary,1,2109110,A0_BASELINE_075
A0_BASELINE_075,S5,862948,862950,2020-06-15T09:01:00,2020-06-15T09:03:00,2020-06-15T09:01:00,2020-06-15T09:03:00,821,1721.62,1723.12,1.5,1.7142857142857661,take_profit,False,1.5,14.0,True,5.0,0.8089368258859558,0.7064714946070682,0.6795069337442029,1.0,,10.19237933104831,7.200625459607888,728.0270950748793,735.2277205344872,True,S5_000299,0,primary,1,2116299,A0_BASELINE_075
A0_BASELINE_075,S5,863166,863169,2020-06-15T12:39:00,2020-06-15T12:42:00,2020-06-15T12:39:00,2020-06-15T12:42:00,823,1714.06,1715.56,1.5,1.801142857142882,take_profit,False,1.5,17.0,True,5.0,0.7609798521524763,0.6493694738367798,0.6240034787650306,1.0,,10.29318808748282,6.684082132471729,735.2277205344872,741.9118026669589,True,S5_000300,0,primary,1,2116517,A0_BASELINE_075
A0_BASELINE_075,S5,863468,863471,2020-06-15T17:41:00,2020-06-15T17:44:00,2020-06-15T17:41:00,2020-06-15T17:44:00,826,1717.02,1718.52,1.5,1.7142857142857661,take_profit,False,1.5,14.0,True,5.0,0.8089368258859558,0.7064714946070682,0.6795069337442029,1.0,,10.386765237337425,7.337953561354509,741.9118026669589,749.2497562283135,True,S5_000301,0,primary,1,2116819,A0_BASELINE_075
A0_BASELINE_075,S5,865918,865919,2020-06-17T12:33:00,2020-06-17T12:34:00,2020-06-17T12:33:00,2020-06-17T12:34:00,827,1714.76,1716.4416428571428,1.6816428571429112,2.0697142857143525,take_profit,False,1.6816428571428332,23.0,True,5.0,0.7312399055783011,0.6094856503913249,0.5877438191079363,1.0,,10.489496587196388,6.393197649724973,749.2497562283135,755.6429538780384,True,S5_000302,0,primary,1,2119269,A0_BASELINE_075
A0_BASELINE_075,S5,869367,869373,2020-06-22T01:06:00,2020-06-22T01:12:00,2020-06-22T01:06:00,2020-06-22T01:12:00,831,1746.07,1743.2722857142855,2.273142857142901,2.79771428571434,stop_loss,False,-2.7977142857143917,55.0,True,5.0,-0.8357087991806957,-1.0149355637108628,-1.0298711274217098,1.0,,10.579001354292538,-10.73700470301688,755.6429538780384,744.9059491750215,False,S5_000303,0,primary,1,2122718,A0_BASELINE_075
A0_BASELINE_075,S5,899517,899522,2020-07-22T02:12:00,2020-07-22T02:17:00,2020-07-22T02:12:00,2020-07-22T02:17:00,843,1845.39,1843.5305714285714,1.5107857142857761,1.8594285714286476,stop_loss,False,-1.8594285714286798,25.0,True,5.0,-0.8814844913991797,-1.023703101720182,-1.0474062034403493,1.0,,10.428683288450301,-10.675875429244002,744.9059491750215,734.2300737457775,False,S5_000304,0,primary,1,2152868,A0_BASELINE_075
A0_BASELINE_075,S5,899633,899633,2020-07-22T04:08:00,2020-07-22T04:08:00,2020-07-22T04:08:00,2020-07-22T04:08:00,844,1852.47,1854.034642857143,1.5646428571428488,1.9257142857142755,take_profit,False,1.5646428571428714,25.0,True,5.0,0.71913985554827,0.5812541037426225,0.5582731451083479,0.5,live_post_loss_cap;live_rolling_pf,5.139610516220443,2.987419704191871,734.2300737457775,737.2174934499694,True,S5_000305,0,primary,1,2152984,A0_BASELINE_075
A0_BASELINE_075,S5,899634,899634,2020-07-22T04:09:00,2020-07-22T04:09:00,2020-07-22T04:09:00,2020-07-22T04:09:00,844,1854.0,1855.6760714285715,1.6760714285714244,2.062857142857138,take_profit,False,1.676071428571504,25.0,True,5.0,0.724675725756674,0.5949660284126342,0.5733477455219609,1.0,live_post_loss_cap,10.321044908299573,6.140671098159438,737.2174934499694,743.3581645481289,True,S5_000306,1,primary,1,2152985,A0_BASELINE_075
A0_BASELINE_075,S5,899635,899636,2020-07-22T04:10:00,2020-07-22T04:11:00,2020-07-22T04:10:00,2020-07-22T04:11:00,844,1855.81,1857.6030714285714,1.7930714285714235,2.2068571428571366,take_profit,False,1.7930714285714657,25.0,True,5.0,0.7298232352599309,0.6077160134899573,0.5873648098616284,1.0,live_post_loss_cap,10.407014303673805,6.324509244961608,743.3581645481289,749.6826737930905,True,S5_000307,2,primary,1,2152986,A0_BASELINE_075
A0_BASELINE_075,S5,899637,899637,2020-07-22T04:12:00,2020-07-22T04:12:00,2020-07-22T04:12:00,2020-07-22T04:12:00,844,1858.4,1860.595142857143,2.1951428571428453,2.7017142857142713,take_profit,False,2.195142857142855,25.0,True,5.0,0.7436840576904492,0.6420482044332615,0.6251088955570636,1.0,live_post_loss_cap,10.495557433103269,6.7386538044501245,749.6826737930905,756.4213275975407,True,S5_000308,3,primary,1,2152988,A0_BASELINE_075
A0_BASELINE_075,S5,899638,899639,2020-07-22T04:13:00,2020-07-22T04:14:00,2020-07-22T04:13:00,2020-07-22T04:14:00,844,1860.61,1863.1329285714285,2.522928571428557,3.1051428571428397,take_profit,False,2.522928571428565,25.0,True,5.0,0.7519586136421719,0.662543643021376,0.64764114791791,1.0,live_post_loss_cap,10.58989858636557,7.016269988637564,756.4213275975407,763.4375975861782,True,S5_000309,4,primary,1,2152989,A0_BASELINE_075
A0_BASELINE_075,S5,899640,899640,2020-07-22T04:15:00,2020-07-22T04:15:00,2020-07-22T04:15:00,2020-07-22T04:15:00,844,1865.47,1861.8734285714286,2.9222142857142885,3.596571428571432,stop_loss,False,-3.596571428571451,25.0,True,5.0,-0.9350070563767413,-1.0129985887246578,-1.0259971774493104,1.0,live_post_loss_cap,10.688126366206495,-10.827056925077985,763.4375975861782,752.6105406611002,False,S5_000310,5,primary,1,2152991,A0_BASELINE_075
A0_BASELINE_075,S5,900057,900058,2020-07-22T11:12:00,2020-07-22T11:13:00,2020-07-22T11:12:00,2020-07-22T11:13:00,846,1848.88,1850.4362857142858,1.5562857142857347,1.9154285714285966,take_profit,False,1.55628571428565,25.0,True,5.0,0.7186963979416431,0.5801556933632042,0.5570655759334644,1.0,,10.536547569255404,6.112838060695752,752.6105406611002,758.7233787217959,True,S5_000311,0,primary,1,2153408,A0_BASELINE_075
A0_BASELINE_075,S5,903592,903601,2020-07-27T01:11:00,2020-07-27T01:20:00,2020-07-27T01:11:00,2020-07-27T01:20:00,847,1906.44,1907.9888571428571,1.5488571428571067,1.9062857142856697,take_profit,False,1.5488571428570594,30.0,True,5.0,0.7020202020201785,0.5433825433825166,0.5207200207199935,1.0,,10.622127302105143,5.771878549550761,758.7233787217959,764.4952572713466,True,S5_000312,0,primary,1,2156943,A0_BASELINE_075
A0_BASELINE_075,S5,905149,905151,2020-07-28T04:09:00,2020-07-28T04:11:00,2020-07-28T04:09:00,2020-07-28T04:11:00,852,1973.64,1976.3152142857143,2.675214285714302,3.2925714285714487,take_profit,False,2.675214285714219,25.0,True,5.0,0.7551617065892179,0.6704774578594822,0.6563634164045261,1.0,,10.702933601798854,7.176075712972927,764.4952572713466,771.6713329843195,True,S5_000313,0,primary,1,2158500,A0_BASELINE_075
A0_BASELINE_075,S5,905152,905161,2020-07-28T04:12:00,2020-07-28T04:21:00,2020-07-28T04:12:00,2020-07-28T04:21:00,852,1974.48,1977.5517142857143,3.0717142857143425,3.7805714285714984,take_profit,False,3.071714285714279,25.0,True,5.0,0.7621039200396817,0.6876727865598503,0.6752675976465451,1.0,,10.803398661780474,7.429203262063536,771.6713329843195,779.1005362463831,True,S5_000314,1,primary,1,2158503,A0_BASELINE_075
A0_BASELINE_075,S5,907604,907604,2020-07-29T22:06:00,2020-07-29T22:06:00,2020-07-29T22:06:00,2020-07-29T22:06:00,863,1955.71,1961.4151428571429,5.7051428571428415,7.021714285714267,take_profit,False,5.705142857142846,23.0,True,5.0,0.7867302312753639,0.7481186714471458,0.7412237500492498,1.0,,10.907407507449363,8.160035213405642,779.1005362463831,787.2605714597887,True,S5_000315,0,primary,1,2160955,A0_BASELINE_075
A0_BASELINE_075,S5,907606,907610,2020-07-29T22:08:00,2020-07-29T22:12:00,2020-07-29T22:08:00,2020-07-29T22:12:00,864,1959.78,1966.0627142857143,6.282714285714272,7.732571428571411,take_profit,False,6.282714285714292,23.0,True,5.0,0.7890308227779995,0.7538663030607509,0.7475869245398136,1.0,,11.021648000437041,8.308849031726389,787.2605714597887,795.5694204915151,True,S5_000316,0,primary,1,2160957,A0_BASELINE_075
A0_BASELINE_075,S5,908388,908388,2020-07-30T12:11:00,2020-07-30T12:11:00,2020-07-30T12:11:00,2020-07-30T12:11:00,871,1947.52,1945.3474285714285,1.765214285714285,2.1725714285714277,stop_loss,False,-2.172571428571473,23.0,True,5.0,-0.9042692353431037,-1.0208110357950004,-1.041622071589982,1.0,,11.13797188688121,-11.369764618502805,795.5694204915151,784.1996558730123,False,S5_000317,0,primary,1,2161739,A0_BASELINE_075
A0_BASELINE_075,S5,908681,908686,2020-07-30T17:04:00,2020-07-30T17:09:00,2020-07-30T17:04:00,2020-07-30T17:09:00,872,1954.84,1956.8429285714285,2.002928571428587,2.465142857142876,take_profit,False,2.0029285714285834,23.0,True,5.0,0.7431623025548598,0.6392717057139828,0.620719813420969,1.0,,10.978795182222171,7.018433122823625,784.1996558730123,791.2180889958358,True,S5_000318,0,primary,1,2162032,A0_BASELINE_075
A0_BASELINE_075,S5,910480,910497,2020-08-03T01:06:00,2020-08-03T01:23:00,2020-08-03T01:06:00,2020-08-03T01:23:00,873,1980.62,1983.943357142857,3.323357142857076,4.090285714285632,take_profit,False,3.3233571428570485,23.0,True,5.0,0.769244758944507,0.7044342305402996,0.6928609218966912,1.0,,11.077053245941702,7.803055479958871,791.2180889958358,799.0211444757947,True,S5_000319,0,primary,1,2163831,A0_BASELINE_075
A0_BASELINE_075,S5,910506,910511,2020-08-03T01:32:00,2020-08-03T01:37:00,2020-08-03T01:32:00,2020-08-03T01:37:00,875,1982.31,1983.81,1.5,1.7634285714286049,take_profit,False,1.5,45.0,True,5.0,0.6776816832322087,0.45178778882147247,0.42919839938039883,1.0,,11.186296022661127,5.0538319451805025,799.0211444757947,804.0749764209752,True,S5_000320,0,primary,1,2163857,A0_BASELINE_075
A0_BASELINE_075,S5,911442,911445,2020-08-03T17:08:00,2020-08-03T17:11:00,2020-08-03T17:08:00,2020-08-03T17:11:00,876,1965.68,1967.537142857143,1.8571428571428783,2.285714285714312,take_profit,False,1.8571428571428896,19.0,True,5.0,0.7501442585112574,0.6532025389498043,0.6330063473745016,1.0,,11.257049669893654,7.353133425458591,804.0749764209752,811.4281098464338,True,S5_000321,0,primary,1,2164793,A0_BASELINE_075
A0_BASELINE_075,S5,911446,911450,2020-08-03T17:12:00,2020-08-03T17:16:00,2020-08-03T17:12:00,2020-08-03T17:16:00,876,1966.7,1968.6267857142857,1.9267857142857565,2.3714285714286234,take_profit,False,1.9267857142856428,19.0,True,5.0,0.7522308979363762,0.658533184606763,0.6390128276630935,1.0,,11.359993537850073,7.480932721592657,811.4281098464338,818.9090425680265,True,S5_000322,1,primary,1,2164797,A0_BASELINE_075
A0_BASELINE_075,S5,917372,917375,2020-08-10T01:04:00,2020-08-10T01:07:00,2020-08-10T01:04:00,2020-08-10T01:07:00,880,2027.08,2029.8917142857142,2.8117142857142623,3.4605714285713995,take_profit,False,2.811714285714288,38.0,True,5.0,0.7321083172147064,0.6201458116351786,0.6071269156375592,1.0,,11.46472659595237,7.109802180022301,818.9090425680265,826.0188447480488,True,S5_000323,0,primary,1,2170723,A0_BASELINE_075
A0_BASELINE_075,S5,918330,918332,2020-08-10T17:02:00,2020-08-10T17:04:00,2020-08-10T17:02:00,2020-08-10T17:04:00,884,2044.46,2046.4332142857143,1.9732142857142014,2.428571428571325,take_profit,False,1.9732142857142208,23.0,True,5.0,0.7422084900591125,0.6368887694787753,0.6180816765180007,1.0,,11.564263826472683,7.3651497583701,826.0188447480488,833.3839945064188,True,S5_000324,0,primary,1,2171681,A0_BASELINE_075
A0_BASELINE_075,S5,918346,918349,2020-08-10T17:18:00,2020-08-10T17:21:00,2020-08-10T17:18:00,2020-08-10T17:21:00,885,2048.53,2046.3768571428575,1.7494285714285007,2.15314285714277,stop_loss,False,-2.1531428571427114,23.0,True,5.0,-0.903488790312884,-1.020980697758039,-1.0419613955161022,1.0,,11.667375923089864,-11.912165610961633,833.3839945064188,821.4718288954572,False,S5_000325,0,primary,1,2171697,A0_BASELINE_075
A0_BASELINE_075,S5,918905,918905,2020-08-11T03:38:00,2020-08-11T03:38:00,2020-08-11T03:38:00,2020-08-11T03:38:00,888,2019.89,2018.1185714285714,1.5,1.7714285714286495,stop_loss,False,-1.7714285714287143,23.0,True,5.0,-0.8850820842255901,-1.0249821556031722,-1.0499643112063117,1.0,,11.500605604536402,-11.787915523279644,821.4718288954572,809.6839133721776,False,S5_000326,0,primary,1,2172256,A0_BASELINE_075
A0_BASELINE_075,S5,918945,918953,2020-08-11T04:18:00,2020-08-11T04:26:00,2020-08-11T04:18:00,2020-08-11T04:26:00,889,2018.81,2020.6030714285714,1.7930714285714235,2.2068571428571366,take_profit,False,1.7930714285714657,23.0,True,5.0,0.7358131082190346,0.620911009497027,0.6003927775823829,1.0,live_post_loss_cap,11.335574787210486,7.038383184355911,809.6839133721776,816.7222965565335,True,S5_000327,0,primary,1,2172296,A0_BASELINE_075
A0_BASELINE_075,S5,919208,919209,2020-08-11T08:41:00,2020-08-11T08:42:00,2020-08-11T08:41:00,2020-08-11T08:42:00,890,2010.31,2008.4379999999999,1.5210000000000525,1.8720000000000647,stop_loss,False,-1.872000000000071,23.0,True,5.0,-0.8905803996194164,-1.0237868696479566,-1.0475737392959101,1.0,,11.434112151791469,-11.706093887086249,816.7222965565335,805.0162026694472,False,S5_000328,0,primary,1,2172559,A0_BASELINE_075
A0_BASELINE_075,S5,919227,919227,2020-08-11T09:00:00,2020-08-11T09:00:00,2020-08-11T09:00:00,2020-08-11T09:00:00,891,2008.92,2010.5877142857144,1.667714285714268,2.0525714285714067,take_profit,False,1.6677142857142826,23.0,True,5.0,0.7306296157216229,0.6079609463011686,0.5860558267618017,1.0,live_post_loss_cap,11.270226837372261,6.851857773077667,805.0162026694472,811.8680604425249,True,S5_000329,0,primary,1,2172578,A0_BASELINE_075
A0_BASELINE_075,S5,919240,919242,2020-08-11T09:13:00,2020-08-11T09:15:00,2020-08-11T09:13:00,2020-08-11T09:15:00,892,2004.0,2001.6902857142857,1.8766428571428184,2.309714285714238,stop_loss,False,-2.3097142857143353,23.0,True,5.0,-0.9094386320171364,-1.0196872539093649,-1.0393745078186913,1.0,live_post_loss_cap,11.366152846195348,-11.589921183251047,811.8680604425249,800.2781392592739,False,S5_000330,0,primary,1,2172591,A0_BASELINE_075
A0_BASELINE_075,S5,919262,919263,2020-08-11T09:35:00,2020-08-11T09:36:00,2020-08-11T09:35:00,2020-08-11T09:36:00,893,1994.42,1997.3087857142857,2.8887857142856843,3.5554285714285343,take_profit,False,2.888785714285632,23.0,True,5.0,0.7631330666465251,0.68916522001659,0.6759566759755302,1.0,live_post_loss_cap,11.203893949629835,7.721334038839187,800.2781392592739,807.999473298113,True,S5_000331,0,primary,1,2172613,A0_BASELINE_075
A0_BASELINE_075,S5,919357,919357,2020-08-11T11:10:00,2020-08-11T11:10:00,2020-08-11T11:10:00,2020-08-11T11:10:00,898,1988.67,1991.1028571428571,2.432857142857126,2.9942857142856933,take_profit,False,2.432857142857074,23.0,True,5.0,0.7545414266725577,0.6677004873726015,0.6521931767833236,1.0,live_post_loss_cap,11.311992626173582,7.5530229896513745,807.999473298113,815.5524962877644,True,S5_000332,0,primary,1,2172708,A0_BASELINE_075
A0_BASELINE_075,S5,919358,919360,2020-08-11T11:11:00,2020-08-11T11:13:00,2020-08-11T11:11:00,2020-08-11T11:13:00,898,1991.21,1993.7737857142859,2.563785714285705,3.15542857142856,take_profit,False,2.563785714285814,23.0,True,5.0,0.7573001941092394,0.6745927926407608,0.6598236138071039,1.0,live_post_loss_cap,11.417734948028702,7.702321704222694,815.5524962877644,823.254817991987,True,S5_000333,1,primary,1,2172709,A0_BASELINE_075
A0_BASELINE_075,S5,919376,919388,2020-08-11T11:29:00,2020-08-11T11:41:00,2020-08-11T11:29:00,2020-08-11T11:41:00,899,1985.63,1988.4045714285717,2.7745714285714813,3.414857142857208,take_profit,False,2.774571428571562,23.0,True,5.0,0.7612291291056121,0.6844085600062955,0.6706906012385604,1.0,,11.525567451887818,7.88819702300197,823.254817991987,831.143015014989,True,S5_000334,0,primary,1,2172727,A0_BASELINE_075
A0_BASELINE_075,S5,919708,919716,2020-08-11T17:01:00,2020-08-11T17:09:00,2020-08-11T17:01:00,2020-08-11T17:09:00,906,1941.18,1945.0354285714286,3.8554285714285697,4.745142857142855,take_profit,False,3.855428571428547,23.0,True,5.0,0.7749382645150129,0.7186584735542364,0.7086085108826692,1.0,,11.636002210209847,8.36231158666313,831.143015014989,839.5053266016522,True,S5_000335,0,primary,1,2173059,A0_BASELINE_075
A0_BASELINE_075,S5,919729,919740,2020-08-11T17:22:00,2020-08-11T17:33:00,2020-08-11T17:22:00,2020-08-11T17:33:00,908,1948.33,1944.4031428571427,3.1905714285714613,3.9268571428571835,stop_loss,False,-3.926857142857216,23.0,True,5.0,-0.9446697367516751,-1.0120283180974714,-1.024056636194935,1.0,,11.753074572423131,-11.89444429200354,839.5053266016522,827.6108823096487,False,S5_000336,0,primary,1,2173080,A0_BASELINE_075
A0_BASELINE_075,S5,919907,919908,2020-08-11T20:20:00,2020-08-11T20:21:00,2020-08-11T20:20:00,2020-08-11T20:21:00,910,1934.55,1937.530714285714,2.9807142857142352,3.668571428571367,take_profit,False,2.980714285714157,23.0,True,5.0,0.76456577500914,0.6927445950897544,0.6799193843898642,1.0,,11.586552352335081,8.026521517804607,827.6108823096487,835.6374038274532,True,S5_000337,0,primary,1,2173258,A0_BASELINE_075
A0_BASELINE_075,S5,920031,920033,2020-08-11T22:24:00,2020-08-11T22:26:00,2020-08-11T22:24:00,2020-08-11T22:26:00,916,1920.38,1923.0867857142857,2.7067857142857226,3.3314285714285816,take_profit,False,2.7067857142856155,23.0,True,5.0,0.7600280786201065,0.6814079422382374,0.6673686321700466,1.0,,11.698923653584345,7.9717394931911505,835.6374038274532,843.6091433206444,True,S5_000338,0,primary,1,2173382,A0_BASELINE_075
A0_BASELINE_075,S5,920042,920042,2020-08-11T22:35:00,2020-08-11T22:35:00,2020-08-11T22:35:00,2020-08-11T22:35:00,917,1916.76,1919.3145,2.5544999999999782,3.1439999999999735,take_profit,False,2.554499999999962,23.0,True,5.0,0.7571132187314706,0.67412566686425,0.659306461173675,1.0,,11.810528006489022,7.961780068393313,843.6091433206444,851.5709233890377,True,S5_000339,0,primary,1,2173393,A0_BASELINE_075
A0_BASELINE_075,S5,920192,920194,2020-08-12T02:06:00,2020-08-12T02:08:00,2020-08-12T02:06:00,2020-08-12T02:08:00,919,1925.1,1923.5697142857143,1.5,1.5302857142856479,stop_loss,False,-1.5302857142855828,36.0,True,5.0,-0.8095525997581209,-1.026451027811333,-1.0529020556227002,1.0,,11.921992927446528,-12.237341893936932,851.5709233890377,839.3335814951008,False,S5_000340,0,primary,1,2173543,A0_BASELINE_075
A0_BASELINE_075,S5,920224,920226,2020-08-12T02:38:00,2020-08-12T02:40:00,2020-08-12T02:38:00,2020-08-12T02:40:00,921,1918.08,1916.6182857142855,1.5,1.4617142857142815,stop_loss,False,-1.461714285714379,38.0,True,5.0,-0.7936704933292488,-1.0271486192988428,-1.0542972385976328,1.0,live_post_loss_cap,11.750670140931412,-12.06968461109384,839.3335814951008,827.263896884007,False,S5_000341,0,primary,1,2173575,A0_BASELINE_075
A0_BASELINE_075,S5,920246,920247,2020-08-12T03:00:00,2020-08-12T03:01:00,2020-08-12T03:00:00,2020-08-12T03:01:00,923,1909.0,1911.2842857142857,2.284285714285685,2.8114285714285354,take_profit,False,2.2842857142857156,26.0,True,5.0,0.7437209302325672,0.6427906976744265,0.6265116279069846,1.0,live_post_loss_cap,11.581694556376098,7.4446055241451,827.263896884007,834.7085024081521,True,S5_000342,0,primary,1,2173597,A0_BASELINE_075
A0_BASELINE_075,S5,920250,920252,2020-08-12T03:04:00,2020-08-12T03:06:00,2020-08-12T03:04:00,2020-08-12T03:06:00,924,1913.84,1916.3081428571427,2.4681428571428508,3.037714285714278,take_profit,False,2.468142857142766,30.0,True,5.0,0.7394709809963792,0.6346087998630113,0.6196284882725303,1.0,live_post_loss_cap,11.685919033714129,7.415987053281644,834.7085024081521,842.1244894614338,True,S5_000343,0,primary,1,2173601,A0_BASELINE_075
A0_BASELINE_075,S5,920253,920269,2020-08-12T03:07:00,2020-08-12T03:23:00,2020-08-12T03:07:00,2020-08-12T03:23:00,924,1917.97,1920.331357142857,2.3613571428571487,2.9062857142857217,take_profit,False,2.3613571428570594,23.0,True,5.0,0.752915186298596,0.6636376059032241,0.6476951808326219,1.0,live_post_loss_cap,11.789742852460073,7.824116720821251,842.1244894614338,849.948606182255,True,S5_000344,1,primary,1,2173604,A0_BASELINE_075
A0_BASELINE_075,S5,920272,920280,2020-08-12T03:26:00,2020-08-12T03:34:00,2020-08-12T03:26:00,2020-08-12T03:34:00,927,1922.98,1924.606857142857,1.6268571428571414,2.0022857142857124,take_profit,False,1.626857142857034,25.0,True,5.0,0.7223138399086164,0.5891158188506435,0.5669161486743146,1.0,live_post_loss_cap,11.899280486551572,7.010054367568312,849.948606182255,856.9586605498233,True,S5_000345,0,primary,1,2173623,A0_BASELINE_075
A0_BASELINE_075,S5,920284,920286,2020-08-12T03:38:00,2020-08-12T03:40:00,2020-08-12T03:38:00,2020-08-12T03:40:00,928,1921.68,1919.3634285714286,1.8822142857142632,2.3165714285714007,stop_loss,False,-2.3165714285714785,33.0,True,5.0,-0.8753103746086861,-1.0188923674835662,-1.037784734967103,1.0,live_post_loss_cap,11.997421247697527,-12.224080938764175,856.9586605498233,844.7345796110592,False,S5_000346,0,primary,1,2173635,A0_BASELINE_075
A0_BASELINE_075,S5,920304,920306,2020-08-12T03:58:00,2020-08-12T04:00:00,2020-08-12T03:58:00,2020-08-12T04:00:00,930,1924.61,1922.7665714285713,1.5,1.8434285714286098,stop_loss,False,-1.8434285714286034,44.0,True,5.0,-0.8073073073073077,-1.0218968968968938,-1.0437937937937902,1.0,live_post_loss_cap,11.826284114554829,-12.08524303848461,844.7345796110592,832.6493365725746,False,S5_000347,0,primary,1,2173655,A0_BASELINE_075
A0_BASELINE_075,S5,920337,920340,2020-08-12T04:31:00,2020-08-12T04:34:00,2020-08-12T04:31:00,2020-08-12T04:34:00,932,1915.25,1913.1677142857143,1.6918571428571243,2.0822857142856916,stop_loss,False,-2.0822857142857174,30.0,True,5.0,-0.874070520508525,-1.0209882465819253,-1.0419764931638396,1.0,live_post_loss_cap,11.657090712016045,-11.901752606307708,832.6493365725746,820.7475839662669,False,S5_000348,0,primary,1,2173688,A0_BASELINE_075
A0_BASELINE_075,S5,920365,920366,2020-08-12T04:59:00,2020-08-12T05:00:00,2020-08-12T04:59:00,2020-08-12T05:00:00,934,1889.48,1883.902857142857,4.531428571428588,5.577142857142878,stop_loss,False,-5.577142857142917,25.0,True,5.0,-0.9570973277764226,-1.0085805344447234,-1.0171610688894404,1.0,live_post_loss_cap,11.490466175527738,-11.589060516332783,820.7475839662669,809.1585234499341,False,S5_000349,0,primary,1,2173716,A0_BASELINE_075
A0_BASELINE_075,S5,920554,920564,2020-08-12T08:08:00,2020-08-12T08:18:00,2020-08-12T08:08:00,2020-08-12T08:18:00,945,1875.69,1878.8842857142859,3.194285714285702,3.9314285714285564,take_profit,False,3.1942857142857974,30.0,True,5.0,0.7548953409858428,0.6721809588116359,0.6603646185010349,0.5,live_rolling_pf,5.664109664149539,3.8073066648622897,809.1585234499341,812.9658301147964,True,S5_000350,0,primary,1,2173905,A0_BASELINE_075
A0_BASELINE_075,S5,920665,920666,2020-08-12T09:59:00,2020-08-12T10:00:00,2020-08-12T09:59:00,2020-08-12T10:00:00,946,1909.03,1913.5874285714285,4.557428571428586,5.609142857142875,take_profit,False,4.557428571428545,23.0,True,5.0,0.7804961589274285,0.7325439154474659,0.723981014826044,0.5,live_rolling_pf,5.6907608108035745,4.168732206221046,812.9658301147964,817.1345623210175,True,S5_000351,0,primary,1,2174016,A0_BASELINE_075
A0_BASELINE_075,S5,920767,920771,2020-08-12T11:41:00,2020-08-12T11:45:00,2020-08-12T11:41:00,2020-08-12T11:45:00,949,1933.68,1928.5554285714286,4.163714285714279,5.12457142857142,stop_loss,False,-5.124571428571471,23.0,True,5.0,-0.9570460487700858,-1.0093378154847756,-1.0186756309695417,0.5,live_rolling_pf,5.719941936247123,-5.773353698631428,817.1345623210175,811.361208622386,False,S5_000352,0,primary,1,2174118,A0_BASELINE_075
A0_BASELINE_075,S5,921699,921725,2020-08-13T04:14:00,2020-08-13T04:40:00,2020-08-13T04:14:00,2020-08-13T04:40:00,954,1941.04,1937.7428571428572,2.678928571428542,3.2971428571428207,stop_loss,False,-3.297142857142717,23.0,True,5.0,-0.9347914135277139,-1.0141757796678526,-1.0283515593357344,0.5,live_rolling_pf,5.6795284603567024,-5.760040204428017,811.361208622386,805.601168417958,False,S5_000353,0,primary,1,2175050,A0_BASELINE_075
A0_BASELINE_075,S5,924268,924268,2020-08-17T01:06:00,2020-08-17T01:06:00,2020-08-17T01:06:00,2020-08-17T01:06:00,956,1943.44,1945.0687142857143,1.6287142857142825,2.0045714285714245,take_profit,False,1.6287142857142953,23.0,True,5.0,0.7288709883646649,0.6035673187571976,0.5811916634701498,0.5,live_rolling_pf,5.639208178925706,3.4036417604678477,805.601168417958,809.0048101784258,True,S5_000354,0,primary,1,2177619,A0_BASELINE_075
A0_BASELINE_075,S5,924269,924273,2020-08-17T01:07:00,2020-08-17T01:11:00,2020-08-17T01:07:00,2020-08-17T01:11:00,956,1945.29,1947.058,1.7679999999999967,2.175999999999996,take_profit,False,1.768000000000029,23.0,True,5.0,0.7348295926849675,0.6184538653366715,0.5976724854530471,0.5,live_rolling_pf,5.663033671248981,3.5023250635156535,809.0048101784258,812.5071352419415,True,S5_000355,1,primary,1,2177620,A0_BASELINE_075
A0_BASELINE_075,S5,924274,924285,2020-08-17T01:12:00,2020-08-17T01:23:00,2020-08-17T01:12:00,2020-08-17T01:23:00,956,1947.12,1949.1052857142856,1.9852857142857034,2.443428571428558,take_profit,False,1.9852857142857374,30.0,True,5.0,0.7236513226411284,0.5960737346386282,0.5778483649239855,0.5,live_rolling_pf,5.68754994669359,3.390199137669379,812.5071352419415,815.8973343796108,True,S5_000356,2,primary,1,2177625,A0_BASELINE_075
A0_BASELINE_075,S5,924377,924378,2020-08-17T02:55:00,2020-08-17T02:56:00,2020-08-17T02:55:00,2020-08-17T02:56:00,957,1938.2,1935.9405714285715,1.8357857142856704,2.2594285714285176,stop_loss,False,-2.2594285714285434,23.0,True,5.0,-0.9076093194077899,-1.0200849305635367,-1.040169861127063,0.5,live_rolling_pf,5.711281340657276,-5.8259920298132,815.8973343796108,810.0713423497976,False,S5_000357,0,primary,1,2177728,A0_BASELINE_075
A0_BASELINE_075,S5,924393,924396,2020-08-17T03:11:00,2020-08-17T03:14:00,2020-08-17T03:11:00,2020-08-17T03:14:00,957,1932.6,1935.2371428571428,2.637142857142866,3.245714285714296,take_profit,False,2.6371428571428623,27.0,True,5.0,0.7501015847216571,0.6590816741162124,0.6448598130841117,0.5,live_post_loss_cap;live_rolling_pf,5.670499396448584,3.737322235286305,810.0713423497976,813.808664585084,True,S5_000358,1,primary,1,2177744,A0_BASELINE_075
A0_BASELINE_075,S5,924397,924403,2020-08-17T03:15:00,2020-08-17T03:21:00,2020-08-17T03:15:00,2020-08-17T03:21:00,957,1936.58,1933.713714285714,2.3288571428571783,2.866285714285758,stop_loss,False,-2.866285714285823,50.0,True,5.0,-0.8514683415379605,-1.0148531658462252,-1.029706331692431,0.5,live_post_loss_cap;live_rolling_pf,5.696660652095588,-5.7812740975308285,813.808664585084,808.0273904875531,False,S5_000359,2,primary,1,2177748,A0_BASELINE_075
A0_BASELINE_075,S5,924429,924431,2020-08-17T03:47:00,2020-08-17T03:49:00,2020-08-17T03:47:00,2020-08-17T03:49:00,958,1930.49,1932.0342142857144,1.544214285714317,1.9005714285714672,take_profit,False,1.5442142857143608,23.0,True,5.0,0.7247887890572836,0.5933686469089691,0.5699007643824843,0.5,live_post_loss_cap;live_rolling_pf,5.656191733412872,3.3562068355128925,808.0273904875531,811.383597323066,True,S5_000360,0,primary,1,2177780,A0_BASELINE_075
A0_BASELINE_075,S5,924432,924434,2020-08-17T03:50:00,2020-08-17T03:52:00,2020-08-17T03:50:00,2020-08-17T03:52:00,958,1931.85,1933.569714285714,1.7197142857142842,2.1165714285714268,take_profit,False,1.7197142857141898,26.0,True,5.0,0.7236114450588687,0.593171435441172,0.5721327242125113,0.5,live_post_loss_cap;live_rolling_pf,5.679685181261463,3.369027011822815,811.383597323066,814.7526243348889,True,S5_000361,1,primary,1,2177783,A0_BASELINE_075
A0_BASELINE_075,S5,924436,924439,2020-08-17T03:54:00,2020-08-17T03:57:00,2020-08-17T03:54:00,2020-08-17T03:57:00,959,1934.48,1936.256357142857,1.7763571428570897,2.1862857142856487,take_profit,False,1.776357142857023,23.0,True,5.0,0.7351602223010227,0.6192798864845362,0.5985869693744493,0.5,live_post_loss_cap;live_rolling_pf,5.703268370344222,3.531919388977616,814.7526243348889,818.2845437238665,True,S5_000362,0,primary,1,2177787,A0_BASELINE_075
A0_BASELINE_075,S5,924441,924442,2020-08-17T03:59:00,2020-08-17T04:00:00,2020-08-17T03:59:00,2020-08-17T04:00:00,960,1937.32,1939.127,1.8069999999999824,2.2239999999999784,take_profit,False,1.8070000000000164,23.0,True,5.0,0.7363488182559219,0.6222493887530683,0.6018744906275588,0.5,live_post_loss_cap;live_rolling_pf,5.727991806067066,3.5642394001078155,818.2845437238665,821.8487831239743,True,S5_000363,0,primary,1,2177792,A0_BASELINE_075
A0_BASELINE_075,S5,924443,924445,2020-08-17T04:01:00,2020-08-17T04:03:00,2020-08-17T04:01:00,2020-08-17T04:03:00,961,1938.77,1936.5528571428572,1.8014285714285798,2.2171428571428673,stop_loss,False,-2.2171428571427896,32.0,True,5.0,-0.8738738738738439,-1.0197072072071767,-1.0394144144143838,0.5,live_post_loss_cap;live_rolling_pf,5.75294148186782,-5.866315891701752,821.8487831239743,815.9824672322725,False,S5_000364,0,primary,1,2177794,A0_BASELINE_075
A0_BASELINE_075,S5,924460,924463,2020-08-17T04:18:00,2020-08-17T04:21:00,2020-08-17T04:18:00,2020-08-17T04:21:00,962,1933.68,1935.9615000000001,2.281499999999994,2.8079999999999927,take_profit,False,2.281500000000051,36.0,True,5.0,0.7201704545454723,0.5907512626262801,0.5749684343434518,0.5,live_post_loss_cap;live_rolling_pf,5.711877270625908,3.3742987095886057,815.9824672322725,819.3567659418611,True,S5_000365,0,primary,1,2177811,A0_BASELINE_075
A0_BASELINE_075,S5,924464,924475,2020-08-17T04:22:00,2020-08-17T04:33:00,2020-08-17T04:22:00,2020-08-17T04:33:00,962,1935.75,1937.7148571428572,1.9648571428571295,2.418285714285698,take_profit,False,1.9648571428572268,34.0,True,5.0,0.7123472135902563,0.5709550445411566,0.5528278433810156,0.5,live_post_loss_cap;live_rolling_pf,5.735497361593028,3.2747111515540337,819.3567659418611,822.6314770934151,True,S5_000366,1,primary,1,2177815,A0_BASELINE_075
A0_BASELINE_075,S5,924476,924485,2020-08-17T04:34:00,2020-08-17T04:43:00,2020-08-17T04:34:00,2020-08-17T04:43:00,964,1937.44,1938.94,1.5,1.798857142857144,take_profit,False,1.5,31.0,True,5.0,0.7112857336404278,0.5405771575667252,0.5168676331120441,0.5,live_post_loss_cap;live_rolling_pf,5.758420339653906,3.112870499284525,822.6314770934151,825.7443475926997,True,S5_000367,0,primary,1,2177827,A0_BASELINE_075
A0_BASELINE_075,S5,924486,924493,2020-08-17T04:44:00,2020-08-17T04:51:00,2020-08-17T04:44:00,2020-08-17T04:51:00,964,1938.68,1940.18,1.5,1.5085714285713818,take_profit,False,1.5,26.0,True,5.0,0.8481421647819287,0.6728594507269967,0.6445880452342659,0.5,live_post_loss_cap;live_rolling_pf,5.7802104331488975,3.889269217135023,825.7443475926997,829.6336168098347,True,S5_000368,1,primary,1,2177837,A0_BASELINE_075
A0_BASELINE_075,S5,925829,925830,2020-08-18T04:08:00,2020-08-18T04:09:00,2020-08-18T04:08:00,2020-08-18T04:09:00,965,1988.62,1990.2552142857141,1.6352142857143186,2.012571428571469,take_profit,False,1.6352142857142553,23.0,True,5.0,0.7291693209325762,0.6043126512931339,0.5820168174289478,0.5,live_rolling_pf,5.807435317668843,3.5095066340338423,829.6336168098347,833.1431234438686,True,S5_000369,0,primary,1,2179180,A0_BASELINE_075
A0_BASELINE_075,S5,925831,925833,2020-08-18T04:10:00,2020-08-18T04:12:00,2020-08-18T04:10:00,2020-08-18T04:12:00,965,1989.77,1987.7174285714286,1.6677142857143104,2.052571428571459,stop_loss,False,-2.0525714285713548,23.0,True,5.0,-0.8992364501188691,-1.0219051195393207,-1.043810239078687,0.5,live_rolling_pf,5.83200186410708,-5.959752562093887,833.1431234438686,827.1833708817747,False,S5_000370,1,primary,1,2179182,A0_BASELINE_075
A0_BASELINE_075,S5,925871,925876,2020-08-18T04:50:00,2020-08-18T04:55:00,2020-08-18T04:50:00,2020-08-18T04:55:00,967,1994.45,1992.6568571428572,1.5,1.7931428571428374,stop_loss,False,-1.7931428571428114,23.0,True,5.0,-0.8863154921621099,-1.0247140234430039,-1.0494280468860206,0.5,live_post_loss_cap;live_rolling_pf,5.790283596172423,-5.933384800709869,827.1833708817747,821.2499860810649,False,S5_000371,0,primary,1,2179222,A0_BASELINE_075
A0_BASELINE_075,S5,926612,926625,2020-08-18T17:11:00,2020-08-18T17:24:00,2020-08-18T17:11:00,2020-08-18T17:24:00,971,1996.2,1992.1417142857144,3.297357142857079,4.058285714285636,stop_loss,False,-4.058285714285603,23.0,True,5.0,-0.9463655140249096,-1.0116596708641408,-1.023319341728289,0.5,live_rolling_pf,5.748749902567455,-5.815778434311652,821.2499860810649,815.4342076467533,False,S5_000372,0,primary,1,2179963,A0_BASELINE_075
A0_BASELINE_075,S5,927201,927202,2020-08-19T04:01:00,2020-08-19T04:02:00,2020-08-19T04:01:00,2020-08-19T04:02:00,973,1999.81,2001.31,1.5,1.541714285714313,take_profit,False,1.5,31.0,True,5.0,0.8100601758987691,0.6156457336830646,0.5886437278197721,0.5,live_rolling_pf,5.708039453527273,3.514130137258677,815.4342076467533,818.948337784012,True,S5_000373,0,primary,1,2180552,A0_BASELINE_075
A0_BASELINE_075,S5,927203,927207,2020-08-19T04:03:00,2020-08-19T04:07:00,2020-08-19T04:03:00,2020-08-19T04:07:00,973,2001.3,2002.8,1.5,1.6571428571428832,take_profit,False,1.5,36.0,True,5.0,0.7436260623229366,0.5403682719546672,0.5155807365439027,0.5,live_rolling_pf,5.732638364488084,3.0977358867594553,818.948337784012,822.0460736707714,True,S5_000374,1,primary,1,2180554,A0_BASELINE_075
A0_BASELINE_075,S5,927208,927209,2020-08-19T04:08:00,2020-08-19T04:09:00,2020-08-19T04:08:00,2020-08-19T04:09:00,975,2002.77,2004.27,1.5,1.8400000000000678,take_profit,False,1.5,36.0,True,5.0,0.6818181818181609,0.49545454545453016,0.4727272727272582,0.5,live_rolling_pf,5.7543225156954,2.851005246412633,822.0460736707714,824.8970789171841,True,S5_000375,0,primary,1,2180559,A0_BASELINE_075
A0_BASELINE_075,S5,927210,927210,2020-08-19T04:10:00,2020-08-19T04:10:00,2020-08-19T04:10:00,2020-08-19T04:10:00,975,2002.77,2004.4405,1.6705000000000432,2.0560000000000533,take_profit,False,1.6704999999999472,32.0,True,5.0,0.7030723905723526,0.5473484848484503,0.5263047138046798,0.5,live_rolling_pf,5.774279552420289,3.160543164108633,824.8970789171841,828.0576220812927,True,S5_000376,1,primary,1,2180561,A0_BASELINE_075
A0_BASELINE_075,S5,927211,927214,2020-08-19T04:11:00,2020-08-19T04:14:00,2020-08-19T04:11:00,2020-08-19T04:14:00,975,2003.89,2001.6465714285714,1.8227857142857666,2.2434285714286357,stop_loss,False,-2.2434285714286943,27.0,True,5.0,-0.8925770148914663,-1.0198931453904967,-1.0397862907809703,0.5,live_rolling_pf,5.796403354569049,-5.911712049243454,828.0576220812927,822.1459100320493,False,S5_000377,2,primary,1,2180562,A0_BASELINE_075
A0_BASELINE_075,S5,927234,927235,2020-08-19T04:34:00,2020-08-19T04:35:00,2020-08-19T04:34:00,2020-08-19T04:35:00,976,1997.01,1998.532857142857,1.522857142857088,1.874285714285647,take_profit,False,1.5228571428569921,23.0,True,5.0,0.7236931432450295,0.5906313645620653,0.5668703326543931,0.5,live_post_loss_cap;live_rolling_pf,5.755021370224346,3.3990961249794522,822.1459100320493,825.5450061570288,True,S5_000378,0,primary,1,2180585,A0_BASELINE_075
A0_BASELINE_075,S5,927248,927256,2020-08-19T04:48:00,2020-08-19T04:56:00,2020-08-19T04:48:00,2020-08-19T04:56:00,977,1998.75,1996.606,1.7419999999999782,2.143999999999973,stop_loss,False,-2.1440000000000055,25.0,True,5.0,-0.895572263993329,-1.0208855472013503,-1.0417710944026874,0.5,live_post_loss_cap;live_rolling_pf,5.778815043099201,-5.8995087574497225,825.5450061570288,819.6454973995791,False,S5_000379,0,primary,1,2180599,A0_BASELINE_075
A0_BASELINE_075,S5,927484,927489,2020-08-19T08:44:00,2020-08-19T08:49:00,2020-08-19T08:44:00,2020-08-19T08:49:00,980,1987.63,1985.6608571428571,1.5999285714285942,1.9691428571428853,stop_loss,False,-1.9691428571429697,23.0,True,5.0,-0.8954137975835138,-1.0227361309601526,-1.0454722619202665,1.0,,11.475036963594107,-11.735934906770975,819.6454973995791,807.9095624928082,False,S5_000380,0,primary,1,2180835,A0_BASELINE_075
A0_BASELINE_075,S5,927511,927513,2020-08-19T09:11:00,2020-08-19T09:13:00,2020-08-19T09:11:00,2020-08-19T09:13:00,983,1990.4,1988.064,1.8979999999999841,2.3359999999999803,stop_loss,False,-2.3360000000000127,23.0,True,5.0,-0.9103663289166136,-1.019485580670317,-1.038971161340621,0.5,live_post_loss_cap;live_rolling_pf,5.655366937449657,-5.765565046129575,807.9095624928082,802.1439974466786,False,S5_000381,0,primary,1,2180862,A0_BASELINE_075
A0_BASELINE_075,S5,928513,928515,2020-08-20T02:54:00,2020-08-20T02:56:00,2020-08-20T02:54:00,2020-08-20T02:56:00,991,1926.93,1928.43,1.5,1.7805714285714462,take_profit,False,1.5,26.0,True,5.0,0.7350882105852639,0.5831699803976427,0.5586670400448006,0.5,live_rolling_pf,5.61500798212675,3.274504094869464,802.1439974466786,805.418501541548,True,S5_000382,0,primary,1,2181864,A0_BASELINE_075
A0_BASELINE_075,S5,928520,928521,2020-08-20T03:01:00,2020-08-20T03:02:00,2020-08-20T03:01:00,2020-08-20T03:02:00,992,1925.36,1926.868,1.508000000000001,1.856000000000001,take_profit,False,1.5080000000000382,23.0,True,5.0,0.722914669223412,0.588686481303949,0.5647171620326162,0.5,live_rolling_pf,5.637929510790836,3.3189728855471516,805.418501541548,808.7374744270952,True,S5_000383,0,primary,1,2181871,A0_BASELINE_075
A0_BASELINE_075,S5,928526,928537,2020-08-20T03:07:00,2020-08-20T03:18:00,2020-08-20T03:07:00,2020-08-20T03:18:00,993,1928.89,1926.651142857143,1.8190714285714633,2.2388571428571855,stop_loss,False,-2.238857142857114,24.0,True,5.0,-0.9031811894882164,-1.0201705855232535,-1.0403411710465358,0.5,live_rolling_pf,5.661162320989667,-5.775351279746209,808.7374744270952,802.962123147349,False,S5_000384,0,primary,1,2181877,A0_BASELINE_075
A0_BASELINE_075,S5,928562,928566,2020-08-20T03:43:00,2020-08-20T03:47:00,2020-08-20T03:43:00,2020-08-20T03:47:00,994,1936.35,1937.9489999999998,1.5989999999999815,1.9679999999999773,take_profit,False,1.5989999999999327,27.0,True,5.0,0.7144772117962238,0.5714924039320579,0.549151027703282,0.5,live_post_loss_cap;live_rolling_pf,5.620734862031443,3.212207278167073,802.962123147349,806.174330425516,True,S5_000385,0,primary,1,2181913,A0_BASELINE_075
A0_BASELINE_075,S5,928580,928580,2020-08-20T04:01:00,2020-08-20T04:01:00,2020-08-20T04:01:00,2020-08-20T04:01:00,995,1946.2,1943.864,1.8979999999999841,2.3359999999999803,stop_loss,False,-2.3360000000000127,23.0,True,5.0,-0.9103663289166136,-1.019485580670317,-1.038971161340621,0.5,live_post_loss_cap;live_rolling_pf,5.643220312978612,-5.7531817376275285,806.174330425516,800.4211486878885,False,S5_000386,0,primary,1,2181931,A0_BASELINE_075
A0_BASELINE_075,S5,928599,928602,2020-08-20T04:20:00,2020-08-20T04:23:00,2020-08-20T04:20:00,2020-08-20T04:23:00,996,1938.28,1935.9497142857142,1.8933571428571945,2.330285714285778,stop_loss,False,-2.3302857142857647,23.0,True,5.0,-0.9101662760852554,-1.0195290704162425,-1.0390581408324902,0.5,live_post_loss_cap;live_rolling_pf,5.602948040815219,-5.712368407642848,800.4211486878885,794.7087802802456,False,S5_000387,0,primary,1,2181950,A0_BASELINE_075
A0_BASELINE_075,S5,928617,928622,2020-08-20T04:38:00,2020-08-20T04:43:00,2020-08-20T04:38:00,2020-08-20T04:43:00,998,1937.33,1939.8092857142856,2.4792857142857394,3.0514285714286027,take_profit,False,2.479285714285652,23.0,True,5.0,0.7555507183282281,0.6702220287331047,0.6549847627339757,0.5,live_post_loss_cap;live_rolling_pf,5.562961461961719,3.728419316800061,794.7087802802456,798.4371995970457,True,S5_000388,0,primary,1,2181968,A0_BASELINE_075
A0_BASELINE_075,S5,928623,928624,2020-08-20T04:44:00,2020-08-20T04:45:00,2020-08-20T04:44:00,2020-08-20T04:45:00,998,1938.55,1940.722857142857,2.1728571428571093,2.674285714285673,take_profit,False,2.172857142857083,23.0,True,5.0,0.7481554353172551,0.6517461878996443,0.6345302508607853,0.5,live_post_loss_cap;live_rolling_pf,5.5890603971793205,3.642648807802494,798.4371995970457,802.0798484048482,True,S5_000389,1,primary,1,2181974,A0_BASELINE_075
A0_BASELINE_075,S5,928627,928673,2020-08-20T04:48:00,2020-08-20T05:34:00,2020-08-20T04:48:00,2020-08-20T05:34:00,999,1940.59,1942.5372142857143,1.9472142857143093,2.3965714285714577,take_profit,False,1.9472142857143808,23.0,True,5.0,0.7413521157402652,0.6347492657457052,0.6157130425323909,0.5,live_post_loss_cap;live_rolling_pf,5.614558938833937,3.5638371639108275,802.0798484048482,805.6436855687591,True,S5_000390,0,primary,1,2181978,A0_BASELINE_075
A0_BASELINE_075,S5,930388,930400,2020-08-21T11:10:00,2020-08-21T11:22:00,2020-08-21T11:10:00,2020-08-21T11:22:00,1003,1937.31,1935.2494285714286,1.6742142857142832,2.0605714285714254,stop_loss,False,-2.060571428571393,23.0,True,5.0,-0.8995883747037402,-1.021828614194822,-1.043657228389658,0.5,live_rolling_pf,5.639505798981314,-5.762608395316739,805.6436855687591,799.8810771734423,False,S5_000391,0,primary,1,2183739,A0_BASELINE_075
A0_BASELINE_075,S5,931160,931160,2020-08-24T01:04:00,2020-08-24T01:04:00,2020-08-24T01:04:00,2020-08-24T01:04:00,1009,1938.45,1936.904857142857,1.5,1.5451428571428811,stop_loss,False,-1.5451428571429915,23.0,True,5.0,-0.8704329631418634,-1.0281667471431488,-1.0563334942862357,0.5,live_rolling_pf,5.599167540214096,-5.7568778765314335,799.8810771734423,794.1241992969109,False,S5_000392,0,primary,1,2184511,A0_BASELINE_075
A0_BASELINE_075,S5,931283,931285,2020-08-24T03:07:00,2020-08-24T03:09:00,2020-08-24T03:07:00,2020-08-24T03:09:00,1011,1932.65,1934.15,1.5,1.6514285714286547,take_profit,False,1.5,23.0,True,5.0,0.7972665148063428,0.6484434320424921,0.6218678815489473,0.5,live_rolling_pf,5.558869395078377,3.6046123488205946,794.1241992969109,797.7288116457315,True,S5_000393,0,primary,1,2184634,A0_BASELINE_075
A0_BASELINE_075,S5,931343,931351,2020-08-24T04:07:00,2020-08-24T04:15:00,2020-08-24T04:07:00,2020-08-24T04:15:00,1012,1931.99,1933.4970714285714,1.5070714285714093,1.854857142857119,take_profit,False,1.5070714285714075,31.0,True,5.0,0.6961528309357244,0.5298601029431135,0.5067638907219174,0.5,live_rolling_pf,5.584101681520121,2.958792691815064,797.7288116457315,800.6876043375466,True,S5_000394,0,primary,1,2184694,A0_BASELINE_075
A0_BASELINE_075,S5,931352,931395,2020-08-24T04:16:00,2020-08-24T04:59:00,2020-08-24T04:16:00,2020-08-24T04:59:00,1012,1933.49,1935.1512142857143,1.6612142857143164,2.0445714285714662,take_profit,False,1.6612142857143226,23.0,True,5.0,0.7303416656199011,0.6072415525687789,0.5852593895239356,0.5,live_rolling_pf,5.604813230362827,3.4034754878635556,800.6876043375466,804.0910798254102,True,S5_000395,1,primary,1,2184703,A0_BASELINE_075
A0_BASELINE_075,S5,934883,934889,2020-08-26T17:09:00,2020-08-26T17:15:00,2020-08-26T17:09:00,2020-08-26T17:15:00,1016,1929.96,1932.703,2.7430000000000394,3.3760000000000483,take_profit,False,2.742999999999938,23.0,True,5.0,0.7606766500277042,0.6830282861896575,0.6691625069328635,0.5,live_rolling_pf,5.628637558777871,3.844518665354787,804.0910798254102,807.9355984907651,True,S5_000396,0,primary,1,2188234,A0_BASELINE_075
A0_BASELINE_075,S5,938053,938057,2020-08-31T01:03:00,2020-08-31T01:07:00,2020-08-31T01:03:00,2020-08-31T01:07:00,1017,1969.77,1971.27,1.5,1.7794285714285902,take_profit,False,1.5,23.0,True,5.0,0.7464808758708873,0.607137779041655,0.5822550831792921,0.5,live_rolling_pf,5.655549189435356,3.433697574134614,807.9355984907651,811.3692960648997,True,S5_000397,0,primary,1,2191404,A0_BASELINE_075
A0_BASELINE_075,S5,938059,938060,2020-08-31T01:09:00,2020-08-31T01:10:00,2020-08-31T01:09:00,2020-08-31T01:10:00,1018,1971.01,1972.8504285714287,1.8404285714285868,2.265142857142876,take_profit,False,1.8404285714286743,26.0,True,5.0,0.7288413668251087,0.6060760353021406,0.5862751753790814,0.5,live_rolling_pf,5.679585072454298,3.442260402874322,811.3692960648997,814.811556467774,True,S5_000398,0,primary,1,2191410,A0_BASELINE_075
A0_BASELINE_075,S5,938063,938065,2020-08-31T01:13:00,2020-08-31T01:15:00,2020-08-31T01:13:00,2020-08-31T01:15:00,1019,1974.03,1971.4311428571427,2.111571428571451,2.5988571428571703,stop_loss,False,-2.5988571428572413,38.0,True,5.0,-0.8724342988682391,-1.0167849606752588,-1.0335699213504936,0.5,live_rolling_pf,5.7036808952744185,-5.7994169548058245,814.811556467774,809.0121395129682,False,S5_000399,0,primary,1,2191414,A0_BASELINE_075
A0_BASELINE_075,S5,938102,938106,2020-08-31T01:52:00,2020-08-31T01:56:00,2020-08-31T01:52:00,2020-08-31T01:56:00,1022,1973.09,1974.59,1.5,1.6468571428571004,take_profit,False,1.5,23.0,True,5.0,0.7992084031055136,0.6500228345258177,0.6233825544223006,0.5,live_post_loss_cap;live_rolling_pf,5.663084976590778,3.681134548644111,809.0121395129682,812.6932740616123,True,S5_000400,0,primary,1,2191453,A0_BASELINE_075
A0_BASELINE_075,S5,940997,940997,2020-09-02T04:09:00,2020-09-02T04:09:00,2020-09-02T04:09:00,2020-09-02T04:09:00,1028,1961.01,1958.768857142857,1.8209285714286467,2.24114285714295,stop_loss,False,-2.241142857142904,23.0,True,5.0,-0.906925656145204,-1.0202335530118898,-1.0404671060237978,0.5,live_rolling_pf,5.688852918431286,-5.80395862553321,812.6932740616123,806.8893154360791,False,S5_000401,0,primary,1,2194348,A0_BASELINE_075
A0_BASELINE_075,S5,941012,941018,2020-09-02T04:24:00,2020-09-02T04:30:00,2020-09-02T04:24:00,2020-09-02T04:30:00,1029,1964.47,1962.6425714285715,1.5,1.8274285714285725,stop_loss,False,-1.827428571428527,31.0,True,5.0,-0.8549659136478869,-1.0233925945728968,-1.0467851891458149,0.5,live_post_loss_cap;live_rolling_pf,5.648225208052554,-5.780351850400943,806.8893154360791,801.1089635856781,False,S5_000402,0,primary,1,2194363,A0_BASELINE_075
A0_BASELINE_075,S5,945148,945157,2020-09-07T04:24:00,2020-09-07T04:33:00,2020-09-07T04:24:00,2020-09-07T04:33:00,1035,1937.98,1939.48,1.5,1.2582857142856874,take_profit,False,1.5,23.0,True,5.0,1.0078709925129765,0.8197350739105542,0.7861393741601217,0.5,live_rolling_pf,5.6077627450997465,4.596879808327193,801.1089635856781,805.7058433940053,True,S5_000403,0,primary,1,2198499,A0_BASELINE_075
A0_BASELINE_075,S5,945158,945159,2020-09-07T04:34:00,2020-09-07T04:35:00,2020-09-07T04:34:00,2020-09-07T04:35:00,1035,1939.41,1937.9094285714286,1.5,1.5005714285714151,stop_loss,False,-1.5005714285714475,23.0,True,5.0,-0.8670959220736515,-1.0288921908535769,-1.057784381707135,0.5,live_rolling_pf,5.6399409037580375,-5.802891152752309,805.7058433940053,799.902952241253,False,S5_000404,1,primary,1,2198509,A0_BASELINE_075
A0_BASELINE_075,S5,945912,945922,2020-09-07T17:08:00,2020-09-07T17:18:00,2020-09-07T17:08:00,2020-09-07T17:18:00,1036,1926.86,1928.36,1.5,1.7199999999999687,take_profit,False,1.5,23.0,True,5.0,0.7692307692307816,0.6256410256410357,0.6000000000000096,0.5,live_rolling_pf,5.599320665688771,3.50316472417457,799.902952241253,803.4061169654276,True,S5_000405,0,primary,1,2199263,A0_BASELINE_075
A0_BASELINE_075,S5,951604,951606,2020-09-14T01:09:00,2020-09-14T01:11:00,2020-09-14T01:09:00,2020-09-14T01:11:00,1040,1937.95,1939.45,1.5,1.6434285714285322,take_profit,False,1.5,32.0,True,5.0,0.7639697322468139,0.5755238649592664,0.550058207217706,0.5,live_rolling_pf,5.623842818757994,3.2366557549750157,803.4061169654276,806.6427727204026,True,S5_000406,0,primary,1,2204955,A0_BASELINE_075
A0_BASELINE_075,S5,951611,951642,2020-09-14T01:16:00,2020-09-14T01:47:00,2020-09-14T01:16:00,2020-09-14T01:47:00,1041,1940.62,1942.12,1.5,1.7588571428571282,take_profit,False,1.5,39.0,True,5.0,0.6980454726765105,0.49328546735806744,0.4700172849355171,0.5,live_rolling_pf,5.646499409042819,2.7853360999267385,806.6427727204026,809.4281088203294,True,S5_000407,0,primary,1,2204962,A0_BASELINE_075
A0_BASELINE_075,S5,951781,951783,2020-09-14T04:06:00,2020-09-14T04:08:00,2020-09-14T04:06:00,2020-09-14T04:08:00,1042,1942.23,1943.73,1.5,1.2571428571428314,take_profit,False,1.5,23.0,True,5.0,1.0086455331412278,0.820365033621532,0.7867435158501577,0.5,live_rolling_pf,5.6659967617423055,4.648185623946218,809.4281088203294,814.0762944442756,True,S5_000408,0,primary,1,2205132,A0_BASELINE_075
A0_BASELINE_075,S5,951784,951809,2020-09-14T04:09:00,2020-09-14T04:34:00,2020-09-14T04:09:00,2020-09-14T04:34:00,1042,1944.39,1945.89,1.5,1.5611428571427886,take_profit,False,1.5,23.0,True,5.0,0.8374541394162069,0.6811293667251817,0.6532142287446413,0.5,live_rolling_pf,5.698534061109929,3.8814388963056836,814.0762944442756,817.9577333405813,True,S5_000409,1,primary,1,2205135,A0_BASELINE_075
A0_BASELINE_075,S5,953938,953971,2020-09-15T17:05:00,2020-09-15T17:38:00,2020-09-15T17:05:00,2020-09-15T17:38:00,1043,1951.61,1953.9481428571428,2.338142857142884,2.877714285714319,take_profit,False,2.338142857142884,23.0,True,5.0,0.7523673807115939,0.6622690079985305,0.6461800128711979,0.5,live_rolling_pf,5.7257041333840695,3.7919563965093537,817.9577333405813,821.7496897370906,True,S5_000410,0,primary,1,2207289,A0_BASELINE_075
A0_BASELINE_075,S5,956707,956710,2020-09-17T17:17:00,2020-09-17T17:20:00,2020-09-17T17:17:00,2020-09-17T17:20:00,1051,1940.08,1942.096857142857,2.0168571428571664,2.4822857142857435,take_profit,False,2.016857142857134,23.0,True,5.0,0.7436005477720313,0.6403665859053939,0.62193194985778,1.0,,11.50449565631927,7.367094606000604,821.7496897370906,829.1167843430912,True,S5_000411,0,primary,1,2210058,A0_BASELINE_075
A0_BASELINE_075,S5,958492,958526,2020-09-21T01:06:00,2020-09-21T01:40:00,2020-09-21T01:06:00,2020-09-21T01:40:00,1052,1947.39,1949.2545714285716,1.864571428571443,2.2948571428571607,take_profit,False,1.8645714285714803,44.0,True,5.0,0.6817801922273442,0.502611784371098,0.4843292937735218,1.0,,11.607634980803278,5.834134130029911,829.1167843430912,834.9509184731212,True,S5_000412,0,primary,1,2211843,A0_BASELINE_075
A0_BASELINE_075,S5,959449,959456,2020-09-21T17:03:00,2020-09-21T17:10:00,2020-09-21T17:03:00,2020-09-21T17:10:00,1057,1911.09,1913.1421428571427,2.05214285714287,2.5257142857143013,take_profit,False,2.052142857142826,23.0,True,5.0,0.7446863659927269,0.6430793157076056,0.6249351995852624,1.0,,11.689312858623698,7.5171553142158425,834.9509184731212,842.4680737873371,True,S5_000413,0,primary,1,2212800,A0_BASELINE_075
A0_BASELINE_075,S5,959467,959467,2020-09-21T17:21:00,2020-09-21T17:21:00,2020-09-21T17:21:00,2020-09-21T17:21:00,1058,1903.82,1900.9891428571427,2.3000714285714903,2.830857142857219,stop_loss,False,-2.8308571428572122,23.0,True,5.0,-0.9248576495846165,-1.016335293568559,-1.0326705871371202,1.0,,11.79455303302272,-11.987220519327083,842.4680737873371,830.4808532680099,False,S5_000414,0,primary,1,2212818,A0_BASELINE_075
A0_BASELINE_075,S5,959482,959484,2020-09-21T17:36:00,2020-09-21T17:38:00,2020-09-21T17:36:00,2020-09-21T17:38:00,1058,1891.9,1886.6085714285714,4.299285714285731,5.291428571428593,stop_loss,False,-5.291428571428696,23.0,True,5.0,-0.9583441138421921,-1.009055627425633,-1.0181112548512474,1.0,live_post_loss_cap,11.62673194575214,-11.732019298430576,830.4808532680099,818.7488339695793,False,S5_000415,1,primary,1,2212833,A0_BASELINE_075
A0_BASELINE_075,S5,959499,959499,2020-09-21T17:53:00,2020-09-21T17:53:00,2020-09-21T17:53:00,2020-09-21T17:53:00,1058,1892.91,1896.1395714285716,3.229571428571426,3.9748571428571395,take_profit,False,3.2295714285714894,23.0,True,5.0,0.7680573486444398,0.7014676904260528,0.6895766800299123,1.0,live_post_loss_cap,11.462483675574111,8.040561950451306,818.7488339695793,826.7893959200306,True,S5_000416,2,primary,1,2212850,A0_BASELINE_075
A0_BASELINE_075,S5,959500,959507,2020-09-21T17:54:00,2020-09-21T18:01:00,2020-09-21T17:54:00,2020-09-21T18:01:00,1058,1897.13,1900.5425,3.4124999999999788,4.1999999999999735,take_profit,False,3.412499999999909,23.0,True,5.0,0.7703160270880202,0.7071106094807962,0.6958239277652206,1.0,live_post_loss_cap,11.575051542880429,8.18484175125781,826.7893959200306,834.9742376712885,True,S5_000417,3,primary,1,2212851,A0_BASELINE_075
A0_BASELINE_075,S5,959508,959512,2020-09-21T18:02:00,2020-09-21T18:06:00,2020-09-21T18:02:00,2020-09-21T18:06:00,1058,1900.34,1903.2807857142857,2.9407857142857,3.6194285714285535,take_profit,False,2.9407857142857665,23.0,True,5.0,0.7639538335931293,0.6912157648630762,0.6782268240184239,1.0,live_post_loss_cap,11.689639327398039,8.08006298866093,834.9742376712885,843.0543006599495,True,S5_000418,4,primary,1,2212859,A0_BASELINE_075
A0_BASELINE_075,S5,959526,959531,2020-09-21T18:20:00,2020-09-21T18:25:00,2020-09-21T18:20:00,2020-09-21T18:25:00,1059,1889.4,1892.4067142857143,3.006714285714296,3.7005714285714415,take_profit,False,3.0067142857142244,23.0,True,5.0,0.7649560223885841,0.6937195609507707,0.680998764265447,1.0,live_post_loss_cap,11.802760209239294,8.187805630360709,843.0543006599495,851.2421062903102,True,S5_000419,0,primary,1,2212877,A0_BASELINE_075
A0_BASELINE_075,S5,959537,959540,2020-09-21T18:31:00,2020-09-21T18:34:00,2020-09-21T18:31:00,2020-09-21T18:34:00,1060,1893.28,1889.84,2.794999999999992,3.43999999999999,stop_loss,False,-3.4400000000000546,23.0,True,5.0,-0.937329700272497,-1.0136239782016525,-1.0272479564032875,1.0,live_post_loss_cap,11.917389488064343,-12.079751742670334,851.2421062903102,839.1623545476399,False,S5_000420,0,primary,1,2212888,A0_BASELINE_075
A0_BASELINE_075,S5,959593,959597,2020-09-21T19:27:00,2020-09-21T19:31:00,2020-09-21T19:27:00,2020-09-21T19:31:00,1061,1904.21,1901.7905714285714,1.9657857142857,2.419428571428554,stop_loss,False,-2.419428571428625,23.0,True,5.0,-0.9131888277796014,-1.018871993960989,-1.037743987921951,1.0,live_post_loss_cap,11.74827296366696,-11.969986300089332,839.1623545476399,827.1923682475506,False,S5_000421,0,primary,1,2212944,A0_BASELINE_075
A0_BASELINE_075,S5,960031,960035,2020-09-22T03:46:00,2020-09-22T03:50:00,2020-09-22T03:46:00,2020-09-22T03:50:00,1062,1917.2,1918.7,1.5,1.575999999999996,take_profit,False,1.5,23.0,True,5.0,0.8305647840531579,0.6755260243632352,0.6478405315614632,1.0,,11.580693155465708,7.823059606682278,827.1923682475506,835.0154278542328,True,S5_000422,0,primary,1,2213382,A0_BASELINE_075
A0_BASELINE_075,S5,960071,960079,2020-09-22T04:26:00,2020-09-22T04:34:00,2020-09-22T04:26:00,2020-09-22T04:34:00,1063,1910.14,1912.2395000000001,2.099499999999991,2.583999999999989,take_profit,False,2.0995000000000346,23.0,True,5.0,0.7460909737029292,0.6465884861407397,0.6288201847903487,1.0,,11.69021598995926,7.558759059606027,835.0154278542328,842.5741869138388,True,S5_000423,0,primary,1,2213422,A0_BASELINE_075
A0_BASELINE_075,S5,960080,960088,2020-09-22T04:35:00,2020-09-22T04:43:00,2020-09-22T04:35:00,2020-09-22T04:43:00,1064,1913.26,1910.9662857142857,1.8636428571429144,2.293714285714356,stop_loss,False,-2.293714285714259,23.0,True,5.0,-0.9088644854522452,-1.0198120683799,-1.0396241367598382,1.0,,11.796038616793744,-12.029742540481601,842.5741869138388,830.5444443733572,False,S5_000424,0,primary,1,2213431,A0_BASELINE_075
A0_BASELINE_075,S5,960370,960373,2020-09-22T09:25:00,2020-09-22T09:28:00,2020-09-22T09:25:00,2020-09-22T09:28:00,1066,1906.81,1908.3746428571428,1.564642857142891,1.9257142857143272,take_profit,False,1.5646428571428714,23.0,True,5.0,0.7258117958913113,0.5959244532803132,0.5727302849569206,1.0,,11.627622221227002,6.9291844151347215,830.5444443733572,837.473628788492,True,S5_000425,0,primary,1,2213721,A0_BASELINE_075
A0_BASELINE_075,S5,960376,960381,2020-09-22T09:31:00,2020-09-22T09:36:00,2020-09-22T09:31:00,2020-09-22T09:36:00,1067,1903.49,1900.7517142857143,2.224857142857146,2.7382857142857184,stop_loss,False,-2.7382857142856665,23.0,True,5.0,-0.922514197709098,-1.0168447396284357,-1.033689479256889,1.0,,11.724630803038888,-11.922129156155615,837.473628788492,825.5514996323363,False,S5_000426,0,primary,1,2213727,A0_BASELINE_075
A0_BASELINE_075,S5,961426,961427,2020-09-23T04:02:00,2020-09-23T04:03:00,2020-09-23T04:02:00,2020-09-23T04:03:00,1073,1903.37,1901.7174285714284,1.5,1.652571428571459,stop_loss,False,-1.6525714285714912,23.0,True,5.0,-0.8778266808317082,-1.026559417210519,-1.053118834421021,1.0,,11.557720994852708,-11.864687328757777,825.5514996323363,813.6868123035786,False,S5_000427,0,primary,1,2214777,A0_BASELINE_075
A0_BASELINE_075,S5,961452,961460,2020-09-23T04:28:00,2020-09-23T04:36:00,2020-09-23T04:28:00,2020-09-23T04:36:00,1074,1902.15,1903.65,1.5,1.4537142857143408,take_profit,False,1.5,23.0,True,5.0,0.8908874936364888,0.7245884948243442,0.6948922450364612,0.5,live_post_loss_cap;live_rolling_pf,5.69580768612505,4.127116718098281,813.6868123035786,817.8139290216768,True,S5_000428,0,primary,1,2214803,A0_BASELINE_075
A0_BASELINE_075,S5,961742,961748,2020-09-23T09:18:00,2020-09-23T09:24:00,2020-09-23T09:18:00,2020-09-23T09:24:00,1082,1877.01,1879.1057857142857,2.0957857142857086,2.5794285714285645,take_profit,False,2.0957857142857392,23.0,True,5.0,0.7459829146750845,0.6463185192718501,0.628521305806987,0.5,live_rolling_pf,5.724697503151738,3.6999780135162887,817.8139290216768,821.5139070351931,True,S5_000429,0,primary,1,2215093,A0_BASELINE_075
A0_BASELINE_075,S5,962512,962514,2020-09-23T22:08:00,2020-09-23T22:10:00,2020-09-23T22:08:00,2020-09-23T22:10:00,1084,1858.04,1860.0280714285714,1.9880714285714363,2.4468571428571524,take_profit,False,1.988071428571402,23.0,True,5.0,0.7426886540719269,0.6380883765609868,0.6194097555768904,0.5,live_rolling_pf,5.750597349246352,3.669389326836519,821.5139070351931,825.1832963620296,True,S5_000430,0,primary,1,2215863,A0_BASELINE_075
A0_BASELINE_075,S5,962703,962724,2020-09-24T02:20:00,2020-09-24T02:41:00,2020-09-24T02:20:00,2020-09-24T02:41:00,1085,1854.47,1855.97,1.5,1.6811428571428355,take_profit,False,1.5,23.0,True,5.0,0.7848706832112512,0.6383614890118177,0.6121991329047759,0.5,live_rolling_pf,5.7762830745342075,3.687356664413417,825.1832963620296,828.870653026443,True,S5_000431,0,primary,1,2216054,A0_BASELINE_075
A0_BASELINE_075,S5,962751,962758,2020-09-24T03:08:00,2020-09-24T03:15:00,2020-09-24T03:08:00,2020-09-24T03:15:00,1086,1858.57,1860.07,1.5,1.742857142857169,take_profit,False,1.5,23.0,True,5.0,0.7603186097031036,0.6183924692251909,0.5930485155684208,1.0,,11.604189142370203,7.1759431771064595,828.870653026443,836.0465962035495,True,S5_000432,0,primary,1,2216102,A0_BASELINE_075
A0_BASELINE_075,S5,962760,962764,2020-09-24T03:17:00,2020-09-24T03:21:00,2020-09-24T03:17:00,2020-09-24T03:21:00,1088,1860.89,1859.1174285714287,1.5,1.7725714285713758,stop_loss,False,-1.772571428571382,23.0,True,5.0,-0.8851476672849194,-1.0249678984163257,-1.0499357968326481,1.0,,11.704652346849693,-11.996892917644246,836.0465962035495,824.0497032859053,False,S5_000433,0,primary,1,2216111,A0_BASELINE_075
A0_BASELINE_075,S5,962805,962806,2020-09-24T04:02:00,2020-09-24T04:03:00,2020-09-24T04:02:00,2020-09-24T04:03:00,1089,1861.27,1862.77,1.5,1.755428571428638,take_profit,False,1.5,23.0,True,5.0,0.7555043891207115,0.614476903151512,0.5892934235141549,1.0,live_post_loss_cap,11.536695846002674,7.089033136052636,824.0497032859053,831.1387364219579,True,S5_000434,0,primary,1,2216156,A0_BASELINE_075
A0_BASELINE_075,S5,962807,962812,2020-09-24T04:04:00,2020-09-24T04:09:00,2020-09-24T04:04:00,2020-09-24T04:09:00,1089,1863.51,1861.5442857142857,1.5971428571428825,1.9657142857143168,stop_loss,False,-1.9657142857142844,23.0,True,5.0,-0.8952504879635521,-1.0227716330513839,-1.0455432661027824,1.0,live_post_loss_cap,11.635942309907412,-11.900911718395696,831.1387364219579,819.2378247035622,False,S5_000435,1,primary,1,2216158,A0_BASELINE_075
A0_BASELINE_075,S5,962828,962843,2020-09-24T04:25:00,2020-09-24T04:40:00,2020-09-24T04:25:00,2020-09-24T04:40:00,1090,1867.93,1866.034,1.5404999999999713,1.8959999999999646,stop_loss,False,-1.8959999999999582,23.0,True,5.0,-0.891815616180616,-1.023518344308558,-1.047036688617119,0.5,live_post_loss_cap;live_rolling_pf,5.734664772924935,-5.869534593548742,819.2378247035622,813.3682901100134,False,S5_000436,0,primary,1,2216179,A0_BASELINE_075
A0_BASELINE_075,S5,965387,965394,2020-09-28T01:07:00,2020-09-28T01:14:00,2020-09-28T01:07:00,2020-09-28T01:14:00,1095,1862.55,1864.05,1.5,1.7611428571429184,take_profit,False,1.5,37.0,True,5.0,0.7038477007641573,0.5067703445501932,0.48330875452472133,0.5,live_rolling_pf,5.693578030770094,2.885336500376771,813.3682901100134,816.2536266103901,True,S5_000437,0,primary,1,2218738,A0_BASELINE_075
A0_BASELINE_075,S5,965395,965402,2020-09-28T01:15:00,2020-09-28T01:22:00,2020-09-28T01:15:00,2020-09-28T01:22:00,1096,1863.53,1865.03,1.5,1.6480000000000083,take_profit,False,1.5,38.0,True,5.0,0.7396449704141981,0.5276134122287947,0.5029585798816547,0.5,live_rolling_pf,5.713775386272731,3.014664528260255,816.2536266103901,819.2682911386504,True,S5_000438,0,primary,1,2218746,A0_BASELINE_075
A0_BASELINE_075,S5,965569,965595,2020-09-28T04:09:00,2020-09-28T04:35:00,2020-09-28T04:09:00,2020-09-28T04:35:00,1097,1860.64,1859.3234285714286,1.5,1.3165714285714785,stop_loss,False,-1.3165714285714785,23.0,True,5.0,-0.8512839460557964,-1.032329576944392,-1.0646591538887842,0.5,live_rolling_pf,5.734878037970553,-5.9202842187658264,819.2682911386504,813.3480069198846,False,S5_000439,0,primary,1,2218920,A0_BASELINE_075
A0_BASELINE_075,S5,966003,966005,2020-09-28T11:23:00,2020-09-28T11:25:00,2020-09-28T11:23:00,2020-09-28T11:25:00,1099,1854.0,1855.5,1.5,1.6845714285714557,take_profit,False,1.5,23.0,True,5.0,0.7834651544545479,0.6372183256230323,0.6111028204745473,0.5,live_rolling_pf,5.693436048439192,3.6279617858282354,813.3480069198846,816.9759687057128,True,S5_000440,0,primary,1,2219354,A0_BASELINE_075
A0_BASELINE_075,S5,966027,966028,2020-09-28T11:47:00,2020-09-28T11:48:00,2020-09-28T11:47:00,2020-09-28T11:48:00,1100,1849.59,1851.1843571428572,1.5943571428571284,1.9622857142856966,take_profit,False,1.594357142857234,23.0,True,5.0,0.7272579173726527,0.5995373387202341,0.5767300925323021,0.5,live_rolling_pf,5.71883178093999,3.428653186533458,816.9759687057128,820.4046218922463,True,S5_000441,0,primary,1,2219378,A0_BASELINE_075
A0_BASELINE_075,S5,966965,966985,2020-09-29T04:26:00,2020-09-29T04:46:00,2020-09-29T04:26:00,2020-09-29T04:46:00,1101,1886.22,1884.732,1.5,1.48800000000005,stop_loss,False,-1.4880000000000564,23.0,True,5.0,-0.866123399301521,-1.0291036088475,-1.0582072176949964,0.5,live_rolling_pf,5.742832353245724,-5.909969499731356,820.4046218922463,814.4946523925149,False,S5_000442,0,primary,1,2220316,A0_BASELINE_075
A0_BASELINE_075,S5,972277,972285,2020-10-05T01:03:00,2020-10-05T01:11:00,2020-10-05T01:03:00,2020-10-05T01:11:00,1102,1903.01,1901.411142857143,1.5,1.5988571428571179,stop_loss,False,-1.598857142857014,23.0,True,5.0,-0.8742384002499024,-1.0273394782064738,-1.0546789564130044,0.5,live_rolling_pf,5.701462566747605,-5.857337578336227,814.4946523925149,808.6373148141787,False,S5_000443,0,primary,1,2225628,A0_BASELINE_075
A0_BASELINE_075,S5,973248,973255,2020-10-05T17:14:00,2020-10-05T17:21:00,2020-10-05T17:14:00,2020-10-05T17:21:00,1105,1912.03,1913.6234285714286,1.593428571428579,1.9611428571428666,take_profit,False,1.5934285714286034,23.0,True,5.0,0.7272134567740367,0.5994262615725768,0.5766071195723161,0.5,live_rolling_pf,5.660461203699251,3.39302909811005,808.6373148141787,812.0303439122888,True,S5_000444,0,primary,1,2226599,A0_BASELINE_075
A0_BASELINE_075,S5,973262,973269,2020-10-05T17:28:00,2020-10-05T17:35:00,2020-10-05T17:28:00,2020-10-05T17:35:00,1106,1915.31,1913.0848571428571,1.807928571428553,2.2251428571428344,stop_loss,False,-2.225142857142828,23.0,True,5.0,-0.9063190969393656,-1.0203654137088303,-1.0407308274176632,0.5,live_rolling_pf,5.684212407386021,-5.799973744671304,812.0303439122888,806.2303701676175,False,S5_000445,0,primary,1,2226613,A0_BASELINE_075
A0_BASELINE_075,S5,974916,974963,2020-10-06T22:04:00,2020-10-06T22:51:00,2020-10-06T22:04:00,2020-10-06T22:51:00,1109,1892.77,1888.1745714285714,3.733785714285675,4.595428571428523,stop_loss,False,-4.595428571428556,23.0,True,5.0,-0.9523358398957964,-1.0103617739357047,-1.0207235478714025,0.5,live_rolling_pf,5.643612591173323,-5.702090429023757,806.2303701676175,800.5282797385937,False,S5_000446,0,primary,1,2228267,A0_BASELINE_075
A0_BASELINE_075,S5,982129,982132,2020-10-14T04:25:00,2020-10-14T04:28:00,2020-10-14T04:25:00,2020-10-14T04:28:00,1111,1883.71,1885.3823571428572,1.6723571428571842,2.0582857142857653,take_profit,False,1.6723571428572086,23.0,True,5.0,0.7308340616806217,0.6084717193157849,0.5866213010363497,0.5,live_rolling_pf,5.603697958170156,3.4096917311341484,800.5282797385937,803.9379714697278,True,S5_000447,0,primary,1,2235480,A0_BASELINE_075
A0_BASELINE_075,S5,982133,982140,2020-10-14T04:29:00,2020-10-14T04:36:00,2020-10-14T04:29:00,2020-10-14T04:36:00,1111,1885.84,1887.7268571428572,1.8868571428571792,2.322285714285759,take_profit,False,1.8868571428572523,23.0,True,5.0,0.7392813164670623,0.6295757304377347,0.6099854472182119,0.5,live_rolling_pf,5.627565800288095,3.5429788493027927,803.9379714697278,807.4809503190306,True,S5_000448,1,primary,1,2235484,A0_BASELINE_075
A0_BASELINE_075,S5,982141,982148,2020-10-14T04:37:00,2020-10-14T04:44:00,2020-10-14T04:37:00,2020-10-14T04:44:00,1111,1887.64,1889.1684285714286,1.528428571428617,1.8811428571429134,take_profit,False,1.5284285714285488,23.0,True,5.0,0.7239815942617104,0.5913520097441879,0.5676681553660587,0.5,live_rolling_pf,5.652366652233215,3.3425383796091386,807.4809503190306,810.8234886986397,True,S5_000449,2,primary,1,2235492,A0_BASELINE_075
A0_BASELINE_075,S5,983494,983502,2020-10-15T04:11:00,2020-10-15T04:19:00,2020-10-15T04:11:00,2020-10-15T04:19:00,1112,1896.02,1897.52,1.5,1.7360000000000064,take_profit,False,1.5,23.0,True,5.0,0.7629704984740565,0.6205493387588993,0.595116988809764,0.5,live_rolling_pf,5.675764420890478,3.522091858334873,810.8234886986397,814.3455805569746,True,S5_000450,0,primary,1,2236845,A0_BASELINE_075
A0_BASELINE_075,S5,983504,983506,2020-10-15T04:21:00,2020-10-15T04:23:00,2020-10-15T04:21:00,2020-10-15T04:23:00,1113,1896.3,1894.9594285714286,1.5,1.3405714285714048,stop_loss,False,-1.3405714285713657,23.0,True,5.0,-0.8535564853556215,-1.0318355466617912,-1.0636710933236073,0.5,live_rolling_pf,5.700419063898822,-5.8818950209993375,814.3455805569746,808.4636855359753,False,S5_000451,0,primary,1,2236855,A0_BASELINE_075
A0_BASELINE_075,S5,983970,983970,2020-10-15T12:07:00,2020-10-15T12:07:00,2020-10-15T12:07:00,2020-10-15T12:07:00,1115,1890.36,1891.9497142857142,1.5897142857143178,1.9565714285714682,take_profit,False,1.589714285714308,23.0,True,5.0,0.7270351496145272,0.5989807918463341,0.576113942244871,0.5,live_rolling_pf,5.659245798751827,3.3897795297894087,808.4636855359753,811.8534650657647,True,S5_000452,0,primary,1,2237321,A0_BASELINE_075
A0_BASELINE_075,S5,983976,983976,2020-10-15T12:13:00,2020-10-15T12:13:00,2020-10-15T12:13:00,2020-10-15T12:13:00,1116,1890.46,1892.2029285714286,1.7429285714285698,2.1451428571428552,take_profit,False,1.7429285714285925,23.0,True,5.0,0.7338205220738697,0.6159328762179812,0.5948815108865725,0.5,live_rolling_pf,5.682974255460353,3.5003306786384356,811.8534650657647,815.3537957444031,True,S5_000453,0,primary,1,2237327,A0_BASELINE_075
A0_BASELINE_075,S5,984264,984280,2020-10-15T17:01:00,2020-10-15T17:17:00,2020-10-15T17:01:00,2020-10-15T17:17:00,1117,1894.29,1896.283642857143,1.99364285714286,2.4537142857142893,take_profit,False,1.9936428571429587,23.0,True,5.0,0.7428670286383846,0.6385340146918288,0.6199031193442295,0.5,live_rolling_pf,5.707476570210821,3.6444179281362654,815.3537957444031,818.9982136725394,True,S5_000454,0,primary,1,2237615,A0_BASELINE_075
A0_BASELINE_075,S5,992962,992968,2020-10-26T00:09:00,2020-10-26T00:15:00,2020-10-26T00:09:00,2020-10-26T00:15:00,1121,1899.7,1898.3411428571428,1.5,1.3588571428571803,stop_loss,False,-1.3588571428572322,23.0,True,5.0,-0.8552418629743214,-1.0314691602230135,-1.0629383204459941,0.5,live_rolling_pf,5.732987495707776,-5.913399797766736,818.9982136725394,813.0848138747726,False,S5_000455,0,primary,1,2246313,A0_BASELINE_075
A0_BASELINE_075,S5,992985,992994,2020-10-26T00:32:00,2020-10-26T00:41:00,2020-10-26T00:32:00,2020-10-26T00:41:00,1123,1898.64,1897.1885714285715,1.5,1.4514285714285506,stop_loss,False,-1.4514285714285506,23.0,True,5.0,-0.8632115548003382,-1.0297366185216656,-1.0594732370433313,0.5,live_post_loss_cap;live_rolling_pf,5.691593697123409,-5.860842447675084,813.0848138747726,807.2239714270976,False,S5_000456,0,primary,1,2246336,A0_BASELINE_075
A0_BASELINE_075,S5,993012,993013,2020-10-26T00:59:00,2020-10-26T01:00:00,2020-10-26T00:59:00,2020-10-26T01:00:00,1124,1892.88,1894.38,1.5,1.5462857142857114,take_profit,False,1.5,23.0,True,5.0,0.8444587421585988,0.686826443622327,0.658677818883707,0.5,live_post_loss_cap;live_rolling_pf,5.650567799989683,3.8809593865137506,807.2239714270976,811.1049308136113,True,S5_000457,0,primary,1,2246363,A0_BASELINE_075
A0_BASELINE_075,S5,993019,993058,2020-10-26T01:06:00,2020-10-26T01:45:00,2020-10-26T01:06:00,2020-10-26T01:45:00,1125,1896.15,1897.65,1.5,1.8262857142857685,take_profit,False,1.5,23.0,True,5.0,0.7294706127552955,0.5933027650409736,0.5689870779491304,0.5,live_post_loss_cap;live_rolling_pf,5.677734515695279,3.368615587330582,811.1049308136113,814.4735464009419,True,S5_000458,0,primary,1,2246370,A0_BASELINE_075
A0_BASELINE_075,S5,996732,996732,2020-10-28T17:01:00,2020-10-28T17:01:00,2020-10-28T17:01:00,2020-10-28T17:01:00,1133,1870.21,1872.0755000000001,1.865500000000056,2.2960000000000687,take_profit,False,1.865500000000111,23.0,True,5.0,0.7385193982581395,0.6276722090261552,0.6078780680918722,0.5,live_rolling_pf,5.701314824806594,3.5785568704399213,814.4735464009419,818.0521032713818,True,S5_000459,0,primary,1,2250083,A0_BASELINE_075
A0_BASELINE_075,S5,999980,999983,2020-11-02T03:13:00,2020-11-02T03:16:00,2020-11-02T03:13:00,2020-11-02T03:16:00,1135,1877.68,1879.18,1.5,1.276571428571437,take_profit,False,1.5,23.0,True,5.0,0.9956381566470645,0.8097857007396124,0.7765977621847102,0.5,live_rolling_pf,5.726364722899673,4.637128269823908,818.0521032713818,822.6892315412058,True,S5_000460,0,primary,1,2253331,A0_BASELINE_075
A0_BASELINE_075,S5,1002627,1002635,2020-11-04T01:22:00,2020-11-04T01:30:00,2020-11-04T01:22:00,2020-11-04T01:30:00,1136,1912.73,1914.4125714285715,1.6825714285714395,2.0708571428571565,take_profit,False,1.682571428571464,23.0,True,5.0,0.7312802682230335,0.6095864895070278,0.5878554575934553,0.5,live_rolling_pf,5.758824620788441,3.510501684273066,822.6892315412058,826.1997332254789,True,S5_000461,0,primary,1,2255978,A0_BASELINE_075
A0_BASELINE_075,S5,1002728,1002734,2020-11-04T03:03:00,2020-11-04T03:09:00,2020-11-04T03:03:00,2020-11-04T03:09:00,1137,1899.2,1903.4268571428572,4.226857142857141,5.202285714285712,take_profit,False,4.22685714285717,23.0,True,5.0,0.7780991952874402,0.7265555146478777,0.7173512859622416,0.5,live_rolling_pf,5.783398132578353,4.20195980662904,826.1997332254789,830.4016930321079,True,S5_000462,0,primary,1,2256079,A0_BASELINE_075
A0_BASELINE_075,S5,1002739,1002808,2020-11-04T03:14:00,2020-11-04T04:23:00,2020-11-04T03:14:00,2020-11-04T04:23:00,1138,1903.4,1897.68,4.6474999999999325,5.719999999999917,stop_loss,False,-5.720000000000027,29.0,True,5.0,-0.9517470881863738,-1.008319467554095,-1.0166389351081715,0.5,live_rolling_pf,5.8128118512247555,-5.861171350819078,830.4016930321079,824.5405216812889,False,S5_000463,0,primary,1,2256090,A0_BASELINE_075
A0_BASELINE_075,S5,1002826,1002831,2020-11-04T04:41:00,2020-11-04T04:46:00,2020-11-04T04:41:00,2020-11-04T04:46:00,1148,1887.13,1890.618642857143,3.4886428571428305,4.293714285714253,take_profit,False,3.4886428571428496,23.0,True,5.0,0.7711899197877888,0.7092938798711586,0.6982410156003318,0.5,live_post_loss_cap;live_rolling_pf,5.771783651769022,4.093890820140174,824.5405216812889,828.634412501429,True,S5_000464,0,primary,1,2256177,A0_BASELINE_075
A0_BASELINE_075,S5,1002832,1002838,2020-11-04T04:47:00,2020-11-04T04:53:00,2020-11-04T04:47:00,2020-11-04T04:53:00,1149,1890.49,1893.8300714285715,3.3400714285714104,4.11085714285712,take_profit,False,3.340071428571491,23.0,True,5.0,0.7694497465938445,0.7049463568748946,0.6934278944250821,0.5,live_post_loss_cap;live_rolling_pf,5.800440887510003,4.088999671918357,828.634412501429,832.7234121733474,True,S5_000465,0,primary,1,2256183,A0_BASELINE_075
A0_BASELINE_075,S5,1002839,1002854,2020-11-04T04:54:00,2020-11-04T05:09:00,2020-11-04T04:54:00,2020-11-04T05:09:00,1150,1894.49,1897.3472142857142,2.857214285714263,3.5165714285714005,take_profit,False,2.8572142857142353,23.0,True,5.0,0.7626210630671775,0.6878860672614878,0.6745405322961862,1.0,live_post_loss_cap,11.658127770426864,8.019463663630873,832.7234121733474,840.7428758369782,True,S5_000466,0,primary,1,2256190,A0_BASELINE_075
A0_BASELINE_075,S5,1003138,1003140,2020-11-04T09:53:00,2020-11-04T09:55:00,2020-11-04T09:53:00,2020-11-04T09:55:00,1155,1888.32,1890.5736428571429,2.2536428571428977,2.7737142857143358,take_profit,False,2.2536428571429497,23.0,True,5.0,0.7502853609816601,0.6570674403120145,0.6404213830495779,1.0,,11.770400261717695,7.733946771414711,840.7428758369782,848.4768226083929,True,S5_000467,0,primary,1,2256489,A0_BASELINE_075
A0_BASELINE_075,S5,1006748,1006750,2020-11-09T01:07:00,2020-11-09T01:09:00,2020-11-09T01:07:00,2020-11-09T01:09:00,1157,1955.34,1956.9092857142855,1.5692857142856593,1.931428571428504,take_profit,False,1.56928571428557,25.0,True,5.0,0.7193844138833877,0.5818598559266054,0.5589390962671417,1.0,,11.878675516517502,6.911724424639768,848.4768226083929,855.3885470330326,True,S5_000468,0,primary,1,2260099,A0_BASELINE_075
A0_BASELINE_075,S5,1007714,1007737,2020-11-09T17:13:00,2020-11-09T17:36:00,2020-11-09T17:13:00,2020-11-09T17:36:00,1167,1867.24,1863.5965714285715,2.960285714285661,3.6434285714285064,stop_loss,False,-3.643428571428558,23.0,True,5.0,-0.9406210813601953,-1.012908460573887,-1.0258169211477604,1.0,,11.975439658462458,-12.130024149148682,855.3885470330326,843.258522883884,False,S5_000469,0,primary,1,2261065,A0_BASELINE_075
A0_BASELINE_075,S5,1016526,1016536,2020-11-18T03:14:00,2020-11-18T03:24:00,2020-11-18T03:14:00,2020-11-18T03:24:00,1172,1877.43,1878.93,1.5,1.7188571428571646,take_profit,False,1.5,22.0,True,5.0,0.7736516357205926,0.6343943412908859,0.6086059534335327,1.0,,11.805619320374376,7.489418092279858,843.258522883884,850.7479409761638,True,S5_000470,0,primary,1,2269877,A0_BASELINE_075
A0_BASELINE_075,S5,1017096,1017097,2020-11-18T12:44:00,2020-11-18T12:45:00,2020-11-18T12:44:00,2020-11-18T12:45:00,1173,1872.95,1874.45,1.5,1.554285714285704,take_profit,False,1.5,24.0,True,5.0,0.8359872611465016,0.6743630573248446,0.6464968152866278,1.0,,11.910471173666293,8.031981754853032,850.7479409761638,858.7799227310169,True,S5_000471,0,primary,1,2270447,A0_BASELINE_075
A0_BASELINE_075,S5,1021493,1021531,2020-11-23T17:05:00,2020-11-23T17:43:00,2020-11-23T17:05:00,2020-11-23T17:43:00,1182,1841.15,1835.5877142857144,4.519357142857128,5.5622857142856965,stop_loss,False,-5.562285714285736,14.0,True,5.0,-0.9754484417276349,-1.0087684136687114,-1.0175368273374155,1.0,,12.022918918234236,-12.128340844814689,858.7799227310169,846.6515818862022,False,S5_000472,0,primary,1,2274844,A0_BASELINE_075
A0_BASELINE_075,S5,1021969,1021971,2020-11-24T02:02:00,2020-11-24T02:04:00,2020-11-24T02:02:00,2020-11-24T02:04:00,1185,1834.26,1832.9925714285714,1.5,1.267428571428562,stop_loss,False,-1.2674285714285816,17.0,True,5.0,-0.88173325382629,-1.0347843371099323,-1.0695686742198511,1.0,,11.85312214640683,-12.265425142952651,846.6515818862022,834.3861567432496,False,S5_000473,0,primary,1,2275320,A0_BASELINE_075
A0_BASELINE_075,S5,1022034,1022042,2020-11-24T03:07:00,2020-11-24T03:15:00,2020-11-24T03:07:00,2020-11-24T03:15:00,1188,1835.18,1833.6988571428572,1.5,1.4811428571428875,stop_loss,False,-1.4811428571429133,14.0,True,5.0,-0.9136411702502818,-1.0308424391963493,-1.0616848783926829,1.0,live_post_loss_cap,11.681406194405493,-12.041689254684304,834.3861567432496,822.3444674885652,False,S5_000474,0,primary,1,2275385,A0_BASELINE_075
A0_BASELINE_075,S5,1022060,1022063,2020-11-24T03:33:00,2020-11-24T03:36:00,2020-11-24T03:33:00,2020-11-24T03:36:00,1189,1831.48,1829.624,1.508000000000022,1.856000000000027,stop_loss,False,-1.8559999999999945,24.0,True,5.0,-0.885496183206093,-1.0238549618320454,-1.047709923664106,0.5,live_post_loss_cap;live_rolling_pf,5.756411272419957,-5.89373024361309,822.3444674885652,816.4507372449522,False,S5_000475,0,primary,1,2275411,A0_BASELINE_075
A0_BASELINE_075,S5,1023410,1023500,2020-11-25T03:04:00,2020-11-25T04:34:00,2020-11-25T03:04:00,2020-11-25T04:34:00,1197,1810.61,1810.94,1.5,1.5657142857142912,timeout,False,0.3300000000001546,36.0,True,5.0,0.17136498516328455,-0.041543026706151065,-0.06750741839754565,0.5,live_rolling_pf,5.715155160714665,-0.23742484347136641,816.4507372449522,816.2133124014808,False,S5_000476,0,primary,1,2276761,A0_BASELINE_075
A0_BASELINE_075,S5,1024764,1024775,2020-11-26T02:39:00,2020-11-26T02:50:00,2020-11-26T02:39:00,2020-11-26T02:50:00,1199,1807.92,1809.42,1.5,1.4262857142857426,take_profit,False,1.5,34.0,True,5.0,0.8492397282432733,0.6284373989000221,0.6001294079585798,1.0,,11.426986373620732,7.181145593904209,816.2133124014808,823.3944579953851,True,S5_000477,0,primary,1,2278115,A0_BASELINE_075
A0_BASELINE_075,S5,1026995,1027001,2020-11-30T01:13:00,2020-11-30T01:19:00,2020-11-30T01:13:00,2020-11-30T01:19:00,1203,1787.26,1785.9102857142857,1.5,1.3497142857143576,stop_loss,False,-1.349714285714299,26.0,True,5.0,-0.8384806531771096,-1.0310614128505124,-1.062122825701061,1.0,,11.527522411935392,-11.885583544716052,823.3944579953851,811.508874450669,False,S5_000478,0,primary,1,2280346,A0_BASELINE_075
A0_BASELINE_075,S5,1027077,1027084,2020-11-30T02:35:00,2020-11-30T02:42:00,2020-11-30T02:35:00,2020-11-30T02:42:00,1204,1782.27,1780.9054285714285,1.5,1.3645714285713828,stop_loss,False,-1.3645714285714803,26.0,True,5.0,-0.8399577910658311,-1.0307773478720272,-1.061554695743994,0.5,live_post_loss_cap;live_rolling_pf,5.680562121154684,-5.855394757666122,811.508874450669,805.653479693003,False,S5_000479,0,primary,1,2280428,A0_BASELINE_075
A0_BASELINE_075,S5,1027208,1027214,2020-11-30T04:46:00,2020-11-30T04:52:00,2020-11-30T04:46:00,2020-11-30T04:52:00,1205,1776.8,1775.446857142857,1.5,1.3531428571428739,stop_loss,False,-1.3531428571429842,26.0,True,5.0,-0.8388239461566411,-1.0309953949699584,-1.061990789939848,0.5,live_rolling_pf,5.6395743578510205,-5.814375192535063,805.653479693003,799.8391045004679,False,S5_000480,0,primary,1,2280559,A0_BASELINE_075
A0_BASELINE_075,S5,1027696,1027705,2020-11-30T12:54:00,2020-11-30T13:03:00,2020-11-30T12:54:00,2020-11-30T13:03:00,1211,1766.72,1768.22,1.5,1.7028571428571793,take_profit,False,1.5,26.0,True,5.0,0.7641921397379771,0.6062590975254618,0.5807860262008626,0.5,live_rolling_pf,5.598873731503275,3.3943681356201902,799.8391045004679,803.2334726360881,True,S5_000481,0,primary,1,2281047,A0_BASELINE_075
A0_BASELINE_075,S5,1027944,1027949,2020-11-30T17:02:00,2020-11-30T17:07:00,2020-11-30T17:02:00,2020-11-30T17:07:00,1213,1775.17,1773.019142857143,1.7475714285714439,2.150857142857162,stop_loss,False,-2.1508571428571486,26.0,True,5.0,-0.8921545389902774,-1.0207395117326326,-1.0414790234652702,0.5,live_rolling_pf,5.622634308452617,-5.739244998661072,803.2334726360881,797.494227637427,False,S5_000482,0,primary,1,2281295,A0_BASELINE_075
A0_BASELINE_075,S5,1034485,1034500,2020-12-07T11:09:00,2020-12-07T11:24:00,2020-12-07T11:09:00,2020-12-07T11:24:00,1219,1828.63,1830.13,1.5,1.8388571428571336,take_profit,False,1.5,26.0,True,5.0,0.7146746528723146,0.5669752246120362,0.5431527361829591,0.5,live_rolling_pf,5.582459593461989,3.1651162818907275,797.494227637427,800.6593439193177,True,S5_000483,0,primary,1,2287836,A0_BASELINE_075
A0_BASELINE_075,S5,1037596,1037615,2020-12-09T17:02:00,2020-12-09T17:21:00,2020-12-09T17:02:00,2020-12-09T17:21:00,1224,1842.82,1839.5765714285715,2.6352857142857036,3.243428571428558,stop_loss,False,-3.243428571428467,26.0,True,5.0,-0.9257869841787373,-1.0142717338117502,-1.0285434676235266,0.5,live_rolling_pf,5.604615407435224,-5.6846029866473735,800.6593439193177,794.9747409326703,False,S5_000484,0,primary,1,2290947,A0_BASELINE_075
A0_BASELINE_075,S5,1037833,1037833,2020-12-09T20:59:00,2020-12-09T20:59:00,2020-12-09T20:59:00,2020-12-09T20:59:00,1227,1828.0,1826.056,1.5794999999999781,1.9439999999999733,stop_loss,False,-1.94399999999996,26.0,True,5.0,-0.8820326678765806,-1.0226860254083427,-1.0453720508166915,0.5,live_rolling_pf,5.564823186528693,-5.691066906731217,794.9747409326703,789.2836740259391,False,S5_000485,0,primary,1,2291184,A0_BASELINE_075
A0_BASELINE_075,S5,1040773,1040801,2020-12-14T01:03:00,2020-12-14T01:31:00,2020-12-14T01:03:00,2020-12-14T01:31:00,1231,1836.27,1837.77,1.5,1.565714285714343,take_profit,False,1.5,32.0,True,5.0,0.7954545454545213,0.599242424242406,0.5727272727272554,0.5,live_rolling_pf,5.524985718181574,3.310805835667797,789.2836740259391,792.5944798616069,True,S5_000486,0,primary,1,2294124,A0_BASELINE_075
A0_BASELINE_075,S5,1041461,1041468,2020-12-14T12:31:00,2020-12-14T12:38:00,2020-12-14T12:31:00,2020-12-14T12:38:00,1234,1822.04,1823.6724285714286,1.6324285714285436,2.0091428571428227,take_profit,False,1.6324285714285907,26.0,True,5.0,0.7194031730043003,0.5827877109040717,0.5607529589524219,0.5,live_rolling_pf,5.548161359031249,3.233400258156245,792.5944798616069,795.8278801197632,True,S5_000487,0,primary,1,2294812,A0_BASELINE_075
A0_BASELINE_075,S5,1041474,1041515,2020-12-14T12:44:00,2020-12-14T13:25:00,2020-12-14T12:44:00,2020-12-14T13:25:00,1235,1823.85,1825.4517857142857,1.6017857142857777,1.9714285714286495,take_profit,False,1.6017857142858247,26.0,True,5.0,0.7178297055057862,0.5789052496799267,0.5564980793854334,0.5,live_rolling_pf,5.570795160838343,3.2249625635008488,795.8278801197632,799.0528426832641,True,S5_000488,0,primary,1,2294825,A0_BASELINE_075
A0_BASELINE_075,S5,1041732,1041733,2020-12-14T17:02:00,2020-12-14T17:03:00,2020-12-14T17:02:00,2020-12-14T17:03:00,1239,1832.26,1830.3971428571429,1.5135714285714033,1.862857142857112,stop_loss,False,-1.8628571428571377,26.0,True,5.0,-0.8775235531628637,-1.02355316285331,-1.0471063257066078,0.5,live_rolling_pf,5.593369898782849,-5.725111450907685,799.0528426832641,793.3277312323564,False,S5_000489,0,primary,1,2295083,A0_BASELINE_075
A0_BASELINE_075,S5,1048314,1048315,2020-12-21T11:50:00,2020-12-21T11:51:00,2020-12-21T11:50:00,2020-12-21T11:51:00,1243,1886.19,1888.8902857142857,2.7002857142856658,3.3234285714285114,take_profit,False,2.7002857142856556,26.0,True,5.0,0.7535480784563828,0.6670387498006646,0.6530856322755487,0.5,live_rolling_pf,5.5532941186264955,3.704262366164001,793.3277312323564,797.0319935985204,True,S5_000490,0,primary,1,2301665,A0_BASELINE_075
A0_BASELINE_075,S5,1048316,1048318,2020-12-21T11:52:00,2020-12-21T11:54:00,2020-12-21T11:52:00,2020-12-21T11:54:00,1243,1889.35,1885.6974285714284,2.9677142857142473,3.652571428571381,stop_loss,False,-3.652571428571491,26.0,True,5.0,-0.9335475390682324,-1.012779319409989,-1.0255586388199498,0.5,live_rolling_pf,5.579223955189644,-5.650522640172874,797.0319935985204,791.3814709583476,False,S5_000491,1,primary,1,2301667,A0_BASELINE_075
A0_BASELINE_075,S5,1048341,1048426,2020-12-21T12:17:00,2020-12-21T13:42:00,2020-12-21T12:17:00,2020-12-21T13:42:00,1244,1872.43,1879.539142857143,7.109142857142874,8.749714285714306,take_profit,False,7.109142857142842,26.0,True,5.0,0.7890530855584414,0.7546457791589997,0.7490962136107026,0.5,live_post_loss_cap;live_rolling_pf,5.539670296708433,4.180488807343503,791.3814709583476,795.5619597656911,True,S5_000492,0,primary,1,2301692,A0_BASELINE_075
A0_BASELINE_075,S5,1049514,1049516,2020-12-22T08:51:00,2020-12-22T08:53:00,2020-12-22T08:51:00,2020-12-22T08:53:00,1254,1871.13,1869.539142857143,1.5,1.5908571428571252,stop_loss,False,-1.5908571428572031,26.0,True,5.0,-0.8595245446125755,-1.027014510651478,-1.0540290213029138,0.5,live_rolling_pf,5.568933718359838,-5.719375737611845,795.5619597656911,789.8425840280793,False,S5_000493,0,primary,1,2302865,A0_BASELINE_075
A0_BASELINE_075,S5,1049538,1049539,2020-12-22T09:15:00,2020-12-22T09:16:00,2020-12-22T09:15:00,2020-12-22T09:16:00,1256,1867.03,1868.53,1.5,1.6651428571429019,take_profit,False,1.5,26.0,True,5.0,0.7791629563668563,0.6181359453843727,0.5921638468388108,0.5,live_post_loss_cap;live_rolling_pf,5.528898088196555,3.417610646681228,789.8425840280793,793.2601946747606,True,S5_000494,0,primary,1,2302889,A0_BASELINE_075
A0_BASELINE_075,S5,1050549,1050557,2020-12-23T03:07:00,2020-12-23T03:15:00,2020-12-23T03:07:00,2020-12-23T03:15:00,1258,1864.83,1866.33,1.5,1.3680000000000292,take_profit,False,1.5,27.0,True,5.0,0.9157509157508994,0.7203907203907075,0.6898656898656775,0.5,live_rolling_pf,5.552821362723324,4.000200981693165,793.2601946747606,797.2603956564537,True,S5_000495,0,primary,1,2303900,A0_BASELINE_075
A0_BASELINE_075,S5,1051389,1051390,2020-12-23T17:07:00,2020-12-23T17:08:00,2020-12-23T17:07:00,2020-12-23T17:08:00,1261,1872.84,1874.4092857142857,1.569285714285744,1.931428571428608,take_profit,False,1.5692857142857974,26.0,True,5.0,0.7161016949152803,0.574641460234709,0.5518252933507459,0.5,live_rolling_pf,5.580822769595176,3.2069721456312847,797.2603956564537,800.467367802085,True,S5_000496,0,primary,1,2304740,A0_BASELINE_075
A0_BASELINE_075,S5,1052874,1052874,2020-12-28T01:02:00,2020-12-28T01:02:00,2020-12-28T01:02:00,2020-12-28T01:02:00,1262,1882.9,1884.5463571428572,1.6463571428571446,2.0262857142857165,take_profit,False,1.6463571428571413,27.0,True,5.0,0.7169652855543099,0.5776098046534764,0.5558355107627212,0.5,live_rolling_pf,5.603271574614595,3.236504599633514,800.467367802085,803.7038724017185,True,S5_000497,0,primary,1,2306225,A0_BASELINE_075
A0_BASELINE_075,S5,1065025,1065025,2021-01-11T01:53:00,2021-01-11T01:53:00,2021-01-11T01:53:00,2021-01-11T01:53:00,1267,1842.05,1843.9842142857142,1.934214285714279,2.3805714285714203,take_profit,False,1.9342142857142335,26.0,True,5.0,0.7324983769746632,0.6150995455528927,0.5961642501622846,0.5,live_rolling_pf,5.625927106812029,3.46050520671378,803.7038724017185,807.1643776084323,True,S5_000498,0,primary,2,2318376,A0_BASELINE_075
A0_BASELINE_075,S5,1071876,1071877,2021-01-18T01:10:00,2021-01-18T01:11:00,2021-01-18T01:10:00,2021-01-18T01:11:00,1270,1826.39,1827.89,1.5,1.7485714285714236,take_profit,False,1.5,43.0,True,5.0,0.6885245901639361,0.4681967213114765,0.4452459016393453,0.5,live_rolling_pf,5.6501506432590265,2.645382006089806,807.1643776084323,809.8097596145221,True,S5_000499,0,primary,2,2325227,A0_BASELINE_075
A0_BASELINE_075,S5,1071880,1071900,2021-01-18T01:14:00,2021-01-18T01:34:00,2021-01-18T01:14:00,2021-01-18T01:34:00,1272,1827.87,1825.9271428571428,1.5785714285714074,1.9428571428571169,stop_loss,False,-1.942857142857065,31.0,True,5.0,-0.8623969562460121,-1.0221940393151325,-1.0443880786302882,0.5,live_rolling_pf,5.668668317301655,-5.794478964800295,809.8097596145221,804.0152806497218,False,S5_000500,0,primary,2,2325231,A0_BASELINE_075
A0_BASELINE_075,S5,1071915,1071925,2021-01-18T01:49:00,2021-01-18T01:59:00,2021-01-18T01:49:00,2021-01-18T01:59:00,1275,1817.4,1811.8388571428573,4.518428571428537,5.561142857142815,stop_loss,False,-5.5611428571428405,40.0,True,5.0,-0.9328987730061388,-1.0083876533742375,-1.0167753067484706,0.5,live_post_loss_cap;live_rolling_pf,5.628106964548053,-5.675313574919814,804.0152806497218,798.339967074802,False,S5_000501,0,primary,2,2325266,A0_BASELINE_075
A0_BASELINE_075,S5,1101725,1101731,2021-02-17T01:12:00,2021-02-17T01:18:00,2021-02-17T01:12:00,2021-02-17T01:18:00,1280,1789.09,1790.59,1.5,1.7862857142857789,take_profit,False,1.5,25.0,True,5.0,0.7366353304335391,0.5893082643468313,0.56475375333238,0.5,live_rolling_pf,5.5883797695236135,3.2932783824889054,798.339967074802,801.6332454572909,True,S5_000502,0,primary,2,2355076,A0_BASELINE_075
A0_BASELINE_075,S5,1206454,1206483,2021-06-04T04:14:00,2021-06-04T04:43:00,2021-06-04T04:14:00,2021-06-04T04:43:00,1284,1870.75,1869.0585714285714,1.5,1.6914285714285922,stop_loss,False,-1.6914285714285597,20.0,True,5.0,-0.8942598187311018,-1.026435045317203,-1.0528700906344235,0.5,live_rolling_pf,5.611432718201036,-5.7597711964011165,801.6332454572909,795.8734742608898,False,S5_000503,0,primary,2,2459805,A0_BASELINE_075
A0_BASELINE_075,S5,1221369,1221374,2021-06-18T23:01:00,2021-06-18T23:06:00,2021-06-18T23:01:00,2021-06-18T23:06:00,1291,1764.1,1761.9754285714284,1.7262142857142992,2.1245714285714454,stop_loss,False,-2.124571428571471,26.0,True,5.0,-0.8909657320872391,-1.0209681284447747,-1.0419362568895385,0.5,live_rolling_pf,5.571114319826228,-5.687930160464869,795.8734742608898,790.185544100425,False,S5_000504,0,primary,2,2474720,A0_BASELINE_075
A0_BASELINE_075,S5,1269471,1269484,2021-08-09T01:32:00,2021-08-09T01:45:00,2021-08-09T01:32:00,2021-08-09T01:45:00,1296,1755.02,1753.3022857142857,1.5,1.717714285714231,stop_loss,False,-1.7177142857142371,30.0,True,5.0,-0.8513169073916729,-1.024780515434725,-1.0495610308694465,0.5,live_rolling_pf,5.531298808702975,-5.668367244206115,790.185544100425,784.5171768562188,False,S5_000505,0,primary,2,2522822,A0_BASELINE_075
A0_BASELINE_075,S5,1316041,1316042,2021-09-23T23:27:00,2021-09-23T23:28:00,2021-09-23T23:27:00,2021-09-23T23:28:00,1300,1743.38,1741.678285714286,1.5,1.7017142857142713,stop_loss,False,-1.7017142857141607,25.0,True,5.0,-0.8719074806030752,-1.0256185038793169,-1.0512370077586906,0.5,live_rolling_pf,5.491620237993532,-5.632307332364304,784.5171768562188,778.8848695238545,False,S5_000506,0,primary,2,2569392,A0_BASELINE_075
A0_BASELINE_075,S5,1379066,1379088,2021-11-29T01:11:00,2021-11-29T01:33:00,2021-11-29T01:11:00,2021-11-29T01:33:00,1305,1785.33,1789.3274999999999,3.997499999999975,4.91999999999997,take_profit,False,3.9974999999999454,25.0,True,5.0,0.773210831721464,0.7151837524177886,0.7055125725338427,0.5,live_rolling_pf,5.452194086666982,3.8993206258125697,778.8848695238545,782.7841901496671,True,S5_000507,0,primary,2,2632417,A0_BASELINE_075
A0_BASELINE_075,S5,1476040,1476040,2022-03-08T19:13:00,2022-03-08T19:13:00,2022-03-08T19:13:00,2022-03-08T19:13:00,1309,2052.25,2046.7540000000001,4.465499999999929,5.495999999999913,stop_loss,False,-5.495999999999867,18.0,True,5.0,-0.9682875264270527,-1.0088090204369196,-1.017618040873847,0.5,live_rolling_pf,5.47948933104767,-5.527758264548752,782.7841901496671,777.2564318851183,False,S5_000508,0,primary,2,2729391,A0_BASELINE_075
A0_BASELINE_075,S5,1487368,1487370,2022-03-21T00:12:00,2022-03-21T00:14:00,2022-03-21T00:12:00,2022-03-21T00:14:00,1311,1921.45,1919.2065714285716,1.8227857142857034,2.243428571428558,stop_loss,False,-2.243428571428467,21.0,True,5.0,-0.9144054966809919,-1.020379643647337,-1.0407592872947111,0.5,live_rolling_pf,5.440795023195829,-5.551676486926764,777.2564318851183,771.7047553981915,False,S5_000509,0,primary,2,2740719,A0_BASELINE_075
A0_BASELINE_075,S5,1504094,1504105,2022-04-06T04:12:00,2022-04-06T04:23:00,2022-04-06T04:12:00,2022-04-06T04:23:00,1314,1921.36,1922.9079285714286,1.5479285714285993,1.9051428571428914,take_profit,False,1.5479285714286561,18.0,True,5.0,0.7423609208002476,0.6320567278706797,0.6080775554946867,0.5,live_rolling_pf,5.401933287787341,3.4143282780545694,771.7047553981915,775.1190836762461,True,S5_000510,0,primary,2,2757445,A0_BASELINE_075
A0_BASELINE_075,S5,1520452,1520469,2022-04-25T01:04:00,2022-04-25T01:21:00,2022-04-25T01:04:00,2022-04-25T01:21:00,1315,1932.78,1934.325142857143,1.5451428571429087,1.9017142857143492,take_profit,False,1.5451428571429915,30.0,True,5.0,0.7017908123540507,0.5428237736828899,0.520114196729867,0.5,live_rolling_pf,5.425833585733723,2.9452714623833454,775.1190836762461,778.0643551386294,True,S5_000511,0,primary,2,2773803,A0_BASELINE_075
A0_BASELINE_075,S5,1539787,1539794,2022-05-13T01:35:00,2022-05-13T01:42:00,2022-05-13T01:35:00,2022-05-13T01:42:00,1318,1817.69,1819.664142857143,1.9741428571429198,2.429714285714363,take_profit,False,1.9741428571428514,18.0,True,5.0,0.7564593825267982,0.6683271294065907,0.6491679439456759,0.5,live_rolling_pf,5.446450485970406,3.640010618743732,778.0643551386294,781.7043657573731,True,S5_000512,0,primary,2,2793138,A0_BASELINE_075
A0_BASELINE_075,S5,1569933,1569933,2022-06-14T01:04:00,2022-06-14T01:04:00,2022-06-14T01:04:00,2022-06-14T01:04:00,1321,1814.05,1815.7984999999999,1.7484999999999933,2.1519999999999917,take_profit,False,1.7484999999999218,18.0,True,5.0,0.7497855917666929,0.65115780445966,0.6297169811320441,0.5,live_rolling_pf,5.471930560301612,3.5630902898017145,781.7043657573731,785.2674560471748,True,S5_000513,0,primary,2,2823284,A0_BASELINE_075
A0_BASELINE_075,S5,1582184,1582184,2022-06-27T01:01:00,2022-06-27T01:01:00,2022-06-27T01:01:00,2022-06-27T01:01:00,1323,1835.79,1833.8677142857143,1.5618571428570949,1.922285714285655,stop_loss,False,-1.9222857142856355,18.0,True,5.0,-0.9143789073117577,-1.023783636857833,-1.0475672737156756,0.5,live_rolling_pf,5.496872192330224,-5.6276078044065265,785.2674560471748,779.6398482427683,False,S5_000514,0,primary,2,2835535,A0_BASELINE_075
A0_BASELINE_075,S5,1595825,1595834,2022-07-11T01:09:00,2022-07-11T01:18:00,2022-07-11T01:09:00,2022-07-11T01:18:00,1326,1742.78,1744.28,1.5,1.5359999999999543,take_profit,False,1.5,24.0,True,5.0,0.8445945945946164,0.6813063063063238,0.6531531531531699,0.5,live_rolling_pf,5.457478937699378,3.718214816788523,779.6398482427683,783.3580630595568,True,S5_000515,0,primary,2,2849176,A0_BASELINE_075
A0_BASELINE_075,S5,1597395,1597398,2022-07-12T04:21:00,2022-07-12T04:24:00,2022-07-12T04:21:00,2022-07-12T04:24:00,1329,1723.7,1725.2,1.5,1.7074285714285258,take_profit,False,1.5,23.0,True,5.0,0.7742220911370187,0.6297006341247752,0.6038932310868745,0.5,live_rolling_pf,5.483506441416898,3.45296748338751,783.3580630595568,786.8110305429443,True,S5_000516,0,primary,2,2850746,A0_BASELINE_075
A0_BASELINE_075,S5,1597399,1597402,2022-07-12T04:25:00,2022-07-12T04:28:00,2022-07-12T04:25:00,2022-07-12T04:28:00,1330,1725.3,1726.8,1.5,1.6262857142856384,take_profit,False,1.5,21.0,True,5.0,0.8168663451066154,0.6752761786214687,0.6480473004512481,0.5,live_rolling_pf,5.50767721380061,3.719203222015814,786.8110305429443,790.5302337649601,True,S5_000517,0,primary,2,2850750,A0_BASELINE_075
A0_BASELINE_075,S5,1597404,1597404,2022-07-12T04:30:00,2022-07-12T04:30:00,2022-07-12T04:30:00,2022-07-12T04:30:00,1331,1731.05,1732.5719285714285,1.5219285714285384,1.8731428571428166,take_profit,False,1.5219285714285888,18.0,True,5.0,0.7412677428333101,0.6292443640412121,0.6048914556081474,0.5,live_rolling_pf,5.533711636354721,3.4820568594054815,790.5302337649601,794.0122906243656,True,S5_000518,0,primary,2,2850755,A0_BASELINE_075
A0_BASELINE_075,S5,1597410,1597433,2022-07-12T04:36:00,2022-07-12T04:59:00,2022-07-12T04:36:00,2022-07-12T04:59:00,1332,1731.3,1734.623357142857,3.3233571428571396,4.09028571428571,take_profit,False,3.3233571428570485,21.0,True,5.0,0.772822403826967,0.7123613048966634,0.7007341704869895,0.5,live_rolling_pf,5.558086034370559,3.9593654201721327,794.0122906243656,797.9716560445378,True,S5_000519,0,primary,2,2850761,A0_BASELINE_075
A0_BASELINE_075,S5,1668650,1668660,2022-09-21T22:34:00,2022-09-21T22:44:00,2022-09-21T22:34:00,2022-09-21T22:44:00,1338,1676.53,1673.6362857142858,2.3511428571428303,2.893714285714253,stop_loss,False,-2.893714285714168,12.0,True,5.0,-0.9601820250284128,-1.016590822904788,-1.0331816458096044,0.5,live_rolling_pf,5.585801592311765,-5.678474637311092,797.9716560445378,792.2931814072267,False,S5_000520,0,primary,2,2922001,A0_BASELINE_075
A0_BASELINE_075,S5,1671503,1671503,2022-09-26T01:11:00,2022-09-26T01:11:00,2022-09-26T01:11:00,2022-09-26T01:11:00,1339,1641.33,1642.83,1.5,1.7337142857142682,take_profit,False,1.5,12.0,True,5.0,0.8091861898890335,0.7174784217016097,0.6905055487053086,0.5,live_rolling_pf,5.546052269850587,3.979172829247029,792.2931814072267,796.2723542364737,True,S5_000521,0,primary,2,2924854,A0_BASELINE_075
A0_BASELINE_075,S5,1781523,1781545,2023-01-18T04:52:00,2023-01-18T05:14:00,2023-01-18T04:52:00,2023-01-18T05:14:00,1344,1902.94,1905.2187142857142,2.2787142857142615,2.8045714285713985,take_profit,False,2.278714285714159,12.0,True,5.0,0.7791617819460374,0.7210336068776506,0.7039370847987133,0.5,live_rolling_pf,5.5739064796553155,4.0189738934245804,796.2723542364737,800.2913281298983,True,S5_000522,0,primary,3,3034874,A0_BASELINE_075
A0_BASELINE_075,S5,1797523,1797529,2023-02-02T18:45:00,2023-02-02T18:51:00,2023-02-02T18:45:00,2023-02-02T18:51:00,1346,1917.37,1915.5825714285713,1.5,1.7874285714285572,stop_loss,False,-1.7874285714285634,12.0,True,5.0,-0.937088076692633,-1.026213301378074,-1.052426602756145,0.5,live_rolling_pf,5.602039296909288,-5.748887241330985,800.2913281298983,794.5424408885673,False,S5_000523,0,primary,3,3050874,A0_BASELINE_075
A0_BASELINE_075,S5,1809396,1809407,2023-02-15T09:49:00,2023-02-15T10:00:00,2023-02-15T09:49:00,2023-02-15T10:00:00,1348,1836.72,1834.672,1.664000000000028,2.0480000000000342,stop_loss,False,-2.048000000000002,12.0,True,5.0,-0.9446494464944508,-1.0230627306272908,-1.046125461254597,0.5,live_rolling_pf,5.561797086219971,-5.690067314223113,794.5424408885673,788.8523735743441,False,S5_000524,0,primary,3,3062747,A0_BASELINE_075
A0_BASELINE_075,S5,1835414,1835415,2023-03-14T08:23:00,2023-03-14T08:24:00,2023-03-14T08:23:00,2023-03-14T08:24:00,1349,1906.63,1908.4397857142858,1.8097857142857152,2.2274285714285726,take_profit,False,1.809785714285681,12.0,True,5.0,0.7709651898734031,0.6985455209347469,0.6772456183057304,0.5,live_rolling_pf,5.521966615020409,3.8573450456737124,788.8523735743441,792.7097186200178,True,S5_000525,0,primary,3,3088765,A0_BASELINE_075
A0_BASELINE_075,S5,1835416,1835421,2023-03-14T08:25:00,2023-03-14T08:30:00,2023-03-14T08:25:00,2023-03-14T08:30:00,1350,1909.36,1907.0674285714285,1.862714285714302,2.2925714285714487,stop_loss,False,-2.292571428571364,12.0,True,5.0,-0.9502605400283878,-1.0207247749881219,-1.041449549976279,0.5,live_rolling_pf,5.548968030340125,-5.663969144185207,792.7097186200178,787.0457494758326,False,S5_000526,0,primary,3,3088767,A0_BASELINE_075
A0_BASELINE_075,S5,1837421,1837430,2023-03-15T18:51:00,2023-03-15T19:00:00,2023-03-15T18:51:00,2023-03-15T19:00:00,1351,1934.89,1932.9060000000002,1.6120000000000119,1.9840000000000146,stop_loss,False,-1.9839999999999236,12.0,True,5.0,-0.9429657794676377,-1.0237642585550895,-1.0475285171102227,0.5,live_rolling_pf,5.509320246330828,-5.640245157127423,787.0457494758326,781.4055043187052,False,S5_000527,0,primary,3,3090772,A0_BASELINE_075
A0_BASELINE_075,S5,1846675,1846680,2023-03-24T12:20:00,2023-03-24T12:25:00,2023-03-24T12:20:00,2023-03-24T12:25:00,1352,1997.47,1995.0048571428572,2.002928571428608,2.465142857142902,stop_loss,False,-2.465142857142837,12.0,True,5.0,-0.9535809018567395,-1.0193412908929893,-1.0386825817860041,0.5,live_rolling_pf,5.469838530230937,-5.575632268381814,781.4055043187052,775.8298720503234,False,S5_000528,0,primary,3,3100026,A0_BASELINE_075
A0_BASELINE_075,S5,1847028,1847032,2023-03-24T18:13:00,2023-03-24T18:17:00,2023-03-24T18:13:00,2023-03-24T18:17:00,1354,1988.1,1989.9051428571427,1.8051428571428625,2.221714285714292,take_profit,False,1.805142857142755,12.0,True,5.0,0.7708638360175237,0.6982674475353375,0.6769155685699887,0.5,live_rolling_pf,5.430809104352264,3.7921572113477278,775.8298720503234,779.6220292616711,True,S5_000529,0,primary,3,3100379,A0_BASELINE_075
A0_BASELINE_075,S5,1847997,1848005,2023-03-27T12:24:00,2023-03-27T12:32:00,2023-03-27T12:24:00,2023-03-27T12:32:00,1355,1962.79,1960.7431428571429,1.6630714285714152,2.0468571428571263,stop_loss,False,-2.0468571428571067,12.0,True,5.0,-0.9446202531645475,-1.023074894514759,-1.0461497890295273,0.5,live_rolling_pf,5.457354204831698,-5.5832820774378655,779.6220292616711,774.0387471842332,False,S5_000530,0,primary,3,3101348,A0_BASELINE_075
A0_BASELINE_075,S5,1858027,1858033,2023-04-05T18:42:00,2023-04-05T18:48:00,2023-04-05T18:42:00,2023-04-05T18:48:00,1359,2019.7,2021.3445,1.6444999999999612,2.0239999999999525,take_profit,False,1.64449999999988,12.0,True,5.0,0.7670242537313042,0.6877332089551831,0.6644123134327945,0.5,live_rolling_pf,5.4182712302896325,3.7263250601966367,774.0387471842332,777.7650722444298,True,S5_000531,0,primary,3,3111378,A0_BASELINE_075
A0_BASELINE_075,S5,1866285,1866288,2023-04-14T18:27:00,2023-04-14T18:30:00,2023-04-14T18:27:00,2023-04-14T18:30:00,1361,1998.3,1999.925,1.625000000000021,2.000000000000026,take_profit,False,1.625,12.0,True,5.0,0.7665094339622547,0.6863207547169726,0.6627358490565955,0.5,live_rolling_pf,5.444355505711009,3.736574179627085,777.7650722444298,781.5016464240568,True,S5_000532,0,primary,3,3119636,A0_BASELINE_075
A0_BASELINE_075,S5,1866291,1866296,2023-04-14T18:33:00,2023-04-14T18:38:00,2023-04-14T18:33:00,2023-04-14T18:38:00,1362,1998.5,1996.6691428571428,1.5,1.830857142857141,stop_loss,False,-1.8308571428572122,12.0,True,5.0,-0.9384885764499487,-1.0256297598125732,-1.05125951962511,0.5,live_rolling_pf,5.470511524968398,-5.610719421405252,781.5016464240568,775.8909270026516,False,S5_000533,0,primary,3,3119642,A0_BASELINE_075
A0_BASELINE_075,S5,1879249,1879339,2023-04-28T04:43:00,2023-04-28T06:13:00,2023-04-28T04:43:00,2023-04-28T06:13:00,1364,1989.91,1989.35,1.6045714285714048,1.9748571428571138,timeout,False,-0.5600000000001728,16.0,True,5.0,-0.26231263383306097,-0.3606798715204284,-0.3841006423983731,0.5,live_rolling_pf,5.431236489018561,-1.9589376790562771,775.8909270026516,773.9319893235953,False,S5_000534,0,primary,3,3132600,A0_BASELINE_075
A0_BASELINE_075,S5,1884727,1884727,2023-05-04T04:06:00,2023-05-04T04:06:00,2023-05-04T04:06:00,2023-05-04T04:06:00,1365,2052.23,2050.423142857143,1.5,1.8068571428571367,stop_loss,False,-1.8068571428570976,14.0,True,5.0,-0.9280892280598564,-1.025682418550024,-1.0513648371000681,0.5,live_rolling_pf,5.417523925265167,-5.5566590422185955,773.9319893235953,768.3753302813767,False,S5_000535,0,primary,3,3138078,A0_BASELINE_075
A0_BASELINE_075,S5,1884744,1884751,2023-05-04T04:23:00,2023-05-04T04:30:00,2023-05-04T04:23:00,2023-05-04T04:30:00,1368,2047.66,2049.1995714285713,1.5395714285713797,1.8948571428570826,take_profit,False,1.5395714285712074,13.0,True,5.0,0.7603358261604891,0.6714406660080948,0.646747565965763,0.5,live_post_loss_cap;live_rolling_pf,5.378627311969637,3.6114291045582214,768.3753302813767,771.9867593859349,True,S5_000536,0,primary,3,3138095,A0_BASELINE_075
A0_BASELINE_075,S5,1885599,1885604,2023-05-04T18:38:00,2023-05-04T18:43:00,2023-05-04T18:38:00,2023-05-04T18:43:00,1369,2049.13,2050.705785714286,1.5757857142856535,1.9394285714284967,take_profit,False,1.5757857142857574,12.0,True,5.0,0.7651567702553207,0.682609600443997,0.6583310210877252,0.5,live_rolling_pf,5.403907315701544,3.6887590136074233,771.9867593859349,775.6755183995423,True,S5_000537,0,primary,3,3138950,A0_BASELINE_075
A0_BASELINE_075,S5,1885606,1885628,2023-05-04T18:45:00,2023-05-04T19:07:00,2023-05-04T18:45:00,2023-05-04T19:07:00,1370,2051.22,2052.72,1.5,1.7611428571427887,take_profit,False,1.5,12.0,True,5.0,0.7973876063183765,0.7070170109356272,0.680437424058348,0.5,live_rolling_pf,5.429728628796796,3.838910505323512,775.6755183995423,779.5144289048658,True,S5_000538,0,primary,3,3138957,A0_BASELINE_075
A0_BASELINE_075,S5,1891086,1891086,2023-05-10T18:10:00,2023-05-10T18:10:00,2023-05-10T18:10:00,2023-05-10T18:10:00,1371,2024.96,2023.2514285714285,1.5,1.708571428571434,stop_loss,False,-1.7085714285715312,12.0,True,5.0,-0.9343750000000534,-1.027343750000053,-1.0546875000000528,0.5,live_rolling_pf,5.456601002334061,-5.605804935991922,779.5144289048658,773.9086239688738,False,S5_000539,0,primary,3,3144437,A0_BASELINE_075
A0_BASELINE_075,S5,2048192,2048193,2023-10-18T04:39:00,2023-10-18T04:40:00,2023-10-18T04:39:00,2023-10-18T04:40:00,1375,1936.21,1937.9677857142858,1.7577857142857414,2.163428571428605,take_profit,False,1.7577857142857738,19.0,True,5.0,0.7469042126988128,0.6449253368945165,0.6236797377686215,0.5,live_rolling_pf,5.417360367782117,3.4937929602708837,773.9086239688738,777.4024169291447,True,S5_000540,0,primary,3,3301543,A0_BASELINE_075
A0_BASELINE_075,S5,2093272,2093274,2023-12-04T03:30:00,2023-12-04T03:32:00,2023-12-04T03:30:00,2023-12-04T03:32:00,1376,2091.86,2089.6485714285714,1.796785714285706,2.211428571428561,stop_loss,False,-2.211428571428769,32.0,True,5.0,-0.8735891647856346,-1.0197516930023396,-1.039503386004597,0.5,live_rolling_pf,5.441816918504013,-5.549302015653241,777.4024169291447,771.8531149134915,False,S5_000541,0,primary,3,3346623,A0_BASELINE_075
A0_BASELINE_075,S5,2093307,2093316,2023-12-04T04:05:00,2023-12-04T04:14:00,2023-12-04T04:05:00,2023-12-04T04:14:00,1378,2085.81,2084.3242857142855,1.5,1.4857142857143377,stop_loss,False,-1.4857142857144936,34.0,True,5.0,-0.8137715179969608,-1.0273865414711332,-1.0547730829421809,0.5,live_post_loss_cap;live_rolling_pf,5.402971804394441,-5.550940515782853,771.8531149134915,766.3021743977087,False,S5_000542,0,primary,3,3346658,A0_BASELINE_075
A0_BASELINE_075,S5,2182074,2182080,2024-03-05T18:09:00,2024-03-05T18:15:00,2024-03-05T18:09:00,2024-03-05T18:15:00,1383,2125.95,2127.559214285714,1.609214285714279,1.9805714285714204,take_profit,False,1.609214285714188,18.0,True,5.0,0.7448095741866806,0.6383562549589626,0.6152142290398935,0.5,live_rolling_pf,5.364115220783961,3.4242165035080183,766.3021743977087,769.7263909012166,True,S5_000543,0,primary,3,3435425,A0_BASELINE_075
A0_BASELINE_075,S5,2203827,2203828,2024-03-27T12:02:00,2024-03-27T12:03:00,2024-03-27T12:02:00,2024-03-27T12:03:00,1385,2188.76,2190.7796428571432,2.0196428571428995,2.4857142857143377,take_profit,False,2.019642857143026,18.0,True,5.0,0.7576366559486016,0.6713558413719688,0.6525991425509616,0.5,live_rolling_pf,5.3880847363085165,3.617322161527867,769.7263909012166,773.3437130627445,True,S5_000544,0,primary,3,3457178,A0_BASELINE_075
A0_BASELINE_075,S5,2205234,2205236,2024-03-28T12:30:00,2024-03-28T12:32:00,2024-03-28T12:30:00,2024-03-28T12:32:00,1386,2204.41,2206.7314285714283,2.321428571428529,2.8571428571428052,take_profit,False,2.3214285714284415,18.0,True,5.0,0.7643461900281923,0.6886171213546256,0.6721542803386328,0.5,live_rolling_pf,5.413405991439212,3.727764050548753,773.3437130627445,777.0714771132933,True,S5_000545,0,primary,3,3458585,A0_BASELINE_075
A0_BASELINE_075,S5,2205255,2205267,2024-03-28T12:51:00,2024-03-28T13:03:00,2024-03-28T12:51:00,2024-03-28T13:03:00,1387,2212.35,2210.136285714286,1.7986428571428048,2.213714285714221,stop_loss,False,-2.2137142857141043,18.0,True,5.0,-0.9248030556218159,-1.0208880401049887,-1.0417760802100264,0.5,live_rolling_pf,5.439500339793053,-5.55312084104175,777.0714771132933,771.5183562722516,False,S5_000546,0,primary,3,3458606,A0_BASELINE_075
A0_BASELINE_075,S5,2208277,2208287,2024-04-02T18:15:00,2024-04-02T18:25:00,2024-04-02T18:15:00,2024-04-02T18:25:00,1390,2258.97,2256.622571428571,1.9072857142857533,2.3474285714286194,stop_loss,False,-2.347428571428736,19.0,True,5.0,-0.9251210449274205,-1.0197049881770528,-1.0394099763540594,0.5,live_rolling_pf,5.400628493905761,-5.507047814526828,771.5183562722516,766.0113084577248,False,S5_000547,0,primary,3,3461628,A0_BASELINE_075
A0_BASELINE_075,S5,2209666,2209669,2024-04-03T18:25:00,2024-04-03T18:28:00,2024-04-03T18:25:00,2024-04-03T18:28:00,1391,2284.72,2286.322714285714,1.602714285714306,1.9725714285714535,take_profit,False,1.602714285714228,19.0,True,5.0,0.7411150746465495,0.6301360813845611,0.6070154577883135,0.5,live_rolling_pf,5.3620791592040735,3.378839549454677,766.0113084577248,769.3901480071795,True,S5_000548,0,primary,3,3463017,A0_BASELINE_075
A0_BASELINE_075,S5,2209680,2209684,2024-04-03T18:39:00,2024-04-03T18:43:00,2024-04-03T18:39:00,2024-04-03T18:43:00,1392,2284.98,2282.9777142857142,1.6268571428571414,2.0022857142857124,stop_loss,False,-2.00228571428579,19.0,True,5.0,-0.9133324644858949,-1.0228072461879674,-1.045614492375899,0.5,live_rolling_pf,5.385731036050257,-5.508564729691631,769.3901480071795,763.8815832774878,False,S5_000549,0,primary,3,3463031,A0_BASELINE_075
A0_BASELINE_075,S5,2211579,2211581,2024-04-05T04:20:00,2024-04-05T04:22:00,2024-04-05T04:20:00,2024-04-05T04:22:00,1395,2274.52,2271.905142857143,2.12457142857127,2.614857142856948,stop_loss,False,-2.6148571428570904,19.0,True,5.0,-0.9322603646735717,-1.0178262198228085,-1.0356524396455662,0.5,live_rolling_pf,5.347171082942415,-5.442490930097112,763.8815832774878,758.4390923473907,False,S5_000550,0,primary,3,3464930,A0_BASELINE_075
A0_BASELINE_075,S5,2212419,2212425,2024-04-05T18:20:00,2024-04-05T18:26:00,2024-04-05T18:20:00,2024-04-05T18:26:00,1397,2324.75,2326.7770714285716,2.0270714285715066,2.4948571428572386,take_profit,False,2.0270714285716167,19.0,True,5.0,0.7550015962541669,0.6656113653294068,0.6469884005534151,0.5,live_rolling_pf,5.3090736464317345,3.533779758435799,758.4390923473907,761.9728721058265,True,S5_000551,0,primary,3,3465770,A0_BASELINE_075
A0_BASELINE_075,S5,2212426,2212432,2024-04-05T18:27:00,2024-04-05T18:33:00,2024-04-05T18:27:00,2024-04-05T18:33:00,1397,2326.54,2323.8977142857143,2.146857142857133,2.642285714285702,stop_loss,False,-2.642285714285663,20.0,True,5.0,-0.929634097305977,-1.0175914756734885,-1.0351829513469908,0.5,live_rolling_pf,5.3338101047407855,-5.4276396954453405,761.9728721058265,756.5452324103811,False,S5_000552,1,primary,3,3465777,A0_BASELINE_075
A0_BASELINE_075,S5,2212447,2212451,2024-04-05T18:48:00,2024-04-05T18:52:00,2024-04-05T18:48:00,2024-04-05T18:52:00,1400,2325.85,2327.748928571428,1.8989285714284279,2.3371428571426804,take_profit,False,1.8989285714283142,19.0,True,5.0,0.7514132278122742,0.6564443188241386,0.6366591294516103,0.5,live_post_loss_cap;live_rolling_pf,5.295816626872668,3.4764087382449755,756.5452324103811,760.0216411486261,True,S5_000553,0,primary,3,3465798,A0_BASELINE_075
A0_BASELINE_075,S5,2212452,2212453,2024-04-05T18:53:00,2024-04-05T18:54:00,2024-04-05T18:53:00,2024-04-05T18:54:00,1400,2327.74,2325.788,1.5859999999999088,1.9519999999998878,stop_loss,False,-1.9519999999997708,19.0,True,5.0,-0.9112978524742638,-1.0233426704014406,-1.0466853408029355,0.5,live_post_loss_cap;live_rolling_pf,5.320151488040383,-5.444338030711443,760.0216411486261,754.5773031179147,False,S5_000554,1,primary,3,3465803,A0_BASELINE_075
A0_BASELINE_075,S5,2214828,2214863,2024-04-09T12:32:00,2024-04-09T13:07:00,2024-04-09T12:32:00,2024-04-09T13:07:00,1404,2363.6,2361.620571428571,1.6082857142857296,1.9794285714285902,stop_loss,False,-1.979428571428798,19.0,True,5.0,-0.9124193335968304,-1.023047543790429,-1.0460950875807618,0.5,live_rolling_pf,5.282041121825403,-5.40377919588352,754.5773031179147,749.1735239220311,False,S5_000555,0,primary,3,3468179,A0_BASELINE_075
A0_BASELINE_075,S5,2215196,2215201,2024-04-09T18:40:00,2024-04-09T18:45:00,2024-04-09T18:40:00,2024-04-09T18:45:00,1405,2345.55,2347.1926428571433,1.6426428571428624,2.021714285714292,take_profit,False,1.6426428571430733,19.0,True,5.0,0.7427012013952642,0.6341880893942311,0.6115811910606825,0.5,live_rolling_pf,5.244214667454218,3.325818480325993,749.1735239220311,752.4993424023571,True,S5_000556,0,primary,3,3468547,A0_BASELINE_075
A0_BASELINE_075,S5,2216214,2216218,2024-04-10T12:39:00,2024-04-10T12:43:00,2024-04-10T12:39:00,2024-04-10T12:43:00,1408,2346.34,2348.0885000000003,1.7484999999999933,2.1519999999999917,take_profit,False,1.7485000000001492,19.0,True,5.0,0.7465841161401175,0.6441076003416544,0.6227583262169745,0.5,live_rolling_pf,5.2674953968165,3.3928338198541863,752.4993424023571,755.8921762222113,True,S5_000557,0,primary,3,3469565,A0_BASELINE_075
A0_BASELINE_075,S5,2216225,2216236,2024-04-10T12:50:00,2024-04-10T13:01:00,2024-04-10T12:50:00,2024-04-10T13:01:00,1409,2348.02,2346.2634285714284,1.5,1.756571428571312,stop_loss,False,-1.756571428571533,19.0,True,5.0,-0.9023924849553403,-1.0256861881697907,-1.0513723763394678,0.5,live_rolling_pf,5.29124523355548,-5.427157154277094,755.8921762222113,750.4650190679342,False,S5_000558,0,primary,3,3469576,A0_BASELINE_075
A0_BASELINE_075,S5,2216579,2216582,2024-04-10T18:44:00,2024-04-10T18:47:00,2024-04-10T18:44:00,2024-04-10T18:47:00,1410,2340.07,2337.5808571428574,2.0224285714285055,2.489142857142776,stop_loss,False,-2.489142857142724,19.0,True,5.0,-0.9290817958835234,-1.0186626852937852,-1.0373253705875898,0.5,live_rolling_pf,5.25325513347554,-5.351294980799556,750.4650190679342,745.1137240871346,False,S5_000559,0,primary,3,3469930,A0_BASELINE_075
A0_BASELINE_075,S5,2216623,2216625,2024-04-10T19:28:00,2024-04-10T19:30:00,2024-04-10T19:28:00,2024-04-10T19:30:00,1412,2337.7,2335.9365714285714,1.5,1.7634285714286049,stop_loss,False,-1.7634285714284488,19.0,True,5.0,-0.9027351177416214,-1.025596021646841,-1.0511920432937616,0.5,live_post_loss_cap;live_rolling_pf,5.215796068609943,-5.349299697687591,745.1137240871346,739.7644243894471,False,S5_000560,0,primary,3,3469974,A0_BASELINE_075
A0_BASELINE_075,S5,2216787,2216825,2024-04-10T22:12:00,2024-04-10T22:50:00,2024-04-10T22:12:00,2024-04-10T22:50:00,1414,2328.71,2330.4417857142857,1.731785714285765,2.131428571428634,take_profit,False,1.7317857142857065,19.0,True,5.0,0.7459999999999766,0.642615384615364,0.621076923076903,0.5,live_rolling_pf,5.17835097072613,3.3276880007265155,739.7644243894471,743.0921123901736,True,S5_000561,0,primary,3,3470138,A0_BASELINE_075
A0_BASELINE_075,S5,2218463,2218502,2024-04-12T04:10:00,2024-04-12T04:49:00,2024-04-12T04:10:00,2024-04-12T04:49:00,1415,2385.75,2389.5060714285714,3.75607142857137,4.622857142857071,take_profit,False,3.756071428571431,19.0,True,5.0,0.7804244582962425,0.7305580290887618,0.7201691896705367,0.5,live_rolling_pf,5.201644786731215,3.800103363414189,743.0921123901736,746.8922157535878,True,S5_000562,0,primary,3,3471814,A0_BASELINE_075
A0_BASELINE_075,S5,2219549,2219552,2024-04-12T22:16:00,2024-04-12T22:19:00,2024-04-12T22:16:00,2024-04-12T22:19:00,1420,2336.3,2338.2379285714287,1.9379285714285193,2.385142857142793,take_profit,False,1.9379285714285288,19.0,True,5.0,0.7525518695218041,0.6593531565516475,0.6399367580161982,0.5,live_rolling_pf,5.228245510275115,3.447260180426876,746.8922157535878,750.3394759340147,True,S5_000563,0,primary,3,3472900,A0_BASELINE_075
A0_BASELINE_075,S5,2219579,2219580,2024-04-12T22:46:00,2024-04-12T22:47:00,2024-04-12T22:46:00,2024-04-12T22:47:00,1421,2342.74,2344.542357142857,1.8023571428572138,2.2182857142858015,take_profit,False,1.8023571428570904,19.0,True,5.0,0.7483983865226703,0.6487424368252009,0.6279807806382282,0.5,live_rolling_pf,5.252376331538103,3.4074394204450384,750.3394759340147,753.7469153544597,True,S5_000564,0,primary,3,3472930,A0_BASELINE_075
A0_BASELINE_075,S5,2223438,2223443,2024-04-17T18:09:00,2024-04-17T18:14:00,2024-04-17T18:09:00,2024-04-17T18:14:00,1423,2391.99,2389.929428571428,1.6742142857142621,2.0605714285713996,stop_loss,False,-2.0605714285716203,19.0,True,5.0,-0.9155769963184923,-1.0222165799163103,-1.0444331598325223,0.5,live_rolling_pf,5.276228407481218,-5.393448157552731,753.7469153544597,748.353467196907,False,S5_000565,0,primary,3,3476789,A0_BASELINE_075
A0_BASELINE_075,S5,2223474,2223478,2024-04-17T18:45:00,2024-04-17T18:49:00,2024-04-17T18:45:00,2024-04-17T18:49:00,1424,2385.6,2387.5249285714285,1.924928571428531,2.3691428571428075,take_profit,False,1.9249285714286088,19.0,True,5.0,0.7521770682148333,0.6583956681925026,0.6388578765211836,0.5,live_post_loss_cap;live_rolling_pf,5.238474270378349,3.4489887675549857,748.353467196907,751.802455964462,True,S5_000566,0,primary,3,3476825,A0_BASELINE_075
A0_BASELINE_075,S5,2223481,2223487,2024-04-17T18:52:00,2024-04-17T18:58:00,2024-04-17T18:52:00,2024-04-17T18:58:00,1425,2386.14,2384.1102857142855,1.649142857142793,2.0297142857142068,stop_loss,False,-2.0297142857143626,19.0,True,5.0,-0.9144033981208035,-1.022525421547246,-1.0450508430944212,0.5,live_post_loss_cap;live_rolling_pf,5.262617191751234,-5.381159862437214,751.802455964462,746.4212961020247,False,S5_000567,0,primary,3,3476832,A0_BASELINE_075
A0_BASELINE_075,S5,2224821,2224836,2024-04-18T18:13:00,2024-04-18T18:28:00,2024-04-18T18:13:00,2024-04-18T18:28:00,1429,2382.74,2384.5432857142855,1.8032857142857632,2.2194285714286317,take_profit,False,1.803285714285721,19.0,True,5.0,0.7484287916518281,0.648820111466843,0.6280683030949711,0.5,live_rolling_pf,5.224949072714173,3.3900520397669878,746.4212961020247,749.8113481417917,True,S5_000568,0,primary,3,3478172,A0_BASELINE_075
A0_BASELINE_075,S5,2224840,2224849,2024-04-18T18:32:00,2024-04-18T18:41:00,2024-04-18T18:32:00,2024-04-18T18:41:00,1430,2384.22,2382.408571428571,1.5,1.8114285714285092,stop_loss,False,-1.811428571428678,19.0,True,5.0,-0.9050678087081471,-1.024982155603226,-1.0499643112063672,0.5,live_rolling_pf,5.248679436992542,-5.379802763398942,749.8113481417917,744.4315453783927,False,S5_000569,0,primary,3,3478191,A0_BASELINE_075
A0_BASELINE_075,S5,2224867,2224882,2024-04-18T18:59:00,2024-04-18T19:14:00,2024-04-18T18:59:00,2024-04-18T19:14:00,1432,2383.8,2385.4110714285716,1.6110714285713779,1.9828571428570805,take_profit,False,1.6110714285714494,19.0,True,5.0,0.7414529914530223,0.6309993425378317,0.6079881656805004,0.5,live_post_loss_cap;live_rolling_pf,5.211020817648749,3.288150709887315,744.4315453783927,747.71969608828,True,S5_000570,0,primary,3,3478218,A0_BASELINE_075
A0_BASELINE_075,S5,2225368,2225368,2024-04-19T04:21:00,2024-04-19T04:21:00,2024-04-19T04:21:00,2024-04-19T04:21:00,1433,2390.55,2392.8835000000004,2.3335000000001367,2.8720000000001686,take_profit,False,2.3335000000001855,19.0,True,5.0,0.7620836054866287,0.6837034617897029,0.6673742651861767,0.5,live_rolling_pf,5.23403787261796,3.5785298126473113,747.71969608828,751.2982259009273,True,S5_000571,0,primary,3,3478719,A0_BASELINE_075
A0_BASELINE_075,S5,2225370,2225374,2024-04-19T04:23:00,2024-04-19T04:27:00,2024-04-19T04:23:00,2024-04-19T04:27:00,1434,2393.17,2395.6047142857146,2.434714285714394,2.9965714285715617,take_profit,False,2.4347142857145627,19.0,True,5.0,0.7640545144804639,0.6887384560208597,0.6730476105084422,0.5,live_rolling_pf,5.259087581306491,3.6221358608275103,751.2982259009273,754.9203617617547,True,S5_000572,0,primary,3,3478721,A0_BASELINE_075
A0_BASELINE_075,S5,2225376,2225378,2024-04-19T04:29:00,2024-04-19T04:31:00,2024-04-19T04:29:00,2024-04-19T04:31:00,1435,2394.9,2397.8055,2.905500000000039,3.5760000000000485,take_profit,False,2.905499999999847,19.0,True,5.0,0.7715082315453557,0.7077801380774861,0.6945034519383466,0.5,live_rolling_pf,5.2844425323322834,3.7402234651966837,754.9203617617547,758.6605852269514,True,S5_000573,0,primary,3,3478727,A0_BASELINE_075
A0_BASELINE_075,S5,2225398,2225400,2024-04-19T04:51:00,2024-04-19T04:53:00,2024-04-19T04:51:00,2024-04-19T04:53:00,1436,2411.2,2405.4354285714285,4.683714285714375,5.764571428571539,stop_loss,False,-5.764571428571344,19.0,True,5.0,-0.9680917422388238,-1.0083969099371102,-1.016793819874253,0.5,live_rolling_pf,5.31062409658866,-5.355216928837563,758.6605852269514,753.3053682981139,False,S5_000574,0,primary,3,3478749,A0_BASELINE_075
A0_BASELINE_075,S5,2225607,2225624,2024-04-19T08:20:00,2024-04-19T08:37:00,2024-04-19T08:20:00,2024-04-19T08:37:00,1452,2383.9,2381.8782857142855,1.6426428571430312,2.0217142857145,stop_loss,False,-2.021714285714552,22.0,True,5.0,-0.9018608208004403,-1.0223043589090193,-1.0446087178180152,0.5,live_rolling_pf,5.273137578086797,-5.3907515312050815,753.3053682981139,747.9146167669088,False,S5_000575,0,primary,3,3478958,A0_BASELINE_075
A0_BASELINE_075,S5,2225650,2225651,2024-04-19T09:03:00,2024-04-19T09:04:00,2024-04-19T09:03:00,2024-04-19T09:04:00,1455,2380.15,2381.8845714285717,1.7345714285714557,2.1348571428571765,take_profit,False,1.7345714285715985,19.0,True,5.0,0.7460980705420311,0.6428659211012068,0.621359223301035,0.5,live_post_loss_cap;live_rolling_pf,5.2354023173683615,3.365661733090404,747.9146167669088,751.2802784999992,True,S5_000576,0,primary,3,3479001,A0_BASELINE_075
A0_BASELINE_075,S5,2226201,2226205,2024-04-19T18:14:00,2024-04-19T18:18:00,2024-04-19T18:14:00,2024-04-19T18:18:00,1456,2394.22,2395.8385,1.6185000000000271,1.9920000000000333,take_profit,False,1.61850000000004,19.0,True,5.0,0.7417506874427201,0.6317598533455633,0.6088450962419889,0.5,live_rolling_pf,5.258961949499994,3.322401029966014,751.2802784999992,754.6026795299653,True,S5_000577,0,primary,3,3479552,A0_BASELINE_075
A0_BASELINE_075,S5,2226212,2226219,2024-04-19T18:25:00,2024-04-19T18:32:00,2024-04-19T18:25:00,2024-04-19T18:32:00,1457,2393.69,2391.474,1.8004999999999882,2.2159999999999855,stop_loss,False,-2.2159999999998945,19.0,True,5.0,-0.9210307564421895,-1.0207813798835867,-1.041562759767211,0.5,live_rolling_pf,5.2822187567097565,-5.3919905513211495,754.6026795299653,749.2106889786442,False,S5_000578,0,primary,3,3479563,A0_BASELINE_075
A0_BASELINE_075,S5,2228151,2228156,2024-04-23T04:47:00,2024-04-23T04:52:00,2024-04-23T04:47:00,2024-04-23T04:52:00,1460,2310.01,2304.2968571428573,4.641928571428552,5.713142857142833,stop_loss,False,-5.713142857142884,19.0,True,5.0,-0.9678137553845495,-1.008470064372498,-1.0169401287449873,0.5,live_rolling_pf,5.244474822850509,-5.288895862199998,749.2106889786442,743.9217931164442,False,S5_000579,0,primary,3,3481502,A0_BASELINE_075
A0_BASELINE_075,S5,2228392,2228402,2024-04-23T08:48:00,2024-04-23T08:58:00,2024-04-23T08:48:00,2024-04-23T08:58:00,1471,2306.94,2308.617928571429,1.6779285714285868,2.065142857142876,take_profit,False,1.6779285714287653,19.0,True,5.0,0.7440453566452083,0.637621943494316,0.6154503990878801,0.5,live_rolling_pf,5.207452551815109,3.320386016742785,743.9217931164442,747.2421791331869,True,S5_000580,0,primary,3,3481743,A0_BASELINE_075
A0_BASELINE_075,S5,2228595,2228597,2024-04-23T12:11:00,2024-04-23T12:13:00,2024-04-23T12:11:00,2024-04-23T12:13:00,1472,2299.62,2297.788,1.5,1.831999999999971,stop_loss,False,-1.83199999999988,19.0,True,5.0,-0.906033630069192,-1.024727992086998,-1.0494559841740407,0.5,live_rolling_pf,5.230695253932309,-5.360039844781046,747.2421791331869,741.8821392884059,False,S5_000581,0,primary,3,3481946,A0_BASELINE_075
A0_BASELINE_075,S5,2228638,2228646,2024-04-23T12:54:00,2024-04-23T13:02:00,2024-04-23T12:54:00,2024-04-23T13:02:00,1476,2295.24,2296.748928571428,1.5089285714285716,1.8571428571428574,take_profit,False,1.5089285714284415,19.0,True,5.0,0.7370900209350375,0.6198534542916322,0.595429169574256,0.5,live_post_loss_cap;live_rolling_pf,5.193174975018842,3.2190074470062897,741.8821392884059,745.1011467354123,True,S5_000582,0,primary,3,3481989,A0_BASELINE_075
A0_BASELINE_075,S5,2229995,2230005,2024-04-24T12:32:00,2024-04-24T12:42:00,2024-04-24T12:32:00,2024-04-24T12:42:00,1477,2313.1,2314.737071428571,1.6370714285713541,2.014857142857051,take_profit,False,1.6370714285712893,19.0,True,5.0,0.7424841259556499,0.6336335363482851,0.610956330180084,0.5,live_rolling_pf,5.215708027147886,3.3048475218018525,745.1011467354123,748.4059942572142,True,S5_000583,0,primary,3,3483346,A0_BASELINE_075
A0_BASELINE_075,S5,2233109,2233119,2024-04-26T18:28:00,2024-04-26T18:38:00,2024-04-26T18:28:00,2024-04-26T18:38:00,1479,2333.26,2334.883142857143,1.6231428571429012,1.99771428571434,take_profit,False,1.6231428571427386,19.0,True,5.0,0.7419354838708953,0.6322319446257627,0.6093770406163601,0.5,live_rolling_pf,5.238841959800499,3.3121632398317113,748.4059942572142,751.7181574970459,True,S5_000584,0,primary,3,3486460,A0_BASELINE_075
A0_BASELINE_075,S5,2239987,2239990,2024-05-03T18:12:00,2024-05-03T18:15:00,2024-05-03T18:12:00,2024-05-03T18:15:00,1483,2292.55,2294.689428571429,2.139428571428568,2.633142857142853,take_profit,False,2.1394285714286525,19.0,True,5.0,0.7578180346119112,0.6728063961137833,0.65509563809334,0.5,live_rolling_pf,5.262027102479322,3.540325491072166,751.7181574970459,755.2584829881181,True,S5_000585,0,primary,3,3493338,A0_BASELINE_075
A0_BASELINE_075,S5,2239995,2240003,2024-05-03T18:20:00,2024-05-03T18:28:00,2024-05-03T18:20:00,2024-05-03T18:28:00,1484,2294.33,2292.1414285714286,1.7782142857143364,2.188571428571491,stop_loss,False,-2.188571428571322,19.0,True,5.0,-0.9201201201200513,-1.0210210210209496,-1.04204204204197,0.5,live_rolling_pf,5.286809380916827,-5.397943512046833,755.2584829881181,749.8605394760713,False,S5_000586,0,primary,3,3493346,A0_BASELINE_075
A0_BASELINE_075,S5,2240034,2240041,2024-05-03T18:59:00,2024-05-03T19:06:00,2024-05-03T18:59:00,2024-05-03T19:06:00,1487,2293.86,2295.36,1.5,1.642285714285702,take_profit,False,1.5,19.0,True,5.0,0.8186496179635172,0.6876656790893544,0.6603773584905704,0.5,live_post_loss_cap;live_rolling_pf,5.249023776332499,3.6095734997078552,749.8605394760713,753.4701129757791,True,S5_000587,0,primary,3,3493385,A0_BASELINE_075
A0_BASELINE_075,S5,2251030,2251037,2024-05-15T18:28:00,2024-05-15T18:35:00,2024-05-15T18:28:00,2024-05-15T18:35:00,1488,2383.92,2381.5222857142858,1.9481428571428587,2.397714285714288,stop_loss,False,-2.397714285714301,19.0,True,5.0,-0.9265761289610297,-1.0193220713260511,-1.0386441426520974,0.5,live_rolling_pf,5.274290790830454,-5.376201013685215,753.4701129757791,748.0939119620939,False,S5_000588,0,primary,3,3504381,A0_BASELINE_075
A0_BASELINE_075,S5,2253801,2253803,2024-05-17T18:41:00,2024-05-17T18:43:00,2024-05-17T18:41:00,2024-05-17T18:43:00,1489,2406.46,2404.474857142857,1.6129285714286035,1.9851428571428966,stop_loss,False,-1.9851428571428187,19.0,True,5.0,-0.9126494154734978,-1.0229869959279816,-1.045973991855999,0.5,live_rolling_pf,5.2366573837346575,-5.357032405690801,748.0939119620939,742.7368795564031,False,S5_000589,0,primary,3,3507152,A0_BASELINE_075
A0_BASELINE_075,S5,2258452,2258461,2024-05-23T04:17:00,2024-05-23T04:26:00,2024-05-23T04:17:00,2024-05-23T04:26:00,1494,2376.24,2373.696,2.0669999999999784,2.5439999999999734,stop_loss,False,-2.543999999999869,19.0,True,5.0,-0.9305047549377812,-1.0182882223847463,-1.0365764447695307,0.5,live_rolling_pf,5.199158156894822,-5.2942415174815824,742.7368795564031,737.4426380389215,False,S5_000590,0,primary,3,3511803,A0_BASELINE_075
A0_BASELINE_075,S5,2258726,2258727,2024-05-23T08:51:00,2024-05-23T08:52:00,2024-05-23T08:51:00,2024-05-23T08:52:00,1499,2362.49,2364.466,1.9759999999999764,2.431999999999971,take_profit,False,1.9760000000001128,19.0,True,5.0,0.7536231884058484,0.6620900076278154,0.6430205949657252,0.5,live_rolling_pf,5.16209846627245,3.417773812909861,737.4426380389215,740.8604118518314,True,S5_000591,0,primary,3,3512077,A0_BASELINE_075
A0_BASELINE_075,S5,2258732,2258733,2024-05-23T08:57:00,2024-05-23T08:58:00,2024-05-23T08:57:00,2024-05-23T08:58:00,1500,2361.53,2358.875142857143,2.1570714285714305,2.654857142857145,stop_loss,False,-2.654857142857054,19.0,True,5.0,-0.9332128151049194,-1.0175755749723494,-1.0351511499447306,0.5,live_rolling_pf,5.18602288296282,-5.277170216950652,740.8604118518314,735.5832416348807,False,S5_000592,0,primary,3,3512083,A0_BASELINE_075
A0_BASELINE_075,S5,2259845,2259891,2024-05-24T04:31:00,2024-05-24T05:17:00,2024-05-24T04:31:00,2024-05-24T05:17:00,1501,2333.72,2331.7451428571426,1.6045714285714048,1.9748571428571138,stop_loss,False,-1.9748571428572177,19.0,True,5.0,-0.9122343935595031,-1.0230962122212441,-1.04619242444244,0.5,live_rolling_pf,5.149082691444165,-5.268006998030494,735.5832416348807,730.3152346368502,False,S5_000593,0,primary,3,3513196,A0_BASELINE_075
A0_BASELINE_075,S5,2269805,2269806,2024-06-04T12:13:00,2024-06-04T12:14:00,2024-06-04T12:13:00,2024-06-04T12:14:00,1504,2328.42,2329.9818571428573,1.561857142857158,1.922285714285733,take_profit,False,1.5618571428572068,19.0,True,5.0,0.739415663465464,0.6257946706344085,0.6021236304612719,0.5,live_rolling_pf,5.112206642457951,3.199191672032009,730.3152346368502,733.5144263088822,True,S5_000594,0,primary,3,3523156,A0_BASELINE_075
A0_BASELINE_075,S5,2269815,2269841,2024-06-04T12:23:00,2024-06-04T12:49:00,2024-06-04T12:23:00,2024-06-04T12:49:00,1505,2330.73,2332.538857142857,1.8088571428572289,2.22628571428582,take_profit,False,1.8088571428570503,20.0,True,5.0,0.7455252001883419,0.6424870466320581,0.6218794159208014,0.5,live_rolling_pf,5.134600984162176,3.2989146219484153,733.5144263088822,736.8133409308306,True,S5_000595,0,primary,3,3523166,A0_BASELINE_075
A0_BASELINE_075,S5,2272107,2272112,2024-06-06T04:37:00,2024-06-06T04:42:00,2024-06-06T04:37:00,2024-06-06T04:42:00,1507,2370.83,2368.0494285714285,2.259214285714321,2.780571428571472,stop_loss,False,-2.7805714285714203,19.0,True,5.0,-0.9360392420890477,-1.016831778397597,-1.0336635567952115,0.5,live_rolling_pf,5.157693386515814,-5.2445065386404,736.8133409308306,731.5688343921902,False,S5_000596,0,primary,3,3525458,A0_BASELINE_075
A0_BASELINE_075,S5,2274589,2274608,2024-06-07T23:01:00,2024-06-07T23:20:00,2024-06-07T23:01:00,2024-06-07T23:20:00,1509,2288.12,2289.675357142857,1.555357142857185,1.914285714285766,take_profit,False,1.5553571428572468,21.0,True,5.0,0.7321788836584037,0.6097848016140219,0.5862474781439485,0.5,live_rolling_pf,5.120981840745332,3.1226968958279007,731.5688343921902,734.691531288018,True,S5_000597,0,primary,3,3527940,A0_BASELINE_075
A0_BASELINE_075,S5,2276217,2276226,2024-06-11T04:12:00,2024-06-11T04:21:00,2024-06-11T04:12:00,2024-06-11T04:21:00,1512,2306.1,2308.4362857142855,2.3362857142857854,2.875428571428659,take_profit,False,2.336285714285623,19.0,True,5.0,0.7621399944076286,0.6838475160778702,0.667536583092504,0.5,live_rolling_pf,5.142840719016126,3.516918851283306,734.691531288018,738.2084501393014,True,S5_000598,0,primary,3,3529568,A0_BASELINE_075
A0_BASELINE_075,S5,2278677,2278686,2024-06-12T22:13:00,2024-06-12T22:22:00,2024-06-12T22:13:00,2024-06-12T22:22:00,1513,2322.32,2320.3497142857145,1.6008571428569116,1.9702857142854295,stop_loss,False,-1.9702857142856374,19.0,True,5.0,-0.912048670810824,-1.0231450866288523,-1.046290173257608,0.5,live_rolling_pf,5.16745915097511,-5.287060440675484,738.2084501393014,732.9213896986258,False,S5_000599,0,primary,3,3532028,A0_BASELINE_075
A0_BASELINE_075,S5,2278978,2278980,2024-06-13T04:15:00,2024-06-13T04:17:00,2024-06-13T04:15:00,2024-06-13T04:17:00,1516,2315.65,2313.7014285714286,1.5832142857142606,1.9485714285713975,stop_loss,False,-1.9485714285715403,19.0,True,5.0,-0.9111556446226439,-1.0233800935204411,-1.0467601870408156,0.5,live_rolling_pf,5.130449727890381,-5.2504001223303804,732.9213896986258,727.6709895762955,False,S5_000600,0,primary,3,3532329,A0_BASELINE_075
A0_BASELINE_075,S5,2279001,2279002,2024-06-13T04:38:00,2024-06-13T04:39:00,2024-06-13T04:38:00,2024-06-13T04:39:00,1519,2308.62,2310.418642857143,1.7986428571428048,2.213714285714221,take_profit,False,1.7986428571430224,19.0,True,5.0,0.7482764768811063,0.6484309996434952,0.6276298585523262,0.5,live_post_loss_cap;live_rolling_pf,5.093696927034069,3.3029109902777005,727.6709895762955,730.9739005665732,True,S5_000601,0,primary,3,3532352,A0_BASELINE_075
A0_BASELINE_075,S5,2287928,2287929,2024-06-21T18:07:00,2024-06-21T18:08:00,2024-06-21T18:07:00,2024-06-21T18:08:00,1520,2331.21,2332.71,1.5,1.7657142857142132,take_profit,False,1.5,19.0,True,5.0,0.7669831994156603,0.6442658875091547,0.618699780861966,0.5,live_rolling_pf,5.1168173039660125,3.2965908415618634,730.9739005665732,734.2704914081351,True,S5_000602,0,primary,3,3541279,A0_BASELINE_075
A0_BASELINE_075,S5,2287958,2287971,2024-06-21T18:37:00,2024-06-21T18:50:00,2024-06-21T18:37:00,2024-06-21T18:50:00,1521,2327.39,2328.951857142857,1.5618571428570738,1.9222857142856293,take_profit,False,1.5618571428572068,19.0,True,5.0,0.7394156634655003,0.6257946706344393,0.6021236304613016,0.5,live_rolling_pf,5.139893439856945,3.216517922291392,734.2704914081351,737.4870093304264,True,S5_000603,0,primary,3,3541309,A0_BASELINE_075
A0_BASELINE_075,S5,2287973,2287974,2024-06-21T18:52:00,2024-06-21T18:53:00,2024-06-21T18:52:00,2024-06-21T18:53:00,1524,2329.15,2330.65,1.5,1.821714285714396,take_profit,False,1.5,19.0,True,5.0,0.7456327226245862,0.6263314870046525,0.6014770629171662,0.5,live_rolling_pf,5.162409065312985,3.2333793464037797,737.4870093304264,740.7203886768302,True,S5_000604,0,primary,3,3541324,A0_BASELINE_075
A0_BASELINE_075,S5,2288974,2288982,2024-06-24T12:35:00,2024-06-24T12:43:00,2024-06-24T12:35:00,2024-06-24T12:43:00,1525,2324.87,2326.4745714285714,1.604571428571574,1.9748571428573218,take_profit,False,1.6045714285714894,19.0,True,5.0,0.741190444767025,0.6303286261052946,0.6072324138841009,0.5,live_rolling_pf,5.185042720737812,3.2682808544599236,740.7203886768302,743.9886695312902,True,S5_000605,0,primary,3,3542325,A0_BASELINE_075
A0_BASELINE_075,S5,2291260,2291267,2024-06-26T04:43:00,2024-06-26T04:50:00,2024-06-26T04:43:00,2024-06-26T04:50:00,1527,2314.72,2312.653714285714,1.6788571428571362,2.0662857142857063,stop_loss,False,-2.066285714285641,19.0,True,5.0,-0.915790806635402,-1.022160314043279,-1.0443206280865864,0.5,live_rolling_pf,5.2079206867190315,-5.323329844649214,743.9886695312902,738.6653396866409,False,S5_000606,0,primary,3,3544611,A0_BASELINE_075
A0_BASELINE_075,S5,2307071,2307071,2024-07-11T18:02:00,2024-07-11T18:02:00,2024-07-11T18:02:00,2024-07-11T18:02:00,1531,2415.08,2412.912,1.7615000000001082,2.1680000000001334,stop_loss,False,-2.16800000000012,19.0,True,5.0,-0.919423240033926,-1.021204410517381,-1.0424088210347673,0.5,live_rolling_pf,5.170657377806486,-5.28029811949022,738.6653396866409,733.3850415671507,False,S5_000607,0,primary,3,3560422,A0_BASELINE_075
A0_BASELINE_075,S5,2307094,2307095,2024-07-11T18:25:00,2024-07-11T18:26:00,2024-07-11T18:25:00,2024-07-11T18:26:00,1534,2421.46,2423.206642857143,1.746642857142852,2.1497142857142797,take_profit,False,1.7466428571428878,19.0,True,5.0,0.7465197215777413,0.6439430943949348,0.6225729637318501,0.5,live_post_loss_cap;live_rolling_pf,5.133695290970055,3.305807631347962,733.3850415671507,736.6908491984987,True,S5_000608,0,primary,3,3560445,A0_BASELINE_075
A0_BASELINE_075,S5,2307097,2307102,2024-07-11T18:28:00,2024-07-11T18:33:00,2024-07-11T18:28:00,2024-07-11T18:33:00,1535,2421.7,2423.5794285714283,1.8794285714285934,2.3131428571428843,take_profit,False,1.8794285714284342,19.0,True,5.0,0.7508275311036924,0.6549480652892886,0.6349731765779545,0.5,live_post_loss_cap;live_rolling_pf,5.156835944389491,3.3774597247921587,736.6908491984987,740.0683089232908,True,S5_000609,0,primary,3,3560448,A0_BASELINE_075
A0_BASELINE_075,S5,2307107,2307111,2024-07-11T18:38:00,2024-07-11T18:42:00,2024-07-11T18:38:00,2024-07-11T18:42:00,1537,2421.17,2418.8397142857143,1.8933571428572156,2.3302857142858038,stop_loss,False,-2.3302857142857647,19.0,True,5.0,-0.9246117220269683,-1.0198390205191994,-1.039678041038414,0.5,live_post_loss_cap;live_rolling_pf,5.180478162463036,-5.283253775027404,740.0683089232908,734.7850551482634,False,S5_000610,0,primary,3,3560458,A0_BASELINE_075
A0_BASELINE_075,S5,2307126,2307128,2024-07-11T18:57:00,2024-07-11T18:59:00,2024-07-11T18:57:00,2024-07-11T18:59:00,1538,2419.2,2417.453714285714,1.5,1.746285714285737,stop_loss,False,-1.746285714285932,19.0,True,5.0,-0.9018739855394261,-1.0258226353844888,-1.0516452707688768,0.5,live_post_loss_cap;live_rolling_pf,5.143495386037844,-5.2763139919933,734.7850551482634,729.50874115627,False,S5_000611,0,primary,3,3560477,A0_BASELINE_075
A0_BASELINE_075,S5,2312619,2312625,2024-07-17T18:35:00,2024-07-17T18:41:00,2024-07-17T18:35:00,2024-07-17T18:41:00,1540,2464.08,2461.96,1.722500000000017,2.120000000000021,stop_loss,False,-2.119999999999891,19.0,True,5.0,-0.9177489177488621,-1.0216450216449653,-1.0432900432899865,0.5,live_rolling_pf,5.106561188093891,-5.217092815541522,729.50874115627,724.2916483407286,False,S5_000612,0,primary,3,3565970,A0_BASELINE_075
A0_BASELINE_075,S5,2312640,2312643,2024-07-17T18:56:00,2024-07-17T18:59:00,2024-07-17T18:56:00,2024-07-17T18:59:00,1542,2461.63,2463.2317857142857,1.6017857142857144,1.9714285714285715,take_profit,False,1.6017857142855974,19.0,True,5.0,0.7410773298082737,0.6300396563119088,0.6069068076668328,0.5,live_post_loss_cap;live_rolling_pf,5.0700415383851,3.19432722833125,724.2916483407286,727.4859755690599,True,S5_000613,0,primary,3,3565991,A0_BASELINE_075
A0_BASELINE_075,S5,2314516,2314526,2024-07-19T04:14:00,2024-07-19T04:24:00,2024-07-19T04:14:00,2024-07-19T04:24:00,1543,2426.93,2423.7665714285713,2.570285714285657,3.1634285714285006,stop_loss,False,-3.1634285714285397,19.0,True,5.0,-0.9433415693959378,-1.0149101133168732,-1.0298202266337346,0.5,live_rolling_pf,5.092401828983419,-5.1683301173086145,727.4859755690599,722.3176454517512,False,S5_000614,0,primary,3,3567867,A0_BASELINE_075
A0_BASELINE_075,S5,2314822,2314824,2024-07-19T09:20:00,2024-07-19T09:22:00,2024-07-19T09:20:00,2024-07-19T09:22:00,1546,2415.13,2417.3474285714287,2.217428571428666,2.729142857142974,take_profit,False,2.217428571428627,19.0,True,5.0,0.7596163257316124,0.6774004110795653,0.6602720955270553,0.5,live_rolling_pf,5.056223518162259,3.42508788971328,722.3176454517512,725.7427333414645,True,S5_000615,0,primary,3,3568173,A0_BASELINE_075
A0_BASELINE_075,S5,2320036,2320040,2024-07-25T04:20:00,2024-07-25T04:24:00,2024-07-25T04:20:00,2024-07-25T04:24:00,1547,2392.3,2389.862285714286,1.9806428571428505,2.4377142857142777,stop_loss,False,-2.4377142857142644,19.0,True,5.0,-0.9276938131999513,-1.0190279438947434,-1.0380558877894916,0.5,live_rolling_pf,5.080199133390251,-5.176864877474525,725.7427333414645,720.56586846399,False,S5_000616,0,primary,3,3573387,A0_BASELINE_075
A0_BASELINE_075,S5,2320055,2320056,2024-07-25T04:39:00,2024-07-25T04:40:00,2024-07-25T04:39:00,2024-07-25T04:40:00,1548,2380.75,2376.638,3.3410000000000015,4.112000000000002,stop_loss,False,-4.11200000000008,19.0,True,5.0,-0.9558344955834677,-1.0116225011622682,-1.0232450023245183,0.5,live_post_loss_cap;live_rolling_pf,5.04396107924793,-5.102584522753925,720.56586846399,715.4632839412361,False,S5_000617,0,primary,3,3573406,A0_BASELINE_075
A0_BASELINE_075,S5,2320071,2320084,2024-07-25T04:55:00,2024-07-25T05:08:00,2024-07-25T04:55:00,2024-07-25T05:08:00,1550,2375.28,2379.1540000000005,3.8740000000000236,4.768000000000029,take_profit,False,3.874000000000251,19.0,True,5.0,0.78136345300529,0.7329568374344956,0.7228721258572468,0.5,live_post_loss_cap;live_rolling_pf,5.008242987588653,3.6708259412864686,715.4632839412361,719.1341098825226,True,S5_000618,0,primary,3,3573422,A0_BASELINE_075
A0_BASELINE_075,S5,2327775,2327776,2024-08-01T18:25:00,2024-08-01T18:26:00,2024-08-01T18:25:00,2024-08-01T18:26:00,1555,2446.97,2449.1029285714285,2.1329285714285953,2.6251428571428868,take_profit,False,2.1329285714286925,17.0,True,5.0,0.7630839210876362,0.6843759582950376,0.6664877849330834,0.5,live_rolling_pf,5.0339387691776585,3.445106669154502,719.1341098825226,722.5792165516771,True,S5_000619,0,primary,3,3581126,A0_BASELINE_075
A0_BASELINE_075,S5,2327777,2327789,2024-08-01T18:27:00,2024-08-01T18:39:00,2024-08-01T18:27:00,2024-08-01T18:39:00,1556,2448.37,2445.7631428571426,2.118071428571466,2.606857142857189,stop_loss,False,-2.6068571428572795,17.0,True,5.0,-0.9387797098467258,-1.0180059676921818,-1.036011935384331,0.5,live_rolling_pf,5.058054515861739,-5.14912968205964,722.5792165516771,717.4300868696174,False,S5_000620,0,primary,3,3581128,A0_BASELINE_075
A0_BASELINE_075,S5,2327804,2327842,2024-08-01T18:54:00,2024-08-01T19:32:00,2024-08-01T18:54:00,2024-08-01T19:32:00,1559,2445.49,2447.339714285714,1.8497142857142927,2.276571428571437,take_profit,False,1.8497142857140716,17.0,True,5.0,0.7560434427185833,0.6661216863247963,0.6456849235080265,0.5,live_post_loss_cap;live_rolling_pf,5.022010608087322,3.3452701750001426,717.4300868696174,720.7753570446175,True,S5_000621,0,primary,3,3581155,A0_BASELINE_075
A0_BASELINE_075,S5,2329169,2329174,2024-08-02T18:40:00,2024-08-02T18:45:00,2024-08-02T18:40:00,2024-08-02T18:45:00,1561,2424.18,2420.521714285714,2.972357142857163,3.6582857142857392,stop_loss,False,-3.6582857142857392,17.0,True,5.0,-0.9555937010224647,-1.0130606761698635,-1.0261213523397268,0.5,live_rolling_pf,5.045427499312323,-5.111324194019366,720.7753570446175,715.6640328505981,False,S5_000622,0,primary,3,3582520,A0_BASELINE_075
A0_BASELINE_075,S5,2329221,2329223,2024-08-02T19:32:00,2024-08-02T19:34:00,2024-08-02T19:32:00,2024-08-02T19:34:00,1563,2435.21,2432.3345714285715,2.336285714285743,2.875428571428607,stop_loss,False,-2.875428571428529,17.0,True,5.0,-0.9441786283891297,-1.0164180504737523,-1.03283610094753,0.5,live_post_loss_cap;live_rolling_pf,5.009648229954187,-5.091896887449319,715.6640328505981,710.5721359631488,False,S5_000623,0,primary,3,3582572,A0_BASELINE_075
A0_BASELINE_075,S5,2329248,2329254,2024-08-02T19:59:00,2024-08-02T20:05:00,2024-08-02T19:59:00,2024-08-02T20:05:00,1567,2430.25,2427.692285714286,2.0781428571426983,2.5577142857140904,stop_loss,False,-2.5577142857141553,17.0,True,5.0,-0.9376767570964895,-1.018330365559887,-1.03666073111975,0.5,live_post_loss_cap;live_rolling_pf,4.9740049517420415,-5.065180280804161,710.5721359631488,705.5069556823446,False,S5_000624,0,primary,3,3582599,A0_BASELINE_075
A0_BASELINE_075,S5,2329308,2329308,2024-08-02T20:59:00,2024-08-02T20:59:00,2024-08-02T20:59:00,2024-08-02T20:59:00,1568,2426.48,2427.98,1.5,1.7394285714287046,take_profit,False,1.5,17.0,True,5.0,0.7855753404159261,0.6703576238215903,0.6441717791410594,0.5,live_post_loss_cap;live_rolling_pf,4.938548689776412,3.3105937648057435,705.5069556823446,708.8175494471503,True,S5_000625,0,primary,3,3582659,A0_BASELINE_075
A0_BASELINE_075,S5,2330156,2330162,2024-08-05T12:09:00,2024-08-05T12:15:00,2024-08-05T12:09:00,2024-08-05T12:15:00,1569,2424.21,2422.2202857142856,1.6166428571429703,1.989714285714425,stop_loss,False,-1.989714285714399,18.0,True,5.0,-0.9170397682380761,-1.0230445088227413,-1.046089017645495,0.5,live_rolling_pf,4.961722846130052,-5.0760633120336935,708.8175494471503,703.7414861351166,False,S5_000626,0,primary,3,3583507,A0_BASELINE_075
A0_BASELINE_075,S5,2331334,2331341,2024-08-06T08:48:00,2024-08-06T08:55:00,2024-08-06T08:48:00,2024-08-06T08:55:00,1570,2403.77,2401.154,2.125500000000073,2.61600000000009,stop_loss,False,-2.6159999999999854,17.0,True,5.0,-0.9389806173725417,-1.0179468772433218,-1.0358937544866806,0.5,live_rolling_pf,4.926190402945816,-5.014600137384715,703.7414861351166,698.7268859977319,False,S5_000627,0,primary,3,3584685,A0_BASELINE_075
A0_BASELINE_075,S5,2332451,2332453,2024-08-07T04:26:00,2024-08-07T04:28:00,2024-08-07T04:26:00,2024-08-07T04:28:00,1573,2381.13,2383.054,1.923999999999939,2.3679999999999253,take_profit,False,1.9239999999999782,17.0,True,5.0,0.7580772261623463,0.6713947990543847,0.6516942474389389,0.5,live_rolling_pf,4.8910882019841235,3.2838511805284023,698.7268859977319,702.0107371782602,True,S5_000628,0,primary,3,3585802,A0_BASELINE_075
A0_BASELINE_075,S5,2332454,2332460,2024-08-07T04:29:00,2024-08-07T04:35:00,2024-08-07T04:29:00,2024-08-07T04:35:00,1573,2382.42,2384.4145714285714,1.9945714285713458,2.454857142857041,take_profit,False,1.994571428571362,17.0,True,5.0,0.7598780886034656,0.6760640034831837,0.6570153477740287,0.5,live_rolling_pf,4.914075160247822,3.32222932625441,702.0107371782602,705.3329665045146,True,S5_000629,1,primary,3,3585805,A0_BASELINE_075
A0_BASELINE_075,S5,2332474,2332476,2024-08-07T04:49:00,2024-08-07T04:51:00,2024-08-07T04:49:00,2024-08-07T04:51:00,1574,2382.28,2384.6395,2.359500000000071,2.9040000000000874,take_profit,False,2.3595000000000255,17.0,True,5.0,0.7675666883539227,0.695998698763814,0.679733246584244,0.5,live_rolling_pf,4.937330765531603,3.4363757881765413,705.3329665045146,708.7693422926911,True,S5_000630,0,primary,3,3585825,A0_BASELINE_075
A0_BASELINE_075,S5,2332484,2332486,2024-08-07T04:59:00,2024-08-07T05:01:00,2024-08-07T04:59:00,2024-08-07T05:01:00,1575,2383.57,2385.9629285714286,2.392928571428612,2.945142857142907,take_profit,False,2.392928571428456,17.0,True,5.0,0.7681601394111219,0.697537375034346,0.6814867467668969,0.5,live_rolling_pf,4.961385396048838,3.4607517456936456,708.7693422926911,712.2300940383848,True,S5_000631,0,primary,3,3585835,A0_BASELINE_075
A0_BASELINE_075,S5,2333816,2333819,2024-08-08T04:12:00,2024-08-08T04:15:00,2024-08-08T04:12:00,2024-08-08T04:15:00,1578,2389.13,2387.0214285714287,1.7132142857142265,2.1085714285713557,stop_loss,False,-2.108571428571395,17.0,True,5.0,-0.9253918495297954,-1.0219435736677296,-1.0438871473354419,0.5,live_rolling_pf,4.985610658268693,-5.0950127730270305,712.2300940383848,707.1350812653577,False,S5_000632,0,primary,3,3587167,A0_BASELINE_075
A0_BASELINE_075,S5,2340160,2340162,2024-08-14T18:01:00,2024-08-14T18:03:00,2024-08-14T18:01:00,2024-08-14T18:03:00,1579,2450.38,2452.0235714285714,1.6435714285713694,2.02285714285707,take_profit,False,1.6435714285712493,17.0,True,5.0,0.749511400651409,0.6491856677523828,0.626384364820786,0.5,live_rolling_pf,4.949945568857504,3.2134337194567073,707.1350812653577,710.3485149848144,True,S5_000633,0,primary,3,3593511,A0_BASELINE_075
A0_BASELINE_075,S5,2340163,2340177,2024-08-14T18:04:00,2024-08-14T18:18:00,2024-08-14T18:04:00,2024-08-14T18:18:00,1579,2451.22,2449.1697142857142,1.6658571428570634,2.0502857142856166,stop_loss,False,-2.0502857142855646,17.0,True,5.0,-0.9234332775704275,-1.0225196242439618,-1.0450392484879467,0.5,live_rolling_pf,4.972439604893701,-5.084417076371701,710.3485149848144,705.2640979084427,False,S5_000634,1,primary,3,3593514,A0_BASELINE_075
A0_BASELINE_075,S5,2340193,2340204,2024-08-14T18:34:00,2024-08-14T18:45:00,2024-08-14T18:34:00,2024-08-14T18:45:00,1582,2445.39,2443.383142857143,1.6305714285714237,2.006857142857137,stop_loss,False,-2.0068571428569157,17.0,True,5.0,-0.9219057619109101,-1.0229688935554833,-1.045937787111068,0.5,live_post_loss_cap;live_rolling_pf,4.9368486853591,-5.05024263731264,705.2640979084427,700.2138552711301,False,S5_000635,0,primary,3,3593544,A0_BASELINE_075
A0_BASELINE_075,S5,2342919,2342924,2024-08-16T18:02:00,2024-08-16T18:07:00,2024-08-16T18:02:00,2024-08-16T18:07:00,1590,2487.71,2489.556,1.84600000000001,2.2720000000000122,take_profit,False,1.8460000000000036,17.0,True,5.0,0.7559377559377537,0.6658476658476641,0.6453726453726436,0.5,live_rolling_pf,4.901496986897911,3.2636503278853324,700.2138552711301,703.4775055990154,True,S5_000636,0,primary,3,3596270,A0_BASELINE_075
A0_BASELINE_075,S5,2347063,2347071,2024-08-21T18:10:00,2024-08-21T18:18:00,2024-08-21T18:10:00,2024-08-21T18:18:00,1592,2504.8,2506.5615000000003,1.7615000000000236,2.168000000000029,take_profit,False,1.7615000000000691,17.0,True,5.0,0.7534217279726464,0.6593242087254277,0.6379384088965144,0.5,live_rolling_pf,4.924342539193108,3.2467382481464595,703.4775055990154,706.7242438471619,True,S5_000637,0,primary,3,3600414,A0_BASELINE_075
A0_BASELINE_075,S5,2349856,2349856,2024-08-23T18:45:00,2024-08-23T18:45:00,2024-08-23T18:45:00,2024-08-23T18:45:00,1593,2515.38,2513.322857142857,1.6714285714286137,2.0571428571429093,stop_loss,False,-2.057142857142935,17.0,True,5.0,-0.9236690186016812,-1.0224502886465794,-1.0449005772931472,0.5,live_rolling_pf,4.947069706930134,-5.058132849805465,706.7242438471619,701.6661109973564,False,S5_000638,0,primary,3,3603207,A0_BASELINE_075
A0_BASELINE_075,S5,2356729,2356734,2024-08-30T18:25:00,2024-08-30T18:30:00,2024-08-30T18:25:00,2024-08-30T18:30:00,1594,2505.63,2503.566,1.6770000000001217,2.0640000000001497,stop_loss,False,-2.0640000000003056,17.0,True,5.0,-0.9239033124441215,-1.0223813786929958,-1.0447627573859217,0.5,live_rolling_pf,4.911662776981495,-5.021592561605409,701.6661109973564,696.644518435751,False,S5_000639,0,primary,3,3610080,A0_BASELINE_075
A0_BASELINE_075,S5,2356749,2356751,2024-08-30T18:45:00,2024-08-30T18:47:00,2024-08-30T18:45:00,2024-08-30T18:47:00,1596,2504.99,2503.1865714285714,1.5,1.8034285714285425,stop_loss,False,-1.8034285714284124,17.0,True,5.0,-0.9138555089039433,-1.0253366150281669,-1.0506732300563992,0.5,live_post_loss_cap;live_rolling_pf,4.876511629050257,-5.000065926875882,696.644518435751,691.6444525088751,False,S5_000640,0,primary,3,3610100,A0_BASELINE_075
A0_BASELINE_075,S5,2360335,2360359,2024-09-04T12:08:00,2024-09-04T12:32:00,2024-09-04T12:08:00,2024-09-04T12:32:00,1598,2474.91,2476.439357142857,1.5293571428571244,1.8822857142856915,take_profit,False,1.5293571428569521,17.0,True,5.0,0.7451969928998179,0.6379994431295257,0.6136363636362775,0.5,live_rolling_pf,4.841511167562126,3.088881428810016,691.6444525088751,694.7333339376852,True,S5_000641,0,primary,3,3613686,A0_BASELINE_075
A0_BASELINE_075,S5,2362103,2362104,2024-09-05T18:37:00,2024-09-05T18:38:00,2024-09-05T18:37:00,2024-09-05T18:38:00,1600,2508.63,2510.13,1.5,1.7977142857143917,take_profit,False,1.5,17.0,True,5.0,0.7623057935239897,0.650500943807138,0.6250907506896716,0.5,live_rolling_pf,4.863133337563797,3.1634728259452065,694.7333339376852,697.8968067636304,True,S5_000642,0,primary,3,3615454,A0_BASELINE_075
A0_BASELINE_075,S5,2363495,2363497,2024-09-06T18:50:00,2024-09-06T18:52:00,2024-09-06T18:50:00,2024-09-06T18:52:00,1601,2508.05,2505.493428571429,2.077214285714191,2.556571428571312,stop_loss,False,-2.55657142857126,17.0,True,5.0,-0.9376506339725236,-1.018338048831586,-1.0366760976631912,0.5,live_rolling_pf,4.885277647345412,-4.974864107398289,697.8968067636304,692.9219426562321,False,S5_000643,0,primary,3,3616846,A0_BASELINE_075
A0_BASELINE_075,S5,2368965,2368968,2024-09-12T18:05:00,2024-09-12T18:08:00,2024-09-12T18:05:00,2024-09-12T18:08:00,1602,2552.66,2554.571,1.9109999999999934,2.351999999999992,take_profit,False,1.9110000000000582,17.0,True,5.0,0.7577319587629121,0.6704996034893195,0.6506740681998666,0.5,live_rolling_pf,4.850453598593624,3.2522272146003677,692.9219426562321,696.1741698708324,True,S5_000644,0,primary,3,3622316,A0_BASELINE_075
A0_BASELINE_075,S5,2368969,2368970,2024-09-12T18:09:00,2024-09-12T18:10:00,2024-09-12T18:09:00,2024-09-12T18:10:00,1603,2554.47,2552.363714285714,1.7113571428571277,2.1062857142856957,stop_loss,False,-2.1062857142856046,17.0,True,5.0,-0.9253169323458864,-1.0219656081335111,-1.0439312162670622,0.5,live_rolling_pf,4.873219189095827,-4.9802624121522125,696.1741698708324,691.1939074586802,False,S5_000645,0,primary,3,3622320,A0_BASELINE_075
A0_BASELINE_075,S5,2368987,2369028,2024-09-12T18:27:00,2024-09-12T19:08:00,2024-09-12T18:27:00,2024-09-12T19:08:00,1605,2553.05,2550.9437142857146,1.7113571428571277,2.1062857142856957,stop_loss,False,-2.1062857142856046,17.0,True,5.0,-0.9253169323458864,-1.0219656081335111,-1.0439312162670622,0.5,live_post_loss_cap;live_rolling_pf,4.838357352210761,-4.944634813819316,691.1939074586802,686.2492726448609,False,S5_000646,0,primary,3,3622338,A0_BASELINE_075
A0_BASELINE_075,S5,2370367,2370371,2024-09-13T18:28:00,2024-09-13T18:32:00,2024-09-13T18:28:00,2024-09-13T18:32:00,1606,2577.44,2579.1225714285715,1.682571428571334,2.0708571428570264,take_profit,False,1.682571428571464,17.0,True,5.0,0.7508606400612559,0.6526839219686842,0.6303710314930997,0.5,live_rolling_pf,4.803744908514026,3.1353270670260325,686.2492726448609,689.384599711887,True,S5_000647,0,primary,3,3623718,A0_BASELINE_075
A0_BASELINE_075,S5,2373148,2373156,2024-09-17T18:52:00,2024-09-17T19:00:00,2024-09-17T18:52:00,2024-09-17T19:00:00,1607,2566.18,2564.0131428571426,1.7605714285713896,2.166857142857095,stop_loss,False,-2.166857142857225,17.0,True,5.0,-0.927252720381519,-1.02139625871139,-1.0427925174227244,0.5,live_rolling_pf,4.825692197983209,-4.928943956712794,689.384599711887,684.4556557551741,False,S5_000648,0,primary,3,3626499,A0_BASELINE_075
A0_BASELINE_075,S5,2375531,2375564,2024-09-19T12:37:00,2024-09-19T13:10:00,2024-09-19T12:37:00,2024-09-19T13:10:00,1609,2591.98,2589.5114285714285,2.005714285714235,2.4685714285713662,stop_loss,False,-2.468571428571522,17.0,True,5.0,-0.9355711965349791,-1.0189496480780238,-1.0378992961559885,0.5,live_rolling_pf,4.791189590286219,-4.881980946897234,684.4556557551741,679.5736748082769,False,S5_000649,0,primary,3,3628882,A0_BASELINE_075
A0_BASELINE_075,S5,2375858,2375860,2024-09-19T18:04:00,2024-09-19T18:06:00,2024-09-19T18:04:00,2024-09-19T18:06:00,1611,2581.12,2582.7617142857143,1.6417142857142284,2.020571428571358,take_profit,False,1.6417142857144427,17.0,True,5.0,0.7494456762750404,0.6490152602061706,0.6261901656450638,0.5,live_rolling_pf,4.757015723657938,3.0873757976947016,679.5736748082769,682.6610506059716,True,S5_000650,0,primary,3,3629209,A0_BASELINE_075
A0_BASELINE_075,S5,2375861,2375873,2024-09-19T18:07:00,2024-09-19T18:19:00,2024-09-19T18:07:00,2024-09-19T18:19:00,1611,2582.71,2584.297857142857,1.5878571428570922,1.954285714285652,take_profit,False,1.5878571428570467,17.0,True,5.0,0.7474781439138973,0.6439139206455688,0.6203765971754941,0.5,live_rolling_pf,4.778627354241801,3.077024674974,682.6610506059716,685.7380752809456,True,S5_000651,1,primary,3,3629212,A0_BASELINE_075
A0_BASELINE_075,S5,2377242,2377242,2024-09-20T18:09:00,2024-09-20T18:09:00,2024-09-20T18:09:00,2024-09-20T18:09:00,1613,2617.94,2616.108,1.5,1.8320000000000751,stop_loss,False,-1.83199999999988,17.0,True,5.0,-0.9150849150848207,-1.0249750249749265,-1.0499500499499506,0.5,live_rolling_pf,4.80016652696662,-4.920050805861417,685.7380752809456,680.8180244750843,False,S5_000652,0,primary,3,3630593,A0_BASELINE_075
A0_BASELINE_075,S5,2381375,2381379,2024-09-25T18:06:00,2024-09-25T18:10:00,2024-09-25T18:06:00,2024-09-25T18:10:00,1614,2657.5,2659.593,2.0929999999999547,2.575999999999944,take_profit,False,2.092999999999847,17.0,True,5.0,0.7621995630006883,0.6820830298615752,0.663874726875413,0.5,live_rolling_pf,4.76572617132559,3.250620946428363,680.8180244750843,684.0686454215127,True,S5_000653,0,primary,3,3634726,A0_BASELINE_075
A0_BASELINE_075,S5,2382753,2382758,2024-09-26T18:05:00,2024-09-26T18:10:00,2024-09-26T18:05:00,2024-09-26T18:10:00,1615,2665.4,2667.243214285714,1.8432142857142773,2.268571428571418,take_profit,False,1.8432142857141116,17.0,True,5.0,0.755858230814226,0.6656414762740968,0.6451376684240673,0.5,live_rolling_pf,4.788480517950589,3.1874112410783817,684.0686454215127,687.256056662591,True,S5_000654,0,primary,3,3636104,A0_BASELINE_075
A0_BASELINE_075,S5,2382759,2382769,2024-09-26T18:11:00,2024-09-26T18:21:00,2024-09-26T18:11:00,2024-09-26T18:21:00,1615,2666.21,2668.071785714286,1.861785714285689,2.2914285714285403,take_profit,False,1.8617857142858156,17.0,True,5.0,0.7563842135810142,0.667005223447525,0.6466918165990047,0.5,live_rolling_pf,4.810792396638138,3.2088236574792752,687.256056662591,690.4648803200703,True,S5_000655,1,primary,3,3636110,A0_BASELINE_075
A0_BASELINE_075,S5,2382778,2382780,2024-09-26T18:30:00,2024-09-26T18:32:00,2024-09-26T18:30:00,2024-09-26T18:32:00,1616,2669.74,2671.399357142857,1.6593571428570904,2.04228571428565,take_profit,False,1.6593571428570613,17.0,True,5.0,0.7500645744543308,0.6506199147617023,0.6280188557406504,0.5,live_rolling_pf,4.833254162240492,3.1446114110585524,690.4648803200703,693.6094917311289,True,S5_000656,0,primary,3,3636129,A0_BASELINE_075
A0_BASELINE_075,S5,2382785,2382792,2024-09-26T18:37:00,2024-09-26T18:44:00,2024-09-26T18:37:00,2024-09-26T18:44:00,1617,2670.68,2672.18,1.5,1.7931428571427597,take_profit,False,1.5,18.0,True,5.0,0.7602085143353982,0.6436432088039704,0.6183029249927905,0.5,live_rolling_pf,4.855266442117902,3.125059272403003,693.6094917311289,696.7345510035318,True,S5_000657,0,primary,3,3636136,A0_BASELINE_075
A0_BASELINE_075,S5,2384184,2384190,2024-09-27T18:57:00,2024-09-27T19:03:00,2024-09-27T18:57:00,2024-09-27T19:03:00,1618,2649.41,2646.927714285714,2.016857142857082,2.4822857142856396,stop_loss,False,-2.4822857142858084,17.0,True,5.0,-0.9359043412690482,-1.0188516643327152,-1.037703328665367,0.5,live_rolling_pf,4.877141857024723,-4.969084098216388,696.7345510035318,691.7654669053154,False,S5_000658,0,primary,3,3637535,A0_BASELINE_075
A0_BASELINE_075,S5,2387701,2387714,2024-10-02T08:38:00,2024-10-02T08:51:00,2024-10-02T08:38:00,2024-10-02T08:51:00,1620,2647.52,2645.1634285714285,1.9147142857142756,2.3565714285714163,stop_loss,False,-2.356571428571442,17.0,True,5.0,-0.9327151419201727,-1.019789664141139,-1.0395793282822676,0.5,live_rolling_pf,4.8423582683372075,-4.938186912118669,691.7654669053154,686.8272799931967,False,S5_000659,0,primary,3,3641052,A0_BASELINE_075
A0_BASELINE_075,S5,2392953,2392960,2024-10-08T04:16:00,2024-10-08T04:23:00,2024-10-08T04:16:00,2024-10-08T04:23:00,1621,2639.97,2641.7203571428568,1.7503571428570923,2.154285714285652,take_profit,False,1.7503571428569558,17.0,True,5.0,0.753073140749786,0.6584204056545161,0.6369084204055911,0.5,live_rolling_pf,4.807790959952377,3.1655476741539594,686.8272799931967,689.9928276673506,True,S5_000660,0,primary,3,3646304,A0_BASELINE_075
A0_BASELINE_075,S5,2402069,2402070,2024-10-16T18:19:00,2024-10-16T18:20:00,2024-10-16T18:19:00,2024-10-16T18:20:00,1624,2671.4,2672.9,1.5,1.7977142857142359,take_profit,False,1.5,17.0,True,5.0,0.7623057935240501,0.6505009438071895,0.6250907506897211,0.5,live_rolling_pf,4.829949793671455,3.1418868993246214,689.9928276673506,693.1347145666753,True,S5_000661,0,primary,3,3655420,A0_BASELINE_075
A0_BASELINE_075,S5,2404856,2404876,2024-10-18T18:48:00,2024-10-18T19:08:00,2024-10-18T18:48:00,2024-10-18T19:08:00,1625,2715.87,2717.4782857142854,1.6082857142857718,1.9794285714286421,take_profit,False,1.6082857142855573,17.0,True,5.0,0.7482387345472904,0.6458859497539933,0.622623953210062,0.5,live_rolling_pf,4.851943001966727,3.1338018139775206,693.1347145666753,696.2685163806527,True,S5_000662,0,primary,3,3658207,A0_BASELINE_075
A0_BASELINE_075,S5,2408951,2408954,2024-10-23T18:07:00,2024-10-23T18:10:00,2024-10-23T18:07:00,2024-10-23T18:10:00,1626,2718.23,2715.731714285714,2.029857142857155,2.498285714285729,stop_loss,False,-2.4982857142858848,17.0,True,5.0,-0.9362886818717795,-1.0187386229789641,-1.0374772459578696,0.5,live_rolling_pf,4.8738796146645695,-4.9652094072086275,696.2685163806527,691.3033069734441,False,S5_000663,0,primary,3,3662302,A0_BASELINE_075
A0_BASELINE_075,S5,2410383,2410389,2024-10-24T19:00:00,2024-10-24T19:06:00,2024-10-24T19:00:00,2024-10-24T19:06:00,1628,2731.15,2729.351142857143,1.5,1.7988571428570659,stop_loss,False,-1.7988571428572868,17.0,True,5.0,-0.9136554926717095,-1.0253954433319956,-1.0507908866638787,0.5,live_rolling_pf,4.839123148814109,-4.962014826516366,691.3033069734441,686.3412921469278,False,S5_000664,0,primary,3,3663734,A0_BASELINE_075
A0_BASELINE_075,S5,2420553,2420556,2024-11-05T04:40:00,2024-11-05T04:43:00,2024-11-05T04:40:00,2024-11-05T04:43:00,1629,2728.53,2726.437428571429,1.7002142857143652,2.0925714285715262,stop_loss,False,-2.0925714285713184,17.0,True,5.0,-0.9248642505365954,-1.022098749842059,-1.0441974996842098,0.5,live_rolling_pf,4.804389045028494,-4.910560036678508,686.3412921469278,681.4307321102493,False,S5_000665,0,primary,3,3673904,A0_BASELINE_075
A0_BASELINE_075,S5,2422144,2422148,2024-11-06T08:12:00,2024-11-06T08:16:00,2024-11-06T08:12:00,2024-11-06T08:16:00,1637,2733.12,2734.620571428571,1.5005714285714151,1.8468571428571263,take_profit,False,1.5005714285712202,17.0,True,5.0,0.7440147329649119,0.6349341266467357,0.610143079756241,0.5,live_rolling_pf,4.770015124771746,3.0286453873386683,681.4307321102493,684.459377497588,True,S5_000666,0,primary,3,3675495,A0_BASELINE_075
A0_BASELINE_075,S5,2422157,2422158,2024-11-06T08:25:00,2024-11-06T08:26:00,2024-11-06T08:25:00,2024-11-06T08:26:00,1638,2728.19,2725.3797142857143,2.2833571428571986,2.810285714285783,stop_loss,False,-2.810285714285783,17.0,True,5.0,-0.9429584891189736,-1.0167769149650079,-1.0335538299300155,0.5,live_rolling_pf,4.791215642483116,-4.871597459896071,684.459377497588,679.5877800376919,False,S5_000667,0,primary,3,3675508,A0_BASELINE_075
A0_BASELINE_075,S5,2422173,2422179,2024-11-06T08:41:00,2024-11-06T08:47:00,2024-11-06T08:41:00,2024-11-06T08:47:00,1638,2706.14,2711.5285,5.388500000000061,6.632000000000075,take_profit,False,5.388500000000022,17.0,True,5.0,0.7921934725080804,0.7598500441046699,0.7524992649220767,0.5,live_post_loss_cap;live_rolling_pf,4.7571144602638435,3.6146936324424446,679.5877800376919,683.2024736701344,True,S5_000668,1,primary,3,3675524,A0_BASELINE_075
A0_BASELINE_075,S5,2422383,2422385,2024-11-06T12:11:00,2024-11-06T12:13:00,2024-11-06T12:11:00,2024-11-06T12:13:00,1639,2722.4,2723.9145,1.5144999999999107,1.86399999999989,take_profit,False,1.5144999999997708,17.0,True,5.0,0.7445919370697407,0.6364306784659984,0.6118485742378751,0.5,live_rolling_pf,4.782417315690941,3.0436770969327243,683.2024736701344,686.2461507670671,True,S5_000669,0,primary,3,3675734,A0_BASELINE_075
A0_BASELINE_075,S5,2422390,2422392,2024-11-06T12:18:00,2024-11-06T12:20:00,2024-11-06T12:18:00,2024-11-06T12:20:00,1640,2722.57,2724.07,1.5,1.7828571428571327,take_profit,False,1.5,17.0,True,5.0,0.7681053401609403,0.6554498902706691,0.6298463789319712,0.5,live_rolling_pf,4.80372305536947,3.148599749532602,686.2461507670671,689.3947505165997,True,S5_000670,0,primary,3,3675741,A0_BASELINE_075
A0_BASELINE_075,S5,2422405,2422411,2024-11-06T12:33:00,2024-11-06T12:39:00,2024-11-06T12:33:00,2024-11-06T12:39:00,1642,2726.28,2724.4205714285717,1.5107857142857126,1.8594285714285694,stop_loss,False,-1.8594285714284524,17.0,True,5.0,-0.9162325777839772,-1.024637477122285,-1.0492749542446276,0.5,live_rolling_pf,4.8257632536161985,-4.944657885374731,689.3947505165997,684.4500926312251,False,S5_000671,0,primary,3,3675756,A0_BASELINE_075
A0_BASELINE_075,S5,2422756,2422757,2024-11-06T18:24:00,2024-11-06T18:25:00,2024-11-06T18:24:00,2024-11-06T18:25:00,1648,2664.42,2666.3755714285717,1.9555714285714658,2.4068571428571888,take_profit,False,1.9555714285716022,17.0,True,5.0,0.7588978822486402,0.6735225634771593,0.6541190819381864,0.5,live_rolling_pf,4.791150648418576,3.2269480667281334,684.4500926312251,687.6770406979532,True,S5_000672,0,primary,3,3676107,A0_BASELINE_075
A0_BASELINE_075,S5,2427648,2427654,2024-11-12T08:01:00,2024-11-12T08:07:00,2024-11-12T08:01:00,2024-11-12T08:07:00,1654,2605.84,2607.5077142857144,1.6677142857143314,2.052571428571485,take_profit,False,1.6677142857142826,17.0,True,5.0,0.7503535158760563,0.6513690705746061,0.6288726057333675,0.5,live_rolling_pf,4.813739284885672,3.1355208839844497,687.6770406979532,690.8125615819376,True,S5_000673,0,primary,3,3680999,A0_BASELINE_075
A0_BASELINE_075,S5,2427905,2427906,2024-11-12T12:18:00,2024-11-12T12:19:00,2024-11-12T12:18:00,2024-11-12T12:19:00,1655,2593.15,2591.1762857142858,1.6036428571428978,1.973714285714336,stop_loss,False,-1.9737142857143226,17.0,True,5.0,-0.9206983873117377,-1.0233240037318339,-1.046648007463674,0.5,live_rolling_pf,4.835687931073563,-4.948475534423907,690.8125615819376,685.8640860475138,False,S5_000674,0,primary,3,3681256,A0_BASELINE_075
A0_BASELINE_075,S5,2427922,2427930,2024-11-12T12:35:00,2024-11-12T12:43:00,2024-11-12T12:35:00,2024-11-12T12:43:00,1658,2591.48,2593.0994285714287,1.6194285714286611,1.9931428571429675,take_profit,False,1.6194285714286707,17.0,True,5.0,0.7486461497820709,0.6469422797516969,0.6238277638357029,0.5,live_post_loss_cap;live_rolling_pf,4.801048602332596,3.106001327991748,685.8640860475138,688.9700873755055,True,S5_000675,0,primary,3,3681273,A0_BASELINE_075
A0_BASELINE_075,S5,2440683,2440686,2024-11-25T18:27:00,2024-11-25T18:30:00,2024-11-25T18:27:00,2024-11-25T18:30:00,1660,2631.88,2633.487357142857,1.6073571428571378,1.978285714285708,take_profit,False,1.6073571428569267,16.0,True,5.0,0.7517036344199972,0.6534941207909216,0.6301109032601894,0.5,live_rolling_pf,4.822790611628538,3.1516653105049026,688.9700873755055,692.1217526860104,True,S5_000676,0,primary,3,3694034,A0_BASELINE_075
A0_BASELINE_075,S5,2440687,2440687,2024-11-25T18:31:00,2024-11-25T18:31:00,2024-11-25T18:31:00,2024-11-25T18:31:00,1660,2633.38,2634.987357142857,1.6073571428570956,1.978285714285656,take_profit,False,1.6073571428569267,16.0,True,5.0,0.7517036344200155,0.6534941207909375,0.6301109032602046,0.5,live_rolling_pf,4.8448522688020725,3.1660824737627893,692.1217526860104,695.2878351597732,True,S5_000677,1,primary,3,3694038,A0_BASELINE_075
A0_BASELINE_075,S5,2440711,2440718,2024-11-25T18:55:00,2024-11-25T19:02:00,2024-11-25T18:55:00,2024-11-25T19:02:00,1661,2631.01,2632.51,1.5,1.8411428571428718,take_profit,False,1.5,16.0,True,5.0,0.7495716733295205,0.6446316390633876,0.6196459166190702,0.5,live_rolling_pf,4.867014846118412,3.137431757599153,695.2878351597732,698.4252669173724,True,S5_000678,0,primary,3,3694062,A0_BASELINE_075
A0_BASELINE_075,S5,2445207,2445217,2024-11-29T04:29:00,2024-11-29T04:39:00,2024-11-29T04:29:00,2024-11-29T04:39:00,1663,2660.38,2658.078285714286,1.8701428571429721,2.3017142857144273,stop_loss,False,-2.301714285714297,17.0,True,5.0,-0.9312218240665332,-1.020228875274481,-1.0404577505490145,1.0,,9.777953736843214,-9.975750743425461,698.4252669173724,688.4495161739469,False,S5_000679,0,primary,3,3698558,A0_BASELINE_075
A0_BASELINE_075,S5,2456930,2456938,2024-12-11T18:19:00,2024-12-11T18:27:00,2024-12-11T18:19:00,2024-12-11T18:27:00,1674,2714.59,2716.274428571429,1.684428571428602,2.0731428571428947,take_profit,False,1.6844285714287253,16.0,True,5.0,0.7542860798362895,0.6602482088025142,0.6378582395087582,1.0,,9.638293226435257,6.363665838667284,688.4495161739469,694.8131820126142,True,S5_000680,0,primary,3,3710281,A0_BASELINE_075
A0_BASELINE_075,S5,2458302,2458312,2024-12-12T18:12:00,2024-12-12T18:22:00,2024-12-12T18:12:00,2024-12-12T18:22:00,1675,2682.1,2680.002857142857,1.7039285714285206,2.097142857142795,stop_loss,False,-2.0971428571428987,16.0,True,5.0,-0.9291139240506769,-1.0221518987342237,-1.0443037974684015,1.0,,9.7273845481766,-9.942864585636661,694.8131820126142,684.8703174269775,False,S5_000681,0,primary,3,3711653,A0_BASELINE_075
A0_BASELINE_075,S5,2458329,2458350,2024-12-12T18:39:00,2024-12-12T19:00:00,2024-12-12T18:39:00,2024-12-12T19:00:00,1678,2682.33,2683.83,1.5,1.7954285714284717,take_profit,False,1.5,16.0,True,5.0,0.767095265926398,0.6597019286967023,0.6341320864991556,0.5,live_post_loss_cap;live_rolling_pf,4.794092221988842,3.1626718851958984,684.8703174269775,688.0329893121734,True,S5_000682,0,primary,3,3711680,A0_BASELINE_075
A0_BASELINE_075,S5,2464120,2464124,2024-12-18T23:15:00,2024-12-18T23:19:00,2024-12-18T23:15:00,2024-12-18T23:19:00,1680,2594.86,2592.784571428572,1.6862857142856587,2.075428571428503,stop_loss,False,-2.075428571428347,18.0,True,5.0,-0.9201925513047169,-1.0221687357486013,-1.044337471497272,0.5,live_rolling_pf,4.816230925185214,-4.923000675869886,688.0329893121734,683.1099886363036,False,S5_000683,0,primary,3,3717471,A0_BASELINE_075
A0_BASELINE_075,S5,2464139,2464141,2024-12-18T23:34:00,2024-12-18T23:36:00,2024-12-18T23:34:00,2024-12-18T23:36:00,1683,2589.0,2587.096,1.547000000000071,1.9040000000000874,stop_loss,False,-1.9039999999999964,18.0,True,5.0,-0.9136276391554301,-1.023992322456769,-1.047984644913582,0.5,live_post_loss_cap;live_rolling_pf,4.781769920454125,-4.8964956862997395,683.1099886363036,678.2134929500038,False,S5_000684,0,primary,3,3717490,A0_BASELINE_075
A0_BASELINE_075,S5,2464157,2464159,2024-12-18T23:52:00,2024-12-18T23:54:00,2024-12-18T23:52:00,2024-12-18T23:54:00,1684,2587.37,2585.8442857142854,1.5,1.5257142857143275,stop_loss,False,-1.5257142857144572,16.0,True,5.0,-0.9050847457627912,-1.0296610169492288,-1.0593220338983806,0.5,live_post_loss_cap;live_rolling_pf,4.747494450650026,-4.888309964017127,678.2134929500038,673.3251829859867,False,S5_000685,0,primary,3,3717508,A0_BASELINE_075
A0_BASELINE_075,S5,2464165,2464166,2024-12-19T01:01:00,2024-12-19T01:02:00,2024-12-19T01:01:00,2024-12-19T01:02:00,1686,2583.65,2585.2657142857142,1.615714285714294,1.988571428571439,take_profit,False,1.615714285714148,24.0,True,5.0,0.7249999999999347,0.5948717948717301,0.5724358974358329,0.5,live_post_loss_cap;live_rolling_pf,4.713276280901907,2.80379512094647,673.3251829859867,676.1289781069331,True,S5_000686,0,primary,3,3717516,A0_BASELINE_075
A0_BASELINE_075,S5,2464347,2464383,2024-12-19T04:03:00,2024-12-19T04:39:00,2024-12-19T04:03:00,2024-12-19T04:39:00,1687,2610.57,2607.726571428572,2.3102857142857243,2.843428571428584,stop_loss,False,-2.843428571428376,18.0,True,5.0,-0.940464940464872,-1.0165375165374477,-1.0330750330749643,0.5,live_rolling_pf,4.732902846748532,-4.811173305846769,676.1289781069331,671.3178048010864,False,S5_000687,0,primary,3,3717698,A0_BASELINE_075
A0_BASELINE_075,S5,2465727,2465730,2024-12-20T04:04:00,2024-12-20T04:07:00,2024-12-20T04:04:00,2024-12-20T04:07:00,1689,2600.0,2597.9245714285717,1.6862857142856165,2.0754285714284513,stop_loss,False,-2.075428571428347,17.0,True,5.0,-0.9242906222165165,-1.0222674640539058,-1.0445349281078578,0.5,live_rolling_pf,4.699224633607605,-4.8038644492176905,671.3178048010864,666.5139403518687,False,S5_000688,0,primary,3,3719078,A0_BASELINE_075
S4_CONFIRMATION,S5,15709,15725,2018-01-17T22:03:00,2018-01-17T22:19:00,2018-01-17T22:03:00,2018-01-17T22:19:00,2,1329.12,1327.414857142857,1.5,1.7051428571428398,stop_loss,False,-1.705142857142846,30.0,False,5.0,-0.8503847249928773,-1.0249358791678576,-1.0498717583357118,1.0,,14.0,-14.349102308350005,1000.0,985.65089769165,False,S5_000000,0,primary,1,1269060,S4_CONFIRMATION
S4_CONFIRMATION,S5,18589,18600,2018-01-22T01:04:00,2018-01-22T01:15:00,2018-01-22T01:04:00,2018-01-22T01:15:00,3,1334.75,1333.1717142857144,1.5,1.5782857142856561,stop_loss,False,-1.5782857142855846,30.0,False,5.0,-0.8402798904775961,-1.0266200182536895,-1.053240036507417,1.0,,13.7991125676831,-14.16644519611954,985.65089769165,971.4844524955305,False,S5_000001,0,primary,1,1271940,S4_CONFIRMATION
S4_CONFIRMATION,S5,28243,28333,2018-01-31T01:00:00,2018-01-31T02:30:00,2018-01-31T01:00:00,2018-01-31T02:30:00,6,1338.18,1338.82,1.5404999999999291,1.8959999999999129,timeout,False,0.6399999999998727,30.0,False,5.0,0.29143897996352375,0.13205828779593998,0.10928961748628516,1.0,,13.600782334937428,1.7960960278371034,971.4844524955305,973.2805485233675,True,S5_000002,0,primary,1,1281594,S4_CONFIRMATION
S4_CONFIRMATION,S5,29508,29519,2018-01-31T22:06:00,2018-01-31T22:17:00,2018-01-31T22:06:00,2018-01-31T22:17:00,9,1343.64,1345.14,1.5,1.7462857142858152,take_profit,False,1.5,30.0,False,5.0,0.7330354649538874,0.561993856464647,0.5375593409661841,1.0,,13.625927679327146,7.65768764441344,973.2805485233675,980.9382361677809,True,S5_000003,0,primary,1,1282859,S4_CONFIRMATION
S4_CONFIRMATION,S5,32381,32392,2018-02-05T01:00:00,2018-02-05T01:11:00,2018-02-05T01:00:00,2018-02-05T01:11:00,11,1331.84,1329.6571428571428,1.773571428571399,2.1828571428571064,stop_loss,False,-2.182857142857074,30.0,False,5.0,-0.8791714614499277,-1.0201380897583303,-1.0402761795166735,1.0,,13.733135306348933,-14.009694417811483,980.9382361677809,966.9285417499694,False,S5_000004,0,primary,1,1285732,S4_CONFIRMATION
S4_CONFIRMATION,S5,33768,33858,2018-02-06T01:12:00,2018-02-06T02:42:00,2018-02-06T01:12:00,2018-02-06T02:42:00,15,1337.36,1338.9,4.35964285714284,5.365714285714265,timeout,False,1.540000000000191,30.0,False,5.0,0.2718103883005894,0.21003530005046311,0.20121028744330224,1.0,,13.536999584499572,2.843247769513362,966.9285417499694,969.7717895194828,True,S5_000005,0,primary,1,1287119,S4_CONFIRMATION
S4_CONFIRMATION,S5,33941,33944,2018-02-06T04:05:00,2018-02-06T04:08:00,2018-02-06T04:05:00,2018-02-06T04:08:00,16,1344.32,1345.8790714285713,1.559071428571404,1.9188571428571128,take_profit,False,1.5590714285713148,30.0,False,5.0,0.7026461498840685,0.544907288179199,0.5223731650785034,1.0,,13.576805053272759,7.398100023716504,969.7717895194828,977.1698895431994,True,S5_000006,0,primary,1,1287292,S4_CONFIRMATION
S4_CONFIRMATION,S5,33945,34014,2018-02-06T04:09:00,2018-02-06T05:18:00,2018-02-06T04:09:00,2018-02-06T05:18:00,16,1345.61,1343.3082857142856,1.8701428571428034,2.3017142857142194,stop_loss,False,-2.301714285714297,30.0,False,5.0,-0.8846914122556826,-1.0192180979574212,-1.0384361959148123,1.0,,13.680378453604792,-13.943289306820764,977.1698895431994,963.2266002363785,False,S5_000007,1,primary,1,1287296,S4_CONFIRMATION
S4_CONFIRMATION,S5,39275,39287,2018-02-12T01:00:00,2018-02-12T01:12:00,2018-02-12T01:00:00,2018-02-12T01:12:00,18,1314.87,1316.8311428571428,1.9611428571428684,2.4137142857142995,take_profit,False,1.9611428571429315,30.0,False,5.0,0.7226784586228917,0.5937039376711131,0.5752790061065733,1.0,,13.4851724033093,8.006199956018559,963.2266002363785,971.2328001923971,True,S5_000008,0,primary,1,1292626,S4_CONFIRMATION
S4_CONFIRMATION,S5,40660,40750,2018-02-13T01:05:00,2018-02-13T02:35:00,2018-02-13T01:05:00,2018-02-13T02:35:00,19,1323.52,1322.56,1.7912142857142823,2.2045714285714246,timeout,False,-0.9600000000000364,30.0,False,5.0,-0.3832991101985093,-0.5230435774583773,-0.5430070727812155,1.0,,13.59725920269356,-7.111959097005682,971.2328001923971,964.1208410953915,False,S5_000009,0,primary,1,1294011,S4_CONFIRMATION
S4_CONFIRMATION,S5,42040,42130,2018-02-14T01:05:00,2018-02-14T02:35:00,2018-02-14T01:05:00,2018-02-14T02:35:00,20,1329.6,1332.26,5.667071428571405,6.974857142857115,timeout,False,2.660000000000082,30.0,False,5.0,0.3656429188594895,0.31753200848324237,0.3106590212866357,1.0,,13.49769177533548,4.285949179310017,964.1208410953915,968.4067902747015,True,S5_000010,0,primary,1,1295391,S4_CONFIRMATION
S4_CONFIRMATION,S5,46184,46230,2018-02-19T01:10:00,2018-02-19T01:56:00,2018-02-19T01:10:00,2018-02-19T01:56:00,23,1349.27,1347.7317142857144,1.5,1.5382857142856925,stop_loss,False,-1.538285714285621,30.0,False,5.0,-0.83680447622004,-1.0271992539632813,-1.0543985079266014,1.0,,13.557695063845822,-13.926454255044089,968.4067902747015,954.4803360196574,False,S5_000011,0,primary,1,1299535,S4_CONFIRMATION
S4_CONFIRMATION,S5,49956,49974,2018-02-21T22:05:00,2018-02-21T22:23:00,2018-02-21T22:05:00,2018-02-21T22:23:00,26,1323.69,1325.2407142857144,1.5507142857142477,1.9085714285713817,take_profit,False,1.5507142857143208,30.0,False,5.0,0.7021345407503542,0.5436610608020973,0.5210219922380607,1.0,,13.362724704275205,7.2647930879326506,954.4803360196574,961.7451291075901,True,S5_000012,0,primary,1,1303307,S4_CONFIRMATION
S4_CONFIRMATION,S5,52830,52834,2018-02-26T01:00:00,2018-02-26T01:04:00,2018-02-26T01:00:00,2018-02-26T01:04:00,27,1328.04,1329.54,1.5,1.8365714285714212,take_profit,False,1.5,30.0,False,5.0,0.7020593741642175,0.5382455201925668,0.5148435410537595,1.0,,13.46443180750626,7.247170102328549,961.7451291075901,968.9922992099187,True,S5_000013,0,primary,1,1306181,S4_CONFIRMATION
S4_CONFIRMATION,S5,59731,59758,2018-03-05T01:02:00,2018-03-05T01:29:00,2018-03-05T01:02:00,2018-03-05T01:29:00,29,1323.98,1322.1457142857143,1.5,1.8342857142857352,stop_loss,False,-1.83428571428567,30.0,False,5.0,-0.8594377510039869,-1.0234270414992999,-1.0468540829986304,1.0,,13.56589218893886,-13.88370090822416,968.9922992099187,955.1085983016945,False,S5_000014,0,primary,1,1313082,S4_CONFIRMATION
S4_CONFIRMATION,S5,77493,77512,2018-03-21T20:16:00,2018-03-21T20:35:00,2018-03-21T20:16:00,2018-03-21T20:35:00,31,1325.89,1322.2900000000002,2.9250000000000003,3.6,stop_loss,False,-3.599999999999909,30.0,False,5.0,-0.9230769230768998,-1.0128205128204895,-1.0256410256410022,1.0,,13.371520376223724,-13.542950124636537,955.1085983016945,941.565648177058,False,S5_000015,0,primary,1,1330844,S4_CONFIRMATION
S4_CONFIRMATION,S5,80414,80428,2018-03-26T01:00:00,2018-03-26T01:14:00,2018-03-26T01:00:00,2018-03-26T01:14:00,32,1347.1,1348.6,1.5,1.7839999999999887,take_profit,False,1.5,30.0,False,5.0,0.7197696737044186,0.5518234165067208,0.527831094049907,1.0,,13.181919074478813,7.27409161979401,941.565648177058,948.8397397968521,True,S5_000016,0,primary,1,1333765,S4_CONFIRMATION
S4_CONFIRMATION,S5,85935,86025,2018-04-02T01:03:00,2018-04-02T02:33:00,2018-04-02T01:03:00,2018-04-02T02:33:00,34,1325.36,1327.32,3.615857142857127,4.450285714285695,timeout,False,1.9600000000000364,30.0,False,5.0,0.4126067604956187,0.3389269818356881,0.3284012991699838,1.0,,13.28375635715593,4.502223449571494,948.8397397968521,953.3419632464236,True,S5_000017,0,primary,1,1339286,S4_CONFIRMATION
S4_CONFIRMATION,S5,161089,161114,2018-06-15T17:56:00,2018-06-15T18:21:00,2018-06-15T17:56:00,2018-06-15T18:21:00,41,1281.11,1279.6277142857143,1.5,1.4822857142856916,stop_loss,False,-1.482285714285581,30.0,False,5.0,-0.8316768194933631,-1.0280538634177006,-1.0561077268354628,0.5,live_rolling_pf,6.673393742724965,-6.860608219315909,953.3419632464236,946.4813550271076,False,S5_000018,0,secondary,1,1414440,S4_CONFIRMATION
S4_CONFIRMATION,S5,220615,220624,2018-08-16T03:31:00,2018-08-16T03:40:00,2018-08-16T03:31:00,2018-08-16T03:40:00,42,1167.8,1166.392,1.5,1.4079999999999668,stop_loss,False,-1.4079999999999018,30.0,False,5.0,-0.824355971896914,-1.0292740046838031,-1.0585480093676445,0.5,live_rolling_pf,6.625369485189753,-6.819320582531125,946.4813550271076,939.6620344445765,False,S5_000019,0,primary,1,1473966,S4_CONFIRMATION
S4_CONFIRMATION,S5,220639,220646,2018-08-16T03:55:00,2018-08-16T04:02:00,2018-08-16T03:55:00,2018-08-16T04:02:00,44,1165.06,1166.8595714285714,1.7995714285714177,2.2148571428571295,take_profit,False,1.7995714285714257,30.0,False,5.0,0.7155760054533088,0.5764030902067732,0.5565212451715538,0.5,live_post_loss_cap;live_rolling_pf,6.577634241112036,3.7913687028268606,939.6620344445765,943.4534031474034,True,S5_000020,0,primary,1,1473990,S4_CONFIRMATION
S4_CONFIRMATION,S5,220647,220651,2018-08-16T04:03:00,2018-08-16T04:07:00,2018-08-16T04:03:00,2018-08-16T04:07:00,44,1167.13,1165.538,1.5,1.5920000000000074,stop_loss,False,-1.5920000000000982,30.0,False,5.0,-0.8414376321353552,-1.0264270613108302,-1.0528541226216122,0.5,live_post_loss_cap;live_rolling_pf,6.604173822031823,-6.7787027285340375,943.4534031474034,936.6747004188693,False,S5_000021,1,primary,1,1473998,S4_CONFIRMATION
S4_CONFIRMATION,S5,220666,220670,2018-08-16T04:22:00,2018-08-16T04:26:00,2018-08-16T04:22:00,2018-08-16T04:26:00,45,1166.26,1164.9514285714286,1.5,1.3085714285714338,stop_loss,False,-1.3085714285714403,30.0,False,5.0,-0.8134991119005375,-1.031083481349915,-1.062166962699826,0.5,live_post_loss_cap;live_rolling_pf,6.556722902932085,-6.760528677001935,936.6747004188693,929.9141717418673,False,S5_000022,0,primary,1,1474017,S4_CONFIRMATION
S4_CONFIRMATION,S5,220685,220687,2018-08-16T04:41:00,2018-08-16T04:43:00,2018-08-16T04:41:00,2018-08-16T04:43:00,46,1168.72,1170.22,1.5,1.4708571428571304,take_profit,False,1.5,30.0,False,5.0,0.8470474346563467,0.6494030332365324,0.6211681187479876,0.5,live_post_loss_cap;live_rolling_pf,6.509399202193071,4.227223586451644,929.9141717418673,934.1413953283189,True,S5_000023,0,primary,1,1474036,S4_CONFIRMATION
S4_CONFIRMATION,S5,220688,220692,2018-08-16T04:44:00,2018-08-16T04:48:00,2018-08-16T04:44:00,2018-08-16T04:48:00,46,1170.43,1168.9260000000002,1.5,1.5039999999999836,stop_loss,False,-1.5039999999999054,30.0,False,5.0,-0.8337028824833255,-1.0277161862527286,-1.0554323725055004,0.5,live_post_loss_cap;live_rolling_pf,6.538989767298233,-6.720225625593358,934.1413953283189,927.4211697027256,False,S5_000024,1,primary,1,1474039,S4_CONFIRMATION
S4_CONFIRMATION,S5,247336,247346,2018-09-12T18:24:00,2018-09-12T18:34:00,2018-09-12T18:24:00,2018-09-12T18:34:00,49,1203.95,1202.4837142857143,1.5,1.466285714285758,stop_loss,False,-1.466285714285732,30.0,False,5.0,-0.8301520543513321,-1.0283079909414274,-1.0566159818828695,0.5,live_rolling_pf,6.491948187919079,-6.675722198414909,927.4211697027256,920.7454475043107,False,S5_000025,0,secondary,1,1500687,S4_CONFIRMATION
S4_CONFIRMATION,S5,261257,261259,2018-09-26T22:00:00,2018-09-26T22:02:00,2018-09-26T22:00:00,2018-09-26T22:02:00,56,1198.01,1196.21,1.5,1.800000000000026,stop_loss,False,-1.7999999999999545,30.0,False,5.0,-0.8571428571428249,-1.0238095238094895,-1.047619047619013,0.5,live_rolling_pf,6.445218132530175,-6.598675707114006,920.7454475043107,914.1467717971967,False,S5_000026,0,primary,1,1514608,S4_CONFIRMATION
S4_CONFIRMATION,S5,322230,322230,2018-11-28T19:08:00,2018-11-28T19:08:00,2018-11-28T19:08:00,2018-11-28T19:08:00,58,1220.96,1222.46,1.5,1.5074285714285518,take_profit,False,1.5,19.0,True,5.0,0.8836896145430164,0.7422992762161339,0.7128429557313666,0.5,live_rolling_pf,6.399027402580377,4.749993409422621,914.1467717971967,918.8967652066193,True,S5_000027,0,secondary,1,1575581,S4_CONFIRMATION
S4_CONFIRMATION,S5,322231,322232,2018-11-28T19:09:00,2018-11-28T19:10:00,2018-11-28T19:09:00,2018-11-28T19:10:00,58,1223.0,1224.5,1.5,1.807999999999941,take_profit,False,1.5,26.0,True,5.0,0.7253384912959588,0.5754352030947939,0.5512572533849287,0.5,live_rolling_pf,6.432277356446336,3.701358826968741,918.8967652066193,922.5981240335881,True,S5_000028,1,primary,1,1575582,S4_CONFIRMATION
S4_CONFIRMATION,S5,322233,322238,2018-11-28T19:11:00,2018-11-28T19:16:00,2018-11-28T19:11:00,2018-11-28T19:16:00,58,1225.97,1223.7140000000002,1.8329999999999587,2.255999999999949,stop_loss,False,-2.255999999999858,16.0,True,5.0,-0.933774834437047,-1.0206953642383734,-1.0413907284767843,0.5,live_rolling_pf,6.458186868235117,-6.591841397792723,922.5981240335881,916.0062826357954,False,S5_000029,2,primary,1,1575584,S4_CONFIRMATION
S4_CONFIRMATION,S5,368324,368414,2019-01-18T11:32:00,2019-01-18T13:02:00,2019-01-18T11:32:00,2019-01-18T13:02:00,61,1284.69,1285.44,1.5,0.9577142857143243,timeout,False,0.75,22.0,True,5.0,0.6368267831149719,0.40756914119358195,0.3651140223192505,0.5,live_rolling_pf,6.412043978450568,2.613351257592577,916.0062826357954,918.619633893388,True,S5_000030,0,secondary,1,1621675,S4_CONFIRMATION
S4_CONFIRMATION,S5,466295,466384,2019-05-01T01:37:00,2019-05-01T03:07:00,2019-05-01T01:37:00,2019-05-01T03:07:00,66,1282.86,1283.52,1.5,0.6,timeout,False,0.6600000000000819,27.0,True,5.0,0.7586206896552665,0.3908045977012435,0.3333333333334274,0.5,live_rolling_pf,6.4303374372537165,2.5130054352491835,918.619633893388,921.1326393286372,True,S5_000031,0,primary,1,1719646,S4_CONFIRMATION
S4_CONFIRMATION,S5,515824,515830,2019-06-20T04:18:00,2019-06-20T04:24:00,2019-06-20T04:18:00,2019-06-20T04:24:00,70,1375.19,1378.8745714285715,3.6845714285714557,4.5348571428571764,take_profit,False,3.6845714285714166,20.0,True,5.0,0.7781800627564486,0.7253801593048439,0.714820178614523,0.5,live_rolling_pf,6.44792847530046,4.677199384599687,921.1326393286372,925.8098387132369,True,S5_000032,0,primary,1,1769175,S4_CONFIRMATION
S4_CONFIRMATION,S5,518391,518397,2019-06-24T01:08:00,2019-06-24T01:14:00,2019-06-24T01:08:00,2019-06-24T01:14:00,71,1402.47,1403.97,1.5,1.5371428571427586,take_profit,False,1.5,33.0,True,5.0,0.8033664881408228,0.5998469778118144,0.573068094873787,0.5,live_rolling_pf,6.480668870992658,3.8874096364640494,925.8098387132369,929.697248349701,True,S5_000033,0,primary,1,1771742,S4_CONFIRMATION
S4_CONFIRMATION,S5,518427,518430,2019-06-24T01:44:00,2019-06-24T01:47:00,2019-06-24T01:44:00,2019-06-24T01:47:00,73,1403.79,1405.506,1.7160000000000228,2.112000000000028,take_profit,False,1.7160000000001219,29.0,True,5.0,0.7144046627810582,0.5728559533722338,0.5520399666944655,0.5,live_rolling_pf,6.507880738447907,3.728078224856373,929.697248349701,933.4253265745574,True,S5_000034,0,primary,1,1771778,S4_CONFIRMATION
S4_CONFIRMATION,S5,520930,520934,2019-06-25T20:28:00,2019-06-25T20:32:00,2019-06-25T20:28:00,2019-06-25T20:32:00,74,1414.0,1416.4124285714286,2.412428571428531,2.9691428571428076,take_profit,False,2.4124285714285634,19.0,True,5.0,0.763633897078783,0.6876639233065108,0.6718368454372875,0.5,live_rolling_pf,6.533977286021902,4.49318045530145,933.4253265745574,937.9185070298588,True,S5_000035,0,primary,1,1774281,S4_CONFIRMATION
S4_CONFIRMATION,S5,525295,525304,2019-07-01T01:18:00,2019-07-01T01:27:00,2019-07-01T01:18:00,2019-07-01T01:27:00,77,1391.69,1394.2584285714286,2.5684285714286,3.1611428571428926,take_profit,False,2.5684285714285124,32.0,True,5.0,0.7378118844385836,0.6315249507550653,0.6171618516086439,0.5,live_rolling_pf,6.565429549209012,4.146232572750072,937.9185070298588,942.0647396026088,True,S5_000036,0,primary,1,1778646,S4_CONFIRMATION
S4_CONFIRMATION,S5,525310,525327,2019-07-01T01:33:00,2019-07-01T01:50:00,2019-07-01T01:33:00,2019-07-01T01:50:00,78,1392.97,1394.47,1.5,1.657142857142805,take_profit,False,1.5,42.0,True,5.0,0.7221458046767719,0.4958734525447167,0.4718019257221576,0.5,live_rolling_pf,6.594453177218262,3.2700142646316963,942.0647396026088,945.3347538672405,True,S5_000037,0,primary,1,1778661,S4_CONFIRMATION
S4_CONFIRMATION,S5,525462,525463,2019-07-01T04:05:00,2019-07-01T04:06:00,2019-07-01T04:05:00,2019-07-01T04:06:00,80,1392.04,1393.54,1.5,1.554285714285704,take_profit,False,1.5,16.0,True,5.0,0.8750000000000052,0.7525000000000045,0.7233333333333377,0.5,live_rolling_pf,6.617343277070684,4.97955081599572,945.3347538672405,950.3143046832362,True,S5_000038,0,primary,1,1778813,S4_CONFIRMATION
S4_CONFIRMATION,S5,526241,526244,2019-07-01T17:04:00,2019-07-01T17:07:00,2019-07-01T17:04:00,2019-07-01T17:07:00,82,1389.96,1391.46,1.5,1.3577142857142983,take_profit,False,1.5,19.0,True,5.0,0.969171127930581,0.8141037474616881,0.7817980431973354,0.5,live_rolling_pf,6.652200132782653,5.4155810569634975,950.3143046832362,955.7298857401996,True,S5_000039,0,primary,1,1779592,S4_CONFIRMATION
S4_CONFIRMATION,S5,526250,526260,2019-07-01T17:13:00,2019-07-01T17:23:00,2019-07-01T17:13:00,2019-07-01T17:23:00,83,1390.06,1391.56,1.5,1.689142857142932,take_profit,False,1.5,21.0,True,5.0,0.7898299984955307,0.6529261320896388,0.626598465473121,0.5,live_rolling_pf,6.690109200181397,4.368147123331747,955.7298857401996,960.0980328635313,True,S5_000040,0,primary,1,1779601,S4_CONFIRMATION
S4_CONFIRMATION,S5,526308,526315,2019-07-01T18:11:00,2019-07-01T18:18:00,2019-07-01T18:11:00,2019-07-01T18:18:00,84,1393.68,1392.1028571428571,1.5,1.577142857142852,stop_loss,False,-1.577142857142917,17.0,True,5.0,-0.9026982829109118,-1.0286181520850741,-1.057236304170111,0.5,live_rolling_pf,6.72068623004472,-6.913019850692203,960.0980328635313,953.1850130128391,False,S5_000041,0,primary,1,1779659,S4_CONFIRMATION
S4_CONFIRMATION,S5,526842,526932,2019-07-02T04:06:00,2019-07-02T05:36:00,2019-07-02T04:06:00,2019-07-02T05:36:00,85,1390.16,1389.7,1.5,1.2479999999999825,timeout,False,-0.4600000000000364,20.0,True,5.0,-0.3176795580110787,-0.49033149171273827,-0.5248618784530702,0.5,live_rolling_pf,6.672295091089874,-3.271636405161679,953.1850130128391,949.9133766076775,False,S5_000042,0,primary,1,1780193,S4_CONFIRMATION
S4_CONFIRMATION,S5,527716,527718,2019-07-02T18:40:00,2019-07-02T18:42:00,2019-07-02T18:40:00,2019-07-02T18:42:00,86,1403.31,1401.7557142857142,1.5,1.554285714285652,stop_loss,False,-1.5542857142856974,20.0,True,5.0,-0.8859934853420414,-1.0285016286645219,-1.0570032573290182,0.5,live_rolling_pf,6.649393636253743,-6.838912184518482,949.9133766076775,943.074464423159,False,S5_000043,0,primary,1,1781067,S4_CONFIRMATION
S4_CONFIRMATION,S5,527927,528008,2019-07-02T22:11:00,2019-07-02T23:32:00,2019-07-02T22:11:00,2019-07-02T23:32:00,87,1413.91,1415.5730714285714,1.6630714285714574,2.0468571428571782,take_profit,False,1.6630714285713566,22.0,True,5.0,0.7336463322409449,0.6145386942273344,0.5924817242248139,0.5,live_rolling_pf,6.601521250962113,4.056890249480256,943.074464423159,947.1313546726393,True,S5_000044,0,primary,1,1781278,S4_CONFIRMATION
S4_CONFIRMATION,S5,528051,528056,2019-07-03T01:16:00,2019-07-03T01:21:00,2019-07-03T01:16:00,2019-07-03T01:21:00,88,1433.9,1430.548,2.723500000000057,3.35200000000007,stop_loss,False,-3.352000000000089,47.0,True,5.0,-0.8770277341705985,-1.0130821559393035,-1.0261643118786021,0.5,live_rolling_pf,6.629919482708475,-6.716653123246294,947.1313546726393,940.414701549393,False,S5_000045,0,primary,1,1781402,S4_CONFIRMATION
S4_CONFIRMATION,S5,528086,528089,2019-07-03T01:51:00,2019-07-03T01:54:00,2019-07-03T01:51:00,2019-07-03T01:54:00,91,1424.94,1426.8398571428572,1.8998571428571462,2.3382857142857185,take_profit,False,1.8998571428571722,29.0,True,5.0,0.7228503098162944,0.5934884226546465,0.5744646157191101,0.5,live_post_loss_cap;live_rolling_pf,6.5829029108457515,3.9068766650465263,940.414701549393,944.3215782144396,True,S5_000046,0,primary,1,1781437,S4_CONFIRMATION
S4_CONFIRMATION,S5,534329,534330,2019-07-09T18:03:00,2019-07-09T18:04:00,2019-07-09T18:03:00,2019-07-09T18:04:00,94,1398.34,1396.866857142857,1.5,1.4731428571429206,stop_loss,False,-1.473142857142875,24.0,True,5.0,-0.8599066044029139,-1.0291861240826943,-1.058372248165415,0.5,live_rolling_pf,6.610251047501077,-6.8031786547912025,944.3215782144396,937.5183995596484,False,S5_000047,0,secondary,1,1787680,S4_CONFIRMATION
S4_CONFIRMATION,S5,556921,556941,2019-08-01T04:05:00,2019-08-01T04:25:00,2019-08-01T04:05:00,2019-08-01T04:25:00,99,1408.6,1410.1,1.5,1.3325714285714119,take_profit,False,1.5,21.0,True,5.0,0.9724022967216257,0.8038525652898773,0.7714391553991563,0.5,live_rolling_pf,6.562628796917539,5.275385993447385,937.5183995596484,942.7937855530957,True,S5_000048,0,primary,1,1810272,S4_CONFIRMATION
S4_CONFIRMATION,S5,559714,559714,2019-08-05T04:41:00,2019-08-05T04:41:00,2019-08-05T04:41:00,2019-08-05T04:41:00,101,1449.25,1450.75,1.5,1.7131428571428584,take_profit,False,1.5,22.0,True,5.0,0.7759385161099611,0.636269583210168,0.6104049660065026,0.5,live_rolling_pf,6.59955649887167,4.199097062909033,942.7937855530957,946.9928826160047,True,S5_000049,0,primary,1,1813065,S4_CONFIRMATION
S4_CONFIRMATION,S5,559715,559722,2019-08-05T04:42:00,2019-08-05T04:49:00,2019-08-05T04:42:00,2019-08-05T04:49:00,101,1450.59,1448.6402857142857,1.584142857142873,1.9497142857143055,stop_loss,False,-1.949714285714208,23.0,True,5.0,-0.8944815834315986,-1.0229387862104675,-1.04587757242098,0.5,live_rolling_pf,6.628950178312033,-6.781010249252174,946.9928826160047,940.2118723667526,False,S5_000050,1,primary,1,1813066,S4_CONFIRMATION
S4_CONFIRMATION,S5,562456,562460,2019-08-07T04:25:00,2019-08-07T04:29:00,2019-08-07T04:25:00,2019-08-07T04:29:00,103,1482.38,1483.9613571428572,1.5813571428571402,1.946285714285711,take_profit,False,1.5813571428570867,25.0,True,5.0,0.7200143098737884,0.5834200598412658,0.560654351502512,0.5,live_rolling_pf,6.581483106567268,3.8397692678777555,940.2118723667526,944.0516416346303,True,S5_000051,0,primary,1,1815807,S4_CONFIRMATION
S4_CONFIRMATION,S5,562461,562466,2019-08-07T04:30:00,2019-08-07T04:35:00,2019-08-07T04:30:00,2019-08-07T04:35:00,103,1483.56,1485.2527857142857,1.692785714285737,2.0834285714285996,take_profit,False,1.6927857142857192,25.0,True,5.0,0.725449981633396,0.5968838006611924,0.5754561038324918,0.5,live_rolling_pf,6.6083614914424125,3.944423923155213,944.0516416346303,947.9960655577855,True,S5_000052,1,primary,1,1815812,S4_CONFIRMATION
S4_CONFIRMATION,S5,562467,562469,2019-08-07T04:36:00,2019-08-07T04:38:00,2019-08-07T04:36:00,2019-08-07T04:38:00,104,1485.59,1487.1082142857142,1.5182142857142986,1.8685714285714443,take_profit,False,1.5182142857142935,25.0,True,5.0,0.7166217127444353,0.5750168577208356,0.5514160485502355,1.0,,13.271944917808998,7.631592062482543,947.9960655577855,955.6276576202681,True,S5_000053,0,primary,1,1815818,S4_CONFIRMATION
S4_CONFIRMATION,S5,562470,562471,2019-08-07T04:39:00,2019-08-07T04:40:00,2019-08-07T04:39:00,2019-08-07T04:40:00,104,1486.45,1487.95,1.5,1.788571428571439,take_profit,False,1.5,23.0,True,5.0,0.7430997876857711,0.6043878273177605,0.5796178343949014,1.0,,13.378787206683754,8.085976131994244,955.6276576202681,963.7136337522624,True,S5_000054,1,primary,1,1815821,S4_CONFIRMATION
S4_CONFIRMATION,S5,567645,567648,2019-08-12T22:02:00,2019-08-12T22:05:00,2019-08-12T22:02:00,2019-08-12T22:05:00,106,1509.13,1507.5722857142857,1.5,1.5577142857143242,stop_loss,False,-1.5577142857143826,23.0,True,5.0,-0.8713440946140677,-1.027968675083938,-1.0559373501678435,1.0,,13.491990872531673,-13.86934398148097,963.7136337522624,949.8442897707814,False,S5_000055,0,primary,1,1820996,S4_CONFIRMATION
S4_CONFIRMATION,S5,567663,567666,2019-08-12T22:20:00,2019-08-12T22:23:00,2019-08-12T22:20:00,2019-08-12T22:23:00,107,1511.91,1513.41,1.5,1.6205714285714359,take_profit,False,1.5,26.0,True,5.0,0.7976298997265238,0.6327863871163755,0.6061987237921581,1.0,live_post_loss_cap,13.29782005679094,8.414679510260413,949.8442897707814,958.2589692810418,True,S5_000056,0,primary,1,1821014,S4_CONFIRMATION
S4_CONFIRMATION,S5,569343,569343,2019-08-14T04:22:00,2019-08-14T04:22:00,2019-08-14T04:22:00,2019-08-14T04:22:00,113,1495.69,1497.2527857142857,1.5627857142856865,1.923428571428537,take_profit,False,1.56278571428561,22.0,True,5.0,0.7291055718474704,0.603139162889857,0.5798120501199286,1.0,,13.415625569934585,8.091489175894107,958.2589692810418,966.3504584569359,True,S5_000057,0,primary,1,1822694,S4_CONFIRMATION
S4_CONFIRMATION,S5,569344,569387,2019-08-14T04:23:00,2019-08-14T05:06:00,2019-08-14T04:23:00,2019-08-14T05:06:00,113,1496.08,1497.7347142857143,1.6547142857142587,2.036571428571395,take_profit,False,1.6547142857143626,23.0,True,5.0,0.7300516828438617,0.6065170805496458,0.5844573301399644,1.0,,13.528906418397103,8.205512823915576,966.3504584569359,974.5559712808515,True,S5_000058,1,primary,1,1822695,S4_CONFIRMATION
S4_CONFIRMATION,S5,572573,572587,2019-08-16T12:14:00,2019-08-16T12:28:00,2019-08-16T12:14:00,2019-08-16T12:28:00,121,1507.28,1508.78,1.5,1.356571428571442,take_profit,False,1.5,25.0,True,5.0,0.9336653032189144,0.7469322425751315,0.7158100658011677,1.0,,13.643783597931922,10.190981880013085,974.5559712808515,984.7469531608646,True,S5_000059,0,primary,1,1825924,S4_CONFIRMATION
S4_CONFIRMATION,S5,573280,573281,2019-08-19T01:03:00,2019-08-19T01:04:00,2019-08-19T01:03:00,2019-08-19T01:04:00,122,1508.39,1509.89,1.5,1.4228571428570962,take_profit,False,1.5,34.0,True,5.0,0.8508914100486449,0.6296596434359971,0.6012965964343757,1.0,,13.786457344252105,8.680775815627364,984.7469531608646,993.427728976492,True,S5_000060,0,primary,1,1826631,S4_CONFIRMATION
S4_CONFIRMATION,S5,573896,573925,2019-08-19T11:25:00,2019-08-19T11:54:00,2019-08-19T11:25:00,2019-08-19T11:54:00,124,1500.09,1501.59,1.5,1.5531428571429,take_profit,False,1.5,21.0,True,5.0,0.8507535245502953,0.7032895802949108,0.6749311294765676,1.0,,13.907988205670888,9.78134318791285,993.427728976492,1003.2090721644048,True,S5_000061,0,primary,1,1827247,S4_CONFIRMATION
S4_CONFIRMATION,S5,574247,574275,2019-08-19T17:16:00,2019-08-19T17:44:00,2019-08-19T17:16:00,2019-08-19T17:44:00,125,1501.69,1503.19,1.5,1.5051428571428396,take_profit,False,1.5,23.0,True,5.0,0.8644821340359053,0.7031121356825364,0.6742960645480062,1.0,,14.044927010301668,9.875158625718546,1003.2090721644048,1013.0842307901233,True,S5_000062,0,primary,1,1827598,S4_CONFIRMATION
S4_CONFIRMATION,S5,575617,575624,2019-08-20T17:07:00,2019-08-20T17:14:00,2019-08-20T17:07:00,2019-08-20T17:14:00,126,1503.09,1504.59,1.5,1.6822857142857435,take_profit,False,1.5,22.0,True,5.0,0.7885250826073775,0.6465905677380496,0.6203063983178037,1.0,,14.183179231061727,9.170709911342716,1013.0842307901233,1022.254940701466,True,S5_000063,0,primary,1,1828968,S4_CONFIRMATION
S4_CONFIRMATION,S5,580168,580168,2019-08-26T01:03:00,2019-08-26T01:03:00,2019-08-26T01:03:00,2019-08-26T01:03:00,127,1544.87,1547.7894285714285,2.9194285714286186,3.593142857142915,take_profit,False,2.919428571428625,43.0,True,5.0,0.7256586890135673,0.6063489808962479,0.5939208863006936,1.0,,14.311569169820524,8.677805381146836,1022.254940701466,1030.9327460826128,True,S5_000064,0,primary,1,1833519,S4_CONFIRMATION
S4_CONFIRMATION,S5,580169,580171,2019-08-26T01:04:00,2019-08-26T01:06:00,2019-08-26T01:04:00,2019-08-26T01:06:00,127,1544.91,1548.0717857142859,3.1617857142857524,3.891428571428618,take_profit,False,3.16178571428577,72.0,True,5.0,0.6856412639405256,0.518664807930614,0.5078221809169834,1.0,,14.433058445156579,7.485919486308463,1030.9327460826128,1038.4186655689211,True,S5_000065,1,primary,1,1833520,S4_CONFIRMATION
S4_CONFIRMATION,S5,580180,580190,2019-08-26T01:15:00,2019-08-26T01:25:00,2019-08-26T01:15:00,2019-08-26T01:25:00,128,1547.57,1550.5841428571428,3.0141428571429243,3.709714285714368,take_profit,False,3.014142857142815,25.0,True,5.0,0.7612021069340957,0.6854390648675702,0.6728118911898159,1.0,,14.537861317964897,9.96481806696028,1038.4186655689211,1048.3834836358815,True,S5_000066,0,primary,1,1833531,S4_CONFIRMATION
S4_CONFIRMATION,S5,580196,580197,2019-08-26T01:31:00,2019-08-26T01:32:00,2019-08-26T01:31:00,2019-08-26T01:32:00,129,1551.19,1548.8494285714287,1.9017142857142875,2.340571428571431,stop_loss,False,-2.3405714285713657,23.0,True,5.0,-0.91052573079913,-1.019450928087115,-1.038901856174255,1.0,,14.67736877090234,-14.962857215373228,1048.3834836358815,1033.4206264205081,False,S5_000067,0,primary,1,1833547,S4_CONFIRMATION
S4_CONFIRMATION,S5,587062,587094,2019-09-02T01:07:00,2019-09-02T01:39:00,2019-09-02T01:07:00,2019-09-02T01:39:00,134,1532.23,1529.1214285714286,2.5257142857142054,3.10857142857133,stop_loss,False,-3.108571428571395,30.0,True,5.0,-0.9119865884325395,-1.0146689019279322,-1.0293378038558456,1.0,,14.467888769887114,-14.68011681135682,1033.4206264205081,1018.7405096091513,False,S5_000068,0,primary,1,1840413,S4_CONFIRMATION
S4_CONFIRMATION,S5,588137,588161,2019-09-02T19:02:00,2019-09-02T19:26:00,2019-09-02T19:02:00,2019-09-02T19:26:00,136,1527.99,1529.49,1.5,1.5668571428571991,take_profit,False,1.5,28.0,True,5.0,0.8121905940593812,0.6335086633663173,0.606435643564338,1.0,,14.26236713452812,9.035333139834602,1018.7405096091513,1027.775842748986,True,S5_000069,0,primary,1,1841488,S4_CONFIRMATION
S4_CONFIRMATION,S5,591933,591935,2019-09-05T17:24:00,2019-09-05T17:26:00,2019-09-05T17:24:00,2019-09-05T17:26:00,137,1511.11,1514.4287142857142,3.3187142857142655,4.084571428571404,take_profit,False,3.31871428571435,24.0,True,5.0,0.7674088266384971,0.7003501585623867,0.6887883192389195,1.0,,14.388861798485804,10.077241642101802,1027.775842748986,1037.8530843910878,True,S5_000070,0,primary,1,1845284,S4_CONFIRMATION
S4_CONFIRMATION,S5,592861,592869,2019-09-06T09:53:00,2019-09-06T10:01:00,2019-09-06T09:53:00,2019-09-06T10:01:00,139,1507.0,1508.5,1.5,1.8457142857142703,take_profit,False,1.5,17.0,True,5.0,0.7441530829199205,0.6350106307583322,0.6102055279943349,1.0,,14.529943181475229,9.226668384551314,1037.8530843910878,1047.079752775639,True,S5_000071,0,primary,1,1846212,S4_CONFIRMATION
S4_CONFIRMATION,S5,593459,593462,2019-09-06T19:51:00,2019-09-06T19:54:00,2019-09-06T19:51:00,2019-09-06T19:54:00,141,1513.86,1516.637357142857,2.7773571428571087,3.418285714285672,take_profit,False,2.7773571428569994,21.0,True,5.0,0.7654736593432248,0.6938144735805655,0.6800338609339002,1.0,,14.659116538858946,10.17070722456458,1047.079752775639,1057.2504600002035,True,S5_000072,0,primary,1,1846810,S4_CONFIRMATION
S4_CONFIRMATION,S5,593885,593892,2019-09-09T04:03:00,2019-09-09T04:10:00,2019-09-09T04:03:00,2019-09-09T04:10:00,142,1509.42,1510.92,1.5,1.510857142857172,take_profit,False,1.5,23.0,True,5.0,0.8616445100935356,0.7008042015427423,0.6720827178729577,1.0,,14.801506440002848,10.372957902315953,1057.2504600002035,1067.6234179025193,True,S5_000073,0,primary,1,1847236,S4_CONFIRMATION
S4_CONFIRMATION,S5,593893,593937,2019-09-09T04:11:00,2019-09-09T04:55:00,2019-09-09T04:11:00,2019-09-09T04:55:00,142,1510.5,1512.1463571428571,1.6463571428571657,2.0262857142857427,take_profit,False,1.6463571428571413,26.0,True,5.0,0.7201012246938169,0.5845101224693746,0.5626405898525292,1.0,,14.946727850635272,8.736513726491236,1067.6234179025193,1076.3599316290106,True,S5_000074,1,primary,1,1847244,S4_CONFIRMATION
S4_CONFIRMATION,S5,594726,594733,2019-09-09T18:04:00,2019-09-09T18:11:00,2019-09-09T18:04:00,2019-09-09T18:11:00,143,1500.39,1501.985285714286,1.5952857142857835,1.9634285714286568,take_profit,False,1.5952857142858647,22.0,True,5.0,0.7306333420570934,0.6069746139754443,0.5840748495158795,1.0,,15.069039042806148,9.14652415598816,1076.3599316290106,1085.5064557849987,True,S5_000075,0,primary,1,1848077,S4_CONFIRMATION
S4_CONFIRMATION,S5,595265,595269,2019-09-10T04:04:00,2019-09-10T04:08:00,2019-09-10T04:04:00,2019-09-10T04:08:00,144,1491.26,1489.8382857142858,1.5,1.421714285714292,stop_loss,False,-1.421714285714188,24.0,True,5.0,-0.8555708390645873,-1.0300894085281354,-1.0601788170563335,1.0,,15.197090380989982,-15.654361841902587,1085.5064557849987,1069.8520939430962,False,S5_000076,0,primary,1,1848616,S4_CONFIRMATION
S4_CONFIRMATION,S5,595284,595284,2019-09-10T04:23:00,2019-09-10T04:23:00,2019-09-10T04:23:00,2019-09-10T04:23:00,147,1489.74,1488.386857142857,1.5,1.3531428571428998,stop_loss,False,-1.3531428571429842,20.0,True,5.0,-0.8712288447388364,-1.0321927888153588,-1.0643855776306634,1.0,live_post_loss_cap,14.977929315203347,-15.460110630539061,1069.8520939430962,1054.3919833125572,False,S5_000077,0,primary,1,1848635,S4_CONFIRMATION
S4_CONFIRMATION,S5,595299,595320,2019-09-10T04:38:00,2019-09-10T04:59:00,2019-09-10T04:38:00,2019-09-10T04:59:00,149,1490.24,1488.3234285714286,1.557214285714263,1.9165714285714008,stop_loss,False,-1.9165714285713875,22.0,True,5.0,-0.8970312917892408,-1.0234019791388012,-1.0468039582776085,1.0,live_post_loss_cap,14.7614877663758,-15.106935795142196,1054.3919833125572,1039.285047517415,False,S5_000078,0,primary,1,1848650,S4_CONFIRMATION
S4_CONFIRMATION,S5,600598,600601,2019-09-16T01:02:00,2019-09-16T01:05:00,2019-09-16T01:02:00,2019-09-16T01:05:00,150,1502.99,1500.1145714285715,2.336285714285659,2.875428571428503,stop_loss,False,-2.875428571428529,42.0,True,5.0,-0.8725507196115884,-1.0151725333795816,-1.0303450667591554,1.0,,14.549990665243811,-14.770750884284823,1039.285047517415,1024.5142966331302,False,S5_000079,0,primary,1,1853949,S4_CONFIRMATION
S4_CONFIRMATION,S5,600616,600628,2019-09-16T01:20:00,2019-09-16T01:32:00,2019-09-16T01:20:00,2019-09-16T01:32:00,152,1502.29,1503.8490714285715,1.5590714285714675,1.918857142857191,take_profit,False,1.5590714285715421,20.0,True,5.0,0.7358077130528955,0.6178195792880654,0.5942219525350994,1.0,live_post_loss_cap,14.343200152863824,8.861509884086843,1024.5142966331302,1033.3758065172171,True,S5_000080,0,primary,1,1853967,S4_CONFIRMATION
S4_CONFIRMATION,S5,600635,600652,2019-09-16T01:39:00,2019-09-16T01:56:00,2019-09-16T01:39:00,2019-09-16T01:56:00,153,1502.19,1503.69,1.5,1.2994285714285592,take_profit,False,1.5,27.0,True,5.0,0.9557618787547862,0.7518660112870985,0.7200072819952723,1.0,live_post_loss_cap,14.46726129124104,10.877442041293639,1033.3758065172171,1044.2532485585107,True,S5_000081,0,primary,1,1853986,S4_CONFIRMATION
S4_CONFIRMATION,S5,600786,600796,2019-09-16T04:10:00,2019-09-16T04:20:00,2019-09-16T04:10:00,2019-09-16T04:20:00,154,1509.47,1507.4254285714287,1.6612142857142738,2.044571428571414,stop_loss,False,-2.0445714285713166,18.0,True,5.0,-0.9190855381453449,-1.022476239404015,-1.0449524788080737,1.0,,14.61954547981915,-14.94813788400145,1044.2532485585107,1029.3051106745093,False,S5_000082,0,primary,1,1854137,S4_CONFIRMATION
S4_CONFIRMATION,S5,615427,615432,2019-09-30T18:26:00,2019-09-30T18:31:00,2019-09-30T18:26:00,2019-09-30T18:31:00,160,1470.91,1468.614,1.865500000000077,2.296000000000095,stop_loss,False,-2.296000000000049,16.0,True,5.0,-0.9348534201954236,-1.0203583061889057,-1.0407166123778298,1.0,,14.410271549443129,-14.703640269911968,1029.3051106745093,1014.6014704045973,False,S5_000083,0,primary,1,1868778,S4_CONFIRMATION
S4_CONFIRMATION,S5,621285,621335,2019-10-07T01:10:00,2019-10-07T02:00:00,2019-10-07T01:10:00,2019-10-07T02:00:00,161,1507.74,1505.8211428571428,1.5590714285714462,1.9188571428571646,stop_loss,False,-1.9188571428571777,25.0,True,5.0,-0.8847319193782184,-1.0230536161243635,-1.0461072322487213,1.0,,14.204420585664362,-14.531883845115274,1014.6014704045973,1000.069586559482,False,S5_000084,0,primary,1,1874636,S4_CONFIRMATION
S4_CONFIRMATION,S5,622840,622843,2019-10-08T04:06:00,2019-10-08T04:09:00,2019-10-08T04:06:00,2019-10-08T04:09:00,164,1490.95,1492.45,1.5,1.189714285714321,take_profit,False,1.5,19.0,True,5.0,1.0871816110995787,0.9132325533236462,0.8769931662869935,1.0,,14.000974211832748,12.786145428490546,1000.069586559482,1012.8557319879725,True,S5_000085,0,primary,1,1876191,S4_CONFIRMATION
S4_CONFIRMATION,S5,622844,622897,2019-10-08T04:10:00,2019-10-08T05:03:00,2019-10-08T04:10:00,2019-10-08T05:03:00,164,1492.46,1491.0394285714285,1.5,1.420571428571436,stop_loss,False,-1.4205714285715203,20.0,True,5.0,-0.8765867418900386,-1.0308533145275556,-1.061706629055059,1.0,,14.179980247831615,-14.61747963841249,1012.8557319879725,998.23825234956,False,S5_000086,1,primary,1,1876195,S4_CONFIRMATION
S4_CONFIRMATION,S5,633008,633050,2019-10-17T12:42:00,2019-10-17T13:24:00,2019-10-17T12:42:00,2019-10-17T13:24:00,167,1484.8,1486.3,1.5,1.8148571428571036,take_profit,False,1.5,19.0,True,5.0,0.7481829841812886,0.6284737067122824,0.6035342739062395,1.0,,13.97533553289384,8.783130924905663,998.23825234956,1007.0213832744656,True,S5_000087,0,primary,1,1886359,S4_CONFIRMATION
S4_CONFIRMATION,S5,656712,656726,2019-11-11T17:17:00,2019-11-11T17:31:00,2019-11-11T17:17:00,2019-11-11T17:31:00,176,1453.95,1452.3671428571429,1.5,1.5828571428571585,stop_loss,False,-1.582857142857165,20.0,True,5.0,-0.8878205128205174,-1.0280448717948751,-1.0560897435897467,1.0,,14.09829936584252,-14.493684364083343,1007.0213832744656,992.5276989103822,False,S5_000088,0,primary,1,1910063,S4_CONFIRMATION
S4_CONFIRMATION,S5,676939,676947,2019-12-02T17:04:00,2019-12-02T17:12:00,2019-12-02T17:04:00,2019-12-02T17:12:00,178,1461.87,1460.3054285714284,1.5,1.564571428571461,stop_loss,False,-1.5645714285715258,17.0,True,5.0,-0.9019930818646414,-1.0288255641575068,-1.0576511283149763,0.5,live_rolling_pf,6.947693892372675,-7.147965088413982,992.5276989103822,985.3797338219682,False,S5_000089,0,primary,1,1930290,S4_CONFIRMATION
S4_CONFIRMATION,S5,679353,679362,2019-12-04T11:21:00,2019-12-04T11:30:00,2019-12-04T11:21:00,2019-12-04T11:30:00,182,1475.25,1473.5848571428571,1.5,1.6651428571428502,stop_loss,False,-1.6651428571428823,17.0,True,5.0,-0.9073641600498382,-1.027245835279482,-1.0544916705589467,0.5,live_rolling_pf,6.897658136753778,-7.08559059416195,985.3797338219682,978.2941432278062,False,S5_000090,0,primary,1,1932704,S4_CONFIRMATION
S4_CONFIRMATION,S5,706116,706130,2020-01-06T01:19:00,2020-01-06T01:33:00,2020-01-06T01:19:00,2020-01-06T01:33:00,188,1575.34,1571.6005714285714,3.038285714285696,3.739428571428549,stop_loss,False,-3.7394285714285616,24.0,True,5.0,-0.9396898334290665,-1.012564618035615,-1.0251292360712265,0.5,live_rolling_pf,6.848059002594644,-6.9341022482476,978.2941432278062,971.3600409795586,False,S5_000091,0,primary,1,1959467,S4_CONFIRMATION
S4_CONFIRMATION,S5,708897,708898,2020-01-08T01:42:00,2020-01-08T01:43:00,2020-01-08T01:42:00,2020-01-08T01:43:00,193,1597.65,1594.0717142857145,2.9073571428570744,3.5782857142856304,stop_loss,False,-3.5782857142855846,14.0,True,5.0,-0.9623482403565259,-1.0134470570155096,-1.026894114031032,0.5,live_rolling_pf,6.79952028685691,-6.8909538238323895,971.3600409795586,964.4690871557261,False,S5_000092,0,primary,1,1962248,S4_CONFIRMATION
S4_CONFIRMATION,S5,708934,708940,2020-01-08T02:19:00,2020-01-08T02:25:00,2020-01-08T02:19:00,2020-01-08T02:25:00,194,1605.74,1608.7931428571428,3.053142857142825,3.7577142857142465,take_profit,False,3.0531428571428023,20.0,True,5.0,0.7714409471556392,0.7082731735489392,0.6956396188275992,0.5,live_post_loss_cap;live_rolling_pf,6.751283610090083,4.781753068047442,964.4690871557261,969.2508402237736,True,S5_000093,0,primary,1,1962285,S4_CONFIRMATION
S4_CONFIRMATION,S5,708941,708958,2020-01-08T02:26:00,2020-01-08T02:43:00,2020-01-08T02:26:00,2020-01-08T02:43:00,197,1608.59,1604.8734285714286,3.019714285714263,3.7165714285714007,stop_loss,False,-3.716571428571342,15.0,True,5.0,-0.9612059410330149,-1.012931352988975,-1.0258627059779648,0.5,live_post_loss_cap;live_rolling_pf,6.784755881566415,-6.872491954814975,969.2508402237736,962.3783482689586,False,S5_000094,0,primary,1,1962292,S4_CONFIRMATION
S4_CONFIRMATION,S5,710698,710701,2020-01-09T08:44:00,2020-01-09T08:47:00,2020-01-09T08:44:00,2020-01-09T08:47:00,201,1541.98,1544.155642857143,2.175642857142863,2.677714285714293,take_profit,False,2.175642857142975,19.0,True,5.0,0.7586679286639826,0.6749775829431499,0.6575420942513097,0.5,live_rolling_pf,6.73664843788271,4.547086679739818,962.3783482689586,966.9254349486984,True,S5_000095,0,primary,1,1964049,S4_CONFIRMATION
S4_CONFIRMATION,S5,710711,710715,2020-01-09T08:57:00,2020-01-09T09:01:00,2020-01-09T08:57:00,2020-01-09T09:01:00,202,1544.36,1545.9515714285712,1.5915714285713956,1.9588571428571022,take_profit,False,1.591571428571342,21.0,True,5.0,0.7338295349756029,0.6139507311289402,0.5908971150045819,0.5,live_rolling_pf,6.768478044640888,4.155512044137453,966.9254349486984,971.0809469928358,True,S5_000096,0,primary,1,1964062,S4_CONFIRMATION
S4_CONFIRMATION,S5,714509,714510,2020-01-14T03:19:00,2020-01-14T03:20:00,2020-01-14T03:19:00,2020-01-14T03:20:00,207,1538.08,1536.5142857142857,1.5,1.565714285714239,stop_loss,False,-1.5657142857141935,19.0,True,5.0,-0.8917819365337385,-1.0284784377542466,-1.0569568755085192,0.5,live_rolling_pf,6.797566628949851,-6.991150707072744,971.0809469928358,964.0897962857631,False,S5_000097,0,primary,1,1967860,S4_CONFIRMATION
S4_CONFIRMATION,S5,726546,726577,2020-01-27T01:10:00,2020-01-27T01:41:00,2020-01-27T01:10:00,2020-01-27T01:41:00,209,1585.17,1581.586,2.9119999999999906,3.5839999999999885,stop_loss,False,-3.58400000000006,35.0,True,5.0,-0.9110320284697688,-1.012709710218625,-1.0254194204372322,0.5,live_rolling_pf,6.7486285740003416,-6.834401687549019,964.0897962857631,957.255394598214,False,S5_000098,0,primary,1,1979897,S4_CONFIRMATION
S4_CONFIRMATION,S5,731935,731955,2020-01-30T22:02:00,2020-01-30T22:22:00,2020-01-30T22:02:00,2020-01-30T22:22:00,213,1578.67,1576.615142857143,1.6695714285714303,2.054857142857145,stop_loss,False,-2.054857142857145,21.0,True,5.0,-0.9072789201463354,-1.0220764475842057,-1.0441528951684118,0.5,live_rolling_pf,6.700787762187498,-6.848717351992318,957.255394598214,950.4066772462218,False,S5_000099,0,primary,1,1985286,S4_CONFIRMATION
S4_CONFIRMATION,S5,733441,733444,2020-02-03T01:11:00,2020-02-03T01:14:00,2020-02-03T01:11:00,2020-02-03T01:14:00,215,1591.3,1589.3091428571427,1.6175714285714775,1.9908571428572033,stop_loss,False,-1.990857142857294,20.0,True,5.0,-0.9087115284298822,-1.0228221178925814,-1.045644235785121,0.5,live_rolling_pf,6.652846740723552,-6.804678793361621,950.4066772462218,943.6019984528601,False,S5_000100,0,primary,1,1986792,S4_CONFIRMATION
S4_CONFIRMATION,S5,734391,734395,2020-02-03T17:01:00,2020-02-03T17:05:00,2020-02-03T17:01:00,2020-02-03T17:05:00,217,1572.65,1574.15,1.5,1.7874285714285312,take_profit,False,1.5,15.0,True,5.0,0.7742220911370166,0.6709924789854144,0.6451850759475138,0.5,live_rolling_pf,6.6052139891700214,4.43204890882233,943.6019984528601,948.0340473616825,True,S5_000101,0,primary,1,1987742,S4_CONFIRMATION
S4_CONFIRMATION,S5,734400,734416,2020-02-03T17:10:00,2020-02-03T17:26:00,2020-02-03T17:10:00,2020-02-03T17:26:00,218,1574.93,1572.547142857143,1.9360714285714202,2.382857142857133,stop_loss,False,-2.3828571428571195,18.0,True,5.0,-0.9297658862876199,-1.01950947603121,-1.0390189520624253,0.5,live_rolling_pf,6.636238331531778,-6.765707864198194,948.0340473616825,941.2683394974842,False,S5_000102,0,primary,1,1987751,S4_CONFIRMATION
S4_CONFIRMATION,S5,735773,735778,2020-02-04T17:04:00,2020-02-04T17:09:00,2020-02-04T17:04:00,2020-02-04T17:09:00,221,1558.77,1557.3585714285714,1.5,1.411428571428587,stop_loss,False,-1.411428571428587,20.0,True,5.0,-0.8758865248226962,-1.031028368794326,-1.062056737588652,0.5,live_rolling_pf,6.5888783764823895,-6.793320524688845,941.2683394974842,934.4750189727954,False,S5_000103,0,secondary,1,1989124,S4_CONFIRMATION
S4_CONFIRMATION,S5,736846,736848,2020-02-05T11:58:00,2020-02-05T12:00:00,2020-02-05T11:58:00,2020-02-05T12:00:00,223,1547.76,1549.26,1.5,1.6651428571429019,take_profit,False,1.5,22.0,True,5.0,0.7956956653531184,0.6524704455895571,0.6259472567444532,0.5,live_rolling_pf,6.541325132809568,4.268021324150428,934.4750189727954,938.7430402969459,True,S5_000104,0,primary,1,1990197,S4_CONFIRMATION
S4_CONFIRMATION,S5,740365,740369,2020-02-10T01:41:00,2020-02-10T01:45:00,2020-02-10T01:41:00,2020-02-10T01:45:00,224,1574.55,1573.1637142857141,1.5,1.3862857142857008,stop_loss,False,-1.3862857142858047,22.0,True,5.0,-0.8630380647457057,-1.0311277125578735,-1.0622554251156824,0.5,live_rolling_pf,6.571201282078621,-6.775747746747094,938.7430402969459,931.9672925501987,False,S5_000105,0,primary,1,1993716,S4_CONFIRMATION
S4_CONFIRMATION,S5,753896,753946,2020-02-24T01:28:00,2020-02-24T02:18:00,2020-02-24T01:28:00,2020-02-24T02:18:00,226,1664.95,1660.9351428571429,3.26207142857146,4.014857142857181,stop_loss,False,-4.014857142857181,34.0,True,5.0,-0.921926256396799,-1.0114814328828237,-1.0229628657656475,0.5,live_rolling_pf,6.523771047851391,-6.598673287280206,931.9672925501987,925.3686192629185,False,S5_000106,0,primary,1,2007247,S4_CONFIRMATION
S4_CONFIRMATION,S5,755251,755252,2020-02-25T01:04:00,2020-02-25T01:05:00,2020-02-25T01:04:00,2020-02-25T01:05:00,229,1656.35,1658.1254285714283,1.775428571428498,2.185142857142767,take_profit,False,1.7754285714283924,39.0,True,5.0,0.6894485742815478,0.5185842671695925,0.499167868634143,0.5,live_rolling_pf,6.47758033484043,3.359171250975388,925.3686192629185,928.7277905138939,True,S5_000107,0,primary,1,2008602,S4_CONFIRMATION
S4_CONFIRMATION,S5,755703,755703,2020-02-25T08:36:00,2020-02-25T08:36:00,2020-02-25T08:36:00,2020-02-25T08:36:00,234,1635.04,1637.5991428571429,2.5591428571428945,3.1497142857143317,take_profit,False,2.559142857142888,16.0,True,5.0,0.7732216850828715,0.7097720994475132,0.6946650552486184,0.5,live_rolling_pf,6.501094533597257,4.6142955158180765,928.7277905138939,933.3420860297119,True,S5_000108,0,primary,1,2009054,S4_CONFIRMATION
S4_CONFIRMATION,S5,756566,756566,2020-02-25T22:59:00,2020-02-25T22:59:00,2020-02-25T22:59:00,2020-02-25T22:59:00,237,1634.32,1630.8331428571428,2.833071428571428,3.486857142857142,stop_loss,False,-3.4868571428571613,17.0,True,5.0,-0.9535119931244681,-1.0136729431986926,-1.0273458863973801,0.5,live_rolling_pf,6.533394602207983,-6.622725335498618,933.3420860297119,926.7193606942133,False,S5_000109,0,primary,1,2009917,S4_CONFIRMATION
S4_CONFIRMATION,S5,756754,756758,2020-02-26T03:08:00,2020-02-26T03:12:00,2020-02-26T03:08:00,2020-02-26T03:12:00,238,1643.94,1645.6123571428573,1.6723571428571422,2.0582857142857134,take_profit,False,1.6723571428572086,21.0,True,5.0,0.7372779947096905,0.6226539866482217,0.6006109081748623,0.5,live_rolling_pf,6.487035524859493,4.039178531082403,926.7193606942133,930.7585392252956,True,S5_000110,0,primary,1,2010105,S4_CONFIRMATION
S4_CONFIRMATION,S5,756759,756762,2020-02-26T03:13:00,2020-02-26T03:16:00,2020-02-26T03:13:00,2020-02-26T03:16:00,239,1645.85,1643.5814285714284,1.8432142857142773,2.268571428571418,stop_loss,False,-2.2685714285714766,23.0,True,5.0,-0.9079473985134593,-1.0200114351057983,-1.040022870211573,0.5,live_rolling_pf,6.515309774577069,-6.645690473325192,930.7585392252956,924.1128487519704,False,S5_000111,0,primary,1,2010110,S4_CONFIRMATION
S4_CONFIRMATION,S5,757615,757625,2020-02-26T17:29:00,2020-02-26T17:39:00,2020-02-26T17:29:00,2020-02-26T17:39:00,240,1635.93,1637.6460000000002,1.7160000000000228,2.112000000000028,take_profit,False,1.7160000000001219,22.0,True,5.0,0.7358490566038169,0.6200686106346931,0.5986277873070776,0.5,live_rolling_pf,6.468789941263793,4.011093591367119,924.1128487519704,928.1239423433376,True,S5_000112,0,primary,1,2010966,S4_CONFIRMATION
S4_CONFIRMATION,S5,757817,757826,2020-02-26T20:51:00,2020-02-26T21:00:00,2020-02-26T20:51:00,2020-02-26T21:00:00,241,1644.49,1646.3833571428572,1.8933571428571945,2.330285714285778,take_profit,False,1.8933571428572122,22.0,True,5.0,0.7424098140264482,0.6365393233251289,0.6169336768989586,0.5,live_rolling_pf,6.496867596403363,4.135511703547553,928.1239423433376,932.2594540468851,True,S5_000113,0,primary,1,2011168,S4_CONFIRMATION
S4_CONFIRMATION,S5,760037,760050,2020-02-28T11:53:00,2020-02-28T12:06:00,2020-02-28T11:53:00,2020-02-28T12:06:00,249,1627.5,1624.7754285714286,2.2137142857142993,2.7245714285714455,stop_loss,False,-2.7245714285713802,18.0,True,5.0,-0.9380287231949415,-1.017214243556932,-1.0344284871138865,0.5,live_rolling_pf,6.5258161783281965,-6.638153167429706,932.2594540468851,925.6213008794555,False,S5_000114,0,primary,1,2013388,S4_CONFIRMATION
S4_CONFIRMATION,S5,760349,760350,2020-02-28T17:05:00,2020-02-28T17:06:00,2020-02-28T17:05:00,2020-02-28T17:06:00,252,1609.35,1606.1362857142856,2.611142857142868,3.2137142857142993,stop_loss,False,-3.2137142857143317,18.0,True,5.0,-0.9469607678060377,-1.0147331200538905,-1.0294662401077717,0.5,live_rolling_pf,6.479349106156189,-6.574810134408256,925.6213008794555,919.0464907450472,False,S5_000115,0,primary,1,2013700,S4_CONFIRMATION
S4_CONFIRMATION,S5,760388,760409,2020-02-28T17:44:00,2020-02-28T18:05:00,2020-02-28T17:44:00,2020-02-28T18:05:00,254,1584.3,1590.5864285714285,6.286428571428639,7.737142857142941,take_profit,False,6.286428571428587,14.0,True,5.0,0.7980594849474001,0.7739390642002113,0.7675915850562144,0.5,live_post_loss_cap;live_rolling_pf,6.43332543521533,4.9790018670259695,919.0464907450472,924.0254926120732,True,S5_000116,0,primary,1,2013739,S4_CONFIRMATION
S4_CONFIRMATION,S5,760554,760554,2020-02-28T20:30:00,2020-02-28T20:30:00,2020-02-28T20:30:00,2020-02-28T20:30:00,258,1567.77,1570.796214285714,3.026214285714215,3.724571428571341,take_profit,False,3.0262142857141043,22.0,True,5.0,0.7671845574387657,0.6987360567868737,0.6860604085180049,0.5,live_rolling_pf,6.468178448284513,4.519549503548159,924.0254926120732,928.5450421156214,True,S5_000117,0,primary,1,2013905,S4_CONFIRMATION
S4_CONFIRMATION,S5,760556,760568,2020-02-28T20:32:00,2020-02-28T20:44:00,2020-02-28T20:32:00,2020-02-28T20:44:00,258,1571.0,1574.2314285714285,3.2314285714285247,3.9771428571428,take_profit,False,3.2314285714285234,16.0,True,5.0,0.7810773480662975,0.7303176795580095,0.7182320441988933,0.5,live_rolling_pf,6.49981529480935,4.746930023660824,928.5450421156214,933.2919721392823,True,S5_000118,1,primary,1,2013907,S4_CONFIRMATION
S4_CONFIRMATION,S5,760768,760768,2020-03-02T01:06:00,2020-03-02T01:06:00,2020-03-02T01:06:00,2020-03-02T01:06:00,259,1584.09,1587.2805714285714,3.1905714285714613,3.9268571428571835,take_profit,False,3.190571428571502,20.0,True,5.0,0.7731237884242694,0.7125450013846688,0.7004292439767488,0.5,live_rolling_pf,6.533043804974976,4.6550877070619965,933.2919721392823,937.9470598463442,True,S5_000119,0,primary,1,2014119,S4_CONFIRMATION
S4_CONFIRMATION,S5,760769,760769,2020-03-02T01:07:00,2020-03-02T01:07:00,2020-03-02T01:07:00,2020-03-02T01:07:00,259,1587.37,1583.1311428571428,3.444071428571442,4.238857142857159,stop_loss,False,-4.238857142857114,28.0,True,5.0,-0.9380374304501672,-1.0110647445624583,-1.0221294891249266,0.5,live_rolling_pf,6.56562941892441,-6.63827643133657,937.9470598463442,931.3087834150077,False,S5_000120,1,primary,1,2014120,S4_CONFIRMATION
S4_CONFIRMATION,S5,760802,760803,2020-03-02T01:40:00,2020-03-02T01:41:00,2020-03-02T01:40:00,2020-03-02T01:41:00,262,1581.82,1580.0462857142857,1.5,1.7737142857142576,stop_loss,False,-1.7737142857142771,27.0,True,5.0,-0.8678875996085635,-1.0244652593317587,-1.048930518663508,0.5,live_post_loss_cap;live_rolling_pf,6.519161483905054,-6.678654460234404,931.3087834150077,924.6301289547733,False,S5_000121,0,primary,1,2014153,S4_CONFIRMATION
S4_CONFIRMATION,S5,760819,760831,2020-03-02T01:57:00,2020-03-02T02:09:00,2020-03-02T01:57:00,2020-03-02T02:09:00,264,1583.39,1585.1357142857144,1.7457142857143237,2.148571428571475,take_profit,False,1.7457142857142571,29.0,True,5.0,0.7158758055067116,0.576449912126515,0.555946104276486,0.5,live_post_loss_cap;live_rolling_pf,6.472410902683413,3.7310206960985512,924.6301289547733,928.3611496508719,True,S5_000122,0,primary,1,2014170,S4_CONFIRMATION
S4_CONFIRMATION,S5,760842,760844,2020-03-02T02:20:00,2020-03-02T02:22:00,2020-03-02T02:20:00,2020-03-02T02:22:00,266,1586.03,1587.53,1.5,1.766857142857121,take_profit,False,1.5,24.0,True,5.0,0.7474373576309876,0.60293280182233,0.5780182232346305,0.5,live_post_loss_cap;live_rolling_pf,6.498528047556103,3.9181757234339973,928.3611496508719,932.2793253743059,True,S5_000123,0,secondary,1,2014193,S4_CONFIRMATION
S4_CONFIRMATION,S5,760845,760846,2020-03-02T02:23:00,2020-03-02T02:24:00,2020-03-02T02:23:00,2020-03-02T02:24:00,267,1587.89,1589.39,1.5,1.6902857142856842,take_profit,False,1.5,23.0,True,5.0,0.7811337598571764,0.6353221246838368,0.6092843326885975,0.5,live_post_loss_cap;live_rolling_pf,6.525955277620142,4.146083772569326,932.2793253743059,936.4254091468753,True,S5_000124,0,secondary,1,2014196,S4_CONFIRMATION
S4_CONFIRMATION,S5,760865,760866,2020-03-02T02:43:00,2020-03-02T02:44:00,2020-03-02T02:43:00,2020-03-02T02:44:00,268,1590.98,1592.5140000000001,1.5339999999999983,1.887999999999998,take_profit,False,1.5340000000001055,24.0,True,5.0,0.7208646616541856,0.5845864661654637,0.5610902255639598,0.5,live_post_loss_cap;live_rolling_pf,6.554977864028127,3.8319513453250424,936.4254091468753,940.2573604922003,True,S5_000125,0,primary,1,2014216,S4_CONFIRMATION
S4_CONFIRMATION,S5,760884,760885,2020-03-02T03:02:00,2020-03-02T03:03:00,2020-03-02T03:02:00,2020-03-02T03:03:00,269,1600.11,1602.9690714285714,2.859071428571425,3.5188571428571387,take_profit,False,2.8590714285714967,19.0,True,5.0,0.7708766658963292,0.7061667051845195,0.6926854633695593,0.5,live_post_loss_cap;live_rolling_pf,6.581801523445402,4.647849095989891,940.2573604922003,944.9052095881901,True,S5_000126,0,primary,1,2014235,S4_CONFIRMATION
S4_CONFIRMATION,S5,760887,760906,2020-03-02T03:05:00,2020-03-02T03:24:00,2020-03-02T03:05:00,2020-03-02T03:24:00,270,1602.48,1605.5507857142857,3.0707857142857087,3.7794285714285643,take_profit,False,3.0707857142856483,24.0,True,5.0,0.7639856411714379,0.6918360818879574,0.6793965027011506,0.5,live_post_loss_cap;live_rolling_pf,6.614336467117331,4.576036625699089,944.9052095881901,949.4812462138892,True,S5_000127,0,primary,1,2014238,S4_CONFIRMATION
S4_CONFIRMATION,S5,760957,760963,2020-03-02T04:15:00,2020-03-02T04:21:00,2020-03-02T04:15:00,2020-03-02T04:21:00,272,1597.91,1595.7431428571429,1.760571428571453,2.166857142857173,stop_loss,False,-2.166857142857225,25.0,True,5.0,-0.896559877054048,-1.020688024589216,-1.041376049178411,0.5,live_rolling_pf,6.646368723497225,-6.783868963077931,949.4812462138892,942.6973772508113,False,S5_000128,0,primary,1,2014308,S4_CONFIRMATION
S4_CONFIRMATION,S5,762074,762075,2020-03-02T22:52:00,2020-03-02T22:53:00,2020-03-02T22:52:00,2020-03-02T22:53:00,275,1587.37,1585.5951428571427,1.5,1.77485714285714,stop_loss,False,-1.7748571428571722,22.0,True,5.0,-0.8897164136350776,-1.0250644514465932,-1.05012890289317,0.5,live_rolling_pf,6.598881640755679,-6.764278989242215,942.6973772508113,935.9330982615691,False,S5_000129,0,primary,1,2015425,S4_CONFIRMATION
S4_CONFIRMATION,S5,762262,762262,2020-03-03T03:01:00,2020-03-03T03:01:00,2020-03-03T03:01:00,2020-03-03T03:01:00,277,1595.96,1597.46,1.5,1.5897142857142692,take_profit,False,1.5,18.0,True,5.0,0.847594446238303,0.7176299644817633,0.6893768162738199,0.5,live_rolling_pf,6.551531687830984,4.701575452439296,935.9330982615691,940.6346737140084,True,S5_000130,0,primary,1,2015613,S4_CONFIRMATION
S4_CONFIRMATION,S5,762263,762269,2020-03-03T03:02:00,2020-03-03T03:08:00,2020-03-03T03:02:00,2020-03-03T03:08:00,277,1596.83,1598.33,1.5,1.7417142857142869,take_profit,False,1.5,22.0,True,5.0,0.7646373434314007,0.6270026216137485,0.6015147101660352,0.5,live_rolling_pf,6.584442715998059,4.128462844796334,940.6346737140084,944.7631365588047,True,S5_000131,1,primary,1,2015614,S4_CONFIRMATION
S4_CONFIRMATION,S5,762270,762306,2020-03-03T03:09:00,2020-03-03T03:45:00,2020-03-03T03:09:00,2020-03-03T03:45:00,277,1599.45,1597.3391428571429,1.715071428571431,2.110857142857146,stop_loss,False,-2.110857142857185,24.0,True,5.0,-0.8979095770539788,-1.0212688381137744,-1.0425376762275322,0.5,live_rolling_pf,6.6133419559116335,-6.75400005536295,944.7631365588047,938.0091365034418,False,S5_000132,2,primary,1,2015621,S4_CONFIRMATION
S4_CONFIRMATION,S5,763104,763104,2020-03-03T17:03:00,2020-03-03T17:03:00,2020-03-03T17:03:00,2020-03-03T17:03:00,278,1613.96,1617.5814285714287,3.6214285714285506,4.4571428571428315,take_profit,False,3.6214285714286234,16.0,True,5.0,0.7843440594059562,0.7388613861386292,0.7280321782178371,0.5,live_rolling_pf,6.5660639555240925,4.851411115653422,938.0091365034418,942.8605476190952,True,S5_000133,0,primary,1,2016455,S4_CONFIRMATION
S4_CONFIRMATION,S5,763105,763111,2020-03-03T17:04:00,2020-03-03T17:10:00,2020-03-03T17:04:00,2020-03-03T17:10:00,278,1617.16,1621.1593571428573,3.9993571428571375,4.9222857142857075,take_profit,False,3.999357142857207,30.0,True,5.0,0.765825035561891,0.6988045738045869,0.6892302221249721,0.5,live_rolling_pf,6.600023833333666,4.612126841952849,942.8605476190952,947.4726744610481,True,S5_000134,1,primary,1,2016456,S4_CONFIRMATION
S4_CONFIRMATION,S5,763117,763120,2020-03-03T17:16:00,2020-03-03T17:19:00,2020-03-03T17:16:00,2020-03-03T17:19:00,279,1619.89,1625.521785714286,5.6317857142857655,6.9314285714286346,take_profit,False,5.631785714285797,20.0,True,5.0,0.7897135416666713,0.7546574519230819,0.747646233974364,0.5,live_rolling_pf,6.632308721227337,5.005121199928656,947.4726744610481,952.4777956609768,True,S5_000135,0,primary,1,2016468,S4_CONFIRMATION
S4_CONFIRMATION,S5,763142,763144,2020-03-03T17:41:00,2020-03-03T17:43:00,2020-03-03T17:41:00,2020-03-03T17:43:00,280,1638.38,1641.63,3.2499999999999365,3.999999999999922,take_profit,False,3.25,14.0,True,5.0,0.7850241545893869,0.7391304347826227,0.7270531400966321,1.0,,13.334689139253674,9.856074581187686,952.4777956609768,962.3338702421645,True,S5_000136,0,primary,1,2016493,S4_CONFIRMATION
S4_CONFIRMATION,S5,763145,763149,2020-03-03T17:44:00,2020-03-03T17:48:00,2020-03-03T17:44:00,2020-03-03T17:48:00,281,1642.1,1637.9411428571427,3.379071428571396,4.158857142857102,stop_loss,False,-4.158857142857187,15.0,True,5.0,-0.9651879848816584,-1.0116040050394732,-1.023208010078927,1.0,,13.472674183390303,-13.629011162509546,962.3338702421645,948.704859079655,False,S5_000137,0,primary,1,2016496,S4_CONFIRMATION
S4_CONFIRMATION,S5,767660,767661,2020-03-09T00:04:00,2020-03-09T00:05:00,2020-03-09T00:04:00,2020-03-09T00:05:00,287,1693.0,1697.0810714285715,4.081071428571412,5.022857142857123,take_profit,False,4.081071428571477,81.0,True,5.0,0.6996693607641548,0.5522287533676321,0.5436566250306248,1.0,,13.28186802711517,7.334629423007222,948.704859079655,956.0394885026622,True,S5_000138,0,primary,1,2021011,S4_CONFIRMATION
S4_CONFIRMATION,S5,767664,767666,2020-03-09T00:08:00,2020-03-09T00:10:00,2020-03-09T00:08:00,2020-03-09T00:10:00,288,1693.74,1699.6475714285714,5.90757142857144,7.270857142857157,take_profit,False,5.907571428571373,78.0,True,5.0,0.7337816736460988,0.6306870608275881,0.6244765419830994,1.0,,13.384552839037271,8.441464290543966,956.0394885026622,964.4809527932061,True,S5_000139,0,primary,1,2021015,S4_CONFIRMATION
S4_CONFIRMATION,S5,767696,767710,2020-03-09T00:40:00,2020-03-09T00:54:00,2020-03-09T00:40:00,2020-03-09T00:54:00,291,1695.27,1700.1747142857143,4.90471428571428,6.036571428571421,take_profit,False,4.904714285714363,25.0,True,5.0,0.7801890651274958,0.7324682997773162,0.7245148388856196,1.0,,13.502733339104886,9.89032413124064,964.4809527932061,974.3712769244468,True,S5_000140,0,primary,1,2021047,S4_CONFIRMATION
S4_CONFIRMATION,S5,767716,767717,2020-03-09T01:00:00,2020-03-09T01:01:00,2020-03-09T01:00:00,2020-03-09T01:01:00,293,1698.09,1694.2751428571428,3.0995714285714384,3.8148571428571554,stop_loss,False,-3.814857142857136,31.0,True,5.0,-0.9248458821084669,-1.012121631917984,-1.0242432638359724,1.0,,13.641197876942256,-13.806551456526934,974.3712769244468,960.5647254679199,False,S5_000141,0,primary,1,2021067,S4_CONFIRMATION
S4_CONFIRMATION,S5,767775,767776,2020-03-09T01:59:00,2020-03-09T02:00:00,2020-03-09T01:59:00,2020-03-09T02:00:00,294,1700.52,1698.3691428571428,1.7475714285714439,2.150857142857162,stop_loss,False,-2.1508571428571486,29.0,True,5.0,-0.8811892777712702,-1.020484607280809,-1.0409692145616236,1.0,live_post_loss_cap,13.447906156550879,-13.723381232916996,960.5647254679199,946.8413442350029,False,S5_000142,0,primary,1,2021126,S4_CONFIRMATION
S4_CONFIRMATION,S5,768241,768254,2020-03-09T09:45:00,2020-03-09T09:58:00,2020-03-09T09:45:00,2020-03-09T09:58:00,308,1677.33,1680.5595714285714,3.229571428571447,3.974857142857166,take_profit,False,3.2295714285714894,25.0,True,5.0,0.7644214512747786,0.6934131331575139,0.681578413471303,1.0,,13.255778819290041,9.191731123526917,946.8413442350029,956.0330753585298,True,S5_000143,0,primary,1,2021592,S4_CONFIRMATION
S4_CONFIRMATION,S5,768323,768329,2020-03-09T11:07:00,2020-03-09T11:13:00,2020-03-09T11:07:00,2020-03-09T11:13:00,310,1669.33,1665.234,3.3280000000000136,4.096000000000017,stop_loss,False,-4.096000000000004,28.0,True,5.0,-0.9360146252285163,-1.0114259597806183,-1.02285191956124,1.0,,13.384463055019417,-13.537393391571241,956.0330753585298,942.4956819669586,False,S5_000144,0,primary,1,2021674,S4_CONFIRMATION
S4_CONFIRMATION,S5,768363,768365,2020-03-09T11:47:00,2020-03-09T11:49:00,2020-03-09T11:47:00,2020-03-09T11:49:00,311,1664.24,1666.2438571428572,2.003857142857115,2.4662857142856804,take_profit,False,2.003857142857214,25.0,True,5.0,0.7377195750499986,0.6272746397391736,0.6088671505207027,1.0,live_post_loss_cap,13.194939547537421,8.27685095106171,942.4956819669586,950.7725329180204,True,S5_000145,0,primary,1,2021714,S4_CONFIRMATION
S4_CONFIRMATION,S5,769149,769150,2020-03-10T01:54:00,2020-03-10T01:55:00,2020-03-10T01:54:00,2020-03-10T01:55:00,316,1663.36,1665.155857142857,1.7958571428571355,2.210285714285705,take_profit,False,1.7958571428571304,28.0,True,5.0,0.7211450206516726,0.588630105553003,0.5685520881138107,1.0,,13.310815460852286,7.835146709718026,950.7725329180204,958.6076796277384,True,S5_000146,0,primary,1,2022500,S4_CONFIRMATION
S4_CONFIRMATION,S5,769529,769556,2020-03-10T08:14:00,2020-03-10T08:41:00,2020-03-10T08:14:00,2020-03-10T08:41:00,321,1657.72,1659.830642857143,2.1106428571428375,2.597714285714262,take_profit,False,2.1106428571429205,25.0,True,5.0,0.7411708638507358,0.6358232166148565,0.6182652754088767,1.0,,13.420507514788339,8.533070256656575,958.6076796277384,967.1407498843951,True,S5_000147,0,primary,1,2022880,S4_CONFIRMATION
S4_CONFIRMATION,S5,769613,769615,2020-03-10T09:38:00,2020-03-10T09:40:00,2020-03-10T09:38:00,2020-03-10T09:40:00,322,1659.5,1661.1370714285715,1.6370714285714598,2.0148571428571813,take_profit,False,1.6370714285715167,25.0,True,5.0,0.7228144316891902,0.5903557461839571,0.5682792985997517,1.0,,13.539970498381532,7.993399386880795,967.1407498843951,975.1341492712759,True,S5_000148,0,primary,1,2022964,S4_CONFIRMATION
S4_CONFIRMATION,S5,770083,770092,2020-03-10T17:28:00,2020-03-10T17:37:00,2020-03-10T17:28:00,2020-03-10T17:37:00,326,1657.21,1659.0225714285714,1.8125714285714059,2.230857142857115,take_profit,False,1.8125714285713457,20.0,True,5.0,0.7456511518570501,0.6428067700987039,0.6222378937470345,1.0,,13.651878089797863,8.775519660684228,975.1341492712759,983.9096689319601,True,S5_000149,0,primary,1,2023434,S4_CONFIRMATION
S4_CONFIRMATION,S5,771443,771448,2020-03-11T17:09:00,2020-03-11T17:14:00,2020-03-11T17:09:00,2020-03-11T17:14:00,327,1649.39,1647.2322857142858,1.7531428571428884,2.157714285714324,stop_loss,False,-2.1577142857142917,25.0,True,5.0,-0.8961670819983268,-1.0207665836003184,-1.0415331672006505,1.0,,13.774735365047443,-14.060789558577962,983.9096689319601,969.8488793733821,False,S5_000150,0,primary,1,2024794,S4_CONFIRMATION
S4_CONFIRMATION,S5,771465,771473,2020-03-11T17:31:00,2020-03-11T17:39:00,2020-03-11T17:31:00,2020-03-11T17:39:00,329,1651.66,1649.4017142857144,1.834857142857142,2.2582857142857136,stop_loss,False,-2.2582857142856483,19.0,True,5.0,-0.9223946784922128,-1.0204224530283315,-1.0408449060566896,1.0,live_post_loss_cap,13.57788431122735,-13.85517801579751,969.8488793733821,955.9937013575847,False,S5_000151,0,primary,1,2024816,S4_CONFIRMATION
S4_CONFIRMATION,S5,772016,772017,2020-03-12T03:43:00,2020-03-12T03:44:00,2020-03-12T03:43:00,2020-03-12T03:44:00,330,1635.91,1638.1255714285714,2.2155714285714194,2.7268571428571313,take_profit,False,2.2155714285713657,24.0,True,5.0,0.746773882896746,0.6490273497688565,0.6321744992295651,1.0,,13.383911819006185,8.686524817429659,955.9937013575847,964.6802261750144,True,S5_000152,0,primary,1,2025367,S4_CONFIRMATION
S4_CONFIRMATION,S5,772019,772026,2020-03-12T03:46:00,2020-03-12T03:53:00,2020-03-12T03:46:00,2020-03-12T03:53:00,330,1637.32,1639.6637142857141,2.3437142857143076,2.884571428571456,take_profit,False,2.3437142857142135,20.0,True,5.0,0.759818451278221,0.6787699147832236,0.6625602074842242,1.0,,13.505523166450201,9.167142808794255,964.6802261750144,973.8473689838086,True,S5_000153,1,primary,1,2025370,S4_CONFIRMATION
S4_CONFIRMATION,S5,772034,772034,2020-03-12T04:01:00,2020-03-12T04:01:00,2020-03-12T04:01:00,2020-03-12T04:01:00,331,1631.36,1633.6609999999998,2.3009999999999553,2.8319999999999452,take_profit,False,2.300999999999931,24.0,True,5.0,0.7490234374999909,0.6546223958333225,0.6383463541666555,1.0,,13.63386316577332,8.925032170042218,973.8473689838086,982.7724011538508,True,S5_000154,0,primary,1,2025385,S4_CONFIRMATION
S4_CONFIRMATION,S5,772040,772042,2020-03-12T04:07:00,2020-03-12T04:09:00,2020-03-12T04:07:00,2020-03-12T04:09:00,333,1637.96,1634.7634285714287,2.597214285714246,3.1965714285713798,stop_loss,False,-3.1965714285713602,29.0,True,5.0,-0.9168237318692057,-1.014340735884613,-1.0286814717692319,1.0,,13.75881361615391,-13.956125128308791,982.7724011538508,968.8162760255419,False,S5_000155,0,primary,1,2025391,S4_CONFIRMATION
S4_CONFIRMATION,S5,772057,772061,2020-03-12T04:24:00,2020-03-12T04:28:00,2020-03-12T04:24:00,2020-03-12T04:28:00,336,1637.66,1635.7354285714287,1.5637142857142359,1.924571428571367,stop_loss,False,-1.9245714285714257,15.0,True,5.0,-0.9276959096543438,-1.0241013634485898,-1.0482027268971514,1.0,live_post_loss_cap,13.563427864357587,-13.8903249689252,968.8162760255419,954.9259510566167,False,S5_000156,0,primary,1,2025408,S4_CONFIRMATION
S4_CONFIRMATION,S5,772826,772834,2020-03-12T17:13:00,2020-03-12T17:21:00,2020-03-12T17:13:00,2020-03-12T17:21:00,347,1576.46,1572.3948571428573,3.3029285714285446,4.065142857142824,stop_loss,False,-4.065142857142746,22.0,True,5.0,-0.9486598213094893,-1.0116682224296392,-1.0233364448592965,0.5,live_rolling_pf,6.684481657396317,-6.7624776762016605,954.9259510566167,948.163473380415,False,S5_000157,0,primary,1,2026177,S4_CONFIRMATION
S4_CONFIRMATION,S5,772940,772946,2020-03-12T19:07:00,2020-03-12T19:13:00,2020-03-12T19:07:00,2020-03-12T19:13:00,349,1604.95,1596.8734285714286,6.562214285714335,8.076571428571489,stop_loss,False,-8.07657142857147,27.0,True,5.0,-0.967651388080647,-1.0059904836887663,-1.0119809673775348,0.5,live_post_loss_cap;live_rolling_pf,6.637144313662905,-6.67690401841389,948.163473380415,941.4865693620011,False,S5_000158,0,primary,1,2026291,S4_CONFIRMATION
S4_CONFIRMATION,S5,772962,773019,2020-03-12T19:29:00,2020-03-12T20:26:00,2020-03-12T19:29:00,2020-03-12T20:26:00,351,1590.83,1584.2859999999998,5.316999999999999,6.543999999999999,stop_loss,False,-6.544000000000096,23.0,True,5.0,-0.9660466489518892,-1.0073811632713459,-1.0147623265426775,0.5,live_post_loss_cap;live_rolling_pf,6.590405985534008,-6.639050848137689,941.4865693620011,934.8475185138634,False,S5_000159,0,primary,1,2026313,S4_CONFIRMATION
S4_CONFIRMATION,S5,773208,773209,2020-03-13T00:36:00,2020-03-13T00:37:00,2020-03-13T00:36:00,2020-03-13T00:37:00,354,1575.49,1577.3610714285714,1.8710714285714158,2.3028571428571274,take_profit,False,1.8710714285714403,36.0,True,5.0,0.7026555793991501,0.5486856223176041,0.5299087982832693,0.5,live_rolling_pf,6.543932629597044,3.590561747274929,934.8475185138634,938.4380802611383,True,S5_000160,0,primary,1,2026559,S4_CONFIRMATION
S4_CONFIRMATION,S5,773225,773225,2020-03-13T00:53:00,2020-03-13T00:53:00,2020-03-13T00:53:00,2020-03-13T00:53:00,355,1576.15,1574.919142857143,1.5,1.230857142857115,stop_loss,False,-1.2308571428570758,29.0,True,5.0,-0.809318053729071,-1.0328761976328886,-1.065752395265803,0.5,live_rolling_pf,6.569066561827968,-6.785032492378225,938.4380802611383,931.6530477687601,False,S5_000161,0,primary,1,2026576,S4_CONFIRMATION
S4_CONFIRMATION,S5,773381,773394,2020-03-13T03:29:00,2020-03-13T03:42:00,2020-03-13T03:29:00,2020-03-13T03:42:00,356,1563.3,1559.3582857142858,3.202642857142837,3.941714285714261,stop_loss,False,-3.94171428571417,15.0,True,5.0,-0.963340548844332,-1.0122198170518597,-1.0244396341037416,0.5,live_rolling_pf,6.521571334381321,-6.601263742978113,931.6530477687601,925.051784025782,False,S5_000162,0,primary,1,2026732,S4_CONFIRMATION
S4_CONFIRMATION,S5,773414,773418,2020-03-13T04:02:00,2020-03-13T04:06:00,2020-03-13T04:02:00,2020-03-13T04:06:00,358,1552.5,1554.9505,2.4505000000000092,3.0160000000000116,take_profit,False,2.45049999999992,25.0,True,5.0,0.750306184935674,0.6584507042253254,0.6431414574402672,0.5,live_post_loss_cap;live_rolling_pf,6.475362488180474,4.263706990456688,925.051784025782,929.3154910162388,True,S5_000163,0,primary,1,2026765,S4_CONFIRMATION
S4_CONFIRMATION,S5,773423,773426,2020-03-13T04:11:00,2020-03-13T04:14:00,2020-03-13T04:11:00,2020-03-13T04:14:00,359,1561.11,1558.3511428571428,2.2415714285713957,2.7588571428571025,stop_loss,False,-2.758857142857096,34.0,True,5.0,-0.8902821316614384,-1.0161349806380213,-1.0322699612760449,0.5,live_post_loss_cap;live_rolling_pf,6.505208437113671,-6.610169849292793,929.3154910162388,922.705321166946,False,S5_000164,0,primary,1,2026774,S4_CONFIRMATION
S4_CONFIRMATION,S5,774244,774247,2020-03-13T17:52:00,2020-03-13T17:55:00,2020-03-13T17:52:00,2020-03-13T17:55:00,365,1539.97,1546.5628571428572,6.592857142857185,8.114285714285767,take_profit,False,6.592857142857156,26.0,True,5.0,0.787273967929031,0.7502558853633541,0.744285226885019,0.5,live_rolling_pf,6.458937248168622,4.845855683631095,922.705321166946,927.551176850577,True,S5_000165,0,primary,1,2027595,S4_CONFIRMATION
S4_CONFIRMATION,S5,774556,774556,2020-03-16T00:06:00,2020-03-16T00:06:00,2020-03-16T00:06:00,2020-03-16T00:06:00,367,1549.51,1556.4213571428572,6.911357142857128,8.506285714285696,take_profit,False,6.911357142857241,82.0,True,5.0,0.741062128546057,0.6477774033453951,0.6424162122419088,0.5,live_rolling_pf,6.49285823795404,4.205926849671625,927.551176850577,931.7571037002486,True,S5_000166,0,primary,1,2027907,S4_CONFIRMATION
S4_CONFIRMATION,S5,774557,774560,2020-03-16T00:07:00,2020-03-16T00:10:00,2020-03-16T00:07:00,2020-03-16T00:10:00,367,1559.45,1567.3827857142858,7.932785714285699,9.763428571428554,take_profit,False,7.932785714285728,96.0,True,5.0,0.7397620697005248,0.6455757753383804,0.6409130874986702,0.5,live_rolling_pf,6.522299725901741,4.210638702538322,931.7571037002486,935.9677424027869,True,S5_000167,1,primary,1,2027908,S4_CONFIRMATION
S4_CONFIRMATION,S5,774566,774571,2020-03-16T00:16:00,2020-03-16T00:21:00,2020-03-16T00:16:00,2020-03-16T00:21:00,367,1571.35,1562.628857142857,7.085928571428567,8.721142857142851,stop_loss,False,-8.721142857142922,86.0,True,5.0,-0.910240353074499,-1.0052185841235837,-1.0104371682471598,0.5,live_rolling_pf,6.551774196819509,-6.585965181624337,935.9677424027869,929.3817772211626,False,S5_000168,2,primary,1,2027917,S4_CONFIRMATION
S4_CONFIRMATION,S5,774586,774590,2020-03-16T00:36:00,2020-03-16T00:40:00,2020-03-16T00:36:00,2020-03-16T00:40:00,367,1545.15,1551.8301428571428,6.6801428571428625,8.221714285714292,take_profit,False,6.680142857142755,75.0,True,5.0,0.7445781981465439,0.6554090634056122,0.649835992484304,0.5,live_post_loss_cap;live_rolling_pf,6.505672440548138,4.263876681083358,929.3817772211626,933.645653902246,True,S5_000169,3,primary,1,2027937,S4_CONFIRMATION
S4_CONFIRMATION,S5,774591,774596,2020-03-16T00:41:00,2020-03-16T00:46:00,2020-03-16T00:41:00,2020-03-16T00:46:00,367,1547.87,1539.9842857142855,6.407142857142836,7.8857142857142595,stop_loss,False,-7.885714285714357,80.0,True,5.0,-0.9078947368421162,-1.0057565789473795,-1.011513157894748,0.5,live_post_loss_cap;live_rolling_pf,6.535519577315722,-6.5731418117246845,933.645653902246,927.0725120905213,False,S5_000170,4,primary,1,2027942,S4_CONFIRMATION
S4_CONFIRMATION,S5,774614,774617,2020-03-16T01:04:00,2020-03-16T01:07:00,2020-03-16T01:04:00,2020-03-16T01:07:00,370,1542.3,1546.6076428571428,4.307642857142782,5.301714285714194,take_profit,False,4.30764285714281,74.0,True,5.0,0.7129835429868562,0.5822259528988943,0.5739501560578841,0.5,live_post_loss_cap;live_rolling_pf,6.489507584633649,3.7783597373079285,927.0725120905213,930.8508718278292,True,S5_000171,0,primary,1,2027965,S4_CONFIRMATION
S4_CONFIRMATION,S5,774632,774633,2020-03-16T01:22:00,2020-03-16T01:23:00,2020-03-16T01:22:00,2020-03-16T01:23:00,371,1556.57,1552.41,3.379999999999966,4.159999999999958,stop_loss,False,-4.1599999999998545,63.0,True,5.0,-0.8684759916492465,-1.0104384133611475,-1.0208768267223167,0.5,live_post_loss_cap;live_rolling_pf,6.515956102794805,-6.583972346038869,930.8508718278292,924.2668994817903,False,S5_000172,0,primary,1,2027983,S4_CONFIRMATION
S4_CONFIRMATION,S5,774648,774655,2020-03-16T01:38:00,2020-03-16T01:45:00,2020-03-16T01:38:00,2020-03-16T01:45:00,374,1557.35,1561.5350714285714,4.185071428571423,5.150857142857136,take_profit,False,4.1850714285715185,70.0,True,5.0,0.7152920207051632,0.5871056743822799,0.5785599179607543,0.5,live_post_loss_cap;live_rolling_pf,6.469868296372533,3.798496389306328,924.2668994817903,928.0653958710967,True,S5_000173,0,primary,1,2027999,S4_CONFIRMATION
S4_CONFIRMATION,S5,774664,774682,2020-03-16T01:54:00,2020-03-16T02:12:00,2020-03-16T01:54:00,2020-03-16T02:12:00,376,1558.11,1554.2368571428572,3.1469285714285173,3.8731428571427906,stop_loss,False,-3.8731428571427386,75.0,True,5.0,-0.837772696372275,-1.0108151535751697,-1.0216303071503505,0.5,live_post_loss_cap;live_rolling_pf,6.496457771097677,-6.566717959586703,928.0653958710967,921.49867791151,False,S5_000174,0,primary,1,2028015,S4_CONFIRMATION
S4_CONFIRMATION,S5,774704,774712,2020-03-16T02:34:00,2020-03-16T02:42:00,2020-03-16T02:34:00,2020-03-16T02:42:00,381,1544.98,1541.549142857143,2.7875714285713844,3.430857142857089,stop_loss,False,-3.4308571428571213,33.0,True,5.0,-0.9122540454303804,-1.0132948416014673,-1.0265896832029262,0.5,live_post_loss_cap;live_rolling_pf,6.45049074538057,-6.536248998092136,921.49867791151,914.9624289134179,False,S5_000175,0,primary,1,2028055,S4_CONFIRMATION
S4_CONFIRMATION,S5,774737,774754,2020-03-16T03:07:00,2020-03-16T03:24:00,2020-03-16T03:07:00,2020-03-16T03:24:00,385,1535.59,1531.2014285714286,3.565714285714315,4.388571428571465,stop_loss,False,-4.3885714285713675,69.0,True,5.0,-0.8641350210970281,-1.0098452883262816,-1.0196905766525826,0.5,live_post_loss_cap;live_rolling_pf,6.404737002393925,-6.4677934848364975,914.9624289134179,908.4946354285813,False,S5_000176,0,primary,1,2028088,S4_CONFIRMATION
S4_CONFIRMATION,S5,774769,774778,2020-03-16T03:39:00,2020-03-16T03:48:00,2020-03-16T03:39:00,2020-03-16T03:48:00,387,1530.06,1533.3322857142857,3.2722857142857364,4.027428571428599,take_profit,False,3.272285714285772,70.0,True,5.0,0.6921914662154076,0.5335428502357156,0.5229662758370694,0.5,live_post_loss_cap;live_rolling_pf,6.35946244800007,3.3930457204729585,908.4946354285813,911.8876811490543,True,S5_000177,0,primary,1,2028120,S4_CONFIRMATION
S4_CONFIRMATION,S5,774792,774797,2020-03-16T04:02:00,2020-03-16T04:07:00,2020-03-16T04:02:00,2020-03-16T04:07:00,387,1532.89,1530.395142857143,2.0270714285714218,2.4948571428571347,stop_loss,False,-2.4948571428571995,42.0,True,5.0,-0.8559106057635977,-1.0171534993138824,-1.0343069986277424,0.5,live_post_loss_cap;live_rolling_pf,6.3832137680433805,-6.492708221033878,911.8876811490543,905.3949729280204,False,S5_000178,1,primary,1,2028143,S4_CONFIRMATION
S4_CONFIRMATION,S5,774815,774819,2020-03-16T04:25:00,2020-03-16T04:29:00,2020-03-16T04:25:00,2020-03-16T04:29:00,387,1535.18,1536.68,1.5,1.5828571428571585,take_profit,False,1.5,45.0,True,5.0,0.737877723120163,0.4919184820801087,0.4673225579761032,0.5,live_post_loss_cap;live_rolling_pf,6.337764810496143,3.11766364535999,905.3949729280204,908.5126365733804,True,S5_000179,2,primary,1,2028166,S4_CONFIRMATION
S4_CONFIRMATION,S5,774820,774820,2020-03-16T04:30:00,2020-03-16T04:30:00,2020-03-16T04:30:00,2020-03-16T04:30:00,387,1537.83,1536.292857142857,1.5,1.5371428571428885,stop_loss,False,-1.5371428571429533,34.0,True,5.0,-0.8188736681887742,-1.0266362252663963,-1.053272450532758,0.5,live_post_loss_cap;live_rolling_pf,6.359588456013663,-6.528983886729616,908.5126365733804,901.9836526866508,False,S5_000180,3,primary,1,2028171,S4_CONFIRMATION
S4_CONFIRMATION,S5,774835,774839,2020-03-16T04:45:00,2020-03-16T04:49:00,2020-03-16T04:45:00,2020-03-16T04:49:00,387,1543.26,1545.7365,2.476500000000007,3.0480000000000085,take_profit,False,2.4764999999999873,54.0,True,5.0,0.6902173913043427,0.5257803790412439,0.5118450390189473,0.5,live_post_loss_cap;live_rolling_pf,6.313885568806556,3.3197171475901506,901.9836526866508,905.3033698342409,True,S5_000181,4,primary,1,2028186,S4_CONFIRMATION
S4_CONFIRMATION,S5,774840,774843,2020-03-16T04:50:00,2020-03-16T04:53:00,2020-03-16T04:50:00,2020-03-16T04:53:00,387,1545.23,1547.5467857142858,2.3167857142857398,2.8514285714286025,take_profit,False,2.316785714285743,55.0,True,5.0,0.6811213775724507,0.5047249055018938,0.49002519949601403,0.5,live_post_loss_cap;live_rolling_pf,6.337123588839686,3.1985041045309326,905.3033698342409,908.5018739387718,True,S5_000182,5,primary,1,2028191,S4_CONFIRMATION
S4_CONFIRMATION,S5,774844,774850,2020-03-16T04:54:00,2020-03-16T05:00:00,2020-03-16T04:54:00,2020-03-16T05:00:00,388,1547.34,1544.5331428571428,2.2805714285714447,2.806857142857163,stop_loss,False,-2.8068571428570976,51.0,True,5.0,-0.846239986217571,-1.0150745111551185,-1.0301490223102565,0.5,live_post_loss_cap;live_rolling_pf,6.359513117571403,-6.455379669003356,908.5018739387718,902.0464942697685,False,S5_000183,0,primary,1,2028195,S4_CONFIRMATION
S4_CONFIRMATION,S5,775104,775116,2020-03-16T09:14:00,2020-03-16T09:26:00,2020-03-16T09:14:00,2020-03-16T09:26:00,398,1536.36,1532.5154285714284,3.1237142857142954,3.8445714285714403,stop_loss,False,-3.8445714285714985,77.0,True,5.0,-0.8331372670423014,-1.010835242399864,-1.0216704847997153,0.5,live_rolling_pf,6.314325459888379,-6.382742706837903,902.0464942697685,895.6637515629305,False,S5_000184,0,primary,1,2028455,S4_CONFIRMATION
S4_CONFIRMATION,S5,775249,775250,2020-03-16T11:39:00,2020-03-16T11:40:00,2020-03-16T11:39:00,2020-03-16T11:40:00,401,1521.54,1525.8077142857144,4.26771428571431,5.252571428571459,take_profit,False,4.267714285714419,52.0,True,5.0,0.7393090477133434,0.6405662245100178,0.6319045733518314,0.5,live_rolling_pf,6.269646260940514,4.016123634384015,895.6637515629305,899.6798751973146,True,S5_000185,0,primary,1,2028600,S4_CONFIRMATION
S4_CONFIRMATION,S5,775252,775293,2020-03-16T11:42:00,2020-03-16T12:23:00,2020-03-16T11:42:00,2020-03-16T12:23:00,401,1523.25,1516.4854285714287,5.496214285714291,6.764571428571435,stop_loss,False,-6.764571428571344,45.0,True,5.0,-0.9376262326244379,-1.0069304185972705,-1.0138608371945539,0.5,live_rolling_pf,6.2977591263812025,-6.3414052333518045,899.6798751973146,893.3384699639628,False,S5_000186,1,primary,1,2028603,S4_CONFIRMATION
S4_CONFIRMATION,S5,775308,775311,2020-03-16T12:38:00,2020-03-16T12:41:00,2020-03-16T12:38:00,2020-03-16T12:41:00,405,1500.01,1505.110642857143,5.100642857142906,6.277714285714346,take_profit,False,5.10064285714293,58.0,True,5.0,0.7437817681859885,0.6519144237980217,0.6446233647196117,0.5,live_post_loss_cap;live_rolling_pf,6.25336928974774,4.076661637322141,893.3384699639628,897.4151316012849,True,S5_000187,0,primary,1,2028659,S4_CONFIRMATION
S4_CONFIRMATION,S5,775325,775325,2020-03-16T12:55:00,2020-03-16T12:55:00,2020-03-16T12:55:00,2020-03-16T12:55:00,406,1493.15,1488.894,3.458000000000001,4.256000000000001,stop_loss,False,-4.2560000000000855,60.0,True,5.0,-0.8764415156507588,-1.0102965403624558,-1.020593080724894,0.5,live_post_loss_cap;live_rolling_pf,6.2819059212089945,-6.346587819079873,897.4151316012849,891.068543782205,False,S5_000188,0,primary,1,2028676,S4_CONFIRMATION
S4_CONFIRMATION,S5,775570,775577,2020-03-16T17:03:00,2020-03-16T17:10:00,2020-03-16T17:03:00,2020-03-16T17:10:00,413,1491.22,1496.8629285714285,5.642928571428527,6.945142857142803,take_profit,False,5.642928571428456,53.0,True,5.0,0.7548924053051921,0.6773019149180035,0.6706130795397975,0.5,live_rolling_pf,6.237479806475435,4.22465701718819,891.068543782205,895.2932007993932,True,S5_000189,0,primary,1,2028921,S4_CONFIRMATION
S4_CONFIRMATION,S5,775598,775608,2020-03-16T17:31:00,2020-03-16T17:41:00,2020-03-16T17:31:00,2020-03-16T17:41:00,414,1515.04,1508.7051428571428,5.147071428571435,6.3348571428571505,stop_loss,False,-6.334857142857118,36.0,True,5.0,-0.9462273813588207,-1.0074684192557137,-1.0149368385114323,0.5,live_rolling_pf,6.267052405595752,-6.313857380458271,895.2932007993932,888.979343418935,False,S5_000190,0,primary,1,2028949,S4_CONFIRMATION
S4_CONFIRMATION,S5,775624,775631,2020-03-16T17:57:00,2020-03-16T18:04:00,2020-03-16T17:57:00,2020-03-16T18:04:00,416,1503.97,1508.6453571428572,4.675357142857177,5.754285714285756,take_profit,False,4.675357142857138,42.0,True,5.0,0.7572304488662597,0.6811082832022157,0.6730101804719983,0.5,live_post_loss_cap;live_rolling_pf,6.222855403932544,4.238438360788126,888.979343418935,893.217781779723,True,S5_000191,0,primary,1,2028975,S4_CONFIRMATION
S4_CONFIRMATION,S5,775715,775715,2020-03-16T19:28:00,2020-03-16T19:28:00,2020-03-16T19:28:00,2020-03-16T19:28:00,417,1496.99,1492.7831428571428,3.4180714285714657,4.206857142857189,stop_loss,False,-4.206857142857189,28.0,True,5.0,-0.9375955170657163,-1.0111436576668362,-1.0222873153336727,0.5,live_post_loss_cap;live_rolling_pf,6.252524472458061,-6.322200464732649,893.217781779723,886.8955813149904,False,S5_000192,0,primary,1,2029066,S4_CONFIRMATION
S4_CONFIRMATION,S5,775752,775753,2020-03-16T20:05:00,2020-03-16T20:06:00,2020-03-16T20:05:00,2020-03-16T20:06:00,418,1488.6,1492.5594285714285,3.9594285714286017,4.873142857142895,take_profit,False,3.959428571428589,44.0,True,5.0,0.7452140245214004,0.6529898902989876,0.6435792643579251,0.5,live_post_loss_cap;live_rolling_pf,6.208269069204933,4.053936938446727,886.8955813149904,890.9495182534372,True,S5_000193,0,primary,1,2029103,S4_CONFIRMATION
S4_CONFIRMATION,S5,775755,775781,2020-03-16T20:08:00,2020-03-16T20:34:00,2020-03-16T20:08:00,2020-03-16T20:34:00,419,1491.54,1495.5189285714287,3.978928571428584,4.897142857142873,take_profit,False,3.978928571428696,49.0,True,5.0,0.738597189074537,0.6383585255900505,0.6290771678600054,0.5,live_post_loss_cap;live_rolling_pf,6.236646627774061,3.9812165459320097,890.9495182534372,894.9307347993692,True,S5_000194,0,primary,1,2029106,S4_CONFIRMATION
S4_CONFIRMATION,S5,775876,775883,2020-03-16T22:09:00,2020-03-16T22:16:00,2020-03-16T22:09:00,2020-03-16T22:16:00,421,1497.55,1502.6311428571428,5.081142857142838,6.253714285714263,take_profit,False,5.081142857142822,71.0,True,5.0,0.7296598695277535,0.6205227095556529,0.6133426332416988,0.5,live_rolling_pf,6.264515143595585,3.887273910956352,894.9307347993692,898.8180087103256,True,S5_000195,0,primary,1,2029227,S4_CONFIRMATION
S4_CONFIRMATION,S5,775957,775960,2020-03-17T00:31:00,2020-03-17T00:34:00,2020-03-17T00:31:00,2020-03-17T00:34:00,427,1503.56,1505.6585714285713,2.0985714285714203,2.582857142857133,take_profit,False,2.098571428571404,36.0,True,5.0,0.7131067961164989,0.5737864077669838,0.5567961165048478,0.5,live_rolling_pf,6.291726060972279,3.610106895179199,898.8180087103256,902.4281156055048,True,S5_000196,0,primary,1,2029308,S4_CONFIRMATION
S4_CONFIRMATION,S5,776113,776113,2020-03-17T03:07:00,2020-03-17T03:07:00,2020-03-17T03:07:00,2020-03-17T03:07:00,439,1500.13,1495.554,3.7180000000000177,4.576000000000022,stop_loss,False,-4.576000000000022,92.0,True,5.0,-0.8326055312954883,-1.0090975254730712,-1.0181950509461426,0.5,live_rolling_pf,6.316996809238534,-6.374465848623891,902.4281156055048,896.0536497568809,False,S5_000197,0,primary,1,2029464,S4_CONFIRMATION
S4_CONFIRMATION,S5,776163,776163,2020-03-17T03:57:00,2020-03-17T03:57:00,2020-03-17T03:57:00,2020-03-17T03:57:00,440,1497.51,1493.7934285714286,3.019714285714305,3.716571428571452,stop_loss,False,-3.716571428571342,72.0,True,5.0,-0.8377125193199143,-1.0112699639360905,-1.022539927872206,0.5,live_post_loss_cap;live_rolling_pf,6.272375548298166,-6.343064994521102,896.0536497568809,889.7105847623598,False,S5_000198,0,primary,1,2029514,S4_CONFIRMATION
S4_CONFIRMATION,S5,776184,776207,2020-03-17T04:18:00,2020-03-17T04:41:00,2020-03-17T04:18:00,2020-03-17T04:41:00,440,1489.39,1492.874,3.4839999999999987,4.2879999999999985,take_profit,False,3.4839999999999236,37.0,True,5.0,0.747960498067824,0.6577930442249731,0.6470588235293955,0.5,live_post_loss_cap;live_rolling_pf,6.227974093336519,4.096718038210096,889.7105847623598,893.8073028005698,True,S5_000199,1,primary,1,2029535,S4_CONFIRMATION
S4_CONFIRMATION,S5,776209,776216,2020-03-17T04:43:00,2020-03-17T04:50:00,2020-03-17T04:43:00,2020-03-17T04:50:00,440,1494.28,1491.6308571428572,2.1524285714286195,2.6491428571429165,stop_loss,False,-2.649142857142806,48.0,True,5.0,-0.8466033601168412,-1.0159788166544568,-1.0319576333089489,0.5,live_post_loss_cap;live_rolling_pf,6.256651119603989,-6.356625000715042,893.8073028005698,887.4506777998547,False,S5_000200,2,primary,1,2029560,S4_CONFIRMATION
S4_CONFIRMATION,S5,776411,776415,2020-03-17T08:05:00,2020-03-17T08:09:00,2020-03-17T08:05:00,2020-03-17T08:09:00,447,1487.95,1490.3958571428573,2.4458571428571143,3.010285714285679,take_profit,False,2.4458571428572213,45.0,True,5.0,0.7068367599703048,0.5623400214681152,0.5478903476178962,0.5,live_rolling_pf,6.212154744598983,3.4933432324410463,887.4506777998547,890.9440210322957,True,S5_000201,0,primary,1,2029762,S4_CONFIRMATION
S4_CONFIRMATION,S5,776420,776423,2020-03-17T08:14:00,2020-03-17T08:17:00,2020-03-17T08:14:00,2020-03-17T08:17:00,449,1486.58,1483.2805714285714,2.6807857142857463,3.299428571428611,stop_loss,False,-3.299428571428507,54.0,True,5.0,-0.8593540705461866,-1.0130227712456938,-1.0260455424914148,0.5,live_rolling_pf,6.23660814722607,-6.317826068476426,890.9440210322957,884.6261949638193,False,S5_000202,0,primary,1,2029771,S4_CONFIRMATION
S4_CONFIRMATION,S5,776622,776632,2020-03-17T11:36:00,2020-03-17T11:46:00,2020-03-17T11:36:00,2020-03-17T11:46:00,455,1474.73,1471.2294285714286,2.8442142857142962,3.5005714285714413,stop_loss,False,-3.5005714285714475,69.0,True,5.0,-0.8353446512579279,-1.0119315470102965,-1.0238630940205917,0.5,live_rolling_pf,6.1923833647467355,-6.26626807796899,884.6261949638193,878.3599268858503,False,S5_000203,0,primary,1,2029973,S4_CONFIRMATION
S4_CONFIRMATION,S5,776948,776948,2020-03-17T17:02:00,2020-03-17T17:02:00,2020-03-17T17:02:00,2020-03-17T17:02:00,458,1535.22,1541.2612857142858,6.041285714285753,7.435428571428618,take_profit,False,6.041285714285777,29.0,True,5.0,0.7820000739672359,0.737989570620219,0.7315174377750694,0.5,live_rolling_pf,6.148519488200952,4.537543257047469,878.3599268858503,882.8974701428978,True,S5_000204,0,primary,1,2030299,S4_CONFIRMATION
S4_CONFIRMATION,S5,776949,776949,2020-03-17T17:03:00,2020-03-17T17:03:00,2020-03-17T17:03:00,2020-03-17T17:03:00,458,1538.63,1545.1290714285715,6.4990714285714715,7.998857142857196,take_profit,False,6.499071428571369,36.0,True,5.0,0.7775071780147541,0.7284574104457088,0.722475731473874,0.5,live_rolling_pf,6.180282291000284,4.502072433525539,882.8974701428978,887.3995425764233,True,S5_000205,1,primary,1,2030300,S4_CONFIRMATION
S4_CONFIRMATION,S5,776951,776958,2020-03-17T17:05:00,2020-03-17T17:12:00,2020-03-17T17:05:00,2020-03-17T17:12:00,459,1545.38,1551.5067142857145,6.126714285714329,7.540571428571482,take_profit,False,6.126714285714343,34.0,True,5.0,0.7774454354289049,0.7279566383873564,0.721611920817927,0.5,live_rolling_pf,6.211796798034963,4.521918715442876,887.3995425764233,891.9214612918662,True,S5_000206,0,primary,1,2030302,S4_CONFIRMATION
S4_CONFIRMATION,S5,776962,776970,2020-03-17T17:16:00,2020-03-17T17:24:00,2020-03-17T17:16:00,2020-03-17T17:24:00,462,1545.73,1537.4442857142858,6.7321428571428354,8.28571428571426,stop_loss,False,-8.28571428571422,30.0,True,5.0,-0.9650582362728738,-1.005823627287849,-1.0116472545757027,0.5,live_rolling_pf,6.243450229043064,-6.2798097561672455,891.9214612918662,885.641651535699,False,S5_000207,0,primary,1,2030313,S4_CONFIRMATION
S4_CONFIRMATION,S5,776985,776987,2020-03-17T17:39:00,2020-03-17T17:41:00,2020-03-17T17:39:00,2020-03-17T17:41:00,463,1530.1,1533.9507857142858,3.850785714285759,4.739428571428626,take_profit,False,3.8507857142858484,24.0,True,5.0,0.7733388799632959,0.7150992655497092,0.7050579527197804,0.5,live_post_loss_cap;live_rolling_pf,6.199491560749893,4.4332518618738685,885.641651535699,890.0749033975728,True,S5_000208,0,primary,1,2030336,S4_CONFIRMATION
S4_CONFIRMATION,S5,777416,777419,2020-03-18T01:51:00,2020-03-18T01:54:00,2020-03-18T01:51:00,2020-03-18T01:54:00,470,1539.11,1536.812857142857,1.866428571428563,2.297142857142847,stop_loss,False,-2.297142857142944,19.0,True,5.0,-0.9236071223435196,-1.0201033888570181,-1.0402067777139967,0.5,live_rolling_pf,6.23052432378301,-6.35577897704713,890.0749033975728,883.7191244205256,False,S5_000209,0,primary,1,2030767,S4_CONFIRMATION
S4_CONFIRMATION,S5,777866,777871,2020-03-18T09:21:00,2020-03-18T09:26:00,2020-03-18T09:21:00,2020-03-18T09:26:00,474,1510.98,1513.775,2.794999999999992,3.43999999999999,take_profit,False,2.7950000000000728,31.0,True,5.0,0.7453333333333547,0.6493333333333544,0.636000000000021,0.5,live_rolling_pf,6.18603387094368,4.016797993532894,883.7191244205256,887.7359224140586,True,S5_000210,0,primary,1,2031217,S4_CONFIRMATION
S4_CONFIRMATION,S5,777889,777894,2020-03-18T09:44:00,2020-03-18T09:49:00,2020-03-18T09:44:00,2020-03-18T09:49:00,475,1501.01,1496.706,3.4969999999999866,4.303999999999983,stop_loss,False,-4.304000000000087,31.0,True,5.0,-0.9328131772865417,-1.0108365843086486,-1.0216731686172746,0.5,live_rolling_pf,6.21415145689841,-6.281491633067802,887.7359224140586,881.4544307809907,False,S5_000211,0,primary,1,2031240,S4_CONFIRMATION
S4_CONFIRMATION,S5,778059,778059,2020-03-18T12:34:00,2020-03-18T12:34:00,2020-03-18T12:34:00,2020-03-18T12:34:00,483,1504.9,1502.604,1.8654999999999924,2.2959999999999905,stop_loss,False,-2.296000000000049,31.0,True,5.0,-0.8810437452033989,-1.0191864927091552,-1.0383729854182882,0.5,live_rolling_pf,6.170181015466935,-6.288565148534359,881.4544307809907,875.1658656324564,False,S5_000212,0,primary,1,2031410,S4_CONFIRMATION
S4_CONFIRMATION,S5,778333,778337,2020-03-18T17:08:00,2020-03-18T17:12:00,2020-03-18T17:08:00,2020-03-18T17:12:00,488,1494.44,1489.5097142857144,4.005857142857131,4.9302857142857,stop_loss,False,-4.930285714285674,24.0,True,5.0,-0.9535809018567586,-1.0096706454465023,-1.01934129089301,0.5,live_rolling_pf,6.126161059427195,-6.185404990981085,875.1658656324564,868.9804606414754,False,S5_000213,0,primary,1,2031684,S4_CONFIRMATION
S4_CONFIRMATION,S5,778476,778482,2020-03-18T19:31:00,2020-03-18T19:37:00,2020-03-18T19:31:00,2020-03-18T19:37:00,490,1475.16,1478.3375714285714,3.1775714285714525,3.9108571428571723,take_profit,False,3.1775714285713548,24.0,True,5.0,0.7655217511012983,0.6956566629955719,0.6836109581497571,0.5,live_rolling_pf,6.082863224490327,4.231584332207426,868.9804606414754,873.2120449736827,True,S5_000214,0,primary,1,2031827,S4_CONFIRMATION
S4_CONFIRMATION,S5,778503,778545,2020-03-18T19:58:00,2020-03-18T20:40:00,2020-03-18T19:58:00,2020-03-18T20:40:00,491,1486.69,1491.6253571428572,4.93535714285713,6.074285714285699,take_profit,False,4.935357142857129,24.0,True,5.0,0.7816176470588232,0.7356900452488683,0.7277714932126692,0.5,live_rolling_pf,6.112484314815779,4.496893862149818,873.2120449736827,877.7089388358326,True,S5_000215,0,primary,1,2031854,S4_CONFIRMATION
S4_CONFIRMATION,S5,778652,778655,2020-03-18T22:27:00,2020-03-18T22:30:00,2020-03-18T22:27:00,2020-03-18T22:30:00,495,1484.38,1486.1071428571431,1.727142857142912,2.1257142857143534,take_profit,False,1.7271428571430079,24.0,True,5.0,0.7300724637681588,0.6074879227053603,0.5863526570048779,0.5,live_rolling_pf,6.143962571850828,3.732383059953143,877.7089388358326,881.4413218957857,True,S5_000216,0,primary,1,2032003,S4_CONFIRMATION
S4_CONFIRMATION,S5,778677,778682,2020-03-18T22:52:00,2020-03-18T22:57:00,2020-03-18T22:52:00,2020-03-18T22:57:00,496,1484.44,1485.94,1.5,1.7017142857142713,take_profit,False,1.5,24.0,True,5.0,0.7725132430841729,0.6231606827545662,0.597410241318427,0.5,live_rolling_pf,6.1700892532705,3.8449570317246557,881.4413218957857,885.2862789275104,True,S5_000217,0,primary,1,2032028,S4_CONFIRMATION
S4_CONFIRMATION,S5,778683,778686,2020-03-18T22:58:00,2020-03-19T00:02:00,2020-03-18T22:58:00,2020-03-19T00:02:00,497,1486.36,1484.8914285714286,1.5,1.4685714285713924,stop_loss,True,-1.4685714285712947,24.0,True,5.0,-0.8595317725751906,-1.0292642140467663,-1.0585284280935896,0.5,live_rolling_pf,6.197003952492572,-6.378354402606972,885.2862789275104,878.9079245249034,False,S5_000218,0,secondary,1,2032034,S4_CONFIRMATION
S4_CONFIRMATION,S5,778705,778709,2020-03-19T00:21:00,2020-03-19T00:25:00,2020-03-19T00:21:00,2020-03-19T00:25:00,501,1487.1,1484.82,1.8525000000000467,2.2800000000000575,stop_loss,False,-2.2799999999999727,46.0,True,5.0,-0.8321167883211404,-1.0182481751824504,-1.0364963503649318,0.5,live_post_loss_cap;live_rolling_pf,6.152355471674324,-6.264624732106144,878.9079245249034,872.6432997927972,False,S5_000219,0,secondary,1,2032056,S4_CONFIRMATION
S4_CONFIRMATION,S5,778727,778729,2020-03-19T00:43:00,2020-03-19T00:45:00,2020-03-19T00:43:00,2020-03-19T00:45:00,501,1484.11,1482.9145714285714,1.5,1.1954285714285235,stop_loss,False,-1.1954285714284651,24.0,True,5.0,-0.8328025477706544,-1.0348328025477311,-1.0696656050955031,0.5,live_post_loss_cap;live_rolling_pf,6.10850309854958,-6.321279380843561,872.6432997927972,866.3220204119536,False,S5_000220,1,primary,1,2032078,S4_CONFIRMATION
S4_CONFIRMATION,S5,778744,778745,2020-03-19T01:00:00,2020-03-19T01:01:00,2020-03-19T01:00:00,2020-03-19T01:01:00,501,1484.87,1483.0574285714283,1.5,1.8125714285714953,stop_loss,False,-1.812571428571573,24.0,True,5.0,-0.8830734966592845,-1.0243596881960282,-1.0487193763920184,0.5,live_post_loss_cap;live_rolling_pf,6.064254142883676,-6.211977482945794,866.3220204119536,860.1100429290078,False,S5_000221,2,secondary,1,2032095,S4_CONFIRMATION
S4_CONFIRMATION,S5,778808,778837,2020-03-19T02:04:00,2020-03-19T02:33:00,2020-03-19T02:04:00,2020-03-19T02:33:00,502,1494.78,1491.308,2.8210000000000104,3.472000000000013,stop_loss,False,-3.47199999999998,24.0,True,5.0,-0.9353448275861982,-1.013469827586198,-1.0269396551724048,0.5,live_post_loss_cap;live_rolling_pf,6.020770300503055,-6.1018690383869325,860.1100429290078,854.0081738906209,False,S5_000222,0,primary,1,2032159,S4_CONFIRMATION
S4_CONFIRMATION,S5,778861,778864,2020-03-19T02:57:00,2020-03-19T03:00:00,2020-03-19T02:57:00,2020-03-19T03:00:00,505,1483.83,1486.301857142857,2.4718571428571328,3.0422857142857023,take_profit,False,2.4718571428570613,24.0,True,5.0,0.7530901810584737,0.664737116991621,0.649503830083543,0.5,live_post_loss_cap;live_rolling_pf,5.978057217234347,3.973836519795312,854.0081738906209,857.9820104104163,True,S5_000223,0,primary,1,2032212,S4_CONFIRMATION
S4_CONFIRMATION,S5,778866,778866,2020-03-19T03:02:00,2020-03-19T03:02:00,2020-03-19T03:02:00,2020-03-19T03:02:00,505,1491.36,1487.1794285714284,3.3967142857143005,4.180571428571446,stop_loss,False,-4.180571428571511,45.0,True,5.0,-0.9028197692355299,-1.01079780341829,-1.021595606836566,0.5,live_post_loss_cap;live_rolling_pf,6.005874072872914,-6.070724320466801,857.9820104104163,851.9112860899495,False,S5_000224,1,primary,1,2032217,S4_CONFIRMATION
S4_CONFIRMATION,S5,778881,778898,2020-03-19T03:17:00,2020-03-19T03:34:00,2020-03-19T03:17:00,2020-03-19T03:34:00,505,1486.63,1489.8112857142858,3.1812857142857345,3.9154285714285963,take_profit,False,3.18128571428565,24.0,True,5.0,0.7655734323432143,0.6957852035203324,0.6837527502750079,0.5,live_post_loss_cap;live_rolling_pf,5.9633790026296465,4.149230873013545,851.9112860899495,856.060516962963,True,S5_000225,2,primary,1,2032232,S4_CONFIRMATION
S4_CONFIRMATION,S5,778899,778903,2020-03-19T03:35:00,2020-03-19T03:39:00,2020-03-19T03:35:00,2020-03-19T03:39:00,505,1490.14,1487.6840000000002,1.995500000000001,2.4560000000000013,stop_loss,False,-2.4559999999999036,24.0,True,5.0,-0.9109792284866106,-1.0185459940652455,-1.0370919881305274,0.5,live_post_loss_cap;live_rolling_pf,5.992423618740741,-6.103559071610343,856.060516962963,849.9569578913527,False,S5_000226,3,primary,1,2032250,S4_CONFIRMATION
S4_CONFIRMATION,S5,778918,778922,2020-03-19T03:54:00,2020-03-19T03:58:00,2020-03-19T03:54:00,2020-03-19T03:58:00,507,1487.69,1485.49,1.7875000000000212,2.200000000000026,stop_loss,False,-2.2000000000000455,24.0,True,5.0,-0.9016393442623041,-1.0204918032786963,-1.0409836065573845,0.5,live_post_loss_cap;live_rolling_pf,5.949698705239468,-6.071618760674749,849.9569578913527,843.885339130678,False,S5_000227,0,primary,1,2032269,S4_CONFIRMATION
S4_CONFIRMATION,S5,778940,778942,2020-03-19T04:16:00,2020-03-19T04:18:00,2020-03-19T04:16:00,2020-03-19T04:18:00,510,1481.07,1483.2512142857142,2.181214285714223,2.684571428571352,take_profit,False,2.1812142857143044,34.0,True,5.0,0.7211647458908237,0.5922208577366544,0.5756895900245815,0.5,live_post_loss_cap;live_rolling_pf,5.907197373914745,3.4983654955995034,843.885339130678,847.3837046262774,True,S5_000228,0,primary,1,2032291,S4_CONFIRMATION
S4_CONFIRMATION,S5,778943,778956,2020-03-19T04:19:00,2020-03-19T04:32:00,2020-03-19T04:19:00,2020-03-19T04:32:00,510,1483.52,1480.984,2.0604999999999842,2.5359999999999805,stop_loss,False,-2.536000000000058,24.0,True,5.0,-0.9135446685879237,-1.0180115273775499,-1.0360230547550715,0.5,live_post_loss_cap;live_rolling_pf,5.931685932383942,-6.038524655950103,847.3837046262774,841.3451799703273,False,S5_000229,1,primary,1,2032294,S4_CONFIRMATION
S4_CONFIRMATION,S5,778976,778980,2020-03-19T04:52:00,2020-03-19T04:56:00,2020-03-19T04:52:00,2020-03-19T04:56:00,514,1479.59,1477.7202857142856,1.5191428571428691,1.8697142857143003,stop_loss,False,-1.8697142857142808,24.0,True,5.0,-0.8862405200433284,-1.0236998916576285,-1.0473997833152666,0.5,live_post_loss_cap;live_rolling_pf,5.889416259792291,-6.028994787076044,841.3451799703273,835.3161851832513,False,S5_000230,0,primary,1,2032327,S4_CONFIRMATION
S4_CONFIRMATION,S5,779225,779237,2020-03-19T09:01:00,2020-03-19T09:13:00,2020-03-19T09:01:00,2020-03-19T09:13:00,519,1488.69,1485.258,2.7884999999999978,3.4319999999999973,stop_loss,False,-3.4320000000000164,24.0,True,5.0,-0.9346405228758222,-1.01361655773421,-1.027233115468415,0.5,live_rolling_pf,5.847213296282759,-5.926832213715834,835.3161851832513,829.3893529695355,False,S5_000231,0,primary,1,2032576,S4_CONFIRMATION
S4_CONFIRMATION,S5,779705,779714,2020-03-19T17:01:00,2020-03-19T17:10:00,2020-03-19T17:01:00,2020-03-19T17:10:00,521,1476.36,1471.990857142857,3.549928571428594,4.369142857142886,stop_loss,False,-4.369142857142833,24.0,True,5.0,-0.9479295809570928,-1.0108480039672585,-1.0216960079345285,0.5,live_rolling_pf,5.805725470786748,-5.868706003726657,829.3893529695355,823.5206469658089,False,S5_000232,0,primary,1,2033056,S4_CONFIRMATION
S4_CONFIRMATION,S5,780005,780033,2020-03-19T22:01:00,2020-03-19T22:29:00,2020-03-19T22:01:00,2020-03-19T22:29:00,522,1469.75,1472.5134285714284,2.763428571428507,3.401142857142778,take_profit,False,2.7634285714284488,24.0,True,5.0,0.7589453860640129,0.6793000627746201,0.6655681104833455,0.5,live_rolling_pf,5.7646445287606625,3.915923390260488,823.5206469658089,827.4365703560693,True,S5_000233,0,primary,1,2033356,S4_CONFIRMATION
S4_CONFIRMATION,S5,780074,780080,2020-03-20T00:11:00,2020-03-20T00:17:00,2020-03-20T00:11:00,2020-03-20T00:17:00,524,1463.1,1466.5542857142855,3.454285714285634,4.251428571428472,take_profit,False,3.454285714285561,36.0,True,5.0,0.749070631970243,0.660161090458469,0.6493184634448381,0.5,live_rolling_pf,5.792055992492485,3.823690000000349,827.4365703560693,831.2602603560697,True,S5_000234,0,primary,1,2033425,S4_CONFIRMATION
S4_CONFIRMATION,S5,780089,780091,2020-03-20T00:26:00,2020-03-20T00:28:00,2020-03-20T00:26:00,2020-03-20T00:28:00,525,1464.35,1466.6092142857142,2.2592142857143003,2.7805714285714465,take_profit,False,2.259214285714279,24.0,True,5.0,0.7479426787741137,0.6519343548997291,0.6353811956110421,0.5,live_rolling_pf,5.818821822492488,3.793489851123106,831.2602603560697,835.0537502071928,True,S5_000235,0,primary,1,2033440,S4_CONFIRMATION
S4_CONFIRMATION,S5,780108,780115,2020-03-20T00:45:00,2020-03-20T00:52:00,2020-03-20T00:45:00,2020-03-20T00:52:00,526,1467.99,1466.4928571428572,1.5,1.4971428571428467,stop_loss,False,-1.4971428571427623,24.0,True,5.0,-0.8618421052631084,-1.0287828947367936,-1.057565789473636,0.5,live_rolling_pf,5.84537625145035,-6.013623100792799,835.0537502071928,829.0401271064001,False,S5_000236,0,secondary,1,2033459,S4_CONFIRMATION
S4_CONFIRMATION,S5,780149,780156,2020-03-20T01:26:00,2020-03-20T01:33:00,2020-03-20T01:26:00,2020-03-20T01:33:00,527,1466.7,1468.2,1.5,0.9519999999999916,take_profit,False,1.5,24.0,True,5.0,1.2583892617449752,1.0151006711409467,0.9731543624161141,0.5,live_post_loss_cap;live_rolling_pf,5.8032808897448005,5.890914325999377,829.0401271064001,834.9310414323994,True,S5_000237,0,primary,1,2033500,S4_CONFIRMATION
S4_CONFIRMATION,S5,781442,781442,2020-03-23T00:01:00,2020-03-23T00:01:00,2020-03-23T00:01:00,2020-03-23T00:01:00,528,1508.01,1504.5174285714286,2.8377142857143443,3.4925714285715004,stop_loss,False,-3.4925714285714093,24.0,True,5.0,-0.9357011635027326,-1.0133955909369012,-1.026791181873827,0.5,live_rolling_pf,5.844517290026796,-5.922808052867642,834.9310414323994,829.0082333795318,False,S5_000238,0,primary,1,2034793,S4_CONFIRMATION
S4_CONFIRMATION,S5,781458,781459,2020-03-23T00:17:00,2020-03-23T00:18:00,2020-03-23T00:17:00,2020-03-23T00:18:00,528,1491.67,1496.5357142857144,4.865714285714273,5.988571428571413,take_profit,False,4.865714285714375,24.0,True,5.0,0.781192660550475,0.7346330275229519,0.7266055045871721,0.5,live_post_loss_cap;live_rolling_pf,5.803057633656723,4.263117798303415,829.0082333795318,833.2713511778352,True,S5_000239,1,primary,1,2034809,S4_CONFIRMATION
S4_CONFIRMATION,S5,781463,781476,2020-03-23T00:22:00,2020-03-23T00:35:00,2020-03-23T00:22:00,2020-03-23T00:35:00,528,1496.63,1491.0437142857145,4.538857142857111,5.586285714285675,stop_loss,False,-5.586285714285623,24.0,True,5.0,-0.9588073754413402,-1.0085817967830433,-1.0171635935660954,0.5,live_post_loss_cap;live_rolling_pf,5.832899458244847,-5.8829562160514275,833.2713511778352,827.3883949617838,False,S5_000240,2,primary,1,2034814,S4_CONFIRMATION
S4_CONFIRMATION,S5,781491,781497,2020-03-23T00:50:00,2020-03-23T00:56:00,2020-03-23T00:50:00,2020-03-23T00:56:00,529,1489.94,1487.133142857143,2.2805714285714025,2.806857142857111,stop_loss,False,-2.8068571428570976,24.0,True,5.0,-0.921230307576889,-1.0164103525881427,-1.0328207051762899,0.5,live_post_loss_cap;live_rolling_pf,5.791718764732487,-5.8867629117531095,827.3883949617838,821.5016320500307,False,S5_000241,0,primary,1,2034842,S4_CONFIRMATION
S4_CONFIRMATION,S5,781534,781538,2020-03-23T01:33:00,2020-03-23T01:37:00,2020-03-23T01:33:00,2020-03-23T01:37:00,532,1494.63,1491.9008571428574,2.2174285714285604,2.7291428571428438,stop_loss,False,-2.729142857142733,24.0,True,5.0,-0.919168591223981,-1.0168398768282925,-1.033679753656622,0.5,live_post_loss_cap;live_rolling_pf,5.750511424350215,-5.8473493284359614,821.5016320500307,815.6542827215948,False,S5_000242,0,primary,1,2034885,S4_CONFIRMATION
S4_CONFIRMATION,S5,781632,781679,2020-03-23T03:11:00,2020-03-23T03:58:00,2020-03-23T03:11:00,2020-03-23T03:58:00,535,1489.38,1493.3737857142858,3.9937857142857345,4.915428571428596,take_profit,False,3.99378571428565,24.0,True,5.0,0.7746757925071884,0.7184244070050827,0.7087258922633404,0.5,live_post_loss_cap;live_rolling_pf,5.709579979051163,4.101901610697925,815.6542827215948,819.7561843322927,True,S5_000243,0,primary,1,2034983,S4_CONFIRMATION
S4_CONFIRMATION,S5,781683,781684,2020-03-23T04:02:00,2020-03-23T04:03:00,2020-03-23T04:02:00,2020-03-23T04:03:00,537,1494.6,1496.1,1.5,1.3451428571429072,take_profit,False,1.5,24.0,True,5.0,0.9462869502523134,0.7633381398701994,0.7317952415284555,0.5,live_rolling_pf,5.738293290326049,4.380258126267132,819.7561843322927,824.1364424585598,True,S5_000244,0,primary,1,2035034,S4_CONFIRMATION
S4_CONFIRMATION,S5,781685,781688,2020-03-23T04:04:00,2020-03-23T04:07:00,2020-03-23T04:04:00,2020-03-23T04:07:00,537,1495.29,1493.7357142857143,1.5,1.5542857142857818,stop_loss,False,-1.5542857142856974,24.0,True,5.0,-0.8662420382165186,-1.0278662420381686,-1.055732484076384,0.5,live_rolling_pf,5.768955097209919,-5.929714196256097,824.1364424585598,818.2067282623037,False,S5_000245,1,primary,1,2035036,S4_CONFIRMATION
S4_CONFIRMATION,S5,781729,781731,2020-03-23T04:48:00,2020-03-23T04:50:00,2020-03-23T04:48:00,2020-03-23T04:50:00,538,1494.82,1493.162857142857,1.5,1.6571428571428832,stop_loss,False,-1.6571428571428442,24.0,True,5.0,-0.8734939759035956,-1.026355421686726,-1.0527108433734726,0.5,live_post_loss_cap;live_rolling_pf,5.7274470978361265,-5.878396381288013,818.2067282623037,812.3283318810157,False,S5_000246,0,primary,1,2035080,S4_CONFIRMATION
S4_CONFIRMATION,S5,782785,782791,2020-03-23T22:24:00,2020-03-23T22:30:00,2020-03-23T22:24:00,2020-03-23T22:30:00,540,1554.1,1552.8405714285714,1.5,1.2594285714284914,stop_loss,False,-1.2594285714285434,24.0,True,5.0,-0.83993902439027,-1.0333460365854024,-1.06669207317077,0.5,live_rolling_pf,5.686298323167111,-5.875913835086953,812.3283318810157,806.4524180459288,False,S5_000247,0,secondary,1,2036136,S4_CONFIRMATION
S4_CONFIRMATION,S5,783011,783012,2020-03-24T03:11:00,2020-03-24T03:12:00,2020-03-24T03:11:00,2020-03-24T03:12:00,541,1580.68,1577.3885714285716,2.67428571428571,3.2914285714285665,stop_loss,False,-3.291428571428469,24.0,True,5.0,-0.9320388349514285,-1.0141585760517522,-1.0283171521035321,0.5,live_rolling_pf,5.645166926321502,-5.725094451572661,806.4524180459288,800.7273235943561,False,S5_000248,0,primary,1,2036362,S4_CONFIRMATION
S4_CONFIRMATION,S5,783104,783107,2020-03-24T04:45:00,2020-03-24T04:48:00,2020-03-24T04:45:00,2020-03-24T04:48:00,542,1581.28,1579.1165714285714,1.7577857142856779,2.163428571428527,stop_loss,False,-2.1634285714285397,24.0,True,5.0,-0.9001426533523573,-1.0208036138849321,-1.0416072277698587,0.5,live_post_loss_cap;live_rolling_pf,5.6050912651604925,-5.721697419630697,800.7273235943561,795.0056261747254,False,S5_000249,0,primary,1,2036455,S4_CONFIRMATION
S4_CONFIRMATION,S5,784178,784201,2020-03-25T00:21:00,2020-03-25T00:44:00,2020-03-25T00:21:00,2020-03-25T00:44:00,562,1628.65,1621.3848571428573,5.902928571428586,7.265142857142876,stop_loss,False,-7.265142857142791,24.0,True,5.0,-0.9680219278209116,-1.0066620983706298,-1.013324196741271,0.5,live_rolling_pf,5.565039383223078,-5.602114223030539,795.0056261747254,789.4035119516949,False,S5_000250,0,primary,1,2037529,S4_CONFIRMATION
S4_CONFIRMATION,S5,784421,784422,2020-03-25T04:42:00,2020-03-25T04:43:00,2020-03-25T04:42:00,2020-03-25T04:43:00,574,1608.87,1604.1842857142856,3.8071428571428996,4.685714285714338,stop_loss,False,-4.685714285714312,91.0,True,5.0,-0.8373755425070174,-1.0089354097523566,-1.017870819504718,0.5,live_rolling_pf,5.525824583661865,-5.575200090536529,789.4035119516949,783.8283118611583,False,S5_000251,0,primary,1,2037772,S4_CONFIRMATION
S4_CONFIRMATION,S5,785689,785690,2020-03-26T02:59:00,2020-03-26T03:00:00,2020-03-26T02:59:00,2020-03-26T03:00:00,599,1601.99,1604.9744285714287,2.9844285714285808,3.673142857142869,take_profit,False,2.98442857142868,24.0,True,5.0,0.762667932243016,0.6885587032710536,0.6757812500000256,0.5,live_rolling_pf,5.4867981830281085,3.7779826420158074,783.8283118611583,787.6062945031741,True,S5_000252,0,primary,1,2039040,S4_CONFIRMATION
S4_CONFIRMATION,S5,790337,790338,2020-03-31T12:33:00,2020-03-31T12:34:00,2020-03-31T12:33:00,2020-03-31T12:34:00,648,1606.13,1604.4602857142859,1.5,1.6697142857142744,stop_loss,False,-1.6697142857142353,26.0,True,5.0,-0.8652650281314566,-1.0259105715131573,-1.0518211430263347,0.5,live_rolling_pf,5.513244061522219,-5.65609536604778,787.6062945031741,781.9501991371263,False,S5_000253,0,primary,1,2043688,S4_CONFIRMATION
S4_CONFIRMATION,S5,795164,795167,2020-04-06T01:06:00,2020-04-06T01:09:00,2020-04-06T01:06:00,2020-04-06T01:09:00,656,1614.03,1609.9397142857142,3.3233571428571396,4.09028571428571,stop_loss,False,-4.090285714285756,80.0,True,5.0,-0.8364103762561438,-1.0102243514840008,-1.0204487029679925,0.5,live_rolling_pf,5.4736513939598845,-5.529615929712621,781.9501991371263,776.4205832074138,False,S5_000254,0,primary,1,2048515,S4_CONFIRMATION
S4_CONFIRMATION,S5,796121,796144,2020-04-06T17:03:00,2020-04-06T17:26:00,2020-04-06T17:03:00,2020-04-06T17:26:00,661,1649.39,1645.5042857142857,3.1571428571428783,3.885714285714312,stop_loss,False,-3.885714285714357,71.0,True,5.0,-0.8455082374883539,-1.0108797015853377,-1.0217594031706658,0.5,live_rolling_pf,5.434944082451897,-5.49407465220197,776.4205832074138,770.9265085552117,False,S5_000255,0,primary,1,2049472,S4_CONFIRMATION
S4_CONFIRMATION,S5,800684,800685,2020-04-13T01:16:00,2020-04-13T01:17:00,2020-04-13T01:16:00,2020-04-13T01:17:00,679,1693.07,1687.6802857142857,4.379142857142865,5.3897142857142954,stop_loss,False,-5.389714285714263,91.0,True,5.0,-0.8555490044899945,-1.0079368678851597,-1.0158737357703245,0.5,live_rolling_pf,5.396485559886482,-5.439316752819473,770.9265085552117,765.4871918023923,False,S5_000256,0,primary,1,2054035,S4_CONFIRMATION
S4_CONFIRMATION,S5,803960,803962,2020-04-15T09:54:00,2020-04-15T09:56:00,2020-04-15T09:54:00,2020-04-15T09:56:00,686,1711.86,1713.4794285714286,1.6194285714285765,1.9931428571428633,take_profit,False,1.6194285714286707,44.0,True,5.0,0.6655706904650461,0.46418506341009125,0.4436355096289734,0.5,live_rolling_pf,5.358410342616747,2.4872940446648433,765.4871918023923,767.9744858470572,True,S5_000257,0,primary,1,2057311,S4_CONFIRMATION
S4_CONFIRMATION,S5,806856,806857,2020-04-17T12:14:00,2020-04-17T12:15:00,2020-04-17T12:14:00,2020-04-17T12:15:00,698,1692.96,1694.46,1.5,1.8445714285714663,take_profit,False,1.5,31.0,True,5.0,0.696194138708382,0.5291075454183704,0.5059010741280908,0.5,live_rolling_pf,5.3758214009294,2.8443876660533,767.9744858470572,770.8188735131105,True,S5_000258,0,primary,1,2060207,S4_CONFIRMATION
S4_CONFIRMATION,S5,806877,806877,2020-04-17T12:35:00,2020-04-17T12:35:00,2020-04-17T12:35:00,2020-04-17T12:35:00,699,1690.94,1692.723785714286,1.7837857142857387,2.1954285714286015,take_profit,False,1.783785714285841,24.0,True,5.0,0.7324319568278235,0.6133564054434983,0.5928261379634422,0.5,live_rolling_pf,5.395732114591773,3.309506854542056,770.8188735131105,774.1283803676525,True,S5_000259,0,primary,1,2060228,S4_CONFIRMATION
S4_CONFIRMATION,S5,807776,807783,2020-04-20T04:36:00,2020-04-20T04:43:00,2020-04-20T04:36:00,2020-04-20T04:43:00,704,1678.95,1677.5225714285716,1.5,1.4274285714284947,stop_loss,False,-1.427428571428436,41.0,True,5.0,-0.776862074327435,-1.0272119421551549,-1.054423884310342,0.5,live_rolling_pf,5.418898662573568,-5.566357419524166,774.1283803676525,768.5620229481284,False,S5_000260,0,primary,1,2061127,S4_CONFIRMATION
S4_CONFIRMATION,S5,808523,808529,2020-04-20T17:03:00,2020-04-20T17:09:00,2020-04-20T17:03:00,2020-04-20T17:09:00,709,1686.09,1683.808857142857,1.853428571428596,2.2811428571428873,stop_loss,False,-2.281142857142868,40.0,True,5.0,-0.850809889173055,-1.0186487638533601,-1.0372975277067271,0.5,live_rolling_pf,5.379934160636899,-5.480263282345241,768.5620229481284,763.0817596657831,False,S5_000261,0,primary,1,2061874,S4_CONFIRMATION
S4_CONFIRMATION,S5,808646,808658,2020-04-20T19:06:00,2020-04-20T19:18:00,2020-04-20T19:06:00,2020-04-20T19:18:00,713,1700.88,1698.0582857142858,2.29264285714282,2.82171428571424,stop_loss,False,-2.821714285714279,24.0,True,5.0,-0.9216125419932926,-1.0163307204180794,-1.032661440836146,0.5,live_post_loss_cap;live_rolling_pf,5.341572317660482,-5.428804041773148,763.0817596657831,757.65295562401,False,S5_000262,0,primary,1,2061997,S4_CONFIRMATION
S4_CONFIRMATION,S5,809623,809632,2020-04-21T12:24:00,2020-04-21T12:33:00,2020-04-21T12:24:00,2020-04-21T12:33:00,716,1680.57,1675.4602857142856,4.1516428571428605,5.10971428571429,stop_loss,False,-5.10971428571429,25.0,True,5.0,-0.9533557225864918,-1.0093288554827016,-1.0186577109654031,0.5,live_rolling_pf,5.30357068936807,-5.353046933871476,757.65295562401,752.2999086901385,False,S5_000263,0,primary,1,2062974,S4_CONFIRMATION
S4_CONFIRMATION,S5,809906,809915,2020-04-21T17:07:00,2020-04-21T17:16:00,2020-04-21T17:07:00,2020-04-21T17:16:00,721,1678.16,1681.629142857143,3.46914285714289,4.269714285714326,take_profit,False,3.4691428571429697,81.0,True,5.0,0.6829405478373529,0.5136396872715182,0.5037966139828068,0.5,live_rolling_pf,5.26609936083097,2.7048776288379615,752.2999086901385,755.0047863189765,True,S5_000264,0,primary,1,2063257,S4_CONFIRMATION
S4_CONFIRMATION,S5,809924,809925,2020-04-21T17:25:00,2020-04-21T17:26:00,2020-04-21T17:25:00,2020-04-21T17:26:00,722,1687.29,1683.600857142857,2.9974285714286326,3.6891428571429326,stop_loss,False,-3.689142857142997,74.0,True,5.0,-0.8329247838988691,-1.0112888659527948,-1.0225777319055747,0.5,live_rolling_pf,5.285033504232835,-5.344695539018149,755.0047863189765,749.6600907799583,False,S5_000265,0,primary,1,2063275,S4_CONFIRMATION
S4_CONFIRMATION,S5,810521,810524,2020-04-22T04:23:00,2020-04-22T04:26:00,2020-04-22T04:23:00,2020-04-22T04:26:00,733,1690.35,1688.4517142857142,1.5423571428571126,1.898285714285677,stop_loss,False,-1.8982857142857483,33.0,True,5.0,-0.8519040902680126,-1.022438774201853,-1.0448775484036743,0.5,live_rolling_pf,5.247620635459708,-5.365370809995773,749.6600907799583,744.2947199699626,False,S5_000266,0,primary,1,2063872,S4_CONFIRMATION
S4_CONFIRMATION,S5,814983,814992,2020-04-27T09:49:00,2020-04-27T09:58:00,2020-04-27T09:49:00,2020-04-27T09:58:00,739,1715.87,1713.87,1.6249999999999578,1.9999999999999483,stop_loss,False,-2.0,24.0,True,5.0,-0.8928571428571634,-1.0223214285714521,-1.0446428571428812,0.5,live_rolling_pf,5.210063039789738,-5.326359089785167,744.2947199699626,738.9683608801774,False,S5_000267,0,primary,1,2068334,S4_CONFIRMATION
S4_CONFIRMATION,S5,815150,815151,2020-04-27T12:36:00,2020-04-27T12:37:00,2020-04-27T12:36:00,2020-04-27T12:37:00,745,1717.73,1715.8957142857143,1.5,1.834285714285657,stop_loss,False,-1.83428571428567,24.0,True,5.0,-0.8842975206611602,-1.0241046831955993,-1.0482093663911922,0.5,live_rolling_pf,5.172778526161242,-5.297466713775358,738.9683608801774,733.670894166402,False,S5_000268,0,primary,1,2068501,S4_CONFIRMATION
S4_CONFIRMATION,S5,816065,816091,2020-04-28T04:52:00,2020-04-28T05:18:00,2020-04-28T04:52:00,2020-04-28T05:18:00,748,1703.69,1701.8248571428571,1.5154285714286078,1.865142857142902,stop_loss,False,-1.8651428571429278,38.0,True,5.0,-0.8307457368287245,-1.0222702977857072,-1.0445405955714029,0.5,live_rolling_pf,5.135696259164814,-5.2500697441933575,733.670894166402,728.4208244222086,False,S5_000269,0,primary,1,2069416,S4_CONFIRMATION
S4_CONFIRMATION,S5,816797,816798,2020-04-28T17:04:00,2020-04-28T17:05:00,2020-04-28T17:04:00,2020-04-28T17:05:00,754,1695.69,1698.8592142857144,3.169214285714296,3.9005714285714412,take_profit,False,3.169214285714361,52.0,True,5.0,0.716924120992776,0.5879815149948446,0.5766707600827454,0.5,live_rolling_pf,5.098945770955461,2.998085859282948,728.4208244222086,731.4189102814915,True,S5_000270,0,primary,1,2070148,S4_CONFIRMATION
S4_CONFIRMATION,S5,816807,816809,2020-04-28T17:14:00,2020-04-28T17:16:00,2020-04-28T17:14:00,2020-04-28T17:16:00,755,1697.5,1700.3414285714287,2.841428571428542,3.497142857142821,take_profit,False,2.8414285714286507,24.0,True,5.0,0.7603211009174597,0.6827217125382541,0.6693425076452877,0.5,live_rolling_pf,5.119932371970441,3.4954889970717047,731.4189102814915,734.9143992785632,True,S5_000271,0,primary,1,2070158,S4_CONFIRMATION
S4_CONFIRMATION,S5,816899,816904,2020-04-28T18:46:00,2020-04-28T18:51:00,2020-04-28T18:46:00,2020-04-28T18:51:00,756,1708.02,1705.605142857143,1.962071428571439,2.4148571428571555,stop_loss,False,-2.414857142857045,45.0,True,5.0,-0.8429241049166869,-1.0174528772314362,-1.0349057544629112,0.5,live_rolling_pf,5.144400794949942,-5.234185390453506,734.9143992785632,729.6802138881097,False,S5_000272,0,primary,1,2070250,S4_CONFIRMATION
S4_CONFIRMATION,S5,817813,817816,2020-04-29T11:01:00,2020-04-29T11:04:00,2020-04-29T11:01:00,2020-04-29T11:04:00,758,1704.93,1703.25,1.5,1.6800000000000574,stop_loss,False,-1.6800000000000637,37.0,True,5.0,-0.8195121951219593,-1.0243902439024413,-1.0487804878048796,0.5,live_rolling_pf,5.107761497216768,-5.232341045929384,729.6802138881097,724.4478728421803,False,S5_000273,0,primary,1,2071164,S4_CONFIRMATION
S4_CONFIRMATION,S5,818474,818481,2020-04-29T22:02:00,2020-04-29T22:09:00,2020-04-29T22:02:00,2020-04-29T22:09:00,762,1704.62,1706.417714285714,1.7977142857142343,2.212571428571365,take_profit,False,1.7977142857141644,42.0,True,5.0,0.6828738875623754,0.5043412198827532,0.48534838289555926,0.5,live_rolling_pf,5.071135109895263,2.557582467514836,724.4478728421803,727.0054553096952,True,S5_000274,0,primary,1,2071825,S4_CONFIRMATION
S4_CONFIRMATION,S5,819690,819693,2020-04-30T19:19:00,2020-04-30T19:22:00,2020-04-30T19:19:00,2020-04-30T19:22:00,765,1684.31,1687.9982857142857,3.688285714285717,4.539428571428575,take_profit,False,3.688285714285712,24.0,True,5.0,0.7717001434720219,0.7110234337637484,0.7005619320899081,0.5,live_rolling_pf,5.0890381871678665,3.618425406394938,727.0054553096952,730.6238807160902,True,S5_000275,0,primary,1,2073041,S4_CONFIRMATION
S4_CONFIRMATION,S5,820434,820436,2020-05-01T08:44:00,2020-05-01T08:46:00,2020-05-01T08:44:00,2020-05-01T08:46:00,766,1679.0,1676.896,1.7094999999999865,2.103999999999983,stop_loss,False,-2.104000000000042,24.0,True,5.0,-0.8976109215017307,-1.0213310580205028,-1.0426621160409808,0.5,live_rolling_pf,5.114367165012632,-5.22346202774767,730.6238807160902,725.4004186883425,False,S5_000276,0,primary,1,2073785,S4_CONFIRMATION
S4_CONFIRMATION,S5,820454,820458,2020-05-01T09:04:00,2020-05-01T09:08:00,2020-05-01T09:04:00,2020-05-01T09:08:00,768,1671.34,1673.7041428571429,2.3641428571429026,2.909714285714342,take_profit,False,2.3641428571429515,24.0,True,5.0,0.7505896226415258,0.658517779390439,0.642643323657493,0.5,live_post_loss_cap;live_rolling_pf,5.077802930818398,3.343823510184794,725.4004186883425,728.7442421985273,True,S5_000277,0,primary,1,2073805,S4_CONFIRMATION
S4_CONFIRMATION,S5,820619,820636,2020-05-01T11:49:00,2020-05-01T12:06:00,2020-05-01T11:49:00,2020-05-01T12:06:00,771,1671.96,1673.8570714285715,1.8970714285714345,2.33485714285715,take_profit,False,1.8970714285715076,24.0,True,5.0,0.7367676431425054,0.6241400355082403,0.6047214824678497,0.5,live_rolling_pf,5.1012096953896915,3.1838692004155016,728.7442421985273,731.9281113989429,True,S5_000278,0,primary,1,2073970,S4_CONFIRMATION
S4_CONFIRMATION,S5,822310,822341,2020-05-04T17:02:00,2020-05-04T17:33:00,2020-05-04T17:02:00,2020-05-04T17:33:00,772,1706.66,1709.7122142857143,3.0522142857142125,3.7565714285713385,take_profit,False,3.0522142857141716,74.0,True,5.0,0.6787870123268404,0.503097598170019,0.49197801499553667,0.5,live_rolling_pf,5.1234967797926005,2.577618924145484,731.9281113989429,734.5057303230883,True,S5_000279,0,primary,1,2075661,S4_CONFIRMATION
S4_CONFIRMATION,S5,824292,824303,2020-05-06T04:06:00,2020-05-06T04:17:00,2020-05-06T04:06:00,2020-05-06T04:17:00,775,1705.75,1707.2802857142856,1.530285714285695,1.8834285714285475,take_profit,False,1.5302857142855828,45.0,True,5.0,0.6558099669400752,0.44153299865306433,0.42010530182436323,0.5,live_rolling_pf,5.141540112261618,2.2701596234618853,734.5057303230883,736.7758899465501,True,S5_000280,0,primary,1,2077643,S4_CONFIRMATION
S4_CONFIRMATION,S5,824304,824305,2020-05-06T04:18:00,2020-05-06T04:19:00,2020-05-06T04:18:00,2020-05-06T04:19:00,777,1707.57,1705.7174285714284,1.505214285714289,1.8525714285714328,stop_loss,False,-1.8525714285715367,24.0,True,5.0,-0.8853085745494763,-1.023894046968919,-1.0477880939377884,0.5,live_rolling_pf,5.157431229625851,-5.2806631336655006,736.7758899465501,731.4952268128847,False,S5_000281,0,primary,1,2077655,S4_CONFIRMATION
S4_CONFIRMATION,S5,825121,825128,2020-05-06T17:55:00,2020-05-06T18:02:00,2020-05-06T17:55:00,2020-05-06T18:02:00,778,1689.41,1687.4282857142857,1.6101428571428495,1.9817142857142764,stop_loss,False,-1.9817142857143608,38.0,True,5.0,-0.8390999274135362,-1.02117106218247,-1.042342124364904,0.5,live_rolling_pf,5.120466587690193,-5.228872304221442,731.4952268128847,726.2663545086632,False,S5_000282,0,secondary,1,2078472,S4_CONFIRMATION
S4_CONFIRMATION,S5,828252,828257,2020-05-11T01:10:00,2020-05-11T01:15:00,2020-05-11T01:10:00,2020-05-11T01:15:00,779,1703.48,1705.2340714285715,1.7540714285713956,2.1588571428571024,take_profit,False,1.7540714285714785,30.0,True,5.0,0.713368580060455,0.5710260283523421,0.5506913781083259,0.5,live_rolling_pf,5.083864481560642,2.903018943587112,726.2663545086632,729.1693734522503,True,S5_000283,0,primary,1,2081603,S4_CONFIRMATION
S4_CONFIRMATION,S5,828348,828352,2020-05-11T02:46:00,2020-05-11T02:50:00,2020-05-11T02:46:00,2020-05-11T02:50:00,782,1707.18,1705.4702857142859,1.5,1.7097142857142122,stop_loss,False,-1.709714285714199,36.0,True,5.0,-0.8260629486471437,-1.0241579237990006,-1.0483158475980074,0.5,live_rolling_pf,5.104185614165752,-5.227492141288724,729.1693734522503,723.9418813109615,False,S5_000284,0,primary,1,2081699,S4_CONFIRMATION
S4_CONFIRMATION,S5,828465,828475,2020-05-11T04:43:00,2020-05-11T04:53:00,2020-05-11T04:43:00,2020-05-11T04:53:00,784,1711.25,1709.6831428571427,1.5,1.566857142857225,stop_loss,False,-1.566857142857316,29.0,True,5.0,-0.8438221264810529,-1.0269272195722896,-1.0538544391445304,0.5,live_post_loss_cap;live_rolling_pf,5.067593169176731,-5.204049363146187,723.9418813109615,718.7378319478154,False,S5_000285,0,primary,1,2081816,S4_CONFIRMATION
S4_CONFIRMATION,S5,828768,828768,2020-05-11T09:46:00,2020-05-11T09:46:00,2020-05-11T09:46:00,2020-05-11T09:46:00,785,1705.73,1707.239857142857,1.5098571428571421,1.8582857142857134,take_profit,False,1.5098571428570722,24.0,True,5.0,0.7195669934640189,0.5813589324618402,0.5575299564269818,0.5,live_rolling_pf,5.0311648236347075,2.9249126109078363,718.7378319478154,721.6627445587233,True,S5_000286,0,primary,1,2082119,S4_CONFIRMATION
S4_CONFIRMATION,S5,835144,835150,2020-05-18T01:08:00,2020-05-18T01:14:00,2020-05-18T01:08:00,2020-05-18T01:14:00,790,1750.82,1747.1708571428571,2.9649285714285565,3.649142857142839,stop_loss,False,-3.649142857142806,74.0,True,5.0,-0.8314021611769219,-1.0113917458664161,-1.0227834917328398,0.5,live_rolling_pf,5.051639211911063,-5.109186202021976,721.6627445587233,716.5535583567013,False,S5_000287,0,primary,1,2088495,S4_CONFIRMATION
S4_CONFIRMATION,S5,835169,835177,2020-05-18T01:33:00,2020-05-18T01:41:00,2020-05-18T01:33:00,2020-05-18T01:41:00,792,1743.75,1746.5357142857144,2.785714285714349,3.428571428571507,take_profit,False,2.785714285714448,24.0,True,5.0,0.7593457943925513,0.6802959501557929,0.6666666666666967,0.5,live_post_loss_cap;live_rolling_pf,5.015874908496909,3.4122793867385055,716.5535583567013,719.9658377434398,True,S5_000288,0,primary,1,2088520,S4_CONFIRMATION
S4_CONFIRMATION,S5,837037,837045,2020-05-19T09:42:00,2020-05-19T09:50:00,2020-05-19T09:42:00,2020-05-19T09:50:00,797,1729.74,1731.5887857142857,1.848785714285743,2.275428571428607,take_profit,False,1.8487857142856683,14.0,True,5.0,0.7654069079725271,0.6867459190915252,0.6660456588596825,0.5,live_rolling_pf,5.039760864204078,3.461035206689329,719.9658377434398,723.4268729501291,True,S5_000289,0,primary,1,2090388,S4_CONFIRMATION
S4_CONFIRMATION,S5,840236,840236,2020-05-21T17:03:00,2020-05-21T17:03:00,2020-05-21T17:03:00,2020-05-21T17:03:00,804,1729.25,1726.8282857142858,1.9676428571428624,2.4217142857142924,stop_loss,False,-2.421714285714188,14.0,True,5.0,-0.9453490965870662,-1.0195181797902781,-1.0390363595805971,0.5,live_rolling_pf,5.063988110650904,-5.162827941050419,723.4268729501291,718.2640450090787,False,S5_000290,0,primary,1,2093587,S4_CONFIRMATION
S4_CONFIRMATION,S5,840269,840272,2020-05-21T17:36:00,2020-05-21T17:39:00,2020-05-21T17:36:00,2020-05-21T17:39:00,806,1719.62,1721.8810714285712,2.2610714285714204,2.7828571428571327,take_profit,False,2.261071428571313,14.0,True,5.0,0.7735826001954665,0.7085777126099335,0.6914711632453195,0.5,live_post_loss_cap;live_rolling_pf,5.027848315063551,3.562621258437439,718.2640450090787,721.8266662675161,True,S5_000291,0,primary,1,2093620,S4_CONFIRMATION
S4_CONFIRMATION,S5,843011,843013,2020-05-25T17:21:00,2020-05-25T17:23:00,2020-05-25T17:21:00,2020-05-25T17:23:00,809,1730.31,1728.9477142857143,1.5,1.3622857142857487,stop_loss,False,-1.3622857142856901,42.0,True,5.0,-0.76434754729077,-1.0280538634177288,-1.0561077268354904,0.5,live_rolling_pf,5.052786663872613,-5.194536850819817,721.8266662675161,716.6321294166962,False,S5_000292,0,secondary,1,2096362,S4_CONFIRMATION
S4_CONFIRMATION,S5,844130,844131,2020-05-26T17:04:00,2020-05-26T17:05:00,2020-05-26T17:04:00,2020-05-26T17:05:00,811,1715.38,1718.6912857142859,3.3112857142857433,4.075428571428607,take_profit,False,3.3112857142857592,14.0,True,5.0,0.7855157923275085,0.740443269621802,0.7285820794360897,0.5,live_rolling_pf,5.016424905916874,3.7143780591493303,716.6321294166962,720.3465074758456,True,S5_000293,0,primary,1,2097481,S4_CONFIRMATION
S4_CONFIRMATION,S5,844134,844161,2020-05-26T17:08:00,2020-05-26T17:35:00,2020-05-26T17:08:00,2020-05-26T17:35:00,812,1720.08,1715.878857142857,3.41342857142855,4.20114285714283,stop_loss,False,-4.201142857142941,14.0,True,5.0,-0.9677504278004728,-1.0115177043570087,-1.0230354087139917,0.5,live_rolling_pf,5.042425552330919,-5.1005027190848935,720.3465074758456,715.2460047567606,False,S5_000294,0,primary,1,2097485,S4_CONFIRMATION
S4_CONFIRMATION,S5,844185,844186,2020-05-26T17:59:00,2020-05-26T18:00:00,2020-05-26T17:59:00,2020-05-26T18:00:00,813,1710.81,1712.846357142857,2.036357142857107,2.50628571428567,take_profit,False,2.036357142857014,14.0,True,5.0,0.76951522349381,0.6977164759230897,0.6788220686676371,0.5,live_post_loss_cap;live_rolling_pf,5.006722033297325,3.4932724529986956,715.2460047567606,718.7392772097593,True,S5_000295,0,primary,1,2097536,S4_CONFIRMATION
S4_CONFIRMATION,S5,848681,848681,2020-06-01T01:01:00,2020-06-01T01:01:00,2020-06-01T01:01:00,2020-06-01T01:01:00,818,1735.75,1733.4082857142857,1.9026428571428369,2.3417142857142608,stop_loss,True,-2.3417142857142608,14.0,True,5.0,-0.9435873819940127,-1.0201473635735667,-1.0402947271471337,0.5,live_rolling_pf,5.031174940468315,-5.132539851196148,718.7392772097593,713.6067373585631,False,S5_000296,0,primary,1,2102032,S4_CONFIRMATION
S4_CONFIRMATION,S5,848696,848786,2020-06-01T01:16:00,2020-06-01T02:46:00,2020-06-01T01:16:00,2020-06-01T02:46:00,818,1738.36,1739.43,2.6752142857142807,3.2925714285714225,timeout,False,1.0700000000001637,14.0,True,5.0,0.31171966039625265,0.25636757116702,0.2418012318961693,0.5,live_post_loss_cap;live_rolling_pf,4.995247161509942,1.280619382175255,713.6067373585631,714.8873567407384,True,S5_000297,1,primary,1,2102047,S4_CONFIRMATION
S4_CONFIRMATION,S5,849652,849693,2020-06-01T17:12:00,2020-06-01T17:53:00,2020-06-01T17:12:00,2020-06-01T17:53:00,820,1735.03,1737.0747142857142,2.0447142857142206,2.5165714285713485,take_profit,False,2.0447142857142353,14.0,True,5.0,0.7696816519681694,0.6981608948160916,0.6793396429339658,0.5,live_rolling_pf,5.004211497185168,3.49374477672377,714.8873567407384,718.3811015174622,True,S5_000298,0,primary,1,2103003,S4_CONFIRMATION
S4_CONFIRMATION,S5,851562,851568,2020-06-03T03:04:00,2020-06-03T03:10:00,2020-06-03T03:04:00,2020-06-03T03:10:00,822,1722.8,1724.3107857142857,1.5107857142856915,1.8594285714285435,take_profit,False,1.5107857142857029,14.0,True,5.0,0.7556087453558208,0.6605815947413581,0.6355744498428154,0.5,live_rolling_pf,5.028667710622235,3.3218453357072106,718.3811015174622,721.7029468531694,True,S5_000299,0,primary,1,2104913,S4_CONFIRMATION
S4_CONFIRMATION,S5,851574,851584,2020-06-03T03:16:00,2020-06-03T03:26:00,2020-06-03T03:16:00,2020-06-03T03:26:00,823,1724.03,1725.5667857142857,1.53678571428571,1.8914285714285661,take_profit,False,1.5367857142857702,32.0,True,5.0,0.6949289405685024,0.5276162790697939,0.5050064599483469,0.5,live_rolling_pf,5.051920627972185,2.665475563886621,721.7029468531694,724.368422417056,True,S5_000300,0,primary,1,2104925,S4_CONFIRMATION
S4_CONFIRMATION,S5,852081,852081,2020-06-03T11:43:00,2020-06-03T11:43:00,2020-06-03T11:43:00,2020-06-03T11:43:00,824,1714.86,1716.36,1.5,1.8400000000000156,take_profit,False,1.5,14.0,True,5.0,0.7575757575757517,0.6616161616161564,0.6363636363636314,0.5,live_rolling_pf,5.070578956919392,3.3547769866486625,724.368422417056,727.7231994037046,True,S5_000301,0,primary,1,2105432,S4_CONFIRMATION
S4_CONFIRMATION,S5,852084,852115,2020-06-03T11:46:00,2020-06-03T12:17:00,2020-06-03T11:46:00,2020-06-03T12:17:00,825,1717.09,1718.9842857142855,1.894285714285723,2.331428571428582,take_profit,False,1.8942857142856155,29.0,True,5.0,0.7226158038146733,0.5929155313351098,0.573841961852821,0.5,live_rolling_pf,5.094062395825932,3.020348712075335,727.7231994037046,730.74354811578,True,S5_000302,0,primary,1,2105435,S4_CONFIRMATION
S4_CONFIRMATION,S5,852406,852407,2020-06-03T17:08:00,2020-06-03T17:09:00,2020-06-03T17:08:00,2020-06-03T17:09:00,830,1701.22,1698.861142857143,1.9165714285713955,2.358857142857102,stop_loss,False,-2.358857142857005,14.0,True,5.0,-0.9439743882917506,-1.0200091470386077,-1.0400182940772542,0.5,live_rolling_pf,5.1152048368104595,-5.217555722522797,730.74354811578,725.5259923932572,False,S5_000303,0,primary,1,2105757,S4_CONFIRMATION
S4_CONFIRMATION,S5,852423,852430,2020-06-03T17:25:00,2020-06-03T17:32:00,2020-06-03T17:25:00,2020-06-03T17:32:00,833,1694.6,1691.512,2.5089999999999772,3.087999999999972,stop_loss,False,-3.0879999999999654,14.0,True,5.0,-0.9566294919454746,-1.0154894671623276,-1.0309789343246574,0.5,live_post_loss_cap;live_rolling_pf,5.0786819467528,-5.157348023994934,725.5259923932572,720.3686443692623,False,S5_000304,0,primary,1,2105774,S4_CONFIRMATION
S4_CONFIRMATION,S5,852448,852459,2020-06-03T17:50:00,2020-06-03T18:01:00,2020-06-03T17:50:00,2020-06-03T18:01:00,835,1693.29,1695.2595,1.9694999999999403,2.4239999999999267,take_profit,False,1.9694999999999254,14.0,True,5.0,0.76813572542901,0.6940327613104432,0.6745319812792413,0.5,live_post_loss_cap;live_rolling_pf,5.042580510584836,3.4997160758914183,720.3686443692623,723.8683604451537,True,S5_000305,0,primary,1,2105799,S4_CONFIRMATION
S4_CONFIRMATION,S5,855578,855587,2020-06-08T01:04:00,2020-06-08T01:13:00,2020-06-08T01:04:00,2020-06-08T01:13:00,840,1680.77,1682.27,1.5,1.8457142857143483,take_profit,False,1.5,27.0,True,5.0,0.7089804186360358,0.5577312626603481,0.5340985820391468,0.5,live_rolling_pf,5.067078523116076,2.826068102696661,723.8683604451537,726.6944285478504,True,S5_000306,0,primary,1,2108929,S4_CONFIRMATION
S4_CONFIRMATION,S5,855759,855766,2020-06-08T04:05:00,2020-06-08T04:12:00,2020-06-08T04:05:00,2020-06-08T04:12:00,842,1684.35,1685.85,1.5,1.5085714285713818,take_profit,False,1.5,14.0,True,5.0,0.9098786828423134,0.7946273830156204,0.7642980935875433,0.5,live_rolling_pf,5.086860999834953,4.042159044063071,726.6944285478504,730.7365875919135,True,S5_000307,0,primary,1,2109110,S4_CONFIRMATION
S4_CONFIRMATION,S5,862948,862950,2020-06-15T09:01:00,2020-06-15T09:03:00,2020-06-15T09:01:00,2020-06-15T09:03:00,845,1721.62,1723.12,1.5,1.7142857142857661,take_profit,False,1.5,14.0,True,5.0,0.8089368258859558,0.7064714946070682,0.6795069337442029,0.5,live_rolling_pf,5.115156113143394,3.613711984400895,730.7365875919135,734.3502995763143,True,S5_000308,0,primary,1,2116299,S4_CONFIRMATION
S4_CONFIRMATION,S5,863166,863169,2020-06-15T12:39:00,2020-06-15T12:42:00,2020-06-15T12:39:00,2020-06-15T12:42:00,847,1714.06,1715.56,1.5,1.801142857142882,take_profit,False,1.5,17.0,True,5.0,0.7609798521524763,0.6493694738367798,0.6240034787650306,0.5,live_rolling_pf,5.140452097034201,3.3380526735342704,734.3502995763143,737.6883522498487,True,S5_000309,0,primary,1,2116517,S4_CONFIRMATION
S4_CONFIRMATION,S5,863468,863471,2020-06-15T17:41:00,2020-06-15T17:44:00,2020-06-15T17:41:00,2020-06-15T17:44:00,850,1717.02,1718.52,1.5,1.7142857142857661,take_profit,False,1.5,14.0,True,5.0,0.8089368258859558,0.7064714946070682,0.6795069337442029,0.5,live_rolling_pf,5.163818465748941,3.6480905493772315,737.6883522498487,741.3364427992259,True,S5_000310,0,primary,1,2116819,S4_CONFIRMATION
S4_CONFIRMATION,S5,865918,865919,2020-06-17T12:33:00,2020-06-17T12:34:00,2020-06-17T12:33:00,2020-06-17T12:34:00,851,1714.76,1716.4416428571428,1.6816428571429112,2.0697142857143525,take_profit,False,1.6816428571428332,23.0,True,5.0,0.7312399055783011,0.6094856503913249,0.5877438191079363,0.5,live_rolling_pf,5.189355099594581,3.162837467987942,741.3364427992259,744.4992802672139,True,S5_000311,0,primary,1,2119269,S4_CONFIRMATION
S4_CONFIRMATION,S5,869367,869373,2020-06-22T01:06:00,2020-06-22T01:12:00,2020-06-22T01:06:00,2020-06-22T01:12:00,855,1746.07,1743.2722857142855,2.273142857142901,2.79771428571434,stop_loss,False,-2.7977142857143917,55.0,True,5.0,-0.8357087991806957,-1.0149355637108628,-1.0298711274217098,1.0,,10.422989923740994,-10.578663153804708,744.4992802672139,733.9206171134092,False,S5_000312,0,primary,1,2122718,S4_CONFIRMATION
S4_CONFIRMATION,S5,899517,899522,2020-07-22T02:12:00,2020-07-22T02:17:00,2020-07-22T02:12:00,2020-07-22T02:17:00,867,1845.39,1843.5305714285714,1.5107857142857761,1.8594285714286476,stop_loss,False,-1.8594285714286798,25.0,True,5.0,-0.8814844913991797,-1.023703101720182,-1.0474062034403493,0.5,live_rolling_pf,5.137444319793865,-5.259217685087711,733.9206171134092,728.6613994283215,False,S5_000313,0,primary,1,2152868,S4_CONFIRMATION
S4_CONFIRMATION,S5,899633,899633,2020-07-22T04:08:00,2020-07-22T04:08:00,2020-07-22T04:08:00,2020-07-22T04:08:00,868,1852.47,1854.034642857143,1.5646428571428488,1.9257142857142755,take_profit,False,1.5646428571428714,25.0,True,5.0,0.71913985554827,0.5812541037426225,0.5582731451083479,0.5,live_post_loss_cap;live_rolling_pf,5.100629795998251,2.964762000595879,728.6613994283215,731.6261614289174,True,S5_000314,0,primary,1,2152984,S4_CONFIRMATION
S4_CONFIRMATION,S5,899634,899634,2020-07-22T04:09:00,2020-07-22T04:09:00,2020-07-22T04:09:00,2020-07-22T04:09:00,868,1854.0,1855.6760714285715,1.6760714285714244,2.062857142857138,take_profit,False,1.676071428571504,25.0,True,5.0,0.724675725756674,0.5949660284126342,0.5733477455219609,0.5,live_post_loss_cap;live_rolling_pf,5.121383130002422,3.0470489808370065,731.6261614289174,734.6732104097543,True,S5_000315,1,primary,1,2152985,S4_CONFIRMATION
S4_CONFIRMATION,S5,899635,899636,2020-07-22T04:10:00,2020-07-22T04:11:00,2020-07-22T04:10:00,2020-07-22T04:11:00,868,1855.81,1857.6030714285714,1.7930714285714235,2.2068571428571366,take_profit,False,1.7930714285714657,25.0,True,5.0,0.7298232352599309,0.6077160134899573,0.5873648098616284,1.0,live_post_loss_cap,10.285424945736562,6.250617445073184,734.6732104097543,740.9238278548276,True,S5_000316,2,primary,1,2152986,S4_CONFIRMATION
S4_CONFIRMATION,S5,899637,899637,2020-07-22T04:12:00,2020-07-22T04:12:00,2020-07-22T04:12:00,2020-07-22T04:12:00,868,1858.4,1860.595142857143,2.1951428571428453,2.7017142857142713,take_profit,False,2.195142857142855,25.0,True,5.0,0.7436840576904492,0.6420482044332615,0.6251088955570636,1.0,live_post_loss_cap,10.372933589967586,6.659923386144153,740.9238278548276,747.5837512409717,True,S5_000317,3,primary,1,2152988,S4_CONFIRMATION
S4_CONFIRMATION,S5,899638,899639,2020-07-22T04:13:00,2020-07-22T04:14:00,2020-07-22T04:13:00,2020-07-22T04:14:00,868,1860.61,1863.1329285714285,2.522928571428557,3.1051428571428397,take_profit,False,2.522928571428565,25.0,True,5.0,0.7519586136421719,0.662543643021376,0.64764114791791,1.0,live_post_loss_cap,10.466172517373604,6.934296068150913,747.5837512409717,754.5180473091226,True,S5_000318,4,primary,1,2152989,S4_CONFIRMATION
S4_CONFIRMATION,S5,899640,899640,2020-07-22T04:15:00,2020-07-22T04:15:00,2020-07-22T04:15:00,2020-07-22T04:15:00,868,1865.47,1861.8734285714286,2.9222142857142885,3.596571428571432,stop_loss,False,-3.596571428571451,25.0,True,5.0,-0.9350070563767413,-1.0129985887246578,-1.0259971774493104,1.0,live_post_loss_cap,10.563252662327717,-10.70056003927996,754.5180473091226,743.8174872698427,False,S5_000319,5,primary,1,2152991,S4_CONFIRMATION
S4_CONFIRMATION,S5,900057,900058,2020-07-22T11:12:00,2020-07-22T11:13:00,2020-07-22T11:12:00,2020-07-22T11:13:00,870,1848.88,1850.4362857142858,1.5562857142857347,1.9154285714285966,take_profit,False,1.55628571428565,25.0,True,5.0,0.7186963979416431,0.5801556933632042,0.5570655759334644,1.0,,10.413444821777798,6.041419300877966,743.8174872698427,749.8589065707206,True,S5_000320,0,primary,1,2153408,S4_CONFIRMATION
S4_CONFIRMATION,S5,903592,903601,2020-07-27T01:11:00,2020-07-27T01:20:00,2020-07-27T01:11:00,2020-07-27T01:20:00,871,1906.44,1907.9888571428571,1.5488571428571067,1.9062857142856697,take_profit,False,1.5488571428570594,30.0,True,5.0,0.7020202020201785,0.5433825433825166,0.5207200207199935,1.0,,10.49802469199009,5.704443357626035,749.8589065707206,755.5633499283466,True,S5_000321,0,primary,1,2156943,S4_CONFIRMATION
S4_CONFIRMATION,S5,905149,905151,2020-07-28T04:09:00,2020-07-28T04:11:00,2020-07-28T04:09:00,2020-07-28T04:11:00,876,1973.64,1976.3152142857143,2.675214285714302,3.2925714285714487,take_profit,False,2.675214285714219,25.0,True,5.0,0.7551617065892179,0.6704774578594822,0.6563634164045261,1.0,,10.577886898996853,7.092234717564532,755.5633499283466,762.6555846459112,True,S5_000322,0,primary,1,2158500,S4_CONFIRMATION
S4_CONFIRMATION,S5,905152,905161,2020-07-28T04:12:00,2020-07-28T04:21:00,2020-07-28T04:12:00,2020-07-28T04:21:00,876,1974.48,1977.5517142857143,3.0717142857143425,3.7805714285714984,take_profit,False,3.071714285714279,25.0,True,5.0,0.7621039200396817,0.6876727865598503,0.6752675976465451,1.0,,10.677178185042756,7.342404875104397,762.6555846459112,769.9979895210156,True,S5_000323,1,primary,1,2158503,S4_CONFIRMATION
S4_CONFIRMATION,S5,907604,907604,2020-07-29T22:06:00,2020-07-29T22:06:00,2020-07-29T22:06:00,2020-07-29T22:06:00,887,1955.71,1961.4151428571429,5.7051428571428415,7.021714285714267,take_profit,False,5.705142857142846,23.0,True,5.0,0.7867302312753639,0.7481186714471458,0.7412237500492498,1.0,,10.779971853294219,8.064698221124097,769.9979895210156,778.0626877421397,True,S5_000324,0,primary,1,2160955,S4_CONFIRMATION
S4_CONFIRMATION,S5,907606,907610,2020-07-29T22:08:00,2020-07-29T22:12:00,2020-07-29T22:08:00,2020-07-29T22:12:00,888,1959.78,1966.0627142857143,6.282714285714272,7.732571428571411,take_profit,False,6.282714285714292,23.0,True,5.0,0.7890308227779995,0.7538663030607509,0.7475869245398136,1.0,,10.892877628389956,8.211773387407495,778.0626877421397,786.2744611295471,True,S5_000325,0,primary,1,2160957,S4_CONFIRMATION
S4_CONFIRMATION,S5,908388,908388,2020-07-30T12:11:00,2020-07-30T12:11:00,2020-07-30T12:11:00,2020-07-30T12:11:00,895,1947.52,1945.3474285714285,1.765214285714285,2.1725714285714277,stop_loss,False,-2.172571428571473,23.0,True,5.0,-0.9042692353431037,-1.0208110357950004,-1.041622071589982,1.0,,11.00784245581366,-11.236927059187325,786.2744611295471,775.0375340703598,False,S5_000326,0,primary,1,2161739,S4_CONFIRMATION
S4_CONFIRMATION,S5,908681,908686,2020-07-30T17:04:00,2020-07-30T17:09:00,2020-07-30T17:04:00,2020-07-30T17:09:00,896,1954.84,1956.8429285714285,2.002928571428587,2.465142857142876,take_profit,False,2.0029285714285834,23.0,True,5.0,0.7431623025548598,0.6392717057139828,0.620719813420969,1.0,,10.850525476985037,6.936433929565252,775.0375340703598,781.9739679999251,True,S5_000327,0,primary,1,2162032,S4_CONFIRMATION
S4_CONFIRMATION,S5,910480,910497,2020-08-03T01:06:00,2020-08-03T01:23:00,2020-08-03T01:06:00,2020-08-03T01:23:00,897,1980.62,1983.943357142857,3.323357142857076,4.090285714285632,take_profit,False,3.3233571428570485,23.0,True,5.0,0.769244758944507,0.7044342305402996,0.6928609218966912,1.0,,10.947635551998951,7.71188922630801,781.9739679999251,789.6858572262331,True,S5_000328,0,primary,1,2163831,S4_CONFIRMATION
S4_CONFIRMATION,S5,910506,910511,2020-08-03T01:32:00,2020-08-03T01:37:00,2020-08-03T01:32:00,2020-08-03T01:37:00,899,1982.31,1983.81,1.5,1.7634285714286049,take_profit,False,1.5,45.0,True,5.0,0.6776816832322087,0.45178778882147247,0.42919839938039883,1.0,,11.055602001167264,4.994785982197604,789.6858572262331,794.6806432084308,True,S5_000329,0,primary,1,2163857,S4_CONFIRMATION
S4_CONFIRMATION,S5,911442,911445,2020-08-03T17:08:00,2020-08-03T17:11:00,2020-08-03T17:08:00,2020-08-03T17:11:00,900,1965.68,1967.537142857143,1.8571428571428783,2.285714285714312,take_profit,False,1.8571428571428896,19.0,True,5.0,0.7501442585112574,0.6532025389498043,0.6330063473745016,1.0,,11.12552900491803,7.267223793172147,794.6806432084308,801.9478670016028,True,S5_000330,0,primary,1,2164793,S4_CONFIRMATION
S4_CONFIRMATION,S5,911446,911450,2020-08-03T17:12:00,2020-08-03T17:16:00,2020-08-03T17:12:00,2020-08-03T17:16:00,900,1966.7,1968.6267857142857,1.9267857142857565,2.3714285714286234,take_profit,False,1.9267857142856428,19.0,True,5.0,0.7522308979363762,0.658533184606763,0.6390128276630935,1.0,,11.22727013802244,7.39352995843233,801.9478670016028,809.3413969600351,True,S5_000331,1,primary,1,2164797,S4_CONFIRMATION
S4_CONFIRMATION,S5,911457,911464,2020-08-03T17:23:00,2020-08-03T17:30:00,2020-08-03T17:23:00,2020-08-03T17:30:00,902,1967.98,1969.48,1.5,1.6537142857142368,take_profit,False,1.5,19.0,True,5.0,0.8135750813575298,0.6834030683403249,0.6562838989617407,1.0,,11.330779557440492,7.743489516242661,809.3413969600351,817.0848864762778,True,S5_000332,0,secondary,1,2164808,S4_CONFIRMATION
S4_CONFIRMATION,S5,917372,917375,2020-08-10T01:04:00,2020-08-10T01:07:00,2020-08-10T01:04:00,2020-08-10T01:07:00,905,2027.08,2029.8917142857142,2.8117142857142623,3.4605714285713995,take_profit,False,2.811714285714288,38.0,True,5.0,0.7321083172147064,0.6201458116351786,0.6071269156375592,1.0,,11.439188410667889,7.093964781381366,817.0848864762778,824.1788512576592,True,S5_000333,0,primary,1,2170723,S4_CONFIRMATION
S4_CONFIRMATION,S5,918330,918332,2020-08-10T17:02:00,2020-08-10T17:04:00,2020-08-10T17:02:00,2020-08-10T17:04:00,909,2044.46,2046.4332142857143,1.9732142857142014,2.428571428571325,take_profit,False,1.9732142857142208,23.0,True,5.0,0.7422084900591125,0.6368887694787753,0.6180816765180007,1.0,,11.538503917607228,7.348743561710895,824.1788512576592,831.52759481937,True,S5_000334,0,primary,1,2171681,S4_CONFIRMATION
S4_CONFIRMATION,S5,918346,918349,2020-08-10T17:18:00,2020-08-10T17:21:00,2020-08-10T17:18:00,2020-08-10T17:21:00,910,2048.53,2046.3768571428575,1.7494285714285007,2.15314285714277,stop_loss,False,-2.1531428571427114,23.0,True,5.0,-0.903488790312884,-1.020980697758039,-1.0419613955161022,1.0,,11.641386327471182,-11.885630735492422,831.52759481937,819.6419640838776,False,S5_000335,0,primary,1,2171697,S4_CONFIRMATION
S4_CONFIRMATION,S5,918905,918905,2020-08-11T03:38:00,2020-08-11T03:38:00,2020-08-11T03:38:00,2020-08-11T03:38:00,913,2019.89,2018.1185714285714,1.5,1.7714285714286495,stop_loss,False,-1.7714285714287143,23.0,True,5.0,-0.8850820842255901,-1.0249821556031722,-1.0499643112063117,1.0,,11.474987497174286,-11.76165742037315,819.6419640838776,807.8803066635045,False,S5_000336,0,primary,1,2172256,S4_CONFIRMATION
S4_CONFIRMATION,S5,918945,918953,2020-08-11T04:18:00,2020-08-11T04:26:00,2020-08-11T04:18:00,2020-08-11T04:26:00,914,2018.81,2020.6030714285714,1.7930714285714235,2.2068571428571366,take_profit,False,1.7930714285714657,23.0,True,5.0,0.7358131082190346,0.620911009497027,0.6003927775823829,1.0,live_post_loss_cap,11.310324293289064,7.0227048746848615,807.8803066635045,814.9030115381894,True,S5_000337,0,primary,1,2172296,S4_CONFIRMATION
S4_CONFIRMATION,S5,919208,919209,2020-08-11T08:41:00,2020-08-11T08:42:00,2020-08-11T08:41:00,2020-08-11T08:42:00,915,2010.31,2008.4379999999999,1.5210000000000525,1.8720000000000647,stop_loss,False,-1.872000000000071,23.0,True,5.0,-0.8905803996194164,-1.0237868696479566,-1.0475737392959101,1.0,,11.408642161534651,-11.680018045491257,814.9030115381894,803.2229934926982,False,S5_000338,0,primary,1,2172559,S4_CONFIRMATION
S4_CONFIRMATION,S5,919227,919227,2020-08-11T09:00:00,2020-08-11T09:00:00,2020-08-11T09:00:00,2020-08-11T09:00:00,916,2008.92,2010.5877142857144,1.667714285714268,2.0525714285714067,take_profit,False,1.6677142857142826,23.0,True,5.0,0.7306296157216229,0.6079609463011686,0.5860558267618017,1.0,live_post_loss_cap,11.245121908897774,6.836594957005494,803.2229934926982,810.0595884497036,True,S5_000339,0,primary,1,2172578,S4_CONFIRMATION
S4_CONFIRMATION,S5,919240,919242,2020-08-11T09:13:00,2020-08-11T09:15:00,2020-08-11T09:13:00,2020-08-11T09:15:00,917,2004.0,2001.6902857142857,1.8766428571428184,2.309714285714238,stop_loss,False,-2.3097142857143353,23.0,True,5.0,-0.9094386320171364,-1.0196872539093649,-1.0393745078186913,1.0,live_post_loss_cap,11.34083423829585,-11.5641041214892,810.0595884497036,798.4954843282144,False,S5_000340,0,primary,1,2172591,S4_CONFIRMATION
S4_CONFIRMATION,S5,919262,919263,2020-08-11T09:35:00,2020-08-11T09:36:00,2020-08-11T09:35:00,2020-08-11T09:36:00,918,1994.42,1997.3087857142857,2.8887857142856843,3.5554285714285343,take_profit,False,2.888785714285632,23.0,True,5.0,0.7631330666465251,0.68916522001659,0.6759566759755302,1.0,live_post_loss_cap,11.178936780595002,7.704134425950305,798.4954843282144,806.1996187541647,True,S5_000341,0,primary,1,2172613,S4_CONFIRMATION
S4_CONFIRMATION,S5,919357,919357,2020-08-11T11:10:00,2020-08-11T11:10:00,2020-08-11T11:10:00,2020-08-11T11:10:00,923,1988.67,1991.1028571428571,2.432857142857126,2.9942857142856933,take_profit,False,2.432857142857074,23.0,True,5.0,0.7545414266725577,0.6677004873726015,0.6521931767833236,1.0,live_post_loss_cap,11.286794662558306,7.536198297064657,806.1996187541647,813.7358170512293,True,S5_000342,0,primary,1,2172708,S4_CONFIRMATION
S4_CONFIRMATION,S5,919358,919360,2020-08-11T11:11:00,2020-08-11T11:13:00,2020-08-11T11:11:00,2020-08-11T11:13:00,923,1991.21,1993.7737857142859,2.563785714285705,3.15542857142856,take_profit,False,2.563785714285814,23.0,True,5.0,0.7573001941092394,0.6745927926407608,0.6598236138071039,1.0,live_post_loss_cap,11.392301438717212,7.685164442149601,813.7358170512293,821.4209814933789,True,S5_000343,1,primary,1,2172709,S4_CONFIRMATION
S4_CONFIRMATION,S5,919376,919388,2020-08-11T11:29:00,2020-08-11T11:41:00,2020-08-11T11:29:00,2020-08-11T11:41:00,924,1985.63,1988.4045714285717,2.7745714285714813,3.414857142857208,take_profit,False,2.774571428571562,23.0,True,5.0,0.7612291291056121,0.6844085600062955,0.6706906012385604,1.0,,11.499893740907305,7.870625715439779,821.4209814933789,829.2916072088187,True,S5_000344,0,primary,1,2172727,S4_CONFIRMATION
S4_CONFIRMATION,S5,919708,919716,2020-08-11T17:01:00,2020-08-11T17:09:00,2020-08-11T17:01:00,2020-08-11T17:09:00,931,1941.18,1945.0354285714286,3.8554285714285697,4.745142857142855,take_profit,False,3.855428571428547,23.0,True,5.0,0.7749382645150129,0.7186584735542364,0.7086085108826692,1.0,,11.610082500923463,8.343684167952407,829.2916072088187,837.6352913767712,True,S5_000345,0,primary,1,2173059,S4_CONFIRMATION
S4_CONFIRMATION,S5,919729,919740,2020-08-11T17:22:00,2020-08-11T17:33:00,2020-08-11T17:22:00,2020-08-11T17:33:00,933,1948.33,1944.4031428571427,3.1905714285714613,3.9268571428571835,stop_loss,False,-3.926857142857216,23.0,True,5.0,-0.9446697367516751,-1.0120283180974714,-1.024056636194935,1.0,,11.726894079274796,-11.867948891555667,837.6352913767712,825.7673424852155,False,S5_000346,0,primary,1,2173080,S4_CONFIRMATION
S4_CONFIRMATION,S5,919907,919908,2020-08-11T20:20:00,2020-08-11T20:21:00,2020-08-11T20:20:00,2020-08-11T20:21:00,935,1934.55,1937.530714285714,2.9807142857142352,3.668571428571367,take_profit,False,2.980714285714157,23.0,True,5.0,0.76456577500914,0.6927445950897544,0.6799193843898642,1.0,,11.560742794793018,8.008642086315685,825.7673424852155,833.7759845715312,True,S5_000347,0,primary,1,2173258,S4_CONFIRMATION
S4_CONFIRMATION,S5,920031,920033,2020-08-11T22:24:00,2020-08-11T22:26:00,2020-08-11T22:24:00,2020-08-11T22:26:00,941,1920.38,1923.0867857142857,2.7067857142857226,3.3314285714285816,take_profit,False,2.7067857142856155,23.0,True,5.0,0.7600280786201065,0.6814079422382374,0.6673686321700466,1.0,,11.672863784001438,7.953982091083665,833.7759845715312,841.7299666626149,True,S5_000348,0,primary,1,2173382,S4_CONFIRMATION
S4_CONFIRMATION,S5,920042,920042,2020-08-11T22:35:00,2020-08-11T22:35:00,2020-08-11T22:35:00,2020-08-11T22:35:00,942,1916.76,1919.3145,2.5544999999999782,3.1439999999999735,take_profit,False,2.554499999999962,23.0,True,5.0,0.7571132187314706,0.67412566686425,0.659306461173675,1.0,,11.784219533276609,7.944044851344815,841.7299666626149,849.6740115139597,True,S5_000349,0,primary,1,2173393,S4_CONFIRMATION
S4_CONFIRMATION,S5,920156,920158,2020-08-12T01:30:00,2020-08-12T01:32:00,2020-08-12T01:30:00,2020-08-12T01:32:00,943,1920.22,1921.72,1.5,1.742857142857169,take_profit,False,1.5,23.0,True,5.0,0.7603186097031036,0.6183924692251909,0.5930485155684208,1.0,,11.895436161195436,7.3560481402322715,849.6740115139597,857.030059654192,True,S5_000350,0,secondary,1,2173507,S4_CONFIRMATION
S4_CONFIRMATION,S5,920159,920159,2020-08-12T01:33:00,2020-08-12T01:33:00,2020-08-12T01:33:00,2020-08-12T01:33:00,943,1921.61,1923.11,1.5,1.5611428571428927,take_profit,False,1.5,39.0,True,5.0,0.7687802020793534,0.5432713428027431,0.5176453360667647,1.0,,11.998420835158688,6.518398198629072,857.030059654192,863.548457852821,True,S5_000351,1,secondary,1,2173510,S4_CONFIRMATION
S4_CONFIRMATION,S5,920185,920190,2020-08-12T01:59:00,2020-08-12T02:04:00,2020-08-12T01:59:00,2020-08-12T02:04:00,945,1926.93,1925.2900000000002,1.5,1.6399999999999377,stop_loss,False,-1.6399999999998727,45.0,True,5.0,-0.7846889952152735,-1.0239234449760461,-1.0478468899521234,1.0,,12.089678409939495,-12.378905166157775,863.548457852821,851.1695526866632,False,S5_000352,0,secondary,1,2173536,S4_CONFIRMATION
S4_CONFIRMATION,S5,920219,920226,2020-08-12T02:33:00,2020-08-12T02:40:00,2020-08-12T02:33:00,2020-08-12T02:40:00,947,1918.47,1916.9134285714285,1.5,1.5565714285714942,stop_loss,False,-1.5565714285714876,33.0,True,5.0,-0.8250795093139507,-1.0265031046493973,-1.0530062092987982,1.0,live_post_loss_cap,11.916373737613286,-12.23219463782258,851.1695526866632,838.9373580488407,False,S5_000353,0,secondary,1,2173570,S4_CONFIRMATION
S4_CONFIRMATION,S5,920246,920247,2020-08-12T03:00:00,2020-08-12T03:01:00,2020-08-12T03:00:00,2020-08-12T03:01:00,951,1909.0,1911.2842857142857,2.284285714285685,2.8114285714285354,take_profit,False,2.2842857142857156,26.0,True,5.0,0.7437209302325672,0.6427906976744265,0.6265116279069846,1.0,live_post_loss_cap,11.74512301268377,7.549655815594963,838.9373580488407,846.4870138644357,True,S5_000354,0,primary,1,2173597,S4_CONFIRMATION
S4_CONFIRMATION,S5,920250,920252,2020-08-12T03:04:00,2020-08-12T03:06:00,2020-08-12T03:04:00,2020-08-12T03:06:00,952,1913.84,1916.3081428571427,2.4681428571428508,3.037714285714278,take_profit,False,2.468142857142766,30.0,True,5.0,0.7394709809963792,0.6346087998630113,0.6196284882725303,1.0,live_post_loss_cap,11.8508181941021,7.520633511553873,846.4870138644357,854.0076473759896,True,S5_000355,0,primary,1,2173601,S4_CONFIRMATION
S4_CONFIRMATION,S5,920253,920269,2020-08-12T03:07:00,2020-08-12T03:23:00,2020-08-12T03:07:00,2020-08-12T03:23:00,952,1917.97,1920.331357142857,2.3613571428571487,2.9062857142857217,take_profit,False,2.3613571428570594,23.0,True,5.0,0.752915186298596,0.6636376059032241,0.6476951808326219,1.0,live_post_loss_cap,11.956107063263854,7.9345222673870515,854.0076473759896,861.9421696433766,True,S5_000356,1,primary,1,2173604,S4_CONFIRMATION
S4_CONFIRMATION,S5,920272,920280,2020-08-12T03:26:00,2020-08-12T03:34:00,2020-08-12T03:26:00,2020-08-12T03:34:00,955,1922.98,1924.606857142857,1.6268571428571414,2.0022857142857124,take_profit,False,1.626857142857034,25.0,True,5.0,0.7223138399086164,0.5891158188506435,0.5669161486743146,1.0,live_post_loss_cap,12.067190375007273,7.108972738999013,861.9421696433766,869.0511423823756,True,S5_000357,0,primary,1,2173623,S4_CONFIRMATION
S4_CONFIRMATION,S5,920284,920286,2020-08-12T03:38:00,2020-08-12T03:40:00,2020-08-12T03:38:00,2020-08-12T03:40:00,956,1921.68,1919.3634285714286,1.8822142857142632,2.3165714285714007,stop_loss,False,-2.3165714285714785,33.0,True,5.0,-0.8753103746086861,-1.0188923674835662,-1.037784734967103,1.0,live_post_loss_cap,12.16671599335326,-12.39657406296787,869.0511423823756,856.6545683194078,False,S5_000358,0,primary,1,2173635,S4_CONFIRMATION
S4_CONFIRMATION,S5,920304,920306,2020-08-12T03:58:00,2020-08-12T04:00:00,2020-08-12T03:58:00,2020-08-12T04:00:00,958,1924.61,1922.7665714285713,1.5,1.8434285714286098,stop_loss,False,-1.8434285714286034,44.0,True,5.0,-0.8073073073073077,-1.0218968968968938,-1.0437937937937902,1.0,live_post_loss_cap,11.993163956471708,-12.255777031094112,856.6545683194078,844.3987912883136,False,S5_000359,0,primary,1,2173655,S4_CONFIRMATION
S4_CONFIRMATION,S5,920337,920340,2020-08-12T04:31:00,2020-08-12T04:34:00,2020-08-12T04:31:00,2020-08-12T04:34:00,960,1915.25,1913.1677142857143,1.6918571428571243,2.0822857142856916,stop_loss,False,-2.0822857142857174,30.0,True,5.0,-0.874070520508525,-1.0209882465819253,-1.0419764931638396,1.0,live_post_loss_cap,11.821583078036392,-12.069697378666936,844.3987912883136,832.3290939096468,False,S5_000360,0,primary,1,2173688,S4_CONFIRMATION
S4_CONFIRMATION,S5,920365,920366,2020-08-12T04:59:00,2020-08-12T05:00:00,2020-08-12T04:59:00,2020-08-12T05:00:00,962,1889.48,1883.902857142857,4.531428571428588,5.577142857142878,stop_loss,False,-5.577142857142917,25.0,True,5.0,-0.9570973277764226,-1.0085805344447234,-1.0171610688894404,1.0,live_post_loss_cap,11.652607314735056,-11.752592913169975,832.3290939096468,820.5765009964767,False,S5_000361,0,primary,1,2173716,S4_CONFIRMATION
S4_CONFIRMATION,S5,920554,920564,2020-08-12T08:08:00,2020-08-12T08:18:00,2020-08-12T08:08:00,2020-08-12T08:18:00,973,1875.69,1878.8842857142859,3.194285714285702,3.9314285714285564,take_profit,False,3.1942857142857974,30.0,True,5.0,0.7548953409858428,0.6721809588116359,0.6603646185010349,0.5,live_rolling_pf,5.7440355069753375,3.861031294526763,820.5765009964767,824.4375322910035,True,S5_000362,0,primary,1,2173905,S4_CONFIRMATION
S4_CONFIRMATION,S5,920665,920666,2020-08-12T09:59:00,2020-08-12T10:00:00,2020-08-12T09:59:00,2020-08-12T10:00:00,974,1909.03,1913.5874285714285,4.557428571428586,5.609142857142875,take_profit,False,4.557428571428545,23.0,True,5.0,0.7804961589274285,0.7325439154474659,0.723981014826044,0.5,live_rolling_pf,5.771062726037025,4.227556885624089,824.4375322910035,828.6650891766276,True,S5_000363,0,primary,1,2174016,S4_CONFIRMATION
S4_CONFIRMATION,S5,920767,920771,2020-08-12T11:41:00,2020-08-12T11:45:00,2020-08-12T11:41:00,2020-08-12T11:45:00,977,1933.68,1928.5554285714286,4.163714285714279,5.12457142857142,stop_loss,False,-5.124571428571471,23.0,True,5.0,-0.9570460487700858,-1.0093378154847756,-1.0186756309695417,0.5,live_rolling_pf,5.800655624236393,-5.854821076146239,828.6650891766276,822.8102681004814,False,S5_000364,0,primary,1,2174118,S4_CONFIRMATION
S4_CONFIRMATION,S5,921699,921725,2020-08-13T04:14:00,2020-08-13T04:40:00,2020-08-13T04:14:00,2020-08-13T04:40:00,982,1941.04,1937.7428571428572,2.678928571428542,3.2971428571428207,stop_loss,False,-3.297142857142717,23.0,True,5.0,-0.9347914135277139,-1.0141757796678526,-1.0283515593357344,0.5,live_rolling_pf,5.759671876703369,-5.841319716186643,822.8102681004814,816.9689483842948,False,S5_000365,0,primary,1,2175050,S4_CONFIRMATION
S4_CONFIRMATION,S5,924268,924268,2020-08-17T01:06:00,2020-08-17T01:06:00,2020-08-17T01:06:00,2020-08-17T01:06:00,984,1943.44,1945.0687142857143,1.6287142857142825,2.0045714285714245,take_profit,False,1.6287142857142953,23.0,True,5.0,0.7288709883646649,0.6035673187571976,0.5811916634701498,0.5,live_rolling_pf,5.7187826386900635,3.4516703037893732,816.9689483842948,820.4206186880841,True,S5_000366,0,primary,1,2177619,S4_CONFIRMATION
S4_CONFIRMATION,S5,924269,924273,2020-08-17T01:07:00,2020-08-17T01:11:00,2020-08-17T01:07:00,2020-08-17T01:11:00,984,1945.29,1947.058,1.7679999999999967,2.175999999999996,take_profit,False,1.768000000000029,23.0,True,5.0,0.7348295926849675,0.6184538653366715,0.5976724854530471,0.5,live_rolling_pf,5.742944330816589,3.5517461198068436,820.4206186880841,823.9723648078909,True,S5_000367,1,primary,1,2177620,S4_CONFIRMATION
S4_CONFIRMATION,S5,924274,924285,2020-08-17T01:12:00,2020-08-17T01:23:00,2020-08-17T01:12:00,2020-08-17T01:23:00,984,1947.12,1949.1052857142856,1.9852857142857034,2.443428571428558,take_profit,False,1.9852857142857374,30.0,True,5.0,0.7236513226411284,0.5960737346386282,0.5778483649239855,0.5,live_rolling_pf,5.7678065536552365,3.438037993110432,823.9723648078909,827.4104028010014,True,S5_000368,2,primary,1,2177625,S4_CONFIRMATION
S4_CONFIRMATION,S5,924377,924378,2020-08-17T02:55:00,2020-08-17T02:56:00,2020-08-17T02:55:00,2020-08-17T02:56:00,985,1938.2,1935.9405714285715,1.8357857142856704,2.2594285714285176,stop_loss,False,-2.2594285714285434,23.0,True,5.0,-0.9076093194077899,-1.0200849305635367,-1.040169861127063,1.0,,11.583745639214019,-11.816404366043303,827.4104028010014,815.593998434958,False,S5_000369,0,primary,1,2177728,S4_CONFIRMATION
S4_CONFIRMATION,S5,924393,924396,2020-08-17T03:11:00,2020-08-17T03:14:00,2020-08-17T03:11:00,2020-08-17T03:14:00,985,1932.6,1935.2371428571428,2.637142857142866,3.245714285714296,take_profit,False,2.6371428571428623,27.0,True,5.0,0.7501015847216571,0.6590816741162124,0.6448598130841117,0.5,live_post_loss_cap;live_rolling_pf,5.709157989044707,3.7628014052135343,815.593998434958,819.3567998401716,True,S5_000370,1,primary,1,2177744,S4_CONFIRMATION
S4_CONFIRMATION,S5,924397,924403,2020-08-17T03:15:00,2020-08-17T03:21:00,2020-08-17T03:15:00,2020-08-17T03:21:00,985,1936.58,1933.713714285714,2.3288571428571783,2.866285714285758,stop_loss,False,-2.866285714285823,50.0,True,5.0,-0.8514683415379605,-1.0148531658462252,-1.029706331692431,1.0,live_post_loss_cap,11.470995197762402,-11.64137579185602,819.3567998401716,807.7154240483155,False,S5_000371,2,primary,1,2177748,S4_CONFIRMATION
S4_CONFIRMATION,S5,924429,924431,2020-08-17T03:47:00,2020-08-17T03:49:00,2020-08-17T03:47:00,2020-08-17T03:49:00,986,1930.49,1932.0342142857144,1.544214285714317,1.9005714285714672,take_profit,False,1.5442142857143608,23.0,True,5.0,0.7247887890572836,0.5933686469089691,0.5699007643824843,0.5,live_post_loss_cap;live_rolling_pf,5.654007968338209,3.354911057785372,807.7154240483155,811.0703351061009,True,S5_000372,0,primary,1,2177780,S4_CONFIRMATION
S4_CONFIRMATION,S5,924432,924434,2020-08-17T03:50:00,2020-08-17T03:52:00,2020-08-17T03:50:00,2020-08-17T03:52:00,986,1931.85,1933.569714285714,1.7197142857142842,2.1165714285714268,take_profit,False,1.7197142857141898,26.0,True,5.0,0.7236114450588687,0.593171435441172,0.5721327242125113,0.5,live_post_loss_cap;live_rolling_pf,5.6774923457427064,3.367726284430468,811.0703351061009,814.4380613905313,True,S5_000373,1,primary,1,2177783,S4_CONFIRMATION
S4_CONFIRMATION,S5,924436,924439,2020-08-17T03:54:00,2020-08-17T03:57:00,2020-08-17T03:54:00,2020-08-17T03:57:00,987,1934.48,1936.256357142857,1.7763571428570897,2.1862857142856487,take_profit,False,1.776357142857023,23.0,True,5.0,0.7351602223010227,0.6192798864845362,0.5985869693744493,0.5,live_post_loss_cap;live_rolling_pf,5.701066429733719,3.5305557714462976,814.4380613905313,817.9686171619776,True,S5_000374,0,primary,1,2177787,S4_CONFIRMATION
S4_CONFIRMATION,S5,924441,924442,2020-08-17T03:59:00,2020-08-17T04:00:00,2020-08-17T03:59:00,2020-08-17T04:00:00,988,1937.32,1939.127,1.8069999999999824,2.2239999999999784,take_profit,False,1.8070000000000164,23.0,True,5.0,0.7363488182559219,0.6222493887530683,0.6018744906275588,0.5,live_post_loss_cap;live_rolling_pf,5.725780320133843,3.562863304337632,817.9686171619776,821.5314804663152,True,S5_000375,0,primary,1,2177792,S4_CONFIRMATION
S4_CONFIRMATION,S5,924443,924445,2020-08-17T04:01:00,2020-08-17T04:03:00,2020-08-17T04:01:00,2020-08-17T04:03:00,989,1938.77,1936.5528571428572,1.8014285714285798,2.2171428571428673,stop_loss,False,-2.2171428571427896,32.0,True,5.0,-0.8738738738738439,-1.0197072072071767,-1.0394144144143838,0.5,live_post_loss_cap;live_rolling_pf,5.7507203632642065,-5.864051001053585,821.5314804663152,815.6674294652616,False,S5_000376,0,primary,1,2177794,S4_CONFIRMATION
S4_CONFIRMATION,S5,924460,924463,2020-08-17T04:18:00,2020-08-17T04:21:00,2020-08-17T04:18:00,2020-08-17T04:21:00,990,1933.68,1935.9615000000001,2.281499999999994,2.8079999999999927,take_profit,False,2.281500000000051,36.0,True,5.0,0.7201704545454723,0.5907512626262801,0.5749684343434518,0.5,live_post_loss_cap;live_rolling_pf,5.709672006256832,3.372995946878149,815.6674294652616,819.0404254121398,True,S5_000377,0,primary,1,2177811,S4_CONFIRMATION
S4_CONFIRMATION,S5,924464,924475,2020-08-17T04:22:00,2020-08-17T04:33:00,2020-08-17T04:22:00,2020-08-17T04:33:00,990,1935.75,1937.7148571428572,1.9648571428571295,2.418285714285698,take_profit,False,1.9648571428572268,34.0,True,5.0,0.7123472135902563,0.5709550445411566,0.5528278433810156,0.5,live_post_loss_cap;live_rolling_pf,5.733282977884979,3.2734468380053734,819.0404254121398,822.3138722501452,True,S5_000378,1,primary,1,2177815,S4_CONFIRMATION
S4_CONFIRMATION,S5,924476,924485,2020-08-17T04:34:00,2020-08-17T04:43:00,2020-08-17T04:34:00,2020-08-17T04:43:00,992,1937.44,1938.94,1.5,1.798857142857144,take_profit,False,1.5,31.0,True,5.0,0.7112857336404278,0.5405771575667252,0.5168676331120441,0.5,live_post_loss_cap;live_rolling_pf,5.756197105751016,3.111668669820695,822.3138722501452,825.4255409199659,True,S5_000379,0,primary,1,2177827,S4_CONFIRMATION
S4_CONFIRMATION,S5,924486,924493,2020-08-17T04:44:00,2020-08-17T04:51:00,2020-08-17T04:44:00,2020-08-17T04:51:00,992,1938.68,1940.18,1.5,1.5085714285713818,take_profit,False,1.5,26.0,True,5.0,0.8481421647819287,0.6728594507269967,0.6445880452342659,0.5,live_post_loss_cap;live_rolling_pf,5.777978786439761,3.887767632556097,825.4255409199659,829.313308552522,True,S5_000380,1,primary,1,2177837,S4_CONFIRMATION
S4_CONFIRMATION,S5,925829,925830,2020-08-18T04:08:00,2020-08-18T04:09:00,2020-08-18T04:08:00,2020-08-18T04:09:00,993,1988.62,1990.2552142857141,1.6352142857143186,2.012571428571469,take_profit,False,1.6352142857142553,23.0,True,5.0,0.7291693209325762,0.6043126512931339,0.5820168174289478,0.5,live_rolling_pf,5.805193159867654,3.508151669708388,829.313308552522,832.8214602222304,True,S5_000381,0,primary,1,2179180,S4_CONFIRMATION
S4_CONFIRMATION,S5,925831,925833,2020-08-18T04:10:00,2020-08-18T04:12:00,2020-08-18T04:10:00,2020-08-18T04:12:00,993,1989.77,1987.7174285714286,1.6677142857143104,2.052571428571459,stop_loss,False,-2.0525714285713548,23.0,True,5.0,-0.8992364501188691,-1.0219051195393207,-1.043810239078687,0.5,live_rolling_pf,5.829750221555613,-5.95745159704317,832.8214602222304,826.8640086251872,False,S5_000382,1,primary,1,2179182,S4_CONFIRMATION
S4_CONFIRMATION,S5,925871,925876,2020-08-18T04:50:00,2020-08-18T04:55:00,2020-08-18T04:50:00,2020-08-18T04:55:00,995,1994.45,1992.6568571428572,1.5,1.7931428571428374,stop_loss,False,-1.7931428571428114,23.0,True,5.0,-0.8863154921621099,-1.0247140234430039,-1.0494280468860206,0.5,live_post_loss_cap;live_rolling_pf,5.788048060376311,-5.931094015829684,826.8640086251872,820.9329146093576,False,S5_000383,0,primary,1,2179222,S4_CONFIRMATION
S4_CONFIRMATION,S5,926612,926625,2020-08-18T17:11:00,2020-08-18T17:24:00,2020-08-18T17:11:00,2020-08-18T17:24:00,999,1996.2,1992.1417142857144,3.297357142857079,4.058285714285636,stop_loss,False,-4.058285714285603,23.0,True,5.0,-0.9463655140249096,-1.0116596708641408,-1.023319341728289,0.5,live_rolling_pf,5.7465304022655035,-5.8135330553666975,820.9329146093576,815.1193815539908,False,S5_000384,0,primary,1,2179963,S4_CONFIRMATION
S4_CONFIRMATION,S5,927201,927202,2020-08-19T04:01:00,2020-08-19T04:02:00,2020-08-19T04:01:00,2020-08-19T04:02:00,1001,1999.81,2001.31,1.5,1.541714285714313,take_profit,False,1.5,31.0,True,5.0,0.8100601758987691,0.6156457336830646,0.5886437278197721,0.5,live_rolling_pf,5.705835670877936,3.512773387872648,815.1193815539908,818.6321549418635,True,S5_000385,0,primary,1,2180552,S4_CONFIRMATION
S4_CONFIRMATION,S5,927203,927207,2020-08-19T04:03:00,2020-08-19T04:07:00,2020-08-19T04:03:00,2020-08-19T04:07:00,1001,2001.3,2002.8,1.5,1.6571428571428832,take_profit,False,1.5,36.0,True,5.0,0.7436260623229366,0.5403682719546672,0.5155807365439027,0.5,live_rolling_pf,5.730425084593045,3.096539900527221,818.6321549418635,821.7286948423907,True,S5_000386,1,primary,1,2180554,S4_CONFIRMATION
S4_CONFIRMATION,S5,927208,927209,2020-08-19T04:08:00,2020-08-19T04:09:00,2020-08-19T04:08:00,2020-08-19T04:09:00,1003,2002.77,2004.27,1.5,1.8400000000000678,take_profit,False,1.5,36.0,True,5.0,0.6818181818181609,0.49545454545453016,0.4727272727272582,0.5,live_rolling_pf,5.752100863896735,2.849904518930567,821.7286948423907,824.5785993613213,True,S5_000387,0,primary,1,2180559,S4_CONFIRMATION
S4_CONFIRMATION,S5,927210,927210,2020-08-19T04:10:00,2020-08-19T04:10:00,2020-08-19T04:10:00,2020-08-19T04:10:00,1003,2002.77,2004.4405,1.6705000000000432,2.0560000000000533,take_profit,False,1.6704999999999472,32.0,True,5.0,0.7030723905723526,0.5473484848484503,0.5263047138046798,0.5,live_rolling_pf,5.772050195529249,3.159322928992136,824.5785993613213,827.7379222903133,True,S5_000388,1,primary,1,2180561,S4_CONFIRMATION
S4_CONFIRMATION,S5,927211,927214,2020-08-19T04:11:00,2020-08-19T04:14:00,2020-08-19T04:11:00,2020-08-19T04:14:00,1003,2003.89,2001.6465714285714,1.8227857142857666,2.2434285714286357,stop_loss,False,-2.2434285714286943,27.0,True,5.0,-0.8925770148914663,-1.0198931453904967,-1.0397862907809703,0.5,live_rolling_pf,5.794165456032194,-5.909429631865636,827.7379222903133,821.8284926584477,False,S5_000389,2,primary,1,2180562,S4_CONFIRMATION
S4_CONFIRMATION,S5,927234,927235,2020-08-19T04:34:00,2020-08-19T04:35:00,2020-08-19T04:34:00,2020-08-19T04:35:00,1004,1997.01,1998.532857142857,1.522857142857088,1.874285714285647,take_profit,False,1.5228571428569921,23.0,True,5.0,0.7236931432450295,0.5906313645620653,0.5668703326543931,0.5,live_post_loss_cap;live_rolling_pf,5.752799448609133,3.3977837883839093,821.8284926584477,825.2262764468315,True,S5_000390,0,primary,1,2180585,S4_CONFIRMATION
S4_CONFIRMATION,S5,927248,927256,2020-08-19T04:48:00,2020-08-19T04:56:00,2020-08-19T04:48:00,2020-08-19T04:56:00,1005,1998.75,1996.606,1.7419999999999782,2.143999999999973,stop_loss,False,-2.1440000000000055,25.0,True,5.0,-0.895572263993329,-1.0208855472013503,-1.0417710944026874,0.5,live_post_loss_cap;live_rolling_pf,5.776583935127821,-5.897231051567495,825.2262764468315,819.3290453952641,False,S5_000391,0,primary,1,2180599,S4_CONFIRMATION
S4_CONFIRMATION,S5,927484,927489,2020-08-19T08:44:00,2020-08-19T08:49:00,2020-08-19T08:44:00,2020-08-19T08:49:00,1008,1987.63,1985.6608571428571,1.5999285714285942,1.9691428571428853,stop_loss,False,-1.9691428571429697,23.0,True,5.0,-0.8954137975835138,-1.0227361309601526,-1.0454722619202665,0.5,live_rolling_pf,5.735303317766848,-5.865701925095793,819.3290453952641,813.4633434701683,False,S5_000392,0,primary,1,2180835,S4_CONFIRMATION
S4_CONFIRMATION,S5,927511,927513,2020-08-19T09:11:00,2020-08-19T09:13:00,2020-08-19T09:11:00,2020-08-19T09:13:00,1011,1990.4,1988.064,1.8979999999999841,2.3359999999999803,stop_loss,False,-2.3360000000000127,23.0,True,5.0,-0.9103663289166136,-1.019485580670317,-1.038971161340621,0.5,live_post_loss_cap;live_rolling_pf,5.6942434042911785,-5.805199043501914,813.4633434701683,807.6581444266664,False,S5_000393,0,primary,1,2180862,S4_CONFIRMATION
S4_CONFIRMATION,S5,928513,928515,2020-08-20T02:54:00,2020-08-20T02:56:00,2020-08-20T02:54:00,2020-08-20T02:56:00,1019,1926.93,1928.43,1.5,1.7805714285714462,take_profit,False,1.5,26.0,True,5.0,0.7350882105852639,0.5831699803976427,0.5586670400448006,0.5,live_rolling_pf,5.653607010986665,3.2970138897730688,807.6581444266664,810.9551583164395,True,S5_000394,0,primary,1,2181864,S4_CONFIRMATION
S4_CONFIRMATION,S5,928520,928521,2020-08-20T03:01:00,2020-08-20T03:02:00,2020-08-20T03:01:00,2020-08-20T03:02:00,1020,1925.36,1926.868,1.508000000000001,1.856000000000001,take_profit,False,1.5080000000000382,23.0,True,5.0,0.722914669223412,0.588686481303949,0.5647171620326162,0.5,live_rolling_pf,5.676686108215076,3.341788370512141,810.9551583164395,814.2969466869516,True,S5_000395,0,primary,1,2181871,S4_CONFIRMATION
S4_CONFIRMATION,S5,928526,928537,2020-08-20T03:07:00,2020-08-20T03:18:00,2020-08-20T03:07:00,2020-08-20T03:18:00,1021,1928.89,1926.651142857143,1.8190714285714633,2.2388571428571855,stop_loss,False,-2.238857142857114,24.0,True,5.0,-0.9031811894882164,-1.0201705855232535,-1.0403411710465358,0.5,live_rolling_pf,5.700078626808661,-5.815052550239975,814.2969466869516,808.4818941367116,False,S5_000396,0,primary,1,2181877,S4_CONFIRMATION
S4_CONFIRMATION,S5,928562,928566,2020-08-20T03:43:00,2020-08-20T03:47:00,2020-08-20T03:43:00,2020-08-20T03:47:00,1022,1936.35,1937.9489999999998,1.5989999999999815,1.9679999999999773,take_profit,False,1.5989999999999327,27.0,True,5.0,0.7144772117962238,0.5714924039320579,0.549151027703282,0.5,live_post_loss_cap;live_rolling_pf,5.659373258956982,3.23428882851013,808.4818941367116,811.7161829652217,True,S5_000397,0,primary,1,2181913,S4_CONFIRMATION
S4_CONFIRMATION,S5,928580,928580,2020-08-20T04:01:00,2020-08-20T04:01:00,2020-08-20T04:01:00,2020-08-20T04:01:00,1023,1946.2,1943.864,1.8979999999999841,2.3359999999999803,stop_loss,False,-2.3360000000000127,23.0,True,5.0,-0.9103663289166136,-1.019485580670317,-1.038971161340621,0.5,live_post_loss_cap;live_rolling_pf,5.682013280756552,-5.7927306089085455,811.7161829652217,805.9234523563132,False,S5_000398,0,primary,1,2181931,S4_CONFIRMATION
S4_CONFIRMATION,S5,928599,928602,2020-08-20T04:20:00,2020-08-20T04:23:00,2020-08-20T04:20:00,2020-08-20T04:23:00,1024,1938.28,1935.9497142857142,1.8933571428571945,2.330285714285778,stop_loss,False,-2.3302857142857647,23.0,True,5.0,-0.9101662760852554,-1.0195290704162425,-1.0390581408324902,0.5,live_post_loss_cap;live_rolling_pf,5.641464166494193,-5.751636717452366,805.9234523563132,800.1718156388608,False,S5_000399,0,primary,1,2181950,S4_CONFIRMATION
S4_CONFIRMATION,S5,928617,928622,2020-08-20T04:38:00,2020-08-20T04:43:00,2020-08-20T04:38:00,2020-08-20T04:43:00,1026,1937.33,1939.8092857142856,2.4792857142857394,3.0514285714286027,take_profit,False,2.479285714285652,23.0,True,5.0,0.7555507183282281,0.6702220287331047,0.6549847627339757,0.5,live_post_loss_cap;live_rolling_pf,5.601202709472026,3.7540494432877036,800.1718156388608,803.9258650821486,True,S5_000400,0,primary,1,2181968,S4_CONFIRMATION
S4_CONFIRMATION,S5,928623,928624,2020-08-20T04:44:00,2020-08-20T04:45:00,2020-08-20T04:44:00,2020-08-20T04:45:00,1026,1938.55,1940.722857142857,2.1728571428571093,2.674285714285673,take_profit,False,2.172857142857083,23.0,True,5.0,0.7481554353172551,0.6517461878996443,0.6345302508607853,0.5,live_post_loss_cap;live_rolling_pf,5.62748105557504,3.667689325448499,803.9258650821486,807.593554407597,True,S5_000401,1,primary,1,2181974,S4_CONFIRMATION
S4_CONFIRMATION,S5,928627,928673,2020-08-20T04:48:00,2020-08-20T05:34:00,2020-08-20T04:48:00,2020-08-20T05:34:00,1027,1940.59,1942.5372142857143,1.9472142857143093,2.3965714285714577,take_profit,False,1.9472142857143808,23.0,True,5.0,0.7413521157402652,0.6347492657457052,0.6157130425323909,0.5,live_post_loss_cap;live_rolling_pf,5.6531548808531795,3.5883359097683054,807.593554407597,811.1818903173653,True,S5_000402,0,primary,1,2181978,S4_CONFIRMATION
S4_CONFIRMATION,S5,930388,930400,2020-08-21T11:10:00,2020-08-21T11:22:00,2020-08-21T11:10:00,2020-08-21T11:22:00,1031,1937.31,1935.2494285714286,1.6742142857142832,2.0605714285714254,stop_loss,False,-2.060571428571393,23.0,True,5.0,-0.8995883747037402,-1.021828614194822,-1.043657228389658,0.5,live_rolling_pf,5.678273232221557,-5.802222067900507,811.1818903173653,805.3796682494648,False,S5_000403,0,primary,1,2183739,S4_CONFIRMATION
S4_CONFIRMATION,S5,931160,931160,2020-08-24T01:04:00,2020-08-24T01:04:00,2020-08-24T01:04:00,2020-08-24T01:04:00,1037,1938.45,1936.904857142857,1.5,1.5451428571428811,stop_loss,False,-1.5451428571429915,23.0,True,5.0,-0.8704329631418634,-1.0281667471431488,-1.0563334942862357,0.5,live_rolling_pf,5.637657677746254,-5.796452156034964,805.3796682494648,799.5832160934298,False,S5_000404,0,primary,1,2184511,S4_CONFIRMATION
S4_CONFIRMATION,S5,931283,931285,2020-08-24T03:07:00,2020-08-24T03:09:00,2020-08-24T03:07:00,2020-08-24T03:09:00,1039,1932.65,1934.15,1.5,1.6514285714286547,take_profit,False,1.5,23.0,True,5.0,0.7972665148063428,0.6484434320424921,0.6218678815489473,0.5,live_rolling_pf,5.5970825126540085,3.6293913939303803,799.5832160934298,803.2126074873602,True,S5_000405,0,primary,1,2184634,S4_CONFIRMATION
S4_CONFIRMATION,S5,931343,931351,2020-08-24T04:07:00,2020-08-24T04:15:00,2020-08-24T04:07:00,2020-08-24T04:15:00,1040,1931.99,1933.4970714285714,1.5070714285714093,1.854857142857119,take_profit,False,1.5070714285714075,31.0,True,5.0,0.6961528309357244,0.5298601029431135,0.5067638907219174,0.5,live_rolling_pf,5.622488252411522,2.979132204219215,803.2126074873602,806.1917396915794,True,S5_000406,0,primary,1,2184694,S4_CONFIRMATION
S4_CONFIRMATION,S5,931352,931395,2020-08-24T04:16:00,2020-08-24T04:59:00,2020-08-24T04:16:00,2020-08-24T04:59:00,1040,1933.49,1935.1512142857143,1.6612142857143164,2.0445714285714662,take_profit,False,1.6612142857143226,23.0,True,5.0,0.7303416656199011,0.6072415525687789,0.5852593895239356,0.5,live_rolling_pf,5.643342177841056,3.4268718657490767,806.1917396915794,809.6186115573284,True,S5_000407,1,primary,1,2184703,S4_CONFIRMATION
S4_CONFIRMATION,S5,934883,934889,2020-08-26T17:09:00,2020-08-26T17:15:00,2020-08-26T17:09:00,2020-08-26T17:15:00,1044,1929.96,1932.703,2.7430000000000394,3.3760000000000483,take_profit,False,2.742999999999938,23.0,True,5.0,0.7606766500277042,0.6830282861896575,0.6691625069328635,0.5,live_rolling_pf,5.667330280901299,3.8709468890347645,809.6186115573284,813.4895584463632,True,S5_000408,0,primary,1,2188234,S4_CONFIRMATION
S4_CONFIRMATION,S5,938053,938057,2020-08-31T01:03:00,2020-08-31T01:07:00,2020-08-31T01:03:00,2020-08-31T01:07:00,1045,1969.77,1971.27,1.5,1.7794285714285902,take_profit,False,1.5,23.0,True,5.0,0.7464808758708873,0.607137779041655,0.5822550831792921,0.5,live_rolling_pf,5.694426909124542,3.4573017065209104,813.4895584463632,816.946860152884,True,S5_000409,0,primary,1,2191404,S4_CONFIRMATION
S4_CONFIRMATION,S5,938059,938060,2020-08-31T01:09:00,2020-08-31T01:10:00,2020-08-31T01:09:00,2020-08-31T01:10:00,1046,1971.01,1972.8504285714287,1.8404285714285868,2.265142857142876,take_profit,False,1.8404285714286743,26.0,True,5.0,0.7288413668251087,0.6060760353021406,0.5862751753790814,0.5,live_rolling_pf,5.718628021070188,3.465923398377946,816.946860152884,820.412783551262,True,S5_000410,0,primary,1,2191410,S4_CONFIRMATION
S4_CONFIRMATION,S5,938063,938065,2020-08-31T01:13:00,2020-08-31T01:15:00,2020-08-31T01:13:00,2020-08-31T01:15:00,1047,1974.03,1971.4311428571427,2.111571428571451,2.5988571428571703,stop_loss,False,-2.5988571428572413,38.0,True,5.0,-0.8724342988682391,-1.0167849606752588,-1.0335699213504936,0.5,live_rolling_pf,5.742889484858834,-5.839283659024547,820.412783551262,814.5734998922375,False,S5_000411,0,primary,1,2191414,S4_CONFIRMATION
S4_CONFIRMATION,S5,938102,938106,2020-08-31T01:52:00,2020-08-31T01:56:00,2020-08-31T01:52:00,2020-08-31T01:56:00,1050,1973.09,1974.59,1.5,1.6468571428571004,take_profit,False,1.5,23.0,True,5.0,0.7992084031055136,0.6500228345258177,0.6233825544223006,0.5,live_post_loss_cap;live_rolling_pf,5.702014499245663,3.7064396273069766,814.5734998922375,818.2799395195444,True,S5_000412,0,primary,1,2191453,S4_CONFIRMATION
S4_CONFIRMATION,S5,940997,940997,2020-09-02T04:09:00,2020-09-02T04:09:00,2020-09-02T04:09:00,2020-09-02T04:09:00,1056,1961.01,1958.768857142857,1.8209285714286467,2.24114285714295,stop_loss,False,-2.241142857142904,23.0,True,5.0,-0.906925656145204,-1.0202335530118898,-1.0404671060237978,0.5,live_rolling_pf,5.727959576636811,-5.8438565503806545,818.2799395195444,812.4360829691637,False,S5_000413,0,primary,1,2194348,S4_CONFIRMATION
S4_CONFIRMATION,S5,941012,941018,2020-09-02T04:24:00,2020-09-02T04:30:00,2020-09-02T04:24:00,2020-09-02T04:30:00,1057,1964.47,1962.6425714285715,1.5,1.8274285714285725,stop_loss,False,-1.827428571428527,31.0,True,5.0,-0.8549659136478869,-1.0233925945728968,-1.0467851891458149,0.5,live_post_loss_cap;live_rolling_pf,5.6870525807841465,-5.820087496121176,812.4360829691637,806.6159954730425,False,S5_000414,0,primary,1,2194363,S4_CONFIRMATION
S4_CONFIRMATION,S5,945148,945157,2020-09-07T04:24:00,2020-09-07T04:33:00,2020-09-07T04:24:00,2020-09-07T04:33:00,1063,1937.98,1939.48,1.5,1.2582857142856874,take_profit,False,1.5,23.0,True,5.0,1.0078709925129765,0.8197350739105542,0.7861393741601217,0.5,live_rolling_pf,5.646311968311298,4.628479958665708,806.6159954730425,811.2444754317082,True,S5_000415,0,primary,1,2198499,S4_CONFIRMATION
S4_CONFIRMATION,S5,945158,945159,2020-09-07T04:34:00,2020-09-07T04:35:00,2020-09-07T04:34:00,2020-09-07T04:35:00,1063,1939.41,1937.9094285714286,1.5,1.5005714285714151,stop_loss,False,-1.5005714285714475,23.0,True,5.0,-0.8670959220736515,-1.0288921908535769,-1.057784381707135,0.5,live_rolling_pf,5.678711328021958,-5.842781739513537,811.2444754317082,805.4016936921947,False,S5_000416,1,primary,1,2198509,S4_CONFIRMATION
S4_CONFIRMATION,S5,945912,945922,2020-09-07T17:08:00,2020-09-07T17:18:00,2020-09-07T17:08:00,2020-09-07T17:18:00,1064,1926.86,1928.36,1.5,1.7199999999999687,take_profit,False,1.5,23.0,True,5.0,0.7692307692307816,0.6256410256410357,0.6000000000000096,0.5,live_rolling_pf,5.637811855845364,3.5272463918622843,805.4016936921947,808.928940084057,True,S5_000417,0,primary,1,2199263,S4_CONFIRMATION
S4_CONFIRMATION,S5,951604,951606,2020-09-14T01:09:00,2020-09-14T01:11:00,2020-09-14T01:09:00,2020-09-14T01:11:00,1068,1937.95,1939.45,1.5,1.6434285714285322,take_profit,False,1.5,32.0,True,5.0,0.7639697322468139,0.5755238649592664,0.550058207217706,0.5,live_rolling_pf,5.662502580588399,3.258905370522055,808.928940084057,812.187845454579,True,S5_000418,0,primary,1,2204955,S4_CONFIRMATION
S4_CONFIRMATION,S5,951611,951642,2020-09-14T01:16:00,2020-09-14T01:47:00,2020-09-14T01:16:00,2020-09-14T01:47:00,1069,1940.62,1942.12,1.5,1.7588571428571282,take_profit,False,1.5,39.0,True,5.0,0.6980454726765105,0.49328546735806744,0.4700172849355171,0.5,live_rolling_pf,5.685314918182053,2.804483226493227,812.187845454579,814.9923286810722,True,S5_000419,0,primary,1,2204962,S4_CONFIRMATION
S4_CONFIRMATION,S5,951781,951783,2020-09-14T04:06:00,2020-09-14T04:08:00,2020-09-14T04:06:00,2020-09-14T04:08:00,1070,1942.23,1943.73,1.5,1.2571428571428314,take_profit,False,1.5,23.0,True,5.0,1.0086455331412278,0.820365033621532,0.7867435158501577,0.5,live_rolling_pf,5.704946300767506,4.680138463838169,814.9923286810722,819.6724671449103,True,S5_000420,0,primary,1,2205132,S4_CONFIRMATION
S4_CONFIRMATION,S5,951784,951809,2020-09-14T04:09:00,2020-09-14T04:34:00,2020-09-14T04:09:00,2020-09-14T04:34:00,1070,1944.39,1945.89,1.5,1.5611428571427886,take_profit,False,1.5,23.0,True,5.0,0.8374541394162069,0.6811293667251817,0.6532142287446413,0.5,live_rolling_pf,5.737707270014372,3.90812091927936,819.6724671449103,823.5805880641897,True,S5_000421,1,primary,1,2205135,S4_CONFIRMATION
S4_CONFIRMATION,S5,953938,953971,2020-09-15T17:05:00,2020-09-15T17:38:00,2020-09-15T17:05:00,2020-09-15T17:38:00,1071,1951.61,1953.9481428571428,2.338142857142884,2.877714285714319,take_profit,False,2.338142857142884,23.0,True,5.0,0.7523673807115939,0.6622690079985305,0.6461800128711979,0.5,live_rolling_pf,5.765064116449328,3.8180232934488214,823.5805880641897,827.3986113576385,True,S5_000422,0,primary,1,2207289,S4_CONFIRMATION
S4_CONFIRMATION,S5,956691,956694,2020-09-17T17:01:00,2020-09-17T17:04:00,2020-09-17T17:01:00,2020-09-17T17:04:00,1079,1938.99,1940.5620714285715,1.5720714285714132,1.9348571428571242,take_profit,False,1.572071428571462,23.0,True,5.0,0.7261779068233026,0.5968391183846055,0.5737429061634095,1.0,,11.58358055900694,6.913534008574757,827.3986113576385,834.3121453662133,True,S5_000423,0,secondary,1,2210042,S4_CONFIRMATION
S4_CONFIRMATION,S5,956707,956710,2020-09-17T17:17:00,2020-09-17T17:20:00,2020-09-17T17:17:00,2020-09-17T17:20:00,1080,1940.08,1942.096857142857,2.0168571428571664,2.4822857142857435,take_profit,False,2.016857142857134,23.0,True,5.0,0.7436005477720313,0.6403665859053939,0.62193194985778,1.0,,11.680370035126986,7.4797186815059336,834.3121453662133,841.7918640477192,True,S5_000424,0,primary,1,2210058,S4_CONFIRMATION
S4_CONFIRMATION,S5,958492,958526,2020-09-21T01:06:00,2020-09-21T01:40:00,2020-09-21T01:06:00,2020-09-21T01:40:00,1081,1947.39,1949.2545714285716,1.864571428571443,2.2948571428571607,take_profit,False,1.8645714285714803,44.0,True,5.0,0.6817801922273442,0.502611784371098,0.4843292937735218,1.0,,11.785086096668069,5.9233231520133565,841.7918640477192,847.7151871997326,True,S5_000425,0,primary,1,2211843,S4_CONFIRMATION
S4_CONFIRMATION,S5,959449,959456,2020-09-21T17:03:00,2020-09-21T17:10:00,2020-09-21T17:03:00,2020-09-21T17:10:00,1086,1911.09,1913.1421428571427,2.05214285714287,2.5257142857143013,take_profit,False,2.052142857142826,23.0,True,5.0,0.7446863659927269,0.6430793157076056,0.6249351995852624,1.0,,11.868012620796256,7.6320734349908825,847.7151871997326,855.3472606347234,True,S5_000426,0,primary,1,2212800,S4_CONFIRMATION
S4_CONFIRMATION,S5,959467,959467,2020-09-21T17:21:00,2020-09-21T17:21:00,2020-09-21T17:21:00,2020-09-21T17:21:00,1087,1903.82,1900.9891428571427,2.3000714285714903,2.830857142857219,stop_loss,False,-2.8308571428572122,23.0,True,5.0,-0.9248576495846165,-1.016335293568559,-1.0326705871371202,1.0,,11.974861648886128,-12.170474529363561,855.3472606347234,843.1767861053598,False,S5_000427,0,primary,1,2212818,S4_CONFIRMATION
S4_CONFIRMATION,S5,959482,959484,2020-09-21T17:36:00,2020-09-21T17:38:00,2020-09-21T17:36:00,2020-09-21T17:38:00,1087,1891.9,1886.6085714285714,4.299285714285731,5.291428571428593,stop_loss,False,-5.291428571428696,23.0,True,5.0,-0.9583441138421921,-1.009055627425633,-1.0181112548512474,1.0,live_post_loss_cap,11.804475005475037,-11.911371933079817,843.1767861053598,831.26541417228,False,S5_000428,1,primary,1,2212833,S4_CONFIRMATION
S4_CONFIRMATION,S5,959499,959499,2020-09-21T17:53:00,2020-09-21T17:53:00,2020-09-21T17:53:00,2020-09-21T17:53:00,1087,1892.91,1896.1395714285716,3.229571428571426,3.9748571428571395,take_profit,False,3.2295714285714894,23.0,True,5.0,0.7680573486444398,0.7014676904260528,0.6895766800299123,1.0,live_post_loss_cap,11.63771579841192,8.163481622946797,831.26541417228,839.4288957952268,True,S5_000429,2,primary,1,2212850,S4_CONFIRMATION
S4_CONFIRMATION,S5,959500,959507,2020-09-21T17:54:00,2020-09-21T18:01:00,2020-09-21T17:54:00,2020-09-21T18:01:00,1087,1897.13,1900.5425,3.4124999999999788,4.1999999999999735,take_profit,False,3.412499999999909,23.0,True,5.0,0.7703160270880202,0.7071106094807962,0.6958239277652206,1.0,live_post_loss_cap,11.752004541133175,8.309967093701763,839.4288957952268,847.7388628889286,True,S5_000430,3,primary,1,2212851,S4_CONFIRMATION
S4_CONFIRMATION,S5,959508,959512,2020-09-21T18:02:00,2020-09-21T18:06:00,2020-09-21T18:02:00,2020-09-21T18:06:00,1087,1900.34,1903.2807857142857,2.9407857142857,3.6194285714285535,take_profit,False,2.9407857142857665,23.0,True,5.0,0.7639538335931293,0.6912157648630762,0.6782268240184239,1.0,live_post_loss_cap,11.868344080445,8.203586531222955,847.7388628889286,855.9424494201515,True,S5_000431,4,primary,1,2212859,S4_CONFIRMATION
S4_CONFIRMATION,S5,959526,959531,2020-09-21T18:20:00,2020-09-21T18:25:00,2020-09-21T18:20:00,2020-09-21T18:25:00,1088,1889.4,1892.4067142857143,3.006714285714296,3.7005714285714415,take_profit,False,3.0067142857142244,23.0,True,5.0,0.7649560223885841,0.6937195609507707,0.680998764265447,1.0,live_post_loss_cap,11.983194291882121,8.312976282952247,855.9424494201515,864.2554257031038,True,S5_000432,0,primary,1,2212877,S4_CONFIRMATION
S4_CONFIRMATION,S5,959537,959540,2020-09-21T18:31:00,2020-09-21T18:34:00,2020-09-21T18:31:00,2020-09-21T18:34:00,1089,1893.28,1889.84,2.794999999999992,3.43999999999999,stop_loss,False,-3.4400000000000546,23.0,True,5.0,-0.937329700272497,-1.0136239782016525,-1.0272479564032875,1.0,live_post_loss_cap,12.099575959843454,-12.2644203189696,864.2554257031038,851.9910053841342,False,S5_000433,0,primary,1,2212888,S4_CONFIRMATION
S4_CONFIRMATION,S5,959593,959597,2020-09-21T19:27:00,2020-09-21T19:31:00,2020-09-21T19:27:00,2020-09-21T19:31:00,1090,1904.21,1901.7905714285714,1.9657857142857,2.419428571428554,stop_loss,False,-2.419428571428625,23.0,True,5.0,-0.9131888277796014,-1.018871993960989,-1.037743987921951,1.0,live_post_loss_cap,11.92787407537788,-12.152976842895846,851.9910053841342,839.8380285412383,False,S5_000434,0,primary,1,2212944,S4_CONFIRMATION
S4_CONFIRMATION,S5,960031,960035,2020-09-22T03:46:00,2020-09-22T03:50:00,2020-09-22T03:46:00,2020-09-22T03:50:00,1091,1917.2,1918.7,1.5,1.575999999999996,take_profit,False,1.5,23.0,True,5.0,0.8305647840531579,0.6755260243632352,0.6478405315614632,1.0,,11.757732399577336,7.942654223413278,839.8380285412383,847.7806827646515,True,S5_000435,0,primary,1,2213382,S4_CONFIRMATION
S4_CONFIRMATION,S5,960071,960079,2020-09-22T04:26:00,2020-09-22T04:34:00,2020-09-22T04:26:00,2020-09-22T04:34:00,1092,1910.14,1912.2395000000001,2.099499999999991,2.583999999999989,take_profit,False,2.0995000000000346,23.0,True,5.0,0.7460909737029292,0.6465884861407397,0.6288201847903487,1.0,,11.868929558705121,7.674313195474222,847.7806827646515,855.4549959601258,True,S5_000436,0,primary,1,2213422,S4_CONFIRMATION
S4_CONFIRMATION,S5,960080,960088,2020-09-22T04:35:00,2020-09-22T04:43:00,2020-09-22T04:35:00,2020-09-22T04:43:00,1093,1913.26,1910.9662857142857,1.8636428571429144,2.293714285714356,stop_loss,False,-2.293714285714259,23.0,True,5.0,-0.9088644854522452,-1.0198120683799,-1.0396241367598382,1.0,,11.97636994344176,-12.213646603704207,855.4549959601258,843.2413493564216,False,S5_000437,0,primary,1,2213431,S4_CONFIRMATION
S4_CONFIRMATION,S5,960370,960373,2020-09-22T09:25:00,2020-09-22T09:28:00,2020-09-22T09:25:00,2020-09-22T09:28:00,1095,1906.81,1908.3746428571428,1.564642857142891,1.9257142857143272,take_profit,False,1.5646428571428714,23.0,True,5.0,0.7258117958913113,0.5959244532803132,0.5727302849569206,1.0,,11.805378890989902,7.035113961380107,843.2413493564216,850.2764633178017,True,S5_000438,0,primary,1,2213721,S4_CONFIRMATION
S4_CONFIRMATION,S5,960376,960381,2020-09-22T09:31:00,2020-09-22T09:36:00,2020-09-22T09:31:00,2020-09-22T09:36:00,1096,1903.49,1900.7517142857143,2.224857142857146,2.7382857142857184,stop_loss,False,-2.7382857142856665,23.0,True,5.0,-0.922514197709098,-1.0168447396284357,-1.033689479256889,1.0,,11.903870486449224,-12.10438808536408,850.2764633178017,838.1720752324376,False,S5_000439,0,primary,1,2213727,S4_CONFIRMATION
S4_CONFIRMATION,S5,961426,961427,2020-09-23T04:02:00,2020-09-23T04:03:00,2020-09-23T04:02:00,2020-09-23T04:03:00,1102,1903.37,1901.7174285714284,1.5,1.652571428571459,stop_loss,False,-1.6525714285714912,23.0,True,5.0,-0.8778266808317082,-1.026559417210519,-1.053118834421021,1.0,,11.734409053254126,-12.046068119018393,838.1720752324376,826.1260071134192,False,S5_000440,0,primary,1,2214777,S4_CONFIRMATION
S4_CONFIRMATION,S5,961452,961460,2020-09-23T04:28:00,2020-09-23T04:36:00,2020-09-23T04:28:00,2020-09-23T04:36:00,1103,1902.15,1903.65,1.5,1.4537142857143408,take_profit,False,1.5,23.0,True,5.0,0.8908874936364888,0.7245884948243442,0.6948922450364612,0.5,live_post_loss_cap;live_rolling_pf,5.782882049793934,4.190209800206905,826.1260071134192,830.3162169136261,True,S5_000441,0,primary,1,2214803,S4_CONFIRMATION
S4_CONFIRMATION,S5,961742,961748,2020-09-23T09:18:00,2020-09-23T09:24:00,2020-09-23T09:18:00,2020-09-23T09:24:00,1111,1877.01,1879.1057857142857,2.0957857142857086,2.5794285714285645,take_profit,False,2.0957857142857392,23.0,True,5.0,0.7459829146750845,0.6463185192718501,0.628521305806987,1.0,,11.624427036790767,7.513082469802269,830.3162169136261,837.8292993834284,True,S5_000442,0,primary,1,2215093,S4_CONFIRMATION
S4_CONFIRMATION,S5,962512,962514,2020-09-23T22:08:00,2020-09-23T22:10:00,2020-09-23T22:08:00,2020-09-23T22:10:00,1113,1858.04,1860.0280714285714,1.9880714285714363,2.4468571428571524,take_profit,False,1.988071428571402,23.0,True,5.0,0.7426886540719269,0.6380883765609868,0.6194097555768904,1.0,,11.729610191367998,7.484527924703212,837.8292993834284,845.3138273081316,True,S5_000443,0,primary,1,2215863,S4_CONFIRMATION
S4_CONFIRMATION,S5,962703,962724,2020-09-24T02:20:00,2020-09-24T02:41:00,2020-09-24T02:20:00,2020-09-24T02:41:00,1114,1854.47,1855.97,1.5,1.6811428571428355,take_profit,False,1.5,23.0,True,5.0,0.7848706832112512,0.6383614890118177,0.6121991329047759,1.0,,11.834393582313844,7.554621108757765,845.3138273081316,852.8684484168894,True,S5_000444,0,primary,1,2216054,S4_CONFIRMATION
S4_CONFIRMATION,S5,962751,962758,2020-09-24T03:08:00,2020-09-24T03:15:00,2020-09-24T03:08:00,2020-09-24T03:15:00,1115,1858.57,1860.07,1.5,1.742857142857169,take_profit,False,1.5,23.0,True,5.0,0.7603186097031036,0.6183924692251909,0.5930485155684208,1.0,,11.940158277836451,7.383703960370886,852.8684484168894,860.2521523772602,True,S5_000445,0,primary,1,2216102,S4_CONFIRMATION
S4_CONFIRMATION,S5,962760,962764,2020-09-24T03:17:00,2020-09-24T03:21:00,2020-09-24T03:17:00,2020-09-24T03:21:00,1117,1860.89,1859.1174285714287,1.5,1.7725714285713758,stop_loss,False,-1.772571428571382,23.0,True,5.0,-0.8851476672849194,-1.0249678984163257,-1.0499357968326481,1.0,,12.043530133281644,-12.344231770223377,860.2521523772602,847.9079206070369,False,S5_000446,0,primary,1,2216111,S4_CONFIRMATION
S4_CONFIRMATION,S5,962805,962806,2020-09-24T04:02:00,2020-09-24T04:03:00,2020-09-24T04:02:00,2020-09-24T04:03:00,1118,1861.27,1862.77,1.5,1.755428571428638,take_profit,False,1.5,23.0,True,5.0,0.7555043891207115,0.614476903151512,0.5892934235141549,1.0,live_post_loss_cap,11.870710888498516,7.294277664971502,847.9079206070369,855.2021982720083,True,S5_000447,0,primary,1,2216156,S4_CONFIRMATION
S4_CONFIRMATION,S5,962807,962812,2020-09-24T04:04:00,2020-09-24T04:09:00,2020-09-24T04:04:00,2020-09-24T04:09:00,1118,1863.51,1861.5442857142857,1.5971428571428825,1.9657142857143168,stop_loss,False,-1.9657142857142844,23.0,True,5.0,-0.8952504879635521,-1.0227716330513839,-1.0455432661027824,1.0,live_post_loss_cap,11.972830775808116,-12.245471684821135,855.2021982720083,842.9567265871872,False,S5_000448,1,primary,1,2216158,S4_CONFIRMATION
S4_CONFIRMATION,S5,962828,962843,2020-09-24T04:25:00,2020-09-24T04:40:00,2020-09-24T04:25:00,2020-09-24T04:40:00,1119,1867.93,1866.034,1.5404999999999713,1.8959999999999646,stop_loss,False,-1.8959999999999582,23.0,True,5.0,-0.891815616180616,-1.023518344308558,-1.047036688617119,1.0,live_post_loss_cap,11.80139417222062,-12.078943423683915,842.9567265871872,830.8777831635033,False,S5_000449,0,primary,1,2216179,S4_CONFIRMATION
S4_CONFIRMATION,S5,965387,965394,2020-09-28T01:07:00,2020-09-28T01:14:00,2020-09-28T01:07:00,2020-09-28T01:14:00,1124,1862.55,1864.05,1.5,1.7611428571429184,take_profit,False,1.5,37.0,True,5.0,0.7038477007641573,0.5067703445501932,0.48330875452472133,0.5,live_rolling_pf,5.816144482144523,2.947449543170085,830.8777831635033,833.8252327066734,True,S5_000450,0,primary,1,2218738,S4_CONFIRMATION
S4_CONFIRMATION,S5,965395,965402,2020-09-28T01:15:00,2020-09-28T01:22:00,2020-09-28T01:15:00,2020-09-28T01:22:00,1125,1863.53,1865.03,1.5,1.6480000000000083,take_profit,False,1.5,38.0,True,5.0,0.7396449704141981,0.5276134122287947,0.5029585798816547,0.5,live_rolling_pf,5.836776628946714,3.079561633615857,833.8252327066734,836.9047943402893,True,S5_000451,0,primary,1,2218746,S4_CONFIRMATION
S4_CONFIRMATION,S5,965569,965595,2020-09-28T04:09:00,2020-09-28T04:35:00,2020-09-28T04:09:00,2020-09-28T04:35:00,1126,1860.64,1859.3234285714286,1.5,1.3165714285714785,stop_loss,False,-1.3165714285714785,23.0,True,5.0,-0.8512839460557964,-1.032329576944392,-1.0646591538887842,0.5,live_rolling_pf,5.858333560382025,-6.04773100598831,836.9047943402893,830.857063334301,False,S5_000452,0,primary,1,2218920,S4_CONFIRMATION
S4_CONFIRMATION,S5,966003,966005,2020-09-28T11:23:00,2020-09-28T11:25:00,2020-09-28T11:23:00,2020-09-28T11:25:00,1128,1854.0,1855.5,1.5,1.6845714285714557,take_profit,False,1.5,23.0,True,5.0,0.7834651544545479,0.6372183256230323,0.6111028204745473,0.5,live_rolling_pf,5.8159994433401065,3.7060614271096703,830.857063334301,834.5631247614107,True,S5_000453,0,primary,1,2219354,S4_CONFIRMATION
S4_CONFIRMATION,S5,966027,966028,2020-09-28T11:47:00,2020-09-28T11:48:00,2020-09-28T11:47:00,2020-09-28T11:48:00,1129,1849.59,1851.1843571428572,1.5943571428571284,1.9622857142856966,take_profit,False,1.594357142857234,23.0,True,5.0,0.7272579173726527,0.5995373387202341,0.5767300925323021,0.5,live_rolling_pf,5.8419418733298745,3.502462283694492,834.5631247614107,838.0655870451052,True,S5_000454,0,primary,1,2219378,S4_CONFIRMATION
S4_CONFIRMATION,S5,966965,966985,2020-09-29T04:26:00,2020-09-29T04:46:00,2020-09-29T04:26:00,2020-09-29T04:46:00,1130,1886.22,1884.732,1.5,1.48800000000005,stop_loss,False,-1.4880000000000564,23.0,True,5.0,-0.866123399301521,-1.0291036088475,-1.0582072176949964,0.5,live_rolling_pf,5.866459109315737,-6.037194240553116,838.0655870451052,832.028392804552,False,S5_000455,0,primary,1,2220316,S4_CONFIRMATION
S4_CONFIRMATION,S5,972277,972285,2020-10-05T01:03:00,2020-10-05T01:11:00,2020-10-05T01:03:00,2020-10-05T01:11:00,1131,1903.01,1901.411142857143,1.5,1.5988571428571179,stop_loss,False,-1.598857142857014,23.0,True,5.0,-0.8742384002499024,-1.0273394782064738,-1.0546789564130044,0.5,live_rolling_pf,5.824198749631864,-5.983429304417596,832.028392804552,826.0449635001345,False,S5_000456,0,primary,1,2225628,S4_CONFIRMATION
S4_CONFIRMATION,S5,973248,973255,2020-10-05T17:14:00,2020-10-05T17:21:00,2020-10-05T17:14:00,2020-10-05T17:21:00,1134,1912.03,1913.6234285714286,1.593428571428579,1.9611428571428666,take_profit,False,1.5934285714286034,23.0,True,5.0,0.7272134567740367,0.5994262615725768,0.5766071195723161,0.5,live_rolling_pf,5.782314744500941,3.466071310532189,826.0449635001345,829.5110348106667,True,S5_000457,0,primary,1,2226599,S4_CONFIRMATION
S4_CONFIRMATION,S5,973262,973269,2020-10-05T17:28:00,2020-10-05T17:35:00,2020-10-05T17:28:00,2020-10-05T17:35:00,1135,1915.31,1913.0848571428571,1.807928571428553,2.2251428571428344,stop_loss,False,-2.225142857142828,23.0,True,5.0,-0.9063190969393656,-1.0203654137088303,-1.0407308274176632,0.5,live_rolling_pf,5.806577243674667,-5.924830591474381,829.5110348106667,823.5862042191924,False,S5_000458,0,primary,1,2226613,S4_CONFIRMATION
S4_CONFIRMATION,S5,974916,974963,2020-10-06T22:04:00,2020-10-06T22:51:00,2020-10-06T22:04:00,2020-10-06T22:51:00,1138,1892.77,1888.1745714285714,3.733785714285675,4.595428571428523,stop_loss,False,-4.595428571428556,23.0,True,5.0,-0.9523358398957964,-1.0103617739357047,-1.0207235478714025,0.5,live_rolling_pf,5.765103429534347,-5.824840127987137,823.5862042191924,817.7613640912052,False,S5_000459,0,primary,1,2228267,S4_CONFIRMATION
S4_CONFIRMATION,S5,982129,982132,2020-10-14T04:25:00,2020-10-14T04:28:00,2020-10-14T04:25:00,2020-10-14T04:28:00,1140,1883.71,1885.3823571428572,1.6723571428571842,2.0582857142857653,take_profit,False,1.6723571428572086,23.0,True,5.0,0.7308340616806217,0.6084717193157849,0.5866213010363497,0.5,live_rolling_pf,5.724329548638437,3.4830926423901807,817.7613640912052,821.2444567335954,True,S5_000460,0,primary,1,2235480,S4_CONFIRMATION
S4_CONFIRMATION,S5,982133,982140,2020-10-14T04:29:00,2020-10-14T04:36:00,2020-10-14T04:29:00,2020-10-14T04:36:00,1140,1885.84,1887.7268571428572,1.8868571428571792,2.322285714285759,take_profit,False,1.8868571428572523,23.0,True,5.0,0.7392813164670623,0.6295757304377347,0.6099854472182119,0.5,live_rolling_pf,5.748711197135168,3.6192490510119577,821.2444567335954,824.8637057846073,True,S5_000461,1,primary,1,2235484,S4_CONFIRMATION
S4_CONFIRMATION,S5,982141,982148,2020-10-14T04:37:00,2020-10-14T04:44:00,2020-10-14T04:37:00,2020-10-14T04:44:00,1140,1887.64,1889.1684285714286,1.528428571428617,1.8811428571429134,take_profit,False,1.5284285714285488,23.0,True,5.0,0.7239815942617104,0.5913520097441879,0.5676681553660587,0.5,live_rolling_pf,5.774045940492251,3.414493671265362,824.8637057846073,828.2781994558727,True,S5_000462,2,primary,1,2235492,S4_CONFIRMATION
S4_CONFIRMATION,S5,983494,983502,2020-10-15T04:11:00,2020-10-15T04:19:00,2020-10-15T04:11:00,2020-10-15T04:19:00,1141,1896.02,1897.52,1.5,1.7360000000000064,take_profit,False,1.5,23.0,True,5.0,0.7629704984740565,0.6205493387588993,0.595116988809764,0.5,live_rolling_pf,5.797947396191109,3.5979124228652744,828.2781994558727,831.876111878738,True,S5_000463,0,primary,1,2236845,S4_CONFIRMATION
S4_CONFIRMATION,S5,983504,983506,2020-10-15T04:21:00,2020-10-15T04:23:00,2020-10-15T04:21:00,2020-10-15T04:23:00,1142,1896.3,1894.9594285714286,1.5,1.3405714285714048,stop_loss,False,-1.3405714285713657,23.0,True,5.0,-0.8535564853556215,-1.0318355466617912,-1.0636710933236073,0.5,live_rolling_pf,5.823132783151166,-6.008515398586981,831.876111878738,825.8675964801511,False,S5_000464,0,primary,1,2236855,S4_CONFIRMATION
S4_CONFIRMATION,S5,983970,983970,2020-10-15T12:07:00,2020-10-15T12:07:00,2020-10-15T12:07:00,2020-10-15T12:07:00,1144,1890.36,1891.9497142857142,1.5897142857143178,1.9565714285714682,take_profit,False,1.589714285714308,23.0,True,5.0,0.7270351496145272,0.5989807918463341,0.576113942244871,0.5,live_rolling_pf,5.781073175361057,3.4627517882993675,825.8675964801511,829.3303482684504,True,S5_000465,0,primary,1,2237321,S4_CONFIRMATION
S4_CONFIRMATION,S5,983976,983976,2020-10-15T12:13:00,2020-10-15T12:13:00,2020-10-15T12:13:00,2020-10-15T12:13:00,1145,1890.46,1892.2029285714286,1.7429285714285698,2.1451428571428552,take_profit,False,1.7429285714285925,23.0,True,5.0,0.7338205220738697,0.6159328762179812,0.5948815108865725,0.5,live_rolling_pf,5.805312437879153,3.5756827872069272,829.3303482684504,832.9060310556573,True,S5_000466,0,primary,1,2237327,S4_CONFIRMATION
S4_CONFIRMATION,S5,984264,984280,2020-10-15T17:01:00,2020-10-15T17:17:00,2020-10-15T17:01:00,2020-10-15T17:17:00,1146,1894.29,1896.283642857143,1.99364285714286,2.4537142857142893,take_profit,False,1.9936428571429587,23.0,True,5.0,0.7428670286383846,0.6385340146918288,0.6199031193442295,0.5,live_rolling_pf,5.830342217389601,3.7228718230970412,832.9060310556573,836.6289028787544,True,S5_000467,0,primary,1,2237615,S4_CONFIRMATION
S4_CONFIRMATION,S5,992962,992968,2020-10-26T00:09:00,2020-10-26T00:15:00,2020-10-26T00:09:00,2020-10-26T00:15:00,1150,1899.7,1898.3411428571428,1.5,1.3588571428571803,stop_loss,False,-1.3588571428572322,23.0,True,5.0,-0.8552418629743214,-1.0314691602230135,-1.0629383204459941,0.5,live_rolling_pf,5.856402320151281,-6.040698383094549,836.6289028787544,830.5882044956599,False,S5_000468,0,primary,1,2246313,S4_CONFIRMATION
S4_CONFIRMATION,S5,992985,992994,2020-10-26T00:32:00,2020-10-26T00:41:00,2020-10-26T00:32:00,2020-10-26T00:41:00,1152,1898.64,1897.1885714285715,1.5,1.4514285714285506,stop_loss,False,-1.4514285714285506,23.0,True,5.0,-0.8632115548003382,-1.0297366185216656,-1.0594732370433313,0.5,live_post_loss_cap;live_rolling_pf,5.814117431469619,-5.9870096235693975,830.5882044956599,824.6011948720904,False,S5_000469,0,primary,1,2246336,S4_CONFIRMATION
S4_CONFIRMATION,S5,993012,993013,2020-10-26T00:59:00,2020-10-26T01:00:00,2020-10-26T00:59:00,2020-10-26T01:00:00,1153,1892.88,1894.38,1.5,1.5462857142857114,take_profit,False,1.5,23.0,True,5.0,0.8444587421585988,0.686826443622327,0.658677818883707,0.5,live_post_loss_cap;live_rolling_pf,5.772208364104634,3.964505342565036,824.6011948720904,828.5657002146555,True,S5_000470,0,primary,1,2246363,S4_CONFIRMATION
S4_CONFIRMATION,S5,993019,993058,2020-10-26T01:06:00,2020-10-26T01:45:00,2020-10-26T01:06:00,2020-10-26T01:45:00,1154,1896.15,1897.65,1.5,1.8262857142857685,take_profit,False,1.5,23.0,True,5.0,0.7294706127552955,0.5933027650409736,0.5689870779491304,0.5,live_post_loss_cap;live_rolling_pf,5.799959901502588,3.4411322466882583,828.5657002146555,832.0068324613438,True,S5_000471,0,primary,1,2246370,S4_CONFIRMATION
S4_CONFIRMATION,S5,996732,996732,2020-10-28T17:01:00,2020-10-28T17:01:00,2020-10-28T17:01:00,2020-10-28T17:01:00,1162,1870.21,1872.0755000000001,1.865500000000056,2.2960000000000687,take_profit,False,1.865500000000111,23.0,True,5.0,0.7385193982581395,0.6276722090261552,0.6078780680918722,0.5,live_rolling_pf,5.824047827229407,3.6555929651910612,832.0068324613438,835.6624254265349,True,S5_000472,0,primary,1,2250083,S4_CONFIRMATION
S4_CONFIRMATION,S5,996739,996750,2020-10-28T17:08:00,2020-10-28T17:19:00,2020-10-28T17:08:00,2020-10-28T17:19:00,1163,1874.32,1876.1288571428572,1.808857142857187,2.2262857142857686,take_profit,False,1.8088571428572777,23.0,True,5.0,0.7364196812842075,0.6224264278237005,0.6020704897057528,0.5,live_rolling_pf,5.849636977985744,3.6409686482730934,835.6624254265349,839.303394074808,True,S5_000473,0,secondary,1,2250090,S4_CONFIRMATION
S4_CONFIRMATION,S5,999980,999983,2020-11-02T03:13:00,2020-11-02T03:16:00,2020-11-02T03:13:00,2020-11-02T03:16:00,1165,1877.68,1879.18,1.5,1.276571428571437,take_profit,False,1.5,23.0,True,5.0,0.9956381566470645,0.8097857007396124,0.7765977621847102,0.5,live_rolling_pf,5.875123758523656,4.757591209728024,839.303394074808,844.0609852845361,True,S5_000474,0,primary,1,2253331,S4_CONFIRMATION
S4_CONFIRMATION,S5,1002627,1002635,2020-11-04T01:22:00,2020-11-04T01:30:00,2020-11-04T01:22:00,2020-11-04T01:30:00,1166,1912.73,1914.4125714285715,1.6825714285714395,2.0708571428571565,take_profit,False,1.682571428571464,23.0,True,5.0,0.7312802682230335,0.6095864895070278,0.5878554575934553,0.5,live_rolling_pf,5.908426896991752,3.6016972106461034,844.0609852845361,847.6626824951821,True,S5_000475,0,primary,1,2255978,S4_CONFIRMATION
S4_CONFIRMATION,S5,1002728,1002734,2020-11-04T03:03:00,2020-11-04T03:09:00,2020-11-04T03:03:00,2020-11-04T03:09:00,1167,1899.2,1903.4268571428572,4.226857142857141,5.202285714285712,take_profit,False,4.22685714285717,23.0,True,5.0,0.7780991952874402,0.7265555146478777,0.7173512859622416,0.5,live_rolling_pf,5.933638777466275,4.311117975696613,847.6626824951821,851.9738004708787,True,S5_000476,0,primary,1,2256079,S4_CONFIRMATION
S4_CONFIRMATION,S5,1002739,1002808,2020-11-04T03:14:00,2020-11-04T04:23:00,2020-11-04T03:14:00,2020-11-04T04:23:00,1168,1903.4,1897.68,4.6474999999999325,5.719999999999917,stop_loss,False,-5.720000000000027,29.0,True,5.0,-0.9517470881863738,-1.008319467554095,-1.0166389351081715,0.5,live_rolling_pf,5.963816603296151,-6.013432382025846,851.9738004708787,845.9603680888529,False,S5_000477,0,primary,1,2256090,S4_CONFIRMATION
S4_CONFIRMATION,S5,1002826,1002831,2020-11-04T04:41:00,2020-11-04T04:46:00,2020-11-04T04:41:00,2020-11-04T04:46:00,1178,1887.13,1890.618642857143,3.4886428571428305,4.293714285714253,take_profit,False,3.4886428571428496,23.0,True,5.0,0.7711899197877888,0.7092938798711586,0.6982410156003318,0.5,live_post_loss_cap;live_rolling_pf,5.9217225766219705,4.200241581892832,845.9603680888529,850.1606096707457,True,S5_000478,0,primary,1,2256177,S4_CONFIRMATION
S4_CONFIRMATION,S5,1002832,1002838,2020-11-04T04:47:00,2020-11-04T04:53:00,2020-11-04T04:47:00,2020-11-04T04:53:00,1179,1890.49,1893.8300714285715,3.3400714285714104,4.11085714285712,take_profit,False,3.340071428571491,23.0,True,5.0,0.7694497465938445,0.7049463568748946,0.6934278944250821,0.5,live_post_loss_cap;live_rolling_pf,5.95112426769522,4.195223371821521,850.1606096707457,854.3558330425672,True,S5_000479,0,primary,1,2256183,S4_CONFIRMATION
S4_CONFIRMATION,S5,1002839,1002854,2020-11-04T04:54:00,2020-11-04T05:09:00,2020-11-04T04:54:00,2020-11-04T05:09:00,1180,1894.49,1897.3472142857142,2.857214285714263,3.5165714285714005,take_profit,False,2.8572142857142353,23.0,True,5.0,0.7626210630671775,0.6878860672614878,0.6745405322961862,1.0,live_post_loss_cap,11.960981662595941,8.227792636469895,854.3558330425672,862.583625679037,True,S5_000480,0,primary,1,2256190,S4_CONFIRMATION
S4_CONFIRMATION,S5,1003138,1003140,2020-11-04T09:53:00,2020-11-04T09:55:00,2020-11-04T09:53:00,2020-11-04T09:55:00,1185,1888.32,1890.5736428571429,2.2536428571428977,2.7737142857143358,take_profit,False,2.2536428571429497,23.0,True,5.0,0.7502853609816601,0.6570674403120145,0.6404213830495779,1.0,,12.07617075950652,7.934858609719744,862.583625679037,870.5184842887568,True,S5_000481,0,primary,1,2256489,S4_CONFIRMATION
S4_CONFIRMATION,S5,1006748,1006750,2020-11-09T01:07:00,2020-11-09T01:09:00,2020-11-09T01:07:00,2020-11-09T01:09:00,1187,1955.34,1956.9092857142855,1.5692857142856593,1.931428571428504,take_profit,False,1.56928571428557,25.0,True,5.0,0.7193844138833877,0.5818598559266054,0.5589390962671417,1.0,,12.187258780042596,7.091276637895842,870.5184842887568,877.6097609266526,True,S5_000482,0,primary,1,2260099,S4_CONFIRMATION
S4_CONFIRMATION,S5,1007714,1007737,2020-11-09T17:13:00,2020-11-09T17:36:00,2020-11-09T17:13:00,2020-11-09T17:36:00,1197,1867.24,1863.5965714285715,2.960285714285661,3.6434285714285064,stop_loss,False,-3.643428571428558,23.0,True,5.0,-0.9406210813601953,-1.012908460573887,-1.0258169211477604,1.0,,12.286536652973137,-12.445136926947658,877.6097609266526,865.164623999705,False,S5_000483,0,primary,1,2261065,S4_CONFIRMATION
S4_CONFIRMATION,S5,1016526,1016536,2020-11-18T03:14:00,2020-11-18T03:24:00,2020-11-18T03:14:00,2020-11-18T03:24:00,1202,1877.43,1878.93,1.5,1.7188571428571646,take_profit,False,1.5,22.0,True,5.0,0.7736516357205926,0.6343943412908859,0.6086059534335327,1.0,,12.11230473599587,7.683977584506578,865.164623999705,872.8486015842116,True,S5_000484,0,primary,1,2269877,S4_CONFIRMATION
S4_CONFIRMATION,S5,1017096,1017097,2020-11-18T12:44:00,2020-11-18T12:45:00,2020-11-18T12:44:00,2020-11-18T12:45:00,1203,1872.95,1874.45,1.5,1.554285714285704,take_profit,False,1.5,24.0,True,5.0,0.8359872611465016,0.6743630573248446,0.6464968152866278,1.0,,12.219880422178962,8.240635921644618,872.8486015842116,881.0892375058562,True,S5_000485,0,primary,1,2270447,S4_CONFIRMATION
S4_CONFIRMATION,S5,1021493,1021531,2020-11-23T17:05:00,2020-11-23T17:43:00,2020-11-23T17:05:00,2020-11-23T17:43:00,1212,1841.15,1835.5877142857144,4.519357142857128,5.5622857142856965,stop_loss,False,-5.562285714285736,14.0,True,5.0,-0.9754484417276349,-1.0087684136687114,-1.0175368273374155,1.0,,12.335249325081987,-12.443409893871,881.0892375058562,868.6458276119852,False,S5_000486,0,primary,1,2274844,S4_CONFIRMATION
S4_CONFIRMATION,S5,1021969,1021971,2020-11-24T02:02:00,2020-11-24T02:04:00,2020-11-24T02:02:00,2020-11-24T02:04:00,1215,1834.26,1832.9925714285714,1.5,1.267428571428562,stop_loss,False,-1.2674285714285816,17.0,True,5.0,-0.88173325382629,-1.0347843371099323,-1.0695686742198511,1.0,,12.161041586567793,-12.584055356722873,868.6458276119852,856.0617722552623,False,S5_000487,0,primary,1,2275320,S4_CONFIRMATION
S4_CONFIRMATION,S5,1022034,1022042,2020-11-24T03:07:00,2020-11-24T03:15:00,2020-11-24T03:07:00,2020-11-24T03:15:00,1218,1835.18,1833.6988571428572,1.5,1.4811428571428875,stop_loss,False,-1.4811428571429133,14.0,True,5.0,-0.9136411702502818,-1.0308424391963493,-1.0616848783926829,1.0,live_post_loss_cap,11.984864811573672,-12.3545072758011,856.0617722552623,843.7072649794612,False,S5_000488,0,primary,1,2275385,S4_CONFIRMATION
S4_CONFIRMATION,S5,1022060,1022063,2020-11-24T03:33:00,2020-11-24T03:36:00,2020-11-24T03:33:00,2020-11-24T03:36:00,1219,1831.48,1829.624,1.508000000000022,1.856000000000027,stop_loss,False,-1.8559999999999945,24.0,True,5.0,-0.885496183206093,-1.0238549618320454,-1.047709923664106,1.0,live_post_loss_cap,11.811901709712457,-12.093674174161519,843.7072649794612,831.6135908052997,False,S5_000489,0,primary,1,2275411,S4_CONFIRMATION
S4_CONFIRMATION,S5,1023410,1023500,2020-11-25T03:04:00,2020-11-25T04:34:00,2020-11-25T03:04:00,2020-11-25T04:34:00,1227,1810.61,1810.94,1.5,1.5657142857142912,timeout,False,0.3300000000001546,36.0,True,5.0,0.17136498516328455,-0.041543026706151065,-0.06750741839754565,1.0,,11.642590271274196,-0.4836684385683185,831.6135908052997,831.1299223667314,False,S5_000490,0,primary,1,2276761,S4_CONFIRMATION
S4_CONFIRMATION,S5,1024764,1024775,2020-11-26T02:39:00,2020-11-26T02:50:00,2020-11-26T02:39:00,2020-11-26T02:50:00,1229,1807.92,1809.42,1.5,1.4262857142857426,take_profit,False,1.5,34.0,True,5.0,0.8492397282432733,0.6284373989000221,0.6001294079585798,0.5,live_rolling_pf,5.81790945656712,3.6561918859208826,831.1299223667314,834.7861142526523,True,S5_000491,0,primary,1,2278115,S4_CONFIRMATION
S4_CONFIRMATION,S5,1026995,1027001,2020-11-30T01:13:00,2020-11-30T01:19:00,2020-11-30T01:13:00,2020-11-30T01:19:00,1233,1787.26,1785.9102857142857,1.5,1.3497142857143576,stop_loss,False,-1.349714285714299,26.0,True,5.0,-0.8384806531771096,-1.0310614128505124,-1.062122825701061,0.5,live_rolling_pf,5.843502799768566,-6.025010252725303,834.7861142526523,828.761103999927,False,S5_000492,0,primary,1,2280346,S4_CONFIRMATION
S4_CONFIRMATION,S5,1027077,1027084,2020-11-30T02:35:00,2020-11-30T02:42:00,2020-11-30T02:35:00,2020-11-30T02:42:00,1234,1782.27,1780.9054285714285,1.5,1.3645714285713828,stop_loss,False,-1.3645714285714803,26.0,True,5.0,-0.8399577910658311,-1.0307773478720272,-1.061554695743994,0.5,live_post_loss_cap;live_rolling_pf,5.801327727999489,-5.9798772096037665,828.761103999927,822.7812267903232,False,S5_000493,0,primary,1,2280428,S4_CONFIRMATION
S4_CONFIRMATION,S5,1027208,1027214,2020-11-30T04:46:00,2020-11-30T04:52:00,2020-11-30T04:46:00,2020-11-30T04:52:00,1235,1776.8,1775.446857142857,1.5,1.3531428571428739,stop_loss,False,-1.3531428571429842,26.0,True,5.0,-0.8388239461566411,-1.0309953949699584,-1.061990789939848,0.5,live_rolling_pf,5.759468587532263,-5.937985591219894,822.7812267903232,816.8432411991033,False,S5_000494,0,primary,1,2280559,S4_CONFIRMATION
S4_CONFIRMATION,S5,1027696,1027705,2020-11-30T12:54:00,2020-11-30T13:03:00,2020-11-30T12:54:00,2020-11-30T13:03:00,1241,1766.72,1768.22,1.5,1.7028571428571793,take_profit,False,1.5,26.0,True,5.0,0.7641921397379771,0.6062590975254618,0.5807860262008626,0.5,live_rolling_pf,5.717902688393723,3.4665305236039905,816.8432411991033,820.3097717227073,True,S5_000495,0,primary,1,2281047,S4_CONFIRMATION
S4_CONFIRMATION,S5,1027944,1027949,2020-11-30T17:02:00,2020-11-30T17:07:00,2020-11-30T17:02:00,2020-11-30T17:07:00,1243,1775.17,1773.019142857143,1.7475714285714439,2.150857142857162,stop_loss,False,-2.1508571428571486,26.0,True,5.0,-0.8921545389902774,-1.0207395117326326,-1.0414790234652702,0.5,live_rolling_pf,5.742168402058951,-5.861258171004205,820.3097717227073,814.4485135517031,False,S5_000496,0,primary,1,2281295,S4_CONFIRMATION
S4_CONFIRMATION,S5,1034485,1034500,2020-12-07T11:09:00,2020-12-07T11:24:00,2020-12-07T11:09:00,2020-12-07T11:24:00,1249,1828.63,1830.13,1.5,1.8388571428571336,take_profit,False,1.5,26.0,True,5.0,0.7146746528723146,0.5669752246120362,0.5431527361829591,0.5,live_rolling_pf,5.701139594861922,3.232404902341411,814.4485135517031,817.6809184540444,True,S5_000497,0,primary,1,2287836,S4_CONFIRMATION
S4_CONFIRMATION,S5,1037596,1037615,2020-12-09T17:02:00,2020-12-09T17:21:00,2020-12-09T17:02:00,2020-12-09T17:21:00,1254,1842.82,1839.5765714285715,2.6352857142857036,3.243428571428558,stop_loss,False,-3.243428571428467,26.0,True,5.0,-0.9257869841787373,-1.0142717338117502,-1.0285434676235266,0.5,live_rolling_pf,5.723766429178311,-5.805454500056175,817.6809184540444,811.8754639539883,False,S5_000498,0,primary,1,2290947,S4_CONFIRMATION
S4_CONFIRMATION,S5,1037833,1037833,2020-12-09T20:59:00,2020-12-09T20:59:00,2020-12-09T20:59:00,2020-12-09T20:59:00,1257,1828.0,1826.056,1.5794999999999781,1.9439999999999733,stop_loss,False,-1.94399999999996,26.0,True,5.0,-0.8820326678765806,-1.0226860254083427,-1.0453720508166915,0.5,live_rolling_pf,5.683128247677918,-5.81205583950361,811.8754639539883,806.0634081144847,False,S5_000499,0,primary,1,2291184,S4_CONFIRMATION
S4_CONFIRMATION,S5,1040773,1040801,2020-12-14T01:03:00,2020-12-14T01:31:00,2020-12-14T01:03:00,2020-12-14T01:31:00,1261,1836.27,1837.77,1.5,1.565714285714343,take_profit,False,1.5,32.0,True,5.0,0.7954545454545213,0.599242424242406,0.5727272727272554,0.5,live_rolling_pf,5.642443856801393,3.381191735401338,806.0634081144847,809.444599849886,True,S5_000500,0,primary,1,2294124,S4_CONFIRMATION
S4_CONFIRMATION,S5,1041461,1041468,2020-12-14T12:31:00,2020-12-14T12:38:00,2020-12-14T12:31:00,2020-12-14T12:38:00,1264,1822.04,1823.6724285714286,1.6324285714285436,2.0091428571428227,take_profit,False,1.6324285714285907,26.0,True,5.0,0.7194031730043003,0.5827877109040717,0.5607529589524219,0.5,live_rolling_pf,5.666112198949202,3.3021405581512413,809.444599849886,812.7467404080372,True,S5_000501,0,primary,1,2294812,S4_CONFIRMATION
S4_CONFIRMATION,S5,1041474,1041515,2020-12-14T12:44:00,2020-12-14T13:25:00,2020-12-14T12:44:00,2020-12-14T13:25:00,1265,1823.85,1825.4517857142857,1.6017857142857777,1.9714285714286495,take_profit,False,1.6017857142858247,26.0,True,5.0,0.7178297055057862,0.5789052496799267,0.5564980793854334,0.5,live_rolling_pf,5.689227182856261,3.2935234827772297,812.7467404080372,816.0402638908145,True,S5_000502,0,primary,1,2294825,S4_CONFIRMATION
S4_CONFIRMATION,S5,1041732,1041733,2020-12-14T17:02:00,2020-12-14T17:03:00,2020-12-14T17:02:00,2020-12-14T17:03:00,1269,1832.26,1830.3971428571429,1.5135714285714033,1.862857142857112,stop_loss,False,-1.8628571428571377,26.0,True,5.0,-0.8775235531628637,-1.02355316285331,-1.0471063257066078,0.5,live_rolling_pf,5.712281847235701,-5.846824151847651,816.0402638908145,810.1934397389668,False,S5_000503,0,primary,1,2295083,S4_CONFIRMATION
S4_CONFIRMATION,S5,1048314,1048315,2020-12-21T11:50:00,2020-12-21T11:51:00,2020-12-21T11:50:00,2020-12-21T11:51:00,1273,1886.19,1888.8902857142857,2.7002857142856658,3.3234285714285114,take_profit,False,2.7002857142856556,26.0,True,5.0,0.7535480784563828,0.6670387498006646,0.6530856322755487,0.5,live_rolling_pf,5.671354078172768,3.7830129339812637,810.1934397389668,813.9764526729481,True,S5_000504,0,primary,1,2301665,S4_CONFIRMATION
S4_CONFIRMATION,S5,1048316,1048318,2020-12-21T11:52:00,2020-12-21T11:54:00,2020-12-21T11:52:00,2020-12-21T11:54:00,1273,1889.35,1885.6974285714284,2.9677142857142473,3.652571428571381,stop_loss,False,-3.652571428571491,26.0,True,5.0,-0.9335475390682324,-1.012779319409989,-1.0255586388199498,0.5,live_rolling_pf,5.697835168710637,-5.770649624277059,813.9764526729481,808.205803048671,False,S5_000505,1,primary,1,2301667,S4_CONFIRMATION
S4_CONFIRMATION,S5,1048341,1048426,2020-12-21T12:17:00,2020-12-21T13:42:00,2020-12-21T12:17:00,2020-12-21T13:42:00,1274,1872.43,1879.539142857143,7.109142857142874,8.749714285714306,take_profit,False,7.109142857142842,26.0,True,5.0,0.7890530855584414,0.7546457791589997,0.7490962136107026,0.5,live_post_loss_cap;live_rolling_pf,5.657440621340697,4.269363685737425,808.205803048671,812.4751667344084,True,S5_000506,0,primary,1,2301692,S4_CONFIRMATION
S4_CONFIRMATION,S5,1049514,1049516,2020-12-22T08:51:00,2020-12-22T08:53:00,2020-12-22T08:51:00,2020-12-22T08:53:00,1284,1871.13,1869.539142857143,1.5,1.5908571428571252,stop_loss,False,-1.5908571428572031,26.0,True,5.0,-0.8595245446125755,-1.027014510651478,-1.0540290213029138,0.5,live_rolling_pf,5.687326167140859,-5.840966500461516,812.4751667344084,806.6342002339469,False,S5_000507,0,primary,1,2302865,S4_CONFIRMATION
S4_CONFIRMATION,S5,1049538,1049539,2020-12-22T09:15:00,2020-12-22T09:16:00,2020-12-22T09:15:00,2020-12-22T09:16:00,1286,1867.03,1868.53,1.5,1.6651428571429019,take_profit,False,1.5,26.0,True,5.0,0.7791629563668563,0.6181359453843727,0.5921638468388108,0.5,live_post_loss_cap;live_rolling_pf,5.646439401637628,3.490267157586847,806.6342002339469,810.1244673915337,True,S5_000508,0,primary,1,2302889,S4_CONFIRMATION
S4_CONFIRMATION,S5,1050549,1050557,2020-12-23T03:07:00,2020-12-23T03:15:00,2020-12-23T03:07:00,2020-12-23T03:15:00,1288,1864.83,1866.33,1.5,1.3680000000000292,take_profit,False,1.5,27.0,True,5.0,0.9157509157508994,0.7203907203907075,0.6898656898656775,0.5,live_rolling_pf,5.670871271740736,4.085243040692276,810.1244673915337,814.209710432226,True,S5_000509,0,primary,1,2303900,S4_CONFIRMATION
S4_CONFIRMATION,S5,1051389,1051390,2020-12-23T17:07:00,2020-12-23T17:08:00,2020-12-23T17:07:00,2020-12-23T17:08:00,1291,1872.84,1874.4092857142857,1.569285714285744,1.931428571428608,take_profit,False,1.5692857142857974,26.0,True,5.0,0.7161016949152803,0.574641460234709,0.5518252933507459,0.5,live_rolling_pf,5.699467973025582,3.2751505985803773,814.209710432226,817.4848610308063,True,S5_000510,0,primary,1,2304740,S4_CONFIRMATION
S4_CONFIRMATION,S5,1052874,1052874,2020-12-28T01:02:00,2020-12-28T01:02:00,2020-12-28T01:02:00,2020-12-28T01:02:00,1292,1882.9,1884.5463571428572,1.6463571428571446,2.0262857142857165,take_profit,False,1.6463571428571413,27.0,True,5.0,0.7169652855543099,0.5776098046534764,0.5558355107627212,0.5,live_rolling_pf,5.722394027215644,3.3053108962102487,817.4848610308063,820.7901719270166,True,S5_000511,0,primary,1,2306225,S4_CONFIRMATION
S4_CONFIRMATION,S5,1065024,1065025,2021-01-11T01:52:00,2021-01-11T01:53:00,2021-01-11T01:52:00,2021-01-11T01:53:00,1297,1842.31,1844.1866428571427,1.8766428571428395,2.309714285714264,take_profit,False,1.8766428571427696,30.0,True,5.0,0.7190989708780107,0.5849846726516026,0.5658254871906873,0.5,live_rolling_pf,5.745531203489116,3.361047690282649,820.7901719270166,824.1512196172993,True,S5_000512,0,secondary,2,2318375,S4_CONFIRMATION
S4_CONFIRMATION,S5,1071876,1071877,2021-01-18T01:10:00,2021-01-18T01:11:00,2021-01-18T01:10:00,2021-01-18T01:11:00,1300,1826.39,1827.89,1.5,1.7485714285714236,take_profit,False,1.5,43.0,True,5.0,0.6885245901639361,0.4681967213114765,0.4452459016393453,0.5,live_rolling_pf,5.7690585373210945,2.7010542922277185,824.1512196172993,826.852273909527,True,S5_000513,0,primary,2,2325227,S4_CONFIRMATION
S4_CONFIRMATION,S5,1071880,1071900,2021-01-18T01:14:00,2021-01-18T01:34:00,2021-01-18T01:14:00,2021-01-18T01:34:00,1302,1827.87,1825.9271428571428,1.5785714285714074,1.9428571428571169,stop_loss,False,-1.942857142857065,31.0,True,5.0,-0.8623969562460121,-1.0221940393151325,-1.0443880786302882,0.5,live_rolling_pf,5.787965917366689,-5.916424260491373,826.852273909527,820.9358496490356,False,S5_000514,0,primary,2,2325231,S4_CONFIRMATION
S4_CONFIRMATION,S5,1071915,1071925,2021-01-18T01:49:00,2021-01-18T01:59:00,2021-01-18T01:49:00,2021-01-18T01:59:00,1305,1817.4,1811.8388571428573,4.518428571428537,5.561142857142815,stop_loss,False,-5.5611428571428405,40.0,True,5.0,-0.9328987730061388,-1.0083876533742375,-1.0167753067484706,0.5,live_post_loss_cap;live_rolling_pf,5.746550947543249,-5.7947510249886385,820.9358496490356,815.141098624047,False,S5_000515,0,primary,2,2325266,S4_CONFIRMATION
S4_CONFIRMATION,S5,1101725,1101731,2021-02-17T01:12:00,2021-02-17T01:18:00,2021-02-17T01:12:00,2021-02-17T01:18:00,1310,1789.09,1790.59,1.5,1.7862857142857789,take_profit,False,1.5,25.0,True,5.0,0.7366353304335391,0.5893082643468313,0.56475375333238,0.5,live_rolling_pf,5.705987690368329,3.3625857021953443,815.141098624047,818.5036843262424,True,S5_000516,0,primary,2,2355076,S4_CONFIRMATION
S4_CONFIRMATION,S5,1206454,1206483,2021-06-04T04:14:00,2021-06-04T04:43:00,2021-06-04T04:14:00,2021-06-04T04:43:00,1315,1870.75,1869.0585714285714,1.5,1.6914285714285922,stop_loss,False,-1.6914285714285597,20.0,True,5.0,-0.8942598187311018,-1.026435045317203,-1.0528700906344235,0.5,live_rolling_pf,5.729525790283697,-5.88098606419593,818.5036843262424,812.6226982620465,False,S5_000517,0,primary,2,2459805,S4_CONFIRMATION
S4_CONFIRMATION,S5,1221369,1221374,2021-06-18T23:01:00,2021-06-18T23:06:00,2021-06-18T23:01:00,2021-06-18T23:06:00,1322,1764.1,1761.9754285714284,1.7262142857142992,2.1245714285714454,stop_loss,False,-2.124571428571471,26.0,True,5.0,-0.8909657320872391,-1.0209681284447747,-1.0419362568895385,0.5,live_rolling_pf,5.688358887834325,-5.807633127634411,812.6226982620465,806.8150651344121,False,S5_000518,0,primary,2,2474720,S4_CONFIRMATION
S4_CONFIRMATION,S5,1269471,1269484,2021-08-09T01:32:00,2021-08-09T01:45:00,2021-08-09T01:32:00,2021-08-09T01:45:00,1327,1755.02,1753.3022857142857,1.5,1.717714285714231,stop_loss,False,-1.7177142857142371,30.0,True,5.0,-0.8513169073916729,-1.024780515434725,-1.0495610308694465,0.5,live_rolling_pf,5.647705455940884,-5.7876585081626075,806.8150651344121,801.0274066262494,False,S5_000519,0,primary,2,2522822,S4_CONFIRMATION
S4_CONFIRMATION,S5,1316041,1316042,2021-09-23T23:27:00,2021-09-23T23:28:00,2021-09-23T23:27:00,2021-09-23T23:28:00,1332,1743.38,1741.678285714286,1.5,1.7017142857142713,stop_loss,False,-1.7017142857141607,25.0,True,5.0,-0.8719074806030752,-1.0256185038793169,-1.0512370077586906,0.5,live_rolling_pf,5.6071918463837465,-5.750839712452402,801.0274066262494,795.2765669137971,False,S5_000520,0,primary,2,2569392,S4_CONFIRMATION
S4_CONFIRMATION,S5,1379066,1379088,2021-11-29T01:11:00,2021-11-29T01:33:00,2021-11-29T01:11:00,2021-11-29T01:33:00,1337,1785.33,1789.3274999999999,3.997499999999975,4.91999999999997,take_profit,False,3.9974999999999454,25.0,True,5.0,0.773210831721464,0.7151837524177886,0.7055125725338427,0.5,live_rolling_pf,5.56693596839658,3.981382155347422,795.2765669137971,799.2579490691445,True,S5_000521,0,primary,2,2632417,S4_CONFIRMATION
S4_CONFIRMATION,S5,1476040,1476040,2022-03-08T19:13:00,2022-03-08T19:13:00,2022-03-08T19:13:00,2022-03-08T19:13:00,1341,2052.25,2046.7540000000001,4.465499999999929,5.495999999999913,stop_loss,False,-5.495999999999867,18.0,True,5.0,-0.9682875264270527,-1.0088090204369196,-1.017618040873847,0.5,live_rolling_pf,5.594805643484012,-5.6440904007380555,799.2579490691445,793.6138586684065,False,S5_000522,0,primary,2,2729391,S4_CONFIRMATION
S4_CONFIRMATION,S5,1476064,1476068,2022-03-08T19:37:00,2022-03-08T19:41:00,2022-03-08T19:37:00,2022-03-08T19:41:00,1343,2028.43,2034.2038571428573,5.773857142857107,7.10628571428567,take_profit,False,5.773857142857196,18.0,True,5.0,0.7924280448592388,0.7608618931848601,0.7539996862991256,0.5,live_post_loss_cap;live_rolling_pf,5.555297010678846,4.226813800749301,793.6138586684065,797.8406724691557,True,S5_000523,0,secondary,2,2729415,S4_CONFIRMATION
S4_CONFIRMATION,S5,1487368,1487370,2022-03-21T00:12:00,2022-03-21T00:14:00,2022-03-21T00:12:00,2022-03-21T00:14:00,1345,1921.45,1919.2065714285716,1.8227857142857034,2.243428571428558,stop_loss,False,-2.243428571428467,21.0,True,5.0,-0.9144054966809919,-1.020379643647337,-1.0407592872947111,0.5,live_rolling_pf,5.584884707284091,-5.698702667430002,797.8406724691557,792.1419698017257,False,S5_000524,0,primary,2,2740719,S4_CONFIRMATION
S4_CONFIRMATION,S5,1504094,1504105,2022-04-06T04:12:00,2022-04-06T04:23:00,2022-04-06T04:12:00,2022-04-06T04:23:00,1348,1921.36,1922.9079285714286,1.5479285714285993,1.9051428571428914,take_profit,False,1.5479285714286561,18.0,True,5.0,0.7423609208002476,0.6320567278706797,0.6080775554946867,0.5,live_rolling_pf,5.54499378861208,3.504750630093395,792.1419698017257,795.6467204318192,True,S5_000525,0,primary,2,2757445,S4_CONFIRMATION
S4_CONFIRMATION,S5,1520452,1520469,2022-04-25T01:04:00,2022-04-25T01:21:00,2022-04-25T01:04:00,2022-04-25T01:21:00,1349,1932.78,1934.325142857143,1.5451428571429087,1.9017142857143492,take_profit,False,1.5451428571429915,30.0,True,5.0,0.7017908123540507,0.5428237736828899,0.520114196729867,0.5,live_rolling_pf,5.569527043022735,3.023271687122508,795.6467204318192,798.6699921189417,True,S5_000526,0,primary,2,2773803,S4_CONFIRMATION
S4_CONFIRMATION,S5,1539787,1539794,2022-05-13T01:35:00,2022-05-13T01:42:00,2022-05-13T01:35:00,2022-05-13T01:42:00,1352,1817.69,1819.664142857143,1.9741428571429198,2.429714285714363,take_profit,False,1.9741428571428514,18.0,True,5.0,0.7564593825267982,0.6683271294065907,0.6491679439456759,0.5,live_rolling_pf,5.590689944832592,3.736409762232257,798.6699921189417,802.4064018811739,True,S5_000527,0,primary,2,2793138,S4_CONFIRMATION
S4_CONFIRMATION,S5,1569933,1569933,2022-06-14T01:04:00,2022-06-14T01:04:00,2022-06-14T01:04:00,2022-06-14T01:04:00,1355,1814.05,1815.7984999999999,1.7484999999999933,2.1519999999999917,take_profit,False,1.7484999999999218,18.0,True,5.0,0.7497855917666929,0.65115780445966,0.6297169811320441,0.5,live_rolling_pf,5.616844813168218,3.657452336533246,802.4064018811739,806.0638542177071,True,S5_000528,0,primary,2,2823284,S4_CONFIRMATION
S4_CONFIRMATION,S5,1582184,1582184,2022-06-27T01:01:00,2022-06-27T01:01:00,2022-06-27T01:01:00,2022-06-27T01:01:00,1358,1835.79,1833.8677142857143,1.5618571428570949,1.922285714285655,stop_loss,False,-1.9222857142856355,18.0,True,5.0,-0.9143789073117577,-1.023783636857833,-1.0475672737156756,0.5,live_rolling_pf,5.64244697952395,-5.776644889474524,806.0638542177071,800.2872093282326,False,S5_000529,0,primary,2,2835535,S4_CONFIRMATION
S4_CONFIRMATION,S5,1595825,1595834,2022-07-11T01:09:00,2022-07-11T01:18:00,2022-07-11T01:09:00,2022-07-11T01:18:00,1361,1742.78,1744.28,1.5,1.5359999999999543,take_profit,False,1.5,24.0,True,5.0,0.8445945945946164,0.6813063063063238,0.6531531531531699,0.5,live_rolling_pf,5.602010465297629,3.816685058001298,800.2872093282326,804.103894386234,True,S5_000530,0,primary,2,2849176,S4_CONFIRMATION
S4_CONFIRMATION,S5,1597395,1597398,2022-07-12T04:21:00,2022-07-12T04:24:00,2022-07-12T04:21:00,2022-07-12T04:24:00,1365,1723.7,1725.2,1.5,1.7074285714285258,take_profit,False,1.5,23.0,True,5.0,0.7742220911370187,0.6297006341247752,0.6038932310868745,0.5,live_rolling_pf,5.628727260703638,3.5444131253804896,804.103894386234,807.6483075116145,True,S5_000531,0,primary,2,2850746,S4_CONFIRMATION
S4_CONFIRMATION,S5,1597399,1597402,2022-07-12T04:25:00,2022-07-12T04:28:00,2022-07-12T04:25:00,2022-07-12T04:28:00,1366,1725.3,1726.8,1.5,1.6262857142856384,take_profit,False,1.5,21.0,True,5.0,0.8168663451066154,0.6752761786214687,0.6480473004512481,0.5,live_rolling_pf,5.6535381525813015,3.817699639365779,807.6483075116145,811.4660071509802,True,S5_000532,0,primary,2,2850750,S4_CONFIRMATION
S4_CONFIRMATION,S5,1597404,1597404,2022-07-12T04:30:00,2022-07-12T04:30:00,2022-07-12T04:30:00,2022-07-12T04:30:00,1367,1731.05,1732.5719285714285,1.5219285714285384,1.8731428571428166,take_profit,False,1.5219285714285888,18.0,True,5.0,0.7412677428333101,0.6292443640412121,0.6048914556081474,0.5,live_rolling_pf,5.680262050056862,3.5742728812754616,811.4660071509802,815.0402800322556,True,S5_000533,0,primary,2,2850755,S4_CONFIRMATION
S4_CONFIRMATION,S5,1597410,1597433,2022-07-12T04:36:00,2022-07-12T04:59:00,2022-07-12T04:36:00,2022-07-12T04:59:00,1368,1731.3,1734.623357142857,3.3233571428571396,4.09028571428571,take_profit,False,3.3233571428570485,21.0,True,5.0,0.772822403826967,0.7123613048966634,0.7007341704869895,0.5,live_rolling_pf,5.70528196022579,4.064222101989837,815.0402800322556,819.1045021342454,True,S5_000534,0,primary,2,2850761,S4_CONFIRMATION
S4_CONFIRMATION,S5,1668650,1668660,2022-09-21T22:34:00,2022-09-21T22:44:00,2022-09-21T22:34:00,2022-09-21T22:44:00,1374,1676.53,1673.6362857142858,2.3511428571428303,2.893714285714253,stop_loss,False,-2.893714285714168,12.0,True,5.0,-0.9601820250284128,-1.016590822904788,-1.0331816458096044,0.5,live_rolling_pf,5.733731514939718,-5.828858839087685,819.1045021342454,813.2756432951577,False,S5_000535,0,primary,2,2922001,S4_CONFIRMATION
S4_CONFIRMATION,S5,1671503,1671503,2022-09-26T01:11:00,2022-09-26T01:11:00,2022-09-26T01:11:00,2022-09-26T01:11:00,1375,1641.33,1642.83,1.5,1.7337142857142682,take_profit,False,1.5,12.0,True,5.0,0.8091861898890335,0.7174784217016097,0.6905055487053086,0.5,live_rolling_pf,5.692929503066104,4.0845540747183975,813.2756432951577,817.3601973698761,True,S5_000536,0,primary,2,2924854,S4_CONFIRMATION
S4_CONFIRMATION,S5,1781523,1781545,2023-01-18T04:52:00,2023-01-18T05:14:00,2023-01-18T04:52:00,2023-01-18T05:14:00,1381,1902.94,1905.2187142857142,2.2787142857142615,2.8045714285713985,take_profit,False,2.278714285714159,12.0,True,5.0,0.7791617819460374,0.7210336068776506,0.7039370847987133,0.5,live_rolling_pf,5.721521381589133,4.125409198594811,817.3601973698761,821.485606568471,True,S5_000537,0,primary,3,3034874,S4_CONFIRMATION
S4_CONFIRMATION,S5,1797523,1797529,2023-02-02T18:45:00,2023-02-02T18:51:00,2023-02-02T18:45:00,2023-02-02T18:51:00,1383,1917.37,1915.5825714285713,1.5,1.7874285714285572,stop_loss,False,-1.7874285714285634,12.0,True,5.0,-0.937088076692633,-1.026213301378074,-1.052426602756145,1.0,,11.500798491958594,-11.802272388916805,821.485606568471,809.6833341795542,False,S5_000538,0,primary,3,3050874,S4_CONFIRMATION
S4_CONFIRMATION,S5,1809396,1809407,2023-02-15T09:49:00,2023-02-15T10:00:00,2023-02-15T09:49:00,2023-02-15T10:00:00,1385,1836.72,1834.672,1.664000000000028,2.0480000000000342,stop_loss,False,-2.048000000000002,12.0,True,5.0,-0.9446494464944508,-1.0230627306272908,-1.046125461254597,0.5,live_rolling_pf,5.6677833392568795,-5.7984978996640075,809.6833341795542,803.8848362798902,False,S5_000539,0,primary,3,3062747,S4_CONFIRMATION
S4_CONFIRMATION,S5,1835414,1835415,2023-03-14T08:23:00,2023-03-14T08:24:00,2023-03-14T08:23:00,2023-03-14T08:24:00,1386,1906.63,1908.4397857142858,1.8097857142857152,2.2274285714285726,take_profit,False,1.809785714285681,12.0,True,5.0,0.7709651898734031,0.6985455209347469,0.6772456183057304,0.5,live_rolling_pf,5.627193853959231,3.930851062114757,803.8848362798902,807.815687342005,True,S5_000540,0,primary,3,3088765,S4_CONFIRMATION
S4_CONFIRMATION,S5,1835416,1835421,2023-03-14T08:25:00,2023-03-14T08:30:00,2023-03-14T08:25:00,2023-03-14T08:30:00,1387,1909.36,1907.0674285714285,1.862714285714302,2.2925714285714487,stop_loss,False,-2.292571428571364,12.0,True,5.0,-0.9502605400283878,-1.0207247749881219,-1.041449549976279,0.5,live_rolling_pf,5.654709811394035,-5.771902399858302,807.815687342005,802.0437849421468,False,S5_000541,0,primary,3,3088767,S4_CONFIRMATION
S4_CONFIRMATION,S5,1837048,1837050,2023-03-15T12:38:00,2023-03-15T12:40:00,2023-03-15T12:38:00,2023-03-15T12:40:00,1388,1906.71,1908.3220000000001,1.6119999999999908,1.9839999999999887,take_profit,False,1.61200000000008,12.0,True,5.0,0.7661596958175327,0.6853612167300799,0.6615969581749466,0.5,live_rolling_pf,5.614306494595027,3.8478279302312375,802.0437849421468,805.891612872378,True,S5_000542,0,secondary,3,3090399,S4_CONFIRMATION
S4_CONFIRMATION,S5,1837419,1837423,2023-03-15T18:49:00,2023-03-15T18:53:00,2023-03-15T18:49:00,2023-03-15T18:53:00,1389,1934.31,1935.81,1.5,1.844571428571414,take_profit,False,1.5,12.0,True,5.0,0.7635253054101278,0.6769924374636467,0.6515415939499757,0.5,live_rolling_pf,5.641241290106646,3.8190776913098654,805.891612872378,809.7106905636879,True,S5_000543,0,secondary,3,3090770,S4_CONFIRMATION
S4_CONFIRMATION,S5,1838753,1838757,2023-03-16T18:04:00,2023-03-16T18:08:00,2023-03-16T18:04:00,2023-03-16T18:08:00,1391,1918.23,1916.4562857142857,1.5,1.7737142857142836,stop_loss,False,-1.7737142857142771,12.0,True,5.0,-0.9366324683162307,-1.0264031382015657,-1.052806276403135,0.5,live_rolling_pf,5.667974833945816,-5.8176271568094835,809.7106905636879,803.8930634068784,False,S5_000544,0,secondary,3,3092104,S4_CONFIRMATION
S4_CONFIRMATION,S5,1846675,1846680,2023-03-24T12:20:00,2023-03-24T12:25:00,2023-03-24T12:20:00,2023-03-24T12:25:00,1394,1997.47,1995.0048571428572,2.002928571428608,2.465142857142902,stop_loss,False,-2.465142857142837,12.0,True,5.0,-0.9535809018567395,-1.0193412908929893,-1.0386825817860041,0.5,live_rolling_pf,5.627251443848149,-5.73608975095161,803.8930634068784,798.1569736559268,False,S5_000545,0,primary,3,3100026,S4_CONFIRMATION
S4_CONFIRMATION,S5,1847017,1847020,2023-03-24T18:02:00,2023-03-24T18:05:00,2023-03-24T18:02:00,2023-03-24T18:05:00,1395,1985.36,1986.9645714285714,1.6045714285714683,1.974857142857192,take_profit,False,1.6045714285714894,12.0,True,5.0,0.7659574468085216,0.6848063284233626,0.6609383524277277,0.5,live_rolling_pf,5.587098815591488,3.826080626443725,798.1569736559268,801.9830542823705,True,S5_000546,0,secondary,3,3100368,S4_CONFIRMATION
S4_CONFIRMATION,S5,1847028,1847032,2023-03-24T18:13:00,2023-03-24T18:17:00,2023-03-24T18:13:00,2023-03-24T18:17:00,1396,1988.1,1989.9051428571427,1.8051428571428625,2.221714285714292,take_profit,False,1.805142857142755,12.0,True,5.0,0.7708638360175237,0.6982674475353375,0.6769155685699887,0.5,live_rolling_pf,5.613881379976593,3.9199906219624143,801.9830542823705,805.9030449043329,True,S5_000547,0,primary,3,3100379,S4_CONFIRMATION
S4_CONFIRMATION,S5,1847995,1847999,2023-03-27T12:22:00,2023-03-27T12:26:00,2023-03-27T12:22:00,2023-03-27T12:26:00,1398,1962.33,1963.83,1.5,1.8114285714285352,take_profit,False,1.5,12.0,True,5.0,0.7766272189349258,0.6886094674556343,0.6627218934911367,0.5,live_rolling_pf,5.64132131433033,3.8846672660071278,805.9030449043329,809.78771217034,True,S5_000548,0,secondary,3,3101346,S4_CONFIRMATION
S4_CONFIRMATION,S5,1848001,1848005,2023-03-27T12:28:00,2023-03-27T12:32:00,2023-03-27T12:28:00,2023-03-27T12:32:00,1399,1962.42,1960.1160000000002,1.8719999999999652,2.303999999999957,stop_loss,False,-2.30399999999986,12.0,True,5.0,-0.9504950495049095,-1.0206270627062308,-1.0412541254125018,0.5,live_rolling_pf,5.66851398519238,-5.78543877861609,809.78771217034,804.0022733917239,False,S5_000549,0,primary,3,3101352,S4_CONFIRMATION
S4_CONFIRMATION,S5,1856578,1856598,2023-04-04T17:32:00,2023-04-04T17:52:00,2023-04-04T17:32:00,2023-04-04T17:52:00,1403,2021.64,2017.5714285714287,3.3057142857142776,4.068571428571419,stop_loss,False,-4.068571428571431,12.0,True,5.0,-0.971350613915419,-1.011937244201913,-1.023874488403823,0.5,live_rolling_pf,5.628015913742067,-5.695198914076659,804.0022733917239,798.3070744776472,False,S5_000550,0,secondary,3,3109929,S4_CONFIRMATION
S4_CONFIRMATION,S5,1858027,1858033,2023-04-05T18:42:00,2023-04-05T18:48:00,2023-04-05T18:42:00,2023-04-05T18:48:00,1404,2019.7,2021.3445,1.6444999999999612,2.0239999999999525,take_profit,False,1.64449999999988,12.0,True,5.0,0.7670242537313042,0.6877332089551831,0.6644123134327945,0.5,live_rolling_pf,5.588149521343531,3.8431560024349567,798.3070744776472,802.1502304800822,True,S5_000551,0,primary,3,3111378,S4_CONFIRMATION
S4_CONFIRMATION,S5,1866285,1866288,2023-04-14T18:27:00,2023-04-14T18:30:00,2023-04-14T18:27:00,2023-04-14T18:30:00,1406,1998.3,1999.925,1.625000000000021,2.000000000000026,take_profit,False,1.625,12.0,True,5.0,0.7665094339622547,0.6863207547169726,0.6627358490565955,0.5,live_rolling_pf,5.615051613360576,3.853726461056385,802.1502304800822,806.0039569411385,True,S5_000552,0,primary,3,3119636,S4_CONFIRMATION
S4_CONFIRMATION,S5,1866291,1866296,2023-04-14T18:33:00,2023-04-14T18:38:00,2023-04-14T18:33:00,2023-04-14T18:38:00,1407,1998.5,1996.6691428571428,1.5,1.830857142857141,stop_loss,False,-1.8308571428572122,12.0,True,5.0,-0.9384885764499487,-1.0256297598125732,-1.05125951962511,1.0,,11.28405539717594,-11.57326302671733,806.0039569411385,794.4306939144212,False,S5_000553,0,primary,3,3119642,S4_CONFIRMATION
S4_CONFIRMATION,S5,1879249,1879339,2023-04-28T04:43:00,2023-04-28T06:13:00,2023-04-28T04:43:00,2023-04-28T06:13:00,1409,1989.91,1989.35,1.6045714285714048,1.9748571428571138,timeout,False,-0.5600000000001728,16.0,True,5.0,-0.26231263383306097,-0.3606798715204284,-0.3841006423983731,0.5,live_rolling_pf,5.561014857400949,-2.0057461242905674,794.4306939144212,792.4249477901307,False,S5_000554,0,primary,3,3132600,S4_CONFIRMATION
S4_CONFIRMATION,S5,1884727,1884727,2023-05-04T04:06:00,2023-05-04T04:06:00,2023-05-04T04:06:00,2023-05-04T04:06:00,1410,2052.23,2050.423142857143,1.5,1.8068571428571367,stop_loss,False,-1.8068571428570976,14.0,True,5.0,-0.9280892280598564,-1.025682418550024,-1.0513648371000681,0.5,live_rolling_pf,5.5469746345309145,-5.689434358781304,792.4249477901307,786.7355134313493,False,S5_000555,0,primary,3,3138078,S4_CONFIRMATION
S4_CONFIRMATION,S5,1884744,1884751,2023-05-04T04:23:00,2023-05-04T04:30:00,2023-05-04T04:23:00,2023-05-04T04:30:00,1413,2047.66,2049.1995714285713,1.5395714285713797,1.8948571428570826,take_profit,False,1.5395714285712074,13.0,True,5.0,0.7603358261604891,0.6714406660080948,0.646747565965763,0.5,live_post_loss_cap;live_rolling_pf,5.507148594019445,3.6977235197739593,786.7355134313493,790.4332369511233,True,S5_000556,0,primary,3,3138095,S4_CONFIRMATION
S4_CONFIRMATION,S5,1885599,1885604,2023-05-04T18:38:00,2023-05-04T18:43:00,2023-05-04T18:38:00,2023-05-04T18:43:00,1414,2049.13,2050.705785714286,1.5757857142856535,1.9394285714284967,take_profit,False,1.5757857142857574,12.0,True,5.0,0.7651567702553207,0.682609600443997,0.6583310210877252,0.5,live_rolling_pf,5.533032658657863,3.77690121237003,790.4332369511233,794.2101381634933,True,S5_000557,0,primary,3,3138950,S4_CONFIRMATION
S4_CONFIRMATION,S5,1885606,1885628,2023-05-04T18:45:00,2023-05-04T19:07:00,2023-05-04T18:45:00,2023-05-04T19:07:00,1415,2051.22,2052.72,1.5,1.7611428571427887,take_profit,False,1.5,12.0,True,5.0,0.7973876063183765,0.7070170109356272,0.680437424058348,0.5,live_rolling_pf,5.5594709671444535,3.9306405455738718,794.2101381634933,798.1407787090671,True,S5_000558,0,primary,3,3138957,S4_CONFIRMATION
S4_CONFIRMATION,S5,1891086,1891086,2023-05-10T18:10:00,2023-05-10T18:10:00,2023-05-10T18:10:00,2023-05-10T18:10:00,1416,2024.96,2023.2514285714285,1.5,1.708571428571434,stop_loss,False,-1.7085714285715312,12.0,True,5.0,-0.9343750000000534,-1.027343750000053,-1.0546875000000528,0.5,live_rolling_pf,5.58698545096347,-5.73975458438855,798.1407787090671,792.4010241246785,False,S5_000559,0,primary,3,3144437,S4_CONFIRMATION
S4_CONFIRMATION,S5,2048192,2048193,2023-10-18T04:39:00,2023-10-18T04:40:00,2023-10-18T04:39:00,2023-10-18T04:40:00,1420,1936.21,1937.9677857142858,1.7577857142857414,2.163428571428605,take_profit,False,1.7577857142857738,19.0,True,5.0,0.7469042126988128,0.6449253368945165,0.6236797377686215,0.5,live_rolling_pf,5.54680716887275,3.5772764820741774,792.4010241246785,795.9783006067527,True,S5_000560,0,primary,3,3301543,S4_CONFIRMATION
S4_CONFIRMATION,S5,2092802,2092809,2023-12-01T18:38:00,2023-12-01T18:45:00,2023-12-01T18:38:00,2023-12-01T18:45:00,1421,2056.57,2058.2098571428573,1.6398571428571718,2.0182857142857498,take_profit,False,1.6398571428571813,17.0,True,5.0,0.7493798145972114,0.6488444966705907,0.6259955607781769,0.5,live_rolling_pf,5.571848104247269,3.6152629787253043,795.9783006067527,799.593563585478,True,S5_000561,0,secondary,3,3346153,S4_CONFIRMATION
S4_CONFIRMATION,S5,2093272,2093274,2023-12-04T03:30:00,2023-12-04T03:32:00,2023-12-04T03:30:00,2023-12-04T03:32:00,1422,2091.86,2089.6485714285714,1.796785714285706,2.211428571428561,stop_loss,False,-2.211428571428769,32.0,True,5.0,-0.8735891647856346,-1.0197516930023396,-1.039503386004597,0.5,live_rolling_pf,5.597154945098346,-5.7077082312604555,799.593563585478,793.8858553542176,False,S5_000562,0,primary,3,3346623,S4_CONFIRMATION
S4_CONFIRMATION,S5,2093307,2093316,2023-12-04T04:05:00,2023-12-04T04:14:00,2023-12-04T04:05:00,2023-12-04T04:14:00,1424,2085.81,2084.3242857142855,1.5,1.4857142857143377,stop_loss,False,-1.4857142857144936,34.0,True,5.0,-0.8137715179969608,-1.0273865414711332,-1.0547730829421809,0.5,live_post_loss_cap;live_rolling_pf,5.557200987479523,-5.709393502786553,793.8858553542176,788.1764618514311,False,S5_000563,0,primary,3,3346658,S4_CONFIRMATION
S4_CONFIRMATION,S5,2182074,2182080,2024-03-05T18:09:00,2024-03-05T18:15:00,2024-03-05T18:09:00,2024-03-05T18:15:00,1433,2125.95,2127.559214285714,1.609214285714279,1.9805714285714204,take_profit,False,1.609214285714188,18.0,True,5.0,0.7448095741866806,0.6383562549589626,0.6152142290398935,0.5,live_rolling_pf,5.517235232960018,3.521961621039997,788.1764618514311,791.6984234724711,True,S5_000564,0,primary,3,3435425,S4_CONFIRMATION
S4_CONFIRMATION,S5,2182081,2182082,2024-03-05T18:16:00,2024-03-05T18:17:00,2024-03-05T18:16:00,2024-03-05T18:17:00,1435,2127.89,2126.0271428571427,1.5135714285714033,1.862857142857112,stop_loss,False,-1.8628571428571377,17.0,True,5.0,-0.9163738580463923,-1.0245959241040188,-1.0491918482080247,0.5,live_rolling_pf,5.541888964307297,-5.6781968446662985,791.6984234724711,786.0202266278047,False,S5_000565,0,secondary,3,3435432,S4_CONFIRMATION
S4_CONFIRMATION,S5,2186290,2186291,2024-03-08T19:29:00,2024-03-08T19:30:00,2024-03-08T19:29:00,2024-03-08T19:30:00,1437,2192.41,2194.4732857142853,2.0632857142856533,2.5394285714284965,take_profit,False,2.0632857142854846,17.0,True,5.0,0.7615206158388058,0.6803226826952836,0.6618686069808467,0.5,live_rolling_pf,5.502141586394633,3.7432317246252804,786.0202266278047,789.76345835243,True,S5_000566,0,secondary,3,3439641,S4_CONFIRMATION
S4_CONFIRMATION,S5,2203827,2203828,2024-03-27T12:02:00,2024-03-27T12:03:00,2024-03-27T12:02:00,2024-03-27T12:03:00,1438,2188.76,2190.7796428571432,2.0196428571428995,2.4857142857143377,take_profit,False,2.019642857143026,18.0,True,5.0,0.7576366559486016,0.6713558413719688,0.6525991425509616,0.5,live_rolling_pf,5.5283442084670105,3.7114861774692205,789.76345835243,793.4749445298992,True,S5_000567,0,primary,3,3457178,S4_CONFIRMATION
S4_CONFIRMATION,S5,2203829,2203840,2024-03-27T12:04:00,2024-03-27T12:15:00,2024-03-27T12:04:00,2024-03-27T12:15:00,1438,2190.18,2192.1327857142855,1.952785714285733,2.4034285714285946,take_profit,False,1.9527857142857101,20.0,True,5.0,0.7500823090430119,0.6540550921861207,0.6348496488147425,0.5,live_rolling_pf,5.554324611709294,3.6328342959431614,793.4749445298992,797.1077788258424,True,S5_000568,1,secondary,3,3457180,S4_CONFIRMATION
S4_CONFIRMATION,S5,2205234,2205236,2024-03-28T12:30:00,2024-03-28T12:32:00,2024-03-28T12:30:00,2024-03-28T12:32:00,1439,2204.41,2206.7314285714283,2.321428571428529,2.8571428571428052,take_profit,False,2.3214285714284415,18.0,True,5.0,0.7643461900281923,0.6886171213546256,0.6721542803386328,0.5,live_rolling_pf,5.579754451780897,3.842314448451018,797.1077788258424,800.9500932742934,True,S5_000569,0,primary,3,3458585,S4_CONFIRMATION
S4_CONFIRMATION,S5,2205241,2205241,2024-03-28T12:37:00,2024-03-28T12:37:00,2024-03-28T12:37:00,2024-03-28T12:37:00,1440,2207.76,2209.6403571428573,1.8803571428571006,2.3142857142856625,take_profit,False,1.880357142857065,18.0,True,5.0,0.7538659793814276,0.6616552119129263,0.6416093928980346,0.5,live_rolling_pf,5.606650652920054,3.709669625879565,800.9500932742934,804.659762900173,True,S5_000570,0,secondary,3,3458592,S4_CONFIRMATION
S4_CONFIRMATION,S5,2205255,2205267,2024-03-28T12:51:00,2024-03-28T13:03:00,2024-03-28T12:51:00,2024-03-28T13:03:00,1441,2212.35,2210.136285714286,1.7986428571428048,2.213714285714221,stop_loss,False,-2.2137142857141043,18.0,True,5.0,-0.9248030556218159,-1.0208880401049887,-1.0417760802100264,0.5,live_rolling_pf,5.632618340301211,-5.750272698089518,804.659762900173,798.9094902020835,False,S5_000571,0,primary,3,3458606,S4_CONFIRMATION
S4_CONFIRMATION,S5,2205612,2205614,2024-03-28T18:48:00,2024-03-28T18:50:00,2024-03-28T18:48:00,2024-03-28T18:50:00,1443,2222.82,2220.7114285714288,1.713214285714269,2.108571428571408,stop_loss,False,-2.108571428571395,18.0,True,5.0,-0.9213483146067349,-1.0218476903870106,-1.043695380774027,0.5,live_rolling_pf,5.592366431414584,-5.7145467217388415,798.9094902020835,793.1949434803446,False,S5_000572,0,secondary,3,3458963,S4_CONFIRMATION
S4_CONFIRMATION,S5,2208277,2208287,2024-04-02T18:15:00,2024-04-02T18:25:00,2024-04-02T18:15:00,2024-04-02T18:25:00,1444,2258.97,2256.622571428571,1.9072857142857533,2.3474285714286194,stop_loss,False,-2.347428571428736,19.0,True,5.0,-0.9251210449274205,-1.0197049881770528,-1.0394099763540594,0.5,live_rolling_pf,5.552364604362412,-5.6617738832460605,793.1949434803446,787.5331695970985,False,S5_000573,0,primary,3,3461628,S4_CONFIRMATION
S4_CONFIRMATION,S5,2209666,2209669,2024-04-03T18:25:00,2024-04-03T18:28:00,2024-04-03T18:25:00,2024-04-03T18:28:00,1445,2284.72,2286.322714285714,1.602714285714306,1.9725714285714535,take_profit,False,1.602714285714228,19.0,True,5.0,0.7411150746465495,0.6301360813845611,0.6070154577883135,0.5,live_rolling_pf,5.51273218717969,3.4737714581519508,787.5331695970985,791.0069410552505,True,S5_000574,0,primary,3,3463017,S4_CONFIRMATION
S4_CONFIRMATION,S5,2209680,2209684,2024-04-03T18:39:00,2024-04-03T18:43:00,2024-04-03T18:39:00,2024-04-03T18:43:00,1446,2284.98,2282.9777142857142,1.6268571428571414,2.0022857142857124,stop_loss,False,-2.00228571428579,19.0,True,5.0,-0.9133324644858949,-1.0228072461879674,-1.045614492375899,0.5,live_rolling_pf,5.537048587386754,-5.66333341767402,791.0069410552505,785.3436076375765,False,S5_000575,0,primary,3,3463031,S4_CONFIRMATION
S4_CONFIRMATION,S5,2211579,2211581,2024-04-05T04:20:00,2024-04-05T04:22:00,2024-04-05T04:20:00,2024-04-05T04:22:00,1449,2274.52,2271.905142857143,2.12457142857127,2.614857142856948,stop_loss,False,-2.6148571428570904,19.0,True,5.0,-0.9322603646735717,-1.0178262198228085,-1.0356524396455662,0.5,live_rolling_pf,5.497405253463036,-5.5954032079663305,785.3436076375765,779.7482044296102,False,S5_000576,0,primary,3,3464930,S4_CONFIRMATION
S4_CONFIRMATION,S5,2212388,2212389,2024-04-05T17:49:00,2024-04-05T17:50:00,2024-04-05T17:49:00,2024-04-05T17:50:00,1451,2322.45,2317.9734285714285,3.6372142857143346,4.476571428571488,stop_loss,False,-4.476571428571333,19.0,True,5.0,-0.9592848833649338,-1.010714504377607,-1.0214290087552471,0.5,live_rolling_pf,5.458237431007271,-5.516719739855817,779.7482044296102,774.2314846897543,False,S5_000577,0,secondary,3,3465739,S4_CONFIRMATION
S4_CONFIRMATION,S5,2212404,2212405,2024-04-05T18:05:00,2024-04-05T18:06:00,2024-04-05T18:05:00,2024-04-05T18:06:00,1452,2319.91,2323.018857142857,3.1088571428571448,3.8262857142857167,take_profit,False,3.1088571428572322,19.0,True,5.0,0.7740627445401086,0.7143060396955472,0.7018567261862636,0.5,live_post_loss_cap;live_rolling_pf,5.41962039282828,3.8712675794543947,774.2314846897543,778.1027522692087,True,S5_000578,0,secondary,3,3465755,S4_CONFIRMATION
S4_CONFIRMATION,S5,2212419,2212425,2024-04-05T18:20:00,2024-04-05T18:26:00,2024-04-05T18:20:00,2024-04-05T18:26:00,1453,2324.75,2326.7770714285716,2.0270714285715066,2.4948571428572386,take_profit,False,2.0270714285716167,19.0,True,5.0,0.7550015962541669,0.6656113653294068,0.6469884005534151,0.5,live_post_loss_cap;live_rolling_pf,5.446719265884461,3.6253982471313404,778.1027522692087,781.7281505163401,True,S5_000579,0,primary,3,3465770,S4_CONFIRMATION
S4_CONFIRMATION,S5,2212426,2212432,2024-04-05T18:27:00,2024-04-05T18:33:00,2024-04-05T18:27:00,2024-04-05T18:33:00,1453,2326.54,2323.8977142857143,2.146857142857133,2.642285714285702,stop_loss,False,-2.642285714285663,20.0,True,5.0,-0.929634097305977,-1.0175914756734885,-1.0351829513469908,0.5,live_post_loss_cap;live_rolling_pf,5.47209705361438,-5.568359315816005,781.7281505163401,776.1597912005241,False,S5_000580,1,primary,3,3465777,S4_CONFIRMATION
S4_CONFIRMATION,S5,2212447,2212451,2024-04-05T18:48:00,2024-04-05T18:52:00,2024-04-05T18:48:00,2024-04-05T18:52:00,1455,2325.85,2327.748928571428,1.8989285714284279,2.3371428571426804,take_profit,False,1.8989285714283142,19.0,True,5.0,0.7514132278122742,0.6564443188241386,0.6366591294516103,0.5,live_post_loss_cap;live_rolling_pf,5.433118538403669,3.5665397980331957,776.1597912005241,779.7263309985573,True,S5_000581,0,primary,3,3465798,S4_CONFIRMATION
S4_CONFIRMATION,S5,2212452,2212453,2024-04-05T18:53:00,2024-04-05T18:54:00,2024-04-05T18:53:00,2024-04-05T18:54:00,1455,2327.74,2325.788,1.5859999999999088,1.9519999999998878,stop_loss,False,-1.9519999999997708,19.0,True,5.0,-0.9112978524742638,-1.0233426704014406,-1.0466853408029355,0.5,live_post_loss_cap;live_rolling_pf,5.458084316989901,-5.585490580224668,779.7263309985573,774.1408404183326,False,S5_000582,1,primary,3,3465803,S4_CONFIRMATION
S4_CONFIRMATION,S5,2214828,2214863,2024-04-09T12:32:00,2024-04-09T13:07:00,2024-04-09T12:32:00,2024-04-09T13:07:00,1459,2363.6,2361.620571428571,1.6082857142857296,1.9794285714285902,stop_loss,False,-1.979428571428798,19.0,True,5.0,-0.9124193335968304,-1.023047543790429,-1.0460950875807618,0.5,live_rolling_pf,5.418985882928328,-5.543880197364835,774.1408404183326,768.5969602209677,False,S5_000583,0,primary,3,3468179,S4_CONFIRMATION
S4_CONFIRMATION,S5,2215195,2215207,2024-04-09T18:39:00,2024-04-09T18:51:00,2024-04-09T18:39:00,2024-04-09T18:51:00,1460,2346.28,2344.1828571428573,1.703928571428563,2.0971428571428468,stop_loss,False,-2.0971428571428987,19.0,True,5.0,-0.9169269206746008,-1.0218613366646077,-1.0437226733291922,0.5,live_rolling_pf,5.380178721546774,-5.497796619894267,768.5969602209677,763.0991636010734,False,S5_000584,0,secondary,3,3468546,S4_CONFIRMATION
S4_CONFIRMATION,S5,2216214,2216218,2024-04-10T12:39:00,2024-04-10T12:43:00,2024-04-10T12:39:00,2024-04-10T12:43:00,1465,2346.34,2348.0885000000003,1.7484999999999933,2.1519999999999917,take_profit,False,1.7485000000001492,19.0,True,5.0,0.7465841161401175,0.6441076003416544,0.6227583262169745,0.5,live_rolling_pf,5.341694145207514,3.4406257976286763,763.0991636010734,766.539789398702,True,S5_000585,0,primary,3,3469565,S4_CONFIRMATION
S4_CONFIRMATION,S5,2216225,2216236,2024-04-10T12:50:00,2024-04-10T13:01:00,2024-04-10T12:50:00,2024-04-10T13:01:00,1466,2348.02,2346.2634285714284,1.5,1.756571428571312,stop_loss,False,-1.756571428571533,19.0,True,5.0,-0.9023924849553403,-1.0256861881697907,-1.0513723763394678,0.5,live_rolling_pf,5.3657785257909145,-5.503604922681802,766.539789398702,761.0361844760203,False,S5_000586,0,primary,3,3469576,S4_CONFIRMATION
S4_CONFIRMATION,S5,2216579,2216582,2024-04-10T18:44:00,2024-04-10T18:47:00,2024-04-10T18:44:00,2024-04-10T18:47:00,1467,2340.07,2337.5808571428574,2.0224285714285055,2.489142857142776,stop_loss,False,-2.489142857142724,19.0,True,5.0,-0.9290817958835234,-1.0186626852937852,-1.0373253705875898,0.5,live_rolling_pf,5.327253291332142,-5.426674142988555,761.0361844760203,755.6095103330317,False,S5_000587,0,primary,3,3469930,S4_CONFIRMATION
S4_CONFIRMATION,S5,2216623,2216625,2024-04-10T19:28:00,2024-04-10T19:30:00,2024-04-10T19:28:00,2024-04-10T19:30:00,1469,2337.7,2335.9365714285714,1.5,1.7634285714286049,stop_loss,False,-1.7634285714284488,19.0,True,5.0,-0.9027351177416214,-1.025596021646841,-1.0511920432937616,0.5,live_post_loss_cap;live_rolling_pf,5.289266572331222,-5.424650754012524,755.6095103330317,750.1848595790192,False,S5_000588,0,primary,3,3469974,S4_CONFIRMATION
S4_CONFIRMATION,S5,2216787,2216825,2024-04-10T22:12:00,2024-04-10T22:50:00,2024-04-10T22:12:00,2024-04-10T22:50:00,1471,2328.71,2330.4417857142857,1.731785714285765,2.131428571428634,take_profit,False,1.7317857142857065,19.0,True,5.0,0.7459999999999766,0.642615384615364,0.621076923076903,0.5,live_rolling_pf,5.251294017053135,3.37456232449696,750.1848595790192,753.5594219035162,True,S5_000589,0,primary,3,3470138,S4_CONFIRMATION
S4_CONFIRMATION,S5,2217923,2217929,2024-04-11T18:09:00,2024-04-11T18:15:00,2024-04-11T18:09:00,2024-04-11T18:15:00,1472,2339.0,2340.597142857143,1.597142857142925,1.965714285714369,take_profit,False,1.5971428571428987,19.0,True,5.0,0.7408880053015148,0.6295559973492328,0.6063618290258407,0.5,live_rolling_pf,5.274915953324613,3.320854973928656,753.5594219035162,756.8802768774449,True,S5_000590,0,secondary,3,3471274,S4_CONFIRMATION
S4_CONFIRMATION,S5,2218463,2218502,2024-04-12T04:10:00,2024-04-12T04:49:00,2024-04-12T04:10:00,2024-04-12T04:49:00,1473,2385.75,2389.5060714285714,3.75607142857137,4.622857142857071,take_profit,False,3.756071428571431,19.0,True,5.0,0.7804244582962425,0.7305580290887618,0.7201691896705367,0.5,live_rolling_pf,5.298161938142115,3.8706147433221973,756.8802768774449,760.7508916207671,True,S5_000591,0,primary,3,3471814,S4_CONFIRMATION
S4_CONFIRMATION,S5,2219548,2219553,2024-04-12T22:15:00,2024-04-12T22:20:00,2024-04-12T22:15:00,2024-04-12T22:20:00,1479,2337.23,2339.126142857143,1.8961428571427796,2.33371428571419,take_profit,False,1.896142857142877,19.0,True,5.0,0.751330238876975,0.6562323106532649,0.6364202422733253,0.5,live_rolling_pf,5.32525624134537,3.494605208078793,760.7508916207671,764.245496828846,True,S5_000592,0,secondary,3,3472899,S4_CONFIRMATION
S4_CONFIRMATION,S5,2219579,2219580,2024-04-12T22:46:00,2024-04-12T22:47:00,2024-04-12T22:46:00,2024-04-12T22:47:00,1480,2342.74,2344.542357142857,1.8023571428572138,2.2182857142858015,take_profit,False,1.8023571428570904,19.0,True,5.0,0.7483983865226703,0.6487424368252009,0.6279807806382282,0.5,live_rolling_pf,5.349718477801922,3.470589401618023,764.245496828846,767.7160862304639,True,S5_000593,0,primary,3,3472930,S4_CONFIRMATION
S4_CONFIRMATION,S5,2222109,2222110,2024-04-16T18:59:00,2024-04-16T19:00:00,2024-04-16T18:59:00,2024-04-16T19:00:00,1482,2385.48,2387.2015714285712,1.7215714285714252,2.1188571428571388,take_profit,False,1.7215714285712238,19.0,True,5.0,0.7456379160994053,0.6416903848532722,0.6200346491769945,0.5,live_rolling_pf,5.374012603613248,3.4484522158189206,767.7160862304639,771.1645384462829,True,S5_000594,0,secondary,3,3475460,S4_CONFIRMATION
S4_CONFIRMATION,S5,2223438,2223443,2024-04-17T18:09:00,2024-04-17T18:14:00,2024-04-17T18:09:00,2024-04-17T18:14:00,1483,2391.99,2389.929428571428,1.6742142857142621,2.0605714285713996,stop_loss,False,-2.0605714285716203,19.0,True,5.0,-0.9155769963184923,-1.0222165799163103,-1.0444331598325223,0.5,live_rolling_pf,5.398151769123981,-5.518080239303096,771.1645384462829,765.6464582069798,False,S5_000595,0,primary,3,3476789,S4_CONFIRMATION
S4_CONFIRMATION,S5,2223474,2223478,2024-04-17T18:45:00,2024-04-17T18:49:00,2024-04-17T18:45:00,2024-04-17T18:49:00,1484,2385.6,2387.5249285714285,1.924928571428531,2.3691428571428075,take_profit,False,1.9249285714286088,19.0,True,5.0,0.7521770682148333,0.6583956681925026,0.6388578765211836,0.5,live_post_loss_cap;live_rolling_pf,5.359525207448859,3.5286881801528525,765.6464582069798,769.1751463871326,True,S5_000596,0,primary,3,3476825,S4_CONFIRMATION
S4_CONFIRMATION,S5,2223481,2223487,2024-04-17T18:52:00,2024-04-17T18:58:00,2024-04-17T18:52:00,2024-04-17T18:58:00,1485,2386.14,2384.1102857142855,1.649142857142793,2.0297142857142068,stop_loss,False,-2.0297142857143626,19.0,True,5.0,-0.9144033981208035,-1.022525421547246,-1.0450508430944212,0.5,live_post_loss_cap;live_rolling_pf,5.384226024709928,-5.505507985622171,769.1751463871326,763.6696384015104,False,S5_000597,0,primary,3,3476832,S4_CONFIRMATION
S4_CONFIRMATION,S5,2224821,2224836,2024-04-18T18:13:00,2024-04-18T18:28:00,2024-04-18T18:13:00,2024-04-18T18:28:00,1491,2382.74,2384.5432857142855,1.8032857142857632,2.2194285714286317,take_profit,False,1.803285714285721,19.0,True,5.0,0.7484287916518281,0.648820111466843,0.6280683030949711,0.5,live_rolling_pf,5.345687468810572,3.4683895393805817,763.6696384015104,767.138027940891,True,S5_000598,0,primary,3,3478172,S4_CONFIRMATION
S4_CONFIRMATION,S5,2224840,2224849,2024-04-18T18:32:00,2024-04-18T18:41:00,2024-04-18T18:32:00,2024-04-18T18:41:00,1492,2384.22,2382.408571428571,1.5,1.8114285714285092,stop_loss,False,-1.811428571428678,19.0,True,5.0,-0.9050678087081471,-1.024982155603226,-1.0499643112063672,0.5,live_rolling_pf,5.369966195586237,-5.504119526668435,767.138027940891,761.6339084142226,False,S5_000599,0,primary,3,3478191,S4_CONFIRMATION
S4_CONFIRMATION,S5,2224867,2224882,2024-04-18T18:59:00,2024-04-18T19:14:00,2024-04-18T18:59:00,2024-04-18T19:14:00,1495,2383.8,2385.4110714285716,1.6110714285713779,1.9828571428570805,take_profit,False,1.6110714285714494,19.0,True,5.0,0.7414529914530223,0.6309993425378317,0.6079881656805004,0.5,live_post_loss_cap;live_rolling_pf,5.331437358899558,3.3641334682472555,761.6339084142226,764.9980418824698,True,S5_000600,0,primary,3,3478218,S4_CONFIRMATION
S4_CONFIRMATION,S5,2225368,2225368,2024-04-19T04:21:00,2024-04-19T04:21:00,2024-04-19T04:21:00,2024-04-19T04:21:00,1496,2390.55,2392.8835000000004,2.3335000000001367,2.8720000000001686,take_profit,False,2.3335000000001855,19.0,True,5.0,0.7620836054866287,0.6837034617897029,0.6673742651861767,0.5,live_rolling_pf,5.354986293177289,3.6612226664817213,764.9980418824698,768.6592645489516,True,S5_000601,0,primary,3,3478719,S4_CONFIRMATION
S4_CONFIRMATION,S5,2225370,2225374,2024-04-19T04:23:00,2024-04-19T04:27:00,2024-04-19T04:23:00,2024-04-19T04:27:00,1497,2393.17,2395.6047142857146,2.434714285714394,2.9965714285715617,take_profit,False,2.4347142857145627,19.0,True,5.0,0.7640545144804639,0.6887384560208597,0.6730476105084422,0.5,live_rolling_pf,5.380614851842661,3.705836365501021,768.6592645489516,772.3651009144526,True,S5_000602,0,primary,3,3478721,S4_CONFIRMATION
S4_CONFIRMATION,S5,2225376,2225378,2024-04-19T04:29:00,2024-04-19T04:31:00,2024-04-19T04:29:00,2024-04-19T04:31:00,1498,2394.9,2397.8055,2.905500000000039,3.5760000000000485,take_profit,False,2.905499999999847,19.0,True,5.0,0.7715082315453557,0.7077801380774861,0.6945034519383466,0.5,live_rolling_pf,5.406555706401168,3.826652744400239,772.3651009144526,776.1917536588528,True,S5_000603,0,primary,3,3478727,S4_CONFIRMATION
S4_CONFIRMATION,S5,2225398,2225400,2024-04-19T04:51:00,2024-04-19T04:53:00,2024-04-19T04:51:00,2024-04-19T04:53:00,1499,2411.2,2405.4354285714285,4.683714285714375,5.764571428571539,stop_loss,False,-5.764571428571344,19.0,True,5.0,-0.9680917422388238,-1.0083969099371102,-1.016793819874253,0.5,live_rolling_pf,5.433342275611969,-5.478965561357776,776.1917536588528,770.712788097495,False,S5_000604,0,primary,3,3478749,S4_CONFIRMATION
S4_CONFIRMATION,S5,2225607,2225624,2024-04-19T08:20:00,2024-04-19T08:37:00,2024-04-19T08:20:00,2024-04-19T08:37:00,1515,2383.9,2381.8782857142855,1.6426428571430312,2.0217142857145,stop_loss,False,-2.021714285714552,22.0,True,5.0,-0.9018608208004403,-1.0223043589090193,-1.0446087178180152,0.5,live_rolling_pf,5.3949895166824655,-5.515321299172948,770.712788097495,765.1974667983221,False,S5_000605,0,primary,3,3478958,S4_CONFIRMATION
S4_CONFIRMATION,S5,2225650,2225651,2024-04-19T09:03:00,2024-04-19T09:04:00,2024-04-19T09:03:00,2024-04-19T09:04:00,1518,2380.15,2381.8845714285717,1.7345714285714557,2.1348571428571765,take_profit,False,1.7345714285715985,19.0,True,5.0,0.7460980705420311,0.6428659211012068,0.621359223301035,0.5,live_post_loss_cap;live_rolling_pf,5.356382267588255,3.443435620223294,765.1974667983221,768.6409024185455,True,S5_000606,0,primary,3,3479001,S4_CONFIRMATION
S4_CONFIRMATION,S5,2225661,2225668,2024-04-19T09:14:00,2024-04-19T09:21:00,2024-04-19T09:14:00,2024-04-19T09:21:00,1519,2383.03,2380.6620000000003,1.9239999999999815,2.3679999999999772,stop_loss,False,-2.367999999999938,19.0,True,5.0,-0.9257232212665987,-1.0195465207192969,-1.039093041438609,0.5,live_post_loss_cap;live_rolling_pf,5.380486316929819,-5.4856561042035805,768.6409024185455,763.1552463143419,False,S5_000607,0,secondary,3,3479012,S4_CONFIRMATION
S4_CONFIRMATION,S5,2226201,2226205,2024-04-19T18:14:00,2024-04-19T18:18:00,2024-04-19T18:14:00,2024-04-19T18:18:00,1520,2394.22,2395.8385,1.6185000000000271,1.9920000000000333,take_profit,False,1.61850000000004,19.0,True,5.0,0.7417506874427201,0.6317598533455633,0.6088450962419889,0.5,live_rolling_pf,5.342086724200393,3.374915925440121,763.1552463143419,766.530162239782,True,S5_000608,0,primary,3,3479552,S4_CONFIRMATION
S4_CONFIRMATION,S5,2226212,2226219,2024-04-19T18:25:00,2024-04-19T18:32:00,2024-04-19T18:25:00,2024-04-19T18:32:00,1522,2393.69,2391.474,1.8004999999999882,2.2159999999999855,stop_loss,False,-2.2159999999998945,19.0,True,5.0,-0.9210307564421895,-1.0207813798835867,-1.041562759767211,0.5,live_rolling_pf,5.365711135678475,-5.477218017134601,766.530162239782,761.0529442226474,False,S5_000609,0,primary,3,3479563,S4_CONFIRMATION
S4_CONFIRMATION,S5,2228151,2228156,2024-04-23T04:47:00,2024-04-23T04:52:00,2024-04-23T04:47:00,2024-04-23T04:52:00,1525,2310.01,2304.2968571428573,4.641928571428552,5.713142857142833,stop_loss,False,-5.713142857142884,19.0,True,5.0,-0.9678137553845495,-1.008470064372498,-1.0169401287449873,0.5,live_rolling_pf,5.327370609558532,-5.372493781557647,761.0529442226474,755.6804504410898,False,S5_000610,0,primary,3,3481502,S4_CONFIRMATION
S4_CONFIRMATION,S5,2228392,2228402,2024-04-23T08:48:00,2024-04-23T08:58:00,2024-04-23T08:48:00,2024-04-23T08:58:00,1536,2306.94,2308.617928571429,1.6779285714285868,2.065142857142876,take_profit,False,1.6779285714287653,19.0,True,5.0,0.7440453566452083,0.637621943494316,0.6154503990878801,0.5,live_rolling_pf,5.289763153087629,3.372869062296355,755.6804504410898,759.0533195033861,True,S5_000611,0,primary,3,3481743,S4_CONFIRMATION
S4_CONFIRMATION,S5,2228595,2228597,2024-04-23T12:11:00,2024-04-23T12:13:00,2024-04-23T12:11:00,2024-04-23T12:13:00,1537,2299.62,2297.788,1.5,1.831999999999971,stop_loss,False,-1.83199999999988,19.0,True,5.0,-0.906033630069192,-1.024727992086998,-1.0494559841740407,0.5,live_rolling_pf,5.313373236523703,-5.444762287871728,759.0533195033861,753.6085572155143,False,S5_000612,0,primary,3,3481946,S4_CONFIRMATION
S4_CONFIRMATION,S5,2228638,2228646,2024-04-23T12:54:00,2024-04-23T13:02:00,2024-04-23T12:54:00,2024-04-23T13:02:00,1541,2295.24,2296.748928571428,1.5089285714285716,1.8571428571428574,take_profit,False,1.5089285714284415,19.0,True,5.0,0.7370900209350375,0.6198534542916322,0.595429169574256,0.5,live_post_loss_cap;live_rolling_pf,5.2752599005086,3.269888071616388,753.6085572155143,756.8784452871307,True,S5_000613,0,primary,3,3481989,S4_CONFIRMATION
S4_CONFIRMATION,S5,2228888,2228890,2024-04-23T17:04:00,2024-04-23T17:06:00,2024-04-23T17:04:00,2024-04-23T17:06:00,1542,2327.2,2330.516857142857,3.316857142857124,4.082285714285692,take_profit,False,3.316857142857316,19.0,True,5.0,0.7763659466328273,0.7201899284424972,0.7084865913195119,0.5,live_rolling_pf,5.298149117009915,3.8156736334570502,756.8784452871307,760.6941189205878,True,S5_000614,0,secondary,3,3482239,S4_CONFIRMATION
S4_CONFIRMATION,S5,2228891,2228897,2024-04-23T17:07:00,2024-04-23T17:13:00,2024-04-23T17:07:00,2024-04-23T17:13:00,1543,2329.0,2324.9097142857145,3.3233571428571396,4.09028571428571,stop_loss,False,-4.090285714285528,19.0,True,5.0,-0.9556104398904853,-1.0116814631866606,-1.0233629263733637,0.5,live_rolling_pf,5.324858832444114,-5.387060974869475,760.6941189205878,755.3070579457184,False,S5_000615,0,secondary,3,3482242,S4_CONFIRMATION
S4_CONFIRMATION,S5,2229995,2230005,2024-04-24T12:32:00,2024-04-24T12:42:00,2024-04-24T12:32:00,2024-04-24T12:42:00,1544,2313.1,2314.737071428571,1.6370714285713541,2.014857142857051,take_profit,False,1.6370714285712893,19.0,True,5.0,0.7424841259556499,0.6336335363482851,0.610956330180084,0.5,live_rolling_pf,5.2871494056200286,3.3501151750847527,755.3070579457184,758.6571731208031,True,S5_000616,0,primary,3,3483346,S4_CONFIRMATION
S4_CONFIRMATION,S5,2233098,2233102,2024-04-26T18:17:00,2024-04-26T18:21:00,2024-04-26T18:17:00,2024-04-26T18:21:00,1547,2333.52,2331.4685714285715,1.6667857142857396,2.0514285714286027,stop_loss,False,-2.0514285714284597,19.0,True,5.0,-0.915232632249778,-1.0223072020394517,-1.0446144040789669,0.5,live_rolling_pf,5.310600211845622,-5.429064843722017,758.6571731208031,753.2281082770811,False,S5_000617,0,secondary,3,3486449,S4_CONFIRMATION
S4_CONFIRMATION,S5,2233118,2233119,2024-04-26T18:37:00,2024-04-26T18:38:00,2024-04-26T18:37:00,2024-04-26T18:38:00,1553,2333.07,2334.5798571428572,1.5098571428571632,1.8582857142857394,take_profit,False,1.5098571428570722,19.0,True,5.0,0.7371320965266687,0.6199609429487652,0.5955502859533687,0.5,live_post_loss_cap;live_rolling_pf,5.272596757939568,3.2688040578408173,753.2281082770811,756.496912334922,True,S5_000618,0,secondary,3,3486469,S4_CONFIRMATION
S4_CONFIRMATION,S5,2236184,2236199,2024-04-30T23:46:00,2024-05-01T01:02:00,2024-04-30T23:46:00,2024-05-01T01:02:00,1554,2286.49,2287.99,1.5,1.5131428571428842,take_profit,False,1.5,20.0,True,5.0,0.8755837224816406,0.7296531020680338,0.7004669779853124,0.5,live_rolling_pf,5.2954783863444534,3.8638622315304563,756.496912334922,760.3607745664524,True,S5_000619,0,secondary,3,3489535,S4_CONFIRMATION
S4_CONFIRMATION,S5,2239987,2239990,2024-05-03T18:12:00,2024-05-03T18:15:00,2024-05-03T18:12:00,2024-05-03T18:15:00,1556,2292.55,2294.689428571429,2.139428571428568,2.633142857142853,take_profit,False,2.1394285714286525,19.0,True,5.0,0.7578180346119112,0.6728063961137833,0.65509563809334,0.5,live_rolling_pf,5.3225254219651665,3.581029147376378,760.3607745664524,763.9418037138288,True,S5_000620,0,primary,3,3493338,S4_CONFIRMATION
S4_CONFIRMATION,S5,2239995,2240003,2024-05-03T18:20:00,2024-05-03T18:28:00,2024-05-03T18:20:00,2024-05-03T18:28:00,1557,2294.33,2292.1414285714286,1.7782142857143364,2.188571428571491,stop_loss,False,-2.188571428571322,19.0,True,5.0,-0.9201201201200513,-1.0210210210209496,-1.04204204204197,0.5,live_rolling_pf,5.347592625996802,-5.460004482999356,763.9418037138288,758.4817992308294,False,S5_000621,0,primary,3,3493346,S4_CONFIRMATION
S4_CONFIRMATION,S5,2240034,2240041,2024-05-03T18:59:00,2024-05-03T19:06:00,2024-05-03T18:59:00,2024-05-03T19:06:00,1560,2293.86,2295.36,1.5,1.642285714285702,take_profit,False,1.5,19.0,True,5.0,0.8186496179635172,0.6876656790893544,0.6603773584905704,0.5,live_post_loss_cap;live_rolling_pf,5.309372594615806,3.6510733108148856,758.4817992308294,762.1328725416444,True,S5_000622,0,primary,3,3493385,S4_CONFIRMATION
S4_CONFIRMATION,S5,2251030,2251037,2024-05-15T18:28:00,2024-05-15T18:35:00,2024-05-15T18:28:00,2024-05-15T18:35:00,1561,2383.92,2381.5222857142858,1.9481428571428587,2.397714285714288,stop_loss,False,-2.397714285714301,19.0,True,5.0,-0.9265761289610297,-1.0193220713260511,-1.0386441426520974,0.5,live_rolling_pf,5.334930107791511,-5.438012007853756,762.1328725416444,756.6948605337906,False,S5_000623,0,primary,3,3504381,S4_CONFIRMATION
S4_CONFIRMATION,S5,2252386,2252391,2024-05-16T18:05:00,2024-05-16T18:10:00,2024-05-16T18:05:00,2024-05-16T18:10:00,1563,2374.45,2375.95,1.5,1.6777142857141631,take_profit,False,1.5,19.0,True,5.0,0.8031206975677443,0.6746213859569052,0.6478506960379804,0.5,live_rolling_pf,5.296864023736534,3.57337774891841,756.6948605337906,760.268238282709,True,S5_000624,0,secondary,3,3505737,S4_CONFIRMATION
S4_CONFIRMATION,S5,2253801,2253803,2024-05-17T18:41:00,2024-05-17T18:43:00,2024-05-17T18:41:00,2024-05-17T18:43:00,1564,2406.46,2404.474857142857,1.6129285714286035,1.9851428571428966,stop_loss,False,-1.9851428571428187,19.0,True,5.0,-0.9126494154734978,-1.0229869959279816,-1.045973991855999,0.5,live_rolling_pf,5.3218776679789634,-5.444211648262012,760.268238282709,754.824026634447,False,S5_000625,0,primary,3,3507152,S4_CONFIRMATION
S4_CONFIRMATION,S5,2258452,2258461,2024-05-23T04:17:00,2024-05-23T04:26:00,2024-05-23T04:17:00,2024-05-23T04:26:00,1570,2376.24,2373.696,2.0669999999999784,2.5439999999999734,stop_loss,False,-2.543999999999869,19.0,True,5.0,-0.9305047549377812,-1.0182882223847463,-1.0365764447695307,0.5,live_rolling_pf,5.2837681864411294,-5.380398914064212,754.824026634447,749.4436277203828,False,S5_000626,0,primary,3,3511803,S4_CONFIRMATION
S4_CONFIRMATION,S5,2258726,2258727,2024-05-23T08:51:00,2024-05-23T08:52:00,2024-05-23T08:51:00,2024-05-23T08:52:00,1575,2362.49,2364.466,1.9759999999999764,2.431999999999971,take_profit,False,1.9760000000001128,19.0,True,5.0,0.7536231884058484,0.6620900076278154,0.6430205949657252,0.5,live_rolling_pf,5.246105394042679,3.4733939603580413,749.4436277203828,752.9170216807408,True,S5_000627,0,primary,3,3512077,S4_CONFIRMATION
S4_CONFIRMATION,S5,2258732,2258733,2024-05-23T08:57:00,2024-05-23T08:58:00,2024-05-23T08:57:00,2024-05-23T08:58:00,1576,2361.53,2358.875142857143,2.1570714285714305,2.654857142857145,stop_loss,False,-2.654857142857054,19.0,True,5.0,-0.9332128151049194,-1.0175755749723494,-1.0351511499447306,0.5,live_rolling_pf,5.270419151765186,-5.363049798702741,752.9170216807408,747.5539718820381,False,S5_000628,0,primary,3,3512083,S4_CONFIRMATION
S4_CONFIRMATION,S5,2259843,2259861,2024-05-24T04:29:00,2024-05-24T04:47:00,2024-05-24T04:29:00,2024-05-24T04:47:00,1577,2333.18,2334.776214285714,1.596214285714291,1.9645714285714349,take_profit,False,1.596214285714268,19.0,True,5.0,0.7408500198912507,0.6294589576979079,0.6062524864076282,0.5,live_rolling_pf,5.232877803174267,3.293881807746592,747.5539718820381,750.8478536897848,True,S5_000629,0,secondary,3,3513194,S4_CONFIRMATION
S4_CONFIRMATION,S5,2269805,2269806,2024-06-04T12:13:00,2024-06-04T12:14:00,2024-06-04T12:13:00,2024-06-04T12:14:00,1581,2328.42,2329.9818571428573,1.561857142857158,1.922285714285733,take_profit,False,1.5618571428572068,19.0,True,5.0,0.739415663465464,0.6257946706344085,0.6021236304612719,0.5,live_rolling_pf,5.2559349758284934,3.28913609707446,750.8478536897848,754.1369897868592,True,S5_000630,0,primary,3,3523156,S4_CONFIRMATION
S4_CONFIRMATION,S5,2269813,2269839,2024-06-04T12:21:00,2024-06-04T12:47:00,2024-06-04T12:21:00,2024-06-04T12:47:00,1582,2330.68,2332.3811428571425,1.7011428571429146,2.0937142857143565,take_profit,False,1.7011428571427132,19.0,True,5.0,0.7449017890653461,0.639809833604321,0.6179156762166074,0.5,live_rolling_pf,5.278958928508015,3.3775298336527575,754.1369897868592,757.5145196205119,True,S5_000631,0,secondary,3,3523164,S4_CONFIRMATION
S4_CONFIRMATION,S5,2272107,2272112,2024-06-06T04:37:00,2024-06-06T04:42:00,2024-06-06T04:37:00,2024-06-06T04:42:00,1584,2370.83,2368.0494285714285,2.259214285714321,2.780571428571472,stop_loss,False,-2.7805714285714203,19.0,True,5.0,-0.9360392420890477,-1.016831778397597,-1.0336635567952115,0.5,live_rolling_pf,5.302601637343583,-5.391853853034086,757.5145196205119,752.1226657674779,False,S5_000632,0,primary,3,3525458,S4_CONFIRMATION
S4_CONFIRMATION,S5,2274308,2274314,2024-06-07T18:20:00,2024-06-07T18:26:00,2024-06-07T18:20:00,2024-06-07T18:26:00,1586,2312.77,2310.698,1.6835000000000946,2.0720000000001164,stop_loss,False,-2.0720000000001164,19.0,True,5.0,-0.9160035366931962,-1.022104332449159,-1.0442086648983178,0.5,live_rolling_pf,5.2648586603723455,-5.38123484649905,752.1226657674779,746.7414309209788,False,S5_000633,0,secondary,3,3527659,S4_CONFIRMATION
S4_CONFIRMATION,S5,2274333,2274341,2024-06-07T18:45:00,2024-06-07T18:53:00,2024-06-07T18:45:00,2024-06-07T18:53:00,1588,2308.37,2306.1494285714284,1.8042142857141439,2.220571428571254,stop_loss,False,-2.220571428571475,19.0,True,5.0,-0.9211805144009393,-1.0207419698946054,-1.0414839397891191,0.5,live_post_loss_cap;live_rolling_pf,5.227190016446852,-5.335612234401375,746.7414309209788,741.4058186865774,False,S5_000634,0,secondary,3,3527684,S4_CONFIRMATION
S4_CONFIRMATION,S5,2274589,2274608,2024-06-07T23:01:00,2024-06-07T23:20:00,2024-06-07T23:01:00,2024-06-07T23:20:00,1589,2288.12,2289.675357142857,1.555357142857185,1.914285714285766,take_profit,False,1.5553571428572468,21.0,True,5.0,0.7321788836584037,0.6097848016140219,0.5862474781439485,0.5,live_rolling_pf,5.189840730806042,3.164686000442933,741.4058186865774,744.5705046870203,True,S5_000635,0,primary,3,3527940,S4_CONFIRMATION
S4_CONFIRMATION,S5,2276216,2276223,2024-06-11T04:11:00,2024-06-11T04:18:00,2024-06-11T04:11:00,2024-06-11T04:18:00,1593,2305.39,2307.6324999999997,2.242500000000051,2.7600000000000624,take_profit,False,2.2424999999998363,19.0,True,5.0,0.7601694915253522,0.678813559321964,0.6618644067795916,0.5,live_rolling_pf,5.211993532809142,3.537971881169231,744.5705046870203,748.1084765681895,True,S5_000636,0,secondary,3,3529567,S4_CONFIRMATION
S4_CONFIRMATION,S5,2276224,2276229,2024-06-11T04:19:00,2024-06-11T04:24:00,2024-06-11T04:19:00,2024-06-11T04:24:00,1593,2307.65,2309.318642857143,1.668642857142923,2.0537142857143666,take_profit,False,1.6686428571429133,19.0,True,5.0,0.7436966764293883,0.6367311855341928,0.6144467082643604,0.5,live_rolling_pf,5.236759335977327,3.334407980354096,748.1084765681895,751.4428845485436,True,S5_000637,1,secondary,3,3529575,S4_CONFIRMATION
S4_CONFIRMATION,S5,2278677,2278686,2024-06-12T22:13:00,2024-06-12T22:22:00,2024-06-12T22:13:00,2024-06-12T22:22:00,1595,2322.32,2320.3497142857145,1.6008571428569116,1.9702857142854295,stop_loss,False,-1.9702857142856374,19.0,True,5.0,-0.912048670810824,-1.0231450866288523,-1.046290173257608,0.5,live_rolling_pf,5.260100191839805,-5.38184566645638,751.4428845485436,746.0610388820872,False,S5_000638,0,primary,3,3532028,S4_CONFIRMATION
S4_CONFIRMATION,S5,2278978,2278980,2024-06-13T04:15:00,2024-06-13T04:17:00,2024-06-13T04:15:00,2024-06-13T04:17:00,1598,2315.65,2313.7014285714286,1.5832142857142606,1.9485714285713975,stop_loss,False,-1.9485714285715403,19.0,True,5.0,-0.9111556446226439,-1.0233800935204411,-1.0467601870408156,0.5,live_rolling_pf,5.222427272174611,-5.344528110201755,746.0610388820872,740.7165107718855,False,S5_000639,0,primary,3,3532329,S4_CONFIRMATION
S4_CONFIRMATION,S5,2279001,2279002,2024-06-13T04:38:00,2024-06-13T04:39:00,2024-06-13T04:38:00,2024-06-13T04:39:00,1601,2308.62,2310.418642857143,1.7986428571428048,2.213714285714221,take_profit,False,1.7986428571430224,19.0,True,5.0,0.7482764768811063,0.6484309996434952,0.6276298585523262,0.5,live_post_loss_cap;live_rolling_pf,5.185015575403199,3.3621248327257884,740.7165107718855,744.0786356046113,True,S5_000640,0,primary,3,3532352,S4_CONFIRMATION
S4_CONFIRMATION,S5,2279003,2279006,2024-06-13T04:40:00,2024-06-13T04:43:00,2024-06-13T04:40:00,2024-06-13T04:43:00,1601,2309.55,2311.1490000000003,1.5989999999999391,1.9679999999999251,take_profit,False,1.59900000000016,19.0,True,5.0,0.7409638554217866,0.6297497683040811,0.6065801668212258,0.5,live_post_loss_cap;live_rolling_pf,5.20855044923228,3.2800834386041458,744.0786356046113,747.3587190432155,True,S5_000641,1,secondary,3,3532354,S4_CONFIRMATION
S4_CONFIRMATION,S5,2287928,2287929,2024-06-21T18:07:00,2024-06-21T18:08:00,2024-06-21T18:07:00,2024-06-21T18:08:00,1602,2331.21,2332.71,1.5,1.7657142857142132,take_profit,False,1.5,19.0,True,5.0,0.7669831994156603,0.6442658875091547,0.618699780861966,0.5,live_rolling_pf,5.2315110333025086,3.3704840988845755,747.3587190432155,750.7292031421001,True,S5_000642,0,primary,3,3541279,S4_CONFIRMATION
S4_CONFIRMATION,S5,2287958,2287971,2024-06-21T18:37:00,2024-06-21T18:50:00,2024-06-21T18:37:00,2024-06-21T18:50:00,1603,2327.39,2328.951857142857,1.5618571428570738,1.9222857142856293,take_profit,False,1.5618571428572068,19.0,True,5.0,0.7394156634655003,0.6257946706344393,0.6021236304613016,0.5,live_rolling_pf,5.255104421994701,3.288616340911759,750.7292031421001,754.0178194830119,True,S5_000643,0,primary,3,3541309,S4_CONFIRMATION
S4_CONFIRMATION,S5,2287972,2287975,2024-06-21T18:51:00,2024-06-21T18:54:00,2024-06-21T18:51:00,2024-06-21T18:54:00,1604,2329.17,2330.7550714285717,1.5850714285714862,1.9508571428572137,take_profit,False,1.5850714285716094,19.0,True,5.0,0.7403910316295809,0.6282864006406617,0.6049312691846367,0.5,live_rolling_pf,5.278124736381083,3.316173992753312,754.0178194830119,757.3339934757652,True,S5_000644,0,secondary,3,3541323,S4_CONFIRMATION
S4_CONFIRMATION,S5,2287979,2287992,2024-06-21T18:58:00,2024-06-21T19:11:00,2024-06-21T18:58:00,2024-06-21T19:11:00,1605,2328.39,2326.6002857142857,1.5,1.7897142857143213,stop_loss,False,-1.7897142857141262,19.0,True,5.0,-0.9040265550583532,-1.0252561697213616,-1.0505123394428215,0.5,live_rolling_pf,5.301337954330356,-5.43522944545522,757.3339934757652,751.89876403031,False,S5_000645,0,secondary,3,3541330,S4_CONFIRMATION
S4_CONFIRMATION,S5,2288974,2288982,2024-06-24T12:35:00,2024-06-24T12:43:00,2024-06-24T12:35:00,2024-06-24T12:43:00,1606,2324.87,2326.4745714285714,1.604571428571574,1.9748571428573218,take_profit,False,1.6045714285714894,19.0,True,5.0,0.741190444767025,0.6303286261052946,0.6072324138841009,0.5,live_rolling_pf,5.26329134821217,3.3176032043104606,751.89876403031,755.2163672346204,True,S5_000646,0,primary,3,3542325,S4_CONFIRMATION
S4_CONFIRMATION,S5,2291260,2291267,2024-06-26T04:43:00,2024-06-26T04:50:00,2024-06-26T04:43:00,2024-06-26T04:50:00,1608,2314.72,2312.653714285714,1.6788571428571362,2.0662857142857063,stop_loss,False,-2.066285714285641,19.0,True,5.0,-0.915790806635402,-1.022160314043279,-1.0443206280865864,0.5,live_rolling_pf,5.286514570642343,-5.403665393722147,755.2163672346204,749.8127018408983,False,S5_000647,0,primary,3,3544611,S4_CONFIRMATION
S4_CONFIRMATION,S5,2307071,2307071,2024-07-11T18:02:00,2024-07-11T18:02:00,2024-07-11T18:02:00,2024-07-11T18:02:00,1612,2415.08,2412.912,1.7615000000001082,2.1680000000001334,stop_loss,False,-2.16800000000012,19.0,True,5.0,-0.919423240033926,-1.021204410517381,-1.0424088210347673,0.5,live_rolling_pf,5.248688912886288,-5.359984267273155,749.8127018408983,744.4527175736251,False,S5_000648,0,primary,3,3560422,S4_CONFIRMATION
S4_CONFIRMATION,S5,2307087,2307087,2024-07-11T18:18:00,2024-07-11T18:18:00,2024-07-11T18:18:00,2024-07-11T18:18:00,1615,2417.63,2419.195571428572,1.565571428571525,1.9268571428572614,take_profit,False,1.5655714285717295,19.0,True,5.0,0.7395734916993854,0.6261978674586035,0.6025779457417739,0.5,live_post_loss_cap;live_rolling_pf,5.211169023015376,3.263222929178563,744.4527175736251,747.7159405028037,True,S5_000649,0,secondary,3,3560438,S4_CONFIRMATION
S4_CONFIRMATION,S5,2307094,2307095,2024-07-11T18:25:00,2024-07-11T18:26:00,2024-07-11T18:25:00,2024-07-11T18:26:00,1616,2421.46,2423.206642857143,1.746642857142852,2.1497142857142797,take_profit,False,1.7466428571428878,19.0,True,5.0,0.7465197215777413,0.6439430943949348,0.6225729637318501,0.5,live_post_loss_cap;live_rolling_pf,5.234011583519626,3.3704056151905606,747.7159405028037,751.0863461179943,True,S5_000650,0,primary,3,3560445,S4_CONFIRMATION
S4_CONFIRMATION,S5,2307097,2307102,2024-07-11T18:28:00,2024-07-11T18:33:00,2024-07-11T18:28:00,2024-07-11T18:33:00,1617,2421.7,2423.5794285714283,1.8794285714285934,2.3131428571428843,take_profit,False,1.8794285714284342,19.0,True,5.0,0.7508275311036924,0.6549480652892886,0.6349731765779545,0.5,live_post_loss_cap;live_rolling_pf,5.25760442282596,3.4434578447862694,751.0863461179943,754.5298039627805,True,S5_000651,0,primary,3,3560448,S4_CONFIRMATION
S4_CONFIRMATION,S5,2307107,2307111,2024-07-11T18:38:00,2024-07-11T18:42:00,2024-07-11T18:38:00,2024-07-11T18:42:00,1619,2421.17,2418.8397142857143,1.8933571428572156,2.3302857142858038,stop_loss,False,-2.3302857142857647,19.0,True,5.0,-0.9246117220269683,-1.0198390205191994,-1.039678041038414,0.5,live_post_loss_cap;live_rolling_pf,5.281708627739464,-5.38649255358162,754.5298039627805,749.1433114091989,False,S5_000652,0,primary,3,3560458,S4_CONFIRMATION
S4_CONFIRMATION,S5,2307126,2307128,2024-07-11T18:57:00,2024-07-11T18:59:00,2024-07-11T18:57:00,2024-07-11T18:59:00,1620,2419.2,2417.453714285714,1.5,1.746285714285737,stop_loss,False,-1.746285714285932,19.0,True,5.0,-0.9018739855394261,-1.0258226353844888,-1.0516452707688768,0.5,live_post_loss_cap;live_rolling_pf,5.244003179864392,-5.37941716193313,749.1433114091989,743.7638942472657,False,S5_000653,0,primary,3,3560477,S4_CONFIRMATION
S4_CONFIRMATION,S5,2312619,2312625,2024-07-17T18:35:00,2024-07-17T18:41:00,2024-07-17T18:35:00,2024-07-17T18:41:00,1622,2464.08,2461.96,1.722500000000017,2.120000000000021,stop_loss,False,-2.119999999999891,19.0,True,5.0,-0.9177489177488621,-1.0216450216449653,-1.0432900432899865,0.5,live_rolling_pf,5.20634725973086,-5.31903875885894,743.7638942472657,738.4448554884068,False,S5_000654,0,primary,3,3565970,S4_CONFIRMATION
S4_CONFIRMATION,S5,2312640,2312643,2024-07-17T18:56:00,2024-07-17T18:59:00,2024-07-17T18:56:00,2024-07-17T18:59:00,1624,2461.63,2463.2317857142857,1.6017857142857144,1.9714285714285715,take_profit,False,1.6017857142855974,19.0,True,5.0,0.7410773298082737,0.6300396563119088,0.6069068076668328,0.5,live_post_loss_cap;live_rolling_pf,5.1691139884188475,3.256746800700491,738.4448554884068,741.7016022891073,True,S5_000655,0,primary,3,3565991,S4_CONFIRMATION
S4_CONFIRMATION,S5,2314516,2314526,2024-07-19T04:14:00,2024-07-19T04:24:00,2024-07-19T04:14:00,2024-07-19T04:24:00,1625,2426.93,2423.7665714285713,2.570285714285657,3.1634285714285006,stop_loss,False,-3.1634285714285397,19.0,True,5.0,-0.9433415693959378,-1.0149101133168732,-1.0298202266337346,0.5,live_rolling_pf,5.191911216023751,-5.26932320058581,741.7016022891073,736.4322790885215,False,S5_000656,0,primary,3,3567867,S4_CONFIRMATION
S4_CONFIRMATION,S5,2314822,2314824,2024-07-19T09:20:00,2024-07-19T09:22:00,2024-07-19T09:20:00,2024-07-19T09:22:00,1628,2415.13,2417.3474285714287,2.217428571428666,2.729142857142974,take_profit,False,2.217428571428627,19.0,True,5.0,0.7596163257316124,0.6774004110795653,0.6602720955270553,0.5,live_rolling_pf,5.15502595361965,3.492016700107779,736.4322790885215,739.9242957886293,True,S5_000657,0,primary,3,3568173,S4_CONFIRMATION
S4_CONFIRMATION,S5,2319778,2319788,2024-07-24T23:01:00,2024-07-24T23:11:00,2024-07-24T23:01:00,2024-07-24T23:11:00,1629,2399.32,2397.8205714285714,1.5,1.4994285714285591,stop_loss,False,-1.4994285714287798,19.0,True,5.0,-0.8875359377643781,-1.0295958058516446,-1.0591916117031583,0.5,live_rolling_pf,5.179470070520405,-5.332760661141931,739.9242957886293,734.5915351274873,False,S5_000658,0,secondary,3,3573129,S4_CONFIRMATION
S4_CONFIRMATION,S5,2320036,2320040,2024-07-25T04:20:00,2024-07-25T04:24:00,2024-07-25T04:20:00,2024-07-25T04:24:00,1630,2392.3,2389.862285714286,1.9806428571428505,2.4377142857142777,stop_loss,False,-2.4377142857142644,19.0,True,5.0,-0.9276938131999513,-1.0190279438947434,-1.0380558877894916,0.5,live_rolling_pf,5.142140745892411,-5.239985111504126,734.5915351274873,729.3515500159832,False,S5_000659,0,primary,3,3573387,S4_CONFIRMATION
S4_CONFIRMATION,S5,2320055,2320056,2024-07-25T04:39:00,2024-07-25T04:40:00,2024-07-25T04:39:00,2024-07-25T04:40:00,1631,2380.75,2376.638,3.3410000000000015,4.112000000000002,stop_loss,False,-4.11200000000008,19.0,True,5.0,-0.9558344955834677,-1.0116225011622682,-1.0232450023245183,0.5,live_post_loss_cap;live_rolling_pf,5.105460850111883,-5.164799074776223,729.3515500159832,724.186750941207,False,S5_000660,0,primary,3,3573406,S4_CONFIRMATION
S4_CONFIRMATION,S5,2320071,2320084,2024-07-25T04:55:00,2024-07-25T05:08:00,2024-07-25T04:55:00,2024-07-25T05:08:00,1633,2375.28,2379.1540000000005,3.8740000000000236,4.768000000000029,take_profit,False,3.874000000000251,19.0,True,5.0,0.78136345300529,0.7329568374344956,0.7228721258572468,0.5,live_post_loss_cap;live_rolling_pf,5.069307256588449,3.715583414772809,724.186750941207,727.9023343559799,True,S5_000661,0,primary,3,3573422,S4_CONFIRMATION
S4_CONFIRMATION,S5,2327775,2327776,2024-08-01T18:25:00,2024-08-01T18:26:00,2024-08-01T18:25:00,2024-08-01T18:26:00,1638,2446.97,2449.1029285714285,2.1329285714285953,2.6251428571428868,take_profit,False,2.1329285714286925,17.0,True,5.0,0.7630839210876362,0.6843759582950376,0.6664877849330834,0.5,live_rolling_pf,5.095316340491859,3.48711200334048,727.9023343559799,731.3894463593203,True,S5_000662,0,primary,3,3581126,S4_CONFIRMATION
S4_CONFIRMATION,S5,2327777,2327789,2024-08-01T18:27:00,2024-08-01T18:39:00,2024-08-01T18:27:00,2024-08-01T18:39:00,1639,2448.37,2445.7631428571426,2.118071428571466,2.606857142857189,stop_loss,False,-2.6068571428572795,17.0,True,5.0,-0.9387797098467258,-1.0180059676921818,-1.036011935384331,0.5,live_rolling_pf,5.119726124515243,-5.211911747706083,731.3894463593203,726.1775346116143,False,S5_000663,0,primary,3,3581128,S4_CONFIRMATION
S4_CONFIRMATION,S5,2327804,2327842,2024-08-01T18:54:00,2024-08-01T19:32:00,2024-08-01T18:54:00,2024-08-01T19:32:00,1642,2445.49,2447.339714285714,1.8497142857142927,2.276571428571437,take_profit,False,1.8497142857140716,17.0,True,5.0,0.7560434427185833,0.6661216863247963,0.6456849235080265,0.5,live_post_loss_cap;live_rolling_pf,5.083242742281301,3.3860582274867017,726.1775346116143,729.563592839101,True,S5_000664,0,primary,3,3581155,S4_CONFIRMATION
S4_CONFIRMATION,S5,2329169,2329174,2024-08-02T18:40:00,2024-08-02T18:45:00,2024-08-02T18:40:00,2024-08-02T18:45:00,1644,2424.18,2420.521714285714,2.972357142857163,3.6582857142857392,stop_loss,False,-3.6582857142857392,17.0,True,5.0,-0.9555937010224647,-1.0130606761698635,-1.0261213523397268,0.5,live_rolling_pf,5.106945149873708,-5.173645306693463,729.563592839101,724.3899475324075,False,S5_000665,0,primary,3,3582520,S4_CONFIRMATION
S4_CONFIRMATION,S5,2329221,2329223,2024-08-02T19:32:00,2024-08-02T19:34:00,2024-08-02T19:32:00,2024-08-02T19:34:00,1646,2435.21,2432.3345714285715,2.336285714285743,2.875428571428607,stop_loss,False,-2.875428571428529,17.0,True,5.0,-0.9441786283891297,-1.0164180504737523,-1.03283610094753,0.5,live_post_loss_cap;live_rolling_pf,5.070729632726853,-5.153981127775714,724.3899475324075,719.2359664046318,False,S5_000666,0,primary,3,3582572,S4_CONFIRMATION
S4_CONFIRMATION,S5,2329248,2329254,2024-08-02T19:59:00,2024-08-02T20:05:00,2024-08-02T19:59:00,2024-08-02T20:05:00,1650,2430.25,2427.692285714286,2.0781428571426983,2.5577142857140904,stop_loss,False,-2.5577142857141553,17.0,True,5.0,-0.9376767570964895,-1.018330365559887,-1.03666073111975,0.5,live_post_loss_cap;live_rolling_pf,5.0346517648324225,-5.126938772148531,719.2359664046318,714.1090276324833,False,S5_000667,0,primary,3,3582599,S4_CONFIRMATION
S4_CONFIRMATION,S5,2329308,2329308,2024-08-02T20:59:00,2024-08-02T20:59:00,2024-08-02T20:59:00,2024-08-02T20:59:00,1651,2426.48,2427.98,1.5,1.7394285714287046,take_profit,False,1.5,17.0,True,5.0,0.7855753404159261,0.6703576238215903,0.6441717791410594,0.5,live_post_loss_cap;live_rolling_pf,4.998763193427383,3.350959016392805,714.1090276324833,717.4599866488761,True,S5_000668,0,primary,3,3582659,S4_CONFIRMATION
S4_CONFIRMATION,S5,2330156,2330162,2024-08-05T12:09:00,2024-08-05T12:15:00,2024-08-05T12:09:00,2024-08-05T12:15:00,1652,2424.21,2422.2202857142856,1.6166428571429703,1.989714285714425,stop_loss,False,-1.989714285714399,18.0,True,5.0,-0.9170397682380761,-1.0230445088227413,-1.046089017645495,0.5,live_rolling_pf,5.022219906542133,-5.13795449748819,717.4599866488761,712.3220321513879,False,S5_000669,0,primary,3,3583507,S4_CONFIRMATION
S4_CONFIRMATION,S5,2331334,2331341,2024-08-06T08:48:00,2024-08-06T08:55:00,2024-08-06T08:48:00,2024-08-06T08:55:00,1653,2403.77,2401.154,2.125500000000073,2.61600000000009,stop_loss,False,-2.6159999999999854,17.0,True,5.0,-0.9389806173725417,-1.0179468772433218,-1.0358937544866806,0.5,live_rolling_pf,4.9862542250597155,-5.0757419175408565,712.3220321513879,707.246290233847,False,S5_000670,0,primary,3,3584685,S4_CONFIRMATION
S4_CONFIRMATION,S5,2332451,2332453,2024-08-07T04:26:00,2024-08-07T04:28:00,2024-08-07T04:26:00,2024-08-07T04:28:00,1656,2381.13,2383.054,1.923999999999939,2.3679999999999253,take_profit,False,1.9239999999999782,17.0,True,5.0,0.7580772261623463,0.6713947990543847,0.6516942474389389,0.5,live_rolling_pf,4.95072403163693,3.32389036639459,707.246290233847,710.5701806002417,True,S5_000671,0,primary,3,3585802,S4_CONFIRMATION
S4_CONFIRMATION,S5,2332454,2332460,2024-08-07T04:29:00,2024-08-07T04:35:00,2024-08-07T04:29:00,2024-08-07T04:35:00,1656,2382.42,2384.4145714285714,1.9945714285713458,2.454857142857041,take_profit,False,1.994571428571362,17.0,True,5.0,0.7598780886034656,0.6760640034831837,0.6570153477740287,0.5,live_rolling_pf,4.9739912642016915,3.362736447366578,710.5701806002417,713.9329170476083,True,S5_000672,1,primary,3,3585805,S4_CONFIRMATION
S4_CONFIRMATION,S5,2332474,2332476,2024-08-07T04:49:00,2024-08-07T04:51:00,2024-08-07T04:49:00,2024-08-07T04:51:00,1657,2382.28,2384.6395,2.359500000000071,2.9040000000000874,take_profit,False,2.3595000000000255,17.0,True,5.0,0.7675666883539227,0.695998698763814,0.679733246584244,0.5,live_rolling_pf,4.997530419333258,3.4782746688885258,713.9329170476083,717.4111917164968,True,S5_000673,0,primary,3,3585825,S4_CONFIRMATION
S4_CONFIRMATION,S5,2332484,2332486,2024-08-07T04:59:00,2024-08-07T05:01:00,2024-08-07T04:59:00,2024-08-07T05:01:00,1658,2383.57,2385.9629285714286,2.392928571428612,2.945142857142907,take_profit,False,2.392928571428456,17.0,True,5.0,0.7681601394111219,0.697537375034346,0.6814867467668969,0.5,live_rolling_pf,5.021878342015477,3.50294783643131,717.4111917164968,720.9141395529281,True,S5_000674,0,primary,3,3585835,S4_CONFIRMATION
S4_CONFIRMATION,S5,2333816,2333819,2024-08-08T04:12:00,2024-08-08T04:15:00,2024-08-08T04:12:00,2024-08-08T04:15:00,1661,2389.13,2387.0214285714287,1.7132142857142265,2.1085714285713557,stop_loss,False,-2.108571428571395,17.0,True,5.0,-0.9253918495297954,-1.0219435736677296,-1.0438871473354419,0.5,live_rolling_pf,5.046398976870496,-5.157135004576209,720.9141395529281,715.7570045483519,False,S5_000675,0,primary,3,3587167,S4_CONFIRMATION
S4_CONFIRMATION,S5,2336047,2336065,2024-08-09T18:24:00,2024-08-09T18:42:00,2024-08-09T18:24:00,2024-08-09T18:42:00,1662,2429.16,2430.724642857143,1.564642857142891,1.9257142857143272,take_profit,False,1.5646428571430988,17.0,True,5.0,0.7465916837083486,0.641615541922393,0.6177573278801303,0.5,live_rolling_pf,5.010299031838463,3.2146857285062764,715.7570045483519,718.9716902768582,True,S5_000676,0,secondary,3,3589398,S4_CONFIRMATION
S4_CONFIRMATION,S5,2340160,2340162,2024-08-14T18:01:00,2024-08-14T18:03:00,2024-08-14T18:01:00,2024-08-14T18:03:00,1663,2450.38,2452.0235714285714,1.6435714285713694,2.02285714285707,take_profit,False,1.6435714285712493,17.0,True,5.0,0.749511400651409,0.6491856677523828,0.626384364820786,0.5,live_rolling_pf,5.0328018319380075,3.2672228179320912,718.9716902768582,722.2389130947903,True,S5_000677,0,primary,3,3593511,S4_CONFIRMATION
S4_CONFIRMATION,S5,2340163,2340177,2024-08-14T18:04:00,2024-08-14T18:18:00,2024-08-14T18:04:00,2024-08-14T18:18:00,1663,2451.22,2449.1697142857142,1.6658571428570634,2.0502857142856166,stop_loss,False,-2.0502857142855646,17.0,True,5.0,-0.9234332775704275,-1.0225196242439618,-1.0450392484879467,0.5,live_rolling_pf,5.055672391663532,-5.169524234224367,722.2389130947903,717.0693888605659,False,S5_000678,1,primary,3,3593514,S4_CONFIRMATION
S4_CONFIRMATION,S5,2340193,2340204,2024-08-14T18:34:00,2024-08-14T18:45:00,2024-08-14T18:34:00,2024-08-14T18:45:00,1666,2445.39,2443.383142857143,1.6305714285714237,2.006857142857137,stop_loss,False,-2.0068571428569157,17.0,True,5.0,-0.9219057619109101,-1.0229688935554833,-1.045937787111068,0.5,live_post_loss_cap;live_rolling_pf,5.019485722023962,-5.1347777552763985,717.0693888605659,711.9346111052895,False,S5_000679,0,primary,3,3593544,S4_CONFIRMATION
S4_CONFIRMATION,S5,2341543,2341547,2024-08-15T18:05:00,2024-08-15T18:09:00,2024-08-15T18:05:00,2024-08-15T18:09:00,1673,2454.05,2455.6991428571428,1.649142857142793,2.0297142857142068,take_profit,False,1.6491428571425786,17.0,True,5.0,0.7497077542536995,0.6496947655538647,0.6269645408493568,0.5,live_rolling_pf,4.983542277737026,3.2377813317621302,711.9346111052895,715.1723924370516,True,S5_000680,0,secondary,3,3594894,S4_CONFIRMATION
S4_CONFIRMATION,S5,2342919,2342924,2024-08-16T18:02:00,2024-08-16T18:07:00,2024-08-16T18:02:00,2024-08-16T18:07:00,1674,2487.71,2489.556,1.84600000000001,2.2720000000000122,take_profit,False,1.8460000000000036,17.0,True,5.0,0.7559377559377537,0.6658476658476641,0.6453726453726436,0.5,live_rolling_pf,5.006206747059362,3.333371077280303,715.1723924370516,718.5057635143319,True,S5_000681,0,primary,3,3596270,S4_CONFIRMATION
S4_CONFIRMATION,S5,2345718,2345721,2024-08-20T18:44:00,2024-08-20T18:47:00,2024-08-20T18:44:00,2024-08-20T18:47:00,1675,2510.62,2508.616571428571,1.6277857142858174,2.0034285714286986,stop_loss,False,-2.0034285714286852,17.0,True,5.0,-0.9217825686867344,-1.023005126856835,-1.046010253713676,0.5,live_rolling_pf,5.029540344600323,-5.145245558259424,718.5057635143319,713.3605179560725,False,S5_000682,0,secondary,3,3599069,S4_CONFIRMATION
S4_CONFIRMATION,S5,2347061,2347073,2024-08-21T18:08:00,2024-08-21T18:20:00,2024-08-21T18:08:00,2024-08-21T18:20:00,1676,2505.41,2507.178,1.7679999999999967,2.175999999999996,take_profit,False,1.768000000000029,17.0,True,5.0,0.7536231884058108,0.6598465473145915,0.6385336743393144,0.5,live_rolling_pf,4.993523625692507,3.2949593233470416,713.3605179560725,716.6554772794195,True,S5_000683,0,secondary,3,3600412,S4_CONFIRMATION
S4_CONFIRMATION,S5,2349834,2349834,2024-08-23T18:23:00,2024-08-23T18:23:00,2024-08-23T18:23:00,2024-08-23T18:23:00,1679,2515.13,2516.7670714285714,1.6370714285714387,2.0148571428571556,take_profit,False,1.6370714285712893,17.0,True,5.0,0.7492807636981142,0.6485876814436359,0.6257028900221636,0.5,live_rolling_pf,5.016588340955937,3.253697400817787,716.6554772794195,719.9091746802374,True,S5_000684,0,secondary,3,3603185,S4_CONFIRMATION
S4_CONFIRMATION,S5,2349850,2349856,2024-08-23T18:39:00,2024-08-23T18:45:00,2024-08-23T18:39:00,2024-08-23T18:45:00,1680,2516.45,2514.408857142857,1.6584285714286255,2.041142857142924,stop_loss,False,-2.0411428571428587,17.0,True,5.0,-0.9231166817418,-1.0226127406641383,-1.0452254813283062,0.5,live_rolling_pf,5.0393642227616615,-5.153318059043108,719.9091746802374,714.7558566211942,False,S5_000685,0,secondary,3,3603201,S4_CONFIRMATION
S4_CONFIRMATION,S5,2356726,2356734,2024-08-30T18:22:00,2024-08-30T18:30:00,2024-08-30T18:22:00,2024-08-30T18:30:00,1682,2506.26,2504.0234285714287,1.8172142857143854,2.2365714285715512,stop_loss,False,-2.2365714285715512,17.0,True,5.0,-0.9293600854802363,-1.0207764454469894,-1.0415528908939786,0.5,live_rolling_pf,5.003290996348359,-5.107241598789404,714.7558566211942,709.6486150224048,False,S5_000686,0,secondary,3,3610077,S4_CONFIRMATION
S4_CONFIRMATION,S5,2356749,2356751,2024-08-30T18:45:00,2024-08-30T18:47:00,2024-08-30T18:45:00,2024-08-30T18:47:00,1685,2504.99,2503.1865714285714,1.5,1.8034285714285425,stop_loss,False,-1.8034285714284124,17.0,True,5.0,-0.9138555089039433,-1.0253366150281669,-1.0506732300563992,0.5,live_post_loss_cap;live_rolling_pf,4.967540305156834,-5.093400961505495,709.6486150224048,704.5552140608993,False,S5_000687,0,primary,3,3610100,S4_CONFIRMATION
S4_CONFIRMATION,S5,2360335,2360359,2024-09-04T12:08:00,2024-09-04T12:32:00,2024-09-04T12:08:00,2024-09-04T12:32:00,1687,2474.91,2476.439357142857,1.5293571428571244,1.8822857142856915,take_profit,False,1.5293571428569521,17.0,True,5.0,0.7451969928998179,0.6379994431295257,0.6136363636362775,0.5,live_rolling_pf,4.931886498426295,3.146540839574003,704.5552140608993,707.7017549004732,True,S5_000688,0,primary,3,3613686,S4_CONFIRMATION
S4_CONFIRMATION,S5,2362099,2362102,2024-09-05T18:33:00,2024-09-05T18:36:00,2024-09-05T18:33:00,2024-09-05T18:36:00,1689,2507.36,2508.8828571428576,1.522857142857236,1.874285714285829,take_profit,False,1.5228571428574469,17.0,True,5.0,0.7449336128582481,0.6373165618449766,0.6128581411601423,0.5,live_rolling_pf,4.953912284303313,3.157210344713782,707.7017549004732,710.858965245187,True,S5_000689,0,secondary,3,3615450,S4_CONFIRMATION
S4_CONFIRMATION,S5,2362103,2362104,2024-09-05T18:37:00,2024-09-05T18:38:00,2024-09-05T18:37:00,2024-09-05T18:38:00,1690,2508.63,2510.13,1.5,1.7977142857143917,take_profit,False,1.5,17.0,True,5.0,0.7623057935239897,0.650500943807138,0.6250907506896716,0.5,live_rolling_pf,4.976012756716309,3.2369009946403176,710.858965245187,714.0958662398274,True,S5_000690,0,primary,3,3615454,S4_CONFIRMATION
S4_CONFIRMATION,S5,2363491,2363497,2024-09-06T18:46:00,2024-09-06T18:52:00,2024-09-06T18:46:00,2024-09-06T18:52:00,1691,2508.42,2505.9057142857146,2.042857142857016,2.5142857142855584,stop_loss,False,-2.5142857142855064,17.0,True,5.0,-0.9366684406599025,-1.0186269292176509,-1.0372538584353208,0.5,live_rolling_pf,4.998671063678792,-5.091780955764256,714.0958662398274,709.0040852840631,False,S5_000691,0,secondary,3,3616842,S4_CONFIRMATION
S4_CONFIRMATION,S5,2368964,2368967,2024-09-12T18:04:00,2024-09-12T18:07:00,2024-09-12T18:04:00,2024-09-12T18:07:00,1694,2552.53,2554.429857142857,1.8998571428571462,2.3382857142857185,take_profit,False,1.8998571428569448,17.0,True,5.0,0.7574325093973455,0.6697232030982228,0.6497892698484221,0.5,live_rolling_pf,4.963028596988441,3.3238554090431776,709.0040852840631,712.3279406931063,True,S5_000692,0,secondary,3,3622315,S4_CONFIRMATION
S4_CONFIRMATION,S5,2368969,2368970,2024-09-12T18:09:00,2024-09-12T18:10:00,2024-09-12T18:09:00,2024-09-12T18:10:00,1695,2554.47,2552.363714285714,1.7113571428571277,2.1062857142856957,stop_loss,False,-2.1062857142856046,17.0,True,5.0,-0.9253169323458864,-1.0219656081335111,-1.0439312162670622,0.5,live_rolling_pf,4.986295584851744,-5.095822599706454,712.3279406931063,707.2321180933998,False,S5_000693,0,primary,3,3622320,S4_CONFIRMATION
S4_CONFIRMATION,S5,2368987,2369028,2024-09-12T18:27:00,2024-09-12T19:08:00,2024-09-12T18:27:00,2024-09-12T19:08:00,1697,2553.05,2550.9437142857146,1.7113571428571277,2.1062857142856957,stop_loss,False,-2.1062857142856046,17.0,True,5.0,-0.9253169323458864,-1.0219656081335111,-1.0439312162670622,0.5,live_post_loss_cap;live_rolling_pf,4.950624826653798,-5.059368311612107,707.2321180933998,702.1727497817876,False,S5_000694,0,primary,3,3622338,S4_CONFIRMATION
S4_CONFIRMATION,S5,2370367,2370371,2024-09-13T18:28:00,2024-09-13T18:32:00,2024-09-13T18:28:00,2024-09-13T18:32:00,1698,2577.44,2579.1225714285715,1.682571428571334,2.0708571428570264,take_profit,False,1.682571428571464,17.0,True,5.0,0.7508606400612559,0.6526839219686842,0.6303710314930997,0.5,live_rolling_pf,4.915209248472514,3.208078049589789,702.1727497817876,705.3808278313774,True,S5_000695,0,primary,3,3623718,S4_CONFIRMATION
S4_CONFIRMATION,S5,2373148,2373156,2024-09-17T18:52:00,2024-09-17T19:00:00,2024-09-17T18:52:00,2024-09-17T19:00:00,1699,2566.18,2564.0131428571426,1.7605714285713896,2.166857142857095,stop_loss,False,-2.166857142857225,17.0,True,5.0,-0.927252720381519,-1.02139625871139,-1.0427925174227244,0.5,live_rolling_pf,4.937665794819641,-5.0433133695959835,705.3808278313774,700.3375144617813,False,S5_000696,0,primary,3,3626499,S4_CONFIRMATION
S4_CONFIRMATION,S5,2375531,2375564,2024-09-19T12:37:00,2024-09-19T13:10:00,2024-09-19T12:37:00,2024-09-19T13:10:00,1702,2591.98,2589.5114285714285,2.005714285714235,2.4685714285713662,stop_loss,False,-2.468571428571522,17.0,True,5.0,-0.9355711965349791,-1.0189496480780238,-1.0378992961559885,0.5,live_rolling_pf,4.902362601232469,-4.99526064727669,700.3375144617813,695.3422538145046,False,S5_000697,0,primary,3,3628882,S4_CONFIRMATION
S4_CONFIRMATION,S5,2375858,2375860,2024-09-19T18:04:00,2024-09-19T18:06:00,2024-09-19T18:04:00,2024-09-19T18:06:00,1704,2581.12,2582.7617142857143,1.6417142857142284,2.020571428571358,take_profit,False,1.6417142857144427,17.0,True,5.0,0.7494456762750404,0.6490152602061706,0.6261901656450638,0.5,live_rolling_pf,4.867395776701533,3.159014136542361,695.3422538145046,698.501267951047,True,S5_000698,0,primary,3,3629209,S4_CONFIRMATION
S4_CONFIRMATION,S5,2375861,2375873,2024-09-19T18:07:00,2024-09-19T18:19:00,2024-09-19T18:07:00,2024-09-19T18:19:00,1704,2582.71,2584.297857142857,1.5878571428570922,1.954285714285652,take_profit,False,1.5878571428570467,17.0,True,5.0,0.7474781439138973,0.6439139206455688,0.6203765971754941,0.5,live_rolling_pf,4.889508875657329,3.148422830155818,698.501267951047,701.6496907812028,True,S5_000699,1,primary,3,3629212,S4_CONFIRMATION
S4_CONFIRMATION,S5,2377242,2377242,2024-09-20T18:09:00,2024-09-20T18:09:00,2024-09-20T18:09:00,2024-09-20T18:09:00,1706,2617.94,2616.108,1.5,1.8320000000000751,stop_loss,False,-1.83199999999988,17.0,True,5.0,-0.9150849150848207,-1.0249750249749265,-1.0499500499499506,0.5,live_rolling_pf,4.911547835468419,-5.03421386532479,701.6496907812028,696.615476915878,False,S5_000700,0,primary,3,3630593,S4_CONFIRMATION
S4_CONFIRMATION,S5,2381375,2381379,2024-09-25T18:06:00,2024-09-25T18:10:00,2024-09-25T18:06:00,2024-09-25T18:10:00,1707,2657.5,2659.593,2.0929999999999547,2.575999999999944,take_profit,False,2.092999999999847,17.0,True,5.0,0.7621995630006883,0.6820830298615752,0.663874726875413,0.5,live_rolling_pf,4.876308338411146,3.3260471660027378,696.615476915878,699.9415240818807,True,S5_000701,0,primary,3,3634726,S4_CONFIRMATION
S4_CONFIRMATION,S5,2381412,2381436,2024-09-25T18:43:00,2024-09-25T19:07:00,2024-09-25T18:43:00,2024-09-25T19:07:00,1708,2658.22,2656.2074285714284,1.6352142857142975,2.012571428571443,stop_loss,False,-2.012571428571391,17.0,True,5.0,-0.9221102238512662,-1.0229087576907734,-1.0458175153815703,0.5,live_rolling_pf,4.899590668573166,-5.011834203983483,699.9415240818807,694.9296898778973,False,S5_000702,0,secondary,3,3634763,S4_CONFIRMATION
S4_CONFIRMATION,S5,2382753,2382758,2024-09-26T18:05:00,2024-09-26T18:10:00,2024-09-26T18:05:00,2024-09-26T18:10:00,1709,2665.4,2667.243214285714,1.8432142857142773,2.268571428571418,take_profit,False,1.8432142857141116,17.0,True,5.0,0.755858230814226,0.6656414762740968,0.6451376684240673,0.5,live_rolling_pf,4.864507829145281,3.2380181727391664,694.9296898778973,698.1677080506365,True,S5_000703,0,primary,3,3636104,S4_CONFIRMATION
S4_CONFIRMATION,S5,2382759,2382769,2024-09-26T18:11:00,2024-09-26T18:21:00,2024-09-26T18:11:00,2024-09-26T18:21:00,1709,2666.21,2668.071785714286,1.861785714285689,2.2914285714285403,take_profit,False,1.8617857142858156,17.0,True,5.0,0.7563842135810142,0.667005223447525,0.6466918165990047,0.5,live_rolling_pf,4.887173956354456,3.2597705567851287,698.1677080506365,701.4274786074217,True,S5_000704,1,primary,3,3636110,S4_CONFIRMATION
S4_CONFIRMATION,S5,2382778,2382780,2024-09-26T18:30:00,2024-09-26T18:32:00,2024-09-26T18:30:00,2024-09-26T18:32:00,1710,2669.74,2671.399357142857,1.6593571428570904,2.04228571428565,take_profit,False,1.6593571428570613,17.0,True,5.0,0.7500645744543308,0.6506199147617023,0.6280188557406504,0.5,live_rolling_pf,4.909992350251952,3.1945388044015353,701.4274786074217,704.6220174118232,True,S5_000705,0,primary,3,3636129,S4_CONFIRMATION
S4_CONFIRMATION,S5,2382785,2382792,2024-09-26T18:37:00,2024-09-26T18:44:00,2024-09-26T18:37:00,2024-09-26T18:44:00,1711,2670.68,2672.18,1.5,1.7931428571427597,take_profit,False,1.5,18.0,True,5.0,0.7602085143353982,0.6436432088039704,0.6183029249927905,0.5,live_rolling_pf,4.932354121882763,3.174676233966111,704.6220174118232,707.7966936457893,True,S5_000706,0,primary,3,3636136,S4_CONFIRMATION
S4_CONFIRMATION,S5,2384162,2384165,2024-09-27T18:35:00,2024-09-27T18:38:00,2024-09-27T18:35:00,2024-09-27T18:38:00,1712,2652.06,2649.7799999999997,1.8525000000000678,2.2800000000000833,stop_loss,False,-2.2800000000002,17.0,True,5.0,-0.9306122448980092,-1.0204081632653532,-1.0408163265306585,0.5,live_rolling_pf,4.954576855520526,-5.0556906688987295,707.7966936457893,702.7410029768906,False,S5_000707,0,secondary,3,3637513,S4_CONFIRMATION
S4_CONFIRMATION,S5,2384184,2384190,2024-09-27T18:57:00,2024-09-27T19:03:00,2024-09-27T18:57:00,2024-09-27T19:03:00,1715,2649.41,2646.927714285714,2.016857142857082,2.4822857142856396,stop_loss,False,-2.4822857142858084,17.0,True,5.0,-0.9359043412690482,-1.0188516643327152,-1.037703328665367,0.5,live_post_loss_cap;live_rolling_pf,4.919187020838234,-5.011921883344926,702.7410029768906,697.7290810935457,False,S5_000708,0,primary,3,3637535,S4_CONFIRMATION
S4_CONFIRMATION,S5,2387701,2387714,2024-10-02T08:38:00,2024-10-02T08:51:00,2024-10-02T08:38:00,2024-10-02T08:51:00,1716,2647.52,2645.1634285714285,1.9147142857142756,2.3565714285714163,stop_loss,False,-2.356571428571442,17.0,True,5.0,-0.9327151419201727,-1.019789664141139,-1.0395793282822676,0.5,live_rolling_pf,4.88410356765482,-4.980758336889248,697.7290810935457,692.7483227566564,False,S5_000709,0,primary,3,3641052,S4_CONFIRMATION
S4_CONFIRMATION,S5,2391040,2391042,2024-10-04T18:20:00,2024-10-04T18:22:00,2024-10-04T18:20:00,2024-10-04T18:22:00,1717,2665.48,2661.9805714285712,2.843285714285704,3.499428571428559,stop_loss,False,-3.49942857142878,17.0,True,5.0,-0.953671260608952,-1.0136260998209743,-1.0272521996418884,0.5,live_rolling_pf,4.8492382592965955,-4.915314463873458,692.7483227566564,687.833008292783,False,S5_000710,0,secondary,3,3644391,S4_CONFIRMATION
S4_CONFIRMATION,S5,2392953,2392960,2024-10-08T04:16:00,2024-10-08T04:23:00,2024-10-08T04:16:00,2024-10-08T04:23:00,1718,2639.97,2641.7203571428568,1.7503571428570923,2.154285714285652,take_profit,False,1.7503571428569558,17.0,True,5.0,0.753073140749786,0.6584204056545161,0.6369084204055911,0.5,live_rolling_pf,4.8148310580494815,3.1701830183989026,687.833008292783,691.0031913111819,True,S5_000711,0,primary,3,3646304,S4_CONFIRMATION
S4_CONFIRMATION,S5,2402069,2402070,2024-10-16T18:19:00,2024-10-16T18:20:00,2024-10-16T18:19:00,2024-10-16T18:20:00,1721,2671.4,2672.9,1.5,1.7977142857142359,take_profit,False,1.5,17.0,True,5.0,0.7623057935240501,0.6505009438071895,0.6250907506897211,0.5,live_rolling_pf,4.837022339178273,3.146487596851926,691.0031913111819,694.1496789080338,True,S5_000712,0,primary,3,3655420,S4_CONFIRMATION
S4_CONFIRMATION,S5,2404856,2404876,2024-10-18T18:48:00,2024-10-18T19:08:00,2024-10-18T18:48:00,2024-10-18T19:08:00,1722,2715.87,2717.4782857142854,1.6082857142857718,1.9794285714286421,take_profit,False,1.6082857142855573,17.0,True,5.0,0.7482387345472904,0.6458859497539933,0.622623953210062,0.5,live_rolling_pf,4.859047752356237,3.1383906724306145,694.1496789080338,697.2880695804645,True,S5_000713,0,primary,3,3658207,S4_CONFIRMATION
S4_CONFIRMATION,S5,2408946,2408954,2024-10-23T18:02:00,2024-10-23T18:10:00,2024-10-23T18:02:00,2024-10-23T18:10:00,1723,2717.91,2714.9157142857143,2.432857142857126,2.9942857142856933,stop_loss,False,-2.9942857142855246,17.0,True,5.0,-0.9462753950338064,-1.0158013544017528,-1.0316027088035586,0.5,live_rolling_pf,4.881016487063252,-4.958143158416137,697.2880695804645,692.3299264220483,False,S5_000714,0,secondary,3,3662297,S4_CONFIRMATION
S4_CONFIRMATION,S5,2410350,2410357,2024-10-24T18:27:00,2024-10-24T18:34:00,2024-10-24T18:27:00,2024-10-24T18:34:00,1726,2733.1,2731.2862857142854,1.5,1.8137142857142732,stop_loss,False,-1.8137142857144681,17.0,True,5.0,-0.914302174852467,-1.0252052426905782,-1.0504104853810579,0.5,live_rolling_pf,4.846309484954338,-4.968461891676263,692.3299264220483,687.361464530372,False,S5_000715,0,secondary,3,3663701,S4_CONFIRMATION
S4_CONFIRMATION,S5,2410383,2410389,2024-10-24T19:00:00,2024-10-24T19:06:00,2024-10-24T19:00:00,2024-10-24T19:06:00,1728,2731.15,2729.351142857143,1.5,1.7988571428570659,stop_loss,False,-1.7988571428572868,17.0,True,5.0,-0.9136554926717095,-1.0253954433319956,-1.0507908866638787,0.5,live_post_loss_cap;live_rolling_pf,4.811530251712604,-4.933721195560154,687.361464530372,682.4277433348119,False,S5_000716,0,primary,3,3663734,S4_CONFIRMATION
S4_CONFIRMATION,S5,2420553,2420556,2024-11-05T04:40:00,2024-11-05T04:43:00,2024-11-05T04:40:00,2024-11-05T04:43:00,1729,2728.53,2726.437428571429,1.7002142857143652,2.0925714285715262,stop_loss,False,-2.0925714285713184,17.0,True,5.0,-0.9248642505365954,-1.022098749842059,-1.0441974996842098,0.5,live_rolling_pf,4.776994203343683,-4.8825598032403414,682.4277433348119,677.5451835315715,False,S5_000717,0,primary,3,3673904,S4_CONFIRMATION
S4_CONFIRMATION,S5,2422144,2422148,2024-11-06T08:12:00,2024-11-06T08:16:00,2024-11-06T08:12:00,2024-11-06T08:16:00,1737,2733.12,2734.620571428571,1.5005714285714151,1.8468571428571263,take_profit,False,1.5005714285712202,17.0,True,5.0,0.7440147329649119,0.6349341266467357,0.610143079756241,0.5,live_rolling_pf,4.742816284721001,3.011375915585244,677.5451835315715,680.5565594471568,True,S5_000718,0,primary,3,3675495,S4_CONFIRMATION
S4_CONFIRMATION,S5,2422157,2422158,2024-11-06T08:25:00,2024-11-06T08:26:00,2024-11-06T08:25:00,2024-11-06T08:26:00,1738,2728.19,2725.3797142857143,2.2833571428571986,2.810285714285783,stop_loss,False,-2.810285714285783,17.0,True,5.0,-0.9429584891189736,-1.0167769149650079,-1.0335538299300155,0.5,live_rolling_pf,4.763895916130098,-4.843819392817161,680.5565594471568,675.7127400543396,False,S5_000719,0,primary,3,3675508,S4_CONFIRMATION
S4_CONFIRMATION,S5,2422173,2422179,2024-11-06T08:41:00,2024-11-06T08:47:00,2024-11-06T08:41:00,2024-11-06T08:47:00,1738,2706.14,2711.5285,5.388500000000061,6.632000000000075,take_profit,False,5.388500000000022,17.0,True,5.0,0.7921934725080804,0.7598500441046699,0.7524992649220767,0.5,live_post_loss_cap;live_rolling_pf,4.729989180380378,3.594082487326642,675.7127400543396,679.3068225416663,True,S5_000720,1,primary,3,3675524,S4_CONFIRMATION
S4_CONFIRMATION,S5,2422383,2422385,2024-11-06T12:11:00,2024-11-06T12:13:00,2024-11-06T12:11:00,2024-11-06T12:13:00,1739,2722.4,2723.9145,1.5144999999999107,1.86399999999989,take_profit,False,1.5144999999997708,17.0,True,5.0,0.7445919370697407,0.6364306784659984,0.6118485742378751,0.5,live_rolling_pf,4.755147757791664,3.0263219136974198,679.3068225416663,682.3331444553637,True,S5_000721,0,primary,3,3675734,S4_CONFIRMATION
S4_CONFIRMATION,S5,2422390,2422392,2024-11-06T12:18:00,2024-11-06T12:20:00,2024-11-06T12:18:00,2024-11-06T12:20:00,1740,2722.57,2724.07,1.5,1.7828571428571327,take_profit,False,1.5,17.0,True,5.0,0.7681053401609403,0.6554498902706691,0.6298463789319712,0.5,live_rolling_pf,4.776332011187546,3.1306462926291614,682.3331444553637,685.4637907479929,True,S5_000722,0,primary,3,3675741,S4_CONFIRMATION
S4_CONFIRMATION,S5,2422405,2422411,2024-11-06T12:33:00,2024-11-06T12:39:00,2024-11-06T12:33:00,2024-11-06T12:39:00,1742,2726.28,2724.4205714285717,1.5107857142857126,1.8594285714285694,stop_loss,False,-1.8594285714284524,17.0,True,5.0,-0.9162325777839772,-1.024637477122285,-1.0492749542446276,0.5,live_rolling_pf,4.7982465352359505,-4.91646322447491,685.4637907479929,680.547327523518,False,S5_000723,0,primary,3,3675756,S4_CONFIRMATION
S4_CONFIRMATION,S5,2422718,2422724,2024-11-06T17:46:00,2024-11-06T17:52:00,2024-11-06T17:46:00,2024-11-06T17:52:00,1746,2671.94,2674.466642857143,2.5266428571429027,3.109714285714342,take_profit,False,2.526642857143088,17.0,True,5.0,0.7703850509626846,0.7033060371113049,0.6880608066905368,0.5,live_rolling_pf,4.7638312926646265,3.3504313079107835,680.547327523518,683.8977588314287,True,S5_000724,0,secondary,3,3676069,S4_CONFIRMATION
S4_CONFIRMATION,S5,2422756,2422757,2024-11-06T18:24:00,2024-11-06T18:25:00,2024-11-06T18:24:00,2024-11-06T18:25:00,1749,2664.42,2666.3755714285717,1.9555714285714658,2.4068571428571888,take_profit,False,1.9555714285716022,17.0,True,5.0,0.7588978822486402,0.6735225634771593,0.6541190819381864,0.5,live_rolling_pf,4.7872843118200015,3.224344001790996,683.8977588314287,687.1221028332197,True,S5_000725,0,primary,3,3676107,S4_CONFIRMATION
S4_CONFIRMATION,S5,2427648,2427654,2024-11-12T08:01:00,2024-11-12T08:07:00,2024-11-12T08:01:00,2024-11-12T08:07:00,1755,2605.84,2607.5077142857144,1.6677142857143314,2.052571428571485,take_profit,False,1.6677142857142826,17.0,True,5.0,0.7503535158760563,0.6513690705746061,0.6288726057333675,0.5,live_rolling_pf,4.809854719832538,3.1329905984562028,687.1221028332197,690.255093431676,True,S5_000726,0,primary,3,3680999,S4_CONFIRMATION
S4_CONFIRMATION,S5,2427905,2427906,2024-11-12T12:18:00,2024-11-12T12:19:00,2024-11-12T12:18:00,2024-11-12T12:19:00,1756,2593.15,2591.1762857142858,1.6036428571428978,1.973714285714336,stop_loss,False,-1.9737142857143226,17.0,True,5.0,-0.9206983873117377,-1.0233240037318339,-1.046648007463674,0.5,live_rolling_pf,4.831785654021732,-4.944482240647556,690.255093431676,685.3106111910284,False,S5_000727,0,primary,3,3681256,S4_CONFIRMATION
S4_CONFIRMATION,S5,2427922,2427930,2024-11-12T12:35:00,2024-11-12T12:43:00,2024-11-12T12:35:00,2024-11-12T12:43:00,1759,2591.48,2593.0994285714287,1.6194285714286611,1.9931428571429675,take_profit,False,1.6194285714286707,17.0,True,5.0,0.7486461497820709,0.6469422797516969,0.6238277638357029,0.5,live_post_loss_cap;live_rolling_pf,4.7971742783372,3.1034948639936695,685.3106111910284,688.4141060550221,True,S5_000728,0,primary,3,3681273,S4_CONFIRMATION
S4_CONFIRMATION,S5,2429679,2429681,2024-11-13T18:53:00,2024-11-13T18:55:00,2024-11-13T18:53:00,2024-11-13T18:55:00,1760,2589.8,2587.5714285714284,1.8107142857143703,2.2285714285715326,stop_loss,False,-2.2285714285717404,16.0,True,5.0,-0.9330143540670756,-1.020933014354153,-1.041866028708219,0.5,live_rolling_pf,4.818898742385155,-4.9197728189307135,688.4141060550221,683.4943332360914,False,S5_000729,0,secondary,3,3683030,S4_CONFIRMATION
S4_CONFIRMATION,S5,2440683,2440686,2024-11-25T18:27:00,2024-11-25T18:30:00,2024-11-25T18:27:00,2024-11-25T18:30:00,1762,2631.88,2633.487357142857,1.6073571428571378,1.978285714285708,take_profit,False,1.6073571428569267,16.0,True,5.0,0.7517036344199972,0.6534941207909216,0.6301109032601894,0.5,live_rolling_pf,4.78446033265264,3.1266166985458774,683.4943332360914,686.6209499346372,True,S5_000730,0,primary,3,3694034,S4_CONFIRMATION
S4_CONFIRMATION,S5,2440687,2440687,2024-11-25T18:31:00,2024-11-25T18:31:00,2024-11-25T18:31:00,2024-11-25T18:31:00,1762,2633.38,2634.987357142857,1.6073571428570956,1.978285714285656,take_profit,False,1.6073571428569267,16.0,True,5.0,0.7517036344200155,0.6534941207909375,0.6301109032602046,0.5,live_rolling_pf,4.80634664954246,3.140919277959218,686.6209499346372,689.7618692125965,True,S5_000731,1,primary,3,3694038,S4_CONFIRMATION
S4_CONFIRMATION,S5,2440711,2440718,2024-11-25T18:55:00,2024-11-25T19:02:00,2024-11-25T18:55:00,2024-11-25T19:02:00,1763,2631.01,2632.51,1.5,1.8411428571428718,take_profit,False,1.5,16.0,True,5.0,0.7495716733295205,0.6446316390633876,0.6196459166190702,0.5,live_rolling_pf,4.828333084488175,3.1124962701975942,689.7618692125965,692.874365482794,True,S5_000732,0,primary,3,3694062,S4_CONFIRMATION
S4_CONFIRMATION,S5,2445207,2445217,2024-11-29T04:29:00,2024-11-29T04:39:00,2024-11-29T04:29:00,2024-11-29T04:39:00,1765,2660.38,2658.078285714286,1.8701428571429721,2.3017142857144273,stop_loss,False,-2.301714285714297,17.0,True,5.0,-0.9312218240665332,-1.020228875274481,-1.0404577505490145,0.5,live_rolling_pf,4.850120558379558,-4.948233042221214,692.874365482794,687.9261324405728,False,S5_000733,0,primary,3,3698558,S4_CONFIRMATION
S4_CONFIRMATION,S5,2456930,2456938,2024-12-11T18:19:00,2024-12-11T18:27:00,2024-12-11T18:19:00,2024-12-11T18:27:00,1776,2714.59,2716.274428571429,1.684428571428602,2.0731428571428947,take_profit,False,1.6844285714287253,16.0,True,5.0,0.7542860798362895,0.6602482088025142,0.6378582395087582,0.5,live_rolling_pf,4.81548292708401,3.179413977126306,687.9261324405728,691.1055464176991,True,S5_000734,0,primary,3,3710281,S4_CONFIRMATION
S4_CONFIRMATION,S5,2458301,2458312,2024-12-12T18:11:00,2024-12-12T18:22:00,2024-12-12T18:11:00,2024-12-12T18:22:00,1777,2682.33,2680.139142857143,1.7800714285714354,2.1908571428571513,stop_loss,False,-2.190857142857112,16.0,True,5.0,-0.9319397180359583,-1.0212688381137411,-1.042537676227499,0.5,live_rolling_pf,4.8377388249238935,-4.94063190882776,691.1055464176991,686.1649145088713,False,S5_000735,0,secondary,3,3711652,S4_CONFIRMATION
S4_CONFIRMATION,S5,2458329,2458350,2024-12-12T18:39:00,2024-12-12T19:00:00,2024-12-12T18:39:00,2024-12-12T19:00:00,1780,2682.33,2683.83,1.5,1.7954285714284717,take_profit,False,1.5,16.0,True,5.0,0.767095265926398,0.6597019286967023,0.6341320864991556,0.5,live_post_loss_cap;live_rolling_pf,4.803154401562099,3.168650222538572,686.1649145088713,689.3335647314099,True,S5_000736,0,primary,3,3711680,S4_CONFIRMATION
S4_CONFIRMATION,S5,2464120,2464124,2024-12-18T23:15:00,2024-12-18T23:19:00,2024-12-18T23:15:00,2024-12-18T23:19:00,1782,2594.86,2592.784571428572,1.6862857142856587,2.075428571428503,stop_loss,False,-2.075428571428347,18.0,True,5.0,-0.9201925513047169,-1.0221687357486013,-1.044337471497272,0.5,live_rolling_pf,4.825334953119869,-4.932306528594073,689.3335647314099,684.4012582028158,False,S5_000737,0,primary,3,3717471,S4_CONFIRMATION
S4_CONFIRMATION,S5,2464139,2464141,2024-12-18T23:34:00,2024-12-18T23:36:00,2024-12-18T23:34:00,2024-12-18T23:36:00,1785,2589.0,2587.096,1.547000000000071,1.9040000000000874,stop_loss,False,-1.9039999999999964,18.0,True,5.0,-0.9136276391554301,-1.023992322456769,-1.047984644913582,0.5,live_post_loss_cap;live_rolling_pf,4.790808807419711,-4.905751437156054,684.4012582028158,679.4955067656598,False,S5_000738,0,primary,3,3717490,S4_CONFIRMATION
S4_CONFIRMATION,S5,2464157,2464159,2024-12-18T23:52:00,2024-12-18T23:54:00,2024-12-18T23:52:00,2024-12-18T23:54:00,1786,2587.37,2585.8442857142854,1.5,1.5257142857143275,stop_loss,False,-1.5257142857144572,16.0,True,5.0,-0.9050847457627912,-1.0296610169492288,-1.0593220338983806,0.5,live_post_loss_cap;live_rolling_pf,4.756468547359619,-4.897550241561326,679.4955067656598,674.5979565240984,False,S5_000739,0,primary,3,3717508,S4_CONFIRMATION
S4_CONFIRMATION,S5,2464165,2464166,2024-12-19T01:01:00,2024-12-19T01:02:00,2024-12-19T01:01:00,2024-12-19T01:02:00,1788,2583.65,2585.2657142857142,1.615714285714294,1.988571428571439,take_profit,False,1.615714285714148,24.0,True,5.0,0.7249999999999347,0.5948717948717301,0.5724358974358329,0.5,live_post_loss_cap;live_rolling_pf,4.722185695668689,2.8090950805000428,674.5979565240984,677.4070516045985,True,S5_000740,0,primary,3,3717516,S4_CONFIRMATION
S4_CONFIRMATION,S5,2464347,2464383,2024-12-19T04:03:00,2024-12-19T04:39:00,2024-12-19T04:03:00,2024-12-19T04:39:00,1789,2610.57,2607.726571428572,2.3102857142857243,2.843428571428584,stop_loss,False,-2.843428571428376,18.0,True,5.0,-0.940464940464872,-1.0165375165374477,-1.0330750330749643,0.5,live_rolling_pf,4.741849361232189,-4.820267773461652,677.4070516045985,672.5867838311368,False,S5_000741,0,primary,3,3717698,S4_CONFIRMATION
S4_CONFIRMATION,S5,2465727,2465730,2024-12-20T04:04:00,2024-12-20T04:07:00,2024-12-20T04:04:00,2024-12-20T04:07:00,1791,2600.0,2597.9245714285717,1.6862857142856165,2.0754285714284513,stop_loss,False,-2.075428571428347,17.0,True,5.0,-0.9242906222165165,-1.0222674640539058,-1.0445349281078578,0.5,live_rolling_pf,4.7081074868179575,-4.812945101042601,672.5867838311368,667.7738387300942,False,S5_000742,0,primary,3,3719078,S4_CONFIRMATION
